seed,method,max_switches,cycle_id,ue_id,previous_bs_id,current_bs_id,app_type,tp_mbps,rtt_ms,satisfaction,num_users_on_current_bs,harmonic_mean,num_unsatisfied_users,target_ue_flag,action_selected_bs_id,switch_flag,h_before,h_after_estimated,reward,estimated_reward,h_after_measured,measured_reward,switch_count,num_degraded_users,measurement_valid,candidate_type,num_users_ap0,num_users_ap1,num_users_ap2,monitor_rtt_ap0,monitor_rtt_ap1,monitor_rtt_ap2,estimated_satisfaction_if_ap0,estimated_satisfaction_if_ap1,estimated_satisfaction_if_ap2,estimated_h_delta_if_ap0,estimated_h_delta_if_ap1,estimated_h_delta_if_ap2,best_estimated_h_delta,effective_max_switches,applied_switches_in_cycle,remaining_switch_budget,k_schedule_type,k_max,k_min,k_decay_rate,stop_action_flag,warmup_before_cycle_sec,cycle_start_offset_sec
35,logistic,1,1,1,1,1,2,1.780299,84.500000,0.222537,29,0.332221,53,0,0,1,0.332221,0.526848,0.194627,0.194627,0.332221,0.000000,55,0,1,0,31,29,20,99.333300,84.500000,68.666700,0.472894,0.222407,0.131527,0.004610,0.000076,-0.007879,0.004610,1,55,0,fixed,1,1,0,0,3.000000,4.000000
35,logistic,1,1,2,0,0,2,4.057841,99.333300,0.507230,31,0.332221,53,0,0,0,0.332221,0.526848,0.194627,0.194627,0.332221,0.000000,55,0,1,-1,31,29,20,99.333300,84.500000,68.666700,0.486786,0.215003,0.131527,0.000076,-0.004923,-0.012247,0.000000,1,55,0,fixed,1,1,0,0,3.000000,4.000000
35,logistic,1,1,3,1,1,2,1.779265,84.500000,0.222408,29,0.332221,53,0,0,1,0.332221,0.526848,0.194627,0.194627,0.332221,0.000000,55,0,1,0,31,29,20,99.333300,84.500000,68.666700,0.472894,0.222418,0.131527,0.004609,0.000076,-0.007880,0.004609,1,55,0,fixed,1,1,0,0,3.000000,4.000000
35,logistic,1,1,4,1,1,2,1.779124,84.500000,0.222391,29,0.332221,53,0,0,1,0.332221,0.526848,0.194627,0.194627,0.332221,0.000000,55,0,1,0,31,29,20,99.333300,84.500000,68.666700,0.472894,0.222419,0.131527,0.004609,0.000076,-0.007880,0.004609,1,55,0,fixed,1,1,0,0,3.000000,4.000000
35,logistic,1,1,5,2,2,2,1.104928,68.666700,0.138116,20,0.332221,53,0,0,1,0.332221,0.526848,0.194627,0.194627,0.332221,0.000000,55,0,1,0,31,29,20,99.333300,84.500000,68.666700,0.472894,0.215003,0.138102,0.012122,0.006939,0.000076,0.012122,1,55,0,fixed,1,1,0,0,3.000000,4.000000
35,logistic,1,1,6,0,0,1,3.507902,99.333300,1.169301,31,0.332221,53,0,1,1,0.332221,0.526848,0.194627,0.194627,0.332221,0.000000,55,0,1,1,31,29,20,99.333300,84.500000,68.666700,1.131302,1.043550,0.850615,0.000076,-0.001458,-0.005325,0.000000,1,55,0,fixed,1,1,0,0,3.000000,4.000000
35,logistic,1,1,7,1,1,1,3.309552,84.500000,1.103184,29,0.332221,53,0,1,0,0.332221,0.526848,0.194627,0.194627,0.332221,0.000000,55,0,1,-1,31,29,20,99.333300,84.500000,68.666700,1.102084,1.073622,0.850615,0.001470,0.000076,-0.003906,0.001470,1,55,0,fixed,1,1,0,0,3.000000,4.000000
35,logistic,1,1,8,1,1,4,0.000000,84.500000,0.473373,29,0.332221,53,0,2,1,0.332221,0.526848,0.194627,0.194627,0.332221,0.000000,55,0,1,0,31,29,20,99.333300,84.500000,68.666700,0.402685,0.473373,0.582524,0.000966,0.000076,-0.002997,0.000966,1,55,0,fixed,1,1,0,0,3.000000,4.000000
35,logistic,1,1,9,2,2,2,1.104906,68.666700,0.138113,20,0.332221,53,0,0,1,0.332221,0.526848,0.194627,0.194627,0.332221,0.000000,55,0,1,0,31,29,20,99.333300,84.500000,68.666700,0.472894,0.215003,0.138102,0.012122,0.006939,0.000076,0.012122,1,55,0,fixed,1,1,0,0,3.000000,4.000000
35,logistic,1,1,10,2,2,2,1.104917,68.666700,0.138115,20,0.332221,53,0,0,1,0.332221,0.526848,0.194627,0.194627,0.332221,0.000000,55,0,1,0,31,29,20,99.333300,84.500000,68.666700,0.472894,0.215003,0.138102,0.012122,0.006939,0.000076,0.012122,1,55,0,fixed,1,1,0,0,3.000000,4.000000
35,logistic,1,1,11,2,2,3,0.000000,68.666700,1.456310,20,0.332221,53,0,2,0,0.332221,0.526848,0.194627,0.194627,0.332221,0.000000,55,0,1,-1,31,29,20,99.333300,84.500000,68.666700,1.006712,1.183432,1.456310,0.004766,0.003542,0.000076,0.004766,1,55,0,fixed,1,1,0,0,3.000000,4.000000
35,logistic,1,1,12,1,1,4,0.000000,84.500000,0.473373,29,0.332221,53,0,2,1,0.332221,0.526848,0.194627,0.194627,0.332221,0.000000,55,0,1,0,31,29,20,99.333300,84.500000,68.666700,0.402685,0.473373,0.582524,0.000966,0.000076,-0.002997,0.000966,1,55,0,fixed,1,1,0,0,3.000000,4.000000
35,logistic,1,1,13,1,1,4,0.000000,84.500000,0.473373,29,0.332221,53,0,2,1,0.332221,0.526848,0.194627,0.194627,0.332221,0.000000,55,0,1,0,31,29,20,99.333300,84.500000,68.666700,0.402685,0.473373,0.582524,0.000966,0.000076,-0.002997,0.000966,1,55,0,fixed,1,1,0,0,3.000000,4.000000
35,logistic,1,1,14,0,0,4,0.000000,99.333300,0.402685,31,0.332221,53,0,2,1,0.332221,0.526848,0.194627,0.194627,0.332221,0.000000,55,0,1,0,31,29,20,99.333300,84.500000,68.666700,0.402685,0.473373,0.582524,0.000076,-0.000809,-0.003866,0.000000,1,55,0,fixed,1,1,0,0,3.000000,4.000000
35,logistic,1,1,15,2,2,4,0.000000,68.666700,0.582524,20,0.332221,53,0,2,0,0.332221,0.526848,0.194627,0.194627,0.332221,0.000000,55,0,1,-1,31,29,20,99.333300,84.500000,68.666700,0.402685,0.473373,0.582524,0.004114,0.003208,0.000076,0.004114,1,55,0,fixed,1,1,0,0,3.000000,4.000000
35,logistic,1,1,16,1,1,1,3.280449,84.500000,1.093483,29,0.332221,53,0,1,0,0.332221,0.526848,0.194627,0.194627,0.332221,0.000000,55,0,1,-1,31,29,20,99.333300,84.500000,68.666700,1.102084,1.076047,0.850615,0.001467,0.000076,-0.003908,0.001467,1,55,0,fixed,1,1,0,0,3.000000,4.000000
35,logistic,1,1,17,0,0,2,3.859974,99.333300,0.482497,31,0.332221,53,0,0,0,0.332221,0.526848,0.194627,0.194627,0.332221,0.000000,55,0,1,0,31,29,20,99.333300,84.500000,68.666700,0.488552,0.215003,0.131527,0.000076,-0.004932,-0.012257,0.000000,1,55,0,fixed,1,1,0,0,3.000000,4.000000
35,logistic,1,1,18,0,0,2,3.862195,99.333300,0.482774,31,0.332221,53,0,0,0,0.332221,0.526848,0.194627,0.194627,0.332221,0.000000,55,0,1,0,31,29,20,99.333300,84.500000,68.666700,0.488533,0.215003,0.131527,0.000076,-0.004932,-0.012256,0.000000,1,55,0,fixed,1,1,0,0,3.000000,4.000000
35,logistic,1,1,19,0,0,2,3.861091,99.333300,0.482636,31,0.332221,53,0,0,0,0.332221,0.526848,0.194627,0.194627,0.332221,0.000000,55,0,1,0,31,29,20,99.333300,84.500000,68.666700,0.488542,0.215003,0.131527,0.000076,-0.004932,-0.012256,0.000000,1,55,0,fixed,1,1,0,0,3.000000,4.000000
35,logistic,1,1,20,0,0,2,3.861102,99.333300,0.482638,31,0.332221,53,0,0,0,0.332221,0.526848,0.194627,0.194627,0.332221,0.000000,55,0,1,0,31,29,20,99.333300,84.500000,68.666700,0.488542,0.215003,0.131527,0.000076,-0.004932,-0.012256,0.000000,1,55,0,fixed,1,1,0,0,3.000000,4.000000
35,logistic,1,1,21,2,2,1,2.616553,68.666700,0.872184,20,0.332221,53,0,1,1,0.332221,0.526848,0.194627,0.194627,0.332221,0.000000,55,0,1,-1,31,29,20,99.333300,84.500000,68.666700,1.102084,1.043550,0.914107,0.005390,0.003880,0.000076,0.005390,1,55,0,fixed,1,1,0,0,3.000000,4.000000
35,logistic,1,1,22,2,2,2,1.104975,68.666700,0.138122,20,0.332221,53,0,0,1,0.332221,0.526848,0.194627,0.194627,0.332221,0.000000,55,0,1,0,31,29,20,99.333300,84.500000,68.666700,0.472894,0.215003,0.138102,0.012122,0.006939,0.000076,0.012122,1,55,0,fixed,1,1,0,0,3.000000,4.000000
35,logistic,1,1,23,0,0,2,3.861102,99.333300,0.482638,31,0.332221,53,0,0,0,0.332221,0.526848,0.194627,0.194627,0.332221,0.000000,55,0,1,0,31,29,20,99.333300,84.500000,68.666700,0.488542,0.215003,0.131527,0.000076,-0.004932,-0.012256,0.000000,1,55,0,fixed,1,1,0,0,3.000000,4.000000
35,logistic,1,1,24,2,2,3,0.000000,68.666700,1.456310,20,0.332221,53,0,2,0,0.332221,0.526848,0.194627,0.194627,0.332221,0.000000,55,0,1,-1,31,29,20,99.333300,84.500000,68.666700,1.006712,1.183432,1.456310,0.004766,0.003542,0.000076,0.004766,1,55,0,fixed,1,1,0,0,3.000000,4.000000
35,logistic,1,1,25,1,1,4,0.000000,84.500000,0.473373,29,0.332221,53,0,2,1,0.332221,0.526848,0.194627,0.194627,0.332221,0.000000,55,0,1,0,31,29,20,99.333300,84.500000,68.666700,0.402685,0.473373,0.582524,0.000966,0.000076,-0.002997,0.000966,1,55,0,fixed,1,1,0,0,3.000000,4.000000
35,logistic,1,1,26,0,0,1,3.506780,99.333300,1.168927,31,0.332221,53,0,1,1,0.332221,0.526848,0.194627,0.194627,0.332221,0.000000,55,0,1,1,31,29,20,99.333300,84.500000,68.666700,1.131377,1.043550,0.850615,0.000076,-0.001458,-0.005325,0.000000,1,55,0,fixed,1,1,0,0,3.000000,4.000000
35,logistic,1,1,27,0,0,1,2.940625,99.333300,0.980208,31,0.332221,53,0,1,1,0.332221,0.526848,0.194627,0.194627,0.332221,0.000000,55,0,1,-1,31,29,20,99.333300,84.500000,68.666700,1.169121,1.043550,0.850615,0.000076,-0.001496,-0.005361,0.000000,1,55,0,fixed,1,1,0,0,3.000000,4.000000
35,logistic,1,1,28,1,1,2,1.779113,84.500000,0.222389,29,0.332221,53,0,0,1,0.332221,0.526848,0.194627,0.194627,0.332221,0.000000,55,0,1,0,31,29,20,99.333300,84.500000,68.666700,0.472894,0.222420,0.131527,0.004609,0.000076,-0.007880,0.004609,1,55,0,fixed,1,1,0,0,3.000000,4.000000
35,logistic,1,1,29,0,0,2,3.861114,99.333300,0.482639,31,0.332221,53,0,0,0,0.332221,0.526848,0.194627,0.194627,0.332221,0.000000,55,0,1,0,31,29,20,99.333300,84.500000,68.666700,0.488542,0.215003,0.131527,0.000076,-0.004932,-0.012256,0.000000,1,55,0,fixed,1,1,0,0,3.000000,4.000000
35,logistic,1,1,30,1,1,2,1.780313,84.500000,0.222539,29,0.332221,53,0,0,1,0.332221,0.526848,0.194627,0.194627,0.332221,0.000000,55,0,1,0,31,29,20,99.333300,84.500000,68.666700,0.472894,0.222407,0.131527,0.004610,0.000076,-0.007879,0.004610,1,55,0,fixed,1,1,0,0,3.000000,4.000000
35,logistic,1,1,31,1,1,2,1.780324,84.500000,0.222541,29,0.332221,53,0,0,1,0.332221,0.526848,0.194627,0.194627,0.332221,0.000000,55,0,1,0,31,29,20,99.333300,84.500000,68.666700,0.472894,0.222407,0.131527,0.004610,0.000076,-0.007879,0.004610,1,55,0,fixed,1,1,0,0,3.000000,4.000000
35,logistic,1,1,32,1,1,2,1.780290,84.500000,0.222536,29,0.332221,53,0,0,1,0.332221,0.526848,0.194627,0.194627,0.332221,0.000000,55,0,1,0,31,29,20,99.333300,84.500000,68.666700,0.472894,0.222407,0.131527,0.004610,0.000076,-0.007879,0.004610,1,55,0,fixed,1,1,0,0,3.000000,4.000000
35,logistic,1,1,33,0,0,1,3.507345,99.333300,1.169115,31,0.332221,53,0,1,1,0.332221,0.526848,0.194627,0.194627,0.332221,0.000000,55,0,1,1,31,29,20,99.333300,84.500000,68.666700,1.131339,1.043550,0.850615,0.000076,-0.001458,-0.005325,0.000000,1,55,0,fixed,1,1,0,0,3.000000,4.000000
35,logistic,1,1,34,2,2,2,1.104881,68.666700,0.138110,20,0.332221,53,0,0,1,0.332221,0.526848,0.194627,0.194627,0.332221,0.000000,55,0,1,0,31,29,20,99.333300,84.500000,68.666700,0.472894,0.215003,0.138103,0.012122,0.006939,0.000076,0.012122,1,55,0,fixed,1,1,0,0,3.000000,4.000000
35,logistic,1,1,35,1,1,4,0.000000,84.500000,0.473373,29,0.332221,53,0,2,1,0.332221,0.526848,0.194627,0.194627,0.332221,0.000000,55,0,1,0,31,29,20,99.333300,84.500000,68.666700,0.402685,0.473373,0.582524,0.000966,0.000076,-0.002997,0.000966,1,55,0,fixed,1,1,0,0,3.000000,4.000000
35,logistic,1,1,36,0,0,2,3.861127,99.333300,0.482641,31,0.332221,53,0,0,0,0.332221,0.526848,0.194627,0.194627,0.332221,0.000000,55,0,1,0,31,29,20,99.333300,84.500000,68.666700,0.488542,0.215003,0.131527,0.000076,-0.004932,-0.012256,0.000000,1,55,0,fixed,1,1,0,0,3.000000,4.000000
35,logistic,1,1,37,0,0,4,0.000000,99.333300,0.402685,31,0.332221,53,0,2,1,0.332221,0.526848,0.194627,0.194627,0.332221,0.000000,55,0,1,0,31,29,20,99.333300,84.500000,68.666700,0.402685,0.473373,0.582524,0.000076,-0.000809,-0.003866,0.000000,1,55,0,fixed,1,1,0,0,3.000000,4.000000
35,logistic,1,1,38,0,0,3,0.000000,99.333300,1.006712,31,0.332221,53,0,2,1,0.332221,0.526848,0.194627,0.194627,0.332221,0.000000,55,0,1,1,31,29,20,99.333300,84.500000,68.666700,1.006712,1.183432,1.456310,0.000076,-0.001114,-0.004485,0.000000,1,55,0,fixed,1,1,0,0,3.000000,4.000000
35,logistic,1,1,39,1,1,2,1.780218,84.500000,0.222527,29,0.332221,53,0,0,1,0.332221,0.526848,0.194627,0.194627,0.332221,0.000000,55,0,1,0,31,29,20,99.333300,84.500000,68.666700,0.472894,0.222408,0.131527,0.004610,0.000076,-0.007880,0.004610,1,55,0,fixed,1,1,0,0,3.000000,4.000000
35,logistic,1,1,40,0,0,2,3.861139,99.333300,0.482642,31,0.332221,53,0,0,0,0.332221,0.526848,0.194627,0.194627,0.332221,0.000000,55,0,1,0,31,29,20,99.333300,84.500000,68.666700,0.488542,0.215003,0.131527,0.000076,-0.004932,-0.012256,0.000000,1,55,0,fixed,1,1,0,0,3.000000,4.000000
35,logistic,1,1,41,0,0,4,0.000000,99.333300,0.402685,31,0.332221,53,0,2,1,0.332221,0.526848,0.194627,0.194627,0.332221,0.000000,55,0,1,0,31,29,20,99.333300,84.500000,68.666700,0.402685,0.473373,0.582524,0.000076,-0.000809,-0.003866,0.000000,1,55,0,fixed,1,1,0,0,3.000000,4.000000
35,logistic,1,1,42,2,2,4,0.000000,68.666700,0.582524,20,0.332221,53,0,2,0,0.332221,0.526848,0.194627,0.194627,0.332221,0.000000,55,0,1,-1,31,29,20,99.333300,84.500000,68.666700,0.402685,0.473373,0.582524,0.004114,0.003208,0.000076,0.004114,1,55,0,fixed,1,1,0,0,3.000000,4.000000
35,logistic,1,1,43,1,1,1,3.232561,84.500000,1.077520,29,0.332221,53,0,1,0,0.332221,0.526848,0.194627,0.194627,0.332221,0.000000,55,0,1,-1,31,29,20,99.333300,84.500000,68.666700,1.102084,1.080038,0.850615,0.001463,0.000076,-0.003913,0.001463,1,55,0,fixed,1,1,0,0,3.000000,4.000000
35,logistic,1,1,44,1,1,2,1.780206,84.500000,0.222526,29,0.332221,53,0,0,1,0.332221,0.526848,0.194627,0.194627,0.332221,0.000000,55,0,1,0,31,29,20,99.333300,84.500000,68.666700,0.472894,0.222408,0.131527,0.004610,0.000076,-0.007880,0.004610,1,55,0,fixed,1,1,0,0,3.000000,4.000000
35,logistic,1,1,45,0,0,2,3.858998,99.333300,0.482375,31,0.332221,53,0,0,0,0.332221,0.526848,0.194627,0.194627,0.332221,0.000000,55,0,1,0,31,29,20,99.333300,84.500000,68.666700,0.488561,0.215003,0.131527,0.000076,-0.004932,-0.012257,0.000000,1,55,0,fixed,1,1,0,0,3.000000,4.000000
35,logistic,1,1,46,0,0,1,3.507391,99.333300,1.169130,31,0.332221,53,0,1,1,0.332221,0.526848,0.194627,0.194627,0.332221,0.000000,55,0,1,1,31,29,20,99.333300,84.500000,68.666700,1.131336,1.043550,0.850615,0.000076,-0.001458,-0.005325,0.000000,1,55,0,fixed,1,1,0,0,3.000000,4.000000
35,logistic,1,1,47,0,0,1,3.507391,99.333300,1.169130,31,0.332221,53,0,1,1,0.332221,0.526848,0.194627,0.194627,0.332221,0.000000,55,0,1,1,31,29,20,99.333300,84.500000,68.666700,1.131336,1.043550,0.850615,0.000076,-0.001458,-0.005325,0.000000,1,55,0,fixed,1,1,0,0,3.000000,4.000000
35,logistic,1,1,48,1,1,4,0.000000,84.500000,0.473373,29,0.332221,53,0,2,1,0.332221,0.526848,0.194627,0.194627,0.332221,0.000000,55,0,1,0,31,29,20,99.333300,84.500000,68.666700,0.402685,0.473373,0.582524,0.000966,0.000076,-0.002997,0.000966,1,55,0,fixed,1,1,0,0,3.000000,4.000000
35,logistic,1,1,49,0,0,2,3.860068,99.333300,0.482508,31,0.332221,53,0,0,0,0.332221,0.526848,0.194627,0.194627,0.332221,0.000000,55,0,1,0,31,29,20,99.333300,84.500000,68.666700,0.488552,0.215003,0.131527,0.000076,-0.004932,-0.012257,0.000000,1,55,0,fixed,1,1,0,0,3.000000,4.000000
35,logistic,1,1,50,0,0,4,0.000000,99.333300,0.402685,31,0.332221,53,0,2,1,0.332221,0.526848,0.194627,0.194627,0.332221,0.000000,55,0,1,0,31,29,20,99.333300,84.500000,68.666700,0.402685,0.473373,0.582524,0.000076,-0.000809,-0.003866,0.000000,1,55,0,fixed,1,1,0,0,3.000000,4.000000
35,logistic,1,1,51,2,2,2,1.104905,68.666700,0.138113,20,0.332221,53,0,0,1,0.332221,0.526848,0.194627,0.194627,0.332221,0.000000,55,0,1,0,31,29,20,99.333300,84.500000,68.666700,0.472894,0.215003,0.138102,0.012122,0.006939,0.000076,0.012122,1,55,0,fixed,1,1,0,0,3.000000,4.000000
35,logistic,1,1,52,2,2,2,1.103823,68.666700,0.137978,20,0.332221,53,0,0,1,0.332221,0.526848,0.194627,0.194627,0.332221,0.000000,55,0,1,0,31,29,20,99.333300,84.500000,68.666700,0.472894,0.215003,0.138114,0.012121,0.006938,0.000076,0.012121,1,55,0,fixed,1,1,0,0,3.000000,4.000000
35,logistic,1,1,53,1,1,1,3.197457,84.500000,1.065819,29,0.332221,53,0,1,0,0.332221,0.526848,0.194627,0.194627,0.332221,0.000000,55,0,1,-1,31,29,20,99.333300,84.500000,68.666700,1.102084,1.082963,0.850615,0.001459,0.000076,-0.003916,0.001459,1,55,0,fixed,1,1,0,0,3.000000,4.000000
35,logistic,1,1,54,1,1,3,0.000000,84.500000,1.183432,29,0.332221,53,0,2,1,0.332221,0.526848,0.194627,0.194627,0.332221,0.000000,55,0,1,1,31,29,20,99.333300,84.500000,68.666700,1.006712,1.183432,1.456310,0.001275,0.000076,-0.003319,0.001275,1,55,0,fixed,1,1,0,0,3.000000,4.000000
35,logistic,1,1,55,1,1,2,1.778008,84.500000,0.222251,29,0.332221,53,0,0,1,0.332221,0.526848,0.194627,0.194627,0.332221,0.000000,55,0,1,0,31,29,20,99.333300,84.500000,68.666700,0.472894,0.222431,0.131527,0.004609,0.000076,-0.007880,0.004609,1,55,0,fixed,1,1,0,0,3.000000,4.000000
35,logistic,1,1,56,1,1,3,0.000000,84.500000,1.183432,29,0.332221,53,0,2,1,0.332221,0.526848,0.194627,0.194627,0.332221,0.000000,55,0,1,1,31,29,20,99.333300,84.500000,68.666700,1.006712,1.183432,1.456310,0.001275,0.000076,-0.003319,0.001275,1,55,0,fixed,1,1,0,0,3.000000,4.000000
35,logistic,1,1,57,1,1,1,3.172999,84.500000,1.057666,29,0.332221,53,0,1,0,0.332221,0.526848,0.194627,0.194627,0.332221,0.000000,55,0,1,-1,31,29,20,99.333300,84.500000,68.666700,1.102084,1.085002,0.850615,0.001457,0.000076,-0.003918,0.001457,1,55,0,fixed,1,1,0,0,3.000000,4.000000
35,logistic,1,1,58,0,0,2,3.633809,99.333300,0.454226,31,0.332221,53,0,0,0,0.332221,0.526848,0.194627,0.194627,0.332221,0.000000,55,0,1,0,31,29,20,99.333300,84.500000,68.666700,0.490572,0.215003,0.131527,0.000076,-0.004943,-0.012267,0.000000,1,55,0,fixed,1,1,0,0,3.000000,4.000000
35,logistic,1,1,59,0,0,2,3.976911,99.333300,0.497114,31,0.332221,53,0,0,0,0.332221,0.526848,0.194627,0.194627,0.332221,0.000000,55,0,1,0,31,29,20,99.333300,84.500000,68.666700,0.487508,0.215003,0.131527,0.000076,-0.004926,-0.012251,0.000000,1,55,0,fixed,1,1,0,0,3.000000,4.000000
35,logistic,1,1,60,2,2,2,1.102729,68.666700,0.137841,20,0.332221,53,1,0,1,0.332221,0.526848,0.194627,0.194627,0.332221,0.000000,55,0,1,0,31,29,20,99.333300,84.500000,68.666700,0.472894,0.215003,0.138125,0.012120,0.006937,0.000076,0.012120,1,55,0,fixed,1,1,0,0,3.000000,4.000000
35,logistic,1,1,61,1,1,2,1.778089,84.500000,0.222261,29,0.332221,53,0,0,1,0.332221,0.526848,0.194627,0.194627,0.332221,0.000000,55,0,1,0,31,29,20,99.333300,84.500000,68.666700,0.472894,0.222430,0.131527,0.004609,0.000076,-0.007880,0.004609,1,55,0,fixed,1,1,0,0,3.000000,4.000000
35,logistic,1,1,62,0,0,2,4.150694,99.333300,0.518837,31,0.332221,53,0,0,0,0.332221,0.526848,0.194627,0.194627,0.332221,0.000000,55,0,1,-1,31,29,20,99.333300,84.500000,68.666700,0.485957,0.215003,0.131527,0.000076,-0.004918,-0.012243,0.000000,1,55,0,fixed,1,1,0,0,3.000000,4.000000
35,logistic,1,1,63,2,2,2,1.104894,68.666700,0.138112,20,0.332221,53,0,0,1,0.332221,0.526848,0.194627,0.194627,0.332221,0.000000,55,0,1,0,31,29,20,99.333300,84.500000,68.666700,0.472894,0.215003,0.138102,0.012122,0.006939,0.000076,0.012122,1,55,0,fixed,1,1,0,0,3.000000,4.000000
35,logistic,1,1,64,1,1,4,0.000000,84.500000,0.473373,29,0.332221,53,0,2,1,0.332221,0.526848,0.194627,0.194627,0.332221,0.000000,55,0,1,0,31,29,20,99.333300,84.500000,68.666700,0.402685,0.473373,0.582524,0.000966,0.000076,-0.002997,0.000966,1,55,0,fixed,1,1,0,0,3.000000,4.000000
35,logistic,1,1,65,0,0,2,4.150671,99.333300,0.518834,31,0.332221,53,0,0,0,0.332221,0.526848,0.194627,0.194627,0.332221,0.000000,55,0,1,-1,31,29,20,99.333300,84.500000,68.666700,0.485957,0.215003,0.131527,0.000076,-0.004918,-0.012243,0.000000,1,55,0,fixed,1,1,0,0,3.000000,4.000000
35,logistic,1,1,66,2,2,2,1.105964,68.666700,0.138245,20,0.332221,53,0,0,1,0.332221,0.526848,0.194627,0.194627,0.332221,0.000000,55,0,1,0,31,29,20,99.333300,84.500000,68.666700,0.472894,0.215003,0.138091,0.012122,0.006940,0.000076,0.012122,1,55,0,fixed,1,1,0,0,3.000000,4.000000
35,logistic,1,1,67,2,2,3,0.000000,68.666700,1.456310,20,0.332221,53,0,2,0,0.332221,0.526848,0.194627,0.194627,0.332221,0.000000,55,0,1,-1,31,29,20,99.333300,84.500000,68.666700,1.006712,1.183432,1.456310,0.004766,0.003542,0.000076,0.004766,1,55,0,fixed,1,1,0,0,3.000000,4.000000
35,logistic,1,1,68,2,2,2,1.105964,68.666700,0.138245,20,0.332221,53,0,0,1,0.332221,0.526848,0.194627,0.194627,0.332221,0.000000,55,0,1,0,31,29,20,99.333300,84.500000,68.666700,0.472894,0.215003,0.138091,0.012122,0.006940,0.000076,0.012122,1,55,0,fixed,1,1,0,0,3.000000,4.000000
35,logistic,1,1,69,1,1,2,1.778033,84.500000,0.222254,29,0.332221,53,0,0,1,0.332221,0.526848,0.194627,0.194627,0.332221,0.000000,55,0,1,0,31,29,20,99.333300,84.500000,68.666700,0.472894,0.222431,0.131527,0.004609,0.000076,-0.007880,0.004609,1,55,0,fixed,1,1,0,0,3.000000,4.000000
35,logistic,1,1,70,2,2,2,1.104916,68.666700,0.138115,20,0.332221,53,0,0,1,0.332221,0.526848,0.194627,0.194627,0.332221,0.000000,55,0,1,0,31,29,20,99.333300,84.500000,68.666700,0.472894,0.215003,0.138102,0.012122,0.006939,0.000076,0.012122,1,55,0,fixed,1,1,0,0,3.000000,4.000000
35,logistic,1,1,71,0,0,4,0.000000,99.333300,0.402685,31,0.332221,53,0,2,1,0.332221,0.526848,0.194627,0.194627,0.332221,0.000000,55,0,1,0,31,29,20,99.333300,84.500000,68.666700,0.402685,0.473373,0.582524,0.000076,-0.000809,-0.003866,0.000000,1,55,0,fixed,1,1,0,0,3.000000,4.000000
35,logistic,1,1,72,0,0,4,0.000000,99.333300,0.402685,31,0.332221,53,0,2,1,0.332221,0.526848,0.194627,0.194627,0.332221,0.000000,55,0,1,0,31,29,20,99.333300,84.500000,68.666700,0.402685,0.473373,0.582524,0.000076,-0.000809,-0.003866,0.000000,1,55,0,fixed,1,1,0,0,3.000000,4.000000
35,logistic,1,1,73,1,1,4,0.000000,84.500000,0.473373,29,0.332221,53,0,2,1,0.332221,0.526848,0.194627,0.194627,0.332221,0.000000,55,0,1,0,31,29,20,99.333300,84.500000,68.666700,0.402685,0.473373,0.582524,0.000966,0.000076,-0.002997,0.000966,1,55,0,fixed,1,1,0,0,3.000000,4.000000
35,logistic,1,1,74,0,0,3,0.000000,99.333300,1.006712,31,0.332221,53,0,2,1,0.332221,0.526848,0.194627,0.194627,0.332221,0.000000,55,0,1,1,31,29,20,99.333300,84.500000,68.666700,1.006712,1.183432,1.456310,0.000076,-0.001114,-0.004485,0.000000,1,55,0,fixed,1,1,0,0,3.000000,4.000000
35,logistic,1,1,75,2,2,1,2.742321,68.666700,0.914107,20,0.332221,53,0,1,1,0.332221,0.526848,0.194627,0.194627,0.332221,0.000000,55,0,1,-1,31,29,20,99.333300,84.500000,68.666700,1.102084,1.043550,0.872184,0.005461,0.003950,0.000076,0.005461,1,55,0,fixed,1,1,0,0,3.000000,4.000000
35,logistic,1,1,76,0,0,3,0.000000,99.333300,1.006712,31,0.332221,53,0,2,1,0.332221,0.526848,0.194627,0.194627,0.332221,0.000000,55,0,1,1,31,29,20,99.333300,84.500000,68.666700,1.006712,1.183432,1.456310,0.000076,-0.001114,-0.004485,0.000000,1,55,0,fixed,1,1,0,0,3.000000,4.000000
35,logistic,1,1,77,1,1,2,1.778102,84.500000,0.222263,29,0.332221,53,0,0,1,0.332221,0.526848,0.194627,0.194627,0.332221,0.000000,55,0,1,0,31,29,20,99.333300,84.500000,68.666700,0.472894,0.222430,0.131527,0.004609,0.000076,-0.007880,0.004609,1,55,0,fixed,1,1,0,0,3.000000,4.000000
35,logistic,1,1,78,2,2,2,1.104930,68.666700,0.138116,20,0.332221,53,0,0,1,0.332221,0.526848,0.194627,0.194627,0.332221,0.000000,55,0,1,0,31,29,20,99.333300,84.500000,68.666700,0.472894,0.215003,0.138102,0.012122,0.006939,0.000076,0.012122,1,55,0,fixed,1,1,0,0,3.000000,4.000000
35,logistic,1,1,79,0,0,4,0.000000,99.333300,0.402685,31,0.332221,53,0,2,1,0.332221,0.526848,0.194627,0.194627,0.332221,0.000000,55,0,1,0,31,29,20,99.333300,84.500000,68.666700,0.402685,0.473373,0.582524,0.000076,-0.000809,-0.003866,0.000000,1,55,0,fixed,1,1,0,0,3.000000,4.000000
35,logistic,1,1,80,1,1,3,0.000000,84.500000,1.183432,29,0.332221,53,0,2,1,0.332221,0.526848,0.194627,0.194627,0.332221,0.000000,55,0,1,1,31,29,20,99.333300,84.500000,68.666700,1.006712,1.183432,1.456310,0.001275,0.000076,-0.003319,0.001275,1,55,0,fixed,1,1,0,0,3.000000,4.000000
35,logistic,1,2,1,0,0,2,1.956294,113.000000,0.244537,41,0.420200,41,0,0,0,0.420200,0.420200,0.000000,0.000000,0.420200,0.087979,0,25,1,0,41,13,26,113.000000,70.500000,17.333300,0.243373,0.348789,0.235480,0.000076,0.009678,0.008799,0.009678,1,0,1,fixed,1,1,0,0,3.000000,4.000000
35,logistic,1,2,2,0,0,2,1.914763,113.000000,0.239345,41,0.420200,41,0,0,0,0.420200,0.420200,0.000000,0.000000,0.420200,0.087979,0,25,1,0,41,13,26,113.000000,70.500000,17.333300,0.243503,0.348789,0.230481,0.000076,0.009673,0.008582,0.009673,1,0,1,fixed,1,1,0,0,3.000000,4.000000
35,logistic,1,2,3,0,0,2,1.962746,113.000000,0.245343,41,0.420200,41,0,0,0,0.420200,0.420200,0.000000,0.000000,0.420200,0.087979,0,25,1,0,41,13,26,113.000000,70.500000,17.333300,0.243353,0.348789,0.236256,0.000076,0.009679,0.008832,0.009679,1,0,1,fixed,1,1,0,0,3.000000,4.000000
35,logistic,1,2,4,0,0,2,1.962746,113.000000,0.245343,41,0.420200,41,0,0,0,0.420200,0.420200,0.000000,0.000000,0.420200,0.087979,0,25,1,0,41,13,26,113.000000,70.500000,17.333300,0.243353,0.348789,0.236256,0.000076,0.009679,0.008832,0.009679,1,0,1,fixed,1,1,0,0,3.000000,4.000000
35,logistic,1,2,5,0,0,2,1.962770,113.000000,0.245346,41,0.420200,41,0,0,0,0.420200,0.420200,0.000000,0.000000,0.420200,0.087979,0,25,1,0,41,13,26,113.000000,70.500000,17.333300,0.243353,0.348789,0.236259,0.000076,0.009679,0.008832,0.009679,1,0,1,fixed,1,1,0,0,3.000000,4.000000
35,logistic,1,2,6,1,1,1,3.105841,70.500000,1.035280,13,0.420200,41,0,1,0,0.420200,0.420200,0.000000,0.000000,0.420200,0.087979,0,25,1,-1,41,13,26,113.000000,70.500000,17.333300,0.633617,0.998848,0.996937,-0.008074,0.000076,0.002116,0.002116,1,0,1,fixed,1,1,0,0,3.000000,4.000000
35,logistic,1,2,7,1,1,1,2.960474,70.500000,0.986825,13,0.420200,41,0,1,0,0.420200,0.420200,0.000000,0.000000,0.420200,0.087979,0,25,1,-1,41,13,26,113.000000,70.500000,17.333300,0.633617,1.002886,0.950276,-0.008082,0.000076,0.001998,0.001998,1,0,1,fixed,1,1,0,0,3.000000,4.000000
35,logistic,1,2,8,2,2,4,0.000000,17.333300,2.307697,26,0.420200,41,0,2,0,0.420200,0.420200,0.000000,0.000000,0.420200,0.087979,0,25,1,-1,41,13,26,113.000000,70.500000,17.333300,0.353982,0.567376,2.307697,-0.013802,-0.005001,0.000076,0.000000,1,0,1,fixed,1,1,0,0,3.000000,4.000000
35,logistic,1,2,9,0,0,2,1.962746,113.000000,0.245343,41,0.420200,41,0,0,0,0.420200,0.420200,0.000000,0.000000,0.420200,0.087979,0,25,1,0,41,13,26,113.000000,70.500000,17.333300,0.243353,0.348789,0.236256,0.000076,0.009679,0.008832,0.009679,1,0,1,fixed,1,1,0,0,3.000000,4.000000
35,logistic,1,2,10,0,0,2,1.962757,113.000000,0.245345,41,0.420200,41,0,0,0,0.420200,0.420200,0.000000,0.000000,0.420200,0.087979,0,25,1,0,41,13,26,113.000000,70.500000,17.333300,0.243353,0.348789,0.236258,0.000076,0.009679,0.008832,0.009679,1,0,1,fixed,1,1,0,0,3.000000,4.000000
35,logistic,1,2,11,2,2,3,0.000000,17.333300,5.769242,26,0.420200,41,0,2,0,0.420200,0.420200,0.000000,0.000000,0.420200,0.087979,0,25,1,-1,41,13,26,113.000000,70.500000,17.333300,0.884956,1.418440,5.769242,-0.010817,-0.003275,0.000076,0.000000,1,0,1,fixed,1,1,0,0,3.000000,4.000000
35,logistic,1,2,12,2,2,4,0.000000,17.333300,2.307697,26,0.420200,41,0,2,0,0.420200,0.420200,0.000000,0.000000,0.420200,0.087979,0,25,1,-1,41,13,26,113.000000,70.500000,17.333300,0.353982,0.567376,2.307697,-0.013802,-0.005001,0.000076,0.000000,1,0,1,fixed,1,1,0,0,3.000000,4.000000
35,logistic,1,2,13,2,2,4,0.000000,17.333300,2.307697,26,0.420200,41,0,2,0,0.420200,0.420200,0.000000,0.000000,0.420200,0.087979,0,25,1,-1,41,13,26,113.000000,70.500000,17.333300,0.353982,0.567376,2.307697,-0.013802,-0.005001,0.000076,0.000000,1,0,1,fixed,1,1,0,0,3.000000,4.000000
35,logistic,1,2,14,2,2,4,0.000000,17.333300,2.307697,26,0.420200,41,0,2,0,0.420200,0.420200,0.000000,0.000000,0.420200,0.087979,0,25,1,-1,41,13,26,113.000000,70.500000,17.333300,0.353982,0.567376,2.307697,-0.013802,-0.005001,0.000076,0.000000,1,0,1,fixed,1,1,0,0,3.000000,4.000000
35,logistic,1,2,15,2,2,4,0.000000,17.333300,2.307697,26,0.420200,41,0,2,0,0.420200,0.420200,0.000000,0.000000,0.420200,0.087979,0,25,1,-1,41,13,26,113.000000,70.500000,17.333300,0.353982,0.567376,2.307697,-0.013802,-0.005001,0.000076,0.000000,1,0,1,fixed,1,1,0,0,3.000000,4.000000
35,logistic,1,2,16,1,1,1,2.933814,70.500000,0.977938,13,0.420200,41,0,1,0,0.420200,0.420200,0.000000,0.000000,0.420200,0.087979,0,25,1,-1,41,13,26,113.000000,70.500000,17.333300,0.633617,1.003627,0.941718,-0.008083,0.000076,0.001975,0.001975,1,0,1,fixed,1,1,0,0,3.000000,4.000000
35,logistic,1,2,17,0,0,2,1.924569,113.000000,0.240571,41,0.420200,41,0,0,0,0.420200,0.420200,0.000000,0.000000,0.420200,0.087979,0,25,1,0,41,13,26,113.000000,70.500000,17.333300,0.243473,0.348789,0.231661,0.000076,0.009674,0.008634,0.009674,1,0,1,fixed,1,1,0,0,3.000000,4.000000
35,logistic,1,2,18,0,0,2,1.924558,113.000000,0.240570,41,0.420200,41,0,0,0,0.420200,0.420200,0.000000,0.000000,0.420200,0.087979,0,25,1,0,41,13,26,113.000000,70.500000,17.333300,0.243473,0.348789,0.231660,0.000076,0.009674,0.008634,0.009674,1,0,1,fixed,1,1,0,0,3.000000,4.000000
35,logistic,1,2,19,0,0,2,1.924558,113.000000,0.240570,41,0.420200,41,0,0,0,0.420200,0.420200,0.000000,0.000000,0.420200,0.087979,0,25,1,0,41,13,26,113.000000,70.500000,17.333300,0.243473,0.348789,0.231660,0.000076,0.009674,0.008634,0.009674,1,0,1,fixed,1,1,0,0,3.000000,4.000000
35,logistic,1,2,20,0,0,2,1.924523,113.000000,0.240565,41,0.420200,41,0,0,0,0.420200,0.420200,0.000000,0.000000,0.420200,0.087979,0,25,1,0,41,13,26,113.000000,70.500000,17.333300,0.243473,0.348789,0.231655,0.000076,0.009674,0.008634,0.009674,1,0,1,fixed,1,1,0,0,3.000000,4.000000
35,logistic,1,2,21,1,1,1,2.709328,70.500000,0.903109,13,0.420200,41,0,1,0,0.420200,0.420200,0.000000,0.000000,0.420200,0.087979,0,25,1,-1,41,13,26,113.000000,70.500000,17.333300,0.633617,1.009862,0.869661,-0.008095,0.000076,0.001767,0.001767,1,0,1,fixed,1,1,0,0,3.000000,4.000000
35,logistic,1,2,22,0,0,2,1.962781,113.000000,0.245348,41,0.420200,41,0,0,0,0.420200,0.420200,0.000000,0.000000,0.420200,0.087979,0,25,1,0,41,13,26,113.000000,70.500000,17.333300,0.243353,0.348789,0.236261,0.000076,0.009679,0.008832,0.009679,1,0,1,fixed,1,1,0,0,3.000000,4.000000
35,logistic,1,2,23,0,0,2,1.924523,113.000000,0.240565,41,0.420200,41,0,0,0,0.420200,0.420200,0.000000,0.000000,0.420200,0.087979,0,25,1,0,41,13,26,113.000000,70.500000,17.333300,0.243473,0.348789,0.231655,0.000076,0.009674,0.008634,0.009674,1,0,1,fixed,1,1,0,0,3.000000,4.000000
35,logistic,1,2,24,2,2,3,0.000000,17.333300,5.769242,26,0.420200,41,0,2,0,0.420200,0.420200,0.000000,0.000000,0.420200,0.087979,0,25,1,-1,41,13,26,113.000000,70.500000,17.333300,0.884956,1.418440,5.769242,-0.010817,-0.003275,0.000076,0.000000,1,0,1,fixed,1,1,0,0,3.000000,4.000000
35,logistic,1,2,25,2,2,4,0.000000,17.333300,2.307697,26,0.420200,41,0,2,0,0.420200,0.420200,0.000000,0.000000,0.420200,0.087979,0,25,1,-1,41,13,26,113.000000,70.500000,17.333300,0.353982,0.567376,2.307697,-0.013802,-0.005001,0.000076,0.000000,1,0,1,fixed,1,1,0,0,3.000000,4.000000
35,logistic,1,2,26,1,1,1,3.100172,70.500000,1.033391,13,0.420200,41,0,1,0,0.420200,0.420200,0.000000,0.000000,0.420200,0.087979,0,25,1,-1,41,13,26,113.000000,70.500000,17.333300,0.633617,0.999006,0.995117,-0.008074,0.000076,0.002112,0.002112,1,0,1,fixed,1,1,0,0,3.000000,4.000000
35,logistic,1,2,27,1,1,1,3.028443,70.500000,1.009481,13,0.420200,41,0,1,0,0.420200,0.420200,0.000000,0.000000,0.420200,0.087979,0,25,1,-1,41,13,26,113.000000,70.500000,17.333300,0.633617,1.000998,0.972093,-0.008078,0.000076,0.002054,0.002054,1,0,1,fixed,1,1,0,0,3.000000,4.000000
35,logistic,1,2,28,0,0,2,1.960648,113.000000,0.245081,41,0.420200,41,0,0,0,0.420200,0.420200,0.000000,0.000000,0.420200,0.087979,0,25,1,0,41,13,26,113.000000,70.500000,17.333300,0.243360,0.348789,0.236004,0.000076,0.009678,0.008821,0.009678,1,0,1,fixed,1,1,0,0,3.000000,4.000000
35,logistic,1,2,29,0,0,2,1.924563,113.000000,0.240570,41,0.420200,41,0,0,0,0.420200,0.420200,0.000000,0.000000,0.420200,0.087979,0,25,1,0,41,13,26,113.000000,70.500000,17.333300,0.243473,0.348789,0.231660,0.000076,0.009674,0.008634,0.009674,1,0,1,fixed,1,1,0,0,3.000000,4.000000
35,logistic,1,2,30,0,0,2,1.960654,113.000000,0.245082,41,0.420200,41,0,0,0,0.420200,0.420200,0.000000,0.000000,0.420200,0.087979,0,25,1,0,41,13,26,113.000000,70.500000,17.333300,0.243360,0.348789,0.236005,0.000076,0.009678,0.008821,0.009678,1,0,1,fixed,1,1,0,0,3.000000,4.000000
35,logistic,1,2,31,0,0,2,1.962781,113.000000,0.245348,41,0.420200,41,0,0,0,0.420200,0.420200,0.000000,0.000000,0.420200,0.087979,0,25,1,0,41,13,26,113.000000,70.500000,17.333300,0.243353,0.348789,0.236261,0.000076,0.009679,0.008832,0.009679,1,0,1,fixed,1,1,0,0,3.000000,4.000000
35,logistic,1,2,32,0,0,2,1.961701,113.000000,0.245213,41,0.420200,41,0,0,0,0.420200,0.420200,0.000000,0.000000,0.420200,0.087979,0,25,1,0,41,13,26,113.000000,70.500000,17.333300,0.243357,0.348789,0.236131,0.000076,0.009679,0.008827,0.009679,1,0,1,fixed,1,1,0,0,3.000000,4.000000
35,logistic,1,2,33,1,1,1,3.053465,70.500000,1.017822,13,0.420200,41,0,1,0,0.420200,0.420200,0.000000,0.000000,0.420200,0.087979,0,25,1,-1,41,13,26,113.000000,70.500000,17.333300,0.633617,1.000303,0.980125,-0.008076,0.000076,0.002075,0.002075,1,0,1,fixed,1,1,0,0,3.000000,4.000000
35,logistic,1,2,34,0,0,2,1.960677,113.000000,0.245085,41,0.420200,41,0,0,0,0.420200,0.420200,0.000000,0.000000,0.420200,0.087979,0,25,1,0,41,13,26,113.000000,70.500000,17.333300,0.243360,0.348789,0.236007,0.000076,0.009678,0.008821,0.009678,1,0,1,fixed,1,1,0,0,3.000000,4.000000
35,logistic,1,2,35,2,2,4,0.000000,17.333300,2.307697,26,0.420200,41,0,2,0,0.420200,0.420200,0.000000,0.000000,0.420200,0.087979,0,25,1,-1,41,13,26,113.000000,70.500000,17.333300,0.353982,0.567376,2.307697,-0.013802,-0.005001,0.000076,0.000000,1,0,1,fixed,1,1,0,0,3.000000,4.000000
35,logistic,1,2,36,0,0,2,1.924552,113.000000,0.240569,41,0.420200,41,0,0,0,0.420200,0.420200,0.000000,0.000000,0.420200,0.087979,0,25,1,0,41,13,26,113.000000,70.500000,17.333300,0.243473,0.348789,0.231659,0.000076,0.009674,0.008634,0.009674,1,0,1,fixed,1,1,0,0,3.000000,4.000000
35,logistic,1,2,37,2,2,4,0.000000,17.333300,2.307697,26,0.420200,41,0,2,0,0.420200,0.420200,0.000000,0.000000,0.420200,0.087979,0,25,1,-1,41,13,26,113.000000,70.500000,17.333300,0.353982,0.567376,2.307697,-0.013802,-0.005001,0.000076,0.000000,1,0,1,fixed,1,1,0,0,3.000000,4.000000
35,logistic,1,2,38,2,2,3,0.000000,17.333300,5.769242,26,0.420200,41,0,2,0,0.420200,0.420200,0.000000,0.000000,0.420200,0.087979,0,25,1,-1,41,13,26,113.000000,70.500000,17.333300,0.884956,1.418440,5.769242,-0.010817,-0.003275,0.000076,0.000000,1,0,1,fixed,1,1,0,0,3.000000,4.000000
35,logistic,1,2,39,0,0,2,1.960654,113.000000,0.245082,41,0.420200,41,0,0,0,0.420200,0.420200,0.000000,0.000000,0.420200,0.087979,0,25,1,0,41,13,26,113.000000,70.500000,17.333300,0.243360,0.348789,0.236005,0.000076,0.009678,0.008821,0.009678,1,0,1,fixed,1,1,0,0,3.000000,4.000000
35,logistic,1,2,40,0,0,2,1.924535,113.000000,0.240567,41,0.420200,41,0,0,0,0.420200,0.420200,0.000000,0.000000,0.420200,0.087979,0,25,1,0,41,13,26,113.000000,70.500000,17.333300,0.243473,0.348789,0.231657,0.000076,0.009674,0.008634,0.009674,1,0,1,fixed,1,1,0,0,3.000000,4.000000
35,logistic,1,2,41,2,2,4,0.000000,17.333300,2.307697,26,0.420200,41,0,2,0,0.420200,0.420200,0.000000,0.000000,0.420200,0.087979,0,25,1,-1,41,13,26,113.000000,70.500000,17.333300,0.353982,0.567376,2.307697,-0.013802,-0.005001,0.000076,0.000000,1,0,1,fixed,1,1,0,0,3.000000,4.000000
35,logistic,1,2,42,2,2,4,0.000000,17.333300,2.307697,26,0.420200,41,0,2,0,0.420200,0.420200,0.000000,0.000000,0.420200,0.087979,0,25,1,-1,41,13,26,113.000000,70.500000,17.333300,0.353982,0.567376,2.307697,-0.013802,-0.005001,0.000076,0.000000,1,0,1,fixed,1,1,0,0,3.000000,4.000000
35,logistic,1,2,43,1,1,1,3.052812,70.500000,1.017604,13,0.420200,41,0,1,0,0.420200,0.420200,0.000000,0.000000,0.420200,0.087979,0,25,1,-1,41,13,26,113.000000,70.500000,17.333300,0.633617,1.000321,0.979915,-0.008077,0.000076,0.002074,0.002074,1,0,1,fixed,1,1,0,0,3.000000,4.000000
35,logistic,1,2,44,0,0,2,1.960624,113.000000,0.245078,41,0.420200,41,0,0,0,0.420200,0.420200,0.000000,0.000000,0.420200,0.087979,0,25,1,0,41,13,26,113.000000,70.500000,17.333300,0.243360,0.348789,0.236001,0.000076,0.009678,0.008821,0.009678,1,0,1,fixed,1,1,0,0,3.000000,4.000000
35,logistic,1,2,45,0,0,2,1.924559,113.000000,0.240570,41,0.420200,41,0,0,0,0.420200,0.420200,0.000000,0.000000,0.420200,0.087979,0,25,1,0,41,13,26,113.000000,70.500000,17.333300,0.243473,0.348789,0.231660,0.000076,0.009674,0.008634,0.009674,1,0,1,fixed,1,1,0,0,3.000000,4.000000
35,logistic,1,2,46,1,1,1,3.137500,70.500000,1.045833,13,0.420200,41,0,1,0,0.420200,0.420200,0.000000,0.000000,0.420200,0.087979,0,25,1,-1,41,13,26,113.000000,70.500000,17.333300,0.633617,0.997969,1.007099,-0.008072,0.000076,0.002140,0.002140,1,0,1,fixed,1,1,0,0,3.000000,4.000000
35,logistic,1,2,47,1,1,1,3.072827,70.500000,1.024276,13,0.420200,41,0,1,0,0.420200,0.420200,0.000000,0.000000,0.420200,0.087979,0,25,1,-1,41,13,26,113.000000,70.500000,17.333300,0.633617,0.999765,0.986340,-0.008075,0.000076,0.002090,0.002090,1,0,1,fixed,1,1,0,0,3.000000,4.000000
35,logistic,1,2,48,2,2,4,0.000000,17.333300,2.307697,26,0.420200,41,0,2,0,0.420200,0.420200,0.000000,0.000000,0.420200,0.087979,0,25,1,-1,41,13,26,113.000000,70.500000,17.333300,0.353982,0.567376,2.307697,-0.013802,-0.005001,0.000076,0.000000,1,0,1,fixed,1,1,0,0,3.000000,4.000000
35,logistic,1,2,49,0,0,2,1.924535,113.000000,0.240567,41,0.420200,41,0,0,0,0.420200,0.420200,0.000000,0.000000,0.420200,0.087979,0,25,1,0,41,13,26,113.000000,70.500000,17.333300,0.243473,0.348789,0.231657,0.000076,0.009674,0.008634,0.009674,1,0,1,fixed,1,1,0,0,3.000000,4.000000
35,logistic,1,2,50,2,2,4,0.000000,17.333300,2.307697,26,0.420200,41,0,2,0,0.420200,0.420200,0.000000,0.000000,0.420200,0.087979,0,25,1,-1,41,13,26,113.000000,70.500000,17.333300,0.353982,0.567376,2.307697,-0.013802,-0.005001,0.000076,0.000000,1,0,1,fixed,1,1,0,0,3.000000,4.000000
35,logistic,1,2,51,0,0,2,1.960637,113.000000,0.245080,41,0.420200,41,0,0,0,0.420200,0.420200,0.000000,0.000000,0.420200,0.087979,0,25,1,0,41,13,26,113.000000,70.500000,17.333300,0.243360,0.348789,0.236003,0.000076,0.009678,0.008821,0.009678,1,0,1,fixed,1,1,0,0,3.000000,4.000000
35,logistic,1,2,52,0,0,2,1.960637,113.000000,0.245080,41,0.420200,41,0,0,0,0.420200,0.420200,0.000000,0.000000,0.420200,0.087979,0,25,1,0,41,13,26,113.000000,70.500000,17.333300,0.243360,0.348789,0.236003,0.000076,0.009678,0.008821,0.009678,1,0,1,fixed,1,1,0,0,3.000000,4.000000
35,logistic,1,2,53,1,1,1,3.006629,70.500000,1.002210,13,0.420200,41,0,1,0,0.420200,0.420200,0.000000,0.000000,0.420200,0.087979,0,25,1,-1,41,13,26,113.000000,70.500000,17.333300,0.633617,1.001604,0.965091,-0.008079,0.000076,0.002037,0.002037,1,0,1,fixed,1,1,0,0,3.000000,4.000000
35,logistic,1,2,54,2,2,3,0.000000,17.333300,5.769242,26,0.420200,41,0,2,0,0.420200,0.420200,0.000000,0.000000,0.420200,0.087979,0,25,1,-1,41,13,26,113.000000,70.500000,17.333300,0.884956,1.418440,5.769242,-0.010817,-0.003275,0.000076,0.000000,1,0,1,fixed,1,1,0,0,3.000000,4.000000
35,logistic,1,2,55,0,0,2,1.960624,113.000000,0.245078,41,0.420200,41,0,0,0,0.420200,0.420200,0.000000,0.000000,0.420200,0.087979,0,25,1,0,41,13,26,113.000000,70.500000,17.333300,0.243360,0.348789,0.236001,0.000076,0.009678,0.008821,0.009678,1,0,1,fixed,1,1,0,0,3.000000,4.000000
35,logistic,1,2,56,2,2,3,0.000000,17.333300,5.769242,26,0.420200,41,0,2,0,0.420200,0.420200,0.000000,0.000000,0.420200,0.087979,0,25,1,-1,41,13,26,113.000000,70.500000,17.333300,0.884956,1.418440,5.769242,-0.010817,-0.003275,0.000076,0.000000,1,0,1,fixed,1,1,0,0,3.000000,4.000000
35,logistic,1,2,57,1,1,1,3.046703,70.500000,1.015568,13,0.420200,41,0,1,0,0.420200,0.420200,0.000000,0.000000,0.420200,0.087979,0,25,1,-1,41,13,26,113.000000,70.500000,17.333300,0.633617,1.000491,0.977954,-0.008077,0.000076,0.002069,0.002069,1,0,1,fixed,1,1,0,0,3.000000,4.000000
35,logistic,1,2,58,0,0,2,1.921268,113.000000,0.240158,41,0.420200,41,0,0,0,0.420200,0.420200,0.000000,0.000000,0.420200,0.087979,0,25,1,0,41,13,26,113.000000,70.500000,17.333300,0.243483,0.348789,0.231264,0.000076,0.009674,0.008617,0.009674,1,0,1,fixed,1,1,0,0,3.000000,4.000000
35,logistic,1,2,59,0,0,2,1.913601,113.000000,0.239200,41,0.420200,41,1,0,0,0.420200,0.420200,0.000000,0.000000,0.420200,0.087979,0,25,1,0,41,13,26,113.000000,70.500000,17.333300,0.243507,0.348789,0.230341,0.000076,0.009673,0.008576,0.009673,1,0,1,fixed,1,1,0,0,3.000000,4.000000
35,logistic,1,2,60,0,0,2,1.957399,113.000000,0.244675,41,0.420200,41,0,0,0,0.420200,0.420200,0.000000,0.000000,0.420200,0.087979,0,25,1,0,41,13,26,113.000000,70.500000,17.333300,0.243370,0.348789,0.235613,0.000076,0.009678,0.008805,0.009678,1,0,1,fixed,1,1,0,0,3.000000,4.000000
35,logistic,1,2,61,0,0,2,1.957388,113.000000,0.244674,41,0.420200,41,0,0,0,0.420200,0.420200,0.000000,0.000000,0.420200,0.087979,0,25,1,0,41,13,26,113.000000,70.500000,17.333300,0.243370,0.348789,0.235612,0.000076,0.009678,0.008805,0.009678,1,0,1,fixed,1,1,0,0,3.000000,4.000000
35,logistic,1,2,62,0,0,2,1.920123,113.000000,0.240015,41,0.420200,41,0,0,0,0.420200,0.420200,0.000000,0.000000,0.420200,0.087979,0,25,1,0,41,13,26,113.000000,70.500000,17.333300,0.243486,0.348789,0.231126,0.000076,0.009674,0.008611,0.009674,1,0,1,fixed,1,1,0,0,3.000000,4.000000
35,logistic,1,2,63,0,0,2,1.961718,113.000000,0.245215,41,0.420200,41,0,0,0,0.420200,0.420200,0.000000,0.000000,0.420200,0.087979,0,25,1,0,41,13,26,113.000000,70.500000,17.333300,0.243356,0.348789,0.236133,0.000076,0.009679,0.008827,0.009679,1,0,1,fixed,1,1,0,0,3.000000,4.000000
35,logistic,1,2,64,2,2,4,0.000000,17.333300,2.307697,26,0.420200,41,0,2,0,0.420200,0.420200,0.000000,0.000000,0.420200,0.087979,0,25,1,-1,41,13,26,113.000000,70.500000,17.333300,0.353982,0.567376,2.307697,-0.013802,-0.005001,0.000076,0.000000,1,0,1,fixed,1,1,0,0,3.000000,4.000000
35,logistic,1,2,65,0,0,2,1.931127,113.000000,0.241391,41,0.420200,41,0,0,0,0.420200,0.420200,0.000000,0.000000,0.420200,0.087979,0,25,1,0,41,13,26,113.000000,70.500000,17.333300,0.243452,0.348789,0.232451,0.000076,0.009675,0.008669,0.009675,1,0,1,fixed,1,1,0,0,3.000000,4.000000
35,logistic,1,2,66,0,0,2,1.961718,113.000000,0.245215,41,0.420200,41,0,0,0,0.420200,0.420200,0.000000,0.000000,0.420200,0.087979,0,25,1,0,41,13,26,113.000000,70.500000,17.333300,0.243356,0.348789,0.236133,0.000076,0.009679,0.008827,0.009679,1,0,1,fixed,1,1,0,0,3.000000,4.000000
35,logistic,1,2,67,2,2,3,0.000000,17.333300,5.769242,26,0.420200,41,0,2,0,0.420200,0.420200,0.000000,0.000000,0.420200,0.087979,0,25,1,-1,41,13,26,113.000000,70.500000,17.333300,0.884956,1.418440,5.769242,-0.010817,-0.003275,0.000076,0.000000,1,0,1,fixed,1,1,0,0,3.000000,4.000000
35,logistic,1,2,68,0,0,2,1.961695,113.000000,0.245212,41,0.420200,41,0,0,0,0.420200,0.420200,0.000000,0.000000,0.420200,0.087979,0,25,1,0,41,13,26,113.000000,70.500000,17.333300,0.243357,0.348789,0.236130,0.000076,0.009679,0.008827,0.009679,1,0,1,fixed,1,1,0,0,3.000000,4.000000
35,logistic,1,2,69,0,0,2,1.961736,113.000000,0.245217,41,0.420200,41,0,0,0,0.420200,0.420200,0.000000,0.000000,0.420200,0.087979,0,25,1,0,41,13,26,113.000000,70.500000,17.333300,0.243356,0.348789,0.236135,0.000076,0.009679,0.008827,0.009679,1,0,1,fixed,1,1,0,0,3.000000,4.000000
35,logistic,1,2,70,0,0,2,1.961724,113.000000,0.245215,41,0.420200,41,0,0,0,0.420200,0.420200,0.000000,0.000000,0.420200,0.087979,0,25,1,0,41,13,26,113.000000,70.500000,17.333300,0.243356,0.348789,0.236133,0.000076,0.009679,0.008827,0.009679,1,0,1,fixed,1,1,0,0,3.000000,4.000000
35,logistic,1,2,71,2,2,4,0.000000,17.333300,2.307697,26,0.420200,41,0,2,0,0.420200,0.420200,0.000000,0.000000,0.420200,0.087979,0,25,1,-1,41,13,26,113.000000,70.500000,17.333300,0.353982,0.567376,2.307697,-0.013802,-0.005001,0.000076,0.000000,1,0,1,fixed,1,1,0,0,3.000000,4.000000
35,logistic,1,2,72,2,2,4,0.000000,17.333300,2.307697,26,0.420200,41,0,2,0,0.420200,0.420200,0.000000,0.000000,0.420200,0.087979,0,25,1,-1,41,13,26,113.000000,70.500000,17.333300,0.353982,0.567376,2.307697,-0.013802,-0.005001,0.000076,0.000000,1,0,1,fixed,1,1,0,0,3.000000,4.000000
35,logistic,1,2,73,2,2,4,0.000000,17.333300,2.307697,26,0.420200,41,0,2,0,0.420200,0.420200,0.000000,0.000000,0.420200,0.087979,0,25,1,-1,41,13,26,113.000000,70.500000,17.333300,0.353982,0.567376,2.307697,-0.013802,-0.005001,0.000076,0.000000,1,0,1,fixed,1,1,0,0,3.000000,4.000000
35,logistic,1,2,74,2,2,3,0.000000,17.333300,5.769242,26,0.420200,41,0,2,0,0.420200,0.420200,0.000000,0.000000,0.420200,0.087979,0,25,1,-1,41,13,26,113.000000,70.500000,17.333300,0.884956,1.418440,5.769242,-0.010817,-0.003275,0.000076,0.000000,1,0,1,fixed,1,1,0,0,3.000000,4.000000
35,logistic,1,2,75,1,1,1,2.856366,70.500000,0.952122,13,0.420200,41,0,1,0,0.420200,0.420200,0.000000,0.000000,0.420200,0.087979,0,25,1,-1,41,13,26,113.000000,70.500000,17.333300,0.633617,1.005778,0.916858,-0.008087,0.000076,0.001907,0.001907,1,0,1,fixed,1,1,0,0,3.000000,4.000000
35,logistic,1,2,76,2,2,3,0.000000,17.333300,5.769242,26,0.420200,41,0,2,0,0.420200,0.420200,0.000000,0.000000,0.420200,0.087979,0,25,1,-1,41,13,26,113.000000,70.500000,17.333300,0.884956,1.418440,5.769242,-0.010817,-0.003275,0.000076,0.000000,1,0,1,fixed,1,1,0,0,3.000000,4.000000
35,logistic,1,2,77,0,0,2,1.961748,113.000000,0.245218,41,0.420200,41,0,0,0,0.420200,0.420200,0.000000,0.000000,0.420200,0.087979,0,25,1,0,41,13,26,113.000000,70.500000,17.333300,0.243356,0.348789,0.236136,0.000076,0.009679,0.008827,0.009679,1,0,1,fixed,1,1,0,0,3.000000,4.000000
35,logistic,1,2,78,0,0,2,1.961831,113.000000,0.245229,41,0.420200,41,0,0,0,0.420200,0.420200,0.000000,0.000000,0.420200,0.087979,0,25,1,0,41,13,26,113.000000,70.500000,17.333300,0.243356,0.348789,0.236146,0.000076,0.009679,0.008827,0.009679,1,0,1,fixed,1,1,0,0,3.000000,4.000000
35,logistic,1,2,79,2,2,4,0.000000,17.333300,2.307697,26,0.420200,41,0,2,0,0.420200,0.420200,0.000000,0.000000,0.420200,0.087979,0,25,1,-1,41,13,26,113.000000,70.500000,17.333300,0.353982,0.567376,2.307697,-0.013802,-0.005001,0.000076,0.000000,1,0,1,fixed,1,1,0,0,3.000000,4.000000
35,logistic,1,2,80,2,2,3,0.000000,17.333300,5.769242,26,0.420200,41,0,2,0,0.420200,0.420200,0.000000,0.000000,0.420200,0.087979,0,25,1,-1,41,13,26,113.000000,70.500000,17.333300,0.884956,1.418440,5.769242,-0.010817,-0.003275,0.000076,0.000000,1,0,1,fixed,1,1,0,0,3.000000,4.000000
35,logistic,1,3,1,0,0,2,1.993405,0.000000,0.249176,41,0.417859,41,0,0,0,0.417859,0.417859,0.000000,0.000000,0.417859,-0.002341,0,54,1,0,41,13,26,0.000000,72.166700,19.166700,0.243230,0.348133,0.239947,0.000247,0.009739,0.009066,0.009739,1,0,1,fixed,1,1,0,0,3.000000,4.000000
35,logistic,1,3,2,0,0,2,1.901611,0.000000,0.237701,41,0.417859,41,0,0,0,0.417859,0.417859,0.000000,0.000000,0.417859,-0.002341,0,54,1,0,41,13,26,0.000000,72.166700,19.166700,0.243516,0.348133,0.228898,0.000247,0.009728,0.008598,0.009728,1,0,1,fixed,1,1,0,0,3.000000,4.000000
35,logistic,1,3,3,0,0,2,1.974858,0.000000,0.246857,41,0.417859,41,0,0,0,0.417859,0.417859,0.000000,0.000000,0.417859,-0.002341,0,54,1,0,41,13,26,0.000000,72.166700,19.166700,0.243288,0.348133,0.237714,0.000247,0.009737,0.008975,0.009737,1,0,1,fixed,1,1,0,0,3.000000,4.000000
35,logistic,1,3,4,0,0,2,1.956290,0.000000,0.244536,41,0.417859,41,0,0,0,0.417859,0.417859,0.000000,0.000000,0.417859,-0.002341,0,54,1,0,41,13,26,0.000000,72.166700,19.166700,0.243346,0.348133,0.235479,0.000247,0.009735,0.008882,0.009735,1,0,1,fixed,1,1,0,0,3.000000,4.000000
35,logistic,1,3,5,0,0,2,1.956325,0.000000,0.244541,41,0.417859,41,0,0,0,0.417859,0.417859,0.000000,0.000000,0.417859,-0.002341,0,54,1,0,41,13,26,0.000000,72.166700,19.166700,0.243345,0.348133,0.235484,0.000247,0.009735,0.008882,0.009735,1,0,1,fixed,1,1,0,0,3.000000,4.000000
35,logistic,1,3,6,1,1,1,3.069581,72.166700,1.023194,13,0.417859,41,0,1,0,0.417859,0.417859,0.000000,0.000000,0.417859,-0.002341,0,54,1,-1,41,13,26,0.000000,72.166700,19.166700,0.633547,0.997813,0.985298,-0.007815,0.000247,0.002246,0.002246,1,0,1,fixed,1,1,0,0,3.000000,4.000000
35,logistic,1,3,7,1,1,1,3.082560,72.166700,1.027520,13,0.417859,41,0,1,0,0.417859,0.417859,0.000000,0.000000,0.417859,-0.002341,0,54,1,-1,41,13,26,0.000000,72.166700,19.166700,0.633547,0.997452,0.989464,-0.007814,0.000247,0.002257,0.002257,1,0,1,fixed,1,1,0,0,3.000000,4.000000
35,logistic,1,3,8,2,2,4,0.000000,19.166700,2.086953,26,0.417859,41,0,2,0,0.417859,0.417859,0.000000,0.000000,0.417859,-0.002341,0,54,1,-1,41,13,26,0.000000,72.166700,19.166700,1.000000,0.554272,2.086953,-0.009630,-0.004773,0.000247,0.000000,1,0,1,fixed,1,1,0,0,3.000000,4.000000
35,logistic,1,3,9,0,0,2,1.974764,0.000000,0.246845,41,0.417859,41,0,0,0,0.417859,0.417859,0.000000,0.000000,0.417859,-0.002341,0,54,1,0,41,13,26,0.000000,72.166700,19.166700,0.243288,0.348133,0.237703,0.000247,0.009737,0.008974,0.009737,1,0,1,fixed,1,1,0,0,3.000000,4.000000
35,logistic,1,3,10,0,0,2,1.972589,0.000000,0.246574,41,0.417859,41,0,0,0,0.417859,0.417859,0.000000,0.000000,0.417859,-0.002341,0,54,1,0,41,13,26,0.000000,72.166700,19.166700,0.243295,0.348133,0.237441,0.000247,0.009737,0.008964,0.009737,1,0,1,fixed,1,1,0,0,3.000000,4.000000
35,logistic,1,3,11,2,2,3,0.000000,19.166700,5.217382,26,0.417859,41,0,2,0,0.417859,0.417859,0.000000,0.000000,0.417859,-0.002341,0,54,1,-1,41,13,26,0.000000,72.166700,19.166700,1.000000,1.385681,5.217382,-0.010228,-0.003070,0.000247,0.000000,1,0,1,fixed,1,1,0,0,3.000000,4.000000
35,logistic,1,3,12,2,2,4,0.000000,19.166700,2.086953,26,0.417859,41,0,2,0,0.417859,0.417859,0.000000,0.000000,0.417859,-0.002341,0,54,1,-1,41,13,26,0.000000,72.166700,19.166700,1.000000,0.554272,2.086953,-0.009630,-0.004773,0.000247,0.000000,1,0,1,fixed,1,1,0,0,3.000000,4.000000
35,logistic,1,3,13,2,2,4,0.000000,19.166700,2.086953,26,0.417859,41,0,2,0,0.417859,0.417859,0.000000,0.000000,0.417859,-0.002341,0,54,1,-1,41,13,26,0.000000,72.166700,19.166700,1.000000,0.554272,2.086953,-0.009630,-0.004773,0.000247,0.000000,1,0,1,fixed,1,1,0,0,3.000000,4.000000
35,logistic,1,3,14,2,2,4,0.000000,19.166700,2.086953,26,0.417859,41,0,2,0,0.417859,0.417859,0.000000,0.000000,0.417859,-0.002341,0,54,1,-1,41,13,26,0.000000,72.166700,19.166700,1.000000,0.554272,2.086953,-0.009630,-0.004773,0.000247,0.000000,1,0,1,fixed,1,1,0,0,3.000000,4.000000
35,logistic,1,3,15,2,2,4,0.000000,19.166700,2.086953,26,0.417859,41,0,2,0,0.417859,0.417859,0.000000,0.000000,0.417859,-0.002341,0,54,1,-1,41,13,26,0.000000,72.166700,19.166700,1.000000,0.554272,2.086953,-0.009630,-0.004773,0.000247,0.000000,1,0,1,fixed,1,1,0,0,3.000000,4.000000
35,logistic,1,3,16,1,1,1,3.070699,72.166700,1.023566,13,0.417859,41,0,1,0,0.417859,0.417859,0.000000,0.000000,0.417859,-0.002341,0,54,1,-1,41,13,26,0.000000,72.166700,19.166700,0.633547,0.997782,0.985657,-0.007815,0.000247,0.002247,0.002247,1,0,1,fixed,1,1,0,0,3.000000,4.000000
35,logistic,1,3,17,0,0,2,1.896170,0.000000,0.237021,41,0.417859,41,0,0,0,0.417859,0.417859,0.000000,0.000000,0.417859,-0.002341,0,54,1,0,41,13,26,0.000000,72.166700,19.166700,0.243533,0.348133,0.228243,0.000247,0.009728,0.008568,0.009728,1,0,1,fixed,1,1,0,0,3.000000,4.000000
35,logistic,1,3,18,0,0,2,1.896170,0.000000,0.237021,41,0.417859,41,0,0,0,0.417859,0.417859,0.000000,0.000000,0.417859,-0.002341,0,54,1,0,41,13,26,0.000000,72.166700,19.166700,0.243533,0.348133,0.228243,0.000247,0.009728,0.008568,0.009728,1,0,1,fixed,1,1,0,0,3.000000,4.000000
35,logistic,1,3,19,0,0,2,1.896159,0.000000,0.237020,41,0.417859,41,0,0,0,0.417859,0.417859,0.000000,0.000000,0.417859,-0.002341,0,54,1,0,41,13,26,0.000000,72.166700,19.166700,0.243534,0.348133,0.228241,0.000247,0.009728,0.008568,0.009728,1,0,1,fixed,1,1,0,0,3.000000,4.000000
35,logistic,1,3,20,0,0,2,1.896141,0.000000,0.237018,41,0.417859,41,0,0,0,0.417859,0.417859,0.000000,0.000000,0.417859,-0.002341,0,54,1,0,41,13,26,0.000000,72.166700,19.166700,0.243534,0.348133,0.228239,0.000247,0.009728,0.008568,0.009728,1,0,1,fixed,1,1,0,0,3.000000,4.000000
35,logistic,1,3,21,1,1,1,3.147030,72.166700,1.049010,13,0.417859,41,0,1,0,0.417859,0.417859,0.000000,0.000000,0.417859,-0.002341,0,54,1,-1,41,13,26,0.000000,72.166700,19.166700,0.633547,0.995661,1.010158,-0.007810,0.000247,0.002306,0.002306,1,0,1,fixed,1,1,0,0,3.000000,4.000000
35,logistic,1,3,22,0,0,2,1.972637,0.000000,0.246580,41,0.417859,41,0,0,0,0.417859,0.417859,0.000000,0.000000,0.417859,-0.002341,0,54,1,0,41,13,26,0.000000,72.166700,19.166700,0.243295,0.348133,0.237447,0.000247,0.009737,0.008964,0.009737,1,0,1,fixed,1,1,0,0,3.000000,4.000000
35,logistic,1,3,23,0,0,2,1.896170,0.000000,0.237021,41,0.417859,41,0,0,0,0.417859,0.417859,0.000000,0.000000,0.417859,-0.002341,0,54,1,0,41,13,26,0.000000,72.166700,19.166700,0.243533,0.348133,0.228243,0.000247,0.009728,0.008568,0.009728,1,0,1,fixed,1,1,0,0,3.000000,4.000000
35,logistic,1,3,24,2,2,3,0.000000,19.166700,5.217382,26,0.417859,41,0,2,0,0.417859,0.417859,0.000000,0.000000,0.417859,-0.002341,0,54,1,-1,41,13,26,0.000000,72.166700,19.166700,1.000000,1.385681,5.217382,-0.010228,-0.003070,0.000247,0.000000,1,0,1,fixed,1,1,0,0,3.000000,4.000000
35,logistic,1,3,25,2,2,4,0.000000,19.166700,2.086953,26,0.417859,41,0,2,0,0.417859,0.417859,0.000000,0.000000,0.417859,-0.002341,0,54,1,-1,41,13,26,0.000000,72.166700,19.166700,1.000000,0.554272,2.086953,-0.009630,-0.004773,0.000247,0.000000,1,0,1,fixed,1,1,0,0,3.000000,4.000000
35,logistic,1,3,26,1,1,1,3.155104,72.166700,1.051701,13,0.417859,41,0,1,0,0.417859,0.417859,0.000000,0.000000,0.417859,-0.002341,0,54,1,-1,41,13,26,0.000000,72.166700,19.166700,0.633547,0.995437,1.012750,-0.007810,0.000247,0.002312,0.002312,1,0,1,fixed,1,1,0,0,3.000000,4.000000
35,logistic,1,3,27,1,1,1,2.931279,72.166700,0.977093,13,0.417859,41,0,1,0,0.417859,0.417859,0.000000,0.000000,0.417859,-0.002341,0,54,1,-1,41,13,26,0.000000,72.166700,19.166700,0.633547,1.001654,0.940904,-0.007822,0.000247,0.002133,0.002133,1,0,1,fixed,1,1,0,0,3.000000,4.000000
35,logistic,1,3,28,0,0,2,1.963863,0.000000,0.245483,41,0.417859,41,0,0,0,0.417859,0.417859,0.000000,0.000000,0.417859,-0.002341,0,54,1,0,41,13,26,0.000000,72.166700,19.166700,0.243322,0.348133,0.236391,0.000247,0.009736,0.008920,0.009736,1,0,1,fixed,1,1,0,0,3.000000,4.000000
35,logistic,1,3,29,0,0,2,1.896182,0.000000,0.237023,41,0.417859,41,0,0,0,0.417859,0.417859,0.000000,0.000000,0.417859,-0.002341,0,54,1,0,41,13,26,0.000000,72.166700,19.166700,0.243533,0.348133,0.228244,0.000247,0.009728,0.008568,0.009728,1,0,1,fixed,1,1,0,0,3.000000,4.000000
35,logistic,1,3,30,0,0,2,1.944155,0.000000,0.243019,41,0.417859,41,0,0,0,0.417859,0.417859,0.000000,0.000000,0.417859,-0.002341,0,54,1,0,41,13,26,0.000000,72.166700,19.166700,0.243384,0.348133,0.234019,0.000247,0.009733,0.008820,0.009733,1,0,1,fixed,1,1,0,0,3.000000,4.000000
35,logistic,1,3,31,0,0,2,1.973700,0.000000,0.246712,41,0.417859,41,0,0,0,0.417859,0.417859,0.000000,0.000000,0.417859,-0.002341,0,54,1,0,41,13,26,0.000000,72.166700,19.166700,0.243291,0.348133,0.237575,0.000247,0.009737,0.008969,0.009737,1,0,1,fixed,1,1,0,0,3.000000,4.000000
35,logistic,1,3,32,0,0,2,1.984725,0.000000,0.248091,41,0.417859,41,0,0,0,0.417859,0.417859,0.000000,0.000000,0.417859,-0.002341,0,54,1,0,41,13,26,0.000000,72.166700,19.166700,0.243257,0.348133,0.238902,0.000247,0.009738,0.009024,0.009738,1,0,1,fixed,1,1,0,0,3.000000,4.000000
35,logistic,1,3,33,1,1,1,3.131104,72.166700,1.043701,13,0.417859,41,0,1,0,0.417859,0.417859,0.000000,0.000000,0.417859,-0.002341,0,54,1,-1,41,13,26,0.000000,72.166700,19.166700,0.633547,0.996104,1.005046,-0.007811,0.000247,0.002294,0.002294,1,0,1,fixed,1,1,0,0,3.000000,4.000000
35,logistic,1,3,34,0,0,2,1.979153,0.000000,0.247394,41,0.417859,41,0,0,0,0.417859,0.417859,0.000000,0.000000,0.417859,-0.002341,0,54,1,0,41,13,26,0.000000,72.166700,19.166700,0.243274,0.348133,0.238231,0.000247,0.009737,0.008996,0.009737,1,0,1,fixed,1,1,0,0,3.000000,4.000000
35,logistic,1,3,35,2,2,4,0.000000,19.166700,2.086953,26,0.417859,41,0,2,0,0.417859,0.417859,0.000000,0.000000,0.417859,-0.002341,0,54,1,-1,41,13,26,0.000000,72.166700,19.166700,1.000000,0.554272,2.086953,-0.009630,-0.004773,0.000247,0.000000,1,0,1,fixed,1,1,0,0,3.000000,4.000000
35,logistic,1,3,36,0,0,2,1.896182,0.000000,0.237023,41,0.417859,41,0,0,0,0.417859,0.417859,0.000000,0.000000,0.417859,-0.002341,0,54,1,0,41,13,26,0.000000,72.166700,19.166700,0.243533,0.348133,0.228244,0.000247,0.009728,0.008568,0.009728,1,0,1,fixed,1,1,0,0,3.000000,4.000000
35,logistic,1,3,37,2,2,4,0.000000,19.166700,2.086953,26,0.417859,41,0,2,0,0.417859,0.417859,0.000000,0.000000,0.417859,-0.002341,0,54,1,-1,41,13,26,0.000000,72.166700,19.166700,1.000000,0.554272,2.086953,-0.009630,-0.004773,0.000247,0.000000,1,0,1,fixed,1,1,0,0,3.000000,4.000000
35,logistic,1,3,38,2,2,3,0.000000,19.166700,5.217382,26,0.417859,41,0,2,0,0.417859,0.417859,0.000000,0.000000,0.417859,-0.002341,0,54,1,-1,41,13,26,0.000000,72.166700,19.166700,1.000000,1.385681,5.217382,-0.010228,-0.003070,0.000247,0.000000,1,0,1,fixed,1,1,0,0,3.000000,4.000000
35,logistic,1,3,39,0,0,2,1.978048,0.000000,0.247256,41,0.417859,41,0,0,0,0.417859,0.417859,0.000000,0.000000,0.417859,-0.002341,0,54,1,0,41,13,26,0.000000,72.166700,19.166700,0.243278,0.348133,0.238098,0.000247,0.009737,0.008991,0.009737,1,0,1,fixed,1,1,0,0,3.000000,4.000000
35,logistic,1,3,40,0,0,2,1.896182,0.000000,0.237023,41,0.417859,41,0,0,0,0.417859,0.417859,0.000000,0.000000,0.417859,-0.002341,0,54,1,0,41,13,26,0.000000,72.166700,19.166700,0.243533,0.348133,0.228244,0.000247,0.009728,0.008568,0.009728,1,0,1,fixed,1,1,0,0,3.000000,4.000000
35,logistic,1,3,41,2,2,4,0.000000,19.166700,2.086953,26,0.417859,41,0,2,0,0.417859,0.417859,0.000000,0.000000,0.417859,-0.002341,0,54,1,-1,41,13,26,0.000000,72.166700,19.166700,1.000000,0.554272,2.086953,-0.009630,-0.004773,0.000247,0.000000,1,0,1,fixed,1,1,0,0,3.000000,4.000000
35,logistic,1,3,42,2,2,4,0.000000,19.166700,2.086953,26,0.417859,41,0,2,0,0.417859,0.417859,0.000000,0.000000,0.417859,-0.002341,0,54,1,-1,41,13,26,0.000000,72.166700,19.166700,1.000000,0.554272,2.086953,-0.009630,-0.004773,0.000247,0.000000,1,0,1,fixed,1,1,0,0,3.000000,4.000000
35,logistic,1,3,43,1,1,1,3.001305,72.166700,1.000435,13,0.417859,41,0,1,0,0.417859,0.417859,0.000000,0.000000,0.417859,-0.002341,0,54,1,-1,41,13,26,0.000000,72.166700,19.166700,0.633547,0.999709,0.963382,-0.007818,0.000247,0.002192,0.002192,1,0,1,fixed,1,1,0,0,3.000000,4.000000
35,logistic,1,3,44,0,0,2,1.957341,0.000000,0.244668,41,0.417859,41,0,0,0,0.417859,0.417859,0.000000,0.000000,0.417859,-0.002341,0,54,1,0,41,13,26,0.000000,72.166700,19.166700,0.243342,0.348133,0.235606,0.000247,0.009735,0.008887,0.009735,1,0,1,fixed,1,1,0,0,3.000000,4.000000
35,logistic,1,3,45,0,0,2,1.896205,0.000000,0.237026,41,0.417859,41,0,0,0,0.417859,0.417859,0.000000,0.000000,0.417859,-0.002341,0,54,1,0,41,13,26,0.000000,72.166700,19.166700,0.243533,0.348133,0.228247,0.000247,0.009728,0.008569,0.009728,1,0,1,fixed,1,1,0,0,3.000000,4.000000
35,logistic,1,3,46,1,1,1,2.966932,72.166700,0.988977,13,0.417859,41,0,1,0,0.417859,0.417859,0.000000,0.000000,0.417859,-0.002341,0,54,1,-1,41,13,26,0.000000,72.166700,19.166700,0.633547,1.000664,0.952349,-0.007820,0.000247,0.002163,0.002163,1,0,1,fixed,1,1,0,0,3.000000,4.000000
35,logistic,1,3,47,1,1,1,2.558695,72.166700,0.852898,13,0.417859,41,0,1,0,0.417859,0.417859,0.000000,0.000000,0.417859,-0.002341,0,54,1,-1,41,13,26,0.000000,72.166700,19.166700,0.633547,1.012004,0.821310,-0.007842,0.000247,0.001771,0.001771,1,0,1,fixed,1,1,0,0,3.000000,4.000000
35,logistic,1,3,48,2,2,4,0.000000,19.166700,2.086953,26,0.417859,41,0,2,0,0.417859,0.417859,0.000000,0.000000,0.417859,-0.002341,0,54,1,-1,41,13,26,0.000000,72.166700,19.166700,1.000000,0.554272,2.086953,-0.009630,-0.004773,0.000247,0.000000,1,0,1,fixed,1,1,0,0,3.000000,4.000000
35,logistic,1,3,49,0,0,2,1.897252,0.000000,0.237156,41,0.417859,41,0,0,0,0.417859,0.417859,0.000000,0.000000,0.417859,-0.002341,0,54,1,0,41,13,26,0.000000,72.166700,19.166700,0.243530,0.348133,0.228373,0.000247,0.009728,0.008574,0.009728,1,0,1,fixed,1,1,0,0,3.000000,4.000000
35,logistic,1,3,50,2,2,4,0.000000,19.166700,2.086953,26,0.417859,41,0,2,0,0.417859,0.417859,0.000000,0.000000,0.417859,-0.002341,0,54,1,-1,41,13,26,0.000000,72.166700,19.166700,1.000000,0.554272,2.086953,-0.009630,-0.004773,0.000247,0.000000,1,0,1,fixed,1,1,0,0,3.000000,4.000000
35,logistic,1,3,51,0,0,2,1.979106,0.000000,0.247388,41,0.417859,41,0,0,0,0.417859,0.417859,0.000000,0.000000,0.417859,-0.002341,0,54,1,0,41,13,26,0.000000,72.166700,19.166700,0.243274,0.348133,0.238226,0.000247,0.009737,0.008996,0.009737,1,0,1,fixed,1,1,0,0,3.000000,4.000000
35,logistic,1,3,52,0,0,2,1.979106,0.000000,0.247388,41,0.417859,41,0,0,0,0.417859,0.417859,0.000000,0.000000,0.417859,-0.002341,0,54,1,0,41,13,26,0.000000,72.166700,19.166700,0.243274,0.348133,0.238226,0.000247,0.009737,0.008996,0.009737,1,0,1,fixed,1,1,0,0,3.000000,4.000000
35,logistic,1,3,53,1,1,1,2.952141,72.166700,0.984047,13,0.417859,41,0,1,0,0.417859,0.417859,0.000000,0.000000,0.417859,-0.002341,0,54,1,-1,41,13,26,0.000000,72.166700,19.166700,0.633547,1.001075,0.947601,-0.007821,0.000247,0.002151,0.002151,1,0,1,fixed,1,1,0,0,3.000000,4.000000
35,logistic,1,3,54,2,2,3,0.000000,19.166700,5.217382,26,0.417859,41,0,2,0,0.417859,0.417859,0.000000,0.000000,0.417859,-0.002341,0,54,1,-1,41,13,26,0.000000,72.166700,19.166700,1.000000,1.385681,5.217382,-0.010228,-0.003070,0.000247,0.000000,1,0,1,fixed,1,1,0,0,3.000000,4.000000
35,logistic,1,3,55,0,0,2,1.979118,0.000000,0.247390,41,0.417859,41,0,0,0,0.417859,0.417859,0.000000,0.000000,0.417859,-0.002341,0,54,1,0,41,13,26,0.000000,72.166700,19.166700,0.243274,0.348133,0.238227,0.000247,0.009737,0.008996,0.009737,1,0,1,fixed,1,1,0,0,3.000000,4.000000
35,logistic,1,3,56,2,2,3,0.000000,19.166700,5.217382,26,0.417859,41,0,2,0,0.417859,0.417859,0.000000,0.000000,0.417859,-0.002341,0,54,1,-1,41,13,26,0.000000,72.166700,19.166700,1.000000,1.385681,5.217382,-0.010228,-0.003070,0.000247,0.000000,1,0,1,fixed,1,1,0,0,3.000000,4.000000
35,logistic,1,3,57,1,1,1,2.786011,72.166700,0.928670,13,0.417859,41,0,1,0,0.417859,0.417859,0.000000,0.000000,0.417859,-0.002341,0,54,1,-1,41,13,26,0.000000,72.166700,19.166700,0.633547,1.005690,0.894275,-0.007830,0.000247,0.002003,0.002003,1,0,1,fixed,1,1,0,0,3.000000,4.000000
35,logistic,1,3,58,0,0,2,1.892879,0.000000,0.236610,41,0.417859,41,1,0,0,0.417859,0.417859,0.000000,0.000000,0.417859,-0.002341,0,54,1,0,41,13,26,0.000000,72.166700,19.166700,0.243544,0.348133,0.227847,0.000247,0.009727,0.008551,0.009727,1,0,1,fixed,1,1,0,0,3.000000,4.000000
35,logistic,1,3,59,0,0,2,1.896193,0.000000,0.237024,41,0.417859,41,0,0,0,0.417859,0.417859,0.000000,0.000000,0.417859,-0.002341,0,54,1,0,41,13,26,0.000000,72.166700,19.166700,0.243533,0.348133,0.228245,0.000247,0.009728,0.008569,0.009728,1,0,1,fixed,1,1,0,0,3.000000,4.000000
35,logistic,1,3,60,0,0,2,1.951840,0.000000,0.243980,41,0.417859,41,0,0,0,0.417859,0.417859,0.000000,0.000000,0.417859,-0.002341,0,54,1,0,41,13,26,0.000000,72.166700,19.166700,0.243360,0.348133,0.234944,0.000247,0.009734,0.008859,0.009734,1,0,1,fixed,1,1,0,0,3.000000,4.000000
35,logistic,1,3,61,0,0,2,1.952899,0.000000,0.244112,41,0.417859,41,0,0,0,0.417859,0.417859,0.000000,0.000000,0.417859,-0.002341,0,54,1,0,41,13,26,0.000000,72.166700,19.166700,0.243356,0.348133,0.235071,0.000247,0.009734,0.008865,0.009734,1,0,1,fixed,1,1,0,0,3.000000,4.000000
35,logistic,1,3,62,0,0,2,1.896193,0.000000,0.237024,41,0.417859,41,0,0,0,0.417859,0.417859,0.000000,0.000000,0.417859,-0.002341,0,54,1,0,41,13,26,0.000000,72.166700,19.166700,0.243533,0.348133,0.228245,0.000247,0.009728,0.008569,0.009728,1,0,1,fixed,1,1,0,0,3.000000,4.000000
35,logistic,1,3,63,0,0,2,1.994537,0.000000,0.249317,41,0.417859,41,0,0,0,0.417859,0.417859,0.000000,0.000000,0.417859,-0.002341,0,54,1,0,41,13,26,0.000000,72.166700,19.166700,0.243226,0.348133,0.240083,0.000247,0.009739,0.009072,0.009739,1,0,1,fixed,1,1,0,0,3.000000,4.000000
35,logistic,1,3,64,2,2,4,0.000000,19.166700,2.086953,26,0.417859,41,0,2,0,0.417859,0.417859,0.000000,0.000000,0.417859,-0.002341,0,54,1,-1,41,13,26,0.000000,72.166700,19.166700,1.000000,0.554272,2.086953,-0.009630,-0.004773,0.000247,0.000000,1,0,1,fixed,1,1,0,0,3.000000,4.000000
35,logistic,1,3,65,0,0,2,1.904972,0.000000,0.238122,41,0.417859,41,0,0,0,0.417859,0.417859,0.000000,0.000000,0.417859,-0.002341,0,54,1,0,41,13,26,0.000000,72.166700,19.166700,0.243506,0.348133,0.229302,0.000247,0.009729,0.008615,0.009729,1,0,1,fixed,1,1,0,0,3.000000,4.000000
35,logistic,1,3,66,0,0,2,1.994508,0.000000,0.249314,41,0.417859,41,0,0,0,0.417859,0.417859,0.000000,0.000000,0.417859,-0.002341,0,54,1,0,41,13,26,0.000000,72.166700,19.166700,0.243226,0.348133,0.240080,0.000247,0.009739,0.009072,0.009739,1,0,1,fixed,1,1,0,0,3.000000,4.000000
35,logistic,1,3,67,2,2,3,0.000000,19.166700,5.217382,26,0.417859,41,0,2,0,0.417859,0.417859,0.000000,0.000000,0.417859,-0.002341,0,54,1,-1,41,13,26,0.000000,72.166700,19.166700,1.000000,1.385681,5.217382,-0.010228,-0.003070,0.000247,0.000000,1,0,1,fixed,1,1,0,0,3.000000,4.000000
35,logistic,1,3,68,0,0,2,1.996782,0.000000,0.249598,41,0.417859,41,0,0,0,0.417859,0.417859,0.000000,0.000000,0.417859,-0.002341,0,54,1,0,41,13,26,0.000000,72.166700,19.166700,0.243219,0.348133,0.240353,0.000247,0.009739,0.009083,0.009739,1,0,1,fixed,1,1,0,0,3.000000,4.000000
35,logistic,1,3,69,0,0,2,1.995536,0.000000,0.249442,41,0.417859,41,0,0,0,0.417859,0.417859,0.000000,0.000000,0.417859,-0.002341,0,54,1,0,41,13,26,0.000000,72.166700,19.166700,0.243223,0.348133,0.240203,0.000247,0.009739,0.009077,0.009739,1,0,1,fixed,1,1,0,0,3.000000,4.000000
35,logistic,1,3,70,0,0,2,1.994443,0.000000,0.249305,41,0.417859,41,0,0,0,0.417859,0.417859,0.000000,0.000000,0.417859,-0.002341,0,54,1,0,41,13,26,0.000000,72.166700,19.166700,0.243226,0.348133,0.240072,0.000247,0.009739,0.009071,0.009739,1,0,1,fixed,1,1,0,0,3.000000,4.000000
35,logistic,1,3,71,2,2,4,0.000000,19.166700,2.086953,26,0.417859,41,0,2,0,0.417859,0.417859,0.000000,0.000000,0.417859,-0.002341,0,54,1,-1,41,13,26,0.000000,72.166700,19.166700,1.000000,0.554272,2.086953,-0.009630,-0.004773,0.000247,0.000000,1,0,1,fixed,1,1,0,0,3.000000,4.000000
35,logistic,1,3,72,2,2,4,0.000000,19.166700,2.086953,26,0.417859,41,0,2,0,0.417859,0.417859,0.000000,0.000000,0.417859,-0.002341,0,54,1,-1,41,13,26,0.000000,72.166700,19.166700,1.000000,0.554272,2.086953,-0.009630,-0.004773,0.000247,0.000000,1,0,1,fixed,1,1,0,0,3.000000,4.000000
35,logistic,1,3,73,2,2,4,0.000000,19.166700,2.086953,26,0.417859,41,0,2,0,0.417859,0.417859,0.000000,0.000000,0.417859,-0.002341,0,54,1,-1,41,13,26,0.000000,72.166700,19.166700,1.000000,0.554272,2.086953,-0.009630,-0.004773,0.000247,0.000000,1,0,1,fixed,1,1,0,0,3.000000,4.000000
35,logistic,1,3,74,2,2,3,0.000000,19.166700,5.217382,26,0.417859,41,0,2,0,0.417859,0.417859,0.000000,0.000000,0.417859,-0.002341,0,54,1,-1,41,13,26,0.000000,72.166700,19.166700,1.000000,1.385681,5.217382,-0.010228,-0.003070,0.000247,0.000000,1,0,1,fixed,1,1,0,0,3.000000,4.000000
35,logistic,1,3,75,1,1,1,3.138398,72.166700,1.046133,13,0.417859,41,0,1,0,0.417859,0.417859,0.000000,0.000000,0.417859,-0.002341,0,54,1,-1,41,13,26,0.000000,72.166700,19.166700,0.633547,0.995901,1.007387,-0.007811,0.000247,0.002299,0.002299,1,0,1,fixed,1,1,0,0,3.000000,4.000000
35,logistic,1,3,76,2,2,3,0.000000,19.166700,5.217382,26,0.417859,41,0,2,0,0.417859,0.417859,0.000000,0.000000,0.417859,-0.002341,0,54,1,-1,41,13,26,0.000000,72.166700,19.166700,1.000000,1.385681,5.217382,-0.010228,-0.003070,0.000247,0.000000,1,0,1,fixed,1,1,0,0,3.000000,4.000000
35,logistic,1,3,77,0,0,2,1.995559,0.000000,0.249445,41,0.417859,41,0,0,0,0.417859,0.417859,0.000000,0.000000,0.417859,-0.002341,0,54,1,0,41,13,26,0.000000,72.166700,19.166700,0.243223,0.348133,0.240206,0.000247,0.009739,0.009077,0.009739,1,0,1,fixed,1,1,0,0,3.000000,4.000000
35,logistic,1,3,78,0,0,2,1.976932,0.000000,0.247116,41,0.417859,41,0,0,0,0.417859,0.417859,0.000000,0.000000,0.417859,-0.002341,0,54,1,0,41,13,26,0.000000,72.166700,19.166700,0.243281,0.348133,0.237964,0.000247,0.009737,0.008985,0.009737,1,0,1,fixed,1,1,0,0,3.000000,4.000000
35,logistic,1,3,79,2,2,4,0.000000,19.166700,2.086953,26,0.417859,41,0,2,0,0.417859,0.417859,0.000000,0.000000,0.417859,-0.002341,0,54,1,-1,41,13,26,0.000000,72.166700,19.166700,1.000000,0.554272,2.086953,-0.009630,-0.004773,0.000247,0.000000,1,0,1,fixed,1,1,0,0,3.000000,4.000000
35,logistic,1,3,80,2,2,3,0.000000,19.166700,5.217382,26,0.417859,41,0,2,0,0.417859,0.417859,0.000000,0.000000,0.417859,-0.002341,0,54,1,-1,41,13,26,0.000000,72.166700,19.166700,1.000000,1.385681,5.217382,-0.010228,-0.003070,0.000247,0.000000,1,0,1,fixed,1,1,0,0,3.000000,4.000000
35,logistic,1,4,1,0,0,2,2.002166,113.000000,0.250271,41,0.418594,41,0,0,0,0.418594,0.418594,0.000000,0.000000,0.418594,0.000735,0,26,1,0,41,13,26,113.000000,72.333300,18.333300,0.243222,0.348213,0.241001,0.000488,0.010026,0.009390,0.010026,1,0,1,fixed,1,1,0,0,3.000000,4.000000
35,logistic,1,4,2,0,0,2,1.875380,113.000000,0.234422,41,0.418594,41,0,0,0,0.418594,0.418594,0.000000,0.000000,0.418594,0.000735,0,26,1,0,41,13,26,113.000000,72.333300,18.333300,0.243618,0.348213,0.225740,0.000488,0.010011,0.008733,0.010011,1,0,1,fixed,1,1,0,0,3.000000,4.000000
35,logistic,1,4,3,0,0,2,1.980342,113.000000,0.247543,41,0.418594,41,0,0,0,0.418594,0.418594,0.000000,0.000000,0.418594,0.000735,0,26,1,0,41,13,26,113.000000,72.333300,18.333300,0.243290,0.348213,0.238374,0.000488,0.010023,0.009282,0.010023,1,0,1,fixed,1,1,0,0,3.000000,4.000000
35,logistic,1,4,4,0,0,2,1.993358,113.000000,0.249170,41,0.418594,41,0,0,0,0.418594,0.418594,0.000000,0.000000,0.418594,0.000735,0,26,1,0,41,13,26,113.000000,72.333300,18.333300,0.243250,0.348213,0.239941,0.000488,0.010025,0.009347,0.010025,1,0,1,fixed,1,1,0,0,3.000000,4.000000
35,logistic,1,4,5,0,0,2,1.993358,113.000000,0.249170,41,0.418594,41,0,0,0,0.418594,0.418594,0.000000,0.000000,0.418594,0.000735,0,26,1,0,41,13,26,113.000000,72.333300,18.333300,0.243250,0.348213,0.239941,0.000488,0.010025,0.009347,0.010025,1,0,1,fixed,1,1,0,0,3.000000,4.000000
35,logistic,1,4,6,1,1,1,3.246782,72.333300,1.082261,13,0.418594,41,0,1,0,0.418594,0.418594,0.000000,0.000000,0.418594,0.000735,0,26,1,-1,41,13,26,113.000000,72.333300,18.333300,0.633597,0.993142,1.042177,-0.007602,0.000488,0.002628,0.002628,1,0,1,fixed,1,1,0,0,3.000000,4.000000
35,logistic,1,4,7,1,1,1,2.782745,72.333300,0.927582,13,0.418594,41,0,1,0,0.418594,0.418594,0.000000,0.000000,0.418594,0.000735,0,26,1,-1,41,13,26,113.000000,72.333300,18.333300,0.633597,1.006032,0.893227,-0.007627,0.000488,0.002247,0.002247,1,0,1,fixed,1,1,0,0,3.000000,4.000000
35,logistic,1,4,8,2,2,4,0.000000,18.333300,2.181822,26,0.418594,41,0,2,0,0.418594,0.418594,0.000000,0.000000,0.418594,0.000735,0,26,1,-1,41,13,26,113.000000,72.333300,18.333300,0.353982,0.552996,2.181822,-0.013261,-0.004608,0.000488,0.000000,1,0,1,fixed,1,1,0,0,3.000000,4.000000
35,logistic,1,4,9,0,0,2,1.991324,113.000000,0.248915,41,0.418594,41,0,0,0,0.418594,0.418594,0.000000,0.000000,0.418594,0.000735,0,26,1,0,41,13,26,113.000000,72.333300,18.333300,0.243256,0.348213,0.239696,0.000488,0.010025,0.009337,0.010025,1,0,1,fixed,1,1,0,0,3.000000,4.000000
35,logistic,1,4,10,0,0,2,1.991301,113.000000,0.248913,41,0.418594,41,0,0,0,0.418594,0.418594,0.000000,0.000000,0.418594,0.000735,0,26,1,0,41,13,26,113.000000,72.333300,18.333300,0.243256,0.348213,0.239694,0.000488,0.010025,0.009337,0.010025,1,0,1,fixed,1,1,0,0,3.000000,4.000000
35,logistic,1,4,11,2,2,3,0.000000,18.333300,5.454555,26,0.418594,41,0,2,0,0.418594,0.418594,0.000000,0.000000,0.418594,0.000735,0,26,1,-1,41,13,26,113.000000,72.333300,18.333300,0.884956,1.382489,5.454555,-0.010324,-0.002866,0.000488,0.000000,1,0,1,fixed,1,1,0,0,3.000000,4.000000
35,logistic,1,4,12,2,2,4,0.000000,18.333300,2.181822,26,0.418594,41,0,2,0,0.418594,0.418594,0.000000,0.000000,0.418594,0.000735,0,26,1,-1,41,13,26,113.000000,72.333300,18.333300,0.353982,0.552996,2.181822,-0.013261,-0.004608,0.000488,0.000000,1,0,1,fixed,1,1,0,0,3.000000,4.000000
35,logistic,1,4,13,2,2,4,0.000000,18.333300,2.181822,26,0.418594,41,0,2,0,0.418594,0.418594,0.000000,0.000000,0.418594,0.000735,0,26,1,-1,41,13,26,113.000000,72.333300,18.333300,0.353982,0.552996,2.181822,-0.013261,-0.004608,0.000488,0.000000,1,0,1,fixed,1,1,0,0,3.000000,4.000000
35,logistic,1,4,14,2,2,4,0.000000,18.333300,2.181822,26,0.418594,41,0,2,0,0.418594,0.418594,0.000000,0.000000,0.418594,0.000735,0,26,1,-1,41,13,26,113.000000,72.333300,18.333300,0.353982,0.552996,2.181822,-0.013261,-0.004608,0.000488,0.000000,1,0,1,fixed,1,1,0,0,3.000000,4.000000
35,logistic,1,4,15,2,2,4,0.000000,18.333300,2.181822,26,0.418594,41,0,2,0,0.418594,0.418594,0.000000,0.000000,0.418594,0.000735,0,26,1,-1,41,13,26,113.000000,72.333300,18.333300,0.353982,0.552996,2.181822,-0.013261,-0.004608,0.000488,0.000000,1,0,1,fixed,1,1,0,0,3.000000,4.000000
35,logistic,1,4,16,1,1,1,2.869195,72.333300,0.956398,13,0.418594,41,0,1,0,0.418594,0.418594,0.000000,0.000000,0.418594,0.000735,0,26,1,-1,41,13,26,113.000000,72.333300,18.333300,0.633597,1.003631,0.920976,-0.007622,0.000488,0.002327,0.002327,1,0,1,fixed,1,1,0,0,3.000000,4.000000
35,logistic,1,4,17,0,0,2,1.870985,113.000000,0.233873,41,0.418594,41,0,0,0,0.418594,0.418594,0.000000,0.000000,0.418594,0.000735,0,26,1,0,41,13,26,113.000000,72.333300,18.333300,0.243632,0.348213,0.225211,0.000488,0.010011,0.008709,0.010011,1,0,1,fixed,1,1,0,0,3.000000,4.000000
35,logistic,1,4,18,0,0,2,1.867683,113.000000,0.233460,41,0.418594,41,0,0,0,0.418594,0.418594,0.000000,0.000000,0.418594,0.000735,0,26,1,0,41,13,26,113.000000,72.333300,18.333300,0.243642,0.348213,0.224814,0.000488,0.010010,0.008691,0.010010,1,0,1,fixed,1,1,0,0,3.000000,4.000000
35,logistic,1,4,19,0,0,2,1.867672,113.000000,0.233459,41,0.418594,41,0,0,0,0.418594,0.418594,0.000000,0.000000,0.418594,0.000735,0,26,1,0,41,13,26,113.000000,72.333300,18.333300,0.243642,0.348213,0.224812,0.000488,0.010010,0.008691,0.010010,1,0,1,fixed,1,1,0,0,3.000000,4.000000
35,logistic,1,4,20,0,0,2,1.867684,113.000000,0.233461,41,0.418594,41,0,0,0,0.418594,0.418594,0.000000,0.000000,0.418594,0.000735,0,26,1,0,41,13,26,113.000000,72.333300,18.333300,0.243642,0.348213,0.224814,0.000488,0.010010,0.008691,0.010010,1,0,1,fixed,1,1,0,0,3.000000,4.000000
35,logistic,1,4,21,1,1,1,2.812767,72.333300,0.937589,13,0.418594,41,0,1,0,0.418594,0.418594,0.000000,0.000000,0.418594,0.000735,0,26,1,-1,41,13,26,113.000000,72.333300,18.333300,0.633597,1.005198,0.902863,-0.007625,0.000488,0.002275,0.002275,1,0,1,fixed,1,1,0,0,3.000000,4.000000
35,logistic,1,4,22,0,0,2,1.991301,113.000000,0.248913,41,0.418594,41,0,0,0,0.418594,0.418594,0.000000,0.000000,0.418594,0.000735,0,26,1,0,41,13,26,113.000000,72.333300,18.333300,0.243256,0.348213,0.239694,0.000488,0.010025,0.009337,0.010025,1,0,1,fixed,1,1,0,0,3.000000,4.000000
35,logistic,1,4,23,0,0,2,1.867684,113.000000,0.233461,41,0.418594,41,0,0,0,0.418594,0.418594,0.000000,0.000000,0.418594,0.000735,0,26,1,0,41,13,26,113.000000,72.333300,18.333300,0.243642,0.348213,0.224814,0.000488,0.010010,0.008691,0.010010,1,0,1,fixed,1,1,0,0,3.000000,4.000000
35,logistic,1,4,24,2,2,3,0.000000,18.333300,5.454555,26,0.418594,41,0,2,0,0.418594,0.418594,0.000000,0.000000,0.418594,0.000735,0,26,1,-1,41,13,26,113.000000,72.333300,18.333300,0.884956,1.382489,5.454555,-0.010324,-0.002866,0.000488,0.000000,1,0,1,fixed,1,1,0,0,3.000000,4.000000
35,logistic,1,4,25,2,2,4,0.000000,18.333300,2.181822,26,0.418594,41,0,2,0,0.418594,0.418594,0.000000,0.000000,0.418594,0.000735,0,26,1,-1,41,13,26,113.000000,72.333300,18.333300,0.353982,0.552996,2.181822,-0.013261,-0.004608,0.000488,0.000000,1,0,1,fixed,1,1,0,0,3.000000,4.000000
35,logistic,1,4,26,1,1,1,3.029423,72.333300,1.009808,13,0.418594,41,0,1,0,0.418594,0.418594,0.000000,0.000000,0.418594,0.000735,0,26,1,-1,41,13,26,113.000000,72.333300,18.333300,0.633597,0.999180,0.972408,-0.007613,0.000488,0.002463,0.002463,1,0,1,fixed,1,1,0,0,3.000000,4.000000
35,logistic,1,4,27,1,1,1,3.216761,72.333300,1.072254,13,0.418594,41,0,1,0,0.418594,0.418594,0.000000,0.000000,0.418594,0.000735,0,26,1,-1,41,13,26,113.000000,72.333300,18.333300,0.633597,0.993976,1.032540,-0.007603,0.000488,0.002607,0.002607,1,0,1,fixed,1,1,0,0,3.000000,4.000000
35,logistic,1,4,28,0,0,2,2.003288,113.000000,0.250411,41,0.418594,41,0,0,0,0.418594,0.418594,0.000000,0.000000,0.418594,0.000735,0,26,1,0,41,13,26,113.000000,72.333300,18.333300,0.243218,0.348213,0.241137,0.000488,0.010026,0.009395,0.010026,1,0,1,fixed,1,1,0,0,3.000000,4.000000
35,logistic,1,4,29,0,0,2,1.867660,113.000000,0.233458,41,0.418594,41,0,0,0,0.418594,0.418594,0.000000,0.000000,0.418594,0.000735,0,26,1,0,41,13,26,113.000000,72.333300,18.333300,0.243642,0.348213,0.224811,0.000488,0.010010,0.008691,0.010010,1,0,1,fixed,1,1,0,0,3.000000,4.000000
35,logistic,1,4,30,0,0,2,1.984614,113.000000,0.248077,41,0.418594,41,0,0,0,0.418594,0.418594,0.000000,0.000000,0.418594,0.000735,0,26,1,0,41,13,26,113.000000,72.333300,18.333300,0.243277,0.348213,0.238889,0.000488,0.010024,0.009304,0.010024,1,0,1,fixed,1,1,0,0,3.000000,4.000000
35,logistic,1,4,31,0,0,2,2.006442,113.000000,0.250805,41,0.418594,41,0,0,0,0.418594,0.418594,0.000000,0.000000,0.418594,0.000735,0,26,1,0,41,13,26,113.000000,72.333300,18.333300,0.243209,0.348213,0.241516,0.000488,0.010027,0.009410,0.010027,1,0,1,fixed,1,1,0,0,3.000000,4.000000
35,logistic,1,4,32,0,0,2,1.977026,113.000000,0.247128,41,0.418594,41,0,0,0,0.418594,0.418594,0.000000,0.000000,0.418594,0.000735,0,26,1,0,41,13,26,113.000000,72.333300,18.333300,0.243301,0.348213,0.237975,0.000488,0.010023,0.009266,0.010023,1,0,1,fixed,1,1,0,0,3.000000,4.000000
35,logistic,1,4,33,1,1,1,3.272569,72.333300,1.090856,13,0.418594,41,0,1,0,0.418594,0.418594,0.000000,0.000000,0.418594,0.000735,0,26,1,-1,41,13,26,113.000000,72.333300,18.333300,0.633597,0.992426,1.050454,-0.007600,0.000488,0.002647,0.002647,1,0,1,fixed,1,1,0,0,3.000000,4.000000
35,logistic,1,4,34,0,0,2,1.977096,113.000000,0.247137,41,0.418594,41,0,0,0,0.418594,0.418594,0.000000,0.000000,0.418594,0.000735,0,26,1,0,41,13,26,113.000000,72.333300,18.333300,0.243300,0.348213,0.237984,0.000488,0.010023,0.009266,0.010023,1,0,1,fixed,1,1,0,0,3.000000,4.000000
35,logistic,1,4,35,2,2,4,0.000000,18.333300,2.181822,26,0.418594,41,0,2,0,0.418594,0.418594,0.000000,0.000000,0.418594,0.000735,0,26,1,-1,41,13,26,113.000000,72.333300,18.333300,0.353982,0.552996,2.181822,-0.013261,-0.004608,0.000488,0.000000,1,0,1,fixed,1,1,0,0,3.000000,4.000000
35,logistic,1,4,36,0,0,2,1.867684,113.000000,0.233461,41,0.418594,41,0,0,0,0.418594,0.418594,0.000000,0.000000,0.418594,0.000735,0,26,1,0,41,13,26,113.000000,72.333300,18.333300,0.243642,0.348213,0.224814,0.000488,0.010010,0.008691,0.010010,1,0,1,fixed,1,1,0,0,3.000000,4.000000
35,logistic,1,4,37,2,2,4,0.000000,18.333300,2.181822,26,0.418594,41,0,2,0,0.418594,0.418594,0.000000,0.000000,0.418594,0.000735,0,26,1,-1,41,13,26,113.000000,72.333300,18.333300,0.353982,0.552996,2.181822,-0.013261,-0.004608,0.000488,0.000000,1,0,1,fixed,1,1,0,0,3.000000,4.000000
35,logistic,1,4,38,2,2,3,0.000000,18.333300,5.454555,26,0.418594,41,0,2,0,0.418594,0.418594,0.000000,0.000000,0.418594,0.000735,0,26,1,-1,41,13,26,113.000000,72.333300,18.333300,0.884956,1.382489,5.454555,-0.010324,-0.002866,0.000488,0.000000,1,0,1,fixed,1,1,0,0,3.000000,4.000000
35,logistic,1,4,39,0,0,2,1.977096,113.000000,0.247137,41,0.418594,41,0,0,0,0.418594,0.418594,0.000000,0.000000,0.418594,0.000735,0,26,1,0,41,13,26,113.000000,72.333300,18.333300,0.243300,0.348213,0.237984,0.000488,0.010023,0.009266,0.010023,1,0,1,fixed,1,1,0,0,3.000000,4.000000
35,logistic,1,4,40,0,0,2,1.872068,113.000000,0.234008,41,0.418594,41,0,0,0,0.418594,0.418594,0.000000,0.000000,0.418594,0.000735,0,26,1,0,41,13,26,113.000000,72.333300,18.333300,0.243629,0.348213,0.225341,0.000488,0.010011,0.008715,0.010011,1,0,1,fixed,1,1,0,0,3.000000,4.000000
35,logistic,1,4,41,2,2,4,0.000000,18.333300,2.181822,26,0.418594,41,0,2,0,0.418594,0.418594,0.000000,0.000000,0.418594,0.000735,0,26,1,-1,41,13,26,113.000000,72.333300,18.333300,0.353982,0.552996,2.181822,-0.013261,-0.004608,0.000488,0.000000,1,0,1,fixed,1,1,0,0,3.000000,4.000000
35,logistic,1,4,42,2,2,4,0.000000,18.333300,2.181822,26,0.418594,41,0,2,0,0.418594,0.418594,0.000000,0.000000,0.418594,0.000735,0,26,1,-1,41,13,26,113.000000,72.333300,18.333300,0.353982,0.552996,2.181822,-0.013261,-0.004608,0.000488,0.000000,1,0,1,fixed,1,1,0,0,3.000000,4.000000
35,logistic,1,4,43,1,1,1,2.968320,72.333300,0.989440,13,0.418594,41,0,1,0,0.418594,0.418594,0.000000,0.000000,0.418594,0.000735,0,26,1,-1,41,13,26,113.000000,72.333300,18.333300,0.633597,1.000877,0.952794,-0.007617,0.000488,0.002413,0.002413,1,0,1,fixed,1,1,0,0,3.000000,4.000000
35,logistic,1,4,44,0,0,2,1.996623,113.000000,0.249578,41,0.418594,41,0,0,0,0.418594,0.418594,0.000000,0.000000,0.418594,0.000735,0,26,1,0,41,13,26,113.000000,72.333300,18.333300,0.243239,0.348213,0.240334,0.000488,0.010025,0.009363,0.010025,1,0,1,fixed,1,1,0,0,3.000000,4.000000
35,logistic,1,4,45,0,0,2,1.867660,113.000000,0.233458,41,0.418594,41,0,0,0,0.418594,0.418594,0.000000,0.000000,0.418594,0.000735,0,26,1,0,41,13,26,113.000000,72.333300,18.333300,0.243642,0.348213,0.224811,0.000488,0.010010,0.008691,0.010010,1,0,1,fixed,1,1,0,0,3.000000,4.000000
35,logistic,1,4,46,1,1,1,3.236526,72.333300,1.078842,13,0.418594,41,0,1,0,0.418594,0.418594,0.000000,0.000000,0.418594,0.000735,0,26,1,-1,41,13,26,113.000000,72.333300,18.333300,0.633597,0.993427,1.038885,-0.007602,0.000488,0.002621,0.002621,1,0,1,fixed,1,1,0,0,3.000000,4.000000
35,logistic,1,4,47,1,1,1,3.074028,72.333300,1.024676,13,0.418594,41,0,1,0,0.418594,0.418594,0.000000,0.000000,0.418594,0.000735,0,26,1,-1,41,13,26,113.000000,72.333300,18.333300,0.633597,0.997941,0.986725,-0.007611,0.000488,0.002499,0.002499,1,0,1,fixed,1,1,0,0,3.000000,4.000000
35,logistic,1,4,48,2,2,4,0.000000,18.333300,2.181822,26,0.418594,41,0,2,0,0.418594,0.418594,0.000000,0.000000,0.418594,0.000735,0,26,1,-1,41,13,26,113.000000,72.333300,18.333300,0.353982,0.552996,2.181822,-0.013261,-0.004608,0.000488,0.000000,1,0,1,fixed,1,1,0,0,3.000000,4.000000
35,logistic,1,4,49,0,0,2,1.867718,113.000000,0.233465,41,0.418594,41,0,0,0,0.418594,0.418594,0.000000,0.000000,0.418594,0.000735,0,26,1,0,41,13,26,113.000000,72.333300,18.333300,0.243642,0.348213,0.224818,0.000488,0.010010,0.008691,0.010010,1,0,1,fixed,1,1,0,0,3.000000,4.000000
35,logistic,1,4,50,2,2,4,0.000000,18.333300,2.181822,26,0.418594,41,0,2,0,0.418594,0.418594,0.000000,0.000000,0.418594,0.000735,0,26,1,-1,41,13,26,113.000000,72.333300,18.333300,0.353982,0.552996,2.181822,-0.013261,-0.004608,0.000488,0.000000,1,0,1,fixed,1,1,0,0,3.000000,4.000000
35,logistic,1,4,51,0,0,2,1.986862,113.000000,0.248358,41,0.418594,41,0,0,0,0.418594,0.418594,0.000000,0.000000,0.418594,0.000735,0,26,1,0,41,13,26,113.000000,72.333300,18.333300,0.243270,0.348213,0.239159,0.000488,0.010024,0.009315,0.010024,1,0,1,fixed,1,1,0,0,3.000000,4.000000
35,logistic,1,4,52,0,0,2,1.996652,113.000000,0.249582,41,0.418594,41,0,0,0,0.418594,0.418594,0.000000,0.000000,0.418594,0.000735,0,26,1,0,41,13,26,113.000000,72.333300,18.333300,0.243239,0.348213,0.240338,0.000488,0.010025,0.009363,0.010025,1,0,1,fixed,1,1,0,0,3.000000,4.000000
35,logistic,1,4,53,1,1,1,2.576220,72.333300,0.858740,13,0.418594,41,0,1,0,0.418594,0.418594,0.000000,0.000000,0.418594,0.000735,0,26,1,-1,41,13,26,113.000000,72.333300,18.333300,0.633597,1.011769,0.826935,-0.007638,0.000488,0.002037,0.002037,1,0,1,fixed,1,1,0,0,3.000000,4.000000
35,logistic,1,4,54,2,2,3,0.000000,18.333300,5.454555,26,0.418594,41,0,2,0,0.418594,0.418594,0.000000,0.000000,0.418594,0.000735,0,26,1,-1,41,13,26,113.000000,72.333300,18.333300,0.884956,1.382489,5.454555,-0.010324,-0.002866,0.000488,0.000000,1,0,1,fixed,1,1,0,0,3.000000,4.000000
35,logistic,1,4,55,0,0,2,1.993445,113.000000,0.249181,41,0.418594,41,0,0,0,0.418594,0.418594,0.000000,0.000000,0.418594,0.000735,0,26,1,0,41,13,26,113.000000,72.333300,18.333300,0.243249,0.348213,0.239952,0.000488,0.010025,0.009347,0.010025,1,0,1,fixed,1,1,0,0,3.000000,4.000000
35,logistic,1,4,56,2,2,3,0.000000,18.333300,5.454555,26,0.418594,41,0,2,0,0.418594,0.418594,0.000000,0.000000,0.418594,0.000735,0,26,1,-1,41,13,26,113.000000,72.333300,18.333300,0.884956,1.382489,5.454555,-0.010324,-0.002866,0.000488,0.000000,1,0,1,fixed,1,1,0,0,3.000000,4.000000
35,logistic,1,4,57,1,1,1,3.029315,72.333300,1.009772,13,0.418594,41,0,1,0,0.418594,0.418594,0.000000,0.000000,0.418594,0.000735,0,26,1,-1,41,13,26,113.000000,72.333300,18.333300,0.633597,0.999183,0.972373,-0.007613,0.000488,0.002463,0.002463,1,0,1,fixed,1,1,0,0,3.000000,4.000000
35,logistic,1,4,58,0,0,2,1.872032,113.000000,0.234004,41,0.418594,41,0,0,0,0.418594,0.418594,0.000000,0.000000,0.418594,0.000735,0,26,1,0,41,13,26,113.000000,72.333300,18.333300,0.243629,0.348213,0.225337,0.000488,0.010011,0.008715,0.010011,1,0,1,fixed,1,1,0,0,3.000000,4.000000
35,logistic,1,4,59,0,0,2,1.869939,113.000000,0.233742,41,0.418594,41,0,0,0,0.418594,0.418594,0.000000,0.000000,0.418594,0.000735,0,26,1,0,41,13,26,113.000000,72.333300,18.333300,0.243635,0.348213,0.225085,0.000488,0.010010,0.008703,0.010010,1,0,1,fixed,1,1,0,0,3.000000,4.000000
35,logistic,1,4,60,0,0,2,1.982474,113.000000,0.247809,41,0.418594,41,0,0,0,0.418594,0.418594,0.000000,0.000000,0.418594,0.000735,0,26,1,0,41,13,26,113.000000,72.333300,18.333300,0.243284,0.348213,0.238631,0.000488,0.010024,0.009293,0.010024,1,0,1,fixed,1,1,0,0,3.000000,4.000000
35,logistic,1,4,61,0,0,2,1.981434,113.000000,0.247679,41,0.418594,41,0,0,0,0.418594,0.418594,0.000000,0.000000,0.418594,0.000735,0,26,1,0,41,13,26,113.000000,72.333300,18.333300,0.243287,0.348213,0.238506,0.000488,0.010024,0.009288,0.010024,1,0,1,fixed,1,1,0,0,3.000000,4.000000
35,logistic,1,4,62,0,0,2,1.869927,113.000000,0.233741,41,0.418594,41,0,0,0,0.418594,0.418594,0.000000,0.000000,0.418594,0.000735,0,26,1,0,41,13,26,113.000000,72.333300,18.333300,0.243635,0.348213,0.225084,0.000488,0.010010,0.008703,0.010010,1,0,1,fixed,1,1,0,0,3.000000,4.000000
35,logistic,1,4,63,0,0,2,1.999954,113.000000,0.249994,41,0.418594,41,0,0,0,0.418594,0.418594,0.000000,0.000000,0.418594,0.000735,0,26,1,0,41,13,26,113.000000,72.333300,18.333300,0.243229,0.348213,0.240735,0.000488,0.010026,0.009379,0.010026,1,0,1,fixed,1,1,0,0,3.000000,4.000000
35,logistic,1,4,64,2,2,4,0.000000,18.333300,2.181822,26,0.418594,41,0,2,0,0.418594,0.418594,0.000000,0.000000,0.418594,0.000735,0,26,1,-1,41,13,26,113.000000,72.333300,18.333300,0.353982,0.552996,2.181822,-0.013261,-0.004608,0.000488,0.000000,1,0,1,fixed,1,1,0,0,3.000000,4.000000
35,logistic,1,4,65,0,0,2,1.864509,113.000000,0.233064,41,0.418594,41,1,0,0,0.418594,0.418594,0.000000,0.000000,0.418594,0.000735,0,26,1,0,41,13,26,113.000000,72.333300,18.333300,0.243652,0.348213,0.224432,0.000488,0.010010,0.008673,0.010010,1,0,1,fixed,1,1,0,0,3.000000,4.000000
35,logistic,1,4,66,0,0,2,1.998838,113.000000,0.249855,41,0.418594,41,0,0,0,0.418594,0.418594,0.000000,0.000000,0.418594,0.000735,0,26,1,0,41,13,26,113.000000,72.333300,18.333300,0.243232,0.348213,0.240601,0.000488,0.010026,0.009373,0.010026,1,0,1,fixed,1,1,0,0,3.000000,4.000000
35,logistic,1,4,67,2,2,3,0.000000,18.333300,5.454555,26,0.418594,41,0,2,0,0.418594,0.418594,0.000000,0.000000,0.418594,0.000735,0,26,1,-1,41,13,26,113.000000,72.333300,18.333300,0.884956,1.382489,5.454555,-0.010324,-0.002866,0.000488,0.000000,1,0,1,fixed,1,1,0,0,3.000000,4.000000
35,logistic,1,4,68,0,0,2,1.991248,113.000000,0.248906,41,0.418594,41,0,0,0,0.418594,0.418594,0.000000,0.000000,0.418594,0.000735,0,26,1,0,41,13,26,113.000000,72.333300,18.333300,0.243256,0.348213,0.239687,0.000488,0.010025,0.009336,0.010025,1,0,1,fixed,1,1,0,0,3.000000,4.000000
35,logistic,1,4,69,0,0,2,1.999878,113.000000,0.249985,41,0.418594,41,0,0,0,0.418594,0.418594,0.000000,0.000000,0.418594,0.000735,0,26,1,0,41,13,26,113.000000,72.333300,18.333300,0.243229,0.348213,0.240726,0.000488,0.010026,0.009379,0.010026,1,0,1,fixed,1,1,0,0,3.000000,4.000000
35,logistic,1,4,70,0,0,2,1.999878,113.000000,0.249985,41,0.418594,41,0,0,0,0.418594,0.418594,0.000000,0.000000,0.418594,0.000735,0,26,1,0,41,13,26,113.000000,72.333300,18.333300,0.243229,0.348213,0.240726,0.000488,0.010026,0.009379,0.010026,1,0,1,fixed,1,1,0,0,3.000000,4.000000
35,logistic,1,4,71,2,2,4,0.000000,18.333300,2.181822,26,0.418594,41,0,2,0,0.418594,0.418594,0.000000,0.000000,0.418594,0.000735,0,26,1,-1,41,13,26,113.000000,72.333300,18.333300,0.353982,0.552996,2.181822,-0.013261,-0.004608,0.000488,0.000000,1,0,1,fixed,1,1,0,0,3.000000,4.000000
35,logistic,1,4,72,2,2,4,0.000000,18.333300,2.181822,26,0.418594,41,0,2,0,0.418594,0.418594,0.000000,0.000000,0.418594,0.000735,0,26,1,-1,41,13,26,113.000000,72.333300,18.333300,0.353982,0.552996,2.181822,-0.013261,-0.004608,0.000488,0.000000,1,0,1,fixed,1,1,0,0,3.000000,4.000000
35,logistic,1,4,73,2,2,4,0.000000,18.333300,2.181822,26,0.418594,41,0,2,0,0.418594,0.418594,0.000000,0.000000,0.418594,0.000735,0,26,1,-1,41,13,26,113.000000,72.333300,18.333300,0.353982,0.552996,2.181822,-0.013261,-0.004608,0.000488,0.000000,1,0,1,fixed,1,1,0,0,3.000000,4.000000
35,logistic,1,4,74,2,2,3,0.000000,18.333300,5.454555,26,0.418594,41,0,2,0,0.418594,0.418594,0.000000,0.000000,0.418594,0.000735,0,26,1,-1,41,13,26,113.000000,72.333300,18.333300,0.884956,1.382489,5.454555,-0.010324,-0.002866,0.000488,0.000000,1,0,1,fixed,1,1,0,0,3.000000,4.000000
35,logistic,1,4,75,1,1,1,2.885249,72.333300,0.961750,13,0.418594,41,0,1,0,0.418594,0.418594,0.000000,0.000000,0.418594,0.000735,0,26,1,-1,41,13,26,113.000000,72.333300,18.333300,0.633597,1.003185,0.926129,-0.007621,0.000488,0.002341,0.002341,1,0,1,fixed,1,1,0,0,3.000000,4.000000
35,logistic,1,4,76,2,2,3,0.000000,18.333300,5.454555,26,0.418594,41,0,2,0,0.418594,0.418594,0.000000,0.000000,0.418594,0.000735,0,26,1,-1,41,13,26,113.000000,72.333300,18.333300,0.884956,1.382489,5.454555,-0.010324,-0.002866,0.000488,0.000000,1,0,1,fixed,1,1,0,0,3.000000,4.000000
35,logistic,1,4,77,0,0,2,1.999878,113.000000,0.249985,41,0.418594,41,0,0,0,0.418594,0.418594,0.000000,0.000000,0.418594,0.000735,0,26,1,0,41,13,26,113.000000,72.333300,18.333300,0.243229,0.348213,0.240726,0.000488,0.010026,0.009379,0.010026,1,0,1,fixed,1,1,0,0,3.000000,4.000000
35,logistic,1,4,78,0,0,2,2.001036,113.000000,0.250129,41,0.418594,41,0,0,0,0.418594,0.418594,0.000000,0.000000,0.418594,0.000735,0,26,1,0,41,13,26,113.000000,72.333300,18.333300,0.243226,0.348213,0.240865,0.000488,0.010026,0.009384,0.010026,1,0,1,fixed,1,1,0,0,3.000000,4.000000
35,logistic,1,4,79,2,2,4,0.000000,18.333300,2.181822,26,0.418594,41,0,2,0,0.418594,0.418594,0.000000,0.000000,0.418594,0.000735,0,26,1,-1,41,13,26,113.000000,72.333300,18.333300,0.353982,0.552996,2.181822,-0.013261,-0.004608,0.000488,0.000000,1,0,1,fixed,1,1,0,0,3.000000,4.000000
35,logistic,1,4,80,2,2,3,0.000000,18.333300,5.454555,26,0.418594,41,0,2,0,0.418594,0.418594,0.000000,0.000000,0.418594,0.000735,0,26,1,-1,41,13,26,113.000000,72.333300,18.333300,0.884956,1.382489,5.454555,-0.010324,-0.002866,0.000488,0.000000,1,0,1,fixed,1,1,0,0,3.000000,4.000000
35,logistic,1,5,1,0,0,2,1.999967,113.000000,0.249996,41,0.418107,41,0,0,0,0.418107,0.418107,0.000000,0.000000,0.418107,-0.000487,0,50,1,0,41,13,26,113.000000,72.000000,18.833300,0.243228,0.348095,0.240737,0.000401,0.009909,0.009267,0.009909,1,0,1,fixed,1,1,0,0,3.000000,4.000000
35,logistic,1,5,2,0,0,2,1.873148,113.000000,0.234144,41,0.418107,41,0,0,0,0.418107,0.418107,0.000000,0.000000,0.418107,-0.000487,0,50,1,0,41,13,26,113.000000,72.000000,18.833300,0.243625,0.348095,0.225472,0.000401,0.009894,0.008611,0.009894,1,0,1,fixed,1,1,0,0,3.000000,4.000000
35,logistic,1,5,3,0,0,2,1.995518,113.000000,0.249440,41,0.418107,41,0,0,0,0.418107,0.418107,0.000000,0.000000,0.418107,-0.000487,0,50,1,0,41,13,26,113.000000,72.000000,18.833300,0.243242,0.348095,0.240201,0.000401,0.009909,0.009245,0.009909,1,0,1,fixed,1,1,0,0,3.000000,4.000000
35,logistic,1,5,4,0,0,2,1.999984,113.000000,0.249998,41,0.418107,41,0,0,0,0.418107,0.418107,0.000000,0.000000,0.418107,-0.000487,0,50,1,0,41,13,26,113.000000,72.000000,18.833300,0.243228,0.348095,0.240739,0.000401,0.009909,0.009267,0.009909,1,0,1,fixed,1,1,0,0,3.000000,4.000000
35,logistic,1,5,5,0,0,2,2.000008,113.000000,0.250001,41,0.418107,41,0,0,0,0.418107,0.418107,0.000000,0.000000,0.418107,-0.000487,0,50,1,0,41,13,26,113.000000,72.000000,18.833300,0.243228,0.348095,0.240742,0.000401,0.009909,0.009267,0.009909,1,0,1,fixed,1,1,0,0,3.000000,4.000000
35,logistic,1,5,6,1,1,1,3.060355,72.000000,1.020118,13,0.418107,41,0,1,0,0.418107,0.418107,0.000000,0.000000,0.418107,-0.000487,0,50,1,-1,41,13,26,113.000000,72.000000,18.833300,0.633596,0.997952,0.982336,-0.007676,0.000401,0.002397,0.002397,1,0,1,fixed,1,1,0,0,3.000000,4.000000
35,logistic,1,5,7,1,1,1,3.069199,72.000000,1.023066,13,0.418107,41,0,1,0,0.418107,0.418107,0.000000,0.000000,0.418107,-0.000487,0,50,1,-1,41,13,26,113.000000,72.000000,18.833300,0.633596,0.997706,0.985175,-0.007675,0.000401,0.002404,0.002404,1,0,1,fixed,1,1,0,0,3.000000,4.000000
35,logistic,1,5,8,2,2,4,0.000000,18.833300,2.123898,26,0.418107,41,0,2,0,0.418107,0.418107,0.000000,0.000000,0.418107,-0.000487,0,50,1,-1,41,13,26,113.000000,72.000000,18.833300,0.353982,0.555556,2.123898,-0.013286,-0.004638,0.000401,0.000000,1,0,1,fixed,1,1,0,0,3.000000,4.000000
35,logistic,1,5,9,0,0,2,1.973710,113.000000,0.246714,41,0.418107,41,0,0,0,0.418107,0.418107,0.000000,0.000000,0.418107,-0.000487,0,50,1,0,41,13,26,113.000000,72.000000,18.833300,0.243310,0.348095,0.237576,0.000401,0.009906,0.009138,0.009906,1,0,1,fixed,1,1,0,0,3.000000,4.000000
35,logistic,1,5,10,0,0,2,1.989037,113.000000,0.248630,41,0.418107,41,0,0,0,0.418107,0.418107,0.000000,0.000000,0.418107,-0.000487,0,50,1,0,41,13,26,113.000000,72.000000,18.833300,0.243263,0.348095,0.239421,0.000401,0.009908,0.009214,0.009908,1,0,1,fixed,1,1,0,0,3.000000,4.000000
35,logistic,1,5,11,2,2,3,0.000000,18.833300,5.309744,26,0.418107,41,0,2,0,0.418107,0.418107,0.000000,0.000000,0.418107,-0.000487,0,50,1,-1,41,13,26,113.000000,72.000000,18.833300,0.884956,1.388889,5.309744,-0.010371,-0.002927,0.000401,0.000000,1,0,1,fixed,1,1,0,0,3.000000,4.000000
35,logistic,1,5,12,2,2,4,0.000000,18.833300,2.123898,26,0.418107,41,0,2,0,0.418107,0.418107,0.000000,0.000000,0.418107,-0.000487,0,50,1,-1,41,13,26,113.000000,72.000000,18.833300,0.353982,0.555556,2.123898,-0.013286,-0.004638,0.000401,0.000000,1,0,1,fixed,1,1,0,0,3.000000,4.000000
35,logistic,1,5,13,2,2,4,0.000000,18.833300,2.123898,26,0.418107,41,0,2,0,0.418107,0.418107,0.000000,0.000000,0.418107,-0.000487,0,50,1,-1,41,13,26,113.000000,72.000000,18.833300,0.353982,0.555556,2.123898,-0.013286,-0.004638,0.000401,0.000000,1,0,1,fixed,1,1,0,0,3.000000,4.000000
35,logistic,1,5,14,2,2,4,0.000000,18.833300,2.123898,26,0.418107,41,0,2,0,0.418107,0.418107,0.000000,0.000000,0.418107,-0.000487,0,50,1,-1,41,13,26,113.000000,72.000000,18.833300,0.353982,0.555556,2.123898,-0.013286,-0.004638,0.000401,0.000000,1,0,1,fixed,1,1,0,0,3.000000,4.000000
35,logistic,1,5,15,2,2,4,0.000000,18.833300,2.123898,26,0.418107,41,0,2,0,0.418107,0.418107,0.000000,0.000000,0.418107,-0.000487,0,50,1,-1,41,13,26,113.000000,72.000000,18.833300,0.353982,0.555556,2.123898,-0.013286,-0.004638,0.000401,0.000000,1,0,1,fixed,1,1,0,0,3.000000,4.000000
35,logistic,1,5,16,1,1,1,2.812887,72.000000,0.937629,13,0.418107,41,0,1,0,0.418107,0.418107,0.000000,0.000000,0.418107,-0.000487,0,50,1,-1,41,13,26,113.000000,72.000000,18.833300,0.633596,1.004826,0.902902,-0.007689,0.000401,0.002185,0.002185,1,0,1,fixed,1,1,0,0,3.000000,4.000000
35,logistic,1,5,17,0,0,2,1.864450,113.000000,0.233056,41,0.418107,41,1,0,0,0.418107,0.418107,0.000000,0.000000,0.418107,-0.000487,0,50,1,0,41,13,26,113.000000,72.000000,18.833300,0.243652,0.348095,0.224425,0.000401,0.009893,0.008563,0.009893,1,0,1,fixed,1,1,0,0,3.000000,4.000000
35,logistic,1,5,18,0,0,2,1.867730,113.000000,0.233466,41,0.418107,41,0,0,0,0.418107,0.418107,0.000000,0.000000,0.418107,-0.000487,0,50,1,0,41,13,26,113.000000,72.000000,18.833300,0.243642,0.348095,0.224819,0.000401,0.009894,0.008581,0.009894,1,0,1,fixed,1,1,0,0,3.000000,4.000000
35,logistic,1,5,19,0,0,2,1.867730,113.000000,0.233466,41,0.418107,41,0,0,0,0.418107,0.418107,0.000000,0.000000,0.418107,-0.000487,0,50,1,0,41,13,26,113.000000,72.000000,18.833300,0.243642,0.348095,0.224819,0.000401,0.009894,0.008581,0.009894,1,0,1,fixed,1,1,0,0,3.000000,4.000000
35,logistic,1,5,20,0,0,2,1.867730,113.000000,0.233466,41,0.418107,41,0,0,0,0.418107,0.418107,0.000000,0.000000,0.418107,-0.000487,0,50,1,0,41,13,26,113.000000,72.000000,18.833300,0.243642,0.348095,0.224819,0.000401,0.009894,0.008581,0.009894,1,0,1,fixed,1,1,0,0,3.000000,4.000000
35,logistic,1,5,21,1,1,1,3.041617,72.000000,1.013872,13,0.418107,41,0,1,0,0.418107,0.418107,0.000000,0.000000,0.418107,-0.000487,0,50,1,-1,41,13,26,113.000000,72.000000,18.833300,0.633596,0.998473,0.976321,-0.007677,0.000401,0.002382,0.002382,1,0,1,fixed,1,1,0,0,3.000000,4.000000
35,logistic,1,5,22,0,0,2,1.987931,113.000000,0.248491,41,0.418107,41,0,0,0,0.418107,0.418107,0.000000,0.000000,0.418107,-0.000487,0,50,1,0,41,13,26,113.000000,72.000000,18.833300,0.243266,0.348095,0.239288,0.000401,0.009908,0.009208,0.009908,1,0,1,fixed,1,1,0,0,3.000000,4.000000
35,logistic,1,5,23,0,0,2,1.867741,113.000000,0.233468,41,0.418107,41,0,0,0,0.418107,0.418107,0.000000,0.000000,0.418107,-0.000487,0,50,1,0,41,13,26,113.000000,72.000000,18.833300,0.243642,0.348095,0.224821,0.000401,0.009894,0.008581,0.009894,1,0,1,fixed,1,1,0,0,3.000000,4.000000
35,logistic,1,5,24,2,2,3,0.000000,18.833300,5.309744,26,0.418107,41,0,2,0,0.418107,0.418107,0.000000,0.000000,0.418107,-0.000487,0,50,1,-1,41,13,26,113.000000,72.000000,18.833300,0.884956,1.388889,5.309744,-0.010371,-0.002927,0.000401,0.000000,1,0,1,fixed,1,1,0,0,3.000000,4.000000
35,logistic,1,5,25,2,2,4,0.000000,18.833300,2.123898,26,0.418107,41,0,2,0,0.418107,0.418107,0.000000,0.000000,0.418107,-0.000487,0,50,1,-1,41,13,26,113.000000,72.000000,18.833300,0.353982,0.555556,2.123898,-0.013286,-0.004638,0.000401,0.000000,1,0,1,fixed,1,1,0,0,3.000000,4.000000
35,logistic,1,5,26,1,1,1,3.078063,72.000000,1.026021,13,0.418107,41,0,1,0,0.418107,0.418107,0.000000,0.000000,0.418107,-0.000487,0,50,1,-1,41,13,26,113.000000,72.000000,18.833300,0.633596,0.997460,0.988020,-0.007675,0.000401,0.002411,0.002411,1,0,1,fixed,1,1,0,0,3.000000,4.000000
35,logistic,1,5,27,1,1,1,3.087410,72.000000,1.029137,13,0.418107,41,0,1,0,0.418107,0.418107,0.000000,0.000000,0.418107,-0.000487,0,50,1,-1,41,13,26,113.000000,72.000000,18.833300,0.633596,0.997201,0.991020,-0.007674,0.000401,0.002418,0.002418,1,0,1,fixed,1,1,0,0,3.000000,4.000000
35,logistic,1,5,28,0,0,2,1.998767,113.000000,0.249846,41,0.418107,41,0,0,0,0.418107,0.418107,0.000000,0.000000,0.418107,-0.000487,0,50,1,0,41,13,26,113.000000,72.000000,18.833300,0.243232,0.348095,0.240592,0.000401,0.009909,0.009261,0.009909,1,0,1,fixed,1,1,0,0,3.000000,4.000000
35,logistic,1,5,29,0,0,2,1.867741,113.000000,0.233468,41,0.418107,41,0,0,0,0.418107,0.418107,0.000000,0.000000,0.418107,-0.000487,0,50,1,0,41,13,26,113.000000,72.000000,18.833300,0.243642,0.348095,0.224821,0.000401,0.009894,0.008581,0.009894,1,0,1,fixed,1,1,0,0,3.000000,4.000000
35,logistic,1,5,30,0,0,2,2.005366,113.000000,0.250671,41,0.418107,41,0,0,0,0.418107,0.418107,0.000000,0.000000,0.418107,-0.000487,0,50,1,0,41,13,26,113.000000,72.000000,18.833300,0.243212,0.348095,0.241387,0.000401,0.009910,0.009293,0.009910,1,0,1,fixed,1,1,0,0,3.000000,4.000000
35,logistic,1,5,31,0,0,2,1.981445,113.000000,0.247681,41,0.418107,41,0,0,0,0.418107,0.418107,0.000000,0.000000,0.418107,-0.000487,0,50,1,0,41,13,26,113.000000,72.000000,18.833300,0.243286,0.348095,0.238507,0.000401,0.009907,0.009176,0.009907,1,0,1,fixed,1,1,0,0,3.000000,4.000000
35,logistic,1,5,32,0,0,2,1.992376,113.000000,0.249047,41,0.418107,41,0,0,0,0.418107,0.418107,0.000000,0.000000,0.418107,-0.000487,0,50,1,0,41,13,26,113.000000,72.000000,18.833300,0.243252,0.348095,0.239823,0.000401,0.009908,0.009230,0.009908,1,0,1,fixed,1,1,0,0,3.000000,4.000000
35,logistic,1,5,33,1,1,1,2.967082,72.000000,0.989027,13,0.418107,41,0,1,0,0.418107,0.418107,0.000000,0.000000,0.418107,-0.000487,0,50,1,-1,41,13,26,113.000000,72.000000,18.833300,0.633596,1.000543,0.952397,-0.007681,0.000401,0.002321,0.002321,1,0,1,fixed,1,1,0,0,3.000000,4.000000
35,logistic,1,5,34,0,0,2,1.977131,113.000000,0.247141,41,0.418107,41,0,0,0,0.418107,0.418107,0.000000,0.000000,0.418107,-0.000487,0,50,1,0,41,13,26,113.000000,72.000000,18.833300,0.243300,0.348095,0.237988,0.000401,0.009906,0.009155,0.009906,1,0,1,fixed,1,1,0,0,3.000000,4.000000
35,logistic,1,5,35,2,2,4,0.000000,18.833300,2.123898,26,0.418107,41,0,2,0,0.418107,0.418107,0.000000,0.000000,0.418107,-0.000487,0,50,1,-1,41,13,26,113.000000,72.000000,18.833300,0.353982,0.555556,2.123898,-0.013286,-0.004638,0.000401,0.000000,1,0,1,fixed,1,1,0,0,3.000000,4.000000
35,logistic,1,5,36,0,0,2,1.867729,113.000000,0.233466,41,0.418107,41,0,0,0,0.418107,0.418107,0.000000,0.000000,0.418107,-0.000487,0,50,1,0,41,13,26,113.000000,72.000000,18.833300,0.243642,0.348095,0.224819,0.000401,0.009894,0.008581,0.009894,1,0,1,fixed,1,1,0,0,3.000000,4.000000
35,logistic,1,5,37,2,2,4,0.000000,18.833300,2.123898,26,0.418107,41,0,2,0,0.418107,0.418107,0.000000,0.000000,0.418107,-0.000487,0,50,1,-1,41,13,26,113.000000,72.000000,18.833300,0.353982,0.555556,2.123898,-0.013286,-0.004638,0.000401,0.000000,1,0,1,fixed,1,1,0,0,3.000000,4.000000
35,logistic,1,5,38,2,2,3,0.000000,18.833300,5.309744,26,0.418107,41,0,2,0,0.418107,0.418107,0.000000,0.000000,0.418107,-0.000487,0,50,1,-1,41,13,26,113.000000,72.000000,18.833300,0.884956,1.388889,5.309744,-0.010371,-0.002927,0.000401,0.000000,1,0,1,fixed,1,1,0,0,3.000000,4.000000
35,logistic,1,5,39,0,0,2,1.980376,113.000000,0.247547,41,0.418107,41,0,0,0,0.418107,0.418107,0.000000,0.000000,0.418107,-0.000487,0,50,1,0,41,13,26,113.000000,72.000000,18.833300,0.243290,0.348095,0.238379,0.000401,0.009907,0.009171,0.009907,1,0,1,fixed,1,1,0,0,3.000000,4.000000
35,logistic,1,5,40,0,0,2,1.865532,113.000000,0.233192,41,0.418107,41,0,0,0,0.418107,0.418107,0.000000,0.000000,0.418107,-0.000487,0,50,1,0,41,13,26,113.000000,72.000000,18.833300,0.243649,0.348095,0.224555,0.000401,0.009893,0.008569,0.009893,1,0,1,fixed,1,1,0,0,3.000000,4.000000
35,logistic,1,5,41,2,2,4,0.000000,18.833300,2.123898,26,0.418107,41,0,2,0,0.418107,0.418107,0.000000,0.000000,0.418107,-0.000487,0,50,1,-1,41,13,26,113.000000,72.000000,18.833300,0.353982,0.555556,2.123898,-0.013286,-0.004638,0.000401,0.000000,1,0,1,fixed,1,1,0,0,3.000000,4.000000
35,logistic,1,5,42,2,2,4,0.000000,18.833300,2.123898,26,0.418107,41,0,2,0,0.418107,0.418107,0.000000,0.000000,0.418107,-0.000487,0,50,1,-1,41,13,26,113.000000,72.000000,18.833300,0.353982,0.555556,2.123898,-0.013286,-0.004638,0.000401,0.000000,1,0,1,fixed,1,1,0,0,3.000000,4.000000
35,logistic,1,5,43,1,1,1,2.889621,72.000000,0.963207,13,0.418107,41,0,1,0,0.418107,0.418107,0.000000,0.000000,0.418107,-0.000487,0,50,1,-1,41,13,26,113.000000,72.000000,18.833300,0.633596,1.002695,0.927533,-0.007685,0.000401,0.002254,0.002254,1,0,1,fixed,1,1,0,0,3.000000,4.000000
35,logistic,1,5,44,0,0,2,2.005491,113.000000,0.250686,41,0.418107,41,0,0,0,0.418107,0.418107,0.000000,0.000000,0.418107,-0.000487,0,50,1,0,41,13,26,113.000000,72.000000,18.833300,0.243211,0.348095,0.241402,0.000401,0.009910,0.009294,0.009910,1,0,1,fixed,1,1,0,0,3.000000,4.000000
35,logistic,1,5,45,0,0,2,1.868823,113.000000,0.233603,41,0.418107,41,0,0,0,0.418107,0.418107,0.000000,0.000000,0.418107,-0.000487,0,50,1,0,41,13,26,113.000000,72.000000,18.833300,0.243638,0.348095,0.224951,0.000401,0.009894,0.008587,0.009894,1,0,1,fixed,1,1,0,0,3.000000,4.000000
35,logistic,1,5,46,1,1,1,3.042917,72.000000,1.014306,13,0.418107,41,0,1,0,0.418107,0.418107,0.000000,0.000000,0.418107,-0.000487,0,50,1,-1,41,13,26,113.000000,72.000000,18.833300,0.633596,0.998436,0.976739,-0.007677,0.000401,0.002383,0.002383,1,0,1,fixed,1,1,0,0,3.000000,4.000000
35,logistic,1,5,47,1,1,1,3.135618,72.000000,1.045206,13,0.418107,41,0,1,0,0.418107,0.418107,0.000000,0.000000,0.418107,-0.000487,0,50,1,-1,41,13,26,113.000000,72.000000,18.833300,0.633596,0.995861,1.006495,-0.007672,0.000401,0.002455,0.002455,1,0,1,fixed,1,1,0,0,3.000000,4.000000
35,logistic,1,5,48,2,2,4,0.000000,18.833300,2.123898,26,0.418107,41,0,2,0,0.418107,0.418107,0.000000,0.000000,0.418107,-0.000487,0,50,1,-1,41,13,26,113.000000,72.000000,18.833300,0.353982,0.555556,2.123898,-0.013286,-0.004638,0.000401,0.000000,1,0,1,fixed,1,1,0,0,3.000000,4.000000
35,logistic,1,5,49,0,0,2,1.868834,113.000000,0.233604,41,0.418107,41,0,0,0,0.418107,0.418107,0.000000,0.000000,0.418107,-0.000487,0,50,1,0,41,13,26,113.000000,72.000000,18.833300,0.243638,0.348095,0.224952,0.000401,0.009894,0.008587,0.009894,1,0,1,fixed,1,1,0,0,3.000000,4.000000
35,logistic,1,5,50,2,2,4,0.000000,18.833300,2.123898,26,0.418107,41,0,2,0,0.418107,0.418107,0.000000,0.000000,0.418107,-0.000487,0,50,1,-1,41,13,26,113.000000,72.000000,18.833300,0.353982,0.555556,2.123898,-0.013286,-0.004638,0.000401,0.000000,1,0,1,fixed,1,1,0,0,3.000000,4.000000
35,logistic,1,5,51,0,0,2,1.999961,113.000000,0.249995,41,0.418107,41,0,0,0,0.418107,0.418107,0.000000,0.000000,0.418107,-0.000487,0,50,1,0,41,13,26,113.000000,72.000000,18.833300,0.243228,0.348095,0.240736,0.000401,0.009909,0.009267,0.009909,1,0,1,fixed,1,1,0,0,3.000000,4.000000
35,logistic,1,5,52,0,0,2,2.005492,113.000000,0.250686,41,0.418107,41,0,0,0,0.418107,0.418107,0.000000,0.000000,0.418107,-0.000487,0,50,1,0,41,13,26,113.000000,72.000000,18.833300,0.243211,0.348095,0.241402,0.000401,0.009910,0.009294,0.009910,1,0,1,fixed,1,1,0,0,3.000000,4.000000
35,logistic,1,5,53,1,1,1,2.977060,72.000000,0.992353,13,0.418107,41,0,1,0,0.418107,0.418107,0.000000,0.000000,0.418107,-0.000487,0,50,1,-1,41,13,26,113.000000,72.000000,18.833300,0.633596,1.000266,0.955599,-0.007680,0.000401,0.002329,0.002329,1,0,1,fixed,1,1,0,0,3.000000,4.000000
35,logistic,1,5,54,2,2,3,0.000000,18.833300,5.309744,26,0.418107,41,0,2,0,0.418107,0.418107,0.000000,0.000000,0.418107,-0.000487,0,50,1,-1,41,13,26,113.000000,72.000000,18.833300,0.884956,1.388889,5.309744,-0.010371,-0.002927,0.000401,0.000000,1,0,1,fixed,1,1,0,0,3.000000,4.000000
35,logistic,1,5,55,0,0,2,1.995561,113.000000,0.249445,41,0.418107,41,0,0,0,0.418107,0.418107,0.000000,0.000000,0.418107,-0.000487,0,50,1,0,41,13,26,113.000000,72.000000,18.833300,0.243242,0.348095,0.240206,0.000401,0.009909,0.009246,0.009909,1,0,1,fixed,1,1,0,0,3.000000,4.000000
35,logistic,1,5,56,2,2,3,0.000000,18.833300,5.309744,26,0.418107,41,0,2,0,0.418107,0.418107,0.000000,0.000000,0.418107,-0.000487,0,50,1,-1,41,13,26,113.000000,72.000000,18.833300,0.884956,1.388889,5.309744,-0.010371,-0.002927,0.000401,0.000000,1,0,1,fixed,1,1,0,0,3.000000,4.000000
35,logistic,1,5,57,1,1,1,3.126217,72.000000,1.042072,13,0.418107,41,0,1,0,0.418107,0.418107,0.000000,0.000000,0.418107,-0.000487,0,50,1,-1,41,13,26,113.000000,72.000000,18.833300,0.633596,0.996123,1.003477,-0.007672,0.000401,0.002448,0.002448,1,0,1,fixed,1,1,0,0,3.000000,4.000000
35,logistic,1,5,58,0,0,2,1.899472,113.000000,0.237434,41,0.418107,41,0,0,0,0.418107,0.418107,0.000000,0.000000,0.418107,-0.000487,0,50,1,0,41,13,26,113.000000,72.000000,18.833300,0.243542,0.348095,0.228640,0.000401,0.009897,0.008754,0.009897,1,0,1,fixed,1,1,0,0,3.000000,4.000000
35,logistic,1,5,59,0,0,2,1.868811,113.000000,0.233601,41,0.418107,41,0,0,0,0.418107,0.418107,0.000000,0.000000,0.418107,-0.000487,0,50,1,0,41,13,26,113.000000,72.000000,18.833300,0.243638,0.348095,0.224950,0.000401,0.009894,0.008587,0.009894,1,0,1,fixed,1,1,0,0,3.000000,4.000000
35,logistic,1,5,60,0,0,2,2.005404,113.000000,0.250675,41,0.418107,41,0,0,0,0.418107,0.418107,0.000000,0.000000,0.418107,-0.000487,0,50,1,0,41,13,26,113.000000,72.000000,18.833300,0.243211,0.348095,0.241391,0.000401,0.009910,0.009293,0.009910,1,0,1,fixed,1,1,0,0,3.000000,4.000000
35,logistic,1,5,61,0,0,2,2.005462,113.000000,0.250683,41,0.418107,41,0,0,0,0.418107,0.418107,0.000000,0.000000,0.418107,-0.000487,0,50,1,0,41,13,26,113.000000,72.000000,18.833300,0.243211,0.348095,0.241398,0.000401,0.009910,0.009294,0.009910,1,0,1,fixed,1,1,0,0,3.000000,4.000000
35,logistic,1,5,62,0,0,2,1.868823,113.000000,0.233603,41,0.418107,41,0,0,0,0.418107,0.418107,0.000000,0.000000,0.418107,-0.000487,0,50,1,0,41,13,26,113.000000,72.000000,18.833300,0.243638,0.348095,0.224951,0.000401,0.009894,0.008587,0.009894,1,0,1,fixed,1,1,0,0,3.000000,4.000000
35,logistic,1,5,63,0,0,2,1.973795,113.000000,0.246724,41,0.418107,41,0,0,0,0.418107,0.418107,0.000000,0.000000,0.418107,-0.000487,0,50,1,0,41,13,26,113.000000,72.000000,18.833300,0.243310,0.348095,0.237586,0.000401,0.009906,0.009138,0.009906,1,0,1,fixed,1,1,0,0,3.000000,4.000000
35,logistic,1,5,64,2,2,4,0.000000,18.833300,2.123898,26,0.418107,41,0,2,0,0.418107,0.418107,0.000000,0.000000,0.418107,-0.000487,0,50,1,-1,41,13,26,113.000000,72.000000,18.833300,0.353982,0.555556,2.123898,-0.013286,-0.004638,0.000401,0.000000,1,0,1,fixed,1,1,0,0,3.000000,4.000000
35,logistic,1,5,65,0,0,2,1.865590,113.000000,0.233199,41,0.418107,41,0,0,0,0.418107,0.418107,0.000000,0.000000,0.418107,-0.000487,0,50,1,0,41,13,26,113.000000,72.000000,18.833300,0.243648,0.348095,0.224562,0.000401,0.009893,0.008569,0.009893,1,0,1,fixed,1,1,0,0,3.000000,4.000000
35,logistic,1,5,66,0,0,2,1.973806,113.000000,0.246726,41,0.418107,41,0,0,0,0.418107,0.418107,0.000000,0.000000,0.418107,-0.000487,0,50,1,0,41,13,26,113.000000,72.000000,18.833300,0.243310,0.348095,0.237588,0.000401,0.009906,0.009138,0.009906,1,0,1,fixed,1,1,0,0,3.000000,4.000000
35,logistic,1,5,67,2,2,3,0.000000,18.833300,5.309744,26,0.418107,41,0,2,0,0.418107,0.418107,0.000000,0.000000,0.418107,-0.000487,0,50,1,-1,41,13,26,113.000000,72.000000,18.833300,0.884956,1.388889,5.309744,-0.010371,-0.002927,0.000401,0.000000,1,0,1,fixed,1,1,0,0,3.000000,4.000000
35,logistic,1,5,68,0,0,2,2.000061,113.000000,0.250008,41,0.418107,41,0,0,0,0.418107,0.418107,0.000000,0.000000,0.418107,-0.000487,0,50,1,0,41,13,26,113.000000,72.000000,18.833300,0.243228,0.348095,0.240748,0.000401,0.009909,0.009268,0.009909,1,0,1,fixed,1,1,0,0,3.000000,4.000000
35,logistic,1,5,69,0,0,2,1.998898,113.000000,0.249862,41,0.418107,41,0,0,0,0.418107,0.418107,0.000000,0.000000,0.418107,-0.000487,0,50,1,0,41,13,26,113.000000,72.000000,18.833300,0.243232,0.348095,0.240608,0.000401,0.009909,0.009262,0.009909,1,0,1,fixed,1,1,0,0,3.000000,4.000000
35,logistic,1,5,70,0,0,2,1.973771,113.000000,0.246721,41,0.418107,41,0,0,0,0.418107,0.418107,0.000000,0.000000,0.418107,-0.000487,0,50,1,0,41,13,26,113.000000,72.000000,18.833300,0.243310,0.348095,0.237584,0.000401,0.009906,0.009138,0.009906,1,0,1,fixed,1,1,0,0,3.000000,4.000000
35,logistic,1,5,71,2,2,4,0.000000,18.833300,2.123898,26,0.418107,41,0,2,0,0.418107,0.418107,0.000000,0.000000,0.418107,-0.000487,0,50,1,-1,41,13,26,113.000000,72.000000,18.833300,0.353982,0.555556,2.123898,-0.013286,-0.004638,0.000401,0.000000,1,0,1,fixed,1,1,0,0,3.000000,4.000000
35,logistic,1,5,72,2,2,4,0.000000,18.833300,2.123898,26,0.418107,41,0,2,0,0.418107,0.418107,0.000000,0.000000,0.418107,-0.000487,0,50,1,-1,41,13,26,113.000000,72.000000,18.833300,0.353982,0.555556,2.123898,-0.013286,-0.004638,0.000401,0.000000,1,0,1,fixed,1,1,0,0,3.000000,4.000000
35,logistic,1,5,73,2,2,4,0.000000,18.833300,2.123898,26,0.418107,41,0,2,0,0.418107,0.418107,0.000000,0.000000,0.418107,-0.000487,0,50,1,-1,41,13,26,113.000000,72.000000,18.833300,0.353982,0.555556,2.123898,-0.013286,-0.004638,0.000401,0.000000,1,0,1,fixed,1,1,0,0,3.000000,4.000000
35,logistic,1,5,74,2,2,3,0.000000,18.833300,5.309744,26,0.418107,41,0,2,0,0.418107,0.418107,0.000000,0.000000,0.418107,-0.000487,0,50,1,-1,41,13,26,113.000000,72.000000,18.833300,0.884956,1.388889,5.309744,-0.010371,-0.002927,0.000401,0.000000,1,0,1,fixed,1,1,0,0,3.000000,4.000000
35,logistic,1,5,75,1,1,1,2.698585,72.000000,0.899528,13,0.418107,41,0,1,0,0.418107,0.418107,0.000000,0.000000,0.418107,-0.000487,0,50,1,-1,41,13,26,113.000000,72.000000,18.833300,0.633596,1.008001,0.866212,-0.007695,0.000401,0.002075,0.002075,1,0,1,fixed,1,1,0,0,3.000000,4.000000
35,logistic,1,5,76,2,2,3,0.000000,18.833300,5.309744,26,0.418107,41,0,2,0,0.418107,0.418107,0.000000,0.000000,0.418107,-0.000487,0,50,1,-1,41,13,26,113.000000,72.000000,18.833300,0.884956,1.388889,5.309744,-0.010371,-0.002927,0.000401,0.000000,1,0,1,fixed,1,1,0,0,3.000000,4.000000
35,logistic,1,5,77,0,0,2,1.973771,113.000000,0.246721,41,0.418107,41,0,0,0,0.418107,0.418107,0.000000,0.000000,0.418107,-0.000487,0,50,1,0,41,13,26,113.000000,72.000000,18.833300,0.243310,0.348095,0.237584,0.000401,0.009906,0.009138,0.009906,1,0,1,fixed,1,1,0,0,3.000000,4.000000
35,logistic,1,5,78,0,0,2,1.990083,113.000000,0.248760,41,0.418107,41,0,0,0,0.418107,0.418107,0.000000,0.000000,0.418107,-0.000487,0,50,1,0,41,13,26,113.000000,72.000000,18.833300,0.243259,0.348095,0.239547,0.000401,0.009908,0.009219,0.009908,1,0,1,fixed,1,1,0,0,3.000000,4.000000
35,logistic,1,5,79,2,2,4,0.000000,18.833300,2.123898,26,0.418107,41,0,2,0,0.418107,0.418107,0.000000,0.000000,0.418107,-0.000487,0,50,1,-1,41,13,26,113.000000,72.000000,18.833300,0.353982,0.555556,2.123898,-0.013286,-0.004638,0.000401,0.000000,1,0,1,fixed,1,1,0,0,3.000000,4.000000
35,logistic,1,5,80,2,2,3,0.000000,18.833300,5.309744,26,0.418107,41,0,2,0,0.418107,0.418107,0.000000,0.000000,0.418107,-0.000487,0,50,1,-1,41,13,26,113.000000,72.000000,18.833300,0.884956,1.388889,5.309744,-0.010371,-0.002927,0.000401,0.000000,1,0,1,fixed,1,1,0,0,3.000000,4.000000
