seed,method,max_switches,cycle_id,ue_id,previous_bs_id,current_bs_id,app_type,tp_mbps,rtt_ms,satisfaction,num_users_on_current_bs,harmonic_mean,num_unsatisfied_users,target_ue_flag,action_selected_bs_id,switch_flag,h_before,h_after_estimated,reward,estimated_reward,h_after_measured,measured_reward,switch_count,num_degraded_users,measurement_valid,candidate_type,num_users_ap0,num_users_ap1,num_users_ap2,monitor_rtt_ap0,monitor_rtt_ap1,monitor_rtt_ap2,estimated_satisfaction_if_ap0,estimated_satisfaction_if_ap1,estimated_satisfaction_if_ap2,estimated_h_delta_if_ap0,estimated_h_delta_if_ap1,estimated_h_delta_if_ap2,best_estimated_h_delta,effective_max_switches,applied_switches_in_cycle,remaining_switch_budget,k_schedule_type,k_max,k_min,k_decay_rate,stop_action_flag,warmup_before_cycle_sec,cycle_start_offset_sec
11,logistic,1,1,1,2,2,1,2.146843,62.333300,0.715614,28,0.426365,29,0,1,1,0.426365,0.804534,0.378169,0.378169,0.426365,0.000000,53,0,1,-1,33,19,28,93.000000,83.333300,62.333300,1.097479,1.110925,0.724767,0.006090,0.006785,0.000150,0.006785,1,53,0,fixed,1,1,0,0,3.000000,4.000000
11,logistic,1,1,2,2,2,4,0.000000,62.333300,0.641712,28,0.426365,29,0,2,0,0.426365,0.804534,0.378169,0.378169,0.426365,0.000000,53,0,1,-1,33,19,28,93.000000,83.333300,62.333300,0.430108,0.480000,0.641712,0.003335,0.004556,0.000150,0.004556,1,53,0,fixed,1,1,0,0,3.000000,4.000000
11,logistic,1,1,3,1,1,2,5.456775,83.333300,0.682097,19,0.426365,29,0,0,1,0.426365,0.804534,0.378169,0.378169,0.426365,0.000000,53,0,1,-1,33,19,28,93.000000,83.333300,62.333300,0.535726,0.671110,0.112646,-0.001528,0.000150,-0.021251,0.000000,1,53,0,fixed,1,1,0,0,3.000000,4.000000
11,logistic,1,1,4,0,0,1,3.504295,93.000000,1.168098,33,0.426365,29,0,1,1,0.426365,0.804534,0.378169,0.378169,0.426365,0.000000,53,0,1,1,33,19,28,93.000000,83.333300,62.333300,1.126066,1.110925,0.698008,0.000150,0.000712,-0.005966,0.000712,1,53,0,fixed,1,1,0,0,3.000000,4.000000
11,logistic,1,1,5,0,0,4,0.000000,93.000000,0.430108,33,0.426365,29,0,2,1,0.426365,0.804534,0.378169,0.378169,0.426365,0.000000,53,0,1,0,33,19,28,93.000000,83.333300,62.333300,0.430108,0.480000,0.641712,0.000150,0.001353,-0.002988,0.001353,1,53,0,fixed,1,1,0,0,3.000000,4.000000
11,logistic,1,1,6,2,2,1,2.165781,62.333300,0.721927,28,0.426365,29,0,1,1,0.426365,0.804534,0.378169,0.378169,0.426365,0.000000,53,0,1,-1,33,19,28,93.000000,83.333300,62.333300,1.097479,1.110925,0.723189,0.006096,0.006792,0.000150,0.006792,1,53,0,fixed,1,1,0,0,3.000000,4.000000
11,logistic,1,1,7,0,0,4,0.000000,93.000000,0.430108,33,0.426365,29,0,2,1,0.426365,0.804534,0.378169,0.378169,0.426365,0.000000,53,0,1,0,33,19,28,93.000000,83.333300,62.333300,0.430108,0.480000,0.641712,0.000150,0.001353,-0.002988,0.001353,1,53,0,fixed,1,1,0,0,3.000000,4.000000
11,logistic,1,1,8,1,1,4,0.000000,83.333300,0.480000,19,0.426365,29,0,2,1,0.426365,0.804534,0.378169,0.378169,0.426365,0.000000,53,0,1,0,33,19,28,93.000000,83.333300,62.333300,0.430108,0.480000,0.641712,-0.001046,0.000150,-0.004167,0.000000,1,53,0,fixed,1,1,0,0,3.000000,4.000000
11,logistic,1,1,9,0,0,1,3.506685,93.000000,1.168895,33,0.426365,29,0,1,1,0.426365,0.804534,0.378169,0.378169,0.426365,0.000000,53,0,1,1,33,19,28,93.000000,83.333300,62.333300,1.125966,1.110925,0.698008,0.000150,0.000712,-0.005965,0.000712,1,53,0,fixed,1,1,0,0,3.000000,4.000000
11,logistic,1,1,10,2,2,2,0.933305,62.333300,0.116663,28,0.426365,29,0,0,1,0.426365,0.804534,0.378169,0.378169,0.426365,0.000000,53,0,1,0,33,19,28,93.000000,83.333300,62.333300,0.535726,0.639294,0.116669,0.020534,0.022007,0.000150,0.022007,1,53,0,fixed,1,1,0,0,3.000000,4.000000
11,logistic,1,1,11,0,0,4,0.000000,93.000000,0.430108,33,0.426365,29,0,2,1,0.426365,0.804534,0.378169,0.378169,0.426365,0.000000,53,0,1,0,33,19,28,93.000000,83.333300,62.333300,0.430108,0.480000,0.641712,0.000150,0.001353,-0.002988,0.001353,1,53,0,fixed,1,1,0,0,3.000000,4.000000
11,logistic,1,1,12,0,0,4,0.000000,93.000000,0.430108,33,0.426365,29,0,2,1,0.426365,0.804534,0.378169,0.378169,0.426365,0.000000,53,0,1,0,33,19,28,93.000000,83.333300,62.333300,0.430108,0.480000,0.641712,0.000150,0.001353,-0.002988,0.001353,1,53,0,fixed,1,1,0,0,3.000000,4.000000
11,logistic,1,1,13,2,2,2,0.934398,62.333300,0.116800,28,0.426365,29,0,0,1,0.426365,0.804534,0.378169,0.378169,0.426365,0.000000,53,0,1,0,33,19,28,93.000000,83.333300,62.333300,0.535726,0.639294,0.116652,0.020537,0.022011,0.000150,0.022011,1,53,0,fixed,1,1,0,0,3.000000,4.000000
11,logistic,1,1,14,0,0,4,0.000000,93.000000,0.430108,33,0.426365,29,0,2,1,0.426365,0.804534,0.378169,0.378169,0.426365,0.000000,53,0,1,0,33,19,28,93.000000,83.333300,62.333300,0.430108,0.480000,0.641712,0.000150,0.001353,-0.002988,0.001353,1,53,0,fixed,1,1,0,0,3.000000,4.000000
11,logistic,1,1,15,0,0,2,4.416362,93.000000,0.552045,33,0.426365,29,0,0,0,0.426365,0.804534,0.378169,0.378169,0.426365,0.000000,53,0,1,-1,33,19,28,93.000000,83.333300,62.333300,0.551952,0.639294,0.112646,0.000150,0.001241,-0.019952,0.001241,1,53,0,fixed,1,1,0,0,3.000000,4.000000
11,logistic,1,1,16,0,0,3,0.000000,93.000000,1.075269,33,0.426365,29,0,2,1,0.426365,0.804534,0.378169,0.378169,0.426365,0.000000,53,0,1,1,33,19,28,93.000000,83.333300,62.333300,1.075269,1.200000,1.604279,0.000150,0.001021,-0.004016,0.001021,1,53,0,fixed,1,1,0,0,3.000000,4.000000
11,logistic,1,1,17,1,1,1,3.508497,83.333300,1.169499,19,0.426365,29,0,1,0,0.426365,0.804534,0.378169,0.378169,0.426365,0.000000,53,0,1,-1,33,19,28,93.000000,83.333300,62.333300,1.097479,1.169291,0.698008,-0.000728,0.000150,-0.006708,0.000000,1,53,0,fixed,1,1,0,0,3.000000,4.000000
11,logistic,1,1,18,0,0,4,0.000000,93.000000,0.430108,33,0.426365,29,0,2,1,0.426365,0.804534,0.378169,0.378169,0.426365,0.000000,53,0,1,0,33,19,28,93.000000,83.333300,62.333300,0.430108,0.480000,0.641712,0.000150,0.001353,-0.002988,0.001353,1,53,0,fixed,1,1,0,0,3.000000,4.000000
11,logistic,1,1,19,2,2,4,0.000000,62.333300,0.641712,28,0.426365,29,0,2,0,0.426365,0.804534,0.378169,0.378169,0.426365,0.000000,53,0,1,-1,33,19,28,93.000000,83.333300,62.333300,0.430108,0.480000,0.641712,0.003335,0.004556,0.000150,0.004556,1,53,0,fixed,1,1,0,0,3.000000,4.000000
11,logistic,1,1,20,1,1,2,5.323388,83.333300,0.665424,19,0.426365,29,0,0,1,0.426365,0.804534,0.378169,0.378169,0.426365,0.000000,53,0,1,-1,33,19,28,93.000000,83.333300,62.333300,0.535726,0.674445,0.112646,-0.001544,0.000150,-0.021265,0.000000,1,53,0,fixed,1,1,0,0,3.000000,4.000000
11,logistic,1,1,21,1,1,2,5.321215,83.333300,0.665152,19,0.426365,29,0,0,1,0.426365,0.804534,0.378169,0.378169,0.426365,0.000000,53,0,1,-1,33,19,28,93.000000,83.333300,62.333300,0.535726,0.674499,0.112646,-0.001544,0.000150,-0.021266,0.000000,1,53,0,fixed,1,1,0,0,3.000000,4.000000
11,logistic,1,1,22,2,2,4,0.000000,62.333300,0.641712,28,0.426365,29,0,2,0,0.426365,0.804534,0.378169,0.378169,0.426365,0.000000,53,0,1,-1,33,19,28,93.000000,83.333300,62.333300,0.430108,0.480000,0.641712,0.003335,0.004556,0.000150,0.004556,1,53,0,fixed,1,1,0,0,3.000000,4.000000
11,logistic,1,1,23,0,0,1,3.504241,93.000000,1.168080,33,0.426365,29,0,1,1,0.426365,0.804534,0.378169,0.378169,0.426365,0.000000,53,0,1,1,33,19,28,93.000000,83.333300,62.333300,1.126068,1.110925,0.698008,0.000150,0.000712,-0.005966,0.000712,1,53,0,fixed,1,1,0,0,3.000000,4.000000
11,logistic,1,1,24,0,0,4,0.000000,93.000000,0.430108,33,0.426365,29,0,2,1,0.426365,0.804534,0.378169,0.378169,0.426365,0.000000,53,0,1,0,33,19,28,93.000000,83.333300,62.333300,0.430108,0.480000,0.641712,0.000150,0.001353,-0.002988,0.001353,1,53,0,fixed,1,1,0,0,3.000000,4.000000
11,logistic,1,1,25,1,1,2,5.317982,83.333300,0.664748,19,0.426365,29,0,0,1,0.426365,0.804534,0.378169,0.378169,0.426365,0.000000,53,0,1,-1,33,19,28,93.000000,83.333300,62.333300,0.535726,0.674580,0.112646,-0.001544,0.000150,-0.021266,0.000000,1,53,0,fixed,1,1,0,0,3.000000,4.000000
11,logistic,1,1,26,1,1,3,0.000000,83.333300,1.200000,19,0.426365,29,0,2,1,0.426365,0.804534,0.378169,0.378169,0.426365,0.000000,53,0,1,-1,33,19,28,93.000000,83.333300,62.333300,1.075269,1.200000,1.604279,-0.000718,0.000150,-0.004868,0.000000,1,53,0,fixed,1,1,0,0,3.000000,4.000000
11,logistic,1,1,27,2,2,3,0.000000,62.333300,1.604279,28,0.426365,29,0,2,0,0.426365,0.804534,0.378169,0.378169,0.426365,0.000000,53,0,1,1,33,19,28,93.000000,83.333300,62.333300,1.075269,1.200000,1.604279,0.004399,0.005288,0.000150,0.005288,1,53,0,fixed,1,1,0,0,3.000000,4.000000
11,logistic,1,1,28,1,1,4,0.000000,83.333300,0.480000,19,0.426365,29,0,2,1,0.426365,0.804534,0.378169,0.378169,0.426365,0.000000,53,0,1,0,33,19,28,93.000000,83.333300,62.333300,0.430108,0.480000,0.641712,-0.001046,0.000150,-0.004167,0.000000,1,53,0,fixed,1,1,0,0,3.000000,4.000000
11,logistic,1,1,29,0,0,1,3.351501,93.000000,1.117167,33,0.426365,29,0,1,1,0.426365,0.804534,0.378169,0.378169,0.426365,0.000000,53,0,1,1,33,19,28,93.000000,83.333300,62.333300,1.132432,1.110925,0.698008,0.000150,0.000701,-0.005976,0.000701,1,53,0,fixed,1,1,0,0,3.000000,4.000000
11,logistic,1,1,30,2,2,3,0.000000,62.333300,1.604279,28,0.426365,29,0,2,0,0.426365,0.804534,0.378169,0.378169,0.426365,0.000000,53,0,1,1,33,19,28,93.000000,83.333300,62.333300,1.075269,1.200000,1.604279,0.004399,0.005288,0.000150,0.005288,1,53,0,fixed,1,1,0,0,3.000000,4.000000
11,logistic,1,1,31,0,0,2,4.416397,93.000000,0.552050,33,0.426365,29,0,0,0,0.426365,0.804534,0.378169,0.378169,0.426365,0.000000,53,0,1,-1,33,19,28,93.000000,83.333300,62.333300,0.551951,0.639294,0.112646,0.000150,0.001241,-0.019952,0.001241,1,53,0,fixed,1,1,0,0,3.000000,4.000000
11,logistic,1,1,32,0,0,2,4.416350,93.000000,0.552044,33,0.426365,29,0,0,0,0.426365,0.804534,0.378169,0.378169,0.426365,0.000000,53,0,1,-1,33,19,28,93.000000,83.333300,62.333300,0.551952,0.639294,0.112646,0.000150,0.001241,-0.019952,0.001241,1,53,0,fixed,1,1,0,0,3.000000,4.000000
11,logistic,1,1,33,0,0,2,4.416279,93.000000,0.552035,33,0.426365,29,0,0,0,0.426365,0.804534,0.378169,0.378169,0.426365,0.000000,53,0,1,-1,33,19,28,93.000000,83.333300,62.333300,0.551953,0.639294,0.112646,0.000150,0.001241,-0.019952,0.001241,1,53,0,fixed,1,1,0,0,3.000000,4.000000
11,logistic,1,1,34,0,0,1,3.506685,93.000000,1.168895,33,0.426365,29,0,1,1,0.426365,0.804534,0.378169,0.378169,0.426365,0.000000,53,0,1,1,33,19,28,93.000000,83.333300,62.333300,1.125966,1.110925,0.698008,0.000150,0.000712,-0.005965,0.000712,1,53,0,fixed,1,1,0,0,3.000000,4.000000
11,logistic,1,1,35,1,1,4,0.000000,83.333300,0.480000,19,0.426365,29,0,2,1,0.426365,0.804534,0.378169,0.378169,0.426365,0.000000,53,0,1,0,33,19,28,93.000000,83.333300,62.333300,0.430108,0.480000,0.641712,-0.001046,0.000150,-0.004167,0.000000,1,53,0,fixed,1,1,0,0,3.000000,4.000000
11,logistic,1,1,36,0,0,2,4.416348,93.000000,0.552044,33,0.426365,29,0,0,0,0.426365,0.804534,0.378169,0.378169,0.426365,0.000000,53,0,1,-1,33,19,28,93.000000,83.333300,62.333300,0.551952,0.639294,0.112646,0.000150,0.001241,-0.019952,0.001241,1,53,0,fixed,1,1,0,0,3.000000,4.000000
11,logistic,1,1,37,1,1,4,0.000000,83.333300,0.480000,19,0.426365,29,0,2,1,0.426365,0.804534,0.378169,0.378169,0.426365,0.000000,53,0,1,0,33,19,28,93.000000,83.333300,62.333300,0.430108,0.480000,0.641712,-0.001046,0.000150,-0.004167,0.000000,1,53,0,fixed,1,1,0,0,3.000000,4.000000
11,logistic,1,1,38,0,0,2,4.416396,93.000000,0.552049,33,0.426365,29,0,0,0,0.426365,0.804534,0.378169,0.378169,0.426365,0.000000,53,0,1,-1,33,19,28,93.000000,83.333300,62.333300,0.551951,0.639294,0.112646,0.000150,0.001241,-0.019952,0.001241,1,53,0,fixed,1,1,0,0,3.000000,4.000000
11,logistic,1,1,39,1,1,4,0.000000,83.333300,0.480000,19,0.426365,29,0,2,1,0.426365,0.804534,0.378169,0.378169,0.426365,0.000000,53,0,1,0,33,19,28,93.000000,83.333300,62.333300,0.430108,0.480000,0.641712,-0.001046,0.000150,-0.004167,0.000000,1,53,0,fixed,1,1,0,0,3.000000,4.000000
11,logistic,1,1,40,2,2,4,0.000000,62.333300,0.641712,28,0.426365,29,0,2,0,0.426365,0.804534,0.378169,0.378169,0.426365,0.000000,53,0,1,-1,33,19,28,93.000000,83.333300,62.333300,0.430108,0.480000,0.641712,0.003335,0.004556,0.000150,0.004556,1,53,0,fixed,1,1,0,0,3.000000,4.000000
11,logistic,1,1,41,2,2,4,0.000000,62.333300,0.641712,28,0.426365,29,0,2,0,0.426365,0.804534,0.378169,0.378169,0.426365,0.000000,53,0,1,-1,33,19,28,93.000000,83.333300,62.333300,0.430108,0.480000,0.641712,0.003335,0.004556,0.000150,0.004556,1,53,0,fixed,1,1,0,0,3.000000,4.000000
11,logistic,1,1,42,2,2,4,0.000000,62.333300,0.641712,28,0.426365,29,0,2,0,0.426365,0.804534,0.378169,0.378169,0.426365,0.000000,53,0,1,-1,33,19,28,93.000000,83.333300,62.333300,0.430108,0.480000,0.641712,0.003335,0.004556,0.000150,0.004556,1,53,0,fixed,1,1,0,0,3.000000,4.000000
11,logistic,1,1,43,1,1,4,0.000000,83.333300,0.480000,19,0.426365,29,0,2,1,0.426365,0.804534,0.378169,0.378169,0.426365,0.000000,53,0,1,0,33,19,28,93.000000,83.333300,62.333300,0.430108,0.480000,0.641712,-0.001046,0.000150,-0.004167,0.000000,1,53,0,fixed,1,1,0,0,3.000000,4.000000
11,logistic,1,1,44,2,2,2,0.932224,62.333300,0.116528,28,0.426365,29,1,0,1,0.426365,0.804534,0.378169,0.378169,0.426365,0.000000,53,0,1,0,33,19,28,93.000000,83.333300,62.333300,0.535726,0.639294,0.116686,0.020531,0.022004,0.000150,0.022004,1,53,0,fixed,1,1,0,0,3.000000,4.000000
11,logistic,1,1,45,0,0,4,0.000000,93.000000,0.430108,33,0.426365,29,0,2,1,0.426365,0.804534,0.378169,0.378169,0.426365,0.000000,53,0,1,0,33,19,28,93.000000,83.333300,62.333300,0.430108,0.480000,0.641712,0.000150,0.001353,-0.002988,0.001353,1,53,0,fixed,1,1,0,0,3.000000,4.000000
11,logistic,1,1,46,0,0,1,3.505517,93.000000,1.168506,33,0.426365,29,0,1,1,0.426365,0.804534,0.378169,0.378169,0.426365,0.000000,53,0,1,1,33,19,28,93.000000,83.333300,62.333300,1.126015,1.110925,0.698008,0.000150,0.000712,-0.005965,0.000712,1,53,0,fixed,1,1,0,0,3.000000,4.000000
11,logistic,1,1,47,2,2,2,0.933377,62.333300,0.116672,28,0.426365,29,0,0,1,0.426365,0.804534,0.378169,0.378169,0.426365,0.000000,53,0,1,0,33,19,28,93.000000,83.333300,62.333300,0.535726,0.639294,0.116668,0.020534,0.022008,0.000150,0.022008,1,53,0,fixed,1,1,0,0,3.000000,4.000000
11,logistic,1,1,48,2,2,4,0.000000,62.333300,0.641712,28,0.426365,29,0,2,0,0.426365,0.804534,0.378169,0.378169,0.426365,0.000000,53,0,1,-1,33,19,28,93.000000,83.333300,62.333300,0.430108,0.480000,0.641712,0.003335,0.004556,0.000150,0.004556,1,53,0,fixed,1,1,0,0,3.000000,4.000000
11,logistic,1,1,49,0,0,2,4.407568,93.000000,0.550946,33,0.426365,29,0,0,0,0.426365,0.804534,0.378169,0.378169,0.426365,0.000000,53,0,1,-1,33,19,28,93.000000,83.333300,62.333300,0.552061,0.639294,0.112646,0.000150,0.001240,-0.019953,0.001240,1,53,0,fixed,1,1,0,0,3.000000,4.000000
11,logistic,1,1,50,0,0,2,4.417399,93.000000,0.552175,33,0.426365,29,0,0,0,0.426365,0.804534,0.378169,0.378169,0.426365,0.000000,53,0,1,-1,33,19,28,93.000000,83.333300,62.333300,0.551939,0.639294,0.112646,0.000150,0.001241,-0.019952,0.001241,1,53,0,fixed,1,1,0,0,3.000000,4.000000
11,logistic,1,1,51,2,2,2,0.933365,62.333300,0.116671,28,0.426365,29,0,0,1,0.426365,0.804534,0.378169,0.378169,0.426365,0.000000,53,0,1,0,33,19,28,93.000000,83.333300,62.333300,0.535726,0.639294,0.116669,0.020534,0.022008,0.000150,0.022008,1,53,0,fixed,1,1,0,0,3.000000,4.000000
11,logistic,1,1,52,0,0,1,3.504033,93.000000,1.168011,33,0.426365,29,0,1,1,0.426365,0.804534,0.378169,0.378169,0.426365,0.000000,53,0,1,1,33,19,28,93.000000,83.333300,62.333300,1.126077,1.110925,0.698008,0.000150,0.000712,-0.005966,0.000712,1,53,0,fixed,1,1,0,0,3.000000,4.000000
11,logistic,1,1,53,1,1,4,0.000000,83.333300,0.480000,19,0.426365,29,0,2,1,0.426365,0.804534,0.378169,0.378169,0.426365,0.000000,53,0,1,0,33,19,28,93.000000,83.333300,62.333300,0.430108,0.480000,0.641712,-0.001046,0.000150,-0.004167,0.000000,1,53,0,fixed,1,1,0,0,3.000000,4.000000
11,logistic,1,1,54,0,0,2,4.416446,93.000000,0.552056,33,0.426365,29,0,0,0,0.426365,0.804534,0.378169,0.378169,0.426365,0.000000,53,0,1,-1,33,19,28,93.000000,83.333300,62.333300,0.551950,0.639294,0.112646,0.000150,0.001241,-0.019952,0.001241,1,53,0,fixed,1,1,0,0,3.000000,4.000000
11,logistic,1,1,55,2,2,3,0.000000,62.333300,1.604279,28,0.426365,29,0,2,0,0.426365,0.804534,0.378169,0.378169,0.426365,0.000000,53,0,1,1,33,19,28,93.000000,83.333300,62.333300,1.075269,1.200000,1.604279,0.004399,0.005288,0.000150,0.005288,1,53,0,fixed,1,1,0,0,3.000000,4.000000
11,logistic,1,1,56,1,1,2,5.441478,83.333300,0.680185,19,0.426365,29,0,0,1,0.426365,0.804534,0.378169,0.378169,0.426365,0.000000,53,0,1,-1,33,19,28,93.000000,83.333300,62.333300,0.535726,0.671492,0.112646,-0.001530,0.000150,-0.021253,0.000000,1,53,0,fixed,1,1,0,0,3.000000,4.000000
11,logistic,1,1,57,2,2,3,0.000000,62.333300,1.604279,28,0.426365,29,0,2,0,0.426365,0.804534,0.378169,0.378169,0.426365,0.000000,53,0,1,1,33,19,28,93.000000,83.333300,62.333300,1.075269,1.200000,1.604279,0.004399,0.005288,0.000150,0.005288,1,53,0,fixed,1,1,0,0,3.000000,4.000000
11,logistic,1,1,58,2,2,1,2.096137,62.333300,0.698712,28,0.426365,29,0,1,1,0.426365,0.804534,0.378169,0.378169,0.426365,0.000000,53,0,1,-1,33,19,28,93.000000,83.333300,62.333300,1.097479,1.110925,0.728993,0.006072,0.006767,0.000150,0.006767,1,53,0,fixed,1,1,0,0,3.000000,4.000000
11,logistic,1,1,59,1,1,3,0.000000,83.333300,1.200000,19,0.426365,29,0,2,1,0.426365,0.804534,0.378169,0.378169,0.426365,0.000000,53,0,1,-1,33,19,28,93.000000,83.333300,62.333300,1.075269,1.200000,1.604279,-0.000718,0.000150,-0.004868,0.000000,1,53,0,fixed,1,1,0,0,3.000000,4.000000
11,logistic,1,1,60,2,2,3,0.000000,62.333300,1.604279,28,0.426365,29,0,2,0,0.426365,0.804534,0.378169,0.378169,0.426365,0.000000,53,0,1,1,33,19,28,93.000000,83.333300,62.333300,1.075269,1.200000,1.604279,0.004399,0.005288,0.000150,0.005288,1,53,0,fixed,1,1,0,0,3.000000,4.000000
11,logistic,1,1,61,2,2,2,0.933329,62.333300,0.116666,28,0.426365,29,0,0,1,0.426365,0.804534,0.378169,0.378169,0.426365,0.000000,53,0,1,0,33,19,28,93.000000,83.333300,62.333300,0.535726,0.639294,0.116669,0.020534,0.022008,0.000150,0.022008,1,53,0,fixed,1,1,0,0,3.000000,4.000000
11,logistic,1,1,62,1,1,4,0.000000,83.333300,0.480000,19,0.426365,29,0,2,1,0.426365,0.804534,0.378169,0.378169,0.426365,0.000000,53,0,1,0,33,19,28,93.000000,83.333300,62.333300,0.430108,0.480000,0.641712,-0.001046,0.000150,-0.004167,0.000000,1,53,0,fixed,1,1,0,0,3.000000,4.000000
11,logistic,1,1,63,2,2,1,2.225650,62.333300,0.741883,28,0.426365,29,0,1,1,0.426365,0.804534,0.378169,0.378169,0.426365,0.000000,53,0,1,-1,33,19,28,93.000000,83.333300,62.333300,1.097479,1.110925,0.718200,0.006118,0.006813,0.000150,0.006813,1,53,0,fixed,1,1,0,0,3.000000,4.000000
11,logistic,1,1,64,0,0,4,0.000000,93.000000,0.430108,33,0.426365,29,0,2,1,0.426365,0.804534,0.378169,0.378169,0.426365,0.000000,53,0,1,0,33,19,28,93.000000,83.333300,62.333300,0.430108,0.480000,0.641712,0.000150,0.001353,-0.002988,0.001353,1,53,0,fixed,1,1,0,0,3.000000,4.000000
11,logistic,1,1,65,0,0,2,4.416457,93.000000,0.552057,33,0.426365,29,0,0,0,0.426365,0.804534,0.378169,0.378169,0.426365,0.000000,53,0,1,-1,33,19,28,93.000000,83.333300,62.333300,0.551950,0.639294,0.112646,0.000150,0.001241,-0.019952,0.001241,1,53,0,fixed,1,1,0,0,3.000000,4.000000
11,logistic,1,1,66,2,2,4,0.000000,62.333300,0.641712,28,0.426365,29,0,2,0,0.426365,0.804534,0.378169,0.378169,0.426365,0.000000,53,0,1,-1,33,19,28,93.000000,83.333300,62.333300,0.430108,0.480000,0.641712,0.003335,0.004556,0.000150,0.004556,1,53,0,fixed,1,1,0,0,3.000000,4.000000
11,logistic,1,1,67,1,1,4,0.000000,83.333300,0.480000,19,0.426365,29,0,2,1,0.426365,0.804534,0.378169,0.378169,0.426365,0.000000,53,0,1,0,33,19,28,93.000000,83.333300,62.333300,0.430108,0.480000,0.641712,-0.001046,0.000150,-0.004167,0.000000,1,53,0,fixed,1,1,0,0,3.000000,4.000000
11,logistic,1,1,68,2,2,2,0.933376,62.333300,0.116672,28,0.426365,29,0,0,1,0.426365,0.804534,0.378169,0.378169,0.426365,0.000000,53,0,1,0,33,19,28,93.000000,83.333300,62.333300,0.535726,0.639294,0.116668,0.020534,0.022008,0.000150,0.022008,1,53,0,fixed,1,1,0,0,3.000000,4.000000
11,logistic,1,1,69,0,0,4,0.000000,93.000000,0.430108,33,0.426365,29,0,2,1,0.426365,0.804534,0.378169,0.378169,0.426365,0.000000,53,0,1,0,33,19,28,93.000000,83.333300,62.333300,0.430108,0.480000,0.641712,0.000150,0.001353,-0.002988,0.001353,1,53,0,fixed,1,1,0,0,3.000000,4.000000
11,logistic,1,1,70,2,2,2,0.933388,62.333300,0.116674,28,0.426365,29,0,0,1,0.426365,0.804534,0.378169,0.378169,0.426365,0.000000,53,0,1,0,33,19,28,93.000000,83.333300,62.333300,0.535726,0.639294,0.116668,0.020534,0.022008,0.000150,0.022008,1,53,0,fixed,1,1,0,0,3.000000,4.000000
11,logistic,1,1,71,2,2,2,0.933388,62.333300,0.116674,28,0.426365,29,0,0,1,0.426365,0.804534,0.378169,0.378169,0.426365,0.000000,53,0,1,0,33,19,28,93.000000,83.333300,62.333300,0.535726,0.639294,0.116668,0.020534,0.022008,0.000150,0.022008,1,53,0,fixed,1,1,0,0,3.000000,4.000000
11,logistic,1,1,72,1,1,2,5.440338,83.333300,0.680042,19,0.426365,29,0,0,1,0.426365,0.804534,0.378169,0.378169,0.426365,0.000000,53,0,1,-1,33,19,28,93.000000,83.333300,62.333300,0.535726,0.671521,0.112646,-0.001530,0.000150,-0.021253,0.000000,1,53,0,fixed,1,1,0,0,3.000000,4.000000
11,logistic,1,1,73,0,0,3,0.000000,93.000000,1.075269,33,0.426365,29,0,2,1,0.426365,0.804534,0.378169,0.378169,0.426365,0.000000,53,0,1,1,33,19,28,93.000000,83.333300,62.333300,1.075269,1.200000,1.604279,0.000150,0.001021,-0.004016,0.001021,1,53,0,fixed,1,1,0,0,3.000000,4.000000
11,logistic,1,1,74,0,0,1,3.506074,93.000000,1.168691,33,0.426365,29,0,1,1,0.426365,0.804534,0.378169,0.378169,0.426365,0.000000,53,0,1,1,33,19,28,93.000000,83.333300,62.333300,1.125992,1.110925,0.698008,0.000150,0.000712,-0.005965,0.000712,1,53,0,fixed,1,1,0,0,3.000000,4.000000
11,logistic,1,1,75,0,0,2,4.416480,93.000000,0.552060,33,0.426365,29,0,0,0,0.426365,0.804534,0.378169,0.378169,0.426365,0.000000,53,0,1,-1,33,19,28,93.000000,83.333300,62.333300,0.551950,0.639294,0.112646,0.000150,0.001241,-0.019952,0.001241,1,53,0,fixed,1,1,0,0,3.000000,4.000000
11,logistic,1,1,76,2,2,4,0.000000,62.333300,0.641712,28,0.426365,29,0,2,0,0.426365,0.804534,0.378169,0.378169,0.426365,0.000000,53,0,1,-1,33,19,28,93.000000,83.333300,62.333300,0.430108,0.480000,0.641712,0.003335,0.004556,0.000150,0.004556,1,53,0,fixed,1,1,0,0,3.000000,4.000000
11,logistic,1,1,77,0,0,4,0.000000,93.000000,0.430108,33,0.426365,29,0,2,1,0.426365,0.804534,0.378169,0.378169,0.426365,0.000000,53,0,1,0,33,19,28,93.000000,83.333300,62.333300,0.430108,0.480000,0.641712,0.000150,0.001353,-0.002988,0.001353,1,53,0,fixed,1,1,0,0,3.000000,4.000000
11,logistic,1,1,78,0,0,1,2.640848,93.000000,0.880283,33,0.426365,29,0,1,1,0.426365,0.804534,0.378169,0.378169,0.426365,0.000000,53,0,1,-1,33,19,28,93.000000,83.333300,62.333300,1.162043,1.110925,0.698008,0.000150,0.000651,-0.006024,0.000651,1,53,0,fixed,1,1,0,0,3.000000,4.000000
11,logistic,1,1,79,1,1,1,3.507873,83.333300,1.169291,19,0.426365,29,0,1,0,0.426365,0.804534,0.378169,0.378169,0.426365,0.000000,53,0,1,-1,33,19,28,93.000000,83.333300,62.333300,1.097479,1.169499,0.698008,-0.000728,0.000150,-0.006709,0.000000,1,53,0,fixed,1,1,0,0,3.000000,4.000000
11,logistic,1,1,80,2,2,1,2.209642,62.333300,0.736547,28,0.426365,29,0,1,1,0.426365,0.804534,0.378169,0.378169,0.426365,0.000000,53,0,1,-1,33,19,28,93.000000,83.333300,62.333300,1.097479,1.110925,0.719534,0.006112,0.006807,0.000150,0.006807,1,53,0,fixed,1,1,0,0,3.000000,4.000000
11,logistic,1,2,1,1,1,1,3.317523,73.666700,1.105841,16,0.660485,26,0,1,0,0.660485,0.660485,0.000000,0.000000,0.660485,0.234120,0,28,1,-1,26,16,38,113.000000,73.666700,39.000000,0.987646,0.881538,1.077486,0.013553,0.021787,0.029152,0.029152,1,0,1,fixed,1,1,0,0,3.000000,4.000000
11,logistic,1,2,2,2,2,4,0.000000,39.000000,1.025641,38,0.660485,26,0,2,0,0.660485,0.660485,0.000000,0.000000,0.660485,0.234120,0,28,1,-1,26,16,38,113.000000,73.666700,39.000000,0.353982,0.542986,1.025641,-0.003160,0.010439,0.021787,0.010439,1,0,1,fixed,1,1,0,0,3.000000,4.000000
11,logistic,1,2,3,0,0,2,1.080848,113.000000,0.135106,26,0.660485,26,1,0,0,0.660485,0.660485,0.000000,0.000000,0.660485,0.234120,0,28,1,0,26,16,38,113.000000,73.666700,39.000000,0.394593,0.316079,0.131642,0.021787,0.026217,0.007213,0.026217,1,0,1,fixed,1,1,0,0,3.000000,4.000000
11,logistic,1,2,4,1,1,1,2.457479,73.666700,0.819160,16,0.660485,26,0,1,0,0.660485,0.660485,0.000000,0.000000,0.660485,0.234120,0,28,1,-1,26,16,38,113.000000,73.666700,39.000000,0.987646,0.900650,0.798156,0.013425,0.021787,0.027093,0.027093,1,0,1,fixed,1,1,0,0,3.000000,4.000000
11,logistic,1,2,5,2,2,4,0.000000,39.000000,1.025641,38,0.660485,26,0,2,0,0.660485,0.660485,0.000000,0.000000,0.660485,0.234120,0,28,1,-1,26,16,38,113.000000,73.666700,39.000000,0.353982,0.542986,1.025641,-0.003160,0.010439,0.021787,0.010439,1,0,1,fixed,1,1,0,0,3.000000,4.000000
11,logistic,1,2,6,1,1,1,3.104125,73.666700,1.034708,16,0.660485,26,0,1,0,0.660485,0.660485,0.000000,0.000000,0.660485,0.234120,0,28,1,-1,26,16,38,113.000000,73.666700,39.000000,0.987646,0.886280,1.008177,0.013521,0.021787,0.028739,0.028739,1,0,1,fixed,1,1,0,0,3.000000,4.000000
11,logistic,1,2,7,2,2,4,0.000000,39.000000,1.025641,38,0.660485,26,0,2,0,0.660485,0.660485,0.000000,0.000000,0.660485,0.234120,0,28,1,-1,26,16,38,113.000000,73.666700,39.000000,0.353982,0.542986,1.025641,-0.003160,0.010439,0.021787,0.010439,1,0,1,fixed,1,1,0,0,3.000000,4.000000
11,logistic,1,2,8,2,2,4,0.000000,39.000000,1.025641,38,0.660485,26,0,2,0,0.660485,0.660485,0.000000,0.000000,0.660485,0.234120,0,28,1,-1,26,16,38,113.000000,73.666700,39.000000,0.353982,0.542986,1.025641,-0.003160,0.010439,0.021787,0.010439,1,0,1,fixed,1,1,0,0,3.000000,4.000000
11,logistic,1,2,9,1,1,1,2.449824,73.666700,0.816608,16,0.660485,26,0,1,0,0.660485,0.660485,0.000000,0.000000,0.660485,0.234120,0,28,1,-1,26,16,38,113.000000,73.666700,39.000000,0.987646,0.900820,0.795669,0.013424,0.021787,0.027068,0.027068,1,0,1,fixed,1,1,0,0,3.000000,4.000000
11,logistic,1,2,10,0,0,2,3.212026,113.000000,0.401503,26,0.660485,26,0,0,0,0.660485,0.660485,0.000000,0.000000,0.660485,0.234120,0,28,1,0,26,16,38,113.000000,73.666700,39.000000,0.383937,0.316079,0.391208,0.021787,0.026616,0.036945,0.036945,1,0,1,fixed,1,1,0,0,3.000000,4.000000
11,logistic,1,2,11,2,2,4,0.000000,39.000000,1.025641,38,0.660485,26,0,2,0,0.660485,0.660485,0.000000,0.000000,0.660485,0.234120,0,28,1,-1,26,16,38,113.000000,73.666700,39.000000,0.353982,0.542986,1.025641,-0.003160,0.010439,0.021787,0.010439,1,0,1,fixed,1,1,0,0,3.000000,4.000000
11,logistic,1,2,12,2,2,4,0.000000,39.000000,1.025641,38,0.660485,26,0,2,0,0.660485,0.660485,0.000000,0.000000,0.660485,0.234120,0,28,1,-1,26,16,38,113.000000,73.666700,39.000000,0.353982,0.542986,1.025641,-0.003160,0.010439,0.021787,0.010439,1,0,1,fixed,1,1,0,0,3.000000,4.000000
11,logistic,1,2,13,0,0,2,3.217408,113.000000,0.402176,26,0.660485,26,0,0,0,0.660485,0.660485,0.000000,0.000000,0.660485,0.234120,0,28,1,0,26,16,38,113.000000,73.666700,39.000000,0.383910,0.316079,0.391864,0.021787,0.026617,0.036972,0.036972,1,0,1,fixed,1,1,0,0,3.000000,4.000000
11,logistic,1,2,14,2,2,4,0.000000,39.000000,1.025641,38,0.660485,26,0,2,0,0.660485,0.660485,0.000000,0.000000,0.660485,0.234120,0,28,1,-1,26,16,38,113.000000,73.666700,39.000000,0.353982,0.542986,1.025641,-0.003160,0.010439,0.021787,0.010439,1,0,1,fixed,1,1,0,0,3.000000,4.000000
11,logistic,1,2,15,0,0,2,3.135528,113.000000,0.391941,26,0.660485,26,0,0,0,0.660485,0.660485,0.000000,0.000000,0.660485,0.234120,0,28,1,0,26,16,38,113.000000,73.666700,39.000000,0.384319,0.316079,0.381891,0.021787,0.026601,0.036551,0.036551,1,0,1,fixed,1,1,0,0,3.000000,4.000000
11,logistic,1,2,16,2,2,3,0.000000,39.000000,2.564103,38,0.660485,26,0,2,0,0.660485,0.660485,0.000000,0.000000,0.660485,0.234120,0,28,1,1,26,16,38,113.000000,73.666700,39.000000,0.884956,1.357465,2.564103,0.002890,0.013377,0.021787,0.013377,1,0,1,fixed,1,1,0,0,3.000000,4.000000
11,logistic,1,2,17,1,1,1,2.540035,73.666700,0.846678,16,0.660485,26,0,1,0,0.660485,0.660485,0.000000,0.000000,0.660485,0.234120,0,28,1,-1,26,16,38,113.000000,73.666700,39.000000,0.987646,0.898816,0.824969,0.013437,0.021787,0.027346,0.027346,1,0,1,fixed,1,1,0,0,3.000000,4.000000
11,logistic,1,2,18,2,2,4,0.000000,39.000000,1.025641,38,0.660485,26,0,2,0,0.660485,0.660485,0.000000,0.000000,0.660485,0.234120,0,28,1,-1,26,16,38,113.000000,73.666700,39.000000,0.353982,0.542986,1.025641,-0.003160,0.010439,0.021787,0.010439,1,0,1,fixed,1,1,0,0,3.000000,4.000000
11,logistic,1,2,19,2,2,4,0.000000,39.000000,1.025641,38,0.660485,26,0,2,0,0.660485,0.660485,0.000000,0.000000,0.660485,0.234120,0,28,1,-1,26,16,38,113.000000,73.666700,39.000000,0.353982,0.542986,1.025641,-0.003160,0.010439,0.021787,0.010439,1,0,1,fixed,1,1,0,0,3.000000,4.000000
11,logistic,1,2,20,0,0,2,3.208669,113.000000,0.401084,26,0.660485,26,0,0,0,0.660485,0.660485,0.000000,0.000000,0.660485,0.234120,0,28,1,0,26,16,38,113.000000,73.666700,39.000000,0.383953,0.316079,0.390799,0.021787,0.026615,0.036928,0.036928,1,0,1,fixed,1,1,0,0,3.000000,4.000000
11,logistic,1,2,21,0,0,2,3.209732,113.000000,0.401216,26,0.660485,26,0,0,0,0.660485,0.660485,0.000000,0.000000,0.660485,0.234120,0,28,1,0,26,16,38,113.000000,73.666700,39.000000,0.383948,0.316079,0.390929,0.021787,0.026616,0.036933,0.036933,1,0,1,fixed,1,1,0,0,3.000000,4.000000
11,logistic,1,2,22,2,2,4,0.000000,39.000000,1.025641,38,0.660485,26,0,2,0,0.660485,0.660485,0.000000,0.000000,0.660485,0.234120,0,28,1,-1,26,16,38,113.000000,73.666700,39.000000,0.353982,0.542986,1.025641,-0.003160,0.010439,0.021787,0.010439,1,0,1,fixed,1,1,0,0,3.000000,4.000000
11,logistic,1,2,23,1,1,1,2.435990,73.666700,0.811997,16,0.660485,26,0,1,0,0.660485,0.660485,0.000000,0.000000,0.660485,0.234120,0,28,1,-1,26,16,38,113.000000,73.666700,39.000000,0.987646,0.901128,0.791176,0.013422,0.021787,0.027024,0.027024,1,0,1,fixed,1,1,0,0,3.000000,4.000000
11,logistic,1,2,24,2,2,4,0.000000,39.000000,1.025641,38,0.660485,26,0,2,0,0.660485,0.660485,0.000000,0.000000,0.660485,0.234120,0,28,1,-1,26,16,38,113.000000,73.666700,39.000000,0.353982,0.542986,1.025641,-0.003160,0.010439,0.021787,0.010439,1,0,1,fixed,1,1,0,0,3.000000,4.000000
11,logistic,1,2,25,0,0,2,3.208716,113.000000,0.401089,26,0.660485,26,0,0,0,0.660485,0.660485,0.000000,0.000000,0.660485,0.234120,0,28,1,0,26,16,38,113.000000,73.666700,39.000000,0.383953,0.316079,0.390805,0.021787,0.026615,0.036928,0.036928,1,0,1,fixed,1,1,0,0,3.000000,4.000000
11,logistic,1,2,26,2,2,3,0.000000,39.000000,2.564103,38,0.660485,26,0,2,0,0.660485,0.660485,0.000000,0.000000,0.660485,0.234120,0,28,1,1,26,16,38,113.000000,73.666700,39.000000,0.884956,1.357465,2.564103,0.002890,0.013377,0.021787,0.013377,1,0,1,fixed,1,1,0,0,3.000000,4.000000
11,logistic,1,2,27,2,2,3,0.000000,39.000000,2.564103,38,0.660485,26,0,2,0,0.660485,0.660485,0.000000,0.000000,0.660485,0.234120,0,28,1,1,26,16,38,113.000000,73.666700,39.000000,0.884956,1.357465,2.564103,0.002890,0.013377,0.021787,0.013377,1,0,1,fixed,1,1,0,0,3.000000,4.000000
11,logistic,1,2,28,2,2,4,0.000000,39.000000,1.025641,38,0.660485,26,0,2,0,0.660485,0.660485,0.000000,0.000000,0.660485,0.234120,0,28,1,-1,26,16,38,113.000000,73.666700,39.000000,0.353982,0.542986,1.025641,-0.003160,0.010439,0.021787,0.010439,1,0,1,fixed,1,1,0,0,3.000000,4.000000
11,logistic,1,2,29,1,1,1,2.397153,73.666700,0.799051,16,0.660485,26,0,1,0,0.660485,0.660485,0.000000,0.000000,0.660485,0.234120,0,28,1,-1,26,16,38,113.000000,73.666700,39.000000,0.987646,0.901991,0.778563,0.013416,0.021787,0.026897,0.026897,1,0,1,fixed,1,1,0,0,3.000000,4.000000
11,logistic,1,2,30,2,2,3,0.000000,39.000000,2.564103,38,0.660485,26,0,2,0,0.660485,0.660485,0.000000,0.000000,0.660485,0.234120,0,28,1,1,26,16,38,113.000000,73.666700,39.000000,0.884956,1.357465,2.564103,0.002890,0.013377,0.021787,0.013377,1,0,1,fixed,1,1,0,0,3.000000,4.000000
11,logistic,1,2,31,0,0,2,3.133278,113.000000,0.391660,26,0.660485,26,0,0,0,0.660485,0.660485,0.000000,0.000000,0.660485,0.234120,0,28,1,0,26,16,38,113.000000,73.666700,39.000000,0.384330,0.316079,0.381617,0.021787,0.026601,0.036539,0.036539,1,0,1,fixed,1,1,0,0,3.000000,4.000000
11,logistic,1,2,32,0,0,2,3.134419,113.000000,0.391802,26,0.660485,26,0,0,0,0.660485,0.660485,0.000000,0.000000,0.660485,0.234120,0,28,1,0,26,16,38,113.000000,73.666700,39.000000,0.384325,0.316079,0.381756,0.021787,0.026601,0.036545,0.036545,1,0,1,fixed,1,1,0,0,3.000000,4.000000
11,logistic,1,2,33,0,0,2,3.133326,113.000000,0.391666,26,0.660485,26,0,0,0,0.660485,0.660485,0.000000,0.000000,0.660485,0.234120,0,28,1,0,26,16,38,113.000000,73.666700,39.000000,0.384330,0.316079,0.381623,0.021787,0.026601,0.036539,0.036539,1,0,1,fixed,1,1,0,0,3.000000,4.000000
11,logistic,1,2,34,1,1,1,2.426942,73.666700,0.808981,16,0.660485,26,0,1,0,0.660485,0.660485,0.000000,0.000000,0.660485,0.234120,0,28,1,-1,26,16,38,113.000000,73.666700,39.000000,0.987646,0.901329,0.788238,0.013420,0.021787,0.026995,0.026995,1,0,1,fixed,1,1,0,0,3.000000,4.000000
11,logistic,1,2,35,2,2,4,0.000000,39.000000,1.025641,38,0.660485,26,0,2,0,0.660485,0.660485,0.000000,0.000000,0.660485,0.234120,0,28,1,-1,26,16,38,113.000000,73.666700,39.000000,0.353982,0.542986,1.025641,-0.003160,0.010439,0.021787,0.010439,1,0,1,fixed,1,1,0,0,3.000000,4.000000
11,logistic,1,2,36,0,0,2,3.193439,113.000000,0.399180,26,0.660485,26,0,0,0,0.660485,0.660485,0.000000,0.000000,0.660485,0.234120,0,28,1,0,26,16,38,113.000000,73.666700,39.000000,0.384030,0.316079,0.388944,0.021787,0.026613,0.036851,0.036851,1,0,1,fixed,1,1,0,0,3.000000,4.000000
11,logistic,1,2,37,2,2,4,0.000000,39.000000,1.025641,38,0.660485,26,0,2,0,0.660485,0.660485,0.000000,0.000000,0.660485,0.234120,0,28,1,-1,26,16,38,113.000000,73.666700,39.000000,0.353982,0.542986,1.025641,-0.003160,0.010439,0.021787,0.010439,1,0,1,fixed,1,1,0,0,3.000000,4.000000
11,logistic,1,2,38,0,0,2,3.192375,113.000000,0.399047,26,0.660485,26,0,0,0,0.660485,0.660485,0.000000,0.000000,0.660485,0.234120,0,28,1,0,26,16,38,113.000000,73.666700,39.000000,0.384035,0.316079,0.388815,0.021787,0.026612,0.036845,0.036845,1,0,1,fixed,1,1,0,0,3.000000,4.000000
11,logistic,1,2,39,2,2,4,0.000000,39.000000,1.025641,38,0.660485,26,0,2,0,0.660485,0.660485,0.000000,0.000000,0.660485,0.234120,0,28,1,-1,26,16,38,113.000000,73.666700,39.000000,0.353982,0.542986,1.025641,-0.003160,0.010439,0.021787,0.010439,1,0,1,fixed,1,1,0,0,3.000000,4.000000
11,logistic,1,2,40,2,2,4,0.000000,39.000000,1.025641,38,0.660485,26,0,2,0,0.660485,0.660485,0.000000,0.000000,0.660485,0.234120,0,28,1,-1,26,16,38,113.000000,73.666700,39.000000,0.353982,0.542986,1.025641,-0.003160,0.010439,0.021787,0.010439,1,0,1,fixed,1,1,0,0,3.000000,4.000000
11,logistic,1,2,41,2,2,4,0.000000,39.000000,1.025641,38,0.660485,26,0,2,0,0.660485,0.660485,0.000000,0.000000,0.660485,0.234120,0,28,1,-1,26,16,38,113.000000,73.666700,39.000000,0.353982,0.542986,1.025641,-0.003160,0.010439,0.021787,0.010439,1,0,1,fixed,1,1,0,0,3.000000,4.000000
11,logistic,1,2,42,2,2,4,0.000000,39.000000,1.025641,38,0.660485,26,0,2,0,0.660485,0.660485,0.000000,0.000000,0.660485,0.234120,0,28,1,-1,26,16,38,113.000000,73.666700,39.000000,0.353982,0.542986,1.025641,-0.003160,0.010439,0.021787,0.010439,1,0,1,fixed,1,1,0,0,3.000000,4.000000
11,logistic,1,2,43,2,2,4,0.000000,39.000000,1.025641,38,0.660485,26,0,2,0,0.660485,0.660485,0.000000,0.000000,0.660485,0.234120,0,28,1,-1,26,16,38,113.000000,73.666700,39.000000,0.353982,0.542986,1.025641,-0.003160,0.010439,0.021787,0.010439,1,0,1,fixed,1,1,0,0,3.000000,4.000000
11,logistic,1,2,44,0,0,2,3.226175,113.000000,0.403272,26,0.660485,26,0,0,0,0.660485,0.660485,0.000000,0.000000,0.660485,0.234120,0,28,1,0,26,16,38,113.000000,73.666700,39.000000,0.383866,0.316079,0.392932,0.021787,0.026619,0.037016,0.037016,1,0,1,fixed,1,1,0,0,3.000000,4.000000
11,logistic,1,2,45,2,2,4,0.000000,39.000000,1.025641,38,0.660485,26,0,2,0,0.660485,0.660485,0.000000,0.000000,0.660485,0.234120,0,28,1,-1,26,16,38,113.000000,73.666700,39.000000,0.353982,0.542986,1.025641,-0.003160,0.010439,0.021787,0.010439,1,0,1,fixed,1,1,0,0,3.000000,4.000000
11,logistic,1,2,46,1,1,1,2.259275,73.666700,0.753092,16,0.660485,26,0,1,0,0.660485,0.660485,0.000000,0.000000,0.660485,0.234120,0,28,1,-1,26,16,38,113.000000,73.666700,39.000000,0.987646,0.905055,0.733782,0.013396,0.021787,0.026414,0.026414,1,0,1,fixed,1,1,0,0,3.000000,4.000000
11,logistic,1,2,47,0,0,2,3.227280,113.000000,0.403410,26,0.660485,26,0,0,0,0.660485,0.660485,0.000000,0.000000,0.660485,0.234120,0,28,1,0,26,16,38,113.000000,73.666700,39.000000,0.383860,0.316079,0.393066,0.021787,0.026619,0.037021,0.037021,1,0,1,fixed,1,1,0,0,3.000000,4.000000
11,logistic,1,2,48,2,2,4,0.000000,39.000000,1.025641,38,0.660485,26,0,2,0,0.660485,0.660485,0.000000,0.000000,0.660485,0.234120,0,28,1,-1,26,16,38,113.000000,73.666700,39.000000,0.353982,0.542986,1.025641,-0.003160,0.010439,0.021787,0.010439,1,0,1,fixed,1,1,0,0,3.000000,4.000000
11,logistic,1,2,49,0,0,2,3.193404,113.000000,0.399175,26,0.660485,26,0,0,0,0.660485,0.660485,0.000000,0.000000,0.660485,0.234120,0,28,1,0,26,16,38,113.000000,73.666700,39.000000,0.384030,0.316079,0.388940,0.021787,0.026612,0.036850,0.036850,1,0,1,fixed,1,1,0,0,3.000000,4.000000
11,logistic,1,2,50,0,0,2,3.193450,113.000000,0.399181,26,0.660485,26,0,0,0,0.660485,0.660485,0.000000,0.000000,0.660485,0.234120,0,28,1,0,26,16,38,113.000000,73.666700,39.000000,0.384030,0.316079,0.388946,0.021787,0.026613,0.036851,0.036851,1,0,1,fixed,1,1,0,0,3.000000,4.000000
11,logistic,1,2,51,0,0,2,3.227308,113.000000,0.403414,26,0.660485,26,0,0,0,0.660485,0.660485,0.000000,0.000000,0.660485,0.234120,0,28,1,0,26,16,38,113.000000,73.666700,39.000000,0.383860,0.316079,0.393070,0.021787,0.026619,0.037021,0.037021,1,0,1,fixed,1,1,0,0,3.000000,4.000000
11,logistic,1,2,52,1,1,1,2.527418,73.666700,0.842473,16,0.660485,26,0,1,0,0.660485,0.660485,0.000000,0.000000,0.660485,0.234120,0,28,1,-1,26,16,38,113.000000,73.666700,39.000000,0.987646,0.899096,0.820871,0.013435,0.021787,0.027308,0.027308,1,0,1,fixed,1,1,0,0,3.000000,4.000000
11,logistic,1,2,53,2,2,4,0.000000,39.000000,1.025641,38,0.660485,26,0,2,0,0.660485,0.660485,0.000000,0.000000,0.660485,0.234120,0,28,1,-1,26,16,38,113.000000,73.666700,39.000000,0.353982,0.542986,1.025641,-0.003160,0.010439,0.021787,0.010439,1,0,1,fixed,1,1,0,0,3.000000,4.000000
11,logistic,1,2,54,0,0,2,3.192283,113.000000,0.399035,26,0.660485,26,0,0,0,0.660485,0.660485,0.000000,0.000000,0.660485,0.234120,0,28,1,0,26,16,38,113.000000,73.666700,39.000000,0.384035,0.316079,0.388804,0.021787,0.026612,0.036845,0.036845,1,0,1,fixed,1,1,0,0,3.000000,4.000000
11,logistic,1,2,55,2,2,3,0.000000,39.000000,2.564103,38,0.660485,26,0,2,0,0.660485,0.660485,0.000000,0.000000,0.660485,0.234120,0,28,1,1,26,16,38,113.000000,73.666700,39.000000,0.884956,1.357465,2.564103,0.002890,0.013377,0.021787,0.013377,1,0,1,fixed,1,1,0,0,3.000000,4.000000
11,logistic,1,2,56,0,0,2,2.127899,113.000000,0.265987,26,0.660485,26,0,0,0,0.660485,0.660485,0.000000,0.000000,0.660485,0.234120,0,28,1,0,26,16,38,113.000000,73.666700,39.000000,0.389357,0.316079,0.259167,0.021787,0.026410,0.028908,0.028908,1,0,1,fixed,1,1,0,0,3.000000,4.000000
11,logistic,1,2,57,2,2,3,0.000000,39.000000,2.564103,38,0.660485,26,0,2,0,0.660485,0.660485,0.000000,0.000000,0.660485,0.234120,0,28,1,1,26,16,38,113.000000,73.666700,39.000000,0.884956,1.357465,2.564103,0.002890,0.013377,0.021787,0.013377,1,0,1,fixed,1,1,0,0,3.000000,4.000000
11,logistic,1,2,58,1,1,1,3.289637,73.666700,1.096546,16,0.660485,26,0,1,0,0.660485,0.660485,0.000000,0.000000,0.660485,0.234120,0,28,1,-1,26,16,38,113.000000,73.666700,39.000000,0.987646,0.882158,1.068429,0.013549,0.021787,0.029100,0.029100,1,0,1,fixed,1,1,0,0,3.000000,4.000000
11,logistic,1,2,59,2,2,3,0.000000,39.000000,2.564103,38,0.660485,26,0,2,0,0.660485,0.660485,0.000000,0.000000,0.660485,0.234120,0,28,1,1,26,16,38,113.000000,73.666700,39.000000,0.884956,1.357465,2.564103,0.002890,0.013377,0.021787,0.013377,1,0,1,fixed,1,1,0,0,3.000000,4.000000
11,logistic,1,2,60,2,2,3,0.000000,39.000000,2.564103,38,0.660485,26,0,2,0,0.660485,0.660485,0.000000,0.000000,0.660485,0.234120,0,28,1,1,26,16,38,113.000000,73.666700,39.000000,0.884956,1.357465,2.564103,0.002890,0.013377,0.021787,0.013377,1,0,1,fixed,1,1,0,0,3.000000,4.000000
11,logistic,1,2,61,0,0,2,3.227319,113.000000,0.403415,26,0.660485,26,0,0,0,0.660485,0.660485,0.000000,0.000000,0.660485,0.234120,0,28,1,0,26,16,38,113.000000,73.666700,39.000000,0.383860,0.316079,0.393071,0.021787,0.026619,0.037021,0.037021,1,0,1,fixed,1,1,0,0,3.000000,4.000000
11,logistic,1,2,62,2,2,4,0.000000,39.000000,1.025641,38,0.660485,26,0,2,0,0.660485,0.660485,0.000000,0.000000,0.660485,0.234120,0,28,1,-1,26,16,38,113.000000,73.666700,39.000000,0.353982,0.542986,1.025641,-0.003160,0.010439,0.021787,0.010439,1,0,1,fixed,1,1,0,0,3.000000,4.000000
11,logistic,1,2,63,1,1,1,3.138128,73.666700,1.046043,16,0.660485,26,0,1,0,0.660485,0.660485,0.000000,0.000000,0.660485,0.234120,0,28,1,-1,26,16,38,113.000000,73.666700,39.000000,0.987646,0.885525,1.019221,0.013526,0.021787,0.028808,0.028808,1,0,1,fixed,1,1,0,0,3.000000,4.000000
11,logistic,1,2,64,2,2,4,0.000000,39.000000,1.025641,38,0.660485,26,0,2,0,0.660485,0.660485,0.000000,0.000000,0.660485,0.234120,0,28,1,-1,26,16,38,113.000000,73.666700,39.000000,0.353982,0.542986,1.025641,-0.003160,0.010439,0.021787,0.010439,1,0,1,fixed,1,1,0,0,3.000000,4.000000
11,logistic,1,2,65,0,0,2,3.206561,113.000000,0.400820,26,0.660485,26,0,0,0,0.660485,0.660485,0.000000,0.000000,0.660485,0.234120,0,28,1,0,26,16,38,113.000000,73.666700,39.000000,0.383964,0.316079,0.390543,0.021787,0.026615,0.036917,0.036917,1,0,1,fixed,1,1,0,0,3.000000,4.000000
11,logistic,1,2,66,2,2,4,0.000000,39.000000,1.025641,38,0.660485,26,0,2,0,0.660485,0.660485,0.000000,0.000000,0.660485,0.234120,0,28,1,-1,26,16,38,113.000000,73.666700,39.000000,0.353982,0.542986,1.025641,-0.003160,0.010439,0.021787,0.010439,1,0,1,fixed,1,1,0,0,3.000000,4.000000
11,logistic,1,2,67,2,2,4,0.000000,39.000000,1.025641,38,0.660485,26,0,2,0,0.660485,0.660485,0.000000,0.000000,0.660485,0.234120,0,28,1,-1,26,16,38,113.000000,73.666700,39.000000,0.353982,0.542986,1.025641,-0.003160,0.010439,0.021787,0.010439,1,0,1,fixed,1,1,0,0,3.000000,4.000000
11,logistic,1,2,68,0,0,2,3.227283,113.000000,0.403410,26,0.660485,26,0,0,0,0.660485,0.660485,0.000000,0.000000,0.660485,0.234120,0,28,1,0,26,16,38,113.000000,73.666700,39.000000,0.383860,0.316079,0.393067,0.021787,0.026619,0.037021,0.037021,1,0,1,fixed,1,1,0,0,3.000000,4.000000
11,logistic,1,2,69,2,2,4,0.000000,39.000000,1.025641,38,0.660485,26,0,2,0,0.660485,0.660485,0.000000,0.000000,0.660485,0.234120,0,28,1,-1,26,16,38,113.000000,73.666700,39.000000,0.353982,0.542986,1.025641,-0.003160,0.010439,0.021787,0.010439,1,0,1,fixed,1,1,0,0,3.000000,4.000000
11,logistic,1,2,70,0,0,2,3.238261,113.000000,0.404783,26,0.660485,26,0,0,0,0.660485,0.660485,0.000000,0.000000,0.660485,0.234120,0,28,1,0,26,16,38,113.000000,73.666700,39.000000,0.383805,0.316079,0.394404,0.021787,0.026621,0.037076,0.037076,1,0,1,fixed,1,1,0,0,3.000000,4.000000
11,logistic,1,2,71,0,0,2,3.237088,113.000000,0.404636,26,0.660485,26,0,0,0,0.660485,0.660485,0.000000,0.000000,0.660485,0.234120,0,28,1,0,26,16,38,113.000000,73.666700,39.000000,0.383811,0.316079,0.394261,0.021787,0.026621,0.037070,0.037070,1,0,1,fixed,1,1,0,0,3.000000,4.000000
11,logistic,1,2,72,0,0,2,3.208669,113.000000,0.401084,26,0.660485,26,0,0,0,0.660485,0.660485,0.000000,0.000000,0.660485,0.234120,0,28,1,0,26,16,38,113.000000,73.666700,39.000000,0.383953,0.316079,0.390799,0.021787,0.026615,0.036928,0.036928,1,0,1,fixed,1,1,0,0,3.000000,4.000000
11,logistic,1,2,73,2,2,3,0.000000,39.000000,2.564103,38,0.660485,26,0,2,0,0.660485,0.660485,0.000000,0.000000,0.660485,0.234120,0,28,1,1,26,16,38,113.000000,73.666700,39.000000,0.884956,1.357465,2.564103,0.002890,0.013377,0.021787,0.013377,1,0,1,fixed,1,1,0,0,3.000000,4.000000
11,logistic,1,2,74,1,1,1,2.483200,73.666700,0.827733,16,0.660485,26,0,1,0,0.660485,0.660485,0.000000,0.000000,0.660485,0.234120,0,28,1,-1,26,16,38,113.000000,73.666700,39.000000,0.987646,0.900079,0.806509,0.013429,0.021787,0.027173,0.027173,1,0,1,fixed,1,1,0,0,3.000000,4.000000
11,logistic,1,2,75,0,0,2,3.206613,113.000000,0.400827,26,0.660485,26,0,0,0,0.660485,0.660485,0.000000,0.000000,0.660485,0.234120,0,28,1,0,26,16,38,113.000000,73.666700,39.000000,0.383964,0.316079,0.390549,0.021787,0.026615,0.036917,0.036917,1,0,1,fixed,1,1,0,0,3.000000,4.000000
11,logistic,1,2,76,2,2,4,0.000000,39.000000,1.025641,38,0.660485,26,0,2,0,0.660485,0.660485,0.000000,0.000000,0.660485,0.234120,0,28,1,-1,26,16,38,113.000000,73.666700,39.000000,0.353982,0.542986,1.025641,-0.003160,0.010439,0.021787,0.010439,1,0,1,fixed,1,1,0,0,3.000000,4.000000
11,logistic,1,2,77,2,2,4,0.000000,39.000000,1.025641,38,0.660485,26,0,2,0,0.660485,0.660485,0.000000,0.000000,0.660485,0.234120,0,28,1,-1,26,16,38,113.000000,73.666700,39.000000,0.353982,0.542986,1.025641,-0.003160,0.010439,0.021787,0.010439,1,0,1,fixed,1,1,0,0,3.000000,4.000000
11,logistic,1,2,78,1,1,1,2.433184,73.666700,0.811061,16,0.660485,26,0,1,0,0.660485,0.660485,0.000000,0.000000,0.660485,0.234120,0,28,1,-1,26,16,38,113.000000,73.666700,39.000000,0.987646,0.901190,0.790265,0.013421,0.021787,0.027015,0.027015,1,0,1,fixed,1,1,0,0,3.000000,4.000000
11,logistic,1,2,79,1,1,1,2.535472,73.666700,0.845157,16,0.660485,26,0,1,0,0.660485,0.660485,0.000000,0.000000,0.660485,0.234120,0,28,1,-1,26,16,38,113.000000,73.666700,39.000000,0.987646,0.898917,0.823487,0.013436,0.021787,0.027332,0.027332,1,0,1,fixed,1,1,0,0,3.000000,4.000000
11,logistic,1,2,80,1,1,1,3.191352,73.666700,1.063784,16,0.660485,26,0,1,0,0.660485,0.660485,0.000000,0.000000,0.660485,0.234120,0,28,1,-1,26,16,38,113.000000,73.666700,39.000000,0.987646,0.884342,1.036507,0.013534,0.021787,0.028913,0.028913,1,0,1,fixed,1,1,0,0,3.000000,4.000000
11,logistic,1,3,1,1,1,1,2.492210,70.000000,0.830737,16,0.755202,26,0,1,0,0.755202,0.755202,0.000000,0.000000,0.755202,0.094717,0,24,1,-1,26,16,38,113.000000,70.000000,20.166700,0.985594,0.830114,0.809436,0.008602,0.018098,0.026397,0.026397,1,0,1,fixed,1,1,0,0,3.000000,4.000000
11,logistic,1,3,2,2,2,4,0.000000,20.166700,1.983468,38,0.755202,26,0,2,0,0.755202,0.755202,0.000000,0.000000,0.755202,0.094717,0,24,1,-1,26,16,38,113.000000,70.000000,20.166700,0.353982,0.571429,1.983468,-0.017053,0.000205,0.018098,0.000205,1,0,1,fixed,1,1,0,0,3.000000,4.000000
11,logistic,1,3,3,0,0,2,1.425139,113.000000,0.178142,26,0.755202,26,1,0,0,0.755202,0.755202,0.000000,0.000000,0.755202,0.094717,0,24,1,0,26,16,38,113.000000,70.000000,20.166700,0.392040,0.292995,0.173575,0.018098,0.021405,0.012878,0.021405,1,0,1,fixed,1,1,0,0,3.000000,4.000000
11,logistic,1,3,4,1,1,1,2.449808,70.000000,0.816603,16,0.755202,26,0,1,0,0.755202,0.755202,0.000000,0.000000,0.755202,0.094717,0,24,1,-1,26,16,38,113.000000,70.000000,20.166700,0.985594,0.831056,0.795664,0.008592,0.018098,0.026224,0.026224,1,0,1,fixed,1,1,0,0,3.000000,4.000000
11,logistic,1,3,5,2,2,4,0.000000,20.166700,1.983468,38,0.755202,26,0,2,0,0.755202,0.755202,0.000000,0.000000,0.755202,0.094717,0,24,1,-1,26,16,38,113.000000,70.000000,20.166700,0.353982,0.571429,1.983468,-0.017053,0.000205,0.018098,0.000205,1,0,1,fixed,1,1,0,0,3.000000,4.000000
11,logistic,1,3,6,1,1,1,2.553326,70.000000,0.851109,16,0.755202,26,0,1,0,0.755202,0.755202,0.000000,0.000000,0.755202,0.094717,0,24,1,-1,26,16,38,113.000000,70.000000,20.166700,0.985594,0.828756,0.829285,0.008615,0.018098,0.026637,0.026637,1,0,1,fixed,1,1,0,0,3.000000,4.000000
11,logistic,1,3,7,2,2,4,0.000000,20.166700,1.983468,38,0.755202,26,0,2,0,0.755202,0.755202,0.000000,0.000000,0.755202,0.094717,0,24,1,-1,26,16,38,113.000000,70.000000,20.166700,0.353982,0.571429,1.983468,-0.017053,0.000205,0.018098,0.000205,1,0,1,fixed,1,1,0,0,3.000000,4.000000
11,logistic,1,3,8,2,2,4,0.000000,20.166700,1.983468,38,0.755202,26,0,2,0,0.755202,0.755202,0.000000,0.000000,0.755202,0.094717,0,24,1,-1,26,16,38,113.000000,70.000000,20.166700,0.353982,0.571429,1.983468,-0.017053,0.000205,0.018098,0.000205,1,0,1,fixed,1,1,0,0,3.000000,4.000000
11,logistic,1,3,9,1,1,1,2.520823,70.000000,0.840274,16,0.755202,26,0,1,0,0.755202,0.755202,0.000000,0.000000,0.755202,0.094717,0,24,1,-1,26,16,38,113.000000,70.000000,20.166700,0.985594,0.829478,0.818729,0.008608,0.018098,0.026511,0.026511,1,0,1,fixed,1,1,0,0,3.000000,4.000000
11,logistic,1,3,10,0,0,2,3.180335,113.000000,0.397542,26,0.755202,26,0,0,0,0.755202,0.755202,0.000000,0.000000,0.755202,0.094717,0,24,1,0,26,16,38,113.000000,70.000000,20.166700,0.383264,0.292995,0.387348,0.018098,0.021828,0.037504,0.037504,1,0,1,fixed,1,1,0,0,3.000000,4.000000
11,logistic,1,3,11,2,2,4,0.000000,20.166700,1.983468,38,0.755202,26,0,2,0,0.755202,0.755202,0.000000,0.000000,0.755202,0.094717,0,24,1,-1,26,16,38,113.000000,70.000000,20.166700,0.353982,0.571429,1.983468,-0.017053,0.000205,0.018098,0.000205,1,0,1,fixed,1,1,0,0,3.000000,4.000000
11,logistic,1,3,12,2,2,4,0.000000,20.166700,1.983468,38,0.755202,26,0,2,0,0.755202,0.755202,0.000000,0.000000,0.755202,0.094717,0,24,1,-1,26,16,38,113.000000,70.000000,20.166700,0.353982,0.571429,1.983468,-0.017053,0.000205,0.018098,0.000205,1,0,1,fixed,1,1,0,0,3.000000,4.000000
11,logistic,1,3,13,0,0,2,3.181369,113.000000,0.397671,26,0.755202,26,0,0,0,0.755202,0.755202,0.000000,0.000000,0.755202,0.094717,0,24,1,0,26,16,38,113.000000,70.000000,20.166700,0.383259,0.292995,0.387474,0.018098,0.021828,0.037511,0.037511,1,0,1,fixed,1,1,0,0,3.000000,4.000000
11,logistic,1,3,14,2,2,4,0.000000,20.166700,1.983468,38,0.755202,26,0,2,0,0.755202,0.755202,0.000000,0.000000,0.755202,0.094717,0,24,1,-1,26,16,38,113.000000,70.000000,20.166700,0.353982,0.571429,1.983468,-0.017053,0.000205,0.018098,0.000205,1,0,1,fixed,1,1,0,0,3.000000,4.000000
11,logistic,1,3,15,0,0,2,3.202136,113.000000,0.400267,26,0.755202,26,0,0,0,0.755202,0.755202,0.000000,0.000000,0.755202,0.094717,0,24,1,0,26,16,38,113.000000,70.000000,20.166700,0.383155,0.292995,0.390004,0.018098,0.021834,0.037648,0.037648,1,0,1,fixed,1,1,0,0,3.000000,4.000000
11,logistic,1,3,16,2,2,3,0.000000,20.166700,4.958669,38,0.755202,26,0,2,0,0.755202,0.755202,0.000000,0.000000,0.755202,0.094717,0,24,1,1,26,16,38,113.000000,70.000000,20.166700,0.884956,1.428571,4.958669,-0.007445,0.005574,0.018098,0.005574,1,0,1,fixed,1,1,0,0,3.000000,4.000000
11,logistic,1,3,17,1,1,1,2.354739,70.000000,0.784913,16,0.755202,26,0,1,0,0.755202,0.755202,0.000000,0.000000,0.755202,0.094717,0,24,1,-1,26,16,38,113.000000,70.000000,20.166700,0.985594,0.833169,0.764787,0.008571,0.018098,0.025815,0.025815,1,0,1,fixed,1,1,0,0,3.000000,4.000000
11,logistic,1,3,18,2,2,4,0.000000,20.166700,1.983468,38,0.755202,26,0,2,0,0.755202,0.755202,0.000000,0.000000,0.755202,0.094717,0,24,1,-1,26,16,38,113.000000,70.000000,20.166700,0.353982,0.571429,1.983468,-0.017053,0.000205,0.018098,0.000205,1,0,1,fixed,1,1,0,0,3.000000,4.000000
11,logistic,1,3,19,2,2,4,0.000000,20.166700,1.983468,38,0.755202,26,0,2,0,0.755202,0.755202,0.000000,0.000000,0.755202,0.094717,0,24,1,-1,26,16,38,113.000000,70.000000,20.166700,0.353982,0.571429,1.983468,-0.017053,0.000205,0.018098,0.000205,1,0,1,fixed,1,1,0,0,3.000000,4.000000
11,logistic,1,3,20,0,0,2,3.180288,113.000000,0.397536,26,0.755202,26,0,0,0,0.755202,0.755202,0.000000,0.000000,0.755202,0.094717,0,24,1,0,26,16,38,113.000000,70.000000,20.166700,0.383264,0.292995,0.387343,0.018098,0.021828,0.037504,0.037504,1,0,1,fixed,1,1,0,0,3.000000,4.000000
11,logistic,1,3,21,0,0,2,3.170473,113.000000,0.396309,26,0.755202,26,0,0,0,0.755202,0.755202,0.000000,0.000000,0.755202,0.094717,0,24,1,0,26,16,38,113.000000,70.000000,20.166700,0.383313,0.292995,0.386147,0.018098,0.021826,0.037438,0.037438,1,0,1,fixed,1,1,0,0,3.000000,4.000000
11,logistic,1,3,22,2,2,4,0.000000,20.166700,1.983468,38,0.755202,26,0,2,0,0.755202,0.755202,0.000000,0.000000,0.755202,0.094717,0,24,1,-1,26,16,38,113.000000,70.000000,20.166700,0.353982,0.571429,1.983468,-0.017053,0.000205,0.018098,0.000205,1,0,1,fixed,1,1,0,0,3.000000,4.000000
11,logistic,1,3,23,1,1,1,2.522448,70.000000,0.840816,16,0.755202,26,0,1,0,0.755202,0.755202,0.000000,0.000000,0.755202,0.094717,0,24,1,-1,26,16,38,113.000000,70.000000,20.166700,0.985594,0.829442,0.819257,0.008608,0.018098,0.026517,0.026517,1,0,1,fixed,1,1,0,0,3.000000,4.000000
11,logistic,1,3,24,2,2,4,0.000000,20.166700,1.983468,38,0.755202,26,0,2,0,0.755202,0.755202,0.000000,0.000000,0.755202,0.094717,0,24,1,-1,26,16,38,113.000000,70.000000,20.166700,0.353982,0.571429,1.983468,-0.017053,0.000205,0.018098,0.000205,1,0,1,fixed,1,1,0,0,3.000000,4.000000
11,logistic,1,3,25,0,0,2,3.181369,113.000000,0.397671,26,0.755202,26,0,0,0,0.755202,0.755202,0.000000,0.000000,0.755202,0.094717,0,24,1,0,26,16,38,113.000000,70.000000,20.166700,0.383259,0.292995,0.387474,0.018098,0.021828,0.037511,0.037511,1,0,1,fixed,1,1,0,0,3.000000,4.000000
11,logistic,1,3,26,2,2,3,0.000000,20.166700,4.958669,38,0.755202,26,0,2,0,0.755202,0.755202,0.000000,0.000000,0.755202,0.094717,0,24,1,1,26,16,38,113.000000,70.000000,20.166700,0.884956,1.428571,4.958669,-0.007445,0.005574,0.018098,0.005574,1,0,1,fixed,1,1,0,0,3.000000,4.000000
11,logistic,1,3,27,2,2,3,0.000000,20.166700,4.958669,38,0.755202,26,0,2,0,0.755202,0.755202,0.000000,0.000000,0.755202,0.094717,0,24,1,1,26,16,38,113.000000,70.000000,20.166700,0.884956,1.428571,4.958669,-0.007445,0.005574,0.018098,0.005574,1,0,1,fixed,1,1,0,0,3.000000,4.000000
11,logistic,1,3,28,2,2,4,0.000000,20.166700,1.983468,38,0.755202,26,0,2,0,0.755202,0.755202,0.000000,0.000000,0.755202,0.094717,0,24,1,-1,26,16,38,113.000000,70.000000,20.166700,0.353982,0.571429,1.983468,-0.017053,0.000205,0.018098,0.000205,1,0,1,fixed,1,1,0,0,3.000000,4.000000
11,logistic,1,3,29,1,1,1,2.453398,70.000000,0.817799,16,0.755202,26,0,1,0,0.755202,0.755202,0.000000,0.000000,0.755202,0.094717,0,24,1,-1,26,16,38,113.000000,70.000000,20.166700,0.985594,0.830977,0.796830,0.008593,0.018098,0.026239,0.026239,1,0,1,fixed,1,1,0,0,3.000000,4.000000
11,logistic,1,3,30,2,2,3,0.000000,20.166700,4.958669,38,0.755202,26,0,2,0,0.755202,0.755202,0.000000,0.000000,0.755202,0.094717,0,24,1,1,26,16,38,113.000000,70.000000,20.166700,0.884956,1.428571,4.958669,-0.007445,0.005574,0.018098,0.005574,1,0,1,fixed,1,1,0,0,3.000000,4.000000
11,logistic,1,3,31,0,0,2,3.207549,113.000000,0.400944,26,0.755202,26,0,0,0,0.755202,0.755202,0.000000,0.000000,0.755202,0.094717,0,24,1,0,26,16,38,113.000000,70.000000,20.166700,0.383128,0.292995,0.390663,0.018098,0.021835,0.037683,0.037683,1,0,1,fixed,1,1,0,0,3.000000,4.000000
11,logistic,1,3,32,0,0,2,3.207554,113.000000,0.400944,26,0.755202,26,0,0,0,0.755202,0.755202,0.000000,0.000000,0.755202,0.094717,0,24,1,0,26,16,38,113.000000,70.000000,20.166700,0.383128,0.292995,0.390664,0.018098,0.021835,0.037683,0.037683,1,0,1,fixed,1,1,0,0,3.000000,4.000000
11,logistic,1,3,33,0,0,2,3.206485,113.000000,0.400811,26,0.755202,26,0,0,0,0.755202,0.755202,0.000000,0.000000,0.755202,0.094717,0,24,1,0,26,16,38,113.000000,70.000000,20.166700,0.383133,0.292995,0.390533,0.018098,0.021835,0.037676,0.037676,1,0,1,fixed,1,1,0,0,3.000000,4.000000
11,logistic,1,3,34,1,1,1,2.527830,70.000000,0.842610,16,0.755202,26,0,1,0,0.755202,0.755202,0.000000,0.000000,0.755202,0.094717,0,24,1,-1,26,16,38,113.000000,70.000000,20.166700,0.985594,0.829323,0.821004,0.008609,0.018098,0.026538,0.026538,1,0,1,fixed,1,1,0,0,3.000000,4.000000
11,logistic,1,3,35,2,2,4,0.000000,20.166700,1.983468,38,0.755202,26,0,2,0,0.755202,0.755202,0.000000,0.000000,0.755202,0.094717,0,24,1,-1,26,16,38,113.000000,70.000000,20.166700,0.353982,0.571429,1.983468,-0.017053,0.000205,0.018098,0.000205,1,0,1,fixed,1,1,0,0,3.000000,4.000000
11,logistic,1,3,36,0,0,2,3.212953,113.000000,0.401619,26,0.755202,26,0,0,0,0.755202,0.755202,0.000000,0.000000,0.755202,0.094717,0,24,1,0,26,16,38,113.000000,70.000000,20.166700,0.383101,0.292995,0.391321,0.018098,0.021836,0.037718,0.037718,1,0,1,fixed,1,1,0,0,3.000000,4.000000
11,logistic,1,3,37,2,2,4,0.000000,20.166700,1.983468,38,0.755202,26,0,2,0,0.755202,0.755202,0.000000,0.000000,0.755202,0.094717,0,24,1,-1,26,16,38,113.000000,70.000000,20.166700,0.353982,0.571429,1.983468,-0.017053,0.000205,0.018098,0.000205,1,0,1,fixed,1,1,0,0,3.000000,4.000000
11,logistic,1,3,38,0,0,2,3.212958,113.000000,0.401620,26,0.755202,26,0,0,0,0.755202,0.755202,0.000000,0.000000,0.755202,0.094717,0,24,1,0,26,16,38,113.000000,70.000000,20.166700,0.383101,0.292995,0.391322,0.018098,0.021836,0.037718,0.037718,1,0,1,fixed,1,1,0,0,3.000000,4.000000
11,logistic,1,3,39,2,2,4,0.000000,20.166700,1.983468,38,0.755202,26,0,2,0,0.755202,0.755202,0.000000,0.000000,0.755202,0.094717,0,24,1,-1,26,16,38,113.000000,70.000000,20.166700,0.353982,0.571429,1.983468,-0.017053,0.000205,0.018098,0.000205,1,0,1,fixed,1,1,0,0,3.000000,4.000000
11,logistic,1,3,40,2,2,4,0.000000,20.166700,1.983468,38,0.755202,26,0,2,0,0.755202,0.755202,0.000000,0.000000,0.755202,0.094717,0,24,1,-1,26,16,38,113.000000,70.000000,20.166700,0.353982,0.571429,1.983468,-0.017053,0.000205,0.018098,0.000205,1,0,1,fixed,1,1,0,0,3.000000,4.000000
11,logistic,1,3,41,2,2,4,0.000000,20.166700,1.983468,38,0.755202,26,0,2,0,0.755202,0.755202,0.000000,0.000000,0.755202,0.094717,0,24,1,-1,26,16,38,113.000000,70.000000,20.166700,0.353982,0.571429,1.983468,-0.017053,0.000205,0.018098,0.000205,1,0,1,fixed,1,1,0,0,3.000000,4.000000
11,logistic,1,3,42,2,2,4,0.000000,20.166700,1.983468,38,0.755202,26,0,2,0,0.755202,0.755202,0.000000,0.000000,0.755202,0.094717,0,24,1,-1,26,16,38,113.000000,70.000000,20.166700,0.353982,0.571429,1.983468,-0.017053,0.000205,0.018098,0.000205,1,0,1,fixed,1,1,0,0,3.000000,4.000000
11,logistic,1,3,43,2,2,4,0.000000,20.166700,1.983468,38,0.755202,26,0,2,0,0.755202,0.755202,0.000000,0.000000,0.755202,0.094717,0,24,1,-1,26,16,38,113.000000,70.000000,20.166700,0.353982,0.571429,1.983468,-0.017053,0.000205,0.018098,0.000205,1,0,1,fixed,1,1,0,0,3.000000,4.000000
11,logistic,1,3,44,0,0,2,3.180288,113.000000,0.397536,26,0.755202,26,0,0,0,0.755202,0.755202,0.000000,0.000000,0.755202,0.094717,0,24,1,0,26,16,38,113.000000,70.000000,20.166700,0.383264,0.292995,0.387343,0.018098,0.021828,0.037504,0.037504,1,0,1,fixed,1,1,0,0,3.000000,4.000000
11,logistic,1,3,45,2,2,4,0.000000,20.166700,1.983468,38,0.755202,26,0,2,0,0.755202,0.755202,0.000000,0.000000,0.755202,0.094717,0,24,1,-1,26,16,38,113.000000,70.000000,20.166700,0.353982,0.571429,1.983468,-0.017053,0.000205,0.018098,0.000205,1,0,1,fixed,1,1,0,0,3.000000,4.000000
11,logistic,1,3,46,1,1,1,2.602868,70.000000,0.867623,16,0.755202,26,0,1,0,0.755202,0.755202,0.000000,0.000000,0.755202,0.094717,0,24,1,-1,26,16,38,113.000000,70.000000,20.166700,0.985594,0.827655,0.845376,0.008626,0.018098,0.026824,0.026824,1,0,1,fixed,1,1,0,0,3.000000,4.000000
11,logistic,1,3,47,0,0,2,3.170508,113.000000,0.396314,26,0.755202,26,0,0,0,0.755202,0.755202,0.000000,0.000000,0.755202,0.094717,0,24,1,0,26,16,38,113.000000,70.000000,20.166700,0.383313,0.292995,0.386152,0.018098,0.021826,0.037439,0.037439,1,0,1,fixed,1,1,0,0,3.000000,4.000000
11,logistic,1,3,48,2,2,4,0.000000,20.166700,1.983468,38,0.755202,26,0,2,0,0.755202,0.755202,0.000000,0.000000,0.755202,0.094717,0,24,1,-1,26,16,38,113.000000,70.000000,20.166700,0.353982,0.571429,1.983468,-0.017053,0.000205,0.018098,0.000205,1,0,1,fixed,1,1,0,0,3.000000,4.000000
11,logistic,1,3,49,0,0,2,3.178203,113.000000,0.397275,26,0.755202,26,0,0,0,0.755202,0.755202,0.000000,0.000000,0.755202,0.094717,0,24,1,0,26,16,38,113.000000,70.000000,20.166700,0.383274,0.292995,0.387089,0.018098,0.021828,0.037490,0.037490,1,0,1,fixed,1,1,0,0,3.000000,4.000000
11,logistic,1,3,50,0,0,2,3.213141,113.000000,0.401643,26,0.755202,26,0,0,0,0.755202,0.755202,0.000000,0.000000,0.755202,0.094717,0,24,1,0,26,16,38,113.000000,70.000000,20.166700,0.383100,0.292995,0.391344,0.018098,0.021836,0.037720,0.037720,1,0,1,fixed,1,1,0,0,3.000000,4.000000
11,logistic,1,3,51,0,0,2,3.180288,113.000000,0.397536,26,0.755202,26,0,0,0,0.755202,0.755202,0.000000,0.000000,0.755202,0.094717,0,24,1,0,26,16,38,113.000000,70.000000,20.166700,0.383264,0.292995,0.387343,0.018098,0.021828,0.037504,0.037504,1,0,1,fixed,1,1,0,0,3.000000,4.000000
11,logistic,1,3,52,1,1,1,2.448287,70.000000,0.816096,16,0.755202,26,0,1,0,0.755202,0.755202,0.000000,0.000000,0.755202,0.094717,0,24,1,-1,26,16,38,113.000000,70.000000,20.166700,0.985594,0.831090,0.795170,0.008592,0.018098,0.026218,0.026218,1,0,1,fixed,1,1,0,0,3.000000,4.000000
11,logistic,1,3,53,2,2,4,0.000000,20.166700,1.983468,38,0.755202,26,0,2,0,0.755202,0.755202,0.000000,0.000000,0.755202,0.094717,0,24,1,-1,26,16,38,113.000000,70.000000,20.166700,0.353982,0.571429,1.983468,-0.017053,0.000205,0.018098,0.000205,1,0,1,fixed,1,1,0,0,3.000000,4.000000
11,logistic,1,3,54,0,0,2,3.214222,113.000000,0.401778,26,0.755202,26,0,0,0,0.755202,0.755202,0.000000,0.000000,0.755202,0.094717,0,24,1,0,26,16,38,113.000000,70.000000,20.166700,0.383094,0.292995,0.391476,0.018098,0.021837,0.037727,0.037727,1,0,1,fixed,1,1,0,0,3.000000,4.000000
11,logistic,1,3,55,2,2,3,0.000000,20.166700,4.958669,38,0.755202,26,0,2,0,0.755202,0.755202,0.000000,0.000000,0.755202,0.094717,0,24,1,1,26,16,38,113.000000,70.000000,20.166700,0.884956,1.428571,4.958669,-0.007445,0.005574,0.018098,0.005574,1,0,1,fixed,1,1,0,0,3.000000,4.000000
11,logistic,1,3,56,0,0,2,1.801090,113.000000,0.225136,26,0.755202,26,0,0,0,0.755202,0.755202,0.000000,0.000000,0.755202,0.094717,0,24,1,0,26,16,38,113.000000,70.000000,20.166700,0.390160,0.292995,0.219364,0.018098,0.021494,0.021939,0.021939,1,0,1,fixed,1,1,0,0,3.000000,4.000000
11,logistic,1,3,57,2,2,3,0.000000,20.166700,4.958669,38,0.755202,26,0,2,0,0.755202,0.755202,0.000000,0.000000,0.755202,0.094717,0,24,1,1,26,16,38,113.000000,70.000000,20.166700,0.884956,1.428571,4.958669,-0.007445,0.005574,0.018098,0.005574,1,0,1,fixed,1,1,0,0,3.000000,4.000000
11,logistic,1,3,58,1,1,1,2.493108,70.000000,0.831036,16,0.755202,26,0,1,0,0.755202,0.755202,0.000000,0.000000,0.755202,0.094717,0,24,1,-1,26,16,38,113.000000,70.000000,20.166700,0.985594,0.830094,0.809727,0.008602,0.018098,0.026401,0.026401,1,0,1,fixed,1,1,0,0,3.000000,4.000000
11,logistic,1,3,59,2,2,3,0.000000,20.166700,4.958669,38,0.755202,26,0,2,0,0.755202,0.755202,0.000000,0.000000,0.755202,0.094717,0,24,1,1,26,16,38,113.000000,70.000000,20.166700,0.884956,1.428571,4.958669,-0.007445,0.005574,0.018098,0.005574,1,0,1,fixed,1,1,0,0,3.000000,4.000000
11,logistic,1,3,60,2,2,3,0.000000,20.166700,4.958669,38,0.755202,26,0,2,0,0.755202,0.755202,0.000000,0.000000,0.755202,0.094717,0,24,1,1,26,16,38,113.000000,70.000000,20.166700,0.884956,1.428571,4.958669,-0.007445,0.005574,0.018098,0.005574,1,0,1,fixed,1,1,0,0,3.000000,4.000000
11,logistic,1,3,61,0,0,2,3.168293,113.000000,0.396037,26,0.755202,26,0,0,0,0.755202,0.755202,0.000000,0.000000,0.755202,0.094717,0,24,1,0,26,16,38,113.000000,70.000000,20.166700,0.383324,0.292995,0.385882,0.018098,0.021825,0.037424,0.037424,1,0,1,fixed,1,1,0,0,3.000000,4.000000
11,logistic,1,3,62,2,2,4,0.000000,20.166700,1.983468,38,0.755202,26,0,2,0,0.755202,0.755202,0.000000,0.000000,0.755202,0.094717,0,24,1,-1,26,16,38,113.000000,70.000000,20.166700,0.353982,0.571429,1.983468,-0.017053,0.000205,0.018098,0.000205,1,0,1,fixed,1,1,0,0,3.000000,4.000000
11,logistic,1,3,63,1,1,1,2.511451,70.000000,0.837150,16,0.755202,26,0,1,0,0.755202,0.755202,0.000000,0.000000,0.755202,0.094717,0,24,1,-1,26,16,38,113.000000,70.000000,20.166700,0.985594,0.829686,0.815685,0.008606,0.018098,0.026474,0.026474,1,0,1,fixed,1,1,0,0,3.000000,4.000000
11,logistic,1,3,64,2,2,4,0.000000,20.166700,1.983468,38,0.755202,26,0,2,0,0.755202,0.755202,0.000000,0.000000,0.755202,0.094717,0,24,1,-1,26,16,38,113.000000,70.000000,20.166700,0.353982,0.571429,1.983468,-0.017053,0.000205,0.018098,0.000205,1,0,1,fixed,1,1,0,0,3.000000,4.000000
11,logistic,1,3,65,0,0,2,3.217501,113.000000,0.402188,26,0.755202,26,0,0,0,0.755202,0.755202,0.000000,0.000000,0.755202,0.094717,0,24,1,0,26,16,38,113.000000,70.000000,20.166700,0.383078,0.292995,0.391875,0.018098,0.021837,0.037748,0.037748,1,0,1,fixed,1,1,0,0,3.000000,4.000000
11,logistic,1,3,66,2,2,4,0.000000,20.166700,1.983468,38,0.755202,26,0,2,0,0.755202,0.755202,0.000000,0.000000,0.755202,0.094717,0,24,1,-1,26,16,38,113.000000,70.000000,20.166700,0.353982,0.571429,1.983468,-0.017053,0.000205,0.018098,0.000205,1,0,1,fixed,1,1,0,0,3.000000,4.000000
11,logistic,1,3,67,2,2,4,0.000000,20.166700,1.983468,38,0.755202,26,0,2,0,0.755202,0.755202,0.000000,0.000000,0.755202,0.094717,0,24,1,-1,26,16,38,113.000000,70.000000,20.166700,0.353982,0.571429,1.983468,-0.017053,0.000205,0.018098,0.000205,1,0,1,fixed,1,1,0,0,3.000000,4.000000
11,logistic,1,3,68,0,0,2,3.180288,113.000000,0.397536,26,0.755202,26,0,0,0,0.755202,0.755202,0.000000,0.000000,0.755202,0.094717,0,24,1,0,26,16,38,113.000000,70.000000,20.166700,0.383264,0.292995,0.387343,0.018098,0.021828,0.037504,0.037504,1,0,1,fixed,1,1,0,0,3.000000,4.000000
11,logistic,1,3,69,2,2,4,0.000000,20.166700,1.983468,38,0.755202,26,0,2,0,0.755202,0.755202,0.000000,0.000000,0.755202,0.094717,0,24,1,-1,26,16,38,113.000000,70.000000,20.166700,0.353982,0.571429,1.983468,-0.017053,0.000205,0.018098,0.000205,1,0,1,fixed,1,1,0,0,3.000000,4.000000
11,logistic,1,3,70,0,0,2,3.168293,113.000000,0.396037,26,0.755202,26,0,0,0,0.755202,0.755202,0.000000,0.000000,0.755202,0.094717,0,24,1,0,26,16,38,113.000000,70.000000,20.166700,0.383324,0.292995,0.385882,0.018098,0.021825,0.037424,0.037424,1,0,1,fixed,1,1,0,0,3.000000,4.000000
11,logistic,1,3,71,0,0,2,3.182504,113.000000,0.397813,26,0.755202,26,0,0,0,0.755202,0.755202,0.000000,0.000000,0.755202,0.094717,0,24,1,0,26,16,38,113.000000,70.000000,20.166700,0.383253,0.292995,0.387613,0.018098,0.021829,0.037518,0.037518,1,0,1,fixed,1,1,0,0,3.000000,4.000000
11,logistic,1,3,72,0,0,2,3.181459,113.000000,0.397682,26,0.755202,26,0,0,0,0.755202,0.755202,0.000000,0.000000,0.755202,0.094717,0,24,1,0,26,16,38,113.000000,70.000000,20.166700,0.383258,0.292995,0.387485,0.018098,0.021829,0.037512,0.037512,1,0,1,fixed,1,1,0,0,3.000000,4.000000
11,logistic,1,3,73,2,2,3,0.000000,20.166700,4.958669,38,0.755202,26,0,2,0,0.755202,0.755202,0.000000,0.000000,0.755202,0.094717,0,24,1,1,26,16,38,113.000000,70.000000,20.166700,0.884956,1.428571,4.958669,-0.007445,0.005574,0.018098,0.005574,1,0,1,fixed,1,1,0,0,3.000000,4.000000
11,logistic,1,3,74,1,1,1,2.517893,70.000000,0.839298,16,0.755202,26,0,1,0,0.755202,0.755202,0.000000,0.000000,0.755202,0.094717,0,24,1,-1,26,16,38,113.000000,70.000000,20.166700,0.985594,0.829543,0.817777,0.008607,0.018098,0.026499,0.026499,1,0,1,fixed,1,1,0,0,3.000000,4.000000
11,logistic,1,3,75,0,0,2,3.228414,113.000000,0.403552,26,0.755202,26,0,0,0,0.755202,0.755202,0.000000,0.000000,0.755202,0.094717,0,24,1,0,26,16,38,113.000000,70.000000,20.166700,0.383023,0.292995,0.393204,0.018098,0.021840,0.037819,0.037819,1,0,1,fixed,1,1,0,0,3.000000,4.000000
11,logistic,1,3,76,2,2,4,0.000000,20.166700,1.983468,38,0.755202,26,0,2,0,0.755202,0.755202,0.000000,0.000000,0.755202,0.094717,0,24,1,-1,26,16,38,113.000000,70.000000,20.166700,0.353982,0.571429,1.983468,-0.017053,0.000205,0.018098,0.000205,1,0,1,fixed,1,1,0,0,3.000000,4.000000
11,logistic,1,3,77,2,2,4,0.000000,20.166700,1.983468,38,0.755202,26,0,2,0,0.755202,0.755202,0.000000,0.000000,0.755202,0.094717,0,24,1,-1,26,16,38,113.000000,70.000000,20.166700,0.353982,0.571429,1.983468,-0.017053,0.000205,0.018098,0.000205,1,0,1,fixed,1,1,0,0,3.000000,4.000000
11,logistic,1,3,78,1,1,1,2.543526,70.000000,0.847842,16,0.755202,26,0,1,0,0.755202,0.755202,0.000000,0.000000,0.755202,0.094717,0,24,1,-1,26,16,38,113.000000,70.000000,20.166700,0.985594,0.828974,0.826103,0.008613,0.018098,0.026599,0.026599,1,0,1,fixed,1,1,0,0,3.000000,4.000000
11,logistic,1,3,79,1,1,1,2.339308,70.000000,0.779769,16,0.755202,26,0,1,0,0.755202,0.755202,0.000000,0.000000,0.755202,0.094717,0,24,1,-1,26,16,38,113.000000,70.000000,20.166700,0.985594,0.833512,0.759775,0.008568,0.018098,0.025746,0.025746,1,0,1,fixed,1,1,0,0,3.000000,4.000000
11,logistic,1,3,80,1,1,1,2.516322,70.000000,0.838774,16,0.755202,26,0,1,0,0.755202,0.755202,0.000000,0.000000,0.755202,0.094717,0,24,1,-1,26,16,38,113.000000,70.000000,20.166700,0.985594,0.829578,0.817267,0.008607,0.018098,0.026493,0.026493,1,0,1,fixed,1,1,0,0,3.000000,4.000000
11,logistic,1,4,1,1,1,1,2.366350,70.333300,0.788783,16,0.755627,26,0,1,0,0.755627,0.755627,0.000000,0.000000,0.755627,0.000426,0,22,1,-1,26,16,38,0.000000,70.333300,19.833300,0.985606,0.833000,0.768558,0.010153,0.019729,0.027538,0.027538,1,0,1,fixed,1,1,0,0,3.000000,4.000000
11,logistic,1,4,2,2,2,4,0.000000,19.833300,2.016810,38,0.755627,26,0,2,0,0.755627,0.755627,0.000000,0.000000,0.755627,0.000426,0,22,1,1,26,16,38,0.000000,70.333300,19.833300,1.000000,0.568721,2.016810,-0.002956,0.001623,0.019729,0.001623,1,0,1,fixed,1,1,0,0,3.000000,4.000000
11,logistic,1,4,3,0,0,2,1.294989,0.000000,0.161874,26,0.755627,26,1,0,0,0.755627,0.755627,0.000000,0.000000,0.755627,0.000426,0,22,1,0,26,16,38,0.000000,70.333300,19.833300,0.392695,0.293025,0.157723,0.019729,0.023026,0.010182,0.023026,1,0,1,fixed,1,1,0,0,3.000000,4.000000
11,logistic,1,4,4,1,1,1,2.495252,70.333300,0.831751,16,0.755627,26,0,1,0,0.755627,0.755627,0.000000,0.000000,0.755627,0.000426,0,22,1,-1,26,16,38,0.000000,70.333300,19.833300,0.985606,0.830135,0.810424,0.010182,0.019729,0.028083,0.028083,1,0,1,fixed,1,1,0,0,3.000000,4.000000
11,logistic,1,4,5,2,2,4,0.000000,19.833300,2.016810,38,0.755627,26,0,2,0,0.755627,0.755627,0.000000,0.000000,0.755627,0.000426,0,22,1,1,26,16,38,0.000000,70.333300,19.833300,1.000000,0.568721,2.016810,-0.002956,0.001623,0.019729,0.001623,1,0,1,fixed,1,1,0,0,3.000000,4.000000
11,logistic,1,4,6,1,1,1,2.470205,70.333300,0.823402,16,0.755627,26,0,1,0,0.755627,0.755627,0.000000,0.000000,0.755627,0.000426,0,22,1,-1,26,16,38,0.000000,70.333300,19.833300,0.985606,0.830692,0.802289,0.010176,0.019729,0.027981,0.027981,1,0,1,fixed,1,1,0,0,3.000000,4.000000
11,logistic,1,4,7,2,2,4,0.000000,19.833300,2.016810,38,0.755627,26,0,2,0,0.755627,0.755627,0.000000,0.000000,0.755627,0.000426,0,22,1,1,26,16,38,0.000000,70.333300,19.833300,1.000000,0.568721,2.016810,-0.002956,0.001623,0.019729,0.001623,1,0,1,fixed,1,1,0,0,3.000000,4.000000
11,logistic,1,4,8,2,2,4,0.000000,19.833300,2.016810,38,0.755627,26,0,2,0,0.755627,0.755627,0.000000,0.000000,0.755627,0.000426,0,22,1,1,26,16,38,0.000000,70.333300,19.833300,1.000000,0.568721,2.016810,-0.002956,0.001623,0.019729,0.001623,1,0,1,fixed,1,1,0,0,3.000000,4.000000
11,logistic,1,4,9,1,1,1,2.541070,70.333300,0.847023,16,0.755627,26,0,1,0,0.755627,0.755627,0.000000,0.000000,0.755627,0.000426,0,22,1,-1,26,16,38,0.000000,70.333300,19.833300,0.985606,0.829117,0.825305,0.010192,0.019729,0.028265,0.028265,1,0,1,fixed,1,1,0,0,3.000000,4.000000
11,logistic,1,4,10,0,0,2,3.169346,0.000000,0.396168,26,0.755627,26,0,0,0,0.755627,0.755627,0.000000,0.000000,0.755627,0.000426,0,22,1,0,26,16,38,0.000000,70.333300,19.833300,0.383324,0.293025,0.386010,0.019729,0.023480,0.039166,0.039166,1,0,1,fixed,1,1,0,0,3.000000,4.000000
11,logistic,1,4,11,2,2,4,0.000000,19.833300,2.016810,38,0.755627,26,0,2,0,0.755627,0.755627,0.000000,0.000000,0.755627,0.000426,0,22,1,1,26,16,38,0.000000,70.333300,19.833300,1.000000,0.568721,2.016810,-0.002956,0.001623,0.019729,0.001623,1,0,1,fixed,1,1,0,0,3.000000,4.000000
11,logistic,1,4,12,2,2,4,0.000000,19.833300,2.016810,38,0.755627,26,0,2,0,0.755627,0.755627,0.000000,0.000000,0.755627,0.000426,0,22,1,1,26,16,38,0.000000,70.333300,19.833300,1.000000,0.568721,2.016810,-0.002956,0.001623,0.019729,0.001623,1,0,1,fixed,1,1,0,0,3.000000,4.000000
11,logistic,1,4,13,0,0,2,3.169346,0.000000,0.396168,26,0.755627,26,0,0,0,0.755627,0.755627,0.000000,0.000000,0.755627,0.000426,0,22,1,0,26,16,38,0.000000,70.333300,19.833300,0.383324,0.293025,0.386010,0.019729,0.023480,0.039166,0.039166,1,0,1,fixed,1,1,0,0,3.000000,4.000000
11,logistic,1,4,14,2,2,4,0.000000,19.833300,2.016810,38,0.755627,26,0,2,0,0.755627,0.755627,0.000000,0.000000,0.755627,0.000426,0,22,1,1,26,16,38,0.000000,70.333300,19.833300,1.000000,0.568721,2.016810,-0.002956,0.001623,0.019729,0.001623,1,0,1,fixed,1,1,0,0,3.000000,4.000000
11,logistic,1,4,15,0,0,2,3.227203,0.000000,0.403400,26,0.755627,26,0,0,0,0.755627,0.755627,0.000000,0.000000,0.755627,0.000426,0,22,1,0,26,16,38,0.000000,70.333300,19.833300,0.383034,0.293025,0.393057,0.019729,0.023494,0.039548,0.039548,1,0,1,fixed,1,1,0,0,3.000000,4.000000
11,logistic,1,4,16,2,2,3,0.000000,19.833300,5.042025,38,0.755627,26,0,2,0,0.755627,0.755627,0.000000,0.000000,0.755627,0.000426,0,22,1,1,26,16,38,0.000000,70.333300,19.833300,1.000000,1.421802,5.042025,-0.005057,0.007092,0.019729,0.007092,1,0,1,fixed,1,1,0,0,3.000000,4.000000
11,logistic,1,4,17,1,1,1,2.355965,70.333300,0.785322,16,0.755627,26,0,1,0,0.755627,0.755627,0.000000,0.000000,0.755627,0.000426,0,22,1,-1,26,16,38,0.000000,70.333300,19.833300,0.985606,0.833230,0.765185,0.010151,0.019729,0.027491,0.027491,1,0,1,fixed,1,1,0,0,3.000000,4.000000
11,logistic,1,4,18,2,2,4,0.000000,19.833300,2.016810,38,0.755627,26,0,2,0,0.755627,0.755627,0.000000,0.000000,0.755627,0.000426,0,22,1,1,26,16,38,0.000000,70.333300,19.833300,1.000000,0.568721,2.016810,-0.002956,0.001623,0.019729,0.001623,1,0,1,fixed,1,1,0,0,3.000000,4.000000
11,logistic,1,4,19,2,2,4,0.000000,19.833300,2.016810,38,0.755627,26,0,2,0,0.755627,0.755627,0.000000,0.000000,0.755627,0.000426,0,22,1,1,26,16,38,0.000000,70.333300,19.833300,1.000000,0.568721,2.016810,-0.002956,0.001623,0.019729,0.001623,1,0,1,fixed,1,1,0,0,3.000000,4.000000
11,logistic,1,4,20,0,0,2,3.201006,0.000000,0.400126,26,0.755627,26,0,0,0,0.755627,0.755627,0.000000,0.000000,0.755627,0.000426,0,22,1,0,26,16,38,0.000000,70.333300,19.833300,0.383165,0.293025,0.389866,0.019729,0.023487,0.039376,0.039376,1,0,1,fixed,1,1,0,0,3.000000,4.000000
11,logistic,1,4,21,0,0,2,3.203335,0.000000,0.400417,26,0.755627,26,0,0,0,0.755627,0.755627,0.000000,0.000000,0.755627,0.000426,0,22,1,0,26,16,38,0.000000,70.333300,19.833300,0.383154,0.293025,0.390150,0.019729,0.023488,0.039392,0.039392,1,0,1,fixed,1,1,0,0,3.000000,4.000000
11,logistic,1,4,22,2,2,4,0.000000,19.833300,2.016810,38,0.755627,26,0,2,0,0.755627,0.755627,0.000000,0.000000,0.755627,0.000426,0,22,1,1,26,16,38,0.000000,70.333300,19.833300,1.000000,0.568721,2.016810,-0.002956,0.001623,0.019729,0.001623,1,0,1,fixed,1,1,0,0,3.000000,4.000000
11,logistic,1,4,23,1,1,1,2.530074,70.333300,0.843358,16,0.755627,26,0,1,0,0.755627,0.755627,0.000000,0.000000,0.755627,0.000426,0,22,1,-1,26,16,38,0.000000,70.333300,19.833300,0.985606,0.829361,0.821733,0.010189,0.019729,0.028222,0.028222,1,0,1,fixed,1,1,0,0,3.000000,4.000000
11,logistic,1,4,24,2,2,4,0.000000,19.833300,2.016810,38,0.755627,26,0,2,0,0.755627,0.755627,0.000000,0.000000,0.755627,0.000426,0,22,1,1,26,16,38,0.000000,70.333300,19.833300,1.000000,0.568721,2.016810,-0.002956,0.001623,0.019729,0.001623,1,0,1,fixed,1,1,0,0,3.000000,4.000000
11,logistic,1,4,25,0,0,2,3.171485,0.000000,0.396436,26,0.755627,26,0,0,0,0.755627,0.755627,0.000000,0.000000,0.755627,0.000426,0,22,1,0,26,16,38,0.000000,70.333300,19.833300,0.383313,0.293025,0.386271,0.019729,0.023480,0.039180,0.039180,1,0,1,fixed,1,1,0,0,3.000000,4.000000
11,logistic,1,4,26,2,2,3,0.000000,19.833300,5.042025,38,0.755627,26,0,2,0,0.755627,0.755627,0.000000,0.000000,0.755627,0.000426,0,22,1,1,26,16,38,0.000000,70.333300,19.833300,1.000000,1.421802,5.042025,-0.005057,0.007092,0.019729,0.007092,1,0,1,fixed,1,1,0,0,3.000000,4.000000
11,logistic,1,4,27,2,2,3,0.000000,19.833300,5.042025,38,0.755627,26,0,2,0,0.755627,0.755627,0.000000,0.000000,0.755627,0.000426,0,22,1,1,26,16,38,0.000000,70.333300,19.833300,1.000000,1.421802,5.042025,-0.005057,0.007092,0.019729,0.007092,1,0,1,fixed,1,1,0,0,3.000000,4.000000
11,logistic,1,4,28,2,2,4,0.000000,19.833300,2.016810,38,0.755627,26,0,2,0,0.755627,0.755627,0.000000,0.000000,0.755627,0.000426,0,22,1,1,26,16,38,0.000000,70.333300,19.833300,1.000000,0.568721,2.016810,-0.002956,0.001623,0.019729,0.001623,1,0,1,fixed,1,1,0,0,3.000000,4.000000
11,logistic,1,4,29,1,1,1,2.446990,70.333300,0.815663,16,0.755627,26,0,1,0,0.755627,0.755627,0.000000,0.000000,0.755627,0.000426,0,22,1,-1,26,16,38,0.000000,70.333300,19.833300,0.985606,0.831208,0.794749,0.010171,0.019729,0.027885,0.027885,1,0,1,fixed,1,1,0,0,3.000000,4.000000
11,logistic,1,4,30,2,2,3,0.000000,19.833300,5.042025,38,0.755627,26,0,2,0,0.755627,0.755627,0.000000,0.000000,0.755627,0.000426,0,22,1,1,26,16,38,0.000000,70.333300,19.833300,1.000000,1.421802,5.042025,-0.005057,0.007092,0.019729,0.007092,1,0,1,fixed,1,1,0,0,3.000000,4.000000
11,logistic,1,4,31,0,0,2,3.227227,0.000000,0.403403,26,0.755627,26,0,0,0,0.755627,0.755627,0.000000,0.000000,0.755627,0.000426,0,22,1,0,26,16,38,0.000000,70.333300,19.833300,0.383034,0.293025,0.393060,0.019729,0.023494,0.039548,0.039548,1,0,1,fixed,1,1,0,0,3.000000,4.000000
11,logistic,1,4,32,0,0,2,3.227245,0.000000,0.403406,26,0.755627,26,0,0,0,0.755627,0.755627,0.000000,0.000000,0.755627,0.000426,0,22,1,0,26,16,38,0.000000,70.333300,19.833300,0.383034,0.293025,0.393062,0.019729,0.023494,0.039548,0.039548,1,0,1,fixed,1,1,0,0,3.000000,4.000000
11,logistic,1,4,33,0,0,2,3.226110,0.000000,0.403264,26,0.755627,26,0,0,0,0.755627,0.755627,0.000000,0.000000,0.755627,0.000426,0,22,1,0,26,16,38,0.000000,70.333300,19.833300,0.383040,0.293025,0.392924,0.019729,0.023494,0.039541,0.039541,1,0,1,fixed,1,1,0,0,3.000000,4.000000
11,logistic,1,4,34,1,1,1,2.538626,70.333300,0.846209,16,0.755627,26,0,1,0,0.755627,0.755627,0.000000,0.000000,0.755627,0.000426,0,22,1,-1,26,16,38,0.000000,70.333300,19.833300,0.985606,0.829171,0.824511,0.010191,0.019729,0.028255,0.028255,1,0,1,fixed,1,1,0,0,3.000000,4.000000
11,logistic,1,4,35,2,2,4,0.000000,19.833300,2.016810,38,0.755627,26,0,2,0,0.755627,0.755627,0.000000,0.000000,0.755627,0.000426,0,22,1,1,26,16,38,0.000000,70.333300,19.833300,1.000000,0.568721,2.016810,-0.002956,0.001623,0.019729,0.001623,1,0,1,fixed,1,1,0,0,3.000000,4.000000
11,logistic,1,4,36,0,0,2,3.171557,0.000000,0.396445,26,0.755627,26,0,0,0,0.755627,0.755627,0.000000,0.000000,0.755627,0.000426,0,22,1,0,26,16,38,0.000000,70.333300,19.833300,0.383312,0.293025,0.386279,0.019729,0.023480,0.039181,0.039181,1,0,1,fixed,1,1,0,0,3.000000,4.000000
11,logistic,1,4,37,2,2,4,0.000000,19.833300,2.016810,38,0.755627,26,0,2,0,0.755627,0.755627,0.000000,0.000000,0.755627,0.000426,0,22,1,1,26,16,38,0.000000,70.333300,19.833300,1.000000,0.568721,2.016810,-0.002956,0.001623,0.019729,0.001623,1,0,1,fixed,1,1,0,0,3.000000,4.000000
11,logistic,1,4,38,0,0,2,3.171570,0.000000,0.396446,26,0.755627,26,0,0,0,0.755627,0.755627,0.000000,0.000000,0.755627,0.000426,0,22,1,0,26,16,38,0.000000,70.333300,19.833300,0.383312,0.293025,0.386281,0.019729,0.023480,0.039181,0.039181,1,0,1,fixed,1,1,0,0,3.000000,4.000000
11,logistic,1,4,39,2,2,4,0.000000,19.833300,2.016810,38,0.755627,26,0,2,0,0.755627,0.755627,0.000000,0.000000,0.755627,0.000426,0,22,1,1,26,16,38,0.000000,70.333300,19.833300,1.000000,0.568721,2.016810,-0.002956,0.001623,0.019729,0.001623,1,0,1,fixed,1,1,0,0,3.000000,4.000000
11,logistic,1,4,40,2,2,4,0.000000,19.833300,2.016810,38,0.755627,26,0,2,0,0.755627,0.755627,0.000000,0.000000,0.755627,0.000426,0,22,1,1,26,16,38,0.000000,70.333300,19.833300,1.000000,0.568721,2.016810,-0.002956,0.001623,0.019729,0.001623,1,0,1,fixed,1,1,0,0,3.000000,4.000000
11,logistic,1,4,41,2,2,4,0.000000,19.833300,2.016810,38,0.755627,26,0,2,0,0.755627,0.755627,0.000000,0.000000,0.755627,0.000426,0,22,1,1,26,16,38,0.000000,70.333300,19.833300,1.000000,0.568721,2.016810,-0.002956,0.001623,0.019729,0.001623,1,0,1,fixed,1,1,0,0,3.000000,4.000000
11,logistic,1,4,42,2,2,4,0.000000,19.833300,2.016810,38,0.755627,26,0,2,0,0.755627,0.755627,0.000000,0.000000,0.755627,0.000426,0,22,1,1,26,16,38,0.000000,70.333300,19.833300,1.000000,0.568721,2.016810,-0.002956,0.001623,0.019729,0.001623,1,0,1,fixed,1,1,0,0,3.000000,4.000000
11,logistic,1,4,43,2,2,4,0.000000,19.833300,2.016810,38,0.755627,26,0,2,0,0.755627,0.755627,0.000000,0.000000,0.755627,0.000426,0,22,1,1,26,16,38,0.000000,70.333300,19.833300,1.000000,0.568721,2.016810,-0.002956,0.001623,0.019729,0.001623,1,0,1,fixed,1,1,0,0,3.000000,4.000000
11,logistic,1,4,44,0,0,2,3.168328,0.000000,0.396041,26,0.755627,26,0,0,0,0.755627,0.755627,0.000000,0.000000,0.755627,0.000426,0,22,1,0,26,16,38,0.000000,70.333300,19.833300,0.383329,0.293025,0.385886,0.019729,0.023479,0.039159,0.039159,1,0,1,fixed,1,1,0,0,3.000000,4.000000
11,logistic,1,4,45,2,2,4,0.000000,19.833300,2.016810,38,0.755627,26,0,2,0,0.755627,0.755627,0.000000,0.000000,0.755627,0.000426,0,22,1,1,26,16,38,0.000000,70.333300,19.833300,1.000000,0.568721,2.016810,-0.002956,0.001623,0.019729,0.001623,1,0,1,fixed,1,1,0,0,3.000000,4.000000
11,logistic,1,4,46,1,1,1,2.470816,70.333300,0.823605,16,0.755627,26,0,1,0,0.755627,0.755627,0.000000,0.000000,0.755627,0.000426,0,22,1,-1,26,16,38,0.000000,70.333300,19.833300,0.985606,0.830678,0.802487,0.010176,0.019729,0.027984,0.027984,1,0,1,fixed,1,1,0,0,3.000000,4.000000
11,logistic,1,4,47,0,0,2,3.203334,0.000000,0.400417,26,0.755627,26,0,0,0,0.755627,0.755627,0.000000,0.000000,0.755627,0.000426,0,22,1,0,26,16,38,0.000000,70.333300,19.833300,0.383154,0.293025,0.390150,0.019729,0.023488,0.039392,0.039392,1,0,1,fixed,1,1,0,0,3.000000,4.000000
11,logistic,1,4,48,2,2,4,0.000000,19.833300,2.016810,38,0.755627,26,0,2,0,0.755627,0.755627,0.000000,0.000000,0.755627,0.000426,0,22,1,1,26,16,38,0.000000,70.333300,19.833300,1.000000,0.568721,2.016810,-0.002956,0.001623,0.019729,0.001623,1,0,1,fixed,1,1,0,0,3.000000,4.000000
11,logistic,1,4,49,0,0,2,3.155149,0.000000,0.394394,26,0.755627,26,0,0,0,0.755627,0.755627,0.000000,0.000000,0.755627,0.000426,0,22,1,0,26,16,38,0.000000,70.333300,19.833300,0.383395,0.293025,0.384281,0.019729,0.023476,0.039070,0.039070,1,0,1,fixed,1,1,0,0,3.000000,4.000000
11,logistic,1,4,50,0,0,2,3.168311,0.000000,0.396039,26,0.755627,26,0,0,0,0.755627,0.755627,0.000000,0.000000,0.755627,0.000426,0,22,1,0,26,16,38,0.000000,70.333300,19.833300,0.383329,0.293025,0.385884,0.019729,0.023479,0.039159,0.039159,1,0,1,fixed,1,1,0,0,3.000000,4.000000
11,logistic,1,4,51,0,0,2,3.168270,0.000000,0.396034,26,0.755627,26,0,0,0,0.755627,0.755627,0.000000,0.000000,0.755627,0.000426,0,22,1,0,26,16,38,0.000000,70.333300,19.833300,0.383329,0.293025,0.385879,0.019729,0.023479,0.039159,0.039159,1,0,1,fixed,1,1,0,0,3.000000,4.000000
11,logistic,1,4,52,1,1,1,2.468983,70.333300,0.822994,16,0.755627,26,0,1,0,0.755627,0.755627,0.000000,0.000000,0.755627,0.000426,0,22,1,-1,26,16,38,0.000000,70.333300,19.833300,0.985606,0.830719,0.801892,0.010176,0.019729,0.027976,0.027976,1,0,1,fixed,1,1,0,0,3.000000,4.000000
11,logistic,1,4,53,2,2,4,0.000000,19.833300,2.016810,38,0.755627,26,0,2,0,0.755627,0.755627,0.000000,0.000000,0.755627,0.000426,0,22,1,1,26,16,38,0.000000,70.333300,19.833300,1.000000,0.568721,2.016810,-0.002956,0.001623,0.019729,0.001623,1,0,1,fixed,1,1,0,0,3.000000,4.000000
11,logistic,1,4,54,0,0,2,3.168369,0.000000,0.396046,26,0.755627,26,0,0,0,0.755627,0.755627,0.000000,0.000000,0.755627,0.000426,0,22,1,0,26,16,38,0.000000,70.333300,19.833300,0.383328,0.293025,0.385891,0.019729,0.023479,0.039159,0.039159,1,0,1,fixed,1,1,0,0,3.000000,4.000000
11,logistic,1,4,55,2,2,3,0.000000,19.833300,5.042025,38,0.755627,26,0,2,0,0.755627,0.755627,0.000000,0.000000,0.755627,0.000426,0,22,1,1,26,16,38,0.000000,70.333300,19.833300,1.000000,1.421802,5.042025,-0.005057,0.007092,0.019729,0.007092,1,0,1,fixed,1,1,0,0,3.000000,4.000000
11,logistic,1,4,56,0,0,2,1.975926,0.000000,0.246991,26,0.755627,26,0,0,0,0.755627,0.755627,0.000000,0.000000,0.755627,0.000426,0,22,1,0,26,16,38,0.000000,70.333300,19.833300,0.389291,0.293025,0.240658,0.019729,0.023188,0.026706,0.026706,1,0,1,fixed,1,1,0,0,3.000000,4.000000
11,logistic,1,4,57,2,2,3,0.000000,19.833300,5.042025,38,0.755627,26,0,2,0,0.755627,0.755627,0.000000,0.000000,0.755627,0.000426,0,22,1,1,26,16,38,0.000000,70.333300,19.833300,1.000000,1.421802,5.042025,-0.005057,0.007092,0.019729,0.007092,1,0,1,fixed,1,1,0,0,3.000000,4.000000
11,logistic,1,4,58,1,1,1,2.338248,70.333300,0.779416,16,0.755627,26,0,1,0,0.755627,0.755627,0.000000,0.000000,0.755627,0.000426,0,22,1,-1,26,16,38,0.000000,70.333300,19.833300,0.985606,0.833624,0.759431,0.010147,0.019729,0.027411,0.027411,1,0,1,fixed,1,1,0,0,3.000000,4.000000
11,logistic,1,4,59,2,2,3,0.000000,19.833300,5.042025,38,0.755627,26,0,2,0,0.755627,0.755627,0.000000,0.000000,0.755627,0.000426,0,22,1,1,26,16,38,0.000000,70.333300,19.833300,1.000000,1.421802,5.042025,-0.005057,0.007092,0.019729,0.007092,1,0,1,fixed,1,1,0,0,3.000000,4.000000
11,logistic,1,4,60,2,2,3,0.000000,19.833300,5.042025,38,0.755627,26,0,2,0,0.755627,0.755627,0.000000,0.000000,0.755627,0.000426,0,22,1,1,26,16,38,0.000000,70.333300,19.833300,1.000000,1.421802,5.042025,-0.005057,0.007092,0.019729,0.007092,1,0,1,fixed,1,1,0,0,3.000000,4.000000
11,logistic,1,4,61,0,0,2,3.202229,0.000000,0.400279,26,0.755627,26,0,0,0,0.755627,0.755627,0.000000,0.000000,0.755627,0.000426,0,22,1,0,26,16,38,0.000000,70.333300,19.833300,0.383159,0.293025,0.390015,0.019729,0.023488,0.039384,0.039384,1,0,1,fixed,1,1,0,0,3.000000,4.000000
11,logistic,1,4,62,2,2,4,0.000000,19.833300,2.016810,38,0.755627,26,0,2,0,0.755627,0.755627,0.000000,0.000000,0.755627,0.000426,0,22,1,1,26,16,38,0.000000,70.333300,19.833300,1.000000,0.568721,2.016810,-0.002956,0.001623,0.019729,0.001623,1,0,1,fixed,1,1,0,0,3.000000,4.000000
11,logistic,1,4,63,1,1,1,2.511136,70.333300,0.837045,16,0.755627,26,0,1,0,0.755627,0.755627,0.000000,0.000000,0.755627,0.000426,0,22,1,-1,26,16,38,0.000000,70.333300,19.833300,0.985606,0.829782,0.815582,0.010185,0.019729,0.028147,0.028147,1,0,1,fixed,1,1,0,0,3.000000,4.000000
11,logistic,1,4,64,2,2,4,0.000000,19.833300,2.016810,38,0.755627,26,0,2,0,0.755627,0.755627,0.000000,0.000000,0.755627,0.000426,0,22,1,1,26,16,38,0.000000,70.333300,19.833300,1.000000,0.568721,2.016810,-0.002956,0.001623,0.019729,0.001623,1,0,1,fixed,1,1,0,0,3.000000,4.000000
11,logistic,1,4,65,0,0,2,3.210910,0.000000,0.401364,26,0.755627,26,0,0,0,0.755627,0.755627,0.000000,0.000000,0.755627,0.000426,0,22,1,0,26,16,38,0.000000,70.333300,19.833300,0.383116,0.293025,0.391072,0.019729,0.023490,0.039441,0.039441,1,0,1,fixed,1,1,0,0,3.000000,4.000000
11,logistic,1,4,66,2,2,4,0.000000,19.833300,2.016810,38,0.755627,26,0,2,0,0.755627,0.755627,0.000000,0.000000,0.755627,0.000426,0,22,1,1,26,16,38,0.000000,70.333300,19.833300,1.000000,0.568721,2.016810,-0.002956,0.001623,0.019729,0.001623,1,0,1,fixed,1,1,0,0,3.000000,4.000000
11,logistic,1,4,67,2,2,4,0.000000,19.833300,2.016810,38,0.755627,26,0,2,0,0.755627,0.755627,0.000000,0.000000,0.755627,0.000426,0,22,1,1,26,16,38,0.000000,70.333300,19.833300,1.000000,0.568721,2.016810,-0.002956,0.001623,0.019729,0.001623,1,0,1,fixed,1,1,0,0,3.000000,4.000000
11,logistic,1,4,68,0,0,2,3.169339,0.000000,0.396167,26,0.755627,26,0,0,0,0.755627,0.755627,0.000000,0.000000,0.755627,0.000426,0,22,1,0,26,16,38,0.000000,70.333300,19.833300,0.383324,0.293025,0.386009,0.019729,0.023480,0.039166,0.039166,1,0,1,fixed,1,1,0,0,3.000000,4.000000
11,logistic,1,4,69,2,2,4,0.000000,19.833300,2.016810,38,0.755627,26,0,2,0,0.755627,0.755627,0.000000,0.000000,0.755627,0.000426,0,22,1,1,26,16,38,0.000000,70.333300,19.833300,1.000000,0.568721,2.016810,-0.002956,0.001623,0.019729,0.001623,1,0,1,fixed,1,1,0,0,3.000000,4.000000
11,logistic,1,4,70,0,0,2,3.202217,0.000000,0.400277,26,0.755627,26,0,0,0,0.755627,0.755627,0.000000,0.000000,0.755627,0.000426,0,22,1,0,26,16,38,0.000000,70.333300,19.833300,0.383159,0.293025,0.390014,0.019729,0.023488,0.039384,0.039384,1,0,1,fixed,1,1,0,0,3.000000,4.000000
11,logistic,1,4,71,0,0,2,3.169310,0.000000,0.396164,26,0.755627,26,0,0,0,0.755627,0.755627,0.000000,0.000000,0.755627,0.000426,0,22,1,0,26,16,38,0.000000,70.333300,19.833300,0.383324,0.293025,0.386006,0.019729,0.023480,0.039166,0.039166,1,0,1,fixed,1,1,0,0,3.000000,4.000000
11,logistic,1,4,72,0,0,2,3.199974,0.000000,0.399997,26,0.755627,26,0,0,0,0.755627,0.755627,0.000000,0.000000,0.755627,0.000426,0,22,1,0,26,16,38,0.000000,70.333300,19.833300,0.383170,0.293025,0.389740,0.019729,0.023487,0.039370,0.039370,1,0,1,fixed,1,1,0,0,3.000000,4.000000
11,logistic,1,4,73,2,2,3,0.000000,19.833300,5.042025,38,0.755627,26,0,2,0,0.755627,0.755627,0.000000,0.000000,0.755627,0.000426,0,22,1,1,26,16,38,0.000000,70.333300,19.833300,1.000000,1.421802,5.042025,-0.005057,0.007092,0.019729,0.007092,1,0,1,fixed,1,1,0,0,3.000000,4.000000
11,logistic,1,4,74,1,1,1,2.526408,70.333300,0.842136,16,0.755627,26,0,1,0,0.755627,0.755627,0.000000,0.000000,0.755627,0.000426,0,22,1,-1,26,16,38,0.000000,70.333300,19.833300,0.985606,0.829443,0.820543,0.010189,0.019729,0.028207,0.028207,1,0,1,fixed,1,1,0,0,3.000000,4.000000
11,logistic,1,4,75,0,0,2,3.211967,0.000000,0.401496,26,0.755627,26,0,0,0,0.755627,0.755627,0.000000,0.000000,0.755627,0.000426,0,22,1,0,26,16,38,0.000000,70.333300,19.833300,0.383110,0.293025,0.391201,0.019729,0.023490,0.039448,0.039448,1,0,1,fixed,1,1,0,0,3.000000,4.000000
11,logistic,1,4,76,2,2,4,0.000000,19.833300,2.016810,38,0.755627,26,0,2,0,0.755627,0.755627,0.000000,0.000000,0.755627,0.000426,0,22,1,1,26,16,38,0.000000,70.333300,19.833300,1.000000,0.568721,2.016810,-0.002956,0.001623,0.019729,0.001623,1,0,1,fixed,1,1,0,0,3.000000,4.000000
11,logistic,1,4,77,2,2,4,0.000000,19.833300,2.016810,38,0.755627,26,0,2,0,0.755627,0.755627,0.000000,0.000000,0.755627,0.000426,0,22,1,1,26,16,38,0.000000,70.333300,19.833300,1.000000,0.568721,2.016810,-0.002956,0.001623,0.019729,0.001623,1,0,1,fixed,1,1,0,0,3.000000,4.000000
11,logistic,1,4,78,1,1,1,2.531906,70.333300,0.843969,16,0.755627,26,0,1,0,0.755627,0.755627,0.000000,0.000000,0.755627,0.000426,0,22,1,-1,26,16,38,0.000000,70.333300,19.833300,0.985606,0.829321,0.822329,0.010190,0.019729,0.028229,0.028229,1,0,1,fixed,1,1,0,0,3.000000,4.000000
11,logistic,1,4,79,1,1,1,2.626597,70.333300,0.875532,16,0.755627,26,0,1,0,0.755627,0.755627,0.000000,0.000000,0.755627,0.000426,0,22,1,-1,26,16,38,0.000000,70.333300,19.833300,0.985606,0.827216,0.853083,0.010211,0.019729,0.028588,0.028588,1,0,1,fixed,1,1,0,0,3.000000,4.000000
11,logistic,1,4,80,1,1,1,2.632706,70.333300,0.877569,16,0.755627,26,0,1,0,0.755627,0.755627,0.000000,0.000000,0.755627,0.000426,0,22,1,-1,26,16,38,0.000000,70.333300,19.833300,0.985606,0.827081,0.855067,0.010212,0.019729,0.028610,0.028610,1,0,1,fixed,1,1,0,0,3.000000,4.000000
11,logistic,1,5,1,1,1,1,2.510599,71.833300,0.836866,16,0.760420,26,0,1,0,0.760420,0.760420,0.000000,0.000000,0.760420,0.004793,0,20,1,-1,26,16,38,113.000000,71.833300,19.166700,0.985573,0.829489,0.815408,0.009334,0.018972,0.027482,0.027482,1,0,1,fixed,1,1,0,0,3.000000,4.000000
11,logistic,1,5,2,2,2,4,0.000000,19.166700,2.086953,38,0.760420,26,0,2,0,0.760420,0.760420,0.000000,0.000000,0.760420,0.004793,0,20,1,-1,26,16,38,113.000000,71.833300,19.166700,0.353982,0.556845,2.086953,-0.016895,0.000284,0.018972,0.000284,1,0,1,fixed,1,1,0,0,3.000000,4.000000
11,logistic,1,5,3,0,0,2,1.404347,113.000000,0.175543,26,0.760420,26,1,0,0,0.760420,0.760420,0.000000,0.000000,0.760420,0.004793,0,20,1,0,26,16,38,113.000000,71.833300,19.166700,0.392135,0.292924,0.171042,0.018972,0.022318,0.013027,0.022318,1,0,1,fixed,1,1,0,0,3.000000,4.000000
11,logistic,1,5,4,1,1,1,2.677914,71.833300,0.892638,16,0.760420,26,0,1,0,0.760420,0.760420,0.000000,0.000000,0.760420,0.004793,0,20,1,-1,26,16,38,113.000000,71.833300,19.166700,0.985573,0.825771,0.869750,0.009372,0.018972,0.028117,0.028117,1,0,1,fixed,1,1,0,0,3.000000,4.000000
11,logistic,1,5,5,2,2,4,0.000000,19.166700,2.086953,38,0.760420,26,0,2,0,0.760420,0.760420,0.000000,0.000000,0.760420,0.004793,0,20,1,-1,26,16,38,113.000000,71.833300,19.166700,0.353982,0.556845,2.086953,-0.016895,0.000284,0.018972,0.000284,1,0,1,fixed,1,1,0,0,3.000000,4.000000
11,logistic,1,5,6,1,1,1,2.506194,71.833300,0.835398,16,0.760420,26,0,1,0,0.760420,0.760420,0.000000,0.000000,0.760420,0.004793,0,20,1,-1,26,16,38,113.000000,71.833300,19.166700,0.985573,0.829587,0.813978,0.009334,0.018972,0.027465,0.027465,1,0,1,fixed,1,1,0,0,3.000000,4.000000
11,logistic,1,5,7,2,2,4,0.000000,19.166700,2.086953,38,0.760420,26,0,2,0,0.760420,0.760420,0.000000,0.000000,0.760420,0.004793,0,20,1,-1,26,16,38,113.000000,71.833300,19.166700,0.353982,0.556845,2.086953,-0.016895,0.000284,0.018972,0.000284,1,0,1,fixed,1,1,0,0,3.000000,4.000000
11,logistic,1,5,8,2,2,4,0.000000,19.166700,2.086953,38,0.760420,26,0,2,0,0.760420,0.760420,0.000000,0.000000,0.760420,0.004793,0,20,1,-1,26,16,38,113.000000,71.833300,19.166700,0.353982,0.556845,2.086953,-0.016895,0.000284,0.018972,0.000284,1,0,1,fixed,1,1,0,0,3.000000,4.000000
11,logistic,1,5,9,1,1,1,2.272270,71.833300,0.757423,16,0.760420,26,0,1,0,0.760420,0.760420,0.000000,0.000000,0.760420,0.004793,0,20,1,-1,26,16,38,113.000000,71.833300,19.166700,0.985573,0.834785,0.738002,0.009281,0.018972,0.026430,0.026430,1,0,1,fixed,1,1,0,0,3.000000,4.000000
11,logistic,1,5,10,0,0,2,3.181437,113.000000,0.397680,26,0.760420,26,0,0,0,0.760420,0.760420,0.000000,0.000000,0.760420,0.004793,0,20,1,0,26,16,38,113.000000,71.833300,19.166700,0.383250,0.292924,0.387483,0.018972,0.022754,0.038697,0.038697,1,0,1,fixed,1,1,0,0,3.000000,4.000000
11,logistic,1,5,11,2,2,4,0.000000,19.166700,2.086953,38,0.760420,26,0,2,0,0.760420,0.760420,0.000000,0.000000,0.760420,0.004793,0,20,1,-1,26,16,38,113.000000,71.833300,19.166700,0.353982,0.556845,2.086953,-0.016895,0.000284,0.018972,0.000284,1,0,1,fixed,1,1,0,0,3.000000,4.000000
11,logistic,1,5,12,2,2,4,0.000000,19.166700,2.086953,38,0.760420,26,0,2,0,0.760420,0.760420,0.000000,0.000000,0.760420,0.004793,0,20,1,-1,26,16,38,113.000000,71.833300,19.166700,0.353982,0.556845,2.086953,-0.016895,0.000284,0.018972,0.000284,1,0,1,fixed,1,1,0,0,3.000000,4.000000
11,logistic,1,5,13,0,0,2,3.181437,113.000000,0.397680,26,0.760420,26,0,0,0,0.760420,0.760420,0.000000,0.000000,0.760420,0.004793,0,20,1,0,26,16,38,113.000000,71.833300,19.166700,0.383250,0.292924,0.387483,0.018972,0.022754,0.038697,0.038697,1,0,1,fixed,1,1,0,0,3.000000,4.000000
11,logistic,1,5,14,2,2,4,0.000000,19.166700,2.086953,38,0.760420,26,0,2,0,0.760420,0.760420,0.000000,0.000000,0.760420,0.004793,0,20,1,-1,26,16,38,113.000000,71.833300,19.166700,0.353982,0.556845,2.086953,-0.016895,0.000284,0.018972,0.000284,1,0,1,fixed,1,1,0,0,3.000000,4.000000
11,logistic,1,5,15,0,0,2,3.163870,113.000000,0.395484,26,0.760420,26,0,0,0,0.760420,0.760420,0.000000,0.000000,0.760420,0.004793,0,20,1,0,26,16,38,113.000000,71.833300,19.166700,0.383338,0.292924,0.385343,0.018972,0.022750,0.038579,0.038579,1,0,1,fixed,1,1,0,0,3.000000,4.000000
11,logistic,1,5,16,2,2,3,0.000000,19.166700,5.217382,38,0.760420,26,0,2,0,0.760420,0.760420,0.000000,0.000000,0.760420,0.004793,0,20,1,1,26,16,38,113.000000,71.833300,19.166700,0.884956,1.392112,5.217382,-0.007040,0.006042,0.018972,0.006042,1,0,1,fixed,1,1,0,0,3.000000,4.000000
11,logistic,1,5,17,1,1,1,2.556380,71.833300,0.852127,16,0.760420,26,0,1,0,0.760420,0.760420,0.000000,0.000000,0.760420,0.004793,0,20,1,-1,26,16,38,113.000000,71.833300,19.166700,0.985573,0.828472,0.830277,0.009345,0.018972,0.027664,0.027664,1,0,1,fixed,1,1,0,0,3.000000,4.000000
11,logistic,1,5,18,2,2,4,0.000000,19.166700,2.086953,38,0.760420,26,0,2,0,0.760420,0.760420,0.000000,0.000000,0.760420,0.004793,0,20,1,-1,26,16,38,113.000000,71.833300,19.166700,0.353982,0.556845,2.086953,-0.016895,0.000284,0.018972,0.000284,1,0,1,fixed,1,1,0,0,3.000000,4.000000
11,logistic,1,5,19,2,2,4,0.000000,19.166700,2.086953,38,0.760420,26,0,2,0,0.760420,0.760420,0.000000,0.000000,0.760420,0.004793,0,20,1,-1,26,16,38,113.000000,71.833300,19.166700,0.353982,0.556845,2.086953,-0.016895,0.000284,0.018972,0.000284,1,0,1,fixed,1,1,0,0,3.000000,4.000000
11,logistic,1,5,20,0,0,2,3.181449,113.000000,0.397681,26,0.760420,26,0,0,0,0.760420,0.760420,0.000000,0.000000,0.760420,0.004793,0,20,1,0,26,16,38,113.000000,71.833300,19.166700,0.383250,0.292924,0.387484,0.018972,0.022754,0.038698,0.038698,1,0,1,fixed,1,1,0,0,3.000000,4.000000
11,logistic,1,5,21,0,0,2,3.194521,113.000000,0.399315,26,0.760420,26,0,0,0,0.760420,0.760420,0.000000,0.000000,0.760420,0.004793,0,20,1,0,26,16,38,113.000000,71.833300,19.166700,0.383185,0.292924,0.389076,0.018972,0.022757,0.038785,0.038785,1,0,1,fixed,1,1,0,0,3.000000,4.000000
11,logistic,1,5,22,2,2,4,0.000000,19.166700,2.086953,38,0.760420,26,0,2,0,0.760420,0.760420,0.000000,0.000000,0.760420,0.004793,0,20,1,-1,26,16,38,113.000000,71.833300,19.166700,0.353982,0.556845,2.086953,-0.016895,0.000284,0.018972,0.000284,1,0,1,fixed,1,1,0,0,3.000000,4.000000
11,logistic,1,5,23,1,1,1,2.550882,71.833300,0.850294,16,0.760420,26,0,1,0,0.760420,0.760420,0.000000,0.000000,0.760420,0.004793,0,20,1,-1,26,16,38,113.000000,71.833300,19.166700,0.985573,0.828594,0.828492,0.009344,0.018972,0.027642,0.027642,1,0,1,fixed,1,1,0,0,3.000000,4.000000
11,logistic,1,5,24,2,2,4,0.000000,19.166700,2.086953,38,0.760420,26,0,2,0,0.760420,0.760420,0.000000,0.000000,0.760420,0.004793,0,20,1,-1,26,16,38,113.000000,71.833300,19.166700,0.353982,0.556845,2.086953,-0.016895,0.000284,0.018972,0.000284,1,0,1,fixed,1,1,0,0,3.000000,4.000000
11,logistic,1,5,25,0,0,2,3.181449,113.000000,0.397681,26,0.760420,26,0,0,0,0.760420,0.760420,0.000000,0.000000,0.760420,0.004793,0,20,1,0,26,16,38,113.000000,71.833300,19.166700,0.383250,0.292924,0.387484,0.018972,0.022754,0.038698,0.038698,1,0,1,fixed,1,1,0,0,3.000000,4.000000
11,logistic,1,5,26,2,2,3,0.000000,19.166700,5.217382,38,0.760420,26,0,2,0,0.760420,0.760420,0.000000,0.000000,0.760420,0.004793,0,20,1,1,26,16,38,113.000000,71.833300,19.166700,0.884956,1.392112,5.217382,-0.007040,0.006042,0.018972,0.006042,1,0,1,fixed,1,1,0,0,3.000000,4.000000
11,logistic,1,5,27,2,2,3,0.000000,19.166700,5.217382,38,0.760420,26,0,2,0,0.760420,0.760420,0.000000,0.000000,0.760420,0.004793,0,20,1,1,26,16,38,113.000000,71.833300,19.166700,0.884956,1.392112,5.217382,-0.007040,0.006042,0.018972,0.006042,1,0,1,fixed,1,1,0,0,3.000000,4.000000
11,logistic,1,5,28,2,2,4,0.000000,19.166700,2.086953,38,0.760420,26,0,2,0,0.760420,0.760420,0.000000,0.000000,0.760420,0.004793,0,20,1,-1,26,16,38,113.000000,71.833300,19.166700,0.353982,0.556845,2.086953,-0.016895,0.000284,0.018972,0.000284,1,0,1,fixed,1,1,0,0,3.000000,4.000000
11,logistic,1,5,29,1,1,1,2.296744,71.833300,0.765581,16,0.760420,26,0,1,0,0.760420,0.760420,0.000000,0.000000,0.760420,0.004793,0,20,1,-1,26,16,38,113.000000,71.833300,19.166700,0.985573,0.834241,0.745951,0.009287,0.018972,0.026547,0.026547,1,0,1,fixed,1,1,0,0,3.000000,4.000000
11,logistic,1,5,30,2,2,3,0.000000,19.166700,5.217382,38,0.760420,26,0,2,0,0.760420,0.760420,0.000000,0.000000,0.760420,0.004793,0,20,1,1,26,16,38,113.000000,71.833300,19.166700,0.884956,1.392112,5.217382,-0.007040,0.006042,0.018972,0.006042,1,0,1,fixed,1,1,0,0,3.000000,4.000000
11,logistic,1,5,31,0,0,2,3.160620,113.000000,0.395078,26,0.760420,26,0,0,0,0.760420,0.760420,0.000000,0.000000,0.760420,0.004793,0,20,1,0,26,16,38,113.000000,71.833300,19.166700,0.383354,0.292924,0.384947,0.018972,0.022749,0.038556,0.038556,1,0,1,fixed,1,1,0,0,3.000000,4.000000
11,logistic,1,5,32,0,0,2,3.160603,113.000000,0.395075,26,0.760420,26,0,0,0,0.760420,0.760420,0.000000,0.000000,0.760420,0.004793,0,20,1,0,26,16,38,113.000000,71.833300,19.166700,0.383354,0.292924,0.384945,0.018972,0.022749,0.038556,0.038556,1,0,1,fixed,1,1,0,0,3.000000,4.000000
11,logistic,1,5,33,0,0,2,3.160614,113.000000,0.395077,26,0.760420,26,0,0,0,0.760420,0.760420,0.000000,0.000000,0.760420,0.004793,0,20,1,0,26,16,38,113.000000,71.833300,19.166700,0.383354,0.292924,0.384947,0.018972,0.022749,0.038556,0.038556,1,0,1,fixed,1,1,0,0,3.000000,4.000000
11,logistic,1,5,34,1,1,1,2.485477,71.833300,0.828492,16,0.760420,26,0,1,0,0.760420,0.760420,0.000000,0.000000,0.760420,0.004793,0,20,1,-1,26,16,38,113.000000,71.833300,19.166700,0.985573,0.830047,0.807249,0.009329,0.018972,0.027380,0.027380,1,0,1,fixed,1,1,0,0,3.000000,4.000000
11,logistic,1,5,35,2,2,4,0.000000,19.166700,2.086953,38,0.760420,26,0,2,0,0.760420,0.760420,0.000000,0.000000,0.760420,0.004793,0,20,1,-1,26,16,38,113.000000,71.833300,19.166700,0.353982,0.556845,2.086953,-0.016895,0.000284,0.018972,0.000284,1,0,1,fixed,1,1,0,0,3.000000,4.000000
11,logistic,1,5,36,0,0,2,3.230541,113.000000,0.403818,26,0.760420,26,0,0,0,0.760420,0.760420,0.000000,0.000000,0.760420,0.004793,0,20,1,0,26,16,38,113.000000,71.833300,19.166700,0.383005,0.292924,0.393463,0.018972,0.022766,0.039024,0.039024,1,0,1,fixed,1,1,0,0,3.000000,4.000000
11,logistic,1,5,37,2,2,4,0.000000,19.166700,2.086953,38,0.760420,26,0,2,0,0.760420,0.760420,0.000000,0.000000,0.760420,0.004793,0,20,1,-1,26,16,38,113.000000,71.833300,19.166700,0.353982,0.556845,2.086953,-0.016895,0.000284,0.018972,0.000284,1,0,1,fixed,1,1,0,0,3.000000,4.000000
11,logistic,1,5,38,0,0,2,3.230554,113.000000,0.403819,26,0.760420,26,0,0,0,0.760420,0.760420,0.000000,0.000000,0.760420,0.004793,0,20,1,0,26,16,38,113.000000,71.833300,19.166700,0.383004,0.292924,0.393465,0.018972,0.022766,0.039024,0.039024,1,0,1,fixed,1,1,0,0,3.000000,4.000000
11,logistic,1,5,39,2,2,4,0.000000,19.166700,2.086953,38,0.760420,26,0,2,0,0.760420,0.760420,0.000000,0.000000,0.760420,0.004793,0,20,1,-1,26,16,38,113.000000,71.833300,19.166700,0.353982,0.556845,2.086953,-0.016895,0.000284,0.018972,0.000284,1,0,1,fixed,1,1,0,0,3.000000,4.000000
11,logistic,1,5,40,2,2,4,0.000000,19.166700,2.086953,38,0.760420,26,0,2,0,0.760420,0.760420,0.000000,0.000000,0.760420,0.004793,0,20,1,-1,26,16,38,113.000000,71.833300,19.166700,0.353982,0.556845,2.086953,-0.016895,0.000284,0.018972,0.000284,1,0,1,fixed,1,1,0,0,3.000000,4.000000
11,logistic,1,5,41,2,2,4,0.000000,19.166700,2.086953,38,0.760420,26,0,2,0,0.760420,0.760420,0.000000,0.000000,0.760420,0.004793,0,20,1,-1,26,16,38,113.000000,71.833300,19.166700,0.353982,0.556845,2.086953,-0.016895,0.000284,0.018972,0.000284,1,0,1,fixed,1,1,0,0,3.000000,4.000000
11,logistic,1,5,42,2,2,4,0.000000,19.166700,2.086953,38,0.760420,26,0,2,0,0.760420,0.760420,0.000000,0.000000,0.760420,0.004793,0,20,1,-1,26,16,38,113.000000,71.833300,19.166700,0.353982,0.556845,2.086953,-0.016895,0.000284,0.018972,0.000284,1,0,1,fixed,1,1,0,0,3.000000,4.000000
11,logistic,1,5,43,2,2,4,0.000000,19.166700,2.086953,38,0.760420,26,0,2,0,0.760420,0.760420,0.000000,0.000000,0.760420,0.004793,0,20,1,-1,26,16,38,113.000000,71.833300,19.166700,0.353982,0.556845,2.086953,-0.016895,0.000284,0.018972,0.000284,1,0,1,fixed,1,1,0,0,3.000000,4.000000
11,logistic,1,5,44,0,0,2,3.181485,113.000000,0.397686,26,0.760420,26,0,0,0,0.760420,0.760420,0.000000,0.000000,0.760420,0.004793,0,20,1,0,26,16,38,113.000000,71.833300,19.166700,0.383250,0.292924,0.387489,0.018972,0.022754,0.038698,0.038698,1,0,1,fixed,1,1,0,0,3.000000,4.000000
11,logistic,1,5,45,2,2,4,0.000000,19.166700,2.086953,38,0.760420,26,0,2,0,0.760420,0.760420,0.000000,0.000000,0.760420,0.004793,0,20,1,-1,26,16,38,113.000000,71.833300,19.166700,0.353982,0.556845,2.086953,-0.016895,0.000284,0.018972,0.000284,1,0,1,fixed,1,1,0,0,3.000000,4.000000
11,logistic,1,5,46,1,1,1,2.722510,71.833300,0.907503,16,0.760420,26,0,1,0,0.760420,0.760420,0.000000,0.000000,0.760420,0.004793,0,20,1,-1,26,16,38,113.000000,71.833300,19.166700,0.985573,0.824780,0.884234,0.009382,0.018972,0.028274,0.028274,1,0,1,fixed,1,1,0,0,3.000000,4.000000
11,logistic,1,5,47,0,0,2,3.193479,113.000000,0.399185,26,0.760420,26,0,0,0,0.760420,0.760420,0.000000,0.000000,0.760420,0.004793,0,20,1,0,26,16,38,113.000000,71.833300,19.166700,0.383190,0.292924,0.388949,0.018972,0.022757,0.038778,0.038778,1,0,1,fixed,1,1,0,0,3.000000,4.000000
11,logistic,1,5,48,2,2,4,0.000000,19.166700,2.086953,38,0.760420,26,0,2,0,0.760420,0.760420,0.000000,0.000000,0.760420,0.004793,0,20,1,-1,26,16,38,113.000000,71.833300,19.166700,0.353982,0.556845,2.086953,-0.016895,0.000284,0.018972,0.000284,1,0,1,fixed,1,1,0,0,3.000000,4.000000
11,logistic,1,5,49,0,0,2,3.187979,113.000000,0.398497,26,0.760420,26,0,0,0,0.760420,0.760420,0.000000,0.000000,0.760420,0.004793,0,20,1,0,26,16,38,113.000000,71.833300,19.166700,0.383217,0.292924,0.388280,0.018972,0.022756,0.038741,0.038741,1,0,1,fixed,1,1,0,0,3.000000,4.000000
11,logistic,1,5,50,0,0,2,3.229508,113.000000,0.403688,26,0.760420,26,0,0,0,0.760420,0.760420,0.000000,0.000000,0.760420,0.004793,0,20,1,0,26,16,38,113.000000,71.833300,19.166700,0.383010,0.292924,0.393337,0.018972,0.022766,0.039017,0.039017,1,0,1,fixed,1,1,0,0,3.000000,4.000000
11,logistic,1,5,51,0,0,2,3.181432,113.000000,0.397679,26,0.760420,26,0,0,0,0.760420,0.760420,0.000000,0.000000,0.760420,0.004793,0,20,1,0,26,16,38,113.000000,71.833300,19.166700,0.383250,0.292924,0.387482,0.018972,0.022754,0.038697,0.038697,1,0,1,fixed,1,1,0,0,3.000000,4.000000
11,logistic,1,5,52,1,1,1,2.300409,71.833300,0.766803,16,0.760420,26,0,1,0,0.760420,0.760420,0.000000,0.000000,0.760420,0.004793,0,20,1,-1,26,16,38,113.000000,71.833300,19.166700,0.985573,0.834160,0.747141,0.009288,0.018972,0.026565,0.026565,1,0,1,fixed,1,1,0,0,3.000000,4.000000
11,logistic,1,5,53,2,2,4,0.000000,19.166700,2.086953,38,0.760420,26,0,2,0,0.760420,0.760420,0.000000,0.000000,0.760420,0.004793,0,20,1,-1,26,16,38,113.000000,71.833300,19.166700,0.353982,0.556845,2.086953,-0.016895,0.000284,0.018972,0.000284,1,0,1,fixed,1,1,0,0,3.000000,4.000000
11,logistic,1,5,54,0,0,2,3.190161,113.000000,0.398770,26,0.760420,26,0,0,0,0.760420,0.760420,0.000000,0.000000,0.760420,0.004793,0,20,1,0,26,16,38,113.000000,71.833300,19.166700,0.383206,0.292924,0.388545,0.018972,0.022756,0.038756,0.038756,1,0,1,fixed,1,1,0,0,3.000000,4.000000
11,logistic,1,5,55,2,2,3,0.000000,19.166700,5.217382,38,0.760420,26,0,2,0,0.760420,0.760420,0.000000,0.000000,0.760420,0.004793,0,20,1,1,26,16,38,113.000000,71.833300,19.166700,0.884956,1.392112,5.217382,-0.007040,0.006042,0.018972,0.006042,1,0,1,fixed,1,1,0,0,3.000000,4.000000
11,logistic,1,5,56,0,0,2,1.815300,113.000000,0.226912,26,0.760420,26,0,0,0,0.760420,0.760420,0.000000,0.000000,0.760420,0.004793,0,20,1,0,26,16,38,113.000000,71.833300,19.166700,0.390081,0.292924,0.221094,0.018972,0.022417,0.023152,0.023152,1,0,1,fixed,1,1,0,0,3.000000,4.000000
11,logistic,1,5,57,2,2,3,0.000000,19.166700,5.217382,38,0.760420,26,0,2,0,0.760420,0.760420,0.000000,0.000000,0.760420,0.004793,0,20,1,1,26,16,38,113.000000,71.833300,19.166700,0.884956,1.392112,5.217382,-0.007040,0.006042,0.018972,0.006042,1,0,1,fixed,1,1,0,0,3.000000,4.000000
11,logistic,1,5,58,1,1,1,2.618730,71.833300,0.872910,16,0.760420,26,0,1,0,0.760420,0.760420,0.000000,0.000000,0.760420,0.004793,0,20,1,-1,26,16,38,113.000000,71.833300,19.166700,0.985573,0.827086,0.850528,0.009359,0.018972,0.027901,0.027901,1,0,1,fixed,1,1,0,0,3.000000,4.000000
11,logistic,1,5,59,2,2,3,0.000000,19.166700,5.217382,38,0.760420,26,0,2,0,0.760420,0.760420,0.000000,0.000000,0.760420,0.004793,0,20,1,1,26,16,38,113.000000,71.833300,19.166700,0.884956,1.392112,5.217382,-0.007040,0.006042,0.018972,0.006042,1,0,1,fixed,1,1,0,0,3.000000,4.000000
11,logistic,1,5,60,2,2,3,0.000000,19.166700,5.217382,38,0.760420,26,0,2,0,0.760420,0.760420,0.000000,0.000000,0.760420,0.004793,0,20,1,1,26,16,38,113.000000,71.833300,19.166700,0.884956,1.392112,5.217382,-0.007040,0.006042,0.018972,0.006042,1,0,1,fixed,1,1,0,0,3.000000,4.000000
11,logistic,1,5,61,0,0,2,3.193479,113.000000,0.399185,26,0.760420,26,0,0,0,0.760420,0.760420,0.000000,0.000000,0.760420,0.004793,0,20,1,0,26,16,38,113.000000,71.833300,19.166700,0.383190,0.292924,0.388949,0.018972,0.022757,0.038778,0.038778,1,0,1,fixed,1,1,0,0,3.000000,4.000000
11,logistic,1,5,62,2,2,4,0.000000,19.166700,2.086953,38,0.760420,26,0,2,0,0.760420,0.760420,0.000000,0.000000,0.760420,0.004793,0,20,1,-1,26,16,38,113.000000,71.833300,19.166700,0.353982,0.556845,2.086953,-0.016895,0.000284,0.018972,0.000284,1,0,1,fixed,1,1,0,0,3.000000,4.000000
11,logistic,1,5,63,1,1,1,2.473297,71.833300,0.824432,16,0.760420,26,0,1,0,0.760420,0.760420,0.000000,0.000000,0.760420,0.004793,0,20,1,-1,26,16,38,113.000000,71.833300,19.166700,0.985573,0.830318,0.803293,0.009326,0.018972,0.027330,0.027330,1,0,1,fixed,1,1,0,0,3.000000,4.000000
11,logistic,1,5,64,2,2,4,0.000000,19.166700,2.086953,38,0.760420,26,0,2,0,0.760420,0.760420,0.000000,0.000000,0.760420,0.004793,0,20,1,-1,26,16,38,113.000000,71.833300,19.166700,0.353982,0.556845,2.086953,-0.016895,0.000284,0.018972,0.000284,1,0,1,fixed,1,1,0,0,3.000000,4.000000
11,logistic,1,5,65,0,0,2,3.229437,113.000000,0.403680,26,0.760420,26,0,0,0,0.760420,0.760420,0.000000,0.000000,0.760420,0.004793,0,20,1,0,26,16,38,113.000000,71.833300,19.166700,0.383010,0.292924,0.393329,0.018972,0.022766,0.039016,0.039016,1,0,1,fixed,1,1,0,0,3.000000,4.000000
11,logistic,1,5,66,2,2,4,0.000000,19.166700,2.086953,38,0.760420,26,0,2,0,0.760420,0.760420,0.000000,0.000000,0.760420,0.004793,0,20,1,-1,26,16,38,113.000000,71.833300,19.166700,0.353982,0.556845,2.086953,-0.016895,0.000284,0.018972,0.000284,1,0,1,fixed,1,1,0,0,3.000000,4.000000
11,logistic,1,5,67,2,2,4,0.000000,19.166700,2.086953,38,0.760420,26,0,2,0,0.760420,0.760420,0.000000,0.000000,0.760420,0.004793,0,20,1,-1,26,16,38,113.000000,71.833300,19.166700,0.353982,0.556845,2.086953,-0.016895,0.000284,0.018972,0.000284,1,0,1,fixed,1,1,0,0,3.000000,4.000000
11,logistic,1,5,68,0,0,2,3.181432,113.000000,0.397679,26,0.760420,26,0,0,0,0.760420,0.760420,0.000000,0.000000,0.760420,0.004793,0,20,1,0,26,16,38,113.000000,71.833300,19.166700,0.383250,0.292924,0.387482,0.018972,0.022754,0.038697,0.038697,1,0,1,fixed,1,1,0,0,3.000000,4.000000
11,logistic,1,5,69,2,2,4,0.000000,19.166700,2.086953,38,0.760420,26,0,2,0,0.760420,0.760420,0.000000,0.000000,0.760420,0.004793,0,20,1,-1,26,16,38,113.000000,71.833300,19.166700,0.353982,0.556845,2.086953,-0.016895,0.000284,0.018972,0.000284,1,0,1,fixed,1,1,0,0,3.000000,4.000000
11,logistic,1,5,70,0,0,2,3.195654,113.000000,0.399457,26,0.760420,26,0,0,0,0.760420,0.760420,0.000000,0.000000,0.760420,0.004793,0,20,1,0,26,16,38,113.000000,71.833300,19.166700,0.383179,0.292924,0.389214,0.018972,0.022758,0.038793,0.038793,1,0,1,fixed,1,1,0,0,3.000000,4.000000
11,logistic,1,5,71,0,0,2,3.181432,113.000000,0.397679,26,0.760420,26,0,0,0,0.760420,0.760420,0.000000,0.000000,0.760420,0.004793,0,20,1,0,26,16,38,113.000000,71.833300,19.166700,0.383250,0.292924,0.387482,0.018972,0.022754,0.038697,0.038697,1,0,1,fixed,1,1,0,0,3.000000,4.000000
11,logistic,1,5,72,0,0,2,3.180291,113.000000,0.397536,26,0.760420,26,0,0,0,0.760420,0.760420,0.000000,0.000000,0.760420,0.004793,0,20,1,0,26,16,38,113.000000,71.833300,19.166700,0.383256,0.292924,0.387343,0.018972,0.022754,0.038690,0.038690,1,0,1,fixed,1,1,0,0,3.000000,4.000000
11,logistic,1,5,73,2,2,3,0.000000,19.166700,5.217382,38,0.760420,26,0,2,0,0.760420,0.760420,0.000000,0.000000,0.760420,0.004793,0,20,1,1,26,16,38,113.000000,71.833300,19.166700,0.884956,1.392112,5.217382,-0.007040,0.006042,0.018972,0.006042,1,0,1,fixed,1,1,0,0,3.000000,4.000000
11,logistic,1,5,74,1,1,1,2.427478,71.833300,0.809159,16,0.760420,26,0,1,0,0.760420,0.760420,0.000000,0.000000,0.760420,0.004793,0,20,1,-1,26,16,38,113.000000,71.833300,19.166700,0.985573,0.831336,0.788412,0.009316,0.018972,0.027137,0.027137,1,0,1,fixed,1,1,0,0,3.000000,4.000000
11,logistic,1,5,75,0,0,2,3.258935,113.000000,0.407367,26,0.760420,26,0,0,0,0.760420,0.760420,0.000000,0.000000,0.760420,0.004793,0,20,1,0,26,16,38,113.000000,71.833300,19.166700,0.382863,0.292924,0.396922,0.018972,0.022773,0.039208,0.039208,1,0,1,fixed,1,1,0,0,3.000000,4.000000
11,logistic,1,5,76,2,2,4,0.000000,19.166700,2.086953,38,0.760420,26,0,2,0,0.760420,0.760420,0.000000,0.000000,0.760420,0.004793,0,20,1,-1,26,16,38,113.000000,71.833300,19.166700,0.353982,0.556845,2.086953,-0.016895,0.000284,0.018972,0.000284,1,0,1,fixed,1,1,0,0,3.000000,4.000000
11,logistic,1,5,77,2,2,4,0.000000,19.166700,2.086953,38,0.760420,26,0,2,0,0.760420,0.760420,0.000000,0.000000,0.760420,0.004793,0,20,1,-1,26,16,38,113.000000,71.833300,19.166700,0.353982,0.556845,2.086953,-0.016895,0.000284,0.018972,0.000284,1,0,1,fixed,1,1,0,0,3.000000,4.000000
11,logistic,1,5,78,1,1,1,2.437216,71.833300,0.812405,16,0.760420,26,0,1,0,0.760420,0.760420,0.000000,0.000000,0.760420,0.004793,0,20,1,-1,26,16,38,113.000000,71.833300,19.166700,0.985573,0.831120,0.791574,0.009318,0.018972,0.027179,0.027179,1,0,1,fixed,1,1,0,0,3.000000,4.000000
11,logistic,1,5,79,1,1,1,2.596663,71.833300,0.865554,16,0.760420,26,0,1,0,0.760420,0.760420,0.000000,0.000000,0.760420,0.004793,0,20,1,-1,26,16,38,113.000000,71.833300,19.166700,0.985573,0.827576,0.843361,0.009354,0.018972,0.027818,0.027818,1,0,1,fixed,1,1,0,0,3.000000,4.000000
11,logistic,1,5,80,1,1,1,2.404837,71.833300,0.801612,16,0.760420,26,0,1,0,0.760420,0.760420,0.000000,0.000000,0.760420,0.004793,0,20,1,-1,26,16,38,113.000000,71.833300,19.166700,0.985573,0.831839,0.781058,0.009311,0.018972,0.027039,0.027039,1,0,1,fixed,1,1,0,0,3.000000,4.000000
