seed,method,max_switches,cycle_id,ue_id,previous_bs_id,current_bs_id,app_type,tp_mbps,rtt_ms,satisfaction,num_users_on_current_bs,harmonic_mean,num_unsatisfied_users,target_ue_flag,action_selected_bs_id,switch_flag,h_before,h_after_estimated,reward,estimated_reward,h_after_measured,measured_reward,switch_count,num_degraded_users,measurement_valid,candidate_type,num_users_ap0,num_users_ap1,num_users_ap2,monitor_rtt_ap0,monitor_rtt_ap1,monitor_rtt_ap2,estimated_satisfaction_if_ap0,estimated_satisfaction_if_ap1,estimated_satisfaction_if_ap2,estimated_h_delta_if_ap0,estimated_h_delta_if_ap1,estimated_h_delta_if_ap2,best_estimated_h_delta,effective_max_switches,applied_switches_in_cycle,remaining_switch_budget,k_schedule_type,k_max,k_min,k_decay_rate,stop_action_flag,warmup_before_cycle_sec,cycle_start_offset_sec
43,logistic,1,1,1,0,0,4,0.000000,102.500000,0.390244,26,0.286266,35,0,2,1,0.286266,0.901259,0.614993,0.614993,0.286266,0.000000,58,0,1,0,26,26,28,102.500000,79.666700,61.500000,0.390244,0.502092,0.650407,0.000111,-0.000261,-0.004565,0.000000,1,58,0,fixed,1,1,0,0,3.000000,4.000000
43,logistic,1,1,2,0,0,3,0.000000,102.500000,0.975610,26,0.286266,35,0,2,1,0.286266,0.901259,0.614993,0.614993,0.286266,0.000000,58,0,1,-1,26,26,28,102.500000,79.666700,61.500000,0.975610,1.255230,1.626016,0.000111,-0.000610,-0.005174,0.000000,1,58,0,fixed,1,1,0,0,3.000000,4.000000
43,logistic,1,1,3,0,0,3,0.000000,102.500000,0.975610,26,0.286266,35,0,2,1,0.286266,0.901259,0.614993,0.614993,0.286266,0.000000,58,0,1,-1,26,26,28,102.500000,79.666700,61.500000,0.975610,1.255230,1.626016,0.000111,-0.000610,-0.005174,0.000000,1,58,0,fixed,1,1,0,0,3.000000,4.000000
43,logistic,1,1,4,1,1,3,0.000000,79.666700,1.255230,26,0.286266,35,0,2,1,0.286266,0.901259,0.614993,0.614993,0.286266,0.000000,58,0,1,-1,26,26,28,102.500000,79.666700,61.500000,0.975610,1.255230,1.626016,0.000837,0.000111,-0.004475,0.000837,1,58,0,fixed,1,1,0,0,3.000000,4.000000
43,logistic,1,1,5,2,2,4,0.000000,61.500000,0.650407,28,0.286266,35,0,2,0,0.286266,0.901259,0.614993,0.614993,0.286266,0.000000,58,0,1,-1,26,26,28,102.500000,79.666700,61.500000,0.390244,0.502092,0.650407,0.004946,0.004562,0.000111,0.004946,1,58,0,fixed,1,1,0,0,3.000000,4.000000
43,logistic,1,1,6,2,2,2,0.615311,61.500000,0.076914,28,0.286266,35,1,0,1,0.286266,0.901259,0.614993,0.614993,0.286266,0.000000,58,0,1,0,26,26,28,102.500000,79.666700,61.500000,0.848877,0.257711,0.077002,0.018677,0.014508,0.000111,0.018677,1,58,0,fixed,1,1,0,0,3.000000,4.000000
43,logistic,1,1,7,1,1,2,2.143183,79.666700,0.267898,26,0.286266,35,0,0,1,0.286266,0.901259,0.614993,0.614993,0.286266,0.000000,58,0,1,0,26,26,28,102.500000,79.666700,61.500000,0.848877,0.267583,0.074340,0.003587,0.000111,-0.014101,0.003587,1,58,0,fixed,1,1,0,0,3.000000,4.000000
43,logistic,1,1,8,0,0,4,0.000000,102.500000,0.390244,26,0.286266,35,0,2,1,0.286266,0.901259,0.614993,0.614993,0.286266,0.000000,58,0,1,0,26,26,28,102.500000,79.666700,61.500000,0.390244,0.502092,0.650407,0.000111,-0.000261,-0.004565,0.000000,1,58,0,fixed,1,1,0,0,3.000000,4.000000
43,logistic,1,1,9,1,1,3,0.000000,79.666700,1.255230,26,0.286266,35,0,2,1,0.286266,0.901259,0.614993,0.614993,0.286266,0.000000,58,0,1,-1,26,26,28,102.500000,79.666700,61.500000,0.975610,1.255230,1.626016,0.000837,0.000111,-0.004475,0.000837,1,58,0,fixed,1,1,0,0,3.000000,4.000000
43,logistic,1,1,10,2,2,1,1.530165,61.500000,0.510055,28,0.286266,35,0,1,1,0.286266,0.901259,0.614993,0.614993,0.286266,0.000000,58,0,1,-1,26,26,28,102.500000,79.666700,61.500000,1.125832,1.020239,0.503568,0.007137,0.006037,0.000111,0.007137,1,58,0,fixed,1,1,0,0,3.000000,4.000000
43,logistic,1,1,11,1,1,1,2.905824,79.666700,0.968608,26,0.286266,35,0,1,0,0.286266,0.901259,0.614993,0.614993,0.286266,0.000000,58,0,1,-1,26,26,28,102.500000,79.666700,61.500000,1.125832,1.074624,0.486986,0.001079,0.000111,-0.005800,0.001079,1,58,0,fixed,1,1,0,0,3.000000,4.000000
43,logistic,1,1,12,0,0,4,0.000000,102.500000,0.390244,26,0.286266,35,0,2,1,0.286266,0.901259,0.614993,0.614993,0.286266,0.000000,58,0,1,0,26,26,28,102.500000,79.666700,61.500000,0.390244,0.502092,0.650407,0.000111,-0.000261,-0.004565,0.000000,1,58,0,fixed,1,1,0,0,3.000000,4.000000
43,logistic,1,1,13,1,1,4,0.000000,79.666700,0.502092,26,0.286266,35,0,2,1,0.286266,0.901259,0.614993,0.614993,0.286266,0.000000,58,0,1,-1,26,26,28,102.500000,79.666700,61.500000,0.390244,0.502092,0.650407,0.000484,0.000111,-0.004205,0.000484,1,58,0,fixed,1,1,0,0,3.000000,4.000000
43,logistic,1,1,14,2,2,2,0.615316,61.500000,0.076915,28,0.286266,35,0,0,1,0.286266,0.901259,0.614993,0.614993,0.286266,0.000000,58,0,1,0,26,26,28,102.500000,79.666700,61.500000,0.848877,0.257711,0.077002,0.018677,0.014508,0.000111,0.018677,1,58,0,fixed,1,1,0,0,3.000000,4.000000
43,logistic,1,1,15,2,2,2,0.616398,61.500000,0.077050,28,0.286266,35,0,0,1,0.286266,0.901259,0.614993,0.614993,0.286266,0.000000,58,0,1,0,26,26,28,102.500000,79.666700,61.500000,0.848877,0.257711,0.076990,0.018679,0.014510,0.000111,0.018679,1,58,0,fixed,1,1,0,0,3.000000,4.000000
43,logistic,1,1,16,0,0,4,0.000000,102.500000,0.390244,26,0.286266,35,0,2,1,0.286266,0.901259,0.614993,0.614993,0.286266,0.000000,58,0,1,0,26,26,28,102.500000,79.666700,61.500000,0.390244,0.502092,0.650407,0.000111,-0.000261,-0.004565,0.000000,1,58,0,fixed,1,1,0,0,3.000000,4.000000
43,logistic,1,1,17,1,1,3,0.000000,79.666700,1.255230,26,0.286266,35,0,2,1,0.286266,0.901259,0.614993,0.614993,0.286266,0.000000,58,0,1,-1,26,26,28,102.500000,79.666700,61.500000,0.975610,1.255230,1.626016,0.000837,0.000111,-0.004475,0.000837,1,58,0,fixed,1,1,0,0,3.000000,4.000000
43,logistic,1,1,18,2,2,2,0.616409,61.500000,0.077051,28,0.286266,35,0,0,1,0.286266,0.901259,0.614993,0.614993,0.286266,0.000000,58,0,1,0,26,26,28,102.500000,79.666700,61.500000,0.848877,0.257711,0.076990,0.018679,0.014510,0.000111,0.018679,1,58,0,fixed,1,1,0,0,3.000000,4.000000
43,logistic,1,1,19,1,1,3,0.000000,79.666700,1.255230,26,0.286266,35,0,2,1,0.286266,0.901259,0.614993,0.614993,0.286266,0.000000,58,0,1,-1,26,26,28,102.500000,79.666700,61.500000,0.975610,1.255230,1.626016,0.000837,0.000111,-0.004475,0.000837,1,58,0,fixed,1,1,0,0,3.000000,4.000000
43,logistic,1,1,20,0,0,4,0.000000,102.500000,0.390244,26,0.286266,35,0,2,1,0.286266,0.901259,0.614993,0.614993,0.286266,0.000000,58,0,1,0,26,26,28,102.500000,79.666700,61.500000,0.390244,0.502092,0.650407,0.000111,-0.000261,-0.004565,0.000000,1,58,0,fixed,1,1,0,0,3.000000,4.000000
43,logistic,1,1,21,1,1,3,0.000000,79.666700,1.255230,26,0.286266,35,0,2,1,0.286266,0.901259,0.614993,0.614993,0.286266,0.000000,58,0,1,-1,26,26,28,102.500000,79.666700,61.500000,0.975610,1.255230,1.626016,0.000837,0.000111,-0.004475,0.000837,1,58,0,fixed,1,1,0,0,3.000000,4.000000
43,logistic,1,1,22,1,1,2,2.140974,79.666700,0.267622,26,0.286266,35,0,0,1,0.286266,0.901259,0.614993,0.614993,0.286266,0.000000,58,0,1,0,26,26,28,102.500000,79.666700,61.500000,0.848877,0.267623,0.074340,0.003586,0.000111,-0.014101,0.003586,1,58,0,fixed,1,1,0,0,3.000000,4.000000
43,logistic,1,1,23,0,0,1,3.507699,102.500000,1.169233,26,0.286266,35,0,1,1,0.286266,0.901259,0.614993,0.614993,0.286266,0.000000,58,0,1,-1,26,26,28,102.500000,79.666700,61.500000,1.169109,1.020239,0.486986,0.000111,-0.001003,-0.006786,0.000000,1,58,0,fixed,1,1,0,0,3.000000,4.000000
43,logistic,1,1,24,2,2,4,0.000000,61.500000,0.650407,28,0.286266,35,0,2,0,0.286266,0.901259,0.614993,0.614993,0.286266,0.000000,58,0,1,-1,26,26,28,102.500000,79.666700,61.500000,0.390244,0.502092,0.650407,0.004946,0.004562,0.000111,0.004946,1,58,0,fixed,1,1,0,0,3.000000,4.000000
43,logistic,1,1,25,0,0,1,3.507449,102.500000,1.169150,26,0.286266,35,0,1,1,0.286266,0.901259,0.614993,0.614993,0.286266,0.000000,58,0,1,-1,26,26,28,102.500000,79.666700,61.500000,1.169129,1.020239,0.486986,0.000111,-0.001004,-0.006786,0.000000,1,58,0,fixed,1,1,0,0,3.000000,4.000000
43,logistic,1,1,26,2,2,1,1.516114,61.500000,0.505371,28,0.286266,35,0,1,1,0.286266,0.901259,0.614993,0.614993,0.286266,0.000000,58,0,1,-1,26,26,28,102.500000,79.666700,61.500000,1.125832,1.020239,0.504237,0.007135,0.006035,0.000111,0.007135,1,58,0,fixed,1,1,0,0,3.000000,4.000000
43,logistic,1,1,27,0,0,2,6.880772,102.500000,0.860096,26,0.286266,35,0,0,0,0.286266,0.901259,0.614993,0.614993,0.286266,0.000000,58,0,1,-1,26,26,28,102.500000,79.666700,61.500000,0.885097,0.257711,0.074340,0.000111,-0.003660,-0.017250,0.000000,1,58,0,fixed,1,1,0,0,3.000000,4.000000
43,logistic,1,1,28,0,0,1,3.506174,102.500000,1.168725,26,0.286266,35,0,1,1,0.286266,0.901259,0.614993,0.614993,0.286266,0.000000,58,0,1,-1,26,26,28,102.500000,79.666700,61.500000,1.169236,1.020239,0.486986,0.000111,-0.001004,-0.006786,0.000000,1,58,0,fixed,1,1,0,0,3.000000,4.000000
43,logistic,1,1,29,1,1,2,2.133393,79.666700,0.266674,26,0.286266,35,0,0,1,0.286266,0.901259,0.614993,0.614993,0.286266,0.000000,58,0,1,0,26,26,28,102.500000,79.666700,61.500000,0.848877,0.267758,0.074340,0.003584,0.000111,-0.014103,0.003584,1,58,0,fixed,1,1,0,0,3.000000,4.000000
43,logistic,1,1,30,0,0,2,6.880772,102.500000,0.860096,26,0.286266,35,0,0,0,0.286266,0.901259,0.614993,0.614993,0.286266,0.000000,58,0,1,-1,26,26,28,102.500000,79.666700,61.500000,0.885097,0.257711,0.074340,0.000111,-0.003660,-0.017250,0.000000,1,58,0,fixed,1,1,0,0,3.000000,4.000000
43,logistic,1,1,31,1,1,4,0.000000,79.666700,0.502092,26,0.286266,35,0,2,1,0.286266,0.901259,0.614993,0.614993,0.286266,0.000000,58,0,1,-1,26,26,28,102.500000,79.666700,61.500000,0.390244,0.502092,0.650407,0.000484,0.000111,-0.004205,0.000484,1,58,0,fixed,1,1,0,0,3.000000,4.000000
43,logistic,1,1,32,2,2,4,0.000000,61.500000,0.650407,28,0.286266,35,0,2,0,0.286266,0.901259,0.614993,0.614993,0.286266,0.000000,58,0,1,-1,26,26,28,102.500000,79.666700,61.500000,0.390244,0.502092,0.650407,0.004946,0.004562,0.000111,0.004946,1,58,0,fixed,1,1,0,0,3.000000,4.000000
43,logistic,1,1,33,2,2,4,0.000000,61.500000,0.650407,28,0.286266,35,0,2,0,0.286266,0.901259,0.614993,0.614993,0.286266,0.000000,58,0,1,-1,26,26,28,102.500000,79.666700,61.500000,0.390244,0.502092,0.650407,0.004946,0.004562,0.000111,0.004946,1,58,0,fixed,1,1,0,0,3.000000,4.000000
43,logistic,1,1,34,2,2,4,0.000000,61.500000,0.650407,28,0.286266,35,0,2,0,0.286266,0.901259,0.614993,0.614993,0.286266,0.000000,58,0,1,-1,26,26,28,102.500000,79.666700,61.500000,0.390244,0.502092,0.650407,0.004946,0.004562,0.000111,0.004946,1,58,0,fixed,1,1,0,0,3.000000,4.000000
43,logistic,1,1,35,2,2,2,0.616409,61.500000,0.077051,28,0.286266,35,0,0,1,0.286266,0.901259,0.614993,0.614993,0.286266,0.000000,58,0,1,0,26,26,28,102.500000,79.666700,61.500000,0.848877,0.257711,0.076990,0.018679,0.014510,0.000111,0.018679,1,58,0,fixed,1,1,0,0,3.000000,4.000000
43,logistic,1,1,36,0,0,2,6.877493,102.500000,0.859687,26,0.286266,35,0,0,0,0.286266,0.901259,0.614993,0.614993,0.286266,0.000000,58,0,1,-1,26,26,28,102.500000,79.666700,61.500000,0.885165,0.257711,0.074340,0.000111,-0.003660,-0.017250,0.000000,1,58,0,fixed,1,1,0,0,3.000000,4.000000
43,logistic,1,1,37,2,2,4,0.000000,61.500000,0.650407,28,0.286266,35,0,2,0,0.286266,0.901259,0.614993,0.614993,0.286266,0.000000,58,0,1,-1,26,26,28,102.500000,79.666700,61.500000,0.390244,0.502092,0.650407,0.004946,0.004562,0.000111,0.004946,1,58,0,fixed,1,1,0,0,3.000000,4.000000
43,logistic,1,1,38,1,1,1,3.466294,79.666700,1.155431,26,0.286266,35,0,1,0,0.286266,0.901259,0.614993,0.614993,0.286266,0.000000,58,0,1,-1,26,26,28,102.500000,79.666700,61.500000,1.125832,1.043487,0.486986,0.001106,0.000111,-0.005773,0.001106,1,58,0,fixed,1,1,0,0,3.000000,4.000000
43,logistic,1,1,39,0,0,4,0.000000,102.500000,0.390244,26,0.286266,35,0,2,1,0.286266,0.901259,0.614993,0.614993,0.286266,0.000000,58,0,1,0,26,26,28,102.500000,79.666700,61.500000,0.390244,0.502092,0.650407,0.000111,-0.000261,-0.004565,0.000000,1,58,0,fixed,1,1,0,0,3.000000,4.000000
43,logistic,1,1,40,1,1,1,3.431190,79.666700,1.143730,26,0.286266,35,0,1,0,0.286266,0.901259,0.614993,0.614993,0.286266,0.000000,58,0,1,-1,26,26,28,102.500000,79.666700,61.500000,1.125832,1.045437,0.486986,0.001105,0.000111,-0.005775,0.001105,1,58,0,fixed,1,1,0,0,3.000000,4.000000
43,logistic,1,1,41,1,1,4,0.000000,79.666700,0.502092,26,0.286266,35,0,2,1,0.286266,0.901259,0.614993,0.614993,0.286266,0.000000,58,0,1,-1,26,26,28,102.500000,79.666700,61.500000,0.390244,0.502092,0.650407,0.000484,0.000111,-0.004205,0.000484,1,58,0,fixed,1,1,0,0,3.000000,4.000000
43,logistic,1,1,42,2,2,1,1.525278,61.500000,0.508426,28,0.286266,35,0,1,1,0.286266,0.901259,0.614993,0.614993,0.286266,0.000000,58,0,1,-1,26,26,28,102.500000,79.666700,61.500000,1.125832,1.020239,0.503801,0.007136,0.006036,0.000111,0.007136,1,58,0,fixed,1,1,0,0,3.000000,4.000000
43,logistic,1,1,43,1,1,2,2.142102,79.666700,0.267763,26,0.286266,35,0,0,1,0.286266,0.901259,0.614993,0.614993,0.286266,0.000000,58,0,1,0,26,26,28,102.500000,79.666700,61.500000,0.848877,0.267603,0.074340,0.003586,0.000111,-0.014101,0.003586,1,58,0,fixed,1,1,0,0,3.000000,4.000000
43,logistic,1,1,44,2,2,2,0.616398,61.500000,0.077050,28,0.286266,35,0,0,1,0.286266,0.901259,0.614993,0.614993,0.286266,0.000000,58,0,1,0,26,26,28,102.500000,79.666700,61.500000,0.848877,0.257711,0.076990,0.018679,0.014510,0.000111,0.018679,1,58,0,fixed,1,1,0,0,3.000000,4.000000
43,logistic,1,1,45,2,2,2,0.616386,61.500000,0.077048,28,0.286266,35,0,0,1,0.286266,0.901259,0.614993,0.614993,0.286266,0.000000,58,0,1,0,26,26,28,102.500000,79.666700,61.500000,0.848877,0.257711,0.076990,0.018679,0.014510,0.000111,0.018679,1,58,0,fixed,1,1,0,0,3.000000,4.000000
43,logistic,1,1,46,0,0,2,6.877482,102.500000,0.859685,26,0.286266,35,0,0,0,0.286266,0.901259,0.614993,0.614993,0.286266,0.000000,58,0,1,-1,26,26,28,102.500000,79.666700,61.500000,0.885166,0.257711,0.074340,0.000111,-0.003660,-0.017250,0.000000,1,58,0,fixed,1,1,0,0,3.000000,4.000000
43,logistic,1,1,47,2,2,2,0.616410,61.500000,0.077051,28,0.286266,35,0,0,1,0.286266,0.901259,0.614993,0.614993,0.286266,0.000000,58,0,1,0,26,26,28,102.500000,79.666700,61.500000,0.848877,0.257711,0.076990,0.018679,0.014510,0.000111,0.018679,1,58,0,fixed,1,1,0,0,3.000000,4.000000
43,logistic,1,1,48,1,1,4,0.000000,79.666700,0.502092,26,0.286266,35,0,2,1,0.286266,0.901259,0.614993,0.614993,0.286266,0.000000,58,0,1,-1,26,26,28,102.500000,79.666700,61.500000,0.390244,0.502092,0.650407,0.000484,0.000111,-0.004205,0.000484,1,58,0,fixed,1,1,0,0,3.000000,4.000000
43,logistic,1,1,49,0,0,4,0.000000,102.500000,0.390244,26,0.286266,35,0,2,1,0.286266,0.901259,0.614993,0.614993,0.286266,0.000000,58,0,1,0,26,26,28,102.500000,79.666700,61.500000,0.390244,0.502092,0.650407,0.000111,-0.000261,-0.004565,0.000000,1,58,0,fixed,1,1,0,0,3.000000,4.000000
43,logistic,1,1,50,0,0,4,0.000000,102.500000,0.390244,26,0.286266,35,0,2,1,0.286266,0.901259,0.614993,0.614993,0.286266,0.000000,58,0,1,0,26,26,28,102.500000,79.666700,61.500000,0.390244,0.502092,0.650407,0.000111,-0.000261,-0.004565,0.000000,1,58,0,fixed,1,1,0,0,3.000000,4.000000
43,logistic,1,1,51,0,0,1,3.506838,102.500000,1.168946,26,0.286266,35,0,1,1,0.286266,0.901259,0.614993,0.614993,0.286266,0.000000,58,0,1,-1,26,26,28,102.500000,79.666700,61.500000,1.169180,1.020239,0.486986,0.000111,-0.001004,-0.006786,0.000000,1,58,0,fixed,1,1,0,0,3.000000,4.000000
43,logistic,1,1,52,2,2,2,0.616398,61.500000,0.077050,28,0.286266,35,0,0,1,0.286266,0.901259,0.614993,0.614993,0.286266,0.000000,58,0,1,0,26,26,28,102.500000,79.666700,61.500000,0.848877,0.257711,0.076990,0.018679,0.014510,0.000111,0.018679,1,58,0,fixed,1,1,0,0,3.000000,4.000000
43,logistic,1,1,53,0,0,4,0.000000,102.500000,0.390244,26,0.286266,35,0,2,1,0.286266,0.901259,0.614993,0.614993,0.286266,0.000000,58,0,1,0,26,26,28,102.500000,79.666700,61.500000,0.390244,0.502092,0.650407,0.000111,-0.000261,-0.004565,0.000000,1,58,0,fixed,1,1,0,0,3.000000,4.000000
43,logistic,1,1,54,0,0,2,7.284061,102.500000,0.910508,26,0.286266,35,0,0,0,0.286266,0.901259,0.614993,0.614993,0.286266,0.000000,58,0,1,-1,26,26,28,102.500000,79.666700,61.500000,0.876695,0.257711,0.074340,0.000111,-0.003650,-0.017240,0.000000,1,58,0,fixed,1,1,0,0,3.000000,4.000000
43,logistic,1,1,55,2,2,2,0.615352,61.500000,0.076919,28,0.286266,35,0,0,1,0.286266,0.901259,0.614993,0.614993,0.286266,0.000000,58,0,1,0,26,26,28,102.500000,79.666700,61.500000,0.848877,0.257711,0.077002,0.018677,0.014508,0.000111,0.018677,1,58,0,fixed,1,1,0,0,3.000000,4.000000
43,logistic,1,1,56,1,1,2,2.142033,79.666700,0.267754,26,0.286266,35,0,0,1,0.286266,0.901259,0.614993,0.614993,0.286266,0.000000,58,0,1,0,26,26,28,102.500000,79.666700,61.500000,0.848877,0.267604,0.074340,0.003586,0.000111,-0.014101,0.003586,1,58,0,fixed,1,1,0,0,3.000000,4.000000
43,logistic,1,1,57,0,0,4,0.000000,102.500000,0.390244,26,0.286266,35,0,2,1,0.286266,0.901259,0.614993,0.614993,0.286266,0.000000,58,0,1,0,26,26,28,102.500000,79.666700,61.500000,0.390244,0.502092,0.650407,0.000111,-0.000261,-0.004565,0.000000,1,58,0,fixed,1,1,0,0,3.000000,4.000000
43,logistic,1,1,58,0,0,2,7.281887,102.500000,0.910236,26,0.286266,35,0,0,0,0.286266,0.901259,0.614993,0.614993,0.286266,0.000000,58,0,1,-1,26,26,28,102.500000,79.666700,61.500000,0.876741,0.257711,0.074340,0.000111,-0.003650,-0.017240,0.000000,1,58,0,fixed,1,1,0,0,3.000000,4.000000
43,logistic,1,1,59,1,1,4,0.000000,79.666700,0.502092,26,0.286266,35,0,2,1,0.286266,0.901259,0.614993,0.614993,0.286266,0.000000,58,0,1,-1,26,26,28,102.500000,79.666700,61.500000,0.390244,0.502092,0.650407,0.000484,0.000111,-0.004205,0.000484,1,58,0,fixed,1,1,0,0,3.000000,4.000000
43,logistic,1,1,60,2,2,1,1.497176,61.500000,0.499059,28,0.286266,35,0,1,1,0.286266,0.901259,0.614993,0.614993,0.286266,0.000000,58,0,1,0,26,26,28,102.500000,79.666700,61.500000,1.125832,1.020239,0.505139,0.007131,0.006031,0.000111,0.007131,1,58,0,fixed,1,1,0,0,3.000000,4.000000
43,logistic,1,1,61,2,2,4,0.000000,61.500000,0.650407,28,0.286266,35,0,2,0,0.286266,0.901259,0.614993,0.614993,0.286266,0.000000,58,0,1,-1,26,26,28,102.500000,79.666700,61.500000,0.390244,0.502092,0.650407,0.004946,0.004562,0.000111,0.004946,1,58,0,fixed,1,1,0,0,3.000000,4.000000
43,logistic,1,1,62,1,1,2,2.142104,79.666700,0.267763,26,0.286266,35,0,0,1,0.286266,0.901259,0.614993,0.614993,0.286266,0.000000,58,0,1,0,26,26,28,102.500000,79.666700,61.500000,0.848877,0.267602,0.074340,0.003586,0.000111,-0.014101,0.003586,1,58,0,fixed,1,1,0,0,3.000000,4.000000
43,logistic,1,1,63,0,0,4,0.000000,102.500000,0.390244,26,0.286266,35,0,2,1,0.286266,0.901259,0.614993,0.614993,0.286266,0.000000,58,0,1,0,26,26,28,102.500000,79.666700,61.500000,0.390244,0.502092,0.650407,0.000111,-0.000261,-0.004565,0.000000,1,58,0,fixed,1,1,0,0,3.000000,4.000000
43,logistic,1,1,64,0,0,4,0.000000,102.500000,0.390244,26,0.286266,35,0,2,1,0.286266,0.901259,0.614993,0.614993,0.286266,0.000000,58,0,1,0,26,26,28,102.500000,79.666700,61.500000,0.390244,0.502092,0.650407,0.000111,-0.000261,-0.004565,0.000000,1,58,0,fixed,1,1,0,0,3.000000,4.000000
43,logistic,1,1,65,2,2,1,1.470296,61.500000,0.490099,28,0.286266,35,0,1,1,0.286266,0.901259,0.614993,0.614993,0.286266,0.000000,58,0,1,0,26,26,28,102.500000,79.666700,61.500000,1.125832,1.020239,0.506419,0.007126,0.006026,0.000111,0.007126,1,58,0,fixed,1,1,0,0,3.000000,4.000000
43,logistic,1,1,66,2,2,3,0.000000,61.500000,1.626016,28,0.286266,35,0,2,0,0.286266,0.901259,0.614993,0.614993,0.286266,0.000000,58,0,1,1,26,26,28,102.500000,79.666700,61.500000,0.975610,1.255230,1.626016,0.005599,0.004850,0.000111,0.005599,1,58,0,fixed,1,1,0,0,3.000000,4.000000
43,logistic,1,1,67,1,1,1,3.127402,79.666700,1.042467,26,0.286266,35,0,1,0,0.286266,0.901259,0.614993,0.614993,0.286266,0.000000,58,0,1,-1,26,26,28,102.500000,79.666700,61.500000,1.125832,1.062314,0.486986,0.001090,0.000111,-0.005789,0.001090,1,58,0,fixed,1,1,0,0,3.000000,4.000000
43,logistic,1,1,68,2,2,1,1.492900,61.500000,0.497633,28,0.286266,35,0,1,1,0.286266,0.901259,0.614993,0.614993,0.286266,0.000000,58,0,1,0,26,26,28,102.500000,79.666700,61.500000,1.125832,1.020239,0.505342,0.007130,0.006030,0.000111,0.007130,1,58,0,fixed,1,1,0,0,3.000000,4.000000
43,logistic,1,1,69,2,2,1,1.532609,61.500000,0.510870,28,0.286266,35,0,1,1,0.286266,0.901259,0.614993,0.614993,0.286266,0.000000,58,0,1,-1,26,26,28,102.500000,79.666700,61.500000,1.125832,1.020239,0.503451,0.007138,0.006038,0.000111,0.007138,1,58,0,fixed,1,1,0,0,3.000000,4.000000
43,logistic,1,1,70,2,2,2,0.615352,61.500000,0.076919,28,0.286266,35,0,0,1,0.286266,0.901259,0.614993,0.614993,0.286266,0.000000,58,0,1,0,26,26,28,102.500000,79.666700,61.500000,0.848877,0.257711,0.077002,0.018677,0.014508,0.000111,0.018677,1,58,0,fixed,1,1,0,0,3.000000,4.000000
43,logistic,1,1,71,0,0,2,7.282968,102.500000,0.910371,26,0.286266,35,0,0,0,0.286266,0.901259,0.614993,0.614993,0.286266,0.000000,58,0,1,-1,26,26,28,102.500000,79.666700,61.500000,0.876718,0.257711,0.074340,0.000111,-0.003650,-0.017240,0.000000,1,58,0,fixed,1,1,0,0,3.000000,4.000000
43,logistic,1,1,72,2,2,1,1.540551,61.500000,0.513517,28,0.286266,35,0,1,1,0.286266,0.901259,0.614993,0.614993,0.286266,0.000000,58,0,1,-1,26,26,28,102.500000,79.666700,61.500000,1.125832,1.020239,0.503073,0.007139,0.006039,0.000111,0.007139,1,58,0,fixed,1,1,0,0,3.000000,4.000000
43,logistic,1,1,73,1,1,2,2.142003,79.666700,0.267750,26,0.286266,35,0,0,1,0.286266,0.901259,0.614993,0.614993,0.286266,0.000000,58,0,1,0,26,26,28,102.500000,79.666700,61.500000,0.848877,0.267604,0.074340,0.003586,0.000111,-0.014101,0.003586,1,58,0,fixed,1,1,0,0,3.000000,4.000000
43,logistic,1,1,74,1,1,1,3.465239,79.666700,1.155080,26,0.286266,35,0,1,0,0.286266,0.901259,0.614993,0.614993,0.286266,0.000000,58,0,1,-1,26,26,28,102.500000,79.666700,61.500000,1.125832,1.043545,0.486986,0.001106,0.000111,-0.005773,0.001106,1,58,0,fixed,1,1,0,0,3.000000,4.000000
43,logistic,1,1,75,1,1,2,2.142051,79.666700,0.267756,26,0.286266,35,0,0,1,0.286266,0.901259,0.614993,0.614993,0.286266,0.000000,58,0,1,0,26,26,28,102.500000,79.666700,61.500000,0.848877,0.267603,0.074340,0.003586,0.000111,-0.014101,0.003586,1,58,0,fixed,1,1,0,0,3.000000,4.000000
43,logistic,1,1,76,1,1,1,3.423194,79.666700,1.141065,26,0.286266,35,0,1,0,0.286266,0.901259,0.614993,0.614993,0.286266,0.000000,58,0,1,-1,26,26,28,102.500000,79.666700,61.500000,1.125832,1.045881,0.486986,0.001104,0.000111,-0.005775,0.001104,1,58,0,fixed,1,1,0,0,3.000000,4.000000
43,logistic,1,1,77,2,2,2,0.615352,61.500000,0.076919,28,0.286266,35,0,0,1,0.286266,0.901259,0.614993,0.614993,0.286266,0.000000,58,0,1,0,26,26,28,102.500000,79.666700,61.500000,0.848877,0.257711,0.077002,0.018677,0.014508,0.000111,0.018677,1,58,0,fixed,1,1,0,0,3.000000,4.000000
43,logistic,1,1,78,0,0,1,3.508842,102.500000,1.169614,26,0.286266,35,0,1,1,0.286266,0.901259,0.614993,0.614993,0.286266,0.000000,58,0,1,-1,26,26,28,102.500000,79.666700,61.500000,1.169013,1.020239,0.486986,0.000111,-0.001003,-0.006786,0.000000,1,58,0,fixed,1,1,0,0,3.000000,4.000000
43,logistic,1,1,79,1,1,1,2.429910,79.666700,0.809970,26,0.286266,35,0,1,0,0.286266,0.901259,0.614993,0.614993,0.286266,0.000000,58,0,1,-1,26,26,28,102.500000,79.666700,61.500000,1.125832,1.101063,0.486986,0.001057,0.000111,-0.005821,0.001057,1,58,0,fixed,1,1,0,0,3.000000,4.000000
43,logistic,1,1,80,1,1,3,0.000000,79.666700,1.255230,26,0.286266,35,0,2,1,0.286266,0.901259,0.614993,0.614993,0.286266,0.000000,58,0,1,-1,26,26,28,102.500000,79.666700,61.500000,0.975610,1.255230,1.626016,0.000837,0.000111,-0.004475,0.000837,1,58,0,fixed,1,1,0,0,3.000000,4.000000
43,logistic,1,2,1,2,2,4,0.000000,50.000000,0.800000,33,0.603494,27,0,2,0,0.603494,0.603494,0.000000,0.000000,0.603494,0.317228,0,19,1,-1,27,20,33,113.000000,77.666700,50.000000,0.353982,0.515021,0.800000,-0.010570,0.000324,0.008857,0.000324,1,0,1,fixed,1,1,0,0,3.000000,4.000000
43,logistic,1,2,2,2,2,3,0.000000,50.000000,2.000000,33,0.603494,27,0,2,0,0.603494,0.603494,0.000000,0.000000,0.603494,0.317228,0,19,1,1,27,20,33,113.000000,77.666700,50.000000,0.884956,1.287553,2.000000,-0.006388,0.002221,0.008857,0.002221,1,0,1,fixed,1,1,0,0,3.000000,4.000000
43,logistic,1,2,3,2,2,3,0.000000,50.000000,2.000000,33,0.603494,27,0,2,0,0.603494,0.603494,0.000000,0.000000,0.603494,0.317228,0,19,1,1,27,20,33,113.000000,77.666700,50.000000,0.884956,1.287553,2.000000,-0.006388,0.002221,0.008857,0.002221,1,0,1,fixed,1,1,0,0,3.000000,4.000000
43,logistic,1,2,4,2,2,3,0.000000,50.000000,2.000000,33,0.603494,27,0,2,0,0.603494,0.603494,0.000000,0.000000,0.603494,0.317228,0,19,1,1,27,20,33,113.000000,77.666700,50.000000,0.884956,1.287553,2.000000,-0.006388,0.002221,0.008857,0.002221,1,0,1,fixed,1,1,0,0,3.000000,4.000000
43,logistic,1,2,5,2,2,4,0.000000,50.000000,0.800000,33,0.603494,27,0,2,0,0.603494,0.603494,0.000000,0.000000,0.603494,0.317228,0,19,1,-1,27,20,33,113.000000,77.666700,50.000000,0.353982,0.515021,0.800000,-0.010570,0.000324,0.008857,0.000324,1,0,1,fixed,1,1,0,0,3.000000,4.000000
43,logistic,1,2,6,0,0,2,2.956254,113.000000,0.369532,27,0.603494,27,0,0,0,0.603494,0.603494,0.000000,0.000000,0.603494,0.317228,0,19,1,0,27,20,33,113.000000,77.666700,50.000000,0.369607,0.309383,0.358663,0.008857,0.013219,0.020915,0.020915,1,0,1,fixed,1,1,0,0,3.000000,4.000000
43,logistic,1,2,7,0,0,2,2.958447,113.000000,0.369806,27,0.603494,27,0,0,0,0.603494,0.603494,0.000000,0.000000,0.603494,0.317228,0,19,1,0,27,20,33,113.000000,77.666700,50.000000,0.369596,0.309383,0.358929,0.008857,0.013220,0.020925,0.020925,1,0,1,fixed,1,1,0,0,3.000000,4.000000
43,logistic,1,2,8,2,2,4,0.000000,50.000000,0.800000,33,0.603494,27,0,2,0,0.603494,0.603494,0.000000,0.000000,0.603494,0.317228,0,19,1,-1,27,20,33,113.000000,77.666700,50.000000,0.353982,0.515021,0.800000,-0.010570,0.000324,0.008857,0.000324,1,0,1,fixed,1,1,0,0,3.000000,4.000000
43,logistic,1,2,9,2,2,3,0.000000,50.000000,2.000000,33,0.603494,27,0,2,0,0.603494,0.603494,0.000000,0.000000,0.603494,0.317228,0,19,1,1,27,20,33,113.000000,77.666700,50.000000,0.884956,1.287553,2.000000,-0.006388,0.002221,0.008857,0.002221,1,0,1,fixed,1,1,0,0,3.000000,4.000000
43,logistic,1,2,10,1,1,1,3.363354,77.666700,1.121118,20,0.603494,27,0,1,0,0.603494,0.603494,0.000000,0.000000,0.603494,0.317228,0,19,1,-1,27,20,33,113.000000,77.666700,50.000000,0.950411,0.852859,1.088144,0.001956,0.008857,0.015249,0.015249,1,0,1,fixed,1,1,0,0,3.000000,4.000000
43,logistic,1,2,11,1,1,1,1.921928,77.666700,0.640643,20,0.603494,27,0,1,0,0.603494,0.603494,0.000000,0.000000,0.603494,0.317228,0,19,1,-1,27,20,33,113.000000,77.666700,50.000000,0.950411,0.878147,0.621800,0.001809,0.008857,0.011816,0.011816,1,0,1,fixed,1,1,0,0,3.000000,4.000000
43,logistic,1,2,12,2,2,4,0.000000,50.000000,0.800000,33,0.603494,27,0,2,0,0.603494,0.603494,0.000000,0.000000,0.603494,0.317228,0,19,1,-1,27,20,33,113.000000,77.666700,50.000000,0.353982,0.515021,0.800000,-0.010570,0.000324,0.008857,0.000324,1,0,1,fixed,1,1,0,0,3.000000,4.000000
43,logistic,1,2,13,2,2,4,0.000000,50.000000,0.800000,33,0.603494,27,0,2,0,0.603494,0.603494,0.000000,0.000000,0.603494,0.317228,0,19,1,-1,27,20,33,113.000000,77.666700,50.000000,0.353982,0.515021,0.800000,-0.010570,0.000324,0.008857,0.000324,1,0,1,fixed,1,1,0,0,3.000000,4.000000
43,logistic,1,2,14,0,0,2,2.957354,113.000000,0.369669,27,0.603494,27,0,0,0,0.603494,0.603494,0.000000,0.000000,0.603494,0.317228,0,19,1,0,27,20,33,113.000000,77.666700,50.000000,0.369602,0.309383,0.358797,0.008857,0.013220,0.020920,0.020920,1,0,1,fixed,1,1,0,0,3.000000,4.000000
43,logistic,1,2,15,0,0,2,2.956248,113.000000,0.369531,27,0.603494,27,0,0,0,0.603494,0.603494,0.000000,0.000000,0.603494,0.317228,0,19,1,0,27,20,33,113.000000,77.666700,50.000000,0.369607,0.309383,0.358662,0.008857,0.013219,0.020915,0.020915,1,0,1,fixed,1,1,0,0,3.000000,4.000000
43,logistic,1,2,16,2,2,4,0.000000,50.000000,0.800000,33,0.603494,27,0,2,0,0.603494,0.603494,0.000000,0.000000,0.603494,0.317228,0,19,1,-1,27,20,33,113.000000,77.666700,50.000000,0.353982,0.515021,0.800000,-0.010570,0.000324,0.008857,0.000324,1,0,1,fixed,1,1,0,0,3.000000,4.000000
43,logistic,1,2,17,2,2,3,0.000000,50.000000,2.000000,33,0.603494,27,0,2,0,0.603494,0.603494,0.000000,0.000000,0.603494,0.317228,0,19,1,1,27,20,33,113.000000,77.666700,50.000000,0.884956,1.287553,2.000000,-0.006388,0.002221,0.008857,0.002221,1,0,1,fixed,1,1,0,0,3.000000,4.000000
43,logistic,1,2,18,0,0,2,2.956261,113.000000,0.369533,27,0.603494,27,0,0,0,0.603494,0.603494,0.000000,0.000000,0.603494,0.317228,0,19,1,0,27,20,33,113.000000,77.666700,50.000000,0.369607,0.309383,0.358664,0.008857,0.013219,0.020915,0.020915,1,0,1,fixed,1,1,0,0,3.000000,4.000000
43,logistic,1,2,19,2,2,3,0.000000,50.000000,2.000000,33,0.603494,27,0,2,0,0.603494,0.603494,0.000000,0.000000,0.603494,0.317228,0,19,1,1,27,20,33,113.000000,77.666700,50.000000,0.884956,1.287553,2.000000,-0.006388,0.002221,0.008857,0.002221,1,0,1,fixed,1,1,0,0,3.000000,4.000000
43,logistic,1,2,20,2,2,4,0.000000,50.000000,0.800000,33,0.603494,27,0,2,0,0.603494,0.603494,0.000000,0.000000,0.603494,0.317228,0,19,1,-1,27,20,33,113.000000,77.666700,50.000000,0.353982,0.515021,0.800000,-0.010570,0.000324,0.008857,0.000324,1,0,1,fixed,1,1,0,0,3.000000,4.000000
43,logistic,1,2,21,2,2,3,0.000000,50.000000,2.000000,33,0.603494,27,0,2,0,0.603494,0.603494,0.000000,0.000000,0.603494,0.317228,0,19,1,1,27,20,33,113.000000,77.666700,50.000000,0.884956,1.287553,2.000000,-0.006388,0.002221,0.008857,0.002221,1,0,1,fixed,1,1,0,0,3.000000,4.000000
43,logistic,1,2,22,0,0,2,2.956213,113.000000,0.369527,27,0.603494,27,0,0,0,0.603494,0.603494,0.000000,0.000000,0.603494,0.317228,0,19,1,0,27,20,33,113.000000,77.666700,50.000000,0.369607,0.309383,0.358658,0.008857,0.013219,0.020915,0.020915,1,0,1,fixed,1,1,0,0,3.000000,4.000000
43,logistic,1,2,23,1,1,1,1.937704,77.666700,0.645901,20,0.603494,27,0,1,0,0.603494,0.603494,0.000000,0.000000,0.603494,0.317228,0,19,1,-1,27,20,33,113.000000,77.666700,50.000000,0.950411,0.877870,0.626904,0.001810,0.008857,0.011880,0.011880,1,0,1,fixed,1,1,0,0,3.000000,4.000000
43,logistic,1,2,24,2,2,4,0.000000,50.000000,0.800000,33,0.603494,27,0,2,0,0.603494,0.603494,0.000000,0.000000,0.603494,0.317228,0,19,1,-1,27,20,33,113.000000,77.666700,50.000000,0.353982,0.515021,0.800000,-0.010570,0.000324,0.008857,0.000324,1,0,1,fixed,1,1,0,0,3.000000,4.000000
43,logistic,1,2,25,1,1,1,1.944012,77.666700,0.648004,20,0.603494,27,0,1,0,0.603494,0.603494,0.000000,0.000000,0.603494,0.317228,0,19,1,-1,27,20,33,113.000000,77.666700,50.000000,0.950411,0.877759,0.628945,0.001811,0.008857,0.011905,0.011905,1,0,1,fixed,1,1,0,0,3.000000,4.000000
43,logistic,1,2,26,1,1,1,3.575950,77.666700,1.191983,20,0.603494,27,0,1,0,0.603494,0.603494,0.000000,0.000000,0.603494,0.317228,0,19,1,-1,27,20,33,113.000000,77.666700,50.000000,0.950411,0.849129,1.156925,0.001978,0.008857,0.015534,0.015534,1,0,1,fixed,1,1,0,0,3.000000,4.000000
43,logistic,1,2,27,0,0,2,2.957377,113.000000,0.369672,27,0.603494,27,0,0,0,0.603494,0.603494,0.000000,0.000000,0.603494,0.317228,0,19,1,0,27,20,33,113.000000,77.666700,50.000000,0.369602,0.309383,0.358799,0.008857,0.013220,0.020920,0.020920,1,0,1,fixed,1,1,0,0,3.000000,4.000000
43,logistic,1,2,28,1,1,1,2.018282,77.666700,0.672761,20,0.603494,27,0,1,0,0.603494,0.603494,0.000000,0.000000,0.603494,0.317228,0,19,1,-1,27,20,33,113.000000,77.666700,50.000000,0.950411,0.876456,0.652973,0.001818,0.008857,0.012190,0.012190,1,0,1,fixed,1,1,0,0,3.000000,4.000000
43,logistic,1,2,29,0,0,2,2.956319,113.000000,0.369540,27,0.603494,27,0,0,0,0.603494,0.603494,0.000000,0.000000,0.603494,0.317228,0,19,1,0,27,20,33,113.000000,77.666700,50.000000,0.369607,0.309383,0.358671,0.008857,0.013219,0.020915,0.020915,1,0,1,fixed,1,1,0,0,3.000000,4.000000
43,logistic,1,2,30,0,0,2,2.957341,113.000000,0.369668,27,0.603494,27,0,0,0,0.603494,0.603494,0.000000,0.000000,0.603494,0.317228,0,19,1,0,27,20,33,113.000000,77.666700,50.000000,0.369602,0.309383,0.358795,0.008857,0.013220,0.020920,0.020920,1,0,1,fixed,1,1,0,0,3.000000,4.000000
43,logistic,1,2,31,2,2,4,0.000000,50.000000,0.800000,33,0.603494,27,0,2,0,0.603494,0.603494,0.000000,0.000000,0.603494,0.317228,0,19,1,-1,27,20,33,113.000000,77.666700,50.000000,0.353982,0.515021,0.800000,-0.010570,0.000324,0.008857,0.000324,1,0,1,fixed,1,1,0,0,3.000000,4.000000
43,logistic,1,2,32,2,2,4,0.000000,50.000000,0.800000,33,0.603494,27,0,2,0,0.603494,0.603494,0.000000,0.000000,0.603494,0.317228,0,19,1,-1,27,20,33,113.000000,77.666700,50.000000,0.353982,0.515021,0.800000,-0.010570,0.000324,0.008857,0.000324,1,0,1,fixed,1,1,0,0,3.000000,4.000000
43,logistic,1,2,33,2,2,4,0.000000,50.000000,0.800000,33,0.603494,27,0,2,0,0.603494,0.603494,0.000000,0.000000,0.603494,0.317228,0,19,1,-1,27,20,33,113.000000,77.666700,50.000000,0.353982,0.515021,0.800000,-0.010570,0.000324,0.008857,0.000324,1,0,1,fixed,1,1,0,0,3.000000,4.000000
43,logistic,1,2,34,2,2,4,0.000000,50.000000,0.800000,33,0.603494,27,0,2,0,0.603494,0.603494,0.000000,0.000000,0.603494,0.317228,0,19,1,-1,27,20,33,113.000000,77.666700,50.000000,0.353982,0.515021,0.800000,-0.010570,0.000324,0.008857,0.000324,1,0,1,fixed,1,1,0,0,3.000000,4.000000
43,logistic,1,2,35,0,0,2,2.956272,113.000000,0.369534,27,0.603494,27,0,0,0,0.603494,0.603494,0.000000,0.000000,0.603494,0.317228,0,19,1,0,27,20,33,113.000000,77.666700,50.000000,0.369607,0.309383,0.358665,0.008857,0.013219,0.020915,0.020915,1,0,1,fixed,1,1,0,0,3.000000,4.000000
43,logistic,1,2,36,0,0,2,2.957353,113.000000,0.369669,27,0.603494,27,0,0,0,0.603494,0.603494,0.000000,0.000000,0.603494,0.317228,0,19,1,0,27,20,33,113.000000,77.666700,50.000000,0.369602,0.309383,0.358796,0.008857,0.013220,0.020920,0.020920,1,0,1,fixed,1,1,0,0,3.000000,4.000000
43,logistic,1,2,37,2,2,4,0.000000,50.000000,0.800000,33,0.603494,27,0,2,0,0.603494,0.603494,0.000000,0.000000,0.603494,0.317228,0,19,1,-1,27,20,33,113.000000,77.666700,50.000000,0.353982,0.515021,0.800000,-0.010570,0.000324,0.008857,0.000324,1,0,1,fixed,1,1,0,0,3.000000,4.000000
43,logistic,1,2,38,1,1,1,1.931158,77.666700,0.643719,20,0.603494,27,0,1,0,0.603494,0.603494,0.000000,0.000000,0.603494,0.317228,0,19,1,-1,27,20,33,113.000000,77.666700,50.000000,0.950411,0.877985,0.624787,0.001810,0.008857,0.011853,0.011853,1,0,1,fixed,1,1,0,0,3.000000,4.000000
43,logistic,1,2,39,2,2,4,0.000000,50.000000,0.800000,33,0.603494,27,0,2,0,0.603494,0.603494,0.000000,0.000000,0.603494,0.317228,0,19,1,-1,27,20,33,113.000000,77.666700,50.000000,0.353982,0.515021,0.800000,-0.010570,0.000324,0.008857,0.000324,1,0,1,fixed,1,1,0,0,3.000000,4.000000
43,logistic,1,2,40,1,1,1,1.891566,77.666700,0.630522,20,0.603494,27,0,1,0,0.603494,0.603494,0.000000,0.000000,0.603494,0.317228,0,19,1,-1,27,20,33,113.000000,77.666700,50.000000,0.950411,0.878680,0.611977,0.001806,0.008857,0.011691,0.011691,1,0,1,fixed,1,1,0,0,3.000000,4.000000
43,logistic,1,2,41,2,2,4,0.000000,50.000000,0.800000,33,0.603494,27,0,2,0,0.603494,0.603494,0.000000,0.000000,0.603494,0.317228,0,19,1,-1,27,20,33,113.000000,77.666700,50.000000,0.353982,0.515021,0.800000,-0.010570,0.000324,0.008857,0.000324,1,0,1,fixed,1,1,0,0,3.000000,4.000000
43,logistic,1,2,42,1,1,1,3.343605,77.666700,1.114535,20,0.603494,27,0,1,0,0.603494,0.603494,0.000000,0.000000,0.603494,0.317228,0,19,1,-1,27,20,33,113.000000,77.666700,50.000000,0.950411,0.853205,1.081755,0.001954,0.008857,0.015221,0.015221,1,0,1,fixed,1,1,0,0,3.000000,4.000000
43,logistic,1,2,43,0,0,2,2.956296,113.000000,0.369537,27,0.603494,27,0,0,0,0.603494,0.603494,0.000000,0.000000,0.603494,0.317228,0,19,1,0,27,20,33,113.000000,77.666700,50.000000,0.369607,0.309383,0.358668,0.008857,0.013219,0.020915,0.020915,1,0,1,fixed,1,1,0,0,3.000000,4.000000
43,logistic,1,2,44,0,0,2,2.956314,113.000000,0.369539,27,0.603494,27,0,0,0,0.603494,0.603494,0.000000,0.000000,0.603494,0.317228,0,19,1,0,27,20,33,113.000000,77.666700,50.000000,0.369607,0.309383,0.358670,0.008857,0.013219,0.020915,0.020915,1,0,1,fixed,1,1,0,0,3.000000,4.000000
43,logistic,1,2,45,0,0,2,2.956301,113.000000,0.369538,27,0.603494,27,0,0,0,0.603494,0.603494,0.000000,0.000000,0.603494,0.317228,0,19,1,0,27,20,33,113.000000,77.666700,50.000000,0.369607,0.309383,0.358669,0.008857,0.013219,0.020915,0.020915,1,0,1,fixed,1,1,0,0,3.000000,4.000000
43,logistic,1,2,46,0,0,2,2.957370,113.000000,0.369671,27,0.603494,27,0,0,0,0.603494,0.603494,0.000000,0.000000,0.603494,0.317228,0,19,1,0,27,20,33,113.000000,77.666700,50.000000,0.369602,0.309383,0.358799,0.008857,0.013220,0.020920,0.020920,1,0,1,fixed,1,1,0,0,3.000000,4.000000
43,logistic,1,2,47,0,0,2,2.956314,113.000000,0.369539,27,0.603494,27,0,0,0,0.603494,0.603494,0.000000,0.000000,0.603494,0.317228,0,19,1,0,27,20,33,113.000000,77.666700,50.000000,0.369607,0.309383,0.358670,0.008857,0.013219,0.020915,0.020915,1,0,1,fixed,1,1,0,0,3.000000,4.000000
43,logistic,1,2,48,2,2,4,0.000000,50.000000,0.800000,33,0.603494,27,0,2,0,0.603494,0.603494,0.000000,0.000000,0.603494,0.317228,0,19,1,-1,27,20,33,113.000000,77.666700,50.000000,0.353982,0.515021,0.800000,-0.010570,0.000324,0.008857,0.000324,1,0,1,fixed,1,1,0,0,3.000000,4.000000
43,logistic,1,2,49,2,2,4,0.000000,50.000000,0.800000,33,0.603494,27,0,2,0,0.603494,0.603494,0.000000,0.000000,0.603494,0.317228,0,19,1,-1,27,20,33,113.000000,77.666700,50.000000,0.353982,0.515021,0.800000,-0.010570,0.000324,0.008857,0.000324,1,0,1,fixed,1,1,0,0,3.000000,4.000000
43,logistic,1,2,50,2,2,4,0.000000,50.000000,0.800000,33,0.603494,27,0,2,0,0.603494,0.603494,0.000000,0.000000,0.603494,0.317228,0,19,1,-1,27,20,33,113.000000,77.666700,50.000000,0.353982,0.515021,0.800000,-0.010570,0.000324,0.008857,0.000324,1,0,1,fixed,1,1,0,0,3.000000,4.000000
43,logistic,1,2,51,1,1,1,1.897122,77.666700,0.632374,20,0.603494,27,0,1,0,0.603494,0.603494,0.000000,0.000000,0.603494,0.317228,0,19,1,-1,27,20,33,113.000000,77.666700,50.000000,0.950411,0.878582,0.613775,0.001806,0.008857,0.011714,0.011714,1,0,1,fixed,1,1,0,0,3.000000,4.000000
43,logistic,1,2,52,0,0,2,2.956195,113.000000,0.369524,27,0.603494,27,1,0,0,0.603494,0.603494,0.000000,0.000000,0.603494,0.317228,0,19,1,0,27,20,33,113.000000,77.666700,50.000000,0.369607,0.309383,0.358656,0.008857,0.013219,0.020915,0.020915,1,0,1,fixed,1,1,0,0,3.000000,4.000000
43,logistic,1,2,53,2,2,4,0.000000,50.000000,0.800000,33,0.603494,27,0,2,0,0.603494,0.603494,0.000000,0.000000,0.603494,0.317228,0,19,1,-1,27,20,33,113.000000,77.666700,50.000000,0.353982,0.515021,0.800000,-0.010570,0.000324,0.008857,0.000324,1,0,1,fixed,1,1,0,0,3.000000,4.000000
43,logistic,1,2,54,0,0,2,2.957360,113.000000,0.369670,27,0.603494,27,0,0,0,0.603494,0.603494,0.000000,0.000000,0.603494,0.317228,0,19,1,0,27,20,33,113.000000,77.666700,50.000000,0.369602,0.309383,0.358797,0.008857,0.013220,0.020920,0.020920,1,0,1,fixed,1,1,0,0,3.000000,4.000000
43,logistic,1,2,55,0,0,2,2.956254,113.000000,0.369532,27,0.603494,27,0,0,0,0.603494,0.603494,0.000000,0.000000,0.603494,0.317228,0,19,1,0,27,20,33,113.000000,77.666700,50.000000,0.369607,0.309383,0.358663,0.008857,0.013219,0.020915,0.020915,1,0,1,fixed,1,1,0,0,3.000000,4.000000
43,logistic,1,2,56,0,0,2,2.956224,113.000000,0.369528,27,0.603494,27,0,0,0,0.603494,0.603494,0.000000,0.000000,0.603494,0.317228,0,19,1,0,27,20,33,113.000000,77.666700,50.000000,0.369607,0.309383,0.358660,0.008857,0.013219,0.020915,0.020915,1,0,1,fixed,1,1,0,0,3.000000,4.000000
43,logistic,1,2,57,2,2,4,0.000000,50.000000,0.800000,33,0.603494,27,0,2,0,0.603494,0.603494,0.000000,0.000000,0.603494,0.317228,0,19,1,-1,27,20,33,113.000000,77.666700,50.000000,0.353982,0.515021,0.800000,-0.010570,0.000324,0.008857,0.000324,1,0,1,fixed,1,1,0,0,3.000000,4.000000
43,logistic,1,2,58,0,0,2,2.957434,113.000000,0.369679,27,0.603494,27,0,0,0,0.603494,0.603494,0.000000,0.000000,0.603494,0.317228,0,19,1,0,27,20,33,113.000000,77.666700,50.000000,0.369601,0.309383,0.358806,0.008857,0.013220,0.020921,0.020921,1,0,1,fixed,1,1,0,0,3.000000,4.000000
43,logistic,1,2,59,2,2,4,0.000000,50.000000,0.800000,33,0.603494,27,0,2,0,0.603494,0.603494,0.000000,0.000000,0.603494,0.317228,0,19,1,-1,27,20,33,113.000000,77.666700,50.000000,0.353982,0.515021,0.800000,-0.010570,0.000324,0.008857,0.000324,1,0,1,fixed,1,1,0,0,3.000000,4.000000
43,logistic,1,2,60,1,1,1,3.589307,77.666700,1.196436,20,0.603494,27,0,1,0,0.603494,0.603494,0.000000,0.000000,0.603494,0.317228,0,19,1,-1,27,20,33,113.000000,77.666700,50.000000,0.950411,0.848895,1.161246,0.001979,0.008857,0.015551,0.015551,1,0,1,fixed,1,1,0,0,3.000000,4.000000
43,logistic,1,2,61,2,2,4,0.000000,50.000000,0.800000,33,0.603494,27,0,2,0,0.603494,0.603494,0.000000,0.000000,0.603494,0.317228,0,19,1,-1,27,20,33,113.000000,77.666700,50.000000,0.353982,0.515021,0.800000,-0.010570,0.000324,0.008857,0.000324,1,0,1,fixed,1,1,0,0,3.000000,4.000000
43,logistic,1,2,62,0,0,2,2.956265,113.000000,0.369533,27,0.603494,27,0,0,0,0.603494,0.603494,0.000000,0.000000,0.603494,0.317228,0,19,1,0,27,20,33,113.000000,77.666700,50.000000,0.369607,0.309383,0.358664,0.008857,0.013219,0.020915,0.020915,1,0,1,fixed,1,1,0,0,3.000000,4.000000
43,logistic,1,2,63,2,2,4,0.000000,50.000000,0.800000,33,0.603494,27,0,2,0,0.603494,0.603494,0.000000,0.000000,0.603494,0.317228,0,19,1,-1,27,20,33,113.000000,77.666700,50.000000,0.353982,0.515021,0.800000,-0.010570,0.000324,0.008857,0.000324,1,0,1,fixed,1,1,0,0,3.000000,4.000000
43,logistic,1,2,64,2,2,4,0.000000,50.000000,0.800000,33,0.603494,27,0,2,0,0.603494,0.603494,0.000000,0.000000,0.603494,0.317228,0,19,1,-1,27,20,33,113.000000,77.666700,50.000000,0.353982,0.515021,0.800000,-0.010570,0.000324,0.008857,0.000324,1,0,1,fixed,1,1,0,0,3.000000,4.000000
43,logistic,1,2,65,1,1,1,3.624129,77.666700,1.208043,20,0.603494,27,0,1,0,0.603494,0.603494,0.000000,0.000000,0.603494,0.317228,0,19,1,-1,27,20,33,113.000000,77.666700,50.000000,0.950411,0.848284,1.172512,0.001983,0.008857,0.015594,0.015594,1,0,1,fixed,1,1,0,0,3.000000,4.000000
43,logistic,1,2,66,2,2,3,0.000000,50.000000,2.000000,33,0.603494,27,0,2,0,0.603494,0.603494,0.000000,0.000000,0.603494,0.317228,0,19,1,1,27,20,33,113.000000,77.666700,50.000000,0.884956,1.287553,2.000000,-0.006388,0.002221,0.008857,0.002221,1,0,1,fixed,1,1,0,0,3.000000,4.000000
43,logistic,1,2,67,1,1,1,1.953268,77.666700,0.651089,20,0.603494,27,0,1,0,0.603494,0.603494,0.000000,0.000000,0.603494,0.317228,0,19,1,-1,27,20,33,113.000000,77.666700,50.000000,0.950411,0.877597,0.631939,0.001812,0.008857,0.011941,0.011941,1,0,1,fixed,1,1,0,0,3.000000,4.000000
43,logistic,1,2,68,1,1,1,3.498892,77.666700,1.166297,20,0.603494,27,0,1,0,0.603494,0.603494,0.000000,0.000000,0.603494,0.317228,0,19,1,-1,27,20,33,113.000000,77.666700,50.000000,0.950411,0.850481,1.131995,0.001970,0.008857,0.015434,0.015434,1,0,1,fixed,1,1,0,0,3.000000,4.000000
43,logistic,1,2,69,1,1,1,3.505305,77.666700,1.168435,20,0.603494,27,0,1,0,0.603494,0.603494,0.000000,0.000000,0.603494,0.317228,0,19,1,-1,27,20,33,113.000000,77.666700,50.000000,0.950411,0.850368,1.134069,0.001971,0.008857,0.015443,0.015443,1,0,1,fixed,1,1,0,0,3.000000,4.000000
43,logistic,1,2,70,0,0,2,2.957341,113.000000,0.369668,27,0.603494,27,0,0,0,0.603494,0.603494,0.000000,0.000000,0.603494,0.317228,0,19,1,0,27,20,33,113.000000,77.666700,50.000000,0.369602,0.309383,0.358795,0.008857,0.013220,0.020920,0.020920,1,0,1,fixed,1,1,0,0,3.000000,4.000000
43,logistic,1,2,71,0,0,2,2.957388,113.000000,0.369674,27,0.603494,27,0,0,0,0.603494,0.603494,0.000000,0.000000,0.603494,0.317228,0,19,1,0,27,20,33,113.000000,77.666700,50.000000,0.369602,0.309383,0.358801,0.008857,0.013220,0.020920,0.020920,1,0,1,fixed,1,1,0,0,3.000000,4.000000
43,logistic,1,2,72,1,1,1,3.618631,77.666700,1.206210,20,0.603494,27,0,1,0,0.603494,0.603494,0.000000,0.000000,0.603494,0.317228,0,19,1,-1,27,20,33,113.000000,77.666700,50.000000,0.950411,0.848380,1.170733,0.001983,0.008857,0.015587,0.015587,1,0,1,fixed,1,1,0,0,3.000000,4.000000
43,logistic,1,2,73,0,0,2,2.957393,113.000000,0.369674,27,0.603494,27,0,0,0,0.603494,0.603494,0.000000,0.000000,0.603494,0.317228,0,19,1,0,27,20,33,113.000000,77.666700,50.000000,0.369601,0.309383,0.358801,0.008857,0.013220,0.020920,0.020920,1,0,1,fixed,1,1,0,0,3.000000,4.000000
43,logistic,1,2,74,1,1,1,2.005452,77.666700,0.668484,20,0.603494,27,0,1,0,0.603494,0.603494,0.000000,0.000000,0.603494,0.317228,0,19,1,-1,27,20,33,113.000000,77.666700,50.000000,0.950411,0.876682,0.648823,0.001817,0.008857,0.012142,0.012142,1,0,1,fixed,1,1,0,0,3.000000,4.000000
43,logistic,1,2,75,0,0,2,2.957305,113.000000,0.369663,27,0.603494,27,0,0,0,0.603494,0.603494,0.000000,0.000000,0.603494,0.317228,0,19,1,0,27,20,33,113.000000,77.666700,50.000000,0.369602,0.309383,0.358791,0.008857,0.013220,0.020920,0.020920,1,0,1,fixed,1,1,0,0,3.000000,4.000000
43,logistic,1,2,76,1,1,1,1.979183,77.666700,0.659728,20,0.603494,27,0,1,0,0.603494,0.603494,0.000000,0.000000,0.603494,0.317228,0,19,1,-1,27,20,33,113.000000,77.666700,50.000000,0.950411,0.877142,0.640324,0.001814,0.008857,0.012042,0.012042,1,0,1,fixed,1,1,0,0,3.000000,4.000000
43,logistic,1,2,77,0,0,2,2.957311,113.000000,0.369664,27,0.603494,27,0,0,0,0.603494,0.603494,0.000000,0.000000,0.603494,0.317228,0,19,1,0,27,20,33,113.000000,77.666700,50.000000,0.369602,0.309383,0.358791,0.008857,0.013220,0.020920,0.020920,1,0,1,fixed,1,1,0,0,3.000000,4.000000
43,logistic,1,2,78,1,1,1,1.969409,77.666700,0.656470,20,0.603494,27,0,1,0,0.603494,0.603494,0.000000,0.000000,0.603494,0.317228,0,19,1,-1,27,20,33,113.000000,77.666700,50.000000,0.950411,0.877314,0.637162,0.001813,0.008857,0.012005,0.012005,1,0,1,fixed,1,1,0,0,3.000000,4.000000
43,logistic,1,2,79,1,1,1,2.408042,77.666700,0.802681,20,0.603494,27,0,1,0,0.603494,0.603494,0.000000,0.000000,0.603494,0.317228,0,19,1,-1,27,20,33,113.000000,77.666700,50.000000,0.950411,0.869619,0.779072,0.001857,0.008857,0.013407,0.013407,1,0,1,fixed,1,1,0,0,3.000000,4.000000
43,logistic,1,2,80,2,2,3,0.000000,50.000000,2.000000,33,0.603494,27,0,2,0,0.603494,0.603494,0.000000,0.000000,0.603494,0.317228,0,19,1,1,27,20,33,113.000000,77.666700,50.000000,0.884956,1.287553,2.000000,-0.006388,0.002221,0.008857,0.002221,1,0,1,fixed,1,1,0,0,3.000000,4.000000
43,logistic,1,3,1,2,2,4,0.000000,17.833300,2.242995,33,0.691915,27,0,2,0,0.691915,0.691915,0.000000,0.000000,0.691915,0.088422,0,36,1,-1,27,20,33,113.000000,71.833300,17.833300,0.353982,0.556845,2.242995,-0.028252,-0.015745,0.000975,0.000000,1,0,1,fixed,1,1,0,0,3.000000,4.000000
43,logistic,1,3,2,2,2,3,0.000000,17.833300,5.607487,33,0.691915,27,0,2,0,0.691915,0.691915,0.000000,0.000000,0.691915,0.088422,0,36,1,1,27,20,33,113.000000,71.833300,17.833300,0.884956,1.392112,5.607487,-0.020299,-0.011084,0.000975,0.000000,1,0,1,fixed,1,1,0,0,3.000000,4.000000
43,logistic,1,3,3,2,2,3,0.000000,17.833300,5.607487,33,0.691915,27,0,2,0,0.691915,0.691915,0.000000,0.000000,0.691915,0.088422,0,36,1,1,27,20,33,113.000000,71.833300,17.833300,0.884956,1.392112,5.607487,-0.020299,-0.011084,0.000975,0.000000,1,0,1,fixed,1,1,0,0,3.000000,4.000000
43,logistic,1,3,4,2,2,3,0.000000,17.833300,5.607487,33,0.691915,27,0,2,0,0.691915,0.691915,0.000000,0.000000,0.691915,0.088422,0,36,1,1,27,20,33,113.000000,71.833300,17.833300,0.884956,1.392112,5.607487,-0.020299,-0.011084,0.000975,0.000000,1,0,1,fixed,1,1,0,0,3.000000,4.000000
43,logistic,1,3,5,2,2,4,0.000000,17.833300,2.242995,33,0.691915,27,0,2,0,0.691915,0.691915,0.000000,0.000000,0.691915,0.088422,0,36,1,-1,27,20,33,113.000000,71.833300,17.833300,0.353982,0.556845,2.242995,-0.028252,-0.015745,0.000975,0.000000,1,0,1,fixed,1,1,0,0,3.000000,4.000000
43,logistic,1,3,6,0,0,2,2.952951,113.000000,0.369119,27,0.691915,27,0,0,0,0.691915,0.691915,0.000000,0.000000,0.691915,0.088422,0,36,1,0,27,20,33,113.000000,71.833300,17.833300,0.369621,0.237293,0.358262,0.000975,-0.001467,0.016434,0.016434,1,0,1,fixed,1,1,0,0,3.000000,4.000000
43,logistic,1,3,7,0,0,2,2.952999,113.000000,0.369125,27,0.691915,27,0,0,0,0.691915,0.691915,0.000000,0.000000,0.691915,0.088422,0,36,1,0,27,20,33,113.000000,71.833300,17.833300,0.369621,0.237293,0.358268,0.000975,-0.001467,0.016434,0.016434,1,0,1,fixed,1,1,0,0,3.000000,4.000000
43,logistic,1,3,8,2,2,4,0.000000,17.833300,2.242995,33,0.691915,27,0,2,0,0.691915,0.691915,0.000000,0.000000,0.691915,0.088422,0,36,1,-1,27,20,33,113.000000,71.833300,17.833300,0.353982,0.556845,2.242995,-0.028252,-0.015745,0.000975,0.000000,1,0,1,fixed,1,1,0,0,3.000000,4.000000
43,logistic,1,3,9,2,2,3,0.000000,17.833300,5.607487,33,0.691915,27,0,2,0,0.691915,0.691915,0.000000,0.000000,0.691915,0.088422,0,36,1,1,27,20,33,113.000000,71.833300,17.833300,0.884956,1.392112,5.607487,-0.020299,-0.011084,0.000975,0.000000,1,0,1,fixed,1,1,0,0,3.000000,4.000000
43,logistic,1,3,10,1,1,1,1.744519,71.833300,0.581506,20,0.691915,27,0,1,0,0.691915,0.691915,0.000000,0.000000,0.691915,0.088422,0,36,1,-1,27,20,33,113.000000,71.833300,17.833300,0.950407,0.668784,0.564403,-0.003983,0.000975,0.007970,0.007970,1,0,1,fixed,1,1,0,0,3.000000,4.000000
43,logistic,1,3,11,1,1,1,1.967771,71.833300,0.655924,20,0.691915,27,0,1,0,0.691915,0.691915,0.000000,0.000000,0.691915,0.088422,0,36,1,-1,27,20,33,113.000000,71.833300,17.833300,0.950407,0.664867,0.636632,-0.003934,0.000975,0.009254,0.009254,1,0,1,fixed,1,1,0,0,3.000000,4.000000
43,logistic,1,3,12,2,2,4,0.000000,17.833300,2.242995,33,0.691915,27,0,2,0,0.691915,0.691915,0.000000,0.000000,0.691915,0.088422,0,36,1,-1,27,20,33,113.000000,71.833300,17.833300,0.353982,0.556845,2.242995,-0.028252,-0.015745,0.000975,0.000000,1,0,1,fixed,1,1,0,0,3.000000,4.000000
43,logistic,1,3,13,2,2,4,0.000000,17.833300,2.242995,33,0.691915,27,0,2,0,0.691915,0.691915,0.000000,0.000000,0.691915,0.088422,0,36,1,-1,27,20,33,113.000000,71.833300,17.833300,0.353982,0.556845,2.242995,-0.028252,-0.015745,0.000975,0.000000,1,0,1,fixed,1,1,0,0,3.000000,4.000000
43,logistic,1,3,14,0,0,2,2.952964,113.000000,0.369121,27,0.691915,27,0,0,0,0.691915,0.691915,0.000000,0.000000,0.691915,0.088422,0,36,1,0,27,20,33,113.000000,71.833300,17.833300,0.369621,0.237293,0.358264,0.000975,-0.001467,0.016434,0.016434,1,0,1,fixed,1,1,0,0,3.000000,4.000000
43,logistic,1,3,15,0,0,2,2.952969,113.000000,0.369121,27,0.691915,27,0,0,0,0.691915,0.691915,0.000000,0.000000,0.691915,0.088422,0,36,1,0,27,20,33,113.000000,71.833300,17.833300,0.369621,0.237293,0.358265,0.000975,-0.001467,0.016434,0.016434,1,0,1,fixed,1,1,0,0,3.000000,4.000000
43,logistic,1,3,16,2,2,4,0.000000,17.833300,2.242995,33,0.691915,27,0,2,0,0.691915,0.691915,0.000000,0.000000,0.691915,0.088422,0,36,1,-1,27,20,33,113.000000,71.833300,17.833300,0.353982,0.556845,2.242995,-0.028252,-0.015745,0.000975,0.000000,1,0,1,fixed,1,1,0,0,3.000000,4.000000
43,logistic,1,3,17,2,2,3,0.000000,17.833300,5.607487,33,0.691915,27,0,2,0,0.691915,0.691915,0.000000,0.000000,0.691915,0.088422,0,36,1,1,27,20,33,113.000000,71.833300,17.833300,0.884956,1.392112,5.607487,-0.020299,-0.011084,0.000975,0.000000,1,0,1,fixed,1,1,0,0,3.000000,4.000000
43,logistic,1,3,18,0,0,2,2.952958,113.000000,0.369120,27,0.691915,27,0,0,0,0.691915,0.691915,0.000000,0.000000,0.691915,0.088422,0,36,1,0,27,20,33,113.000000,71.833300,17.833300,0.369621,0.237293,0.358263,0.000975,-0.001467,0.016434,0.016434,1,0,1,fixed,1,1,0,0,3.000000,4.000000
43,logistic,1,3,19,2,2,3,0.000000,17.833300,5.607487,33,0.691915,27,0,2,0,0.691915,0.691915,0.000000,0.000000,0.691915,0.088422,0,36,1,1,27,20,33,113.000000,71.833300,17.833300,0.884956,1.392112,5.607487,-0.020299,-0.011084,0.000975,0.000000,1,0,1,fixed,1,1,0,0,3.000000,4.000000
43,logistic,1,3,20,2,2,4,0.000000,17.833300,2.242995,33,0.691915,27,0,2,0,0.691915,0.691915,0.000000,0.000000,0.691915,0.088422,0,36,1,-1,27,20,33,113.000000,71.833300,17.833300,0.353982,0.556845,2.242995,-0.028252,-0.015745,0.000975,0.000000,1,0,1,fixed,1,1,0,0,3.000000,4.000000
43,logistic,1,3,21,2,2,3,0.000000,17.833300,5.607487,33,0.691915,27,0,2,0,0.691915,0.691915,0.000000,0.000000,0.691915,0.088422,0,36,1,1,27,20,33,113.000000,71.833300,17.833300,0.884956,1.392112,5.607487,-0.020299,-0.011084,0.000975,0.000000,1,0,1,fixed,1,1,0,0,3.000000,4.000000
43,logistic,1,3,22,0,0,2,2.952929,113.000000,0.369116,27,0.691915,27,0,0,0,0.691915,0.691915,0.000000,0.000000,0.691915,0.088422,0,36,1,0,27,20,33,113.000000,71.833300,17.833300,0.369621,0.237293,0.358260,0.000975,-0.001467,0.016434,0.016434,1,0,1,fixed,1,1,0,0,3.000000,4.000000
43,logistic,1,3,23,1,1,1,1.872819,71.833300,0.624273,20,0.691915,27,0,1,0,0.691915,0.691915,0.000000,0.000000,0.691915,0.088422,0,36,1,-1,27,20,33,113.000000,71.833300,17.833300,0.950407,0.666533,0.605912,-0.003955,0.000975,0.008743,0.008743,1,0,1,fixed,1,1,0,0,3.000000,4.000000
43,logistic,1,3,24,2,2,4,0.000000,17.833300,2.242995,33,0.691915,27,0,2,0,0.691915,0.691915,0.000000,0.000000,0.691915,0.088422,0,36,1,-1,27,20,33,113.000000,71.833300,17.833300,0.353982,0.556845,2.242995,-0.028252,-0.015745,0.000975,0.000000,1,0,1,fixed,1,1,0,0,3.000000,4.000000
43,logistic,1,3,25,1,1,1,2.008187,71.833300,0.669396,20,0.691915,27,0,1,0,0.691915,0.691915,0.000000,0.000000,0.691915,0.088422,0,36,1,-1,27,20,33,113.000000,71.833300,17.833300,0.950407,0.664158,0.649708,-0.003925,0.000975,0.009458,0.009458,1,0,1,fixed,1,1,0,0,3.000000,4.000000
43,logistic,1,3,26,1,1,1,2.160586,71.833300,0.720195,20,0.691915,27,0,1,0,0.691915,0.691915,0.000000,0.000000,0.691915,0.088422,0,36,1,-1,27,20,33,113.000000,71.833300,17.833300,0.950407,0.661485,0.699013,-0.003890,0.000975,0.010162,0.010162,1,0,1,fixed,1,1,0,0,3.000000,4.000000
43,logistic,1,3,27,0,0,2,2.976023,113.000000,0.372003,27,0.691915,27,0,0,0,0.691915,0.691915,0.000000,0.000000,0.691915,0.088422,0,36,1,0,27,20,33,113.000000,71.833300,17.833300,0.369510,0.237293,0.361062,0.000975,-0.001462,0.016574,0.016574,1,0,1,fixed,1,1,0,0,3.000000,4.000000
43,logistic,1,3,28,1,1,1,1.894192,71.833300,0.631397,20,0.691915,27,0,1,0,0.691915,0.691915,0.000000,0.000000,0.691915,0.088422,0,36,1,-1,27,20,33,113.000000,71.833300,17.833300,0.950407,0.666158,0.612827,-0.003950,0.000975,0.008862,0.008862,1,0,1,fixed,1,1,0,0,3.000000,4.000000
43,logistic,1,3,29,0,0,2,2.952981,113.000000,0.369123,27,0.691915,27,0,0,0,0.691915,0.691915,0.000000,0.000000,0.691915,0.088422,0,36,1,0,27,20,33,113.000000,71.833300,17.833300,0.369621,0.237293,0.358266,0.000975,-0.001467,0.016434,0.016434,1,0,1,fixed,1,1,0,0,3.000000,4.000000
43,logistic,1,3,30,0,0,2,2.980324,113.000000,0.372541,27,0.691915,27,0,0,0,0.691915,0.691915,0.000000,0.000000,0.691915,0.088422,0,36,1,0,27,20,33,113.000000,71.833300,17.833300,0.369490,0.237293,0.361583,0.000975,-0.001461,0.016600,0.016600,1,0,1,fixed,1,1,0,0,3.000000,4.000000
43,logistic,1,3,31,2,2,4,0.000000,17.833300,2.242995,33,0.691915,27,0,2,0,0.691915,0.691915,0.000000,0.000000,0.691915,0.088422,0,36,1,-1,27,20,33,113.000000,71.833300,17.833300,0.353982,0.556845,2.242995,-0.028252,-0.015745,0.000975,0.000000,1,0,1,fixed,1,1,0,0,3.000000,4.000000
43,logistic,1,3,32,2,2,4,0.000000,17.833300,2.242995,33,0.691915,27,0,2,0,0.691915,0.691915,0.000000,0.000000,0.691915,0.088422,0,36,1,-1,27,20,33,113.000000,71.833300,17.833300,0.353982,0.556845,2.242995,-0.028252,-0.015745,0.000975,0.000000,1,0,1,fixed,1,1,0,0,3.000000,4.000000
43,logistic,1,3,33,2,2,4,0.000000,17.833300,2.242995,33,0.691915,27,0,2,0,0.691915,0.691915,0.000000,0.000000,0.691915,0.088422,0,36,1,-1,27,20,33,113.000000,71.833300,17.833300,0.353982,0.556845,2.242995,-0.028252,-0.015745,0.000975,0.000000,1,0,1,fixed,1,1,0,0,3.000000,4.000000
43,logistic,1,3,34,2,2,4,0.000000,17.833300,2.242995,33,0.691915,27,0,2,0,0.691915,0.691915,0.000000,0.000000,0.691915,0.088422,0,36,1,-1,27,20,33,113.000000,71.833300,17.833300,0.353982,0.556845,2.242995,-0.028252,-0.015745,0.000975,0.000000,1,0,1,fixed,1,1,0,0,3.000000,4.000000
43,logistic,1,3,35,0,0,2,2.953016,113.000000,0.369127,27,0.691915,27,0,0,0,0.691915,0.691915,0.000000,0.000000,0.691915,0.088422,0,36,1,0,27,20,33,113.000000,71.833300,17.833300,0.369621,0.237293,0.358270,0.000975,-0.001467,0.016434,0.016434,1,0,1,fixed,1,1,0,0,3.000000,4.000000
43,logistic,1,3,36,0,0,2,2.982510,113.000000,0.372814,27,0.691915,27,0,0,0,0.691915,0.691915,0.000000,0.000000,0.691915,0.088422,0,36,1,0,27,20,33,113.000000,71.833300,17.833300,0.369479,0.237293,0.361849,0.000975,-0.001461,0.016613,0.016613,1,0,1,fixed,1,1,0,0,3.000000,4.000000
43,logistic,1,3,37,2,2,4,0.000000,17.833300,2.242995,33,0.691915,27,0,2,0,0.691915,0.691915,0.000000,0.000000,0.691915,0.088422,0,36,1,-1,27,20,33,113.000000,71.833300,17.833300,0.353982,0.556845,2.242995,-0.028252,-0.015745,0.000975,0.000000,1,0,1,fixed,1,1,0,0,3.000000,4.000000
43,logistic,1,3,38,1,1,1,2.196372,71.833300,0.732124,20,0.691915,27,0,1,0,0.691915,0.691915,0.000000,0.000000,0.691915,0.088422,0,36,1,-1,27,20,33,113.000000,71.833300,17.833300,0.950407,0.660857,0.710591,-0.003882,0.000975,0.010314,0.010314,1,0,1,fixed,1,1,0,0,3.000000,4.000000
43,logistic,1,3,39,2,2,4,0.000000,17.833300,2.242995,33,0.691915,27,0,2,0,0.691915,0.691915,0.000000,0.000000,0.691915,0.088422,0,36,1,-1,27,20,33,113.000000,71.833300,17.833300,0.353982,0.556845,2.242995,-0.028252,-0.015745,0.000975,0.000000,1,0,1,fixed,1,1,0,0,3.000000,4.000000
43,logistic,1,3,40,1,1,1,1.956779,71.833300,0.652260,20,0.691915,27,0,1,0,0.691915,0.691915,0.000000,0.000000,0.691915,0.088422,0,36,1,-1,27,20,33,113.000000,71.833300,17.833300,0.950407,0.665060,0.633076,-0.003936,0.000975,0.009197,0.009197,1,0,1,fixed,1,1,0,0,3.000000,4.000000
43,logistic,1,3,41,2,2,4,0.000000,17.833300,2.242995,33,0.691915,27,0,2,0,0.691915,0.691915,0.000000,0.000000,0.691915,0.088422,0,36,1,-1,27,20,33,113.000000,71.833300,17.833300,0.353982,0.556845,2.242995,-0.028252,-0.015745,0.000975,0.000000,1,0,1,fixed,1,1,0,0,3.000000,4.000000
43,logistic,1,3,42,1,1,1,2.011129,71.833300,0.670376,20,0.691915,27,0,1,0,0.691915,0.691915,0.000000,0.000000,0.691915,0.088422,0,36,1,-1,27,20,33,113.000000,71.833300,17.833300,0.950407,0.664107,0.650659,-0.003924,0.000975,0.009472,0.009472,1,0,1,fixed,1,1,0,0,3.000000,4.000000
43,logistic,1,3,43,0,0,2,2.952957,113.000000,0.369120,27,0.691915,27,0,0,0,0.691915,0.691915,0.000000,0.000000,0.691915,0.088422,0,36,1,0,27,20,33,113.000000,71.833300,17.833300,0.369621,0.237293,0.358263,0.000975,-0.001467,0.016434,0.016434,1,0,1,fixed,1,1,0,0,3.000000,4.000000
43,logistic,1,3,44,0,0,2,2.952969,113.000000,0.369121,27,0.691915,27,0,0,0,0.691915,0.691915,0.000000,0.000000,0.691915,0.088422,0,36,1,0,27,20,33,113.000000,71.833300,17.833300,0.369621,0.237293,0.358265,0.000975,-0.001467,0.016434,0.016434,1,0,1,fixed,1,1,0,0,3.000000,4.000000
43,logistic,1,3,45,0,0,2,2.952957,113.000000,0.369120,27,0.691915,27,0,0,0,0.691915,0.691915,0.000000,0.000000,0.691915,0.088422,0,36,1,0,27,20,33,113.000000,71.833300,17.833300,0.369621,0.237293,0.358263,0.000975,-0.001467,0.016434,0.016434,1,0,1,fixed,1,1,0,0,3.000000,4.000000
43,logistic,1,3,46,0,0,2,2.981448,113.000000,0.372681,27,0.691915,27,0,0,0,0.691915,0.691915,0.000000,0.000000,0.691915,0.088422,0,36,1,0,27,20,33,113.000000,71.833300,17.833300,0.369484,0.237293,0.361720,0.000975,-0.001461,0.016607,0.016607,1,0,1,fixed,1,1,0,0,3.000000,4.000000
43,logistic,1,3,47,0,0,2,2.954002,113.000000,0.369250,27,0.691915,27,0,0,0,0.691915,0.691915,0.000000,0.000000,0.691915,0.088422,0,36,1,0,27,20,33,113.000000,71.833300,17.833300,0.369616,0.237293,0.358390,0.000975,-0.001467,0.016440,0.016440,1,0,1,fixed,1,1,0,0,3.000000,4.000000
43,logistic,1,3,48,2,2,4,0.000000,17.833300,2.242995,33,0.691915,27,0,2,0,0.691915,0.691915,0.000000,0.000000,0.691915,0.088422,0,36,1,-1,27,20,33,113.000000,71.833300,17.833300,0.353982,0.556845,2.242995,-0.028252,-0.015745,0.000975,0.000000,1,0,1,fixed,1,1,0,0,3.000000,4.000000
43,logistic,1,3,49,2,2,4,0.000000,17.833300,2.242995,33,0.691915,27,0,2,0,0.691915,0.691915,0.000000,0.000000,0.691915,0.088422,0,36,1,-1,27,20,33,113.000000,71.833300,17.833300,0.353982,0.556845,2.242995,-0.028252,-0.015745,0.000975,0.000000,1,0,1,fixed,1,1,0,0,3.000000,4.000000
43,logistic,1,3,50,2,2,4,0.000000,17.833300,2.242995,33,0.691915,27,0,2,0,0.691915,0.691915,0.000000,0.000000,0.691915,0.088422,0,36,1,-1,27,20,33,113.000000,71.833300,17.833300,0.353982,0.556845,2.242995,-0.028252,-0.015745,0.000975,0.000000,1,0,1,fixed,1,1,0,0,3.000000,4.000000
43,logistic,1,3,51,1,1,1,1.998874,71.833300,0.666291,20,0.691915,27,0,1,0,0.691915,0.691915,0.000000,0.000000,0.691915,0.088422,0,36,1,-1,27,20,33,113.000000,71.833300,17.833300,0.950407,0.664322,0.646694,-0.003927,0.000975,0.009411,0.009411,1,0,1,fixed,1,1,0,0,3.000000,4.000000
43,logistic,1,3,52,0,0,2,2.954037,113.000000,0.369255,27,0.691915,27,0,0,0,0.691915,0.691915,0.000000,0.000000,0.691915,0.088422,0,36,1,0,27,20,33,113.000000,71.833300,17.833300,0.369616,0.237293,0.358394,0.000975,-0.001467,0.016440,0.016440,1,0,1,fixed,1,1,0,0,3.000000,4.000000
43,logistic,1,3,53,2,2,4,0.000000,17.833300,2.242995,33,0.691915,27,0,2,0,0.691915,0.691915,0.000000,0.000000,0.691915,0.088422,0,36,1,-1,27,20,33,113.000000,71.833300,17.833300,0.353982,0.556845,2.242995,-0.028252,-0.015745,0.000975,0.000000,1,0,1,fixed,1,1,0,0,3.000000,4.000000
43,logistic,1,3,54,0,0,2,2.894982,113.000000,0.361873,27,0.691915,27,1,0,0,0.691915,0.691915,0.000000,0.000000,0.691915,0.088422,0,36,1,0,27,20,33,113.000000,71.833300,17.833300,0.369900,0.237293,0.351229,0.000975,-0.001479,0.016071,0.016071,1,0,1,fixed,1,1,0,0,3.000000,4.000000
43,logistic,1,3,55,0,0,2,2.954026,113.000000,0.369253,27,0.691915,27,0,0,0,0.691915,0.691915,0.000000,0.000000,0.691915,0.088422,0,36,1,0,27,20,33,113.000000,71.833300,17.833300,0.369616,0.237293,0.358393,0.000975,-0.001467,0.016440,0.016440,1,0,1,fixed,1,1,0,0,3.000000,4.000000
43,logistic,1,3,56,0,0,2,2.953045,113.000000,0.369131,27,0.691915,27,0,0,0,0.691915,0.691915,0.000000,0.000000,0.691915,0.088422,0,36,1,0,27,20,33,113.000000,71.833300,17.833300,0.369621,0.237293,0.358274,0.000975,-0.001467,0.016434,0.016434,1,0,1,fixed,1,1,0,0,3.000000,4.000000
43,logistic,1,3,57,2,2,4,0.000000,17.833300,2.242995,33,0.691915,27,0,2,0,0.691915,0.691915,0.000000,0.000000,0.691915,0.088422,0,36,1,-1,27,20,33,113.000000,71.833300,17.833300,0.353982,0.556845,2.242995,-0.028252,-0.015745,0.000975,0.000000,1,0,1,fixed,1,1,0,0,3.000000,4.000000
43,logistic,1,3,58,0,0,2,2.997866,113.000000,0.374733,27,0.691915,27,0,0,0,0.691915,0.691915,0.000000,0.000000,0.691915,0.088422,0,36,1,0,27,20,33,113.000000,71.833300,17.833300,0.369405,0.237293,0.363712,0.000975,-0.001458,0.016706,0.016706,1,0,1,fixed,1,1,0,0,3.000000,4.000000
43,logistic,1,3,59,2,2,4,0.000000,17.833300,2.242995,33,0.691915,27,0,2,0,0.691915,0.691915,0.000000,0.000000,0.691915,0.088422,0,36,1,-1,27,20,33,113.000000,71.833300,17.833300,0.353982,0.556845,2.242995,-0.028252,-0.015745,0.000975,0.000000,1,0,1,fixed,1,1,0,0,3.000000,4.000000
43,logistic,1,3,60,1,1,1,1.971212,71.833300,0.657071,20,0.691915,27,0,1,0,0.691915,0.691915,0.000000,0.000000,0.691915,0.088422,0,36,1,-1,27,20,33,113.000000,71.833300,17.833300,0.950407,0.664807,0.637745,-0.003933,0.000975,0.009272,0.009272,1,0,1,fixed,1,1,0,0,3.000000,4.000000
43,logistic,1,3,61,2,2,4,0.000000,17.833300,2.242995,33,0.691915,27,0,2,0,0.691915,0.691915,0.000000,0.000000,0.691915,0.088422,0,36,1,-1,27,20,33,113.000000,71.833300,17.833300,0.353982,0.556845,2.242995,-0.028252,-0.015745,0.000975,0.000000,1,0,1,fixed,1,1,0,0,3.000000,4.000000
43,logistic,1,3,62,0,0,2,2.954038,113.000000,0.369255,27,0.691915,27,0,0,0,0.691915,0.691915,0.000000,0.000000,0.691915,0.088422,0,36,1,0,27,20,33,113.000000,71.833300,17.833300,0.369616,0.237293,0.358394,0.000975,-0.001467,0.016440,0.016440,1,0,1,fixed,1,1,0,0,3.000000,4.000000
43,logistic,1,3,63,2,2,4,0.000000,17.833300,2.242995,33,0.691915,27,0,2,0,0.691915,0.691915,0.000000,0.000000,0.691915,0.088422,0,36,1,-1,27,20,33,113.000000,71.833300,17.833300,0.353982,0.556845,2.242995,-0.028252,-0.015745,0.000975,0.000000,1,0,1,fixed,1,1,0,0,3.000000,4.000000
43,logistic,1,3,64,2,2,4,0.000000,17.833300,2.242995,33,0.691915,27,0,2,0,0.691915,0.691915,0.000000,0.000000,0.691915,0.088422,0,36,1,-1,27,20,33,113.000000,71.833300,17.833300,0.353982,0.556845,2.242995,-0.028252,-0.015745,0.000975,0.000000,1,0,1,fixed,1,1,0,0,3.000000,4.000000
43,logistic,1,3,65,1,1,1,2.087896,71.833300,0.695965,20,0.691915,27,0,1,0,0.691915,0.691915,0.000000,0.000000,0.691915,0.088422,0,36,1,-1,27,20,33,113.000000,71.833300,17.833300,0.950407,0.662760,0.675496,-0.003907,0.000975,0.009838,0.009838,1,0,1,fixed,1,1,0,0,3.000000,4.000000
43,logistic,1,3,66,2,2,3,0.000000,17.833300,5.607487,33,0.691915,27,0,2,0,0.691915,0.691915,0.000000,0.000000,0.691915,0.088422,0,36,1,1,27,20,33,113.000000,71.833300,17.833300,0.884956,1.392112,5.607487,-0.020299,-0.011084,0.000975,0.000000,1,0,1,fixed,1,1,0,0,3.000000,4.000000
43,logistic,1,3,67,1,1,1,1.975755,71.833300,0.658585,20,0.691915,27,0,1,0,0.691915,0.691915,0.000000,0.000000,0.691915,0.088422,0,36,1,-1,27,20,33,113.000000,71.833300,17.833300,0.950407,0.664727,0.639215,-0.003932,0.000975,0.009295,0.009295,1,0,1,fixed,1,1,0,0,3.000000,4.000000
43,logistic,1,3,68,1,1,1,2.208245,71.833300,0.736082,20,0.691915,27,0,1,0,0.691915,0.691915,0.000000,0.000000,0.691915,0.088422,0,36,1,-1,27,20,33,113.000000,71.833300,17.833300,0.950407,0.660648,0.714432,-0.003880,0.000975,0.010363,0.010363,1,0,1,fixed,1,1,0,0,3.000000,4.000000
43,logistic,1,3,69,1,1,1,1.714419,71.833300,0.571473,20,0.691915,27,0,1,0,0.691915,0.691915,0.000000,0.000000,0.691915,0.088422,0,36,1,-1,27,20,33,113.000000,71.833300,17.833300,0.950407,0.669312,0.554665,-0.003990,0.000975,0.007772,0.007772,1,0,1,fixed,1,1,0,0,3.000000,4.000000
43,logistic,1,3,70,0,0,2,2.952957,113.000000,0.369120,27,0.691915,27,0,0,0,0.691915,0.691915,0.000000,0.000000,0.691915,0.088422,0,36,1,0,27,20,33,113.000000,71.833300,17.833300,0.369621,0.237293,0.358263,0.000975,-0.001467,0.016434,0.016434,1,0,1,fixed,1,1,0,0,3.000000,4.000000
43,logistic,1,3,71,0,0,2,2.956291,113.000000,0.369536,27,0.691915,27,0,0,0,0.691915,0.691915,0.000000,0.000000,0.691915,0.088422,0,36,1,0,27,20,33,113.000000,71.833300,17.833300,0.369605,0.237293,0.358668,0.000975,-0.001466,0.016454,0.016454,1,0,1,fixed,1,1,0,0,3.000000,4.000000
43,logistic,1,3,72,1,1,1,2.106780,71.833300,0.702260,20,0.691915,27,0,1,0,0.691915,0.691915,0.000000,0.000000,0.691915,0.088422,0,36,1,-1,27,20,33,113.000000,71.833300,17.833300,0.950407,0.662429,0.681605,-0.003902,0.000975,0.009924,0.009924,1,0,1,fixed,1,1,0,0,3.000000,4.000000
43,logistic,1,3,73,0,0,2,2.952934,113.000000,0.369117,27,0.691915,27,0,0,0,0.691915,0.691915,0.000000,0.000000,0.691915,0.088422,0,36,1,0,27,20,33,113.000000,71.833300,17.833300,0.369621,0.237293,0.358260,0.000975,-0.001467,0.016434,0.016434,1,0,1,fixed,1,1,0,0,3.000000,4.000000
43,logistic,1,3,74,1,1,1,1.954635,71.833300,0.651545,20,0.691915,27,0,1,0,0.691915,0.691915,0.000000,0.000000,0.691915,0.088422,0,36,1,-1,27,20,33,113.000000,71.833300,17.833300,0.950407,0.665098,0.632382,-0.003936,0.000975,0.009186,0.009186,1,0,1,fixed,1,1,0,0,3.000000,4.000000
43,logistic,1,3,75,0,0,2,2.952963,113.000000,0.369120,27,0.691915,27,0,0,0,0.691915,0.691915,0.000000,0.000000,0.691915,0.088422,0,36,1,0,27,20,33,113.000000,71.833300,17.833300,0.369621,0.237293,0.358264,0.000975,-0.001467,0.016434,0.016434,1,0,1,fixed,1,1,0,0,3.000000,4.000000
43,logistic,1,3,76,1,1,1,1.947304,71.833300,0.649101,20,0.691915,27,0,1,0,0.691915,0.691915,0.000000,0.000000,0.691915,0.088422,0,36,1,-1,27,20,33,113.000000,71.833300,17.833300,0.950407,0.665226,0.630010,-0.003938,0.000975,0.009148,0.009148,1,0,1,fixed,1,1,0,0,3.000000,4.000000
43,logistic,1,3,77,0,0,2,2.954068,113.000000,0.369258,27,0.691915,27,0,0,0,0.691915,0.691915,0.000000,0.000000,0.691915,0.088422,0,36,1,0,27,20,33,113.000000,71.833300,17.833300,0.369616,0.237293,0.358398,0.000975,-0.001467,0.016440,0.016440,1,0,1,fixed,1,1,0,0,3.000000,4.000000
43,logistic,1,3,78,1,1,1,1.813552,71.833300,0.604517,20,0.691915,27,0,1,0,0.691915,0.691915,0.000000,0.000000,0.691915,0.088422,0,36,1,-1,27,20,33,113.000000,71.833300,17.833300,0.950407,0.667573,0.586737,-0.003968,0.000975,0.008399,0.008399,1,0,1,fixed,1,1,0,0,3.000000,4.000000
43,logistic,1,3,79,1,1,1,2.274178,71.833300,0.758059,20,0.691915,27,0,1,0,0.691915,0.691915,0.000000,0.000000,0.691915,0.088422,0,36,1,-1,27,20,33,113.000000,71.833300,17.833300,0.950407,0.659492,0.735763,-0.003865,0.000975,0.010629,0.010629,1,0,1,fixed,1,1,0,0,3.000000,4.000000
43,logistic,1,3,80,2,2,3,0.000000,17.833300,5.607487,33,0.691915,27,0,2,0,0.691915,0.691915,0.000000,0.000000,0.691915,0.088422,0,36,1,1,27,20,33,113.000000,71.833300,17.833300,0.884956,1.392112,5.607487,-0.020299,-0.011084,0.000975,0.000000,1,0,1,fixed,1,1,0,0,3.000000,4.000000
43,logistic,1,4,1,2,2,4,0.000000,18.000000,2.222222,33,0.690938,27,0,2,0,0.690938,0.690938,0.000000,0.000000,0.690938,-0.000978,0,61,1,-1,27,20,33,113.000000,72.500000,18.000000,0.353982,0.551724,2.222222,-0.027924,-0.015540,0.001219,0.000000,1,0,1,fixed,1,1,0,0,3.000000,4.000000
43,logistic,1,4,2,2,2,3,0.000000,18.000000,5.555556,33,0.690938,27,0,2,0,0.690938,0.690938,0.000000,0.000000,0.690938,-0.000978,0,61,1,1,27,20,33,113.000000,72.500000,18.000000,0.884956,1.379310,5.555556,-0.020001,-0.010846,0.001219,0.000000,1,0,1,fixed,1,1,0,0,3.000000,4.000000
43,logistic,1,4,3,2,2,3,0.000000,18.000000,5.555556,33,0.690938,27,0,2,0,0.690938,0.690938,0.000000,0.000000,0.690938,-0.000978,0,61,1,1,27,20,33,113.000000,72.500000,18.000000,0.884956,1.379310,5.555556,-0.020001,-0.010846,0.001219,0.000000,1,0,1,fixed,1,1,0,0,3.000000,4.000000
43,logistic,1,4,4,2,2,3,0.000000,18.000000,5.555556,33,0.690938,27,0,2,0,0.690938,0.690938,0.000000,0.000000,0.690938,-0.000978,0,61,1,1,27,20,33,113.000000,72.500000,18.000000,0.884956,1.379310,5.555556,-0.020001,-0.010846,0.001219,0.000000,1,0,1,fixed,1,1,0,0,3.000000,4.000000
43,logistic,1,4,5,2,2,4,0.000000,18.000000,2.222222,33,0.690938,27,0,2,0,0.690938,0.690938,0.000000,0.000000,0.690938,-0.000978,0,61,1,-1,27,20,33,113.000000,72.500000,18.000000,0.353982,0.551724,2.222222,-0.027924,-0.015540,0.001219,0.000000,1,0,1,fixed,1,1,0,0,3.000000,4.000000
43,logistic,1,4,6,0,0,2,2.929002,113.000000,0.366125,27,0.690938,27,1,0,0,0.690938,0.690938,0.000000,0.000000,0.690938,-0.000978,0,61,1,0,27,20,33,113.000000,72.500000,18.000000,0.369746,0.237221,0.355357,0.001219,-0.001234,0.016496,0.016496,1,0,1,fixed,1,1,0,0,3.000000,4.000000
43,logistic,1,4,7,0,0,2,2.970516,113.000000,0.371315,27,0.690938,27,0,0,0,0.690938,0.690938,0.000000,0.000000,0.690938,-0.000978,0,61,1,0,27,20,33,113.000000,72.500000,18.000000,0.369547,0.237221,0.360394,0.001219,-0.001225,0.016751,0.016751,1,0,1,fixed,1,1,0,0,3.000000,4.000000
43,logistic,1,4,8,2,2,4,0.000000,18.000000,2.222222,33,0.690938,27,0,2,0,0.690938,0.690938,0.000000,0.000000,0.690938,-0.000978,0,61,1,-1,27,20,33,113.000000,72.500000,18.000000,0.353982,0.551724,2.222222,-0.027924,-0.015540,0.001219,0.000000,1,0,1,fixed,1,1,0,0,3.000000,4.000000
43,logistic,1,4,9,2,2,3,0.000000,18.000000,5.555556,33,0.690938,27,0,2,0,0.690938,0.690938,0.000000,0.000000,0.690938,-0.000978,0,61,1,1,27,20,33,113.000000,72.500000,18.000000,0.884956,1.379310,5.555556,-0.020001,-0.010846,0.001219,0.000000,1,0,1,fixed,1,1,0,0,3.000000,4.000000
43,logistic,1,4,10,1,1,1,2.260812,72.500000,0.753604,20,0.690938,27,0,1,0,0.690938,0.690938,0.000000,0.000000,0.690938,-0.000978,0,61,1,-1,27,20,33,113.000000,72.500000,18.000000,0.950431,0.659513,0.731439,-0.003608,0.001219,0.010805,0.010805,1,0,1,fixed,1,1,0,0,3.000000,4.000000
43,logistic,1,4,11,1,1,1,1.728952,72.500000,0.576317,20,0.690938,27,0,1,0,0.690938,0.690938,0.000000,0.000000,0.690938,-0.000978,0,61,1,-1,27,20,33,113.000000,72.500000,18.000000,0.950431,0.668844,0.559367,-0.003726,0.001219,0.008103,0.008103,1,0,1,fixed,1,1,0,0,3.000000,4.000000
43,logistic,1,4,12,2,2,4,0.000000,18.000000,2.222222,33,0.690938,27,0,2,0,0.690938,0.690938,0.000000,0.000000,0.690938,-0.000978,0,61,1,-1,27,20,33,113.000000,72.500000,18.000000,0.353982,0.551724,2.222222,-0.027924,-0.015540,0.001219,0.000000,1,0,1,fixed,1,1,0,0,3.000000,4.000000
43,logistic,1,4,13,2,2,4,0.000000,18.000000,2.222222,33,0.690938,27,0,2,0,0.690938,0.690938,0.000000,0.000000,0.690938,-0.000978,0,61,1,-1,27,20,33,113.000000,72.500000,18.000000,0.353982,0.551724,2.222222,-0.027924,-0.015540,0.001219,0.000000,1,0,1,fixed,1,1,0,0,3.000000,4.000000
43,logistic,1,4,14,0,0,2,2.970552,113.000000,0.371319,27,0.690938,27,0,0,0,0.690938,0.690938,0.000000,0.000000,0.690938,-0.000978,0,61,1,0,27,20,33,113.000000,72.500000,18.000000,0.369546,0.237221,0.360398,0.001219,-0.001225,0.016751,0.016751,1,0,1,fixed,1,1,0,0,3.000000,4.000000
43,logistic,1,4,15,0,0,2,2.934342,113.000000,0.366793,27,0.690938,27,0,0,0,0.690938,0.690938,0.000000,0.000000,0.690938,-0.000978,0,61,1,0,27,20,33,113.000000,72.500000,18.000000,0.369720,0.237221,0.356005,0.001219,-0.001233,0.016529,0.016529,1,0,1,fixed,1,1,0,0,3.000000,4.000000
43,logistic,1,4,16,2,2,4,0.000000,18.000000,2.222222,33,0.690938,27,0,2,0,0.690938,0.690938,0.000000,0.000000,0.690938,-0.000978,0,61,1,-1,27,20,33,113.000000,72.500000,18.000000,0.353982,0.551724,2.222222,-0.027924,-0.015540,0.001219,0.000000,1,0,1,fixed,1,1,0,0,3.000000,4.000000
43,logistic,1,4,17,2,2,3,0.000000,18.000000,5.555556,33,0.690938,27,0,2,0,0.690938,0.690938,0.000000,0.000000,0.690938,-0.000978,0,61,1,1,27,20,33,113.000000,72.500000,18.000000,0.884956,1.379310,5.555556,-0.020001,-0.010846,0.001219,0.000000,1,0,1,fixed,1,1,0,0,3.000000,4.000000
43,logistic,1,4,18,0,0,2,2.934341,113.000000,0.366793,27,0.690938,27,0,0,0,0.690938,0.690938,0.000000,0.000000,0.690938,-0.000978,0,61,1,0,27,20,33,113.000000,72.500000,18.000000,0.369720,0.237221,0.356005,0.001219,-0.001233,0.016529,0.016529,1,0,1,fixed,1,1,0,0,3.000000,4.000000
43,logistic,1,4,19,2,2,3,0.000000,18.000000,5.555556,33,0.690938,27,0,2,0,0.690938,0.690938,0.000000,0.000000,0.690938,-0.000978,0,61,1,1,27,20,33,113.000000,72.500000,18.000000,0.884956,1.379310,5.555556,-0.020001,-0.010846,0.001219,0.000000,1,0,1,fixed,1,1,0,0,3.000000,4.000000
43,logistic,1,4,20,2,2,4,0.000000,18.000000,2.222222,33,0.690938,27,0,2,0,0.690938,0.690938,0.000000,0.000000,0.690938,-0.000978,0,61,1,-1,27,20,33,113.000000,72.500000,18.000000,0.353982,0.551724,2.222222,-0.027924,-0.015540,0.001219,0.000000,1,0,1,fixed,1,1,0,0,3.000000,4.000000
43,logistic,1,4,21,2,2,3,0.000000,18.000000,5.555556,33,0.690938,27,0,2,0,0.690938,0.690938,0.000000,0.000000,0.690938,-0.000978,0,61,1,1,27,20,33,113.000000,72.500000,18.000000,0.884956,1.379310,5.555556,-0.020001,-0.010846,0.001219,0.000000,1,0,1,fixed,1,1,0,0,3.000000,4.000000
43,logistic,1,4,22,0,0,2,2.934318,113.000000,0.366790,27,0.690938,27,0,0,0,0.690938,0.690938,0.000000,0.000000,0.690938,-0.000978,0,61,1,0,27,20,33,113.000000,72.500000,18.000000,0.369721,0.237221,0.356002,0.001219,-0.001233,0.016529,0.016529,1,0,1,fixed,1,1,0,0,3.000000,4.000000
43,logistic,1,4,23,1,1,1,1.729841,72.500000,0.576614,20,0.690938,27,0,1,0,0.690938,0.690938,0.000000,0.000000,0.690938,-0.000978,0,61,1,-1,27,20,33,113.000000,72.500000,18.000000,0.950431,0.668829,0.559654,-0.003726,0.001219,0.008109,0.008109,1,0,1,fixed,1,1,0,0,3.000000,4.000000
43,logistic,1,4,24,2,2,4,0.000000,18.000000,2.222222,33,0.690938,27,0,2,0,0.690938,0.690938,0.000000,0.000000,0.690938,-0.000978,0,61,1,-1,27,20,33,113.000000,72.500000,18.000000,0.353982,0.551724,2.222222,-0.027924,-0.015540,0.001219,0.000000,1,0,1,fixed,1,1,0,0,3.000000,4.000000
43,logistic,1,4,25,1,1,1,2.153255,72.500000,0.717752,20,0.690938,27,0,1,0,0.690938,0.690938,0.000000,0.000000,0.690938,-0.000978,0,61,1,-1,27,20,33,113.000000,72.500000,18.000000,0.950431,0.661400,0.696641,-0.003632,0.001219,0.010360,0.010360,1,0,1,fixed,1,1,0,0,3.000000,4.000000
43,logistic,1,4,26,1,1,1,1.942491,72.500000,0.647497,20,0.690938,27,0,1,0,0.690938,0.690938,0.000000,0.000000,0.690938,-0.000978,0,61,1,-1,27,20,33,113.000000,72.500000,18.000000,0.950431,0.665098,0.628453,-0.003679,0.001219,0.009355,0.009355,1,0,1,fixed,1,1,0,0,3.000000,4.000000
43,logistic,1,4,27,0,0,2,3.017468,113.000000,0.377184,27,0.690938,27,0,0,0,0.690938,0.690938,0.000000,0.000000,0.690938,-0.000978,0,61,1,0,27,20,33,113.000000,72.500000,18.000000,0.369321,0.237221,0.366090,0.001219,-0.001216,0.017031,0.017031,1,0,1,fixed,1,1,0,0,3.000000,4.000000
43,logistic,1,4,28,1,1,1,2.240615,72.500000,0.746872,20,0.690938,27,0,1,0,0.690938,0.690938,0.000000,0.000000,0.690938,-0.000978,0,61,1,-1,27,20,33,113.000000,72.500000,18.000000,0.950431,0.659868,0.724905,-0.003612,0.001219,0.010725,0.010725,1,0,1,fixed,1,1,0,0,3.000000,4.000000
43,logistic,1,4,29,0,0,2,2.934329,113.000000,0.366791,27,0.690938,27,0,0,0,0.690938,0.690938,0.000000,0.000000,0.690938,-0.000978,0,61,1,0,27,20,33,113.000000,72.500000,18.000000,0.369721,0.237221,0.356003,0.001219,-0.001233,0.016529,0.016529,1,0,1,fixed,1,1,0,0,3.000000,4.000000
43,logistic,1,4,30,0,0,2,3.015369,113.000000,0.376921,27,0.690938,27,0,0,0,0.690938,0.690938,0.000000,0.000000,0.690938,-0.000978,0,61,1,0,27,20,33,113.000000,72.500000,18.000000,0.369331,0.237221,0.365835,0.001219,-0.001216,0.017019,0.017019,1,0,1,fixed,1,1,0,0,3.000000,4.000000
43,logistic,1,4,31,2,2,4,0.000000,18.000000,2.222222,33,0.690938,27,0,2,0,0.690938,0.690938,0.000000,0.000000,0.690938,-0.000978,0,61,1,-1,27,20,33,113.000000,72.500000,18.000000,0.353982,0.551724,2.222222,-0.027924,-0.015540,0.001219,0.000000,1,0,1,fixed,1,1,0,0,3.000000,4.000000
43,logistic,1,4,32,2,2,4,0.000000,18.000000,2.222222,33,0.690938,27,0,2,0,0.690938,0.690938,0.000000,0.000000,0.690938,-0.000978,0,61,1,-1,27,20,33,113.000000,72.500000,18.000000,0.353982,0.551724,2.222222,-0.027924,-0.015540,0.001219,0.000000,1,0,1,fixed,1,1,0,0,3.000000,4.000000
43,logistic,1,4,33,2,2,4,0.000000,18.000000,2.222222,33,0.690938,27,0,2,0,0.690938,0.690938,0.000000,0.000000,0.690938,-0.000978,0,61,1,-1,27,20,33,113.000000,72.500000,18.000000,0.353982,0.551724,2.222222,-0.027924,-0.015540,0.001219,0.000000,1,0,1,fixed,1,1,0,0,3.000000,4.000000
43,logistic,1,4,34,2,2,4,0.000000,18.000000,2.222222,33,0.690938,27,0,2,0,0.690938,0.690938,0.000000,0.000000,0.690938,-0.000978,0,61,1,-1,27,20,33,113.000000,72.500000,18.000000,0.353982,0.551724,2.222222,-0.027924,-0.015540,0.001219,0.000000,1,0,1,fixed,1,1,0,0,3.000000,4.000000
43,logistic,1,4,35,0,0,2,2.934381,113.000000,0.366798,27,0.690938,27,0,0,0,0.690938,0.690938,0.000000,0.000000,0.690938,-0.000978,0,61,1,0,27,20,33,113.000000,72.500000,18.000000,0.369720,0.237221,0.356009,0.001219,-0.001233,0.016529,0.016529,1,0,1,fixed,1,1,0,0,3.000000,4.000000
43,logistic,1,4,36,0,0,2,3.014276,113.000000,0.376785,27,0.690938,27,0,0,0,0.690938,0.690938,0.000000,0.000000,0.690938,-0.000978,0,61,1,0,27,20,33,113.000000,72.500000,18.000000,0.369336,0.237221,0.365703,0.001219,-0.001217,0.017012,0.017012,1,0,1,fixed,1,1,0,0,3.000000,4.000000
43,logistic,1,4,37,2,2,4,0.000000,18.000000,2.222222,33,0.690938,27,0,2,0,0.690938,0.690938,0.000000,0.000000,0.690938,-0.000978,0,61,1,-1,27,20,33,113.000000,72.500000,18.000000,0.353982,0.551724,2.222222,-0.027924,-0.015540,0.001219,0.000000,1,0,1,fixed,1,1,0,0,3.000000,4.000000
43,logistic,1,4,38,1,1,1,2.075096,72.500000,0.691699,20,0.690938,27,0,1,0,0.690938,0.690938,0.000000,0.000000,0.690938,-0.000978,0,61,1,-1,27,20,33,113.000000,72.500000,18.000000,0.950431,0.662772,0.671355,-0.003649,0.001219,0.010009,0.010009,1,0,1,fixed,1,1,0,0,3.000000,4.000000
43,logistic,1,4,39,2,2,4,0.000000,18.000000,2.222222,33,0.690938,27,0,2,0,0.690938,0.690938,0.000000,0.000000,0.690938,-0.000978,0,61,1,-1,27,20,33,113.000000,72.500000,18.000000,0.353982,0.551724,2.222222,-0.027924,-0.015540,0.001219,0.000000,1,0,1,fixed,1,1,0,0,3.000000,4.000000
43,logistic,1,4,40,1,1,1,2.000528,72.500000,0.666843,20,0.690938,27,0,1,0,0.690938,0.690938,0.000000,0.000000,0.690938,-0.000978,0,61,1,-1,27,20,33,113.000000,72.500000,18.000000,0.950431,0.664080,0.647230,-0.003666,0.001219,0.009651,0.009651,1,0,1,fixed,1,1,0,0,3.000000,4.000000
43,logistic,1,4,41,2,2,4,0.000000,18.000000,2.222222,33,0.690938,27,0,2,0,0.690938,0.690938,0.000000,0.000000,0.690938,-0.000978,0,61,1,-1,27,20,33,113.000000,72.500000,18.000000,0.353982,0.551724,2.222222,-0.027924,-0.015540,0.001219,0.000000,1,0,1,fixed,1,1,0,0,3.000000,4.000000
43,logistic,1,4,42,1,1,1,2.175285,72.500000,0.725095,20,0.690938,27,0,1,0,0.690938,0.690938,0.000000,0.000000,0.690938,-0.000978,0,61,1,-1,27,20,33,113.000000,72.500000,18.000000,0.950431,0.661014,0.703769,-0.003627,0.001219,0.010454,0.010454,1,0,1,fixed,1,1,0,0,3.000000,4.000000
43,logistic,1,4,43,0,0,2,2.973726,113.000000,0.371716,27,0.690938,27,0,0,0,0.690938,0.690938,0.000000,0.000000,0.690938,-0.000978,0,61,1,0,27,20,33,113.000000,72.500000,18.000000,0.369531,0.237221,0.360783,0.001219,-0.001225,0.016770,0.016770,1,0,1,fixed,1,1,0,0,3.000000,4.000000
43,logistic,1,4,44,0,0,2,2.936551,113.000000,0.367069,27,0.690938,27,0,0,0,0.690938,0.690938,0.000000,0.000000,0.690938,-0.000978,0,61,1,0,27,20,33,113.000000,72.500000,18.000000,0.369710,0.237221,0.356273,0.001219,-0.001232,0.016543,0.016543,1,0,1,fixed,1,1,0,0,3.000000,4.000000
43,logistic,1,4,45,0,0,2,2.936581,113.000000,0.367073,27,0.690938,27,0,0,0,0.690938,0.690938,0.000000,0.000000,0.690938,-0.000978,0,61,1,0,27,20,33,113.000000,72.500000,18.000000,0.369710,0.237221,0.356276,0.001219,-0.001232,0.016543,0.016543,1,0,1,fixed,1,1,0,0,3.000000,4.000000
43,logistic,1,4,46,0,0,2,3.020742,113.000000,0.377593,27,0.690938,27,0,0,0,0.690938,0.690938,0.000000,0.000000,0.690938,-0.000978,0,61,1,0,27,20,33,113.000000,72.500000,18.000000,0.369305,0.237221,0.366487,0.001219,-0.001215,0.017050,0.017050,1,0,1,fixed,1,1,0,0,3.000000,4.000000
43,logistic,1,4,47,0,0,2,2.936558,113.000000,0.367070,27,0.690938,27,0,0,0,0.690938,0.690938,0.000000,0.000000,0.690938,-0.000978,0,61,1,0,27,20,33,113.000000,72.500000,18.000000,0.369710,0.237221,0.356274,0.001219,-0.001232,0.016543,0.016543,1,0,1,fixed,1,1,0,0,3.000000,4.000000
43,logistic,1,4,48,2,2,4,0.000000,18.000000,2.222222,33,0.690938,27,0,2,0,0.690938,0.690938,0.000000,0.000000,0.690938,-0.000978,0,61,1,-1,27,20,33,113.000000,72.500000,18.000000,0.353982,0.551724,2.222222,-0.027924,-0.015540,0.001219,0.000000,1,0,1,fixed,1,1,0,0,3.000000,4.000000
43,logistic,1,4,49,2,2,4,0.000000,18.000000,2.222222,33,0.690938,27,0,2,0,0.690938,0.690938,0.000000,0.000000,0.690938,-0.000978,0,61,1,-1,27,20,33,113.000000,72.500000,18.000000,0.353982,0.551724,2.222222,-0.027924,-0.015540,0.001219,0.000000,1,0,1,fixed,1,1,0,0,3.000000,4.000000
43,logistic,1,4,50,2,2,4,0.000000,18.000000,2.222222,33,0.690938,27,0,2,0,0.690938,0.690938,0.000000,0.000000,0.690938,-0.000978,0,61,1,-1,27,20,33,113.000000,72.500000,18.000000,0.353982,0.551724,2.222222,-0.027924,-0.015540,0.001219,0.000000,1,0,1,fixed,1,1,0,0,3.000000,4.000000
43,logistic,1,4,51,1,1,1,1.892434,72.500000,0.630811,20,0.690938,27,0,1,0,0.690938,0.690938,0.000000,0.000000,0.690938,-0.000978,0,61,1,-1,27,20,33,113.000000,72.500000,18.000000,0.950431,0.665976,0.612258,-0.003690,0.001219,0.009085,0.009085,1,0,1,fixed,1,1,0,0,3.000000,4.000000
43,logistic,1,4,52,0,0,2,2.936582,113.000000,0.367073,27,0.690938,27,0,0,0,0.690938,0.690938,0.000000,0.000000,0.690938,-0.000978,0,61,1,0,27,20,33,113.000000,72.500000,18.000000,0.369710,0.237221,0.356276,0.001219,-0.001232,0.016543,0.016543,1,0,1,fixed,1,1,0,0,3.000000,4.000000
43,logistic,1,4,53,2,2,4,0.000000,18.000000,2.222222,33,0.690938,27,0,2,0,0.690938,0.690938,0.000000,0.000000,0.690938,-0.000978,0,61,1,-1,27,20,33,113.000000,72.500000,18.000000,0.353982,0.551724,2.222222,-0.027924,-0.015540,0.001219,0.000000,1,0,1,fixed,1,1,0,0,3.000000,4.000000
43,logistic,1,4,54,0,0,2,2.936645,113.000000,0.367081,27,0.690938,27,0,0,0,0.690938,0.690938,0.000000,0.000000,0.690938,-0.000978,0,61,1,0,27,20,33,113.000000,72.500000,18.000000,0.369709,0.237221,0.356284,0.001219,-0.001232,0.016543,0.016543,1,0,1,fixed,1,1,0,0,3.000000,4.000000
43,logistic,1,4,55,0,0,2,2.935524,113.000000,0.366941,27,0.690938,27,0,0,0,0.690938,0.690938,0.000000,0.000000,0.690938,-0.000978,0,61,1,0,27,20,33,113.000000,72.500000,18.000000,0.369715,0.237221,0.356148,0.001219,-0.001233,0.016536,0.016536,1,0,1,fixed,1,1,0,0,3.000000,4.000000
43,logistic,1,4,56,0,0,2,2.935484,113.000000,0.366935,27,0.690938,27,0,0,0,0.690938,0.690938,0.000000,0.000000,0.690938,-0.000978,0,61,1,0,27,20,33,113.000000,72.500000,18.000000,0.369715,0.237221,0.356143,0.001219,-0.001233,0.016536,0.016536,1,0,1,fixed,1,1,0,0,3.000000,4.000000
43,logistic,1,4,57,2,2,4,0.000000,18.000000,2.222222,33,0.690938,27,0,2,0,0.690938,0.690938,0.000000,0.000000,0.690938,-0.000978,0,61,1,-1,27,20,33,113.000000,72.500000,18.000000,0.353982,0.551724,2.222222,-0.027924,-0.015540,0.001219,0.000000,1,0,1,fixed,1,1,0,0,3.000000,4.000000
43,logistic,1,4,58,0,0,2,3.029432,113.000000,0.378679,27,0.690938,27,0,0,0,0.690938,0.690938,0.000000,0.000000,0.690938,-0.000978,0,61,1,0,27,20,33,113.000000,72.500000,18.000000,0.369263,0.237221,0.367541,0.001219,-0.001214,0.017101,0.017101,1,0,1,fixed,1,1,0,0,3.000000,4.000000
43,logistic,1,4,59,2,2,4,0.000000,18.000000,2.222222,33,0.690938,27,0,2,0,0.690938,0.690938,0.000000,0.000000,0.690938,-0.000978,0,61,1,-1,27,20,33,113.000000,72.500000,18.000000,0.353982,0.551724,2.222222,-0.027924,-0.015540,0.001219,0.000000,1,0,1,fixed,1,1,0,0,3.000000,4.000000
43,logistic,1,4,60,1,1,1,1.830786,72.500000,0.610262,20,0.690938,27,0,1,0,0.690938,0.690938,0.000000,0.000000,0.690938,-0.000978,0,61,1,-1,27,20,33,113.000000,72.500000,18.000000,0.950431,0.667058,0.592313,-0.003704,0.001219,0.008734,0.008734,1,0,1,fixed,1,1,0,0,3.000000,4.000000
43,logistic,1,4,61,2,2,4,0.000000,18.000000,2.222222,33,0.690938,27,0,2,0,0.690938,0.690938,0.000000,0.000000,0.690938,-0.000978,0,61,1,-1,27,20,33,113.000000,72.500000,18.000000,0.353982,0.551724,2.222222,-0.027924,-0.015540,0.001219,0.000000,1,0,1,fixed,1,1,0,0,3.000000,4.000000
43,logistic,1,4,62,0,0,2,2.936557,113.000000,0.367070,27,0.690938,27,0,0,0,0.690938,0.690938,0.000000,0.000000,0.690938,-0.000978,0,61,1,0,27,20,33,113.000000,72.500000,18.000000,0.369710,0.237221,0.356273,0.001219,-0.001232,0.016543,0.016543,1,0,1,fixed,1,1,0,0,3.000000,4.000000
43,logistic,1,4,63,2,2,4,0.000000,18.000000,2.222222,33,0.690938,27,0,2,0,0.690938,0.690938,0.000000,0.000000,0.690938,-0.000978,0,61,1,-1,27,20,33,113.000000,72.500000,18.000000,0.353982,0.551724,2.222222,-0.027924,-0.015540,0.001219,0.000000,1,0,1,fixed,1,1,0,0,3.000000,4.000000
43,logistic,1,4,64,2,2,4,0.000000,18.000000,2.222222,33,0.690938,27,0,2,0,0.690938,0.690938,0.000000,0.000000,0.690938,-0.000978,0,61,1,-1,27,20,33,113.000000,72.500000,18.000000,0.353982,0.551724,2.222222,-0.027924,-0.015540,0.001219,0.000000,1,0,1,fixed,1,1,0,0,3.000000,4.000000
43,logistic,1,4,65,1,1,1,1.989569,72.500000,0.663190,20,0.690938,27,0,1,0,0.690938,0.690938,0.000000,0.000000,0.690938,-0.000978,0,61,1,-1,27,20,33,113.000000,72.500000,18.000000,0.950431,0.664272,0.643684,-0.003668,0.001219,0.009596,0.009596,1,0,1,fixed,1,1,0,0,3.000000,4.000000
43,logistic,1,4,66,2,2,3,0.000000,18.000000,5.555556,33,0.690938,27,0,2,0,0.690938,0.690938,0.000000,0.000000,0.690938,-0.000978,0,61,1,1,27,20,33,113.000000,72.500000,18.000000,0.884956,1.379310,5.555556,-0.020001,-0.010846,0.001219,0.000000,1,0,1,fixed,1,1,0,0,3.000000,4.000000
43,logistic,1,4,67,1,1,1,1.885714,72.500000,0.628571,20,0.690938,27,0,1,0,0.690938,0.690938,0.000000,0.000000,0.690938,-0.000978,0,61,1,-1,27,20,33,113.000000,72.500000,18.000000,0.950431,0.666094,0.610084,-0.003692,0.001219,0.009048,0.009048,1,0,1,fixed,1,1,0,0,3.000000,4.000000
43,logistic,1,4,68,1,1,1,1.984736,72.500000,0.661579,20,0.690938,27,0,1,0,0.690938,0.690938,0.000000,0.000000,0.690938,-0.000978,0,61,1,-1,27,20,33,113.000000,72.500000,18.000000,0.950431,0.664357,0.642120,-0.003670,0.001219,0.009572,0.009572,1,0,1,fixed,1,1,0,0,3.000000,4.000000
43,logistic,1,4,69,1,1,1,1.915038,72.500000,0.638346,20,0.690938,27,0,1,0,0.690938,0.690938,0.000000,0.000000,0.690938,-0.000978,0,61,1,-1,27,20,33,113.000000,72.500000,18.000000,0.950431,0.665580,0.619571,-0.003685,0.001219,0.009209,0.009209,1,0,1,fixed,1,1,0,0,3.000000,4.000000
43,logistic,1,4,70,0,0,2,2.936498,113.000000,0.367062,27,0.690938,27,0,0,0,0.690938,0.690938,0.000000,0.000000,0.690938,-0.000978,0,61,1,0,27,20,33,113.000000,72.500000,18.000000,0.369710,0.237221,0.356266,0.001219,-0.001232,0.016542,0.016542,1,0,1,fixed,1,1,0,0,3.000000,4.000000
43,logistic,1,4,71,0,0,2,2.986865,113.000000,0.373358,27,0.690938,27,0,0,0,0.690938,0.690938,0.000000,0.000000,0.690938,-0.000978,0,61,1,0,27,20,33,113.000000,72.500000,18.000000,0.369468,0.237221,0.362377,0.001219,-0.001222,0.016849,0.016849,1,0,1,fixed,1,1,0,0,3.000000,4.000000
43,logistic,1,4,72,1,1,1,1.777583,72.500000,0.592528,20,0.690938,27,0,1,0,0.690938,0.690938,0.000000,0.000000,0.690938,-0.000978,0,61,1,-1,27,20,33,113.000000,72.500000,18.000000,0.950431,0.667991,0.575101,-0.003715,0.001219,0.008413,0.008413,1,0,1,fixed,1,1,0,0,3.000000,4.000000
43,logistic,1,4,73,0,0,2,2.936522,113.000000,0.367065,27,0.690938,27,0,0,0,0.690938,0.690938,0.000000,0.000000,0.690938,-0.000978,0,61,1,0,27,20,33,113.000000,72.500000,18.000000,0.369710,0.237221,0.356269,0.001219,-0.001232,0.016542,0.016542,1,0,1,fixed,1,1,0,0,3.000000,4.000000
43,logistic,1,4,74,1,1,1,2.147794,72.500000,0.715931,20,0.690938,27,0,1,0,0.690938,0.690938,0.000000,0.000000,0.690938,-0.000978,0,61,1,-1,27,20,33,113.000000,72.500000,18.000000,0.950431,0.661496,0.694875,-0.003633,0.001219,0.010336,0.010336,1,0,1,fixed,1,1,0,0,3.000000,4.000000
43,logistic,1,4,75,0,0,2,2.936511,113.000000,0.367064,27,0.690938,27,0,0,0,0.690938,0.690938,0.000000,0.000000,0.690938,-0.000978,0,61,1,0,27,20,33,113.000000,72.500000,18.000000,0.369710,0.237221,0.356268,0.001219,-0.001232,0.016542,0.016542,1,0,1,fixed,1,1,0,0,3.000000,4.000000
43,logistic,1,4,76,1,1,1,2.010913,72.500000,0.670304,20,0.690938,27,0,1,0,0.690938,0.690938,0.000000,0.000000,0.690938,-0.000978,0,61,1,-1,27,20,33,113.000000,72.500000,18.000000,0.950431,0.663898,0.650590,-0.003664,0.001219,0.009703,0.009703,1,0,1,fixed,1,1,0,0,3.000000,4.000000
43,logistic,1,4,77,0,0,2,2.936534,113.000000,0.367067,27,0.690938,27,0,0,0,0.690938,0.690938,0.000000,0.000000,0.690938,-0.000978,0,61,1,0,27,20,33,113.000000,72.500000,18.000000,0.369710,0.237221,0.356271,0.001219,-0.001232,0.016542,0.016542,1,0,1,fixed,1,1,0,0,3.000000,4.000000
43,logistic,1,4,78,1,1,1,1.918703,72.500000,0.639568,20,0.690938,27,0,1,0,0.690938,0.690938,0.000000,0.000000,0.690938,-0.000978,0,61,1,-1,27,20,33,113.000000,72.500000,18.000000,0.950431,0.665515,0.620757,-0.003684,0.001219,0.009228,0.009228,1,0,1,fixed,1,1,0,0,3.000000,4.000000
43,logistic,1,4,79,1,1,1,2.192927,72.500000,0.730976,20,0.690938,27,0,1,0,0.690938,0.690938,0.000000,0.000000,0.690938,-0.000978,0,61,1,-1,27,20,33,113.000000,72.500000,18.000000,0.950431,0.660704,0.709476,-0.003623,0.001219,0.010529,0.010529,1,0,1,fixed,1,1,0,0,3.000000,4.000000
43,logistic,1,4,80,2,2,3,0.000000,18.000000,5.555556,33,0.690938,27,0,2,0,0.690938,0.690938,0.000000,0.000000,0.690938,-0.000978,0,61,1,1,27,20,33,113.000000,72.500000,18.000000,0.884956,1.379310,5.555556,-0.020001,-0.010846,0.001219,0.000000,1,0,1,fixed,1,1,0,0,3.000000,4.000000
43,logistic,1,5,1,2,2,4,0.000000,17.833300,2.242995,33,0.690473,27,0,2,0,0.690473,0.690473,0.000000,0.000000,0.690473,-0.000464,0,21,1,-1,27,20,33,113.000000,72.333300,17.833300,0.353982,0.552996,2.242995,-0.026896,-0.014468,0.002324,0.000000,1,0,1,fixed,1,1,0,0,3.000000,4.000000
43,logistic,1,5,2,2,2,3,0.000000,17.833300,5.607487,33,0.690473,27,0,2,0,0.690473,0.690473,0.000000,0.000000,0.690473,-0.000464,0,21,1,1,27,20,33,113.000000,72.333300,17.833300,0.884956,1.382489,5.607487,-0.018944,-0.009766,0.002324,0.000000,1,0,1,fixed,1,1,0,0,3.000000,4.000000
43,logistic,1,5,3,2,2,3,0.000000,17.833300,5.607487,33,0.690473,27,0,2,0,0.690473,0.690473,0.000000,0.000000,0.690473,-0.000464,0,21,1,1,27,20,33,113.000000,72.333300,17.833300,0.884956,1.382489,5.607487,-0.018944,-0.009766,0.002324,0.000000,1,0,1,fixed,1,1,0,0,3.000000,4.000000
43,logistic,1,5,4,2,2,3,0.000000,17.833300,5.607487,33,0.690473,27,0,2,0,0.690473,0.690473,0.000000,0.000000,0.690473,-0.000464,0,21,1,1,27,20,33,113.000000,72.333300,17.833300,0.884956,1.382489,5.607487,-0.018944,-0.009766,0.002324,0.000000,1,0,1,fixed,1,1,0,0,3.000000,4.000000
43,logistic,1,5,5,2,2,4,0.000000,17.833300,2.242995,33,0.690473,27,0,2,0,0.690473,0.690473,0.000000,0.000000,0.690473,-0.000464,0,21,1,-1,27,20,33,113.000000,72.333300,17.833300,0.353982,0.552996,2.242995,-0.026896,-0.014468,0.002324,0.000000,1,0,1,fixed,1,1,0,0,3.000000,4.000000
43,logistic,1,5,6,0,0,2,2.929964,113.000000,0.366245,27,0.690473,27,1,0,0,0.690473,0.690473,0.000000,0.000000,0.690473,-0.000464,0,21,1,0,27,20,33,113.000000,72.333300,17.833300,0.369734,0.237171,0.355474,0.002324,-0.000140,0.017636,0.017636,1,0,1,fixed,1,1,0,0,3.000000,4.000000
43,logistic,1,5,7,0,0,2,2.972679,113.000000,0.371585,27,0.690473,27,0,0,0,0.690473,0.690473,0.000000,0.000000,0.690473,-0.000464,0,21,1,0,27,20,33,113.000000,72.333300,17.833300,0.369529,0.237171,0.360656,0.002324,-0.000131,0.017898,0.017898,1,0,1,fixed,1,1,0,0,3.000000,4.000000
43,logistic,1,5,8,2,2,4,0.000000,17.833300,2.242995,33,0.690473,27,0,2,0,0.690473,0.690473,0.000000,0.000000,0.690473,-0.000464,0,21,1,-1,27,20,33,113.000000,72.333300,17.833300,0.353982,0.552996,2.242995,-0.026896,-0.014468,0.002324,0.000000,1,0,1,fixed,1,1,0,0,3.000000,4.000000
43,logistic,1,5,9,2,2,3,0.000000,17.833300,5.607487,33,0.690473,27,0,2,0,0.690473,0.690473,0.000000,0.000000,0.690473,-0.000464,0,21,1,1,27,20,33,113.000000,72.333300,17.833300,0.884956,1.382489,5.607487,-0.018944,-0.009766,0.002324,0.000000,1,0,1,fixed,1,1,0,0,3.000000,4.000000
43,logistic,1,5,10,1,1,1,2.456802,72.333300,0.818934,20,0.690473,27,0,1,0,0.690473,0.690473,0.000000,0.000000,0.690473,-0.000464,0,21,1,-1,27,20,33,113.000000,72.333300,17.833300,0.950413,0.655928,0.794848,-0.002463,0.002324,0.012652,0.012652,1,0,1,fixed,1,1,0,0,3.000000,4.000000
43,logistic,1,5,11,1,1,1,1.607065,72.333300,0.535688,20,0.690473,27,0,1,0,0.690473,0.690473,0.000000,0.000000,0.690473,-0.000464,0,21,1,-1,27,20,33,113.000000,72.333300,17.833300,0.950413,0.670836,0.519933,-0.002654,0.002324,0.008368,0.008368,1,0,1,fixed,1,1,0,0,3.000000,4.000000
43,logistic,1,5,12,2,2,4,0.000000,17.833300,2.242995,33,0.690473,27,0,2,0,0.690473,0.690473,0.000000,0.000000,0.690473,-0.000464,0,21,1,-1,27,20,33,113.000000,72.333300,17.833300,0.353982,0.552996,2.242995,-0.026896,-0.014468,0.002324,0.000000,1,0,1,fixed,1,1,0,0,3.000000,4.000000
43,logistic,1,5,13,2,2,4,0.000000,17.833300,2.242995,33,0.690473,27,0,2,0,0.690473,0.690473,0.000000,0.000000,0.690473,-0.000464,0,21,1,-1,27,20,33,113.000000,72.333300,17.833300,0.353982,0.552996,2.242995,-0.026896,-0.014468,0.002324,0.000000,1,0,1,fixed,1,1,0,0,3.000000,4.000000
43,logistic,1,5,14,0,0,2,2.938702,113.000000,0.367338,27,0.690473,27,0,0,0,0.690473,0.690473,0.000000,0.000000,0.690473,-0.000464,0,21,1,0,27,20,33,113.000000,72.333300,17.833300,0.369692,0.237171,0.356534,0.002324,-0.000138,0.017690,0.017690,1,0,1,fixed,1,1,0,0,3.000000,4.000000
43,logistic,1,5,15,0,0,2,2.939883,113.000000,0.367485,27,0.690473,27,0,0,0,0.690473,0.690473,0.000000,0.000000,0.690473,-0.000464,0,21,1,0,27,20,33,113.000000,72.333300,17.833300,0.369686,0.237171,0.356677,0.002324,-0.000138,0.017697,0.017697,1,0,1,fixed,1,1,0,0,3.000000,4.000000
43,logistic,1,5,16,2,2,4,0.000000,17.833300,2.242995,33,0.690473,27,0,2,0,0.690473,0.690473,0.000000,0.000000,0.690473,-0.000464,0,21,1,-1,27,20,33,113.000000,72.333300,17.833300,0.353982,0.552996,2.242995,-0.026896,-0.014468,0.002324,0.000000,1,0,1,fixed,1,1,0,0,3.000000,4.000000
43,logistic,1,5,17,2,2,3,0.000000,17.833300,5.607487,33,0.690473,27,0,2,0,0.690473,0.690473,0.000000,0.000000,0.690473,-0.000464,0,21,1,1,27,20,33,113.000000,72.333300,17.833300,0.884956,1.382489,5.607487,-0.018944,-0.009766,0.002324,0.000000,1,0,1,fixed,1,1,0,0,3.000000,4.000000
43,logistic,1,5,18,0,0,2,2.939918,113.000000,0.367490,27,0.690473,27,0,0,0,0.690473,0.690473,0.000000,0.000000,0.690473,-0.000464,0,21,1,0,27,20,33,113.000000,72.333300,17.833300,0.369686,0.237171,0.356681,0.002324,-0.000138,0.017698,0.017698,1,0,1,fixed,1,1,0,0,3.000000,4.000000
43,logistic,1,5,19,2,2,3,0.000000,17.833300,5.607487,33,0.690473,27,0,2,0,0.690473,0.690473,0.000000,0.000000,0.690473,-0.000464,0,21,1,1,27,20,33,113.000000,72.333300,17.833300,0.884956,1.382489,5.607487,-0.018944,-0.009766,0.002324,0.000000,1,0,1,fixed,1,1,0,0,3.000000,4.000000
43,logistic,1,5,20,2,2,4,0.000000,17.833300,2.242995,33,0.690473,27,0,2,0,0.690473,0.690473,0.000000,0.000000,0.690473,-0.000464,0,21,1,-1,27,20,33,113.000000,72.333300,17.833300,0.353982,0.552996,2.242995,-0.026896,-0.014468,0.002324,0.000000,1,0,1,fixed,1,1,0,0,3.000000,4.000000
43,logistic,1,5,21,2,2,3,0.000000,17.833300,5.607487,33,0.690473,27,0,2,0,0.690473,0.690473,0.000000,0.000000,0.690473,-0.000464,0,21,1,1,27,20,33,113.000000,72.333300,17.833300,0.884956,1.382489,5.607487,-0.018944,-0.009766,0.002324,0.000000,1,0,1,fixed,1,1,0,0,3.000000,4.000000
43,logistic,1,5,22,0,0,2,2.939894,113.000000,0.367487,27,0.690473,27,0,0,0,0.690473,0.690473,0.000000,0.000000,0.690473,-0.000464,0,21,1,0,27,20,33,113.000000,72.333300,17.833300,0.369686,0.237171,0.356678,0.002324,-0.000138,0.017697,0.017697,1,0,1,fixed,1,1,0,0,3.000000,4.000000
43,logistic,1,5,23,1,1,1,1.710346,72.333300,0.570115,20,0.690473,27,0,1,0,0.690473,0.690473,0.000000,0.000000,0.690473,-0.000464,0,21,1,-1,27,20,33,113.000000,72.333300,17.833300,0.950413,0.669024,0.553347,-0.002631,0.002324,0.009102,0.009102,1,0,1,fixed,1,1,0,0,3.000000,4.000000
43,logistic,1,5,24,2,2,4,0.000000,17.833300,2.242995,33,0.690473,27,0,2,0,0.690473,0.690473,0.000000,0.000000,0.690473,-0.000464,0,21,1,-1,27,20,33,113.000000,72.333300,17.833300,0.353982,0.552996,2.242995,-0.026896,-0.014468,0.002324,0.000000,1,0,1,fixed,1,1,0,0,3.000000,4.000000
43,logistic,1,5,25,1,1,1,2.134853,72.333300,0.711618,20,0.690473,27,0,1,0,0.690473,0.690473,0.000000,0.000000,0.690473,-0.000464,0,21,1,-1,27,20,33,113.000000,72.333300,17.833300,0.950413,0.661576,0.690688,-0.002537,0.002324,0.011405,0.011405,1,0,1,fixed,1,1,0,0,3.000000,4.000000
43,logistic,1,5,26,1,1,1,1.512856,72.333300,0.504285,20,0.690473,27,0,1,0,0.690473,0.690473,0.000000,0.000000,0.690473,-0.000464,0,21,1,-1,27,20,33,113.000000,72.333300,17.833300,0.950413,0.672488,0.489453,-0.002674,0.002324,0.007617,0.007617,1,0,1,fixed,1,1,0,0,3.000000,4.000000
43,logistic,1,5,27,0,0,2,3.016404,113.000000,0.377051,27,0.690473,27,0,0,0,0.690473,0.690473,0.000000,0.000000,0.690473,-0.000464,0,21,1,0,27,20,33,113.000000,72.333300,17.833300,0.369319,0.237171,0.365961,0.002324,-0.000123,0.018160,0.018160,1,0,1,fixed,1,1,0,0,3.000000,4.000000
43,logistic,1,5,28,1,1,1,2.071281,72.333300,0.690427,20,0.690473,27,0,1,0,0.690473,0.690473,0.000000,0.000000,0.690473,-0.000464,0,21,1,-1,27,20,33,113.000000,72.333300,17.833300,0.950413,0.662691,0.670120,-0.002551,0.002324,0.011117,0.011117,1,0,1,fixed,1,1,0,0,3.000000,4.000000
43,logistic,1,5,29,0,0,2,2.939917,113.000000,0.367490,27,0.690473,27,0,0,0,0.690473,0.690473,0.000000,0.000000,0.690473,-0.000464,0,21,1,0,27,20,33,113.000000,72.333300,17.833300,0.369686,0.237171,0.356681,0.002324,-0.000138,0.017698,0.017698,1,0,1,fixed,1,1,0,0,3.000000,4.000000
43,logistic,1,5,30,0,0,2,3.009763,113.000000,0.376220,27,0.690473,27,0,0,0,0.690473,0.690473,0.000000,0.000000,0.690473,-0.000464,0,21,1,0,27,20,33,113.000000,72.333300,17.833300,0.369351,0.237171,0.365155,0.002324,-0.000124,0.018121,0.018121,1,0,1,fixed,1,1,0,0,3.000000,4.000000
43,logistic,1,5,31,2,2,4,0.000000,17.833300,2.242995,33,0.690473,27,0,2,0,0.690473,0.690473,0.000000,0.000000,0.690473,-0.000464,0,21,1,-1,27,20,33,113.000000,72.333300,17.833300,0.353982,0.552996,2.242995,-0.026896,-0.014468,0.002324,0.000000,1,0,1,fixed,1,1,0,0,3.000000,4.000000
43,logistic,1,5,32,2,2,4,0.000000,17.833300,2.242995,33,0.690473,27,0,2,0,0.690473,0.690473,0.000000,0.000000,0.690473,-0.000464,0,21,1,-1,27,20,33,113.000000,72.333300,17.833300,0.353982,0.552996,2.242995,-0.026896,-0.014468,0.002324,0.000000,1,0,1,fixed,1,1,0,0,3.000000,4.000000
43,logistic,1,5,33,2,2,4,0.000000,17.833300,2.242995,33,0.690473,27,0,2,0,0.690473,0.690473,0.000000,0.000000,0.690473,-0.000464,0,21,1,-1,27,20,33,113.000000,72.333300,17.833300,0.353982,0.552996,2.242995,-0.026896,-0.014468,0.002324,0.000000,1,0,1,fixed,1,1,0,0,3.000000,4.000000
43,logistic,1,5,34,2,2,4,0.000000,17.833300,2.242995,33,0.690473,27,0,2,0,0.690473,0.690473,0.000000,0.000000,0.690473,-0.000464,0,21,1,-1,27,20,33,113.000000,72.333300,17.833300,0.353982,0.552996,2.242995,-0.026896,-0.014468,0.002324,0.000000,1,0,1,fixed,1,1,0,0,3.000000,4.000000
43,logistic,1,5,35,0,0,2,2.939876,113.000000,0.367485,27,0.690473,27,0,0,0,0.690473,0.690473,0.000000,0.000000,0.690473,-0.000464,0,21,1,0,27,20,33,113.000000,72.333300,17.833300,0.369686,0.237171,0.356676,0.002324,-0.000138,0.017697,0.017697,1,0,1,fixed,1,1,0,0,3.000000,4.000000
43,logistic,1,5,36,0,0,2,2.983573,113.000000,0.372947,27,0.690473,27,0,0,0,0.690473,0.690473,0.000000,0.000000,0.690473,-0.000464,0,21,1,0,27,20,33,113.000000,72.333300,17.833300,0.369476,0.237171,0.361978,0.002324,-0.000129,0.017964,0.017964,1,0,1,fixed,1,1,0,0,3.000000,4.000000
43,logistic,1,5,37,2,2,4,0.000000,17.833300,2.242995,33,0.690473,27,0,2,0,0.690473,0.690473,0.000000,0.000000,0.690473,-0.000464,0,21,1,-1,27,20,33,113.000000,72.333300,17.833300,0.353982,0.552996,2.242995,-0.026896,-0.014468,0.002324,0.000000,1,0,1,fixed,1,1,0,0,3.000000,4.000000
43,logistic,1,5,38,1,1,1,2.086554,72.333300,0.695518,20,0.690473,27,0,1,0,0.690473,0.690473,0.000000,0.000000,0.690473,-0.000464,0,21,1,-1,27,20,33,113.000000,72.333300,17.833300,0.950413,0.662423,0.675062,-0.002547,0.002324,0.011188,0.011188,1,0,1,fixed,1,1,0,0,3.000000,4.000000
43,logistic,1,5,39,2,2,4,0.000000,17.833300,2.242995,33,0.690473,27,0,2,0,0.690473,0.690473,0.000000,0.000000,0.690473,-0.000464,0,21,1,-1,27,20,33,113.000000,72.333300,17.833300,0.353982,0.552996,2.242995,-0.026896,-0.014468,0.002324,0.000000,1,0,1,fixed,1,1,0,0,3.000000,4.000000
43,logistic,1,5,40,1,1,1,2.299798,72.333300,0.766599,20,0.690473,27,0,1,0,0.690473,0.690473,0.000000,0.000000,0.690473,-0.000464,0,21,1,-1,27,20,33,113.000000,72.333300,17.833300,0.950413,0.658682,0.744052,-0.002499,0.002324,0.012084,0.012084,1,0,1,fixed,1,1,0,0,3.000000,4.000000
43,logistic,1,5,41,2,2,4,0.000000,17.833300,2.242995,33,0.690473,27,0,2,0,0.690473,0.690473,0.000000,0.000000,0.690473,-0.000464,0,21,1,-1,27,20,33,113.000000,72.333300,17.833300,0.353982,0.552996,2.242995,-0.026896,-0.014468,0.002324,0.000000,1,0,1,fixed,1,1,0,0,3.000000,4.000000
43,logistic,1,5,42,1,1,1,1.979109,72.333300,0.659703,20,0.690473,27,0,1,0,0.690473,0.690473,0.000000,0.000000,0.690473,-0.000464,0,21,1,-1,27,20,33,113.000000,72.333300,17.833300,0.950413,0.664308,0.640300,-0.002572,0.002324,0.010668,0.010668,1,0,1,fixed,1,1,0,0,3.000000,4.000000
43,logistic,1,5,43,0,0,2,2.937598,113.000000,0.367200,27,0.690473,27,0,0,0,0.690473,0.690473,0.000000,0.000000,0.690473,-0.000464,0,21,1,0,27,20,33,113.000000,72.333300,17.833300,0.369697,0.237171,0.356400,0.002324,-0.000139,0.017683,0.017683,1,0,1,fixed,1,1,0,0,3.000000,4.000000
43,logistic,1,5,44,0,0,2,2.938801,113.000000,0.367350,27,0.690473,27,0,0,0,0.690473,0.690473,0.000000,0.000000,0.690473,-0.000464,0,21,1,0,27,20,33,113.000000,72.333300,17.833300,0.369692,0.237171,0.356546,0.002324,-0.000138,0.017691,0.017691,1,0,1,fixed,1,1,0,0,3.000000,4.000000
43,logistic,1,5,45,0,0,2,2.938814,113.000000,0.367352,27,0.690473,27,0,0,0,0.690473,0.690473,0.000000,0.000000,0.690473,-0.000464,0,21,1,0,27,20,33,113.000000,72.333300,17.833300,0.369692,0.237171,0.356547,0.002324,-0.000138,0.017691,0.017691,1,0,1,fixed,1,1,0,0,3.000000,4.000000
43,logistic,1,5,46,0,0,2,2.978084,113.000000,0.372261,27,0.690473,27,0,0,0,0.690473,0.690473,0.000000,0.000000,0.690473,-0.000464,0,21,1,0,27,20,33,113.000000,72.333300,17.833300,0.369503,0.237171,0.361312,0.002324,-0.000130,0.017931,0.017931,1,0,1,fixed,1,1,0,0,3.000000,4.000000
43,logistic,1,5,47,0,0,2,2.938754,113.000000,0.367344,27,0.690473,27,0,0,0,0.690473,0.690473,0.000000,0.000000,0.690473,-0.000464,0,21,1,0,27,20,33,113.000000,72.333300,17.833300,0.369692,0.237171,0.356540,0.002324,-0.000138,0.017690,0.017690,1,0,1,fixed,1,1,0,0,3.000000,4.000000
43,logistic,1,5,48,2,2,4,0.000000,17.833300,2.242995,33,0.690473,27,0,2,0,0.690473,0.690473,0.000000,0.000000,0.690473,-0.000464,0,21,1,-1,27,20,33,113.000000,72.333300,17.833300,0.353982,0.552996,2.242995,-0.026896,-0.014468,0.002324,0.000000,1,0,1,fixed,1,1,0,0,3.000000,4.000000
43,logistic,1,5,49,2,2,4,0.000000,17.833300,2.242995,33,0.690473,27,0,2,0,0.690473,0.690473,0.000000,0.000000,0.690473,-0.000464,0,21,1,-1,27,20,33,113.000000,72.333300,17.833300,0.353982,0.552996,2.242995,-0.026896,-0.014468,0.002324,0.000000,1,0,1,fixed,1,1,0,0,3.000000,4.000000
43,logistic,1,5,50,2,2,4,0.000000,17.833300,2.242995,33,0.690473,27,0,2,0,0.690473,0.690473,0.000000,0.000000,0.690473,-0.000464,0,21,1,-1,27,20,33,113.000000,72.333300,17.833300,0.353982,0.552996,2.242995,-0.026896,-0.014468,0.002324,0.000000,1,0,1,fixed,1,1,0,0,3.000000,4.000000
43,logistic,1,5,51,1,1,1,2.070745,72.333300,0.690248,20,0.690473,27,0,1,0,0.690473,0.690473,0.000000,0.000000,0.690473,-0.000464,0,21,1,-1,27,20,33,113.000000,72.333300,17.833300,0.950413,0.662701,0.669947,-0.002551,0.002324,0.011114,0.011114,1,0,1,fixed,1,1,0,0,3.000000,4.000000
43,logistic,1,5,52,0,0,2,2.937614,113.000000,0.367202,27,0.690473,27,0,0,0,0.690473,0.690473,0.000000,0.000000,0.690473,-0.000464,0,21,1,0,27,20,33,113.000000,72.333300,17.833300,0.369697,0.237171,0.356402,0.002324,-0.000139,0.017683,0.017683,1,0,1,fixed,1,1,0,0,3.000000,4.000000
43,logistic,1,5,53,2,2,4,0.000000,17.833300,2.242995,33,0.690473,27,0,2,0,0.690473,0.690473,0.000000,0.000000,0.690473,-0.000464,0,21,1,-1,27,20,33,113.000000,72.333300,17.833300,0.353982,0.552996,2.242995,-0.026896,-0.014468,0.002324,0.000000,1,0,1,fixed,1,1,0,0,3.000000,4.000000
43,logistic,1,5,54,0,0,2,2.975905,113.000000,0.371988,27,0.690473,27,0,0,0,0.690473,0.690473,0.000000,0.000000,0.690473,-0.000464,0,21,1,0,27,20,33,113.000000,72.333300,17.833300,0.369513,0.237171,0.361047,0.002324,-0.000131,0.017918,0.017918,1,0,1,fixed,1,1,0,0,3.000000,4.000000
43,logistic,1,5,55,0,0,2,2.938724,113.000000,0.367341,27,0.690473,27,0,0,0,0.690473,0.690473,0.000000,0.000000,0.690473,-0.000464,0,21,1,0,27,20,33,113.000000,72.333300,17.833300,0.369692,0.237171,0.356536,0.002324,-0.000138,0.017690,0.017690,1,0,1,fixed,1,1,0,0,3.000000,4.000000
43,logistic,1,5,56,0,0,2,2.937510,113.000000,0.367189,27,0.690473,27,0,0,0,0.690473,0.690473,0.000000,0.000000,0.690473,-0.000464,0,21,1,0,27,20,33,113.000000,72.333300,17.833300,0.369698,0.237171,0.356389,0.002324,-0.000139,0.017683,0.017683,1,0,1,fixed,1,1,0,0,3.000000,4.000000
43,logistic,1,5,57,2,2,4,0.000000,17.833300,2.242995,33,0.690473,27,0,2,0,0.690473,0.690473,0.000000,0.000000,0.690473,-0.000464,0,21,1,-1,27,20,33,113.000000,72.333300,17.833300,0.353982,0.552996,2.242995,-0.026896,-0.014468,0.002324,0.000000,1,0,1,fixed,1,1,0,0,3.000000,4.000000
43,logistic,1,5,58,0,0,2,2.952923,113.000000,0.369115,27,0.690473,27,0,0,0,0.690473,0.690473,0.000000,0.000000,0.690473,-0.000464,0,21,1,0,27,20,33,113.000000,72.333300,17.833300,0.369624,0.237171,0.358259,0.002324,-0.000135,0.017778,0.017778,1,0,1,fixed,1,1,0,0,3.000000,4.000000
43,logistic,1,5,59,2,2,4,0.000000,17.833300,2.242995,33,0.690473,27,0,2,0,0.690473,0.690473,0.000000,0.000000,0.690473,-0.000464,0,21,1,-1,27,20,33,113.000000,72.333300,17.833300,0.353982,0.552996,2.242995,-0.026896,-0.014468,0.002324,0.000000,1,0,1,fixed,1,1,0,0,3.000000,4.000000
43,logistic,1,5,60,1,1,1,2.101253,72.333300,0.700418,20,0.690473,27,0,1,0,0.690473,0.690473,0.000000,0.000000,0.690473,-0.000464,0,21,1,-1,27,20,33,113.000000,72.333300,17.833300,0.950413,0.662166,0.679817,-0.002544,0.002324,0.011255,0.011255,1,0,1,fixed,1,1,0,0,3.000000,4.000000
43,logistic,1,5,61,2,2,4,0.000000,17.833300,2.242995,33,0.690473,27,0,2,0,0.690473,0.690473,0.000000,0.000000,0.690473,-0.000464,0,21,1,-1,27,20,33,113.000000,72.333300,17.833300,0.353982,0.552996,2.242995,-0.026896,-0.014468,0.002324,0.000000,1,0,1,fixed,1,1,0,0,3.000000,4.000000
43,logistic,1,5,62,0,0,2,2.936528,113.000000,0.367066,27,0.690473,27,0,0,0,0.690473,0.690473,0.000000,0.000000,0.690473,-0.000464,0,21,1,0,27,20,33,113.000000,72.333300,17.833300,0.369703,0.237171,0.356270,0.002324,-0.000139,0.017677,0.017677,1,0,1,fixed,1,1,0,0,3.000000,4.000000
43,logistic,1,5,63,2,2,4,0.000000,17.833300,2.242995,33,0.690473,27,0,2,0,0.690473,0.690473,0.000000,0.000000,0.690473,-0.000464,0,21,1,-1,27,20,33,113.000000,72.333300,17.833300,0.353982,0.552996,2.242995,-0.026896,-0.014468,0.002324,0.000000,1,0,1,fixed,1,1,0,0,3.000000,4.000000
43,logistic,1,5,64,2,2,4,0.000000,17.833300,2.242995,33,0.690473,27,0,2,0,0.690473,0.690473,0.000000,0.000000,0.690473,-0.000464,0,21,1,-1,27,20,33,113.000000,72.333300,17.833300,0.353982,0.552996,2.242995,-0.026896,-0.014468,0.002324,0.000000,1,0,1,fixed,1,1,0,0,3.000000,4.000000
43,logistic,1,5,65,1,1,1,1.894728,72.333300,0.631576,20,0.690473,27,0,1,0,0.690473,0.690473,0.000000,0.000000,0.690473,-0.000464,0,21,1,-1,27,20,33,113.000000,72.333300,17.833300,0.950413,0.665789,0.613000,-0.002590,0.002324,0.010221,0.010221,1,0,1,fixed,1,1,0,0,3.000000,4.000000
43,logistic,1,5,66,2,2,3,0.000000,17.833300,5.607487,33,0.690473,27,0,2,0,0.690473,0.690473,0.000000,0.000000,0.690473,-0.000464,0,21,1,1,27,20,33,113.000000,72.333300,17.833300,0.884956,1.382489,5.607487,-0.018944,-0.009766,0.002324,0.000000,1,0,1,fixed,1,1,0,0,3.000000,4.000000
43,logistic,1,5,67,1,1,1,2.054899,72.333300,0.684966,20,0.690473,27,0,1,0,0.690473,0.690473,0.000000,0.000000,0.690473,-0.000464,0,21,1,-1,27,20,33,113.000000,72.333300,17.833300,0.950413,0.662979,0.664820,-0.002555,0.002324,0.011040,0.011040,1,0,1,fixed,1,1,0,0,3.000000,4.000000
43,logistic,1,5,68,1,1,1,2.131188,72.333300,0.710396,20,0.690473,27,0,1,0,0.690473,0.690473,0.000000,0.000000,0.690473,-0.000464,0,21,1,-1,27,20,33,113.000000,72.333300,17.833300,0.950413,0.661640,0.689502,-0.002537,0.002324,0.011389,0.011389,1,0,1,fixed,1,1,0,0,3.000000,4.000000
43,logistic,1,5,69,1,1,1,1.875200,72.333300,0.625067,20,0.690473,27,0,1,0,0.690473,0.690473,0.000000,0.000000,0.690473,-0.000464,0,21,1,-1,27,20,33,113.000000,72.333300,17.833300,0.950413,0.666131,0.606682,-0.002595,0.002324,0.010113,0.010113,1,0,1,fixed,1,1,0,0,3.000000,4.000000
43,logistic,1,5,70,0,0,2,2.971515,113.000000,0.371439,27,0.690473,27,0,0,0,0.690473,0.690473,0.000000,0.000000,0.690473,-0.000464,0,21,1,0,27,20,33,113.000000,72.333300,17.833300,0.369534,0.237171,0.360515,0.002324,-0.000132,0.017891,0.017891,1,0,1,fixed,1,1,0,0,3.000000,4.000000
43,logistic,1,5,71,0,0,2,2.985769,113.000000,0.373221,27,0.690473,27,0,0,0,0.690473,0.690473,0.000000,0.000000,0.690473,-0.000464,0,21,1,0,27,20,33,113.000000,72.333300,17.833300,0.369466,0.237171,0.362244,0.002324,-0.000129,0.017977,0.017977,1,0,1,fixed,1,1,0,0,3.000000,4.000000
43,logistic,1,5,72,1,1,1,1.770140,72.333300,0.590047,20,0.690473,27,0,1,0,0.690473,0.690473,0.000000,0.000000,0.690473,-0.000464,0,21,1,-1,27,20,33,113.000000,72.333300,17.833300,0.950413,0.667975,0.572692,-0.002618,0.002324,0.009489,0.009489,1,0,1,fixed,1,1,0,0,3.000000,4.000000
43,logistic,1,5,73,0,0,2,2.971503,113.000000,0.371438,27,0.690473,27,0,0,0,0.690473,0.690473,0.000000,0.000000,0.690473,-0.000464,0,21,1,0,27,20,33,113.000000,72.333300,17.833300,0.369534,0.237171,0.360513,0.002324,-0.000132,0.017891,0.017891,1,0,1,fixed,1,1,0,0,3.000000,4.000000
43,logistic,1,5,74,1,1,1,2.131724,72.333300,0.710575,20,0.690473,27,0,1,0,0.690473,0.690473,0.000000,0.000000,0.690473,-0.000464,0,21,1,-1,27,20,33,113.000000,72.333300,17.833300,0.950413,0.661631,0.689675,-0.002537,0.002324,0.011391,0.011391,1,0,1,fixed,1,1,0,0,3.000000,4.000000
43,logistic,1,5,75,0,0,2,2.971468,113.000000,0.371434,27,0.690473,27,0,0,0,0.690473,0.690473,0.000000,0.000000,0.690473,-0.000464,0,21,1,0,27,20,33,113.000000,72.333300,17.833300,0.369535,0.237171,0.360509,0.002324,-0.000132,0.017891,0.017891,1,0,1,fixed,1,1,0,0,3.000000,4.000000
43,logistic,1,5,76,1,1,1,1.974795,72.333300,0.658265,20,0.690473,27,0,1,0,0.690473,0.690473,0.000000,0.000000,0.690473,-0.000464,0,21,1,-1,27,20,33,113.000000,72.333300,17.833300,0.950413,0.664384,0.638904,-0.002573,0.002324,0.010646,0.010646,1,0,1,fixed,1,1,0,0,3.000000,4.000000
43,logistic,1,5,77,0,0,2,2.972585,113.000000,0.371573,27,0.690473,27,0,0,0,0.690473,0.690473,0.000000,0.000000,0.690473,-0.000464,0,21,1,0,27,20,33,113.000000,72.333300,17.833300,0.369529,0.237171,0.360644,0.002324,-0.000132,0.017898,0.017898,1,0,1,fixed,1,1,0,0,3.000000,4.000000
43,logistic,1,5,78,1,1,1,1.929625,72.333300,0.643208,20,0.690473,27,0,1,0,0.690473,0.690473,0.000000,0.000000,0.690473,-0.000464,0,21,1,-1,27,20,33,113.000000,72.333300,17.833300,0.950413,0.665177,0.624290,-0.002583,0.002324,0.010411,0.010411,1,0,1,fixed,1,1,0,0,3.000000,4.000000
43,logistic,1,5,79,1,1,1,2.051732,72.333300,0.683911,20,0.690473,27,0,1,0,0.690473,0.690473,0.000000,0.000000,0.690473,-0.000464,0,21,1,-1,27,20,33,113.000000,72.333300,17.833300,0.950413,0.663034,0.663796,-0.002555,0.002324,0.011025,0.011025,1,0,1,fixed,1,1,0,0,3.000000,4.000000
43,logistic,1,5,80,2,2,3,0.000000,17.833300,5.607487,33,0.690473,27,0,2,0,0.690473,0.690473,0.000000,0.000000,0.690473,-0.000464,0,21,1,1,27,20,33,113.000000,72.333300,17.833300,0.884956,1.382489,5.607487,-0.018944,-0.009766,0.002324,0.000000,1,0,1,fixed,1,1,0,0,3.000000,4.000000
