seed,method,max_switches,cycle_id,ue_id,previous_bs_id,current_bs_id,app_type,tp_mbps,rtt_ms,satisfaction,num_users_on_current_bs,harmonic_mean,num_unsatisfied_users,target_ue_flag,action_selected_bs_id,switch_flag,h_before,h_after_estimated,reward,estimated_reward,h_after_measured,measured_reward,switch_count,num_degraded_users,measurement_valid,candidate_type,num_users_ap0,num_users_ap1,num_users_ap2,monitor_rtt_ap0,monitor_rtt_ap1,monitor_rtt_ap2,estimated_satisfaction_if_ap0,estimated_satisfaction_if_ap1,estimated_satisfaction_if_ap2,estimated_h_delta_if_ap0,estimated_h_delta_if_ap1,estimated_h_delta_if_ap2,best_estimated_h_delta,effective_max_switches,applied_switches_in_cycle,remaining_switch_budget,k_schedule_type,k_max,k_min,k_decay_rate,stop_action_flag,warmup_before_cycle_sec,cycle_start_offset_sec
1010,logistic,8,1,1,2,2,2,1.058998,67.666700,0.132375,30,0.376004,39,0,0,1,0.376004,0.376004,0.000000,0.000000,0.376004,0.000000,54,0,1,0,25,25,30,100.333000,85.333300,67.666700,0.704104,0.349093,0.132124,0.015858,0.012116,0.000078,0.015858,8,54,0,fixed,8,8,0,0,3.000000,4.000000
1010,logistic,8,1,2,2,2,2,1.034881,67.666700,0.129360,30,0.376004,39,1,0,1,0.376004,0.376004,0.000000,0.000000,0.376004,0.000000,54,0,1,0,25,25,30,100.333000,85.333300,67.666700,0.704104,0.349093,0.132375,0.015832,0.012090,0.000078,0.015832,8,54,0,fixed,8,8,0,0,3.000000,4.000000
1010,logistic,8,1,3,1,1,2,2.904925,85.333300,0.363116,25,0.376004,39,0,0,1,0.376004,0.376004,0.000000,0.000000,0.376004,0.000000,54,0,1,0,25,25,30,100.333000,85.333300,67.666700,0.704104,0.363050,0.127880,0.003194,0.000078,-0.012436,0.003194,8,54,0,fixed,8,8,0,0,3.000000,4.000000
1010,logistic,8,1,4,1,1,2,2.904842,85.333300,0.363105,25,0.376004,39,0,0,1,0.376004,0.376004,0.000000,0.000000,0.376004,0.000000,54,0,1,0,25,25,30,100.333000,85.333300,67.666700,0.704104,0.363051,0.127880,0.003194,0.000078,-0.012436,0.003194,8,54,0,fixed,8,8,0,0,3.000000,4.000000
1010,logistic,8,1,5,2,2,3,0.000000,67.666700,1.477832,30,0.376004,39,0,2,0,0.376004,0.376004,0.000000,0.000000,0.376004,0.000000,54,0,1,1,25,25,30,100.333000,85.333300,67.666700,0.996681,1.171875,1.477832,0.004267,0.003592,0.000078,0.004267,8,54,0,fixed,8,8,0,0,3.000000,4.000000
1010,logistic,8,1,6,2,2,4,0.000000,67.666700,0.591133,30,0.376004,39,0,1,1,0.376004,0.376004,0.000000,0.000000,0.376004,0.000000,54,0,1,-1,25,25,30,100.333000,85.333300,67.666700,0.398672,0.468750,0.591133,0.003384,0.003116,0.000078,0.003384,8,54,0,fixed,8,8,0,0,3.000000,4.000000
1010,logistic,8,1,7,2,2,4,0.000000,67.666700,0.591133,30,0.376004,39,0,1,1,0.376004,0.376004,0.000000,0.000000,0.376004,0.000000,54,0,1,-1,25,25,30,100.333000,85.333300,67.666700,0.398672,0.468750,0.591133,0.003384,0.003116,0.000078,0.003384,8,54,0,fixed,8,8,0,0,3.000000,4.000000
1010,logistic,8,1,8,1,1,4,0.000000,85.333300,0.468750,25,0.376004,39,0,1,0,0.376004,0.376004,0.000000,0.000000,0.376004,0.000000,54,0,1,0,25,25,30,100.333000,85.333300,67.666700,0.398672,0.468750,0.591133,0.000342,0.000078,-0.002911,0.000342,8,54,0,fixed,8,8,0,0,3.000000,4.000000
1010,logistic,8,1,9,1,1,4,0.000000,85.333300,0.468750,25,0.376004,39,0,1,0,0.376004,0.376004,0.000000,0.000000,0.376004,0.000000,54,0,1,0,25,25,30,100.333000,85.333300,67.666700,0.398672,0.468750,0.591133,0.000342,0.000078,-0.002911,0.000342,8,54,0,fixed,8,8,0,0,3.000000,4.000000
1010,logistic,8,1,10,1,1,2,2.904817,85.333300,0.363102,25,0.376004,39,0,0,1,0.376004,0.376004,0.000000,0.000000,0.376004,0.000000,54,0,1,0,25,25,30,100.333000,85.333300,67.666700,0.704104,0.363051,0.127880,0.003194,0.000078,-0.012436,0.003194,8,54,0,fixed,8,8,0,0,3.000000,4.000000
1010,logistic,8,1,11,0,0,2,5.696050,100.333000,0.712006,25,0.376004,39,0,0,0,0.376004,0.376004,0.000000,0.000000,0.376004,0.000000,54,0,1,-1,25,25,30,100.333000,85.333300,67.666700,0.734519,0.349093,0.127880,0.000078,-0.003567,-0.015485,0.000000,8,54,0,fixed,8,8,0,0,3.000000,4.000000
1010,logistic,8,1,12,2,2,2,1.058939,67.666700,0.132367,30,0.376004,39,0,0,1,0.376004,0.376004,0.000000,0.000000,0.376004,0.000000,54,0,1,0,25,25,30,100.333000,85.333300,67.666700,0.704104,0.349093,0.132124,0.015858,0.012116,0.000078,0.015858,8,54,0,fixed,8,8,0,0,3.000000,4.000000
1010,logistic,8,1,13,0,0,4,0.000000,100.333000,0.398672,25,0.376004,39,0,1,1,0.376004,0.376004,0.000000,0.000000,0.376004,0.000000,54,0,1,0,25,25,30,100.333000,85.333300,67.666700,0.398672,0.468750,0.591133,0.000078,-0.000185,-0.003171,0.000000,8,54,0,fixed,8,8,0,0,3.000000,4.000000
1010,logistic,8,1,14,0,0,2,5.696086,100.333000,0.712011,25,0.376004,39,0,0,0,0.376004,0.376004,0.000000,0.000000,0.376004,0.000000,54,0,1,-1,25,25,30,100.333000,85.333300,67.666700,0.734518,0.349093,0.127880,0.000078,-0.003567,-0.015485,0.000000,8,54,0,fixed,8,8,0,0,3.000000,4.000000
1010,logistic,8,1,15,0,0,2,5.697179,100.333000,0.712147,25,0.376004,39,0,0,0,0.376004,0.376004,0.000000,0.000000,0.376004,0.000000,54,0,1,-1,25,25,30,100.333000,85.333300,67.666700,0.734503,0.349093,0.127880,0.000078,-0.003567,-0.015485,0.000000,8,54,0,fixed,8,8,0,0,3.000000,4.000000
1010,logistic,8,1,16,0,0,4,0.000000,100.333000,0.398672,25,0.376004,39,0,1,1,0.376004,0.376004,0.000000,0.000000,0.376004,0.000000,54,0,1,0,25,25,30,100.333000,85.333300,67.666700,0.398672,0.468750,0.591133,0.000078,-0.000185,-0.003171,0.000000,8,54,0,fixed,8,8,0,0,3.000000,4.000000
1010,logistic,8,1,17,1,1,4,0.000000,85.333300,0.468750,25,0.376004,39,0,1,0,0.376004,0.376004,0.000000,0.000000,0.376004,0.000000,54,0,1,0,25,25,30,100.333000,85.333300,67.666700,0.398672,0.468750,0.591133,0.000342,0.000078,-0.002911,0.000342,8,54,0,fixed,8,8,0,0,3.000000,4.000000
1010,logistic,8,1,18,2,2,4,0.000000,67.666700,0.591133,30,0.376004,39,0,1,1,0.376004,0.376004,0.000000,0.000000,0.376004,0.000000,54,0,1,-1,25,25,30,100.333000,85.333300,67.666700,0.398672,0.468750,0.591133,0.003384,0.003116,0.000078,0.003384,8,54,0,fixed,8,8,0,0,3.000000,4.000000
1010,logistic,8,1,19,0,0,4,0.000000,100.333000,0.398672,25,0.376004,39,0,1,1,0.376004,0.376004,0.000000,0.000000,0.376004,0.000000,54,0,1,0,25,25,30,100.333000,85.333300,67.666700,0.398672,0.468750,0.591133,0.000078,-0.000185,-0.003171,0.000000,8,54,0,fixed,8,8,0,0,3.000000,4.000000
1010,logistic,8,1,20,1,1,2,2.903774,85.333300,0.362972,25,0.376004,39,0,0,1,0.376004,0.376004,0.000000,0.000000,0.376004,0.000000,54,0,1,0,25,25,30,100.333000,85.333300,67.666700,0.704104,0.363066,0.127880,0.003194,0.000078,-0.012436,0.003194,8,54,0,fixed,8,8,0,0,3.000000,4.000000
1010,logistic,8,1,21,2,2,4,0.000000,67.666700,0.591133,30,0.376004,39,0,1,1,0.376004,0.376004,0.000000,0.000000,0.376004,0.000000,54,0,1,-1,25,25,30,100.333000,85.333300,67.666700,0.398672,0.468750,0.591133,0.003384,0.003116,0.000078,0.003384,8,54,0,fixed,8,8,0,0,3.000000,4.000000
1010,logistic,8,1,22,0,0,3,0.000000,100.333000,0.996681,25,0.376004,39,0,2,1,0.376004,0.376004,0.000000,0.000000,0.376004,0.000000,54,0,1,-1,25,25,30,100.333000,85.333300,67.666700,0.996681,1.171875,1.477832,0.000078,-0.000582,-0.004020,0.000000,8,54,0,fixed,8,8,0,0,3.000000,4.000000
1010,logistic,8,1,23,0,0,1,3.522119,100.333000,1.174040,25,0.376004,39,0,0,0,0.376004,0.376004,0.000000,0.000000,0.376004,0.000000,54,0,1,-1,25,25,30,100.333000,85.333300,67.666700,1.168683,1.095934,0.873462,0.000078,-0.001006,-0.005141,0.000000,8,54,0,fixed,8,8,0,0,3.000000,4.000000
1010,logistic,8,1,24,1,1,2,2.904913,85.333300,0.363114,25,0.376004,39,0,0,1,0.376004,0.376004,0.000000,0.000000,0.376004,0.000000,54,0,1,0,25,25,30,100.333000,85.333300,67.666700,0.704104,0.363050,0.127880,0.003194,0.000078,-0.012436,0.003194,8,54,0,fixed,8,8,0,0,3.000000,4.000000
1010,logistic,8,1,25,0,0,2,5.698248,100.333000,0.712281,25,0.376004,39,0,0,0,0.376004,0.376004,0.000000,0.000000,0.376004,0.000000,54,0,1,-1,25,25,30,100.333000,85.333300,67.666700,0.734488,0.349093,0.127880,0.000078,-0.003567,-0.015485,0.000000,8,54,0,fixed,8,8,0,0,3.000000,4.000000
1010,logistic,8,1,26,2,2,3,0.000000,67.666700,1.477832,30,0.376004,39,0,2,0,0.376004,0.376004,0.000000,0.000000,0.376004,0.000000,54,0,1,1,25,25,30,100.333000,85.333300,67.666700,0.996681,1.171875,1.477832,0.004267,0.003592,0.000078,0.004267,8,54,0,fixed,8,8,0,0,3.000000,4.000000
1010,logistic,8,1,27,1,1,4,0.000000,85.333300,0.468750,25,0.376004,39,0,1,0,0.376004,0.376004,0.000000,0.000000,0.376004,0.000000,54,0,1,0,25,25,30,100.333000,85.333300,67.666700,0.398672,0.468750,0.591133,0.000342,0.000078,-0.002911,0.000342,8,54,0,fixed,8,8,0,0,3.000000,4.000000
1010,logistic,8,1,28,0,0,4,0.000000,100.333000,0.398672,25,0.376004,39,0,1,1,0.376004,0.376004,0.000000,0.000000,0.376004,0.000000,54,0,1,0,25,25,30,100.333000,85.333300,67.666700,0.398672,0.468750,0.591133,0.000078,-0.000185,-0.003171,0.000000,8,54,0,fixed,8,8,0,0,3.000000,4.000000
1010,logistic,8,1,29,0,0,2,5.697155,100.333000,0.712144,25,0.376004,39,0,0,0,0.376004,0.376004,0.000000,0.000000,0.376004,0.000000,54,0,1,-1,25,25,30,100.333000,85.333300,67.666700,0.734504,0.349093,0.127880,0.000078,-0.003567,-0.015485,0.000000,8,54,0,fixed,8,8,0,0,3.000000,4.000000
1010,logistic,8,1,30,2,2,3,0.000000,67.666700,1.477832,30,0.376004,39,0,2,0,0.376004,0.376004,0.000000,0.000000,0.376004,0.000000,54,0,1,1,25,25,30,100.333000,85.333300,67.666700,0.996681,1.171875,1.477832,0.004267,0.003592,0.000078,0.004267,8,54,0,fixed,8,8,0,0,3.000000,4.000000
1010,logistic,8,1,31,2,2,2,1.058904,67.666700,0.132363,30,0.376004,39,0,0,1,0.376004,0.376004,0.000000,0.000000,0.376004,0.000000,54,0,1,0,25,25,30,100.333000,85.333300,67.666700,0.704104,0.349093,0.132125,0.015858,0.012116,0.000078,0.015858,8,54,0,fixed,8,8,0,0,3.000000,4.000000
1010,logistic,8,1,32,0,0,4,0.000000,100.333000,0.398672,25,0.376004,39,0,1,1,0.376004,0.376004,0.000000,0.000000,0.376004,0.000000,54,0,1,0,25,25,30,100.333000,85.333300,67.666700,0.398672,0.468750,0.591133,0.000078,-0.000185,-0.003171,0.000000,8,54,0,fixed,8,8,0,0,3.000000,4.000000
1010,logistic,8,1,33,2,2,1,2.639094,67.666700,0.879698,30,0.376004,39,0,0,1,0.376004,0.376004,0.000000,0.000000,0.376004,0.000000,54,0,1,-1,25,25,30,100.333000,85.333300,67.666700,1.125022,1.095934,0.925457,0.005141,0.004149,0.000078,0.005141,8,54,0,fixed,8,8,0,0,3.000000,4.000000
1010,logistic,8,1,34,2,2,4,0.000000,67.666700,0.591133,30,0.376004,39,0,1,1,0.376004,0.376004,0.000000,0.000000,0.376004,0.000000,54,0,1,-1,25,25,30,100.333000,85.333300,67.666700,0.398672,0.468750,0.591133,0.003384,0.003116,0.000078,0.003384,8,54,0,fixed,8,8,0,0,3.000000,4.000000
1010,logistic,8,1,35,2,2,4,0.000000,67.666700,0.591133,30,0.376004,39,0,1,1,0.376004,0.376004,0.000000,0.000000,0.376004,0.000000,54,0,1,-1,25,25,30,100.333000,85.333300,67.666700,0.398672,0.468750,0.591133,0.003384,0.003116,0.000078,0.003384,8,54,0,fixed,8,8,0,0,3.000000,4.000000
1010,logistic,8,1,36,2,2,4,0.000000,67.666700,0.591133,30,0.376004,39,0,1,1,0.376004,0.376004,0.000000,0.000000,0.376004,0.000000,54,0,1,-1,25,25,30,100.333000,85.333300,67.666700,0.398672,0.468750,0.591133,0.003384,0.003116,0.000078,0.003384,8,54,0,fixed,8,8,0,0,3.000000,4.000000
1010,logistic,8,1,37,2,2,2,1.058929,67.666700,0.132366,30,0.376004,39,0,0,1,0.376004,0.376004,0.000000,0.000000,0.376004,0.000000,54,0,1,0,25,25,30,100.333000,85.333300,67.666700,0.704104,0.349093,0.132124,0.015858,0.012116,0.000078,0.015858,8,54,0,fixed,8,8,0,0,3.000000,4.000000
1010,logistic,8,1,38,2,2,2,1.059010,67.666700,0.132376,30,0.376004,39,0,0,1,0.376004,0.376004,0.000000,0.000000,0.376004,0.000000,54,0,1,0,25,25,30,100.333000,85.333300,67.666700,0.704104,0.349093,0.132123,0.015858,0.012116,0.000078,0.015858,8,54,0,fixed,8,8,0,0,3.000000,4.000000
1010,logistic,8,1,39,2,2,4,0.000000,67.666700,0.591133,30,0.376004,39,0,1,1,0.376004,0.376004,0.000000,0.000000,0.376004,0.000000,54,0,1,-1,25,25,30,100.333000,85.333300,67.666700,0.398672,0.468750,0.591133,0.003384,0.003116,0.000078,0.003384,8,54,0,fixed,8,8,0,0,3.000000,4.000000
1010,logistic,8,1,40,0,0,2,5.696038,100.333000,0.712005,25,0.376004,39,0,0,0,0.376004,0.376004,0.000000,0.000000,0.376004,0.000000,54,0,1,-1,25,25,30,100.333000,85.333300,67.666700,0.734519,0.349093,0.127880,0.000078,-0.003567,-0.015485,0.000000,8,54,0,fixed,8,8,0,0,3.000000,4.000000
1010,logistic,8,1,41,1,1,1,3.506744,85.333300,1.168915,25,0.376004,39,0,0,1,0.376004,0.376004,0.000000,0.000000,0.376004,0.000000,54,0,1,-1,25,25,30,100.333000,85.333300,67.666700,1.125022,1.125200,0.873462,0.000943,0.000078,-0.004183,0.000943,8,54,0,fixed,8,8,0,0,3.000000,4.000000
1010,logistic,8,1,42,2,2,2,1.058976,67.666700,0.132372,30,0.376004,39,0,0,1,0.376004,0.376004,0.000000,0.000000,0.376004,0.000000,54,0,1,0,25,25,30,100.333000,85.333300,67.666700,0.704104,0.349093,0.132124,0.015858,0.012116,0.000078,0.015858,8,54,0,fixed,8,8,0,0,3.000000,4.000000
1010,logistic,8,1,43,2,2,2,1.059045,67.666700,0.132381,30,0.376004,39,0,0,1,0.376004,0.376004,0.000000,0.000000,0.376004,0.000000,54,0,1,0,25,25,30,100.333000,85.333300,67.666700,0.704104,0.349093,0.132123,0.015859,0.012116,0.000078,0.015859,8,54,0,fixed,8,8,0,0,3.000000,4.000000
1010,logistic,8,1,44,1,1,3,0.000000,85.333300,1.171875,25,0.376004,39,0,2,1,0.376004,0.376004,0.000000,0.000000,0.376004,0.000000,54,0,1,-1,25,25,30,100.333000,85.333300,67.666700,0.996681,1.171875,1.477832,0.000741,0.000078,-0.003372,0.000741,8,54,0,fixed,8,8,0,0,3.000000,4.000000
1010,logistic,8,1,45,1,1,2,2.902644,85.333300,0.362831,25,0.376004,39,0,0,1,0.376004,0.376004,0.000000,0.000000,0.376004,0.000000,54,0,1,0,25,25,30,100.333000,85.333300,67.666700,0.704104,0.363082,0.127880,0.003194,0.000078,-0.012436,0.003194,8,54,0,fixed,8,8,0,0,3.000000,4.000000
1010,logistic,8,1,46,0,0,3,0.000000,100.333000,0.996681,25,0.376004,39,0,2,1,0.376004,0.376004,0.000000,0.000000,0.376004,0.000000,54,0,1,-1,25,25,30,100.333000,85.333300,67.666700,0.996681,1.171875,1.477832,0.000078,-0.000582,-0.004020,0.000000,8,54,0,fixed,8,8,0,0,3.000000,4.000000
1010,logistic,8,1,47,2,2,2,1.059058,67.666700,0.132382,30,0.376004,39,0,0,1,0.376004,0.376004,0.000000,0.000000,0.376004,0.000000,54,0,1,0,25,25,30,100.333000,85.333300,67.666700,0.704104,0.349093,0.132123,0.015859,0.012116,0.000078,0.015859,8,54,0,fixed,8,8,0,0,3.000000,4.000000
1010,logistic,8,1,48,0,0,2,5.697155,100.333000,0.712144,25,0.376004,39,0,0,0,0.376004,0.376004,0.000000,0.000000,0.376004,0.000000,54,0,1,-1,25,25,30,100.333000,85.333300,67.666700,0.734504,0.349093,0.127880,0.000078,-0.003567,-0.015485,0.000000,8,54,0,fixed,8,8,0,0,3.000000,4.000000
1010,logistic,8,1,49,1,1,2,2.903842,85.333300,0.362980,25,0.376004,39,0,0,1,0.376004,0.376004,0.000000,0.000000,0.376004,0.000000,54,0,1,0,25,25,30,100.333000,85.333300,67.666700,0.704104,0.363065,0.127880,0.003194,0.000078,-0.012436,0.003194,8,54,0,fixed,8,8,0,0,3.000000,4.000000
1010,logistic,8,1,50,0,0,2,5.697131,100.333000,0.712141,25,0.376004,39,0,0,0,0.376004,0.376004,0.000000,0.000000,0.376004,0.000000,54,0,1,-1,25,25,30,100.333000,85.333300,67.666700,0.734504,0.349093,0.127880,0.000078,-0.003567,-0.015485,0.000000,8,54,0,fixed,8,8,0,0,3.000000,4.000000
1010,logistic,8,1,51,2,2,2,1.059069,67.666700,0.132384,30,0.376004,39,0,0,1,0.376004,0.376004,0.000000,0.000000,0.376004,0.000000,54,0,1,0,25,25,30,100.333000,85.333300,67.666700,0.704104,0.349093,0.132123,0.015859,0.012116,0.000078,0.015859,8,54,0,fixed,8,8,0,0,3.000000,4.000000
1010,logistic,8,1,52,1,1,3,0.000000,85.333300,1.171875,25,0.376004,39,0,2,1,0.376004,0.376004,0.000000,0.000000,0.376004,0.000000,54,0,1,-1,25,25,30,100.333000,85.333300,67.666700,0.996681,1.171875,1.477832,0.000741,0.000078,-0.003372,0.000741,8,54,0,fixed,8,8,0,0,3.000000,4.000000
1010,logistic,8,1,53,1,1,2,2.904911,85.333300,0.363114,25,0.376004,39,0,0,1,0.376004,0.376004,0.000000,0.000000,0.376004,0.000000,54,0,1,0,25,25,30,100.333000,85.333300,67.666700,0.704104,0.363050,0.127880,0.003194,0.000078,-0.012436,0.003194,8,54,0,fixed,8,8,0,0,3.000000,4.000000
1010,logistic,8,1,54,1,1,4,0.000000,85.333300,0.468750,25,0.376004,39,0,1,0,0.376004,0.376004,0.000000,0.000000,0.376004,0.000000,54,0,1,0,25,25,30,100.333000,85.333300,67.666700,0.398672,0.468750,0.591133,0.000342,0.000078,-0.002911,0.000342,8,54,0,fixed,8,8,0,0,3.000000,4.000000
1010,logistic,8,1,55,1,1,3,0.000000,85.333300,1.171875,25,0.376004,39,0,2,1,0.376004,0.376004,0.000000,0.000000,0.376004,0.000000,54,0,1,-1,25,25,30,100.333000,85.333300,67.666700,0.996681,1.171875,1.477832,0.000741,0.000078,-0.003372,0.000741,8,54,0,fixed,8,8,0,0,3.000000,4.000000
1010,logistic,8,1,56,2,2,4,0.000000,67.666700,0.591133,30,0.376004,39,0,1,1,0.376004,0.376004,0.000000,0.000000,0.376004,0.000000,54,0,1,-1,25,25,30,100.333000,85.333300,67.666700,0.398672,0.468750,0.591133,0.003384,0.003116,0.000078,0.003384,8,54,0,fixed,8,8,0,0,3.000000,4.000000
1010,logistic,8,1,57,0,0,2,6.502639,100.333000,0.812830,25,0.376004,39,0,0,0,0.376004,0.376004,0.000000,0.000000,0.376004,0.000000,54,0,1,-1,25,25,30,100.333000,85.333300,67.666700,0.723316,0.349093,0.127880,0.000078,-0.003532,-0.015453,0.000000,8,54,0,fixed,8,8,0,0,3.000000,4.000000
1010,logistic,8,1,58,2,2,3,0.000000,67.666700,1.477832,30,0.376004,39,0,2,0,0.376004,0.376004,0.000000,0.000000,0.376004,0.000000,54,0,1,1,25,25,30,100.333000,85.333300,67.666700,0.996681,1.171875,1.477832,0.004267,0.003592,0.000078,0.004267,8,54,0,fixed,8,8,0,0,3.000000,4.000000
1010,logistic,8,1,59,2,2,4,0.000000,67.666700,0.591133,30,0.376004,39,0,1,1,0.376004,0.376004,0.000000,0.000000,0.376004,0.000000,54,0,1,-1,25,25,30,100.333000,85.333300,67.666700,0.398672,0.468750,0.591133,0.003384,0.003116,0.000078,0.003384,8,54,0,fixed,8,8,0,0,3.000000,4.000000
1010,logistic,8,1,60,1,1,3,0.000000,85.333300,1.171875,25,0.376004,39,0,2,1,0.376004,0.376004,0.000000,0.000000,0.376004,0.000000,54,0,1,-1,25,25,30,100.333000,85.333300,67.666700,0.996681,1.171875,1.477832,0.000741,0.000078,-0.003372,0.000741,8,54,0,fixed,8,8,0,0,3.000000,4.000000
1010,logistic,8,1,61,2,2,1,2.776370,67.666700,0.925457,30,0.376004,39,0,0,1,0.376004,0.376004,0.000000,0.000000,0.376004,0.000000,54,0,1,-1,25,25,30,100.333000,85.333300,67.666700,1.125022,1.095934,0.879698,0.005240,0.004248,0.000078,0.005240,8,54,0,fixed,8,8,0,0,3.000000,4.000000
1010,logistic,8,1,62,1,1,1,3.504349,85.333300,1.168116,25,0.376004,39,0,0,1,0.376004,0.376004,0.000000,0.000000,0.376004,0.000000,54,0,1,-1,25,25,30,100.333000,85.333300,67.666700,1.125022,1.125599,0.873462,0.000943,0.000078,-0.004184,0.000943,8,54,0,fixed,8,8,0,0,3.000000,4.000000
1010,logistic,8,1,63,0,0,1,3.506290,100.333000,1.168763,25,0.376004,39,0,0,0,0.376004,0.376004,0.000000,0.000000,0.376004,0.000000,54,0,1,-1,25,25,30,100.333000,85.333300,67.666700,1.170442,1.095934,0.873462,0.000078,-0.001008,-0.005143,0.000000,8,54,0,fixed,8,8,0,0,3.000000,4.000000
1010,logistic,8,1,64,1,1,2,2.904912,85.333300,0.363114,25,0.376004,39,0,0,1,0.376004,0.376004,0.000000,0.000000,0.376004,0.000000,54,0,1,0,25,25,30,100.333000,85.333300,67.666700,0.704104,0.363050,0.127880,0.003194,0.000078,-0.012436,0.003194,8,54,0,fixed,8,8,0,0,3.000000,4.000000
1010,logistic,8,1,65,2,2,4,0.000000,67.666700,0.591133,30,0.376004,39,0,1,1,0.376004,0.376004,0.000000,0.000000,0.376004,0.000000,54,0,1,-1,25,25,30,100.333000,85.333300,67.666700,0.398672,0.468750,0.591133,0.003384,0.003116,0.000078,0.003384,8,54,0,fixed,8,8,0,0,3.000000,4.000000
1010,logistic,8,1,66,1,1,4,0.000000,85.333300,0.468750,25,0.376004,39,0,1,0,0.376004,0.376004,0.000000,0.000000,0.376004,0.000000,54,0,1,0,25,25,30,100.333000,85.333300,67.666700,0.398672,0.468750,0.591133,0.000342,0.000078,-0.002911,0.000342,8,54,0,fixed,8,8,0,0,3.000000,4.000000
1010,logistic,8,1,67,1,1,4,0.000000,85.333300,0.468750,25,0.376004,39,0,1,0,0.376004,0.376004,0.000000,0.000000,0.376004,0.000000,54,0,1,0,25,25,30,100.333000,85.333300,67.666700,0.398672,0.468750,0.591133,0.000342,0.000078,-0.002911,0.000342,8,54,0,fixed,8,8,0,0,3.000000,4.000000
1010,logistic,8,1,68,0,0,1,3.506290,100.333000,1.168763,25,0.376004,39,0,0,0,0.376004,0.376004,0.000000,0.000000,0.376004,0.000000,54,0,1,-1,25,25,30,100.333000,85.333300,67.666700,1.170442,1.095934,0.873462,0.000078,-0.001008,-0.005143,0.000000,8,54,0,fixed,8,8,0,0,3.000000,4.000000
1010,logistic,8,1,69,1,1,1,3.246849,85.333300,1.082283,25,0.376004,39,0,0,1,0.376004,0.376004,0.000000,0.000000,0.376004,0.000000,54,0,1,-1,25,25,30,100.333000,85.333300,67.666700,1.125022,1.168515,0.873462,0.000887,0.000078,-0.004238,0.000887,8,54,0,fixed,8,8,0,0,3.000000,4.000000
1010,logistic,8,1,70,0,0,4,0.000000,100.333000,0.398672,25,0.376004,39,0,1,1,0.376004,0.376004,0.000000,0.000000,0.376004,0.000000,54,0,1,0,25,25,30,100.333000,85.333300,67.666700,0.398672,0.468750,0.591133,0.000078,-0.000185,-0.003171,0.000000,8,54,0,fixed,8,8,0,0,3.000000,4.000000
1010,logistic,8,1,71,2,2,2,1.059022,67.666700,0.132378,30,0.376004,39,0,0,1,0.376004,0.376004,0.000000,0.000000,0.376004,0.000000,54,0,1,0,25,25,30,100.333000,85.333300,67.666700,0.704104,0.349093,0.132123,0.015859,0.012116,0.000078,0.015859,8,54,0,fixed,8,8,0,0,3.000000,4.000000
1010,logistic,8,1,72,1,1,4,0.000000,85.333300,0.468750,25,0.376004,39,0,1,0,0.376004,0.376004,0.000000,0.000000,0.376004,0.000000,54,0,1,0,25,25,30,100.333000,85.333300,67.666700,0.398672,0.468750,0.591133,0.000342,0.000078,-0.002911,0.000342,8,54,0,fixed,8,8,0,0,3.000000,4.000000
1010,logistic,8,1,73,0,0,1,3.505571,100.333000,1.168524,25,0.376004,39,0,0,0,0.376004,0.376004,0.000000,0.000000,0.376004,0.000000,54,0,1,-1,25,25,30,100.333000,85.333300,67.666700,1.170522,1.095934,0.873462,0.000078,-0.001009,-0.005143,0.000000,8,54,0,fixed,8,8,0,0,3.000000,4.000000
1010,logistic,8,1,74,1,1,2,2.904936,85.333300,0.363117,25,0.376004,39,0,0,1,0.376004,0.376004,0.000000,0.000000,0.376004,0.000000,54,0,1,0,25,25,30,100.333000,85.333300,67.666700,0.704104,0.363050,0.127880,0.003194,0.000078,-0.012436,0.003194,8,54,0,fixed,8,8,0,0,3.000000,4.000000
1010,logistic,8,1,75,0,0,2,6.503732,100.333000,0.812966,25,0.376004,39,0,0,0,0.376004,0.376004,0.000000,0.000000,0.376004,0.000000,54,0,1,-1,25,25,30,100.333000,85.333300,67.666700,0.723301,0.349093,0.127880,0.000078,-0.003531,-0.015452,0.000000,8,54,0,fixed,8,8,0,0,3.000000,4.000000
1010,logistic,8,1,76,2,2,2,1.059011,67.666700,0.132376,30,0.376004,39,0,0,1,0.376004,0.376004,0.000000,0.000000,0.376004,0.000000,54,0,1,0,25,25,30,100.333000,85.333300,67.666700,0.704104,0.349093,0.132123,0.015858,0.012116,0.000078,0.015858,8,54,0,fixed,8,8,0,0,3.000000,4.000000
1010,logistic,8,1,77,2,2,2,1.059022,67.666700,0.132378,30,0.376004,39,0,0,1,0.376004,0.376004,0.000000,0.000000,0.376004,0.000000,54,0,1,0,25,25,30,100.333000,85.333300,67.666700,0.704104,0.349093,0.132123,0.015859,0.012116,0.000078,0.015859,8,54,0,fixed,8,8,0,0,3.000000,4.000000
1010,logistic,8,1,78,0,0,4,0.000000,100.333000,0.398672,25,0.376004,39,0,1,1,0.376004,0.376004,0.000000,0.000000,0.376004,0.000000,54,0,1,0,25,25,30,100.333000,85.333300,67.666700,0.398672,0.468750,0.591133,0.000078,-0.000185,-0.003171,0.000000,8,54,0,fixed,8,8,0,0,3.000000,4.000000
1010,logistic,8,1,79,0,0,3,0.000000,100.333000,0.996681,25,0.376004,39,0,2,1,0.376004,0.376004,0.000000,0.000000,0.376004,0.000000,54,0,1,-1,25,25,30,100.333000,85.333300,67.666700,0.996681,1.171875,1.477832,0.000078,-0.000582,-0.004020,0.000000,8,54,0,fixed,8,8,0,0,3.000000,4.000000
1010,logistic,8,1,80,0,0,4,0.000000,100.333000,0.398672,25,0.376004,39,0,1,1,0.376004,0.376004,0.000000,0.000000,0.376004,0.000000,54,0,1,0,25,25,30,100.333000,85.333300,67.666700,0.398672,0.468750,0.591133,0.000078,-0.000185,-0.003171,0.000000,8,54,0,fixed,8,8,0,0,3.000000,4.000000
1010,logistic,8,2,1,0,0,2,1.620688,102.000000,0.202586,42,0.410831,33,0,0,0,0.410831,0.410831,0.000000,0.000000,0.410831,0.034827,0,0,1,0,42,27,11,102.000000,30.666700,17.833300,0.202633,0.195351,0.185704,0.000130,0.008299,0.007716,0.008299,8,0,8,fixed,8,8,0,0,3.000000,4.000000
1010,logistic,8,2,2,0,0,2,1.620706,102.000000,0.202588,42,0.410831,33,0,0,0,0.410831,0.410831,0.000000,0.000000,0.410831,0.034827,0,0,1,0,42,27,11,102.000000,30.666700,17.833300,0.202633,0.195353,0.185706,0.000130,0.008299,0.007716,0.008299,8,0,8,fixed,8,8,0,0,3.000000,4.000000
1010,logistic,8,2,3,0,0,2,1.620683,102.000000,0.202585,42,0.410831,33,0,0,0,0.410831,0.410831,0.000000,0.000000,0.410831,0.034827,0,0,1,0,42,27,11,102.000000,30.666700,17.833300,0.202633,0.195350,0.185703,0.000130,0.008299,0.007716,0.008299,8,0,8,fixed,8,8,0,0,3.000000,4.000000
1010,logistic,8,2,4,0,0,2,1.620712,102.000000,0.202589,42,0.410831,33,0,0,0,0.410831,0.410831,0.000000,0.000000,0.410831,0.034827,0,0,1,0,42,27,11,102.000000,30.666700,17.833300,0.202633,0.195354,0.185707,0.000130,0.008299,0.007716,0.008299,8,0,8,fixed,8,8,0,0,3.000000,4.000000
1010,logistic,8,2,5,2,2,3,0.000000,17.833300,5.607487,11,0.410831,33,0,2,0,0.410831,0.410831,0.000000,0.000000,0.410831,0.034827,0,0,1,-1,42,27,11,102.000000,30.666700,17.833300,0.980392,3.260866,5.607487,-0.010034,-0.000140,0.000130,0.000000,8,0,8,fixed,8,8,0,0,3.000000,4.000000
1010,logistic,8,2,6,1,1,4,0.000000,30.666700,1.304346,27,0.410831,33,0,1,0,0.410831,0.410831,0.000000,0.000000,0.410831,0.034827,0,0,1,1,42,27,11,102.000000,30.666700,17.833300,0.392157,1.304346,2.242995,-0.011916,0.000130,0.000809,0.000809,8,0,8,fixed,8,8,0,0,3.000000,4.000000
1010,logistic,8,2,7,1,1,4,0.000000,30.666700,1.304346,27,0.410831,33,0,1,0,0.410831,0.410831,0.000000,0.000000,0.410831,0.034827,0,0,1,1,42,27,11,102.000000,30.666700,17.833300,0.392157,1.304346,2.242995,-0.011916,0.000130,0.000809,0.000809,8,0,8,fixed,8,8,0,0,3.000000,4.000000
1010,logistic,8,2,8,1,1,4,0.000000,30.666700,1.304346,27,0.410831,33,0,1,0,0.410831,0.410831,0.000000,0.000000,0.410831,0.034827,0,0,1,1,42,27,11,102.000000,30.666700,17.833300,0.392157,1.304346,2.242995,-0.011916,0.000130,0.000809,0.000809,8,0,8,fixed,8,8,0,0,3.000000,4.000000
1010,logistic,8,2,9,1,1,4,0.000000,30.666700,1.304346,27,0.410831,33,0,1,0,0.410831,0.410831,0.000000,0.000000,0.410831,0.034827,0,0,1,1,42,27,11,102.000000,30.666700,17.833300,0.392157,1.304346,2.242995,-0.011916,0.000130,0.000809,0.000809,8,0,8,fixed,8,8,0,0,3.000000,4.000000
1010,logistic,8,2,10,0,0,2,1.620694,102.000000,0.202587,42,0.410831,33,0,0,0,0.410831,0.410831,0.000000,0.000000,0.410831,0.034827,0,0,1,0,42,27,11,102.000000,30.666700,17.833300,0.202633,0.195352,0.185705,0.000130,0.008299,0.007716,0.008299,8,0,8,fixed,8,8,0,0,3.000000,4.000000
1010,logistic,8,2,11,0,0,2,1.621810,102.000000,0.202726,42,0.410831,33,0,0,0,0.410831,0.410831,0.000000,0.000000,0.410831,0.034827,0,0,1,0,42,27,11,102.000000,30.666700,17.833300,0.202629,0.195486,0.185832,0.000130,0.008307,0.007724,0.008307,8,0,8,fixed,8,8,0,0,3.000000,4.000000
1010,logistic,8,2,12,0,0,2,1.620683,102.000000,0.202585,42,0.410831,33,0,0,0,0.410831,0.410831,0.000000,0.000000,0.410831,0.034827,0,0,1,0,42,27,11,102.000000,30.666700,17.833300,0.202633,0.195350,0.185703,0.000130,0.008299,0.007716,0.008299,8,0,8,fixed,8,8,0,0,3.000000,4.000000
1010,logistic,8,2,13,1,1,4,0.000000,30.666700,1.304346,27,0.410831,33,0,1,0,0.410831,0.410831,0.000000,0.000000,0.410831,0.034827,0,0,1,1,42,27,11,102.000000,30.666700,17.833300,0.392157,1.304346,2.242995,-0.011916,0.000130,0.000809,0.000809,8,0,8,fixed,8,8,0,0,3.000000,4.000000
1010,logistic,8,2,14,0,0,2,1.621757,102.000000,0.202720,42,0.410831,33,0,0,0,0.410831,0.410831,0.000000,0.000000,0.410831,0.034827,0,0,1,0,42,27,11,102.000000,30.666700,17.833300,0.202629,0.195480,0.185826,0.000130,0.008307,0.007724,0.008307,8,0,8,fixed,8,8,0,0,3.000000,4.000000
1010,logistic,8,2,15,0,0,2,1.621792,102.000000,0.202724,42,0.410831,33,0,0,0,0.410831,0.410831,0.000000,0.000000,0.410831,0.034827,0,0,1,0,42,27,11,102.000000,30.666700,17.833300,0.202629,0.195484,0.185830,0.000130,0.008307,0.007724,0.008307,8,0,8,fixed,8,8,0,0,3.000000,4.000000
1010,logistic,8,2,16,1,1,4,0.000000,30.666700,1.304346,27,0.410831,33,0,1,0,0.410831,0.410831,0.000000,0.000000,0.410831,0.034827,0,0,1,1,42,27,11,102.000000,30.666700,17.833300,0.392157,1.304346,2.242995,-0.011916,0.000130,0.000809,0.000809,8,0,8,fixed,8,8,0,0,3.000000,4.000000
1010,logistic,8,2,17,1,1,4,0.000000,30.666700,1.304346,27,0.410831,33,0,1,0,0.410831,0.410831,0.000000,0.000000,0.410831,0.034827,0,0,1,1,42,27,11,102.000000,30.666700,17.833300,0.392157,1.304346,2.242995,-0.011916,0.000130,0.000809,0.000809,8,0,8,fixed,8,8,0,0,3.000000,4.000000
1010,logistic,8,2,18,1,1,4,0.000000,30.666700,1.304346,27,0.410831,33,0,1,0,0.410831,0.410831,0.000000,0.000000,0.410831,0.034827,0,0,1,1,42,27,11,102.000000,30.666700,17.833300,0.392157,1.304346,2.242995,-0.011916,0.000130,0.000809,0.000809,8,0,8,fixed,8,8,0,0,3.000000,4.000000
1010,logistic,8,2,19,1,1,4,0.000000,30.666700,1.304346,27,0.410831,33,0,1,0,0.410831,0.410831,0.000000,0.000000,0.410831,0.034827,0,0,1,1,42,27,11,102.000000,30.666700,17.833300,0.392157,1.304346,2.242995,-0.011916,0.000130,0.000809,0.000809,8,0,8,fixed,8,8,0,0,3.000000,4.000000
1010,logistic,8,2,20,0,0,2,1.620683,102.000000,0.202585,42,0.410831,33,0,0,0,0.410831,0.410831,0.000000,0.000000,0.410831,0.034827,0,0,1,0,42,27,11,102.000000,30.666700,17.833300,0.202633,0.195350,0.185703,0.000130,0.008299,0.007716,0.008299,8,0,8,fixed,8,8,0,0,3.000000,4.000000
1010,logistic,8,2,21,1,1,4,0.000000,30.666700,1.304346,27,0.410831,33,0,1,0,0.410831,0.410831,0.000000,0.000000,0.410831,0.034827,0,0,1,1,42,27,11,102.000000,30.666700,17.833300,0.392157,1.304346,2.242995,-0.011916,0.000130,0.000809,0.000809,8,0,8,fixed,8,8,0,0,3.000000,4.000000
1010,logistic,8,2,22,2,2,3,0.000000,17.833300,5.607487,11,0.410831,33,0,2,0,0.410831,0.410831,0.000000,0.000000,0.410831,0.034827,0,0,1,-1,42,27,11,102.000000,30.666700,17.833300,0.980392,3.260866,5.607487,-0.010034,-0.000140,0.000130,0.000000,8,0,8,fixed,8,8,0,0,3.000000,4.000000
1010,logistic,8,2,23,0,0,1,2.994855,102.000000,0.998285,42,0.410831,33,0,0,0,0.410831,0.410831,0.000000,0.000000,0.410831,0.034827,0,0,1,-1,42,27,11,102.000000,30.666700,17.833300,0.982266,0.962632,0.915095,0.000130,0.008863,0.008744,0.008863,8,0,8,fixed,8,8,0,0,3.000000,4.000000
1010,logistic,8,2,24,0,0,2,1.620706,102.000000,0.202588,42,0.410831,33,0,0,0,0.410831,0.410831,0.000000,0.000000,0.410831,0.034827,0,0,1,0,42,27,11,102.000000,30.666700,17.833300,0.202633,0.195353,0.185706,0.000130,0.008299,0.007716,0.008299,8,0,8,fixed,8,8,0,0,3.000000,4.000000
1010,logistic,8,2,25,0,0,2,1.621781,102.000000,0.202723,42,0.410831,33,0,0,0,0.410831,0.410831,0.000000,0.000000,0.410831,0.034827,0,0,1,0,42,27,11,102.000000,30.666700,17.833300,0.202629,0.195483,0.185829,0.000130,0.008307,0.007724,0.008307,8,0,8,fixed,8,8,0,0,3.000000,4.000000
1010,logistic,8,2,26,2,2,3,0.000000,17.833300,5.607487,11,0.410831,33,0,2,0,0.410831,0.410831,0.000000,0.000000,0.410831,0.034827,0,0,1,-1,42,27,11,102.000000,30.666700,17.833300,0.980392,3.260866,5.607487,-0.010034,-0.000140,0.000130,0.000000,8,0,8,fixed,8,8,0,0,3.000000,4.000000
1010,logistic,8,2,27,1,1,4,0.000000,30.666700,1.304346,27,0.410831,33,0,1,0,0.410831,0.410831,0.000000,0.000000,0.410831,0.034827,0,0,1,1,42,27,11,102.000000,30.666700,17.833300,0.392157,1.304346,2.242995,-0.011916,0.000130,0.000809,0.000809,8,0,8,fixed,8,8,0,0,3.000000,4.000000
1010,logistic,8,2,28,1,1,4,0.000000,30.666700,1.304346,27,0.410831,33,0,1,0,0.410831,0.410831,0.000000,0.000000,0.410831,0.034827,0,0,1,1,42,27,11,102.000000,30.666700,17.833300,0.392157,1.304346,2.242995,-0.011916,0.000130,0.000809,0.000809,8,0,8,fixed,8,8,0,0,3.000000,4.000000
1010,logistic,8,2,29,0,0,2,1.621781,102.000000,0.202723,42,0.410831,33,0,0,0,0.410831,0.410831,0.000000,0.000000,0.410831,0.034827,0,0,1,0,42,27,11,102.000000,30.666700,17.833300,0.202629,0.195483,0.185829,0.000130,0.008307,0.007724,0.008307,8,0,8,fixed,8,8,0,0,3.000000,4.000000
1010,logistic,8,2,30,2,2,3,0.000000,17.833300,5.607487,11,0.410831,33,0,2,0,0.410831,0.410831,0.000000,0.000000,0.410831,0.034827,0,0,1,-1,42,27,11,102.000000,30.666700,17.833300,0.980392,3.260866,5.607487,-0.010034,-0.000140,0.000130,0.000000,8,0,8,fixed,8,8,0,0,3.000000,4.000000
1010,logistic,8,2,31,0,0,2,1.620694,102.000000,0.202587,42,0.410831,33,0,0,0,0.410831,0.410831,0.000000,0.000000,0.410831,0.034827,0,0,1,0,42,27,11,102.000000,30.666700,17.833300,0.202633,0.195352,0.185705,0.000130,0.008299,0.007716,0.008299,8,0,8,fixed,8,8,0,0,3.000000,4.000000
1010,logistic,8,2,32,1,1,4,0.000000,30.666700,1.304346,27,0.410831,33,0,1,0,0.410831,0.410831,0.000000,0.000000,0.410831,0.034827,0,0,1,1,42,27,11,102.000000,30.666700,17.833300,0.392157,1.304346,2.242995,-0.011916,0.000130,0.000809,0.000809,8,0,8,fixed,8,8,0,0,3.000000,4.000000
1010,logistic,8,2,33,0,0,1,3.135801,102.000000,1.045267,42,0.410831,33,0,0,0,0.410831,0.410831,0.000000,0.000000,0.410831,0.034827,0,0,1,1,42,27,11,102.000000,30.666700,17.833300,0.976393,1.007936,0.958161,0.000130,0.008979,0.008865,0.008979,8,0,8,fixed,8,8,0,0,3.000000,4.000000
1010,logistic,8,2,34,1,1,4,0.000000,30.666700,1.304346,27,0.410831,33,0,1,0,0.410831,0.410831,0.000000,0.000000,0.410831,0.034827,0,0,1,1,42,27,11,102.000000,30.666700,17.833300,0.392157,1.304346,2.242995,-0.011916,0.000130,0.000809,0.000809,8,0,8,fixed,8,8,0,0,3.000000,4.000000
1010,logistic,8,2,35,1,1,4,0.000000,30.666700,1.304346,27,0.410831,33,0,1,0,0.410831,0.410831,0.000000,0.000000,0.410831,0.034827,0,0,1,1,42,27,11,102.000000,30.666700,17.833300,0.392157,1.304346,2.242995,-0.011916,0.000130,0.000809,0.000809,8,0,8,fixed,8,8,0,0,3.000000,4.000000
1010,logistic,8,2,36,1,1,4,0.000000,30.666700,1.304346,27,0.410831,33,0,1,0,0.410831,0.410831,0.000000,0.000000,0.410831,0.034827,0,0,1,1,42,27,11,102.000000,30.666700,17.833300,0.392157,1.304346,2.242995,-0.011916,0.000130,0.000809,0.000809,8,0,8,fixed,8,8,0,0,3.000000,4.000000
1010,logistic,8,2,37,0,0,2,1.620683,102.000000,0.202585,42,0.410831,33,0,0,0,0.410831,0.410831,0.000000,0.000000,0.410831,0.034827,0,0,1,0,42,27,11,102.000000,30.666700,17.833300,0.202633,0.195350,0.185703,0.000130,0.008299,0.007716,0.008299,8,0,8,fixed,8,8,0,0,3.000000,4.000000
1010,logistic,8,2,38,0,0,2,1.620683,102.000000,0.202585,42,0.410831,33,0,0,0,0.410831,0.410831,0.000000,0.000000,0.410831,0.034827,0,0,1,0,42,27,11,102.000000,30.666700,17.833300,0.202633,0.195350,0.185703,0.000130,0.008299,0.007716,0.008299,8,0,8,fixed,8,8,0,0,3.000000,4.000000
1010,logistic,8,2,39,1,1,4,0.000000,30.666700,1.304346,27,0.410831,33,0,1,0,0.410831,0.410831,0.000000,0.000000,0.410831,0.034827,0,0,1,1,42,27,11,102.000000,30.666700,17.833300,0.392157,1.304346,2.242995,-0.011916,0.000130,0.000809,0.000809,8,0,8,fixed,8,8,0,0,3.000000,4.000000
1010,logistic,8,2,40,0,0,2,1.621768,102.000000,0.202721,42,0.410831,33,0,0,0,0.410831,0.410831,0.000000,0.000000,0.410831,0.034827,0,0,1,0,42,27,11,102.000000,30.666700,17.833300,0.202629,0.195481,0.185828,0.000130,0.008307,0.007724,0.008307,8,0,8,fixed,8,8,0,0,3.000000,4.000000
1010,logistic,8,2,41,0,0,1,3.035861,102.000000,1.011954,42,0.410831,33,0,0,0,0.410831,0.410831,0.000000,0.000000,0.410831,0.034827,0,0,1,1,42,27,11,102.000000,30.666700,17.833300,0.980557,0.975812,0.927624,0.000130,0.008898,0.008780,0.008898,8,0,8,fixed,8,8,0,0,3.000000,4.000000
1010,logistic,8,2,42,0,0,2,1.620671,102.000000,0.202584,42,0.410831,33,1,0,0,0.410831,0.410831,0.000000,0.000000,0.410831,0.034827,0,0,1,0,42,27,11,102.000000,30.666700,17.833300,0.202633,0.195349,0.185702,0.000130,0.008299,0.007716,0.008299,8,0,8,fixed,8,8,0,0,3.000000,4.000000
1010,logistic,8,2,43,0,0,2,1.620781,102.000000,0.202598,42,0.410831,33,0,0,0,0.410831,0.410831,0.000000,0.000000,0.410831,0.034827,0,0,1,0,42,27,11,102.000000,30.666700,17.833300,0.202633,0.195362,0.185715,0.000130,0.008300,0.007717,0.008300,8,0,8,fixed,8,8,0,0,3.000000,4.000000
1010,logistic,8,2,44,2,2,3,0.000000,17.833300,5.607487,11,0.410831,33,0,2,0,0.410831,0.410831,0.000000,0.000000,0.410831,0.034827,0,0,1,-1,42,27,11,102.000000,30.666700,17.833300,0.980392,3.260866,5.607487,-0.010034,-0.000140,0.000130,0.000000,8,0,8,fixed,8,8,0,0,3.000000,4.000000
1010,logistic,8,2,45,0,0,2,1.620782,102.000000,0.202598,42,0.410831,33,0,0,0,0.410831,0.410831,0.000000,0.000000,0.410831,0.034827,0,0,1,0,42,27,11,102.000000,30.666700,17.833300,0.202633,0.195362,0.185715,0.000130,0.008300,0.007717,0.008300,8,0,8,fixed,8,8,0,0,3.000000,4.000000
1010,logistic,8,2,46,2,2,3,0.000000,17.833300,5.607487,11,0.410831,33,0,2,0,0.410831,0.410831,0.000000,0.000000,0.410831,0.034827,0,0,1,-1,42,27,11,102.000000,30.666700,17.833300,0.980392,3.260866,5.607487,-0.010034,-0.000140,0.000130,0.000000,8,0,8,fixed,8,8,0,0,3.000000,4.000000
1010,logistic,8,2,47,0,0,2,1.620794,102.000000,0.202599,42,0.410831,33,0,0,0,0.410831,0.410831,0.000000,0.000000,0.410831,0.034827,0,0,1,0,42,27,11,102.000000,30.666700,17.833300,0.202633,0.195364,0.185716,0.000130,0.008300,0.007717,0.008300,8,0,8,fixed,8,8,0,0,3.000000,4.000000
1010,logistic,8,2,48,0,0,2,1.621792,102.000000,0.202724,42,0.410831,33,0,0,0,0.410831,0.410831,0.000000,0.000000,0.410831,0.034827,0,0,1,0,42,27,11,102.000000,30.666700,17.833300,0.202629,0.195484,0.185830,0.000130,0.008307,0.007724,0.008307,8,0,8,fixed,8,8,0,0,3.000000,4.000000
1010,logistic,8,2,49,0,0,2,1.620829,102.000000,0.202604,42,0.410831,33,0,0,0,0.410831,0.410831,0.000000,0.000000,0.410831,0.034827,0,0,1,0,42,27,11,102.000000,30.666700,17.833300,0.202633,0.195368,0.185720,0.000130,0.008300,0.007717,0.008300,8,0,8,fixed,8,8,0,0,3.000000,4.000000
1010,logistic,8,2,50,0,0,2,1.621810,102.000000,0.202726,42,0.410831,33,0,0,0,0.410831,0.410831,0.000000,0.000000,0.410831,0.034827,0,0,1,0,42,27,11,102.000000,30.666700,17.833300,0.202629,0.195486,0.185832,0.000130,0.008307,0.007724,0.008307,8,0,8,fixed,8,8,0,0,3.000000,4.000000
1010,logistic,8,2,51,0,0,2,1.620800,102.000000,0.202600,42,0.410831,33,0,0,0,0.410831,0.410831,0.000000,0.000000,0.410831,0.034827,0,0,1,0,42,27,11,102.000000,30.666700,17.833300,0.202633,0.195364,0.185717,0.000130,0.008300,0.007717,0.008300,8,0,8,fixed,8,8,0,0,3.000000,4.000000
1010,logistic,8,2,52,2,2,3,0.000000,17.833300,5.607487,11,0.410831,33,0,2,0,0.410831,0.410831,0.000000,0.000000,0.410831,0.034827,0,0,1,-1,42,27,11,102.000000,30.666700,17.833300,0.980392,3.260866,5.607487,-0.010034,-0.000140,0.000130,0.000000,8,0,8,fixed,8,8,0,0,3.000000,4.000000
1010,logistic,8,2,53,0,0,2,1.620824,102.000000,0.202603,42,0.410831,33,0,0,0,0.410831,0.410831,0.000000,0.000000,0.410831,0.034827,0,0,1,0,42,27,11,102.000000,30.666700,17.833300,0.202633,0.195367,0.185719,0.000130,0.008300,0.007717,0.008300,8,0,8,fixed,8,8,0,0,3.000000,4.000000
1010,logistic,8,2,54,1,1,4,0.000000,30.666700,1.304346,27,0.410831,33,0,1,0,0.410831,0.410831,0.000000,0.000000,0.410831,0.034827,0,0,1,1,42,27,11,102.000000,30.666700,17.833300,0.392157,1.304346,2.242995,-0.011916,0.000130,0.000809,0.000809,8,0,8,fixed,8,8,0,0,3.000000,4.000000
1010,logistic,8,2,55,2,2,3,0.000000,17.833300,5.607487,11,0.410831,33,0,2,0,0.410831,0.410831,0.000000,0.000000,0.410831,0.034827,0,0,1,-1,42,27,11,102.000000,30.666700,17.833300,0.980392,3.260866,5.607487,-0.010034,-0.000140,0.000130,0.000000,8,0,8,fixed,8,8,0,0,3.000000,4.000000
1010,logistic,8,2,56,1,1,4,0.000000,30.666700,1.304346,27,0.410831,33,0,1,0,0.410831,0.410831,0.000000,0.000000,0.410831,0.034827,0,0,1,1,42,27,11,102.000000,30.666700,17.833300,0.392157,1.304346,2.242995,-0.011916,0.000130,0.000809,0.000809,8,0,8,fixed,8,8,0,0,3.000000,4.000000
1010,logistic,8,2,57,0,0,2,1.621787,102.000000,0.202723,42,0.410831,33,0,0,0,0.410831,0.410831,0.000000,0.000000,0.410831,0.034827,0,0,1,0,42,27,11,102.000000,30.666700,17.833300,0.202629,0.195483,0.185830,0.000130,0.008307,0.007724,0.008307,8,0,8,fixed,8,8,0,0,3.000000,4.000000
1010,logistic,8,2,58,2,2,3,0.000000,17.833300,5.607487,11,0.410831,33,0,2,0,0.410831,0.410831,0.000000,0.000000,0.410831,0.034827,0,0,1,-1,42,27,11,102.000000,30.666700,17.833300,0.980392,3.260866,5.607487,-0.010034,-0.000140,0.000130,0.000000,8,0,8,fixed,8,8,0,0,3.000000,4.000000
1010,logistic,8,2,59,1,1,4,0.000000,30.666700,1.304346,27,0.410831,33,0,1,0,0.410831,0.410831,0.000000,0.000000,0.410831,0.034827,0,0,1,1,42,27,11,102.000000,30.666700,17.833300,0.392157,1.304346,2.242995,-0.011916,0.000130,0.000809,0.000809,8,0,8,fixed,8,8,0,0,3.000000,4.000000
1010,logistic,8,2,60,2,2,3,0.000000,17.833300,5.607487,11,0.410831,33,0,2,0,0.410831,0.410831,0.000000,0.000000,0.410831,0.034827,0,0,1,-1,42,27,11,102.000000,30.666700,17.833300,0.980392,3.260866,5.607487,-0.010034,-0.000140,0.000130,0.000000,8,0,8,fixed,8,8,0,0,3.000000,4.000000
1010,logistic,8,2,61,0,0,1,2.469997,102.000000,0.823332,42,0.410831,33,0,0,0,0.410831,0.410831,0.000000,0.000000,0.410831,0.034827,0,0,1,-1,42,27,11,102.000000,30.666700,17.833300,1.004135,0.793928,0.754721,0.000130,0.008330,0.008186,0.008330,8,0,8,fixed,8,8,0,0,3.000000,4.000000
1010,logistic,8,2,62,0,0,1,3.006587,102.000000,1.002196,42,0.410831,33,0,0,0,0.410831,0.410831,0.000000,0.000000,0.410831,0.034827,0,0,1,1,42,27,11,102.000000,30.666700,17.833300,0.981777,0.966403,0.918679,0.000130,0.008873,0.008755,0.008873,8,0,8,fixed,8,8,0,0,3.000000,4.000000
1010,logistic,8,2,63,0,0,1,3.207468,102.000000,1.069156,42,0.410831,33,0,0,0,0.410831,0.410831,0.000000,0.000000,0.410831,0.034827,0,0,1,1,42,27,11,102.000000,30.666700,17.833300,0.973407,1.030972,0.980060,0.000130,0.009034,0.008923,0.009034,8,0,8,fixed,8,8,0,0,3.000000,4.000000
1010,logistic,8,2,64,0,0,2,1.620777,102.000000,0.202597,42,0.410831,33,0,0,0,0.410831,0.410831,0.000000,0.000000,0.410831,0.034827,0,0,1,0,42,27,11,102.000000,30.666700,17.833300,0.202633,0.195362,0.185714,0.000130,0.008300,0.007717,0.008300,8,0,8,fixed,8,8,0,0,3.000000,4.000000
1010,logistic,8,2,65,1,1,4,0.000000,30.666700,1.304346,27,0.410831,33,0,1,0,0.410831,0.410831,0.000000,0.000000,0.410831,0.034827,0,0,1,1,42,27,11,102.000000,30.666700,17.833300,0.392157,1.304346,2.242995,-0.011916,0.000130,0.000809,0.000809,8,0,8,fixed,8,8,0,0,3.000000,4.000000
1010,logistic,8,2,66,1,1,4,0.000000,30.666700,1.304346,27,0.410831,33,0,1,0,0.410831,0.410831,0.000000,0.000000,0.410831,0.034827,0,0,1,1,42,27,11,102.000000,30.666700,17.833300,0.392157,1.304346,2.242995,-0.011916,0.000130,0.000809,0.000809,8,0,8,fixed,8,8,0,0,3.000000,4.000000
1010,logistic,8,2,67,1,1,4,0.000000,30.666700,1.304346,27,0.410831,33,0,1,0,0.410831,0.410831,0.000000,0.000000,0.410831,0.034827,0,0,1,1,42,27,11,102.000000,30.666700,17.833300,0.392157,1.304346,2.242995,-0.011916,0.000130,0.000809,0.000809,8,0,8,fixed,8,8,0,0,3.000000,4.000000
1010,logistic,8,2,68,0,0,1,2.606196,102.000000,0.868732,42,0.410831,33,0,0,0,0.410831,0.410831,0.000000,0.000000,0.410831,0.034827,0,0,1,-1,42,27,11,102.000000,30.666700,17.833300,0.998460,0.837706,0.796338,0.000130,0.008487,0.008350,0.008487,8,0,8,fixed,8,8,0,0,3.000000,4.000000
1010,logistic,8,2,69,0,0,1,3.059944,102.000000,1.019981,42,0.410831,33,0,0,0,0.410831,0.410831,0.000000,0.000000,0.410831,0.034827,0,0,1,1,42,27,11,102.000000,30.666700,17.833300,0.979554,0.983553,0.934983,0.000130,0.008918,0.008801,0.008918,8,0,8,fixed,8,8,0,0,3.000000,4.000000
1010,logistic,8,2,70,1,1,4,0.000000,30.666700,1.304346,27,0.410831,33,0,1,0,0.410831,0.410831,0.000000,0.000000,0.410831,0.034827,0,0,1,1,42,27,11,102.000000,30.666700,17.833300,0.392157,1.304346,2.242995,-0.011916,0.000130,0.000809,0.000809,8,0,8,fixed,8,8,0,0,3.000000,4.000000
1010,logistic,8,2,71,0,0,2,1.620753,102.000000,0.202594,42,0.410831,33,0,0,0,0.410831,0.410831,0.000000,0.000000,0.410831,0.034827,0,0,1,0,42,27,11,102.000000,30.666700,17.833300,0.202633,0.195359,0.185711,0.000130,0.008299,0.007716,0.008299,8,0,8,fixed,8,8,0,0,3.000000,4.000000
1010,logistic,8,2,72,1,1,4,0.000000,30.666700,1.304346,27,0.410831,33,0,1,0,0.410831,0.410831,0.000000,0.000000,0.410831,0.034827,0,0,1,1,42,27,11,102.000000,30.666700,17.833300,0.392157,1.304346,2.242995,-0.011916,0.000130,0.000809,0.000809,8,0,8,fixed,8,8,0,0,3.000000,4.000000
1010,logistic,8,2,73,0,0,1,3.052530,102.000000,1.017510,42,0.410831,33,0,0,0,0.410831,0.410831,0.000000,0.000000,0.410831,0.034827,0,0,1,1,42,27,11,102.000000,30.666700,17.833300,0.979863,0.981170,0.932717,0.000130,0.008911,0.008795,0.008911,8,0,8,fixed,8,8,0,0,3.000000,4.000000
1010,logistic,8,2,74,0,0,2,1.620765,102.000000,0.202596,42,0.410831,33,0,0,0,0.410831,0.410831,0.000000,0.000000,0.410831,0.034827,0,0,1,0,42,27,11,102.000000,30.666700,17.833300,0.202633,0.195360,0.185713,0.000130,0.008300,0.007716,0.008300,8,0,8,fixed,8,8,0,0,3.000000,4.000000
1010,logistic,8,2,75,0,0,2,1.621816,102.000000,0.202727,42,0.410831,33,0,0,0,0.410831,0.410831,0.000000,0.000000,0.410831,0.034827,0,0,1,0,42,27,11,102.000000,30.666700,17.833300,0.202629,0.195487,0.185833,0.000130,0.008307,0.007724,0.008307,8,0,8,fixed,8,8,0,0,3.000000,4.000000
1010,logistic,8,2,76,0,0,2,1.620789,102.000000,0.202599,42,0.410831,33,0,0,0,0.410831,0.410831,0.000000,0.000000,0.410831,0.034827,0,0,1,0,42,27,11,102.000000,30.666700,17.833300,0.202633,0.195363,0.185715,0.000130,0.008300,0.007717,0.008300,8,0,8,fixed,8,8,0,0,3.000000,4.000000
1010,logistic,8,2,77,0,0,2,1.620683,102.000000,0.202585,42,0.410831,33,0,0,0,0.410831,0.410831,0.000000,0.000000,0.410831,0.034827,0,0,1,0,42,27,11,102.000000,30.666700,17.833300,0.202633,0.195350,0.185703,0.000130,0.008299,0.007716,0.008299,8,0,8,fixed,8,8,0,0,3.000000,4.000000
1010,logistic,8,2,78,1,1,4,0.000000,30.666700,1.304346,27,0.410831,33,0,1,0,0.410831,0.410831,0.000000,0.000000,0.410831,0.034827,0,0,1,1,42,27,11,102.000000,30.666700,17.833300,0.392157,1.304346,2.242995,-0.011916,0.000130,0.000809,0.000809,8,0,8,fixed,8,8,0,0,3.000000,4.000000
1010,logistic,8,2,79,2,2,3,0.000000,17.833300,5.607487,11,0.410831,33,0,2,0,0.410831,0.410831,0.000000,0.000000,0.410831,0.034827,0,0,1,-1,42,27,11,102.000000,30.666700,17.833300,0.980392,3.260866,5.607487,-0.010034,-0.000140,0.000130,0.000000,8,0,8,fixed,8,8,0,0,3.000000,4.000000
1010,logistic,8,2,80,1,1,4,0.000000,30.666700,1.304346,27,0.410831,33,0,1,0,0.410831,0.410831,0.000000,0.000000,0.410831,0.034827,0,0,1,1,42,27,11,102.000000,30.666700,17.833300,0.392157,1.304346,2.242995,-0.011916,0.000130,0.000809,0.000809,8,0,8,fixed,8,8,0,0,3.000000,4.000000
1010,logistic,8,3,1,0,0,2,1.561703,101.000000,0.195213,42,0.404210,33,1,0,0,0.404210,0.404210,0.000000,0.000000,0.404210,-0.006620,0,0,1,0,42,27,11,101.000000,31.333300,17.833300,0.199184,0.188241,0.178945,0.000219,0.008030,0.007445,0.008030,8,0,8,fixed,8,8,0,0,3.000000,4.000000
1010,logistic,8,3,2,0,0,2,1.595615,101.000000,0.199452,42,0.404210,33,0,0,0,0.404210,0.404210,0.000000,0.000000,0.404210,-0.006620,0,0,1,0,42,27,11,101.000000,31.333300,17.833300,0.199052,0.192329,0.182831,0.000219,0.008277,0.007704,0.008277,8,0,8,fixed,8,8,0,0,3.000000,4.000000
1010,logistic,8,3,3,0,0,2,1.595579,101.000000,0.199447,42,0.404210,33,0,0,0,0.404210,0.404210,0.000000,0.000000,0.404210,-0.006620,0,0,1,0,42,27,11,101.000000,31.333300,17.833300,0.199052,0.192324,0.182827,0.000219,0.008277,0.007703,0.008277,8,0,8,fixed,8,8,0,0,3.000000,4.000000
1010,logistic,8,3,4,0,0,2,1.595603,101.000000,0.199450,42,0.404210,33,0,0,0,0.404210,0.404210,0.000000,0.000000,0.404210,-0.006620,0,0,1,0,42,27,11,101.000000,31.333300,17.833300,0.199052,0.192327,0.182830,0.000219,0.008277,0.007704,0.008277,8,0,8,fixed,8,8,0,0,3.000000,4.000000
1010,logistic,8,3,5,2,2,3,0.000000,17.833300,5.607487,11,0.404210,33,0,2,0,0.404210,0.404210,0.000000,0.000000,0.404210,-0.006620,0,0,1,-1,42,27,11,101.000000,31.333300,17.833300,0.990099,3.191493,5.607487,-0.009734,-0.000056,0.000219,0.000000,8,0,8,fixed,8,8,0,0,3.000000,4.000000
1010,logistic,8,3,6,1,1,4,0.000000,31.333300,1.276597,27,0.404210,33,0,1,0,0.404210,0.404210,0.000000,0.000000,0.404210,-0.006620,0,0,1,1,42,27,11,101.000000,31.333300,17.833300,0.396040,1.276597,2.242995,-0.011496,0.000219,0.000911,0.000911,8,0,8,fixed,8,8,0,0,3.000000,4.000000
1010,logistic,8,3,7,1,1,4,0.000000,31.333300,1.276597,27,0.404210,33,0,1,0,0.404210,0.404210,0.000000,0.000000,0.404210,-0.006620,0,0,1,1,42,27,11,101.000000,31.333300,17.833300,0.396040,1.276597,2.242995,-0.011496,0.000219,0.000911,0.000911,8,0,8,fixed,8,8,0,0,3.000000,4.000000
1010,logistic,8,3,8,1,1,4,0.000000,31.333300,1.276597,27,0.404210,33,0,1,0,0.404210,0.404210,0.000000,0.000000,0.404210,-0.006620,0,0,1,1,42,27,11,101.000000,31.333300,17.833300,0.396040,1.276597,2.242995,-0.011496,0.000219,0.000911,0.000911,8,0,8,fixed,8,8,0,0,3.000000,4.000000
1010,logistic,8,3,9,1,1,4,0.000000,31.333300,1.276597,27,0.404210,33,0,1,0,0.404210,0.404210,0.000000,0.000000,0.404210,-0.006620,0,0,1,1,42,27,11,101.000000,31.333300,17.833300,0.396040,1.276597,2.242995,-0.011496,0.000219,0.000911,0.000911,8,0,8,fixed,8,8,0,0,3.000000,4.000000
1010,logistic,8,3,10,0,0,2,1.595574,101.000000,0.199447,42,0.404210,33,0,0,0,0.404210,0.404210,0.000000,0.000000,0.404210,-0.006620,0,0,1,0,42,27,11,101.000000,31.333300,17.833300,0.199052,0.192324,0.182826,0.000219,0.008277,0.007703,0.008277,8,0,8,fixed,8,8,0,0,3.000000,4.000000
1010,logistic,8,3,11,0,0,2,1.568248,101.000000,0.196031,42,0.404210,33,0,0,0,0.404210,0.404210,0.000000,0.000000,0.404210,-0.006620,0,0,1,0,42,27,11,101.000000,31.333300,17.833300,0.199159,0.189030,0.179695,0.000219,0.008079,0.007496,0.008079,8,0,8,fixed,8,8,0,0,3.000000,4.000000
1010,logistic,8,3,12,0,0,2,1.595598,101.000000,0.199450,42,0.404210,33,0,0,0,0.404210,0.404210,0.000000,0.000000,0.404210,-0.006620,0,0,1,0,42,27,11,101.000000,31.333300,17.833300,0.199052,0.192327,0.182829,0.000219,0.008277,0.007704,0.008277,8,0,8,fixed,8,8,0,0,3.000000,4.000000
1010,logistic,8,3,13,1,1,4,0.000000,31.333300,1.276597,27,0.404210,33,0,1,0,0.404210,0.404210,0.000000,0.000000,0.404210,-0.006620,0,0,1,1,42,27,11,101.000000,31.333300,17.833300,0.396040,1.276597,2.242995,-0.011496,0.000219,0.000911,0.000911,8,0,8,fixed,8,8,0,0,3.000000,4.000000
1010,logistic,8,3,14,0,0,2,1.604364,101.000000,0.200545,42,0.404210,33,0,0,0,0.404210,0.404210,0.000000,0.000000,0.404210,-0.006620,0,0,1,0,42,27,11,101.000000,31.333300,17.833300,0.199018,0.193383,0.183833,0.000219,0.008339,0.007769,0.008339,8,0,8,fixed,8,8,0,0,3.000000,4.000000
1010,logistic,8,3,15,0,0,2,1.602225,101.000000,0.200278,42,0.404210,33,0,0,0,0.404210,0.404210,0.000000,0.000000,0.404210,-0.006620,0,0,1,0,42,27,11,101.000000,31.333300,17.833300,0.199026,0.193125,0.183588,0.000219,0.008324,0.007753,0.008324,8,0,8,fixed,8,8,0,0,3.000000,4.000000
1010,logistic,8,3,16,1,1,4,0.000000,31.333300,1.276597,27,0.404210,33,0,1,0,0.404210,0.404210,0.000000,0.000000,0.404210,-0.006620,0,0,1,1,42,27,11,101.000000,31.333300,17.833300,0.396040,1.276597,2.242995,-0.011496,0.000219,0.000911,0.000911,8,0,8,fixed,8,8,0,0,3.000000,4.000000
1010,logistic,8,3,17,1,1,4,0.000000,31.333300,1.276597,27,0.404210,33,0,1,0,0.404210,0.404210,0.000000,0.000000,0.404210,-0.006620,0,0,1,1,42,27,11,101.000000,31.333300,17.833300,0.396040,1.276597,2.242995,-0.011496,0.000219,0.000911,0.000911,8,0,8,fixed,8,8,0,0,3.000000,4.000000
1010,logistic,8,3,18,1,1,4,0.000000,31.333300,1.276597,27,0.404210,33,0,1,0,0.404210,0.404210,0.000000,0.000000,0.404210,-0.006620,0,0,1,1,42,27,11,101.000000,31.333300,17.833300,0.396040,1.276597,2.242995,-0.011496,0.000219,0.000911,0.000911,8,0,8,fixed,8,8,0,0,3.000000,4.000000
1010,logistic,8,3,19,1,1,4,0.000000,31.333300,1.276597,27,0.404210,33,0,1,0,0.404210,0.404210,0.000000,0.000000,0.404210,-0.006620,0,0,1,1,42,27,11,101.000000,31.333300,17.833300,0.396040,1.276597,2.242995,-0.011496,0.000219,0.000911,0.000911,8,0,8,fixed,8,8,0,0,3.000000,4.000000
1010,logistic,8,3,20,0,0,2,1.595574,101.000000,0.199447,42,0.404210,33,0,0,0,0.404210,0.404210,0.000000,0.000000,0.404210,-0.006620,0,0,1,0,42,27,11,101.000000,31.333300,17.833300,0.199052,0.192324,0.182826,0.000219,0.008277,0.007703,0.008277,8,0,8,fixed,8,8,0,0,3.000000,4.000000
1010,logistic,8,3,21,1,1,4,0.000000,31.333300,1.276597,27,0.404210,33,0,1,0,0.404210,0.404210,0.000000,0.000000,0.404210,-0.006620,0,0,1,1,42,27,11,101.000000,31.333300,17.833300,0.396040,1.276597,2.242995,-0.011496,0.000219,0.000911,0.000911,8,0,8,fixed,8,8,0,0,3.000000,4.000000
1010,logistic,8,3,22,2,2,3,0.000000,17.833300,5.607487,11,0.404210,33,0,2,0,0.404210,0.404210,0.000000,0.000000,0.404210,-0.006620,0,0,1,-1,42,27,11,101.000000,31.333300,17.833300,0.990099,3.191493,5.607487,-0.009734,-0.000056,0.000219,0.000000,8,0,8,fixed,8,8,0,0,3.000000,4.000000
1010,logistic,8,3,23,0,0,1,2.450169,101.000000,0.816723,42,0.404210,33,0,0,0,0.404210,0.404210,0.000000,0.000000,0.404210,-0.006620,0,0,1,-1,42,27,11,101.000000,31.333300,17.833300,1.032947,0.787554,0.748663,0.000219,0.008215,0.008074,0.008215,8,0,8,fixed,8,8,0,0,3.000000,4.000000
1010,logistic,8,3,24,0,0,2,1.595615,101.000000,0.199452,42,0.404210,33,0,0,0,0.404210,0.404210,0.000000,0.000000,0.404210,-0.006620,0,0,1,0,42,27,11,101.000000,31.333300,17.833300,0.199052,0.192329,0.182831,0.000219,0.008277,0.007704,0.008277,8,0,8,fixed,8,8,0,0,3.000000,4.000000
1010,logistic,8,3,25,0,0,2,1.604329,101.000000,0.200541,42,0.404210,33,0,0,0,0.404210,0.404210,0.000000,0.000000,0.404210,-0.006620,0,0,1,0,42,27,11,101.000000,31.333300,17.833300,0.199018,0.193379,0.183829,0.000219,0.008339,0.007768,0.008339,8,0,8,fixed,8,8,0,0,3.000000,4.000000
1010,logistic,8,3,26,2,2,3,0.000000,17.833300,5.607487,11,0.404210,33,0,2,0,0.404210,0.404210,0.000000,0.000000,0.404210,-0.006620,0,0,1,-1,42,27,11,101.000000,31.333300,17.833300,0.990099,3.191493,5.607487,-0.009734,-0.000056,0.000219,0.000000,8,0,8,fixed,8,8,0,0,3.000000,4.000000
1010,logistic,8,3,27,1,1,4,0.000000,31.333300,1.276597,27,0.404210,33,0,1,0,0.404210,0.404210,0.000000,0.000000,0.404210,-0.006620,0,0,1,1,42,27,11,101.000000,31.333300,17.833300,0.396040,1.276597,2.242995,-0.011496,0.000219,0.000911,0.000911,8,0,8,fixed,8,8,0,0,3.000000,4.000000
1010,logistic,8,3,28,1,1,4,0.000000,31.333300,1.276597,27,0.404210,33,0,1,0,0.404210,0.404210,0.000000,0.000000,0.404210,-0.006620,0,0,1,1,42,27,11,101.000000,31.333300,17.833300,0.396040,1.276597,2.242995,-0.011496,0.000219,0.000911,0.000911,8,0,8,fixed,8,8,0,0,3.000000,4.000000
1010,logistic,8,3,29,0,0,2,1.604305,101.000000,0.200538,42,0.404210,33,0,0,0,0.404210,0.404210,0.000000,0.000000,0.404210,-0.006620,0,0,1,0,42,27,11,101.000000,31.333300,17.833300,0.199018,0.193376,0.183827,0.000219,0.008339,0.007768,0.008339,8,0,8,fixed,8,8,0,0,3.000000,4.000000
1010,logistic,8,3,30,2,2,3,0.000000,17.833300,5.607487,11,0.404210,33,0,2,0,0.404210,0.404210,0.000000,0.000000,0.404210,-0.006620,0,0,1,-1,42,27,11,101.000000,31.333300,17.833300,0.990099,3.191493,5.607487,-0.009734,-0.000056,0.000219,0.000000,8,0,8,fixed,8,8,0,0,3.000000,4.000000
1010,logistic,8,3,31,0,0,2,1.595597,101.000000,0.199450,42,0.404210,33,0,0,0,0.404210,0.404210,0.000000,0.000000,0.404210,-0.006620,0,0,1,0,42,27,11,101.000000,31.333300,17.833300,0.199052,0.192326,0.182829,0.000219,0.008277,0.007704,0.008277,8,0,8,fixed,8,8,0,0,3.000000,4.000000
1010,logistic,8,3,32,1,1,4,0.000000,31.333300,1.276597,27,0.404210,33,0,1,0,0.404210,0.404210,0.000000,0.000000,0.404210,-0.006620,0,0,1,1,42,27,11,101.000000,31.333300,17.833300,0.396040,1.276597,2.242995,-0.011496,0.000219,0.000911,0.000911,8,0,8,fixed,8,8,0,0,3.000000,4.000000
1010,logistic,8,3,33,0,0,1,3.380089,101.000000,1.126696,42,0.404210,33,0,0,0,0.404210,0.404210,0.000000,0.000000,0.404210,-0.006620,0,0,1,1,42,27,11,101.000000,31.333300,17.833300,0.994201,1.086457,1.032805,0.000219,0.009037,0.008935,0.009037,8,0,8,fixed,8,8,0,0,3.000000,4.000000
1010,logistic,8,3,34,1,1,4,0.000000,31.333300,1.276597,27,0.404210,33,0,1,0,0.404210,0.404210,0.000000,0.000000,0.404210,-0.006620,0,0,1,1,42,27,11,101.000000,31.333300,17.833300,0.396040,1.276597,2.242995,-0.011496,0.000219,0.000911,0.000911,8,0,8,fixed,8,8,0,0,3.000000,4.000000
1010,logistic,8,3,35,1,1,4,0.000000,31.333300,1.276597,27,0.404210,33,0,1,0,0.404210,0.404210,0.000000,0.000000,0.404210,-0.006620,0,0,1,1,42,27,11,101.000000,31.333300,17.833300,0.396040,1.276597,2.242995,-0.011496,0.000219,0.000911,0.000911,8,0,8,fixed,8,8,0,0,3.000000,4.000000
1010,logistic,8,3,36,1,1,4,0.000000,31.333300,1.276597,27,0.404210,33,0,1,0,0.404210,0.404210,0.000000,0.000000,0.404210,-0.006620,0,0,1,1,42,27,11,101.000000,31.333300,17.833300,0.396040,1.276597,2.242995,-0.011496,0.000219,0.000911,0.000911,8,0,8,fixed,8,8,0,0,3.000000,4.000000
1010,logistic,8,3,37,0,0,2,1.583517,101.000000,0.197940,42,0.404210,33,0,0,0,0.404210,0.404210,0.000000,0.000000,0.404210,-0.006620,0,0,1,0,42,27,11,101.000000,31.333300,17.833300,0.199099,0.190870,0.181445,0.000219,0.008190,0.007613,0.008190,8,0,8,fixed,8,8,0,0,3.000000,4.000000
1010,logistic,8,3,38,0,0,2,1.595621,101.000000,0.199453,42,0.404210,33,0,0,0,0.404210,0.404210,0.000000,0.000000,0.404210,-0.006620,0,0,1,0,42,27,11,101.000000,31.333300,17.833300,0.199052,0.192329,0.182832,0.000219,0.008277,0.007704,0.008277,8,0,8,fixed,8,8,0,0,3.000000,4.000000
1010,logistic,8,3,39,1,1,4,0.000000,31.333300,1.276597,27,0.404210,33,0,1,0,0.404210,0.404210,0.000000,0.000000,0.404210,-0.006620,0,0,1,1,42,27,11,101.000000,31.333300,17.833300,0.396040,1.276597,2.242995,-0.011496,0.000219,0.000911,0.000911,8,0,8,fixed,8,8,0,0,3.000000,4.000000
1010,logistic,8,3,40,0,0,2,1.604316,101.000000,0.200539,42,0.404210,33,0,0,0,0.404210,0.404210,0.000000,0.000000,0.404210,-0.006620,0,0,1,0,42,27,11,101.000000,31.333300,17.833300,0.199018,0.193377,0.183828,0.000219,0.008339,0.007768,0.008339,8,0,8,fixed,8,8,0,0,3.000000,4.000000
1010,logistic,8,3,41,0,0,1,3.071535,101.000000,1.023845,42,0.404210,33,0,0,0,0.404210,0.404210,0.000000,0.000000,0.404210,-0.006620,0,0,1,1,42,27,11,101.000000,31.333300,17.833300,1.007057,0.987279,0.938524,0.000219,0.008813,0.008701,0.008813,8,0,8,fixed,8,8,0,0,3.000000,4.000000
1010,logistic,8,3,42,0,0,2,1.595637,101.000000,0.199455,42,0.404210,33,0,0,0,0.404210,0.404210,0.000000,0.000000,0.404210,-0.006620,0,0,1,0,42,27,11,101.000000,31.333300,17.833300,0.199052,0.192331,0.182833,0.000219,0.008278,0.007704,0.008278,8,0,8,fixed,8,8,0,0,3.000000,4.000000
1010,logistic,8,3,43,0,0,2,1.593405,101.000000,0.199176,42,0.404210,33,0,0,0,0.404210,0.404210,0.000000,0.000000,0.404210,-0.006620,0,0,1,0,42,27,11,101.000000,31.333300,17.833300,0.199061,0.192062,0.182578,0.000219,0.008262,0.007687,0.008262,8,0,8,fixed,8,8,0,0,3.000000,4.000000
1010,logistic,8,3,44,2,2,3,0.000000,17.833300,5.607487,11,0.404210,33,0,2,0,0.404210,0.404210,0.000000,0.000000,0.404210,-0.006620,0,0,1,-1,42,27,11,101.000000,31.333300,17.833300,0.990099,3.191493,5.607487,-0.009734,-0.000056,0.000219,0.000000,8,0,8,fixed,8,8,0,0,3.000000,4.000000
1010,logistic,8,3,45,0,0,2,1.593416,101.000000,0.199177,42,0.404210,33,0,0,0,0.404210,0.404210,0.000000,0.000000,0.404210,-0.006620,0,0,1,0,42,27,11,101.000000,31.333300,17.833300,0.199061,0.192064,0.182579,0.000219,0.008262,0.007687,0.008262,8,0,8,fixed,8,8,0,0,3.000000,4.000000
1010,logistic,8,3,46,2,2,3,0.000000,17.833300,5.607487,11,0.404210,33,0,2,0,0.404210,0.404210,0.000000,0.000000,0.404210,-0.006620,0,0,1,-1,42,27,11,101.000000,31.333300,17.833300,0.990099,3.191493,5.607487,-0.009734,-0.000056,0.000219,0.000000,8,0,8,fixed,8,8,0,0,3.000000,4.000000
1010,logistic,8,3,47,0,0,2,1.591183,101.000000,0.198898,42,0.404210,33,0,0,0,0.404210,0.404210,0.000000,0.000000,0.404210,-0.006620,0,0,1,0,42,27,11,101.000000,31.333300,17.833300,0.199069,0.191794,0.182323,0.000219,0.008246,0.007670,0.008246,8,0,8,fixed,8,8,0,0,3.000000,4.000000
1010,logistic,8,3,48,0,0,2,1.604364,101.000000,0.200545,42,0.404210,33,0,0,0,0.404210,0.404210,0.000000,0.000000,0.404210,-0.006620,0,0,1,0,42,27,11,101.000000,31.333300,17.833300,0.199018,0.193383,0.183833,0.000219,0.008339,0.007769,0.008339,8,0,8,fixed,8,8,0,0,3.000000,4.000000
1010,logistic,8,3,49,0,0,2,1.591177,101.000000,0.198897,42,0.404210,33,0,0,0,0.404210,0.404210,0.000000,0.000000,0.404210,-0.006620,0,0,1,0,42,27,11,101.000000,31.333300,17.833300,0.199069,0.191794,0.182322,0.000219,0.008246,0.007670,0.008246,8,0,8,fixed,8,8,0,0,3.000000,4.000000
1010,logistic,8,3,50,0,0,2,1.577015,101.000000,0.197127,42,0.404210,33,0,0,0,0.404210,0.404210,0.000000,0.000000,0.404210,-0.006620,0,0,1,0,42,27,11,101.000000,31.333300,17.833300,0.199125,0.190087,0.180700,0.000219,0.008143,0.007563,0.008143,8,0,8,fixed,8,8,0,0,3.000000,4.000000
1010,logistic,8,3,51,0,0,2,1.591196,101.000000,0.198899,42,0.404210,33,0,0,0,0.404210,0.404210,0.000000,0.000000,0.404210,-0.006620,0,0,1,0,42,27,11,101.000000,31.333300,17.833300,0.199069,0.191796,0.182325,0.000219,0.008246,0.007671,0.008246,8,0,8,fixed,8,8,0,0,3.000000,4.000000
1010,logistic,8,3,52,2,2,3,0.000000,17.833300,5.607487,11,0.404210,33,0,2,0,0.404210,0.404210,0.000000,0.000000,0.404210,-0.006620,0,0,1,-1,42,27,11,101.000000,31.333300,17.833300,0.990099,3.191493,5.607487,-0.009734,-0.000056,0.000219,0.000000,8,0,8,fixed,8,8,0,0,3.000000,4.000000
1010,logistic,8,3,53,0,0,2,1.591172,101.000000,0.198896,42,0.404210,33,0,0,0,0.404210,0.404210,0.000000,0.000000,0.404210,-0.006620,0,0,1,0,42,27,11,101.000000,31.333300,17.833300,0.199069,0.191793,0.182322,0.000219,0.008246,0.007670,0.008246,8,0,8,fixed,8,8,0,0,3.000000,4.000000
1010,logistic,8,3,54,1,1,4,0.000000,31.333300,1.276597,27,0.404210,33,0,1,0,0.404210,0.404210,0.000000,0.000000,0.404210,-0.006620,0,0,1,1,42,27,11,101.000000,31.333300,17.833300,0.396040,1.276597,2.242995,-0.011496,0.000219,0.000911,0.000911,8,0,8,fixed,8,8,0,0,3.000000,4.000000
1010,logistic,8,3,55,2,2,3,0.000000,17.833300,5.607487,11,0.404210,33,0,2,0,0.404210,0.404210,0.000000,0.000000,0.404210,-0.006620,0,0,1,-1,42,27,11,101.000000,31.333300,17.833300,0.990099,3.191493,5.607487,-0.009734,-0.000056,0.000219,0.000000,8,0,8,fixed,8,8,0,0,3.000000,4.000000
1010,logistic,8,3,56,1,1,4,0.000000,31.333300,1.276597,27,0.404210,33,0,1,0,0.404210,0.404210,0.000000,0.000000,0.404210,-0.006620,0,0,1,1,42,27,11,101.000000,31.333300,17.833300,0.396040,1.276597,2.242995,-0.011496,0.000219,0.000911,0.000911,8,0,8,fixed,8,8,0,0,3.000000,4.000000
1010,logistic,8,3,57,0,0,2,1.580377,101.000000,0.197547,42,0.404210,33,0,0,0,0.404210,0.404210,0.000000,0.000000,0.404210,-0.006620,0,0,1,0,42,27,11,101.000000,31.333300,17.833300,0.199111,0.190492,0.181085,0.000219,0.008168,0.007589,0.008168,8,0,8,fixed,8,8,0,0,3.000000,4.000000
1010,logistic,8,3,58,2,2,3,0.000000,17.833300,5.607487,11,0.404210,33,0,2,0,0.404210,0.404210,0.000000,0.000000,0.404210,-0.006620,0,0,1,-1,42,27,11,101.000000,31.333300,17.833300,0.990099,3.191493,5.607487,-0.009734,-0.000056,0.000219,0.000000,8,0,8,fixed,8,8,0,0,3.000000,4.000000
1010,logistic,8,3,59,1,1,4,0.000000,31.333300,1.276597,27,0.404210,33,0,1,0,0.404210,0.404210,0.000000,0.000000,0.404210,-0.006620,0,0,1,1,42,27,11,101.000000,31.333300,17.833300,0.396040,1.276597,2.242995,-0.011496,0.000219,0.000911,0.000911,8,0,8,fixed,8,8,0,0,3.000000,4.000000
1010,logistic,8,3,60,2,2,3,0.000000,17.833300,5.607487,11,0.404210,33,0,2,0,0.404210,0.404210,0.000000,0.000000,0.404210,-0.006620,0,0,1,-1,42,27,11,101.000000,31.333300,17.833300,0.990099,3.191493,5.607487,-0.009734,-0.000056,0.000219,0.000000,8,0,8,fixed,8,8,0,0,3.000000,4.000000
1010,logistic,8,3,61,0,0,1,2.910886,101.000000,0.970295,42,0.404210,33,0,0,0,0.404210,0.404210,0.000000,0.000000,0.404210,-0.006620,0,0,1,-1,42,27,11,101.000000,31.333300,17.833300,1.013751,0.935642,0.889437,0.000219,0.008681,0.008562,0.008681,8,0,8,fixed,8,8,0,0,3.000000,4.000000
1010,logistic,8,3,62,0,0,1,2.721949,101.000000,0.907316,42,0.404210,33,0,0,0,0.404210,0.404210,0.000000,0.000000,0.404210,-0.006620,0,0,1,-1,42,27,11,101.000000,31.333300,17.833300,1.021623,0.874912,0.831707,0.000219,0.008507,0.008380,0.008507,8,0,8,fixed,8,8,0,0,3.000000,4.000000
1010,logistic,8,3,63,0,0,1,3.081521,101.000000,1.027174,42,0.404210,33,0,0,0,0.404210,0.404210,0.000000,0.000000,0.404210,-0.006620,0,0,1,1,42,27,11,101.000000,31.333300,17.833300,1.006641,0.990489,0.941576,0.000219,0.008821,0.008709,0.008821,8,0,8,fixed,8,8,0,0,3.000000,4.000000
1010,logistic,8,3,64,0,0,2,1.595550,101.000000,0.199444,42,0.404210,33,0,0,0,0.404210,0.404210,0.000000,0.000000,0.404210,-0.006620,0,0,1,0,42,27,11,101.000000,31.333300,17.833300,0.199052,0.192321,0.182823,0.000219,0.008277,0.007703,0.008277,8,0,8,fixed,8,8,0,0,3.000000,4.000000
1010,logistic,8,3,65,1,1,4,0.000000,31.333300,1.276597,27,0.404210,33,0,1,0,0.404210,0.404210,0.000000,0.000000,0.404210,-0.006620,0,0,1,1,42,27,11,101.000000,31.333300,17.833300,0.396040,1.276597,2.242995,-0.011496,0.000219,0.000911,0.000911,8,0,8,fixed,8,8,0,0,3.000000,4.000000
1010,logistic,8,3,66,1,1,4,0.000000,31.333300,1.276597,27,0.404210,33,0,1,0,0.404210,0.404210,0.000000,0.000000,0.404210,-0.006620,0,0,1,1,42,27,11,101.000000,31.333300,17.833300,0.396040,1.276597,2.242995,-0.011496,0.000219,0.000911,0.000911,8,0,8,fixed,8,8,0,0,3.000000,4.000000
1010,logistic,8,3,67,1,1,4,0.000000,31.333300,1.276597,27,0.404210,33,0,1,0,0.404210,0.404210,0.000000,0.000000,0.404210,-0.006620,0,0,1,1,42,27,11,101.000000,31.333300,17.833300,0.396040,1.276597,2.242995,-0.011496,0.000219,0.000911,0.000911,8,0,8,fixed,8,8,0,0,3.000000,4.000000
1010,logistic,8,3,68,0,0,1,3.626543,101.000000,1.208848,42,0.404210,33,0,0,0,0.404210,0.404210,0.000000,0.000000,0.404210,-0.006620,0,0,1,1,42,27,11,101.000000,31.333300,17.833300,0.983932,1.165675,1.108110,0.000219,0.009193,0.009098,0.009193,8,0,8,fixed,8,8,0,0,3.000000,4.000000
1010,logistic,8,3,69,0,0,1,3.044243,101.000000,1.014748,42,0.404210,33,0,0,0,0.404210,0.404210,0.000000,0.000000,0.404210,-0.006620,0,0,1,1,42,27,11,101.000000,31.333300,17.833300,1.008194,0.978507,0.930185,0.000219,0.008792,0.008679,0.008792,8,0,8,fixed,8,8,0,0,3.000000,4.000000
1010,logistic,8,3,70,1,1,4,0.000000,31.333300,1.276597,27,0.404210,33,0,1,0,0.404210,0.404210,0.000000,0.000000,0.404210,-0.006620,0,0,1,1,42,27,11,101.000000,31.333300,17.833300,0.396040,1.276597,2.242995,-0.011496,0.000219,0.000911,0.000911,8,0,8,fixed,8,8,0,0,3.000000,4.000000
1010,logistic,8,3,71,0,0,2,1.594540,101.000000,0.199318,42,0.404210,33,0,0,0,0.404210,0.404210,0.000000,0.000000,0.404210,-0.006620,0,0,1,0,42,27,11,101.000000,31.333300,17.833300,0.199056,0.192199,0.182708,0.000219,0.008270,0.007696,0.008270,8,0,8,fixed,8,8,0,0,3.000000,4.000000
1010,logistic,8,3,72,1,1,4,0.000000,31.333300,1.276597,27,0.404210,33,0,1,0,0.404210,0.404210,0.000000,0.000000,0.404210,-0.006620,0,0,1,1,42,27,11,101.000000,31.333300,17.833300,0.396040,1.276597,2.242995,-0.011496,0.000219,0.000911,0.000911,8,0,8,fixed,8,8,0,0,3.000000,4.000000
1010,logistic,8,3,73,0,0,1,2.953970,101.000000,0.984657,42,0.404210,33,0,0,0,0.404210,0.404210,0.000000,0.000000,0.404210,-0.006620,0,0,1,-1,42,27,11,101.000000,31.333300,17.833300,1.011956,0.949490,0.902602,0.000219,0.008717,0.008601,0.008717,8,0,8,fixed,8,8,0,0,3.000000,4.000000
1010,logistic,8,3,74,0,0,2,1.595651,101.000000,0.199456,42,0.404210,33,0,0,0,0.404210,0.404210,0.000000,0.000000,0.404210,-0.006620,0,0,1,0,42,27,11,101.000000,31.333300,17.833300,0.199052,0.192333,0.182835,0.000219,0.008278,0.007704,0.008278,8,0,8,fixed,8,8,0,0,3.000000,4.000000
1010,logistic,8,3,75,0,0,2,1.582552,101.000000,0.197819,42,0.404210,33,0,0,0,0.404210,0.404210,0.000000,0.000000,0.404210,-0.006620,0,0,1,0,42,27,11,101.000000,31.333300,17.833300,0.199103,0.190754,0.181334,0.000219,0.008183,0.007605,0.008183,8,0,8,fixed,8,8,0,0,3.000000,4.000000
1010,logistic,8,3,76,0,0,2,1.593281,101.000000,0.199160,42,0.404210,33,0,0,0,0.404210,0.404210,0.000000,0.000000,0.404210,-0.006620,0,0,1,0,42,27,11,101.000000,31.333300,17.833300,0.199061,0.192047,0.182563,0.000219,0.008261,0.007686,0.008261,8,0,8,fixed,8,8,0,0,3.000000,4.000000
1010,logistic,8,3,77,0,0,2,1.589009,101.000000,0.198626,42,0.404210,33,0,0,0,0.404210,0.404210,0.000000,0.000000,0.404210,-0.006620,0,0,1,0,42,27,11,101.000000,31.333300,17.833300,0.199078,0.191532,0.182074,0.000219,0.008230,0.007654,0.008230,8,0,8,fixed,8,8,0,0,3.000000,4.000000
1010,logistic,8,3,78,1,1,4,0.000000,31.333300,1.276597,27,0.404210,33,0,1,0,0.404210,0.404210,0.000000,0.000000,0.404210,-0.006620,0,0,1,1,42,27,11,101.000000,31.333300,17.833300,0.396040,1.276597,2.242995,-0.011496,0.000219,0.000911,0.000911,8,0,8,fixed,8,8,0,0,3.000000,4.000000
1010,logistic,8,3,79,2,2,3,0.000000,17.833300,5.607487,11,0.404210,33,0,2,0,0.404210,0.404210,0.000000,0.000000,0.404210,-0.006620,0,0,1,-1,42,27,11,101.000000,31.333300,17.833300,0.990099,3.191493,5.607487,-0.009734,-0.000056,0.000219,0.000000,8,0,8,fixed,8,8,0,0,3.000000,4.000000
1010,logistic,8,3,80,1,1,4,0.000000,31.333300,1.276597,27,0.404210,33,0,1,0,0.404210,0.404210,0.000000,0.000000,0.404210,-0.006620,0,0,1,1,42,27,11,101.000000,31.333300,17.833300,0.396040,1.276597,2.242995,-0.011496,0.000219,0.000911,0.000911,8,0,8,fixed,8,8,0,0,3.000000,4.000000
1010,logistic,8,4,1,0,0,2,1.590156,101.667000,0.198769,42,0.403332,33,0,0,0,0.403332,0.403332,0.000000,0.000000,0.403332,-0.000879,0,0,1,0,42,27,11,101.667000,30.666700,17.666700,0.197773,0.191671,0.182205,0.000113,0.008209,0.007636,0.008209,8,0,8,fixed,8,8,0,0,3.000000,4.000000
1010,logistic,8,4,2,0,0,2,1.569424,101.667000,0.196178,42,0.403332,33,0,0,0,0.403332,0.403332,0.000000,0.000000,0.403332,-0.000879,0,0,1,0,42,27,11,101.667000,30.666700,17.666700,0.197854,0.189172,0.179830,0.000113,0.008058,0.007478,0.008058,8,0,8,fixed,8,8,0,0,3.000000,4.000000
1010,logistic,8,4,3,0,0,2,1.569412,101.667000,0.196176,42,0.403332,33,0,0,0,0.403332,0.403332,0.000000,0.000000,0.403332,-0.000879,0,0,1,0,42,27,11,101.667000,30.666700,17.666700,0.197854,0.189170,0.179828,0.000113,0.008058,0.007478,0.008058,8,0,8,fixed,8,8,0,0,3.000000,4.000000
1010,logistic,8,4,4,0,0,2,1.569371,101.667000,0.196171,42,0.403332,33,0,0,0,0.403332,0.403332,0.000000,0.000000,0.403332,-0.000879,0,0,1,0,42,27,11,101.667000,30.666700,17.666700,0.197854,0.189165,0.179824,0.000113,0.008058,0.007478,0.008058,8,0,8,fixed,8,8,0,0,3.000000,4.000000
1010,logistic,8,4,5,2,2,3,0.000000,17.666700,5.660367,11,0.403332,33,0,2,0,0.403332,0.403332,0.000000,0.000000,0.403332,-0.000879,0,0,1,-1,42,27,11,101.667000,30.666700,17.666700,0.983603,3.260866,5.660367,-0.009853,-0.000151,0.000113,0.000000,8,0,8,fixed,8,8,0,0,3.000000,4.000000
1010,logistic,8,4,6,1,1,4,0.000000,30.666700,1.304346,27,0.403332,33,0,1,0,0.403332,0.403332,0.000000,0.000000,0.403332,-0.000879,0,0,1,1,42,27,11,101.667000,30.666700,17.666700,0.393441,1.304346,2.264147,-0.011654,0.000113,0.000775,0.000775,8,0,8,fixed,8,8,0,0,3.000000,4.000000
1010,logistic,8,4,7,1,1,4,0.000000,30.666700,1.304346,27,0.403332,33,0,1,0,0.403332,0.403332,0.000000,0.000000,0.403332,-0.000879,0,0,1,1,42,27,11,101.667000,30.666700,17.666700,0.393441,1.304346,2.264147,-0.011654,0.000113,0.000775,0.000775,8,0,8,fixed,8,8,0,0,3.000000,4.000000
1010,logistic,8,4,8,1,1,4,0.000000,30.666700,1.304346,27,0.403332,33,0,1,0,0.403332,0.403332,0.000000,0.000000,0.403332,-0.000879,0,0,1,1,42,27,11,101.667000,30.666700,17.666700,0.393441,1.304346,2.264147,-0.011654,0.000113,0.000775,0.000775,8,0,8,fixed,8,8,0,0,3.000000,4.000000
1010,logistic,8,4,9,1,1,4,0.000000,30.666700,1.304346,27,0.403332,33,0,1,0,0.403332,0.403332,0.000000,0.000000,0.403332,-0.000879,0,0,1,1,42,27,11,101.667000,30.666700,17.666700,0.393441,1.304346,2.264147,-0.011654,0.000113,0.000775,0.000775,8,0,8,fixed,8,8,0,0,3.000000,4.000000
1010,logistic,8,4,10,0,0,2,1.595674,101.667000,0.199459,42,0.403332,33,0,0,0,0.403332,0.403332,0.000000,0.000000,0.403332,-0.000879,0,0,1,0,42,27,11,101.667000,30.666700,17.666700,0.197751,0.192336,0.182838,0.000113,0.008248,0.007677,0.008248,8,0,8,fixed,8,8,0,0,3.000000,4.000000
1010,logistic,8,4,11,0,0,2,1.570548,101.667000,0.196318,42,0.403332,33,0,0,0,0.403332,0.403332,0.000000,0.000000,0.403332,-0.000879,0,0,1,0,42,27,11,101.667000,30.666700,17.666700,0.197849,0.189307,0.179959,0.000113,0.008067,0.007487,0.008067,8,0,8,fixed,8,8,0,0,3.000000,4.000000
1010,logistic,8,4,12,0,0,2,1.595662,101.667000,0.199458,42,0.403332,33,0,0,0,0.403332,0.403332,0.000000,0.000000,0.403332,-0.000879,0,0,1,0,42,27,11,101.667000,30.666700,17.666700,0.197751,0.192334,0.182836,0.000113,0.008248,0.007677,0.008248,8,0,8,fixed,8,8,0,0,3.000000,4.000000
1010,logistic,8,4,13,1,1,4,0.000000,30.666700,1.304346,27,0.403332,33,0,1,0,0.403332,0.403332,0.000000,0.000000,0.403332,-0.000879,0,0,1,1,42,27,11,101.667000,30.666700,17.666700,0.393441,1.304346,2.264147,-0.011654,0.000113,0.000775,0.000775,8,0,8,fixed,8,8,0,0,3.000000,4.000000
1010,logistic,8,4,14,0,0,2,1.585760,101.667000,0.198220,42,0.403332,33,0,0,0,0.403332,0.403332,0.000000,0.000000,0.403332,-0.000879,0,0,1,0,42,27,11,101.667000,30.666700,17.666700,0.197790,0.191141,0.181702,0.000113,0.008177,0.007603,0.008177,8,0,8,fixed,8,8,0,0,3.000000,4.000000
1010,logistic,8,4,15,0,0,2,1.586835,101.667000,0.198354,42,0.403332,33,0,0,0,0.403332,0.403332,0.000000,0.000000,0.403332,-0.000879,0,0,1,0,42,27,11,101.667000,30.666700,17.666700,0.197786,0.191270,0.181825,0.000113,0.008185,0.007611,0.008185,8,0,8,fixed,8,8,0,0,3.000000,4.000000
1010,logistic,8,4,16,1,1,4,0.000000,30.666700,1.304346,27,0.403332,33,0,1,0,0.403332,0.403332,0.000000,0.000000,0.403332,-0.000879,0,0,1,1,42,27,11,101.667000,30.666700,17.666700,0.393441,1.304346,2.264147,-0.011654,0.000113,0.000775,0.000775,8,0,8,fixed,8,8,0,0,3.000000,4.000000
1010,logistic,8,4,17,1,1,4,0.000000,30.666700,1.304346,27,0.403332,33,0,1,0,0.403332,0.403332,0.000000,0.000000,0.403332,-0.000879,0,0,1,1,42,27,11,101.667000,30.666700,17.666700,0.393441,1.304346,2.264147,-0.011654,0.000113,0.000775,0.000775,8,0,8,fixed,8,8,0,0,3.000000,4.000000
1010,logistic,8,4,18,1,1,4,0.000000,30.666700,1.304346,27,0.403332,33,0,1,0,0.403332,0.403332,0.000000,0.000000,0.403332,-0.000879,0,0,1,1,42,27,11,101.667000,30.666700,17.666700,0.393441,1.304346,2.264147,-0.011654,0.000113,0.000775,0.000775,8,0,8,fixed,8,8,0,0,3.000000,4.000000
1010,logistic,8,4,19,1,1,4,0.000000,30.666700,1.304346,27,0.403332,33,0,1,0,0.403332,0.403332,0.000000,0.000000,0.403332,-0.000879,0,0,1,1,42,27,11,101.667000,30.666700,17.666700,0.393441,1.304346,2.264147,-0.011654,0.000113,0.000775,0.000775,8,0,8,fixed,8,8,0,0,3.000000,4.000000
1010,logistic,8,4,20,0,0,2,1.569388,101.667000,0.196174,42,0.403332,33,0,0,0,0.403332,0.403332,0.000000,0.000000,0.403332,-0.000879,0,0,1,0,42,27,11,101.667000,30.666700,17.666700,0.197854,0.189167,0.179826,0.000113,0.008058,0.007478,0.008058,8,0,8,fixed,8,8,0,0,3.000000,4.000000
1010,logistic,8,4,21,1,1,4,0.000000,30.666700,1.304346,27,0.403332,33,0,1,0,0.403332,0.403332,0.000000,0.000000,0.403332,-0.000879,0,0,1,1,42,27,11,101.667000,30.666700,17.666700,0.393441,1.304346,2.264147,-0.011654,0.000113,0.000775,0.000775,8,0,8,fixed,8,8,0,0,3.000000,4.000000
1010,logistic,8,4,22,2,2,3,0.000000,17.666700,5.660367,11,0.403332,33,0,2,0,0.403332,0.403332,0.000000,0.000000,0.403332,-0.000879,0,0,1,-1,42,27,11,101.667000,30.666700,17.666700,0.983603,3.260866,5.660367,-0.009853,-0.000151,0.000113,0.000000,8,0,8,fixed,8,8,0,0,3.000000,4.000000
1010,logistic,8,4,23,0,0,1,3.186394,101.667000,1.062131,42,0.403332,33,0,0,0,0.403332,0.403332,0.000000,0.000000,0.403332,-0.000879,0,0,1,1,42,27,11,101.667000,30.666700,17.666700,1.015738,1.024198,0.973620,0.000113,0.008773,0.008665,0.008773,8,0,8,fixed,8,8,0,0,3.000000,4.000000
1010,logistic,8,4,24,0,0,2,1.567178,101.667000,0.195897,42,0.403332,33,0,0,0,0.403332,0.403332,0.000000,0.000000,0.403332,-0.000879,0,0,1,0,42,27,11,101.667000,30.666700,17.666700,0.197863,0.188901,0.179572,0.000113,0.008042,0.007461,0.008042,8,0,8,fixed,8,8,0,0,3.000000,4.000000
1010,logistic,8,4,25,0,0,2,1.562772,101.667000,0.195346,42,0.403332,33,1,0,0,0.403332,0.403332,0.000000,0.000000,0.403332,-0.000879,0,0,1,0,42,27,11,101.667000,30.666700,17.666700,0.197880,0.188370,0.179068,0.000113,0.008010,0.007427,0.008010,8,0,8,fixed,8,8,0,0,3.000000,4.000000
1010,logistic,8,4,26,2,2,3,0.000000,17.666700,5.660367,11,0.403332,33,0,2,0,0.403332,0.403332,0.000000,0.000000,0.403332,-0.000879,0,0,1,-1,42,27,11,101.667000,30.666700,17.666700,0.983603,3.260866,5.660367,-0.009853,-0.000151,0.000113,0.000000,8,0,8,fixed,8,8,0,0,3.000000,4.000000
1010,logistic,8,4,27,1,1,4,0.000000,30.666700,1.304346,27,0.403332,33,0,1,0,0.403332,0.403332,0.000000,0.000000,0.403332,-0.000879,0,0,1,1,42,27,11,101.667000,30.666700,17.666700,0.393441,1.304346,2.264147,-0.011654,0.000113,0.000775,0.000775,8,0,8,fixed,8,8,0,0,3.000000,4.000000
1010,logistic,8,4,28,1,1,4,0.000000,30.666700,1.304346,27,0.403332,33,0,1,0,0.403332,0.403332,0.000000,0.000000,0.403332,-0.000879,0,0,1,1,42,27,11,101.667000,30.666700,17.666700,0.393441,1.304346,2.264147,-0.011654,0.000113,0.000775,0.000775,8,0,8,fixed,8,8,0,0,3.000000,4.000000
1010,logistic,8,4,29,0,0,2,1.562772,101.667000,0.195346,42,0.403332,33,0,0,0,0.403332,0.403332,0.000000,0.000000,0.403332,-0.000879,0,0,1,0,42,27,11,101.667000,30.666700,17.666700,0.197880,0.188370,0.179068,0.000113,0.008010,0.007427,0.008010,8,0,8,fixed,8,8,0,0,3.000000,4.000000
1010,logistic,8,4,30,2,2,3,0.000000,17.666700,5.660367,11,0.403332,33,0,2,0,0.403332,0.403332,0.000000,0.000000,0.403332,-0.000879,0,0,1,-1,42,27,11,101.667000,30.666700,17.666700,0.983603,3.260866,5.660367,-0.009853,-0.000151,0.000113,0.000000,8,0,8,fixed,8,8,0,0,3.000000,4.000000
1010,logistic,8,4,31,0,0,2,1.595621,101.667000,0.199453,42,0.403332,33,0,0,0,0.403332,0.403332,0.000000,0.000000,0.403332,-0.000879,0,0,1,0,42,27,11,101.667000,30.666700,17.666700,0.197752,0.192329,0.182832,0.000113,0.008248,0.007676,0.008248,8,0,8,fixed,8,8,0,0,3.000000,4.000000
1010,logistic,8,4,32,1,1,4,0.000000,30.666700,1.304346,27,0.403332,33,0,1,0,0.403332,0.403332,0.000000,0.000000,0.403332,-0.000879,0,0,1,1,42,27,11,101.667000,30.666700,17.666700,0.393441,1.304346,2.264147,-0.011654,0.000113,0.000775,0.000775,8,0,8,fixed,8,8,0,0,3.000000,4.000000
1010,logistic,8,4,33,0,0,1,2.977849,101.667000,0.992616,42,0.403332,33,0,0,0,0.403332,0.403332,0.000000,0.000000,0.403332,-0.000879,0,0,1,-1,42,27,11,101.667000,30.666700,17.666700,1.024428,0.957166,0.909898,0.000113,0.008610,0.008495,0.008610,8,0,8,fixed,8,8,0,0,3.000000,4.000000
1010,logistic,8,4,34,1,1,4,0.000000,30.666700,1.304346,27,0.403332,33,0,1,0,0.403332,0.403332,0.000000,0.000000,0.403332,-0.000879,0,0,1,1,42,27,11,101.667000,30.666700,17.666700,0.393441,1.304346,2.264147,-0.011654,0.000113,0.000775,0.000775,8,0,8,fixed,8,8,0,0,3.000000,4.000000
1010,logistic,8,4,35,1,1,4,0.000000,30.666700,1.304346,27,0.403332,33,0,1,0,0.403332,0.403332,0.000000,0.000000,0.403332,-0.000879,0,0,1,1,42,27,11,101.667000,30.666700,17.666700,0.393441,1.304346,2.264147,-0.011654,0.000113,0.000775,0.000775,8,0,8,fixed,8,8,0,0,3.000000,4.000000
1010,logistic,8,4,36,1,1,4,0.000000,30.666700,1.304346,27,0.403332,33,0,1,0,0.403332,0.403332,0.000000,0.000000,0.403332,-0.000879,0,0,1,1,42,27,11,101.667000,30.666700,17.666700,0.393441,1.304346,2.264147,-0.011654,0.000113,0.000775,0.000775,8,0,8,fixed,8,8,0,0,3.000000,4.000000
1010,logistic,8,4,37,0,0,2,1.566145,101.667000,0.195768,42,0.403332,33,0,0,0,0.403332,0.403332,0.000000,0.000000,0.403332,-0.000879,0,0,1,0,42,27,11,101.667000,30.666700,17.666700,0.197867,0.188776,0.179454,0.000113,0.008034,0.007453,0.008034,8,0,8,fixed,8,8,0,0,3.000000,4.000000
1010,logistic,8,4,38,0,0,2,1.595598,101.667000,0.199450,42,0.403332,33,0,0,0,0.403332,0.403332,0.000000,0.000000,0.403332,-0.000879,0,0,1,0,42,27,11,101.667000,30.666700,17.666700,0.197752,0.192327,0.182829,0.000113,0.008247,0.007676,0.008247,8,0,8,fixed,8,8,0,0,3.000000,4.000000
1010,logistic,8,4,39,1,1,4,0.000000,30.666700,1.304346,27,0.403332,33,0,1,0,0.403332,0.403332,0.000000,0.000000,0.403332,-0.000879,0,0,1,1,42,27,11,101.667000,30.666700,17.666700,0.393441,1.304346,2.264147,-0.011654,0.000113,0.000775,0.000775,8,0,8,fixed,8,8,0,0,3.000000,4.000000
1010,logistic,8,4,40,0,0,2,1.564934,101.667000,0.195617,42,0.403332,33,0,0,0,0.403332,0.403332,0.000000,0.000000,0.403332,-0.000879,0,0,1,0,42,27,11,101.667000,30.666700,17.666700,0.197871,0.188630,0.179315,0.000113,0.008025,0.007444,0.008025,8,0,8,fixed,8,8,0,0,3.000000,4.000000
1010,logistic,8,4,41,0,0,1,3.179686,101.667000,1.059895,42,0.403332,33,0,0,0,0.403332,0.403332,0.000000,0.000000,0.403332,-0.000879,0,0,1,1,42,27,11,101.667000,30.666700,17.666700,1.016018,1.022042,0.971571,0.000113,0.008768,0.008660,0.008768,8,0,8,fixed,8,8,0,0,3.000000,4.000000
1010,logistic,8,4,42,0,0,2,1.595586,101.667000,0.199448,42,0.403332,33,0,0,0,0.403332,0.403332,0.000000,0.000000,0.403332,-0.000879,0,0,1,0,42,27,11,101.667000,30.666700,17.666700,0.197752,0.192325,0.182828,0.000113,0.008247,0.007676,0.008247,8,0,8,fixed,8,8,0,0,3.000000,4.000000
1010,logistic,8,4,43,0,0,2,1.595628,101.667000,0.199454,42,0.403332,33,0,0,0,0.403332,0.403332,0.000000,0.000000,0.403332,-0.000879,0,0,1,0,42,27,11,101.667000,30.666700,17.666700,0.197751,0.192330,0.182832,0.000113,0.008248,0.007676,0.008248,8,0,8,fixed,8,8,0,0,3.000000,4.000000
1010,logistic,8,4,44,2,2,3,0.000000,17.666700,5.660367,11,0.403332,33,0,2,0,0.403332,0.403332,0.000000,0.000000,0.403332,-0.000879,0,0,1,-1,42,27,11,101.667000,30.666700,17.666700,0.983603,3.260866,5.660367,-0.009853,-0.000151,0.000113,0.000000,8,0,8,fixed,8,8,0,0,3.000000,4.000000
1010,logistic,8,4,45,0,0,2,1.595639,101.667000,0.199455,42,0.403332,33,0,0,0,0.403332,0.403332,0.000000,0.000000,0.403332,-0.000879,0,0,1,0,42,27,11,101.667000,30.666700,17.666700,0.197751,0.192332,0.182834,0.000113,0.008248,0.007677,0.008248,8,0,8,fixed,8,8,0,0,3.000000,4.000000
1010,logistic,8,4,46,2,2,3,0.000000,17.666700,5.660367,11,0.403332,33,0,2,0,0.403332,0.403332,0.000000,0.000000,0.403332,-0.000879,0,0,1,-1,42,27,11,101.667000,30.666700,17.666700,0.983603,3.260866,5.660367,-0.009853,-0.000151,0.000113,0.000000,8,0,8,fixed,8,8,0,0,3.000000,4.000000
1010,logistic,8,4,47,0,0,2,1.581353,101.667000,0.197669,42,0.403332,33,0,0,0,0.403332,0.403332,0.000000,0.000000,0.403332,-0.000879,0,0,1,0,42,27,11,101.667000,30.666700,17.666700,0.197807,0.190609,0.181197,0.000113,0.008145,0.007569,0.008145,8,0,8,fixed,8,8,0,0,3.000000,4.000000
1010,logistic,8,4,48,0,0,2,1.586783,101.667000,0.198348,42,0.403332,33,0,0,0,0.403332,0.403332,0.000000,0.000000,0.403332,-0.000879,0,0,1,0,42,27,11,101.667000,30.666700,17.666700,0.197786,0.191264,0.181819,0.000113,0.008184,0.007610,0.008184,8,0,8,fixed,8,8,0,0,3.000000,4.000000
1010,logistic,8,4,49,0,0,2,1.582446,101.667000,0.197806,42,0.403332,33,0,0,0,0.403332,0.403332,0.000000,0.000000,0.403332,-0.000879,0,0,1,0,42,27,11,101.667000,30.666700,17.666700,0.197803,0.190741,0.181322,0.000113,0.008153,0.007578,0.008153,8,0,8,fixed,8,8,0,0,3.000000,4.000000
1010,logistic,8,4,50,0,0,2,1.591226,101.667000,0.198903,42,0.403332,33,0,0,0,0.403332,0.403332,0.000000,0.000000,0.403332,-0.000879,0,0,1,0,42,27,11,101.667000,30.666700,17.666700,0.197769,0.191800,0.182328,0.000113,0.008216,0.007644,0.008216,8,0,8,fixed,8,8,0,0,3.000000,4.000000
1010,logistic,8,4,51,0,0,2,1.581399,101.667000,0.197675,42,0.403332,33,0,0,0,0.403332,0.403332,0.000000,0.000000,0.403332,-0.000879,0,0,1,0,42,27,11,101.667000,30.666700,17.666700,0.197807,0.190615,0.181202,0.000113,0.008146,0.007570,0.008146,8,0,8,fixed,8,8,0,0,3.000000,4.000000
1010,logistic,8,4,52,2,2,3,0.000000,17.666700,5.660367,11,0.403332,33,0,2,0,0.403332,0.403332,0.000000,0.000000,0.403332,-0.000879,0,0,1,-1,42,27,11,101.667000,30.666700,17.666700,0.983603,3.260866,5.660367,-0.009853,-0.000151,0.000113,0.000000,8,0,8,fixed,8,8,0,0,3.000000,4.000000
1010,logistic,8,4,53,0,0,2,1.581411,101.667000,0.197676,42,0.403332,33,0,0,0,0.403332,0.403332,0.000000,0.000000,0.403332,-0.000879,0,0,1,0,42,27,11,101.667000,30.666700,17.666700,0.197807,0.190616,0.181203,0.000113,0.008146,0.007570,0.008146,8,0,8,fixed,8,8,0,0,3.000000,4.000000
1010,logistic,8,4,54,1,1,4,0.000000,30.666700,1.304346,27,0.403332,33,0,1,0,0.403332,0.403332,0.000000,0.000000,0.403332,-0.000879,0,0,1,1,42,27,11,101.667000,30.666700,17.666700,0.393441,1.304346,2.264147,-0.011654,0.000113,0.000775,0.000775,8,0,8,fixed,8,8,0,0,3.000000,4.000000
1010,logistic,8,4,55,2,2,3,0.000000,17.666700,5.660367,11,0.403332,33,0,2,0,0.403332,0.403332,0.000000,0.000000,0.403332,-0.000879,0,0,1,-1,42,27,11,101.667000,30.666700,17.666700,0.983603,3.260866,5.660367,-0.009853,-0.000151,0.000113,0.000000,8,0,8,fixed,8,8,0,0,3.000000,4.000000
1010,logistic,8,4,56,1,1,4,0.000000,30.666700,1.304346,27,0.403332,33,0,1,0,0.403332,0.403332,0.000000,0.000000,0.403332,-0.000879,0,0,1,1,42,27,11,101.667000,30.666700,17.666700,0.393441,1.304346,2.264147,-0.011654,0.000113,0.000775,0.000775,8,0,8,fixed,8,8,0,0,3.000000,4.000000
1010,logistic,8,4,57,0,0,2,1.595656,101.667000,0.199457,42,0.403332,33,0,0,0,0.403332,0.403332,0.000000,0.000000,0.403332,-0.000879,0,0,1,0,42,27,11,101.667000,30.666700,17.666700,0.197751,0.192334,0.182836,0.000113,0.008248,0.007677,0.008248,8,0,8,fixed,8,8,0,0,3.000000,4.000000
1010,logistic,8,4,58,2,2,3,0.000000,17.666700,5.660367,11,0.403332,33,0,2,0,0.403332,0.403332,0.000000,0.000000,0.403332,-0.000879,0,0,1,-1,42,27,11,101.667000,30.666700,17.666700,0.983603,3.260866,5.660367,-0.009853,-0.000151,0.000113,0.000000,8,0,8,fixed,8,8,0,0,3.000000,4.000000
1010,logistic,8,4,59,1,1,4,0.000000,30.666700,1.304346,27,0.403332,33,0,1,0,0.403332,0.403332,0.000000,0.000000,0.403332,-0.000879,0,0,1,1,42,27,11,101.667000,30.666700,17.666700,0.393441,1.304346,2.264147,-0.011654,0.000113,0.000775,0.000775,8,0,8,fixed,8,8,0,0,3.000000,4.000000
1010,logistic,8,4,60,2,2,3,0.000000,17.666700,5.660367,11,0.403332,33,0,2,0,0.403332,0.403332,0.000000,0.000000,0.403332,-0.000879,0,0,1,-1,42,27,11,101.667000,30.666700,17.666700,0.983603,3.260866,5.660367,-0.009853,-0.000151,0.000113,0.000000,8,0,8,fixed,8,8,0,0,3.000000,4.000000
1010,logistic,8,4,61,0,0,1,2.906365,101.667000,0.968788,42,0.403332,33,0,0,0,0.403332,0.403332,0.000000,0.000000,0.403332,-0.000879,0,0,1,-1,42,27,11,101.667000,30.666700,17.666700,1.027406,0.934189,0.888056,0.000113,0.008550,0.008432,0.008550,8,0,8,fixed,8,8,0,0,3.000000,4.000000
1010,logistic,8,4,62,0,0,1,3.339782,101.667000,1.113261,42,0.403332,33,0,0,0,0.403332,0.403332,0.000000,0.000000,0.403332,-0.000879,0,0,1,1,42,27,11,101.667000,30.666700,17.666700,1.009347,1.073501,1.020489,0.000113,0.008881,0.008778,0.008881,8,0,8,fixed,8,8,0,0,3.000000,4.000000
1010,logistic,8,4,63,0,0,1,2.559202,101.667000,0.853067,42,0.403332,33,0,0,0,0.403332,0.403332,0.000000,0.000000,0.403332,-0.000879,0,0,1,-1,42,27,11,101.667000,30.666700,17.666700,1.041871,0.822601,0.781978,0.000113,0.008214,0.008081,0.008214,8,0,8,fixed,8,8,0,0,3.000000,4.000000
1010,logistic,8,4,64,0,0,2,1.582517,101.667000,0.197815,42,0.403332,33,0,0,0,0.403332,0.403332,0.000000,0.000000,0.403332,-0.000879,0,0,1,0,42,27,11,101.667000,30.666700,17.666700,0.197803,0.190750,0.181330,0.000113,0.008154,0.007578,0.008154,8,0,8,fixed,8,8,0,0,3.000000,4.000000
1010,logistic,8,4,65,1,1,4,0.000000,30.666700,1.304346,27,0.403332,33,0,1,0,0.403332,0.403332,0.000000,0.000000,0.403332,-0.000879,0,0,1,1,42,27,11,101.667000,30.666700,17.666700,0.393441,1.304346,2.264147,-0.011654,0.000113,0.000775,0.000775,8,0,8,fixed,8,8,0,0,3.000000,4.000000
1010,logistic,8,4,66,1,1,4,0.000000,30.666700,1.304346,27,0.403332,33,0,1,0,0.403332,0.403332,0.000000,0.000000,0.403332,-0.000879,0,0,1,1,42,27,11,101.667000,30.666700,17.666700,0.393441,1.304346,2.264147,-0.011654,0.000113,0.000775,0.000775,8,0,8,fixed,8,8,0,0,3.000000,4.000000
1010,logistic,8,4,67,1,1,4,0.000000,30.666700,1.304346,27,0.403332,33,0,1,0,0.403332,0.403332,0.000000,0.000000,0.403332,-0.000879,0,0,1,1,42,27,11,101.667000,30.666700,17.666700,0.393441,1.304346,2.264147,-0.011654,0.000113,0.000775,0.000775,8,0,8,fixed,8,8,0,0,3.000000,4.000000
1010,logistic,8,4,68,0,0,1,3.183277,101.667000,1.061092,42,0.403332,33,0,0,0,0.403332,0.403332,0.000000,0.000000,0.403332,-0.000879,0,0,1,1,42,27,11,101.667000,30.666700,17.666700,1.015868,1.023196,0.972668,0.000113,0.008770,0.008663,0.008770,8,0,8,fixed,8,8,0,0,3.000000,4.000000
1010,logistic,8,4,69,0,0,1,3.092991,101.667000,1.030997,42,0.403332,33,0,0,0,0.403332,0.403332,0.000000,0.000000,0.403332,-0.000879,0,0,1,1,42,27,11,101.667000,30.666700,17.666700,1.019630,0.994176,0.945081,0.000113,0.008702,0.008591,0.008702,8,0,8,fixed,8,8,0,0,3.000000,4.000000
1010,logistic,8,4,70,1,1,4,0.000000,30.666700,1.304346,27,0.403332,33,0,1,0,0.403332,0.403332,0.000000,0.000000,0.403332,-0.000879,0,0,1,1,42,27,11,101.667000,30.666700,17.666700,0.393441,1.304346,2.264147,-0.011654,0.000113,0.000775,0.000775,8,0,8,fixed,8,8,0,0,3.000000,4.000000
1010,logistic,8,4,71,0,0,2,1.596756,101.667000,0.199595,42,0.403332,33,0,0,0,0.403332,0.403332,0.000000,0.000000,0.403332,-0.000879,0,0,1,0,42,27,11,101.667000,30.666700,17.666700,0.197747,0.192466,0.182962,0.000113,0.008256,0.007685,0.008256,8,0,8,fixed,8,8,0,0,3.000000,4.000000
1010,logistic,8,4,72,1,1,4,0.000000,30.666700,1.304346,27,0.403332,33,0,1,0,0.403332,0.403332,0.000000,0.000000,0.403332,-0.000879,0,0,1,1,42,27,11,101.667000,30.666700,17.666700,0.393441,1.304346,2.264147,-0.011654,0.000113,0.000775,0.000775,8,0,8,fixed,8,8,0,0,3.000000,4.000000
1010,logistic,8,4,73,0,0,1,3.138568,101.667000,1.046189,42,0.403332,33,0,0,0,0.403332,0.403332,0.000000,0.000000,0.403332,-0.000879,0,0,1,1,42,27,11,101.667000,30.666700,17.666700,1.017731,1.008826,0.959007,0.000113,0.008737,0.008628,0.008737,8,0,8,fixed,8,8,0,0,3.000000,4.000000
1010,logistic,8,4,74,0,0,2,1.582476,101.667000,0.197809,42,0.403332,33,0,0,0,0.403332,0.403332,0.000000,0.000000,0.403332,-0.000879,0,0,1,0,42,27,11,101.667000,30.666700,17.666700,0.197803,0.190745,0.181325,0.000113,0.008153,0.007578,0.008153,8,0,8,fixed,8,8,0,0,3.000000,4.000000
1010,logistic,8,4,75,0,0,2,1.591214,101.667000,0.198902,42,0.403332,33,0,0,0,0.403332,0.403332,0.000000,0.000000,0.403332,-0.000879,0,0,1,0,42,27,11,101.667000,30.666700,17.666700,0.197769,0.191798,0.182327,0.000113,0.008216,0.007644,0.008216,8,0,8,fixed,8,8,0,0,3.000000,4.000000
1010,logistic,8,4,76,0,0,2,1.581306,101.667000,0.197663,42,0.403332,33,0,0,0,0.403332,0.403332,0.000000,0.000000,0.403332,-0.000879,0,0,1,0,42,27,11,101.667000,30.666700,17.666700,0.197807,0.190604,0.181191,0.000113,0.008145,0.007569,0.008145,8,0,8,fixed,8,8,0,0,3.000000,4.000000
1010,logistic,8,4,77,0,0,2,1.581359,101.667000,0.197670,42,0.403332,33,0,0,0,0.403332,0.403332,0.000000,0.000000,0.403332,-0.000879,0,0,1,0,42,27,11,101.667000,30.666700,17.666700,0.197807,0.190610,0.181197,0.000113,0.008145,0.007569,0.008145,8,0,8,fixed,8,8,0,0,3.000000,4.000000
1010,logistic,8,4,78,1,1,4,0.000000,30.666700,1.304346,27,0.403332,33,0,1,0,0.403332,0.403332,0.000000,0.000000,0.403332,-0.000879,0,0,1,1,42,27,11,101.667000,30.666700,17.666700,0.393441,1.304346,2.264147,-0.011654,0.000113,0.000775,0.000775,8,0,8,fixed,8,8,0,0,3.000000,4.000000
1010,logistic,8,4,79,2,2,3,0.000000,17.666700,5.660367,11,0.403332,33,0,2,0,0.403332,0.403332,0.000000,0.000000,0.403332,-0.000879,0,0,1,-1,42,27,11,101.667000,30.666700,17.666700,0.983603,3.260866,5.660367,-0.009853,-0.000151,0.000113,0.000000,8,0,8,fixed,8,8,0,0,3.000000,4.000000
1010,logistic,8,4,80,1,1,4,0.000000,30.666700,1.304346,27,0.403332,33,0,1,0,0.403332,0.403332,0.000000,0.000000,0.403332,-0.000879,0,0,1,1,42,27,11,101.667000,30.666700,17.666700,0.393441,1.304346,2.264147,-0.011654,0.000113,0.000775,0.000775,8,0,8,fixed,8,8,0,0,3.000000,4.000000
1010,logistic,8,5,1,0,0,2,1.652479,103.000000,0.206560,42,0.416757,33,0,0,0,0.416757,0.416757,0.000000,0.000000,0.416757,0.013425,0,0,1,0,42,27,11,103.000000,30.333300,18.166700,0.207230,0.199183,0.189347,0.001170,0.009436,0.008845,0.009436,8,0,8,fixed,8,8,0,0,3.000000,4.000000
1010,logistic,8,5,2,0,0,2,1.657885,103.000000,0.207236,42,0.416757,33,0,0,0,0.416757,0.416757,0.000000,0.000000,0.416757,0.013425,0,0,1,0,42,27,11,103.000000,30.333300,18.166700,0.207208,0.199834,0.189966,0.001170,0.009475,0.008885,0.009475,8,0,8,fixed,8,8,0,0,3.000000,4.000000
1010,logistic,8,5,3,0,0,2,1.672130,103.000000,0.209016,42,0.416757,33,0,0,0,0.416757,0.416757,0.000000,0.000000,0.416757,0.013425,0,0,1,0,42,27,11,103.000000,30.333300,18.166700,0.207153,0.201551,0.191598,0.001170,0.009574,0.008990,0.009574,8,0,8,fixed,8,8,0,0,3.000000,4.000000
1010,logistic,8,5,4,0,0,2,1.671012,103.000000,0.208876,42,0.416757,33,0,0,0,0.416757,0.416757,0.000000,0.000000,0.416757,0.013425,0,0,1,0,42,27,11,103.000000,30.333300,18.166700,0.207157,0.201417,0.191470,0.001170,0.009567,0.008981,0.009567,8,0,8,fixed,8,8,0,0,3.000000,4.000000
1010,logistic,8,5,5,2,2,3,0.000000,18.166700,5.504577,11,0.416757,33,0,2,0,0.416757,0.416757,0.000000,0.000000,0.416757,0.013425,0,0,1,-1,42,27,11,103.000000,30.333300,18.166700,0.970874,3.296707,5.504577,-0.009201,0.000905,0.001170,0.000905,8,0,8,fixed,8,8,0,0,3.000000,4.000000
1010,logistic,8,5,6,1,1,4,0.000000,30.333300,1.318683,27,0.416757,33,0,1,0,0.416757,0.416757,0.000000,0.000000,0.416757,0.013425,0,0,1,1,42,27,11,103.000000,30.333300,18.166700,0.388350,1.318683,2.201831,-0.011201,0.001170,0.001835,0.001835,8,0,8,fixed,8,8,0,0,3.000000,4.000000
1010,logistic,8,5,7,1,1,4,0.000000,30.333300,1.318683,27,0.416757,33,0,1,0,0.416757,0.416757,0.000000,0.000000,0.416757,0.013425,0,0,1,1,42,27,11,103.000000,30.333300,18.166700,0.388350,1.318683,2.201831,-0.011201,0.001170,0.001835,0.001835,8,0,8,fixed,8,8,0,0,3.000000,4.000000
1010,logistic,8,5,8,1,1,4,0.000000,30.333300,1.318683,27,0.416757,33,0,1,0,0.416757,0.416757,0.000000,0.000000,0.416757,0.013425,0,0,1,1,42,27,11,103.000000,30.333300,18.166700,0.388350,1.318683,2.201831,-0.011201,0.001170,0.001835,0.001835,8,0,8,fixed,8,8,0,0,3.000000,4.000000
1010,logistic,8,5,9,1,1,4,0.000000,30.333300,1.318683,27,0.416757,33,0,1,0,0.416757,0.416757,0.000000,0.000000,0.416757,0.013425,0,0,1,1,42,27,11,103.000000,30.333300,18.166700,0.388350,1.318683,2.201831,-0.011201,0.001170,0.001835,0.001835,8,0,8,fixed,8,8,0,0,3.000000,4.000000
1010,logistic,8,5,10,0,0,2,1.652386,103.000000,0.206548,42,0.416757,33,0,0,0,0.416757,0.416757,0.000000,0.000000,0.416757,0.013425,0,0,1,0,42,27,11,103.000000,30.333300,18.166700,0.207230,0.199172,0.189336,0.001170,0.009436,0.008844,0.009436,8,0,8,fixed,8,8,0,0,3.000000,4.000000
1010,logistic,8,5,11,0,0,2,1.650229,103.000000,0.206279,42,0.416757,33,0,0,0,0.416757,0.416757,0.000000,0.000000,0.416757,0.013425,0,0,1,0,42,27,11,103.000000,30.333300,18.166700,0.207238,0.198911,0.189089,0.001170,0.009420,0.008828,0.009420,8,0,8,fixed,8,8,0,0,3.000000,4.000000
1010,logistic,8,5,12,0,0,2,1.651275,103.000000,0.206409,42,0.416757,33,0,0,0,0.416757,0.416757,0.000000,0.000000,0.416757,0.013425,0,0,1,0,42,27,11,103.000000,30.333300,18.166700,0.207234,0.199038,0.189209,0.001170,0.009428,0.008836,0.009428,8,0,8,fixed,8,8,0,0,3.000000,4.000000
1010,logistic,8,5,13,1,1,4,0.000000,30.333300,1.318683,27,0.416757,33,0,1,0,0.416757,0.416757,0.000000,0.000000,0.416757,0.013425,0,0,1,1,42,27,11,103.000000,30.333300,18.166700,0.388350,1.318683,2.201831,-0.011201,0.001170,0.001835,0.001835,8,0,8,fixed,8,8,0,0,3.000000,4.000000
1010,logistic,8,5,14,0,0,2,1.650247,103.000000,0.206281,42,0.416757,33,0,0,0,0.416757,0.416757,0.000000,0.000000,0.416757,0.013425,0,0,1,0,42,27,11,103.000000,30.333300,18.166700,0.207238,0.198914,0.189091,0.001170,0.009420,0.008828,0.009420,8,0,8,fixed,8,8,0,0,3.000000,4.000000
1010,logistic,8,5,15,0,0,2,1.672082,103.000000,0.209010,42,0.416757,33,0,0,0,0.416757,0.416757,0.000000,0.000000,0.416757,0.013425,0,0,1,0,42,27,11,103.000000,30.333300,18.166700,0.207153,0.201546,0.191593,0.001170,0.009574,0.008989,0.009574,8,0,8,fixed,8,8,0,0,3.000000,4.000000
1010,logistic,8,5,16,1,1,4,0.000000,30.333300,1.318683,27,0.416757,33,0,1,0,0.416757,0.416757,0.000000,0.000000,0.416757,0.013425,0,0,1,1,42,27,11,103.000000,30.333300,18.166700,0.388350,1.318683,2.201831,-0.011201,0.001170,0.001835,0.001835,8,0,8,fixed,8,8,0,0,3.000000,4.000000
1010,logistic,8,5,17,1,1,4,0.000000,30.333300,1.318683,27,0.416757,33,0,1,0,0.416757,0.416757,0.000000,0.000000,0.416757,0.013425,0,0,1,1,42,27,11,103.000000,30.333300,18.166700,0.388350,1.318683,2.201831,-0.011201,0.001170,0.001835,0.001835,8,0,8,fixed,8,8,0,0,3.000000,4.000000
1010,logistic,8,5,18,1,1,4,0.000000,30.333300,1.318683,27,0.416757,33,0,1,0,0.416757,0.416757,0.000000,0.000000,0.416757,0.013425,0,0,1,1,42,27,11,103.000000,30.333300,18.166700,0.388350,1.318683,2.201831,-0.011201,0.001170,0.001835,0.001835,8,0,8,fixed,8,8,0,0,3.000000,4.000000
1010,logistic,8,5,19,1,1,4,0.000000,30.333300,1.318683,27,0.416757,33,0,1,0,0.416757,0.416757,0.000000,0.000000,0.416757,0.013425,0,0,1,1,42,27,11,103.000000,30.333300,18.166700,0.388350,1.318683,2.201831,-0.011201,0.001170,0.001835,0.001835,8,0,8,fixed,8,8,0,0,3.000000,4.000000
1010,logistic,8,5,20,0,0,2,1.669990,103.000000,0.208749,42,0.416757,33,0,0,0,0.416757,0.416757,0.000000,0.000000,0.416757,0.013425,0,0,1,0,42,27,11,103.000000,30.333300,18.166700,0.207161,0.201293,0.191353,0.001170,0.009559,0.008974,0.009559,8,0,8,fixed,8,8,0,0,3.000000,4.000000
1010,logistic,8,5,21,1,1,4,0.000000,30.333300,1.318683,27,0.416757,33,0,1,0,0.416757,0.416757,0.000000,0.000000,0.416757,0.013425,0,0,1,1,42,27,11,103.000000,30.333300,18.166700,0.388350,1.318683,2.201831,-0.011201,0.001170,0.001835,0.001835,8,0,8,fixed,8,8,0,0,3.000000,4.000000
1010,logistic,8,5,22,2,2,3,0.000000,18.166700,5.504577,11,0.416757,33,0,2,0,0.416757,0.416757,0.000000,0.000000,0.416757,0.013425,0,0,1,-1,42,27,11,103.000000,30.333300,18.166700,0.970874,3.296707,5.504577,-0.009201,0.000905,0.001170,0.000905,8,0,8,fixed,8,8,0,0,3.000000,4.000000
1010,logistic,8,5,23,0,0,1,1.517656,103.000000,0.505885,42,0.416757,33,0,0,0,0.416757,0.416757,0.000000,0.000000,0.416757,0.013425,0,0,1,-1,42,27,11,103.000000,30.333300,18.166700,0.982414,0.487818,0.463728,0.001170,0.007748,0.007509,0.007748,8,0,8,fixed,8,8,0,0,3.000000,4.000000
1010,logistic,8,5,24,0,0,2,1.655781,103.000000,0.206973,42,0.416757,33,0,0,0,0.416757,0.416757,0.000000,0.000000,0.416757,0.013425,0,0,1,0,42,27,11,103.000000,30.333300,18.166700,0.207217,0.199581,0.189725,0.001170,0.009460,0.008870,0.009460,8,0,8,fixed,8,8,0,0,3.000000,4.000000
1010,logistic,8,5,25,0,0,2,1.650223,103.000000,0.206278,42,0.416757,33,0,0,0,0.416757,0.416757,0.000000,0.000000,0.416757,0.013425,0,0,1,0,42,27,11,103.000000,30.333300,18.166700,0.207238,0.198911,0.189088,0.001170,0.009420,0.008828,0.009420,8,0,8,fixed,8,8,0,0,3.000000,4.000000
1010,logistic,8,5,26,2,2,3,0.000000,18.166700,5.504577,11,0.416757,33,0,2,0,0.416757,0.416757,0.000000,0.000000,0.416757,0.013425,0,0,1,-1,42,27,11,103.000000,30.333300,18.166700,0.970874,3.296707,5.504577,-0.009201,0.000905,0.001170,0.000905,8,0,8,fixed,8,8,0,0,3.000000,4.000000
1010,logistic,8,5,27,1,1,4,0.000000,30.333300,1.318683,27,0.416757,33,0,1,0,0.416757,0.416757,0.000000,0.000000,0.416757,0.013425,0,0,1,1,42,27,11,103.000000,30.333300,18.166700,0.388350,1.318683,2.201831,-0.011201,0.001170,0.001835,0.001835,8,0,8,fixed,8,8,0,0,3.000000,4.000000
1010,logistic,8,5,28,1,1,4,0.000000,30.333300,1.318683,27,0.416757,33,0,1,0,0.416757,0.416757,0.000000,0.000000,0.416757,0.013425,0,0,1,1,42,27,11,103.000000,30.333300,18.166700,0.388350,1.318683,2.201831,-0.011201,0.001170,0.001835,0.001835,8,0,8,fixed,8,8,0,0,3.000000,4.000000
1010,logistic,8,5,29,0,0,2,1.650294,103.000000,0.206287,42,0.416757,33,0,0,0,0.416757,0.416757,0.000000,0.000000,0.416757,0.013425,0,0,1,0,42,27,11,103.000000,30.333300,18.166700,0.207238,0.198919,0.189096,0.001170,0.009421,0.008829,0.009421,8,0,8,fixed,8,8,0,0,3.000000,4.000000
1010,logistic,8,5,30,2,2,3,0.000000,18.166700,5.504577,11,0.416757,33,0,2,0,0.416757,0.416757,0.000000,0.000000,0.416757,0.013425,0,0,1,-1,42,27,11,103.000000,30.333300,18.166700,0.970874,3.296707,5.504577,-0.009201,0.000905,0.001170,0.000905,8,0,8,fixed,8,8,0,0,3.000000,4.000000
1010,logistic,8,5,31,0,0,2,1.665619,103.000000,0.208202,42,0.416757,33,0,0,0,0.416757,0.416757,0.000000,0.000000,0.416757,0.013425,0,0,1,0,42,27,11,103.000000,30.333300,18.166700,0.207178,0.200767,0.190852,0.001170,0.009529,0.008942,0.009529,8,0,8,fixed,8,8,0,0,3.000000,4.000000
1010,logistic,8,5,32,1,1,4,0.000000,30.333300,1.318683,27,0.416757,33,0,1,0,0.416757,0.416757,0.000000,0.000000,0.416757,0.013425,0,0,1,1,42,27,11,103.000000,30.333300,18.166700,0.388350,1.318683,2.201831,-0.011201,0.001170,0.001835,0.001835,8,0,8,fixed,8,8,0,0,3.000000,4.000000
1010,logistic,8,5,33,0,0,1,3.255900,103.000000,1.085300,42,0.416757,33,0,0,0,0.416757,0.416757,0.000000,0.000000,0.416757,0.013425,0,0,1,1,42,27,11,103.000000,30.333300,18.166700,0.909987,1.046539,0.994858,0.001170,0.010408,0.010295,0.010408,8,0,8,fixed,8,8,0,0,3.000000,4.000000
1010,logistic,8,5,34,1,1,4,0.000000,30.333300,1.318683,27,0.416757,33,0,1,0,0.416757,0.416757,0.000000,0.000000,0.416757,0.013425,0,0,1,1,42,27,11,103.000000,30.333300,18.166700,0.388350,1.318683,2.201831,-0.011201,0.001170,0.001835,0.001835,8,0,8,fixed,8,8,0,0,3.000000,4.000000
1010,logistic,8,5,35,1,1,4,0.000000,30.333300,1.318683,27,0.416757,33,0,1,0,0.416757,0.416757,0.000000,0.000000,0.416757,0.013425,0,0,1,1,42,27,11,103.000000,30.333300,18.166700,0.388350,1.318683,2.201831,-0.011201,0.001170,0.001835,0.001835,8,0,8,fixed,8,8,0,0,3.000000,4.000000
1010,logistic,8,5,36,1,1,4,0.000000,30.333300,1.318683,27,0.416757,33,0,1,0,0.416757,0.416757,0.000000,0.000000,0.416757,0.013425,0,0,1,1,42,27,11,103.000000,30.333300,18.166700,0.388350,1.318683,2.201831,-0.011201,0.001170,0.001835,0.001835,8,0,8,fixed,8,8,0,0,3.000000,4.000000
1010,logistic,8,5,37,0,0,2,1.654569,103.000000,0.206821,42,0.416757,33,0,0,0,0.416757,0.416757,0.000000,0.000000,0.416757,0.013425,0,0,1,0,42,27,11,103.000000,30.333300,18.166700,0.207221,0.199435,0.189586,0.001170,0.009451,0.008861,0.009451,8,0,8,fixed,8,8,0,0,3.000000,4.000000
1010,logistic,8,5,38,0,0,2,1.665583,103.000000,0.208198,42,0.416757,33,0,0,0,0.416757,0.416757,0.000000,0.000000,0.416757,0.013425,0,0,1,0,42,27,11,103.000000,30.333300,18.166700,0.207178,0.200762,0.190848,0.001170,0.009529,0.008942,0.009529,8,0,8,fixed,8,8,0,0,3.000000,4.000000
1010,logistic,8,5,39,1,1,4,0.000000,30.333300,1.318683,27,0.416757,33,0,1,0,0.416757,0.416757,0.000000,0.000000,0.416757,0.013425,0,0,1,1,42,27,11,103.000000,30.333300,18.166700,0.388350,1.318683,2.201831,-0.011201,0.001170,0.001835,0.001835,8,0,8,fixed,8,8,0,0,3.000000,4.000000
1010,logistic,8,5,40,0,0,2,1.650235,103.000000,0.206279,42,0.416757,33,0,0,0,0.416757,0.416757,0.000000,0.000000,0.416757,0.013425,0,0,1,0,42,27,11,103.000000,30.333300,18.166700,0.207238,0.198912,0.189089,0.001170,0.009420,0.008828,0.009420,8,0,8,fixed,8,8,0,0,3.000000,4.000000
1010,logistic,8,5,41,0,0,1,3.017161,103.000000,1.005720,42,0.416757,33,0,0,0,0.416757,0.416757,0.000000,0.000000,0.416757,0.013425,0,0,1,1,42,27,11,103.000000,30.333300,18.166700,0.919935,0.969802,0.921910,0.001170,0.010209,0.010087,0.010209,8,0,8,fixed,8,8,0,0,3.000000,4.000000
1010,logistic,8,5,42,0,0,2,1.651316,103.000000,0.206415,42,0.416757,33,0,0,0,0.416757,0.416757,0.000000,0.000000,0.416757,0.013425,0,0,1,0,42,27,11,103.000000,30.333300,18.166700,0.207234,0.199043,0.189213,0.001170,0.009428,0.008836,0.009428,8,0,8,fixed,8,8,0,0,3.000000,4.000000
1010,logistic,8,5,43,0,0,2,1.652390,103.000000,0.206549,42,0.416757,33,0,0,0,0.416757,0.416757,0.000000,0.000000,0.416757,0.013425,0,0,1,0,42,27,11,103.000000,30.333300,18.166700,0.207230,0.199172,0.189336,0.001170,0.009436,0.008844,0.009436,8,0,8,fixed,8,8,0,0,3.000000,4.000000
1010,logistic,8,5,44,2,2,3,0.000000,18.166700,5.504577,11,0.416757,33,0,2,0,0.416757,0.416757,0.000000,0.000000,0.416757,0.013425,0,0,1,-1,42,27,11,103.000000,30.333300,18.166700,0.970874,3.296707,5.504577,-0.009201,0.000905,0.001170,0.000905,8,0,8,fixed,8,8,0,0,3.000000,4.000000
1010,logistic,8,5,45,0,0,2,1.652354,103.000000,0.206544,42,0.416757,33,0,0,0,0.416757,0.416757,0.000000,0.000000,0.416757,0.013425,0,0,1,0,42,27,11,103.000000,30.333300,18.166700,0.207230,0.199168,0.189332,0.001170,0.009435,0.008844,0.009435,8,0,8,fixed,8,8,0,0,3.000000,4.000000
1010,logistic,8,5,46,2,2,3,0.000000,18.166700,5.504577,11,0.416757,33,0,2,0,0.416757,0.416757,0.000000,0.000000,0.416757,0.013425,0,0,1,-1,42,27,11,103.000000,30.333300,18.166700,0.970874,3.296707,5.504577,-0.009201,0.000905,0.001170,0.000905,8,0,8,fixed,8,8,0,0,3.000000,4.000000
1010,logistic,8,5,47,0,0,2,1.648132,103.000000,0.206016,42,0.416757,33,0,0,0,0.416757,0.416757,0.000000,0.000000,0.416757,0.013425,0,0,1,0,42,27,11,103.000000,30.333300,18.166700,0.207247,0.198659,0.188848,0.001170,0.009405,0.008813,0.009405,8,0,8,fixed,8,8,0,0,3.000000,4.000000
1010,logistic,8,5,48,0,0,2,1.669920,103.000000,0.208740,42,0.416757,33,0,0,0,0.416757,0.416757,0.000000,0.000000,0.416757,0.013425,0,0,1,0,42,27,11,103.000000,30.333300,18.166700,0.207161,0.201285,0.191345,0.001170,0.009559,0.008973,0.009559,8,0,8,fixed,8,8,0,0,3.000000,4.000000
1010,logistic,8,5,49,0,0,2,1.648156,103.000000,0.206019,42,0.416757,33,0,0,0,0.416757,0.416757,0.000000,0.000000,0.416757,0.013425,0,0,1,0,42,27,11,103.000000,30.333300,18.166700,0.207246,0.198662,0.188851,0.001170,0.009406,0.008813,0.009406,8,0,8,fixed,8,8,0,0,3.000000,4.000000
1010,logistic,8,5,50,0,0,2,1.659977,103.000000,0.207497,42,0.416757,33,0,0,0,0.416757,0.416757,0.000000,0.000000,0.416757,0.013425,0,0,1,0,42,27,11,103.000000,30.333300,18.166700,0.207200,0.200087,0.190206,0.001170,0.009489,0.008901,0.009489,8,0,8,fixed,8,8,0,0,3.000000,4.000000
1010,logistic,8,5,51,0,0,2,1.648179,103.000000,0.206022,42,0.416757,33,0,0,0,0.416757,0.416757,0.000000,0.000000,0.416757,0.013425,0,0,1,0,42,27,11,103.000000,30.333300,18.166700,0.207246,0.198664,0.188854,0.001170,0.009406,0.008813,0.009406,8,0,8,fixed,8,8,0,0,3.000000,4.000000
1010,logistic,8,5,52,2,2,3,0.000000,18.166700,5.504577,11,0.416757,33,0,2,0,0.416757,0.416757,0.000000,0.000000,0.416757,0.013425,0,0,1,-1,42,27,11,103.000000,30.333300,18.166700,0.970874,3.296707,5.504577,-0.009201,0.000905,0.001170,0.000905,8,0,8,fixed,8,8,0,0,3.000000,4.000000
1010,logistic,8,5,53,0,0,2,1.645915,103.000000,0.205739,42,0.416757,33,1,0,0,0.416757,0.416757,0.000000,0.000000,0.416757,0.013425,0,0,1,0,42,27,11,103.000000,30.333300,18.166700,0.207255,0.198392,0.188594,0.001170,0.009390,0.008796,0.009390,8,0,8,fixed,8,8,0,0,3.000000,4.000000
1010,logistic,8,5,54,1,1,4,0.000000,30.333300,1.318683,27,0.416757,33,0,1,0,0.416757,0.416757,0.000000,0.000000,0.416757,0.013425,0,0,1,1,42,27,11,103.000000,30.333300,18.166700,0.388350,1.318683,2.201831,-0.011201,0.001170,0.001835,0.001835,8,0,8,fixed,8,8,0,0,3.000000,4.000000
1010,logistic,8,5,55,2,2,3,0.000000,18.166700,5.504577,11,0.416757,33,0,2,0,0.416757,0.416757,0.000000,0.000000,0.416757,0.013425,0,0,1,-1,42,27,11,103.000000,30.333300,18.166700,0.970874,3.296707,5.504577,-0.009201,0.000905,0.001170,0.000905,8,0,8,fixed,8,8,0,0,3.000000,4.000000
1010,logistic,8,5,56,1,1,4,0.000000,30.333300,1.318683,27,0.416757,33,0,1,0,0.416757,0.416757,0.000000,0.000000,0.416757,0.013425,0,0,1,1,42,27,11,103.000000,30.333300,18.166700,0.388350,1.318683,2.201831,-0.011201,0.001170,0.001835,0.001835,8,0,8,fixed,8,8,0,0,3.000000,4.000000
1010,logistic,8,5,57,0,0,2,1.672189,103.000000,0.209024,42,0.416757,33,0,0,0,0.416757,0.416757,0.000000,0.000000,0.416757,0.013425,0,0,1,0,42,27,11,103.000000,30.333300,18.166700,0.207153,0.201559,0.191605,0.001170,0.009575,0.008990,0.009575,8,0,8,fixed,8,8,0,0,3.000000,4.000000
1010,logistic,8,5,58,2,2,3,0.000000,18.166700,5.504577,11,0.416757,33,0,2,0,0.416757,0.416757,0.000000,0.000000,0.416757,0.013425,0,0,1,-1,42,27,11,103.000000,30.333300,18.166700,0.970874,3.296707,5.504577,-0.009201,0.000905,0.001170,0.000905,8,0,8,fixed,8,8,0,0,3.000000,4.000000
1010,logistic,8,5,59,1,1,4,0.000000,30.333300,1.318683,27,0.416757,33,0,1,0,0.416757,0.416757,0.000000,0.000000,0.416757,0.013425,0,0,1,1,42,27,11,103.000000,30.333300,18.166700,0.388350,1.318683,2.201831,-0.011201,0.001170,0.001835,0.001835,8,0,8,fixed,8,8,0,0,3.000000,4.000000
1010,logistic,8,5,60,2,2,3,0.000000,18.166700,5.504577,11,0.416757,33,0,2,0,0.416757,0.416757,0.000000,0.000000,0.416757,0.013425,0,0,1,-1,42,27,11,103.000000,30.333300,18.166700,0.970874,3.296707,5.504577,-0.009201,0.000905,0.001170,0.000905,8,0,8,fixed,8,8,0,0,3.000000,4.000000
1010,logistic,8,5,61,0,0,1,3.321118,103.000000,1.107039,42,0.416757,33,0,0,0,0.416757,0.416757,0.000000,0.000000,0.416757,0.013425,0,0,1,1,42,27,11,103.000000,30.333300,18.166700,0.907270,1.067502,1.014786,0.001170,0.010458,0.010347,0.010458,8,0,8,fixed,8,8,0,0,3.000000,4.000000
1010,logistic,8,5,62,0,0,1,2.716700,103.000000,0.905567,42,0.416757,33,0,0,0,0.416757,0.416757,0.000000,0.000000,0.416757,0.013425,0,0,1,-1,42,27,11,103.000000,30.333300,18.166700,0.932454,0.873225,0.830103,0.001170,0.009917,0.009782,0.009917,8,0,8,fixed,8,8,0,0,3.000000,4.000000
1010,logistic,8,5,63,0,0,1,2.347678,103.000000,0.782559,42,0.416757,33,0,0,0,0.416757,0.416757,0.000000,0.000000,0.416757,0.013425,0,0,1,-1,42,27,11,103.000000,30.333300,18.166700,0.947830,0.754611,0.717346,0.001170,0.009469,0.009313,0.009469,8,0,8,fixed,8,8,0,0,3.000000,4.000000
1010,logistic,8,5,64,0,0,2,1.665572,103.000000,0.208196,42,0.416757,33,0,0,0,0.416757,0.416757,0.000000,0.000000,0.416757,0.013425,0,0,1,0,42,27,11,103.000000,30.333300,18.166700,0.207178,0.200761,0.190847,0.001170,0.009529,0.008942,0.009529,8,0,8,fixed,8,8,0,0,3.000000,4.000000
1010,logistic,8,5,65,1,1,4,0.000000,30.333300,1.318683,27,0.416757,33,0,1,0,0.416757,0.416757,0.000000,0.000000,0.416757,0.013425,0,0,1,1,42,27,11,103.000000,30.333300,18.166700,0.388350,1.318683,2.201831,-0.011201,0.001170,0.001835,0.001835,8,0,8,fixed,8,8,0,0,3.000000,4.000000
1010,logistic,8,5,66,1,1,4,0.000000,30.333300,1.318683,27,0.416757,33,0,1,0,0.416757,0.416757,0.000000,0.000000,0.416757,0.013425,0,0,1,1,42,27,11,103.000000,30.333300,18.166700,0.388350,1.318683,2.201831,-0.011201,0.001170,0.001835,0.001835,8,0,8,fixed,8,8,0,0,3.000000,4.000000
1010,logistic,8,5,67,1,1,4,0.000000,30.333300,1.318683,27,0.416757,33,0,1,0,0.416757,0.416757,0.000000,0.000000,0.416757,0.013425,0,0,1,1,42,27,11,103.000000,30.333300,18.166700,0.388350,1.318683,2.201831,-0.011201,0.001170,0.001835,0.001835,8,0,8,fixed,8,8,0,0,3.000000,4.000000
1010,logistic,8,5,68,0,0,1,3.136632,103.000000,1.045544,42,0.416757,33,0,0,0,0.416757,0.416757,0.000000,0.000000,0.416757,0.013425,0,0,1,1,42,27,11,103.000000,30.333300,18.166700,0.914957,1.008203,0.958415,0.001170,0.010312,0.010195,0.010312,8,0,8,fixed,8,8,0,0,3.000000,4.000000
1010,logistic,8,5,69,0,0,1,3.108156,103.000000,1.036052,42,0.416757,33,0,0,0,0.416757,0.416757,0.000000,0.000000,0.416757,0.013425,0,0,1,1,42,27,11,103.000000,30.333300,18.166700,0.916143,0.999050,0.949714,0.001170,0.010288,0.010170,0.010288,8,0,8,fixed,8,8,0,0,3.000000,4.000000
1010,logistic,8,5,70,1,1,4,0.000000,30.333300,1.318683,27,0.416757,33,0,1,0,0.416757,0.416757,0.000000,0.000000,0.416757,0.013425,0,0,1,1,42,27,11,103.000000,30.333300,18.166700,0.388350,1.318683,2.201831,-0.011201,0.001170,0.001835,0.001835,8,0,8,fixed,8,8,0,0,3.000000,4.000000
1010,logistic,8,5,71,0,0,2,1.662245,103.000000,0.207781,42,0.416757,33,0,0,0,0.416757,0.416757,0.000000,0.000000,0.416757,0.013425,0,0,1,0,42,27,11,103.000000,30.333300,18.166700,0.207191,0.200360,0.190466,0.001170,0.009505,0.008917,0.009505,8,0,8,fixed,8,8,0,0,3.000000,4.000000
1010,logistic,8,5,72,1,1,4,0.000000,30.333300,1.318683,27,0.416757,33,0,1,0,0.416757,0.416757,0.000000,0.000000,0.416757,0.013425,0,0,1,1,42,27,11,103.000000,30.333300,18.166700,0.388350,1.318683,2.201831,-0.011201,0.001170,0.001835,0.001835,8,0,8,fixed,8,8,0,0,3.000000,4.000000
1010,logistic,8,5,73,0,0,1,2.674589,103.000000,0.891530,42,0.416757,33,0,0,0,0.416757,0.416757,0.000000,0.000000,0.416757,0.013425,0,0,1,-1,42,27,11,103.000000,30.333300,18.166700,0.934208,0.859689,0.817236,0.001170,0.009872,0.009734,0.009872,8,0,8,fixed,8,8,0,0,3.000000,4.000000
1010,logistic,8,5,74,0,0,2,1.669979,103.000000,0.208747,42,0.416757,33,0,0,0,0.416757,0.416757,0.000000,0.000000,0.416757,0.013425,0,0,1,0,42,27,11,103.000000,30.333300,18.166700,0.207161,0.201292,0.191352,0.001170,0.009559,0.008974,0.009559,8,0,8,fixed,8,8,0,0,3.000000,4.000000
1010,logistic,8,5,75,0,0,2,1.668791,103.000000,0.208599,42,0.416757,33,0,0,0,0.416757,0.416757,0.000000,0.000000,0.416757,0.013425,0,0,1,0,42,27,11,103.000000,30.333300,18.166700,0.207166,0.201149,0.191216,0.001170,0.009551,0.008965,0.009551,8,0,8,fixed,8,8,0,0,3.000000,4.000000
1010,logistic,8,5,76,0,0,2,1.648065,103.000000,0.206008,42,0.416757,33,0,0,0,0.416757,0.416757,0.000000,0.000000,0.416757,0.013425,0,0,1,0,42,27,11,103.000000,30.333300,18.166700,0.207247,0.198651,0.188841,0.001170,0.009405,0.008812,0.009405,8,0,8,fixed,8,8,0,0,3.000000,4.000000
1010,logistic,8,5,77,0,0,2,1.648053,103.000000,0.206007,42,0.416757,33,0,0,0,0.416757,0.416757,0.000000,0.000000,0.416757,0.013425,0,0,1,0,42,27,11,103.000000,30.333300,18.166700,0.207247,0.198649,0.188839,0.001170,0.009405,0.008812,0.009405,8,0,8,fixed,8,8,0,0,3.000000,4.000000
1010,logistic,8,5,78,1,1,4,0.000000,30.333300,1.318683,27,0.416757,33,0,1,0,0.416757,0.416757,0.000000,0.000000,0.416757,0.013425,0,0,1,1,42,27,11,103.000000,30.333300,18.166700,0.388350,1.318683,2.201831,-0.011201,0.001170,0.001835,0.001835,8,0,8,fixed,8,8,0,0,3.000000,4.000000
1010,logistic,8,5,79,2,2,3,0.000000,18.166700,5.504577,11,0.416757,33,0,2,0,0.416757,0.416757,0.000000,0.000000,0.416757,0.013425,0,0,1,-1,42,27,11,103.000000,30.333300,18.166700,0.970874,3.296707,5.504577,-0.009201,0.000905,0.001170,0.000905,8,0,8,fixed,8,8,0,0,3.000000,4.000000
1010,logistic,8,5,80,1,1,4,0.000000,30.333300,1.318683,27,0.416757,33,0,1,0,0.416757,0.416757,0.000000,0.000000,0.416757,0.013425,0,0,1,1,42,27,11,103.000000,30.333300,18.166700,0.388350,1.318683,2.201831,-0.011201,0.001170,0.001835,0.001835,8,0,8,fixed,8,8,0,0,3.000000,4.000000
