seed,method,max_switches,cycle_id,ue_id,previous_bs_id,current_bs_id,app_type,tp_mbps,rtt_ms,satisfaction,num_users_on_current_bs,harmonic_mean,num_unsatisfied_users,target_ue_flag,action_selected_bs_id,switch_flag,h_before,h_after_estimated,reward,estimated_reward,h_after_measured,measured_reward,switch_count,num_degraded_users,measurement_valid,candidate_type,num_users_ap0,num_users_ap1,num_users_ap2,monitor_rtt_ap0,monitor_rtt_ap1,monitor_rtt_ap2,estimated_satisfaction_if_ap0,estimated_satisfaction_if_ap1,estimated_satisfaction_if_ap2,estimated_h_delta_if_ap0,estimated_h_delta_if_ap1,estimated_h_delta_if_ap2,best_estimated_h_delta,effective_max_switches,applied_switches_in_cycle,remaining_switch_budget,k_schedule_type,k_max,k_min,k_decay_rate,stop_action_flag,warmup_before_cycle_sec,cycle_start_offset_sec
1003,logistic,8,1,1,2,2,3,0.000000,66.833300,1.496260,27,0.339591,47,0,2,0,0.339591,0.339591,0.000000,0.000000,0.339591,0.000000,46,0,1,1,28,25,27,98.666700,80.500000,66.833300,1.013513,1.242236,1.496260,0.004790,0.005371,0.000199,0.005371,8,46,0,fixed,8,8,0,0,3.000000,4.000000
1003,logistic,8,1,2,1,1,3,0.000000,80.500000,1.242236,25,0.339591,47,0,2,1,0.339591,0.339591,0.000000,0.000000,0.339591,0.000000,46,0,1,-1,28,25,27,98.666700,80.500000,66.833300,1.013513,1.242236,1.496260,-0.000364,0.000199,-0.004819,0.000000,8,46,0,fixed,8,8,0,0,3.000000,4.000000
1003,logistic,8,1,3,0,0,2,3.668966,98.666700,0.458621,28,0.339591,47,0,0,0,0.339591,0.339591,0.000000,0.000000,0.339591,0.000000,46,0,1,0,28,25,27,98.666700,80.500000,66.833300,0.477675,0.331673,0.108132,0.000199,-0.000933,-0.014554,0.000000,8,46,0,fixed,8,8,0,0,3.000000,4.000000
1003,logistic,8,1,4,2,2,2,0.898313,66.833300,0.112289,27,0.339591,47,0,0,1,0.339591,0.339591,0.000000,0.000000,0.339591,0.000000,46,0,1,0,28,25,27,98.666700,80.500000,66.833300,0.459890,0.331673,0.112125,0.015069,0.014078,0.000199,0.015069,8,46,0,fixed,8,8,0,0,3.000000,4.000000
1003,logistic,8,1,5,0,0,3,0.000000,98.666700,1.013513,28,0.339591,47,0,2,1,0.339591,0.339591,0.000000,0.000000,0.339591,0.000000,46,0,1,1,28,25,27,98.666700,80.500000,66.833300,1.013513,1.242236,1.496260,0.000199,0.000764,-0.004271,0.000764,8,46,0,fixed,8,8,0,0,3.000000,4.000000
1003,logistic,8,1,6,0,0,2,3.554008,98.666700,0.444251,28,0.339591,47,0,0,0,0.339591,0.339591,0.000000,0.000000,0.339591,0.000000,46,0,1,0,28,25,27,98.666700,80.500000,66.833300,0.478781,0.331673,0.108132,0.000199,-0.000940,-0.014560,0.000000,8,46,0,fixed,8,8,0,0,3.000000,4.000000
1003,logistic,8,1,7,0,0,2,3.649049,98.666700,0.456131,28,0.339591,47,0,0,0,0.339591,0.339591,0.000000,0.000000,0.339591,0.000000,46,0,1,0,28,25,27,98.666700,80.500000,66.833300,0.477867,0.331673,0.108132,0.000199,-0.000934,-0.014555,0.000000,8,46,0,fixed,8,8,0,0,3.000000,4.000000
1003,logistic,8,1,8,1,1,2,2.770336,80.500000,0.346292,25,0.339591,47,0,0,1,0.339591,0.339591,0.000000,0.000000,0.339591,0.000000,46,0,1,0,28,25,27,98.666700,80.500000,66.833300,0.459890,0.344747,0.108132,0.000779,0.000199,-0.013817,0.000779,8,46,0,fixed,8,8,0,0,3.000000,4.000000
1003,logistic,8,1,9,2,2,4,0.000000,66.833300,0.598504,27,0.339591,47,0,1,1,0.339591,0.339591,0.000000,0.000000,0.339591,0.000000,46,0,1,-1,28,25,27,98.666700,80.500000,66.833300,0.405405,0.496894,0.598504,0.004084,0.005066,0.000199,0.005066,8,46,0,fixed,8,8,0,0,3.000000,4.000000
1003,logistic,8,1,10,2,2,2,0.898294,66.833300,0.112287,27,0.339591,47,0,0,1,0.339591,0.339591,0.000000,0.000000,0.339591,0.000000,46,0,1,0,28,25,27,98.666700,80.500000,66.833300,0.459890,0.331673,0.112126,0.015069,0.014078,0.000199,0.015069,8,46,0,fixed,8,8,0,0,3.000000,4.000000
1003,logistic,8,1,11,1,1,3,0.000000,80.500000,1.242236,25,0.339591,47,0,2,1,0.339591,0.339591,0.000000,0.000000,0.339591,0.000000,46,0,1,-1,28,25,27,98.666700,80.500000,66.833300,1.013513,1.242236,1.496260,-0.000364,0.000199,-0.004819,0.000000,8,46,0,fixed,8,8,0,0,3.000000,4.000000
1003,logistic,8,1,12,2,2,4,0.000000,66.833300,0.598504,27,0.339591,47,0,1,1,0.339591,0.339591,0.000000,0.000000,0.339591,0.000000,46,0,1,-1,28,25,27,98.666700,80.500000,66.833300,0.405405,0.496894,0.598504,0.004084,0.005066,0.000199,0.005066,8,46,0,fixed,8,8,0,0,3.000000,4.000000
1003,logistic,8,1,13,1,1,4,0.000000,80.500000,0.496894,25,0.339591,47,0,1,0,0.339591,0.339591,0.000000,0.000000,0.339591,0.000000,46,0,1,0,28,25,27,98.666700,80.500000,66.833300,0.405405,0.496894,0.598504,-0.000755,0.000199,-0.004532,0.000000,8,46,0,fixed,8,8,0,0,3.000000,4.000000
1003,logistic,8,1,14,0,0,1,3.506074,98.666700,1.168691,28,0.339591,47,0,0,0,0.339591,0.339591,0.000000,0.000000,0.339591,0.000000,46,0,1,1,28,25,27,98.666700,80.500000,66.833300,1.079331,1.098299,0.739421,0.000199,0.000476,-0.005360,0.000476,8,46,0,fixed,8,8,0,0,3.000000,4.000000
1003,logistic,8,1,15,2,2,3,0.000000,66.833300,1.496260,27,0.339591,47,0,2,0,0.339591,0.339591,0.000000,0.000000,0.339591,0.000000,46,0,1,1,28,25,27,98.666700,80.500000,66.833300,1.013513,1.242236,1.496260,0.004790,0.005371,0.000199,0.005371,8,46,0,fixed,8,8,0,0,3.000000,4.000000
1003,logistic,8,1,16,0,0,2,3.839176,98.666700,0.479897,28,0.339591,47,0,0,0,0.339591,0.339591,0.000000,0.000000,0.339591,0.000000,46,0,1,0,28,25,27,98.666700,80.500000,66.833300,0.476039,0.331673,0.108132,0.000199,-0.000923,-0.014545,0.000000,8,46,0,fixed,8,8,0,0,3.000000,4.000000
1003,logistic,8,1,17,2,2,2,0.898377,66.833300,0.112297,27,0.339591,47,0,0,1,0.339591,0.339591,0.000000,0.000000,0.339591,0.000000,46,0,1,0,28,25,27,98.666700,80.500000,66.833300,0.459890,0.331673,0.112125,0.015069,0.014078,0.000199,0.015069,8,46,0,fixed,8,8,0,0,3.000000,4.000000
1003,logistic,8,1,18,2,2,1,2.385338,66.833300,0.795113,27,0.339591,47,0,0,1,0.339591,0.339591,0.000000,0.000000,0.339591,0.000000,46,0,1,-1,28,25,27,98.666700,80.500000,66.833300,1.052897,1.098299,0.752655,0.005754,0.006124,0.000199,0.006124,8,46,0,fixed,8,8,0,0,3.000000,4.000000
1003,logistic,8,1,19,2,2,2,0.898411,66.833300,0.112301,27,0.339591,47,0,0,1,0.339591,0.339591,0.000000,0.000000,0.339591,0.000000,46,0,1,0,28,25,27,98.666700,80.500000,66.833300,0.459890,0.331673,0.112125,0.015069,0.014078,0.000199,0.015069,8,46,0,fixed,8,8,0,0,3.000000,4.000000
1003,logistic,8,1,20,2,2,2,0.898365,66.833300,0.112296,27,0.339591,47,0,0,1,0.339591,0.339591,0.000000,0.000000,0.339591,0.000000,46,0,1,0,28,25,27,98.666700,80.500000,66.833300,0.459890,0.331673,0.112125,0.015069,0.014078,0.000199,0.015069,8,46,0,fixed,8,8,0,0,3.000000,4.000000
1003,logistic,8,1,21,0,0,2,3.841426,98.666700,0.480178,28,0.339591,47,0,0,0,0.339591,0.339591,0.000000,0.000000,0.339591,0.000000,46,0,1,0,28,25,27,98.666700,80.500000,66.833300,0.476017,0.331673,0.108132,0.000199,-0.000923,-0.014545,0.000000,8,46,0,fixed,8,8,0,0,3.000000,4.000000
1003,logistic,8,1,22,2,2,2,0.896191,66.833300,0.112024,27,0.339591,47,0,0,1,0.339591,0.339591,0.000000,0.000000,0.339591,0.000000,46,0,1,0,28,25,27,98.666700,80.500000,66.833300,0.459890,0.331673,0.112146,0.015066,0.014076,0.000199,0.015066,8,46,0,fixed,8,8,0,0,3.000000,4.000000
1003,logistic,8,1,23,1,1,4,0.000000,80.500000,0.496894,25,0.339591,47,0,1,0,0.339591,0.339591,0.000000,0.000000,0.339591,0.000000,46,0,1,0,28,25,27,98.666700,80.500000,66.833300,0.405405,0.496894,0.598504,-0.000755,0.000199,-0.004532,0.000000,8,46,0,fixed,8,8,0,0,3.000000,4.000000
1003,logistic,8,1,24,0,0,4,0.000000,98.666700,0.405405,28,0.339591,47,0,1,1,0.339591,0.339591,0.000000,0.000000,0.339591,0.000000,46,0,1,0,28,25,27,98.666700,80.500000,66.833300,0.405405,0.496894,0.598504,0.000199,0.001159,-0.003599,0.001159,8,46,0,fixed,8,8,0,0,3.000000,4.000000
1003,logistic,8,1,25,1,1,2,2.771558,80.500000,0.346445,25,0.339591,47,0,0,1,0.339591,0.339591,0.000000,0.000000,0.339591,0.000000,46,0,1,0,28,25,27,98.666700,80.500000,66.833300,0.459890,0.344725,0.108132,0.000780,0.000199,-0.013816,0.000780,8,46,0,fixed,8,8,0,0,3.000000,4.000000
1003,logistic,8,1,26,1,1,2,2.770511,80.500000,0.346314,25,0.339591,47,0,0,1,0.339591,0.339591,0.000000,0.000000,0.339591,0.000000,46,0,1,0,28,25,27,98.666700,80.500000,66.833300,0.459890,0.344744,0.108132,0.000779,0.000199,-0.013817,0.000779,8,46,0,fixed,8,8,0,0,3.000000,4.000000
1003,logistic,8,1,27,2,2,2,0.896118,66.833300,0.112015,27,0.339591,47,1,0,1,0.339591,0.339591,0.000000,0.000000,0.339591,0.000000,46,0,1,0,28,25,27,98.666700,80.500000,66.833300,0.459890,0.331673,0.112147,0.015066,0.014076,0.000199,0.015066,8,46,0,fixed,8,8,0,0,3.000000,4.000000
1003,logistic,8,1,28,2,2,3,0.000000,66.833300,1.496260,27,0.339591,47,0,2,0,0.339591,0.339591,0.000000,0.000000,0.339591,0.000000,46,0,1,1,28,25,27,98.666700,80.500000,66.833300,1.013513,1.242236,1.496260,0.004790,0.005371,0.000199,0.005371,8,46,0,fixed,8,8,0,0,3.000000,4.000000
1003,logistic,8,1,29,2,2,2,0.896130,66.833300,0.112016,27,0.339591,47,0,0,1,0.339591,0.339591,0.000000,0.000000,0.339591,0.000000,46,0,1,0,28,25,27,98.666700,80.500000,66.833300,0.459890,0.331673,0.112146,0.015066,0.014076,0.000199,0.015066,8,46,0,fixed,8,8,0,0,3.000000,4.000000
1003,logistic,8,1,30,2,2,2,0.896166,66.833300,0.112021,27,0.339591,47,0,0,1,0.339591,0.339591,0.000000,0.000000,0.339591,0.000000,46,0,1,0,28,25,27,98.666700,80.500000,66.833300,0.459890,0.331673,0.112146,0.015066,0.014076,0.000199,0.015066,8,46,0,fixed,8,8,0,0,3.000000,4.000000
1003,logistic,8,1,31,1,1,2,2.771451,80.500000,0.346431,25,0.339591,47,0,0,1,0.339591,0.339591,0.000000,0.000000,0.339591,0.000000,46,0,1,0,28,25,27,98.666700,80.500000,66.833300,0.459890,0.344727,0.108132,0.000780,0.000199,-0.013816,0.000780,8,46,0,fixed,8,8,0,0,3.000000,4.000000
1003,logistic,8,1,32,2,2,1,2.286982,66.833300,0.762327,27,0.339591,47,0,0,1,0.339591,0.339591,0.000000,0.000000,0.339591,0.000000,46,0,1,-1,28,25,27,98.666700,80.500000,66.833300,1.052897,1.098299,0.769047,0.005713,0.006083,0.000199,0.006083,8,46,0,fixed,8,8,0,0,3.000000,4.000000
1003,logistic,8,1,33,1,1,1,3.461756,80.500000,1.153919,25,0.339591,47,0,0,1,0.339591,0.339591,0.000000,0.000000,0.339591,0.000000,46,0,1,-1,28,25,27,98.666700,80.500000,66.833300,1.052897,1.139309,0.739421,-0.000256,0.000199,-0.005722,0.000000,8,46,0,fixed,8,8,0,0,3.000000,4.000000
1003,logistic,8,1,34,0,0,1,2.562319,98.666700,0.854106,28,0.339591,47,0,0,0,0.339591,0.339591,0.000000,0.000000,0.339591,0.000000,46,0,1,-1,28,25,27,98.666700,80.500000,66.833300,1.124272,1.098299,0.739421,0.000199,0.000425,-0.005410,0.000425,8,46,0,fixed,8,8,0,0,3.000000,4.000000
1003,logistic,8,1,35,1,1,4,0.000000,80.500000,0.496894,25,0.339591,47,0,1,0,0.339591,0.339591,0.000000,0.000000,0.339591,0.000000,46,0,1,0,28,25,27,98.666700,80.500000,66.833300,0.405405,0.496894,0.598504,-0.000755,0.000199,-0.004532,0.000000,8,46,0,fixed,8,8,0,0,3.000000,4.000000
1003,logistic,8,1,36,2,2,2,0.896179,66.833300,0.112022,27,0.339591,47,0,0,1,0.339591,0.339591,0.000000,0.000000,0.339591,0.000000,46,0,1,0,28,25,27,98.666700,80.500000,66.833300,0.459890,0.331673,0.112146,0.015066,0.014076,0.000199,0.015066,8,46,0,fixed,8,8,0,0,3.000000,4.000000
1003,logistic,8,1,37,2,2,2,0.896166,66.833300,0.112021,27,0.339591,47,0,0,1,0.339591,0.339591,0.000000,0.000000,0.339591,0.000000,46,0,1,0,28,25,27,98.666700,80.500000,66.833300,0.459890,0.331673,0.112146,0.015066,0.014076,0.000199,0.015066,8,46,0,fixed,8,8,0,0,3.000000,4.000000
1003,logistic,8,1,38,1,1,2,2.766081,80.500000,0.345760,25,0.339591,47,0,0,1,0.339591,0.339591,0.000000,0.000000,0.339591,0.000000,46,0,1,0,28,25,27,98.666700,80.500000,66.833300,0.459890,0.344823,0.108132,0.000778,0.000199,-0.013817,0.000778,8,46,0,fixed,8,8,0,0,3.000000,4.000000
1003,logistic,8,1,39,2,2,4,0.000000,66.833300,0.598504,27,0.339591,47,0,1,1,0.339591,0.339591,0.000000,0.000000,0.339591,0.000000,46,0,1,-1,28,25,27,98.666700,80.500000,66.833300,0.405405,0.496894,0.598504,0.004084,0.005066,0.000199,0.005066,8,46,0,fixed,8,8,0,0,3.000000,4.000000
1003,logistic,8,1,40,1,1,4,0.000000,80.500000,0.496894,25,0.339591,47,0,1,0,0.339591,0.339591,0.000000,0.000000,0.339591,0.000000,46,0,1,0,28,25,27,98.666700,80.500000,66.833300,0.405405,0.496894,0.598504,-0.000755,0.000199,-0.004532,0.000000,8,46,0,fixed,8,8,0,0,3.000000,4.000000
1003,logistic,8,1,41,0,0,2,3.889577,98.666700,0.486197,28,0.339591,47,0,0,0,0.339591,0.339591,0.000000,0.000000,0.339591,0.000000,46,0,1,0,28,25,27,98.666700,80.500000,66.833300,0.475554,0.331673,0.108132,0.000199,-0.000920,-0.014542,0.000000,8,46,0,fixed,8,8,0,0,3.000000,4.000000
1003,logistic,8,1,42,1,1,1,3.507798,80.500000,1.169266,25,0.339591,47,0,0,1,0.339591,0.339591,0.000000,0.000000,0.339591,0.000000,46,0,1,-1,28,25,27,98.666700,80.500000,66.833300,1.052897,1.135472,0.739421,-0.000252,0.000199,-0.005718,0.000000,8,46,0,fixed,8,8,0,0,3.000000,4.000000
1003,logistic,8,1,43,1,1,2,2.688514,80.500000,0.336064,25,0.339591,47,0,0,1,0.339591,0.339591,0.000000,0.000000,0.339591,0.000000,46,0,1,0,28,25,27,98.666700,80.500000,66.833300,0.459890,0.346208,0.108132,0.000762,0.000199,-0.013832,0.000762,8,46,0,fixed,8,8,0,0,3.000000,4.000000
1003,logistic,8,1,44,0,0,1,3.507296,98.666700,1.169099,28,0.339591,47,0,0,0,0.339591,0.339591,0.000000,0.000000,0.339591,0.000000,46,0,1,1,28,25,27,98.666700,80.500000,66.833300,1.079273,1.098299,0.739421,0.000199,0.000477,-0.005360,0.000477,8,46,0,fixed,8,8,0,0,3.000000,4.000000
1003,logistic,8,1,45,2,2,2,0.896180,66.833300,0.112022,27,0.339591,47,0,0,1,0.339591,0.339591,0.000000,0.000000,0.339591,0.000000,46,0,1,0,28,25,27,98.666700,80.500000,66.833300,0.459890,0.331673,0.112146,0.015066,0.014076,0.000199,0.015066,8,46,0,fixed,8,8,0,0,3.000000,4.000000
1003,logistic,8,1,46,1,1,4,0.000000,80.500000,0.496894,25,0.339591,47,0,1,0,0.339591,0.339591,0.000000,0.000000,0.339591,0.000000,46,0,1,0,28,25,27,98.666700,80.500000,66.833300,0.405405,0.496894,0.598504,-0.000755,0.000199,-0.004532,0.000000,8,46,0,fixed,8,8,0,0,3.000000,4.000000
1003,logistic,8,1,47,2,2,1,2.228945,66.833300,0.742982,27,0.339591,47,0,0,1,0.339591,0.339591,0.000000,0.000000,0.339591,0.000000,46,0,1,-1,28,25,27,98.666700,80.500000,66.833300,1.052897,1.098299,0.778720,0.005690,0.006060,0.000199,0.006060,8,46,0,fixed,8,8,0,0,3.000000,4.000000
1003,logistic,8,1,48,0,0,3,0.000000,98.666700,1.013513,28,0.339591,47,0,2,1,0.339591,0.339591,0.000000,0.000000,0.339591,0.000000,46,0,1,1,28,25,27,98.666700,80.500000,66.833300,1.013513,1.242236,1.496260,0.000199,0.000764,-0.004271,0.000764,8,46,0,fixed,8,8,0,0,3.000000,4.000000
1003,logistic,8,1,49,2,2,2,0.897201,66.833300,0.112150,27,0.339591,47,0,0,1,0.339591,0.339591,0.000000,0.000000,0.339591,0.000000,46,0,1,0,28,25,27,98.666700,80.500000,66.833300,0.459890,0.331673,0.112136,0.015067,0.014077,0.000199,0.015067,8,46,0,fixed,8,8,0,0,3.000000,4.000000
1003,logistic,8,1,50,0,0,2,3.888484,98.666700,0.486061,28,0.339591,47,0,0,0,0.339591,0.339591,0.000000,0.000000,0.339591,0.000000,46,0,1,0,28,25,27,98.666700,80.500000,66.833300,0.475565,0.331673,0.108132,0.000199,-0.000920,-0.014542,0.000000,8,46,0,fixed,8,8,0,0,3.000000,4.000000
1003,logistic,8,1,51,0,0,2,3.888401,98.666700,0.486050,28,0.339591,47,0,0,0,0.339591,0.339591,0.000000,0.000000,0.339591,0.000000,46,0,1,0,28,25,27,98.666700,80.500000,66.833300,0.475565,0.331673,0.108132,0.000199,-0.000920,-0.014542,0.000000,8,46,0,fixed,8,8,0,0,3.000000,4.000000
1003,logistic,8,1,52,2,2,4,0.000000,66.833300,0.598504,27,0.339591,47,0,1,1,0.339591,0.339591,0.000000,0.000000,0.339591,0.000000,46,0,1,-1,28,25,27,98.666700,80.500000,66.833300,0.405405,0.496894,0.598504,0.004084,0.005066,0.000199,0.005066,8,46,0,fixed,8,8,0,0,3.000000,4.000000
1003,logistic,8,1,53,1,1,4,0.000000,80.500000,0.496894,25,0.339591,47,0,1,0,0.339591,0.339591,0.000000,0.000000,0.339591,0.000000,46,0,1,0,28,25,27,98.666700,80.500000,66.833300,0.405405,0.496894,0.598504,-0.000755,0.000199,-0.004532,0.000000,8,46,0,fixed,8,8,0,0,3.000000,4.000000
1003,logistic,8,1,54,0,0,1,3.507296,98.666700,1.169099,28,0.339591,47,0,0,0,0.339591,0.339591,0.000000,0.000000,0.339591,0.000000,46,0,1,1,28,25,27,98.666700,80.500000,66.833300,1.079273,1.098299,0.739421,0.000199,0.000477,-0.005360,0.000477,8,46,0,fixed,8,8,0,0,3.000000,4.000000
1003,logistic,8,1,55,1,1,2,2.768278,80.500000,0.346035,25,0.339591,47,0,0,1,0.339591,0.339591,0.000000,0.000000,0.339591,0.000000,46,0,1,0,28,25,27,98.666700,80.500000,66.833300,0.459890,0.344784,0.108132,0.000779,0.000199,-0.013817,0.000779,8,46,0,fixed,8,8,0,0,3.000000,4.000000
1003,logistic,8,1,56,0,0,4,0.000000,98.666700,0.405405,28,0.339591,47,0,1,1,0.339591,0.339591,0.000000,0.000000,0.339591,0.000000,46,0,1,0,28,25,27,98.666700,80.500000,66.833300,0.405405,0.496894,0.598504,0.000199,0.001159,-0.003599,0.001159,8,46,0,fixed,8,8,0,0,3.000000,4.000000
1003,logistic,8,1,57,1,1,2,2.769431,80.500000,0.346179,25,0.339591,47,0,0,1,0.339591,0.339591,0.000000,0.000000,0.339591,0.000000,46,0,1,0,28,25,27,98.666700,80.500000,66.833300,0.459890,0.344763,0.108132,0.000779,0.000199,-0.013817,0.000779,8,46,0,fixed,8,8,0,0,3.000000,4.000000
1003,logistic,8,1,58,0,0,2,3.888412,98.666700,0.486052,28,0.339591,47,0,0,0,0.339591,0.339591,0.000000,0.000000,0.339591,0.000000,46,0,1,0,28,25,27,98.666700,80.500000,66.833300,0.475565,0.331673,0.108132,0.000199,-0.000920,-0.014542,0.000000,8,46,0,fixed,8,8,0,0,3.000000,4.000000
1003,logistic,8,1,59,0,0,2,3.888401,98.666700,0.486050,28,0.339591,47,0,0,0,0.339591,0.339591,0.000000,0.000000,0.339591,0.000000,46,0,1,0,28,25,27,98.666700,80.500000,66.833300,0.475565,0.331673,0.108132,0.000199,-0.000920,-0.014542,0.000000,8,46,0,fixed,8,8,0,0,3.000000,4.000000
1003,logistic,8,1,60,0,0,4,0.000000,98.666700,0.405405,28,0.339591,47,0,1,1,0.339591,0.339591,0.000000,0.000000,0.339591,0.000000,46,0,1,0,28,25,27,98.666700,80.500000,66.833300,0.405405,0.496894,0.598504,0.000199,0.001159,-0.003599,0.001159,8,46,0,fixed,8,8,0,0,3.000000,4.000000
1003,logistic,8,1,61,0,0,2,3.781253,98.666700,0.472657,28,0.339591,47,0,0,0,0.339591,0.339591,0.000000,0.000000,0.339591,0.000000,46,0,1,0,28,25,27,98.666700,80.500000,66.833300,0.476596,0.331673,0.108132,0.000199,-0.000927,-0.014548,0.000000,8,46,0,fixed,8,8,0,0,3.000000,4.000000
1003,logistic,8,1,62,0,0,3,0.000000,98.666700,1.013513,28,0.339591,47,0,2,1,0.339591,0.339591,0.000000,0.000000,0.339591,0.000000,46,0,1,1,28,25,27,98.666700,80.500000,66.833300,1.013513,1.242236,1.496260,0.000199,0.000764,-0.004271,0.000764,8,46,0,fixed,8,8,0,0,3.000000,4.000000
1003,logistic,8,1,63,1,1,4,0.000000,80.500000,0.496894,25,0.339591,47,0,1,0,0.339591,0.339591,0.000000,0.000000,0.339591,0.000000,46,0,1,0,28,25,27,98.666700,80.500000,66.833300,0.405405,0.496894,0.598504,-0.000755,0.000199,-0.004532,0.000000,8,46,0,fixed,8,8,0,0,3.000000,4.000000
1003,logistic,8,1,64,0,0,2,3.842472,98.666700,0.480309,28,0.339591,47,0,0,0,0.339591,0.339591,0.000000,0.000000,0.339591,0.000000,46,0,1,0,28,25,27,98.666700,80.500000,66.833300,0.476007,0.331673,0.108132,0.000199,-0.000923,-0.014544,0.000000,8,46,0,fixed,8,8,0,0,3.000000,4.000000
1003,logistic,8,1,65,2,2,4,0.000000,66.833300,0.598504,27,0.339591,47,0,1,1,0.339591,0.339591,0.000000,0.000000,0.339591,0.000000,46,0,1,-1,28,25,27,98.666700,80.500000,66.833300,0.405405,0.496894,0.598504,0.004084,0.005066,0.000199,0.005066,8,46,0,fixed,8,8,0,0,3.000000,4.000000
1003,logistic,8,1,66,1,1,3,0.000000,80.500000,1.242236,25,0.339591,47,0,2,1,0.339591,0.339591,0.000000,0.000000,0.339591,0.000000,46,0,1,-1,28,25,27,98.666700,80.500000,66.833300,1.013513,1.242236,1.496260,-0.000364,0.000199,-0.004819,0.000000,8,46,0,fixed,8,8,0,0,3.000000,4.000000
1003,logistic,8,1,67,1,1,1,3.407917,80.500000,1.135972,25,0.339591,47,0,0,1,0.339591,0.339591,0.000000,0.000000,0.339591,0.000000,46,0,1,-1,28,25,27,98.666700,80.500000,66.833300,1.052897,1.143795,0.739421,-0.000261,0.000199,-0.005727,0.000000,8,46,0,fixed,8,8,0,0,3.000000,4.000000
1003,logistic,8,1,68,0,0,1,3.363956,98.666700,1.121319,28,0.339591,47,0,0,0,0.339591,0.339591,0.000000,0.000000,0.339591,0.000000,46,0,1,1,28,25,27,98.666700,80.500000,66.833300,1.086098,1.098299,0.739421,0.000199,0.000468,-0.005368,0.000468,8,46,0,fixed,8,8,0,0,3.000000,4.000000
1003,logistic,8,1,69,0,0,1,3.506685,98.666700,1.168895,28,0.339591,47,0,0,0,0.339591,0.339591,0.000000,0.000000,0.339591,0.000000,46,0,1,1,28,25,27,98.666700,80.500000,66.833300,1.079302,1.098299,0.739421,0.000199,0.000476,-0.005360,0.000476,8,46,0,fixed,8,8,0,0,3.000000,4.000000
1003,logistic,8,1,70,1,1,1,3.273214,80.500000,1.091071,25,0.339591,47,0,0,1,0.339591,0.339591,0.000000,0.000000,0.339591,0.000000,46,0,1,-1,28,25,27,98.666700,80.500000,66.833300,1.052897,1.155021,0.739421,-0.000273,0.000199,-0.005738,0.000000,8,46,0,fixed,8,8,0,0,3.000000,4.000000
1003,logistic,8,1,71,2,2,4,0.000000,66.833300,0.598504,27,0.339591,47,0,1,1,0.339591,0.339591,0.000000,0.000000,0.339591,0.000000,46,0,1,-1,28,25,27,98.666700,80.500000,66.833300,0.405405,0.496894,0.598504,0.004084,0.005066,0.000199,0.005066,8,46,0,fixed,8,8,0,0,3.000000,4.000000
1003,logistic,8,1,72,1,1,3,0.000000,80.500000,1.242236,25,0.339591,47,0,2,1,0.339591,0.339591,0.000000,0.000000,0.339591,0.000000,46,0,1,-1,28,25,27,98.666700,80.500000,66.833300,1.013513,1.242236,1.496260,-0.000364,0.000199,-0.004819,0.000000,8,46,0,fixed,8,8,0,0,3.000000,4.000000
1003,logistic,8,1,73,2,2,3,0.000000,66.833300,1.496260,27,0.339591,47,0,2,0,0.339591,0.339591,0.000000,0.000000,0.339591,0.000000,46,0,1,1,28,25,27,98.666700,80.500000,66.833300,1.013513,1.242236,1.496260,0.004790,0.005371,0.000199,0.005371,8,46,0,fixed,8,8,0,0,3.000000,4.000000
1003,logistic,8,1,74,0,0,1,2.712881,98.666700,0.904294,28,0.339591,47,0,0,0,0.339591,0.339591,0.000000,0.000000,0.339591,0.000000,46,0,1,-1,28,25,27,98.666700,80.500000,66.833300,1.117102,1.098299,0.739421,0.000199,0.000433,-0.005402,0.000433,8,46,0,fixed,8,8,0,0,3.000000,4.000000
1003,logistic,8,1,75,0,0,1,3.505517,98.666700,1.168506,28,0.339591,47,0,0,0,0.339591,0.339591,0.000000,0.000000,0.339591,0.000000,46,0,1,1,28,25,27,98.666700,80.500000,66.833300,1.079357,1.098299,0.739421,0.000199,0.000476,-0.005360,0.000476,8,46,0,fixed,8,8,0,0,3.000000,4.000000
1003,logistic,8,1,76,0,0,2,3.840286,98.666700,0.480036,28,0.339591,47,0,0,0,0.339591,0.339591,0.000000,0.000000,0.339591,0.000000,46,0,1,0,28,25,27,98.666700,80.500000,66.833300,0.476028,0.331673,0.108132,0.000199,-0.000923,-0.014545,0.000000,8,46,0,fixed,8,8,0,0,3.000000,4.000000
1003,logistic,8,1,77,1,1,1,3.482776,80.500000,1.160925,25,0.339591,47,0,0,1,0.339591,0.339591,0.000000,0.000000,0.339591,0.000000,46,0,1,-1,28,25,27,98.666700,80.500000,66.833300,1.052897,1.137557,0.739421,-0.000255,0.000199,-0.005721,0.000000,8,46,0,fixed,8,8,0,0,3.000000,4.000000
1003,logistic,8,1,78,2,2,2,0.897273,66.833300,0.112159,27,0.339591,47,0,0,1,0.339591,0.339591,0.000000,0.000000,0.339591,0.000000,46,0,1,0,28,25,27,98.666700,80.500000,66.833300,0.459890,0.331673,0.112135,0.015067,0.014077,0.000199,0.015067,8,46,0,fixed,8,8,0,0,3.000000,4.000000
1003,logistic,8,1,79,1,1,4,0.000000,80.500000,0.496894,25,0.339591,47,0,1,0,0.339591,0.339591,0.000000,0.000000,0.339591,0.000000,46,0,1,0,28,25,27,98.666700,80.500000,66.833300,0.405405,0.496894,0.598504,-0.000755,0.000199,-0.004532,0.000000,8,46,0,fixed,8,8,0,0,3.000000,4.000000
1003,logistic,8,1,80,0,0,2,3.887284,98.666700,0.485911,28,0.339591,47,0,0,0,0.339591,0.339591,0.000000,0.000000,0.339591,0.000000,46,0,1,0,28,25,27,98.666700,80.500000,66.833300,0.475576,0.331673,0.108132,0.000199,-0.000920,-0.014542,0.000000,8,46,0,fixed,8,8,0,0,3.000000,4.000000
1003,logistic,8,2,1,2,2,3,0.000000,17.666700,5.660367,11,0.279494,36,0,2,0,0.279494,0.279494,0.000000,0.000000,0.279494,-0.060097,0,0,1,-1,52,17,11,98.166700,30.000000,17.666700,1.018675,3.333333,5.660367,-0.005530,0.000118,0.000239,0.000118,8,0,8,fixed,8,8,0,0,3.000000,4.000000
1003,logistic,8,2,2,2,2,3,0.000000,17.666700,5.660367,11,0.279494,36,0,2,0,0.279494,0.279494,0.000000,0.000000,0.279494,-0.060097,0,0,1,-1,52,17,11,98.166700,30.000000,17.666700,1.018675,3.333333,5.660367,-0.005530,0.000118,0.000239,0.000118,8,0,8,fixed,8,8,0,0,3.000000,4.000000
1003,logistic,8,2,3,0,0,2,1.142078,98.166700,0.142760,52,0.279494,36,0,0,0,0.279494,0.279494,0.000000,0.000000,0.279494,-0.060097,0,0,1,0,52,17,11,98.166700,30.000000,17.666700,0.142883,0.134829,0.130863,0.000239,0.004877,0.004650,0.004877,8,0,8,fixed,8,8,0,0,3.000000,4.000000
1003,logistic,8,2,4,0,0,2,1.144216,98.166700,0.143027,52,0.279494,36,0,0,0,0.279494,0.279494,0.000000,0.000000,0.279494,-0.060097,0,0,1,0,52,17,11,98.166700,30.000000,17.666700,0.142875,0.135081,0.131108,0.000239,0.004892,0.004665,0.004892,8,0,8,fixed,8,8,0,0,3.000000,4.000000
1003,logistic,8,2,5,2,2,3,0.000000,17.666700,5.660367,11,0.279494,36,0,2,0,0.279494,0.279494,0.000000,0.000000,0.279494,-0.060097,0,0,1,-1,52,17,11,98.166700,30.000000,17.666700,1.018675,3.333333,5.660367,-0.005530,0.000118,0.000239,0.000118,8,0,8,fixed,8,8,0,0,3.000000,4.000000
1003,logistic,8,2,6,0,0,2,1.142101,98.166700,0.142763,52,0.279494,36,0,0,0,0.279494,0.279494,0.000000,0.000000,0.279494,-0.060097,0,0,1,0,52,17,11,98.166700,30.000000,17.666700,0.142882,0.134831,0.130866,0.000239,0.004877,0.004650,0.004877,8,0,8,fixed,8,8,0,0,3.000000,4.000000
1003,logistic,8,2,7,0,0,2,1.142066,98.166700,0.142758,52,0.279494,36,0,0,0,0.279494,0.279494,0.000000,0.000000,0.279494,-0.060097,0,0,1,0,52,17,11,98.166700,30.000000,17.666700,0.142883,0.134827,0.130862,0.000239,0.004877,0.004650,0.004877,8,0,8,fixed,8,8,0,0,3.000000,4.000000
1003,logistic,8,2,8,0,0,2,1.144216,98.166700,0.143027,52,0.279494,36,0,0,0,0.279494,0.279494,0.000000,0.000000,0.279494,-0.060097,0,0,1,0,52,17,11,98.166700,30.000000,17.666700,0.142875,0.135081,0.131108,0.000239,0.004892,0.004665,0.004892,8,0,8,fixed,8,8,0,0,3.000000,4.000000
1003,logistic,8,2,9,1,1,4,0.000000,30.000000,1.333333,17,0.279494,36,0,1,0,0.279494,0.279494,0.000000,0.000000,0.279494,-0.060097,0,0,1,-1,52,17,11,98.166700,30.000000,17.666700,0.407470,1.333333,2.264147,-0.006371,0.000239,0.000541,0.000541,8,0,8,fixed,8,8,0,0,3.000000,4.000000
1003,logistic,8,2,10,0,0,2,1.144229,98.166700,0.143029,52,0.279494,36,0,0,0,0.279494,0.279494,0.000000,0.000000,0.279494,-0.060097,0,0,1,0,52,17,11,98.166700,30.000000,17.666700,0.142875,0.135083,0.131110,0.000239,0.004892,0.004665,0.004892,8,0,8,fixed,8,8,0,0,3.000000,4.000000
1003,logistic,8,2,11,2,2,3,0.000000,17.666700,5.660367,11,0.279494,36,0,2,0,0.279494,0.279494,0.000000,0.000000,0.279494,-0.060097,0,0,1,-1,52,17,11,98.166700,30.000000,17.666700,1.018675,3.333333,5.660367,-0.005530,0.000118,0.000239,0.000118,8,0,8,fixed,8,8,0,0,3.000000,4.000000
1003,logistic,8,2,12,1,1,4,0.000000,30.000000,1.333333,17,0.279494,36,0,1,0,0.279494,0.279494,0.000000,0.000000,0.279494,-0.060097,0,0,1,-1,52,17,11,98.166700,30.000000,17.666700,0.407470,1.333333,2.264147,-0.006371,0.000239,0.000541,0.000541,8,0,8,fixed,8,8,0,0,3.000000,4.000000
1003,logistic,8,2,13,1,1,4,0.000000,30.000000,1.333333,17,0.279494,36,0,1,0,0.279494,0.279494,0.000000,0.000000,0.279494,-0.060097,0,0,1,-1,52,17,11,98.166700,30.000000,17.666700,0.407470,1.333333,2.264147,-0.006371,0.000239,0.000541,0.000541,8,0,8,fixed,8,8,0,0,3.000000,4.000000
1003,logistic,8,2,14,0,0,1,2.470358,98.166700,0.823453,52,0.279494,36,0,0,0,0.279494,0.279494,0.000000,0.000000,0.279494,-0.060097,0,0,1,-1,52,17,11,98.166700,30.000000,17.666700,0.827967,0.777705,0.754832,0.000239,0.005334,0.005295,0.005334,8,0,8,fixed,8,8,0,0,3.000000,4.000000
1003,logistic,8,2,15,2,2,3,0.000000,17.666700,5.660367,11,0.279494,36,0,2,0,0.279494,0.279494,0.000000,0.000000,0.279494,-0.060097,0,0,1,-1,52,17,11,98.166700,30.000000,17.666700,1.018675,3.333333,5.660367,-0.005530,0.000118,0.000239,0.000118,8,0,8,fixed,8,8,0,0,3.000000,4.000000
1003,logistic,8,2,16,0,0,2,1.142053,98.166700,0.142757,52,0.279494,36,0,0,0,0.279494,0.279494,0.000000,0.000000,0.279494,-0.060097,0,0,1,0,52,17,11,98.166700,30.000000,17.666700,0.142883,0.134826,0.130860,0.000239,0.004877,0.004650,0.004877,8,0,8,fixed,8,8,0,0,3.000000,4.000000
1003,logistic,8,2,17,0,0,2,1.143194,98.166700,0.142899,52,0.279494,36,0,0,0,0.279494,0.279494,0.000000,0.000000,0.279494,-0.060097,0,0,1,0,52,17,11,98.166700,30.000000,17.666700,0.142879,0.134960,0.130991,0.000239,0.004885,0.004658,0.004885,8,0,8,fixed,8,8,0,0,3.000000,4.000000
1003,logistic,8,2,18,0,0,1,3.022687,98.166700,1.007562,52,0.279494,36,0,0,0,0.279494,0.279494,0.000000,0.000000,0.279494,-0.060097,0,0,1,1,52,17,11,98.166700,30.000000,17.666700,0.815693,0.951587,0.923599,0.000239,0.005591,0.005558,0.005591,8,0,8,fixed,8,8,0,0,3.000000,4.000000
1003,logistic,8,2,19,0,0,2,1.143136,98.166700,0.142892,52,0.279494,36,0,0,0,0.279494,0.279494,0.000000,0.000000,0.279494,-0.060097,0,0,1,0,52,17,11,98.166700,30.000000,17.666700,0.142879,0.134954,0.130984,0.000239,0.004884,0.004657,0.004884,8,0,8,fixed,8,8,0,0,3.000000,4.000000
1003,logistic,8,2,20,0,0,2,1.143159,98.166700,0.142895,52,0.279494,36,0,0,0,0.279494,0.279494,0.000000,0.000000,0.279494,-0.060097,0,0,1,0,52,17,11,98.166700,30.000000,17.666700,0.142879,0.134956,0.130987,0.000239,0.004884,0.004658,0.004884,8,0,8,fixed,8,8,0,0,3.000000,4.000000
1003,logistic,8,2,21,0,0,2,1.142053,98.166700,0.142757,52,0.279494,36,0,0,0,0.279494,0.279494,0.000000,0.000000,0.279494,-0.060097,0,0,1,0,52,17,11,98.166700,30.000000,17.666700,0.142883,0.134826,0.130860,0.000239,0.004877,0.004650,0.004877,8,0,8,fixed,8,8,0,0,3.000000,4.000000
1003,logistic,8,2,22,0,0,2,1.143159,98.166700,0.142895,52,0.279494,36,0,0,0,0.279494,0.279494,0.000000,0.000000,0.279494,-0.060097,0,0,1,0,52,17,11,98.166700,30.000000,17.666700,0.142879,0.134956,0.130987,0.000239,0.004884,0.004658,0.004884,8,0,8,fixed,8,8,0,0,3.000000,4.000000
1003,logistic,8,2,23,1,1,4,0.000000,30.000000,1.333333,17,0.279494,36,0,1,0,0.279494,0.279494,0.000000,0.000000,0.279494,-0.060097,0,0,1,-1,52,17,11,98.166700,30.000000,17.666700,0.407470,1.333333,2.264147,-0.006371,0.000239,0.000541,0.000541,8,0,8,fixed,8,8,0,0,3.000000,4.000000
1003,logistic,8,2,24,1,1,4,0.000000,30.000000,1.333333,17,0.279494,36,0,1,0,0.279494,0.279494,0.000000,0.000000,0.279494,-0.060097,0,0,1,-1,52,17,11,98.166700,30.000000,17.666700,0.407470,1.333333,2.264147,-0.006371,0.000239,0.000541,0.000541,8,0,8,fixed,8,8,0,0,3.000000,4.000000
1003,logistic,8,2,25,0,0,2,1.143159,98.166700,0.142895,52,0.279494,36,0,0,0,0.279494,0.279494,0.000000,0.000000,0.279494,-0.060097,0,0,1,0,52,17,11,98.166700,30.000000,17.666700,0.142879,0.134956,0.130987,0.000239,0.004884,0.004658,0.004884,8,0,8,fixed,8,8,0,0,3.000000,4.000000
1003,logistic,8,2,26,0,0,2,1.143124,98.166700,0.142891,52,0.279494,36,0,0,0,0.279494,0.279494,0.000000,0.000000,0.279494,-0.060097,0,0,1,0,52,17,11,98.166700,30.000000,17.666700,0.142879,0.134952,0.130983,0.000239,0.004884,0.004657,0.004884,8,0,8,fixed,8,8,0,0,3.000000,4.000000
1003,logistic,8,2,27,0,0,2,1.143148,98.166700,0.142894,52,0.279494,36,0,0,0,0.279494,0.279494,0.000000,0.000000,0.279494,-0.060097,0,0,1,0,52,17,11,98.166700,30.000000,17.666700,0.142879,0.134955,0.130986,0.000239,0.004884,0.004658,0.004884,8,0,8,fixed,8,8,0,0,3.000000,4.000000
1003,logistic,8,2,28,2,2,3,0.000000,17.666700,5.660367,11,0.279494,36,0,2,0,0.279494,0.279494,0.000000,0.000000,0.279494,-0.060097,0,0,1,-1,52,17,11,98.166700,30.000000,17.666700,1.018675,3.333333,5.660367,-0.005530,0.000118,0.000239,0.000118,8,0,8,fixed,8,8,0,0,3.000000,4.000000
1003,logistic,8,2,29,0,0,2,1.143087,98.166700,0.142886,52,0.279494,36,0,0,0,0.279494,0.279494,0.000000,0.000000,0.279494,-0.060097,0,0,1,0,52,17,11,98.166700,30.000000,17.666700,0.142879,0.134948,0.130979,0.000239,0.004884,0.004657,0.004884,8,0,8,fixed,8,8,0,0,3.000000,4.000000
1003,logistic,8,2,30,0,0,2,1.142101,98.166700,0.142763,52,0.279494,36,0,0,0,0.279494,0.279494,0.000000,0.000000,0.279494,-0.060097,0,0,1,0,52,17,11,98.166700,30.000000,17.666700,0.142882,0.134831,0.130866,0.000239,0.004877,0.004650,0.004877,8,0,8,fixed,8,8,0,0,3.000000,4.000000
1003,logistic,8,2,31,0,0,2,1.142101,98.166700,0.142763,52,0.279494,36,0,0,0,0.279494,0.279494,0.000000,0.000000,0.279494,-0.060097,0,0,1,0,52,17,11,98.166700,30.000000,17.666700,0.142882,0.134831,0.130866,0.000239,0.004877,0.004650,0.004877,8,0,8,fixed,8,8,0,0,3.000000,4.000000
1003,logistic,8,2,32,0,0,1,2.858510,98.166700,0.952837,52,0.279494,36,0,0,0,0.279494,0.279494,0.000000,0.000000,0.279494,-0.060097,0,0,1,-1,52,17,11,98.166700,30.000000,17.666700,0.819342,0.899901,0.873434,0.000239,0.005524,0.005490,0.005524,8,0,8,fixed,8,8,0,0,3.000000,4.000000
1003,logistic,8,2,33,0,0,1,2.518184,98.166700,0.839395,52,0.279494,36,0,0,0,0.279494,0.279494,0.000000,0.000000,0.279494,-0.060097,0,0,1,-1,52,17,11,98.166700,30.000000,17.666700,0.826905,0.792762,0.769445,0.000239,0.005360,0.005322,0.005360,8,0,8,fixed,8,8,0,0,3.000000,4.000000
1003,logistic,8,2,34,0,0,1,2.475582,98.166700,0.825194,52,0.279494,36,0,0,0,0.279494,0.279494,0.000000,0.000000,0.279494,-0.060097,0,0,1,-1,52,17,11,98.166700,30.000000,17.666700,0.827851,0.779350,0.756428,0.000239,0.005337,0.005298,0.005337,8,0,8,fixed,8,8,0,0,3.000000,4.000000
1003,logistic,8,2,35,1,1,4,0.000000,30.000000,1.333333,17,0.279494,36,0,1,0,0.279494,0.279494,0.000000,0.000000,0.279494,-0.060097,0,0,1,-1,52,17,11,98.166700,30.000000,17.666700,0.407470,1.333333,2.264147,-0.006371,0.000239,0.000541,0.000541,8,0,8,fixed,8,8,0,0,3.000000,4.000000
1003,logistic,8,2,36,0,0,2,1.144287,98.166700,0.143036,52,0.279494,36,0,0,0,0.279494,0.279494,0.000000,0.000000,0.279494,-0.060097,0,0,1,0,52,17,11,98.166700,30.000000,17.666700,0.142875,0.135089,0.131116,0.000239,0.004892,0.004665,0.004892,8,0,8,fixed,8,8,0,0,3.000000,4.000000
1003,logistic,8,2,37,0,0,2,1.144275,98.166700,0.143034,52,0.279494,36,0,0,0,0.279494,0.279494,0.000000,0.000000,0.279494,-0.060097,0,0,1,0,52,17,11,98.166700,30.000000,17.666700,0.142875,0.135088,0.131115,0.000239,0.004892,0.004665,0.004892,8,0,8,fixed,8,8,0,0,3.000000,4.000000
1003,logistic,8,2,38,0,0,2,1.144311,98.166700,0.143039,52,0.279494,36,0,0,0,0.279494,0.279494,0.000000,0.000000,0.279494,-0.060097,0,0,1,0,52,17,11,98.166700,30.000000,17.666700,0.142875,0.135092,0.131119,0.000239,0.004892,0.004666,0.004892,8,0,8,fixed,8,8,0,0,3.000000,4.000000
1003,logistic,8,2,39,1,1,4,0.000000,30.000000,1.333333,17,0.279494,36,0,1,0,0.279494,0.279494,0.000000,0.000000,0.279494,-0.060097,0,0,1,-1,52,17,11,98.166700,30.000000,17.666700,0.407470,1.333333,2.264147,-0.006371,0.000239,0.000541,0.000541,8,0,8,fixed,8,8,0,0,3.000000,4.000000
1003,logistic,8,2,40,1,1,4,0.000000,30.000000,1.333333,17,0.279494,36,0,1,0,0.279494,0.279494,0.000000,0.000000,0.279494,-0.060097,0,0,1,-1,52,17,11,98.166700,30.000000,17.666700,0.407470,1.333333,2.264147,-0.006371,0.000239,0.000541,0.000541,8,0,8,fixed,8,8,0,0,3.000000,4.000000
1003,logistic,8,2,41,0,0,2,1.142088,98.166700,0.142761,52,0.279494,36,0,0,0,0.279494,0.279494,0.000000,0.000000,0.279494,-0.060097,0,0,1,0,52,17,11,98.166700,30.000000,17.666700,0.142882,0.134830,0.130864,0.000239,0.004877,0.004650,0.004877,8,0,8,fixed,8,8,0,0,3.000000,4.000000
1003,logistic,8,2,42,0,0,1,2.507466,98.166700,0.835822,52,0.279494,36,0,0,0,0.279494,0.279494,0.000000,0.000000,0.279494,-0.060097,0,0,1,-1,52,17,11,98.166700,30.000000,17.666700,0.827143,0.789387,0.766170,0.000239,0.005355,0.005316,0.005355,8,0,8,fixed,8,8,0,0,3.000000,4.000000
1003,logistic,8,2,43,0,0,2,1.144228,98.166700,0.143028,52,0.279494,36,0,0,0,0.279494,0.279494,0.000000,0.000000,0.279494,-0.060097,0,0,1,0,52,17,11,98.166700,30.000000,17.666700,0.142875,0.135082,0.131109,0.000239,0.004892,0.004665,0.004892,8,0,8,fixed,8,8,0,0,3.000000,4.000000
1003,logistic,8,2,44,0,0,1,1.914797,98.166700,0.638266,52,0.279494,36,0,0,0,0.279494,0.279494,0.000000,0.000000,0.279494,-0.060097,0,0,1,-1,52,17,11,98.166700,30.000000,17.666700,0.840313,0.602806,0.585077,0.000239,0.004939,0.004888,0.004939,8,0,8,fixed,8,8,0,0,3.000000,4.000000
1003,logistic,8,2,45,0,0,2,1.144198,98.166700,0.143025,52,0.279494,36,0,0,0,0.279494,0.279494,0.000000,0.000000,0.279494,-0.060097,0,0,1,0,52,17,11,98.166700,30.000000,17.666700,0.142875,0.135079,0.131106,0.000239,0.004891,0.004665,0.004891,8,0,8,fixed,8,8,0,0,3.000000,4.000000
1003,logistic,8,2,46,1,1,4,0.000000,30.000000,1.333333,17,0.279494,36,0,1,0,0.279494,0.279494,0.000000,0.000000,0.279494,-0.060097,0,0,1,-1,52,17,11,98.166700,30.000000,17.666700,0.407470,1.333333,2.264147,-0.006371,0.000239,0.000541,0.000541,8,0,8,fixed,8,8,0,0,3.000000,4.000000
1003,logistic,8,2,47,0,0,1,2.745887,98.166700,0.915296,52,0.279494,36,0,0,0,0.279494,0.279494,0.000000,0.000000,0.279494,-0.060097,0,0,1,-1,52,17,11,98.166700,30.000000,17.666700,0.821845,0.864446,0.839021,0.000239,0.005474,0.005438,0.005474,8,0,8,fixed,8,8,0,0,3.000000,4.000000
1003,logistic,8,2,48,2,2,3,0.000000,17.666700,5.660367,11,0.279494,36,0,2,0,0.279494,0.279494,0.000000,0.000000,0.279494,-0.060097,0,0,1,-1,52,17,11,98.166700,30.000000,17.666700,1.018675,3.333333,5.660367,-0.005530,0.000118,0.000239,0.000118,8,0,8,fixed,8,8,0,0,3.000000,4.000000
1003,logistic,8,2,49,0,0,2,1.144228,98.166700,0.143028,52,0.279494,36,0,0,0,0.279494,0.279494,0.000000,0.000000,0.279494,-0.060097,0,0,1,0,52,17,11,98.166700,30.000000,17.666700,0.142875,0.135082,0.131109,0.000239,0.004892,0.004665,0.004892,8,0,8,fixed,8,8,0,0,3.000000,4.000000
1003,logistic,8,2,50,0,0,2,1.142112,98.166700,0.142764,52,0.279494,36,0,0,0,0.279494,0.279494,0.000000,0.000000,0.279494,-0.060097,0,0,1,0,52,17,11,98.166700,30.000000,17.666700,0.142882,0.134833,0.130867,0.000239,0.004877,0.004650,0.004877,8,0,8,fixed,8,8,0,0,3.000000,4.000000
1003,logistic,8,2,51,0,0,2,1.142125,98.166700,0.142766,52,0.279494,36,0,0,0,0.279494,0.279494,0.000000,0.000000,0.279494,-0.060097,0,0,1,0,52,17,11,98.166700,30.000000,17.666700,0.142882,0.134834,0.130868,0.000239,0.004877,0.004650,0.004877,8,0,8,fixed,8,8,0,0,3.000000,4.000000
1003,logistic,8,2,52,1,1,4,0.000000,30.000000,1.333333,17,0.279494,36,0,1,0,0.279494,0.279494,0.000000,0.000000,0.279494,-0.060097,0,0,1,-1,52,17,11,98.166700,30.000000,17.666700,0.407470,1.333333,2.264147,-0.006371,0.000239,0.000541,0.000541,8,0,8,fixed,8,8,0,0,3.000000,4.000000
1003,logistic,8,2,53,1,1,4,0.000000,30.000000,1.333333,17,0.279494,36,0,1,0,0.279494,0.279494,0.000000,0.000000,0.279494,-0.060097,0,0,1,-1,52,17,11,98.166700,30.000000,17.666700,0.407470,1.333333,2.264147,-0.006371,0.000239,0.000541,0.000541,8,0,8,fixed,8,8,0,0,3.000000,4.000000
1003,logistic,8,2,54,0,0,1,2.509340,98.166700,0.836447,52,0.279494,36,0,0,0,0.279494,0.279494,0.000000,0.000000,0.279494,-0.060097,0,0,1,-1,52,17,11,98.166700,30.000000,17.666700,0.827101,0.789977,0.766743,0.000239,0.005356,0.005317,0.005356,8,0,8,fixed,8,8,0,0,3.000000,4.000000
1003,logistic,8,2,55,0,0,2,1.144128,98.166700,0.143016,52,0.279494,36,0,0,0,0.279494,0.279494,0.000000,0.000000,0.279494,-0.060097,0,0,1,0,52,17,11,98.166700,30.000000,17.666700,0.142875,0.135071,0.131098,0.000239,0.004891,0.004664,0.004891,8,0,8,fixed,8,8,0,0,3.000000,4.000000
1003,logistic,8,2,56,1,1,4,0.000000,30.000000,1.333333,17,0.279494,36,0,1,0,0.279494,0.279494,0.000000,0.000000,0.279494,-0.060097,0,0,1,-1,52,17,11,98.166700,30.000000,17.666700,0.407470,1.333333,2.264147,-0.006371,0.000239,0.000541,0.000541,8,0,8,fixed,8,8,0,0,3.000000,4.000000
1003,logistic,8,2,57,0,0,2,1.144151,98.166700,0.143019,52,0.279494,36,0,0,0,0.279494,0.279494,0.000000,0.000000,0.279494,-0.060097,0,0,1,0,52,17,11,98.166700,30.000000,17.666700,0.142875,0.135073,0.131101,0.000239,0.004891,0.004664,0.004891,8,0,8,fixed,8,8,0,0,3.000000,4.000000
1003,logistic,8,2,58,0,0,2,1.142077,98.166700,0.142760,52,0.279494,36,0,0,0,0.279494,0.279494,0.000000,0.000000,0.279494,-0.060097,0,0,1,0,52,17,11,98.166700,30.000000,17.666700,0.142883,0.134829,0.130863,0.000239,0.004877,0.004650,0.004877,8,0,8,fixed,8,8,0,0,3.000000,4.000000
1003,logistic,8,2,59,0,0,2,1.142077,98.166700,0.142760,52,0.279494,36,0,0,0,0.279494,0.279494,0.000000,0.000000,0.279494,-0.060097,0,0,1,0,52,17,11,98.166700,30.000000,17.666700,0.142883,0.134829,0.130863,0.000239,0.004877,0.004650,0.004877,8,0,8,fixed,8,8,0,0,3.000000,4.000000
1003,logistic,8,2,60,1,1,4,0.000000,30.000000,1.333333,17,0.279494,36,0,1,0,0.279494,0.279494,0.000000,0.000000,0.279494,-0.060097,0,0,1,-1,52,17,11,98.166700,30.000000,17.666700,0.407470,1.333333,2.264147,-0.006371,0.000239,0.000541,0.000541,8,0,8,fixed,8,8,0,0,3.000000,4.000000
1003,logistic,8,2,61,0,0,2,1.142136,98.166700,0.142767,52,0.279494,36,0,0,0,0.279494,0.279494,0.000000,0.000000,0.279494,-0.060097,0,0,1,0,52,17,11,98.166700,30.000000,17.666700,0.142882,0.134836,0.130870,0.000239,0.004878,0.004651,0.004878,8,0,8,fixed,8,8,0,0,3.000000,4.000000
1003,logistic,8,2,62,2,2,3,0.000000,17.666700,5.660367,11,0.279494,36,0,2,0,0.279494,0.279494,0.000000,0.000000,0.279494,-0.060097,0,0,1,-1,52,17,11,98.166700,30.000000,17.666700,1.018675,3.333333,5.660367,-0.005530,0.000118,0.000239,0.000118,8,0,8,fixed,8,8,0,0,3.000000,4.000000
1003,logistic,8,2,63,1,1,4,0.000000,30.000000,1.333333,17,0.279494,36,0,1,0,0.279494,0.279494,0.000000,0.000000,0.279494,-0.060097,0,0,1,-1,52,17,11,98.166700,30.000000,17.666700,0.407470,1.333333,2.264147,-0.006371,0.000239,0.000541,0.000541,8,0,8,fixed,8,8,0,0,3.000000,4.000000
1003,logistic,8,2,64,0,0,2,1.142000,98.166700,0.142750,52,0.279494,36,1,0,0,0.279494,0.279494,0.000000,0.000000,0.279494,-0.060097,0,0,1,0,52,17,11,98.166700,30.000000,17.666700,0.142883,0.134819,0.130854,0.000239,0.004877,0.004650,0.004877,8,0,8,fixed,8,8,0,0,3.000000,4.000000
1003,logistic,8,2,65,1,1,4,0.000000,30.000000,1.333333,17,0.279494,36,0,1,0,0.279494,0.279494,0.000000,0.000000,0.279494,-0.060097,0,0,1,-1,52,17,11,98.166700,30.000000,17.666700,0.407470,1.333333,2.264147,-0.006371,0.000239,0.000541,0.000541,8,0,8,fixed,8,8,0,0,3.000000,4.000000
1003,logistic,8,2,66,2,2,3,0.000000,17.666700,5.660367,11,0.279494,36,0,2,0,0.279494,0.279494,0.000000,0.000000,0.279494,-0.060097,0,0,1,-1,52,17,11,98.166700,30.000000,17.666700,1.018675,3.333333,5.660367,-0.005530,0.000118,0.000239,0.000118,8,0,8,fixed,8,8,0,0,3.000000,4.000000
1003,logistic,8,2,67,0,0,1,2.506543,98.166700,0.835514,52,0.279494,36,0,0,0,0.279494,0.279494,0.000000,0.000000,0.279494,-0.060097,0,0,1,-1,52,17,11,98.166700,30.000000,17.666700,0.827163,0.789097,0.765888,0.000239,0.005354,0.005315,0.005354,8,0,8,fixed,8,8,0,0,3.000000,4.000000
1003,logistic,8,2,68,0,0,1,2.381602,98.166700,0.793867,52,0.279494,36,0,0,0,0.279494,0.279494,0.000000,0.000000,0.279494,-0.060097,0,0,1,-1,52,17,11,98.166700,30.000000,17.666700,0.829940,0.749764,0.727712,0.000239,0.005283,0.005242,0.005283,8,0,8,fixed,8,8,0,0,3.000000,4.000000
1003,logistic,8,2,69,0,0,1,1.942720,98.166700,0.647573,52,0.279494,36,0,0,0,0.279494,0.279494,0.000000,0.000000,0.279494,-0.060097,0,0,1,-1,52,17,11,98.166700,30.000000,17.666700,0.839693,0.611597,0.593609,0.000239,0.004964,0.004914,0.004964,8,0,8,fixed,8,8,0,0,3.000000,4.000000
1003,logistic,8,2,70,0,0,1,2.519131,98.166700,0.839710,52,0.279494,36,0,0,0,0.279494,0.279494,0.000000,0.000000,0.279494,-0.060097,0,0,1,-1,52,17,11,98.166700,30.000000,17.666700,0.826884,0.793060,0.769735,0.000239,0.005361,0.005322,0.005361,8,0,8,fixed,8,8,0,0,3.000000,4.000000
1003,logistic,8,2,71,1,1,4,0.000000,30.000000,1.333333,17,0.279494,36,0,1,0,0.279494,0.279494,0.000000,0.000000,0.279494,-0.060097,0,0,1,-1,52,17,11,98.166700,30.000000,17.666700,0.407470,1.333333,2.264147,-0.006371,0.000239,0.000541,0.000541,8,0,8,fixed,8,8,0,0,3.000000,4.000000
1003,logistic,8,2,72,2,2,3,0.000000,17.666700,5.660367,11,0.279494,36,0,2,0,0.279494,0.279494,0.000000,0.000000,0.279494,-0.060097,0,0,1,-1,52,17,11,98.166700,30.000000,17.666700,1.018675,3.333333,5.660367,-0.005530,0.000118,0.000239,0.000118,8,0,8,fixed,8,8,0,0,3.000000,4.000000
1003,logistic,8,2,73,2,2,3,0.000000,17.666700,5.660367,11,0.279494,36,0,2,0,0.279494,0.279494,0.000000,0.000000,0.279494,-0.060097,0,0,1,-1,52,17,11,98.166700,30.000000,17.666700,1.018675,3.333333,5.660367,-0.005530,0.000118,0.000239,0.000118,8,0,8,fixed,8,8,0,0,3.000000,4.000000
1003,logistic,8,2,74,0,0,1,2.514643,98.166700,0.838214,52,0.279494,36,0,0,0,0.279494,0.279494,0.000000,0.000000,0.279494,-0.060097,0,0,1,-1,52,17,11,98.166700,30.000000,17.666700,0.826983,0.791647,0.768363,0.000239,0.005359,0.005320,0.005359,8,0,8,fixed,8,8,0,0,3.000000,4.000000
1003,logistic,8,2,75,0,0,1,2.346955,98.166700,0.782318,52,0.279494,36,0,0,0,0.279494,0.279494,0.000000,0.000000,0.279494,-0.060097,0,0,1,-1,52,17,11,98.166700,30.000000,17.666700,0.830710,0.738856,0.717125,0.000239,0.005262,0.005220,0.005262,8,0,8,fixed,8,8,0,0,3.000000,4.000000
1003,logistic,8,2,76,0,0,2,1.142000,98.166700,0.142750,52,0.279494,36,0,0,0,0.279494,0.279494,0.000000,0.000000,0.279494,-0.060097,0,0,1,0,52,17,11,98.166700,30.000000,17.666700,0.142883,0.134819,0.130854,0.000239,0.004877,0.004650,0.004877,8,0,8,fixed,8,8,0,0,3.000000,4.000000
1003,logistic,8,2,77,0,0,1,2.494483,98.166700,0.831494,52,0.279494,36,0,0,0,0.279494,0.279494,0.000000,0.000000,0.279494,-0.060097,0,0,1,-1,52,17,11,98.166700,30.000000,17.666700,0.827431,0.785300,0.762203,0.000239,0.005348,0.005308,0.005348,8,0,8,fixed,8,8,0,0,3.000000,4.000000
1003,logistic,8,2,78,0,0,2,1.144250,98.166700,0.143031,52,0.279494,36,0,0,0,0.279494,0.279494,0.000000,0.000000,0.279494,-0.060097,0,0,1,0,52,17,11,98.166700,30.000000,17.666700,0.142875,0.135085,0.131112,0.000239,0.004892,0.004665,0.004892,8,0,8,fixed,8,8,0,0,3.000000,4.000000
1003,logistic,8,2,79,1,1,4,0.000000,30.000000,1.333333,17,0.279494,36,0,1,0,0.279494,0.279494,0.000000,0.000000,0.279494,-0.060097,0,0,1,-1,52,17,11,98.166700,30.000000,17.666700,0.407470,1.333333,2.264147,-0.006371,0.000239,0.000541,0.000541,8,0,8,fixed,8,8,0,0,3.000000,4.000000
1003,logistic,8,2,80,0,0,2,1.142137,98.166700,0.142767,52,0.279494,36,0,0,0,0.279494,0.279494,0.000000,0.000000,0.279494,-0.060097,0,0,1,0,52,17,11,98.166700,30.000000,17.666700,0.142882,0.134836,0.130870,0.000239,0.004878,0.004651,0.004878,8,0,8,fixed,8,8,0,0,3.000000,4.000000
1003,logistic,8,3,1,2,2,3,0.000000,17.333300,5.769242,11,0.248793,36,0,2,0,0.248793,0.248793,0.000000,0.000000,0.248793,-0.030701,0,0,1,-1,52,17,11,94.666700,30.333300,17.333300,1.056338,3.296707,5.769242,-0.004897,0.000063,0.000164,0.000063,8,0,8,fixed,8,8,0,0,3.000000,4.000000
1003,logistic,8,3,2,2,2,3,0.000000,17.333300,5.769242,11,0.248793,36,0,2,0,0.248793,0.248793,0.000000,0.000000,0.248793,-0.030701,0,0,1,-1,52,17,11,94.666700,30.333300,17.333300,1.056338,3.296707,5.769242,-0.004897,0.000063,0.000164,0.000063,8,0,8,fixed,8,8,0,0,3.000000,4.000000
1003,logistic,8,3,3,0,0,2,1.005420,94.666700,0.125678,52,0.248793,36,0,0,0,0.248793,0.248793,0.000000,0.000000,0.248793,-0.030701,0,0,1,0,52,17,11,94.666700,30.333300,17.333300,0.124517,0.118695,0.115204,0.000164,0.004376,0.004172,0.004376,8,0,8,fixed,8,8,0,0,3.000000,4.000000
1003,logistic,8,3,4,0,0,2,0.981374,94.666700,0.122672,52,0.248793,36,1,0,0,0.248793,0.248793,0.000000,0.000000,0.248793,-0.030701,0,0,1,0,52,17,11,94.666700,30.333300,17.333300,0.124603,0.115857,0.112449,0.000164,0.004207,0.003998,0.004207,8,0,8,fixed,8,8,0,0,3.000000,4.000000
1003,logistic,8,3,5,2,2,3,0.000000,17.333300,5.769242,11,0.248793,36,0,2,0,0.248793,0.248793,0.000000,0.000000,0.248793,-0.030701,0,0,1,-1,52,17,11,94.666700,30.333300,17.333300,1.056338,3.296707,5.769242,-0.004897,0.000063,0.000164,0.000063,8,0,8,fixed,8,8,0,0,3.000000,4.000000
1003,logistic,8,3,6,0,0,2,0.995665,94.666700,0.124458,52,0.248793,36,0,0,0,0.248793,0.248793,0.000000,0.000000,0.248793,-0.030701,0,0,1,0,52,17,11,94.666700,30.333300,17.333300,0.124552,0.117544,0.114087,0.000164,0.004309,0.004102,0.004309,8,0,8,fixed,8,8,0,0,3.000000,4.000000
1003,logistic,8,3,7,0,0,2,1.003245,94.666700,0.125406,52,0.248793,36,0,0,0,0.248793,0.248793,0.000000,0.000000,0.248793,-0.030701,0,0,1,0,52,17,11,94.666700,30.333300,17.333300,0.124524,0.118439,0.114955,0.000164,0.004361,0.004157,0.004361,8,0,8,fixed,8,8,0,0,3.000000,4.000000
1003,logistic,8,3,8,0,0,2,0.990141,94.666700,0.123768,52,0.248793,36,0,0,0,0.248793,0.248793,0.000000,0.000000,0.248793,-0.030701,0,0,1,0,52,17,11,94.666700,30.333300,17.333300,0.124571,0.116892,0.113454,0.000164,0.004270,0.004062,0.004270,8,0,8,fixed,8,8,0,0,3.000000,4.000000
1003,logistic,8,3,9,1,1,4,0.000000,30.333300,1.318683,17,0.248793,36,0,1,0,0.248793,0.248793,0.000000,0.000000,0.248793,-0.030701,0,0,1,-1,52,17,11,94.666700,30.333300,17.333300,0.422535,1.318683,2.307697,-0.005517,0.000164,0.000416,0.000416,8,0,8,fixed,8,8,0,0,3.000000,4.000000
1003,logistic,8,3,10,0,0,2,1.004286,94.666700,0.125536,52,0.248793,36,0,0,0,0.248793,0.248793,0.000000,0.000000,0.248793,-0.030701,0,0,1,0,52,17,11,94.666700,30.333300,17.333300,0.124521,0.118562,0.115074,0.000164,0.004369,0.004164,0.004369,8,0,8,fixed,8,8,0,0,3.000000,4.000000
1003,logistic,8,3,11,2,2,3,0.000000,17.333300,5.769242,11,0.248793,36,0,2,0,0.248793,0.248793,0.000000,0.000000,0.248793,-0.030701,0,0,1,-1,52,17,11,94.666700,30.333300,17.333300,1.056338,3.296707,5.769242,-0.004897,0.000063,0.000164,0.000063,8,0,8,fixed,8,8,0,0,3.000000,4.000000
1003,logistic,8,3,12,1,1,4,0.000000,30.333300,1.318683,17,0.248793,36,0,1,0,0.248793,0.248793,0.000000,0.000000,0.248793,-0.030701,0,0,1,-1,52,17,11,94.666700,30.333300,17.333300,0.422535,1.318683,2.307697,-0.005517,0.000164,0.000416,0.000416,8,0,8,fixed,8,8,0,0,3.000000,4.000000
1003,logistic,8,3,13,1,1,4,0.000000,30.333300,1.318683,17,0.248793,36,0,1,0,0.248793,0.248793,0.000000,0.000000,0.248793,-0.030701,0,0,1,-1,52,17,11,94.666700,30.333300,17.333300,0.422535,1.318683,2.307697,-0.005517,0.000164,0.000416,0.000416,8,0,8,fixed,8,8,0,0,3.000000,4.000000
1003,logistic,8,3,14,0,0,1,2.539316,94.666700,0.846439,52,0.248793,36,0,0,0,0.248793,0.248793,0.000000,0.000000,0.248793,-0.030701,0,0,1,-1,52,17,11,94.666700,30.333300,17.333300,0.918912,0.799414,0.775902,0.000164,0.004669,0.004639,0.004669,8,0,8,fixed,8,8,0,0,3.000000,4.000000
1003,logistic,8,3,15,2,2,3,0.000000,17.333300,5.769242,11,0.248793,36,0,2,0,0.248793,0.248793,0.000000,0.000000,0.248793,-0.030701,0,0,1,-1,52,17,11,94.666700,30.333300,17.333300,1.056338,3.296707,5.769242,-0.004897,0.000063,0.000164,0.000063,8,0,8,fixed,8,8,0,0,3.000000,4.000000
1003,logistic,8,3,16,0,0,2,1.004385,94.666700,0.125548,52,0.248793,36,0,0,0,0.248793,0.248793,0.000000,0.000000,0.248793,-0.030701,0,0,1,0,52,17,11,94.666700,30.333300,17.333300,0.124520,0.118573,0.115086,0.000164,0.004369,0.004165,0.004369,8,0,8,fixed,8,8,0,0,3.000000,4.000000
1003,logistic,8,3,17,0,0,2,1.002198,94.666700,0.125275,52,0.248793,36,0,0,0,0.248793,0.248793,0.000000,0.000000,0.248793,-0.030701,0,0,1,0,52,17,11,94.666700,30.333300,17.333300,0.124528,0.118315,0.114835,0.000164,0.004354,0.004149,0.004354,8,0,8,fixed,8,8,0,0,3.000000,4.000000
1003,logistic,8,3,18,0,0,1,2.800324,94.666700,0.933441,52,0.248793,36,0,0,0,0.248793,0.248793,0.000000,0.000000,0.248793,-0.030701,0,0,1,-1,52,17,11,94.666700,30.333300,17.333300,0.913112,0.881584,0.855655,0.000164,0.004768,0.004740,0.004768,8,0,8,fixed,8,8,0,0,3.000000,4.000000
1003,logistic,8,3,19,0,0,2,0.996682,94.666700,0.124585,52,0.248793,36,0,0,0,0.248793,0.248793,0.000000,0.000000,0.248793,-0.030701,0,0,1,0,52,17,11,94.666700,30.333300,17.333300,0.124548,0.117664,0.114203,0.000164,0.004316,0.004110,0.004316,8,0,8,fixed,8,8,0,0,3.000000,4.000000
1003,logistic,8,3,20,0,0,2,0.999977,94.666700,0.124997,52,0.248793,36,0,0,0,0.248793,0.248793,0.000000,0.000000,0.248793,-0.030701,0,0,1,0,52,17,11,94.666700,30.333300,17.333300,0.124536,0.118053,0.114581,0.000164,0.004339,0.004133,0.004339,8,0,8,fixed,8,8,0,0,3.000000,4.000000
1003,logistic,8,3,21,0,0,2,1.004384,94.666700,0.125548,52,0.248793,36,0,0,0,0.248793,0.248793,0.000000,0.000000,0.248793,-0.030701,0,0,1,0,52,17,11,94.666700,30.333300,17.333300,0.124520,0.118573,0.115086,0.000164,0.004369,0.004165,0.004369,8,0,8,fixed,8,8,0,0,3.000000,4.000000
1003,logistic,8,3,22,0,0,2,0.998885,94.666700,0.124861,52,0.248793,36,0,0,0,0.248793,0.248793,0.000000,0.000000,0.248793,-0.030701,0,0,1,0,52,17,11,94.666700,30.333300,17.333300,0.124540,0.117924,0.114456,0.000164,0.004331,0.004125,0.004331,8,0,8,fixed,8,8,0,0,3.000000,4.000000
1003,logistic,8,3,23,1,1,4,0.000000,30.333300,1.318683,17,0.248793,36,0,1,0,0.248793,0.248793,0.000000,0.000000,0.248793,-0.030701,0,0,1,-1,52,17,11,94.666700,30.333300,17.333300,0.422535,1.318683,2.307697,-0.005517,0.000164,0.000416,0.000416,8,0,8,fixed,8,8,0,0,3.000000,4.000000
1003,logistic,8,3,24,1,1,4,0.000000,30.333300,1.318683,17,0.248793,36,0,1,0,0.248793,0.248793,0.000000,0.000000,0.248793,-0.030701,0,0,1,-1,52,17,11,94.666700,30.333300,17.333300,0.422535,1.318683,2.307697,-0.005517,0.000164,0.000416,0.000416,8,0,8,fixed,8,8,0,0,3.000000,4.000000
1003,logistic,8,3,25,0,0,2,1.000014,94.666700,0.125002,52,0.248793,36,0,0,0,0.248793,0.248793,0.000000,0.000000,0.248793,-0.030701,0,0,1,0,52,17,11,94.666700,30.333300,17.333300,0.124536,0.118057,0.114585,0.000164,0.004339,0.004134,0.004339,8,0,8,fixed,8,8,0,0,3.000000,4.000000
1003,logistic,8,3,26,0,0,2,1.001083,94.666700,0.125135,52,0.248793,36,0,0,0,0.248793,0.248793,0.000000,0.000000,0.248793,-0.030701,0,0,1,0,52,17,11,94.666700,30.333300,17.333300,0.124532,0.118183,0.114707,0.000164,0.004346,0.004141,0.004346,8,0,8,fixed,8,8,0,0,3.000000,4.000000
1003,logistic,8,3,27,0,0,2,1.001083,94.666700,0.125135,52,0.248793,36,0,0,0,0.248793,0.248793,0.000000,0.000000,0.248793,-0.030701,0,0,1,0,52,17,11,94.666700,30.333300,17.333300,0.124532,0.118183,0.114707,0.000164,0.004346,0.004141,0.004346,8,0,8,fixed,8,8,0,0,3.000000,4.000000
1003,logistic,8,3,28,2,2,3,0.000000,17.333300,5.769242,11,0.248793,36,0,2,0,0.248793,0.248793,0.000000,0.000000,0.248793,-0.030701,0,0,1,-1,52,17,11,94.666700,30.333300,17.333300,1.056338,3.296707,5.769242,-0.004897,0.000063,0.000164,0.000063,8,0,8,fixed,8,8,0,0,3.000000,4.000000
1003,logistic,8,3,29,0,0,2,0.983524,94.666700,0.122941,52,0.248793,36,0,0,0,0.248793,0.248793,0.000000,0.000000,0.248793,-0.030701,0,0,1,0,52,17,11,94.666700,30.333300,17.333300,0.124595,0.116110,0.112695,0.000164,0.004222,0.004014,0.004222,8,0,8,fixed,8,8,0,0,3.000000,4.000000
1003,logistic,8,3,30,0,0,2,0.991294,94.666700,0.123912,52,0.248793,36,0,0,0,0.248793,0.248793,0.000000,0.000000,0.248793,-0.030701,0,0,1,0,52,17,11,94.666700,30.333300,17.333300,0.124567,0.117028,0.113586,0.000164,0.004278,0.004071,0.004278,8,0,8,fixed,8,8,0,0,3.000000,4.000000
1003,logistic,8,3,31,0,0,2,0.983559,94.666700,0.122945,52,0.248793,36,0,0,0,0.248793,0.248793,0.000000,0.000000,0.248793,-0.030701,0,0,1,0,52,17,11,94.666700,30.333300,17.333300,0.124595,0.116115,0.112700,0.000164,0.004223,0.004014,0.004223,8,0,8,fixed,8,8,0,0,3.000000,4.000000
1003,logistic,8,3,32,0,0,1,2.742396,94.666700,0.914132,52,0.248793,36,0,0,0,0.248793,0.248793,0.000000,0.000000,0.248793,-0.030701,0,0,1,-1,52,17,11,94.666700,30.333300,17.333300,0.914399,0.863347,0.837954,0.000164,0.004748,0.004719,0.004748,8,0,8,fixed,8,8,0,0,3.000000,4.000000
1003,logistic,8,3,33,0,0,1,2.074049,94.666700,0.691350,52,0.248793,36,0,0,0,0.248793,0.248793,0.000000,0.000000,0.248793,-0.030701,0,0,1,-1,52,17,11,94.666700,30.333300,17.333300,0.929252,0.652941,0.633737,0.000164,0.004434,0.004397,0.004434,8,0,8,fixed,8,8,0,0,3.000000,4.000000
1003,logistic,8,3,34,0,0,1,2.593696,94.666700,0.864565,52,0.248793,36,0,0,0,0.248793,0.248793,0.000000,0.000000,0.248793,-0.030701,0,0,1,-1,52,17,11,94.666700,30.333300,17.333300,0.917704,0.816534,0.792518,0.000164,0.004691,0.004661,0.004691,8,0,8,fixed,8,8,0,0,3.000000,4.000000
1003,logistic,8,3,35,1,1,4,0.000000,30.333300,1.318683,17,0.248793,36,0,1,0,0.248793,0.248793,0.000000,0.000000,0.248793,-0.030701,0,0,1,-1,52,17,11,94.666700,30.333300,17.333300,0.422535,1.318683,2.307697,-0.005517,0.000164,0.000416,0.000416,8,0,8,fixed,8,8,0,0,3.000000,4.000000
1003,logistic,8,3,36,0,0,2,0.989049,94.666700,0.123631,52,0.248793,36,0,0,0,0.248793,0.248793,0.000000,0.000000,0.248793,-0.030701,0,0,1,0,52,17,11,94.666700,30.333300,17.333300,0.124575,0.116763,0.113329,0.000164,0.004262,0.004054,0.004262,8,0,8,fixed,8,8,0,0,3.000000,4.000000
1003,logistic,8,3,37,0,0,2,0.989078,94.666700,0.123635,52,0.248793,36,0,0,0,0.248793,0.248793,0.000000,0.000000,0.248793,-0.030701,0,0,1,0,52,17,11,94.666700,30.333300,17.333300,0.124575,0.116766,0.113332,0.000164,0.004262,0.004054,0.004262,8,0,8,fixed,8,8,0,0,3.000000,4.000000
1003,logistic,8,3,38,0,0,2,0.991270,94.666700,0.123909,52,0.248793,36,0,0,0,0.248793,0.248793,0.000000,0.000000,0.248793,-0.030701,0,0,1,0,52,17,11,94.666700,30.333300,17.333300,0.124567,0.117025,0.113583,0.000164,0.004278,0.004070,0.004278,8,0,8,fixed,8,8,0,0,3.000000,4.000000
1003,logistic,8,3,39,1,1,4,0.000000,30.333300,1.318683,17,0.248793,36,0,1,0,0.248793,0.248793,0.000000,0.000000,0.248793,-0.030701,0,0,1,-1,52,17,11,94.666700,30.333300,17.333300,0.422535,1.318683,2.307697,-0.005517,0.000164,0.000416,0.000416,8,0,8,fixed,8,8,0,0,3.000000,4.000000
1003,logistic,8,3,40,1,1,4,0.000000,30.333300,1.318683,17,0.248793,36,0,1,0,0.248793,0.248793,0.000000,0.000000,0.248793,-0.030701,0,0,1,-1,52,17,11,94.666700,30.333300,17.333300,0.422535,1.318683,2.307697,-0.005517,0.000164,0.000416,0.000416,8,0,8,fixed,8,8,0,0,3.000000,4.000000
1003,logistic,8,3,41,0,0,2,1.003258,94.666700,0.125407,52,0.248793,36,0,0,0,0.248793,0.248793,0.000000,0.000000,0.248793,-0.030701,0,0,1,0,52,17,11,94.666700,30.333300,17.333300,0.124524,0.118440,0.114957,0.000164,0.004361,0.004157,0.004361,8,0,8,fixed,8,8,0,0,3.000000,4.000000
1003,logistic,8,3,42,0,0,1,2.802178,94.666700,0.934059,52,0.248793,36,0,0,0,0.248793,0.248793,0.000000,0.000000,0.248793,-0.030701,0,0,1,-1,52,17,11,94.666700,30.333300,17.333300,0.913071,0.882167,0.856221,0.000164,0.004769,0.004741,0.004769,8,0,8,fixed,8,8,0,0,3.000000,4.000000
1003,logistic,8,3,43,0,0,2,0.989108,94.666700,0.123638,52,0.248793,36,0,0,0,0.248793,0.248793,0.000000,0.000000,0.248793,-0.030701,0,0,1,0,52,17,11,94.666700,30.333300,17.333300,0.124575,0.116770,0.113335,0.000164,0.004262,0.004055,0.004262,8,0,8,fixed,8,8,0,0,3.000000,4.000000
1003,logistic,8,3,44,0,0,1,3.505056,94.666700,1.168352,52,0.248793,36,0,0,0,0.248793,0.248793,0.000000,0.000000,0.248793,-0.030701,0,0,1,1,52,17,11,94.666700,30.333300,17.333300,0.897451,1.103443,1.070989,0.000164,0.004967,0.004944,0.004967,8,0,8,fixed,8,8,0,0,3.000000,4.000000
1003,logistic,8,3,45,0,0,2,0.989095,94.666700,0.123637,52,0.248793,36,0,0,0,0.248793,0.248793,0.000000,0.000000,0.248793,-0.030701,0,0,1,0,52,17,11,94.666700,30.333300,17.333300,0.124575,0.116768,0.113334,0.000164,0.004262,0.004055,0.004262,8,0,8,fixed,8,8,0,0,3.000000,4.000000
1003,logistic,8,3,46,1,1,4,0.000000,30.333300,1.318683,17,0.248793,36,0,1,0,0.248793,0.248793,0.000000,0.000000,0.248793,-0.030701,0,0,1,-1,52,17,11,94.666700,30.333300,17.333300,0.422535,1.318683,2.307697,-0.005517,0.000164,0.000416,0.000416,8,0,8,fixed,8,8,0,0,3.000000,4.000000
1003,logistic,8,3,47,0,0,1,2.793712,94.666700,0.931237,52,0.248793,36,0,0,0,0.248793,0.248793,0.000000,0.000000,0.248793,-0.030701,0,0,1,-1,52,17,11,94.666700,30.333300,17.333300,0.913259,0.879502,0.853634,0.000164,0.004766,0.004738,0.004766,8,0,8,fixed,8,8,0,0,3.000000,4.000000
1003,logistic,8,3,48,2,2,3,0.000000,17.333300,5.769242,11,0.248793,36,0,2,0,0.248793,0.248793,0.000000,0.000000,0.248793,-0.030701,0,0,1,-1,52,17,11,94.666700,30.333300,17.333300,1.056338,3.296707,5.769242,-0.004897,0.000063,0.000164,0.000063,8,0,8,fixed,8,8,0,0,3.000000,4.000000
1003,logistic,8,3,49,0,0,2,0.983519,94.666700,0.122940,52,0.248793,36,0,0,0,0.248793,0.248793,0.000000,0.000000,0.248793,-0.030701,0,0,1,0,52,17,11,94.666700,30.333300,17.333300,0.124595,0.116110,0.112695,0.000164,0.004222,0.004014,0.004222,8,0,8,fixed,8,8,0,0,3.000000,4.000000
1003,logistic,8,3,50,0,0,2,1.003217,94.666700,0.125402,52,0.248793,36,0,0,0,0.248793,0.248793,0.000000,0.000000,0.248793,-0.030701,0,0,1,0,52,17,11,94.666700,30.333300,17.333300,0.124525,0.118435,0.114952,0.000164,0.004361,0.004156,0.004361,8,0,8,fixed,8,8,0,0,3.000000,4.000000
1003,logistic,8,3,51,0,0,2,1.003270,94.666700,0.125409,52,0.248793,36,0,0,0,0.248793,0.248793,0.000000,0.000000,0.248793,-0.030701,0,0,1,0,52,17,11,94.666700,30.333300,17.333300,0.124524,0.118442,0.114958,0.000164,0.004362,0.004157,0.004362,8,0,8,fixed,8,8,0,0,3.000000,4.000000
1003,logistic,8,3,52,1,1,4,0.000000,30.333300,1.318683,17,0.248793,36,0,1,0,0.248793,0.248793,0.000000,0.000000,0.248793,-0.030701,0,0,1,-1,52,17,11,94.666700,30.333300,17.333300,0.422535,1.318683,2.307697,-0.005517,0.000164,0.000416,0.000416,8,0,8,fixed,8,8,0,0,3.000000,4.000000
1003,logistic,8,3,53,1,1,4,0.000000,30.333300,1.318683,17,0.248793,36,0,1,0,0.248793,0.248793,0.000000,0.000000,0.248793,-0.030701,0,0,1,-1,52,17,11,94.666700,30.333300,17.333300,0.422535,1.318683,2.307697,-0.005517,0.000164,0.000416,0.000416,8,0,8,fixed,8,8,0,0,3.000000,4.000000
1003,logistic,8,3,54,0,0,1,2.696436,94.666700,0.898812,52,0.248793,36,0,0,0,0.248793,0.248793,0.000000,0.000000,0.248793,-0.030701,0,0,1,-1,52,17,11,94.666700,30.333300,17.333300,0.915421,0.848878,0.823911,0.000164,0.004731,0.004702,0.004731,8,0,8,fixed,8,8,0,0,3.000000,4.000000
1003,logistic,8,3,55,0,0,2,0.983506,94.666700,0.122938,52,0.248793,36,0,0,0,0.248793,0.248793,0.000000,0.000000,0.248793,-0.030701,0,0,1,0,52,17,11,94.666700,30.333300,17.333300,0.124595,0.116108,0.112693,0.000164,0.004222,0.004013,0.004222,8,0,8,fixed,8,8,0,0,3.000000,4.000000
1003,logistic,8,3,56,1,1,4,0.000000,30.333300,1.318683,17,0.248793,36,0,1,0,0.248793,0.248793,0.000000,0.000000,0.248793,-0.030701,0,0,1,-1,52,17,11,94.666700,30.333300,17.333300,0.422535,1.318683,2.307697,-0.005517,0.000164,0.000416,0.000416,8,0,8,fixed,8,8,0,0,3.000000,4.000000
1003,logistic,8,3,57,0,0,2,0.989095,94.666700,0.123637,52,0.248793,36,0,0,0,0.248793,0.248793,0.000000,0.000000,0.248793,-0.030701,0,0,1,0,52,17,11,94.666700,30.333300,17.333300,0.124575,0.116768,0.113334,0.000164,0.004262,0.004055,0.004262,8,0,8,fixed,8,8,0,0,3.000000,4.000000
1003,logistic,8,3,58,0,0,2,1.003210,94.666700,0.125401,52,0.248793,36,0,0,0,0.248793,0.248793,0.000000,0.000000,0.248793,-0.030701,0,0,1,0,52,17,11,94.666700,30.333300,17.333300,0.124525,0.118435,0.114951,0.000164,0.004361,0.004156,0.004361,8,0,8,fixed,8,8,0,0,3.000000,4.000000
1003,logistic,8,3,59,0,0,2,1.003210,94.666700,0.125401,52,0.248793,36,0,0,0,0.248793,0.248793,0.000000,0.000000,0.248793,-0.030701,0,0,1,0,52,17,11,94.666700,30.333300,17.333300,0.124525,0.118435,0.114951,0.000164,0.004361,0.004156,0.004361,8,0,8,fixed,8,8,0,0,3.000000,4.000000
1003,logistic,8,3,60,1,1,4,0.000000,30.333300,1.318683,17,0.248793,36,0,1,0,0.248793,0.248793,0.000000,0.000000,0.248793,-0.030701,0,0,1,-1,52,17,11,94.666700,30.333300,17.333300,0.422535,1.318683,2.307697,-0.005517,0.000164,0.000416,0.000416,8,0,8,fixed,8,8,0,0,3.000000,4.000000
1003,logistic,8,3,61,0,0,2,1.003226,94.666700,0.125403,52,0.248793,36,0,0,0,0.248793,0.248793,0.000000,0.000000,0.248793,-0.030701,0,0,1,0,52,17,11,94.666700,30.333300,17.333300,0.124525,0.118436,0.114953,0.000164,0.004361,0.004156,0.004361,8,0,8,fixed,8,8,0,0,3.000000,4.000000
1003,logistic,8,3,62,2,2,3,0.000000,17.333300,5.769242,11,0.248793,36,0,2,0,0.248793,0.248793,0.000000,0.000000,0.248793,-0.030701,0,0,1,-1,52,17,11,94.666700,30.333300,17.333300,1.056338,3.296707,5.769242,-0.004897,0.000063,0.000164,0.000063,8,0,8,fixed,8,8,0,0,3.000000,4.000000
1003,logistic,8,3,63,1,1,4,0.000000,30.333300,1.318683,17,0.248793,36,0,1,0,0.248793,0.248793,0.000000,0.000000,0.248793,-0.030701,0,0,1,-1,52,17,11,94.666700,30.333300,17.333300,0.422535,1.318683,2.307697,-0.005517,0.000164,0.000416,0.000416,8,0,8,fixed,8,8,0,0,3.000000,4.000000
1003,logistic,8,3,64,0,0,2,1.003192,94.666700,0.125399,52,0.248793,36,0,0,0,0.248793,0.248793,0.000000,0.000000,0.248793,-0.030701,0,0,1,0,52,17,11,94.666700,30.333300,17.333300,0.124525,0.118432,0.114949,0.000164,0.004361,0.004156,0.004361,8,0,8,fixed,8,8,0,0,3.000000,4.000000
1003,logistic,8,3,65,1,1,4,0.000000,30.333300,1.318683,17,0.248793,36,0,1,0,0.248793,0.248793,0.000000,0.000000,0.248793,-0.030701,0,0,1,-1,52,17,11,94.666700,30.333300,17.333300,0.422535,1.318683,2.307697,-0.005517,0.000164,0.000416,0.000416,8,0,8,fixed,8,8,0,0,3.000000,4.000000
1003,logistic,8,3,66,2,2,3,0.000000,17.333300,5.769242,11,0.248793,36,0,2,0,0.248793,0.248793,0.000000,0.000000,0.248793,-0.030701,0,0,1,-1,52,17,11,94.666700,30.333300,17.333300,1.056338,3.296707,5.769242,-0.004897,0.000063,0.000164,0.000063,8,0,8,fixed,8,8,0,0,3.000000,4.000000
1003,logistic,8,3,67,0,0,1,2.812343,94.666700,0.937448,52,0.248793,36,0,0,0,0.248793,0.248793,0.000000,0.000000,0.248793,-0.030701,0,0,1,-1,52,17,11,94.666700,30.333300,17.333300,0.912845,0.885367,0.859327,0.000164,0.004772,0.004745,0.004772,8,0,8,fixed,8,8,0,0,3.000000,4.000000
1003,logistic,8,3,68,0,0,1,2.802144,94.666700,0.934048,52,0.248793,36,0,0,0,0.248793,0.248793,0.000000,0.000000,0.248793,-0.030701,0,0,1,-1,52,17,11,94.666700,30.333300,17.333300,0.913072,0.882157,0.856211,0.000164,0.004769,0.004741,0.004769,8,0,8,fixed,8,8,0,0,3.000000,4.000000
1003,logistic,8,3,69,0,0,1,2.738215,94.666700,0.912738,52,0.248793,36,0,0,0,0.248793,0.248793,0.000000,0.000000,0.248793,-0.030701,0,0,1,-1,52,17,11,94.666700,30.333300,17.333300,0.914492,0.862031,0.836677,0.000164,0.004746,0.004718,0.004746,8,0,8,fixed,8,8,0,0,3.000000,4.000000
1003,logistic,8,3,70,0,0,1,2.806994,94.666700,0.935665,52,0.248793,36,0,0,0,0.248793,0.248793,0.000000,0.000000,0.248793,-0.030701,0,0,1,-1,52,17,11,94.666700,30.333300,17.333300,0.912964,0.883683,0.857693,0.000164,0.004770,0.004743,0.004770,8,0,8,fixed,8,8,0,0,3.000000,4.000000
1003,logistic,8,3,71,1,1,4,0.000000,30.333300,1.318683,17,0.248793,36,0,1,0,0.248793,0.248793,0.000000,0.000000,0.248793,-0.030701,0,0,1,-1,52,17,11,94.666700,30.333300,17.333300,0.422535,1.318683,2.307697,-0.005517,0.000164,0.000416,0.000416,8,0,8,fixed,8,8,0,0,3.000000,4.000000
1003,logistic,8,3,72,2,2,3,0.000000,17.333300,5.769242,11,0.248793,36,0,2,0,0.248793,0.248793,0.000000,0.000000,0.248793,-0.030701,0,0,1,-1,52,17,11,94.666700,30.333300,17.333300,1.056338,3.296707,5.769242,-0.004897,0.000063,0.000164,0.000063,8,0,8,fixed,8,8,0,0,3.000000,4.000000
1003,logistic,8,3,73,2,2,3,0.000000,17.333300,5.769242,11,0.248793,36,0,2,0,0.248793,0.248793,0.000000,0.000000,0.248793,-0.030701,0,0,1,-1,52,17,11,94.666700,30.333300,17.333300,1.056338,3.296707,5.769242,-0.004897,0.000063,0.000164,0.000063,8,0,8,fixed,8,8,0,0,3.000000,4.000000
1003,logistic,8,3,74,0,0,1,2.408229,94.666700,0.802743,52,0.248793,36,0,0,0,0.248793,0.248793,0.000000,0.000000,0.248793,-0.030701,0,0,1,-1,52,17,11,94.666700,30.333300,17.333300,0.921825,0.758146,0.735848,0.000164,0.004612,0.004579,0.004612,8,0,8,fixed,8,8,0,0,3.000000,4.000000
1003,logistic,8,3,75,0,0,1,3.045103,94.666700,1.015034,52,0.248793,36,0,0,0,0.248793,0.248793,0.000000,0.000000,0.248793,-0.030701,0,0,1,1,52,17,11,94.666700,30.333300,17.333300,0.907673,0.958644,0.930448,0.000164,0.004847,0.004821,0.004847,8,0,8,fixed,8,8,0,0,3.000000,4.000000
1003,logistic,8,3,76,0,0,2,1.003192,94.666700,0.125399,52,0.248793,36,0,0,0,0.248793,0.248793,0.000000,0.000000,0.248793,-0.030701,0,0,1,0,52,17,11,94.666700,30.333300,17.333300,0.124525,0.118432,0.114949,0.000164,0.004361,0.004156,0.004361,8,0,8,fixed,8,8,0,0,3.000000,4.000000
1003,logistic,8,3,77,0,0,1,2.730178,94.666700,0.910059,52,0.248793,36,0,0,0,0.248793,0.248793,0.000000,0.000000,0.248793,-0.030701,0,0,1,-1,52,17,11,94.666700,30.333300,17.333300,0.914671,0.859500,0.834221,0.000164,0.004743,0.004715,0.004743,8,0,8,fixed,8,8,0,0,3.000000,4.000000
1003,logistic,8,3,78,0,0,2,0.997793,94.666700,0.124724,52,0.248793,36,0,0,0,0.248793,0.248793,0.000000,0.000000,0.248793,-0.030701,0,0,1,0,52,17,11,94.666700,30.333300,17.333300,0.124544,0.117795,0.114330,0.000164,0.004323,0.004118,0.004323,8,0,8,fixed,8,8,0,0,3.000000,4.000000
1003,logistic,8,3,79,1,1,4,0.000000,30.333300,1.318683,17,0.248793,36,0,1,0,0.248793,0.248793,0.000000,0.000000,0.248793,-0.030701,0,0,1,-1,52,17,11,94.666700,30.333300,17.333300,0.422535,1.318683,2.307697,-0.005517,0.000164,0.000416,0.000416,8,0,8,fixed,8,8,0,0,3.000000,4.000000
1003,logistic,8,3,80,0,0,2,0.995605,94.666700,0.124451,52,0.248793,36,0,0,0,0.248793,0.248793,0.000000,0.000000,0.248793,-0.030701,0,0,1,0,52,17,11,94.666700,30.333300,17.333300,0.124552,0.117537,0.114080,0.000164,0.004308,0.004102,0.004308,8,0,8,fixed,8,8,0,0,3.000000,4.000000
1003,logistic,8,4,1,2,2,3,0.000000,17.666700,5.660367,11,0.252364,36,0,2,0,0.252364,0.252364,0.000000,0.000000,0.252364,0.003571,0,0,1,-1,52,17,11,94.333300,30.500000,17.666700,1.060071,3.278689,5.660367,-0.004980,0.000050,0.000152,0.000050,8,0,8,fixed,8,8,0,0,3.000000,4.000000
1003,logistic,8,4,2,2,2,3,0.000000,17.666700,5.660367,11,0.252364,36,0,2,0,0.252364,0.252364,0.000000,0.000000,0.252364,0.003571,0,0,1,-1,52,17,11,94.333300,30.500000,17.666700,1.060071,3.278689,5.660367,-0.004980,0.000050,0.000152,0.000050,8,0,8,fixed,8,8,0,0,3.000000,4.000000
1003,logistic,8,4,3,0,0,2,0.985745,94.333300,0.123218,52,0.252364,36,1,0,0,0.252364,0.252364,0.000000,0.000000,0.252364,0.003571,0,0,1,0,52,17,11,94.333300,30.500000,17.666700,0.126789,0.116373,0.112950,0.000152,0.004159,0.003945,0.004159,8,0,8,fixed,8,8,0,0,3.000000,4.000000
1003,logistic,8,4,4,0,0,2,1.015291,94.333300,0.126911,52,0.252364,36,0,0,0,0.252364,0.252364,0.000000,0.000000,0.252364,0.003571,0,0,1,0,52,17,11,94.333300,30.500000,17.666700,0.126683,0.119861,0.116335,0.000152,0.004370,0.004162,0.004370,8,0,8,fixed,8,8,0,0,3.000000,4.000000
1003,logistic,8,4,5,2,2,3,0.000000,17.666700,5.660367,11,0.252364,36,0,2,0,0.252364,0.252364,0.000000,0.000000,0.252364,0.003571,0,0,1,-1,52,17,11,94.333300,30.500000,17.666700,1.060071,3.278689,5.660367,-0.004980,0.000050,0.000152,0.000050,8,0,8,fixed,8,8,0,0,3.000000,4.000000
1003,logistic,8,4,6,0,0,2,1.009816,94.333300,0.126227,52,0.252364,36,0,0,0,0.252364,0.252364,0.000000,0.000000,0.252364,0.003571,0,0,1,0,52,17,11,94.333300,30.500000,17.666700,0.126703,0.119214,0.115708,0.000152,0.004332,0.004123,0.004332,8,0,8,fixed,8,8,0,0,3.000000,4.000000
1003,logistic,8,4,7,0,0,2,0.997699,94.333300,0.124712,52,0.252364,36,0,0,0,0.252364,0.252364,0.000000,0.000000,0.252364,0.003571,0,0,1,0,52,17,11,94.333300,30.500000,17.666700,0.126746,0.117784,0.114320,0.000152,0.004246,0.004034,0.004246,8,0,8,fixed,8,8,0,0,3.000000,4.000000
1003,logistic,8,4,8,0,0,2,1.011942,94.333300,0.126493,52,0.252364,36,0,0,0,0.252364,0.252364,0.000000,0.000000,0.252364,0.003571,0,0,1,0,52,17,11,94.333300,30.500000,17.666700,0.126695,0.119465,0.115952,0.000152,0.004347,0.004138,0.004347,8,0,8,fixed,8,8,0,0,3.000000,4.000000
1003,logistic,8,4,9,1,1,4,0.000000,30.500000,1.311475,17,0.252364,36,0,1,0,0.252364,0.252364,0.000000,0.000000,0.252364,0.003571,0,0,1,-1,52,17,11,94.333300,30.500000,17.666700,0.424028,1.311475,2.264147,-0.005612,0.000152,0.000408,0.000408,8,0,8,fixed,8,8,0,0,3.000000,4.000000
1003,logistic,8,4,10,0,0,2,1.015328,94.333300,0.126916,52,0.252364,36,0,0,0,0.252364,0.252364,0.000000,0.000000,0.252364,0.003571,0,0,1,0,52,17,11,94.333300,30.500000,17.666700,0.126683,0.119865,0.116340,0.000152,0.004371,0.004162,0.004371,8,0,8,fixed,8,8,0,0,3.000000,4.000000
1003,logistic,8,4,11,2,2,3,0.000000,17.666700,5.660367,11,0.252364,36,0,2,0,0.252364,0.252364,0.000000,0.000000,0.252364,0.003571,0,0,1,-1,52,17,11,94.333300,30.500000,17.666700,1.060071,3.278689,5.660367,-0.004980,0.000050,0.000152,0.000050,8,0,8,fixed,8,8,0,0,3.000000,4.000000
1003,logistic,8,4,12,1,1,4,0.000000,30.500000,1.311475,17,0.252364,36,0,1,0,0.252364,0.252364,0.000000,0.000000,0.252364,0.003571,0,0,1,-1,52,17,11,94.333300,30.500000,17.666700,0.424028,1.311475,2.264147,-0.005612,0.000152,0.000408,0.000408,8,0,8,fixed,8,8,0,0,3.000000,4.000000
1003,logistic,8,4,13,1,1,4,0.000000,30.500000,1.311475,17,0.252364,36,0,1,0,0.252364,0.252364,0.000000,0.000000,0.252364,0.003571,0,0,1,-1,52,17,11,94.333300,30.500000,17.666700,0.424028,1.311475,2.264147,-0.005612,0.000152,0.000408,0.000408,8,0,8,fixed,8,8,0,0,3.000000,4.000000
1003,logistic,8,4,14,0,0,1,2.454928,94.333300,0.818309,52,0.252364,36,0,0,0,0.252364,0.252364,0.000000,0.000000,0.252364,0.003571,0,0,1,-1,52,17,11,94.333300,30.500000,17.666700,0.907192,0.772848,0.750117,0.000152,0.004691,0.004658,0.004691,8,0,8,fixed,8,8,0,0,3.000000,4.000000
1003,logistic,8,4,15,2,2,3,0.000000,17.666700,5.660367,11,0.252364,36,0,2,0,0.252364,0.252364,0.000000,0.000000,0.252364,0.003571,0,0,1,-1,52,17,11,94.333300,30.500000,17.666700,1.060071,3.278689,5.660367,-0.004980,0.000050,0.000152,0.000050,8,0,8,fixed,8,8,0,0,3.000000,4.000000
1003,logistic,8,4,16,0,0,2,1.013070,94.333300,0.126634,52,0.252364,36,0,0,0,0.252364,0.252364,0.000000,0.000000,0.252364,0.003571,0,0,1,0,52,17,11,94.333300,30.500000,17.666700,0.126691,0.119599,0.116081,0.000152,0.004355,0.004146,0.004355,8,0,8,fixed,8,8,0,0,3.000000,4.000000
1003,logistic,8,4,17,0,0,2,1.013142,94.333300,0.126643,52,0.252364,36,0,0,0,0.252364,0.252364,0.000000,0.000000,0.252364,0.003571,0,0,1,0,52,17,11,94.333300,30.500000,17.666700,0.126691,0.119607,0.116089,0.000152,0.004355,0.004147,0.004355,8,0,8,fixed,8,8,0,0,3.000000,4.000000
1003,logistic,8,4,18,0,0,1,2.756970,94.333300,0.918990,52,0.252364,36,0,0,0,0.252364,0.252364,0.000000,0.000000,0.252364,0.003571,0,0,1,-1,52,17,11,94.333300,30.500000,17.666700,0.900480,0.867935,0.842408,0.000152,0.004814,0.004786,0.004814,8,0,8,fixed,8,8,0,0,3.000000,4.000000
1003,logistic,8,4,19,0,0,2,1.004374,94.333300,0.125547,52,0.252364,36,0,0,0,0.252364,0.252364,0.000000,0.000000,0.252364,0.003571,0,0,1,0,52,17,11,94.333300,30.500000,17.666700,0.126722,0.118572,0.115085,0.000152,0.004294,0.004083,0.004294,8,0,8,fixed,8,8,0,0,3.000000,4.000000
1003,logistic,8,4,20,0,0,2,1.015232,94.333300,0.126904,52,0.252364,36,0,0,0,0.252364,0.252364,0.000000,0.000000,0.252364,0.003571,0,0,1,0,52,17,11,94.333300,30.500000,17.666700,0.126684,0.119854,0.116329,0.000152,0.004370,0.004162,0.004370,8,0,8,fixed,8,8,0,0,3.000000,4.000000
1003,logistic,8,4,21,0,0,2,0.997829,94.333300,0.124729,52,0.252364,36,0,0,0,0.252364,0.252364,0.000000,0.000000,0.252364,0.003571,0,0,1,0,52,17,11,94.333300,30.500000,17.666700,0.126746,0.117799,0.114335,0.000152,0.004247,0.004035,0.004247,8,0,8,fixed,8,8,0,0,3.000000,4.000000
1003,logistic,8,4,22,0,0,2,1.017477,94.333300,0.127185,52,0.252364,36,0,0,0,0.252364,0.252364,0.000000,0.000000,0.252364,0.003571,0,0,1,0,52,17,11,94.333300,30.500000,17.666700,0.126675,0.120119,0.116586,0.000152,0.004385,0.004178,0.004385,8,0,8,fixed,8,8,0,0,3.000000,4.000000
1003,logistic,8,4,23,1,1,4,0.000000,30.500000,1.311475,17,0.252364,36,0,1,0,0.252364,0.252364,0.000000,0.000000,0.252364,0.003571,0,0,1,-1,52,17,11,94.333300,30.500000,17.666700,0.424028,1.311475,2.264147,-0.005612,0.000152,0.000408,0.000408,8,0,8,fixed,8,8,0,0,3.000000,4.000000
1003,logistic,8,4,24,1,1,4,0.000000,30.500000,1.311475,17,0.252364,36,0,1,0,0.252364,0.252364,0.000000,0.000000,0.252364,0.003571,0,0,1,-1,52,17,11,94.333300,30.500000,17.666700,0.424028,1.311475,2.264147,-0.005612,0.000152,0.000408,0.000408,8,0,8,fixed,8,8,0,0,3.000000,4.000000
1003,logistic,8,4,25,0,0,2,1.017454,94.333300,0.127182,52,0.252364,36,0,0,0,0.252364,0.252364,0.000000,0.000000,0.252364,0.003571,0,0,1,0,52,17,11,94.333300,30.500000,17.666700,0.126676,0.120116,0.116583,0.000152,0.004385,0.004178,0.004385,8,0,8,fixed,8,8,0,0,3.000000,4.000000
1003,logistic,8,4,26,0,0,2,1.016385,94.333300,0.127048,52,0.252364,36,0,0,0,0.252364,0.252364,0.000000,0.000000,0.252364,0.003571,0,0,1,0,52,17,11,94.333300,30.500000,17.666700,0.126679,0.119990,0.116461,0.000152,0.004378,0.004170,0.004378,8,0,8,fixed,8,8,0,0,3.000000,4.000000
1003,logistic,8,4,27,0,0,2,1.016374,94.333300,0.127047,52,0.252364,36,0,0,0,0.252364,0.252364,0.000000,0.000000,0.252364,0.003571,0,0,1,0,52,17,11,94.333300,30.500000,17.666700,0.126679,0.119989,0.116460,0.000152,0.004378,0.004170,0.004378,8,0,8,fixed,8,8,0,0,3.000000,4.000000
1003,logistic,8,4,28,2,2,3,0.000000,17.666700,5.660367,11,0.252364,36,0,2,0,0.252364,0.252364,0.000000,0.000000,0.252364,0.003571,0,0,1,-1,52,17,11,94.333300,30.500000,17.666700,1.060071,3.278689,5.660367,-0.004980,0.000050,0.000152,0.000050,8,0,8,fixed,8,8,0,0,3.000000,4.000000
1003,logistic,8,4,29,0,0,2,1.017513,94.333300,0.127189,52,0.252364,36,0,0,0,0.252364,0.252364,0.000000,0.000000,0.252364,0.003571,0,0,1,0,52,17,11,94.333300,30.500000,17.666700,0.126675,0.120123,0.116590,0.000152,0.004386,0.004178,0.004386,8,0,8,fixed,8,8,0,0,3.000000,4.000000
1003,logistic,8,4,30,0,0,2,1.014211,94.333300,0.126776,52,0.252364,36,0,0,0,0.252364,0.252364,0.000000,0.000000,0.252364,0.003571,0,0,1,0,52,17,11,94.333300,30.500000,17.666700,0.126687,0.119733,0.116212,0.000152,0.004363,0.004154,0.004363,8,0,8,fixed,8,8,0,0,3.000000,4.000000
1003,logistic,8,4,31,0,0,2,1.016420,94.333300,0.127052,52,0.252364,36,0,0,0,0.252364,0.252364,0.000000,0.000000,0.252364,0.003571,0,0,1,0,52,17,11,94.333300,30.500000,17.666700,0.126679,0.119994,0.116465,0.000152,0.004378,0.004170,0.004378,8,0,8,fixed,8,8,0,0,3.000000,4.000000
1003,logistic,8,4,32,0,0,1,2.999938,94.333300,0.999979,52,0.252364,36,0,0,0,0.252364,0.252364,0.000000,0.000000,0.252364,0.003571,0,0,1,-1,52,17,11,94.333300,30.500000,17.666700,0.895081,0.944425,0.916648,0.000152,0.004897,0.004870,0.004897,8,0,8,fixed,8,8,0,0,3.000000,4.000000
1003,logistic,8,4,33,0,0,1,2.303672,94.333300,0.767891,52,0.252364,36,0,0,0,0.252364,0.252364,0.000000,0.000000,0.252364,0.003571,0,0,1,-1,52,17,11,94.333300,30.500000,17.666700,0.910553,0.725230,0.703900,0.000152,0.004617,0.004583,0.004617,8,0,8,fixed,8,8,0,0,3.000000,4.000000
1003,logistic,8,4,34,0,0,1,2.855601,94.333300,0.951867,52,0.252364,36,0,0,0,0.252364,0.252364,0.000000,0.000000,0.252364,0.003571,0,0,1,-1,52,17,11,94.333300,30.500000,17.666700,0.898288,0.898986,0.872545,0.000152,0.004849,0.004822,0.004849,8,0,8,fixed,8,8,0,0,3.000000,4.000000
1003,logistic,8,4,35,1,1,4,0.000000,30.500000,1.311475,17,0.252364,36,0,1,0,0.252364,0.252364,0.000000,0.000000,0.252364,0.003571,0,0,1,-1,52,17,11,94.333300,30.500000,17.666700,0.424028,1.311475,2.264147,-0.005612,0.000152,0.000408,0.000408,8,0,8,fixed,8,8,0,0,3.000000,4.000000
1003,logistic,8,4,36,0,0,2,1.019663,94.333300,0.127458,52,0.252364,36,0,0,0,0.252364,0.252364,0.000000,0.000000,0.252364,0.003571,0,0,1,0,52,17,11,94.333300,30.500000,17.666700,0.126668,0.120377,0.116836,0.000152,0.004401,0.004193,0.004401,8,0,8,fixed,8,8,0,0,3.000000,4.000000
1003,logistic,8,4,37,0,0,2,1.014176,94.333300,0.126772,52,0.252364,36,0,0,0,0.252364,0.252364,0.000000,0.000000,0.252364,0.003571,0,0,1,0,52,17,11,94.333300,30.500000,17.666700,0.126687,0.119729,0.116208,0.000152,0.004362,0.004154,0.004362,8,0,8,fixed,8,8,0,0,3.000000,4.000000
1003,logistic,8,4,38,0,0,2,1.021861,94.333300,0.127733,52,0.252364,36,0,0,0,0.252364,0.252364,0.000000,0.000000,0.252364,0.003571,0,0,1,0,52,17,11,94.333300,30.500000,17.666700,0.126660,0.120636,0.117088,0.000152,0.004416,0.004209,0.004416,8,0,8,fixed,8,8,0,0,3.000000,4.000000
1003,logistic,8,4,39,1,1,4,0.000000,30.500000,1.311475,17,0.252364,36,0,1,0,0.252364,0.252364,0.000000,0.000000,0.252364,0.003571,0,0,1,-1,52,17,11,94.333300,30.500000,17.666700,0.424028,1.311475,2.264147,-0.005612,0.000152,0.000408,0.000408,8,0,8,fixed,8,8,0,0,3.000000,4.000000
1003,logistic,8,4,40,1,1,4,0.000000,30.500000,1.311475,17,0.252364,36,0,1,0,0.252364,0.252364,0.000000,0.000000,0.252364,0.003571,0,0,1,-1,52,17,11,94.333300,30.500000,17.666700,0.424028,1.311475,2.264147,-0.005612,0.000152,0.000408,0.000408,8,0,8,fixed,8,8,0,0,3.000000,4.000000
1003,logistic,8,4,41,0,0,2,1.009768,94.333300,0.126221,52,0.252364,36,0,0,0,0.252364,0.252364,0.000000,0.000000,0.252364,0.003571,0,0,1,0,52,17,11,94.333300,30.500000,17.666700,0.126703,0.119209,0.115703,0.000152,0.004332,0.004122,0.004332,8,0,8,fixed,8,8,0,0,3.000000,4.000000
1003,logistic,8,4,42,0,0,1,2.883865,94.333300,0.961288,52,0.252364,36,0,0,0,0.252364,0.252364,0.000000,0.000000,0.252364,0.003571,0,0,1,-1,52,17,11,94.333300,30.500000,17.666700,0.897660,0.907883,0.881181,0.000152,0.004859,0.004832,0.004859,8,0,8,fixed,8,8,0,0,3.000000,4.000000
1003,logistic,8,4,43,0,0,2,1.014199,94.333300,0.126775,52,0.252364,36,0,0,0,0.252364,0.252364,0.000000,0.000000,0.252364,0.003571,0,0,1,0,52,17,11,94.333300,30.500000,17.666700,0.126687,0.119732,0.116210,0.000152,0.004363,0.004154,0.004363,8,0,8,fixed,8,8,0,0,3.000000,4.000000
1003,logistic,8,4,44,0,0,1,2.703555,94.333300,0.901185,52,0.252364,36,0,0,0,0.252364,0.252364,0.000000,0.000000,0.252364,0.003571,0,0,1,-1,52,17,11,94.333300,30.500000,17.666700,0.901667,0.851119,0.826086,0.000152,0.004794,0.004765,0.004794,8,0,8,fixed,8,8,0,0,3.000000,4.000000
1003,logistic,8,4,45,0,0,2,1.019676,94.333300,0.127459,52,0.252364,36,0,0,0,0.252364,0.252364,0.000000,0.000000,0.252364,0.003571,0,0,1,0,52,17,11,94.333300,30.500000,17.666700,0.126668,0.120378,0.116838,0.000152,0.004401,0.004193,0.004401,8,0,8,fixed,8,8,0,0,3.000000,4.000000
1003,logistic,8,4,46,1,1,4,0.000000,30.500000,1.311475,17,0.252364,36,0,1,0,0.252364,0.252364,0.000000,0.000000,0.252364,0.003571,0,0,1,-1,52,17,11,94.333300,30.500000,17.666700,0.424028,1.311475,2.264147,-0.005612,0.000152,0.000408,0.000408,8,0,8,fixed,8,8,0,0,3.000000,4.000000
1003,logistic,8,4,47,0,0,1,2.470371,94.333300,0.823457,52,0.252364,36,0,0,0,0.252364,0.252364,0.000000,0.000000,0.252364,0.003571,0,0,1,-1,52,17,11,94.333300,30.500000,17.666700,0.906849,0.777709,0.754836,0.000152,0.004698,0.004665,0.004698,8,0,8,fixed,8,8,0,0,3.000000,4.000000
1003,logistic,8,4,48,2,2,3,0.000000,17.666700,5.660367,11,0.252364,36,0,2,0,0.252364,0.252364,0.000000,0.000000,0.252364,0.003571,0,0,1,-1,52,17,11,94.333300,30.500000,17.666700,1.060071,3.278689,5.660367,-0.004980,0.000050,0.000152,0.000050,8,0,8,fixed,8,8,0,0,3.000000,4.000000
1003,logistic,8,4,49,0,0,2,1.017524,94.333300,0.127191,52,0.252364,36,0,0,0,0.252364,0.252364,0.000000,0.000000,0.252364,0.003571,0,0,1,0,52,17,11,94.333300,30.500000,17.666700,0.126675,0.120124,0.116591,0.000152,0.004386,0.004178,0.004386,8,0,8,fixed,8,8,0,0,3.000000,4.000000
1003,logistic,8,4,50,0,0,2,1.023977,94.333300,0.127997,52,0.252364,36,0,0,0,0.252364,0.252364,0.000000,0.000000,0.252364,0.003571,0,0,1,0,52,17,11,94.333300,30.500000,17.666700,0.126652,0.120886,0.117331,0.000152,0.004430,0.004224,0.004430,8,0,8,fixed,8,8,0,0,3.000000,4.000000
1003,logistic,8,4,51,0,0,2,1.009780,94.333300,0.126222,52,0.252364,36,0,0,0,0.252364,0.252364,0.000000,0.000000,0.252364,0.003571,0,0,1,0,52,17,11,94.333300,30.500000,17.666700,0.126703,0.119210,0.115704,0.000152,0.004332,0.004123,0.004332,8,0,8,fixed,8,8,0,0,3.000000,4.000000
1003,logistic,8,4,52,1,1,4,0.000000,30.500000,1.311475,17,0.252364,36,0,1,0,0.252364,0.252364,0.000000,0.000000,0.252364,0.003571,0,0,1,-1,52,17,11,94.333300,30.500000,17.666700,0.424028,1.311475,2.264147,-0.005612,0.000152,0.000408,0.000408,8,0,8,fixed,8,8,0,0,3.000000,4.000000
1003,logistic,8,4,53,1,1,4,0.000000,30.500000,1.311475,17,0.252364,36,0,1,0,0.252364,0.252364,0.000000,0.000000,0.252364,0.003571,0,0,1,-1,52,17,11,94.333300,30.500000,17.666700,0.424028,1.311475,2.264147,-0.005612,0.000152,0.000408,0.000408,8,0,8,fixed,8,8,0,0,3.000000,4.000000
1003,logistic,8,4,54,0,0,1,2.836842,94.333300,0.945614,52,0.252364,36,0,0,0,0.252364,0.252364,0.000000,0.000000,0.252364,0.003571,0,0,1,-1,52,17,11,94.333300,30.500000,17.666700,0.898705,0.893080,0.866813,0.000152,0.004843,0.004815,0.004843,8,0,8,fixed,8,8,0,0,3.000000,4.000000
1003,logistic,8,4,55,0,0,2,1.017524,94.333300,0.127191,52,0.252364,36,0,0,0,0.252364,0.252364,0.000000,0.000000,0.252364,0.003571,0,0,1,0,52,17,11,94.333300,30.500000,17.666700,0.126675,0.120124,0.116591,0.000152,0.004386,0.004178,0.004386,8,0,8,fixed,8,8,0,0,3.000000,4.000000
1003,logistic,8,4,56,1,1,4,0.000000,30.500000,1.311475,17,0.252364,36,0,1,0,0.252364,0.252364,0.000000,0.000000,0.252364,0.003571,0,0,1,-1,52,17,11,94.333300,30.500000,17.666700,0.424028,1.311475,2.264147,-0.005612,0.000152,0.000408,0.000408,8,0,8,fixed,8,8,0,0,3.000000,4.000000
1003,logistic,8,4,57,0,0,2,1.014199,94.333300,0.126775,52,0.252364,36,0,0,0,0.252364,0.252364,0.000000,0.000000,0.252364,0.003571,0,0,1,0,52,17,11,94.333300,30.500000,17.666700,0.126687,0.119732,0.116210,0.000152,0.004363,0.004154,0.004363,8,0,8,fixed,8,8,0,0,3.000000,4.000000
1003,logistic,8,4,58,0,0,2,1.009780,94.333300,0.126222,52,0.252364,36,0,0,0,0.252364,0.252364,0.000000,0.000000,0.252364,0.003571,0,0,1,0,52,17,11,94.333300,30.500000,17.666700,0.126703,0.119210,0.115704,0.000152,0.004332,0.004123,0.004332,8,0,8,fixed,8,8,0,0,3.000000,4.000000
1003,logistic,8,4,59,0,0,2,1.009780,94.333300,0.126222,52,0.252364,36,0,0,0,0.252364,0.252364,0.000000,0.000000,0.252364,0.003571,0,0,1,0,52,17,11,94.333300,30.500000,17.666700,0.126703,0.119210,0.115704,0.000152,0.004332,0.004123,0.004332,8,0,8,fixed,8,8,0,0,3.000000,4.000000
1003,logistic,8,4,60,1,1,4,0.000000,30.500000,1.311475,17,0.252364,36,0,1,0,0.252364,0.252364,0.000000,0.000000,0.252364,0.003571,0,0,1,-1,52,17,11,94.333300,30.500000,17.666700,0.424028,1.311475,2.264147,-0.005612,0.000152,0.000408,0.000408,8,0,8,fixed,8,8,0,0,3.000000,4.000000
1003,logistic,8,4,61,0,0,2,1.025152,94.333300,0.128144,52,0.252364,36,0,0,0,0.252364,0.252364,0.000000,0.000000,0.252364,0.003571,0,0,1,0,52,17,11,94.333300,30.500000,17.666700,0.126648,0.121025,0.117465,0.000152,0.004438,0.004232,0.004438,8,0,8,fixed,8,8,0,0,3.000000,4.000000
1003,logistic,8,4,62,2,2,3,0.000000,17.666700,5.660367,11,0.252364,36,0,2,0,0.252364,0.252364,0.000000,0.000000,0.252364,0.003571,0,0,1,-1,52,17,11,94.333300,30.500000,17.666700,1.060071,3.278689,5.660367,-0.004980,0.000050,0.000152,0.000050,8,0,8,fixed,8,8,0,0,3.000000,4.000000
1003,logistic,8,4,63,1,1,4,0.000000,30.500000,1.311475,17,0.252364,36,0,1,0,0.252364,0.252364,0.000000,0.000000,0.252364,0.003571,0,0,1,-1,52,17,11,94.333300,30.500000,17.666700,0.424028,1.311475,2.264147,-0.005612,0.000152,0.000408,0.000408,8,0,8,fixed,8,8,0,0,3.000000,4.000000
1003,logistic,8,4,64,0,0,2,1.019593,94.333300,0.127449,52,0.252364,36,0,0,0,0.252364,0.252364,0.000000,0.000000,0.252364,0.003571,0,0,1,0,52,17,11,94.333300,30.500000,17.666700,0.126668,0.120369,0.116828,0.000152,0.004400,0.004193,0.004400,8,0,8,fixed,8,8,0,0,3.000000,4.000000
1003,logistic,8,4,65,1,1,4,0.000000,30.500000,1.311475,17,0.252364,36,0,1,0,0.252364,0.252364,0.000000,0.000000,0.252364,0.003571,0,0,1,-1,52,17,11,94.333300,30.500000,17.666700,0.424028,1.311475,2.264147,-0.005612,0.000152,0.000408,0.000408,8,0,8,fixed,8,8,0,0,3.000000,4.000000
1003,logistic,8,4,66,2,2,3,0.000000,17.666700,5.660367,11,0.252364,36,0,2,0,0.252364,0.252364,0.000000,0.000000,0.252364,0.003571,0,0,1,-1,52,17,11,94.333300,30.500000,17.666700,1.060071,3.278689,5.660367,-0.004980,0.000050,0.000152,0.000050,8,0,8,fixed,8,8,0,0,3.000000,4.000000
1003,logistic,8,4,67,0,0,1,2.798708,94.333300,0.932903,52,0.252364,36,0,0,0,0.252364,0.252364,0.000000,0.000000,0.252364,0.003571,0,0,1,-1,52,17,11,94.333300,30.500000,17.666700,0.899552,0.881075,0.855161,0.000152,0.004830,0.004801,0.004830,8,0,8,fixed,8,8,0,0,3.000000,4.000000
1003,logistic,8,4,68,0,0,1,2.905259,94.333300,0.968420,52,0.252364,36,0,0,0,0.252364,0.252364,0.000000,0.000000,0.252364,0.003571,0,0,1,-1,52,17,11,94.333300,30.500000,17.666700,0.897185,0.914619,0.887718,0.000152,0.004866,0.004839,0.004866,8,0,8,fixed,8,8,0,0,3.000000,4.000000
1003,logistic,8,4,69,0,0,1,2.278974,94.333300,0.759658,52,0.252364,36,0,0,0,0.252364,0.252364,0.000000,0.000000,0.252364,0.003571,0,0,1,-1,52,17,11,94.333300,30.500000,17.666700,0.911102,0.717455,0.696353,0.000152,0.004604,0.004569,0.004604,8,0,8,fixed,8,8,0,0,3.000000,4.000000
1003,logistic,8,4,70,0,0,1,2.812962,94.333300,0.937654,52,0.252364,36,0,0,0,0.252364,0.252364,0.000000,0.000000,0.252364,0.003571,0,0,1,-1,52,17,11,94.333300,30.500000,17.666700,0.899236,0.885562,0.859516,0.000152,0.004835,0.004806,0.004835,8,0,8,fixed,8,8,0,0,3.000000,4.000000
1003,logistic,8,4,71,1,1,4,0.000000,30.500000,1.311475,17,0.252364,36,0,1,0,0.252364,0.252364,0.000000,0.000000,0.252364,0.003571,0,0,1,-1,52,17,11,94.333300,30.500000,17.666700,0.424028,1.311475,2.264147,-0.005612,0.000152,0.000408,0.000408,8,0,8,fixed,8,8,0,0,3.000000,4.000000
1003,logistic,8,4,72,2,2,3,0.000000,17.666700,5.660367,11,0.252364,36,0,2,0,0.252364,0.252364,0.000000,0.000000,0.252364,0.003571,0,0,1,-1,52,17,11,94.333300,30.500000,17.666700,1.060071,3.278689,5.660367,-0.004980,0.000050,0.000152,0.000050,8,0,8,fixed,8,8,0,0,3.000000,4.000000
1003,logistic,8,4,73,2,2,3,0.000000,17.666700,5.660367,11,0.252364,36,0,2,0,0.252364,0.252364,0.000000,0.000000,0.252364,0.003571,0,0,1,-1,52,17,11,94.333300,30.500000,17.666700,1.060071,3.278689,5.660367,-0.004980,0.000050,0.000152,0.000050,8,0,8,fixed,8,8,0,0,3.000000,4.000000
1003,logistic,8,4,74,0,0,1,3.177022,94.333300,1.059007,52,0.252364,36,0,0,0,0.252364,0.252364,0.000000,0.000000,0.252364,0.003571,0,0,1,1,52,17,11,94.333300,30.500000,17.666700,0.891145,1.000174,0.970757,0.000152,0.004950,0.004925,0.004950,8,0,8,fixed,8,8,0,0,3.000000,4.000000
1003,logistic,8,4,75,0,0,1,2.772800,94.333300,0.924267,52,0.252364,36,0,0,0,0.252364,0.252364,0.000000,0.000000,0.252364,0.003571,0,0,1,-1,52,17,11,94.333300,30.500000,17.666700,0.900128,0.872919,0.847244,0.000152,0.004820,0.004791,0.004820,8,0,8,fixed,8,8,0,0,3.000000,4.000000
1003,logistic,8,4,76,0,0,2,1.020657,94.333300,0.127582,52,0.252364,36,0,0,0,0.252364,0.252364,0.000000,0.000000,0.252364,0.003571,0,0,1,0,52,17,11,94.333300,30.500000,17.666700,0.126664,0.120494,0.116950,0.000152,0.004407,0.004200,0.004407,8,0,8,fixed,8,8,0,0,3.000000,4.000000
1003,logistic,8,4,77,0,0,1,2.267100,94.333300,0.755700,52,0.252364,36,0,0,0,0.252364,0.252364,0.000000,0.000000,0.252364,0.003571,0,0,1,-1,52,17,11,94.333300,30.500000,17.666700,0.911366,0.713717,0.692725,0.000152,0.004598,0.004563,0.004598,8,0,8,fixed,8,8,0,0,3.000000,4.000000
1003,logistic,8,4,78,0,0,2,1.015233,94.333300,0.126904,52,0.252364,36,0,0,0,0.252364,0.252364,0.000000,0.000000,0.252364,0.003571,0,0,1,0,52,17,11,94.333300,30.500000,17.666700,0.126683,0.119854,0.116329,0.000152,0.004370,0.004162,0.004370,8,0,8,fixed,8,8,0,0,3.000000,4.000000
1003,logistic,8,4,79,1,1,4,0.000000,30.500000,1.311475,17,0.252364,36,0,1,0,0.252364,0.252364,0.000000,0.000000,0.252364,0.003571,0,0,1,-1,52,17,11,94.333300,30.500000,17.666700,0.424028,1.311475,2.264147,-0.005612,0.000152,0.000408,0.000408,8,0,8,fixed,8,8,0,0,3.000000,4.000000
1003,logistic,8,4,80,0,0,2,1.008769,94.333300,0.126096,52,0.252364,36,0,0,0,0.252364,0.252364,0.000000,0.000000,0.252364,0.003571,0,0,1,0,52,17,11,94.333300,30.500000,17.666700,0.126707,0.119091,0.115588,0.000152,0.004325,0.004115,0.004325,8,0,8,fixed,8,8,0,0,3.000000,4.000000
1003,logistic,8,5,1,2,2,3,0.000000,17.666700,5.660367,11,0.248127,36,0,2,0,0.248127,0.248127,0.000000,0.000000,0.248127,-0.004237,0,0,1,-1,52,17,11,95.500000,30.333300,17.666700,1.047120,3.296707,5.660367,-0.004871,0.000082,0.000179,0.000082,8,0,8,fixed,8,8,0,0,3.000000,4.000000
1003,logistic,8,5,2,2,2,3,0.000000,17.666700,5.660367,11,0.248127,36,0,2,0,0.248127,0.248127,0.000000,0.000000,0.248127,-0.004237,0,0,1,-1,52,17,11,95.500000,30.333300,17.666700,1.047120,3.296707,5.660367,-0.004871,0.000082,0.000179,0.000082,8,0,8,fixed,8,8,0,0,3.000000,4.000000
1003,logistic,8,5,3,0,0,2,0.985769,95.500000,0.123221,52,0.248127,36,0,0,0,0.248127,0.248127,0.000000,0.000000,0.248127,-0.004237,0,0,1,0,52,17,11,95.500000,30.333300,17.666700,0.124209,0.116376,0.112953,0.000179,0.004264,0.004056,0.004264,8,0,8,fixed,8,8,0,0,3.000000,4.000000
1003,logistic,8,5,4,0,0,2,0.997804,95.500000,0.124725,52,0.248127,36,0,0,0,0.248127,0.248127,0.000000,0.000000,0.248127,-0.004237,0,0,1,0,52,17,11,95.500000,30.333300,17.666700,0.124166,0.117796,0.114332,0.000179,0.004348,0.004143,0.004348,8,0,8,fixed,8,8,0,0,3.000000,4.000000
1003,logistic,8,5,5,2,2,3,0.000000,17.666700,5.660367,11,0.248127,36,0,2,0,0.248127,0.248127,0.000000,0.000000,0.248127,-0.004237,0,0,1,-1,52,17,11,95.500000,30.333300,17.666700,1.047120,3.296707,5.660367,-0.004871,0.000082,0.000179,0.000082,8,0,8,fixed,8,8,0,0,3.000000,4.000000
1003,logistic,8,5,6,0,0,2,0.982460,95.500000,0.122808,52,0.248127,36,0,0,0,0.248127,0.248127,0.000000,0.000000,0.248127,-0.004237,0,0,1,0,52,17,11,95.500000,30.333300,17.666700,0.124221,0.115985,0.112574,0.000179,0.004240,0.004032,0.004240,8,0,8,fixed,8,8,0,0,3.000000,4.000000
1003,logistic,8,5,7,0,0,2,0.983566,95.500000,0.122946,52,0.248127,36,0,0,0,0.248127,0.248127,0.000000,0.000000,0.248127,-0.004237,0,0,1,0,52,17,11,95.500000,30.333300,17.666700,0.124217,0.116115,0.112700,0.000179,0.004248,0.004040,0.004248,8,0,8,fixed,8,8,0,0,3.000000,4.000000
1003,logistic,8,5,8,0,0,2,0.993479,95.500000,0.124185,52,0.248127,36,0,0,0,0.248127,0.248127,0.000000,0.000000,0.248127,-0.004237,0,0,1,0,52,17,11,95.500000,30.333300,17.666700,0.124181,0.117286,0.113836,0.000179,0.004318,0.004112,0.004318,8,0,8,fixed,8,8,0,0,3.000000,4.000000
1003,logistic,8,5,9,1,1,4,0.000000,30.333300,1.318683,17,0.248127,36,0,1,0,0.248127,0.248127,0.000000,0.000000,0.248127,-0.004237,0,0,1,-1,52,17,11,95.500000,30.333300,17.666700,0.418848,1.318683,2.264147,-0.005499,0.000179,0.000423,0.000423,8,0,8,fixed,8,8,0,0,3.000000,4.000000
1003,logistic,8,5,10,0,0,2,0.997839,95.500000,0.124730,52,0.248127,36,0,0,0,0.248127,0.248127,0.000000,0.000000,0.248127,-0.004237,0,0,1,0,52,17,11,95.500000,30.333300,17.666700,0.124166,0.117800,0.114336,0.000179,0.004349,0.004144,0.004349,8,0,8,fixed,8,8,0,0,3.000000,4.000000
1003,logistic,8,5,11,2,2,3,0.000000,17.666700,5.660367,11,0.248127,36,0,2,0,0.248127,0.248127,0.000000,0.000000,0.248127,-0.004237,0,0,1,-1,52,17,11,95.500000,30.333300,17.666700,1.047120,3.296707,5.660367,-0.004871,0.000082,0.000179,0.000082,8,0,8,fixed,8,8,0,0,3.000000,4.000000
1003,logistic,8,5,12,1,1,4,0.000000,30.333300,1.318683,17,0.248127,36,0,1,0,0.248127,0.248127,0.000000,0.000000,0.248127,-0.004237,0,0,1,-1,52,17,11,95.500000,30.333300,17.666700,0.418848,1.318683,2.264147,-0.005499,0.000179,0.000423,0.000423,8,0,8,fixed,8,8,0,0,3.000000,4.000000
1003,logistic,8,5,13,1,1,4,0.000000,30.333300,1.318683,17,0.248127,36,0,1,0,0.248127,0.248127,0.000000,0.000000,0.248127,-0.004237,0,0,1,-1,52,17,11,95.500000,30.333300,17.666700,0.418848,1.318683,2.264147,-0.005499,0.000179,0.000423,0.000423,8,0,8,fixed,8,8,0,0,3.000000,4.000000
1003,logistic,8,5,14,0,0,1,1.986643,95.500000,0.662214,52,0.248127,36,0,0,0,0.248127,0.248127,0.000000,0.000000,0.248127,-0.004237,0,0,1,-1,52,17,11,95.500000,30.333300,17.666700,0.933969,0.625425,0.607030,0.000179,0.004381,0.004343,0.004381,8,0,8,fixed,8,8,0,0,3.000000,4.000000
1003,logistic,8,5,15,2,2,3,0.000000,17.666700,5.660367,11,0.248127,36,0,2,0,0.248127,0.248127,0.000000,0.000000,0.248127,-0.004237,0,0,1,-1,52,17,11,95.500000,30.333300,17.666700,1.047120,3.296707,5.660367,-0.004871,0.000082,0.000179,0.000082,8,0,8,fixed,8,8,0,0,3.000000,4.000000
1003,logistic,8,5,16,0,0,2,0.989014,95.500000,0.123627,52,0.248127,36,0,0,0,0.248127,0.248127,0.000000,0.000000,0.248127,-0.004237,0,0,1,0,52,17,11,95.500000,30.333300,17.666700,0.124197,0.116759,0.113325,0.000179,0.004287,0.004080,0.004287,8,0,8,fixed,8,8,0,0,3.000000,4.000000
1003,logistic,8,5,17,0,0,2,0.999978,95.500000,0.124997,52,0.248127,36,0,0,0,0.248127,0.248127,0.000000,0.000000,0.248127,-0.004237,0,0,1,0,52,17,11,95.500000,30.333300,17.666700,0.124158,0.118053,0.114581,0.000179,0.004363,0.004159,0.004363,8,0,8,fixed,8,8,0,0,3.000000,4.000000
1003,logistic,8,5,18,0,0,1,2.734953,95.500000,0.911651,52,0.248127,36,0,0,0,0.248127,0.248127,0.000000,0.000000,0.248127,-0.004237,0,0,1,-1,52,17,11,95.500000,30.333300,17.666700,0.917340,0.861004,0.835680,0.000179,0.004746,0.004718,0.004746,8,0,8,fixed,8,8,0,0,3.000000,4.000000
1003,logistic,8,5,19,0,0,2,0.999954,95.500000,0.124994,52,0.248127,36,0,0,0,0.248127,0.248127,0.000000,0.000000,0.248127,-0.004237,0,0,1,0,52,17,11,95.500000,30.333300,17.666700,0.124158,0.118050,0.114578,0.000179,0.004363,0.004159,0.004363,8,0,8,fixed,8,8,0,0,3.000000,4.000000
1003,logistic,8,5,20,0,0,2,0.992316,95.500000,0.124039,52,0.248127,36,0,0,0,0.248127,0.248127,0.000000,0.000000,0.248127,-0.004237,0,0,1,0,52,17,11,95.500000,30.333300,17.666700,0.124185,0.117148,0.113703,0.000179,0.004310,0.004104,0.004310,8,0,8,fixed,8,8,0,0,3.000000,4.000000
1003,logistic,8,5,21,0,0,2,0.986803,95.500000,0.123350,52,0.248127,36,0,0,0,0.248127,0.248127,0.000000,0.000000,0.248127,-0.004237,0,0,1,0,52,17,11,95.500000,30.333300,17.666700,0.124205,0.116498,0.113071,0.000179,0.004271,0.004064,0.004271,8,0,8,fixed,8,8,0,0,3.000000,4.000000
1003,logistic,8,5,22,0,0,2,0.998932,95.500000,0.124866,52,0.248127,36,0,0,0,0.248127,0.248127,0.000000,0.000000,0.248127,-0.004237,0,0,1,0,52,17,11,95.500000,30.333300,17.666700,0.124162,0.117929,0.114461,0.000179,0.004356,0.004152,0.004356,8,0,8,fixed,8,8,0,0,3.000000,4.000000
1003,logistic,8,5,23,1,1,4,0.000000,30.333300,1.318683,17,0.248127,36,0,1,0,0.248127,0.248127,0.000000,0.000000,0.248127,-0.004237,0,0,1,-1,52,17,11,95.500000,30.333300,17.666700,0.418848,1.318683,2.264147,-0.005499,0.000179,0.000423,0.000423,8,0,8,fixed,8,8,0,0,3.000000,4.000000
1003,logistic,8,5,24,1,1,4,0.000000,30.333300,1.318683,17,0.248127,36,0,1,0,0.248127,0.248127,0.000000,0.000000,0.248127,-0.004237,0,0,1,-1,52,17,11,95.500000,30.333300,17.666700,0.418848,1.318683,2.264147,-0.005499,0.000179,0.000423,0.000423,8,0,8,fixed,8,8,0,0,3.000000,4.000000
1003,logistic,8,5,25,0,0,2,0.998908,95.500000,0.124864,52,0.248127,36,0,0,0,0.248127,0.248127,0.000000,0.000000,0.248127,-0.004237,0,0,1,0,52,17,11,95.500000,30.333300,17.666700,0.124162,0.117927,0.114458,0.000179,0.004356,0.004151,0.004356,8,0,8,fixed,8,8,0,0,3.000000,4.000000
1003,logistic,8,5,26,0,0,2,0.998885,95.500000,0.124861,52,0.248127,36,0,0,0,0.248127,0.248127,0.000000,0.000000,0.248127,-0.004237,0,0,1,0,52,17,11,95.500000,30.333300,17.666700,0.124162,0.117924,0.114456,0.000179,0.004356,0.004151,0.004356,8,0,8,fixed,8,8,0,0,3.000000,4.000000
1003,logistic,8,5,27,0,0,2,0.998885,95.500000,0.124861,52,0.248127,36,0,0,0,0.248127,0.248127,0.000000,0.000000,0.248127,-0.004237,0,0,1,0,52,17,11,95.500000,30.333300,17.666700,0.124162,0.117924,0.114456,0.000179,0.004356,0.004151,0.004356,8,0,8,fixed,8,8,0,0,3.000000,4.000000
1003,logistic,8,5,28,2,2,3,0.000000,17.666700,5.660367,11,0.248127,36,0,2,0,0.248127,0.248127,0.000000,0.000000,0.248127,-0.004237,0,0,1,-1,52,17,11,95.500000,30.333300,17.666700,1.047120,3.296707,5.660367,-0.004871,0.000082,0.000179,0.000082,8,0,8,fixed,8,8,0,0,3.000000,4.000000
1003,logistic,8,5,29,0,0,2,1.001118,95.500000,0.125140,52,0.248127,36,0,0,0,0.248127,0.248127,0.000000,0.000000,0.248127,-0.004237,0,0,1,0,52,17,11,95.500000,30.333300,17.666700,0.124154,0.118188,0.114711,0.000179,0.004371,0.004167,0.004371,8,0,8,fixed,8,8,0,0,3.000000,4.000000
1003,logistic,8,5,30,0,0,2,0.982465,95.500000,0.122808,52,0.248127,36,0,0,0,0.248127,0.248127,0.000000,0.000000,0.248127,-0.004237,0,0,1,0,52,17,11,95.500000,30.333300,17.666700,0.124221,0.115986,0.112574,0.000179,0.004240,0.004032,0.004240,8,0,8,fixed,8,8,0,0,3.000000,4.000000
1003,logistic,8,5,31,0,0,2,0.997780,95.500000,0.124722,52,0.248127,36,0,0,0,0.248127,0.248127,0.000000,0.000000,0.248127,-0.004237,0,0,1,0,52,17,11,95.500000,30.333300,17.666700,0.124166,0.117793,0.114329,0.000179,0.004348,0.004143,0.004348,8,0,8,fixed,8,8,0,0,3.000000,4.000000
1003,logistic,8,5,32,0,0,1,2.795104,95.500000,0.931701,52,0.248127,36,0,0,0,0.248127,0.248127,0.000000,0.000000,0.248127,-0.004237,0,0,1,-1,52,17,11,95.500000,30.333300,17.666700,0.916003,0.879940,0.854060,0.000179,0.004767,0.004739,0.004767,8,0,8,fixed,8,8,0,0,3.000000,4.000000
1003,logistic,8,5,33,0,0,1,2.679086,95.500000,0.893029,52,0.248127,36,0,0,0,0.248127,0.248127,0.000000,0.000000,0.248127,-0.004237,0,0,1,-1,52,17,11,95.500000,30.333300,17.666700,0.918581,0.843416,0.818610,0.000179,0.004725,0.004697,0.004725,8,0,8,fixed,8,8,0,0,3.000000,4.000000
1003,logistic,8,5,34,0,0,1,3.149839,95.500000,1.049946,52,0.248127,36,0,0,0,0.248127,0.248127,0.000000,0.000000,0.248127,-0.004237,0,0,1,1,52,17,11,95.500000,30.333300,17.666700,0.908120,0.991616,0.962451,0.000179,0.004877,0.004852,0.004877,8,0,8,fixed,8,8,0,0,3.000000,4.000000
1003,logistic,8,5,35,1,1,4,0.000000,30.333300,1.318683,17,0.248127,36,0,1,0,0.248127,0.248127,0.000000,0.000000,0.248127,-0.004237,0,0,1,-1,52,17,11,95.500000,30.333300,17.666700,0.418848,1.318683,2.264147,-0.005499,0.000179,0.000423,0.000423,8,0,8,fixed,8,8,0,0,3.000000,4.000000
1003,logistic,8,5,36,0,0,2,1.001070,95.500000,0.125134,52,0.248127,36,0,0,0,0.248127,0.248127,0.000000,0.000000,0.248127,-0.004237,0,0,1,0,52,17,11,95.500000,30.333300,17.666700,0.124154,0.118182,0.114706,0.000179,0.004371,0.004167,0.004371,8,0,8,fixed,8,8,0,0,3.000000,4.000000
1003,logistic,8,5,37,0,0,2,0.979282,95.500000,0.122410,52,0.248127,36,1,0,0,0.248127,0.248127,0.000000,0.000000,0.248127,-0.004237,0,0,1,0,52,17,11,95.500000,30.333300,17.666700,0.124232,0.115610,0.112209,0.000179,0.004217,0.004009,0.004217,8,0,8,fixed,8,8,0,0,3.000000,4.000000
1003,logistic,8,5,38,0,0,2,0.985769,95.500000,0.123221,52,0.248127,36,0,0,0,0.248127,0.248127,0.000000,0.000000,0.248127,-0.004237,0,0,1,0,52,17,11,95.500000,30.333300,17.666700,0.124209,0.116376,0.112953,0.000179,0.004264,0.004056,0.004264,8,0,8,fixed,8,8,0,0,3.000000,4.000000
1003,logistic,8,5,39,1,1,4,0.000000,30.333300,1.318683,17,0.248127,36,0,1,0,0.248127,0.248127,0.000000,0.000000,0.248127,-0.004237,0,0,1,-1,52,17,11,95.500000,30.333300,17.666700,0.418848,1.318683,2.264147,-0.005499,0.000179,0.000423,0.000423,8,0,8,fixed,8,8,0,0,3.000000,4.000000
1003,logistic,8,5,40,1,1,4,0.000000,30.333300,1.318683,17,0.248127,36,0,1,0,0.248127,0.248127,0.000000,0.000000,0.248127,-0.004237,0,0,1,-1,52,17,11,95.500000,30.333300,17.666700,0.418848,1.318683,2.264147,-0.005499,0.000179,0.000423,0.000423,8,0,8,fixed,8,8,0,0,3.000000,4.000000
1003,logistic,8,5,41,0,0,2,0.990164,95.500000,0.123771,52,0.248127,36,0,0,0,0.248127,0.248127,0.000000,0.000000,0.248127,-0.004237,0,0,1,0,52,17,11,95.500000,30.333300,17.666700,0.124193,0.116894,0.113456,0.000179,0.004295,0.004088,0.004295,8,0,8,fixed,8,8,0,0,3.000000,4.000000
1003,logistic,8,5,42,0,0,1,2.887817,95.500000,0.962606,52,0.248127,36,0,0,0,0.248127,0.248127,0.000000,0.000000,0.248127,-0.004237,0,0,1,-1,52,17,11,95.500000,30.333300,17.666700,0.913943,0.909128,0.882389,0.000179,0.004798,0.004771,0.004798,8,0,8,fixed,8,8,0,0,3.000000,4.000000
1003,logistic,8,5,43,0,0,2,0.995589,95.500000,0.124449,52,0.248127,36,0,0,0,0.248127,0.248127,0.000000,0.000000,0.248127,-0.004237,0,0,1,0,52,17,11,95.500000,30.333300,17.666700,0.124174,0.117535,0.114078,0.000179,0.004333,0.004128,0.004333,8,0,8,fixed,8,8,0,0,3.000000,4.000000
1003,logistic,8,5,44,0,0,1,2.935626,95.500000,0.978542,52,0.248127,36,0,0,0,0.248127,0.248127,0.000000,0.000000,0.248127,-0.004237,0,0,1,-1,52,17,11,95.500000,30.333300,17.666700,0.912880,0.924179,0.896997,0.000179,0.004813,0.004787,0.004813,8,0,8,fixed,8,8,0,0,3.000000,4.000000
1003,logistic,8,5,45,0,0,2,0.996757,95.500000,0.124595,52,0.248127,36,0,0,0,0.248127,0.248127,0.000000,0.000000,0.248127,-0.004237,0,0,1,0,52,17,11,95.500000,30.333300,17.666700,0.124170,0.117673,0.114212,0.000179,0.004341,0.004136,0.004341,8,0,8,fixed,8,8,0,0,3.000000,4.000000
1003,logistic,8,5,46,1,1,4,0.000000,30.333300,1.318683,17,0.248127,36,0,1,0,0.248127,0.248127,0.000000,0.000000,0.248127,-0.004237,0,0,1,-1,52,17,11,95.500000,30.333300,17.666700,0.418848,1.318683,2.264147,-0.005499,0.000179,0.000423,0.000423,8,0,8,fixed,8,8,0,0,3.000000,4.000000
1003,logistic,8,5,47,0,0,1,3.271248,95.500000,1.090416,52,0.248127,36,0,0,0,0.248127,0.248127,0.000000,0.000000,0.248127,-0.004237,0,0,1,1,52,17,11,95.500000,30.333300,17.666700,0.905422,1.029837,0.999548,0.000179,0.004909,0.004886,0.004909,8,0,8,fixed,8,8,0,0,3.000000,4.000000
1003,logistic,8,5,48,2,2,3,0.000000,17.666700,5.660367,11,0.248127,36,0,2,0,0.248127,0.248127,0.000000,0.000000,0.248127,-0.004237,0,0,1,-1,52,17,11,95.500000,30.333300,17.666700,1.047120,3.296707,5.660367,-0.004871,0.000082,0.000179,0.000082,8,0,8,fixed,8,8,0,0,3.000000,4.000000
1003,logistic,8,5,49,0,0,2,0.998967,95.500000,0.124871,52,0.248127,36,0,0,0,0.248127,0.248127,0.000000,0.000000,0.248127,-0.004237,0,0,1,0,52,17,11,95.500000,30.333300,17.666700,0.124162,0.117934,0.114465,0.000179,0.004356,0.004152,0.004356,8,0,8,fixed,8,8,0,0,3.000000,4.000000
1003,logistic,8,5,50,0,0,2,0.997768,95.500000,0.124721,52,0.248127,36,0,0,0,0.248127,0.248127,0.000000,0.000000,0.248127,-0.004237,0,0,1,0,52,17,11,95.500000,30.333300,17.666700,0.124166,0.117792,0.114328,0.000179,0.004348,0.004143,0.004348,8,0,8,fixed,8,8,0,0,3.000000,4.000000
1003,logistic,8,5,51,0,0,2,0.990129,95.500000,0.123766,52,0.248127,36,0,0,0,0.248127,0.248127,0.000000,0.000000,0.248127,-0.004237,0,0,1,0,52,17,11,95.500000,30.333300,17.666700,0.124193,0.116890,0.113452,0.000179,0.004294,0.004088,0.004294,8,0,8,fixed,8,8,0,0,3.000000,4.000000
1003,logistic,8,5,52,1,1,4,0.000000,30.333300,1.318683,17,0.248127,36,0,1,0,0.248127,0.248127,0.000000,0.000000,0.248127,-0.004237,0,0,1,-1,52,17,11,95.500000,30.333300,17.666700,0.418848,1.318683,2.264147,-0.005499,0.000179,0.000423,0.000423,8,0,8,fixed,8,8,0,0,3.000000,4.000000
1003,logistic,8,5,53,1,1,4,0.000000,30.333300,1.318683,17,0.248127,36,0,1,0,0.248127,0.248127,0.000000,0.000000,0.248127,-0.004237,0,0,1,-1,52,17,11,95.500000,30.333300,17.666700,0.418848,1.318683,2.264147,-0.005499,0.000179,0.000423,0.000423,8,0,8,fixed,8,8,0,0,3.000000,4.000000
1003,logistic,8,5,54,0,0,1,2.931641,95.500000,0.977214,52,0.248127,36,0,0,0,0.248127,0.248127,0.000000,0.000000,0.248127,-0.004237,0,0,1,-1,52,17,11,95.500000,30.333300,17.666700,0.912969,0.922924,0.895779,0.000179,0.004812,0.004786,0.004812,8,0,8,fixed,8,8,0,0,3.000000,4.000000
1003,logistic,8,5,55,0,0,2,0.997780,95.500000,0.124722,52,0.248127,36,0,0,0,0.248127,0.248127,0.000000,0.000000,0.248127,-0.004237,0,0,1,0,52,17,11,95.500000,30.333300,17.666700,0.124166,0.117793,0.114329,0.000179,0.004348,0.004143,0.004348,8,0,8,fixed,8,8,0,0,3.000000,4.000000
1003,logistic,8,5,56,1,1,4,0.000000,30.333300,1.318683,17,0.248127,36,0,1,0,0.248127,0.248127,0.000000,0.000000,0.248127,-0.004237,0,0,1,-1,52,17,11,95.500000,30.333300,17.666700,0.418848,1.318683,2.264147,-0.005499,0.000179,0.000423,0.000423,8,0,8,fixed,8,8,0,0,3.000000,4.000000
1003,logistic,8,5,57,0,0,2,0.996735,95.500000,0.124592,52,0.248127,36,0,0,0,0.248127,0.248127,0.000000,0.000000,0.248127,-0.004237,0,0,1,0,52,17,11,95.500000,30.333300,17.666700,0.124170,0.117670,0.114209,0.000179,0.004341,0.004136,0.004341,8,0,8,fixed,8,8,0,0,3.000000,4.000000
1003,logistic,8,5,58,0,0,2,0.996723,95.500000,0.124590,52,0.248127,36,0,0,0,0.248127,0.248127,0.000000,0.000000,0.248127,-0.004237,0,0,1,0,52,17,11,95.500000,30.333300,17.666700,0.124170,0.117669,0.114208,0.000179,0.004341,0.004136,0.004341,8,0,8,fixed,8,8,0,0,3.000000,4.000000
1003,logistic,8,5,59,0,0,2,0.996723,95.500000,0.124590,52,0.248127,36,0,0,0,0.248127,0.248127,0.000000,0.000000,0.248127,-0.004237,0,0,1,0,52,17,11,95.500000,30.333300,17.666700,0.124170,0.117669,0.114208,0.000179,0.004341,0.004136,0.004341,8,0,8,fixed,8,8,0,0,3.000000,4.000000
1003,logistic,8,5,60,1,1,4,0.000000,30.333300,1.318683,17,0.248127,36,0,1,0,0.248127,0.248127,0.000000,0.000000,0.248127,-0.004237,0,0,1,-1,52,17,11,95.500000,30.333300,17.666700,0.418848,1.318683,2.264147,-0.005499,0.000179,0.000423,0.000423,8,0,8,fixed,8,8,0,0,3.000000,4.000000
1003,logistic,8,5,61,0,0,2,0.997704,95.500000,0.124713,52,0.248127,36,0,0,0,0.248127,0.248127,0.000000,0.000000,0.248127,-0.004237,0,0,1,0,52,17,11,95.500000,30.333300,17.666700,0.124166,0.117784,0.114320,0.000179,0.004348,0.004143,0.004348,8,0,8,fixed,8,8,0,0,3.000000,4.000000
1003,logistic,8,5,62,2,2,3,0.000000,17.666700,5.660367,11,0.248127,36,0,2,0,0.248127,0.248127,0.000000,0.000000,0.248127,-0.004237,0,0,1,-1,52,17,11,95.500000,30.333300,17.666700,1.047120,3.296707,5.660367,-0.004871,0.000082,0.000179,0.000082,8,0,8,fixed,8,8,0,0,3.000000,4.000000
1003,logistic,8,5,63,1,1,4,0.000000,30.333300,1.318683,17,0.248127,36,0,1,0,0.248127,0.248127,0.000000,0.000000,0.248127,-0.004237,0,0,1,-1,52,17,11,95.500000,30.333300,17.666700,0.418848,1.318683,2.264147,-0.005499,0.000179,0.000423,0.000423,8,0,8,fixed,8,8,0,0,3.000000,4.000000
1003,logistic,8,5,64,0,0,2,0.985722,95.500000,0.123215,52,0.248127,36,0,0,0,0.248127,0.248127,0.000000,0.000000,0.248127,-0.004237,0,0,1,0,52,17,11,95.500000,30.333300,17.666700,0.124209,0.116370,0.112947,0.000179,0.004263,0.004056,0.004263,8,0,8,fixed,8,8,0,0,3.000000,4.000000
1003,logistic,8,5,65,1,1,4,0.000000,30.333300,1.318683,17,0.248127,36,0,1,0,0.248127,0.248127,0.000000,0.000000,0.248127,-0.004237,0,0,1,-1,52,17,11,95.500000,30.333300,17.666700,0.418848,1.318683,2.264147,-0.005499,0.000179,0.000423,0.000423,8,0,8,fixed,8,8,0,0,3.000000,4.000000
1003,logistic,8,5,66,2,2,3,0.000000,17.666700,5.660367,11,0.248127,36,0,2,0,0.248127,0.248127,0.000000,0.000000,0.248127,-0.004237,0,0,1,-1,52,17,11,95.500000,30.333300,17.666700,1.047120,3.296707,5.660367,-0.004871,0.000082,0.000179,0.000082,8,0,8,fixed,8,8,0,0,3.000000,4.000000
1003,logistic,8,5,67,0,0,1,2.370818,95.500000,0.790273,52,0.248127,36,0,0,0,0.248127,0.248127,0.000000,0.000000,0.248127,-0.004237,0,0,1,-1,52,17,11,95.500000,30.333300,17.666700,0.925432,0.746369,0.724417,0.000179,0.004596,0.004563,0.004596,8,0,8,fixed,8,8,0,0,3.000000,4.000000
1003,logistic,8,5,68,0,0,1,2.815663,95.500000,0.938554,52,0.248127,36,0,0,0,0.248127,0.248127,0.000000,0.000000,0.248127,-0.004237,0,0,1,-1,52,17,11,95.500000,30.333300,17.666700,0.915546,0.886413,0.860342,0.000179,0.004774,0.004747,0.004774,8,0,8,fixed,8,8,0,0,3.000000,4.000000
1003,logistic,8,5,69,0,0,1,2.499931,95.500000,0.833310,52,0.248127,36,0,0,0,0.248127,0.248127,0.000000,0.000000,0.248127,-0.004237,0,0,1,-1,52,17,11,95.500000,30.333300,17.666700,0.922562,0.787015,0.763868,0.000179,0.004654,0.004623,0.004654,8,0,8,fixed,8,8,0,0,3.000000,4.000000
1003,logistic,8,5,70,0,0,1,2.860842,95.500000,0.953614,52,0.248127,36,0,0,0,0.248127,0.248127,0.000000,0.000000,0.248127,-0.004237,0,0,1,-1,52,17,11,95.500000,30.333300,17.666700,0.914542,0.900635,0.874146,0.000179,0.004789,0.004762,0.004789,8,0,8,fixed,8,8,0,0,3.000000,4.000000
1003,logistic,8,5,71,1,1,4,0.000000,30.333300,1.318683,17,0.248127,36,0,1,0,0.248127,0.248127,0.000000,0.000000,0.248127,-0.004237,0,0,1,-1,52,17,11,95.500000,30.333300,17.666700,0.418848,1.318683,2.264147,-0.005499,0.000179,0.000423,0.000423,8,0,8,fixed,8,8,0,0,3.000000,4.000000
1003,logistic,8,5,72,2,2,3,0.000000,17.666700,5.660367,11,0.248127,36,0,2,0,0.248127,0.248127,0.000000,0.000000,0.248127,-0.004237,0,0,1,-1,52,17,11,95.500000,30.333300,17.666700,1.047120,3.296707,5.660367,-0.004871,0.000082,0.000179,0.000082,8,0,8,fixed,8,8,0,0,3.000000,4.000000
1003,logistic,8,5,73,2,2,3,0.000000,17.666700,5.660367,11,0.248127,36,0,2,0,0.248127,0.248127,0.000000,0.000000,0.248127,-0.004237,0,0,1,-1,52,17,11,95.500000,30.333300,17.666700,1.047120,3.296707,5.660367,-0.004871,0.000082,0.000179,0.000082,8,0,8,fixed,8,8,0,0,3.000000,4.000000
1003,logistic,8,5,74,0,0,1,2.744187,95.500000,0.914729,52,0.248127,36,0,0,0,0.248127,0.248127,0.000000,0.000000,0.248127,-0.004237,0,0,1,-1,52,17,11,95.500000,30.333300,17.666700,0.917134,0.863911,0.838502,0.000179,0.004749,0.004721,0.004749,8,0,8,fixed,8,8,0,0,3.000000,4.000000
1003,logistic,8,5,75,0,0,1,2.758238,95.500000,0.919413,52,0.248127,36,0,0,0,0.248127,0.248127,0.000000,0.000000,0.248127,-0.004237,0,0,1,-1,52,17,11,95.500000,30.333300,17.666700,0.916822,0.868334,0.842795,0.000179,0.004754,0.004726,0.004754,8,0,8,fixed,8,8,0,0,3.000000,4.000000
1003,logistic,8,5,76,0,0,2,0.994489,95.500000,0.124311,52,0.248127,36,0,0,0,0.248127,0.248127,0.000000,0.000000,0.248127,-0.004237,0,0,1,0,52,17,11,95.500000,30.333300,17.666700,0.124178,0.117405,0.113952,0.000179,0.004325,0.004120,0.004325,8,0,8,fixed,8,8,0,0,3.000000,4.000000
1003,logistic,8,5,77,0,0,1,2.593600,95.500000,0.864533,52,0.248127,36,0,0,0,0.248127,0.248127,0.000000,0.000000,0.248127,-0.004237,0,0,1,-1,52,17,11,95.500000,30.333300,17.666700,0.920481,0.816504,0.792489,0.000179,0.004692,0.004663,0.004692,8,0,8,fixed,8,8,0,0,3.000000,4.000000
1003,logistic,8,5,78,0,0,2,0.990106,95.500000,0.123763,52,0.248127,36,0,0,0,0.248127,0.248127,0.000000,0.000000,0.248127,-0.004237,0,0,1,0,52,17,11,95.500000,30.333300,17.666700,0.124193,0.116888,0.113450,0.000179,0.004294,0.004088,0.004294,8,0,8,fixed,8,8,0,0,3.000000,4.000000
1003,logistic,8,5,79,1,1,4,0.000000,30.333300,1.318683,17,0.248127,36,0,1,0,0.248127,0.248127,0.000000,0.000000,0.248127,-0.004237,0,0,1,-1,52,17,11,95.500000,30.333300,17.666700,0.418848,1.318683,2.264147,-0.005499,0.000179,0.000423,0.000423,8,0,8,fixed,8,8,0,0,3.000000,4.000000
1003,logistic,8,5,80,0,0,2,0.986815,95.500000,0.123352,52,0.248127,36,0,0,0,0.248127,0.248127,0.000000,0.000000,0.248127,-0.004237,0,0,1,0,52,17,11,95.500000,30.333300,17.666700,0.124205,0.116499,0.113072,0.000179,0.004271,0.004064,0.004271,8,0,8,fixed,8,8,0,0,3.000000,4.000000
