seed,method,max_switches,cycle_id,ue_id,previous_bs_id,current_bs_id,app_type,tp_mbps,rtt_ms,satisfaction,num_users_on_current_bs,harmonic_mean,num_unsatisfied_users,target_ue_flag,action_selected_bs_id,switch_flag,h_before,h_after_estimated,reward,estimated_reward,h_after_measured,measured_reward,switch_count,num_degraded_users,measurement_valid,candidate_type,num_users_ap0,num_users_ap1,num_users_ap2,monitor_rtt_ap0,monitor_rtt_ap1,monitor_rtt_ap2,estimated_satisfaction_if_ap0,estimated_satisfaction_if_ap1,estimated_satisfaction_if_ap2,estimated_h_delta_if_ap0,estimated_h_delta_if_ap1,estimated_h_delta_if_ap2,best_estimated_h_delta,effective_max_switches,applied_switches_in_cycle,remaining_switch_budget,k_schedule_type,k_max,k_min,k_decay_rate,stop_action_flag,warmup_before_cycle_sec,cycle_start_offset_sec
16,logistic,1,1,1,0,0,2,7.607608,97.833300,0.950951,25,0.346216,37,0,0,0,0.346216,0.829374,0.483158,0.483158,0.346216,0.000000,52,0,1,-1,25,29,26,97.833300,83.166700,63.166700,0.768118,0.172219,0.110969,0.000178,-0.009619,-0.014792,0.000000,1,52,0,fixed,1,1,0,0,3.000000,4.000000
16,logistic,1,1,2,2,2,2,0.922399,63.166700,0.115300,26,0.346216,37,0,0,1,0.346216,0.829374,0.483158,0.483158,0.346216,0.000000,52,0,1,0,25,29,26,97.833300,83.166700,63.166700,0.758109,0.172219,0.115229,0.015357,0.004803,0.000178,0.015357,1,52,0,fixed,1,1,0,0,3.000000,4.000000
16,logistic,1,1,3,2,2,2,0.921330,63.166700,0.115166,26,0.346216,37,0,0,1,0.346216,0.829374,0.483158,0.483158,0.346216,0.000000,52,0,1,0,25,29,26,97.833300,83.166700,63.166700,0.758109,0.172219,0.115246,0.015355,0.004801,0.000178,0.015355,1,52,0,fixed,1,1,0,0,3.000000,4.000000
16,logistic,1,1,4,0,0,2,5.708009,97.833300,0.713501,25,0.346216,37,0,0,0,0.346216,0.829374,0.483158,0.483158,0.346216,0.000000,52,0,1,-1,25,29,26,97.833300,83.166700,63.166700,0.797799,0.172219,0.110969,0.000178,-0.009685,-0.014856,0.000000,1,52,0,fixed,1,1,0,0,3.000000,4.000000
16,logistic,1,1,5,2,2,1,2.190018,63.166700,0.730006,26,0.346216,37,0,1,1,0.346216,0.829374,0.483158,0.483158,0.346216,0.000000,52,0,1,-1,25,29,26,97.833300,83.166700,63.166700,1.127269,0.963842,0.744136,0.004852,0.001321,0.000178,0.004852,1,52,0,fixed,1,1,0,0,3.000000,4.000000
16,logistic,1,1,6,2,2,3,0.000000,63.166700,1.583113,26,0.346216,37,0,2,0,0.346216,0.829374,0.483158,0.483158,0.346216,0.000000,52,0,1,-1,25,29,26,97.833300,83.166700,63.166700,1.022147,1.202404,1.583113,0.003698,0.000636,0.000178,0.003698,1,52,0,fixed,1,1,0,0,3.000000,4.000000
16,logistic,1,1,7,1,1,1,3.068663,83.166700,1.022888,29,0.346216,37,0,1,0,0.346216,0.829374,0.483158,0.483158,0.346216,0.000000,52,0,1,1,25,29,26,97.833300,83.166700,63.166700,1.127269,0.992777,0.713854,0.003587,0.000178,-0.001216,0.003587,1,52,0,fixed,1,1,0,0,3.000000,4.000000
16,logistic,1,1,8,1,1,4,0.000000,83.166700,0.480962,29,0.346216,37,0,2,1,0.346216,0.829374,0.483158,0.483158,0.346216,0.000000,52,0,1,0,25,29,26,97.833300,83.166700,63.166700,0.408859,0.480962,0.633245,0.002896,0.000178,0.000170,0.002896,1,52,0,fixed,1,1,0,0,3.000000,4.000000
16,logistic,1,1,9,0,0,2,5.708033,97.833300,0.713504,25,0.346216,37,0,0,0,0.346216,0.829374,0.483158,0.483158,0.346216,0.000000,52,0,1,-1,25,29,26,97.833300,83.166700,63.166700,0.797799,0.172219,0.110969,0.000178,-0.009685,-0.014856,0.000000,1,52,0,fixed,1,1,0,0,3.000000,4.000000
16,logistic,1,1,10,0,0,4,0.000000,97.833300,0.408859,25,0.346216,37,0,2,1,0.346216,0.829374,0.483158,0.483158,0.346216,0.000000,52,0,1,0,25,29,26,97.833300,83.166700,63.166700,0.408859,0.480962,0.633245,0.000178,-0.002499,-0.002506,0.000000,1,52,0,fixed,1,1,0,0,3.000000,4.000000
16,logistic,1,1,11,0,0,1,3.505014,97.833300,1.168338,25,0.346216,37,0,1,1,0.346216,0.829374,0.483158,0.483158,0.346216,0.000000,52,0,1,-1,25,29,26,97.833300,83.166700,63.166700,1.173701,0.963842,0.713854,0.000178,-0.003362,-0.004633,0.000000,1,52,0,fixed,1,1,0,0,3.000000,4.000000
16,logistic,1,1,12,2,2,4,0.000000,63.166700,0.633245,26,0.346216,37,0,2,0,0.346216,0.829374,0.483158,0.483158,0.346216,0.000000,52,0,1,-1,25,29,26,97.833300,83.166700,63.166700,0.408859,0.480962,0.633245,0.002904,0.000185,0.000178,0.002904,1,52,0,fixed,1,1,0,0,3.000000,4.000000
16,logistic,1,1,13,2,2,3,0.000000,63.166700,1.583113,26,0.346216,37,0,2,0,0.346216,0.829374,0.483158,0.483158,0.346216,0.000000,52,0,1,-1,25,29,26,97.833300,83.166700,63.166700,1.022147,1.202404,1.583113,0.003698,0.000636,0.000178,0.003698,1,52,0,fixed,1,1,0,0,3.000000,4.000000
16,logistic,1,1,14,1,1,2,1.427316,83.166700,0.178415,29,0.346216,37,0,0,1,0.346216,0.829374,0.483158,0.483158,0.346216,0.000000,52,0,1,0,25,29,26,97.833300,83.166700,63.166700,0.758109,0.178136,0.110969,0.009838,0.000178,-0.005859,0.009838,1,52,0,fixed,1,1,0,0,3.000000,4.000000
16,logistic,1,1,15,0,0,4,0.000000,97.833300,0.408859,25,0.346216,37,0,2,1,0.346216,0.829374,0.483158,0.483158,0.346216,0.000000,52,0,1,0,25,29,26,97.833300,83.166700,63.166700,0.408859,0.480962,0.633245,0.000178,-0.002499,-0.002506,0.000000,1,52,0,fixed,1,1,0,0,3.000000,4.000000
16,logistic,1,1,16,1,1,3,0.000000,83.166700,1.202404,29,0.346216,37,0,2,1,0.346216,0.829374,0.483158,0.483158,0.346216,0.000000,52,0,1,1,25,29,26,97.833300,83.166700,63.166700,1.022147,1.202404,1.583113,0.003232,0.000178,-0.000279,0.003232,1,52,0,fixed,1,1,0,0,3.000000,4.000000
16,logistic,1,1,17,0,0,2,5.708033,97.833300,0.713504,25,0.346216,37,0,0,0,0.346216,0.829374,0.483158,0.483158,0.346216,0.000000,52,0,1,-1,25,29,26,97.833300,83.166700,63.166700,0.797799,0.172219,0.110969,0.000178,-0.009685,-0.014856,0.000000,1,52,0,fixed,1,1,0,0,3.000000,4.000000
16,logistic,1,1,18,1,1,3,0.000000,83.166700,1.202404,29,0.346216,37,0,2,1,0.346216,0.829374,0.483158,0.483158,0.346216,0.000000,52,0,1,1,25,29,26,97.833300,83.166700,63.166700,1.022147,1.202404,1.583113,0.003232,0.000178,-0.000279,0.003232,1,52,0,fixed,1,1,0,0,3.000000,4.000000
16,logistic,1,1,19,2,2,4,0.000000,63.166700,0.633245,26,0.346216,37,0,2,0,0.346216,0.829374,0.483158,0.483158,0.346216,0.000000,52,0,1,-1,25,29,26,97.833300,83.166700,63.166700,0.408859,0.480962,0.633245,0.002904,0.000185,0.000178,0.002904,1,52,0,fixed,1,1,0,0,3.000000,4.000000
16,logistic,1,1,20,0,0,2,5.706928,97.833300,0.713366,25,0.346216,37,0,0,0,0.346216,0.829374,0.483158,0.483158,0.346216,0.000000,52,0,1,-1,25,29,26,97.833300,83.166700,63.166700,0.797816,0.172219,0.110969,0.000178,-0.009685,-0.014856,0.000000,1,52,0,fixed,1,1,0,0,3.000000,4.000000
16,logistic,1,1,21,1,1,1,3.016170,83.166700,1.005390,29,0.346216,37,0,1,0,0.346216,0.829374,0.483158,0.483158,0.346216,0.000000,52,0,1,1,25,29,26,97.833300,83.166700,63.166700,1.127269,0.995693,0.713854,0.003582,0.000178,-0.001221,0.003582,1,52,0,fixed,1,1,0,0,3.000000,4.000000
16,logistic,1,1,22,1,1,4,0.000000,83.166700,0.480962,29,0.346216,37,0,2,1,0.346216,0.829374,0.483158,0.483158,0.346216,0.000000,52,0,1,0,25,29,26,97.833300,83.166700,63.166700,0.408859,0.480962,0.633245,0.002896,0.000178,0.000170,0.002896,1,52,0,fixed,1,1,0,0,3.000000,4.000000
16,logistic,1,1,23,0,0,1,3.553276,97.833300,1.184425,25,0.346216,37,0,1,1,0.346216,0.829374,0.483158,0.483158,0.346216,0.000000,52,0,1,-1,25,29,26,97.833300,83.166700,63.166700,1.168338,0.963842,0.713854,0.000178,-0.003357,-0.004628,0.000000,1,52,0,fixed,1,1,0,0,3.000000,4.000000
16,logistic,1,1,24,2,2,2,0.921301,63.166700,0.115163,26,0.346216,37,0,0,1,0.346216,0.829374,0.483158,0.483158,0.346216,0.000000,52,0,1,0,25,29,26,97.833300,83.166700,63.166700,0.758109,0.172219,0.115247,0.015355,0.004801,0.000178,0.015355,1,52,0,fixed,1,1,0,0,3.000000,4.000000
16,logistic,1,1,25,1,1,2,1.427281,83.166700,0.178410,29,0.346216,37,0,0,1,0.346216,0.829374,0.483158,0.483158,0.346216,0.000000,52,0,1,0,25,29,26,97.833300,83.166700,63.166700,0.758109,0.178137,0.110969,0.009838,0.000178,-0.005859,0.009838,1,52,0,fixed,1,1,0,0,3.000000,4.000000
16,logistic,1,1,26,2,2,3,0.000000,63.166700,1.583113,26,0.346216,37,0,2,0,0.346216,0.829374,0.483158,0.483158,0.346216,0.000000,52,0,1,-1,25,29,26,97.833300,83.166700,63.166700,1.022147,1.202404,1.583113,0.003698,0.000636,0.000178,0.003698,1,52,0,fixed,1,1,0,0,3.000000,4.000000
16,logistic,1,1,27,1,1,4,0.000000,83.166700,0.480962,29,0.346216,37,0,2,1,0.346216,0.829374,0.483158,0.483158,0.346216,0.000000,52,0,1,0,25,29,26,97.833300,83.166700,63.166700,0.408859,0.480962,0.633245,0.002896,0.000178,0.000170,0.002896,1,52,0,fixed,1,1,0,0,3.000000,4.000000
16,logistic,1,1,28,2,2,1,2.191597,63.166700,0.730532,26,0.346216,37,0,1,1,0.346216,0.829374,0.483158,0.483158,0.346216,0.000000,52,0,1,-1,25,29,26,97.833300,83.166700,63.166700,1.127269,0.963842,0.744005,0.004853,0.001321,0.000178,0.004853,1,52,0,fixed,1,1,0,0,3.000000,4.000000
16,logistic,1,1,29,2,2,3,0.000000,63.166700,1.583113,26,0.346216,37,0,2,0,0.346216,0.829374,0.483158,0.483158,0.346216,0.000000,52,0,1,-1,25,29,26,97.833300,83.166700,63.166700,1.022147,1.202404,1.583113,0.003698,0.000636,0.000178,0.003698,1,52,0,fixed,1,1,0,0,3.000000,4.000000
16,logistic,1,1,30,0,0,4,0.000000,97.833300,0.408859,25,0.346216,37,0,2,1,0.346216,0.829374,0.483158,0.483158,0.346216,0.000000,52,0,1,0,25,29,26,97.833300,83.166700,63.166700,0.408859,0.480962,0.633245,0.000178,-0.002499,-0.002506,0.000000,1,52,0,fixed,1,1,0,0,3.000000,4.000000
16,logistic,1,1,31,1,1,1,2.997386,83.166700,0.999129,29,0.346216,37,0,1,0,0.346216,0.829374,0.483158,0.483158,0.346216,0.000000,52,0,1,-1,25,29,26,97.833300,83.166700,63.166700,1.127269,0.996737,0.713854,0.003581,0.000178,-0.001222,0.003581,1,52,0,fixed,1,1,0,0,3.000000,4.000000
16,logistic,1,1,32,2,2,2,0.921301,63.166700,0.115163,26,0.346216,37,0,0,1,0.346216,0.829374,0.483158,0.483158,0.346216,0.000000,52,0,1,0,25,29,26,97.833300,83.166700,63.166700,0.758109,0.172219,0.115247,0.015355,0.004801,0.000178,0.015355,1,52,0,fixed,1,1,0,0,3.000000,4.000000
16,logistic,1,1,33,1,1,2,1.427264,83.166700,0.178408,29,0.346216,37,0,0,1,0.346216,0.829374,0.483158,0.483158,0.346216,0.000000,52,0,1,0,25,29,26,97.833300,83.166700,63.166700,0.758109,0.178137,0.110969,0.009838,0.000178,-0.005859,0.009838,1,52,0,fixed,1,1,0,0,3.000000,4.000000
16,logistic,1,1,34,2,2,2,0.921289,63.166700,0.115161,26,0.346216,37,1,0,1,0.346216,0.829374,0.483158,0.483158,0.346216,0.000000,52,0,1,0,25,29,26,97.833300,83.166700,63.166700,0.758109,0.172219,0.115247,0.015355,0.004801,0.000178,0.015355,1,52,0,fixed,1,1,0,0,3.000000,4.000000
16,logistic,1,1,35,0,0,2,6.096031,97.833300,0.762004,25,0.346216,37,0,0,0,0.346216,0.829374,0.483158,0.483158,0.346216,0.000000,52,0,1,-1,25,29,26,97.833300,83.166700,63.166700,0.791737,0.172219,0.110969,0.000178,-0.009672,-0.014843,0.000000,1,52,0,fixed,1,1,0,0,3.000000,4.000000
16,logistic,1,1,36,0,0,2,6.744179,97.833300,0.843022,25,0.346216,37,0,0,0,0.346216,0.829374,0.483158,0.483158,0.346216,0.000000,52,0,1,-1,25,29,26,97.833300,83.166700,63.166700,0.781609,0.172219,0.110969,0.000178,-0.009649,-0.014822,0.000000,1,52,0,fixed,1,1,0,0,3.000000,4.000000
16,logistic,1,1,37,0,0,4,0.000000,97.833300,0.408859,25,0.346216,37,0,2,1,0.346216,0.829374,0.483158,0.483158,0.346216,0.000000,52,0,1,0,25,29,26,97.833300,83.166700,63.166700,0.408859,0.480962,0.633245,0.000178,-0.002499,-0.002506,0.000000,1,52,0,fixed,1,1,0,0,3.000000,4.000000
16,logistic,1,1,38,0,0,4,0.000000,97.833300,0.408859,25,0.346216,37,0,2,1,0.346216,0.829374,0.483158,0.483158,0.346216,0.000000,52,0,1,0,25,29,26,97.833300,83.166700,63.166700,0.408859,0.480962,0.633245,0.000178,-0.002499,-0.002506,0.000000,1,52,0,fixed,1,1,0,0,3.000000,4.000000
16,logistic,1,1,39,1,1,1,3.023152,83.166700,1.007717,29,0.346216,37,0,1,0,0.346216,0.829374,0.483158,0.483158,0.346216,0.000000,52,0,1,1,25,29,26,97.833300,83.166700,63.166700,1.127269,0.995305,0.713854,0.003583,0.000178,-0.001220,0.003583,1,52,0,fixed,1,1,0,0,3.000000,4.000000
16,logistic,1,1,40,1,1,1,2.930115,83.166700,0.976705,29,0.346216,37,0,1,0,0.346216,0.829374,0.483158,0.483158,0.346216,0.000000,52,0,1,-1,25,29,26,97.833300,83.166700,63.166700,1.127269,1.000474,0.713854,0.003575,0.000178,-0.001227,0.003575,1,52,0,fixed,1,1,0,0,3.000000,4.000000
16,logistic,1,1,41,2,2,1,2.199992,63.166700,0.733331,26,0.346216,37,0,1,1,0.346216,0.829374,0.483158,0.483158,0.346216,0.000000,52,0,1,-1,25,29,26,97.833300,83.166700,63.166700,1.127269,0.963842,0.743305,0.004855,0.001323,0.000178,0.004855,1,52,0,fixed,1,1,0,0,3.000000,4.000000
16,logistic,1,1,42,1,1,2,1.427296,83.166700,0.178412,29,0.346216,37,0,0,1,0.346216,0.829374,0.483158,0.483158,0.346216,0.000000,52,0,1,0,25,29,26,97.833300,83.166700,63.166700,0.758109,0.178137,0.110969,0.009838,0.000178,-0.005859,0.009838,1,52,0,fixed,1,1,0,0,3.000000,4.000000
16,logistic,1,1,43,2,2,3,0.000000,63.166700,1.583113,26,0.346216,37,0,2,0,0.346216,0.829374,0.483158,0.483158,0.346216,0.000000,52,0,1,-1,25,29,26,97.833300,83.166700,63.166700,1.022147,1.202404,1.583113,0.003698,0.000636,0.000178,0.003698,1,52,0,fixed,1,1,0,0,3.000000,4.000000
16,logistic,1,1,44,1,1,2,1.409802,83.166700,0.176225,29,0.346216,37,0,0,1,0.346216,0.829374,0.483158,0.483158,0.346216,0.000000,52,0,1,0,25,29,26,97.833300,83.166700,63.166700,0.758109,0.178319,0.110969,0.009830,0.000178,-0.005867,0.009830,1,52,0,fixed,1,1,0,0,3.000000,4.000000
16,logistic,1,1,45,2,2,3,0.000000,63.166700,1.583113,26,0.346216,37,0,2,0,0.346216,0.829374,0.483158,0.483158,0.346216,0.000000,52,0,1,-1,25,29,26,97.833300,83.166700,63.166700,1.022147,1.202404,1.583113,0.003698,0.000636,0.000178,0.003698,1,52,0,fixed,1,1,0,0,3.000000,4.000000
16,logistic,1,1,46,0,0,4,0.000000,97.833300,0.408859,25,0.346216,37,0,2,1,0.346216,0.829374,0.483158,0.483158,0.346216,0.000000,52,0,1,0,25,29,26,97.833300,83.166700,63.166700,0.408859,0.480962,0.633245,0.000178,-0.002499,-0.002506,0.000000,1,52,0,fixed,1,1,0,0,3.000000,4.000000
16,logistic,1,1,47,1,1,1,3.021232,83.166700,1.007077,29,0.346216,37,0,1,0,0.346216,0.829374,0.483158,0.483158,0.346216,0.000000,52,0,1,1,25,29,26,97.833300,83.166700,63.166700,1.127269,0.995412,0.713854,0.003583,0.000178,-0.001220,0.003583,1,52,0,fixed,1,1,0,0,3.000000,4.000000
16,logistic,1,1,48,0,0,4,0.000000,97.833300,0.408859,25,0.346216,37,0,2,1,0.346216,0.829374,0.483158,0.483158,0.346216,0.000000,52,0,1,0,25,29,26,97.833300,83.166700,63.166700,0.408859,0.480962,0.633245,0.000178,-0.002499,-0.002506,0.000000,1,52,0,fixed,1,1,0,0,3.000000,4.000000
16,logistic,1,1,49,1,1,4,0.000000,83.166700,0.480962,29,0.346216,37,0,2,1,0.346216,0.829374,0.483158,0.483158,0.346216,0.000000,52,0,1,0,25,29,26,97.833300,83.166700,63.166700,0.408859,0.480962,0.633245,0.002896,0.000178,0.000170,0.002896,1,52,0,fixed,1,1,0,0,3.000000,4.000000
16,logistic,1,1,50,1,1,3,0.000000,83.166700,1.202404,29,0.346216,37,0,2,1,0.346216,0.829374,0.483158,0.483158,0.346216,0.000000,52,0,1,1,25,29,26,97.833300,83.166700,63.166700,1.022147,1.202404,1.583113,0.003232,0.000178,-0.000279,0.003232,1,52,0,fixed,1,1,0,0,3.000000,4.000000
16,logistic,1,1,51,1,1,2,1.427295,83.166700,0.178412,29,0.346216,37,0,0,1,0.346216,0.829374,0.483158,0.483158,0.346216,0.000000,52,0,1,0,25,29,26,97.833300,83.166700,63.166700,0.758109,0.178137,0.110969,0.009838,0.000178,-0.005859,0.009838,1,52,0,fixed,1,1,0,0,3.000000,4.000000
16,logistic,1,1,52,2,2,3,0.000000,63.166700,1.583113,26,0.346216,37,0,2,0,0.346216,0.829374,0.483158,0.483158,0.346216,0.000000,52,0,1,-1,25,29,26,97.833300,83.166700,63.166700,1.022147,1.202404,1.583113,0.003698,0.000636,0.000178,0.003698,1,52,0,fixed,1,1,0,0,3.000000,4.000000
16,logistic,1,1,53,0,0,2,6.744174,97.833300,0.843022,25,0.346216,37,0,0,0,0.346216,0.829374,0.483158,0.483158,0.346216,0.000000,52,0,1,-1,25,29,26,97.833300,83.166700,63.166700,0.781609,0.172219,0.110969,0.000178,-0.009649,-0.014822,0.000000,1,52,0,fixed,1,1,0,0,3.000000,4.000000
16,logistic,1,1,54,1,1,2,1.427260,83.166700,0.178408,29,0.346216,37,0,0,1,0.346216,0.829374,0.483158,0.483158,0.346216,0.000000,52,0,1,0,25,29,26,97.833300,83.166700,63.166700,0.758109,0.178137,0.110969,0.009838,0.000178,-0.005859,0.009838,1,52,0,fixed,1,1,0,0,3.000000,4.000000
16,logistic,1,1,55,1,1,2,1.425073,83.166700,0.178134,29,0.346216,37,0,0,1,0.346216,0.829374,0.483158,0.483158,0.346216,0.000000,52,0,1,0,25,29,26,97.833300,83.166700,63.166700,0.758109,0.178160,0.110969,0.009837,0.000178,-0.005860,0.009837,1,52,0,fixed,1,1,0,0,3.000000,4.000000
16,logistic,1,1,56,2,2,2,0.922358,63.166700,0.115295,26,0.346216,37,0,0,1,0.346216,0.829374,0.483158,0.483158,0.346216,0.000000,52,0,1,0,25,29,26,97.833300,83.166700,63.166700,0.758109,0.172219,0.115230,0.015357,0.004803,0.000178,0.015357,1,52,0,fixed,1,1,0,0,3.000000,4.000000
16,logistic,1,1,57,0,0,3,0.000000,97.833300,1.022147,25,0.346216,37,0,2,1,0.346216,0.829374,0.483158,0.483158,0.346216,0.000000,52,0,1,-1,25,29,26,97.833300,83.166700,63.166700,1.022147,1.202404,1.583113,0.000178,-0.002823,-0.003272,0.000000,1,52,0,fixed,1,1,0,0,3.000000,4.000000
16,logistic,1,1,58,0,0,1,3.505068,97.833300,1.168356,25,0.346216,37,0,1,1,0.346216,0.829374,0.483158,0.483158,0.346216,0.000000,52,0,1,-1,25,29,26,97.833300,83.166700,63.166700,1.173695,0.963842,0.713854,0.000178,-0.003362,-0.004633,0.000000,1,52,0,fixed,1,1,0,0,3.000000,4.000000
16,logistic,1,1,59,1,1,2,1.425073,83.166700,0.178134,29,0.346216,37,0,0,1,0.346216,0.829374,0.483158,0.483158,0.346216,0.000000,52,0,1,0,25,29,26,97.833300,83.166700,63.166700,0.758109,0.178160,0.110969,0.009837,0.000178,-0.005860,0.009837,1,52,0,fixed,1,1,0,0,3.000000,4.000000
16,logistic,1,1,60,2,2,1,2.216486,63.166700,0.738829,26,0.346216,37,0,1,1,0.346216,0.829374,0.483158,0.483158,0.346216,0.000000,52,0,1,-1,25,29,26,97.833300,83.166700,63.166700,1.127269,0.963842,0.741931,0.004858,0.001327,0.000178,0.004858,1,52,0,fixed,1,1,0,0,3.000000,4.000000
16,logistic,1,1,61,1,1,2,1.425132,83.166700,0.178142,29,0.346216,37,0,0,1,0.346216,0.829374,0.483158,0.483158,0.346216,0.000000,52,0,1,0,25,29,26,97.833300,83.166700,63.166700,0.758109,0.178159,0.110969,0.009837,0.000178,-0.005860,0.009837,1,52,0,fixed,1,1,0,0,3.000000,4.000000
16,logistic,1,1,62,2,2,4,0.000000,63.166700,0.633245,26,0.346216,37,0,2,0,0.346216,0.829374,0.483158,0.483158,0.346216,0.000000,52,0,1,-1,25,29,26,97.833300,83.166700,63.166700,0.408859,0.480962,0.633245,0.002904,0.000185,0.000178,0.002904,1,52,0,fixed,1,1,0,0,3.000000,4.000000
16,logistic,1,1,63,0,0,2,6.744174,97.833300,0.843022,25,0.346216,37,0,0,0,0.346216,0.829374,0.483158,0.483158,0.346216,0.000000,52,0,1,-1,25,29,26,97.833300,83.166700,63.166700,0.781609,0.172219,0.110969,0.000178,-0.009649,-0.014822,0.000000,1,52,0,fixed,1,1,0,0,3.000000,4.000000
16,logistic,1,1,64,1,1,4,0.000000,83.166700,0.480962,29,0.346216,37,0,2,1,0.346216,0.829374,0.483158,0.483158,0.346216,0.000000,52,0,1,0,25,29,26,97.833300,83.166700,63.166700,0.408859,0.480962,0.633245,0.002896,0.000178,0.000170,0.002896,1,52,0,fixed,1,1,0,0,3.000000,4.000000
16,logistic,1,1,65,2,2,2,0.922328,63.166700,0.115291,26,0.346216,37,0,0,1,0.346216,0.829374,0.483158,0.483158,0.346216,0.000000,52,0,1,0,25,29,26,97.833300,83.166700,63.166700,0.758109,0.172219,0.115231,0.015357,0.004803,0.000178,0.015357,1,52,0,fixed,1,1,0,0,3.000000,4.000000
16,logistic,1,1,66,1,1,2,1.425073,83.166700,0.178134,29,0.346216,37,0,0,1,0.346216,0.829374,0.483158,0.483158,0.346216,0.000000,52,0,1,0,25,29,26,97.833300,83.166700,63.166700,0.758109,0.178160,0.110969,0.009837,0.000178,-0.005860,0.009837,1,52,0,fixed,1,1,0,0,3.000000,4.000000
16,logistic,1,1,67,1,1,1,2.881928,83.166700,0.960643,29,0.346216,37,0,1,0,0.346216,0.829374,0.483158,0.483158,0.346216,0.000000,52,0,1,-1,25,29,26,97.833300,83.166700,63.166700,1.127269,1.003151,0.713854,0.003571,0.000178,-0.001231,0.003571,1,52,0,fixed,1,1,0,0,3.000000,4.000000
16,logistic,1,1,68,2,2,2,0.922381,63.166700,0.115298,26,0.346216,37,0,0,1,0.346216,0.829374,0.483158,0.483158,0.346216,0.000000,52,0,1,0,25,29,26,97.833300,83.166700,63.166700,0.758109,0.172219,0.115230,0.015357,0.004803,0.000178,0.015357,1,52,0,fixed,1,1,0,0,3.000000,4.000000
16,logistic,1,1,69,2,2,3,0.000000,63.166700,1.583113,26,0.346216,37,0,2,0,0.346216,0.829374,0.483158,0.483158,0.346216,0.000000,52,0,1,-1,25,29,26,97.833300,83.166700,63.166700,1.022147,1.202404,1.583113,0.003698,0.000636,0.000178,0.003698,1,52,0,fixed,1,1,0,0,3.000000,4.000000
16,logistic,1,1,70,2,2,4,0.000000,63.166700,0.633245,26,0.346216,37,0,2,0,0.346216,0.829374,0.483158,0.483158,0.346216,0.000000,52,0,1,-1,25,29,26,97.833300,83.166700,63.166700,0.408859,0.480962,0.633245,0.002904,0.000185,0.000178,0.002904,1,52,0,fixed,1,1,0,0,3.000000,4.000000
16,logistic,1,1,71,1,1,4,0.000000,83.166700,0.480962,29,0.346216,37,0,2,1,0.346216,0.829374,0.483158,0.483158,0.346216,0.000000,52,0,1,0,25,29,26,97.833300,83.166700,63.166700,0.408859,0.480962,0.633245,0.002896,0.000178,0.000170,0.002896,1,52,0,fixed,1,1,0,0,3.000000,4.000000
16,logistic,1,1,72,2,2,2,0.922394,63.166700,0.115299,26,0.346216,37,0,0,1,0.346216,0.829374,0.483158,0.483158,0.346216,0.000000,52,0,1,0,25,29,26,97.833300,83.166700,63.166700,0.758109,0.172219,0.115229,0.015357,0.004803,0.000178,0.015357,1,52,0,fixed,1,1,0,0,3.000000,4.000000
16,logistic,1,1,73,0,0,4,0.000000,97.833300,0.408859,25,0.346216,37,0,2,1,0.346216,0.829374,0.483158,0.483158,0.346216,0.000000,52,0,1,0,25,29,26,97.833300,83.166700,63.166700,0.408859,0.480962,0.633245,0.000178,-0.002499,-0.002506,0.000000,1,52,0,fixed,1,1,0,0,3.000000,4.000000
16,logistic,1,1,74,2,2,1,2.321563,63.166700,0.773854,26,0.346216,37,0,1,1,0.346216,0.829374,0.483158,0.483158,0.346216,0.000000,52,0,1,-1,25,29,26,97.833300,83.166700,63.166700,1.127269,0.963842,0.733174,0.004882,0.001350,0.000178,0.004882,1,52,0,fixed,1,1,0,0,3.000000,4.000000
16,logistic,1,1,75,0,0,1,3.504964,97.833300,1.168321,25,0.346216,37,0,1,1,0.346216,0.829374,0.483158,0.483158,0.346216,0.000000,52,0,1,-1,25,29,26,97.833300,83.166700,63.166700,1.173706,0.963842,0.713854,0.000178,-0.003362,-0.004633,0.000000,1,52,0,fixed,1,1,0,0,3.000000,4.000000
16,logistic,1,1,76,0,0,3,0.000000,97.833300,1.022147,25,0.346216,37,0,2,1,0.346216,0.829374,0.483158,0.483158,0.346216,0.000000,52,0,1,-1,25,29,26,97.833300,83.166700,63.166700,1.022147,1.202404,1.583113,0.000178,-0.002823,-0.003272,0.000000,1,52,0,fixed,1,1,0,0,3.000000,4.000000
16,logistic,1,1,77,0,0,3,0.000000,97.833300,1.022147,25,0.346216,37,0,2,1,0.346216,0.829374,0.483158,0.483158,0.346216,0.000000,52,0,1,-1,25,29,26,97.833300,83.166700,63.166700,1.022147,1.202404,1.583113,0.000178,-0.002823,-0.003272,0.000000,1,52,0,fixed,1,1,0,0,3.000000,4.000000
16,logistic,1,1,78,1,1,2,1.427295,83.166700,0.178412,29,0.346216,37,0,0,1,0.346216,0.829374,0.483158,0.483158,0.346216,0.000000,52,0,1,0,25,29,26,97.833300,83.166700,63.166700,0.758109,0.178137,0.110969,0.009838,0.000178,-0.005859,0.009838,1,52,0,fixed,1,1,0,0,3.000000,4.000000
16,logistic,1,1,79,1,1,2,1.427253,83.166700,0.178407,29,0.346216,37,0,0,1,0.346216,0.829374,0.483158,0.483158,0.346216,0.000000,52,0,1,0,25,29,26,97.833300,83.166700,63.166700,0.758109,0.178137,0.110969,0.009838,0.000178,-0.005859,0.009838,1,52,0,fixed,1,1,0,0,3.000000,4.000000
16,logistic,1,1,80,0,0,4,0.000000,97.833300,0.408859,25,0.346216,37,0,2,1,0.346216,0.829374,0.483158,0.483158,0.346216,0.000000,52,0,1,0,25,29,26,97.833300,83.166700,63.166700,0.408859,0.480962,0.633245,0.000178,-0.002499,-0.002506,0.000000,1,52,0,fixed,1,1,0,0,3.000000,4.000000
16,logistic,1,2,1,0,0,2,2.661173,113.000000,0.332647,31,0.581859,31,0,0,0,0.581859,0.581859,0.000000,0.000000,0.581859,0.235643,0,21,1,0,31,16,33,113.000000,76.000000,29.833300,0.321882,0.313854,0.322863,0.021692,0.029997,0.035729,0.035729,1,0,1,fixed,1,1,0,0,3.000000,4.000000
16,logistic,1,2,2,0,0,2,2.657892,113.000000,0.332236,31,0.581859,31,0,0,0,0.581859,0.581859,0.000000,0.000000,0.581859,0.235643,0,21,1,0,31,16,33,113.000000,76.000000,29.833300,0.321896,0.313854,0.322465,0.021692,0.029996,0.035710,0.035710,1,0,1,fixed,1,1,0,0,3.000000,4.000000
16,logistic,1,2,3,0,0,2,2.660044,113.000000,0.332505,31,0.581859,31,0,0,0,0.581859,0.581859,0.000000,0.000000,0.581859,0.235643,0,21,1,0,31,16,33,113.000000,76.000000,29.833300,0.321887,0.313854,0.322726,0.021692,0.029997,0.035723,0.035723,1,0,1,fixed,1,1,0,0,3.000000,4.000000
16,logistic,1,2,4,0,0,2,2.661114,113.000000,0.332639,31,0.581859,31,0,0,0,0.581859,0.581859,0.000000,0.000000,0.581859,0.235643,0,21,1,0,31,16,33,113.000000,76.000000,29.833300,0.321882,0.313854,0.322856,0.021692,0.029997,0.035729,0.035729,1,0,1,fixed,1,1,0,0,3.000000,4.000000
16,logistic,1,2,5,1,1,1,3.441421,76.000000,1.147140,16,0.581859,31,0,1,0,0.581859,0.581859,0.000000,0.000000,0.581859,0.235643,0,21,1,-1,31,16,33,113.000000,76.000000,29.833300,0.832425,0.872060,1.113401,0.012257,0.021692,0.027677,0.027677,1,0,1,fixed,1,1,0,0,3.000000,4.000000
16,logistic,1,2,6,2,2,3,0.000000,29.833300,3.351959,33,0.581859,31,0,2,0,0.581859,0.581859,0.000000,0.000000,0.581859,0.235643,0,21,1,1,31,16,33,113.000000,76.000000,29.833300,0.884956,1.315789,3.351959,0.004290,0.014554,0.021692,0.014554,1,0,1,fixed,1,1,0,0,3.000000,4.000000
16,logistic,1,2,7,1,1,1,2.655530,76.000000,0.885177,16,0.581859,31,0,1,0,0.581859,0.581859,0.000000,0.000000,0.581859,0.235643,0,21,1,-1,31,16,33,113.000000,76.000000,29.833300,0.832425,0.889525,0.859142,0.012164,0.021692,0.026348,0.026348,1,0,1,fixed,1,1,0,0,3.000000,4.000000
16,logistic,1,2,8,2,2,4,0.000000,29.833300,1.340784,33,0.581859,31,0,2,0,0.581859,0.581859,0.000000,0.000000,0.581859,0.235643,0,21,1,-1,31,16,33,113.000000,76.000000,29.833300,0.353982,0.526316,1.340784,-0.001019,0.011491,0.021692,0.011491,1,0,1,fixed,1,1,0,0,3.000000,4.000000
16,logistic,1,2,9,0,0,2,2.661102,113.000000,0.332638,31,0.581859,31,0,0,0,0.581859,0.581859,0.000000,0.000000,0.581859,0.235643,0,21,1,0,31,16,33,113.000000,76.000000,29.833300,0.321882,0.313854,0.322854,0.021692,0.029997,0.035729,0.035729,1,0,1,fixed,1,1,0,0,3.000000,4.000000
16,logistic,1,2,10,2,2,4,0.000000,29.833300,1.340784,33,0.581859,31,0,2,0,0.581859,0.581859,0.000000,0.000000,0.581859,0.235643,0,21,1,-1,31,16,33,113.000000,76.000000,29.833300,0.353982,0.526316,1.340784,-0.001019,0.011491,0.021692,0.011491,1,0,1,fixed,1,1,0,0,3.000000,4.000000
16,logistic,1,2,11,1,1,1,1.896578,76.000000,0.632193,16,0.581859,31,0,1,0,0.581859,0.581859,0.000000,0.000000,0.581859,0.235643,0,21,1,-1,31,16,33,113.000000,76.000000,29.833300,0.832425,0.906390,0.613599,0.012077,0.021692,0.024112,0.024112,1,0,1,fixed,1,1,0,0,3.000000,4.000000
16,logistic,1,2,12,2,2,4,0.000000,29.833300,1.340784,33,0.581859,31,0,2,0,0.581859,0.581859,0.000000,0.000000,0.581859,0.235643,0,21,1,-1,31,16,33,113.000000,76.000000,29.833300,0.353982,0.526316,1.340784,-0.001019,0.011491,0.021692,0.011491,1,0,1,fixed,1,1,0,0,3.000000,4.000000
16,logistic,1,2,13,2,2,3,0.000000,29.833300,3.351959,33,0.581859,31,0,2,0,0.581859,0.581859,0.000000,0.000000,0.581859,0.235643,0,21,1,1,31,16,33,113.000000,76.000000,29.833300,0.884956,1.315789,3.351959,0.004290,0.014554,0.021692,0.014554,1,0,1,fixed,1,1,0,0,3.000000,4.000000
16,logistic,1,2,14,0,0,2,2.660079,113.000000,0.332510,31,0.581859,31,0,0,0,0.581859,0.581859,0.000000,0.000000,0.581859,0.235643,0,21,1,0,31,16,33,113.000000,76.000000,29.833300,0.321886,0.313854,0.322730,0.021692,0.029997,0.035723,0.035723,1,0,1,fixed,1,1,0,0,3.000000,4.000000
16,logistic,1,2,15,2,2,4,0.000000,29.833300,1.340784,33,0.581859,31,0,2,0,0.581859,0.581859,0.000000,0.000000,0.581859,0.235643,0,21,1,-1,31,16,33,113.000000,76.000000,29.833300,0.353982,0.526316,1.340784,-0.001019,0.011491,0.021692,0.011491,1,0,1,fixed,1,1,0,0,3.000000,4.000000
16,logistic,1,2,16,2,2,3,0.000000,29.833300,3.351959,33,0.581859,31,0,2,0,0.581859,0.581859,0.000000,0.000000,0.581859,0.235643,0,21,1,1,31,16,33,113.000000,76.000000,29.833300,0.884956,1.315789,3.351959,0.004290,0.014554,0.021692,0.014554,1,0,1,fixed,1,1,0,0,3.000000,4.000000
16,logistic,1,2,17,0,0,2,2.660008,113.000000,0.332501,31,0.581859,31,0,0,0,0.581859,0.581859,0.000000,0.000000,0.581859,0.235643,0,21,1,0,31,16,33,113.000000,76.000000,29.833300,0.321887,0.313854,0.322722,0.021692,0.029997,0.035722,0.035722,1,0,1,fixed,1,1,0,0,3.000000,4.000000
16,logistic,1,2,18,2,2,3,0.000000,29.833300,3.351959,33,0.581859,31,0,2,0,0.581859,0.581859,0.000000,0.000000,0.581859,0.235643,0,21,1,1,31,16,33,113.000000,76.000000,29.833300,0.884956,1.315789,3.351959,0.004290,0.014554,0.021692,0.014554,1,0,1,fixed,1,1,0,0,3.000000,4.000000
16,logistic,1,2,19,2,2,4,0.000000,29.833300,1.340784,33,0.581859,31,0,2,0,0.581859,0.581859,0.000000,0.000000,0.581859,0.235643,0,21,1,-1,31,16,33,113.000000,76.000000,29.833300,0.353982,0.526316,1.340784,-0.001019,0.011491,0.021692,0.011491,1,0,1,fixed,1,1,0,0,3.000000,4.000000
16,logistic,1,2,20,0,0,2,2.660021,113.000000,0.332503,31,0.581859,31,0,0,0,0.581859,0.581859,0.000000,0.000000,0.581859,0.235643,0,21,1,0,31,16,33,113.000000,76.000000,29.833300,0.321887,0.313854,0.322723,0.021692,0.029997,0.035722,0.035722,1,0,1,fixed,1,1,0,0,3.000000,4.000000
16,logistic,1,2,21,1,1,1,2.403749,76.000000,0.801250,16,0.581859,31,0,1,0,0.581859,0.581859,0.000000,0.000000,0.581859,0.235643,0,21,1,-1,31,16,33,113.000000,76.000000,29.833300,0.832425,0.895120,0.777683,0.012134,0.021692,0.025754,0.025754,1,0,1,fixed,1,1,0,0,3.000000,4.000000
16,logistic,1,2,22,2,2,4,0.000000,29.833300,1.340784,33,0.581859,31,0,2,0,0.581859,0.581859,0.000000,0.000000,0.581859,0.235643,0,21,1,-1,31,16,33,113.000000,76.000000,29.833300,0.353982,0.526316,1.340784,-0.001019,0.011491,0.021692,0.011491,1,0,1,fixed,1,1,0,0,3.000000,4.000000
16,logistic,1,2,23,1,1,1,2.451134,76.000000,0.817045,16,0.581859,31,0,1,0,0.581859,0.581859,0.000000,0.000000,0.581859,0.235643,0,21,1,-1,31,16,33,113.000000,76.000000,29.833300,0.832425,0.894067,0.793014,0.012140,0.021692,0.025875,0.025875,1,0,1,fixed,1,1,0,0,3.000000,4.000000
16,logistic,1,2,24,0,0,2,2.664392,113.000000,0.333049,31,0.581859,31,0,0,0,0.581859,0.581859,0.000000,0.000000,0.581859,0.235643,0,21,1,0,31,16,33,113.000000,76.000000,29.833300,0.321868,0.313854,0.323253,0.021692,0.029997,0.035747,0.035747,1,0,1,fixed,1,1,0,0,3.000000,4.000000
16,logistic,1,2,25,0,0,2,2.661161,113.000000,0.332645,31,0.581859,31,0,0,0,0.581859,0.581859,0.000000,0.000000,0.581859,0.235643,0,21,1,0,31,16,33,113.000000,76.000000,29.833300,0.321882,0.313854,0.322861,0.021692,0.029997,0.035729,0.035729,1,0,1,fixed,1,1,0,0,3.000000,4.000000
16,logistic,1,2,26,2,2,3,0.000000,29.833300,3.351959,33,0.581859,31,0,2,0,0.581859,0.581859,0.000000,0.000000,0.581859,0.235643,0,21,1,1,31,16,33,113.000000,76.000000,29.833300,0.884956,1.315789,3.351959,0.004290,0.014554,0.021692,0.014554,1,0,1,fixed,1,1,0,0,3.000000,4.000000
16,logistic,1,2,27,2,2,4,0.000000,29.833300,1.340784,33,0.581859,31,0,2,0,0.581859,0.581859,0.000000,0.000000,0.581859,0.235643,0,21,1,-1,31,16,33,113.000000,76.000000,29.833300,0.353982,0.526316,1.340784,-0.001019,0.011491,0.021692,0.011491,1,0,1,fixed,1,1,0,0,3.000000,4.000000
16,logistic,1,2,28,1,1,1,3.092837,76.000000,1.030946,16,0.581859,31,0,1,0,0.581859,0.581859,0.000000,0.000000,0.581859,0.235643,0,21,1,-1,31,16,33,113.000000,76.000000,29.833300,0.832425,0.879807,1.000624,0.012215,0.021692,0.027164,0.027164,1,0,1,fixed,1,1,0,0,3.000000,4.000000
16,logistic,1,2,29,2,2,3,0.000000,29.833300,3.351959,33,0.581859,31,0,2,0,0.581859,0.581859,0.000000,0.000000,0.581859,0.235643,0,21,1,1,31,16,33,113.000000,76.000000,29.833300,0.884956,1.315789,3.351959,0.004290,0.014554,0.021692,0.014554,1,0,1,fixed,1,1,0,0,3.000000,4.000000
16,logistic,1,2,30,2,2,4,0.000000,29.833300,1.340784,33,0.581859,31,0,2,0,0.581859,0.581859,0.000000,0.000000,0.581859,0.235643,0,21,1,-1,31,16,33,113.000000,76.000000,29.833300,0.353982,0.526316,1.340784,-0.001019,0.011491,0.021692,0.011491,1,0,1,fixed,1,1,0,0,3.000000,4.000000
16,logistic,1,2,31,1,1,1,2.467811,76.000000,0.822604,16,0.581859,31,0,1,0,0.581859,0.581859,0.000000,0.000000,0.581859,0.235643,0,21,1,-1,31,16,33,113.000000,76.000000,29.833300,0.832425,0.893696,0.798409,0.012142,0.021692,0.025916,0.025916,1,0,1,fixed,1,1,0,0,3.000000,4.000000
16,logistic,1,2,32,0,0,2,2.666625,113.000000,0.333328,31,0.581859,31,0,0,0,0.581859,0.581859,0.000000,0.000000,0.581859,0.235643,0,21,1,0,31,16,33,113.000000,76.000000,29.833300,0.321859,0.313854,0.323524,0.021692,0.029998,0.035760,0.035760,1,0,1,fixed,1,1,0,0,3.000000,4.000000
16,logistic,1,2,33,0,0,2,2.662304,113.000000,0.332788,31,0.581859,31,0,0,0,0.581859,0.581859,0.000000,0.000000,0.581859,0.235643,0,21,1,0,31,16,33,113.000000,76.000000,29.833300,0.321877,0.313854,0.323000,0.021692,0.029997,0.035735,0.035735,1,0,1,fixed,1,1,0,0,3.000000,4.000000
16,logistic,1,2,34,0,0,2,0.874238,113.000000,0.109280,31,0.581859,31,1,0,0,0.581859,0.581859,0.000000,0.000000,0.581859,0.235643,0,21,1,0,31,16,33,113.000000,76.000000,29.833300,0.329327,0.313854,0.106066,0.021692,0.029679,0.006658,0.029679,1,0,1,fixed,1,1,0,0,3.000000,4.000000
16,logistic,1,2,35,0,0,2,2.660025,113.000000,0.332503,31,0.581859,31,0,0,0,0.581859,0.581859,0.000000,0.000000,0.581859,0.235643,0,21,1,0,31,16,33,113.000000,76.000000,29.833300,0.321887,0.313854,0.322724,0.021692,0.029997,0.035722,0.035722,1,0,1,fixed,1,1,0,0,3.000000,4.000000
16,logistic,1,2,36,0,0,2,2.659996,113.000000,0.332499,31,0.581859,31,0,0,0,0.581859,0.581859,0.000000,0.000000,0.581859,0.235643,0,21,1,0,31,16,33,113.000000,76.000000,29.833300,0.321887,0.313854,0.322720,0.021692,0.029997,0.035722,0.035722,1,0,1,fixed,1,1,0,0,3.000000,4.000000
16,logistic,1,2,37,2,2,4,0.000000,29.833300,1.340784,33,0.581859,31,0,2,0,0.581859,0.581859,0.000000,0.000000,0.581859,0.235643,0,21,1,-1,31,16,33,113.000000,76.000000,29.833300,0.353982,0.526316,1.340784,-0.001019,0.011491,0.021692,0.011491,1,0,1,fixed,1,1,0,0,3.000000,4.000000
16,logistic,1,2,38,2,2,4,0.000000,29.833300,1.340784,33,0.581859,31,0,2,0,0.581859,0.581859,0.000000,0.000000,0.581859,0.235643,0,21,1,-1,31,16,33,113.000000,76.000000,29.833300,0.353982,0.526316,1.340784,-0.001019,0.011491,0.021692,0.011491,1,0,1,fixed,1,1,0,0,3.000000,4.000000
16,logistic,1,2,39,1,1,1,2.433691,76.000000,0.811230,16,0.581859,31,0,1,0,0.581859,0.581859,0.000000,0.000000,0.581859,0.235643,0,21,1,-1,31,16,33,113.000000,76.000000,29.833300,0.832425,0.894454,0.787371,0.012138,0.021692,0.025831,0.025831,1,0,1,fixed,1,1,0,0,3.000000,4.000000
16,logistic,1,2,40,1,1,1,2.498178,76.000000,0.832726,16,0.581859,31,0,1,0,0.581859,0.581859,0.000000,0.000000,0.581859,0.235643,0,21,1,-1,31,16,33,113.000000,76.000000,29.833300,0.832425,0.893021,0.808234,0.012145,0.021692,0.025990,0.025990,1,0,1,fixed,1,1,0,0,3.000000,4.000000
16,logistic,1,2,41,1,1,1,3.240199,76.000000,1.080066,16,0.581859,31,0,1,0,0.581859,0.581859,0.000000,0.000000,0.581859,0.235643,0,21,1,-1,31,16,33,113.000000,76.000000,29.833300,0.832425,0.876532,1.048300,0.012232,0.021692,0.027393,0.027393,1,0,1,fixed,1,1,0,0,3.000000,4.000000
16,logistic,1,2,42,0,0,2,2.662316,113.000000,0.332789,31,0.581859,31,0,0,0,0.581859,0.581859,0.000000,0.000000,0.581859,0.235643,0,21,1,0,31,16,33,113.000000,76.000000,29.833300,0.321877,0.313854,0.323002,0.021692,0.029997,0.035736,0.035736,1,0,1,fixed,1,1,0,0,3.000000,4.000000
16,logistic,1,2,43,2,2,3,0.000000,29.833300,3.351959,33,0.581859,31,0,2,0,0.581859,0.581859,0.000000,0.000000,0.581859,0.235643,0,21,1,1,31,16,33,113.000000,76.000000,29.833300,0.884956,1.315789,3.351959,0.004290,0.014554,0.021692,0.014554,1,0,1,fixed,1,1,0,0,3.000000,4.000000
16,logistic,1,2,44,0,0,2,2.662304,113.000000,0.332788,31,0.581859,31,0,0,0,0.581859,0.581859,0.000000,0.000000,0.581859,0.235643,0,21,1,0,31,16,33,113.000000,76.000000,29.833300,0.321877,0.313854,0.323000,0.021692,0.029997,0.035735,0.035735,1,0,1,fixed,1,1,0,0,3.000000,4.000000
16,logistic,1,2,45,2,2,3,0.000000,29.833300,3.351959,33,0.581859,31,0,2,0,0.581859,0.581859,0.000000,0.000000,0.581859,0.235643,0,21,1,1,31,16,33,113.000000,76.000000,29.833300,0.884956,1.315789,3.351959,0.004290,0.014554,0.021692,0.014554,1,0,1,fixed,1,1,0,0,3.000000,4.000000
16,logistic,1,2,46,2,2,4,0.000000,29.833300,1.340784,33,0.581859,31,0,2,0,0.581859,0.581859,0.000000,0.000000,0.581859,0.235643,0,21,1,-1,31,16,33,113.000000,76.000000,29.833300,0.353982,0.526316,1.340784,-0.001019,0.011491,0.021692,0.011491,1,0,1,fixed,1,1,0,0,3.000000,4.000000
16,logistic,1,2,47,1,1,1,2.412991,76.000000,0.804330,16,0.581859,31,0,1,0,0.581859,0.581859,0.000000,0.000000,0.581859,0.235643,0,21,1,-1,31,16,33,113.000000,76.000000,29.833300,0.832425,0.894914,0.780674,0.012136,0.021692,0.025778,0.025778,1,0,1,fixed,1,1,0,0,3.000000,4.000000
16,logistic,1,2,48,2,2,4,0.000000,29.833300,1.340784,33,0.581859,31,0,2,0,0.581859,0.581859,0.000000,0.000000,0.581859,0.235643,0,21,1,-1,31,16,33,113.000000,76.000000,29.833300,0.353982,0.526316,1.340784,-0.001019,0.011491,0.021692,0.011491,1,0,1,fixed,1,1,0,0,3.000000,4.000000
16,logistic,1,2,49,2,2,4,0.000000,29.833300,1.340784,33,0.581859,31,0,2,0,0.581859,0.581859,0.000000,0.000000,0.581859,0.235643,0,21,1,-1,31,16,33,113.000000,76.000000,29.833300,0.353982,0.526316,1.340784,-0.001019,0.011491,0.021692,0.011491,1,0,1,fixed,1,1,0,0,3.000000,4.000000
16,logistic,1,2,50,2,2,3,0.000000,29.833300,3.351959,33,0.581859,31,0,2,0,0.581859,0.581859,0.000000,0.000000,0.581859,0.235643,0,21,1,1,31,16,33,113.000000,76.000000,29.833300,0.884956,1.315789,3.351959,0.004290,0.014554,0.021692,0.014554,1,0,1,fixed,1,1,0,0,3.000000,4.000000
16,logistic,1,2,51,0,0,2,2.662350,113.000000,0.332794,31,0.581859,31,0,0,0,0.581859,0.581859,0.000000,0.000000,0.581859,0.235643,0,21,1,0,31,16,33,113.000000,76.000000,29.833300,0.321877,0.313854,0.323006,0.021692,0.029997,0.035736,0.035736,1,0,1,fixed,1,1,0,0,3.000000,4.000000
16,logistic,1,2,52,2,2,3,0.000000,29.833300,3.351959,33,0.581859,31,0,2,0,0.581859,0.581859,0.000000,0.000000,0.581859,0.235643,0,21,1,1,31,16,33,113.000000,76.000000,29.833300,0.884956,1.315789,3.351959,0.004290,0.014554,0.021692,0.014554,1,0,1,fixed,1,1,0,0,3.000000,4.000000
16,logistic,1,2,53,0,0,2,2.660061,113.000000,0.332508,31,0.581859,31,0,0,0,0.581859,0.581859,0.000000,0.000000,0.581859,0.235643,0,21,1,0,31,16,33,113.000000,76.000000,29.833300,0.321887,0.313854,0.322728,0.021692,0.029997,0.035723,0.035723,1,0,1,fixed,1,1,0,0,3.000000,4.000000
16,logistic,1,2,54,0,0,2,2.662350,113.000000,0.332794,31,0.581859,31,0,0,0,0.581859,0.581859,0.000000,0.000000,0.581859,0.235643,0,21,1,0,31,16,33,113.000000,76.000000,29.833300,0.321877,0.313854,0.323006,0.021692,0.029997,0.035736,0.035736,1,0,1,fixed,1,1,0,0,3.000000,4.000000
16,logistic,1,2,55,0,0,2,1.791116,113.000000,0.223889,31,0.581859,31,0,0,0,0.581859,0.581859,0.000000,0.000000,0.581859,0.235643,0,21,1,0,31,16,33,113.000000,76.000000,29.833300,0.325507,0.313854,0.217304,0.021692,0.029840,0.028482,0.029840,1,0,1,fixed,1,1,0,0,3.000000,4.000000
16,logistic,1,2,56,0,0,2,2.672164,113.000000,0.334021,31,0.581859,31,0,0,0,0.581859,0.581859,0.000000,0.000000,0.581859,0.235643,0,21,1,0,31,16,33,113.000000,76.000000,29.833300,0.321836,0.313854,0.324196,0.021692,0.029999,0.035792,0.035792,1,0,1,fixed,1,1,0,0,3.000000,4.000000
16,logistic,1,2,57,2,2,3,0.000000,29.833300,3.351959,33,0.581859,31,0,2,0,0.581859,0.581859,0.000000,0.000000,0.581859,0.235643,0,21,1,1,31,16,33,113.000000,76.000000,29.833300,0.884956,1.315789,3.351959,0.004290,0.014554,0.021692,0.014554,1,0,1,fixed,1,1,0,0,3.000000,4.000000
16,logistic,1,2,58,1,1,1,2.476725,76.000000,0.825575,16,0.581859,31,0,1,0,0.581859,0.581859,0.000000,0.000000,0.581859,0.235643,0,21,1,-1,31,16,33,113.000000,76.000000,29.833300,0.832425,0.893498,0.801293,0.012143,0.021692,0.025938,0.025938,1,0,1,fixed,1,1,0,0,3.000000,4.000000
16,logistic,1,2,59,0,0,2,2.662339,113.000000,0.332792,31,0.581859,31,0,0,0,0.581859,0.581859,0.000000,0.000000,0.581859,0.235643,0,21,1,0,31,16,33,113.000000,76.000000,29.833300,0.321877,0.313854,0.323004,0.021692,0.029997,0.035736,0.035736,1,0,1,fixed,1,1,0,0,3.000000,4.000000
16,logistic,1,2,60,1,1,1,3.342836,76.000000,1.114279,16,0.581859,31,0,1,0,0.581859,0.581859,0.000000,0.000000,0.581859,0.235643,0,21,1,-1,31,16,33,113.000000,76.000000,29.833300,0.832425,0.874251,1.081506,0.012245,0.021692,0.027542,0.027542,1,0,1,fixed,1,1,0,0,3.000000,4.000000
16,logistic,1,2,61,0,0,2,2.662339,113.000000,0.332792,31,0.581859,31,0,0,0,0.581859,0.581859,0.000000,0.000000,0.581859,0.235643,0,21,1,0,31,16,33,113.000000,76.000000,29.833300,0.321877,0.313854,0.323004,0.021692,0.029997,0.035736,0.035736,1,0,1,fixed,1,1,0,0,3.000000,4.000000
16,logistic,1,2,62,2,2,4,0.000000,29.833300,1.340784,33,0.581859,31,0,2,0,0.581859,0.581859,0.000000,0.000000,0.581859,0.235643,0,21,1,-1,31,16,33,113.000000,76.000000,29.833300,0.353982,0.526316,1.340784,-0.001019,0.011491,0.021692,0.011491,1,0,1,fixed,1,1,0,0,3.000000,4.000000
16,logistic,1,2,63,0,0,2,2.660133,113.000000,0.332517,31,0.581859,31,0,0,0,0.581859,0.581859,0.000000,0.000000,0.581859,0.235643,0,21,1,0,31,16,33,113.000000,76.000000,29.833300,0.321886,0.313854,0.322737,0.021692,0.029997,0.035723,0.035723,1,0,1,fixed,1,1,0,0,3.000000,4.000000
16,logistic,1,2,64,2,2,4,0.000000,29.833300,1.340784,33,0.581859,31,0,2,0,0.581859,0.581859,0.000000,0.000000,0.581859,0.235643,0,21,1,-1,31,16,33,113.000000,76.000000,29.833300,0.353982,0.526316,1.340784,-0.001019,0.011491,0.021692,0.011491,1,0,1,fixed,1,1,0,0,3.000000,4.000000
16,logistic,1,2,65,0,0,2,2.672153,113.000000,0.334019,31,0.581859,31,0,0,0,0.581859,0.581859,0.000000,0.000000,0.581859,0.235643,0,21,1,0,31,16,33,113.000000,76.000000,29.833300,0.321836,0.313854,0.324195,0.021692,0.029999,0.035792,0.035792,1,0,1,fixed,1,1,0,0,3.000000,4.000000
16,logistic,1,2,66,0,0,2,2.662327,113.000000,0.332791,31,0.581859,31,0,0,0,0.581859,0.581859,0.000000,0.000000,0.581859,0.235643,0,21,1,0,31,16,33,113.000000,76.000000,29.833300,0.321877,0.313854,0.323003,0.021692,0.029997,0.035736,0.035736,1,0,1,fixed,1,1,0,0,3.000000,4.000000
16,logistic,1,2,67,1,1,1,2.598770,76.000000,0.866257,16,0.581859,31,0,1,0,0.581859,0.581859,0.000000,0.000000,0.581859,0.235643,0,21,1,-1,31,16,33,113.000000,76.000000,29.833300,0.832425,0.890786,0.840778,0.012157,0.021692,0.026223,0.026223,1,0,1,fixed,1,1,0,0,3.000000,4.000000
16,logistic,1,2,68,0,0,2,2.683001,113.000000,0.335375,31,0.581859,31,0,0,0,0.581859,0.581859,0.000000,0.000000,0.581859,0.235643,0,21,1,0,31,16,33,113.000000,76.000000,29.833300,0.321791,0.313854,0.325511,0.021692,0.030001,0.035853,0.035853,1,0,1,fixed,1,1,0,0,3.000000,4.000000
16,logistic,1,2,69,2,2,3,0.000000,29.833300,3.351959,33,0.581859,31,0,2,0,0.581859,0.581859,0.000000,0.000000,0.581859,0.235643,0,21,1,1,31,16,33,113.000000,76.000000,29.833300,0.884956,1.315789,3.351959,0.004290,0.014554,0.021692,0.014554,1,0,1,fixed,1,1,0,0,3.000000,4.000000
16,logistic,1,2,70,2,2,4,0.000000,29.833300,1.340784,33,0.581859,31,0,2,0,0.581859,0.581859,0.000000,0.000000,0.581859,0.235643,0,21,1,-1,31,16,33,113.000000,76.000000,29.833300,0.353982,0.526316,1.340784,-0.001019,0.011491,0.021692,0.011491,1,0,1,fixed,1,1,0,0,3.000000,4.000000
16,logistic,1,2,71,2,2,4,0.000000,29.833300,1.340784,33,0.581859,31,0,2,0,0.581859,0.581859,0.000000,0.000000,0.581859,0.235643,0,21,1,-1,31,16,33,113.000000,76.000000,29.833300,0.353982,0.526316,1.340784,-0.001019,0.011491,0.021692,0.011491,1,0,1,fixed,1,1,0,0,3.000000,4.000000
16,logistic,1,2,72,0,0,2,2.683094,113.000000,0.335387,31,0.581859,31,0,0,0,0.581859,0.581859,0.000000,0.000000,0.581859,0.235643,0,21,1,0,31,16,33,113.000000,76.000000,29.833300,0.321791,0.313854,0.325522,0.021692,0.030001,0.035854,0.035854,1,0,1,fixed,1,1,0,0,3.000000,4.000000
16,logistic,1,2,73,2,2,4,0.000000,29.833300,1.340784,33,0.581859,31,0,2,0,0.581859,0.581859,0.000000,0.000000,0.581859,0.235643,0,21,1,-1,31,16,33,113.000000,76.000000,29.833300,0.353982,0.526316,1.340784,-0.001019,0.011491,0.021692,0.011491,1,0,1,fixed,1,1,0,0,3.000000,4.000000
16,logistic,1,2,74,1,1,1,3.004222,76.000000,1.001407,16,0.581859,31,0,1,0,0.581859,0.581859,0.000000,0.000000,0.581859,0.235643,0,21,1,-1,31,16,33,113.000000,76.000000,29.833300,0.832425,0.881776,0.971954,0.012204,0.021692,0.027016,0.027016,1,0,1,fixed,1,1,0,0,3.000000,4.000000
16,logistic,1,2,75,1,1,1,2.267470,76.000000,0.755823,16,0.581859,31,0,1,0,0.581859,0.581859,0.000000,0.000000,0.581859,0.235643,0,21,1,-1,31,16,33,113.000000,76.000000,29.833300,0.832425,0.898148,0.733593,0.012119,0.021692,0.025381,0.025381,1,0,1,fixed,1,1,0,0,3.000000,4.000000
16,logistic,1,2,76,2,2,3,0.000000,29.833300,3.351959,33,0.581859,31,0,2,0,0.581859,0.581859,0.000000,0.000000,0.581859,0.235643,0,21,1,1,31,16,33,113.000000,76.000000,29.833300,0.884956,1.315789,3.351959,0.004290,0.014554,0.021692,0.014554,1,0,1,fixed,1,1,0,0,3.000000,4.000000
16,logistic,1,2,77,2,2,3,0.000000,29.833300,3.351959,33,0.581859,31,0,2,0,0.581859,0.581859,0.000000,0.000000,0.581859,0.235643,0,21,1,1,31,16,33,113.000000,76.000000,29.833300,0.884956,1.315789,3.351959,0.004290,0.014554,0.021692,0.014554,1,0,1,fixed,1,1,0,0,3.000000,4.000000
16,logistic,1,2,78,0,0,2,2.662310,113.000000,0.332789,31,0.581859,31,0,0,0,0.581859,0.581859,0.000000,0.000000,0.581859,0.235643,0,21,1,0,31,16,33,113.000000,76.000000,29.833300,0.321877,0.313854,0.323001,0.021692,0.029997,0.035736,0.035736,1,0,1,fixed,1,1,0,0,3.000000,4.000000
16,logistic,1,2,79,0,0,2,2.662298,113.000000,0.332787,31,0.581859,31,0,0,0,0.581859,0.581859,0.000000,0.000000,0.581859,0.235643,0,21,1,0,31,16,33,113.000000,76.000000,29.833300,0.321877,0.313854,0.322999,0.021692,0.029997,0.035735,0.035735,1,0,1,fixed,1,1,0,0,3.000000,4.000000
16,logistic,1,2,80,2,2,4,0.000000,29.833300,1.340784,33,0.581859,31,0,2,0,0.581859,0.581859,0.000000,0.000000,0.581859,0.235643,0,21,1,-1,31,16,33,113.000000,76.000000,29.833300,0.353982,0.526316,1.340784,-0.001019,0.011491,0.021692,0.011491,1,0,1,fixed,1,1,0,0,3.000000,4.000000
16,logistic,1,3,1,0,0,2,2.634839,113.000000,0.329355,31,0.608001,31,0,0,0,0.608001,0.608001,0.000000,0.000000,0.608001,0.026141,0,28,1,0,31,16,33,113.000000,71.000000,20.000000,0.321670,0.293128,0.319668,0.017660,0.025084,0.032624,0.032624,1,0,1,fixed,1,1,0,0,3.000000,4.000000
16,logistic,1,3,2,0,0,2,2.712487,113.000000,0.339061,31,0.608001,31,0,0,0,0.608001,0.608001,0.000000,0.000000,0.608001,0.026141,0,28,1,0,31,16,33,113.000000,71.000000,20.000000,0.321347,0.293128,0.329089,0.017660,0.025099,0.033099,0.033099,1,0,1,fixed,1,1,0,0,3.000000,4.000000
16,logistic,1,3,3,0,0,2,2.643600,113.000000,0.330450,31,0.608001,31,0,0,0,0.608001,0.608001,0.000000,0.000000,0.608001,0.026141,0,28,1,0,31,16,33,113.000000,71.000000,20.000000,0.321634,0.293128,0.320731,0.017660,0.025086,0.032679,0.032679,1,0,1,fixed,1,1,0,0,3.000000,4.000000
16,logistic,1,3,4,0,0,2,2.650324,113.000000,0.331291,31,0.608001,31,0,0,0,0.608001,0.608001,0.000000,0.000000,0.608001,0.026141,0,28,1,0,31,16,33,113.000000,71.000000,20.000000,0.321606,0.293128,0.321547,0.017660,0.025087,0.032721,0.032721,1,0,1,fixed,1,1,0,0,3.000000,4.000000
16,logistic,1,3,5,1,1,1,2.242410,71.000000,0.747470,16,0.608001,31,0,1,0,0.608001,0.608001,0.000000,0.000000,0.608001,0.026141,0,28,1,-1,31,16,33,113.000000,71.000000,20.000000,0.831622,0.836066,0.725486,0.008103,0.017660,0.022329,0.022329,1,0,1,fixed,1,1,0,0,3.000000,4.000000
16,logistic,1,3,6,2,2,3,0.000000,20.000000,5.000000,33,0.608001,31,0,2,0,0.608001,0.608001,0.000000,0.000000,0.608001,0.026141,0,28,1,1,31,16,33,113.000000,71.000000,20.000000,0.884956,1.408451,5.000000,-0.001486,0.009384,0.017660,0.009384,1,0,1,fixed,1,1,0,0,3.000000,4.000000
16,logistic,1,3,7,1,1,1,2.384083,71.000000,0.794694,16,0.608001,31,0,1,0,0.608001,0.608001,0.000000,0.000000,0.608001,0.026141,0,28,1,-1,31,16,33,113.000000,71.000000,20.000000,0.831622,0.832918,0.771321,0.008123,0.017660,0.022757,0.022757,1,0,1,fixed,1,1,0,0,3.000000,4.000000
16,logistic,1,3,8,2,2,4,0.000000,20.000000,2.000000,33,0.608001,31,0,2,0,0.608001,0.608001,0.000000,0.000000,0.608001,0.026141,0,28,1,-1,31,16,33,113.000000,71.000000,20.000000,0.353982,0.563380,2.000000,-0.007834,0.005761,0.017660,0.005761,1,0,1,fixed,1,1,0,0,3.000000,4.000000
16,logistic,1,3,9,0,0,2,2.650324,113.000000,0.331291,31,0.608001,31,0,0,0,0.608001,0.608001,0.000000,0.000000,0.608001,0.026141,0,28,1,0,31,16,33,113.000000,71.000000,20.000000,0.321606,0.293128,0.321547,0.017660,0.025087,0.032721,0.032721,1,0,1,fixed,1,1,0,0,3.000000,4.000000
16,logistic,1,3,10,2,2,4,0.000000,20.000000,2.000000,33,0.608001,31,0,2,0,0.608001,0.608001,0.000000,0.000000,0.608001,0.026141,0,28,1,-1,31,16,33,113.000000,71.000000,20.000000,0.353982,0.563380,2.000000,-0.007834,0.005761,0.017660,0.005761,1,0,1,fixed,1,1,0,0,3.000000,4.000000
16,logistic,1,3,11,1,1,1,2.911239,71.000000,0.970413,16,0.608001,31,0,1,0,0.608001,0.608001,0.000000,0.000000,0.608001,0.026141,0,28,1,-1,31,16,33,113.000000,71.000000,20.000000,0.831622,0.821204,0.941872,0.008199,0.017660,0.024007,0.024007,1,0,1,fixed,1,1,0,0,3.000000,4.000000
16,logistic,1,3,12,2,2,4,0.000000,20.000000,2.000000,33,0.608001,31,0,2,0,0.608001,0.608001,0.000000,0.000000,0.608001,0.026141,0,28,1,-1,31,16,33,113.000000,71.000000,20.000000,0.353982,0.563380,2.000000,-0.007834,0.005761,0.017660,0.005761,1,0,1,fixed,1,1,0,0,3.000000,4.000000
16,logistic,1,3,13,2,2,3,0.000000,20.000000,5.000000,33,0.608001,31,0,2,0,0.608001,0.608001,0.000000,0.000000,0.608001,0.026141,0,28,1,1,31,16,33,113.000000,71.000000,20.000000,0.884956,1.408451,5.000000,-0.001486,0.009384,0.017660,0.009384,1,0,1,fixed,1,1,0,0,3.000000,4.000000
16,logistic,1,3,14,0,0,2,2.643670,113.000000,0.330459,31,0.608001,31,0,0,0,0.608001,0.608001,0.000000,0.000000,0.608001,0.026141,0,28,1,0,31,16,33,113.000000,71.000000,20.000000,0.321634,0.293128,0.320739,0.017660,0.025086,0.032680,0.032680,1,0,1,fixed,1,1,0,0,3.000000,4.000000
16,logistic,1,3,15,2,2,4,0.000000,20.000000,2.000000,33,0.608001,31,0,2,0,0.608001,0.608001,0.000000,0.000000,0.608001,0.026141,0,28,1,-1,31,16,33,113.000000,71.000000,20.000000,0.353982,0.563380,2.000000,-0.007834,0.005761,0.017660,0.005761,1,0,1,fixed,1,1,0,0,3.000000,4.000000
16,logistic,1,3,16,2,2,3,0.000000,20.000000,5.000000,33,0.608001,31,0,2,0,0.608001,0.608001,0.000000,0.000000,0.608001,0.026141,0,28,1,1,31,16,33,113.000000,71.000000,20.000000,0.884956,1.408451,5.000000,-0.001486,0.009384,0.017660,0.009384,1,0,1,fixed,1,1,0,0,3.000000,4.000000
16,logistic,1,3,17,0,0,2,2.695047,113.000000,0.336881,31,0.608001,31,0,0,0,0.608001,0.608001,0.000000,0.000000,0.608001,0.026141,0,28,1,0,31,16,33,113.000000,71.000000,20.000000,0.321419,0.293128,0.326973,0.017660,0.025096,0.032995,0.032995,1,0,1,fixed,1,1,0,0,3.000000,4.000000
16,logistic,1,3,18,2,2,3,0.000000,20.000000,5.000000,33,0.608001,31,0,2,0,0.608001,0.608001,0.000000,0.000000,0.608001,0.026141,0,28,1,1,31,16,33,113.000000,71.000000,20.000000,0.884956,1.408451,5.000000,-0.001486,0.009384,0.017660,0.009384,1,0,1,fixed,1,1,0,0,3.000000,4.000000
16,logistic,1,3,19,2,2,4,0.000000,20.000000,2.000000,33,0.608001,31,0,2,0,0.608001,0.608001,0.000000,0.000000,0.608001,0.026141,0,28,1,-1,31,16,33,113.000000,71.000000,20.000000,0.353982,0.563380,2.000000,-0.007834,0.005761,0.017660,0.005761,1,0,1,fixed,1,1,0,0,3.000000,4.000000
16,logistic,1,3,20,0,0,2,2.694919,113.000000,0.336865,31,0.608001,31,0,0,0,0.608001,0.608001,0.000000,0.000000,0.608001,0.026141,0,28,1,0,31,16,33,113.000000,71.000000,20.000000,0.321420,0.293128,0.326957,0.017660,0.025096,0.032994,0.032994,1,0,1,fixed,1,1,0,0,3.000000,4.000000
16,logistic,1,3,21,1,1,1,2.547329,71.000000,0.849110,16,0.608001,31,0,1,0,0.608001,0.608001,0.000000,0.000000,0.608001,0.026141,0,28,1,-1,31,16,33,113.000000,71.000000,20.000000,0.831622,0.829290,0.824136,0.008147,0.017660,0.023195,0.023195,1,0,1,fixed,1,1,0,0,3.000000,4.000000
16,logistic,1,3,22,2,2,4,0.000000,20.000000,2.000000,33,0.608001,31,0,2,0,0.608001,0.608001,0.000000,0.000000,0.608001,0.026141,0,28,1,-1,31,16,33,113.000000,71.000000,20.000000,0.353982,0.563380,2.000000,-0.007834,0.005761,0.017660,0.005761,1,0,1,fixed,1,1,0,0,3.000000,4.000000
16,logistic,1,3,23,1,1,1,2.237145,71.000000,0.745715,16,0.608001,31,0,1,0,0.608001,0.608001,0.000000,0.000000,0.608001,0.026141,0,28,1,-1,31,16,33,113.000000,71.000000,20.000000,0.831622,0.836183,0.723782,0.008102,0.017660,0.022312,0.022312,1,0,1,fixed,1,1,0,0,3.000000,4.000000
16,logistic,1,3,24,0,0,2,2.644770,113.000000,0.330596,31,0.608001,31,0,0,0,0.608001,0.608001,0.000000,0.000000,0.608001,0.026141,0,28,1,0,31,16,33,113.000000,71.000000,20.000000,0.321629,0.293128,0.320873,0.017660,0.025086,0.032686,0.032686,1,0,1,fixed,1,1,0,0,3.000000,4.000000
16,logistic,1,3,25,0,0,2,2.644805,113.000000,0.330601,31,0.608001,31,0,0,0,0.608001,0.608001,0.000000,0.000000,0.608001,0.026141,0,28,1,0,31,16,33,113.000000,71.000000,20.000000,0.321629,0.293128,0.320877,0.017660,0.025086,0.032687,0.032687,1,0,1,fixed,1,1,0,0,3.000000,4.000000
16,logistic,1,3,26,2,2,3,0.000000,20.000000,5.000000,33,0.608001,31,0,2,0,0.608001,0.608001,0.000000,0.000000,0.608001,0.026141,0,28,1,1,31,16,33,113.000000,71.000000,20.000000,0.884956,1.408451,5.000000,-0.001486,0.009384,0.017660,0.009384,1,0,1,fixed,1,1,0,0,3.000000,4.000000
16,logistic,1,3,27,2,2,4,0.000000,20.000000,2.000000,33,0.608001,31,0,2,0,0.608001,0.608001,0.000000,0.000000,0.608001,0.026141,0,28,1,-1,31,16,33,113.000000,71.000000,20.000000,0.353982,0.563380,2.000000,-0.007834,0.005761,0.017660,0.005761,1,0,1,fixed,1,1,0,0,3.000000,4.000000
16,logistic,1,3,28,1,1,1,2.791605,71.000000,0.930535,16,0.608001,31,0,1,0,0.608001,0.608001,0.000000,0.000000,0.608001,0.026141,0,28,1,-1,31,16,33,113.000000,71.000000,20.000000,0.831622,0.823862,0.903166,0.008182,0.017660,0.023761,0.023761,1,0,1,fixed,1,1,0,0,3.000000,4.000000
16,logistic,1,3,29,2,2,3,0.000000,20.000000,5.000000,33,0.608001,31,0,2,0,0.608001,0.608001,0.000000,0.000000,0.608001,0.026141,0,28,1,1,31,16,33,113.000000,71.000000,20.000000,0.884956,1.408451,5.000000,-0.001486,0.009384,0.017660,0.009384,1,0,1,fixed,1,1,0,0,3.000000,4.000000
16,logistic,1,3,30,2,2,4,0.000000,20.000000,2.000000,33,0.608001,31,0,2,0,0.608001,0.608001,0.000000,0.000000,0.608001,0.026141,0,28,1,-1,31,16,33,113.000000,71.000000,20.000000,0.353982,0.563380,2.000000,-0.007834,0.005761,0.017660,0.005761,1,0,1,fixed,1,1,0,0,3.000000,4.000000
16,logistic,1,3,31,1,1,1,2.495327,71.000000,0.831776,16,0.608001,31,0,1,0,0.608001,0.608001,0.000000,0.000000,0.608001,0.026141,0,28,1,-1,31,16,33,113.000000,71.000000,20.000000,0.831622,0.830446,0.807312,0.008139,0.017660,0.023061,0.023061,1,0,1,fixed,1,1,0,0,3.000000,4.000000
16,logistic,1,3,32,0,0,2,2.644858,113.000000,0.330607,31,0.608001,31,0,0,0,0.608001,0.608001,0.000000,0.000000,0.608001,0.026141,0,28,1,0,31,16,33,113.000000,71.000000,20.000000,0.321629,0.293128,0.320884,0.017660,0.025086,0.032687,0.032687,1,0,1,fixed,1,1,0,0,3.000000,4.000000
16,logistic,1,3,33,0,0,2,2.643713,113.000000,0.330464,31,0.608001,31,0,0,0,0.608001,0.608001,0.000000,0.000000,0.608001,0.026141,0,28,1,0,31,16,33,113.000000,71.000000,20.000000,0.321633,0.293128,0.320745,0.017660,0.025086,0.032680,0.032680,1,0,1,fixed,1,1,0,0,3.000000,4.000000
16,logistic,1,3,34,0,0,2,0.994537,113.000000,0.124317,31,0.608001,31,1,0,0,0.608001,0.608001,0.000000,0.000000,0.608001,0.026141,0,28,1,0,31,16,33,113.000000,71.000000,20.000000,0.328505,0.293128,0.120661,0.017660,0.024771,0.006910,0.024771,1,0,1,fixed,1,1,0,0,3.000000,4.000000
16,logistic,1,3,35,0,0,2,2.694978,113.000000,0.336872,31,0.608001,31,0,0,0,0.608001,0.608001,0.000000,0.000000,0.608001,0.026141,0,28,1,0,31,16,33,113.000000,71.000000,20.000000,0.321420,0.293128,0.326964,0.017660,0.025096,0.032995,0.032995,1,0,1,fixed,1,1,0,0,3.000000,4.000000
16,logistic,1,3,36,0,0,2,2.649108,113.000000,0.331138,31,0.608001,31,0,0,0,0.608001,0.608001,0.000000,0.000000,0.608001,0.026141,0,28,1,0,31,16,33,113.000000,71.000000,20.000000,0.321611,0.293128,0.321399,0.017660,0.025087,0.032713,0.032713,1,0,1,fixed,1,1,0,0,3.000000,4.000000
16,logistic,1,3,37,2,2,4,0.000000,20.000000,2.000000,33,0.608001,31,0,2,0,0.608001,0.608001,0.000000,0.000000,0.608001,0.026141,0,28,1,-1,31,16,33,113.000000,71.000000,20.000000,0.353982,0.563380,2.000000,-0.007834,0.005761,0.017660,0.005761,1,0,1,fixed,1,1,0,0,3.000000,4.000000
16,logistic,1,3,38,2,2,4,0.000000,20.000000,2.000000,33,0.608001,31,0,2,0,0.608001,0.608001,0.000000,0.000000,0.608001,0.026141,0,28,1,-1,31,16,33,113.000000,71.000000,20.000000,0.353982,0.563380,2.000000,-0.007834,0.005761,0.017660,0.005761,1,0,1,fixed,1,1,0,0,3.000000,4.000000
16,logistic,1,3,39,1,1,1,2.516098,71.000000,0.838699,16,0.608001,31,0,1,0,0.608001,0.608001,0.000000,0.000000,0.608001,0.026141,0,28,1,-1,31,16,33,113.000000,71.000000,20.000000,0.831622,0.829985,0.814032,0.008142,0.017660,0.023115,0.023115,1,0,1,fixed,1,1,0,0,3.000000,4.000000
16,logistic,1,3,40,1,1,1,2.527647,71.000000,0.842549,16,0.608001,31,0,1,0,0.608001,0.608001,0.000000,0.000000,0.608001,0.026141,0,28,1,-1,31,16,33,113.000000,71.000000,20.000000,0.831622,0.829728,0.817768,0.008144,0.017660,0.023145,0.023145,1,0,1,fixed,1,1,0,0,3.000000,4.000000
16,logistic,1,3,41,1,1,1,2.361770,71.000000,0.787257,16,0.608001,31,0,1,0,0.608001,0.608001,0.000000,0.000000,0.608001,0.026141,0,28,1,-1,31,16,33,113.000000,71.000000,20.000000,0.831622,0.833414,0.764102,0.008120,0.017660,0.022693,0.022693,1,0,1,fixed,1,1,0,0,3.000000,4.000000
16,logistic,1,3,42,0,0,2,2.643688,113.000000,0.330461,31,0.608001,31,0,0,0,0.608001,0.608001,0.000000,0.000000,0.608001,0.026141,0,28,1,0,31,16,33,113.000000,71.000000,20.000000,0.321633,0.293128,0.320742,0.017660,0.025086,0.032680,0.032680,1,0,1,fixed,1,1,0,0,3.000000,4.000000
16,logistic,1,3,43,2,2,3,0.000000,20.000000,5.000000,33,0.608001,31,0,2,0,0.608001,0.608001,0.000000,0.000000,0.608001,0.026141,0,28,1,1,31,16,33,113.000000,71.000000,20.000000,0.884956,1.408451,5.000000,-0.001486,0.009384,0.017660,0.009384,1,0,1,fixed,1,1,0,0,3.000000,4.000000
16,logistic,1,3,44,0,0,2,2.643642,113.000000,0.330455,31,0.608001,31,0,0,0,0.608001,0.608001,0.000000,0.000000,0.608001,0.026141,0,28,1,0,31,16,33,113.000000,71.000000,20.000000,0.321634,0.293128,0.320736,0.017660,0.025086,0.032679,0.032679,1,0,1,fixed,1,1,0,0,3.000000,4.000000
16,logistic,1,3,45,2,2,3,0.000000,20.000000,5.000000,33,0.608001,31,0,2,0,0.608001,0.608001,0.000000,0.000000,0.608001,0.026141,0,28,1,1,31,16,33,113.000000,71.000000,20.000000,0.884956,1.408451,5.000000,-0.001486,0.009384,0.017660,0.009384,1,0,1,fixed,1,1,0,0,3.000000,4.000000
16,logistic,1,3,46,2,2,4,0.000000,20.000000,2.000000,33,0.608001,31,0,2,0,0.608001,0.608001,0.000000,0.000000,0.608001,0.026141,0,28,1,-1,31,16,33,113.000000,71.000000,20.000000,0.353982,0.563380,2.000000,-0.007834,0.005761,0.017660,0.005761,1,0,1,fixed,1,1,0,0,3.000000,4.000000
16,logistic,1,3,47,1,1,1,2.619894,71.000000,0.873298,16,0.608001,31,0,1,0,0.608001,0.608001,0.000000,0.000000,0.608001,0.026141,0,28,1,-1,31,16,33,113.000000,71.000000,20.000000,0.831622,0.827678,0.847613,0.008157,0.017660,0.023373,0.023373,1,0,1,fixed,1,1,0,0,3.000000,4.000000
16,logistic,1,3,48,2,2,4,0.000000,20.000000,2.000000,33,0.608001,31,0,2,0,0.608001,0.608001,0.000000,0.000000,0.608001,0.026141,0,28,1,-1,31,16,33,113.000000,71.000000,20.000000,0.353982,0.563380,2.000000,-0.007834,0.005761,0.017660,0.005761,1,0,1,fixed,1,1,0,0,3.000000,4.000000
16,logistic,1,3,49,2,2,4,0.000000,20.000000,2.000000,33,0.608001,31,0,2,0,0.608001,0.608001,0.000000,0.000000,0.608001,0.026141,0,28,1,-1,31,16,33,113.000000,71.000000,20.000000,0.353982,0.563380,2.000000,-0.007834,0.005761,0.017660,0.005761,1,0,1,fixed,1,1,0,0,3.000000,4.000000
16,logistic,1,3,50,2,2,3,0.000000,20.000000,5.000000,33,0.608001,31,0,2,0,0.608001,0.608001,0.000000,0.000000,0.608001,0.026141,0,28,1,1,31,16,33,113.000000,71.000000,20.000000,0.884956,1.408451,5.000000,-0.001486,0.009384,0.017660,0.009384,1,0,1,fixed,1,1,0,0,3.000000,4.000000
16,logistic,1,3,51,0,0,2,2.669857,113.000000,0.333732,31,0.608001,31,0,0,0,0.608001,0.608001,0.000000,0.000000,0.608001,0.026141,0,28,1,0,31,16,33,113.000000,71.000000,20.000000,0.321524,0.293128,0.323916,0.017660,0.025091,0.032842,0.032842,1,0,1,fixed,1,1,0,0,3.000000,4.000000
16,logistic,1,3,52,2,2,3,0.000000,20.000000,5.000000,33,0.608001,31,0,2,0,0.608001,0.608001,0.000000,0.000000,0.608001,0.026141,0,28,1,1,31,16,33,113.000000,71.000000,20.000000,0.884956,1.408451,5.000000,-0.001486,0.009384,0.017660,0.009384,1,0,1,fixed,1,1,0,0,3.000000,4.000000
16,logistic,1,3,53,0,0,2,2.695048,113.000000,0.336881,31,0.608001,31,0,0,0,0.608001,0.608001,0.000000,0.000000,0.608001,0.026141,0,28,1,0,31,16,33,113.000000,71.000000,20.000000,0.321419,0.293128,0.326973,0.017660,0.025096,0.032995,0.032995,1,0,1,fixed,1,1,0,0,3.000000,4.000000
16,logistic,1,3,54,0,0,2,2.669863,113.000000,0.333733,31,0.608001,31,0,0,0,0.608001,0.608001,0.000000,0.000000,0.608001,0.026141,0,28,1,0,31,16,33,113.000000,71.000000,20.000000,0.321524,0.293128,0.323917,0.017660,0.025091,0.032842,0.032842,1,0,1,fixed,1,1,0,0,3.000000,4.000000
16,logistic,1,3,55,0,0,2,1.733313,113.000000,0.216664,31,0.608001,31,0,0,0,0.608001,0.608001,0.000000,0.000000,0.608001,0.026141,0,28,1,0,31,16,33,113.000000,71.000000,20.000000,0.325427,0.293128,0.210292,0.017660,0.024910,0.024211,0.024910,1,0,1,fixed,1,1,0,0,3.000000,4.000000
16,logistic,1,3,56,0,0,2,2.669850,113.000000,0.333731,31,0.608001,31,0,0,0,0.608001,0.608001,0.000000,0.000000,0.608001,0.026141,0,28,1,0,31,16,33,113.000000,71.000000,20.000000,0.321524,0.293128,0.323916,0.017660,0.025091,0.032842,0.032842,1,0,1,fixed,1,1,0,0,3.000000,4.000000
16,logistic,1,3,57,2,2,3,0.000000,20.000000,5.000000,33,0.608001,31,0,2,0,0.608001,0.608001,0.000000,0.000000,0.608001,0.026141,0,28,1,1,31,16,33,113.000000,71.000000,20.000000,0.884956,1.408451,5.000000,-0.001486,0.009384,0.017660,0.009384,1,0,1,fixed,1,1,0,0,3.000000,4.000000
16,logistic,1,3,58,1,1,1,2.499545,71.000000,0.833182,16,0.608001,31,0,1,0,0.608001,0.608001,0.000000,0.000000,0.608001,0.026141,0,28,1,-1,31,16,33,113.000000,71.000000,20.000000,0.831622,0.830352,0.808676,0.008140,0.017660,0.023072,0.023072,1,0,1,fixed,1,1,0,0,3.000000,4.000000
16,logistic,1,3,59,0,0,2,2.630561,113.000000,0.328820,31,0.608001,31,0,0,0,0.608001,0.608001,0.000000,0.000000,0.608001,0.026141,0,28,1,0,31,16,33,113.000000,71.000000,20.000000,0.321688,0.293128,0.319149,0.017660,0.025083,0.032597,0.032597,1,0,1,fixed,1,1,0,0,3.000000,4.000000
16,logistic,1,3,60,1,1,1,2.309552,71.000000,0.769851,16,0.608001,31,0,1,0,0.608001,0.608001,0.000000,0.000000,0.608001,0.026141,0,28,1,-1,31,16,33,113.000000,71.000000,20.000000,0.831622,0.834574,0.747208,0.008113,0.017660,0.022538,0.022538,1,0,1,fixed,1,1,0,0,3.000000,4.000000
16,logistic,1,3,61,0,0,2,2.631643,113.000000,0.328955,31,0.608001,31,0,0,0,0.608001,0.608001,0.000000,0.000000,0.608001,0.026141,0,28,1,0,31,16,33,113.000000,71.000000,20.000000,0.321684,0.293128,0.319280,0.017660,0.025083,0.032604,0.032604,1,0,1,fixed,1,1,0,0,3.000000,4.000000
16,logistic,1,3,62,2,2,4,0.000000,20.000000,2.000000,33,0.608001,31,0,2,0,0.608001,0.608001,0.000000,0.000000,0.608001,0.026141,0,28,1,-1,31,16,33,113.000000,71.000000,20.000000,0.353982,0.563380,2.000000,-0.007834,0.005761,0.017660,0.005761,1,0,1,fixed,1,1,0,0,3.000000,4.000000
16,logistic,1,3,63,0,0,2,2.695037,113.000000,0.336880,31,0.608001,31,0,0,0,0.608001,0.608001,0.000000,0.000000,0.608001,0.026141,0,28,1,0,31,16,33,113.000000,71.000000,20.000000,0.321420,0.293128,0.326971,0.017660,0.025096,0.032995,0.032995,1,0,1,fixed,1,1,0,0,3.000000,4.000000
16,logistic,1,3,64,2,2,4,0.000000,20.000000,2.000000,33,0.608001,31,0,2,0,0.608001,0.608001,0.000000,0.000000,0.608001,0.026141,0,28,1,-1,31,16,33,113.000000,71.000000,20.000000,0.353982,0.563380,2.000000,-0.007834,0.005761,0.017660,0.005761,1,0,1,fixed,1,1,0,0,3.000000,4.000000
16,logistic,1,3,65,0,0,2,2.668822,113.000000,0.333603,31,0.608001,31,0,0,0,0.608001,0.608001,0.000000,0.000000,0.608001,0.026141,0,28,1,0,31,16,33,113.000000,71.000000,20.000000,0.321529,0.293128,0.323791,0.017660,0.025091,0.032835,0.032835,1,0,1,fixed,1,1,0,0,3.000000,4.000000
16,logistic,1,3,66,0,0,2,2.631590,113.000000,0.328949,31,0.608001,31,0,0,0,0.608001,0.608001,0.000000,0.000000,0.608001,0.026141,0,28,1,0,31,16,33,113.000000,71.000000,20.000000,0.321684,0.293128,0.319274,0.017660,0.025083,0.032604,0.032604,1,0,1,fixed,1,1,0,0,3.000000,4.000000
16,logistic,1,3,67,1,1,1,2.377974,71.000000,0.792658,16,0.608001,31,0,1,0,0.608001,0.608001,0.000000,0.000000,0.608001,0.026141,0,28,1,-1,31,16,33,113.000000,71.000000,20.000000,0.831622,0.833054,0.769345,0.008122,0.017660,0.022739,0.022739,1,0,1,fixed,1,1,0,0,3.000000,4.000000
16,logistic,1,3,68,0,0,2,2.643653,113.000000,0.330457,31,0.608001,31,0,0,0,0.608001,0.608001,0.000000,0.000000,0.608001,0.026141,0,28,1,0,31,16,33,113.000000,71.000000,20.000000,0.321634,0.293128,0.320737,0.017660,0.025086,0.032679,0.032679,1,0,1,fixed,1,1,0,0,3.000000,4.000000
16,logistic,1,3,69,2,2,3,0.000000,20.000000,5.000000,33,0.608001,31,0,2,0,0.608001,0.608001,0.000000,0.000000,0.608001,0.026141,0,28,1,1,31,16,33,113.000000,71.000000,20.000000,0.884956,1.408451,5.000000,-0.001486,0.009384,0.017660,0.009384,1,0,1,fixed,1,1,0,0,3.000000,4.000000
16,logistic,1,3,70,2,2,4,0.000000,20.000000,2.000000,33,0.608001,31,0,2,0,0.608001,0.608001,0.000000,0.000000,0.608001,0.026141,0,28,1,-1,31,16,33,113.000000,71.000000,20.000000,0.353982,0.563380,2.000000,-0.007834,0.005761,0.017660,0.005761,1,0,1,fixed,1,1,0,0,3.000000,4.000000
16,logistic,1,3,71,2,2,4,0.000000,20.000000,2.000000,33,0.608001,31,0,2,0,0.608001,0.608001,0.000000,0.000000,0.608001,0.026141,0,28,1,-1,31,16,33,113.000000,71.000000,20.000000,0.353982,0.563380,2.000000,-0.007834,0.005761,0.017660,0.005761,1,0,1,fixed,1,1,0,0,3.000000,4.000000
16,logistic,1,3,72,0,0,2,2.631566,113.000000,0.328946,31,0.608001,31,0,0,0,0.608001,0.608001,0.000000,0.000000,0.608001,0.026141,0,28,1,0,31,16,33,113.000000,71.000000,20.000000,0.321684,0.293128,0.319271,0.017660,0.025083,0.032604,0.032604,1,0,1,fixed,1,1,0,0,3.000000,4.000000
16,logistic,1,3,73,2,2,4,0.000000,20.000000,2.000000,33,0.608001,31,0,2,0,0.608001,0.608001,0.000000,0.000000,0.608001,0.026141,0,28,1,-1,31,16,33,113.000000,71.000000,20.000000,0.353982,0.563380,2.000000,-0.007834,0.005761,0.017660,0.005761,1,0,1,fixed,1,1,0,0,3.000000,4.000000
16,logistic,1,3,74,1,1,1,2.587516,71.000000,0.862505,16,0.608001,31,0,1,0,0.608001,0.608001,0.000000,0.000000,0.608001,0.026141,0,28,1,-1,31,16,33,113.000000,71.000000,20.000000,0.831622,0.828397,0.837137,0.008152,0.017660,0.023295,0.023295,1,0,1,fixed,1,1,0,0,3.000000,4.000000
16,logistic,1,3,75,1,1,1,2.456266,71.000000,0.818755,16,0.608001,31,0,1,0,0.608001,0.608001,0.000000,0.000000,0.608001,0.026141,0,28,1,-1,31,16,33,113.000000,71.000000,20.000000,0.831622,0.831314,0.794674,0.008133,0.017660,0.022957,0.022957,1,0,1,fixed,1,1,0,0,3.000000,4.000000
16,logistic,1,3,76,2,2,3,0.000000,20.000000,5.000000,33,0.608001,31,0,2,0,0.608001,0.608001,0.000000,0.000000,0.608001,0.026141,0,28,1,1,31,16,33,113.000000,71.000000,20.000000,0.884956,1.408451,5.000000,-0.001486,0.009384,0.017660,0.009384,1,0,1,fixed,1,1,0,0,3.000000,4.000000
16,logistic,1,3,77,2,2,3,0.000000,20.000000,5.000000,33,0.608001,31,0,2,0,0.608001,0.608001,0.000000,0.000000,0.608001,0.026141,0,28,1,1,31,16,33,113.000000,71.000000,20.000000,0.884956,1.408451,5.000000,-0.001486,0.009384,0.017660,0.009384,1,0,1,fixed,1,1,0,0,3.000000,4.000000
16,logistic,1,3,78,0,0,2,2.667824,113.000000,0.333478,31,0.608001,31,0,0,0,0.608001,0.608001,0.000000,0.000000,0.608001,0.026141,0,28,1,0,31,16,33,113.000000,71.000000,20.000000,0.321533,0.293128,0.323670,0.017660,0.025090,0.032829,0.032829,1,0,1,fixed,1,1,0,0,3.000000,4.000000
16,logistic,1,3,79,0,0,2,2.667788,113.000000,0.333474,31,0.608001,31,0,0,0,0.608001,0.608001,0.000000,0.000000,0.608001,0.026141,0,28,1,0,31,16,33,113.000000,71.000000,20.000000,0.321533,0.293128,0.323665,0.017660,0.025090,0.032829,0.032829,1,0,1,fixed,1,1,0,0,3.000000,4.000000
16,logistic,1,3,80,2,2,4,0.000000,20.000000,2.000000,33,0.608001,31,0,2,0,0.608001,0.608001,0.000000,0.000000,0.608001,0.026141,0,28,1,-1,31,16,33,113.000000,71.000000,20.000000,0.353982,0.563380,2.000000,-0.007834,0.005761,0.017660,0.005761,1,0,1,fixed,1,1,0,0,3.000000,4.000000
16,logistic,1,4,1,0,0,2,2.698322,113.000000,0.337290,31,0.610344,31,0,0,0,0.610344,0.610344,0.000000,0.000000,0.610344,0.002343,0,23,1,0,31,16,33,113.000000,71.000000,19.166700,0.321418,0.292931,0.327370,0.017788,0.025266,0.033264,0.033264,1,0,1,fixed,1,1,0,0,3.000000,4.000000
16,logistic,1,4,2,0,0,2,2.687458,113.000000,0.335932,31,0.610344,31,0,0,0,0.610344,0.610344,0.000000,0.000000,0.610344,0.002343,0,23,1,0,31,16,33,113.000000,71.000000,19.166700,0.321463,0.292931,0.326052,0.017788,0.025264,0.033198,0.033198,1,0,1,fixed,1,1,0,0,3.000000,4.000000
16,logistic,1,4,3,0,0,2,2.615231,113.000000,0.326904,31,0.610344,31,0,0,0,0.610344,0.610344,0.000000,0.000000,0.610344,0.002343,0,23,1,0,31,16,33,113.000000,71.000000,19.166700,0.321764,0.292931,0.317289,0.017788,0.025250,0.032745,0.032745,1,0,1,fixed,1,1,0,0,3.000000,4.000000
16,logistic,1,4,4,0,0,2,2.702835,113.000000,0.337854,31,0.610344,31,0,0,0,0.610344,0.610344,0.000000,0.000000,0.610344,0.002343,0,23,1,0,31,16,33,113.000000,71.000000,19.166700,0.321399,0.292931,0.327918,0.017788,0.025267,0.033291,0.033291,1,0,1,fixed,1,1,0,0,3.000000,4.000000
16,logistic,1,4,5,1,1,1,2.742708,71.000000,0.914236,16,0.610344,31,0,1,0,0.610344,0.610344,0.000000,0.000000,0.610344,0.002343,0,23,1,-1,31,16,33,113.000000,71.000000,19.166700,0.831652,0.824352,0.887347,0.008236,0.017788,0.023839,0.023839,1,0,1,fixed,1,1,0,0,3.000000,4.000000
16,logistic,1,4,6,2,2,3,0.000000,19.166700,5.217382,33,0.610344,31,0,2,0,0.610344,0.610344,0.000000,0.000000,0.610344,0.002343,0,23,1,1,31,16,33,113.000000,71.000000,19.166700,0.884956,1.408451,5.217382,-0.001546,0.009403,0.017788,0.009403,1,0,1,fixed,1,1,0,0,3.000000,4.000000
16,logistic,1,4,7,1,1,1,2.457434,71.000000,0.819145,16,0.610344,31,0,1,0,0.610344,0.610344,0.000000,0.000000,0.610344,0.002343,0,23,1,-1,31,16,33,113.000000,71.000000,19.166700,0.831652,0.830692,0.795052,0.008195,0.017788,0.023138,0.023138,1,0,1,fixed,1,1,0,0,3.000000,4.000000
16,logistic,1,4,8,2,2,4,0.000000,19.166700,2.086953,33,0.610344,31,0,2,0,0.610344,0.610344,0.000000,0.000000,0.610344,0.002343,0,23,1,-1,31,16,33,113.000000,71.000000,19.166700,0.353982,0.563380,2.086953,-0.007998,0.005692,0.017788,0.005692,1,0,1,fixed,1,1,0,0,3.000000,4.000000
16,logistic,1,4,9,0,0,2,2.699573,113.000000,0.337447,31,0.610344,31,0,0,0,0.610344,0.610344,0.000000,0.000000,0.610344,0.002343,0,23,1,0,31,16,33,113.000000,71.000000,19.166700,0.321413,0.292931,0.327522,0.017788,0.025267,0.033272,0.033272,1,0,1,fixed,1,1,0,0,3.000000,4.000000
16,logistic,1,4,10,2,2,4,0.000000,19.166700,2.086953,33,0.610344,31,0,2,0,0.610344,0.610344,0.000000,0.000000,0.610344,0.002343,0,23,1,-1,31,16,33,113.000000,71.000000,19.166700,0.353982,0.563380,2.086953,-0.007998,0.005692,0.017788,0.005692,1,0,1,fixed,1,1,0,0,3.000000,4.000000
16,logistic,1,4,11,1,1,1,2.443906,71.000000,0.814635,16,0.610344,31,0,1,0,0.610344,0.610344,0.000000,0.000000,0.610344,0.002343,0,23,1,-1,31,16,33,113.000000,71.000000,19.166700,0.831652,0.830992,0.790676,0.008193,0.017788,0.023101,0.023101,1,0,1,fixed,1,1,0,0,3.000000,4.000000
16,logistic,1,4,12,2,2,4,0.000000,19.166700,2.086953,33,0.610344,31,0,2,0,0.610344,0.610344,0.000000,0.000000,0.610344,0.002343,0,23,1,-1,31,16,33,113.000000,71.000000,19.166700,0.353982,0.563380,2.086953,-0.007998,0.005692,0.017788,0.005692,1,0,1,fixed,1,1,0,0,3.000000,4.000000
16,logistic,1,4,13,2,2,3,0.000000,19.166700,5.217382,33,0.610344,31,0,2,0,0.610344,0.610344,0.000000,0.000000,0.610344,0.002343,0,23,1,1,31,16,33,113.000000,71.000000,19.166700,0.884956,1.408451,5.217382,-0.001546,0.009403,0.017788,0.009403,1,0,1,fixed,1,1,0,0,3.000000,4.000000
16,logistic,1,4,14,0,0,2,2.615272,113.000000,0.326909,31,0.610344,31,0,0,0,0.610344,0.610344,0.000000,0.000000,0.610344,0.002343,0,23,1,0,31,16,33,113.000000,71.000000,19.166700,0.321764,0.292931,0.317294,0.017788,0.025250,0.032745,0.032745,1,0,1,fixed,1,1,0,0,3.000000,4.000000
16,logistic,1,4,15,2,2,4,0.000000,19.166700,2.086953,33,0.610344,31,0,2,0,0.610344,0.610344,0.000000,0.000000,0.610344,0.002343,0,23,1,-1,31,16,33,113.000000,71.000000,19.166700,0.353982,0.563380,2.086953,-0.007998,0.005692,0.017788,0.005692,1,0,1,fixed,1,1,0,0,3.000000,4.000000
16,logistic,1,4,16,2,2,3,0.000000,19.166700,5.217382,33,0.610344,31,0,2,0,0.610344,0.610344,0.000000,0.000000,0.610344,0.002343,0,23,1,1,31,16,33,113.000000,71.000000,19.166700,0.884956,1.408451,5.217382,-0.001546,0.009403,0.017788,0.009403,1,0,1,fixed,1,1,0,0,3.000000,4.000000
16,logistic,1,4,17,0,0,2,2.702729,113.000000,0.337841,31,0.610344,31,0,0,0,0.610344,0.610344,0.000000,0.000000,0.610344,0.002343,0,23,1,0,31,16,33,113.000000,71.000000,19.166700,0.321399,0.292931,0.327905,0.017788,0.025267,0.033291,0.033291,1,0,1,fixed,1,1,0,0,3.000000,4.000000
16,logistic,1,4,18,2,2,3,0.000000,19.166700,5.217382,33,0.610344,31,0,2,0,0.610344,0.610344,0.000000,0.000000,0.610344,0.002343,0,23,1,1,31,16,33,113.000000,71.000000,19.166700,0.884956,1.408451,5.217382,-0.001546,0.009403,0.017788,0.009403,1,0,1,fixed,1,1,0,0,3.000000,4.000000
16,logistic,1,4,19,2,2,4,0.000000,19.166700,2.086953,33,0.610344,31,0,2,0,0.610344,0.610344,0.000000,0.000000,0.610344,0.002343,0,23,1,-1,31,16,33,113.000000,71.000000,19.166700,0.353982,0.563380,2.086953,-0.007998,0.005692,0.017788,0.005692,1,0,1,fixed,1,1,0,0,3.000000,4.000000
16,logistic,1,4,20,0,0,2,2.699502,113.000000,0.337438,31,0.610344,31,0,0,0,0.610344,0.610344,0.000000,0.000000,0.610344,0.002343,0,23,1,0,31,16,33,113.000000,71.000000,19.166700,0.321413,0.292931,0.327513,0.017788,0.025267,0.033271,0.033271,1,0,1,fixed,1,1,0,0,3.000000,4.000000
16,logistic,1,4,21,1,1,1,2.634597,71.000000,0.878199,16,0.610344,31,0,1,0,0.610344,0.610344,0.000000,0.000000,0.610344,0.002343,0,23,1,-1,31,16,33,113.000000,71.000000,19.166700,0.831652,0.826755,0.852370,0.008220,0.017788,0.023590,0.023590,1,0,1,fixed,1,1,0,0,3.000000,4.000000
16,logistic,1,4,22,2,2,4,0.000000,19.166700,2.086953,33,0.610344,31,0,2,0,0.610344,0.610344,0.000000,0.000000,0.610344,0.002343,0,23,1,-1,31,16,33,113.000000,71.000000,19.166700,0.353982,0.563380,2.086953,-0.007998,0.005692,0.017788,0.005692,1,0,1,fixed,1,1,0,0,3.000000,4.000000
16,logistic,1,4,23,1,1,1,2.671842,71.000000,0.890614,16,0.610344,31,0,1,0,0.610344,0.610344,0.000000,0.000000,0.610344,0.002343,0,23,1,-1,31,16,33,113.000000,71.000000,19.166700,0.831652,0.825927,0.864419,0.008226,0.017788,0.023678,0.023678,1,0,1,fixed,1,1,0,0,3.000000,4.000000
16,logistic,1,4,24,0,0,2,2.616352,113.000000,0.327044,31,0.610344,31,0,0,0,0.610344,0.610344,0.000000,0.000000,0.610344,0.002343,0,23,1,0,31,16,33,113.000000,71.000000,19.166700,0.321759,0.292931,0.317425,0.017788,0.025250,0.032752,0.032752,1,0,1,fixed,1,1,0,0,3.000000,4.000000
16,logistic,1,4,25,0,0,2,2.617446,113.000000,0.327181,31,0.610344,31,0,0,0,0.610344,0.610344,0.000000,0.000000,0.610344,0.002343,0,23,1,0,31,16,33,113.000000,71.000000,19.166700,0.321755,0.292931,0.317558,0.017788,0.025250,0.032759,0.032759,1,0,1,fixed,1,1,0,0,3.000000,4.000000
16,logistic,1,4,26,2,2,3,0.000000,19.166700,5.217382,33,0.610344,31,0,2,0,0.610344,0.610344,0.000000,0.000000,0.610344,0.002343,0,23,1,1,31,16,33,113.000000,71.000000,19.166700,0.884956,1.408451,5.217382,-0.001546,0.009403,0.017788,0.009403,1,0,1,fixed,1,1,0,0,3.000000,4.000000
16,logistic,1,4,27,2,2,4,0.000000,19.166700,2.086953,33,0.610344,31,0,2,0,0.610344,0.610344,0.000000,0.000000,0.610344,0.002343,0,23,1,-1,31,16,33,113.000000,71.000000,19.166700,0.353982,0.563380,2.086953,-0.007998,0.005692,0.017788,0.005692,1,0,1,fixed,1,1,0,0,3.000000,4.000000
16,logistic,1,4,28,1,1,1,2.032241,71.000000,0.677414,16,0.610344,31,0,1,0,0.610344,0.610344,0.000000,0.000000,0.610344,0.002343,0,23,1,-1,31,16,33,113.000000,71.000000,19.166700,0.831652,0.840140,0.657490,0.008134,0.017788,0.021757,0.021757,1,0,1,fixed,1,1,0,0,3.000000,4.000000
16,logistic,1,4,29,2,2,3,0.000000,19.166700,5.217382,33,0.610344,31,0,2,0,0.610344,0.610344,0.000000,0.000000,0.610344,0.002343,0,23,1,1,31,16,33,113.000000,71.000000,19.166700,0.884956,1.408451,5.217382,-0.001546,0.009403,0.017788,0.009403,1,0,1,fixed,1,1,0,0,3.000000,4.000000
16,logistic,1,4,30,2,2,4,0.000000,19.166700,2.086953,33,0.610344,31,0,2,0,0.610344,0.610344,0.000000,0.000000,0.610344,0.002343,0,23,1,-1,31,16,33,113.000000,71.000000,19.166700,0.353982,0.563380,2.086953,-0.007998,0.005692,0.017788,0.005692,1,0,1,fixed,1,1,0,0,3.000000,4.000000
16,logistic,1,4,31,1,1,1,2.580168,71.000000,0.860056,16,0.610344,31,0,1,0,0.610344,0.610344,0.000000,0.000000,0.610344,0.002343,0,23,1,-1,31,16,33,113.000000,71.000000,19.166700,0.831652,0.827964,0.834760,0.008212,0.017788,0.023457,0.023457,1,0,1,fixed,1,1,0,0,3.000000,4.000000
16,logistic,1,4,32,0,0,2,2.617517,113.000000,0.327190,31,0.610344,31,0,0,0,0.610344,0.610344,0.000000,0.000000,0.610344,0.002343,0,23,1,0,31,16,33,113.000000,71.000000,19.166700,0.321754,0.292931,0.317566,0.017788,0.025250,0.032760,0.032760,1,0,1,fixed,1,1,0,0,3.000000,4.000000
16,logistic,1,4,33,0,0,2,2.617429,113.000000,0.327179,31,0.610344,31,0,0,0,0.610344,0.610344,0.000000,0.000000,0.610344,0.002343,0,23,1,0,31,16,33,113.000000,71.000000,19.166700,0.321755,0.292931,0.317556,0.017788,0.025250,0.032759,0.032759,1,0,1,fixed,1,1,0,0,3.000000,4.000000
16,logistic,1,4,34,0,0,2,1.026233,113.000000,0.128279,31,0.610344,31,1,0,0,0.610344,0.610344,0.000000,0.000000,0.610344,0.002343,0,23,1,0,31,16,33,113.000000,71.000000,19.166700,0.328385,0.292931,0.124506,0.017788,0.024944,0.008180,0.024944,1,0,1,fixed,1,1,0,0,3.000000,4.000000
16,logistic,1,4,35,0,0,2,2.702789,113.000000,0.337849,31,0.610344,31,0,0,0,0.610344,0.610344,0.000000,0.000000,0.610344,0.002343,0,23,1,0,31,16,33,113.000000,71.000000,19.166700,0.321399,0.292931,0.327912,0.017788,0.025267,0.033291,0.033291,1,0,1,fixed,1,1,0,0,3.000000,4.000000
16,logistic,1,4,36,0,0,2,2.702783,113.000000,0.337848,31,0.610344,31,0,0,0,0.610344,0.610344,0.000000,0.000000,0.610344,0.002343,0,23,1,0,31,16,33,113.000000,71.000000,19.166700,0.321399,0.292931,0.327911,0.017788,0.025267,0.033291,0.033291,1,0,1,fixed,1,1,0,0,3.000000,4.000000
16,logistic,1,4,37,2,2,4,0.000000,19.166700,2.086953,33,0.610344,31,0,2,0,0.610344,0.610344,0.000000,0.000000,0.610344,0.002343,0,23,1,-1,31,16,33,113.000000,71.000000,19.166700,0.353982,0.563380,2.086953,-0.007998,0.005692,0.017788,0.005692,1,0,1,fixed,1,1,0,0,3.000000,4.000000
16,logistic,1,4,38,2,2,4,0.000000,19.166700,2.086953,33,0.610344,31,0,2,0,0.610344,0.610344,0.000000,0.000000,0.610344,0.002343,0,23,1,-1,31,16,33,113.000000,71.000000,19.166700,0.353982,0.563380,2.086953,-0.007998,0.005692,0.017788,0.005692,1,0,1,fixed,1,1,0,0,3.000000,4.000000
16,logistic,1,4,39,1,1,1,2.518466,71.000000,0.839489,16,0.610344,31,0,1,0,0.610344,0.610344,0.000000,0.000000,0.610344,0.002343,0,23,1,-1,31,16,33,113.000000,71.000000,19.166700,0.831652,0.829335,0.814798,0.008204,0.017788,0.023300,0.023300,1,0,1,fixed,1,1,0,0,3.000000,4.000000
16,logistic,1,4,40,1,1,1,2.360910,71.000000,0.786970,16,0.610344,31,0,1,0,0.610344,0.610344,0.000000,0.000000,0.610344,0.002343,0,23,1,-1,31,16,33,113.000000,71.000000,19.166700,0.831652,0.832837,0.763824,0.008181,0.017788,0.022866,0.022866,1,0,1,fixed,1,1,0,0,3.000000,4.000000
16,logistic,1,4,41,1,1,1,2.511194,71.000000,0.837065,16,0.610344,31,0,1,0,0.610344,0.610344,0.000000,0.000000,0.610344,0.002343,0,23,1,-1,31,16,33,113.000000,71.000000,19.166700,0.831652,0.829497,0.812445,0.008202,0.017788,0.023281,0.023281,1,0,1,fixed,1,1,0,0,3.000000,4.000000
16,logistic,1,4,42,0,0,2,2.617476,113.000000,0.327185,31,0.610344,31,0,0,0,0.610344,0.610344,0.000000,0.000000,0.610344,0.002343,0,23,1,0,31,16,33,113.000000,71.000000,19.166700,0.321755,0.292931,0.317561,0.017788,0.025250,0.032760,0.032760,1,0,1,fixed,1,1,0,0,3.000000,4.000000
16,logistic,1,4,43,2,2,3,0.000000,19.166700,5.217382,33,0.610344,31,0,2,0,0.610344,0.610344,0.000000,0.000000,0.610344,0.002343,0,23,1,1,31,16,33,113.000000,71.000000,19.166700,0.884956,1.408451,5.217382,-0.001546,0.009403,0.017788,0.009403,1,0,1,fixed,1,1,0,0,3.000000,4.000000
16,logistic,1,4,44,0,0,2,2.616342,113.000000,0.327043,31,0.610344,31,0,0,0,0.610344,0.610344,0.000000,0.000000,0.610344,0.002343,0,23,1,0,31,16,33,113.000000,71.000000,19.166700,0.321759,0.292931,0.317424,0.017788,0.025250,0.032752,0.032752,1,0,1,fixed,1,1,0,0,3.000000,4.000000
16,logistic,1,4,45,2,2,3,0.000000,19.166700,5.217382,33,0.610344,31,0,2,0,0.610344,0.610344,0.000000,0.000000,0.610344,0.002343,0,23,1,1,31,16,33,113.000000,71.000000,19.166700,0.884956,1.408451,5.217382,-0.001546,0.009403,0.017788,0.009403,1,0,1,fixed,1,1,0,0,3.000000,4.000000
16,logistic,1,4,46,2,2,4,0.000000,19.166700,2.086953,33,0.610344,31,0,2,0,0.610344,0.610344,0.000000,0.000000,0.610344,0.002343,0,23,1,-1,31,16,33,113.000000,71.000000,19.166700,0.353982,0.563380,2.086953,-0.007998,0.005692,0.017788,0.005692,1,0,1,fixed,1,1,0,0,3.000000,4.000000
16,logistic,1,4,47,1,1,1,2.502030,71.000000,0.834010,16,0.610344,31,0,1,0,0.610344,0.610344,0.000000,0.000000,0.610344,0.002343,0,23,1,-1,31,16,33,113.000000,71.000000,19.166700,0.831652,0.829701,0.809480,0.008201,0.017788,0.023257,0.023257,1,0,1,fixed,1,1,0,0,3.000000,4.000000
16,logistic,1,4,48,2,2,4,0.000000,19.166700,2.086953,33,0.610344,31,0,2,0,0.610344,0.610344,0.000000,0.000000,0.610344,0.002343,0,23,1,-1,31,16,33,113.000000,71.000000,19.166700,0.353982,0.563380,2.086953,-0.007998,0.005692,0.017788,0.005692,1,0,1,fixed,1,1,0,0,3.000000,4.000000
16,logistic,1,4,49,2,2,4,0.000000,19.166700,2.086953,33,0.610344,31,0,2,0,0.610344,0.610344,0.000000,0.000000,0.610344,0.002343,0,23,1,-1,31,16,33,113.000000,71.000000,19.166700,0.353982,0.563380,2.086953,-0.007998,0.005692,0.017788,0.005692,1,0,1,fixed,1,1,0,0,3.000000,4.000000
16,logistic,1,4,50,2,2,3,0.000000,19.166700,5.217382,33,0.610344,31,0,2,0,0.610344,0.610344,0.000000,0.000000,0.610344,0.002343,0,23,1,1,31,16,33,113.000000,71.000000,19.166700,0.884956,1.408451,5.217382,-0.001546,0.009403,0.017788,0.009403,1,0,1,fixed,1,1,0,0,3.000000,4.000000
16,logistic,1,4,51,0,0,2,2.651375,113.000000,0.331422,31,0.610344,31,0,0,0,0.610344,0.610344,0.000000,0.000000,0.610344,0.002343,0,23,1,0,31,16,33,113.000000,71.000000,19.166700,0.321613,0.292931,0.321674,0.017788,0.025257,0.032975,0.032975,1,0,1,fixed,1,1,0,0,3.000000,4.000000
16,logistic,1,4,52,2,2,3,0.000000,19.166700,5.217382,33,0.610344,31,0,2,0,0.610344,0.610344,0.000000,0.000000,0.610344,0.002343,0,23,1,1,31,16,33,113.000000,71.000000,19.166700,0.884956,1.408451,5.217382,-0.001546,0.009403,0.017788,0.009403,1,0,1,fixed,1,1,0,0,3.000000,4.000000
16,logistic,1,4,53,0,0,2,2.702701,113.000000,0.337838,31,0.610344,31,0,0,0,0.610344,0.610344,0.000000,0.000000,0.610344,0.002343,0,23,1,0,31,16,33,113.000000,71.000000,19.166700,0.321399,0.292931,0.327901,0.017788,0.025267,0.033290,0.033290,1,0,1,fixed,1,1,0,0,3.000000,4.000000
16,logistic,1,4,54,0,0,2,2.651363,113.000000,0.331420,31,0.610344,31,0,0,0,0.610344,0.610344,0.000000,0.000000,0.610344,0.002343,0,23,1,0,31,16,33,113.000000,71.000000,19.166700,0.321613,0.292931,0.321673,0.017788,0.025257,0.032974,0.032974,1,0,1,fixed,1,1,0,0,3.000000,4.000000
16,logistic,1,4,55,0,0,2,1.610970,113.000000,0.201371,31,0.610344,31,0,0,0,0.610344,0.610344,0.000000,0.000000,0.610344,0.002343,0,23,1,0,31,16,33,113.000000,71.000000,19.166700,0.325948,0.292931,0.195449,0.017788,0.025055,0.022553,0.025055,1,0,1,fixed,1,1,0,0,3.000000,4.000000
16,logistic,1,4,56,0,0,2,2.651375,113.000000,0.331422,31,0.610344,31,0,0,0,0.610344,0.610344,0.000000,0.000000,0.610344,0.002343,0,23,1,0,31,16,33,113.000000,71.000000,19.166700,0.321613,0.292931,0.321674,0.017788,0.025257,0.032975,0.032975,1,0,1,fixed,1,1,0,0,3.000000,4.000000
16,logistic,1,4,57,2,2,3,0.000000,19.166700,5.217382,33,0.610344,31,0,2,0,0.610344,0.610344,0.000000,0.000000,0.610344,0.002343,0,23,1,1,31,16,33,113.000000,71.000000,19.166700,0.884956,1.408451,5.217382,-0.001546,0.009403,0.017788,0.009403,1,0,1,fixed,1,1,0,0,3.000000,4.000000
16,logistic,1,4,58,1,1,1,2.378626,71.000000,0.792875,16,0.610344,31,0,1,0,0.610344,0.610344,0.000000,0.000000,0.610344,0.002343,0,23,1,-1,31,16,33,113.000000,71.000000,19.166700,0.831652,0.832443,0.769556,0.008183,0.017788,0.022917,0.022917,1,0,1,fixed,1,1,0,0,3.000000,4.000000
16,logistic,1,4,59,0,0,2,2.689678,113.000000,0.336210,31,0.610344,31,0,0,0,0.610344,0.610344,0.000000,0.000000,0.610344,0.002343,0,23,1,0,31,16,33,113.000000,71.000000,19.166700,0.321454,0.292931,0.326321,0.017788,0.025265,0.033211,0.033211,1,0,1,fixed,1,1,0,0,3.000000,4.000000
16,logistic,1,4,60,1,1,1,2.422649,71.000000,0.807550,16,0.610344,31,0,1,0,0.610344,0.610344,0.000000,0.000000,0.610344,0.002343,0,23,1,-1,31,16,33,113.000000,71.000000,19.166700,0.831652,0.831465,0.783798,0.008190,0.017788,0.023042,0.023042,1,0,1,fixed,1,1,0,0,3.000000,4.000000
16,logistic,1,4,61,0,0,2,2.688544,113.000000,0.336068,31,0.610344,31,0,0,0,0.610344,0.610344,0.000000,0.000000,0.610344,0.002343,0,23,1,0,31,16,33,113.000000,71.000000,19.166700,0.321458,0.292931,0.326184,0.017788,0.025264,0.033204,0.033204,1,0,1,fixed,1,1,0,0,3.000000,4.000000
16,logistic,1,4,62,2,2,4,0.000000,19.166700,2.086953,33,0.610344,31,0,2,0,0.610344,0.610344,0.000000,0.000000,0.610344,0.002343,0,23,1,-1,31,16,33,113.000000,71.000000,19.166700,0.353982,0.563380,2.086953,-0.007998,0.005692,0.017788,0.005692,1,0,1,fixed,1,1,0,0,3.000000,4.000000
16,logistic,1,4,63,0,0,2,2.701584,113.000000,0.337698,31,0.610344,31,0,0,0,0.610344,0.610344,0.000000,0.000000,0.610344,0.002343,0,23,1,0,31,16,33,113.000000,71.000000,19.166700,0.321404,0.292931,0.327766,0.017788,0.025267,0.033284,0.033284,1,0,1,fixed,1,1,0,0,3.000000,4.000000
16,logistic,1,4,64,2,2,4,0.000000,19.166700,2.086953,33,0.610344,31,0,2,0,0.610344,0.610344,0.000000,0.000000,0.610344,0.002343,0,23,1,-1,31,16,33,113.000000,71.000000,19.166700,0.353982,0.563380,2.086953,-0.007998,0.005692,0.017788,0.005692,1,0,1,fixed,1,1,0,0,3.000000,4.000000
16,logistic,1,4,65,0,0,2,2.649260,113.000000,0.331158,31,0.610344,31,0,0,0,0.610344,0.610344,0.000000,0.000000,0.610344,0.002343,0,23,1,0,31,16,33,113.000000,71.000000,19.166700,0.321622,0.292931,0.321418,0.017788,0.025257,0.032961,0.032961,1,0,1,fixed,1,1,0,0,3.000000,4.000000
16,logistic,1,4,66,0,0,2,2.687521,113.000000,0.335940,31,0.610344,31,0,0,0,0.610344,0.610344,0.000000,0.000000,0.610344,0.002343,0,23,1,0,31,16,33,113.000000,71.000000,19.166700,0.321463,0.292931,0.326060,0.017788,0.025264,0.033198,0.033198,1,0,1,fixed,1,1,0,0,3.000000,4.000000
16,logistic,1,4,67,1,1,1,2.531965,71.000000,0.843988,16,0.610344,31,0,1,0,0.610344,0.610344,0.000000,0.000000,0.610344,0.002343,0,23,1,-1,31,16,33,113.000000,71.000000,19.166700,0.831652,0.829035,0.819165,0.008206,0.017788,0.023335,0.023335,1,0,1,fixed,1,1,0,0,3.000000,4.000000
16,logistic,1,4,68,0,0,2,2.615314,113.000000,0.326914,31,0.610344,31,0,0,0,0.610344,0.610344,0.000000,0.000000,0.610344,0.002343,0,23,1,0,31,16,33,113.000000,71.000000,19.166700,0.321764,0.292931,0.317299,0.017788,0.025250,0.032746,0.032746,1,0,1,fixed,1,1,0,0,3.000000,4.000000
16,logistic,1,4,69,2,2,3,0.000000,19.166700,5.217382,33,0.610344,31,0,2,0,0.610344,0.610344,0.000000,0.000000,0.610344,0.002343,0,23,1,1,31,16,33,113.000000,71.000000,19.166700,0.884956,1.408451,5.217382,-0.001546,0.009403,0.017788,0.009403,1,0,1,fixed,1,1,0,0,3.000000,4.000000
16,logistic,1,4,70,2,2,4,0.000000,19.166700,2.086953,33,0.610344,31,0,2,0,0.610344,0.610344,0.000000,0.000000,0.610344,0.002343,0,23,1,-1,31,16,33,113.000000,71.000000,19.166700,0.353982,0.563380,2.086953,-0.007998,0.005692,0.017788,0.005692,1,0,1,fixed,1,1,0,0,3.000000,4.000000
16,logistic,1,4,71,2,2,4,0.000000,19.166700,2.086953,33,0.610344,31,0,2,0,0.610344,0.610344,0.000000,0.000000,0.610344,0.002343,0,23,1,-1,31,16,33,113.000000,71.000000,19.166700,0.353982,0.563380,2.086953,-0.007998,0.005692,0.017788,0.005692,1,0,1,fixed,1,1,0,0,3.000000,4.000000
16,logistic,1,4,72,0,0,2,2.687526,113.000000,0.335941,31,0.610344,31,0,0,0,0.610344,0.610344,0.000000,0.000000,0.610344,0.002343,0,23,1,0,31,16,33,113.000000,71.000000,19.166700,0.321463,0.292931,0.326060,0.017788,0.025264,0.033198,0.033198,1,0,1,fixed,1,1,0,0,3.000000,4.000000
16,logistic,1,4,73,2,2,4,0.000000,19.166700,2.086953,33,0.610344,31,0,2,0,0.610344,0.610344,0.000000,0.000000,0.610344,0.002343,0,23,1,-1,31,16,33,113.000000,71.000000,19.166700,0.353982,0.563380,2.086953,-0.007998,0.005692,0.017788,0.005692,1,0,1,fixed,1,1,0,0,3.000000,4.000000
16,logistic,1,4,74,1,1,1,2.464765,71.000000,0.821588,16,0.610344,31,0,1,0,0.610344,0.610344,0.000000,0.000000,0.610344,0.002343,0,23,1,-1,31,16,33,113.000000,71.000000,19.166700,0.831652,0.830529,0.797424,0.008196,0.017788,0.023158,0.023158,1,0,1,fixed,1,1,0,0,3.000000,4.000000
16,logistic,1,4,75,1,1,1,2.585056,71.000000,0.861685,16,0.610344,31,0,1,0,0.610344,0.610344,0.000000,0.000000,0.610344,0.002343,0,23,1,-1,31,16,33,113.000000,71.000000,19.166700,0.831652,0.827856,0.836342,0.008213,0.017788,0.023469,0.023469,1,0,1,fixed,1,1,0,0,3.000000,4.000000
16,logistic,1,4,76,2,2,3,0.000000,19.166700,5.217382,33,0.610344,31,0,2,0,0.610344,0.610344,0.000000,0.000000,0.610344,0.002343,0,23,1,1,31,16,33,113.000000,71.000000,19.166700,0.884956,1.408451,5.217382,-0.001546,0.009403,0.017788,0.009403,1,0,1,fixed,1,1,0,0,3.000000,4.000000
16,logistic,1,4,77,2,2,3,0.000000,19.166700,5.217382,33,0.610344,31,0,2,0,0.610344,0.610344,0.000000,0.000000,0.610344,0.002343,0,23,1,1,31,16,33,113.000000,71.000000,19.166700,0.884956,1.408451,5.217382,-0.001546,0.009403,0.017788,0.009403,1,0,1,fixed,1,1,0,0,3.000000,4.000000
16,logistic,1,4,78,0,0,2,2.648059,113.000000,0.331007,31,0.610344,31,0,0,0,0.610344,0.610344,0.000000,0.000000,0.610344,0.002343,0,23,1,0,31,16,33,113.000000,71.000000,19.166700,0.321627,0.292931,0.321272,0.017788,0.025256,0.032954,0.032954,1,0,1,fixed,1,1,0,0,3.000000,4.000000
16,logistic,1,4,79,0,0,2,2.648019,113.000000,0.331002,31,0.610344,31,0,0,0,0.610344,0.610344,0.000000,0.000000,0.610344,0.002343,0,23,1,0,31,16,33,113.000000,71.000000,19.166700,0.321627,0.292931,0.321267,0.017788,0.025256,0.032954,0.032954,1,0,1,fixed,1,1,0,0,3.000000,4.000000
16,logistic,1,4,80,2,2,4,0.000000,19.166700,2.086953,33,0.610344,31,0,2,0,0.610344,0.610344,0.000000,0.000000,0.610344,0.002343,0,23,1,-1,31,16,33,113.000000,71.000000,19.166700,0.353982,0.563380,2.086953,-0.007998,0.005692,0.017788,0.005692,1,0,1,fixed,1,1,0,0,3.000000,4.000000
16,logistic,1,5,1,0,0,2,2.698386,113.000000,0.337298,31,0.611978,31,0,0,0,0.611978,0.611978,0.000000,0.000000,0.611978,0.001634,0,53,1,0,31,16,33,113.000000,71.166700,19.833300,0.321405,0.293062,0.327378,0.014165,0.021607,0.029543,0.029543,1,0,1,fixed,1,1,0,0,3.000000,4.000000
16,logistic,1,5,2,0,0,2,2.697169,113.000000,0.337146,31,0.611978,31,0,0,0,0.611978,0.611978,0.000000,0.000000,0.611978,0.001634,0,53,1,0,31,16,33,113.000000,71.166700,19.833300,0.321410,0.293062,0.327230,0.014165,0.021607,0.029536,0.029536,1,0,1,fixed,1,1,0,0,3.000000,4.000000
16,logistic,1,5,3,0,0,2,2.653567,113.000000,0.331696,31,0.611978,31,0,0,0,0.611978,0.611978,0.000000,0.000000,0.611978,0.001634,0,53,1,0,31,16,33,113.000000,71.166700,19.833300,0.321592,0.293062,0.321940,0.014165,0.021598,0.029269,0.029269,1,0,1,fixed,1,1,0,0,3.000000,4.000000
16,logistic,1,5,4,0,0,2,2.679728,113.000000,0.334966,31,0.611978,31,0,0,0,0.611978,0.611978,0.000000,0.000000,0.611978,0.001634,0,53,1,0,31,16,33,113.000000,71.166700,19.833300,0.321483,0.293062,0.325114,0.014165,0.021604,0.029430,0.029430,1,0,1,fixed,1,1,0,0,3.000000,4.000000
16,logistic,1,5,5,1,1,1,2.323013,71.166700,0.774338,16,0.611978,31,0,1,0,0.611978,0.611978,0.000000,0.000000,0.611978,0.001634,0,53,1,-1,31,16,33,113.000000,71.166700,19.833300,0.831621,0.834075,0.751563,0.004607,0.014165,0.019093,0.019093,1,0,1,fixed,1,1,0,0,3.000000,4.000000
16,logistic,1,5,6,2,2,3,0.000000,19.833300,5.042025,33,0.611978,31,0,2,0,0.611978,0.611978,0.000000,0.000000,0.611978,0.001634,0,53,1,1,31,16,33,113.000000,71.166700,19.833300,0.884956,1.405152,5.042025,-0.005018,0.005859,0.014165,0.005859,1,0,1,fixed,1,1,0,0,3.000000,4.000000
16,logistic,1,5,7,1,1,1,2.575318,71.166700,0.858439,16,0.611978,31,0,1,0,0.611978,0.611978,0.000000,0.000000,0.611978,0.001634,0,53,1,-1,31,16,33,113.000000,71.166700,19.833300,0.831621,0.828468,0.833191,0.004643,0.014165,0.019781,0.019781,1,0,1,fixed,1,1,0,0,3.000000,4.000000
16,logistic,1,5,8,2,2,4,0.000000,19.833300,2.016810,33,0.611978,31,0,2,0,0.611978,0.611978,0.000000,0.000000,0.611978,0.001634,0,53,1,-1,31,16,33,113.000000,71.166700,19.833300,0.353982,0.562061,2.016810,-0.011386,0.002206,0.014165,0.002206,1,0,1,fixed,1,1,0,0,3.000000,4.000000
16,logistic,1,5,9,0,0,2,2.652317,113.000000,0.331540,31,0.611978,31,0,0,0,0.611978,0.611978,0.000000,0.000000,0.611978,0.001634,0,53,1,0,31,16,33,113.000000,71.166700,19.833300,0.321597,0.293062,0.321788,0.014165,0.021598,0.029261,0.029261,1,0,1,fixed,1,1,0,0,3.000000,4.000000
16,logistic,1,5,10,2,2,4,0.000000,19.833300,2.016810,33,0.611978,31,0,2,0,0.611978,0.611978,0.000000,0.000000,0.611978,0.001634,0,53,1,-1,31,16,33,113.000000,71.166700,19.833300,0.353982,0.562061,2.016810,-0.011386,0.002206,0.014165,0.002206,1,0,1,fixed,1,1,0,0,3.000000,4.000000
16,logistic,1,5,11,1,1,1,2.556343,71.166700,0.852114,16,0.611978,31,0,1,0,0.611978,0.611978,0.000000,0.000000,0.611978,0.001634,0,53,1,-1,31,16,33,113.000000,71.166700,19.833300,0.831621,0.828890,0.827052,0.004640,0.014165,0.019733,0.019733,1,0,1,fixed,1,1,0,0,3.000000,4.000000
16,logistic,1,5,12,2,2,4,0.000000,19.833300,2.016810,33,0.611978,31,0,2,0,0.611978,0.611978,0.000000,0.000000,0.611978,0.001634,0,53,1,-1,31,16,33,113.000000,71.166700,19.833300,0.353982,0.562061,2.016810,-0.011386,0.002206,0.014165,0.002206,1,0,1,fixed,1,1,0,0,3.000000,4.000000
16,logistic,1,5,13,2,2,3,0.000000,19.833300,5.042025,33,0.611978,31,0,2,0,0.611978,0.611978,0.000000,0.000000,0.611978,0.001634,0,53,1,1,31,16,33,113.000000,71.166700,19.833300,0.884956,1.405152,5.042025,-0.005018,0.005859,0.014165,0.005859,1,0,1,fixed,1,1,0,0,3.000000,4.000000
16,logistic,1,5,14,0,0,2,2.653555,113.000000,0.331694,31,0.611978,31,0,0,0,0.611978,0.611978,0.000000,0.000000,0.611978,0.001634,0,53,1,0,31,16,33,113.000000,71.166700,19.833300,0.321592,0.293062,0.321939,0.014165,0.021598,0.029269,0.029269,1,0,1,fixed,1,1,0,0,3.000000,4.000000
16,logistic,1,5,15,2,2,4,0.000000,19.833300,2.016810,33,0.611978,31,0,2,0,0.611978,0.611978,0.000000,0.000000,0.611978,0.001634,0,53,1,-1,31,16,33,113.000000,71.166700,19.833300,0.353982,0.562061,2.016810,-0.011386,0.002206,0.014165,0.002206,1,0,1,fixed,1,1,0,0,3.000000,4.000000
16,logistic,1,5,16,2,2,3,0.000000,19.833300,5.042025,33,0.611978,31,0,2,0,0.611978,0.611978,0.000000,0.000000,0.611978,0.001634,0,53,1,1,31,16,33,113.000000,71.166700,19.833300,0.884956,1.405152,5.042025,-0.005018,0.005859,0.014165,0.005859,1,0,1,fixed,1,1,0,0,3.000000,4.000000
16,logistic,1,5,17,0,0,2,2.684272,113.000000,0.335534,31,0.611978,31,0,0,0,0.611978,0.611978,0.000000,0.000000,0.611978,0.001634,0,53,1,0,31,16,33,113.000000,71.166700,19.833300,0.321464,0.293062,0.325665,0.014165,0.021604,0.029458,0.029458,1,0,1,fixed,1,1,0,0,3.000000,4.000000
16,logistic,1,5,18,2,2,3,0.000000,19.833300,5.042025,33,0.611978,31,0,2,0,0.611978,0.611978,0.000000,0.000000,0.611978,0.001634,0,53,1,1,31,16,33,113.000000,71.166700,19.833300,0.884956,1.405152,5.042025,-0.005018,0.005859,0.014165,0.005859,1,0,1,fixed,1,1,0,0,3.000000,4.000000
16,logistic,1,5,19,2,2,4,0.000000,19.833300,2.016810,33,0.611978,31,0,2,0,0.611978,0.611978,0.000000,0.000000,0.611978,0.001634,0,53,1,-1,31,16,33,113.000000,71.166700,19.833300,0.353982,0.562061,2.016810,-0.011386,0.002206,0.014165,0.002206,1,0,1,fixed,1,1,0,0,3.000000,4.000000
16,logistic,1,5,20,0,0,2,2.651224,113.000000,0.331403,31,0.611978,31,0,0,0,0.611978,0.611978,0.000000,0.000000,0.611978,0.001634,0,53,1,0,31,16,33,113.000000,71.166700,19.833300,0.321602,0.293062,0.321656,0.014165,0.021598,0.029255,0.029255,1,0,1,fixed,1,1,0,0,3.000000,4.000000
16,logistic,1,5,21,1,1,1,2.481812,71.166700,0.827271,16,0.611978,31,0,1,0,0.611978,0.611978,0.000000,0.000000,0.611978,0.001634,0,53,1,-1,31,16,33,113.000000,71.166700,19.833300,0.831621,0.830546,0.802939,0.004630,0.014165,0.019541,0.019541,1,0,1,fixed,1,1,0,0,3.000000,4.000000
16,logistic,1,5,22,2,2,4,0.000000,19.833300,2.016810,33,0.611978,31,0,2,0,0.611978,0.611978,0.000000,0.000000,0.611978,0.001634,0,53,1,-1,31,16,33,113.000000,71.166700,19.833300,0.353982,0.562061,2.016810,-0.011386,0.002206,0.014165,0.002206,1,0,1,fixed,1,1,0,0,3.000000,4.000000
16,logistic,1,5,23,1,1,1,2.649833,71.166700,0.883278,16,0.611978,31,0,1,0,0.611978,0.611978,0.000000,0.000000,0.611978,0.001634,0,53,1,-1,31,16,33,113.000000,71.166700,19.833300,0.831621,0.826812,0.857299,0.004654,0.014165,0.019960,0.019960,1,0,1,fixed,1,1,0,0,3.000000,4.000000
16,logistic,1,5,24,0,0,2,2.627348,113.000000,0.328418,31,0.611978,31,0,0,0,0.611978,0.611978,0.000000,0.000000,0.611978,0.001634,0,53,1,0,31,16,33,113.000000,71.166700,19.833300,0.321701,0.293062,0.318759,0.014165,0.021593,0.029105,0.029105,1,0,1,fixed,1,1,0,0,3.000000,4.000000
16,logistic,1,5,25,0,0,2,2.654672,113.000000,0.331834,31,0.611978,31,0,0,0,0.611978,0.611978,0.000000,0.000000,0.611978,0.001634,0,53,1,0,31,16,33,113.000000,71.166700,19.833300,0.321587,0.293062,0.322074,0.014165,0.021599,0.029276,0.029276,1,0,1,fixed,1,1,0,0,3.000000,4.000000
16,logistic,1,5,26,2,2,3,0.000000,19.833300,5.042025,33,0.611978,31,0,2,0,0.611978,0.611978,0.000000,0.000000,0.611978,0.001634,0,53,1,1,31,16,33,113.000000,71.166700,19.833300,0.884956,1.405152,5.042025,-0.005018,0.005859,0.014165,0.005859,1,0,1,fixed,1,1,0,0,3.000000,4.000000
16,logistic,1,5,27,2,2,4,0.000000,19.833300,2.016810,33,0.611978,31,0,2,0,0.611978,0.611978,0.000000,0.000000,0.611978,0.001634,0,53,1,-1,31,16,33,113.000000,71.166700,19.833300,0.353982,0.562061,2.016810,-0.011386,0.002206,0.014165,0.002206,1,0,1,fixed,1,1,0,0,3.000000,4.000000
16,logistic,1,5,28,1,1,1,2.326753,71.166700,0.775584,16,0.611978,31,0,1,0,0.611978,0.611978,0.000000,0.000000,0.611978,0.001634,0,53,1,-1,31,16,33,113.000000,71.166700,19.833300,0.831621,0.833992,0.752773,0.004607,0.014165,0.019104,0.019104,1,0,1,fixed,1,1,0,0,3.000000,4.000000
16,logistic,1,5,29,2,2,3,0.000000,19.833300,5.042025,33,0.611978,31,0,2,0,0.611978,0.611978,0.000000,0.000000,0.611978,0.001634,0,53,1,1,31,16,33,113.000000,71.166700,19.833300,0.884956,1.405152,5.042025,-0.005018,0.005859,0.014165,0.005859,1,0,1,fixed,1,1,0,0,3.000000,4.000000
16,logistic,1,5,30,2,2,4,0.000000,19.833300,2.016810,33,0.611978,31,0,2,0,0.611978,0.611978,0.000000,0.000000,0.611978,0.001634,0,53,1,-1,31,16,33,113.000000,71.166700,19.833300,0.353982,0.562061,2.016810,-0.011386,0.002206,0.014165,0.002206,1,0,1,fixed,1,1,0,0,3.000000,4.000000
16,logistic,1,5,31,1,1,1,2.339990,71.166700,0.779997,16,0.611978,31,0,1,0,0.611978,0.611978,0.000000,0.000000,0.611978,0.001634,0,53,1,-1,31,16,33,113.000000,71.166700,19.833300,0.831621,0.833698,0.757055,0.004609,0.014165,0.019144,0.019144,1,0,1,fixed,1,1,0,0,3.000000,4.000000
16,logistic,1,5,32,0,0,2,2.654672,113.000000,0.331834,31,0.611978,31,0,0,0,0.611978,0.611978,0.000000,0.000000,0.611978,0.001634,0,53,1,0,31,16,33,113.000000,71.166700,19.833300,0.321587,0.293062,0.322074,0.014165,0.021599,0.029276,0.029276,1,0,1,fixed,1,1,0,0,3.000000,4.000000
16,logistic,1,5,33,0,0,2,2.652417,113.000000,0.331552,31,0.611978,31,0,0,0,0.611978,0.611978,0.000000,0.000000,0.611978,0.001634,0,53,1,0,31,16,33,113.000000,71.166700,19.833300,0.321597,0.293062,0.321801,0.014165,0.021598,0.029262,0.029262,1,0,1,fixed,1,1,0,0,3.000000,4.000000
16,logistic,1,5,34,0,0,2,1.206577,113.000000,0.150822,31,0.611978,31,1,0,0,0.611978,0.611978,0.000000,0.000000,0.611978,0.001634,0,53,1,0,31,16,33,113.000000,71.166700,19.833300,0.327621,0.293062,0.146386,0.014165,0.021321,0.010409,0.021321,1,0,1,fixed,1,1,0,0,3.000000,4.000000
16,logistic,1,5,35,0,0,2,2.650193,113.000000,0.331274,31,0.611978,31,0,0,0,0.611978,0.611978,0.000000,0.000000,0.611978,0.001634,0,53,1,0,31,16,33,113.000000,71.166700,19.833300,0.321606,0.293062,0.321531,0.014165,0.021598,0.029248,0.029248,1,0,1,fixed,1,1,0,0,3.000000,4.000000
16,logistic,1,5,36,0,0,2,2.684190,113.000000,0.335524,31,0.611978,31,0,0,0,0.611978,0.611978,0.000000,0.000000,0.611978,0.001634,0,53,1,0,31,16,33,113.000000,71.166700,19.833300,0.321464,0.293062,0.325655,0.014165,0.021604,0.029457,0.029457,1,0,1,fixed,1,1,0,0,3.000000,4.000000
16,logistic,1,5,37,2,2,4,0.000000,19.833300,2.016810,33,0.611978,31,0,2,0,0.611978,0.611978,0.000000,0.000000,0.611978,0.001634,0,53,1,-1,31,16,33,113.000000,71.166700,19.833300,0.353982,0.562061,2.016810,-0.011386,0.002206,0.014165,0.002206,1,0,1,fixed,1,1,0,0,3.000000,4.000000
16,logistic,1,5,38,2,2,4,0.000000,19.833300,2.016810,33,0.611978,31,0,2,0,0.611978,0.611978,0.000000,0.000000,0.611978,0.001634,0,53,1,-1,31,16,33,113.000000,71.166700,19.833300,0.353982,0.562061,2.016810,-0.011386,0.002206,0.014165,0.002206,1,0,1,fixed,1,1,0,0,3.000000,4.000000
16,logistic,1,5,39,1,1,1,2.569209,71.166700,0.856403,16,0.611978,31,0,1,0,0.611978,0.611978,0.000000,0.000000,0.611978,0.001634,0,53,1,-1,31,16,33,113.000000,71.166700,19.833300,0.831621,0.828604,0.831215,0.004642,0.014165,0.019765,0.019765,1,0,1,fixed,1,1,0,0,3.000000,4.000000
16,logistic,1,5,40,1,1,1,2.250315,71.166700,0.750105,16,0.611978,31,0,1,0,0.611978,0.611978,0.000000,0.000000,0.611978,0.001634,0,53,1,-1,31,16,33,113.000000,71.166700,19.833300,0.831621,0.835691,0.728043,0.004596,0.014165,0.018868,0.018868,1,0,1,fixed,1,1,0,0,3.000000,4.000000
16,logistic,1,5,41,1,1,1,2.629024,71.166700,0.876341,16,0.611978,31,0,1,0,0.611978,0.611978,0.000000,0.000000,0.611978,0.001634,0,53,1,-1,31,16,33,113.000000,71.166700,19.833300,0.831621,0.827275,0.850567,0.004651,0.014165,0.019911,0.019911,1,0,1,fixed,1,1,0,0,3.000000,4.000000
16,logistic,1,5,42,0,0,2,2.652417,113.000000,0.331552,31,0.611978,31,0,0,0,0.611978,0.611978,0.000000,0.000000,0.611978,0.001634,0,53,1,0,31,16,33,113.000000,71.166700,19.833300,0.321597,0.293062,0.321801,0.014165,0.021598,0.029262,0.029262,1,0,1,fixed,1,1,0,0,3.000000,4.000000
16,logistic,1,5,43,2,2,3,0.000000,19.833300,5.042025,33,0.611978,31,0,2,0,0.611978,0.611978,0.000000,0.000000,0.611978,0.001634,0,53,1,1,31,16,33,113.000000,71.166700,19.833300,0.884956,1.405152,5.042025,-0.005018,0.005859,0.014165,0.005859,1,0,1,fixed,1,1,0,0,3.000000,4.000000
16,logistic,1,5,44,0,0,2,2.651383,113.000000,0.331423,31,0.611978,31,0,0,0,0.611978,0.611978,0.000000,0.000000,0.611978,0.001634,0,53,1,0,31,16,33,113.000000,71.166700,19.833300,0.321601,0.293062,0.321675,0.014165,0.021598,0.029256,0.029256,1,0,1,fixed,1,1,0,0,3.000000,4.000000
16,logistic,1,5,45,2,2,3,0.000000,19.833300,5.042025,33,0.611978,31,0,2,0,0.611978,0.611978,0.000000,0.000000,0.611978,0.001634,0,53,1,1,31,16,33,113.000000,71.166700,19.833300,0.884956,1.405152,5.042025,-0.005018,0.005859,0.014165,0.005859,1,0,1,fixed,1,1,0,0,3.000000,4.000000
16,logistic,1,5,46,2,2,4,0.000000,19.833300,2.016810,33,0.611978,31,0,2,0,0.611978,0.611978,0.000000,0.000000,0.611978,0.001634,0,53,1,-1,31,16,33,113.000000,71.166700,19.833300,0.353982,0.562061,2.016810,-0.011386,0.002206,0.014165,0.002206,1,0,1,fixed,1,1,0,0,3.000000,4.000000
16,logistic,1,5,47,1,1,1,2.446379,71.166700,0.815460,16,0.611978,31,0,1,0,0.611978,0.611978,0.000000,0.000000,0.611978,0.001634,0,53,1,-1,31,16,33,113.000000,71.166700,19.833300,0.831621,0.831334,0.791476,0.004624,0.014165,0.019446,0.019446,1,0,1,fixed,1,1,0,0,3.000000,4.000000
16,logistic,1,5,48,2,2,4,0.000000,19.833300,2.016810,33,0.611978,31,0,2,0,0.611978,0.611978,0.000000,0.000000,0.611978,0.001634,0,53,1,-1,31,16,33,113.000000,71.166700,19.833300,0.353982,0.562061,2.016810,-0.011386,0.002206,0.014165,0.002206,1,0,1,fixed,1,1,0,0,3.000000,4.000000
16,logistic,1,5,49,2,2,4,0.000000,19.833300,2.016810,33,0.611978,31,0,2,0,0.611978,0.611978,0.000000,0.000000,0.611978,0.001634,0,53,1,-1,31,16,33,113.000000,71.166700,19.833300,0.353982,0.562061,2.016810,-0.011386,0.002206,0.014165,0.002206,1,0,1,fixed,1,1,0,0,3.000000,4.000000
16,logistic,1,5,50,2,2,3,0.000000,19.833300,5.042025,33,0.611978,31,0,2,0,0.611978,0.611978,0.000000,0.000000,0.611978,0.001634,0,53,1,1,31,16,33,113.000000,71.166700,19.833300,0.884956,1.405152,5.042025,-0.005018,0.005859,0.014165,0.005859,1,0,1,fixed,1,1,0,0,3.000000,4.000000
16,logistic,1,5,51,0,0,2,2.655760,113.000000,0.331970,31,0.611978,31,0,0,0,0.611978,0.611978,0.000000,0.000000,0.611978,0.001634,0,53,1,0,31,16,33,113.000000,71.166700,19.833300,0.321583,0.293062,0.322206,0.014165,0.021599,0.029283,0.029283,1,0,1,fixed,1,1,0,0,3.000000,4.000000
16,logistic,1,5,52,2,2,3,0.000000,19.833300,5.042025,33,0.611978,31,0,2,0,0.611978,0.611978,0.000000,0.000000,0.611978,0.001634,0,53,1,1,31,16,33,113.000000,71.166700,19.833300,0.884956,1.405152,5.042025,-0.005018,0.005859,0.014165,0.005859,1,0,1,fixed,1,1,0,0,3.000000,4.000000
16,logistic,1,5,53,0,0,2,2.683073,113.000000,0.335384,31,0.611978,31,0,0,0,0.611978,0.611978,0.000000,0.000000,0.611978,0.001634,0,53,1,0,31,16,33,113.000000,71.166700,19.833300,0.321469,0.293062,0.325520,0.014165,0.021604,0.029451,0.029451,1,0,1,fixed,1,1,0,0,3.000000,4.000000
16,logistic,1,5,54,0,0,2,2.656800,113.000000,0.332100,31,0.611978,31,0,0,0,0.611978,0.611978,0.000000,0.000000,0.611978,0.001634,0,53,1,0,31,16,33,113.000000,71.166700,19.833300,0.321579,0.293062,0.322332,0.014165,0.021599,0.029289,0.029289,1,0,1,fixed,1,1,0,0,3.000000,4.000000
16,logistic,1,5,55,0,0,2,1.501558,113.000000,0.187695,31,0.611978,31,0,0,0,0.611978,0.611978,0.000000,0.000000,0.611978,0.001634,0,53,1,0,31,16,33,113.000000,71.166700,19.833300,0.326392,0.293062,0.182174,0.014165,0.021376,0.017031,0.021376,1,0,1,fixed,1,1,0,0,3.000000,4.000000
16,logistic,1,5,56,0,0,2,2.656811,113.000000,0.332101,31,0.611978,31,0,0,0,0.611978,0.611978,0.000000,0.000000,0.611978,0.001634,0,53,1,0,31,16,33,113.000000,71.166700,19.833300,0.321579,0.293062,0.322334,0.014165,0.021599,0.029289,0.029289,1,0,1,fixed,1,1,0,0,3.000000,4.000000
16,logistic,1,5,57,2,2,3,0.000000,19.833300,5.042025,33,0.611978,31,0,2,0,0.611978,0.611978,0.000000,0.000000,0.611978,0.001634,0,53,1,1,31,16,33,113.000000,71.166700,19.833300,0.884956,1.405152,5.042025,-0.005018,0.005859,0.014165,0.005859,1,0,1,fixed,1,1,0,0,3.000000,4.000000
16,logistic,1,5,58,1,1,1,2.564322,71.166700,0.854774,16,0.611978,31,0,1,0,0.611978,0.611978,0.000000,0.000000,0.611978,0.001634,0,53,1,-1,31,16,33,113.000000,71.166700,19.833300,0.831621,0.828713,0.829634,0.004641,0.014165,0.019753,0.019753,1,0,1,fixed,1,1,0,0,3.000000,4.000000
16,logistic,1,5,59,0,0,2,2.656751,113.000000,0.332094,31,0.611978,31,0,0,0,0.611978,0.611978,0.000000,0.000000,0.611978,0.001634,0,53,1,0,31,16,33,113.000000,71.166700,19.833300,0.321579,0.293062,0.322326,0.014165,0.021599,0.029289,0.029289,1,0,1,fixed,1,1,0,0,3.000000,4.000000
16,logistic,1,5,60,1,1,1,2.664436,71.166700,0.888145,16,0.611978,31,0,1,0,0.611978,0.611978,0.000000,0.000000,0.611978,0.001634,0,53,1,-1,31,16,33,113.000000,71.166700,19.833300,0.831621,0.826488,0.862024,0.004656,0.014165,0.019994,0.019994,1,0,1,fixed,1,1,0,0,3.000000,4.000000
16,logistic,1,5,61,0,0,2,2.656799,113.000000,0.332100,31,0.611978,31,0,0,0,0.611978,0.611978,0.000000,0.000000,0.611978,0.001634,0,53,1,0,31,16,33,113.000000,71.166700,19.833300,0.321579,0.293062,0.322332,0.014165,0.021599,0.029289,0.029289,1,0,1,fixed,1,1,0,0,3.000000,4.000000
16,logistic,1,5,62,2,2,4,0.000000,19.833300,2.016810,33,0.611978,31,0,2,0,0.611978,0.611978,0.000000,0.000000,0.611978,0.001634,0,53,1,-1,31,16,33,113.000000,71.166700,19.833300,0.353982,0.562061,2.016810,-0.011386,0.002206,0.014165,0.002206,1,0,1,fixed,1,1,0,0,3.000000,4.000000
16,logistic,1,5,63,0,0,2,2.650231,113.000000,0.331279,31,0.611978,31,0,0,0,0.611978,0.611978,0.000000,0.000000,0.611978,0.001634,0,53,1,0,31,16,33,113.000000,71.166700,19.833300,0.321606,0.293062,0.321535,0.014165,0.021598,0.029248,0.029248,1,0,1,fixed,1,1,0,0,3.000000,4.000000
16,logistic,1,5,64,2,2,4,0.000000,19.833300,2.016810,33,0.611978,31,0,2,0,0.611978,0.611978,0.000000,0.000000,0.611978,0.001634,0,53,1,-1,31,16,33,113.000000,71.166700,19.833300,0.353982,0.562061,2.016810,-0.011386,0.002206,0.014165,0.002206,1,0,1,fixed,1,1,0,0,3.000000,4.000000
16,logistic,1,5,65,0,0,2,2.654620,113.000000,0.331828,31,0.611978,31,0,0,0,0.611978,0.611978,0.000000,0.000000,0.611978,0.001634,0,53,1,0,31,16,33,113.000000,71.166700,19.833300,0.321588,0.293062,0.322068,0.014165,0.021599,0.029276,0.029276,1,0,1,fixed,1,1,0,0,3.000000,4.000000
16,logistic,1,5,66,0,0,2,2.655730,113.000000,0.331966,31,0.611978,31,0,0,0,0.611978,0.611978,0.000000,0.000000,0.611978,0.001634,0,53,1,0,31,16,33,113.000000,71.166700,19.833300,0.321583,0.293062,0.322203,0.014165,0.021599,0.029283,0.029283,1,0,1,fixed,1,1,0,0,3.000000,4.000000
16,logistic,1,5,67,1,1,1,2.550882,71.166700,0.850294,16,0.611978,31,0,1,0,0.611978,0.611978,0.000000,0.000000,0.611978,0.001634,0,53,1,-1,31,16,33,113.000000,71.166700,19.833300,0.831621,0.829011,0.825285,0.004639,0.014165,0.019720,0.019720,1,0,1,fixed,1,1,0,0,3.000000,4.000000
16,logistic,1,5,68,0,0,2,2.650342,113.000000,0.331293,31,0.611978,31,0,0,0,0.611978,0.611978,0.000000,0.000000,0.611978,0.001634,0,53,1,0,31,16,33,113.000000,71.166700,19.833300,0.321605,0.293062,0.321549,0.014165,0.021598,0.029249,0.029249,1,0,1,fixed,1,1,0,0,3.000000,4.000000
16,logistic,1,5,69,2,2,3,0.000000,19.833300,5.042025,33,0.611978,31,0,2,0,0.611978,0.611978,0.000000,0.000000,0.611978,0.001634,0,53,1,1,31,16,33,113.000000,71.166700,19.833300,0.884956,1.405152,5.042025,-0.005018,0.005859,0.014165,0.005859,1,0,1,fixed,1,1,0,0,3.000000,4.000000
16,logistic,1,5,70,2,2,4,0.000000,19.833300,2.016810,33,0.611978,31,0,2,0,0.611978,0.611978,0.000000,0.000000,0.611978,0.001634,0,53,1,-1,31,16,33,113.000000,71.166700,19.833300,0.353982,0.562061,2.016810,-0.011386,0.002206,0.014165,0.002206,1,0,1,fixed,1,1,0,0,3.000000,4.000000
16,logistic,1,5,71,2,2,4,0.000000,19.833300,2.016810,33,0.611978,31,0,2,0,0.611978,0.611978,0.000000,0.000000,0.611978,0.001634,0,53,1,-1,31,16,33,113.000000,71.166700,19.833300,0.353982,0.562061,2.016810,-0.011386,0.002206,0.014165,0.002206,1,0,1,fixed,1,1,0,0,3.000000,4.000000
16,logistic,1,5,72,0,0,2,2.654672,113.000000,0.331834,31,0.611978,31,0,0,0,0.611978,0.611978,0.000000,0.000000,0.611978,0.001634,0,53,1,0,31,16,33,113.000000,71.166700,19.833300,0.321587,0.293062,0.322074,0.014165,0.021599,0.029276,0.029276,1,0,1,fixed,1,1,0,0,3.000000,4.000000
16,logistic,1,5,73,2,2,4,0.000000,19.833300,2.016810,33,0.611978,31,0,2,0,0.611978,0.611978,0.000000,0.000000,0.611978,0.001634,0,53,1,-1,31,16,33,113.000000,71.166700,19.833300,0.353982,0.562061,2.016810,-0.011386,0.002206,0.014165,0.002206,1,0,1,fixed,1,1,0,0,3.000000,4.000000
16,logistic,1,5,74,1,1,1,2.266161,71.166700,0.755387,16,0.611978,31,0,1,0,0.611978,0.611978,0.000000,0.000000,0.611978,0.001634,0,53,1,-1,31,16,33,113.000000,71.166700,19.833300,0.831621,0.835339,0.733170,0.004599,0.014165,0.018918,0.018918,1,0,1,fixed,1,1,0,0,3.000000,4.000000
16,logistic,1,5,75,1,1,1,2.662604,71.166700,0.887535,16,0.611978,31,0,1,0,0.611978,0.611978,0.000000,0.000000,0.611978,0.001634,0,53,1,-1,31,16,33,113.000000,71.166700,19.833300,0.831621,0.826529,0.861431,0.004656,0.014165,0.019990,0.019990,1,0,1,fixed,1,1,0,0,3.000000,4.000000
16,logistic,1,5,76,2,2,3,0.000000,19.833300,5.042025,33,0.611978,31,0,2,0,0.611978,0.611978,0.000000,0.000000,0.611978,0.001634,0,53,1,1,31,16,33,113.000000,71.166700,19.833300,0.884956,1.405152,5.042025,-0.005018,0.005859,0.014165,0.005859,1,0,1,fixed,1,1,0,0,3.000000,4.000000
16,logistic,1,5,77,2,2,3,0.000000,19.833300,5.042025,33,0.611978,31,0,2,0,0.611978,0.611978,0.000000,0.000000,0.611978,0.001634,0,53,1,1,31,16,33,113.000000,71.166700,19.833300,0.884956,1.405152,5.042025,-0.005018,0.005859,0.014165,0.005859,1,0,1,fixed,1,1,0,0,3.000000,4.000000
16,logistic,1,5,78,0,0,2,2.649201,113.000000,0.331150,31,0.611978,31,0,0,0,0.611978,0.611978,0.000000,0.000000,0.611978,0.001634,0,53,1,0,31,16,33,113.000000,71.166700,19.833300,0.321610,0.293062,0.321410,0.014165,0.021598,0.029242,0.029242,1,0,1,fixed,1,1,0,0,3.000000,4.000000
16,logistic,1,5,79,0,0,2,2.649225,113.000000,0.331153,31,0.611978,31,0,0,0,0.611978,0.611978,0.000000,0.000000,0.611978,0.001634,0,53,1,0,31,16,33,113.000000,71.166700,19.833300,0.321610,0.293062,0.321413,0.014165,0.021598,0.029242,0.029242,1,0,1,fixed,1,1,0,0,3.000000,4.000000
16,logistic,1,5,80,2,2,4,0.000000,19.833300,2.016810,33,0.611978,31,0,2,0,0.611978,0.611978,0.000000,0.000000,0.611978,0.001634,0,53,1,-1,31,16,33,113.000000,71.166700,19.833300,0.353982,0.562061,2.016810,-0.011386,0.002206,0.014165,0.002206,1,0,1,fixed,1,1,0,0,3.000000,4.000000
