seed,method,max_switches,cycle_id,ue_id,previous_bs_id,current_bs_id,app_type,tp_mbps,rtt_ms,satisfaction,num_users_on_current_bs,harmonic_mean,num_unsatisfied_users,target_ue_flag,action_selected_bs_id,switch_flag,h_before,h_after_estimated,reward,estimated_reward,h_after_measured,measured_reward,switch_count,num_degraded_users,measurement_valid,candidate_type,num_users_ap0,num_users_ap1,num_users_ap2,monitor_rtt_ap0,monitor_rtt_ap1,monitor_rtt_ap2,estimated_satisfaction_if_ap0,estimated_satisfaction_if_ap1,estimated_satisfaction_if_ap2,estimated_h_delta_if_ap0,estimated_h_delta_if_ap1,estimated_h_delta_if_ap2,best_estimated_h_delta,effective_max_switches,applied_switches_in_cycle,remaining_switch_budget,k_schedule_type,k_max,k_min,k_decay_rate,stop_action_flag,warmup_before_cycle_sec,cycle_start_offset_sec
1,multi_greedy,10,1,1,2,2,4,0.000000,94.833300,0.421793,24,0.376814,33,0,2,0,0.376814,0.526234,0.149420,0.149420,0.376814,0.000000,10,0,1,0,20,36,24,69.833300,84.666700,94.833300,0.572793,0.472441,0.421793,0.004029,-0.000816,0.000086,0.004029,10,10,0,fixed,10,10,0,0,3.000000,4.000000
1,multi_greedy,10,1,2,1,1,2,1.290666,84.666700,0.161333,36,0.376814,33,0,1,0,0.376814,0.526234,0.149420,0.149420,0.376814,0.000000,10,0,1,0,20,36,24,69.833300,84.666700,94.833300,0.875479,0.161389,0.126739,0.013353,0.000086,-0.001863,0.013353,10,10,0,fixed,10,10,0,0,3.000000,4.000000
1,multi_greedy,10,1,3,1,1,2,1.291792,84.666700,0.161474,36,0.376814,33,0,0,1,0.376814,0.526234,0.149420,0.149420,0.376814,0.000000,10,0,1,0,20,36,24,69.833300,84.666700,94.833300,0.875479,0.161378,0.126739,0.013353,0.000086,-0.001862,0.013353,10,10,0,fixed,10,10,0,0,3.000000,4.000000
1,multi_greedy,10,1,4,1,1,1,2.746776,84.666700,0.915592,36,0.376814,33,0,1,0,0.376814,0.526234,0.149420,0.149420,0.376814,0.000000,10,0,1,-1,20,36,24,69.833300,84.666700,94.833300,2.334611,0.876284,0.747950,0.005520,0.000086,0.001039,0.005520,10,10,0,fixed,10,10,0,0,3.000000,4.000000
1,multi_greedy,10,1,5,1,1,2,1.291816,84.666700,0.161477,36,0.376814,33,0,0,1,0.376814,0.526234,0.149420,0.149420,0.376814,0.000000,10,0,1,0,20,36,24,69.833300,84.666700,94.833300,0.875479,0.161378,0.126739,0.013353,0.000086,-0.001862,0.013353,10,10,0,fixed,10,10,0,0,3.000000,4.000000
1,multi_greedy,10,1,6,2,2,4,0.000000,94.833300,0.421793,24,0.376814,33,0,2,0,0.376814,0.526234,0.149420,0.149420,0.376814,0.000000,10,0,1,0,20,36,24,69.833300,84.666700,94.833300,0.572793,0.472441,0.421793,0.004029,-0.000816,0.000086,0.004029,10,10,0,fixed,10,10,0,0,3.000000,4.000000
1,multi_greedy,10,1,7,0,0,3,0.000000,69.833300,1.431982,20,0.376814,33,0,0,0,0.376814,0.526234,0.149420,0.149420,0.376814,0.000000,10,0,1,-1,20,36,24,69.833300,84.666700,94.833300,1.431982,1.181102,1.054482,0.000086,-0.004274,-0.003123,0.000000,10,10,0,fixed,10,10,0,0,3.000000,4.000000
1,multi_greedy,10,1,8,1,1,3,0.000000,84.666700,1.181102,36,0.376814,33,0,1,0,0.376814,0.526234,0.149420,0.149420,0.376814,0.000000,10,0,1,1,20,36,24,69.833300,84.666700,94.833300,1.431982,1.181102,1.054482,0.004548,0.000086,0.001264,0.004548,10,10,0,fixed,10,10,0,0,3.000000,4.000000
1,multi_greedy,10,1,9,2,2,2,1.060070,94.833300,0.132509,24,0.376814,33,0,0,1,0.376814,0.526234,0.149420,0.149420,0.376814,0.000000,10,0,1,0,20,36,24,69.833300,84.666700,94.833300,0.875479,0.157023,0.131897,0.014266,0.000324,0.000086,0.014266,10,10,0,fixed,10,10,0,0,3.000000,4.000000
1,multi_greedy,10,1,10,1,1,1,2.758055,84.666700,0.919352,36,0.376814,33,0,1,0,0.376814,0.526234,0.149420,0.149420,0.376814,0.000000,10,0,1,-1,20,36,24,69.833300,84.666700,94.833300,2.334611,0.875747,0.747950,0.005521,0.000086,0.001040,0.005521,10,10,0,fixed,10,10,0,0,3.000000,4.000000
1,multi_greedy,10,1,11,2,2,4,0.000000,94.833300,0.421793,24,0.376814,33,0,2,0,0.376814,0.526234,0.149420,0.149420,0.376814,0.000000,10,0,1,0,20,36,24,69.833300,84.666700,94.833300,0.572793,0.472441,0.421793,0.004029,-0.000816,0.000086,0.004029,10,10,0,fixed,10,10,0,0,3.000000,4.000000
1,multi_greedy,10,1,12,1,1,3,0.000000,84.666700,1.181102,36,0.376814,33,0,1,0,0.376814,0.526234,0.149420,0.149420,0.376814,0.000000,10,0,1,1,20,36,24,69.833300,84.666700,94.833300,1.431982,1.181102,1.054482,0.004548,0.000086,0.001264,0.004548,10,10,0,fixed,10,10,0,0,3.000000,4.000000
1,multi_greedy,10,1,13,0,0,4,0.000000,69.833300,0.572793,20,0.376814,33,0,0,0,0.376814,0.526234,0.149420,0.149420,0.376814,0.000000,10,0,1,-1,20,36,24,69.833300,84.666700,94.833300,0.572793,0.472441,0.421793,0.000086,-0.004659,-0.003776,0.000000,10,10,0,fixed,10,10,0,0,3.000000,4.000000
1,multi_greedy,10,1,14,2,2,2,1.044796,94.833300,0.130599,24,0.376814,33,1,2,0,0.376814,0.526234,0.149420,0.149420,0.376814,0.000000,10,0,1,0,20,36,24,69.833300,84.666700,94.833300,0.875479,0.157023,0.132375,0.014215,0.000278,0.000086,0.014215,10,10,0,fixed,10,10,0,0,3.000000,4.000000
1,multi_greedy,10,1,15,0,0,3,0.000000,69.833300,1.431982,20,0.376814,33,0,0,0,0.376814,0.526234,0.149420,0.149420,0.376814,0.000000,10,0,1,-1,20,36,24,69.833300,84.666700,94.833300,1.431982,1.181102,1.054482,0.000086,-0.004274,-0.003123,0.000000,10,10,0,fixed,10,10,0,0,3.000000,4.000000
1,multi_greedy,10,1,16,2,2,3,0.000000,94.833300,1.054482,24,0.376814,33,0,2,0,0.376814,0.526234,0.149420,0.149420,0.376814,0.000000,10,0,1,-1,20,36,24,69.833300,84.666700,94.833300,1.431982,1.181102,1.054482,0.003350,-0.001085,0.000086,0.003350,10,10,0,fixed,10,10,0,0,3.000000,4.000000
1,multi_greedy,10,1,17,2,2,3,0.000000,94.833300,1.054482,24,0.376814,33,0,2,0,0.376814,0.526234,0.149420,0.149420,0.376814,0.000000,10,0,1,-1,20,36,24,69.833300,84.666700,94.833300,1.431982,1.181102,1.054482,0.003350,-0.001085,0.000086,0.003350,10,10,0,fixed,10,10,0,0,3.000000,4.000000
1,multi_greedy,10,1,18,2,2,4,0.000000,94.833300,0.421793,24,0.376814,33,0,2,0,0.376814,0.526234,0.149420,0.149420,0.376814,0.000000,10,0,1,0,20,36,24,69.833300,84.666700,94.833300,0.572793,0.472441,0.421793,0.004029,-0.000816,0.000086,0.004029,10,10,0,fixed,10,10,0,0,3.000000,4.000000
1,multi_greedy,10,1,19,0,0,4,0.000000,69.833300,0.572793,20,0.376814,33,0,0,0,0.376814,0.526234,0.149420,0.149420,0.376814,0.000000,10,0,1,-1,20,36,24,69.833300,84.666700,94.833300,0.572793,0.472441,0.421793,0.000086,-0.004659,-0.003776,0.000000,10,10,0,fixed,10,10,0,0,3.000000,4.000000
1,multi_greedy,10,1,20,1,1,2,1.290700,84.666700,0.161338,36,0.376814,33,0,1,0,0.376814,0.526234,0.149420,0.149420,0.376814,0.000000,10,0,1,0,20,36,24,69.833300,84.666700,94.833300,0.875479,0.161389,0.126739,0.013353,0.000086,-0.001863,0.013353,10,10,0,fixed,10,10,0,0,3.000000,4.000000
1,multi_greedy,10,1,21,0,0,4,0.000000,69.833300,0.572793,20,0.376814,33,0,0,0,0.376814,0.526234,0.149420,0.149420,0.376814,0.000000,10,0,1,-1,20,36,24,69.833300,84.666700,94.833300,0.572793,0.472441,0.421793,0.000086,-0.004659,-0.003776,0.000000,10,10,0,fixed,10,10,0,0,3.000000,4.000000
1,multi_greedy,10,1,22,1,1,3,0.000000,84.666700,1.181102,36,0.376814,33,0,1,0,0.376814,0.526234,0.149420,0.149420,0.376814,0.000000,10,0,1,1,20,36,24,69.833300,84.666700,94.833300,1.431982,1.181102,1.054482,0.004548,0.000086,0.001264,0.004548,10,10,0,fixed,10,10,0,0,3.000000,4.000000
1,multi_greedy,10,1,23,1,1,1,2.633646,84.666700,0.877882,36,0.376814,33,0,1,0,0.376814,0.526234,0.149420,0.149420,0.376814,0.000000,10,0,1,-1,20,36,24,69.833300,84.666700,94.833300,2.334611,0.881671,0.747950,0.005507,0.000086,0.001027,0.005507,10,10,0,fixed,10,10,0,0,3.000000,4.000000
1,multi_greedy,10,1,24,1,1,4,0.000000,84.666700,0.472441,36,0.376814,33,0,1,0,0.376814,0.526234,0.149420,0.149420,0.376814,0.000000,10,0,1,0,20,36,24,69.833300,84.666700,94.833300,0.572793,0.472441,0.421793,0.004953,0.000086,0.000991,0.004953,10,10,0,fixed,10,10,0,0,3.000000,4.000000
1,multi_greedy,10,1,25,2,2,1,2.345101,94.833300,0.781700,24,0.376814,33,0,2,0,0.376814,0.526234,0.149420,0.149420,0.376814,0.000000,10,0,1,-1,20,36,24,69.833300,84.666700,94.833300,2.334611,0.857382,0.778598,0.004351,-0.001150,0.000086,0.004351,10,10,0,fixed,10,10,0,0,3.000000,4.000000
1,multi_greedy,10,1,26,1,1,3,0.000000,84.666700,1.181102,36,0.376814,33,0,1,0,0.376814,0.526234,0.149420,0.149420,0.376814,0.000000,10,0,1,1,20,36,24,69.833300,84.666700,94.833300,1.431982,1.181102,1.054482,0.004548,0.000086,0.001264,0.004548,10,10,0,fixed,10,10,0,0,3.000000,4.000000
1,multi_greedy,10,1,27,1,1,1,2.767435,84.666700,0.922478,36,0.376814,33,0,1,0,0.376814,0.526234,0.149420,0.149420,0.376814,0.000000,10,0,1,-1,20,36,24,69.833300,84.666700,94.833300,2.334611,0.875301,0.747950,0.005522,0.000086,0.001041,0.005522,10,10,0,fixed,10,10,0,0,3.000000,4.000000
1,multi_greedy,10,1,28,0,0,2,7.354024,69.833300,0.919253,20,0.376814,33,0,0,0,0.376814,0.526234,0.149420,0.149420,0.376814,0.000000,10,0,1,-1,20,36,24,69.833300,84.666700,94.833300,0.919253,0.157023,0.126739,0.000086,-0.013060,-0.014310,0.000000,10,10,0,fixed,10,10,0,0,3.000000,4.000000
1,multi_greedy,10,1,29,2,2,1,2.298498,94.833300,0.766166,24,0.376814,33,0,2,0,0.376814,0.526234,0.149420,0.149420,0.376814,0.000000,10,0,1,-1,20,36,24,69.833300,84.666700,94.833300,2.334611,0.857382,0.781705,0.004342,-0.001159,0.000086,0.004342,10,10,0,fixed,10,10,0,0,3.000000,4.000000
1,multi_greedy,10,1,30,2,2,4,0.000000,94.833300,0.421793,24,0.376814,33,0,2,0,0.376814,0.526234,0.149420,0.149420,0.376814,0.000000,10,0,1,0,20,36,24,69.833300,84.666700,94.833300,0.572793,0.472441,0.421793,0.004029,-0.000816,0.000086,0.004029,10,10,0,fixed,10,10,0,0,3.000000,4.000000
1,multi_greedy,10,1,31,1,1,2,1.290712,84.666700,0.161339,36,0.376814,33,0,1,0,0.376814,0.526234,0.149420,0.149420,0.376814,0.000000,10,0,1,0,20,36,24,69.833300,84.666700,94.833300,0.875479,0.161389,0.126739,0.013353,0.000086,-0.001863,0.013353,10,10,0,fixed,10,10,0,0,3.000000,4.000000
1,multi_greedy,10,1,32,0,0,4,0.000000,69.833300,0.572793,20,0.376814,33,0,0,0,0.376814,0.526234,0.149420,0.149420,0.376814,0.000000,10,0,1,-1,20,36,24,69.833300,84.666700,94.833300,0.572793,0.472441,0.421793,0.000086,-0.004659,-0.003776,0.000000,10,10,0,fixed,10,10,0,0,3.000000,4.000000
1,multi_greedy,10,1,33,1,1,2,1.290713,84.666700,0.161339,36,0.376814,33,0,0,1,0.376814,0.526234,0.149420,0.149420,0.376814,0.000000,10,0,1,0,20,36,24,69.833300,84.666700,94.833300,0.875479,0.161389,0.126739,0.013353,0.000086,-0.001863,0.013353,10,10,0,fixed,10,10,0,0,3.000000,4.000000
1,multi_greedy,10,1,34,0,0,4,0.000000,69.833300,0.572793,20,0.376814,33,0,0,0,0.376814,0.526234,0.149420,0.149420,0.376814,0.000000,10,0,1,-1,20,36,24,69.833300,84.666700,94.833300,0.572793,0.472441,0.421793,0.000086,-0.004659,-0.003776,0.000000,10,10,0,fixed,10,10,0,0,3.000000,4.000000
1,multi_greedy,10,1,35,2,2,3,0.000000,94.833300,1.054482,24,0.376814,33,0,2,0,0.376814,0.526234,0.149420,0.149420,0.376814,0.000000,10,0,1,-1,20,36,24,69.833300,84.666700,94.833300,1.431982,1.181102,1.054482,0.003350,-0.001085,0.000086,0.003350,10,10,0,fixed,10,10,0,0,3.000000,4.000000
1,multi_greedy,10,1,36,0,0,4,0.000000,69.833300,0.572793,20,0.376814,33,0,0,0,0.376814,0.526234,0.149420,0.149420,0.376814,0.000000,10,0,1,-1,20,36,24,69.833300,84.666700,94.833300,0.572793,0.472441,0.421793,0.000086,-0.004659,-0.003776,0.000000,10,10,0,fixed,10,10,0,0,3.000000,4.000000
1,multi_greedy,10,1,37,1,1,4,0.000000,84.666700,0.472441,36,0.376814,33,0,1,0,0.376814,0.526234,0.149420,0.149420,0.376814,0.000000,10,0,1,0,20,36,24,69.833300,84.666700,94.833300,0.572793,0.472441,0.421793,0.004953,0.000086,0.000991,0.004953,10,10,0,fixed,10,10,0,0,3.000000,4.000000
1,multi_greedy,10,1,38,2,2,3,0.000000,94.833300,1.054482,24,0.376814,33,0,2,0,0.376814,0.526234,0.149420,0.149420,0.376814,0.000000,10,0,1,-1,20,36,24,69.833300,84.666700,94.833300,1.431982,1.181102,1.054482,0.003350,-0.001085,0.000086,0.003350,10,10,0,fixed,10,10,0,0,3.000000,4.000000
1,multi_greedy,10,1,39,1,1,2,1.290700,84.666700,0.161338,36,0.376814,33,0,1,0,0.376814,0.526234,0.149420,0.149420,0.376814,0.000000,10,0,1,0,20,36,24,69.833300,84.666700,94.833300,0.875479,0.161389,0.126739,0.013353,0.000086,-0.001863,0.013353,10,10,0,fixed,10,10,0,0,3.000000,4.000000
1,multi_greedy,10,1,40,1,1,1,2.460131,84.666700,0.820044,36,0.376814,33,0,1,0,0.376814,0.526234,0.149420,0.149420,0.376814,0.000000,10,0,1,-1,20,36,24,69.833300,84.666700,94.833300,2.334611,0.889934,0.747950,0.005488,0.000086,0.001009,0.005488,10,10,0,fixed,10,10,0,0,3.000000,4.000000
1,multi_greedy,10,1,41,0,0,2,7.354024,69.833300,0.919253,20,0.376814,33,0,0,0,0.376814,0.526234,0.149420,0.149420,0.376814,0.000000,10,0,1,-1,20,36,24,69.833300,84.666700,94.833300,0.919253,0.157023,0.126739,0.000086,-0.013060,-0.014310,0.000000,10,10,0,fixed,10,10,0,0,3.000000,4.000000
1,multi_greedy,10,1,42,1,1,4,0.000000,84.666700,0.472441,36,0.376814,33,0,1,0,0.376814,0.526234,0.149420,0.149420,0.376814,0.000000,10,0,1,0,20,36,24,69.833300,84.666700,94.833300,0.572793,0.472441,0.421793,0.004953,0.000086,0.000991,0.004953,10,10,0,fixed,10,10,0,0,3.000000,4.000000
1,multi_greedy,10,1,43,2,2,2,1.060092,94.833300,0.132512,24,0.376814,33,0,0,1,0.376814,0.526234,0.149420,0.149420,0.376814,0.000000,10,0,1,0,20,36,24,69.833300,84.666700,94.833300,0.875479,0.157023,0.131897,0.014266,0.000324,0.000086,0.014266,10,10,0,fixed,10,10,0,0,3.000000,4.000000
1,multi_greedy,10,1,44,0,0,4,0.000000,69.833300,0.572793,20,0.376814,33,0,0,0,0.376814,0.526234,0.149420,0.149420,0.376814,0.000000,10,0,1,-1,20,36,24,69.833300,84.666700,94.833300,0.572793,0.472441,0.421793,0.000086,-0.004659,-0.003776,0.000000,10,10,0,fixed,10,10,0,0,3.000000,4.000000
1,multi_greedy,10,1,45,1,1,3,0.000000,84.666700,1.181102,36,0.376814,33,0,1,0,0.376814,0.526234,0.149420,0.149420,0.376814,0.000000,10,0,1,1,20,36,24,69.833300,84.666700,94.833300,1.431982,1.181102,1.054482,0.004548,0.000086,0.001264,0.004548,10,10,0,fixed,10,10,0,0,3.000000,4.000000
1,multi_greedy,10,1,46,1,1,2,1.290712,84.666700,0.161339,36,0.376814,33,0,1,0,0.376814,0.526234,0.149420,0.149420,0.376814,0.000000,10,0,1,0,20,36,24,69.833300,84.666700,94.833300,0.875479,0.161389,0.126739,0.013353,0.000086,-0.001863,0.013353,10,10,0,fixed,10,10,0,0,3.000000,4.000000
1,multi_greedy,10,1,47,2,2,2,1.057919,94.833300,0.132240,24,0.376814,33,0,0,1,0.376814,0.526234,0.149420,0.149420,0.376814,0.000000,10,0,1,0,20,36,24,69.833300,84.666700,94.833300,0.875479,0.157023,0.131964,0.014258,0.000318,0.000086,0.014258,10,10,0,fixed,10,10,0,0,3.000000,4.000000
1,multi_greedy,10,1,48,0,0,4,0.000000,69.833300,0.572793,20,0.376814,33,0,0,0,0.376814,0.526234,0.149420,0.149420,0.376814,0.000000,10,0,1,-1,20,36,24,69.833300,84.666700,94.833300,0.572793,0.472441,0.421793,0.000086,-0.004659,-0.003776,0.000000,10,10,0,fixed,10,10,0,0,3.000000,4.000000
1,multi_greedy,10,1,49,1,1,2,1.290637,84.666700,0.161330,36,0.376814,33,0,1,0,0.376814,0.526234,0.149420,0.149420,0.376814,0.000000,10,0,1,0,20,36,24,69.833300,84.666700,94.833300,0.875479,0.161389,0.126739,0.013352,0.000086,-0.001863,0.013352,10,10,0,fixed,10,10,0,0,3.000000,4.000000
1,multi_greedy,10,1,50,0,0,4,0.000000,69.833300,0.572793,20,0.376814,33,0,0,0,0.376814,0.526234,0.149420,0.149420,0.376814,0.000000,10,0,1,-1,20,36,24,69.833300,84.666700,94.833300,0.572793,0.472441,0.421793,0.000086,-0.004659,-0.003776,0.000000,10,10,0,fixed,10,10,0,0,3.000000,4.000000
1,multi_greedy,10,1,51,1,1,2,1.290607,84.666700,0.161326,36,0.376814,33,0,1,0,0.376814,0.526234,0.149420,0.149420,0.376814,0.000000,10,0,1,0,20,36,24,69.833300,84.666700,94.833300,0.875479,0.161390,0.126739,0.013352,0.000086,-0.001863,0.013352,10,10,0,fixed,10,10,0,0,3.000000,4.000000
1,multi_greedy,10,1,52,1,1,1,2.867125,84.666700,0.955708,36,0.376814,33,0,1,0,0.376814,0.526234,0.149420,0.149420,0.376814,0.000000,10,0,1,-1,20,36,24,69.833300,84.666700,94.833300,2.334611,0.870553,0.747950,0.005533,0.000086,0.001052,0.005533,10,10,0,fixed,10,10,0,0,3.000000,4.000000
1,multi_greedy,10,1,53,1,1,2,1.290683,84.666700,0.161335,36,0.376814,33,0,1,0,0.376814,0.526234,0.149420,0.149420,0.376814,0.000000,10,0,1,0,20,36,24,69.833300,84.666700,94.833300,0.875479,0.161389,0.126739,0.013353,0.000086,-0.001863,0.013353,10,10,0,fixed,10,10,0,0,3.000000,4.000000
1,multi_greedy,10,1,54,1,1,4,0.000000,84.666700,0.472441,36,0.376814,33,0,1,0,0.376814,0.526234,0.149420,0.149420,0.376814,0.000000,10,0,1,0,20,36,24,69.833300,84.666700,94.833300,0.572793,0.472441,0.421793,0.004953,0.000086,0.000991,0.004953,10,10,0,fixed,10,10,0,0,3.000000,4.000000
1,multi_greedy,10,1,55,0,0,2,7.354024,69.833300,0.919253,20,0.376814,33,0,0,0,0.376814,0.526234,0.149420,0.149420,0.376814,0.000000,10,0,1,-1,20,36,24,69.833300,84.666700,94.833300,0.919253,0.157023,0.126739,0.000086,-0.013060,-0.014310,0.000000,10,10,0,fixed,10,10,0,0,3.000000,4.000000
1,multi_greedy,10,1,56,0,0,4,0.000000,69.833300,0.572793,20,0.376814,33,0,0,0,0.376814,0.526234,0.149420,0.149420,0.376814,0.000000,10,0,1,-1,20,36,24,69.833300,84.666700,94.833300,0.572793,0.472441,0.421793,0.000086,-0.004659,-0.003776,0.000000,10,10,0,fixed,10,10,0,0,3.000000,4.000000
1,multi_greedy,10,1,57,2,2,3,0.000000,94.833300,1.054482,24,0.376814,33,0,2,0,0.376814,0.526234,0.149420,0.149420,0.376814,0.000000,10,0,1,-1,20,36,24,69.833300,84.666700,94.833300,1.431982,1.181102,1.054482,0.003350,-0.001085,0.000086,0.003350,10,10,0,fixed,10,10,0,0,3.000000,4.000000
1,multi_greedy,10,1,58,1,1,1,2.271144,84.666700,0.757048,36,0.376814,33,0,1,0,0.376814,0.526234,0.149420,0.149420,0.376814,0.000000,10,0,1,-1,20,36,24,69.833300,84.666700,94.833300,2.334611,0.898933,0.747950,0.005468,0.000086,0.000989,0.005468,10,10,0,fixed,10,10,0,0,3.000000,4.000000
1,multi_greedy,10,1,59,1,1,4,0.000000,84.666700,0.472441,36,0.376814,33,0,1,0,0.376814,0.526234,0.149420,0.149420,0.376814,0.000000,10,0,1,0,20,36,24,69.833300,84.666700,94.833300,0.572793,0.472441,0.421793,0.004953,0.000086,0.000991,0.004953,10,10,0,fixed,10,10,0,0,3.000000,4.000000
1,multi_greedy,10,1,60,1,1,3,0.000000,84.666700,1.181102,36,0.376814,33,0,1,0,0.376814,0.526234,0.149420,0.149420,0.376814,0.000000,10,0,1,1,20,36,24,69.833300,84.666700,94.833300,1.431982,1.181102,1.054482,0.004548,0.000086,0.001264,0.004548,10,10,0,fixed,10,10,0,0,3.000000,4.000000
1,multi_greedy,10,1,61,1,1,4,0.000000,84.666700,0.472441,36,0.376814,33,0,1,0,0.376814,0.526234,0.149420,0.149420,0.376814,0.000000,10,0,1,0,20,36,24,69.833300,84.666700,94.833300,0.572793,0.472441,0.421793,0.004953,0.000086,0.000991,0.004953,10,10,0,fixed,10,10,0,0,3.000000,4.000000
1,multi_greedy,10,1,62,0,0,3,0.000000,69.833300,1.431982,20,0.376814,33,0,0,0,0.376814,0.526234,0.149420,0.149420,0.376814,0.000000,10,0,1,-1,20,36,24,69.833300,84.666700,94.833300,1.431982,1.181102,1.054482,0.000086,-0.004274,-0.003123,0.000000,10,10,0,fixed,10,10,0,0,3.000000,4.000000
1,multi_greedy,10,1,63,0,0,2,7.354024,69.833300,0.919253,20,0.376814,33,0,0,0,0.376814,0.526234,0.149420,0.149420,0.376814,0.000000,10,0,1,-1,20,36,24,69.833300,84.666700,94.833300,0.919253,0.157023,0.126739,0.000086,-0.013060,-0.014310,0.000000,10,10,0,fixed,10,10,0,0,3.000000,4.000000
1,multi_greedy,10,1,64,1,1,4,0.000000,84.666700,0.472441,36,0.376814,33,0,1,0,0.376814,0.526234,0.149420,0.149420,0.376814,0.000000,10,0,1,0,20,36,24,69.833300,84.666700,94.833300,0.572793,0.472441,0.421793,0.004953,0.000086,0.000991,0.004953,10,10,0,fixed,10,10,0,0,3.000000,4.000000
1,multi_greedy,10,1,65,1,1,2,1.291799,84.666700,0.161475,36,0.376814,33,0,0,1,0.376814,0.526234,0.149420,0.149420,0.376814,0.000000,10,0,1,0,20,36,24,69.833300,84.666700,94.833300,0.875479,0.161378,0.126739,0.013353,0.000086,-0.001862,0.013353,10,10,0,fixed,10,10,0,0,3.000000,4.000000
1,multi_greedy,10,1,66,2,2,4,0.000000,94.833300,0.421793,24,0.376814,33,0,2,0,0.376814,0.526234,0.149420,0.149420,0.376814,0.000000,10,0,1,0,20,36,24,69.833300,84.666700,94.833300,0.572793,0.472441,0.421793,0.004029,-0.000816,0.000086,0.004029,10,10,0,fixed,10,10,0,0,3.000000,4.000000
1,multi_greedy,10,1,67,2,2,4,0.000000,94.833300,0.421793,24,0.376814,33,0,2,0,0.376814,0.526234,0.149420,0.149420,0.376814,0.000000,10,0,1,0,20,36,24,69.833300,84.666700,94.833300,0.572793,0.472441,0.421793,0.004029,-0.000816,0.000086,0.004029,10,10,0,fixed,10,10,0,0,3.000000,4.000000
1,multi_greedy,10,1,68,0,0,2,7.354024,69.833300,0.919253,20,0.376814,33,0,0,0,0.376814,0.526234,0.149420,0.149420,0.376814,0.000000,10,0,1,-1,20,36,24,69.833300,84.666700,94.833300,0.919253,0.157023,0.126739,0.000086,-0.013060,-0.014310,0.000000,10,10,0,fixed,10,10,0,0,3.000000,4.000000
1,multi_greedy,10,1,69,0,0,4,0.000000,69.833300,0.572793,20,0.376814,33,0,0,0,0.376814,0.526234,0.149420,0.149420,0.376814,0.000000,10,0,1,-1,20,36,24,69.833300,84.666700,94.833300,0.572793,0.472441,0.421793,0.000086,-0.004659,-0.003776,0.000000,10,10,0,fixed,10,10,0,0,3.000000,4.000000
1,multi_greedy,10,1,70,2,2,1,2.311938,94.833300,0.770646,24,0.376814,33,0,2,0,0.376814,0.526234,0.149420,0.149420,0.376814,0.000000,10,0,1,-1,20,36,24,69.833300,84.666700,94.833300,2.334611,0.857382,0.780809,0.004344,-0.001157,0.000086,0.004344,10,10,0,fixed,10,10,0,0,3.000000,4.000000
1,multi_greedy,10,1,71,2,2,3,0.000000,94.833300,1.054482,24,0.376814,33,0,2,0,0.376814,0.526234,0.149420,0.149420,0.376814,0.000000,10,0,1,-1,20,36,24,69.833300,84.666700,94.833300,1.431982,1.181102,1.054482,0.003350,-0.001085,0.000086,0.003350,10,10,0,fixed,10,10,0,0,3.000000,4.000000
1,multi_greedy,10,1,72,2,2,1,2.419632,94.833300,0.806544,24,0.376814,33,0,2,0,0.376814,0.526234,0.149420,0.149420,0.376814,0.000000,10,0,1,-1,20,36,24,69.833300,84.666700,94.833300,2.334611,0.857382,0.773629,0.004365,-0.001137,0.000086,0.004365,10,10,0,fixed,10,10,0,0,3.000000,4.000000
1,multi_greedy,10,1,73,2,2,1,2.351011,94.833300,0.783670,24,0.376814,33,0,2,0,0.376814,0.526234,0.149420,0.149420,0.376814,0.000000,10,0,1,-1,20,36,24,69.833300,84.666700,94.833300,2.334611,0.857382,0.778204,0.004352,-0.001149,0.000086,0.004352,10,10,0,fixed,10,10,0,0,3.000000,4.000000
1,multi_greedy,10,1,74,2,2,1,2.297887,94.833300,0.765962,24,0.376814,33,0,2,0,0.376814,0.526234,0.149420,0.149420,0.376814,0.000000,10,0,1,-1,20,36,24,69.833300,84.666700,94.833300,2.334611,0.857382,0.781745,0.004342,-0.001159,0.000086,0.004342,10,10,0,fixed,10,10,0,0,3.000000,4.000000
1,multi_greedy,10,1,75,1,1,2,1.291723,84.666700,0.161465,36,0.376814,33,0,0,1,0.376814,0.526234,0.149420,0.149420,0.376814,0.000000,10,0,1,0,20,36,24,69.833300,84.666700,94.833300,0.875479,0.161379,0.126739,0.013353,0.000086,-0.001862,0.013353,10,10,0,fixed,10,10,0,0,3.000000,4.000000
1,multi_greedy,10,1,76,1,1,1,2.644434,84.666700,0.881478,36,0.376814,33,0,1,0,0.376814,0.526234,0.149420,0.149420,0.376814,0.000000,10,0,1,-1,20,36,24,69.833300,84.666700,94.833300,2.334611,0.881158,0.747950,0.005508,0.000086,0.001028,0.005508,10,10,0,fixed,10,10,0,0,3.000000,4.000000
1,multi_greedy,10,1,77,1,1,3,0.000000,84.666700,1.181102,36,0.376814,33,0,1,0,0.376814,0.526234,0.149420,0.149420,0.376814,0.000000,10,0,1,1,20,36,24,69.833300,84.666700,94.833300,1.431982,1.181102,1.054482,0.004548,0.000086,0.001264,0.004548,10,10,0,fixed,10,10,0,0,3.000000,4.000000
1,multi_greedy,10,1,78,2,2,2,1.057905,94.833300,0.132238,24,0.376814,33,0,0,1,0.376814,0.526234,0.149420,0.149420,0.376814,0.000000,10,0,1,0,20,36,24,69.833300,84.666700,94.833300,0.875479,0.157023,0.131965,0.014258,0.000318,0.000086,0.014258,10,10,0,fixed,10,10,0,0,3.000000,4.000000
1,multi_greedy,10,1,79,1,1,2,1.291863,84.666700,0.161483,36,0.376814,33,0,0,1,0.376814,0.526234,0.149420,0.149420,0.376814,0.000000,10,0,1,0,20,36,24,69.833300,84.666700,94.833300,0.875479,0.161377,0.126739,0.013353,0.000086,-0.001862,0.013353,10,10,0,fixed,10,10,0,0,3.000000,4.000000
1,multi_greedy,10,1,80,0,0,2,7.354024,69.833300,0.919253,20,0.376814,33,0,0,0,0.376814,0.526234,0.149420,0.149420,0.376814,0.000000,10,0,1,-1,20,36,24,69.833300,84.666700,94.833300,0.919253,0.157023,0.126739,0.000086,-0.013060,-0.014310,0.000000,10,10,0,fixed,10,10,0,0,3.000000,4.000000
1,multi_greedy,10,2,1,2,2,4,0.000000,54.666700,0.731707,20,0.522394,20,0,2,0,0.522394,0.654944,0.132551,0.132551,0.522394,0.145580,10,21,1,-1,30,30,20,110.167000,79.333300,54.666700,0.363085,0.504202,0.731707,0.013475,0.013679,0.020035,0.013679,10,10,0,fixed,10,10,0,0,3.000000,4.000000
1,multi_greedy,10,2,2,1,1,2,1.664490,79.333300,0.208061,30,0.522394,20,0,0,1,0.522394,0.654944,0.132551,0.132551,0.522394,0.145580,10,21,1,0,30,30,20,110.167000,79.333300,54.666700,0.602511,0.199704,0.114622,0.034748,0.020035,0.010099,0.034748,10,10,0,fixed,10,10,0,0,3.000000,4.000000
1,multi_greedy,10,2,3,0,0,2,4.945364,110.167000,0.618171,30,0.522394,20,0,0,0,0.522394,0.654944,0.132551,0.132551,0.522394,0.145580,10,21,1,-1,30,30,20,110.167000,79.333300,54.666700,0.622889,0.194273,0.114622,0.020035,0.004634,-0.003720,0.004634,10,10,0,fixed,10,10,0,0,3.000000,4.000000
1,multi_greedy,10,2,4,1,1,1,3.265554,79.333300,1.088518,30,0.522394,20,0,1,0,0.522394,0.654944,0.132551,0.132551,0.522394,0.145580,10,21,1,-1,30,30,20,110.167000,79.333300,54.666700,1.606696,1.101682,0.940387,0.023623,0.020035,0.023536,0.023623,10,10,0,fixed,10,10,0,0,3.000000,4.000000
1,multi_greedy,10,2,5,0,0,2,4.944192,110.167000,0.618024,30,0.522394,20,0,0,0,0.522394,0.654944,0.132551,0.132551,0.522394,0.145580,10,21,1,-1,30,30,20,110.167000,79.333300,54.666700,0.622899,0.194273,0.114622,0.020035,0.004634,-0.003720,0.004634,10,10,0,fixed,10,10,0,0,3.000000,4.000000
1,multi_greedy,10,2,6,2,2,4,0.000000,54.666700,0.731707,20,0.522394,20,0,2,0,0.522394,0.654944,0.132551,0.132551,0.522394,0.145580,10,21,1,-1,30,30,20,110.167000,79.333300,54.666700,0.363085,0.504202,0.731707,0.013475,0.013679,0.020035,0.013679,10,10,0,fixed,10,10,0,0,3.000000,4.000000
1,multi_greedy,10,2,7,0,0,3,0.000000,110.167000,0.907713,30,0.522394,20,0,0,0,0.522394,0.654944,0.132551,0.132551,0.522394,0.145580,10,21,1,-1,30,30,20,110.167000,79.333300,54.666700,0.907713,1.260505,1.829267,0.020035,0.018546,0.023636,0.023636,10,10,0,fixed,10,10,0,0,3.000000,4.000000
1,multi_greedy,10,2,8,1,1,3,0.000000,79.333300,1.260505,30,0.522394,20,0,1,0,0.522394,0.654944,0.132551,0.132551,0.522394,0.145580,10,21,1,1,30,30,20,110.167000,79.333300,54.666700,0.907713,1.260505,1.829267,0.021531,0.020035,0.025153,0.025153,10,10,0,fixed,10,10,0,0,3.000000,4.000000
1,multi_greedy,10,2,9,0,0,2,5.091682,110.167000,0.636460,30,0.522394,20,0,0,0,0.522394,0.654944,0.132551,0.132551,0.522394,0.145580,10,21,1,-1,30,30,20,110.167000,79.333300,54.666700,0.621670,0.194273,0.114622,0.020035,0.004645,-0.003710,0.004645,10,10,0,fixed,10,10,0,0,3.000000,4.000000
1,multi_greedy,10,2,10,1,1,1,3.112353,79.333300,1.037451,30,0.522394,20,0,1,0,0.522394,0.654944,0.132551,0.132551,0.522394,0.145580,10,21,1,1,30,30,20,110.167000,79.333300,54.666700,1.606696,1.108977,0.940387,0.023601,0.020035,0.023515,0.023601,10,10,0,fixed,10,10,0,0,3.000000,4.000000
1,multi_greedy,10,2,11,2,2,4,0.000000,54.666700,0.731707,20,0.522394,20,0,2,0,0.522394,0.654944,0.132551,0.132551,0.522394,0.145580,10,21,1,-1,30,30,20,110.167000,79.333300,54.666700,0.363085,0.504202,0.731707,0.013475,0.013679,0.020035,0.013679,10,10,0,fixed,10,10,0,0,3.000000,4.000000
1,multi_greedy,10,2,12,1,1,3,0.000000,79.333300,1.260505,30,0.522394,20,0,1,0,0.522394,0.654944,0.132551,0.132551,0.522394,0.145580,10,21,1,1,30,30,20,110.167000,79.333300,54.666700,0.907713,1.260505,1.829267,0.021531,0.020035,0.025153,0.025153,10,10,0,fixed,10,10,0,0,3.000000,4.000000
1,multi_greedy,10,2,13,0,0,4,0.000000,110.167000,0.363085,30,0.522394,20,0,2,1,0.522394,0.654944,0.132551,0.132551,0.522394,0.145580,10,21,1,0,30,30,20,110.167000,79.333300,54.666700,0.363085,0.504202,0.731707,0.020035,0.020243,0.026756,0.026756,10,10,0,fixed,10,10,0,0,3.000000,4.000000
1,multi_greedy,10,2,14,2,2,2,0.962823,54.666700,0.120353,20,0.522394,20,1,2,0,0.522394,0.654944,0.132551,0.132551,0.522394,0.145580,10,21,1,0,30,30,20,110.167000,79.333300,54.666700,0.602511,0.194273,0.370278,0.021836,0.006712,0.020035,0.021836,10,10,0,fixed,10,10,0,0,3.000000,4.000000
1,multi_greedy,10,2,15,0,0,3,0.000000,110.167000,0.907713,30,0.522394,20,0,0,0,0.522394,0.654944,0.132551,0.132551,0.522394,0.145580,10,21,1,-1,30,30,20,110.167000,79.333300,54.666700,0.907713,1.260505,1.829267,0.020035,0.018546,0.023636,0.023636,10,10,0,fixed,10,10,0,0,3.000000,4.000000
1,multi_greedy,10,2,16,2,2,3,0.000000,54.666700,1.829267,20,0.522394,20,0,2,0,0.522394,0.654944,0.132551,0.132551,0.522394,0.145580,10,21,1,-1,30,30,20,110.167000,79.333300,54.666700,0.907713,1.260505,1.829267,0.016480,0.015011,0.020035,0.016480,10,10,0,fixed,10,10,0,0,3.000000,4.000000
1,multi_greedy,10,2,17,2,2,3,0.000000,54.666700,1.829267,20,0.522394,20,0,2,0,0.522394,0.654944,0.132551,0.132551,0.522394,0.145580,10,21,1,-1,30,30,20,110.167000,79.333300,54.666700,0.907713,1.260505,1.829267,0.016480,0.015011,0.020035,0.016480,10,10,0,fixed,10,10,0,0,3.000000,4.000000
1,multi_greedy,10,2,18,2,2,4,0.000000,54.666700,0.731707,20,0.522394,20,0,2,0,0.522394,0.654944,0.132551,0.132551,0.522394,0.145580,10,21,1,-1,30,30,20,110.167000,79.333300,54.666700,0.363085,0.504202,0.731707,0.013475,0.013679,0.020035,0.013679,10,10,0,fixed,10,10,0,0,3.000000,4.000000
1,multi_greedy,10,2,19,0,0,4,0.000000,110.167000,0.363085,30,0.522394,20,0,2,1,0.522394,0.654944,0.132551,0.132551,0.522394,0.145580,10,21,1,0,30,30,20,110.167000,79.333300,54.666700,0.363085,0.504202,0.731707,0.020035,0.020243,0.026756,0.026756,10,10,0,fixed,10,10,0,0,3.000000,4.000000
1,multi_greedy,10,2,20,1,1,2,1.592276,79.333300,0.199035,30,0.522394,20,0,1,0,0.522394,0.654944,0.132551,0.132551,0.522394,0.145580,10,21,1,0,30,30,20,110.167000,79.333300,54.666700,0.602511,0.200993,0.114622,0.034628,0.020035,0.009989,0.034628,10,10,0,fixed,10,10,0,0,3.000000,4.000000
1,multi_greedy,10,2,21,0,0,4,0.000000,110.167000,0.363085,30,0.522394,20,0,0,0,0.522394,0.654944,0.132551,0.132551,0.522394,0.145580,10,21,1,0,30,30,20,110.167000,79.333300,54.666700,0.363085,0.504202,0.731707,0.020035,0.020243,0.026756,0.026756,10,10,0,fixed,10,10,0,0,3.000000,4.000000
1,multi_greedy,10,2,22,1,1,3,0.000000,79.333300,1.260505,30,0.522394,20,0,1,0,0.522394,0.654944,0.132551,0.132551,0.522394,0.145580,10,21,1,1,30,30,20,110.167000,79.333300,54.666700,0.907713,1.260505,1.829267,0.021531,0.020035,0.025153,0.025153,10,10,0,fixed,10,10,0,0,3.000000,4.000000
1,multi_greedy,10,2,23,1,1,1,3.296482,79.333300,1.098827,30,0.522394,20,0,1,0,0.522394,0.654944,0.132551,0.132551,0.522394,0.145580,10,21,1,-1,30,30,20,110.167000,79.333300,54.666700,1.606696,1.100209,0.940387,0.023627,0.020035,0.023540,0.023627,10,10,0,fixed,10,10,0,0,3.000000,4.000000
1,multi_greedy,10,2,24,1,1,4,0.000000,79.333300,0.504202,30,0.522394,20,0,1,0,0.522394,0.654944,0.132551,0.132551,0.522394,0.145580,10,21,1,-1,30,30,20,110.167000,79.333300,54.666700,0.363085,0.504202,0.731707,0.019826,0.020035,0.026543,0.026543,10,10,0,fixed,10,10,0,0,3.000000,4.000000
1,multi_greedy,10,2,25,2,2,1,3.031148,54.666700,1.010383,20,0.522394,20,0,2,0,0.522394,0.654944,0.132551,0.132551,0.522394,0.145580,10,21,1,-1,30,30,20,110.167000,79.333300,54.666700,1.606696,1.064551,0.982812,0.019764,0.016002,0.020035,0.019764,10,10,0,fixed,10,10,0,0,3.000000,4.000000
1,multi_greedy,10,2,26,1,1,3,0.000000,79.333300,1.260505,30,0.522394,20,0,1,0,0.522394,0.654944,0.132551,0.132551,0.522394,0.145580,10,21,1,1,30,30,20,110.167000,79.333300,54.666700,0.907713,1.260505,1.829267,0.021531,0.020035,0.025153,0.025153,10,10,0,fixed,10,10,0,0,3.000000,4.000000
1,multi_greedy,10,2,27,1,1,1,3.221689,79.333300,1.073896,30,0.522394,20,0,1,0,0.522394,0.654944,0.132551,0.132551,0.522394,0.145580,10,21,1,-1,30,30,20,110.167000,79.333300,54.666700,1.606696,1.103771,0.940387,0.023617,0.020035,0.023530,0.023617,10,10,0,fixed,10,10,0,0,3.000000,4.000000
1,multi_greedy,10,2,28,0,0,2,4.945285,110.167000,0.618161,30,0.522394,20,0,0,0,0.522394,0.654944,0.132551,0.132551,0.522394,0.145580,10,21,1,-1,30,30,20,110.167000,79.333300,54.666700,0.622890,0.194273,0.114622,0.020035,0.004634,-0.003720,0.004634,10,10,0,fixed,10,10,0,0,3.000000,4.000000
1,multi_greedy,10,2,29,2,2,1,3.087194,54.666700,1.029065,20,0.522394,20,0,2,0,0.522394,0.654944,0.132551,0.132551,0.522394,0.145580,10,21,1,-1,30,30,20,110.167000,79.333300,54.666700,1.606696,1.064551,0.979075,0.019778,0.016015,0.020035,0.019778,10,10,0,fixed,10,10,0,0,3.000000,4.000000
1,multi_greedy,10,2,30,2,2,4,0.000000,54.666700,0.731707,20,0.522394,20,0,2,0,0.522394,0.654944,0.132551,0.132551,0.522394,0.145580,10,21,1,-1,30,30,20,110.167000,79.333300,54.666700,0.363085,0.504202,0.731707,0.013475,0.013679,0.020035,0.013679,10,10,0,fixed,10,10,0,0,3.000000,4.000000
1,multi_greedy,10,2,31,1,1,2,1.591179,79.333300,0.198897,30,0.522394,20,0,1,0,0.522394,0.654944,0.132551,0.132551,0.522394,0.145580,10,21,1,0,30,30,20,110.167000,79.333300,54.666700,0.602511,0.201013,0.114622,0.034626,0.020035,0.009987,0.034626,10,10,0,fixed,10,10,0,0,3.000000,4.000000
1,multi_greedy,10,2,32,0,0,4,0.000000,110.167000,0.363085,30,0.522394,20,0,2,1,0.522394,0.654944,0.132551,0.132551,0.522394,0.145580,10,21,1,0,30,30,20,110.167000,79.333300,54.666700,0.363085,0.504202,0.731707,0.020035,0.020243,0.026756,0.026756,10,10,0,fixed,10,10,0,0,3.000000,4.000000
1,multi_greedy,10,2,33,0,0,2,4.944234,110.167000,0.618029,30,0.522394,20,0,0,0,0.522394,0.654944,0.132551,0.132551,0.522394,0.145580,10,21,1,-1,30,30,20,110.167000,79.333300,54.666700,0.622899,0.194273,0.114622,0.020035,0.004634,-0.003720,0.004634,10,10,0,fixed,10,10,0,0,3.000000,4.000000
1,multi_greedy,10,2,34,0,0,4,0.000000,110.167000,0.363085,30,0.522394,20,0,2,1,0.522394,0.654944,0.132551,0.132551,0.522394,0.145580,10,21,1,0,30,30,20,110.167000,79.333300,54.666700,0.363085,0.504202,0.731707,0.020035,0.020243,0.026756,0.026756,10,10,0,fixed,10,10,0,0,3.000000,4.000000
1,multi_greedy,10,2,35,2,2,3,0.000000,54.666700,1.829267,20,0.522394,20,0,2,0,0.522394,0.654944,0.132551,0.132551,0.522394,0.145580,10,21,1,-1,30,30,20,110.167000,79.333300,54.666700,0.907713,1.260505,1.829267,0.016480,0.015011,0.020035,0.016480,10,10,0,fixed,10,10,0,0,3.000000,4.000000
1,multi_greedy,10,2,36,0,0,4,0.000000,110.167000,0.363085,30,0.522394,20,0,2,1,0.522394,0.654944,0.132551,0.132551,0.522394,0.145580,10,21,1,0,30,30,20,110.167000,79.333300,54.666700,0.363085,0.504202,0.731707,0.020035,0.020243,0.026756,0.026756,10,10,0,fixed,10,10,0,0,3.000000,4.000000
1,multi_greedy,10,2,37,1,1,4,0.000000,79.333300,0.504202,30,0.522394,20,0,1,0,0.522394,0.654944,0.132551,0.132551,0.522394,0.145580,10,21,1,-1,30,30,20,110.167000,79.333300,54.666700,0.363085,0.504202,0.731707,0.019826,0.020035,0.026543,0.026543,10,10,0,fixed,10,10,0,0,3.000000,4.000000
1,multi_greedy,10,2,38,2,2,3,0.000000,54.666700,1.829267,20,0.522394,20,0,2,0,0.522394,0.654944,0.132551,0.132551,0.522394,0.145580,10,21,1,-1,30,30,20,110.167000,79.333300,54.666700,0.907713,1.260505,1.829267,0.016480,0.015011,0.020035,0.016480,10,10,0,fixed,10,10,0,0,3.000000,4.000000
1,multi_greedy,10,2,39,1,1,2,1.593412,79.333300,0.199176,30,0.522394,20,0,1,0,0.522394,0.654944,0.132551,0.132551,0.522394,0.145580,10,21,1,0,30,30,20,110.167000,79.333300,54.666700,0.602511,0.200973,0.114622,0.034630,0.020035,0.009990,0.034630,10,10,0,fixed,10,10,0,0,3.000000,4.000000
1,multi_greedy,10,2,40,1,1,1,3.569047,79.333300,1.189682,30,0.522394,20,0,1,0,0.522394,0.654944,0.132551,0.132551,0.522394,0.145580,10,21,1,-1,30,30,20,110.167000,79.333300,54.666700,1.606696,1.087230,0.940387,0.023666,0.020035,0.023580,0.023666,10,10,0,fixed,10,10,0,0,3.000000,4.000000
1,multi_greedy,10,2,41,0,0,2,4.945327,110.167000,0.618166,30,0.522394,20,0,0,0,0.522394,0.654944,0.132551,0.132551,0.522394,0.145580,10,21,1,-1,30,30,20,110.167000,79.333300,54.666700,0.622890,0.194273,0.114622,0.020035,0.004634,-0.003720,0.004634,10,10,0,fixed,10,10,0,0,3.000000,4.000000
1,multi_greedy,10,2,42,1,1,4,0.000000,79.333300,0.504202,30,0.522394,20,0,1,0,0.522394,0.654944,0.132551,0.132551,0.522394,0.145580,10,21,1,-1,30,30,20,110.167000,79.333300,54.666700,0.363085,0.504202,0.731707,0.019826,0.020035,0.026543,0.026543,10,10,0,fixed,10,10,0,0,3.000000,4.000000
1,multi_greedy,10,2,43,0,0,2,5.082950,110.167000,0.635369,30,0.522394,20,0,0,0,0.522394,0.654944,0.132551,0.132551,0.522394,0.145580,10,21,1,-1,30,30,20,110.167000,79.333300,54.666700,0.621743,0.194273,0.114622,0.020035,0.004644,-0.003711,0.004644,10,10,0,fixed,10,10,0,0,3.000000,4.000000
1,multi_greedy,10,2,44,0,0,4,0.000000,110.167000,0.363085,30,0.522394,20,0,0,0,0.522394,0.654944,0.132551,0.132551,0.522394,0.145580,10,21,1,0,30,30,20,110.167000,79.333300,54.666700,0.363085,0.504202,0.731707,0.020035,0.020243,0.026756,0.026756,10,10,0,fixed,10,10,0,0,3.000000,4.000000
1,multi_greedy,10,2,45,1,1,3,0.000000,79.333300,1.260505,30,0.522394,20,0,1,0,0.522394,0.654944,0.132551,0.132551,0.522394,0.145580,10,21,1,1,30,30,20,110.167000,79.333300,54.666700,0.907713,1.260505,1.829267,0.021531,0.020035,0.025153,0.025153,10,10,0,fixed,10,10,0,0,3.000000,4.000000
1,multi_greedy,10,2,46,1,1,2,1.626203,79.333300,0.203275,30,0.522394,20,0,0,1,0.522394,0.654944,0.132551,0.132551,0.522394,0.145580,10,21,1,0,30,30,20,110.167000,79.333300,54.666700,0.602511,0.200387,0.114622,0.034684,0.020035,0.010040,0.034684,10,10,0,fixed,10,10,0,0,3.000000,4.000000
1,multi_greedy,10,2,47,0,0,2,5.088574,110.167000,0.636072,30,0.522394,20,0,0,0,0.522394,0.654944,0.132551,0.132551,0.522394,0.145580,10,21,1,-1,30,30,20,110.167000,79.333300,54.666700,0.621696,0.194273,0.114622,0.020035,0.004645,-0.003710,0.004645,10,10,0,fixed,10,10,0,0,3.000000,4.000000
1,multi_greedy,10,2,48,0,0,4,0.000000,110.167000,0.363085,30,0.522394,20,0,0,0,0.522394,0.654944,0.132551,0.132551,0.522394,0.145580,10,21,1,0,30,30,20,110.167000,79.333300,54.666700,0.363085,0.504202,0.731707,0.020035,0.020243,0.026756,0.026756,10,10,0,fixed,10,10,0,0,3.000000,4.000000
1,multi_greedy,10,2,49,1,1,2,1.593429,79.333300,0.199179,30,0.522394,20,0,0,1,0.522394,0.654944,0.132551,0.132551,0.522394,0.145580,10,21,1,0,30,30,20,110.167000,79.333300,54.666700,0.602511,0.200973,0.114622,0.034630,0.020035,0.009990,0.034630,10,10,0,fixed,10,10,0,0,3.000000,4.000000
1,multi_greedy,10,2,50,0,0,4,0.000000,110.167000,0.363085,30,0.522394,20,0,0,0,0.522394,0.654944,0.132551,0.132551,0.522394,0.145580,10,21,1,0,30,30,20,110.167000,79.333300,54.666700,0.363085,0.504202,0.731707,0.020035,0.020243,0.026756,0.026756,10,10,0,fixed,10,10,0,0,3.000000,4.000000
1,multi_greedy,10,2,51,1,1,2,1.593429,79.333300,0.199179,30,0.522394,20,0,0,1,0.522394,0.654944,0.132551,0.132551,0.522394,0.145580,10,21,1,0,30,30,20,110.167000,79.333300,54.666700,0.602511,0.200973,0.114622,0.034630,0.020035,0.009990,0.034630,10,10,0,fixed,10,10,0,0,3.000000,4.000000
1,multi_greedy,10,2,52,1,1,1,3.099516,79.333300,1.033172,30,0.522394,20,0,1,0,0.522394,0.654944,0.132551,0.132551,0.522394,0.145580,10,21,1,1,30,30,20,110.167000,79.333300,54.666700,1.606696,1.109588,0.940387,0.023599,0.020035,0.023513,0.023599,10,10,0,fixed,10,10,0,0,3.000000,4.000000
1,multi_greedy,10,2,53,1,1,2,1.593482,79.333300,0.199185,30,0.522394,20,0,0,1,0.522394,0.654944,0.132551,0.132551,0.522394,0.145580,10,21,1,0,30,30,20,110.167000,79.333300,54.666700,0.602511,0.200972,0.114622,0.034630,0.020035,0.009990,0.034630,10,10,0,fixed,10,10,0,0,3.000000,4.000000
1,multi_greedy,10,2,54,1,1,4,0.000000,79.333300,0.504202,30,0.522394,20,0,1,0,0.522394,0.654944,0.132551,0.132551,0.522394,0.145580,10,21,1,-1,30,30,20,110.167000,79.333300,54.666700,0.363085,0.504202,0.731707,0.019826,0.020035,0.026543,0.026543,10,10,0,fixed,10,10,0,0,3.000000,4.000000
1,multi_greedy,10,2,55,0,0,2,4.945303,110.167000,0.618163,30,0.522394,20,0,0,0,0.522394,0.654944,0.132551,0.132551,0.522394,0.145580,10,21,1,-1,30,30,20,110.167000,79.333300,54.666700,0.622890,0.194273,0.114622,0.020035,0.004634,-0.003720,0.004634,10,10,0,fixed,10,10,0,0,3.000000,4.000000
1,multi_greedy,10,2,56,0,0,4,0.000000,110.167000,0.363085,30,0.522394,20,0,0,0,0.522394,0.654944,0.132551,0.132551,0.522394,0.145580,10,21,1,0,30,30,20,110.167000,79.333300,54.666700,0.363085,0.504202,0.731707,0.020035,0.020243,0.026756,0.026756,10,10,0,fixed,10,10,0,0,3.000000,4.000000
1,multi_greedy,10,2,57,2,2,3,0.000000,54.666700,1.829267,20,0.522394,20,0,2,0,0.522394,0.654944,0.132551,0.132551,0.522394,0.145580,10,21,1,-1,30,30,20,110.167000,79.333300,54.666700,0.907713,1.260505,1.829267,0.016480,0.015011,0.020035,0.016480,10,10,0,fixed,10,10,0,0,3.000000,4.000000
1,multi_greedy,10,2,58,1,1,1,3.607568,79.333300,1.202523,30,0.522394,20,0,1,0,0.522394,0.654944,0.132551,0.132551,0.522394,0.145580,10,21,1,-1,30,30,20,110.167000,79.333300,54.666700,1.606696,1.085395,0.940387,0.023672,0.020035,0.023585,0.023672,10,10,0,fixed,10,10,0,0,3.000000,4.000000
1,multi_greedy,10,2,59,1,1,4,0.000000,79.333300,0.504202,30,0.522394,20,0,1,0,0.522394,0.654944,0.132551,0.132551,0.522394,0.145580,10,21,1,-1,30,30,20,110.167000,79.333300,54.666700,0.363085,0.504202,0.731707,0.019826,0.020035,0.026543,0.026543,10,10,0,fixed,10,10,0,0,3.000000,4.000000
1,multi_greedy,10,2,60,1,1,3,0.000000,79.333300,1.260505,30,0.522394,20,0,1,0,0.522394,0.654944,0.132551,0.132551,0.522394,0.145580,10,21,1,1,30,30,20,110.167000,79.333300,54.666700,0.907713,1.260505,1.829267,0.021531,0.020035,0.025153,0.025153,10,10,0,fixed,10,10,0,0,3.000000,4.000000
1,multi_greedy,10,2,61,1,1,4,0.000000,79.333300,0.504202,30,0.522394,20,0,1,0,0.522394,0.654944,0.132551,0.132551,0.522394,0.145580,10,21,1,-1,30,30,20,110.167000,79.333300,54.666700,0.363085,0.504202,0.731707,0.019826,0.020035,0.026543,0.026543,10,10,0,fixed,10,10,0,0,3.000000,4.000000
1,multi_greedy,10,2,62,0,0,3,0.000000,110.167000,0.907713,30,0.522394,20,0,0,0,0.522394,0.654944,0.132551,0.132551,0.522394,0.145580,10,21,1,-1,30,30,20,110.167000,79.333300,54.666700,0.907713,1.260505,1.829267,0.020035,0.018546,0.023636,0.023636,10,10,0,fixed,10,10,0,0,3.000000,4.000000
1,multi_greedy,10,2,63,0,0,2,4.945386,110.167000,0.618173,30,0.522394,20,0,0,0,0.522394,0.654944,0.132551,0.132551,0.522394,0.145580,10,21,1,-1,30,30,20,110.167000,79.333300,54.666700,0.622889,0.194273,0.114622,0.020035,0.004634,-0.003720,0.004634,10,10,0,fixed,10,10,0,0,3.000000,4.000000
1,multi_greedy,10,2,64,1,1,4,0.000000,79.333300,0.504202,30,0.522394,20,0,1,0,0.522394,0.654944,0.132551,0.132551,0.522394,0.145580,10,21,1,-1,30,30,20,110.167000,79.333300,54.666700,0.363085,0.504202,0.731707,0.019826,0.020035,0.026543,0.026543,10,10,0,fixed,10,10,0,0,3.000000,4.000000
1,multi_greedy,10,2,65,0,0,2,4.944322,110.167000,0.618040,30,0.522394,20,0,0,0,0.522394,0.654944,0.132551,0.132551,0.522394,0.145580,10,21,1,-1,30,30,20,110.167000,79.333300,54.666700,0.622898,0.194273,0.114622,0.020035,0.004634,-0.003720,0.004634,10,10,0,fixed,10,10,0,0,3.000000,4.000000
1,multi_greedy,10,2,66,2,2,4,0.000000,54.666700,0.731707,20,0.522394,20,0,2,0,0.522394,0.654944,0.132551,0.132551,0.522394,0.145580,10,21,1,-1,30,30,20,110.167000,79.333300,54.666700,0.363085,0.504202,0.731707,0.013475,0.013679,0.020035,0.013679,10,10,0,fixed,10,10,0,0,3.000000,4.000000
1,multi_greedy,10,2,67,2,2,4,0.000000,54.666700,0.731707,20,0.522394,20,0,2,0,0.522394,0.654944,0.132551,0.132551,0.522394,0.145580,10,21,1,-1,30,30,20,110.167000,79.333300,54.666700,0.363085,0.504202,0.731707,0.013475,0.013679,0.020035,0.013679,10,10,0,fixed,10,10,0,0,3.000000,4.000000
1,multi_greedy,10,2,68,0,0,2,4.945327,110.167000,0.618166,30,0.522394,20,0,0,0,0.522394,0.654944,0.132551,0.132551,0.522394,0.145580,10,21,1,-1,30,30,20,110.167000,79.333300,54.666700,0.622890,0.194273,0.114622,0.020035,0.004634,-0.003720,0.004634,10,10,0,fixed,10,10,0,0,3.000000,4.000000
1,multi_greedy,10,2,69,0,0,4,0.000000,110.167000,0.363085,30,0.522394,20,0,0,0,0.522394,0.654944,0.132551,0.132551,0.522394,0.145580,10,21,1,0,30,30,20,110.167000,79.333300,54.666700,0.363085,0.504202,0.731707,0.020035,0.020243,0.026756,0.026756,10,10,0,fixed,10,10,0,0,3.000000,4.000000
1,multi_greedy,10,2,70,2,2,1,3.112399,54.666700,1.037466,20,0.522394,20,0,2,0,0.522394,0.654944,0.132551,0.132551,0.522394,0.145580,10,21,1,-1,30,30,20,110.167000,79.333300,54.666700,1.606696,1.064551,0.977395,0.019784,0.016021,0.020035,0.019784,10,10,0,fixed,10,10,0,0,3.000000,4.000000
1,multi_greedy,10,2,71,2,2,3,0.000000,54.666700,1.829267,20,0.522394,20,0,2,0,0.522394,0.654944,0.132551,0.132551,0.522394,0.145580,10,21,1,-1,30,30,20,110.167000,79.333300,54.666700,0.907713,1.260505,1.829267,0.016480,0.015011,0.020035,0.016480,10,10,0,fixed,10,10,0,0,3.000000,4.000000
1,multi_greedy,10,2,72,2,2,1,2.795857,54.666700,0.931952,20,0.522394,20,0,2,0,0.522394,0.654944,0.132551,0.132551,0.522394,0.145580,10,21,1,-1,30,30,20,110.167000,79.333300,54.666700,1.606696,1.064551,0.998498,0.019708,0.015947,0.020035,0.019708,10,10,0,fixed,10,10,0,0,3.000000,4.000000
1,multi_greedy,10,2,73,2,2,1,3.021735,54.666700,1.007245,20,0.522394,20,0,2,0,0.522394,0.654944,0.132551,0.132551,0.522394,0.145580,10,21,1,-1,30,30,20,110.167000,79.333300,54.666700,1.606696,1.064551,0.983439,0.019762,0.016000,0.020035,0.019762,10,10,0,fixed,10,10,0,0,3.000000,4.000000
1,multi_greedy,10,2,74,2,2,1,2.724991,54.666700,0.908330,20,0.522394,20,0,2,0,0.522394,0.654944,0.132551,0.132551,0.522394,0.145580,10,21,1,-1,30,30,20,110.167000,79.333300,54.666700,1.606696,1.064551,1.003222,0.019692,0.015931,0.020035,0.019692,10,10,0,fixed,10,10,0,0,3.000000,4.000000
1,multi_greedy,10,2,75,0,0,2,4.944176,110.167000,0.618022,30,0.522394,20,0,0,0,0.522394,0.654944,0.132551,0.132551,0.522394,0.145580,10,21,1,-1,30,30,20,110.167000,79.333300,54.666700,0.622899,0.194273,0.114622,0.020035,0.004634,-0.003720,0.004634,10,10,0,fixed,10,10,0,0,3.000000,4.000000
1,multi_greedy,10,2,76,1,1,1,3.228663,79.333300,1.076221,30,0.522394,20,0,1,0,0.522394,0.654944,0.132551,0.132551,0.522394,0.145580,10,21,1,-1,30,30,20,110.167000,79.333300,54.666700,1.606696,1.103439,0.940387,0.023618,0.020035,0.023531,0.023618,10,10,0,fixed,10,10,0,0,3.000000,4.000000
1,multi_greedy,10,2,77,1,1,3,0.000000,79.333300,1.260505,30,0.522394,20,0,1,0,0.522394,0.654944,0.132551,0.132551,0.522394,0.145580,10,21,1,1,30,30,20,110.167000,79.333300,54.666700,0.907713,1.260505,1.829267,0.021531,0.020035,0.025153,0.025153,10,10,0,fixed,10,10,0,0,3.000000,4.000000
1,multi_greedy,10,2,78,0,0,2,5.090553,110.167000,0.636319,30,0.522394,20,0,0,0,0.522394,0.654944,0.132551,0.132551,0.522394,0.145580,10,21,1,-1,30,30,20,110.167000,79.333300,54.666700,0.621680,0.194273,0.114622,0.020035,0.004645,-0.003710,0.004645,10,10,0,fixed,10,10,0,0,3.000000,4.000000
1,multi_greedy,10,2,79,0,0,2,4.944151,110.167000,0.618019,30,0.522394,20,0,0,0,0.522394,0.654944,0.132551,0.132551,0.522394,0.145580,10,21,1,-1,30,30,20,110.167000,79.333300,54.666700,0.622900,0.194273,0.114622,0.020035,0.004634,-0.003720,0.004634,10,10,0,fixed,10,10,0,0,3.000000,4.000000
1,multi_greedy,10,2,80,0,0,2,4.945280,110.167000,0.618160,30,0.522394,20,0,0,0,0.522394,0.654944,0.132551,0.132551,0.522394,0.145580,10,21,1,-1,30,30,20,110.167000,79.333300,54.666700,0.622890,0.194273,0.114622,0.020035,0.004634,-0.003720,0.004634,10,10,0,fixed,10,10,0,0,3.000000,4.000000
1,multi_greedy,10,3,1,2,2,4,0.000000,54.000000,0.740741,25,0.621145,26,0,2,0,0.621145,0.758261,0.137115,0.137115,0.621145,0.098752,10,31,1,-1,30,25,25,111.000000,73.500000,54.000000,0.360360,0.544218,0.740741,0.011681,0.020939,0.024607,0.020939,10,10,0,fixed,10,10,0,0,3.000000,4.000000
1,multi_greedy,10,3,2,0,0,2,4.141024,111.000000,0.517628,30,0.621145,26,0,0,0,0.621145,0.758261,0.137115,0.137115,0.621145,0.098752,10,31,1,-1,30,25,25,111.000000,73.500000,54.000000,0.480032,0.396606,0.128602,0.024607,0.026581,0.001213,0.026581,10,10,0,fixed,10,10,0,0,3.000000,4.000000
1,multi_greedy,10,3,3,0,0,2,3.750874,111.000000,0.468859,30,0.621145,26,0,0,0,0.621145,0.758261,0.137115,0.137115,0.621145,0.098752,10,31,1,0,30,25,25,111.000000,73.500000,54.000000,0.482471,0.396606,0.128602,0.024607,0.026527,0.001163,0.026527,10,10,0,fixed,10,10,0,0,3.000000,4.000000
1,multi_greedy,10,3,4,1,1,1,3.420110,73.500000,1.140037,25,0.621145,26,0,1,0,0.621145,0.758261,0.137115,0.137115,0.621145,0.098752,10,31,1,-1,30,25,25,111.000000,73.500000,54.000000,1.243413,1.159125,0.959617,0.020148,0.024607,0.024639,0.024639,10,10,0,fixed,10,10,0,0,3.000000,4.000000
1,multi_greedy,10,3,5,0,0,2,3.755176,111.000000,0.469397,30,0.621145,26,0,0,0,0.621145,0.758261,0.137115,0.137115,0.621145,0.098752,10,31,1,0,30,25,25,111.000000,73.500000,54.000000,0.482444,0.396606,0.128602,0.024607,0.026528,0.001164,0.026528,10,10,0,fixed,10,10,0,0,3.000000,4.000000
1,multi_greedy,10,3,6,2,2,4,0.000000,54.000000,0.740741,25,0.621145,26,0,2,0,0.621145,0.758261,0.137115,0.137115,0.621145,0.098752,10,31,1,-1,30,25,25,111.000000,73.500000,54.000000,0.360360,0.544218,0.740741,0.011681,0.020939,0.024607,0.020939,10,10,0,fixed,10,10,0,0,3.000000,4.000000
1,multi_greedy,10,3,7,0,0,3,0.000000,111.000000,0.900901,30,0.621145,26,0,0,0,0.621145,0.758261,0.137115,0.137115,0.621145,0.098752,10,31,1,-1,30,25,25,111.000000,73.500000,54.000000,0.900901,1.360544,1.851852,0.024607,0.031243,0.033459,0.033459,10,10,0,fixed,10,10,0,0,3.000000,4.000000
1,multi_greedy,10,3,8,1,1,3,0.000000,73.500000,1.360544,25,0.621145,26,0,1,0,0.621145,0.758261,0.137115,0.137115,0.621145,0.098752,10,31,1,-1,30,25,25,111.000000,73.500000,54.000000,0.900901,1.360544,1.851852,0.018104,0.024607,0.026778,0.026778,10,10,0,fixed,10,10,0,0,3.000000,4.000000
1,multi_greedy,10,3,9,0,0,2,3.755211,111.000000,0.469401,30,0.621145,26,0,0,0,0.621145,0.758261,0.137115,0.137115,0.621145,0.098752,10,31,1,0,30,25,25,111.000000,73.500000,54.000000,0.482443,0.396606,0.128602,0.024607,0.026528,0.001164,0.026528,10,10,0,fixed,10,10,0,0,3.000000,4.000000
1,multi_greedy,10,3,10,1,1,1,3.360536,73.500000,1.120179,25,0.621145,26,0,1,0,0.621145,0.758261,0.137115,0.137115,0.621145,0.098752,10,31,1,-1,30,25,25,111.000000,73.500000,54.000000,1.243413,1.161962,0.959617,0.020138,0.024607,0.024629,0.024629,10,10,0,fixed,10,10,0,0,3.000000,4.000000
1,multi_greedy,10,3,11,2,2,4,0.000000,54.000000,0.740741,25,0.621145,26,0,2,0,0.621145,0.758261,0.137115,0.137115,0.621145,0.098752,10,31,1,-1,30,25,25,111.000000,73.500000,54.000000,0.360360,0.544218,0.740741,0.011681,0.020939,0.024607,0.020939,10,10,0,fixed,10,10,0,0,3.000000,4.000000
1,multi_greedy,10,3,12,1,1,3,0.000000,73.500000,1.360544,25,0.621145,26,0,1,0,0.621145,0.758261,0.137115,0.137115,0.621145,0.098752,10,31,1,-1,30,25,25,111.000000,73.500000,54.000000,0.900901,1.360544,1.851852,0.018104,0.024607,0.026778,0.026778,10,10,0,fixed,10,10,0,0,3.000000,4.000000
1,multi_greedy,10,3,13,2,2,4,0.000000,54.000000,0.740741,25,0.621145,26,0,2,0,0.621145,0.758261,0.137115,0.137115,0.621145,0.098752,10,31,1,-1,30,25,25,111.000000,73.500000,54.000000,0.360360,0.544218,0.740741,0.011681,0.020939,0.024607,0.020939,10,10,0,fixed,10,10,0,0,3.000000,4.000000
1,multi_greedy,10,3,14,2,2,2,1.069965,54.000000,0.133746,25,0.621145,26,1,1,1,0.621145,0.758261,0.137115,0.137115,0.621145,0.098752,10,31,1,0,30,25,25,111.000000,73.500000,54.000000,0.466280,0.396606,0.374251,0.021056,0.023688,0.024607,0.023688,10,10,0,fixed,10,10,0,0,3.000000,4.000000
1,multi_greedy,10,3,15,0,0,3,0.000000,111.000000,0.900901,30,0.621145,26,0,0,0,0.621145,0.758261,0.137115,0.137115,0.621145,0.098752,10,31,1,-1,30,25,25,111.000000,73.500000,54.000000,0.900901,1.360544,1.851852,0.024607,0.031243,0.033459,0.033459,10,10,0,fixed,10,10,0,0,3.000000,4.000000
1,multi_greedy,10,3,16,2,2,3,0.000000,54.000000,1.851852,25,0.621145,26,0,2,0,0.621145,0.758261,0.137115,0.137115,0.621145,0.098752,10,31,1,-1,30,25,25,111.000000,73.500000,54.000000,0.900901,1.360544,1.851852,0.015990,0.022450,0.024607,0.022450,10,10,0,fixed,10,10,0,0,3.000000,4.000000
1,multi_greedy,10,3,17,2,2,3,0.000000,54.000000,1.851852,25,0.621145,26,0,2,0,0.621145,0.758261,0.137115,0.137115,0.621145,0.098752,10,31,1,-1,30,25,25,111.000000,73.500000,54.000000,0.900901,1.360544,1.851852,0.015990,0.022450,0.024607,0.022450,10,10,0,fixed,10,10,0,0,3.000000,4.000000
1,multi_greedy,10,3,18,2,2,4,0.000000,54.000000,0.740741,25,0.621145,26,0,2,0,0.621145,0.758261,0.137115,0.137115,0.621145,0.098752,10,31,1,-1,30,25,25,111.000000,73.500000,54.000000,0.360360,0.544218,0.740741,0.011681,0.020939,0.024607,0.020939,10,10,0,fixed,10,10,0,0,3.000000,4.000000
1,multi_greedy,10,3,19,2,2,4,0.000000,54.000000,0.740741,25,0.621145,26,0,2,0,0.621145,0.758261,0.137115,0.137115,0.621145,0.098752,10,31,1,-1,30,25,25,111.000000,73.500000,54.000000,0.360360,0.544218,0.740741,0.011681,0.020939,0.024607,0.020939,10,10,0,fixed,10,10,0,0,3.000000,4.000000
1,multi_greedy,10,3,20,1,1,2,3.299345,73.500000,0.412418,25,0.621145,26,0,1,0,0.621145,0.758261,0.137115,0.137115,0.621145,0.098752,10,31,1,0,30,25,25,111.000000,73.500000,54.000000,0.466280,0.412496,0.128602,0.020965,0.024607,-0.001543,0.020965,10,10,0,fixed,10,10,0,0,3.000000,4.000000
1,multi_greedy,10,3,21,0,0,4,0.000000,111.000000,0.360360,30,0.621145,26,0,2,1,0.621145,0.758261,0.137115,0.137115,0.621145,0.098752,10,31,1,0,30,25,25,111.000000,73.500000,54.000000,0.360360,0.544218,0.740741,0.024607,0.034249,0.038071,0.038071,10,10,0,fixed,10,10,0,0,3.000000,4.000000
1,multi_greedy,10,3,22,1,1,3,0.000000,73.500000,1.360544,25,0.621145,26,0,1,0,0.621145,0.758261,0.137115,0.137115,0.621145,0.098752,10,31,1,-1,30,25,25,111.000000,73.500000,54.000000,0.900901,1.360544,1.851852,0.018104,0.024607,0.026778,0.026778,10,10,0,fixed,10,10,0,0,3.000000,4.000000
1,multi_greedy,10,3,23,1,1,1,3.509577,73.500000,1.169859,25,0.621145,26,0,1,0,0.621145,0.758261,0.137115,0.137115,0.621145,0.098752,10,31,1,-1,30,25,25,111.000000,73.500000,54.000000,1.243413,1.154865,0.959617,0.020164,0.024607,0.024655,0.024655,10,10,0,fixed,10,10,0,0,3.000000,4.000000
1,multi_greedy,10,3,24,1,1,4,0.000000,73.500000,0.544218,25,0.621145,26,0,1,0,0.621145,0.758261,0.137115,0.137115,0.621145,0.098752,10,31,1,-1,30,25,25,111.000000,73.500000,54.000000,0.360360,0.544218,0.740741,0.015243,0.024607,0.028316,0.028316,10,10,0,fixed,10,10,0,0,3.000000,4.000000
1,multi_greedy,10,3,25,2,2,1,2.801596,54.000000,0.933865,25,0.621145,26,0,2,0,0.621145,0.758261,0.137115,0.137115,0.621145,0.098752,10,31,1,-1,30,25,25,111.000000,73.500000,54.000000,1.243413,1.112249,1.010829,0.019641,0.023724,0.024607,0.023724,10,10,0,fixed,10,10,0,0,3.000000,4.000000
1,multi_greedy,10,3,26,1,1,3,0.000000,73.500000,1.360544,25,0.621145,26,0,1,0,0.621145,0.758261,0.137115,0.137115,0.621145,0.098752,10,31,1,-1,30,25,25,111.000000,73.500000,54.000000,0.900901,1.360544,1.851852,0.018104,0.024607,0.026778,0.026778,10,10,0,fixed,10,10,0,0,3.000000,4.000000
1,multi_greedy,10,3,27,1,1,1,3.465288,73.500000,1.155096,25,0.621145,26,0,1,0,0.621145,0.758261,0.137115,0.137115,0.621145,0.098752,10,31,1,-1,30,25,25,111.000000,73.500000,54.000000,1.243413,1.156974,0.959617,0.020156,0.024607,0.024647,0.024647,10,10,0,fixed,10,10,0,0,3.000000,4.000000
1,multi_greedy,10,3,28,0,0,2,3.777049,111.000000,0.472131,30,0.621145,26,0,0,0,0.621145,0.758261,0.137115,0.137115,0.621145,0.098752,10,31,1,0,30,25,25,111.000000,73.500000,54.000000,0.482307,0.396606,0.128602,0.024607,0.026531,0.001167,0.026531,10,10,0,fixed,10,10,0,0,3.000000,4.000000
1,multi_greedy,10,3,29,2,2,1,3.015784,54.000000,1.005261,25,0.621145,26,0,2,0,0.621145,0.758261,0.137115,0.137115,0.621145,0.098752,10,31,1,-1,30,25,25,111.000000,73.500000,54.000000,1.243413,1.112249,0.996550,0.019711,0.023795,0.024607,0.023795,10,10,0,fixed,10,10,0,0,3.000000,4.000000
1,multi_greedy,10,3,30,2,2,4,0.000000,54.000000,0.740741,25,0.621145,26,0,2,0,0.621145,0.758261,0.137115,0.137115,0.621145,0.098752,10,31,1,-1,30,25,25,111.000000,73.500000,54.000000,0.360360,0.544218,0.740741,0.011681,0.020939,0.024607,0.020939,10,10,0,fixed,10,10,0,0,3.000000,4.000000
1,multi_greedy,10,3,31,1,1,2,3.296156,73.500000,0.412019,25,0.621145,26,0,1,0,0.621145,0.758261,0.137115,0.137115,0.621145,0.098752,10,31,1,0,30,25,25,111.000000,73.500000,54.000000,0.466280,0.412695,0.128602,0.020959,0.024607,-0.001548,0.020959,10,10,0,fixed,10,10,0,0,3.000000,4.000000
1,multi_greedy,10,3,32,2,2,4,0.000000,54.000000,0.740741,25,0.621145,26,0,2,0,0.621145,0.758261,0.137115,0.137115,0.621145,0.098752,10,31,1,-1,30,25,25,111.000000,73.500000,54.000000,0.360360,0.544218,0.740741,0.011681,0.020939,0.024607,0.020939,10,10,0,fixed,10,10,0,0,3.000000,4.000000
1,multi_greedy,10,3,33,0,0,2,3.780349,111.000000,0.472544,30,0.621145,26,0,0,0,0.621145,0.758261,0.137115,0.137115,0.621145,0.098752,10,31,1,0,30,25,25,111.000000,73.500000,54.000000,0.482286,0.396606,0.128602,0.024607,0.026531,0.001167,0.026531,10,10,0,fixed,10,10,0,0,3.000000,4.000000
1,multi_greedy,10,3,34,2,2,4,0.000000,54.000000,0.740741,25,0.621145,26,0,2,0,0.621145,0.758261,0.137115,0.137115,0.621145,0.098752,10,31,1,-1,30,25,25,111.000000,73.500000,54.000000,0.360360,0.544218,0.740741,0.011681,0.020939,0.024607,0.020939,10,10,0,fixed,10,10,0,0,3.000000,4.000000
1,multi_greedy,10,3,35,2,2,3,0.000000,54.000000,1.851852,25,0.621145,26,0,2,0,0.621145,0.758261,0.137115,0.137115,0.621145,0.098752,10,31,1,-1,30,25,25,111.000000,73.500000,54.000000,0.900901,1.360544,1.851852,0.015990,0.022450,0.024607,0.022450,10,10,0,fixed,10,10,0,0,3.000000,4.000000
1,multi_greedy,10,3,36,2,2,4,0.000000,54.000000,0.740741,25,0.621145,26,0,2,0,0.621145,0.758261,0.137115,0.137115,0.621145,0.098752,10,31,1,-1,30,25,25,111.000000,73.500000,54.000000,0.360360,0.544218,0.740741,0.011681,0.020939,0.024607,0.020939,10,10,0,fixed,10,10,0,0,3.000000,4.000000
1,multi_greedy,10,3,37,1,1,4,0.000000,73.500000,0.544218,25,0.621145,26,0,1,0,0.621145,0.758261,0.137115,0.137115,0.621145,0.098752,10,31,1,-1,30,25,25,111.000000,73.500000,54.000000,0.360360,0.544218,0.740741,0.015243,0.024607,0.028316,0.028316,10,10,0,fixed,10,10,0,0,3.000000,4.000000
1,multi_greedy,10,3,38,2,2,3,0.000000,54.000000,1.851852,25,0.621145,26,0,2,0,0.621145,0.758261,0.137115,0.137115,0.621145,0.098752,10,31,1,-1,30,25,25,111.000000,73.500000,54.000000,0.900901,1.360544,1.851852,0.015990,0.022450,0.024607,0.022450,10,10,0,fixed,10,10,0,0,3.000000,4.000000
1,multi_greedy,10,3,39,1,1,2,3.303778,73.500000,0.412972,25,0.621145,26,0,1,0,0.621145,0.758261,0.137115,0.137115,0.621145,0.098752,10,31,1,0,30,25,25,111.000000,73.500000,54.000000,0.466280,0.412219,0.128602,0.020973,0.024607,-0.001536,0.020973,10,10,0,fixed,10,10,0,0,3.000000,4.000000
1,multi_greedy,10,3,40,1,1,1,3.457642,73.500000,1.152547,25,0.621145,26,0,1,0,0.621145,0.758261,0.137115,0.137115,0.621145,0.098752,10,31,1,-1,30,25,25,111.000000,73.500000,54.000000,1.243413,1.157338,0.959617,0.020155,0.024607,0.024646,0.024646,10,10,0,fixed,10,10,0,0,3.000000,4.000000
1,multi_greedy,10,3,41,0,0,2,3.774798,111.000000,0.471850,30,0.621145,26,0,0,0,0.621145,0.758261,0.137115,0.137115,0.621145,0.098752,10,31,1,0,30,25,25,111.000000,73.500000,54.000000,0.482321,0.396606,0.128602,0.024607,0.026531,0.001166,0.026531,10,10,0,fixed,10,10,0,0,3.000000,4.000000
1,multi_greedy,10,3,42,1,1,4,0.000000,73.500000,0.544218,25,0.621145,26,0,1,0,0.621145,0.758261,0.137115,0.137115,0.621145,0.098752,10,31,1,-1,30,25,25,111.000000,73.500000,54.000000,0.360360,0.544218,0.740741,0.015243,0.024607,0.028316,0.028316,10,10,0,fixed,10,10,0,0,3.000000,4.000000
1,multi_greedy,10,3,43,0,0,2,3.755176,111.000000,0.469397,30,0.621145,26,0,0,0,0.621145,0.758261,0.137115,0.137115,0.621145,0.098752,10,31,1,0,30,25,25,111.000000,73.500000,54.000000,0.482444,0.396606,0.128602,0.024607,0.026528,0.001164,0.026528,10,10,0,fixed,10,10,0,0,3.000000,4.000000
1,multi_greedy,10,3,44,0,0,4,0.000000,111.000000,0.360360,30,0.621145,26,0,2,1,0.621145,0.758261,0.137115,0.137115,0.621145,0.098752,10,31,1,0,30,25,25,111.000000,73.500000,54.000000,0.360360,0.544218,0.740741,0.024607,0.034249,0.038071,0.038071,10,10,0,fixed,10,10,0,0,3.000000,4.000000
1,multi_greedy,10,3,45,1,1,3,0.000000,73.500000,1.360544,25,0.621145,26,0,1,0,0.621145,0.758261,0.137115,0.137115,0.621145,0.098752,10,31,1,-1,30,25,25,111.000000,73.500000,54.000000,0.900901,1.360544,1.851852,0.018104,0.024607,0.026778,0.026778,10,10,0,fixed,10,10,0,0,3.000000,4.000000
1,multi_greedy,10,3,46,0,0,2,4.150762,111.000000,0.518845,30,0.621145,26,0,0,0,0.621145,0.758261,0.137115,0.137115,0.621145,0.098752,10,31,1,-1,30,25,25,111.000000,73.500000,54.000000,0.479971,0.396606,0.128602,0.024607,0.026582,0.001214,0.026582,10,10,0,fixed,10,10,0,0,3.000000,4.000000
1,multi_greedy,10,3,47,0,0,2,3.755176,111.000000,0.469397,30,0.621145,26,0,0,0,0.621145,0.758261,0.137115,0.137115,0.621145,0.098752,10,31,1,0,30,25,25,111.000000,73.500000,54.000000,0.482444,0.396606,0.128602,0.024607,0.026528,0.001164,0.026528,10,10,0,fixed,10,10,0,0,3.000000,4.000000
1,multi_greedy,10,3,48,0,0,4,0.000000,111.000000,0.360360,30,0.621145,26,0,2,1,0.621145,0.758261,0.137115,0.137115,0.621145,0.098752,10,31,1,0,30,25,25,111.000000,73.500000,54.000000,0.360360,0.544218,0.740741,0.024607,0.034249,0.038071,0.038071,10,10,0,fixed,10,10,0,0,3.000000,4.000000
1,multi_greedy,10,3,49,0,0,2,4.150802,111.000000,0.518850,30,0.621145,26,0,0,0,0.621145,0.758261,0.137115,0.137115,0.621145,0.098752,10,31,1,-1,30,25,25,111.000000,73.500000,54.000000,0.479971,0.396606,0.128602,0.024607,0.026582,0.001214,0.026582,10,10,0,fixed,10,10,0,0,3.000000,4.000000
1,multi_greedy,10,3,50,0,0,4,0.000000,111.000000,0.360360,30,0.621145,26,0,2,1,0.621145,0.758261,0.137115,0.137115,0.621145,0.098752,10,31,1,0,30,25,25,111.000000,73.500000,54.000000,0.360360,0.544218,0.740741,0.024607,0.034249,0.038071,0.038071,10,10,0,fixed,10,10,0,0,3.000000,4.000000
1,multi_greedy,10,3,51,0,0,2,4.150779,111.000000,0.518847,30,0.621145,26,0,0,0,0.621145,0.758261,0.137115,0.137115,0.621145,0.098752,10,31,1,-1,30,25,25,111.000000,73.500000,54.000000,0.479971,0.396606,0.128602,0.024607,0.026582,0.001214,0.026582,10,10,0,fixed,10,10,0,0,3.000000,4.000000
1,multi_greedy,10,3,52,1,1,1,3.667757,73.500000,1.222586,25,0.621145,26,0,1,0,0.621145,0.758261,0.137115,0.137115,0.621145,0.098752,10,31,1,-1,30,25,25,111.000000,73.500000,54.000000,1.243413,1.147332,0.959617,0.020192,0.024607,0.024684,0.024684,10,10,0,fixed,10,10,0,0,3.000000,4.000000
1,multi_greedy,10,3,53,0,0,2,4.152965,111.000000,0.519121,30,0.621145,26,0,0,0,0.621145,0.758261,0.137115,0.137115,0.621145,0.098752,10,31,1,-1,30,25,25,111.000000,73.500000,54.000000,0.479957,0.396606,0.128602,0.024607,0.026582,0.001214,0.026582,10,10,0,fixed,10,10,0,0,3.000000,4.000000
1,multi_greedy,10,3,54,1,1,4,0.000000,73.500000,0.544218,25,0.621145,26,0,2,1,0.621145,0.758261,0.137115,0.137115,0.621145,0.098752,10,31,1,-1,30,25,25,111.000000,73.500000,54.000000,0.360360,0.544218,0.740741,0.015243,0.024607,0.028316,0.028316,10,10,0,fixed,10,10,0,0,3.000000,4.000000
1,multi_greedy,10,3,55,0,0,2,3.773722,111.000000,0.471715,30,0.621145,26,0,0,0,0.621145,0.758261,0.137115,0.137115,0.621145,0.098752,10,31,1,0,30,25,25,111.000000,73.500000,54.000000,0.482328,0.396606,0.128602,0.024607,0.026531,0.001166,0.026531,10,10,0,fixed,10,10,0,0,3.000000,4.000000
1,multi_greedy,10,3,56,0,0,4,0.000000,111.000000,0.360360,30,0.621145,26,0,2,1,0.621145,0.758261,0.137115,0.137115,0.621145,0.098752,10,31,1,0,30,25,25,111.000000,73.500000,54.000000,0.360360,0.544218,0.740741,0.024607,0.034249,0.038071,0.038071,10,10,0,fixed,10,10,0,0,3.000000,4.000000
1,multi_greedy,10,3,57,2,2,3,0.000000,54.000000,1.851852,25,0.621145,26,0,2,0,0.621145,0.758261,0.137115,0.137115,0.621145,0.098752,10,31,1,-1,30,25,25,111.000000,73.500000,54.000000,0.900901,1.360544,1.851852,0.015990,0.022450,0.024607,0.022450,10,10,0,fixed,10,10,0,0,3.000000,4.000000
1,multi_greedy,10,3,58,1,1,1,3.466219,73.500000,1.155406,25,0.621145,26,0,1,0,0.621145,0.758261,0.137115,0.137115,0.621145,0.098752,10,31,1,-1,30,25,25,111.000000,73.500000,54.000000,1.243413,1.156929,0.959617,0.020156,0.024607,0.024648,0.024648,10,10,0,fixed,10,10,0,0,3.000000,4.000000
1,multi_greedy,10,3,59,1,1,4,0.000000,73.500000,0.544218,25,0.621145,26,0,2,1,0.621145,0.758261,0.137115,0.137115,0.621145,0.098752,10,31,1,-1,30,25,25,111.000000,73.500000,54.000000,0.360360,0.544218,0.740741,0.015243,0.024607,0.028316,0.028316,10,10,0,fixed,10,10,0,0,3.000000,4.000000
1,multi_greedy,10,3,60,1,1,3,0.000000,73.500000,1.360544,25,0.621145,26,0,1,0,0.621145,0.758261,0.137115,0.137115,0.621145,0.098752,10,31,1,-1,30,25,25,111.000000,73.500000,54.000000,0.900901,1.360544,1.851852,0.018104,0.024607,0.026778,0.026778,10,10,0,fixed,10,10,0,0,3.000000,4.000000
1,multi_greedy,10,3,61,1,1,4,0.000000,73.500000,0.544218,25,0.621145,26,0,2,1,0.621145,0.758261,0.137115,0.137115,0.621145,0.098752,10,31,1,-1,30,25,25,111.000000,73.500000,54.000000,0.360360,0.544218,0.740741,0.015243,0.024607,0.028316,0.028316,10,10,0,fixed,10,10,0,0,3.000000,4.000000
1,multi_greedy,10,3,62,0,0,3,0.000000,111.000000,0.900901,30,0.621145,26,0,0,0,0.621145,0.758261,0.137115,0.137115,0.621145,0.098752,10,31,1,-1,30,25,25,111.000000,73.500000,54.000000,0.900901,1.360544,1.851852,0.024607,0.031243,0.033459,0.033459,10,10,0,fixed,10,10,0,0,3.000000,4.000000
1,multi_greedy,10,3,63,0,0,2,3.771576,111.000000,0.471447,30,0.621145,26,0,0,0,0.621145,0.758261,0.137115,0.137115,0.621145,0.098752,10,31,1,0,30,25,25,111.000000,73.500000,54.000000,0.482341,0.396606,0.128602,0.024607,0.026530,0.001166,0.026530,10,10,0,fixed,10,10,0,0,3.000000,4.000000
1,multi_greedy,10,3,64,1,1,4,0.000000,73.500000,0.544218,25,0.621145,26,0,1,0,0.621145,0.758261,0.137115,0.137115,0.621145,0.098752,10,31,1,-1,30,25,25,111.000000,73.500000,54.000000,0.360360,0.544218,0.740741,0.015243,0.024607,0.028316,0.028316,10,10,0,fixed,10,10,0,0,3.000000,4.000000
1,multi_greedy,10,3,65,0,0,2,3.752949,111.000000,0.469119,30,0.621145,26,0,0,0,0.621145,0.758261,0.137115,0.137115,0.621145,0.098752,10,31,1,0,30,25,25,111.000000,73.500000,54.000000,0.482458,0.396606,0.128602,0.024607,0.026528,0.001164,0.026528,10,10,0,fixed,10,10,0,0,3.000000,4.000000
1,multi_greedy,10,3,66,2,2,4,0.000000,54.000000,0.740741,25,0.621145,26,0,2,0,0.621145,0.758261,0.137115,0.137115,0.621145,0.098752,10,31,1,-1,30,25,25,111.000000,73.500000,54.000000,0.360360,0.544218,0.740741,0.011681,0.020939,0.024607,0.020939,10,10,0,fixed,10,10,0,0,3.000000,4.000000
1,multi_greedy,10,3,67,2,2,4,0.000000,54.000000,0.740741,25,0.621145,26,0,2,0,0.621145,0.758261,0.137115,0.137115,0.621145,0.098752,10,31,1,-1,30,25,25,111.000000,73.500000,54.000000,0.360360,0.544218,0.740741,0.011681,0.020939,0.024607,0.020939,10,10,0,fixed,10,10,0,0,3.000000,4.000000
1,multi_greedy,10,3,68,0,0,2,3.771641,111.000000,0.471455,30,0.621145,26,0,0,0,0.621145,0.758261,0.137115,0.137115,0.621145,0.098752,10,31,1,0,30,25,25,111.000000,73.500000,54.000000,0.482341,0.396606,0.128602,0.024607,0.026530,0.001166,0.026530,10,10,0,fixed,10,10,0,0,3.000000,4.000000
1,multi_greedy,10,3,69,0,0,4,0.000000,111.000000,0.360360,30,0.621145,26,0,2,1,0.621145,0.758261,0.137115,0.137115,0.621145,0.098752,10,31,1,0,30,25,25,111.000000,73.500000,54.000000,0.360360,0.544218,0.740741,0.024607,0.034249,0.038071,0.038071,10,10,0,fixed,10,10,0,0,3.000000,4.000000
1,multi_greedy,10,3,70,2,2,1,2.847406,54.000000,0.949135,25,0.621145,26,0,2,0,0.621145,0.758261,0.137115,0.137115,0.621145,0.098752,10,31,1,-1,30,25,25,111.000000,73.500000,54.000000,1.243413,1.112249,1.007775,0.019656,0.023739,0.024607,0.023739,10,10,0,fixed,10,10,0,0,3.000000,4.000000
1,multi_greedy,10,3,71,2,2,3,0.000000,54.000000,1.851852,25,0.621145,26,0,2,0,0.621145,0.758261,0.137115,0.137115,0.621145,0.098752,10,31,1,-1,30,25,25,111.000000,73.500000,54.000000,0.900901,1.360544,1.851852,0.015990,0.022450,0.024607,0.022450,10,10,0,fixed,10,10,0,0,3.000000,4.000000
1,multi_greedy,10,3,72,2,2,1,3.160162,54.000000,1.053387,25,0.621145,26,0,2,0,0.621145,0.758261,0.137115,0.137115,0.621145,0.098752,10,31,1,-1,30,25,25,111.000000,73.500000,54.000000,1.243413,1.112249,0.986925,0.019759,0.023844,0.024607,0.023844,10,10,0,fixed,10,10,0,0,3.000000,4.000000
1,multi_greedy,10,3,73,2,2,1,2.821515,54.000000,0.940505,25,0.621145,26,0,2,0,0.621145,0.758261,0.137115,0.137115,0.621145,0.098752,10,31,1,-1,30,25,25,111.000000,73.500000,54.000000,1.243413,1.112249,1.009501,0.019648,0.023731,0.024607,0.023731,10,10,0,fixed,10,10,0,0,3.000000,4.000000
1,multi_greedy,10,3,74,2,2,1,3.317573,54.000000,1.105858,25,0.621145,26,0,2,0,0.621145,0.758261,0.137115,0.137115,0.621145,0.098752,10,31,1,-1,30,25,25,111.000000,73.500000,54.000000,1.243413,1.112249,0.976431,0.019813,0.023898,0.024607,0.023898,10,10,0,fixed,10,10,0,0,3.000000,4.000000
1,multi_greedy,10,3,75,0,0,2,3.751891,111.000000,0.468986,30,0.621145,26,0,0,0,0.621145,0.758261,0.137115,0.137115,0.621145,0.098752,10,31,1,0,30,25,25,111.000000,73.500000,54.000000,0.482464,0.396606,0.128602,0.024607,0.026528,0.001164,0.026528,10,10,0,fixed,10,10,0,0,3.000000,4.000000
1,multi_greedy,10,3,76,1,1,1,3.414604,73.500000,1.138201,25,0.621145,26,0,1,0,0.621145,0.758261,0.137115,0.137115,0.621145,0.098752,10,31,1,-1,30,25,25,111.000000,73.500000,54.000000,1.243413,1.159387,0.959617,0.020147,0.024607,0.024638,0.024638,10,10,0,fixed,10,10,0,0,3.000000,4.000000
1,multi_greedy,10,3,77,1,1,3,0.000000,73.500000,1.360544,25,0.621145,26,0,1,0,0.621145,0.758261,0.137115,0.137115,0.621145,0.098752,10,31,1,-1,30,25,25,111.000000,73.500000,54.000000,0.900901,1.360544,1.851852,0.018104,0.024607,0.026778,0.026778,10,10,0,fixed,10,10,0,0,3.000000,4.000000
1,multi_greedy,10,3,78,0,0,2,3.751879,111.000000,0.468985,30,0.621145,26,0,0,0,0.621145,0.758261,0.137115,0.137115,0.621145,0.098752,10,31,1,0,30,25,25,111.000000,73.500000,54.000000,0.482464,0.396606,0.128602,0.024607,0.026528,0.001164,0.026528,10,10,0,fixed,10,10,0,0,3.000000,4.000000
1,multi_greedy,10,3,79,0,0,2,3.751856,111.000000,0.468982,30,0.621145,26,0,0,0,0.621145,0.758261,0.137115,0.137115,0.621145,0.098752,10,31,1,0,30,25,25,111.000000,73.500000,54.000000,0.482464,0.396606,0.128602,0.024607,0.026528,0.001164,0.026528,10,10,0,fixed,10,10,0,0,3.000000,4.000000
1,multi_greedy,10,3,80,0,0,2,3.770508,111.000000,0.471314,30,0.621145,26,0,0,0,0.621145,0.758261,0.137115,0.137115,0.621145,0.098752,10,31,1,0,30,25,25,111.000000,73.500000,54.000000,0.482348,0.396606,0.128602,0.024607,0.026530,0.001166,0.026530,10,10,0,fixed,10,10,0,0,3.000000,4.000000
1,multi_greedy,10,4,1,2,2,4,0.000000,58.000000,0.689655,33,0.676633,25,0,2,0,0.676633,0.712446,0.035813,0.035813,0.676633,0.055488,7,51,1,-1,24,23,33,112.000000,77.500000,58.000000,0.357143,0.516129,0.689655,-0.016535,-0.005770,0.000295,0.000000,10,7,3,fixed,10,10,0,0,3.000000,4.000000
1,multi_greedy,10,4,2,0,0,2,3.754167,112.000000,0.469271,24,0.676633,25,0,0,0,0.676633,0.712446,0.035813,0.035813,0.676633,0.055488,7,51,1,0,24,23,33,112.000000,77.500000,58.000000,0.474856,0.372629,0.366732,0.000295,0.002691,0.005807,0.005807,10,7,3,fixed,10,10,0,0,3.000000,4.000000
1,multi_greedy,10,4,3,0,0,2,3.775925,112.000000,0.471991,24,0.676633,25,0,0,0,0.676633,0.712446,0.035813,0.035813,0.676633,0.055488,7,51,1,0,24,23,33,112.000000,77.500000,58.000000,0.474720,0.372629,0.366732,0.000295,0.002694,0.005811,0.005811,10,7,3,fixed,10,10,0,0,3.000000,4.000000
1,multi_greedy,10,4,4,1,1,1,3.219350,77.500000,1.073117,23,0.676633,25,0,1,0,0.676633,0.712446,0.035813,0.035813,0.676633,0.055488,7,51,1,-1,24,23,33,112.000000,77.500000,58.000000,1.214949,1.112991,0.977952,-0.005644,0.000295,0.002697,0.002697,10,7,3,fixed,10,10,0,0,3.000000,4.000000
1,multi_greedy,10,4,5,0,0,2,3.805358,112.000000,0.475670,24,0.676633,25,0,0,0,0.676633,0.712446,0.035813,0.035813,0.676633,0.055488,7,51,1,0,24,23,33,112.000000,77.500000,58.000000,0.474536,0.372629,0.366732,0.000295,0.002699,0.005815,0.005815,10,7,3,fixed,10,10,0,0,3.000000,4.000000
1,multi_greedy,10,4,6,2,2,4,0.000000,58.000000,0.689655,33,0.676633,25,0,2,0,0.676633,0.712446,0.035813,0.035813,0.676633,0.055488,7,51,1,-1,24,23,33,112.000000,77.500000,58.000000,0.357143,0.516129,0.689655,-0.016535,-0.005770,0.000295,0.000000,10,7,3,fixed,10,10,0,0,3.000000,4.000000
1,multi_greedy,10,4,7,0,0,3,0.000000,112.000000,0.892857,24,0.676633,25,0,0,0,0.676633,0.712446,0.035813,0.035813,0.676633,0.055488,7,51,1,-1,24,23,33,112.000000,77.500000,58.000000,0.892857,1.290323,1.724138,0.000295,0.008570,0.013155,0.013155,10,7,3,fixed,10,10,0,0,3.000000,4.000000
1,multi_greedy,10,4,8,1,1,3,0.000000,77.500000,1.290323,23,0.676633,25,0,1,0,0.676633,0.712446,0.035813,0.035813,0.676633,0.055488,7,51,1,-1,24,23,33,112.000000,77.500000,58.000000,0.892857,1.290323,1.724138,-0.007783,0.000295,0.004769,0.004769,10,7,3,fixed,10,10,0,0,3.000000,4.000000
1,multi_greedy,10,4,9,0,0,2,3.804254,112.000000,0.475532,24,0.676633,25,0,0,0,0.676633,0.712446,0.035813,0.035813,0.676633,0.055488,7,51,1,0,24,23,33,112.000000,77.500000,58.000000,0.474542,0.372629,0.366732,0.000295,0.002699,0.005815,0.005815,10,7,3,fixed,10,10,0,0,3.000000,4.000000
1,multi_greedy,10,4,10,1,1,1,3.267524,77.500000,1.089175,23,0.676633,25,0,1,0,0.676633,0.712446,0.035813,0.035813,0.676633,0.055488,7,51,1,-1,24,23,33,112.000000,77.500000,58.000000,1.214949,1.110697,0.977952,-0.005634,0.000295,0.002707,0.002707,10,7,3,fixed,10,10,0,0,3.000000,4.000000
1,multi_greedy,10,4,11,2,2,4,0.000000,58.000000,0.689655,33,0.676633,25,0,2,0,0.676633,0.712446,0.035813,0.035813,0.676633,0.055488,7,51,1,-1,24,23,33,112.000000,77.500000,58.000000,0.357143,0.516129,0.689655,-0.016535,-0.005770,0.000295,0.000000,10,7,3,fixed,10,10,0,0,3.000000,4.000000
1,multi_greedy,10,4,12,1,1,3,0.000000,77.500000,1.290323,23,0.676633,25,0,1,0,0.676633,0.712446,0.035813,0.035813,0.676633,0.055488,7,51,1,-1,24,23,33,112.000000,77.500000,58.000000,0.892857,1.290323,1.724138,-0.007783,0.000295,0.004769,0.004769,10,7,3,fixed,10,10,0,0,3.000000,4.000000
1,multi_greedy,10,4,13,2,2,4,0.000000,58.000000,0.689655,33,0.676633,25,0,2,0,0.676633,0.712446,0.035813,0.035813,0.676633,0.055488,7,51,1,-1,24,23,33,112.000000,77.500000,58.000000,0.357143,0.516129,0.689655,-0.016535,-0.005770,0.000295,0.000000,10,7,3,fixed,10,10,0,0,3.000000,4.000000
1,multi_greedy,10,4,14,1,1,2,3.443638,77.500000,0.430455,23,0.676633,25,0,1,0,0.676633,0.712446,0.035813,0.035813,0.676633,0.055488,7,51,1,0,24,23,33,112.000000,77.500000,58.000000,0.455606,0.374955,0.366732,-0.003839,0.000295,0.002624,0.002624,10,7,3,fixed,10,10,0,0,3.000000,4.000000
1,multi_greedy,10,4,15,0,0,3,0.000000,112.000000,0.892857,24,0.676633,25,0,0,0,0.676633,0.712446,0.035813,0.035813,0.676633,0.055488,7,51,1,-1,24,23,33,112.000000,77.500000,58.000000,0.892857,1.290323,1.724138,0.000295,0.008570,0.013155,0.013155,10,7,3,fixed,10,10,0,0,3.000000,4.000000
1,multi_greedy,10,4,16,2,2,3,0.000000,58.000000,1.724138,33,0.676633,25,0,2,0,0.676633,0.712446,0.035813,0.035813,0.676633,0.055488,7,51,1,1,24,23,33,112.000000,77.500000,58.000000,0.892857,1.290323,1.724138,-0.012094,-0.004121,0.000295,0.000000,10,7,3,fixed,10,10,0,0,3.000000,4.000000
1,multi_greedy,10,4,17,2,2,3,0.000000,58.000000,1.724138,33,0.676633,25,0,2,0,0.676633,0.712446,0.035813,0.035813,0.676633,0.055488,7,51,1,1,24,23,33,112.000000,77.500000,58.000000,0.892857,1.290323,1.724138,-0.012094,-0.004121,0.000295,0.000000,10,7,3,fixed,10,10,0,0,3.000000,4.000000
1,multi_greedy,10,4,18,2,2,4,0.000000,58.000000,0.689655,33,0.676633,25,0,2,0,0.676633,0.712446,0.035813,0.035813,0.676633,0.055488,7,51,1,-1,24,23,33,112.000000,77.500000,58.000000,0.357143,0.516129,0.689655,-0.016535,-0.005770,0.000295,0.000000,10,7,3,fixed,10,10,0,0,3.000000,4.000000
1,multi_greedy,10,4,19,2,2,4,0.000000,58.000000,0.689655,33,0.676633,25,0,2,0,0.676633,0.712446,0.035813,0.035813,0.676633,0.055488,7,51,1,-1,24,23,33,112.000000,77.500000,58.000000,0.357143,0.516129,0.689655,-0.016535,-0.005770,0.000295,0.000000,10,7,3,fixed,10,10,0,0,3.000000,4.000000
1,multi_greedy,10,4,20,1,1,2,2.996747,77.500000,0.374593,23,0.676633,25,1,1,0,0.676633,0.712446,0.035813,0.035813,0.676633,0.055488,7,51,1,0,24,23,33,112.000000,77.500000,58.000000,0.455606,0.393576,0.366732,-0.004521,0.000295,0.001928,0.001928,10,7,3,fixed,10,10,0,0,3.000000,4.000000
1,multi_greedy,10,4,21,2,2,4,0.000000,58.000000,0.689655,33,0.676633,25,0,2,0,0.676633,0.712446,0.035813,0.035813,0.676633,0.055488,7,51,1,-1,24,23,33,112.000000,77.500000,58.000000,0.357143,0.516129,0.689655,-0.016535,-0.005770,0.000295,0.000000,10,7,3,fixed,10,10,0,0,3.000000,4.000000
1,multi_greedy,10,4,22,1,1,3,0.000000,77.500000,1.290323,23,0.676633,25,0,1,0,0.676633,0.712446,0.035813,0.035813,0.676633,0.055488,7,51,1,-1,24,23,33,112.000000,77.500000,58.000000,0.892857,1.290323,1.724138,-0.007783,0.000295,0.004769,0.004769,10,7,3,fixed,10,10,0,0,3.000000,4.000000
1,multi_greedy,10,4,23,1,1,1,3.339225,77.500000,1.113075,23,0.676633,25,0,1,0,0.676633,0.712446,0.035813,0.035813,0.676633,0.055488,7,51,1,-1,24,23,33,112.000000,77.500000,58.000000,1.214949,1.107283,0.977952,-0.005619,0.000295,0.002722,0.002722,10,7,3,fixed,10,10,0,0,3.000000,4.000000
1,multi_greedy,10,4,24,1,1,4,0.000000,77.500000,0.516129,23,0.676633,25,0,2,1,0.676633,0.712446,0.035813,0.035813,0.676633,0.055488,7,51,1,-1,24,23,33,112.000000,77.500000,58.000000,0.357143,0.516129,0.689655,-0.010664,0.000295,0.006471,0.006471,10,7,3,fixed,10,10,0,0,3.000000,4.000000
1,multi_greedy,10,4,25,2,2,1,2.956962,58.000000,0.985654,33,0.676633,25,0,2,0,0.676633,0.712446,0.035813,0.035813,0.676633,0.055488,7,51,1,-1,24,23,33,112.000000,77.500000,58.000000,1.214949,1.061840,1.011973,-0.008346,-0.002923,0.000295,0.000000,10,7,3,fixed,10,10,0,0,3.000000,4.000000
1,multi_greedy,10,4,26,1,1,3,0.000000,77.500000,1.290323,23,0.676633,25,0,1,0,0.676633,0.712446,0.035813,0.035813,0.676633,0.055488,7,51,1,-1,24,23,33,112.000000,77.500000,58.000000,0.892857,1.290323,1.724138,-0.007783,0.000295,0.004769,0.004769,10,7,3,fixed,10,10,0,0,3.000000,4.000000
1,multi_greedy,10,4,27,1,1,1,3.297459,77.500000,1.099153,23,0.676633,25,0,1,0,0.676633,0.712446,0.035813,0.035813,0.676633,0.055488,7,51,1,-1,24,23,33,112.000000,77.500000,58.000000,1.214949,1.109272,0.977952,-0.005627,0.000295,0.002713,0.002713,10,7,3,fixed,10,10,0,0,3.000000,4.000000
1,multi_greedy,10,4,28,0,0,2,3.725700,112.000000,0.465712,24,0.676633,25,0,0,0,0.676633,0.712446,0.035813,0.035813,0.676633,0.055488,7,51,1,0,24,23,33,112.000000,77.500000,58.000000,0.475033,0.372629,0.366732,0.000295,0.002687,0.005803,0.005803,10,7,3,fixed,10,10,0,0,3.000000,4.000000
1,multi_greedy,10,4,29,2,2,1,3.170406,58.000000,1.056802,33,0.676633,25,0,2,0,0.676633,0.712446,0.035813,0.035813,0.676633,0.055488,7,51,1,1,24,23,33,112.000000,77.500000,58.000000,1.214949,1.061840,0.997744,-0.008270,-0.002845,0.000295,0.000000,10,7,3,fixed,10,10,0,0,3.000000,4.000000
1,multi_greedy,10,4,30,2,2,4,0.000000,58.000000,0.689655,33,0.676633,25,0,2,0,0.676633,0.712446,0.035813,0.035813,0.676633,0.055488,7,51,1,-1,24,23,33,112.000000,77.500000,58.000000,0.357143,0.516129,0.689655,-0.016535,-0.005770,0.000295,0.000000,10,7,3,fixed,10,10,0,0,3.000000,4.000000
1,multi_greedy,10,4,31,1,1,2,2.999986,77.500000,0.374998,23,0.676633,25,0,1,0,0.676633,0.712446,0.035813,0.035813,0.676633,0.055488,7,51,1,0,24,23,33,112.000000,77.500000,58.000000,0.455606,0.393441,0.366732,-0.004516,0.000295,0.001933,0.001933,10,7,3,fixed,10,10,0,0,3.000000,4.000000
1,multi_greedy,10,4,32,2,2,4,0.000000,58.000000,0.689655,33,0.676633,25,0,2,0,0.676633,0.712446,0.035813,0.035813,0.676633,0.055488,7,51,1,-1,24,23,33,112.000000,77.500000,58.000000,0.357143,0.516129,0.689655,-0.016535,-0.005770,0.000295,0.000000,10,7,3,fixed,10,10,0,0,3.000000,4.000000
1,multi_greedy,10,4,33,0,0,2,3.799977,112.000000,0.474997,24,0.676633,25,0,0,0,0.676633,0.712446,0.035813,0.035813,0.676633,0.055488,7,51,1,0,24,23,33,112.000000,77.500000,58.000000,0.474569,0.372629,0.366732,0.000295,0.002698,0.005815,0.005815,10,7,3,fixed,10,10,0,0,3.000000,4.000000
1,multi_greedy,10,4,34,2,2,4,0.000000,58.000000,0.689655,33,0.676633,25,0,2,0,0.676633,0.712446,0.035813,0.035813,0.676633,0.055488,7,51,1,-1,24,23,33,112.000000,77.500000,58.000000,0.357143,0.516129,0.689655,-0.016535,-0.005770,0.000295,0.000000,10,7,3,fixed,10,10,0,0,3.000000,4.000000
1,multi_greedy,10,4,35,2,2,3,0.000000,58.000000,1.724138,33,0.676633,25,0,2,0,0.676633,0.712446,0.035813,0.035813,0.676633,0.055488,7,51,1,1,24,23,33,112.000000,77.500000,58.000000,0.892857,1.290323,1.724138,-0.012094,-0.004121,0.000295,0.000000,10,7,3,fixed,10,10,0,0,3.000000,4.000000
1,multi_greedy,10,4,36,2,2,4,0.000000,58.000000,0.689655,33,0.676633,25,0,2,0,0.676633,0.712446,0.035813,0.035813,0.676633,0.055488,7,51,1,-1,24,23,33,112.000000,77.500000,58.000000,0.357143,0.516129,0.689655,-0.016535,-0.005770,0.000295,0.000000,10,7,3,fixed,10,10,0,0,3.000000,4.000000
1,multi_greedy,10,4,37,1,1,4,0.000000,77.500000,0.516129,23,0.676633,25,0,2,1,0.676633,0.712446,0.035813,0.035813,0.676633,0.055488,7,51,1,-1,24,23,33,112.000000,77.500000,58.000000,0.357143,0.516129,0.689655,-0.010664,0.000295,0.006471,0.006471,10,7,3,fixed,10,10,0,0,3.000000,4.000000
1,multi_greedy,10,4,38,2,2,3,0.000000,58.000000,1.724138,33,0.676633,25,0,2,0,0.676633,0.712446,0.035813,0.035813,0.676633,0.055488,7,51,1,1,24,23,33,112.000000,77.500000,58.000000,0.892857,1.290323,1.724138,-0.012094,-0.004121,0.000295,0.000000,10,7,3,fixed,10,10,0,0,3.000000,4.000000
1,multi_greedy,10,4,39,1,1,2,3.002195,77.500000,0.375274,23,0.676633,25,0,1,0,0.676633,0.712446,0.035813,0.035813,0.676633,0.055488,7,51,1,0,24,23,33,112.000000,77.500000,58.000000,0.455606,0.393349,0.366732,-0.004513,0.000295,0.001937,0.001937,10,7,3,fixed,10,10,0,0,3.000000,4.000000
1,multi_greedy,10,4,40,1,1,1,3.506631,77.500000,1.168877,23,0.676633,25,0,1,0,0.676633,0.712446,0.035813,0.035813,0.676633,0.055488,7,51,1,-1,24,23,33,112.000000,77.500000,58.000000,1.214949,1.099311,0.977952,-0.005583,0.000295,0.002758,0.002758,10,7,3,fixed,10,10,0,0,3.000000,4.000000
1,multi_greedy,10,4,41,0,0,2,3.831692,112.000000,0.478962,24,0.676633,25,0,0,0,0.676633,0.712446,0.035813,0.035813,0.676633,0.055488,7,51,1,0,24,23,33,112.000000,77.500000,58.000000,0.474371,0.372629,0.366732,0.000295,0.002703,0.005819,0.005819,10,7,3,fixed,10,10,0,0,3.000000,4.000000
1,multi_greedy,10,4,42,1,1,4,0.000000,77.500000,0.516129,23,0.676633,25,0,2,1,0.676633,0.712446,0.035813,0.035813,0.676633,0.055488,7,51,1,-1,24,23,33,112.000000,77.500000,58.000000,0.357143,0.516129,0.689655,-0.010664,0.000295,0.006471,0.006471,10,7,3,fixed,10,10,0,0,3.000000,4.000000
1,multi_greedy,10,4,43,0,0,2,3.837144,112.000000,0.479643,24,0.676633,25,0,1,1,0.676633,0.712446,0.035813,0.035813,0.676633,0.055488,7,51,1,0,24,23,33,112.000000,77.500000,58.000000,0.474337,0.372629,0.366732,0.000295,0.002704,0.005820,0.005820,10,7,3,fixed,10,10,0,0,3.000000,4.000000
1,multi_greedy,10,4,44,2,2,4,0.000000,58.000000,0.689655,33,0.676633,25,0,2,0,0.676633,0.712446,0.035813,0.035813,0.676633,0.055488,7,51,1,-1,24,23,33,112.000000,77.500000,58.000000,0.357143,0.516129,0.689655,-0.016535,-0.005770,0.000295,0.000000,10,7,3,fixed,10,10,0,0,3.000000,4.000000
1,multi_greedy,10,4,45,1,1,3,0.000000,77.500000,1.290323,23,0.676633,25,0,1,0,0.676633,0.712446,0.035813,0.035813,0.676633,0.055488,7,51,1,-1,24,23,33,112.000000,77.500000,58.000000,0.892857,1.290323,1.724138,-0.007783,0.000295,0.004769,0.004769,10,7,3,fixed,10,10,0,0,3.000000,4.000000
1,multi_greedy,10,4,46,0,0,2,3.753020,112.000000,0.469128,24,0.676633,25,0,0,0,0.676633,0.712446,0.035813,0.035813,0.676633,0.055488,7,51,1,0,24,23,33,112.000000,77.500000,58.000000,0.474863,0.372629,0.366732,0.000295,0.002691,0.005807,0.005807,10,7,3,fixed,10,10,0,0,3.000000,4.000000
1,multi_greedy,10,4,47,0,0,2,3.837167,112.000000,0.479646,24,0.676633,25,0,1,1,0.676633,0.712446,0.035813,0.035813,0.676633,0.055488,7,51,1,0,24,23,33,112.000000,77.500000,58.000000,0.474337,0.372629,0.366732,0.000295,0.002704,0.005820,0.005820,10,7,3,fixed,10,10,0,0,3.000000,4.000000
1,multi_greedy,10,4,48,2,2,4,0.000000,58.000000,0.689655,33,0.676633,25,0,2,0,0.676633,0.712446,0.035813,0.035813,0.676633,0.055488,7,51,1,-1,24,23,33,112.000000,77.500000,58.000000,0.357143,0.516129,0.689655,-0.016535,-0.005770,0.000295,0.000000,10,7,3,fixed,10,10,0,0,3.000000,4.000000
1,multi_greedy,10,4,49,0,0,2,3.751964,112.000000,0.468995,24,0.676633,25,0,0,0,0.676633,0.712446,0.035813,0.035813,0.676633,0.055488,7,51,1,0,24,23,33,112.000000,77.500000,58.000000,0.474869,0.372629,0.366732,0.000295,0.002691,0.005807,0.005807,10,7,3,fixed,10,10,0,0,3.000000,4.000000
1,multi_greedy,10,4,50,2,2,4,0.000000,58.000000,0.689655,33,0.676633,25,0,2,0,0.676633,0.712446,0.035813,0.035813,0.676633,0.055488,7,51,1,-1,24,23,33,112.000000,77.500000,58.000000,0.357143,0.516129,0.689655,-0.016535,-0.005770,0.000295,0.000000,10,7,3,fixed,10,10,0,0,3.000000,4.000000
1,multi_greedy,10,4,51,0,0,2,3.753057,112.000000,0.469132,24,0.676633,25,0,0,0,0.676633,0.712446,0.035813,0.035813,0.676633,0.055488,7,51,1,0,24,23,33,112.000000,77.500000,58.000000,0.474862,0.372629,0.366732,0.000295,0.002691,0.005807,0.005807,10,7,3,fixed,10,10,0,0,3.000000,4.000000
1,multi_greedy,10,4,52,1,1,1,3.506577,77.500000,1.168859,23,0.676633,25,0,1,0,0.676633,0.712446,0.035813,0.035813,0.676633,0.055488,7,51,1,-1,24,23,33,112.000000,77.500000,58.000000,1.214949,1.099314,0.977952,-0.005583,0.000295,0.002758,0.002758,10,7,3,fixed,10,10,0,0,3.000000,4.000000
1,multi_greedy,10,4,53,0,0,2,3.751975,112.000000,0.468997,24,0.676633,25,0,0,0,0.676633,0.712446,0.035813,0.035813,0.676633,0.055488,7,51,1,0,24,23,33,112.000000,77.500000,58.000000,0.474869,0.372629,0.366732,0.000295,0.002691,0.005807,0.005807,10,7,3,fixed,10,10,0,0,3.000000,4.000000
1,multi_greedy,10,4,54,2,2,4,0.000000,58.000000,0.689655,33,0.676633,25,0,2,0,0.676633,0.712446,0.035813,0.035813,0.676633,0.055488,7,51,1,-1,24,23,33,112.000000,77.500000,58.000000,0.357143,0.516129,0.689655,-0.016535,-0.005770,0.000295,0.000000,10,7,3,fixed,10,10,0,0,3.000000,4.000000
1,multi_greedy,10,4,55,0,0,2,3.828442,112.000000,0.478555,24,0.676633,25,0,0,0,0.676633,0.712446,0.035813,0.035813,0.676633,0.055488,7,51,1,0,24,23,33,112.000000,77.500000,58.000000,0.474391,0.372629,0.366732,0.000295,0.002702,0.005819,0.005819,10,7,3,fixed,10,10,0,0,3.000000,4.000000
1,multi_greedy,10,4,56,2,2,4,0.000000,58.000000,0.689655,33,0.676633,25,0,2,0,0.676633,0.712446,0.035813,0.035813,0.676633,0.055488,7,51,1,-1,24,23,33,112.000000,77.500000,58.000000,0.357143,0.516129,0.689655,-0.016535,-0.005770,0.000295,0.000000,10,7,3,fixed,10,10,0,0,3.000000,4.000000
1,multi_greedy,10,4,57,2,2,3,0.000000,58.000000,1.724138,33,0.676633,25,0,2,0,0.676633,0.712446,0.035813,0.035813,0.676633,0.055488,7,51,1,1,24,23,33,112.000000,77.500000,58.000000,0.892857,1.290323,1.724138,-0.012094,-0.004121,0.000295,0.000000,10,7,3,fixed,10,10,0,0,3.000000,4.000000
1,multi_greedy,10,4,58,1,1,1,3.282431,77.500000,1.094144,23,0.676633,25,0,1,0,0.676633,0.712446,0.035813,0.035813,0.676633,0.055488,7,51,1,-1,24,23,33,112.000000,77.500000,58.000000,1.214949,1.109987,0.977952,-0.005631,0.000295,0.002710,0.002710,10,7,3,fixed,10,10,0,0,3.000000,4.000000
1,multi_greedy,10,4,59,2,2,4,0.000000,58.000000,0.689655,33,0.676633,25,0,2,0,0.676633,0.712446,0.035813,0.035813,0.676633,0.055488,7,51,1,-1,24,23,33,112.000000,77.500000,58.000000,0.357143,0.516129,0.689655,-0.016535,-0.005770,0.000295,0.000000,10,7,3,fixed,10,10,0,0,3.000000,4.000000
1,multi_greedy,10,4,60,1,1,3,0.000000,77.500000,1.290323,23,0.676633,25,0,1,0,0.676633,0.712446,0.035813,0.035813,0.676633,0.055488,7,51,1,-1,24,23,33,112.000000,77.500000,58.000000,0.892857,1.290323,1.724138,-0.007783,0.000295,0.004769,0.004769,10,7,3,fixed,10,10,0,0,3.000000,4.000000
1,multi_greedy,10,4,61,2,2,4,0.000000,58.000000,0.689655,33,0.676633,25,0,2,0,0.676633,0.712446,0.035813,0.035813,0.676633,0.055488,7,51,1,-1,24,23,33,112.000000,77.500000,58.000000,0.357143,0.516129,0.689655,-0.016535,-0.005770,0.000295,0.000000,10,7,3,fixed,10,10,0,0,3.000000,4.000000
1,multi_greedy,10,4,62,0,0,3,0.000000,112.000000,0.892857,24,0.676633,25,0,0,0,0.676633,0.712446,0.035813,0.035813,0.676633,0.055488,7,51,1,-1,24,23,33,112.000000,77.500000,58.000000,0.892857,1.290323,1.724138,0.000295,0.008570,0.013155,0.013155,10,7,3,fixed,10,10,0,0,3.000000,4.000000
1,multi_greedy,10,4,63,0,0,2,3.828442,112.000000,0.478555,24,0.676633,25,0,0,0,0.676633,0.712446,0.035813,0.035813,0.676633,0.055488,7,51,1,0,24,23,33,112.000000,77.500000,58.000000,0.474391,0.372629,0.366732,0.000295,0.002702,0.005819,0.005819,10,7,3,fixed,10,10,0,0,3.000000,4.000000
1,multi_greedy,10,4,64,1,1,4,0.000000,77.500000,0.516129,23,0.676633,25,0,2,1,0.676633,0.712446,0.035813,0.035813,0.676633,0.055488,7,51,1,-1,24,23,33,112.000000,77.500000,58.000000,0.357143,0.516129,0.689655,-0.010664,0.000295,0.006471,0.006471,10,7,3,fixed,10,10,0,0,3.000000,4.000000
1,multi_greedy,10,4,65,0,0,2,3.837131,112.000000,0.479641,24,0.676633,25,0,2,1,0.676633,0.712446,0.035813,0.035813,0.676633,0.055488,7,51,1,0,24,23,33,112.000000,77.500000,58.000000,0.474337,0.372629,0.366732,0.000295,0.002704,0.005820,0.005820,10,7,3,fixed,10,10,0,0,3.000000,4.000000
1,multi_greedy,10,4,66,2,2,4,0.000000,58.000000,0.689655,33,0.676633,25,0,2,0,0.676633,0.712446,0.035813,0.035813,0.676633,0.055488,7,51,1,-1,24,23,33,112.000000,77.500000,58.000000,0.357143,0.516129,0.689655,-0.016535,-0.005770,0.000295,0.000000,10,7,3,fixed,10,10,0,0,3.000000,4.000000
1,multi_greedy,10,4,67,2,2,4,0.000000,58.000000,0.689655,33,0.676633,25,0,2,0,0.676633,0.712446,0.035813,0.035813,0.676633,0.055488,7,51,1,-1,24,23,33,112.000000,77.500000,58.000000,0.357143,0.516129,0.689655,-0.016535,-0.005770,0.000295,0.000000,10,7,3,fixed,10,10,0,0,3.000000,4.000000
1,multi_greedy,10,4,68,0,0,2,3.750808,112.000000,0.468851,24,0.676633,25,0,0,0,0.676633,0.712446,0.035813,0.035813,0.676633,0.055488,7,51,1,0,24,23,33,112.000000,77.500000,58.000000,0.474876,0.372629,0.366732,0.000295,0.002690,0.005807,0.005807,10,7,3,fixed,10,10,0,0,3.000000,4.000000
1,multi_greedy,10,4,69,2,2,4,0.000000,58.000000,0.689655,33,0.676633,25,0,2,0,0.676633,0.712446,0.035813,0.035813,0.676633,0.055488,7,51,1,-1,24,23,33,112.000000,77.500000,58.000000,0.357143,0.516129,0.689655,-0.016535,-0.005770,0.000295,0.000000,10,7,3,fixed,10,10,0,0,3.000000,4.000000
1,multi_greedy,10,4,70,2,2,1,3.017849,58.000000,1.005950,33,0.676633,25,0,2,0,0.676633,0.712446,0.035813,0.035813,0.676633,0.055488,7,51,1,1,24,23,33,112.000000,77.500000,58.000000,1.214949,1.061840,1.007914,-0.008325,-0.002901,0.000295,0.000000,10,7,3,fixed,10,10,0,0,3.000000,4.000000
1,multi_greedy,10,4,71,2,2,3,0.000000,58.000000,1.724138,33,0.676633,25,0,2,0,0.676633,0.712446,0.035813,0.035813,0.676633,0.055488,7,51,1,1,24,23,33,112.000000,77.500000,58.000000,0.892857,1.290323,1.724138,-0.012094,-0.004121,0.000295,0.000000,10,7,3,fixed,10,10,0,0,3.000000,4.000000
1,multi_greedy,10,4,72,2,2,1,3.071934,58.000000,1.023978,33,0.676633,25,0,2,0,0.676633,0.712446,0.035813,0.035813,0.676633,0.055488,7,51,1,1,24,23,33,112.000000,77.500000,58.000000,1.214949,1.061840,1.004309,-0.008305,-0.002881,0.000295,0.000000,10,7,3,fixed,10,10,0,0,3.000000,4.000000
1,multi_greedy,10,4,73,2,2,1,3.068987,58.000000,1.022996,33,0.676633,25,0,2,0,0.676633,0.712446,0.035813,0.035813,0.676633,0.055488,7,51,1,1,24,23,33,112.000000,77.500000,58.000000,1.214949,1.061840,1.004505,-0.008306,-0.002882,0.000295,0.000000,10,7,3,fixed,10,10,0,0,3.000000,4.000000
1,multi_greedy,10,4,74,2,2,1,2.850423,58.000000,0.950141,33,0.676633,25,0,2,0,0.676633,0.712446,0.035813,0.035813,0.676633,0.055488,7,51,1,-1,24,23,33,112.000000,77.500000,58.000000,1.214949,1.061840,1.019076,-0.008383,-0.002961,0.000295,0.000000,10,7,3,fixed,10,10,0,0,3.000000,4.000000
1,multi_greedy,10,4,75,0,0,2,3.837120,112.000000,0.479640,24,0.676633,25,0,0,0,0.676633,0.712446,0.035813,0.035813,0.676633,0.055488,7,51,1,0,24,23,33,112.000000,77.500000,58.000000,0.474337,0.372629,0.366732,0.000295,0.002704,0.005820,0.005820,10,7,3,fixed,10,10,0,0,3.000000,4.000000
1,multi_greedy,10,4,76,1,1,1,3.172970,77.500000,1.057657,23,0.676633,25,0,1,0,0.676633,0.712446,0.035813,0.035813,0.676633,0.055488,7,51,1,-1,24,23,33,112.000000,77.500000,58.000000,1.214949,1.115200,0.977952,-0.005653,0.000295,0.002687,0.002687,10,7,3,fixed,10,10,0,0,3.000000,4.000000
1,multi_greedy,10,4,77,1,1,3,0.000000,77.500000,1.290323,23,0.676633,25,0,1,0,0.676633,0.712446,0.035813,0.035813,0.676633,0.055488,7,51,1,-1,24,23,33,112.000000,77.500000,58.000000,0.892857,1.290323,1.724138,-0.007783,0.000295,0.004769,0.004769,10,7,3,fixed,10,10,0,0,3.000000,4.000000
1,multi_greedy,10,4,78,0,0,2,3.837131,112.000000,0.479641,24,0.676633,25,0,0,0,0.676633,0.712446,0.035813,0.035813,0.676633,0.055488,7,51,1,0,24,23,33,112.000000,77.500000,58.000000,0.474337,0.372629,0.366732,0.000295,0.002704,0.005820,0.005820,10,7,3,fixed,10,10,0,0,3.000000,4.000000
1,multi_greedy,10,4,79,0,0,2,3.837131,112.000000,0.479641,24,0.676633,25,0,0,0,0.676633,0.712446,0.035813,0.035813,0.676633,0.055488,7,51,1,0,24,23,33,112.000000,77.500000,58.000000,0.474337,0.372629,0.366732,0.000295,0.002704,0.005820,0.005820,10,7,3,fixed,10,10,0,0,3.000000,4.000000
1,multi_greedy,10,4,80,0,0,2,3.793442,112.000000,0.474180,24,0.676633,25,0,0,0,0.676633,0.712446,0.035813,0.035813,0.676633,0.055488,7,51,1,0,24,23,33,112.000000,77.500000,58.000000,0.474610,0.372629,0.366732,0.000295,0.002697,0.005814,0.005814,10,7,3,fixed,10,10,0,0,3.000000,4.000000
1,multi_greedy,10,5,1,2,2,4,0.000000,60.000000,0.666667,38,0.646269,7,0,2,0,0.646269,0.646269,0.000000,0.000000,0.646269,-0.030365,0,42,1,-1,21,21,38,112.000000,75.166700,60.000000,0.357143,0.532151,0.666667,0.000861,0.006467,0.014792,0.006467,10,0,10,fixed,10,10,0,0,3.000000,4.000000
1,multi_greedy,10,5,2,0,0,2,4.414240,112.000000,0.551780,21,0.646269,7,0,0,0,0.646269,0.646269,0.000000,0.000000,0.646269,-0.030365,0,42,1,-1,21,21,38,112.000000,75.166700,60.000000,0.553772,0.256042,0.174241,0.014792,0.003807,0.000290,0.003807,10,0,10,fixed,10,10,0,0,3.000000,4.000000
1,multi_greedy,10,5,3,0,0,2,4.497161,112.000000,0.562145,21,0.646269,7,0,0,0,0.646269,0.646269,0.000000,0.000000,0.646269,-0.030365,0,42,1,-1,21,21,38,112.000000,75.166700,60.000000,0.553162,0.256042,0.174241,0.014792,0.003817,0.000300,0.003817,10,0,10,fixed,10,10,0,0,3.000000,4.000000
1,multi_greedy,10,5,4,1,1,1,3.396492,75.166700,1.132164,21,0.646269,7,0,1,0,0.646269,0.646269,0.000000,0.000000,0.646269,-0.030365,0,42,1,-1,21,21,38,112.000000,75.166700,60.000000,1.409319,1.110979,0.914644,0.014829,0.014792,0.019901,0.019901,10,0,10,fixed,10,10,0,0,3.000000,4.000000
1,multi_greedy,10,5,5,0,0,2,4.503749,112.000000,0.562969,21,0.646269,7,0,0,0,0.646269,0.646269,0.000000,0.000000,0.646269,-0.030365,0,42,1,-1,21,21,38,112.000000,75.166700,60.000000,0.553114,0.256042,0.174241,0.014792,0.003818,0.000301,0.003818,10,0,10,fixed,10,10,0,0,3.000000,4.000000
1,multi_greedy,10,5,6,2,2,4,0.000000,60.000000,0.666667,38,0.646269,7,0,2,0,0.646269,0.646269,0.000000,0.000000,0.646269,-0.030365,0,42,1,-1,21,21,38,112.000000,75.166700,60.000000,0.357143,0.532151,0.666667,0.000861,0.006467,0.014792,0.006467,10,0,10,fixed,10,10,0,0,3.000000,4.000000
1,multi_greedy,10,5,7,0,0,3,0.000000,112.000000,0.892857,21,0.646269,7,0,0,0,0.646269,0.646269,0.000000,0.000000,0.646269,-0.030365,0,42,1,-1,21,21,38,112.000000,75.166700,60.000000,0.892857,1.330376,1.666667,0.014792,0.017585,0.024914,0.024914,10,0,10,fixed,10,10,0,0,3.000000,4.000000
1,multi_greedy,10,5,8,1,1,3,0.000000,75.166700,1.330376,21,0.646269,7,0,1,0,0.646269,0.646269,0.000000,0.000000,0.646269,-0.030365,0,42,1,-1,21,21,38,112.000000,75.166700,60.000000,0.892857,1.330376,1.666667,0.012022,0.014792,0.022059,0.022059,10,0,10,fixed,10,10,0,0,3.000000,4.000000
1,multi_greedy,10,5,9,0,0,2,4.503760,112.000000,0.562970,21,0.646269,7,0,0,0,0.646269,0.646269,0.000000,0.000000,0.646269,-0.030365,0,42,1,-1,21,21,38,112.000000,75.166700,60.000000,0.553114,0.256042,0.174241,0.014792,0.003818,0.000301,0.003818,10,0,10,fixed,10,10,0,0,3.000000,4.000000
1,multi_greedy,10,5,10,1,1,1,3.330543,75.166700,1.110181,21,0.646269,7,0,1,0,0.646269,0.646269,0.000000,0.000000,0.646269,-0.030365,0,42,1,-1,21,21,38,112.000000,75.166700,60.000000,1.409319,1.114119,0.914644,0.014815,0.014792,0.019888,0.019888,10,0,10,fixed,10,10,0,0,3.000000,4.000000
1,multi_greedy,10,5,11,2,2,4,0.000000,60.000000,0.666667,38,0.646269,7,0,2,0,0.646269,0.646269,0.000000,0.000000,0.646269,-0.030365,0,42,1,-1,21,21,38,112.000000,75.166700,60.000000,0.357143,0.532151,0.666667,0.000861,0.006467,0.014792,0.006467,10,0,10,fixed,10,10,0,0,3.000000,4.000000
1,multi_greedy,10,5,12,1,1,3,0.000000,75.166700,1.330376,21,0.646269,7,0,1,0,0.646269,0.646269,0.000000,0.000000,0.646269,-0.030365,0,42,1,-1,21,21,38,112.000000,75.166700,60.000000,0.892857,1.330376,1.666667,0.012022,0.014792,0.022059,0.022059,10,0,10,fixed,10,10,0,0,3.000000,4.000000
1,multi_greedy,10,5,13,2,2,4,0.000000,60.000000,0.666667,38,0.646269,7,0,2,0,0.646269,0.646269,0.000000,0.000000,0.646269,-0.030365,0,42,1,-1,21,21,38,112.000000,75.166700,60.000000,0.357143,0.532151,0.666667,0.000861,0.006467,0.014792,0.006467,10,0,10,fixed,10,10,0,0,3.000000,4.000000
1,multi_greedy,10,5,14,1,1,2,2.145359,75.166700,0.268170,21,0.646269,7,0,1,0,0.646269,0.646269,0.000000,0.000000,0.646269,-0.030365,0,42,1,0,21,21,38,112.000000,75.166700,60.000000,0.528495,0.268247,0.174241,0.023185,0.014792,0.009242,0.023185,10,0,10,fixed,10,10,0,0,3.000000,4.000000
1,multi_greedy,10,5,15,0,0,3,0.000000,112.000000,0.892857,21,0.646269,7,0,0,0,0.646269,0.646269,0.000000,0.000000,0.646269,-0.030365,0,42,1,-1,21,21,38,112.000000,75.166700,60.000000,0.892857,1.330376,1.666667,0.014792,0.017585,0.024914,0.024914,10,0,10,fixed,10,10,0,0,3.000000,4.000000
1,multi_greedy,10,5,16,2,2,3,0.000000,60.000000,1.666667,38,0.646269,7,0,2,0,0.646269,0.646269,0.000000,0.000000,0.646269,-0.030365,0,42,1,1,21,21,38,112.000000,75.166700,60.000000,0.892857,1.330376,1.666667,0.004970,0.007681,0.014792,0.007681,10,0,10,fixed,10,10,0,0,3.000000,4.000000
1,multi_greedy,10,5,17,2,2,3,0.000000,60.000000,1.666667,38,0.646269,7,0,2,0,0.646269,0.646269,0.000000,0.000000,0.646269,-0.030365,0,42,1,1,21,21,38,112.000000,75.166700,60.000000,0.892857,1.330376,1.666667,0.004970,0.007681,0.014792,0.007681,10,0,10,fixed,10,10,0,0,3.000000,4.000000
1,multi_greedy,10,5,18,2,2,4,0.000000,60.000000,0.666667,38,0.646269,7,0,2,0,0.646269,0.646269,0.000000,0.000000,0.646269,-0.030365,0,42,1,-1,21,21,38,112.000000,75.166700,60.000000,0.357143,0.532151,0.666667,0.000861,0.006467,0.014792,0.006467,10,0,10,fixed,10,10,0,0,3.000000,4.000000
1,multi_greedy,10,5,19,2,2,4,0.000000,60.000000,0.666667,38,0.646269,7,0,2,0,0.646269,0.646269,0.000000,0.000000,0.646269,-0.030365,0,42,1,-1,21,21,38,112.000000,75.166700,60.000000,0.357143,0.532151,0.666667,0.000861,0.006467,0.014792,0.006467,10,0,10,fixed,10,10,0,0,3.000000,4.000000
1,multi_greedy,10,5,20,1,1,2,2.145376,75.166700,0.268172,21,0.646269,7,0,1,0,0.646269,0.646269,0.000000,0.000000,0.646269,-0.030365,0,42,1,0,21,21,38,112.000000,75.166700,60.000000,0.528495,0.268247,0.174241,0.023185,0.014792,0.009242,0.023185,10,0,10,fixed,10,10,0,0,3.000000,4.000000
1,multi_greedy,10,5,21,2,2,4,0.000000,60.000000,0.666667,38,0.646269,7,0,2,0,0.646269,0.646269,0.000000,0.000000,0.646269,-0.030365,0,42,1,-1,21,21,38,112.000000,75.166700,60.000000,0.357143,0.532151,0.666667,0.000861,0.006467,0.014792,0.006467,10,0,10,fixed,10,10,0,0,3.000000,4.000000
1,multi_greedy,10,5,22,1,1,3,0.000000,75.166700,1.330376,21,0.646269,7,0,1,0,0.646269,0.646269,0.000000,0.000000,0.646269,-0.030365,0,42,1,-1,21,21,38,112.000000,75.166700,60.000000,0.892857,1.330376,1.666667,0.012022,0.014792,0.022059,0.022059,10,0,10,fixed,10,10,0,0,3.000000,4.000000
1,multi_greedy,10,5,23,1,1,1,3.330971,75.166700,1.110324,21,0.646269,7,0,1,0,0.646269,0.646269,0.000000,0.000000,0.646269,-0.030365,0,42,1,-1,21,21,38,112.000000,75.166700,60.000000,1.409319,1.114099,0.914644,0.014816,0.014792,0.019888,0.019888,10,0,10,fixed,10,10,0,0,3.000000,4.000000
1,multi_greedy,10,5,24,2,2,4,0.000000,60.000000,0.666667,38,0.646269,7,0,2,0,0.646269,0.646269,0.000000,0.000000,0.646269,-0.030365,0,42,1,-1,21,21,38,112.000000,75.166700,60.000000,0.357143,0.532151,0.666667,0.000861,0.006467,0.014792,0.006467,10,0,10,fixed,10,10,0,0,3.000000,4.000000
1,multi_greedy,10,5,25,2,2,1,2.969642,60.000000,0.989881,38,0.646269,7,0,2,0,0.646269,0.646269,0.000000,0.000000,0.646269,-0.030365,0,42,1,-1,21,21,38,112.000000,75.166700,60.000000,1.409319,1.063007,0.928480,0.009556,0.009071,0.014792,0.009556,10,0,10,fixed,10,10,0,0,3.000000,4.000000
1,multi_greedy,10,5,26,1,1,3,0.000000,75.166700,1.330376,21,0.646269,7,0,1,0,0.646269,0.646269,0.000000,0.000000,0.646269,-0.030365,0,42,1,-1,21,21,38,112.000000,75.166700,60.000000,0.892857,1.330376,1.666667,0.012022,0.014792,0.022059,0.022059,10,0,10,fixed,10,10,0,0,3.000000,4.000000
1,multi_greedy,10,5,27,1,1,1,3.357594,75.166700,1.119198,21,0.646269,7,0,1,0,0.646269,0.646269,0.000000,0.000000,0.646269,-0.030365,0,42,1,-1,21,21,38,112.000000,75.166700,60.000000,1.409319,1.112831,0.914644,0.014821,0.014792,0.019893,0.019893,10,0,10,fixed,10,10,0,0,3.000000,4.000000
1,multi_greedy,10,5,28,0,0,2,4.363963,112.000000,0.545495,21,0.646269,7,0,0,0,0.646269,0.646269,0.000000,0.000000,0.646269,-0.030365,0,42,1,-1,21,21,38,112.000000,75.166700,60.000000,0.554141,0.256042,0.174241,0.014792,0.003801,0.000284,0.003801,10,0,10,fixed,10,10,0,0,3.000000,4.000000
1,multi_greedy,10,5,29,2,2,1,2.889953,60.000000,0.963318,38,0.646269,7,0,2,0,0.646269,0.646269,0.000000,0.000000,0.646269,-0.030365,0,42,1,-1,21,21,38,112.000000,75.166700,60.000000,1.409319,1.063007,0.933792,0.009524,0.009039,0.014792,0.009524,10,0,10,fixed,10,10,0,0,3.000000,4.000000
1,multi_greedy,10,5,30,2,2,4,0.000000,60.000000,0.666667,38,0.646269,7,0,2,0,0.646269,0.646269,0.000000,0.000000,0.646269,-0.030365,0,42,1,-1,21,21,38,112.000000,75.166700,60.000000,0.357143,0.532151,0.666667,0.000861,0.006467,0.014792,0.006467,10,0,10,fixed,10,10,0,0,3.000000,4.000000
1,multi_greedy,10,5,31,1,1,2,2.146486,75.166700,0.268311,21,0.646269,7,0,1,0,0.646269,0.646269,0.000000,0.000000,0.646269,-0.030365,0,42,1,0,21,21,38,112.000000,75.166700,60.000000,0.528495,0.268219,0.174241,0.023187,0.014792,0.009244,0.023187,10,0,10,fixed,10,10,0,0,3.000000,4.000000
1,multi_greedy,10,5,32,2,2,4,0.000000,60.000000,0.666667,38,0.646269,7,0,2,0,0.646269,0.646269,0.000000,0.000000,0.646269,-0.030365,0,42,1,-1,21,21,38,112.000000,75.166700,60.000000,0.357143,0.532151,0.666667,0.000861,0.006467,0.014792,0.006467,10,0,10,fixed,10,10,0,0,3.000000,4.000000
1,multi_greedy,10,5,33,0,0,2,4.497207,112.000000,0.562151,21,0.646269,7,0,0,0,0.646269,0.646269,0.000000,0.000000,0.646269,-0.030365,0,42,1,-1,21,21,38,112.000000,75.166700,60.000000,0.553162,0.256042,0.174241,0.014792,0.003817,0.000300,0.003817,10,0,10,fixed,10,10,0,0,3.000000,4.000000
1,multi_greedy,10,5,34,2,2,4,0.000000,60.000000,0.666667,38,0.646269,7,0,2,0,0.646269,0.646269,0.000000,0.000000,0.646269,-0.030365,0,42,1,-1,21,21,38,112.000000,75.166700,60.000000,0.357143,0.532151,0.666667,0.000861,0.006467,0.014792,0.006467,10,0,10,fixed,10,10,0,0,3.000000,4.000000
1,multi_greedy,10,5,35,2,2,3,0.000000,60.000000,1.666667,38,0.646269,7,0,2,0,0.646269,0.646269,0.000000,0.000000,0.646269,-0.030365,0,42,1,1,21,21,38,112.000000,75.166700,60.000000,0.892857,1.330376,1.666667,0.004970,0.007681,0.014792,0.007681,10,0,10,fixed,10,10,0,0,3.000000,4.000000
1,multi_greedy,10,5,36,2,2,4,0.000000,60.000000,0.666667,38,0.646269,7,0,2,0,0.646269,0.646269,0.000000,0.000000,0.646269,-0.030365,0,42,1,-1,21,21,38,112.000000,75.166700,60.000000,0.357143,0.532151,0.666667,0.000861,0.006467,0.014792,0.006467,10,0,10,fixed,10,10,0,0,3.000000,4.000000
1,multi_greedy,10,5,37,2,2,4,0.000000,60.000000,0.666667,38,0.646269,7,0,2,0,0.646269,0.646269,0.000000,0.000000,0.646269,-0.030365,0,42,1,-1,21,21,38,112.000000,75.166700,60.000000,0.357143,0.532151,0.666667,0.000861,0.006467,0.014792,0.006467,10,0,10,fixed,10,10,0,0,3.000000,4.000000
1,multi_greedy,10,5,38,2,2,3,0.000000,60.000000,1.666667,38,0.646269,7,0,2,0,0.646269,0.646269,0.000000,0.000000,0.646269,-0.030365,0,42,1,1,21,21,38,112.000000,75.166700,60.000000,0.892857,1.330376,1.666667,0.004970,0.007681,0.014792,0.007681,10,0,10,fixed,10,10,0,0,3.000000,4.000000
1,multi_greedy,10,5,39,1,1,2,2.145292,75.166700,0.268162,21,0.646269,7,0,1,0,0.646269,0.646269,0.000000,0.000000,0.646269,-0.030365,0,42,1,0,21,21,38,112.000000,75.166700,60.000000,0.528495,0.268249,0.174241,0.023185,0.014792,0.009242,0.023185,10,0,10,fixed,10,10,0,0,3.000000,4.000000
1,multi_greedy,10,5,40,1,1,1,3.223543,75.166700,1.074514,21,0.646269,7,0,1,0,0.646269,0.646269,0.000000,0.000000,0.646269,-0.030365,0,42,1,-1,21,21,38,112.000000,75.166700,60.000000,1.409319,1.119214,0.914644,0.014794,0.014792,0.019866,0.019866,10,0,10,fixed,10,10,0,0,3.000000,4.000000
1,multi_greedy,10,5,41,0,0,2,4.395518,112.000000,0.549440,21,0.646269,7,0,0,0,0.646269,0.646269,0.000000,0.000000,0.646269,-0.030365,0,42,1,-1,21,21,38,112.000000,75.166700,60.000000,0.553909,0.256042,0.174241,0.014792,0.003805,0.000288,0.003805,10,0,10,fixed,10,10,0,0,3.000000,4.000000
1,multi_greedy,10,5,42,2,2,4,0.000000,60.000000,0.666667,38,0.646269,7,0,2,0,0.646269,0.646269,0.000000,0.000000,0.646269,-0.030365,0,42,1,-1,21,21,38,112.000000,75.166700,60.000000,0.357143,0.532151,0.666667,0.000861,0.006467,0.014792,0.006467,10,0,10,fixed,10,10,0,0,3.000000,4.000000
1,multi_greedy,10,5,43,1,1,2,2.146382,75.166700,0.268298,21,0.646269,7,0,1,0,0.646269,0.646269,0.000000,0.000000,0.646269,-0.030365,0,42,1,0,21,21,38,112.000000,75.166700,60.000000,0.528495,0.268222,0.174241,0.023187,0.014792,0.009244,0.023187,10,0,10,fixed,10,10,0,0,3.000000,4.000000
1,multi_greedy,10,5,44,2,2,4,0.000000,60.000000,0.666667,38,0.646269,7,0,2,0,0.646269,0.646269,0.000000,0.000000,0.646269,-0.030365,0,42,1,-1,21,21,38,112.000000,75.166700,60.000000,0.357143,0.532151,0.666667,0.000861,0.006467,0.014792,0.006467,10,0,10,fixed,10,10,0,0,3.000000,4.000000
1,multi_greedy,10,5,45,1,1,3,0.000000,75.166700,1.330376,21,0.646269,7,0,1,0,0.646269,0.646269,0.000000,0.000000,0.646269,-0.030365,0,42,1,-1,21,21,38,112.000000,75.166700,60.000000,0.892857,1.330376,1.666667,0.012022,0.014792,0.022059,0.022059,10,0,10,fixed,10,10,0,0,3.000000,4.000000
1,multi_greedy,10,5,46,0,0,2,4.409812,112.000000,0.551226,21,0.646269,7,0,0,0,0.646269,0.646269,0.000000,0.000000,0.646269,-0.030365,0,42,1,-1,21,21,38,112.000000,75.166700,60.000000,0.553804,0.256042,0.174241,0.014792,0.003806,0.000290,0.003806,10,0,10,fixed,10,10,0,0,3.000000,4.000000
1,multi_greedy,10,5,47,1,1,2,2.146351,75.166700,0.268294,21,0.646269,7,0,1,0,0.646269,0.646269,0.000000,0.000000,0.646269,-0.030365,0,42,1,0,21,21,38,112.000000,75.166700,60.000000,0.528495,0.268222,0.174241,0.023187,0.014792,0.009244,0.023187,10,0,10,fixed,10,10,0,0,3.000000,4.000000
1,multi_greedy,10,5,48,2,2,4,0.000000,60.000000,0.666667,38,0.646269,7,0,2,0,0.646269,0.646269,0.000000,0.000000,0.646269,-0.030365,0,42,1,-1,21,21,38,112.000000,75.166700,60.000000,0.357143,0.532151,0.666667,0.000861,0.006467,0.014792,0.006467,10,0,10,fixed,10,10,0,0,3.000000,4.000000
1,multi_greedy,10,5,49,0,0,2,4.408630,112.000000,0.551079,21,0.646269,7,0,0,0,0.646269,0.646269,0.000000,0.000000,0.646269,-0.030365,0,42,1,-1,21,21,38,112.000000,75.166700,60.000000,0.553813,0.256042,0.174241,0.014792,0.003806,0.000290,0.003806,10,0,10,fixed,10,10,0,0,3.000000,4.000000
1,multi_greedy,10,5,50,2,2,4,0.000000,60.000000,0.666667,38,0.646269,7,0,2,0,0.646269,0.646269,0.000000,0.000000,0.646269,-0.030365,0,42,1,-1,21,21,38,112.000000,75.166700,60.000000,0.357143,0.532151,0.666667,0.000861,0.006467,0.014792,0.006467,10,0,10,fixed,10,10,0,0,3.000000,4.000000
1,multi_greedy,10,5,51,0,0,2,4.324662,112.000000,0.540583,21,0.646269,7,0,0,0,0.646269,0.646269,0.000000,0.000000,0.646269,-0.030365,0,42,1,-1,21,21,38,112.000000,75.166700,60.000000,0.554430,0.256042,0.174241,0.014792,0.003796,0.000280,0.003796,10,0,10,fixed,10,10,0,0,3.000000,4.000000
1,multi_greedy,10,5,52,1,1,1,3.286741,75.166700,1.095580,21,0.646269,7,0,1,0,0.646269,0.646269,0.000000,0.000000,0.646269,-0.030365,0,42,1,-1,21,21,38,112.000000,75.166700,60.000000,1.409319,1.116205,0.914644,0.014807,0.014792,0.019879,0.019879,10,0,10,fixed,10,10,0,0,3.000000,4.000000
1,multi_greedy,10,5,53,0,0,2,4.324626,112.000000,0.540578,21,0.646269,7,0,0,0,0.646269,0.646269,0.000000,0.000000,0.646269,-0.030365,0,42,1,-1,21,21,38,112.000000,75.166700,60.000000,0.554431,0.256042,0.174241,0.014792,0.003796,0.000280,0.003796,10,0,10,fixed,10,10,0,0,3.000000,4.000000
1,multi_greedy,10,5,54,2,2,4,0.000000,60.000000,0.666667,38,0.646269,7,0,2,0,0.646269,0.646269,0.000000,0.000000,0.646269,-0.030365,0,42,1,-1,21,21,38,112.000000,75.166700,60.000000,0.357143,0.532151,0.666667,0.000861,0.006467,0.014792,0.006467,10,0,10,fixed,10,10,0,0,3.000000,4.000000
1,multi_greedy,10,5,55,0,0,2,4.395541,112.000000,0.549443,21,0.646269,7,0,0,0,0.646269,0.646269,0.000000,0.000000,0.646269,-0.030365,0,42,1,-1,21,21,38,112.000000,75.166700,60.000000,0.553909,0.256042,0.174241,0.014792,0.003805,0.000288,0.003805,10,0,10,fixed,10,10,0,0,3.000000,4.000000
1,multi_greedy,10,5,56,2,2,4,0.000000,60.000000,0.666667,38,0.646269,7,0,2,0,0.646269,0.646269,0.000000,0.000000,0.646269,-0.030365,0,42,1,-1,21,21,38,112.000000,75.166700,60.000000,0.357143,0.532151,0.666667,0.000861,0.006467,0.014792,0.006467,10,0,10,fixed,10,10,0,0,3.000000,4.000000
1,multi_greedy,10,5,57,2,2,3,0.000000,60.000000,1.666667,38,0.646269,7,0,2,0,0.646269,0.646269,0.000000,0.000000,0.646269,-0.030365,0,42,1,1,21,21,38,112.000000,75.166700,60.000000,0.892857,1.330376,1.666667,0.004970,0.007681,0.014792,0.007681,10,0,10,fixed,10,10,0,0,3.000000,4.000000
1,multi_greedy,10,5,58,1,1,1,3.406454,75.166700,1.135485,21,0.646269,7,0,1,0,0.646269,0.646269,0.000000,0.000000,0.646269,-0.030365,0,42,1,-1,21,21,38,112.000000,75.166700,60.000000,1.409319,1.110504,0.914644,0.014831,0.014792,0.019903,0.019903,10,0,10,fixed,10,10,0,0,3.000000,4.000000
1,multi_greedy,10,5,59,2,2,4,0.000000,60.000000,0.666667,38,0.646269,7,0,2,0,0.646269,0.646269,0.000000,0.000000,0.646269,-0.030365,0,42,1,-1,21,21,38,112.000000,75.166700,60.000000,0.357143,0.532151,0.666667,0.000861,0.006467,0.014792,0.006467,10,0,10,fixed,10,10,0,0,3.000000,4.000000
1,multi_greedy,10,5,60,1,1,3,0.000000,75.166700,1.330376,21,0.646269,7,0,1,0,0.646269,0.646269,0.000000,0.000000,0.646269,-0.030365,0,42,1,-1,21,21,38,112.000000,75.166700,60.000000,0.892857,1.330376,1.666667,0.012022,0.014792,0.022059,0.022059,10,0,10,fixed,10,10,0,0,3.000000,4.000000
1,multi_greedy,10,5,61,2,2,4,0.000000,60.000000,0.666667,38,0.646269,7,0,2,0,0.646269,0.646269,0.000000,0.000000,0.646269,-0.030365,0,42,1,-1,21,21,38,112.000000,75.166700,60.000000,0.357143,0.532151,0.666667,0.000861,0.006467,0.014792,0.006467,10,0,10,fixed,10,10,0,0,3.000000,4.000000
1,multi_greedy,10,5,62,0,0,3,0.000000,112.000000,0.892857,21,0.646269,7,0,0,0,0.646269,0.646269,0.000000,0.000000,0.646269,-0.030365,0,42,1,-1,21,21,38,112.000000,75.166700,60.000000,0.892857,1.330376,1.666667,0.014792,0.017585,0.024914,0.024914,10,0,10,fixed,10,10,0,0,3.000000,4.000000
1,multi_greedy,10,5,63,0,0,2,4.395542,112.000000,0.549443,21,0.646269,7,0,0,0,0.646269,0.646269,0.000000,0.000000,0.646269,-0.030365,0,42,1,-1,21,21,38,112.000000,75.166700,60.000000,0.553909,0.256042,0.174241,0.014792,0.003805,0.000288,0.003805,10,0,10,fixed,10,10,0,0,3.000000,4.000000
1,multi_greedy,10,5,64,2,2,4,0.000000,60.000000,0.666667,38,0.646269,7,0,2,0,0.646269,0.646269,0.000000,0.000000,0.646269,-0.030365,0,42,1,-1,21,21,38,112.000000,75.166700,60.000000,0.357143,0.532151,0.666667,0.000861,0.006467,0.014792,0.006467,10,0,10,fixed,10,10,0,0,3.000000,4.000000
1,multi_greedy,10,5,65,2,2,2,1.430609,60.000000,0.178826,38,0.646269,7,1,2,0,0.646269,0.646269,0.000000,0.000000,0.646269,-0.030365,0,42,1,0,21,21,38,112.000000,75.166700,60.000000,0.528495,0.256042,0.352017,0.012444,0.002442,0.014792,0.012444,10,0,10,fixed,10,10,0,0,3.000000,4.000000
1,multi_greedy,10,5,66,2,2,4,0.000000,60.000000,0.666667,38,0.646269,7,0,2,0,0.646269,0.646269,0.000000,0.000000,0.646269,-0.030365,0,42,1,-1,21,21,38,112.000000,75.166700,60.000000,0.357143,0.532151,0.666667,0.000861,0.006467,0.014792,0.006467,10,0,10,fixed,10,10,0,0,3.000000,4.000000
1,multi_greedy,10,5,67,2,2,4,0.000000,60.000000,0.666667,38,0.646269,7,0,2,0,0.646269,0.646269,0.000000,0.000000,0.646269,-0.030365,0,42,1,-1,21,21,38,112.000000,75.166700,60.000000,0.357143,0.532151,0.666667,0.000861,0.006467,0.014792,0.006467,10,0,10,fixed,10,10,0,0,3.000000,4.000000
1,multi_greedy,10,5,68,0,0,2,4.363893,112.000000,0.545487,21,0.646269,7,0,0,0,0.646269,0.646269,0.000000,0.000000,0.646269,-0.030365,0,42,1,-1,21,21,38,112.000000,75.166700,60.000000,0.554142,0.256042,0.174241,0.014792,0.003801,0.000284,0.003801,10,0,10,fixed,10,10,0,0,3.000000,4.000000
1,multi_greedy,10,5,69,2,2,4,0.000000,60.000000,0.666667,38,0.646269,7,0,2,0,0.646269,0.646269,0.000000,0.000000,0.646269,-0.030365,0,42,1,-1,21,21,38,112.000000,75.166700,60.000000,0.357143,0.532151,0.666667,0.000861,0.006467,0.014792,0.006467,10,0,10,fixed,10,10,0,0,3.000000,4.000000
1,multi_greedy,10,5,70,2,2,1,2.628559,60.000000,0.876186,38,0.646269,7,0,2,0,0.646269,0.646269,0.000000,0.000000,0.646269,-0.030365,0,42,1,-1,21,21,38,112.000000,75.166700,60.000000,1.409319,1.063007,0.951219,0.009422,0.008937,0.014792,0.009422,10,0,10,fixed,10,10,0,0,3.000000,4.000000
1,multi_greedy,10,5,71,2,2,3,0.000000,60.000000,1.666667,38,0.646269,7,0,2,0,0.646269,0.646269,0.000000,0.000000,0.646269,-0.030365,0,42,1,1,21,21,38,112.000000,75.166700,60.000000,0.892857,1.330376,1.666667,0.004970,0.007681,0.014792,0.007681,10,0,10,fixed,10,10,0,0,3.000000,4.000000
1,multi_greedy,10,5,72,2,2,1,2.881284,60.000000,0.960428,38,0.646269,7,0,2,0,0.646269,0.646269,0.000000,0.000000,0.646269,-0.030365,0,42,1,-1,21,21,38,112.000000,75.166700,60.000000,1.409319,1.063007,0.934370,0.009521,0.009036,0.014792,0.009521,10,0,10,fixed,10,10,0,0,3.000000,4.000000
1,multi_greedy,10,5,73,2,2,1,2.782861,60.000000,0.927620,38,0.646269,7,0,2,0,0.646269,0.646269,0.000000,0.000000,0.646269,-0.030365,0,42,1,-1,21,21,38,112.000000,75.166700,60.000000,1.409319,1.063007,0.940932,0.009482,0.008997,0.014792,0.009482,10,0,10,fixed,10,10,0,0,3.000000,4.000000
1,multi_greedy,10,5,74,2,2,1,2.744540,60.000000,0.914847,38,0.646269,7,0,2,0,0.646269,0.646269,0.000000,0.000000,0.646269,-0.030365,0,42,1,-1,21,21,38,112.000000,75.166700,60.000000,1.409319,1.063007,0.943487,0.009467,0.008982,0.014792,0.009467,10,0,10,fixed,10,10,0,0,3.000000,4.000000
1,multi_greedy,10,5,75,0,0,2,4.502745,112.000000,0.562843,21,0.646269,7,0,0,0,0.646269,0.646269,0.000000,0.000000,0.646269,-0.030365,0,42,1,-1,21,21,38,112.000000,75.166700,60.000000,0.553121,0.256042,0.174241,0.014792,0.003817,0.000301,0.003817,10,0,10,fixed,10,10,0,0,3.000000,4.000000
1,multi_greedy,10,5,76,1,1,1,3.394705,75.166700,1.131568,21,0.646269,7,0,1,0,0.646269,0.646269,0.000000,0.000000,0.646269,-0.030365,0,42,1,-1,21,21,38,112.000000,75.166700,60.000000,1.409319,1.111064,0.914644,0.014828,0.014792,0.019901,0.019901,10,0,10,fixed,10,10,0,0,3.000000,4.000000
1,multi_greedy,10,5,77,1,1,3,0.000000,75.166700,1.330376,21,0.646269,7,0,1,0,0.646269,0.646269,0.000000,0.000000,0.646269,-0.030365,0,42,1,-1,21,21,38,112.000000,75.166700,60.000000,0.892857,1.330376,1.666667,0.012022,0.014792,0.022059,0.022059,10,0,10,fixed,10,10,0,0,3.000000,4.000000
1,multi_greedy,10,5,78,0,0,2,4.502681,112.000000,0.562835,21,0.646269,7,0,0,0,0.646269,0.646269,0.000000,0.000000,0.646269,-0.030365,0,42,1,-1,21,21,38,112.000000,75.166700,60.000000,0.553121,0.256042,0.174241,0.014792,0.003817,0.000301,0.003817,10,0,10,fixed,10,10,0,0,3.000000,4.000000
1,multi_greedy,10,5,79,0,0,2,4.502739,112.000000,0.562842,21,0.646269,7,0,0,0,0.646269,0.646269,0.000000,0.000000,0.646269,-0.030365,0,42,1,-1,21,21,38,112.000000,75.166700,60.000000,0.553121,0.256042,0.174241,0.014792,0.003817,0.000301,0.003817,10,0,10,fixed,10,10,0,0,3.000000,4.000000
1,multi_greedy,10,5,80,0,0,2,4.420734,112.000000,0.552592,21,0.646269,7,0,0,0,0.646269,0.646269,0.000000,0.000000,0.646269,-0.030365,0,42,1,-1,21,21,38,112.000000,75.166700,60.000000,0.553724,0.256042,0.174241,0.014792,0.003808,0.000291,0.003808,10,0,10,fixed,10,10,0,0,3.000000,4.000000
