seed,method,max_switches,cycle_id,ue_id,previous_bs_id,current_bs_id,app_type,tp_mbps,rtt_ms,satisfaction,num_users_on_current_bs,harmonic_mean,num_unsatisfied_users,target_ue_flag,action_selected_bs_id,switch_flag,h_before,h_after_estimated,reward,estimated_reward,h_after_measured,measured_reward,switch_count,num_degraded_users,measurement_valid,candidate_type,num_users_ap0,num_users_ap1,num_users_ap2,monitor_rtt_ap0,monitor_rtt_ap1,monitor_rtt_ap2,estimated_satisfaction_if_ap0,estimated_satisfaction_if_ap1,estimated_satisfaction_if_ap2,estimated_h_delta_if_ap0,estimated_h_delta_if_ap1,estimated_h_delta_if_ap2,best_estimated_h_delta,effective_max_switches,applied_switches_in_cycle,remaining_switch_budget,k_schedule_type,k_max,k_min,k_decay_rate,stop_action_flag,warmup_before_cycle_sec,cycle_start_offset_sec
4,multi_greedy,10,1,1,0,0,2,6.190105,107.500000,0.773763,27,0.332194,28,0,0,0,0.332194,0.431152,0.098958,0.098958,0.332194,0.000000,10,0,1,-1,27,31,22,107.500000,79.666700,67.833300,0.572839,0.172080,0.125159,0.000696,-0.006386,-0.012113,0.000000,10,10,0,fixed,10,10,0,0,3.000000,4.000000
4,multi_greedy,10,1,2,1,1,1,2.745866,79.666700,0.915289,31,0.332194,28,0,1,0,0.332194,0.431152,0.098958,0.098958,0.332194,0.000000,10,0,1,-1,27,31,22,107.500000,79.666700,67.833300,1.133161,0.927339,0.746418,0.002443,0.000696,-0.002746,0.002443,10,10,0,fixed,10,10,0,0,3.000000,4.000000
4,multi_greedy,10,1,3,2,2,3,0.000000,67.833300,1.474202,22,0.332194,28,0,2,0,0.332194,0.431152,0.098958,0.098958,0.332194,0.000000,10,0,1,-1,27,31,22,107.500000,79.666700,67.833300,0.930233,1.255230,1.474202,0.004779,0.003626,0.000696,0.004779,10,10,0,fixed,10,10,0,0,3.000000,4.000000
4,multi_greedy,10,1,4,1,1,1,2.844501,79.666700,0.948167,31,0.332194,28,0,1,0,0.332194,0.431152,0.098958,0.098958,0.332194,0.000000,10,0,1,-1,27,31,22,107.500000,79.666700,67.833300,1.133161,0.923229,0.746418,0.002450,0.000696,-0.002740,0.002450,10,10,0,fixed,10,10,0,0,3.000000,4.000000
4,multi_greedy,10,1,5,1,1,4,0.000000,79.666700,0.502092,31,0.332194,28,0,1,0,0.332194,0.431152,0.098958,0.098958,0.332194,0.000000,10,0,1,-1,27,31,22,107.500000,79.666700,67.833300,0.372093,0.502092,0.589681,0.001248,0.000696,-0.001941,0.001248,10,10,0,fixed,10,10,0,0,3.000000,4.000000
4,multi_greedy,10,1,6,0,0,3,0.000000,107.500000,0.930233,27,0.332194,28,0,0,0,0.332194,0.431152,0.098958,0.098958,0.332194,0.000000,10,0,1,-1,27,31,22,107.500000,79.666700,67.833300,0.930233,1.255230,1.474202,0.000696,-0.000429,-0.003289,0.000000,10,10,0,fixed,10,10,0,0,3.000000,4.000000
4,multi_greedy,10,1,7,1,1,2,1.399941,79.666700,0.174993,31,0.332194,28,0,1,0,0.332194,0.431152,0.098958,0.098958,0.332194,0.000000,10,0,1,0,27,31,22,107.500000,79.666700,67.833300,0.564490,0.177924,0.125159,0.007424,0.000696,-0.005777,0.007424,10,10,0,fixed,10,10,0,0,3.000000,4.000000
4,multi_greedy,10,1,8,1,1,2,1.422870,79.666700,0.177859,31,0.332194,28,0,1,0,0.332194,0.431152,0.098958,0.098958,0.332194,0.000000,10,0,1,0,27,31,22,107.500000,79.666700,67.833300,0.564490,0.177606,0.125159,0.007439,0.000696,-0.005764,0.007439,10,10,0,fixed,10,10,0,0,3.000000,4.000000
4,multi_greedy,10,1,9,2,2,1,2.563212,67.833300,0.854404,22,0.332194,28,0,2,0,0.332194,0.431152,0.098958,0.098958,0.332194,0.000000,10,0,1,-1,27,31,22,107.500000,79.666700,67.833300,1.133161,0.897062,0.743318,0.005916,0.004032,0.000696,0.005916,10,10,0,fixed,10,10,0,0,3.000000,4.000000
4,multi_greedy,10,1,10,1,1,2,1.422958,79.666700,0.177870,31,0.332194,28,0,1,0,0.332194,0.431152,0.098958,0.098958,0.332194,0.000000,10,0,1,0,27,31,22,107.500000,79.666700,67.833300,0.564490,0.177604,0.125159,0.007439,0.000696,-0.005764,0.007439,10,10,0,fixed,10,10,0,0,3.000000,4.000000
4,multi_greedy,10,1,11,0,0,2,4.267582,107.500000,0.533448,27,0.332194,28,0,0,0,0.332194,0.431152,0.098958,0.098958,0.332194,0.000000,10,0,1,-1,27,31,22,107.500000,79.666700,67.833300,0.588860,0.172080,0.125159,0.000696,-0.006446,-0.012171,0.000000,10,10,0,fixed,10,10,0,0,3.000000,4.000000
4,multi_greedy,10,1,12,0,0,2,4.267571,107.500000,0.533446,27,0.332194,28,0,0,0,0.332194,0.431152,0.098958,0.098958,0.332194,0.000000,10,0,1,-1,27,31,22,107.500000,79.666700,67.833300,0.588860,0.172080,0.125159,0.000696,-0.006446,-0.012171,0.000000,10,10,0,fixed,10,10,0,0,3.000000,4.000000
4,multi_greedy,10,1,13,2,2,2,1.048076,67.833300,0.131009,22,0.332194,28,0,2,0,0.332194,0.431152,0.098958,0.098958,0.332194,0.000000,10,0,1,0,27,31,22,107.500000,79.666700,67.833300,0.564490,0.172080,0.130833,0.013398,0.005901,0.000696,0.013398,10,10,0,fixed,10,10,0,0,3.000000,4.000000
4,multi_greedy,10,1,14,1,1,4,0.000000,79.666700,0.502092,31,0.332194,28,0,1,0,0.332194,0.431152,0.098958,0.098958,0.332194,0.000000,10,0,1,-1,27,31,22,107.500000,79.666700,67.833300,0.372093,0.502092,0.589681,0.001248,0.000696,-0.001941,0.001248,10,10,0,fixed,10,10,0,0,3.000000,4.000000
4,multi_greedy,10,1,15,0,0,3,0.000000,107.500000,0.930233,27,0.332194,28,0,0,0,0.332194,0.431152,0.098958,0.098958,0.332194,0.000000,10,0,1,-1,27,31,22,107.500000,79.666700,67.833300,0.930233,1.255230,1.474202,0.000696,-0.000429,-0.003289,0.000000,10,10,0,fixed,10,10,0,0,3.000000,4.000000
4,multi_greedy,10,1,16,1,1,2,1.422982,79.666700,0.177873,31,0.332194,28,0,1,0,0.332194,0.431152,0.098958,0.098958,0.332194,0.000000,10,0,1,0,27,31,22,107.500000,79.666700,67.833300,0.564490,0.177604,0.125159,0.007439,0.000696,-0.005764,0.007439,10,10,0,fixed,10,10,0,0,3.000000,4.000000
4,multi_greedy,10,1,17,2,2,2,1.048094,67.833300,0.131012,22,0.332194,28,0,2,0,0.332194,0.431152,0.098958,0.098958,0.332194,0.000000,10,0,1,0,27,31,22,107.500000,79.666700,67.833300,0.564490,0.172080,0.130833,0.013398,0.005901,0.000696,0.013398,10,10,0,fixed,10,10,0,0,3.000000,4.000000
4,multi_greedy,10,1,18,1,1,4,0.000000,79.666700,0.502092,31,0.332194,28,0,1,0,0.332194,0.431152,0.098958,0.098958,0.332194,0.000000,10,0,1,-1,27,31,22,107.500000,79.666700,67.833300,0.372093,0.502092,0.589681,0.001248,0.000696,-0.001941,0.001248,10,10,0,fixed,10,10,0,0,3.000000,4.000000
4,multi_greedy,10,1,19,0,0,2,4.267571,107.500000,0.533446,27,0.332194,28,0,0,0,0.332194,0.431152,0.098958,0.098958,0.332194,0.000000,10,0,1,-1,27,31,22,107.500000,79.666700,67.833300,0.588860,0.172080,0.125159,0.000696,-0.006446,-0.012171,0.000000,10,10,0,fixed,10,10,0,0,3.000000,4.000000
4,multi_greedy,10,1,20,0,0,2,4.267571,107.500000,0.533446,27,0.332194,28,0,0,0,0.332194,0.431152,0.098958,0.098958,0.332194,0.000000,10,0,1,-1,27,31,22,107.500000,79.666700,67.833300,0.588860,0.172080,0.125159,0.000696,-0.006446,-0.012171,0.000000,10,10,0,fixed,10,10,0,0,3.000000,4.000000
4,multi_greedy,10,1,21,2,2,4,0.000000,67.833300,0.589681,22,0.332194,28,0,2,0,0.332194,0.431152,0.098958,0.098958,0.332194,0.000000,10,0,1,-1,27,31,22,107.500000,79.666700,67.833300,0.372093,0.502092,0.589681,0.003936,0.003376,0.000696,0.003936,10,10,0,fixed,10,10,0,0,3.000000,4.000000
4,multi_greedy,10,1,22,1,1,2,1.422900,79.666700,0.177862,31,0.332194,28,0,1,0,0.332194,0.431152,0.098958,0.098958,0.332194,0.000000,10,0,1,0,27,31,22,107.500000,79.666700,67.833300,0.564490,0.177605,0.125159,0.007439,0.000696,-0.005764,0.007439,10,10,0,fixed,10,10,0,0,3.000000,4.000000
4,multi_greedy,10,1,23,1,1,4,0.000000,79.666700,0.502092,31,0.332194,28,0,1,0,0.332194,0.431152,0.098958,0.098958,0.332194,0.000000,10,0,1,-1,27,31,22,107.500000,79.666700,67.833300,0.372093,0.502092,0.589681,0.001248,0.000696,-0.001941,0.001248,10,10,0,fixed,10,10,0,0,3.000000,4.000000
4,multi_greedy,10,1,24,1,1,3,0.000000,79.666700,1.255230,31,0.332194,28,0,1,0,0.332194,0.431152,0.098958,0.098958,0.332194,0.000000,10,0,1,1,27,31,22,107.500000,79.666700,67.833300,0.930233,1.255230,1.474202,0.001829,0.000696,-0.002183,0.001829,10,10,0,fixed,10,10,0,0,3.000000,4.000000
4,multi_greedy,10,1,25,2,2,1,1.824744,67.833300,0.608248,22,0.332194,28,0,2,0,0.332194,0.431152,0.098958,0.098958,0.332194,0.000000,10,0,1,-1,27,31,22,107.500000,79.666700,67.833300,1.133161,0.897062,0.866396,0.005655,0.003774,0.000696,0.005655,10,10,0,fixed,10,10,0,0,3.000000,4.000000
4,multi_greedy,10,1,26,2,2,2,1.048100,67.833300,0.131012,22,0.332194,28,0,0,1,0.332194,0.431152,0.098958,0.098958,0.332194,0.000000,10,0,1,0,27,31,22,107.500000,79.666700,67.833300,0.564490,0.172080,0.130833,0.013398,0.005901,0.000696,0.013398,10,10,0,fixed,10,10,0,0,3.000000,4.000000
4,multi_greedy,10,1,27,1,1,2,1.424017,79.666700,0.178002,31,0.332194,28,0,0,1,0.332194,0.431152,0.098958,0.098958,0.332194,0.000000,10,0,1,0,27,31,22,107.500000,79.666700,67.833300,0.564490,0.177590,0.125159,0.007439,0.000696,-0.005763,0.007439,10,10,0,fixed,10,10,0,0,3.000000,4.000000
4,multi_greedy,10,1,28,0,0,4,0.000000,107.500000,0.372093,27,0.332194,28,0,0,0,0.332194,0.431152,0.098958,0.098958,0.332194,0.000000,10,0,1,0,27,31,22,107.500000,79.666700,67.833300,0.372093,0.502092,0.589681,0.000696,0.000146,-0.002482,0.000146,10,10,0,fixed,10,10,0,0,3.000000,4.000000
4,multi_greedy,10,1,29,2,2,2,1.048088,67.833300,0.131011,22,0.332194,28,0,2,0,0.332194,0.431152,0.098958,0.098958,0.332194,0.000000,10,0,1,0,27,31,22,107.500000,79.666700,67.833300,0.564490,0.172080,0.130833,0.013398,0.005901,0.000696,0.013398,10,10,0,fixed,10,10,0,0,3.000000,4.000000
4,multi_greedy,10,1,30,2,2,2,1.049128,67.833300,0.131141,22,0.332194,28,0,0,1,0.332194,0.431152,0.098958,0.098958,0.332194,0.000000,10,0,1,0,27,31,22,107.500000,79.666700,67.833300,0.564490,0.172080,0.130821,0.013399,0.005902,0.000696,0.013399,10,10,0,fixed,10,10,0,0,3.000000,4.000000
4,multi_greedy,10,1,31,2,2,2,1.049096,67.833300,0.131137,22,0.332194,28,0,0,1,0.332194,0.431152,0.098958,0.098958,0.332194,0.000000,10,0,1,0,27,31,22,107.500000,79.666700,67.833300,0.564490,0.172080,0.130822,0.013399,0.005902,0.000696,0.013399,10,10,0,fixed,10,10,0,0,3.000000,4.000000
4,multi_greedy,10,1,32,0,0,2,4.682810,107.500000,0.585351,27,0.332194,28,0,0,0,0.332194,0.431152,0.098958,0.098958,0.332194,0.000000,10,0,1,-1,27,31,22,107.500000,79.666700,67.833300,0.585400,0.172080,0.125159,0.000696,-0.006434,-0.012159,0.000000,10,10,0,fixed,10,10,0,0,3.000000,4.000000
4,multi_greedy,10,1,33,2,2,2,1.049041,67.833300,0.131130,22,0.332194,28,0,0,1,0.332194,0.431152,0.098958,0.098958,0.332194,0.000000,10,0,1,0,27,31,22,107.500000,79.666700,67.833300,0.564490,0.172080,0.130822,0.013399,0.005902,0.000696,0.013399,10,10,0,fixed,10,10,0,0,3.000000,4.000000
4,multi_greedy,10,1,34,1,1,2,1.422856,79.666700,0.177857,31,0.332194,28,0,1,0,0.332194,0.431152,0.098958,0.098958,0.332194,0.000000,10,0,1,0,27,31,22,107.500000,79.666700,67.833300,0.564490,0.177606,0.125159,0.007439,0.000696,-0.005764,0.007439,10,10,0,fixed,10,10,0,0,3.000000,4.000000
4,multi_greedy,10,1,35,0,0,4,0.000000,107.500000,0.372093,27,0.332194,28,0,0,0,0.332194,0.431152,0.098958,0.098958,0.332194,0.000000,10,0,1,0,27,31,22,107.500000,79.666700,67.833300,0.372093,0.502092,0.589681,0.000696,0.000146,-0.002482,0.000146,10,10,0,fixed,10,10,0,0,3.000000,4.000000
4,multi_greedy,10,1,36,0,0,1,3.525390,107.500000,1.175130,27,0.332194,28,0,0,0,0.332194,0.431152,0.098958,0.098958,0.332194,0.000000,10,0,1,-1,27,31,22,107.500000,79.666700,67.833300,1.561059,0.897062,0.746418,0.000696,-0.001494,-0.004796,0.000000,10,10,0,fixed,10,10,0,0,3.000000,4.000000
4,multi_greedy,10,1,37,0,0,4,0.000000,107.500000,0.372093,27,0.332194,28,0,0,0,0.332194,0.431152,0.098958,0.098958,0.332194,0.000000,10,0,1,0,27,31,22,107.500000,79.666700,67.833300,0.372093,0.502092,0.589681,0.000696,0.000146,-0.002482,0.000146,10,10,0,fixed,10,10,0,0,3.000000,4.000000
4,multi_greedy,10,1,38,0,0,3,0.000000,107.500000,0.930233,27,0.332194,28,0,0,0,0.332194,0.431152,0.098958,0.098958,0.332194,0.000000,10,0,1,-1,27,31,22,107.500000,79.666700,67.833300,0.930233,1.255230,1.474202,0.000696,-0.000429,-0.003289,0.000000,10,10,0,fixed,10,10,0,0,3.000000,4.000000
4,multi_greedy,10,1,39,1,1,4,0.000000,79.666700,0.502092,31,0.332194,28,0,1,0,0.332194,0.431152,0.098958,0.098958,0.332194,0.000000,10,0,1,-1,27,31,22,107.500000,79.666700,67.833300,0.372093,0.502092,0.589681,0.001248,0.000696,-0.001941,0.001248,10,10,0,fixed,10,10,0,0,3.000000,4.000000
4,multi_greedy,10,1,40,0,0,2,4.681781,107.500000,0.585223,27,0.332194,28,0,0,0,0.332194,0.431152,0.098958,0.098958,0.332194,0.000000,10,0,1,-1,27,31,22,107.500000,79.666700,67.833300,0.585409,0.172080,0.125159,0.000696,-0.006434,-0.012159,0.000000,10,10,0,fixed,10,10,0,0,3.000000,4.000000
4,multi_greedy,10,1,41,2,2,1,2.635163,67.833300,0.878388,22,0.332194,28,0,2,0,0.332194,0.431152,0.098958,0.098958,0.332194,0.000000,10,0,1,-1,27,31,22,107.500000,79.666700,67.833300,1.133161,0.897062,0.731326,0.005946,0.004062,0.000696,0.005946,10,10,0,fixed,10,10,0,0,3.000000,4.000000
4,multi_greedy,10,1,42,1,1,3,0.000000,79.666700,1.255230,31,0.332194,28,0,1,0,0.332194,0.431152,0.098958,0.098958,0.332194,0.000000,10,0,1,1,27,31,22,107.500000,79.666700,67.833300,0.930233,1.255230,1.474202,0.001829,0.000696,-0.002183,0.001829,10,10,0,fixed,10,10,0,0,3.000000,4.000000
4,multi_greedy,10,1,43,1,1,1,2.708571,79.666700,0.902857,31,0.332194,28,0,1,0,0.332194,0.431152,0.098958,0.098958,0.332194,0.000000,10,0,1,-1,27,31,22,107.500000,79.666700,67.833300,1.133161,0.928893,0.746418,0.002441,0.000696,-0.002749,0.002441,10,10,0,fixed,10,10,0,0,3.000000,4.000000
4,multi_greedy,10,1,44,1,1,4,0.000000,79.666700,0.502092,31,0.332194,28,0,1,0,0.332194,0.431152,0.098958,0.098958,0.332194,0.000000,10,0,1,-1,27,31,22,107.500000,79.666700,67.833300,0.372093,0.502092,0.589681,0.001248,0.000696,-0.001941,0.001248,10,10,0,fixed,10,10,0,0,3.000000,4.000000
4,multi_greedy,10,1,45,1,1,4,0.000000,79.666700,0.502092,31,0.332194,28,0,1,0,0.332194,0.431152,0.098958,0.098958,0.332194,0.000000,10,0,1,-1,27,31,22,107.500000,79.666700,67.833300,0.372093,0.502092,0.589681,0.001248,0.000696,-0.001941,0.001248,10,10,0,fixed,10,10,0,0,3.000000,4.000000
4,multi_greedy,10,1,46,1,1,1,2.800515,79.666700,0.933505,31,0.332194,28,0,1,0,0.332194,0.431152,0.098958,0.098958,0.332194,0.000000,10,0,1,-1,27,31,22,107.500000,79.666700,67.833300,1.133161,0.925062,0.746418,0.002447,0.000696,-0.002743,0.002447,10,10,0,fixed,10,10,0,0,3.000000,4.000000
4,multi_greedy,10,1,47,2,2,2,1.047948,67.833300,0.130994,22,0.332194,28,0,2,0,0.332194,0.431152,0.098958,0.098958,0.332194,0.000000,10,0,1,0,27,31,22,107.500000,79.666700,67.833300,0.564490,0.172080,0.130835,0.013398,0.005901,0.000696,0.013398,10,10,0,fixed,10,10,0,0,3.000000,4.000000
4,multi_greedy,10,1,48,0,0,4,0.000000,107.500000,0.372093,27,0.332194,28,0,0,0,0.332194,0.431152,0.098958,0.098958,0.332194,0.000000,10,0,1,0,27,31,22,107.500000,79.666700,67.833300,0.372093,0.502092,0.589681,0.000696,0.000146,-0.002482,0.000146,10,10,0,fixed,10,10,0,0,3.000000,4.000000
4,multi_greedy,10,1,49,1,1,1,2.781723,79.666700,0.927241,31,0.332194,28,0,1,0,0.332194,0.431152,0.098958,0.098958,0.332194,0.000000,10,0,1,-1,27,31,22,107.500000,79.666700,67.833300,1.133161,0.925845,0.746418,0.002445,0.000696,-0.002744,0.002445,10,10,0,fixed,10,10,0,0,3.000000,4.000000
4,multi_greedy,10,1,50,0,0,2,4.682909,107.500000,0.585364,27,0.332194,28,0,0,0,0.332194,0.431152,0.098958,0.098958,0.332194,0.000000,10,0,1,-1,27,31,22,107.500000,79.666700,67.833300,0.585399,0.172080,0.125159,0.000696,-0.006434,-0.012159,0.000000,10,10,0,fixed,10,10,0,0,3.000000,4.000000
4,multi_greedy,10,1,51,0,0,2,4.677455,107.500000,0.584682,27,0.332194,28,0,0,0,0.332194,0.431152,0.098958,0.098958,0.332194,0.000000,10,0,1,-1,27,31,22,107.500000,79.666700,67.833300,0.585445,0.172080,0.125159,0.000696,-0.006434,-0.012159,0.000000,10,10,0,fixed,10,10,0,0,3.000000,4.000000
4,multi_greedy,10,1,52,1,1,2,1.423962,79.666700,0.177995,31,0.332194,28,0,0,1,0.332194,0.431152,0.098958,0.098958,0.332194,0.000000,10,0,1,0,27,31,22,107.500000,79.666700,67.833300,0.564490,0.177590,0.125159,0.007439,0.000696,-0.005763,0.007439,10,10,0,fixed,10,10,0,0,3.000000,4.000000
4,multi_greedy,10,1,53,0,0,2,4.677443,107.500000,0.584680,27,0.332194,28,0,0,0,0.332194,0.431152,0.098958,0.098958,0.332194,0.000000,10,0,1,-1,27,31,22,107.500000,79.666700,67.833300,0.585445,0.172080,0.125159,0.000696,-0.006434,-0.012159,0.000000,10,10,0,fixed,10,10,0,0,3.000000,4.000000
4,multi_greedy,10,1,54,2,2,2,1.049208,67.833300,0.131151,22,0.332194,28,0,0,1,0.332194,0.431152,0.098958,0.098958,0.332194,0.000000,10,0,1,0,27,31,22,107.500000,79.666700,67.833300,0.564490,0.172080,0.130820,0.013399,0.005902,0.000696,0.013399,10,10,0,fixed,10,10,0,0,3.000000,4.000000
4,multi_greedy,10,1,55,1,1,2,1.423938,79.666700,0.177992,31,0.332194,28,0,1,0,0.332194,0.431152,0.098958,0.098958,0.332194,0.000000,10,0,1,0,27,31,22,107.500000,79.666700,67.833300,0.564490,0.177591,0.125159,0.007439,0.000696,-0.005763,0.007439,10,10,0,fixed,10,10,0,0,3.000000,4.000000
4,multi_greedy,10,1,56,1,1,2,1.424045,79.666700,0.178006,31,0.332194,28,0,0,1,0.332194,0.431152,0.098958,0.098958,0.332194,0.000000,10,0,1,0,27,31,22,107.500000,79.666700,67.833300,0.564490,0.177589,0.125159,0.007439,0.000696,-0.005763,0.007439,10,10,0,fixed,10,10,0,0,3.000000,4.000000
4,multi_greedy,10,1,57,0,0,2,4.677431,107.500000,0.584679,27,0.332194,28,0,0,0,0.332194,0.431152,0.098958,0.098958,0.332194,0.000000,10,0,1,-1,27,31,22,107.500000,79.666700,67.833300,0.585445,0.172080,0.125159,0.000696,-0.006434,-0.012159,0.000000,10,10,0,fixed,10,10,0,0,3.000000,4.000000
4,multi_greedy,10,1,58,1,1,1,2.759584,79.666700,0.919861,31,0.332194,28,0,1,0,0.332194,0.431152,0.098958,0.098958,0.332194,0.000000,10,0,1,-1,27,31,22,107.500000,79.666700,67.833300,1.133161,0.926767,0.746418,0.002444,0.000696,-0.002745,0.002444,10,10,0,fixed,10,10,0,0,3.000000,4.000000
4,multi_greedy,10,1,59,1,1,1,2.623044,79.666700,0.874348,31,0.332194,28,0,1,0,0.332194,0.431152,0.098958,0.098958,0.332194,0.000000,10,0,1,-1,27,31,22,107.500000,79.666700,67.833300,1.133161,0.932456,0.746418,0.002435,0.000696,-0.002754,0.002435,10,10,0,fixed,10,10,0,0,3.000000,4.000000
4,multi_greedy,10,1,60,1,1,4,0.000000,79.666700,0.502092,31,0.332194,28,0,1,0,0.332194,0.431152,0.098958,0.098958,0.332194,0.000000,10,0,1,-1,27,31,22,107.500000,79.666700,67.833300,0.372093,0.502092,0.589681,0.001248,0.000696,-0.001941,0.001248,10,10,0,fixed,10,10,0,0,3.000000,4.000000
4,multi_greedy,10,1,61,0,0,4,0.000000,107.500000,0.372093,27,0.332194,28,0,0,0,0.332194,0.431152,0.098958,0.098958,0.332194,0.000000,10,0,1,0,27,31,22,107.500000,79.666700,67.833300,0.372093,0.502092,0.589681,0.000696,0.000146,-0.002482,0.000146,10,10,0,fixed,10,10,0,0,3.000000,4.000000
4,multi_greedy,10,1,62,0,0,2,4.677442,107.500000,0.584680,27,0.332194,28,0,0,0,0.332194,0.431152,0.098958,0.098958,0.332194,0.000000,10,0,1,-1,27,31,22,107.500000,79.666700,67.833300,0.585445,0.172080,0.125159,0.000696,-0.006434,-0.012159,0.000000,10,10,0,fixed,10,10,0,0,3.000000,4.000000
4,multi_greedy,10,1,63,0,0,4,0.000000,107.500000,0.372093,27,0.332194,28,0,0,0,0.332194,0.431152,0.098958,0.098958,0.332194,0.000000,10,0,1,0,27,31,22,107.500000,79.666700,67.833300,0.372093,0.502092,0.589681,0.000696,0.000146,-0.002482,0.000146,10,10,0,fixed,10,10,0,0,3.000000,4.000000
4,multi_greedy,10,1,64,2,2,4,0.000000,67.833300,0.589681,22,0.332194,28,0,2,0,0.332194,0.431152,0.098958,0.098958,0.332194,0.000000,10,0,1,-1,27,31,22,107.500000,79.666700,67.833300,0.372093,0.502092,0.589681,0.003936,0.003376,0.000696,0.003936,10,10,0,fixed,10,10,0,0,3.000000,4.000000
4,multi_greedy,10,1,65,0,0,2,4.680736,107.500000,0.585092,27,0.332194,28,0,0,0,0.332194,0.431152,0.098958,0.098958,0.332194,0.000000,10,0,1,-1,27,31,22,107.500000,79.666700,67.833300,0.585417,0.172080,0.125159,0.000696,-0.006434,-0.012159,0.000000,10,10,0,fixed,10,10,0,0,3.000000,4.000000
4,multi_greedy,10,1,66,2,2,3,0.000000,67.833300,1.474202,22,0.332194,28,0,2,0,0.332194,0.431152,0.098958,0.098958,0.332194,0.000000,10,0,1,-1,27,31,22,107.500000,79.666700,67.833300,0.930233,1.255230,1.474202,0.004779,0.003626,0.000696,0.004779,10,10,0,fixed,10,10,0,0,3.000000,4.000000
4,multi_greedy,10,1,67,2,2,2,1.049162,67.833300,0.131145,22,0.332194,28,0,0,1,0.332194,0.431152,0.098958,0.098958,0.332194,0.000000,10,0,1,0,27,31,22,107.500000,79.666700,67.833300,0.564490,0.172080,0.130821,0.013399,0.005902,0.000696,0.013399,10,10,0,fixed,10,10,0,0,3.000000,4.000000
4,multi_greedy,10,1,68,2,2,2,1.026267,67.833300,0.128283,22,0.332194,28,1,2,0,0.332194,0.431152,0.098958,0.098958,0.332194,0.000000,10,0,1,0,27,31,22,107.500000,79.666700,67.833300,0.564490,0.172080,0.131081,0.013377,0.005881,0.000696,0.013377,10,10,0,fixed,10,10,0,0,3.000000,4.000000
4,multi_greedy,10,1,69,2,2,4,0.000000,67.833300,0.589681,22,0.332194,28,0,2,0,0.332194,0.431152,0.098958,0.098958,0.332194,0.000000,10,0,1,-1,27,31,22,107.500000,79.666700,67.833300,0.372093,0.502092,0.589681,0.003936,0.003376,0.000696,0.003936,10,10,0,fixed,10,10,0,0,3.000000,4.000000
4,multi_greedy,10,1,70,2,2,2,1.049197,67.833300,0.131150,22,0.332194,28,0,0,1,0.332194,0.431152,0.098958,0.098958,0.332194,0.000000,10,0,1,0,27,31,22,107.500000,79.666700,67.833300,0.564490,0.172080,0.130821,0.013399,0.005902,0.000696,0.013399,10,10,0,fixed,10,10,0,0,3.000000,4.000000
4,multi_greedy,10,1,71,2,2,3,0.000000,67.833300,1.474202,22,0.332194,28,0,2,0,0.332194,0.431152,0.098958,0.098958,0.332194,0.000000,10,0,1,-1,27,31,22,107.500000,79.666700,67.833300,0.930233,1.255230,1.474202,0.004779,0.003626,0.000696,0.004779,10,10,0,fixed,10,10,0,0,3.000000,4.000000
4,multi_greedy,10,1,72,1,1,1,2.926325,79.666700,0.975442,31,0.332194,28,0,1,0,0.332194,0.431152,0.098958,0.098958,0.332194,0.000000,10,0,1,-1,27,31,22,107.500000,79.666700,67.833300,1.133161,0.919820,0.746418,0.002455,0.000696,-0.002735,0.002455,10,10,0,fixed,10,10,0,0,3.000000,4.000000
4,multi_greedy,10,1,73,0,0,2,4.680747,107.500000,0.585093,27,0.332194,28,0,0,0,0.332194,0.431152,0.098958,0.098958,0.332194,0.000000,10,0,1,-1,27,31,22,107.500000,79.666700,67.833300,0.585417,0.172080,0.125159,0.000696,-0.006434,-0.012159,0.000000,10,10,0,fixed,10,10,0,0,3.000000,4.000000
4,multi_greedy,10,1,74,2,2,4,0.000000,67.833300,0.589681,22,0.332194,28,0,2,0,0.332194,0.431152,0.098958,0.098958,0.332194,0.000000,10,0,1,-1,27,31,22,107.500000,79.666700,67.833300,0.372093,0.502092,0.589681,0.003936,0.003376,0.000696,0.003936,10,10,0,fixed,10,10,0,0,3.000000,4.000000
4,multi_greedy,10,1,75,0,0,2,4.679668,107.500000,0.584958,27,0.332194,28,0,0,0,0.332194,0.431152,0.098958,0.098958,0.332194,0.000000,10,0,1,-1,27,31,22,107.500000,79.666700,67.833300,0.585426,0.172080,0.125159,0.000696,-0.006434,-0.012159,0.000000,10,10,0,fixed,10,10,0,0,3.000000,4.000000
4,multi_greedy,10,1,76,0,0,3,0.000000,107.500000,0.930233,27,0.332194,28,0,0,0,0.332194,0.431152,0.098958,0.098958,0.332194,0.000000,10,0,1,-1,27,31,22,107.500000,79.666700,67.833300,0.930233,1.255230,1.474202,0.000696,-0.000429,-0.003289,0.000000,10,10,0,fixed,10,10,0,0,3.000000,4.000000
4,multi_greedy,10,1,77,1,1,4,0.000000,79.666700,0.502092,31,0.332194,28,0,1,0,0.332194,0.431152,0.098958,0.098958,0.332194,0.000000,10,0,1,-1,27,31,22,107.500000,79.666700,67.833300,0.372093,0.502092,0.589681,0.001248,0.000696,-0.001941,0.001248,10,10,0,fixed,10,10,0,0,3.000000,4.000000
4,multi_greedy,10,1,78,1,1,4,0.000000,79.666700,0.502092,31,0.332194,28,0,1,0,0.332194,0.431152,0.098958,0.098958,0.332194,0.000000,10,0,1,-1,27,31,22,107.500000,79.666700,67.833300,0.372093,0.502092,0.589681,0.001248,0.000696,-0.001941,0.001248,10,10,0,fixed,10,10,0,0,3.000000,4.000000
4,multi_greedy,10,1,79,1,1,1,2.811869,79.666700,0.937290,31,0.332194,28,0,1,0,0.332194,0.431152,0.098958,0.098958,0.332194,0.000000,10,0,1,-1,27,31,22,107.500000,79.666700,67.833300,1.133161,0.924589,0.746418,0.002447,0.000696,-0.002742,0.002447,10,10,0,fixed,10,10,0,0,3.000000,4.000000
4,multi_greedy,10,1,80,0,0,2,4.871996,107.500000,0.608999,27,0.332194,28,0,0,0,0.332194,0.431152,0.098958,0.098958,0.332194,0.000000,10,0,1,-1,27,31,22,107.500000,79.666700,67.833300,0.583824,0.172080,0.125159,0.000696,-0.006428,-0.012153,0.000000,10,10,0,fixed,10,10,0,0,3.000000,4.000000
4,multi_greedy,10,2,1,0,0,2,2.897234,108.667000,0.362154,37,0.416108,44,0,0,0,0.416108,0.464865,0.048758,0.048758,0.416108,0.083913,10,28,1,0,37,28,15,108.667000,77.000000,59.166700,0.364739,0.195489,0.185447,-0.000166,-0.004529,-0.005733,0.000000,10,10,0,fixed,10,10,0,0,3.000000,4.000000
4,multi_greedy,10,2,2,1,1,1,3.265446,77.000000,1.088482,28,0.416108,44,0,1,0,0.416108,0.464865,0.048758,0.048758,0.416108,0.083913,10,28,1,1,37,28,15,108.667000,77.000000,59.166700,1.137919,1.026405,1.217933,-0.000918,-0.000166,-0.000544,0.000000,10,10,0,fixed,10,10,0,0,3.000000,4.000000
4,multi_greedy,10,2,3,2,2,3,0.000000,59.166700,1.690140,15,0.416108,44,0,2,0,0.416108,0.464865,0.048758,0.048758,0.416108,0.083913,10,28,1,-1,37,28,15,108.667000,77.000000,59.166700,0.920243,1.298701,1.690140,-0.001482,0.000083,-0.000166,0.000083,10,10,0,fixed,10,10,0,0,3.000000,4.000000
4,multi_greedy,10,2,4,1,1,1,3.081829,77.000000,1.027276,28,0.416108,44,0,1,0,0.416108,0.464865,0.048758,0.048758,0.416108,0.083913,10,28,1,1,37,28,15,108.667000,77.000000,59.166700,1.137919,1.034055,1.217933,-0.000933,-0.000166,-0.000559,0.000000,10,10,0,fixed,10,10,0,0,3.000000,4.000000
4,multi_greedy,10,2,5,1,1,4,0.000000,77.000000,0.519481,28,0.416108,44,0,1,0,0.416108,0.464865,0.048758,0.048758,0.416108,0.083913,10,28,1,-1,37,28,15,108.667000,77.000000,59.166700,0.368097,0.519481,0.676056,-0.002747,-0.000166,0.000164,0.000164,10,10,0,fixed,10,10,0,0,3.000000,4.000000
4,multi_greedy,10,2,6,0,0,3,0.000000,108.667000,0.920243,37,0.416108,44,0,0,0,0.416108,0.464865,0.048758,0.048758,0.416108,0.083913,10,28,1,-1,37,28,15,108.667000,77.000000,59.166700,0.920243,1.298701,1.690140,-0.000166,0.001409,0.001159,0.001409,10,10,0,fixed,10,10,0,0,3.000000,4.000000
4,multi_greedy,10,2,7,1,1,2,1.583523,77.000000,0.197940,28,0.416108,44,0,1,0,0.416108,0.464865,0.048758,0.048758,0.416108,0.083913,10,28,1,0,37,28,15,108.667000,77.000000,59.166700,0.355044,0.203226,0.185447,0.003146,-0.000166,-0.002191,0.003146,10,10,0,fixed,10,10,0,0,3.000000,4.000000
4,multi_greedy,10,2,8,1,1,2,1.583499,77.000000,0.197937,28,0.416108,44,0,1,0,0.416108,0.464865,0.048758,0.048758,0.416108,0.083913,10,28,1,0,37,28,15,108.667000,77.000000,59.166700,0.355044,0.203226,0.185447,0.003146,-0.000166,-0.002191,0.003146,10,10,0,fixed,10,10,0,0,3.000000,4.000000
4,multi_greedy,10,2,9,2,2,1,3.701382,59.166700,1.233794,15,0.416108,44,0,2,0,0.416108,0.464865,0.048758,0.048758,0.416108,0.083913,10,28,1,-1,37,28,15,108.667000,77.000000,59.166700,1.137919,0.997671,1.331796,-0.000800,-0.000184,-0.000166,0.000000,10,10,0,fixed,10,10,0,0,3.000000,4.000000
4,multi_greedy,10,2,10,1,1,2,1.582446,77.000000,0.197806,28,0.416108,44,0,1,0,0.416108,0.464865,0.048758,0.048758,0.416108,0.083913,10,28,1,0,37,28,15,108.667000,77.000000,59.166700,0.355044,0.203248,0.185447,0.003145,-0.000166,-0.002192,0.003145,10,10,0,fixed,10,10,0,0,3.000000,4.000000
4,multi_greedy,10,2,11,0,0,2,2.910297,108.667000,0.363787,37,0.416108,44,0,0,0,0.416108,0.464865,0.048758,0.048758,0.416108,0.083913,10,28,1,0,37,28,15,108.667000,77.000000,59.166700,0.364674,0.195489,0.185447,-0.000166,-0.004528,-0.005732,0.000000,10,10,0,fixed,10,10,0,0,3.000000,4.000000
4,multi_greedy,10,2,12,0,0,2,2.910220,108.667000,0.363778,37,0.416108,44,0,0,0,0.416108,0.464865,0.048758,0.048758,0.416108,0.083913,10,28,1,0,37,28,15,108.667000,77.000000,59.166700,0.364674,0.195489,0.185447,-0.000166,-0.004528,-0.005732,0.000000,10,10,0,fixed,10,10,0,0,3.000000,4.000000
4,multi_greedy,10,2,13,2,2,2,1.597808,59.166700,0.199726,15,0.416108,44,0,0,1,0.416108,0.464865,0.048758,0.048758,0.416108,0.083913,10,28,1,0,37,28,15,108.667000,77.000000,59.166700,0.355044,0.195489,0.197331,0.003758,-0.000365,-0.000166,0.003758,10,10,0,fixed,10,10,0,0,3.000000,4.000000
4,multi_greedy,10,2,14,1,1,4,0.000000,77.000000,0.519481,28,0.416108,44,0,1,0,0.416108,0.464865,0.048758,0.048758,0.416108,0.083913,10,28,1,-1,37,28,15,108.667000,77.000000,59.166700,0.368097,0.519481,0.676056,-0.002747,-0.000166,0.000164,0.000164,10,10,0,fixed,10,10,0,0,3.000000,4.000000
4,multi_greedy,10,2,15,0,0,3,0.000000,108.667000,0.920243,37,0.416108,44,0,0,0,0.416108,0.464865,0.048758,0.048758,0.416108,0.083913,10,28,1,-1,37,28,15,108.667000,77.000000,59.166700,0.920243,1.298701,1.690140,-0.000166,0.001409,0.001159,0.001409,10,10,0,fixed,10,10,0,0,3.000000,4.000000
4,multi_greedy,10,2,16,1,1,2,1.579154,77.000000,0.197394,28,0.416108,44,0,1,0,0.416108,0.464865,0.048758,0.048758,0.416108,0.083913,10,28,1,0,37,28,15,108.667000,77.000000,59.166700,0.355044,0.203317,0.185447,0.003141,-0.000166,-0.002196,0.003141,10,10,0,fixed,10,10,0,0,3.000000,4.000000
4,multi_greedy,10,2,17,2,2,2,1.597730,59.166700,0.199716,15,0.416108,44,0,0,1,0.416108,0.464865,0.048758,0.048758,0.416108,0.083913,10,28,1,0,37,28,15,108.667000,77.000000,59.166700,0.355044,0.195489,0.197333,0.003758,-0.000365,-0.000166,0.003758,10,10,0,fixed,10,10,0,0,3.000000,4.000000
4,multi_greedy,10,2,18,1,1,4,0.000000,77.000000,0.519481,28,0.416108,44,0,1,0,0.416108,0.464865,0.048758,0.048758,0.416108,0.083913,10,28,1,-1,37,28,15,108.667000,77.000000,59.166700,0.368097,0.519481,0.676056,-0.002747,-0.000166,0.000164,0.000164,10,10,0,fixed,10,10,0,0,3.000000,4.000000
4,multi_greedy,10,2,19,0,0,2,2.910233,108.667000,0.363779,37,0.416108,44,0,0,0,0.416108,0.464865,0.048758,0.048758,0.416108,0.083913,10,28,1,0,37,28,15,108.667000,77.000000,59.166700,0.364674,0.195489,0.185447,-0.000166,-0.004528,-0.005732,0.000000,10,10,0,fixed,10,10,0,0,3.000000,4.000000
4,multi_greedy,10,2,20,0,0,2,2.910197,108.667000,0.363775,37,0.416108,44,0,0,0,0.416108,0.464865,0.048758,0.048758,0.416108,0.083913,10,28,1,0,37,28,15,108.667000,77.000000,59.166700,0.364674,0.195489,0.185447,-0.000166,-0.004528,-0.005732,0.000000,10,10,0,fixed,10,10,0,0,3.000000,4.000000
4,multi_greedy,10,2,21,2,2,4,0.000000,59.166700,0.676056,15,0.416108,44,0,2,0,0.416108,0.464865,0.048758,0.048758,0.416108,0.083913,10,28,1,-1,37,28,15,108.667000,77.000000,59.166700,0.368097,0.519481,0.676056,-0.003072,-0.000495,-0.000166,0.000000,10,10,0,fixed,10,10,0,0,3.000000,4.000000
4,multi_greedy,10,2,22,1,1,2,1.781369,77.000000,0.222671,28,0.416108,44,0,1,0,0.416108,0.464865,0.048758,0.048758,0.416108,0.083913,10,28,1,0,37,28,15,108.667000,77.000000,59.166700,0.355044,0.199104,0.185447,0.003362,-0.000166,-0.001981,0.003362,10,10,0,fixed,10,10,0,0,3.000000,4.000000
4,multi_greedy,10,2,23,1,1,4,0.000000,77.000000,0.519481,28,0.416108,44,0,1,0,0.416108,0.464865,0.048758,0.048758,0.416108,0.083913,10,28,1,-1,37,28,15,108.667000,77.000000,59.166700,0.368097,0.519481,0.676056,-0.002747,-0.000166,0.000164,0.000164,10,10,0,fixed,10,10,0,0,3.000000,4.000000
4,multi_greedy,10,2,24,1,1,3,0.000000,77.000000,1.298701,28,0.416108,44,0,1,0,0.416108,0.464865,0.048758,0.048758,0.416108,0.083913,10,28,1,1,37,28,15,108.667000,77.000000,59.166700,0.920243,1.298701,1.690140,-0.001730,-0.000166,-0.000415,0.000000,10,10,0,fixed,10,10,0,0,3.000000,4.000000
4,multi_greedy,10,2,25,2,2,1,4.302716,59.166700,1.434239,15,0.416108,44,0,2,0,0.416108,0.464865,0.048758,0.048758,0.416108,0.083913,10,28,1,-1,37,28,15,108.667000,77.000000,59.166700,1.137919,0.997671,1.231573,-0.000677,-0.000060,-0.000166,0.000000,10,10,0,fixed,10,10,0,0,3.000000,4.000000
4,multi_greedy,10,2,26,0,0,2,2.919170,108.667000,0.364896,37,0.416108,44,0,0,0,0.416108,0.464865,0.048758,0.048758,0.416108,0.083913,10,28,1,0,37,28,15,108.667000,77.000000,59.166700,0.364629,0.195489,0.185447,-0.000166,-0.004527,-0.005732,0.000000,10,10,0,fixed,10,10,0,0,3.000000,4.000000
4,multi_greedy,10,2,27,0,0,2,2.919157,108.667000,0.364895,37,0.416108,44,0,0,0,0.416108,0.464865,0.048758,0.048758,0.416108,0.083913,10,28,1,0,37,28,15,108.667000,77.000000,59.166700,0.364629,0.195489,0.185447,-0.000166,-0.004527,-0.005732,0.000000,10,10,0,fixed,10,10,0,0,3.000000,4.000000
4,multi_greedy,10,2,28,0,0,4,0.000000,108.667000,0.368097,37,0.416108,44,0,2,1,0.416108,0.464865,0.048758,0.048758,0.416108,0.083913,10,28,1,0,37,28,15,108.667000,77.000000,59.166700,0.368097,0.519481,0.676056,-0.000166,0.002447,0.002781,0.002781,10,10,0,fixed,10,10,0,0,3.000000,4.000000
4,multi_greedy,10,2,29,2,2,2,1.617510,59.166700,0.202189,15,0.416108,44,0,0,1,0.416108,0.464865,0.048758,0.048758,0.416108,0.083913,10,28,1,0,37,28,15,108.667000,77.000000,59.166700,0.355044,0.195489,0.196715,0.003791,-0.000333,-0.000166,0.003791,10,10,0,fixed,10,10,0,0,3.000000,4.000000
4,multi_greedy,10,2,30,0,0,2,2.909325,108.667000,0.363666,37,0.416108,44,0,0,0,0.416108,0.464865,0.048758,0.048758,0.416108,0.083913,10,28,1,0,37,28,15,108.667000,77.000000,59.166700,0.364679,0.195489,0.185447,-0.000166,-0.004528,-0.005732,0.000000,10,10,0,fixed,10,10,0,0,3.000000,4.000000
4,multi_greedy,10,2,31,0,0,2,2.919157,108.667000,0.364895,37,0.416108,44,0,0,0,0.416108,0.464865,0.048758,0.048758,0.416108,0.083913,10,28,1,0,37,28,15,108.667000,77.000000,59.166700,0.364629,0.195489,0.185447,-0.000166,-0.004527,-0.005732,0.000000,10,10,0,fixed,10,10,0,0,3.000000,4.000000
4,multi_greedy,10,2,32,0,0,2,2.919075,108.667000,0.364884,37,0.416108,44,0,0,0,0.416108,0.464865,0.048758,0.048758,0.416108,0.083913,10,28,1,0,37,28,15,108.667000,77.000000,59.166700,0.364630,0.195489,0.185447,-0.000166,-0.004527,-0.005732,0.000000,10,10,0,fixed,10,10,0,0,3.000000,4.000000
4,multi_greedy,10,2,33,0,0,2,2.921302,108.667000,0.365163,37,0.416108,44,0,0,0,0.416108,0.464865,0.048758,0.048758,0.416108,0.083913,10,28,1,0,37,28,15,108.667000,77.000000,59.166700,0.364619,0.195489,0.185447,-0.000166,-0.004527,-0.005731,0.000000,10,10,0,fixed,10,10,0,0,3.000000,4.000000
4,multi_greedy,10,2,34,1,1,2,1.614150,77.000000,0.201769,28,0.416108,44,0,1,0,0.416108,0.464865,0.048758,0.048758,0.416108,0.083913,10,28,1,0,37,28,15,108.667000,77.000000,59.166700,0.355044,0.202588,0.185447,0.003179,-0.000166,-0.002159,0.003179,10,10,0,fixed,10,10,0,0,3.000000,4.000000
4,multi_greedy,10,2,35,0,0,4,0.000000,108.667000,0.368097,37,0.416108,44,0,2,1,0.416108,0.464865,0.048758,0.048758,0.416108,0.083913,10,28,1,0,37,28,15,108.667000,77.000000,59.166700,0.368097,0.519481,0.676056,-0.000166,0.002447,0.002781,0.002781,10,10,0,fixed,10,10,0,0,3.000000,4.000000
4,multi_greedy,10,2,36,0,0,1,3.506020,108.667000,1.168673,37,0.416108,44,0,0,0,0.416108,0.464865,0.048758,0.048758,0.416108,0.083913,10,28,1,1,37,28,15,108.667000,77.000000,59.166700,0.972372,0.997671,1.217933,-0.000166,0.000717,0.000473,0.000717,10,10,0,fixed,10,10,0,0,3.000000,4.000000
4,multi_greedy,10,2,37,0,0,4,0.000000,108.667000,0.368097,37,0.416108,44,0,2,1,0.416108,0.464865,0.048758,0.048758,0.416108,0.083913,10,28,1,0,37,28,15,108.667000,77.000000,59.166700,0.368097,0.519481,0.676056,-0.000166,0.002447,0.002781,0.002781,10,10,0,fixed,10,10,0,0,3.000000,4.000000
4,multi_greedy,10,2,38,0,0,3,0.000000,108.667000,0.920243,37,0.416108,44,0,0,0,0.416108,0.464865,0.048758,0.048758,0.416108,0.083913,10,28,1,-1,37,28,15,108.667000,77.000000,59.166700,0.920243,1.298701,1.690140,-0.000166,0.001409,0.001159,0.001409,10,10,0,fixed,10,10,0,0,3.000000,4.000000
4,multi_greedy,10,2,39,1,1,4,0.000000,77.000000,0.519481,28,0.416108,44,0,1,0,0.416108,0.464865,0.048758,0.048758,0.416108,0.083913,10,28,1,-1,37,28,15,108.667000,77.000000,59.166700,0.368097,0.519481,0.676056,-0.002747,-0.000166,0.000164,0.000164,10,10,0,fixed,10,10,0,0,3.000000,4.000000
4,multi_greedy,10,2,40,0,0,2,2.919094,108.667000,0.364887,37,0.416108,44,0,0,0,0.416108,0.464865,0.048758,0.048758,0.416108,0.083913,10,28,1,0,37,28,15,108.667000,77.000000,59.166700,0.364630,0.195489,0.185447,-0.000166,-0.004527,-0.005732,0.000000,10,10,0,fixed,10,10,0,0,3.000000,4.000000
4,multi_greedy,10,2,41,2,2,1,3.688058,59.166700,1.229353,15,0.416108,44,0,2,0,0.416108,0.464865,0.048758,0.048758,0.416108,0.083913,10,28,1,-1,37,28,15,108.667000,77.000000,59.166700,1.137919,0.997671,1.334016,-0.000803,-0.000186,-0.000166,0.000000,10,10,0,fixed,10,10,0,0,3.000000,4.000000
4,multi_greedy,10,2,42,1,1,3,0.000000,77.000000,1.298701,28,0.416108,44,0,1,0,0.416108,0.464865,0.048758,0.048758,0.416108,0.083913,10,28,1,1,37,28,15,108.667000,77.000000,59.166700,0.920243,1.298701,1.690140,-0.001730,-0.000166,-0.000415,0.000000,10,10,0,fixed,10,10,0,0,3.000000,4.000000
4,multi_greedy,10,2,43,1,1,1,3.013511,77.000000,1.004504,28,0.416108,44,0,1,0,0.416108,0.464865,0.048758,0.048758,0.416108,0.083913,10,28,1,1,37,28,15,108.667000,77.000000,59.166700,1.137919,1.036902,1.217933,-0.000939,-0.000166,-0.000565,0.000000,10,10,0,fixed,10,10,0,0,3.000000,4.000000
4,multi_greedy,10,2,44,1,1,4,0.000000,77.000000,0.519481,28,0.416108,44,0,1,0,0.416108,0.464865,0.048758,0.048758,0.416108,0.083913,10,28,1,-1,37,28,15,108.667000,77.000000,59.166700,0.368097,0.519481,0.676056,-0.002747,-0.000166,0.000164,0.000164,10,10,0,fixed,10,10,0,0,3.000000,4.000000
4,multi_greedy,10,2,45,1,1,4,0.000000,77.000000,0.519481,28,0.416108,44,0,1,0,0.416108,0.464865,0.048758,0.048758,0.416108,0.083913,10,28,1,-1,37,28,15,108.667000,77.000000,59.166700,0.368097,0.519481,0.676056,-0.002747,-0.000166,0.000164,0.000164,10,10,0,fixed,10,10,0,0,3.000000,4.000000
4,multi_greedy,10,2,46,1,1,1,3.028264,77.000000,1.009421,28,0.416108,44,0,1,0,0.416108,0.464865,0.048758,0.048758,0.416108,0.083913,10,28,1,1,37,28,15,108.667000,77.000000,59.166700,1.137919,1.036287,1.217933,-0.000937,-0.000166,-0.000564,0.000000,10,10,0,fixed,10,10,0,0,3.000000,4.000000
4,multi_greedy,10,2,47,2,2,2,1.566075,59.166700,0.195759,15,0.416108,44,0,0,1,0.416108,0.464865,0.048758,0.048758,0.416108,0.083913,10,28,1,0,37,28,15,108.667000,77.000000,59.166700,0.355044,0.195489,0.198323,0.003706,-0.000416,-0.000166,0.003706,10,10,0,fixed,10,10,0,0,3.000000,4.000000
4,multi_greedy,10,2,48,0,0,4,0.000000,108.667000,0.368097,37,0.416108,44,0,2,1,0.416108,0.464865,0.048758,0.048758,0.416108,0.083913,10,28,1,0,37,28,15,108.667000,77.000000,59.166700,0.368097,0.519481,0.676056,-0.000166,0.002447,0.002781,0.002781,10,10,0,fixed,10,10,0,0,3.000000,4.000000
4,multi_greedy,10,2,49,1,1,1,2.728050,77.000000,0.909350,28,0.416108,44,0,1,0,0.416108,0.464865,0.048758,0.048758,0.416108,0.083913,10,28,1,-1,37,28,15,108.667000,77.000000,59.166700,1.137919,1.048796,1.217933,-0.000961,-0.000166,-0.000588,0.000000,10,10,0,fixed,10,10,0,0,3.000000,4.000000
4,multi_greedy,10,2,50,0,0,2,2.920116,108.667000,0.365015,37,0.416108,44,0,0,0,0.416108,0.464865,0.048758,0.048758,0.416108,0.083913,10,28,1,0,37,28,15,108.667000,77.000000,59.166700,0.364625,0.195489,0.185447,-0.000166,-0.004527,-0.005731,0.000000,10,10,0,fixed,10,10,0,0,3.000000,4.000000
4,multi_greedy,10,2,51,0,0,2,2.918981,108.667000,0.364873,37,0.416108,44,0,0,0,0.416108,0.464865,0.048758,0.048758,0.416108,0.083913,10,28,1,0,37,28,15,108.667000,77.000000,59.166700,0.364630,0.195489,0.185447,-0.000166,-0.004527,-0.005732,0.000000,10,10,0,fixed,10,10,0,0,3.000000,4.000000
4,multi_greedy,10,2,52,0,0,2,2.921302,108.667000,0.365163,37,0.416108,44,0,0,0,0.416108,0.464865,0.048758,0.048758,0.416108,0.083913,10,28,1,0,37,28,15,108.667000,77.000000,59.166700,0.364619,0.195489,0.185447,-0.000166,-0.004527,-0.005731,0.000000,10,10,0,fixed,10,10,0,0,3.000000,4.000000
4,multi_greedy,10,2,53,0,0,2,2.918981,108.667000,0.364873,37,0.416108,44,0,0,0,0.416108,0.464865,0.048758,0.048758,0.416108,0.083913,10,28,1,0,37,28,15,108.667000,77.000000,59.166700,0.364630,0.195489,0.185447,-0.000166,-0.004527,-0.005732,0.000000,10,10,0,fixed,10,10,0,0,3.000000,4.000000
4,multi_greedy,10,2,54,0,0,2,2.921290,108.667000,0.365161,37,0.416108,44,0,0,0,0.416108,0.464865,0.048758,0.048758,0.416108,0.083913,10,28,1,0,37,28,15,108.667000,77.000000,59.166700,0.364619,0.195489,0.185447,-0.000166,-0.004527,-0.005731,0.000000,10,10,0,fixed,10,10,0,0,3.000000,4.000000
4,multi_greedy,10,2,55,1,1,2,1.614223,77.000000,0.201778,28,0.416108,44,0,1,0,0.416108,0.464865,0.048758,0.048758,0.416108,0.083913,10,28,1,0,37,28,15,108.667000,77.000000,59.166700,0.355044,0.202586,0.185447,0.003179,-0.000166,-0.002159,0.003179,10,10,0,fixed,10,10,0,0,3.000000,4.000000
4,multi_greedy,10,2,56,0,0,2,2.921290,108.667000,0.365161,37,0.416108,44,0,0,0,0.416108,0.464865,0.048758,0.048758,0.416108,0.083913,10,28,1,0,37,28,15,108.667000,77.000000,59.166700,0.364619,0.195489,0.185447,-0.000166,-0.004527,-0.005731,0.000000,10,10,0,fixed,10,10,0,0,3.000000,4.000000
4,multi_greedy,10,2,57,0,0,2,2.920091,108.667000,0.365011,37,0.416108,44,0,0,0,0.416108,0.464865,0.048758,0.048758,0.416108,0.083913,10,28,1,0,37,28,15,108.667000,77.000000,59.166700,0.364625,0.195489,0.185447,-0.000166,-0.004527,-0.005731,0.000000,10,10,0,fixed,10,10,0,0,3.000000,4.000000
4,multi_greedy,10,2,58,1,1,1,3.277718,77.000000,1.092573,28,0.416108,44,0,1,0,0.416108,0.464865,0.048758,0.048758,0.416108,0.083913,10,28,1,1,37,28,15,108.667000,77.000000,59.166700,1.137919,1.025893,1.217933,-0.000917,-0.000166,-0.000543,0.000000,10,10,0,fixed,10,10,0,0,3.000000,4.000000
4,multi_greedy,10,2,59,1,1,1,3.222720,77.000000,1.074240,28,0.416108,44,0,1,0,0.416108,0.464865,0.048758,0.048758,0.416108,0.083913,10,28,1,1,37,28,15,108.667000,77.000000,59.166700,1.137919,1.028185,1.217933,-0.000922,-0.000166,-0.000548,0.000000,10,10,0,fixed,10,10,0,0,3.000000,4.000000
4,multi_greedy,10,2,60,1,1,4,0.000000,77.000000,0.519481,28,0.416108,44,0,1,0,0.416108,0.464865,0.048758,0.048758,0.416108,0.083913,10,28,1,-1,37,28,15,108.667000,77.000000,59.166700,0.368097,0.519481,0.676056,-0.002747,-0.000166,0.000164,0.000164,10,10,0,fixed,10,10,0,0,3.000000,4.000000
4,multi_greedy,10,2,61,0,0,4,0.000000,108.667000,0.368097,37,0.416108,44,0,2,1,0.416108,0.464865,0.048758,0.048758,0.416108,0.083913,10,28,1,0,37,28,15,108.667000,77.000000,59.166700,0.368097,0.519481,0.676056,-0.000166,0.002447,0.002781,0.002781,10,10,0,fixed,10,10,0,0,3.000000,4.000000
4,multi_greedy,10,2,62,0,0,2,2.920068,108.667000,0.365008,37,0.416108,44,0,0,0,0.416108,0.464865,0.048758,0.048758,0.416108,0.083913,10,28,1,0,37,28,15,108.667000,77.000000,59.166700,0.364625,0.195489,0.185447,-0.000166,-0.004527,-0.005731,0.000000,10,10,0,fixed,10,10,0,0,3.000000,4.000000
4,multi_greedy,10,2,63,0,0,4,0.000000,108.667000,0.368097,37,0.416108,44,0,2,1,0.416108,0.464865,0.048758,0.048758,0.416108,0.083913,10,28,1,0,37,28,15,108.667000,77.000000,59.166700,0.368097,0.519481,0.676056,-0.000166,0.002447,0.002781,0.002781,10,10,0,fixed,10,10,0,0,3.000000,4.000000
4,multi_greedy,10,2,64,2,2,4,0.000000,59.166700,0.676056,15,0.416108,44,0,2,0,0.416108,0.464865,0.048758,0.048758,0.416108,0.083913,10,28,1,-1,37,28,15,108.667000,77.000000,59.166700,0.368097,0.519481,0.676056,-0.003072,-0.000495,-0.000166,0.000000,10,10,0,fixed,10,10,0,0,3.000000,4.000000
4,multi_greedy,10,2,65,0,0,2,2.920066,108.667000,0.365008,37,0.416108,44,0,0,0,0.416108,0.464865,0.048758,0.048758,0.416108,0.083913,10,28,1,0,37,28,15,108.667000,77.000000,59.166700,0.364625,0.195489,0.185447,-0.000166,-0.004527,-0.005731,0.000000,10,10,0,fixed,10,10,0,0,3.000000,4.000000
4,multi_greedy,10,2,66,2,2,3,0.000000,59.166700,1.690140,15,0.416108,44,0,2,0,0.416108,0.464865,0.048758,0.048758,0.416108,0.083913,10,28,1,-1,37,28,15,108.667000,77.000000,59.166700,0.920243,1.298701,1.690140,-0.001482,0.000083,-0.000166,0.000083,10,10,0,fixed,10,10,0,0,3.000000,4.000000
4,multi_greedy,10,2,67,0,0,2,2.919069,108.667000,0.364884,37,0.416108,44,0,0,0,0.416108,0.464865,0.048758,0.048758,0.416108,0.083913,10,28,1,0,37,28,15,108.667000,77.000000,59.166700,0.364630,0.195489,0.185447,-0.000166,-0.004527,-0.005732,0.000000,10,10,0,fixed,10,10,0,0,3.000000,4.000000
4,multi_greedy,10,2,68,2,2,2,1.533274,59.166700,0.191659,15,0.416108,44,1,2,0,0.416108,0.464865,0.048758,0.048758,0.416108,0.083913,10,28,1,0,37,28,15,108.667000,77.000000,59.166700,0.355044,0.195489,0.199348,0.003653,-0.000469,-0.000166,0.003653,10,10,0,fixed,10,10,0,0,3.000000,4.000000
4,multi_greedy,10,2,69,2,2,4,0.000000,59.166700,0.676056,15,0.416108,44,0,2,0,0.416108,0.464865,0.048758,0.048758,0.416108,0.083913,10,28,1,-1,37,28,15,108.667000,77.000000,59.166700,0.368097,0.519481,0.676056,-0.003072,-0.000495,-0.000166,0.000000,10,10,0,fixed,10,10,0,0,3.000000,4.000000
4,multi_greedy,10,2,70,0,0,2,2.919104,108.667000,0.364888,37,0.416108,44,0,0,0,0.416108,0.464865,0.048758,0.048758,0.416108,0.083913,10,28,1,0,37,28,15,108.667000,77.000000,59.166700,0.364630,0.195489,0.185447,-0.000166,-0.004527,-0.005732,0.000000,10,10,0,fixed,10,10,0,0,3.000000,4.000000
4,multi_greedy,10,2,71,2,2,3,0.000000,59.166700,1.690140,15,0.416108,44,0,2,0,0.416108,0.464865,0.048758,0.048758,0.416108,0.083913,10,28,1,-1,37,28,15,108.667000,77.000000,59.166700,0.920243,1.298701,1.690140,-0.001482,0.000083,-0.000166,0.000083,10,10,0,fixed,10,10,0,0,3.000000,4.000000
4,multi_greedy,10,2,72,1,1,1,3.101502,77.000000,1.033834,28,0.416108,44,0,1,0,0.416108,0.464865,0.048758,0.048758,0.416108,0.083913,10,28,1,1,37,28,15,108.667000,77.000000,59.166700,1.137919,1.033236,1.217933,-0.000931,-0.000166,-0.000558,0.000000,10,10,0,fixed,10,10,0,0,3.000000,4.000000
4,multi_greedy,10,2,73,0,0,2,2.920055,108.667000,0.365007,37,0.416108,44,0,0,0,0.416108,0.464865,0.048758,0.048758,0.416108,0.083913,10,28,1,0,37,28,15,108.667000,77.000000,59.166700,0.364625,0.195489,0.185447,-0.000166,-0.004527,-0.005731,0.000000,10,10,0,fixed,10,10,0,0,3.000000,4.000000
4,multi_greedy,10,2,74,2,2,4,0.000000,59.166700,0.676056,15,0.416108,44,0,2,0,0.416108,0.464865,0.048758,0.048758,0.416108,0.083913,10,28,1,-1,37,28,15,108.667000,77.000000,59.166700,0.368097,0.519481,0.676056,-0.003072,-0.000495,-0.000166,0.000000,10,10,0,fixed,10,10,0,0,3.000000,4.000000
4,multi_greedy,10,2,75,0,0,2,2.920045,108.667000,0.365006,37,0.416108,44,0,0,0,0.416108,0.464865,0.048758,0.048758,0.416108,0.083913,10,28,1,0,37,28,15,108.667000,77.000000,59.166700,0.364625,0.195489,0.185447,-0.000166,-0.004527,-0.005731,0.000000,10,10,0,fixed,10,10,0,0,3.000000,4.000000
4,multi_greedy,10,2,76,0,0,3,0.000000,108.667000,0.920243,37,0.416108,44,0,0,0,0.416108,0.464865,0.048758,0.048758,0.416108,0.083913,10,28,1,-1,37,28,15,108.667000,77.000000,59.166700,0.920243,1.298701,1.690140,-0.000166,0.001409,0.001159,0.001409,10,10,0,fixed,10,10,0,0,3.000000,4.000000
4,multi_greedy,10,2,77,1,1,4,0.000000,77.000000,0.519481,28,0.416108,44,0,1,0,0.416108,0.464865,0.048758,0.048758,0.416108,0.083913,10,28,1,-1,37,28,15,108.667000,77.000000,59.166700,0.368097,0.519481,0.676056,-0.002747,-0.000166,0.000164,0.000164,10,10,0,fixed,10,10,0,0,3.000000,4.000000
4,multi_greedy,10,2,78,1,1,4,0.000000,77.000000,0.519481,28,0.416108,44,0,1,0,0.416108,0.464865,0.048758,0.048758,0.416108,0.083913,10,28,1,-1,37,28,15,108.667000,77.000000,59.166700,0.368097,0.519481,0.676056,-0.002747,-0.000166,0.000164,0.000164,10,10,0,fixed,10,10,0,0,3.000000,4.000000
4,multi_greedy,10,2,79,1,1,1,3.180118,77.000000,1.060039,28,0.416108,44,0,1,0,0.416108,0.464865,0.048758,0.048758,0.416108,0.083913,10,28,1,1,37,28,15,108.667000,77.000000,59.166700,1.137919,1.029960,1.217933,-0.000925,-0.000166,-0.000551,0.000000,10,10,0,fixed,10,10,0,0,3.000000,4.000000
4,multi_greedy,10,2,80,0,0,2,2.920126,108.667000,0.365016,37,0.416108,44,0,0,0,0.416108,0.464865,0.048758,0.048758,0.416108,0.083913,10,28,1,0,37,28,15,108.667000,77.000000,59.166700,0.364625,0.195489,0.185447,-0.000166,-0.004527,-0.005731,0.000000,10,10,0,fixed,10,10,0,0,3.000000,4.000000
4,multi_greedy,10,3,1,0,0,2,2.561694,110.333000,0.320212,35,0.446406,37,0,2,1,0.446406,0.511907,0.065501,0.065501,0.446406,0.030298,10,42,1,0,35,28,17,110.333000,76.833300,54.500000,0.321438,0.217353,0.575042,-0.001952,-0.002728,0.007372,0.007372,10,10,0,fixed,10,10,0,0,3.000000,4.000000
4,multi_greedy,10,3,2,1,1,1,3.010219,76.833300,1.003406,28,0.446406,37,0,1,0,0.446406,0.511907,0.065501,0.065501,0.446406,0.030298,10,42,1,1,35,28,17,110.333000,76.833300,54.500000,1.136193,0.983980,1.104307,-0.004808,-0.001952,0.001096,0.001096,10,10,0,fixed,10,10,0,0,3.000000,4.000000
4,multi_greedy,10,3,3,2,2,3,0.000000,54.500000,1.834862,17,0.446406,37,0,2,0,0.446406,0.511907,0.065501,0.065501,0.446406,0.030298,10,42,1,-1,35,28,17,110.333000,76.833300,54.500000,0.906347,1.301519,1.834862,-0.009175,-0.005321,-0.001952,0.000000,10,10,0,fixed,10,10,0,0,3.000000,4.000000
4,multi_greedy,10,3,4,1,1,1,2.891079,76.833300,0.963693,28,0.446406,37,0,1,0,0.446406,0.511907,0.065501,0.065501,0.446406,0.030298,10,42,1,-1,35,28,17,110.333000,76.833300,54.500000,1.136193,0.988944,1.104307,-0.004820,-0.001952,0.001083,0.001083,10,10,0,fixed,10,10,0,0,3.000000,4.000000
4,multi_greedy,10,3,5,1,1,4,0.000000,76.833300,0.520608,28,0.446406,37,0,1,0,0.446406,0.511907,0.065501,0.065501,0.446406,0.030298,10,42,1,-1,35,28,17,110.333000,76.833300,54.500000,0.362539,0.520608,0.733945,-0.007081,-0.001952,0.002310,0.002310,10,10,0,fixed,10,10,0,0,3.000000,4.000000
4,multi_greedy,10,3,6,0,0,3,0.000000,110.333000,0.906347,35,0.446406,37,0,0,0,0.446406,0.511907,0.065501,0.065501,0.446406,0.030298,10,42,1,-1,35,28,17,110.333000,76.833300,54.500000,0.906347,1.301519,1.834862,-0.001952,0.002031,0.005514,0.005514,10,10,0,fixed,10,10,0,0,3.000000,4.000000
4,multi_greedy,10,3,7,1,1,2,1.806543,76.833300,0.225818,28,0.446406,37,0,1,0,0.446406,0.511907,0.065501,0.065501,0.446406,0.030298,10,42,1,0,35,28,17,110.333000,76.833300,54.500000,0.312469,0.224998,0.575042,-0.002392,-0.001952,0.007371,0.007371,10,10,0,fixed,10,10,0,0,3.000000,4.000000
4,multi_greedy,10,3,8,1,1,2,1.806555,76.833300,0.225819,28,0.446406,37,0,2,1,0.446406,0.511907,0.065501,0.065501,0.446406,0.030298,10,42,1,0,35,28,17,110.333000,76.833300,54.500000,0.312469,0.224998,0.575042,-0.002392,-0.001952,0.007371,0.007371,10,10,0,fixed,10,10,0,0,3.000000,4.000000
4,multi_greedy,10,3,9,2,2,1,3.508912,54.500000,1.169637,17,0.446406,37,0,2,0,0.446406,0.511907,0.065501,0.065501,0.446406,0.030298,10,42,1,-1,35,28,17,110.333000,76.833300,54.500000,1.136193,0.952134,1.169081,-0.008017,-0.005374,-0.001952,0.000000,10,10,0,fixed,10,10,0,0,3.000000,4.000000
4,multi_greedy,10,3,10,1,1,2,1.807672,76.833300,0.225959,28,0.446406,37,0,2,1,0.446406,0.511907,0.065501,0.065501,0.446406,0.030298,10,42,1,0,35,28,17,110.333000,76.833300,54.500000,0.312469,0.224975,0.575042,-0.002391,-0.001952,0.007372,0.007372,10,10,0,fixed,10,10,0,0,3.000000,4.000000
4,multi_greedy,10,3,11,0,0,2,2.562821,110.333000,0.320353,35,0.446406,37,0,2,1,0.446406,0.511907,0.065501,0.065501,0.446406,0.030298,10,42,1,0,35,28,17,110.333000,76.833300,54.500000,0.321433,0.217353,0.575042,-0.001952,-0.002728,0.007372,0.007372,10,10,0,fixed,10,10,0,0,3.000000,4.000000
4,multi_greedy,10,3,12,0,0,2,2.562844,110.333000,0.320355,35,0.446406,37,0,2,1,0.446406,0.511907,0.065501,0.065501,0.446406,0.030298,10,42,1,0,35,28,17,110.333000,76.833300,54.500000,0.321433,0.217353,0.575042,-0.001952,-0.002728,0.007372,0.007372,10,10,0,fixed,10,10,0,0,3.000000,4.000000
4,multi_greedy,10,3,13,0,0,2,2.852392,110.333000,0.356549,35,0.446406,37,0,0,0,0.446406,0.511907,0.065501,0.065501,0.446406,0.030298,10,42,1,0,35,28,17,110.333000,76.833300,54.500000,0.320185,0.217353,0.575042,-0.001952,-0.002699,0.007402,0.007402,10,10,0,fixed,10,10,0,0,3.000000,4.000000
4,multi_greedy,10,3,14,1,1,4,0.000000,76.833300,0.520608,28,0.446406,37,0,1,0,0.446406,0.511907,0.065501,0.065501,0.446406,0.030298,10,42,1,-1,35,28,17,110.333000,76.833300,54.500000,0.362539,0.520608,0.733945,-0.007081,-0.001952,0.002310,0.002310,10,10,0,fixed,10,10,0,0,3.000000,4.000000
4,multi_greedy,10,3,15,0,0,3,0.000000,110.333000,0.906347,35,0.446406,37,0,0,0,0.446406,0.511907,0.065501,0.065501,0.446406,0.030298,10,42,1,-1,35,28,17,110.333000,76.833300,54.500000,0.906347,1.301519,1.834862,-0.001952,0.002031,0.005514,0.005514,10,10,0,fixed,10,10,0,0,3.000000,4.000000
4,multi_greedy,10,3,16,1,1,2,1.807637,76.833300,0.225955,28,0.446406,37,0,2,1,0.446406,0.511907,0.065501,0.065501,0.446406,0.030298,10,42,1,0,35,28,17,110.333000,76.833300,54.500000,0.312469,0.224975,0.575042,-0.002391,-0.001952,0.007372,0.007372,10,10,0,fixed,10,10,0,0,3.000000,4.000000
4,multi_greedy,10,3,17,0,0,2,2.853461,110.333000,0.356683,35,0.446406,37,0,0,0,0.446406,0.511907,0.065501,0.065501,0.446406,0.030298,10,42,1,0,35,28,17,110.333000,76.833300,54.500000,0.320180,0.217353,0.575042,-0.001952,-0.002699,0.007402,0.007402,10,10,0,fixed,10,10,0,0,3.000000,4.000000
4,multi_greedy,10,3,18,1,1,4,0.000000,76.833300,0.520608,28,0.446406,37,0,1,0,0.446406,0.511907,0.065501,0.065501,0.446406,0.030298,10,42,1,-1,35,28,17,110.333000,76.833300,54.500000,0.362539,0.520608,0.733945,-0.007081,-0.001952,0.002310,0.002310,10,10,0,fixed,10,10,0,0,3.000000,4.000000
4,multi_greedy,10,3,19,0,0,2,2.562858,110.333000,0.320357,35,0.446406,37,0,2,1,0.446406,0.511907,0.065501,0.065501,0.446406,0.030298,10,42,1,0,35,28,17,110.333000,76.833300,54.500000,0.321433,0.217353,0.575042,-0.001952,-0.002728,0.007372,0.007372,10,10,0,fixed,10,10,0,0,3.000000,4.000000
4,multi_greedy,10,3,20,0,0,2,2.561753,110.333000,0.320219,35,0.446406,37,0,2,1,0.446406,0.511907,0.065501,0.065501,0.446406,0.030298,10,42,1,0,35,28,17,110.333000,76.833300,54.500000,0.321437,0.217353,0.575042,-0.001952,-0.002728,0.007372,0.007372,10,10,0,fixed,10,10,0,0,3.000000,4.000000
4,multi_greedy,10,3,21,2,2,4,0.000000,54.500000,0.733945,17,0.446406,37,0,2,0,0.446406,0.511907,0.065501,0.065501,0.446406,0.030298,10,42,1,-1,35,28,17,110.333000,76.833300,54.500000,0.362539,0.520608,0.733945,-0.011167,-0.006134,-0.001952,0.000000,10,10,0,fixed,10,10,0,0,3.000000,4.000000
4,multi_greedy,10,3,22,1,1,2,1.763875,76.833300,0.220484,28,0.446406,37,1,1,0,0.446406,0.511907,0.065501,0.065501,0.446406,0.030298,10,42,1,0,35,28,17,110.333000,76.833300,54.500000,0.312469,0.225887,0.575042,-0.002434,-0.001952,0.007328,0.007328,10,10,0,fixed,10,10,0,0,3.000000,4.000000
4,multi_greedy,10,3,23,1,1,4,0.000000,76.833300,0.520608,28,0.446406,37,0,1,0,0.446406,0.511907,0.065501,0.065501,0.446406,0.030298,10,42,1,-1,35,28,17,110.333000,76.833300,54.500000,0.362539,0.520608,0.733945,-0.007081,-0.001952,0.002310,0.002310,10,10,0,fixed,10,10,0,0,3.000000,4.000000
4,multi_greedy,10,3,24,1,1,3,0.000000,76.833300,1.301519,28,0.446406,37,0,1,0,0.446406,0.511907,0.065501,0.065501,0.446406,0.030298,10,42,1,1,35,28,17,110.333000,76.833300,54.500000,0.906347,1.301519,1.834862,-0.005865,-0.001952,0.001469,0.001469,10,10,0,fixed,10,10,0,0,3.000000,4.000000
4,multi_greedy,10,3,25,2,2,1,3.507134,54.500000,1.169045,17,0.446406,37,0,2,0,0.446406,0.511907,0.065501,0.065501,0.446406,0.030298,10,42,1,-1,35,28,17,110.333000,76.833300,54.500000,1.136193,0.952134,1.169377,-0.008018,-0.005375,-0.001952,0.000000,10,10,0,fixed,10,10,0,0,3.000000,4.000000
4,multi_greedy,10,3,26,0,0,2,2.474336,110.333000,0.309292,35,0.446406,37,0,0,0,0.446406,0.511907,0.065501,0.065501,0.446406,0.030298,10,42,1,0,35,28,17,110.333000,76.833300,54.500000,0.321814,0.217353,0.575042,-0.001952,-0.002737,0.007362,0.007362,10,10,0,fixed,10,10,0,0,3.000000,4.000000
4,multi_greedy,10,3,27,0,0,2,2.535531,110.333000,0.316941,35,0.446406,37,0,0,0,0.446406,0.511907,0.065501,0.065501,0.446406,0.030298,10,42,1,0,35,28,17,110.333000,76.833300,54.500000,0.321550,0.217353,0.575042,-0.001952,-0.002731,0.007369,0.007369,10,10,0,fixed,10,10,0,0,3.000000,4.000000
4,multi_greedy,10,3,28,2,2,4,0.000000,54.500000,0.733945,17,0.446406,37,0,2,0,0.446406,0.511907,0.065501,0.065501,0.446406,0.030298,10,42,1,-1,35,28,17,110.333000,76.833300,54.500000,0.362539,0.520608,0.733945,-0.011167,-0.006134,-0.001952,0.000000,10,10,0,fixed,10,10,0,0,3.000000,4.000000
4,multi_greedy,10,3,29,0,0,2,2.560628,110.333000,0.320078,35,0.446406,37,0,0,0,0.446406,0.511907,0.065501,0.065501,0.446406,0.030298,10,42,1,0,35,28,17,110.333000,76.833300,54.500000,0.321442,0.217353,0.575042,-0.001952,-0.002728,0.007371,0.007371,10,10,0,fixed,10,10,0,0,3.000000,4.000000
4,multi_greedy,10,3,30,0,0,2,2.550845,110.333000,0.318856,35,0.446406,37,0,0,0,0.446406,0.511907,0.065501,0.065501,0.446406,0.030298,10,42,1,0,35,28,17,110.333000,76.833300,54.500000,0.321484,0.217353,0.575042,-0.001952,-0.002729,0.007370,0.007370,10,10,0,fixed,10,10,0,0,3.000000,4.000000
4,multi_greedy,10,3,31,0,0,2,2.535531,110.333000,0.316941,35,0.446406,37,0,0,0,0.446406,0.511907,0.065501,0.065501,0.446406,0.030298,10,42,1,0,35,28,17,110.333000,76.833300,54.500000,0.321550,0.217353,0.575042,-0.001952,-0.002731,0.007369,0.007369,10,10,0,fixed,10,10,0,0,3.000000,4.000000
4,multi_greedy,10,3,32,0,0,2,2.558478,110.333000,0.319810,35,0.446406,37,0,2,1,0.446406,0.511907,0.065501,0.065501,0.446406,0.030298,10,42,1,0,35,28,17,110.333000,76.833300,54.500000,0.321451,0.217353,0.575042,-0.001952,-0.002729,0.007371,0.007371,10,10,0,fixed,10,10,0,0,3.000000,4.000000
4,multi_greedy,10,3,33,0,0,2,2.511521,110.333000,0.313940,35,0.446406,37,0,0,0,0.446406,0.511907,0.065501,0.065501,0.446406,0.030298,10,42,1,0,35,28,17,110.333000,76.833300,54.500000,0.321654,0.217353,0.575042,-0.001952,-0.002733,0.007366,0.007366,10,10,0,fixed,10,10,0,0,3.000000,4.000000
4,multi_greedy,10,3,34,1,1,2,1.808740,76.833300,0.226092,28,0.446406,37,0,2,1,0.446406,0.511907,0.065501,0.065501,0.446406,0.030298,10,42,1,0,35,28,17,110.333000,76.833300,54.500000,0.312469,0.224952,0.575042,-0.002390,-0.001952,0.007373,0.007373,10,10,0,fixed,10,10,0,0,3.000000,4.000000
4,multi_greedy,10,3,35,2,2,4,0.000000,54.500000,0.733945,17,0.446406,37,0,2,0,0.446406,0.511907,0.065501,0.065501,0.446406,0.030298,10,42,1,-1,35,28,17,110.333000,76.833300,54.500000,0.362539,0.520608,0.733945,-0.011167,-0.006134,-0.001952,0.000000,10,10,0,fixed,10,10,0,0,3.000000,4.000000
4,multi_greedy,10,3,36,0,0,1,3.505966,110.333000,1.168655,35,0.446406,37,0,0,0,0.446406,0.511907,0.065501,0.065501,0.446406,0.030298,10,42,1,1,35,28,17,110.333000,76.833300,54.500000,0.857058,0.952134,1.104307,-0.001952,0.001399,0.004672,0.004672,10,10,0,fixed,10,10,0,0,3.000000,4.000000
4,multi_greedy,10,3,37,2,2,4,0.000000,54.500000,0.733945,17,0.446406,37,0,2,0,0.446406,0.511907,0.065501,0.065501,0.446406,0.030298,10,42,1,-1,35,28,17,110.333000,76.833300,54.500000,0.362539,0.520608,0.733945,-0.011167,-0.006134,-0.001952,0.000000,10,10,0,fixed,10,10,0,0,3.000000,4.000000
4,multi_greedy,10,3,38,0,0,3,0.000000,110.333000,0.906347,35,0.446406,37,0,0,0,0.446406,0.511907,0.065501,0.065501,0.446406,0.030298,10,42,1,-1,35,28,17,110.333000,76.833300,54.500000,0.906347,1.301519,1.834862,-0.001952,0.002031,0.005514,0.005514,10,10,0,fixed,10,10,0,0,3.000000,4.000000
4,multi_greedy,10,3,39,1,1,4,0.000000,76.833300,0.520608,28,0.446406,37,0,1,0,0.446406,0.511907,0.065501,0.065501,0.446406,0.030298,10,42,1,-1,35,28,17,110.333000,76.833300,54.500000,0.362539,0.520608,0.733945,-0.007081,-0.001952,0.002310,0.002310,10,10,0,fixed,10,10,0,0,3.000000,4.000000
4,multi_greedy,10,3,40,0,0,2,2.512466,110.333000,0.314058,35,0.446406,37,0,0,0,0.446406,0.511907,0.065501,0.065501,0.446406,0.030298,10,42,1,0,35,28,17,110.333000,76.833300,54.500000,0.321650,0.217353,0.575042,-0.001952,-0.002733,0.007366,0.007366,10,10,0,fixed,10,10,0,0,3.000000,4.000000
4,multi_greedy,10,3,41,2,2,1,3.507350,54.500000,1.169117,17,0.446406,37,0,2,0,0.446406,0.511907,0.065501,0.065501,0.446406,0.030298,10,42,1,-1,35,28,17,110.333000,76.833300,54.500000,1.136193,0.952134,1.169341,-0.008018,-0.005375,-0.001952,0.000000,10,10,0,fixed,10,10,0,0,3.000000,4.000000
4,multi_greedy,10,3,42,1,1,3,0.000000,76.833300,1.301519,28,0.446406,37,0,1,0,0.446406,0.511907,0.065501,0.065501,0.446406,0.030298,10,42,1,1,35,28,17,110.333000,76.833300,54.500000,0.906347,1.301519,1.834862,-0.005865,-0.001952,0.001469,0.001469,10,10,0,fixed,10,10,0,0,3.000000,4.000000
4,multi_greedy,10,3,43,1,1,1,2.668638,76.833300,0.889546,28,0.446406,37,0,1,0,0.446406,0.511907,0.065501,0.065501,0.446406,0.030298,10,42,1,-1,35,28,17,110.333000,76.833300,54.500000,1.136193,0.998212,1.104307,-0.004842,-0.001952,0.001061,0.001061,10,10,0,fixed,10,10,0,0,3.000000,4.000000
4,multi_greedy,10,3,44,1,1,4,0.000000,76.833300,0.520608,28,0.446406,37,0,1,0,0.446406,0.511907,0.065501,0.065501,0.446406,0.030298,10,42,1,-1,35,28,17,110.333000,76.833300,54.500000,0.362539,0.520608,0.733945,-0.007081,-0.001952,0.002310,0.002310,10,10,0,fixed,10,10,0,0,3.000000,4.000000
4,multi_greedy,10,3,45,1,1,4,0.000000,76.833300,0.520608,28,0.446406,37,0,1,0,0.446406,0.511907,0.065501,0.065501,0.446406,0.030298,10,42,1,-1,35,28,17,110.333000,76.833300,54.500000,0.362539,0.520608,0.733945,-0.007081,-0.001952,0.002310,0.002310,10,10,0,fixed,10,10,0,0,3.000000,4.000000
4,multi_greedy,10,3,46,1,1,1,3.119015,76.833300,1.039672,28,0.446406,37,0,1,0,0.446406,0.511907,0.065501,0.065501,0.446406,0.030298,10,42,1,1,35,28,17,110.333000,76.833300,54.500000,1.136193,0.979447,1.104307,-0.004796,-0.001952,0.001107,0.001107,10,10,0,fixed,10,10,0,0,3.000000,4.000000
4,multi_greedy,10,3,47,0,0,2,2.931110,110.333000,0.366389,35,0.446406,37,0,0,0,0.446406,0.511907,0.065501,0.065501,0.446406,0.030298,10,42,1,0,35,28,17,110.333000,76.833300,54.500000,0.319845,0.217353,0.575042,-0.001952,-0.002691,0.007410,0.007410,10,10,0,fixed,10,10,0,0,3.000000,4.000000
4,multi_greedy,10,3,48,2,2,4,0.000000,54.500000,0.733945,17,0.446406,37,0,2,0,0.446406,0.511907,0.065501,0.065501,0.446406,0.030298,10,42,1,-1,35,28,17,110.333000,76.833300,54.500000,0.362539,0.520608,0.733945,-0.011167,-0.006134,-0.001952,0.000000,10,10,0,fixed,10,10,0,0,3.000000,4.000000
4,multi_greedy,10,3,49,1,1,1,2.849151,76.833300,0.949717,28,0.446406,37,0,1,0,0.446406,0.511907,0.065501,0.065501,0.446406,0.030298,10,42,1,-1,35,28,17,110.333000,76.833300,54.500000,1.136193,0.990691,1.104307,-0.004824,-0.001952,0.001079,0.001079,10,10,0,fixed,10,10,0,0,3.000000,4.000000
4,multi_greedy,10,3,50,0,0,2,2.535508,110.333000,0.316938,35,0.446406,37,0,0,0,0.446406,0.511907,0.065501,0.065501,0.446406,0.030298,10,42,1,0,35,28,17,110.333000,76.833300,54.500000,0.321551,0.217353,0.575042,-0.001952,-0.002731,0.007369,0.007369,10,10,0,fixed,10,10,0,0,3.000000,4.000000
4,multi_greedy,10,3,51,0,0,2,2.535520,110.333000,0.316940,35,0.446406,37,0,0,0,0.446406,0.511907,0.065501,0.065501,0.446406,0.030298,10,42,1,0,35,28,17,110.333000,76.833300,54.500000,0.321550,0.217353,0.575042,-0.001952,-0.002731,0.007369,0.007369,10,10,0,fixed,10,10,0,0,3.000000,4.000000
4,multi_greedy,10,3,52,0,0,2,2.510370,110.333000,0.313796,35,0.446406,37,0,0,0,0.446406,0.511907,0.065501,0.065501,0.446406,0.030298,10,42,1,0,35,28,17,110.333000,76.833300,54.500000,0.321659,0.217353,0.575042,-0.001952,-0.002733,0.007366,0.007366,10,10,0,fixed,10,10,0,0,3.000000,4.000000
4,multi_greedy,10,3,53,0,0,2,2.535555,110.333000,0.316944,35,0.446406,37,0,0,0,0.446406,0.511907,0.065501,0.065501,0.446406,0.030298,10,42,1,0,35,28,17,110.333000,76.833300,54.500000,0.321550,0.217353,0.575042,-0.001952,-0.002731,0.007369,0.007369,10,10,0,fixed,10,10,0,0,3.000000,4.000000
4,multi_greedy,10,3,54,0,0,2,2.510370,110.333000,0.313796,35,0.446406,37,0,0,0,0.446406,0.511907,0.065501,0.065501,0.446406,0.030298,10,42,1,0,35,28,17,110.333000,76.833300,54.500000,0.321659,0.217353,0.575042,-0.001952,-0.002733,0.007366,0.007366,10,10,0,fixed,10,10,0,0,3.000000,4.000000
4,multi_greedy,10,3,55,1,1,2,1.805428,76.833300,0.225678,28,0.446406,37,0,1,0,0.446406,0.511907,0.065501,0.065501,0.446406,0.030298,10,42,1,0,35,28,17,110.333000,76.833300,54.500000,0.312469,0.225021,0.575042,-0.002393,-0.001952,0.007370,0.007370,10,10,0,fixed,10,10,0,0,3.000000,4.000000
4,multi_greedy,10,3,56,0,0,2,2.535567,110.333000,0.316946,35,0.446406,37,0,0,0,0.446406,0.511907,0.065501,0.065501,0.446406,0.030298,10,42,1,0,35,28,17,110.333000,76.833300,54.500000,0.321550,0.217353,0.575042,-0.001952,-0.002731,0.007369,0.007369,10,10,0,fixed,10,10,0,0,3.000000,4.000000
4,multi_greedy,10,3,57,0,0,2,2.535515,110.333000,0.316939,35,0.446406,37,0,0,0,0.446406,0.511907,0.065501,0.065501,0.446406,0.030298,10,42,1,0,35,28,17,110.333000,76.833300,54.500000,0.321550,0.217353,0.575042,-0.001952,-0.002731,0.007369,0.007369,10,10,0,fixed,10,10,0,0,3.000000,4.000000
4,multi_greedy,10,3,58,1,1,1,2.939366,76.833300,0.979789,28,0.446406,37,0,1,0,0.446406,0.511907,0.065501,0.065501,0.446406,0.030298,10,42,1,-1,35,28,17,110.333000,76.833300,54.500000,1.136193,0.986932,1.104307,-0.004815,-0.001952,0.001088,0.001088,10,10,0,fixed,10,10,0,0,3.000000,4.000000
4,multi_greedy,10,3,59,1,1,1,3.059574,76.833300,1.019858,28,0.446406,37,0,1,0,0.446406,0.511907,0.065501,0.065501,0.446406,0.030298,10,42,1,1,35,28,17,110.333000,76.833300,54.500000,1.136193,0.981923,1.104307,-0.004803,-0.001952,0.001101,0.001101,10,10,0,fixed,10,10,0,0,3.000000,4.000000
4,multi_greedy,10,3,60,1,1,4,0.000000,76.833300,0.520608,28,0.446406,37,0,1,0,0.446406,0.511907,0.065501,0.065501,0.446406,0.030298,10,42,1,-1,35,28,17,110.333000,76.833300,54.500000,0.362539,0.520608,0.733945,-0.007081,-0.001952,0.002310,0.002310,10,10,0,fixed,10,10,0,0,3.000000,4.000000
4,multi_greedy,10,3,61,2,2,4,0.000000,54.500000,0.733945,17,0.446406,37,0,2,0,0.446406,0.511907,0.065501,0.065501,0.446406,0.030298,10,42,1,-1,35,28,17,110.333000,76.833300,54.500000,0.362539,0.520608,0.733945,-0.011167,-0.006134,-0.001952,0.000000,10,10,0,fixed,10,10,0,0,3.000000,4.000000
4,multi_greedy,10,3,62,0,0,2,2.535502,110.333000,0.316938,35,0.446406,37,0,0,0,0.446406,0.511907,0.065501,0.065501,0.446406,0.030298,10,42,1,0,35,28,17,110.333000,76.833300,54.500000,0.321551,0.217353,0.575042,-0.001952,-0.002731,0.007369,0.007369,10,10,0,fixed,10,10,0,0,3.000000,4.000000
4,multi_greedy,10,3,63,2,2,4,0.000000,54.500000,0.733945,17,0.446406,37,0,2,0,0.446406,0.511907,0.065501,0.065501,0.446406,0.030298,10,42,1,-1,35,28,17,110.333000,76.833300,54.500000,0.362539,0.520608,0.733945,-0.011167,-0.006134,-0.001952,0.000000,10,10,0,fixed,10,10,0,0,3.000000,4.000000
4,multi_greedy,10,3,64,2,2,4,0.000000,54.500000,0.733945,17,0.446406,37,0,2,0,0.446406,0.511907,0.065501,0.065501,0.446406,0.030298,10,42,1,-1,35,28,17,110.333000,76.833300,54.500000,0.362539,0.520608,0.733945,-0.011167,-0.006134,-0.001952,0.000000,10,10,0,fixed,10,10,0,0,3.000000,4.000000
4,multi_greedy,10,3,65,0,0,2,2.535514,110.333000,0.316939,35,0.446406,37,0,0,0,0.446406,0.511907,0.065501,0.065501,0.446406,0.030298,10,42,1,0,35,28,17,110.333000,76.833300,54.500000,0.321550,0.217353,0.575042,-0.001952,-0.002731,0.007369,0.007369,10,10,0,fixed,10,10,0,0,3.000000,4.000000
4,multi_greedy,10,3,66,2,2,3,0.000000,54.500000,1.834862,17,0.446406,37,0,2,0,0.446406,0.511907,0.065501,0.065501,0.446406,0.030298,10,42,1,-1,35,28,17,110.333000,76.833300,54.500000,0.906347,1.301519,1.834862,-0.009175,-0.005321,-0.001952,0.000000,10,10,0,fixed,10,10,0,0,3.000000,4.000000
4,multi_greedy,10,3,67,0,0,2,2.535491,110.333000,0.316936,35,0.446406,37,0,0,0,0.446406,0.511907,0.065501,0.065501,0.446406,0.030298,10,42,1,0,35,28,17,110.333000,76.833300,54.500000,0.321551,0.217353,0.575042,-0.001952,-0.002731,0.007369,0.007369,10,10,0,fixed,10,10,0,0,3.000000,4.000000
4,multi_greedy,10,3,68,2,2,2,4.870940,54.500000,0.608868,17,0.446406,37,0,2,0,0.446406,0.511907,0.065501,0.065501,0.446406,0.030298,10,42,1,-1,35,28,17,110.333000,76.833300,54.500000,0.312469,0.217353,0.438475,-0.010356,-0.010681,-0.001952,0.000000,10,10,0,fixed,10,10,0,0,3.000000,4.000000
4,multi_greedy,10,3,69,2,2,4,0.000000,54.500000,0.733945,17,0.446406,37,0,2,0,0.446406,0.511907,0.065501,0.065501,0.446406,0.030298,10,42,1,-1,35,28,17,110.333000,76.833300,54.500000,0.362539,0.520608,0.733945,-0.011167,-0.006134,-0.001952,0.000000,10,10,0,fixed,10,10,0,0,3.000000,4.000000
4,multi_greedy,10,3,70,0,0,2,2.535491,110.333000,0.316936,35,0.446406,37,0,0,0,0.446406,0.511907,0.065501,0.065501,0.446406,0.030298,10,42,1,0,35,28,17,110.333000,76.833300,54.500000,0.321551,0.217353,0.575042,-0.001952,-0.002731,0.007369,0.007369,10,10,0,fixed,10,10,0,0,3.000000,4.000000
4,multi_greedy,10,3,71,2,2,3,0.000000,54.500000,1.834862,17,0.446406,37,0,2,0,0.446406,0.511907,0.065501,0.065501,0.446406,0.030298,10,42,1,-1,35,28,17,110.333000,76.833300,54.500000,0.906347,1.301519,1.834862,-0.009175,-0.005321,-0.001952,0.000000,10,10,0,fixed,10,10,0,0,3.000000,4.000000
4,multi_greedy,10,3,72,1,1,1,3.089849,76.833300,1.029950,28,0.446406,37,0,1,0,0.446406,0.511907,0.065501,0.065501,0.446406,0.030298,10,42,1,1,35,28,17,110.333000,76.833300,54.500000,1.136193,0.980662,1.104307,-0.004799,-0.001952,0.001104,0.001104,10,10,0,fixed,10,10,0,0,3.000000,4.000000
4,multi_greedy,10,3,73,0,0,2,2.535503,110.333000,0.316938,35,0.446406,37,0,0,0,0.446406,0.511907,0.065501,0.065501,0.446406,0.030298,10,42,1,0,35,28,17,110.333000,76.833300,54.500000,0.321551,0.217353,0.575042,-0.001952,-0.002731,0.007369,0.007369,10,10,0,fixed,10,10,0,0,3.000000,4.000000
4,multi_greedy,10,3,74,2,2,4,0.000000,54.500000,0.733945,17,0.446406,37,0,2,0,0.446406,0.511907,0.065501,0.065501,0.446406,0.030298,10,42,1,-1,35,28,17,110.333000,76.833300,54.500000,0.362539,0.520608,0.733945,-0.011167,-0.006134,-0.001952,0.000000,10,10,0,fixed,10,10,0,0,3.000000,4.000000
4,multi_greedy,10,3,75,0,0,2,2.535502,110.333000,0.316938,35,0.446406,37,0,0,0,0.446406,0.511907,0.065501,0.065501,0.446406,0.030298,10,42,1,0,35,28,17,110.333000,76.833300,54.500000,0.321551,0.217353,0.575042,-0.001952,-0.002731,0.007369,0.007369,10,10,0,fixed,10,10,0,0,3.000000,4.000000
4,multi_greedy,10,3,76,0,0,3,0.000000,110.333000,0.906347,35,0.446406,37,0,0,0,0.446406,0.511907,0.065501,0.065501,0.446406,0.030298,10,42,1,-1,35,28,17,110.333000,76.833300,54.500000,0.906347,1.301519,1.834862,-0.001952,0.002031,0.005514,0.005514,10,10,0,fixed,10,10,0,0,3.000000,4.000000
4,multi_greedy,10,3,77,1,1,4,0.000000,76.833300,0.520608,28,0.446406,37,0,1,0,0.446406,0.511907,0.065501,0.065501,0.446406,0.030298,10,42,1,-1,35,28,17,110.333000,76.833300,54.500000,0.362539,0.520608,0.733945,-0.007081,-0.001952,0.002310,0.002310,10,10,0,fixed,10,10,0,0,3.000000,4.000000
4,multi_greedy,10,3,78,1,1,4,0.000000,76.833300,0.520608,28,0.446406,37,0,1,0,0.446406,0.511907,0.065501,0.065501,0.446406,0.030298,10,42,1,-1,35,28,17,110.333000,76.833300,54.500000,0.362539,0.520608,0.733945,-0.007081,-0.001952,0.002310,0.002310,10,10,0,fixed,10,10,0,0,3.000000,4.000000
4,multi_greedy,10,3,79,1,1,1,2.998845,76.833300,0.999615,28,0.446406,37,0,1,0,0.446406,0.511907,0.065501,0.065501,0.446406,0.030298,10,42,1,-1,35,28,17,110.333000,76.833300,54.500000,1.136193,0.984454,1.104307,-0.004809,-0.001952,0.001094,0.001094,10,10,0,fixed,10,10,0,0,3.000000,4.000000
4,multi_greedy,10,3,80,0,0,2,2.535550,110.333000,0.316944,35,0.446406,37,0,0,0,0.446406,0.511907,0.065501,0.065501,0.446406,0.030298,10,42,1,0,35,28,17,110.333000,76.833300,54.500000,0.321550,0.217353,0.575042,-0.001952,-0.002731,0.007369,0.007369,10,10,0,fixed,10,10,0,0,3.000000,4.000000
4,multi_greedy,10,4,1,2,2,2,1.045884,66.333300,0.130735,27,0.383495,38,0,2,0,0.383495,0.415075,0.031581,0.031581,0.383495,-0.062911,9,28,1,0,29,24,27,108.833000,75.500000,66.333300,0.383521,0.363102,0.130344,0.011247,0.013804,0.000054,0.013804,10,9,1,fixed,10,10,0,0,3.000000,4.000000
4,multi_greedy,10,4,2,1,1,1,3.167028,75.500000,1.055676,24,0.383495,38,0,1,0,0.383495,0.415075,0.031581,0.031581,0.383495,-0.062911,9,28,1,-1,29,24,27,108.833000,75.500000,66.333300,1.131182,1.123626,0.839496,-0.002653,0.000054,-0.005248,0.000000,10,9,1,fixed,10,10,0,0,3.000000,4.000000
4,multi_greedy,10,4,3,2,2,3,0.000000,66.333300,1.507538,27,0.383495,38,0,2,0,0.383495,0.415075,0.031581,0.031581,0.383495,-0.062911,9,28,1,1,29,24,27,108.833000,75.500000,66.333300,0.918839,1.324503,1.507538,0.001362,0.004694,0.000054,0.004694,10,9,1,fixed,10,10,0,0,3.000000,4.000000
4,multi_greedy,10,4,4,1,1,1,3.289068,75.500000,1.096356,24,0.383495,38,0,1,0,0.383495,0.415075,0.031581,0.031581,0.383495,-0.062911,9,28,1,-1,29,24,27,108.833000,75.500000,66.333300,1.131182,1.118541,0.839496,-0.002646,0.000054,-0.005241,0.000000,10,9,1,fixed,10,10,0,0,3.000000,4.000000
4,multi_greedy,10,4,5,1,1,4,0.000000,75.500000,0.529801,24,0.383495,38,0,1,0,0.383495,0.415075,0.031581,0.031581,0.383495,-0.062911,9,28,1,-1,29,24,27,108.833000,75.500000,66.333300,0.367536,0.529801,0.603015,-0.004102,0.000054,-0.004230,0.000000,10,9,1,fixed,10,10,0,0,3.000000,4.000000
4,multi_greedy,10,4,6,0,0,3,0.000000,108.833000,0.918839,29,0.383495,38,0,0,0,0.383495,0.415075,0.031581,0.031581,0.383495,-0.062911,9,28,1,-1,29,24,27,108.833000,75.500000,66.333300,0.918839,1.324503,1.507538,0.000054,0.003363,-0.001246,0.003363,10,9,1,fixed,10,10,0,0,3.000000,4.000000
4,multi_greedy,10,4,7,1,1,2,2.720211,75.500000,0.340026,24,0.383495,38,0,1,0,0.383495,0.415075,0.031581,0.031581,0.383495,-0.062911,9,28,1,0,29,24,27,108.833000,75.500000,66.333300,0.383521,0.397334,0.125723,-0.002951,0.000054,-0.014331,0.000000,10,9,1,fixed,10,10,0,0,3.000000,4.000000
4,multi_greedy,10,4,8,2,2,2,1.045953,66.333300,0.130744,27,0.383495,38,0,2,0,0.383495,0.415075,0.031581,0.031581,0.383495,-0.062911,9,28,1,0,29,24,27,108.833000,75.500000,66.333300,0.383521,0.363102,0.130343,0.011247,0.013804,0.000054,0.013804,10,9,1,fixed,10,10,0,0,3.000000,4.000000
4,multi_greedy,10,4,9,2,2,1,2.620725,66.333300,0.873575,27,0.383495,38,0,2,0,0.383495,0.415075,0.031581,0.031581,0.383495,-0.062911,9,28,1,-1,29,24,27,108.833000,75.500000,66.333300,1.131182,1.071433,0.869095,0.002567,0.005196,0.000054,0.005196,10,9,1,fixed,10,10,0,0,3.000000,4.000000
4,multi_greedy,10,4,10,2,2,2,1.043732,66.333300,0.130466,27,0.383495,38,0,2,0,0.383495,0.415075,0.031581,0.031581,0.383495,-0.062911,9,28,1,0,29,24,27,108.833000,75.500000,66.333300,0.383521,0.363102,0.130371,0.011244,0.013801,0.000054,0.013801,10,9,1,fixed,10,10,0,0,3.000000,4.000000
4,multi_greedy,10,4,11,2,2,2,1.043732,66.333300,0.130466,27,0.383495,38,0,2,0,0.383495,0.415075,0.031581,0.031581,0.383495,-0.062911,9,28,1,0,29,24,27,108.833000,75.500000,66.333300,0.383521,0.363102,0.130371,0.011244,0.013801,0.000054,0.013801,10,9,1,fixed,10,10,0,0,3.000000,4.000000
4,multi_greedy,10,4,12,2,2,2,1.043732,66.333300,0.130466,27,0.383495,38,0,2,0,0.383495,0.415075,0.031581,0.031581,0.383495,-0.062911,9,28,1,0,29,24,27,108.833000,75.500000,66.333300,0.383521,0.363102,0.130371,0.011244,0.013801,0.000054,0.013801,10,9,1,fixed,10,10,0,0,3.000000,4.000000
4,multi_greedy,10,4,13,0,0,2,3.185711,108.833000,0.398214,29,0.383495,38,0,0,0,0.383495,0.415075,0.031581,0.031581,0.383495,-0.062911,9,28,1,0,29,24,27,108.833000,75.500000,66.333300,0.396682,0.363102,0.125723,0.000054,0.002145,-0.011804,0.002145,10,9,1,fixed,10,10,0,0,3.000000,4.000000
4,multi_greedy,10,4,14,1,1,4,0.000000,75.500000,0.529801,24,0.383495,38,0,1,0,0.383495,0.415075,0.031581,0.031581,0.383495,-0.062911,9,28,1,-1,29,24,27,108.833000,75.500000,66.333300,0.367536,0.529801,0.603015,-0.004102,0.000054,-0.004230,0.000000,10,9,1,fixed,10,10,0,0,3.000000,4.000000
4,multi_greedy,10,4,15,0,0,3,0.000000,108.833000,0.918839,29,0.383495,38,0,0,0,0.383495,0.415075,0.031581,0.031581,0.383495,-0.062911,9,28,1,-1,29,24,27,108.833000,75.500000,66.333300,0.918839,1.324503,1.507538,0.000054,0.003363,-0.001246,0.003363,10,9,1,fixed,10,10,0,0,3.000000,4.000000
4,multi_greedy,10,4,16,2,2,2,1.043768,66.333300,0.130471,27,0.383495,38,0,2,0,0.383495,0.415075,0.031581,0.031581,0.383495,-0.062911,9,28,1,0,29,24,27,108.833000,75.500000,66.333300,0.383521,0.363102,0.130370,0.011244,0.013801,0.000054,0.013801,10,9,1,fixed,10,10,0,0,3.000000,4.000000
4,multi_greedy,10,4,17,0,0,2,3.208694,108.833000,0.401087,29,0.383495,38,0,0,0,0.383495,0.415075,0.031581,0.031581,0.383495,-0.062911,9,28,1,0,29,24,27,108.833000,75.500000,66.333300,0.396557,0.363102,0.125723,0.000054,0.002146,-0.011803,0.002146,10,9,1,fixed,10,10,0,0,3.000000,4.000000
4,multi_greedy,10,4,18,1,1,4,0.000000,75.500000,0.529801,24,0.383495,38,0,1,0,0.383495,0.415075,0.031581,0.031581,0.383495,-0.062911,9,28,1,-1,29,24,27,108.833000,75.500000,66.333300,0.367536,0.529801,0.603015,-0.004102,0.000054,-0.004230,0.000000,10,9,1,fixed,10,10,0,0,3.000000,4.000000
4,multi_greedy,10,4,19,2,2,2,1.043733,66.333300,0.130467,27,0.383495,38,0,2,0,0.383495,0.415075,0.031581,0.031581,0.383495,-0.062911,9,28,1,0,29,24,27,108.833000,75.500000,66.333300,0.383521,0.363102,0.130371,0.011244,0.013801,0.000054,0.013801,10,9,1,fixed,10,10,0,0,3.000000,4.000000
4,multi_greedy,10,4,20,2,2,2,1.043721,66.333300,0.130465,27,0.383495,38,0,2,0,0.383495,0.415075,0.031581,0.031581,0.383495,-0.062911,9,28,1,0,29,24,27,108.833000,75.500000,66.333300,0.383521,0.363102,0.130371,0.011244,0.013801,0.000054,0.013801,10,9,1,fixed,10,10,0,0,3.000000,4.000000
4,multi_greedy,10,4,21,2,2,4,0.000000,66.333300,0.603015,27,0.383495,38,0,1,1,0.383495,0.415075,0.031581,0.031581,0.383495,-0.062911,9,28,1,-1,29,24,27,108.833000,75.500000,66.333300,0.367536,0.529801,0.603015,0.000185,0.004435,0.000054,0.004435,10,9,1,fixed,10,10,0,0,3.000000,4.000000
4,multi_greedy,10,4,22,1,1,2,3.406571,75.500000,0.425821,24,0.383495,38,0,0,1,0.383495,0.415075,0.031581,0.031581,0.383495,-0.062911,9,28,1,0,29,24,27,108.833000,75.500000,66.333300,0.383521,0.354436,0.125723,-0.002422,0.000054,-0.013833,0.000000,10,9,1,fixed,10,10,0,0,3.000000,4.000000
4,multi_greedy,10,4,23,1,1,4,0.000000,75.500000,0.529801,24,0.383495,38,0,1,0,0.383495,0.415075,0.031581,0.031581,0.383495,-0.062911,9,28,1,-1,29,24,27,108.833000,75.500000,66.333300,0.367536,0.529801,0.603015,-0.004102,0.000054,-0.004230,0.000000,10,9,1,fixed,10,10,0,0,3.000000,4.000000
4,multi_greedy,10,4,24,1,1,3,0.000000,75.500000,1.324503,24,0.383495,38,0,1,0,0.383495,0.415075,0.031581,0.031581,0.383495,-0.062911,9,28,1,-1,29,24,27,108.833000,75.500000,66.333300,0.918839,1.324503,1.507538,-0.003200,0.000054,-0.004477,0.000000,10,9,1,fixed,10,10,0,0,3.000000,4.000000
4,multi_greedy,10,4,25,2,2,1,2.613394,66.333300,0.871131,27,0.383495,38,0,2,0,0.383495,0.415075,0.031581,0.031581,0.383495,-0.062911,9,28,1,-1,29,24,27,108.833000,75.500000,66.333300,1.131182,1.071433,0.870317,0.002564,0.005194,0.000054,0.005194,10,9,1,fixed,10,10,0,0,3.000000,4.000000
4,multi_greedy,10,4,26,0,0,2,3.150788,108.833000,0.393848,29,0.383495,38,0,0,0,0.383495,0.415075,0.031581,0.031581,0.383495,-0.062911,9,28,1,0,29,24,27,108.833000,75.500000,66.333300,0.396872,0.363102,0.125723,0.000054,0.002143,-0.011806,0.002143,10,9,1,fixed,10,10,0,0,3.000000,4.000000
4,multi_greedy,10,4,27,0,0,2,3.188984,108.833000,0.398623,29,0.383495,38,0,1,1,0.383495,0.415075,0.031581,0.031581,0.383495,-0.062911,9,28,1,0,29,24,27,108.833000,75.500000,66.333300,0.396664,0.363102,0.125723,0.000054,0.002145,-0.011804,0.002145,10,9,1,fixed,10,10,0,0,3.000000,4.000000
4,multi_greedy,10,4,28,2,2,4,0.000000,66.333300,0.603015,27,0.383495,38,0,2,0,0.383495,0.415075,0.031581,0.031581,0.383495,-0.062911,9,28,1,-1,29,24,27,108.833000,75.500000,66.333300,0.367536,0.529801,0.603015,0.000185,0.004435,0.000054,0.004435,10,9,1,fixed,10,10,0,0,3.000000,4.000000
4,multi_greedy,10,4,29,0,0,2,3.210916,108.833000,0.401365,29,0.383495,38,0,0,0,0.383495,0.415075,0.031581,0.031581,0.383495,-0.062911,9,28,1,0,29,24,27,108.833000,75.500000,66.333300,0.396545,0.363102,0.125723,0.000054,0.002147,-0.011802,0.002147,10,9,1,fixed,10,10,0,0,3.000000,4.000000
4,multi_greedy,10,4,30,0,0,2,3.220683,108.833000,0.402585,29,0.383495,38,0,1,1,0.383495,0.415075,0.031581,0.031581,0.383495,-0.062911,9,28,1,0,29,24,27,108.833000,75.500000,66.333300,0.396492,0.363102,0.125723,0.000054,0.002147,-0.011802,0.002147,10,9,1,fixed,10,10,0,0,3.000000,4.000000
4,multi_greedy,10,4,31,0,0,2,3.187920,108.833000,0.398490,29,0.383495,38,0,1,1,0.383495,0.415075,0.031581,0.031581,0.383495,-0.062911,9,28,1,0,29,24,27,108.833000,75.500000,66.333300,0.396670,0.363102,0.125723,0.000054,0.002145,-0.011804,0.002145,10,9,1,fixed,10,10,0,0,3.000000,4.000000
4,multi_greedy,10,4,32,2,2,2,1.043697,66.333300,0.130462,27,0.383495,38,0,2,0,0.383495,0.415075,0.031581,0.031581,0.383495,-0.062911,9,28,1,0,29,24,27,108.833000,75.500000,66.333300,0.383521,0.363102,0.130371,0.011244,0.013801,0.000054,0.013801,10,9,1,fixed,10,10,0,0,3.000000,4.000000
4,multi_greedy,10,4,33,0,0,2,3.187920,108.833000,0.398490,29,0.383495,38,0,0,0,0.383495,0.415075,0.031581,0.031581,0.383495,-0.062911,9,28,1,0,29,24,27,108.833000,75.500000,66.333300,0.396670,0.363102,0.125723,0.000054,0.002145,-0.011804,0.002145,10,9,1,fixed,10,10,0,0,3.000000,4.000000
4,multi_greedy,10,4,34,2,2,2,1.029547,66.333300,0.128693,27,0.383495,38,1,2,0,0.383495,0.415075,0.031581,0.031581,0.383495,-0.062911,9,28,1,0,29,24,27,108.833000,75.500000,66.333300,0.383521,0.363102,0.130548,0.011224,0.013781,0.000054,0.013781,10,9,1,fixed,10,10,0,0,3.000000,4.000000
4,multi_greedy,10,4,35,2,2,4,0.000000,66.333300,0.603015,27,0.383495,38,0,2,0,0.383495,0.415075,0.031581,0.031581,0.383495,-0.062911,9,28,1,-1,29,24,27,108.833000,75.500000,66.333300,0.367536,0.529801,0.603015,0.000185,0.004435,0.000054,0.004435,10,9,1,fixed,10,10,0,0,3.000000,4.000000
4,multi_greedy,10,4,36,0,0,1,3.510566,108.833000,1.170189,29,0.383495,38,0,0,0,0.383495,0.415075,0.031581,0.031581,0.383495,-0.062911,9,28,1,1,29,24,27,108.833000,75.500000,66.333300,1.057990,1.071433,0.839496,0.000054,0.002702,-0.002526,0.002702,10,9,1,fixed,10,10,0,0,3.000000,4.000000
4,multi_greedy,10,4,37,2,2,4,0.000000,66.333300,0.603015,27,0.383495,38,0,2,0,0.383495,0.415075,0.031581,0.031581,0.383495,-0.062911,9,28,1,-1,29,24,27,108.833000,75.500000,66.333300,0.367536,0.529801,0.603015,0.000185,0.004435,0.000054,0.004435,10,9,1,fixed,10,10,0,0,3.000000,4.000000
4,multi_greedy,10,4,38,0,0,3,0.000000,108.833000,0.918839,29,0.383495,38,0,0,0,0.383495,0.415075,0.031581,0.031581,0.383495,-0.062911,9,28,1,-1,29,24,27,108.833000,75.500000,66.333300,0.918839,1.324503,1.507538,0.000054,0.003363,-0.001246,0.003363,10,9,1,fixed,10,10,0,0,3.000000,4.000000
4,multi_greedy,10,4,39,1,1,4,0.000000,75.500000,0.529801,24,0.383495,38,0,1,0,0.383495,0.415075,0.031581,0.031581,0.383495,-0.062911,9,28,1,-1,29,24,27,108.833000,75.500000,66.333300,0.367536,0.529801,0.603015,-0.004102,0.000054,-0.004230,0.000000,10,9,1,fixed,10,10,0,0,3.000000,4.000000
4,multi_greedy,10,4,40,0,0,2,3.158463,108.833000,0.394808,29,0.383495,38,0,0,0,0.383495,0.415075,0.031581,0.031581,0.383495,-0.062911,9,28,1,0,29,24,27,108.833000,75.500000,66.333300,0.396830,0.363102,0.125723,0.000054,0.002143,-0.011805,0.002143,10,9,1,fixed,10,10,0,0,3.000000,4.000000
4,multi_greedy,10,4,41,2,2,1,2.601176,66.333300,0.867059,27,0.383495,38,0,2,0,0.383495,0.415075,0.031581,0.031581,0.383495,-0.062911,9,28,1,-1,29,24,27,108.833000,75.500000,66.333300,1.131182,1.071433,0.872353,0.002559,0.005189,0.000054,0.005189,10,9,1,fixed,10,10,0,0,3.000000,4.000000
4,multi_greedy,10,4,42,1,1,3,0.000000,75.500000,1.324503,24,0.383495,38,0,1,0,0.383495,0.415075,0.031581,0.031581,0.383495,-0.062911,9,28,1,-1,29,24,27,108.833000,75.500000,66.333300,0.918839,1.324503,1.507538,-0.003200,0.000054,-0.004477,0.000000,10,9,1,fixed,10,10,0,0,3.000000,4.000000
4,multi_greedy,10,4,43,1,1,1,3.556085,75.500000,1.185362,24,0.383495,38,0,1,0,0.383495,0.415075,0.031581,0.031581,0.383495,-0.062911,9,28,1,-1,29,24,27,108.833000,75.500000,66.333300,1.131182,1.107416,0.839496,-0.002631,0.000054,-0.005226,0.000000,10,9,1,fixed,10,10,0,0,3.000000,4.000000
4,multi_greedy,10,4,44,1,1,4,0.000000,75.500000,0.529801,24,0.383495,38,0,1,0,0.383495,0.415075,0.031581,0.031581,0.383495,-0.062911,9,28,1,-1,29,24,27,108.833000,75.500000,66.333300,0.367536,0.529801,0.603015,-0.004102,0.000054,-0.004230,0.000000,10,9,1,fixed,10,10,0,0,3.000000,4.000000
4,multi_greedy,10,4,45,1,1,4,0.000000,75.500000,0.529801,24,0.383495,38,0,1,0,0.383495,0.415075,0.031581,0.031581,0.383495,-0.062911,9,28,1,-1,29,24,27,108.833000,75.500000,66.333300,0.367536,0.529801,0.603015,-0.004102,0.000054,-0.004230,0.000000,10,9,1,fixed,10,10,0,0,3.000000,4.000000
4,multi_greedy,10,4,46,1,1,1,3.347200,75.500000,1.115733,24,0.383495,38,0,1,0,0.383495,0.415075,0.031581,0.031581,0.383495,-0.062911,9,28,1,-1,29,24,27,108.833000,75.500000,66.333300,1.131182,1.116119,0.839496,-0.002643,0.000054,-0.005238,0.000000,10,9,1,fixed,10,10,0,0,3.000000,4.000000
4,multi_greedy,10,4,47,0,0,2,3.210969,108.833000,0.401371,29,0.383495,38,0,0,0,0.383495,0.415075,0.031581,0.031581,0.383495,-0.062911,9,28,1,0,29,24,27,108.833000,75.500000,66.333300,0.396545,0.363102,0.125723,0.000054,0.002147,-0.011802,0.002147,10,9,1,fixed,10,10,0,0,3.000000,4.000000
4,multi_greedy,10,4,48,2,2,4,0.000000,66.333300,0.603015,27,0.383495,38,0,2,0,0.383495,0.415075,0.031581,0.031581,0.383495,-0.062911,9,28,1,-1,29,24,27,108.833000,75.500000,66.333300,0.367536,0.529801,0.603015,0.000185,0.004435,0.000054,0.004435,10,9,1,fixed,10,10,0,0,3.000000,4.000000
4,multi_greedy,10,4,49,1,1,1,4.079011,75.500000,1.359670,24,0.383495,38,0,1,0,0.383495,0.415075,0.031581,0.031581,0.383495,-0.062911,9,28,1,-1,29,24,27,108.833000,75.500000,66.333300,1.131182,1.085627,0.839496,-0.002599,0.000054,-0.005195,0.000000,10,9,1,fixed,10,10,0,0,3.000000,4.000000
4,multi_greedy,10,4,50,0,0,2,3.154068,108.833000,0.394258,29,0.383495,38,0,0,0,0.383495,0.415075,0.031581,0.031581,0.383495,-0.062911,9,28,1,0,29,24,27,108.833000,75.500000,66.333300,0.396854,0.363102,0.125723,0.000054,0.002143,-0.011806,0.002143,10,9,1,fixed,10,10,0,0,3.000000,4.000000
4,multi_greedy,10,4,51,0,0,2,3.154055,108.833000,0.394257,29,0.383495,38,0,0,0,0.383495,0.415075,0.031581,0.031581,0.383495,-0.062911,9,28,1,0,29,24,27,108.833000,75.500000,66.333300,0.396854,0.363102,0.125723,0.000054,0.002143,-0.011806,0.002143,10,9,1,fixed,10,10,0,0,3.000000,4.000000
4,multi_greedy,10,4,52,0,0,2,3.170468,108.833000,0.396308,29,0.383495,38,0,0,0,0.383495,0.415075,0.031581,0.031581,0.383495,-0.062911,9,28,1,0,29,24,27,108.833000,75.500000,66.333300,0.396765,0.363102,0.125723,0.000054,0.002144,-0.011805,0.002144,10,9,1,fixed,10,10,0,0,3.000000,4.000000
4,multi_greedy,10,4,53,0,0,2,3.154090,108.833000,0.394261,29,0.383495,38,0,0,0,0.383495,0.415075,0.031581,0.031581,0.383495,-0.062911,9,28,1,0,29,24,27,108.833000,75.500000,66.333300,0.396854,0.363102,0.125723,0.000054,0.002143,-0.011806,0.002143,10,9,1,fixed,10,10,0,0,3.000000,4.000000
4,multi_greedy,10,4,54,0,0,2,3.172677,108.833000,0.396585,29,0.383495,38,0,0,0,0.383495,0.415075,0.031581,0.031581,0.383495,-0.062911,9,28,1,0,29,24,27,108.833000,75.500000,66.333300,0.396753,0.363102,0.125723,0.000054,0.002144,-0.011805,0.002144,10,9,1,fixed,10,10,0,0,3.000000,4.000000
4,multi_greedy,10,4,55,1,1,2,2.950766,75.500000,0.368846,24,0.383495,38,0,1,0,0.383495,0.415075,0.031581,0.031581,0.383495,-0.062911,9,28,1,0,29,24,27,108.833000,75.500000,66.333300,0.383521,0.382924,0.125723,-0.002787,0.000054,-0.014176,0.000000,10,9,1,fixed,10,10,0,0,3.000000,4.000000
4,multi_greedy,10,4,56,0,0,2,3.172712,108.833000,0.396589,29,0.383495,38,0,0,0,0.383495,0.415075,0.031581,0.031581,0.383495,-0.062911,9,28,1,0,29,24,27,108.833000,75.500000,66.333300,0.396753,0.363102,0.125723,0.000054,0.002144,-0.011805,0.002144,10,9,1,fixed,10,10,0,0,3.000000,4.000000
4,multi_greedy,10,4,57,0,0,2,3.154055,108.833000,0.394257,29,0.383495,38,0,0,0,0.383495,0.415075,0.031581,0.031581,0.383495,-0.062911,9,28,1,0,29,24,27,108.833000,75.500000,66.333300,0.396854,0.363102,0.125723,0.000054,0.002143,-0.011806,0.002143,10,9,1,fixed,10,10,0,0,3.000000,4.000000
4,multi_greedy,10,4,58,1,1,1,2.956002,75.500000,0.985334,24,0.383495,38,0,1,0,0.383495,0.415075,0.031581,0.031581,0.383495,-0.062911,9,28,1,-1,29,24,27,108.833000,75.500000,66.333300,1.131182,1.132419,0.839496,-0.002665,0.000054,-0.005260,0.000000,10,9,1,fixed,10,10,0,0,3.000000,4.000000
4,multi_greedy,10,4,59,1,1,1,3.008012,75.500000,1.002671,24,0.383495,38,0,1,0,0.383495,0.415075,0.031581,0.031581,0.383495,-0.062911,9,28,1,-1,29,24,27,108.833000,75.500000,66.333300,1.131182,1.130252,0.839496,-0.002662,0.000054,-0.005257,0.000000,10,9,1,fixed,10,10,0,0,3.000000,4.000000
4,multi_greedy,10,4,60,1,1,4,0.000000,75.500000,0.529801,24,0.383495,38,0,1,0,0.383495,0.415075,0.031581,0.031581,0.383495,-0.062911,9,28,1,-1,29,24,27,108.833000,75.500000,66.333300,0.367536,0.529801,0.603015,-0.004102,0.000054,-0.004230,0.000000,10,9,1,fixed,10,10,0,0,3.000000,4.000000
4,multi_greedy,10,4,61,2,2,4,0.000000,66.333300,0.603015,27,0.383495,38,0,2,0,0.383495,0.415075,0.031581,0.031581,0.383495,-0.062911,9,28,1,-1,29,24,27,108.833000,75.500000,66.333300,0.367536,0.529801,0.603015,0.000185,0.004435,0.000054,0.004435,10,9,1,fixed,10,10,0,0,3.000000,4.000000
4,multi_greedy,10,4,62,0,0,2,3.151864,108.833000,0.393983,29,0.383495,38,0,0,0,0.383495,0.415075,0.031581,0.031581,0.383495,-0.062911,9,28,1,0,29,24,27,108.833000,75.500000,66.333300,0.396866,0.363102,0.125723,0.000054,0.002143,-0.011806,0.002143,10,9,1,fixed,10,10,0,0,3.000000,4.000000
4,multi_greedy,10,4,63,2,2,4,0.000000,66.333300,0.603015,27,0.383495,38,0,2,0,0.383495,0.415075,0.031581,0.031581,0.383495,-0.062911,9,28,1,-1,29,24,27,108.833000,75.500000,66.333300,0.367536,0.529801,0.603015,0.000185,0.004435,0.000054,0.004435,10,9,1,fixed,10,10,0,0,3.000000,4.000000
4,multi_greedy,10,4,64,2,2,4,0.000000,66.333300,0.603015,27,0.383495,38,0,1,1,0.383495,0.415075,0.031581,0.031581,0.383495,-0.062911,9,28,1,-1,29,24,27,108.833000,75.500000,66.333300,0.367536,0.529801,0.603015,0.000185,0.004435,0.000054,0.004435,10,9,1,fixed,10,10,0,0,3.000000,4.000000
4,multi_greedy,10,4,65,0,0,2,3.151852,108.833000,0.393982,29,0.383495,38,0,0,0,0.383495,0.415075,0.031581,0.031581,0.383495,-0.062911,9,28,1,0,29,24,27,108.833000,75.500000,66.333300,0.396866,0.363102,0.125723,0.000054,0.002143,-0.011806,0.002143,10,9,1,fixed,10,10,0,0,3.000000,4.000000
4,multi_greedy,10,4,66,2,2,3,0.000000,66.333300,1.507538,27,0.383495,38,0,2,0,0.383495,0.415075,0.031581,0.031581,0.383495,-0.062911,9,28,1,1,29,24,27,108.833000,75.500000,66.333300,0.918839,1.324503,1.507538,0.001362,0.004694,0.000054,0.004694,10,9,1,fixed,10,10,0,0,3.000000,4.000000
4,multi_greedy,10,4,67,0,0,2,3.170491,108.833000,0.396311,29,0.383495,38,0,0,0,0.383495,0.415075,0.031581,0.031581,0.383495,-0.062911,9,28,1,0,29,24,27,108.833000,75.500000,66.333300,0.396765,0.363102,0.125723,0.000054,0.002144,-0.011805,0.002144,10,9,1,fixed,10,10,0,0,3.000000,4.000000
4,multi_greedy,10,4,68,2,2,2,1.045883,66.333300,0.130735,27,0.383495,38,0,1,1,0.383495,0.415075,0.031581,0.031581,0.383495,-0.062911,9,28,1,0,29,24,27,108.833000,75.500000,66.333300,0.383521,0.363102,0.130344,0.011247,0.013804,0.000054,0.013804,10,9,1,fixed,10,10,0,0,3.000000,4.000000
4,multi_greedy,10,4,69,2,2,4,0.000000,66.333300,0.603015,27,0.383495,38,0,1,1,0.383495,0.415075,0.031581,0.031581,0.383495,-0.062911,9,28,1,-1,29,24,27,108.833000,75.500000,66.333300,0.367536,0.529801,0.603015,0.000185,0.004435,0.000054,0.004435,10,9,1,fixed,10,10,0,0,3.000000,4.000000
4,multi_greedy,10,4,70,0,0,2,3.170538,108.833000,0.396317,29,0.383495,38,0,0,0,0.383495,0.415075,0.031581,0.031581,0.383495,-0.062911,9,28,1,0,29,24,27,108.833000,75.500000,66.333300,0.396765,0.363102,0.125723,0.000054,0.002144,-0.011805,0.002144,10,9,1,fixed,10,10,0,0,3.000000,4.000000
4,multi_greedy,10,4,71,2,2,3,0.000000,66.333300,1.507538,27,0.383495,38,0,2,0,0.383495,0.415075,0.031581,0.031581,0.383495,-0.062911,9,28,1,1,29,24,27,108.833000,75.500000,66.333300,0.918839,1.324503,1.507538,0.001362,0.004694,0.000054,0.004694,10,9,1,fixed,10,10,0,0,3.000000,4.000000
4,multi_greedy,10,4,72,1,1,1,3.348721,75.500000,1.116240,24,0.383495,38,0,1,0,0.383495,0.415075,0.031581,0.031581,0.383495,-0.062911,9,28,1,-1,29,24,27,108.833000,75.500000,66.333300,1.131182,1.116056,0.839496,-0.002643,0.000054,-0.005238,0.000000,10,9,1,fixed,10,10,0,0,3.000000,4.000000
4,multi_greedy,10,4,73,0,0,2,3.151869,108.833000,0.393984,29,0.383495,38,0,0,0,0.383495,0.415075,0.031581,0.031581,0.383495,-0.062911,9,28,1,0,29,24,27,108.833000,75.500000,66.333300,0.396866,0.363102,0.125723,0.000054,0.002143,-0.011806,0.002143,10,9,1,fixed,10,10,0,0,3.000000,4.000000
4,multi_greedy,10,4,74,2,2,4,0.000000,66.333300,0.603015,27,0.383495,38,0,1,1,0.383495,0.415075,0.031581,0.031581,0.383495,-0.062911,9,28,1,-1,29,24,27,108.833000,75.500000,66.333300,0.367536,0.529801,0.603015,0.000185,0.004435,0.000054,0.004435,10,9,1,fixed,10,10,0,0,3.000000,4.000000
4,multi_greedy,10,4,75,0,0,2,3.151857,108.833000,0.393982,29,0.383495,38,0,0,0,0.383495,0.415075,0.031581,0.031581,0.383495,-0.062911,9,28,1,0,29,24,27,108.833000,75.500000,66.333300,0.396866,0.363102,0.125723,0.000054,0.002143,-0.011806,0.002143,10,9,1,fixed,10,10,0,0,3.000000,4.000000
4,multi_greedy,10,4,76,0,0,3,0.000000,108.833000,0.918839,29,0.383495,38,0,0,0,0.383495,0.415075,0.031581,0.031581,0.383495,-0.062911,9,28,1,-1,29,24,27,108.833000,75.500000,66.333300,0.918839,1.324503,1.507538,0.000054,0.003363,-0.001246,0.003363,10,9,1,fixed,10,10,0,0,3.000000,4.000000
4,multi_greedy,10,4,77,1,1,4,0.000000,75.500000,0.529801,24,0.383495,38,0,1,0,0.383495,0.415075,0.031581,0.031581,0.383495,-0.062911,9,28,1,-1,29,24,27,108.833000,75.500000,66.333300,0.367536,0.529801,0.603015,-0.004102,0.000054,-0.004230,0.000000,10,9,1,fixed,10,10,0,0,3.000000,4.000000
4,multi_greedy,10,4,78,1,1,4,0.000000,75.500000,0.529801,24,0.383495,38,0,1,0,0.383495,0.415075,0.031581,0.031581,0.383495,-0.062911,9,28,1,-1,29,24,27,108.833000,75.500000,66.333300,0.367536,0.529801,0.603015,-0.004102,0.000054,-0.004230,0.000000,10,9,1,fixed,10,10,0,0,3.000000,4.000000
4,multi_greedy,10,4,79,1,1,1,3.382936,75.500000,1.127645,24,0.383495,38,0,1,0,0.383495,0.415075,0.031581,0.031581,0.383495,-0.062911,9,28,1,-1,29,24,27,108.833000,75.500000,66.333300,1.131182,1.114630,0.839496,-0.002641,0.000054,-0.005236,0.000000,10,9,1,fixed,10,10,0,0,3.000000,4.000000
4,multi_greedy,10,4,80,0,0,2,3.183602,108.833000,0.397950,29,0.383495,38,0,0,0,0.383495,0.415075,0.031581,0.031581,0.383495,-0.062911,9,28,1,0,29,24,27,108.833000,75.500000,66.333300,0.396694,0.363102,0.125723,0.000054,0.002145,-0.011804,0.002145,10,9,1,fixed,10,10,0,0,3.000000,4.000000
4,multi_greedy,10,5,1,2,2,2,1.048116,65.666700,0.131015,22,0.382161,38,0,2,0,0.382161,0.382161,0.000000,0.000000,0.382161,-0.001333,0,33,1,0,27,31,22,109.833000,78.166700,65.666700,0.417385,0.241148,0.130811,0.012470,0.010720,0.000033,0.012470,10,0,10,fixed,10,10,0,0,3.000000,4.000000
4,multi_greedy,10,5,2,1,1,1,2.874805,78.166700,0.958268,31,0.382161,38,0,1,0,0.382161,0.382161,0.000000,0.000000,0.382161,-0.001333,0,33,1,-1,27,31,22,109.833000,78.166700,65.666700,1.127201,1.010313,0.959241,-0.001381,0.000033,-0.004707,0.000000,10,0,10,fixed,10,10,0,0,3.000000,4.000000
4,multi_greedy,10,5,3,2,2,3,0.000000,65.666700,1.522842,22,0.382161,38,0,2,0,0.382161,0.382161,0.000000,0.000000,0.382161,-0.001333,0,33,1,-1,27,31,22,109.833000,78.166700,65.666700,0.910473,1.279317,1.522842,0.002337,0.004501,0.000033,0.004501,10,0,10,fixed,10,10,0,0,3.000000,4.000000
4,multi_greedy,10,5,4,1,1,1,3.026901,78.166700,1.008967,31,0.382161,38,0,1,0,0.382161,0.382161,0.000000,0.000000,0.382161,-0.001333,0,33,1,1,27,31,22,109.833000,78.166700,65.666700,1.127201,1.003976,0.959241,-0.001370,0.000033,-0.004696,0.000000,10,0,10,fixed,10,10,0,0,3.000000,4.000000
4,multi_greedy,10,5,5,1,1,4,0.000000,78.166700,0.511727,31,0.382161,38,0,1,0,0.382161,0.382161,0.000000,0.000000,0.382161,-0.001333,0,33,1,-1,27,31,22,109.833000,78.166700,65.666700,0.364189,0.511727,0.609137,-0.002938,0.000033,-0.003998,0.000000,10,0,10,fixed,10,10,0,0,3.000000,4.000000
4,multi_greedy,10,5,6,0,0,3,0.000000,109.833000,0.910473,27,0.382161,38,0,0,0,0.382161,0.382161,0.000000,0.000000,0.382161,-0.001333,0,33,1,-1,27,31,22,109.833000,78.166700,65.666700,0.910473,1.279317,1.522842,0.000033,0.002171,-0.002243,0.002171,10,0,10,fixed,10,10,0,0,3.000000,4.000000
4,multi_greedy,10,5,7,1,1,2,1.988960,78.166700,0.248620,31,0.382161,38,0,1,0,0.382161,0.382161,0.000000,0.000000,0.382161,-0.001333,0,33,1,0,27,31,22,109.833000,78.166700,65.666700,0.417385,0.248988,0.125143,0.001210,0.000033,-0.011732,0.001210,10,0,10,fixed,10,10,0,0,3.000000,4.000000
4,multi_greedy,10,5,8,2,2,2,1.048092,65.666700,0.131012,22,0.382161,38,0,2,0,0.382161,0.382161,0.000000,0.000000,0.382161,-0.001333,0,33,1,0,27,31,22,109.833000,78.166700,65.666700,0.417385,0.241148,0.130811,0.012470,0.010720,0.000033,0.012470,10,0,10,fixed,10,10,0,0,3.000000,4.000000
4,multi_greedy,10,5,9,2,2,1,3.075042,65.666700,1.025014,22,0.382161,38,0,2,0,0.382161,0.382161,0.000000,0.000000,0.382161,-0.001333,0,33,1,-1,27,31,22,109.833000,78.166700,65.666700,1.127201,0.973139,0.991757,0.003294,0.004613,0.000033,0.004613,10,0,10,fixed,10,10,0,0,3.000000,4.000000
4,multi_greedy,10,5,10,2,2,2,1.048092,65.666700,0.131012,22,0.382161,38,0,2,0,0.382161,0.382161,0.000000,0.000000,0.382161,-0.001333,0,33,1,0,27,31,22,109.833000,78.166700,65.666700,0.417385,0.241148,0.130811,0.012470,0.010720,0.000033,0.012470,10,0,10,fixed,10,10,0,0,3.000000,4.000000
4,multi_greedy,10,5,11,2,2,2,1.048115,65.666700,0.131014,22,0.382161,38,0,2,0,0.382161,0.382161,0.000000,0.000000,0.382161,-0.001333,0,33,1,0,27,31,22,109.833000,78.166700,65.666700,0.417385,0.241148,0.130811,0.012470,0.010720,0.000033,0.012470,10,0,10,fixed,10,10,0,0,3.000000,4.000000
4,multi_greedy,10,5,12,2,2,2,1.048091,65.666700,0.131011,22,0.382161,38,0,2,0,0.382161,0.382161,0.000000,0.000000,0.382161,-0.001333,0,33,1,0,27,31,22,109.833000,78.166700,65.666700,0.417385,0.241148,0.130811,0.012470,0.010720,0.000033,0.012470,10,0,10,fixed,10,10,0,0,3.000000,4.000000
4,multi_greedy,10,5,13,0,0,2,3.423061,109.833000,0.427883,27,0.382161,38,0,0,0,0.382161,0.382161,0.000000,0.000000,0.382161,-0.001333,0,33,1,0,27,31,22,109.833000,78.166700,65.666700,0.433080,0.241148,0.125143,0.000033,-0.001920,-0.013125,0.000000,10,0,10,fixed,10,10,0,0,3.000000,4.000000
4,multi_greedy,10,5,14,1,1,4,0.000000,78.166700,0.511727,31,0.382161,38,0,1,0,0.382161,0.382161,0.000000,0.000000,0.382161,-0.001333,0,33,1,-1,27,31,22,109.833000,78.166700,65.666700,0.364189,0.511727,0.609137,-0.002938,0.000033,-0.003998,0.000000,10,0,10,fixed,10,10,0,0,3.000000,4.000000
4,multi_greedy,10,5,15,0,0,3,0.000000,109.833000,0.910473,27,0.382161,38,0,0,0,0.382161,0.382161,0.000000,0.000000,0.382161,-0.001333,0,33,1,-1,27,31,22,109.833000,78.166700,65.666700,0.910473,1.279317,1.522842,0.000033,0.002171,-0.002243,0.002171,10,0,10,fixed,10,10,0,0,3.000000,4.000000
4,multi_greedy,10,5,16,2,2,2,1.049121,65.666700,0.131140,22,0.382161,38,0,2,0,0.382161,0.382161,0.000000,0.000000,0.382161,-0.001333,0,33,1,0,27,31,22,109.833000,78.166700,65.666700,0.417385,0.241148,0.130797,0.012472,0.010722,0.000033,0.012472,10,0,10,fixed,10,10,0,0,3.000000,4.000000
4,multi_greedy,10,5,17,0,0,2,3.424030,109.833000,0.428004,27,0.382161,38,0,0,0,0.382161,0.382161,0.000000,0.000000,0.382161,-0.001333,0,33,1,0,27,31,22,109.833000,78.166700,65.666700,0.433074,0.241148,0.125143,0.000033,-0.001920,-0.013125,0.000000,10,0,10,fixed,10,10,0,0,3.000000,4.000000
4,multi_greedy,10,5,18,1,1,4,0.000000,78.166700,0.511727,31,0.382161,38,0,1,0,0.382161,0.382161,0.000000,0.000000,0.382161,-0.001333,0,33,1,-1,27,31,22,109.833000,78.166700,65.666700,0.364189,0.511727,0.609137,-0.002938,0.000033,-0.003998,0.000000,10,0,10,fixed,10,10,0,0,3.000000,4.000000
4,multi_greedy,10,5,19,2,2,2,1.046900,65.666700,0.130862,22,0.382161,38,0,2,0,0.382161,0.382161,0.000000,0.000000,0.382161,-0.001333,0,33,1,0,27,31,22,109.833000,78.166700,65.666700,0.417385,0.241148,0.130828,0.012469,0.010719,0.000033,0.012469,10,0,10,fixed,10,10,0,0,3.000000,4.000000
4,multi_greedy,10,5,20,2,2,2,1.046900,65.666700,0.130862,22,0.382161,38,0,2,0,0.382161,0.382161,0.000000,0.000000,0.382161,-0.001333,0,33,1,0,27,31,22,109.833000,78.166700,65.666700,0.417385,0.241148,0.130828,0.012469,0.010719,0.000033,0.012469,10,0,10,fixed,10,10,0,0,3.000000,4.000000
4,multi_greedy,10,5,21,1,1,4,0.000000,78.166700,0.511727,31,0.382161,38,0,1,0,0.382161,0.382161,0.000000,0.000000,0.382161,-0.001333,0,33,1,-1,27,31,22,109.833000,78.166700,65.666700,0.364189,0.511727,0.609137,-0.002938,0.000033,-0.003998,0.000000,10,0,10,fixed,10,10,0,0,3.000000,4.000000
4,multi_greedy,10,5,22,0,0,2,3.534337,109.833000,0.441792,27,0.382161,38,0,0,0,0.382161,0.382161,0.000000,0.000000,0.382161,-0.001333,0,33,1,0,27,31,22,109.833000,78.166700,65.666700,0.432418,0.241148,0.125143,0.000033,-0.001914,-0.013119,0.000000,10,0,10,fixed,10,10,0,0,3.000000,4.000000
4,multi_greedy,10,5,23,1,1,4,0.000000,78.166700,0.511727,31,0.382161,38,0,1,0,0.382161,0.382161,0.000000,0.000000,0.382161,-0.001333,0,33,1,-1,27,31,22,109.833000,78.166700,65.666700,0.364189,0.511727,0.609137,-0.002938,0.000033,-0.003998,0.000000,10,0,10,fixed,10,10,0,0,3.000000,4.000000
4,multi_greedy,10,5,24,1,1,3,0.000000,78.166700,1.279317,31,0.382161,38,0,1,0,0.382161,0.382161,0.000000,0.000000,0.382161,-0.001333,0,33,1,1,27,31,22,109.833000,78.166700,65.666700,0.910473,1.279317,1.522842,-0.002082,0.000033,-0.004333,0.000000,10,0,10,fixed,10,10,0,0,3.000000,4.000000
4,multi_greedy,10,5,25,2,2,1,2.897268,65.666700,0.965756,22,0.382161,38,0,2,0,0.382161,0.382161,0.000000,0.000000,0.382161,-0.001333,0,33,1,-1,27,31,22,109.833000,78.166700,65.666700,1.127201,0.973139,1.021386,0.003242,0.004561,0.000033,0.004561,10,0,10,fixed,10,10,0,0,3.000000,4.000000
4,multi_greedy,10,5,26,0,0,2,3.495091,109.833000,0.436886,27,0.382161,38,0,0,0,0.382161,0.382161,0.000000,0.000000,0.382161,-0.001333,0,33,1,0,27,31,22,109.833000,78.166700,65.666700,0.432651,0.241148,0.125143,0.000033,-0.001916,-0.013121,0.000000,10,0,10,fixed,10,10,0,0,3.000000,4.000000
4,multi_greedy,10,5,27,1,1,2,1.984659,78.166700,0.248082,31,0.382161,38,0,1,0,0.382161,0.382161,0.000000,0.000000,0.382161,-0.001333,0,33,1,0,27,31,22,109.833000,78.166700,65.666700,0.417385,0.249096,0.125143,0.001207,0.000033,-0.011735,0.001207,10,0,10,fixed,10,10,0,0,3.000000,4.000000
4,multi_greedy,10,5,28,2,2,4,0.000000,65.666700,0.609137,22,0.382161,38,0,2,0,0.382161,0.382161,0.000000,0.000000,0.382161,-0.001333,0,33,1,-1,27,31,22,109.833000,78.166700,65.666700,0.364189,0.511727,0.609137,0.001116,0.004151,0.000033,0.004151,10,0,10,fixed,10,10,0,0,3.000000,4.000000
4,multi_greedy,10,5,29,0,0,2,3.425051,109.833000,0.428131,27,0.382161,38,0,0,0,0.382161,0.382161,0.000000,0.000000,0.382161,-0.001333,0,33,1,0,27,31,22,109.833000,78.166700,65.666700,0.433068,0.241148,0.125143,0.000033,-0.001920,-0.013125,0.000000,10,0,10,fixed,10,10,0,0,3.000000,4.000000
4,multi_greedy,10,5,30,1,1,2,1.986880,78.166700,0.248360,31,0.382161,38,0,1,0,0.382161,0.382161,0.000000,0.000000,0.382161,-0.001333,0,33,1,0,27,31,22,109.833000,78.166700,65.666700,0.417385,0.249040,0.125143,0.001209,0.000033,-0.011733,0.001209,10,0,10,fixed,10,10,0,0,3.000000,4.000000
4,multi_greedy,10,5,31,1,1,2,1.986845,78.166700,0.248356,31,0.382161,38,0,1,0,0.382161,0.382161,0.000000,0.000000,0.382161,-0.001333,0,33,1,0,27,31,22,109.833000,78.166700,65.666700,0.417385,0.249041,0.125143,0.001209,0.000033,-0.011733,0.001209,10,0,10,fixed,10,10,0,0,3.000000,4.000000
4,multi_greedy,10,5,32,2,2,2,1.047011,65.666700,0.130876,22,0.382161,38,0,2,0,0.382161,0.382161,0.000000,0.000000,0.382161,-0.001333,0,33,1,0,27,31,22,109.833000,78.166700,65.666700,0.417385,0.241148,0.130826,0.012469,0.010719,0.000033,0.012469,10,0,10,fixed,10,10,0,0,3.000000,4.000000
4,multi_greedy,10,5,33,0,0,2,3.493923,109.833000,0.436740,27,0.382161,38,0,0,0,0.382161,0.382161,0.000000,0.000000,0.382161,-0.001333,0,33,1,0,27,31,22,109.833000,78.166700,65.666700,0.432658,0.241148,0.125143,0.000033,-0.001917,-0.013121,0.000000,10,0,10,fixed,10,10,0,0,3.000000,4.000000
4,multi_greedy,10,5,34,2,2,2,1.036052,65.666700,0.129506,22,0.382161,38,1,2,0,0.382161,0.382161,0.000000,0.000000,0.382161,-0.001333,0,33,1,0,27,31,22,109.833000,78.166700,65.666700,0.417385,0.241148,0.130978,0.012452,0.010702,0.000033,0.012452,10,0,10,fixed,10,10,0,0,3.000000,4.000000
4,multi_greedy,10,5,35,2,2,4,0.000000,65.666700,0.609137,22,0.382161,38,0,2,0,0.382161,0.382161,0.000000,0.000000,0.382161,-0.001333,0,33,1,-1,27,31,22,109.833000,78.166700,65.666700,0.364189,0.511727,0.609137,0.001116,0.004151,0.000033,0.004151,10,0,10,fixed,10,10,0,0,3.000000,4.000000
4,multi_greedy,10,5,36,0,0,1,3.506847,109.833000,1.168949,27,0.382161,38,0,0,0,0.382161,0.382161,0.000000,0.000000,0.382161,-0.001333,0,33,1,-1,27,31,22,109.833000,78.166700,65.666700,1.154250,0.973139,0.959241,0.000033,0.001232,-0.003412,0.001232,10,0,10,fixed,10,10,0,0,3.000000,4.000000
4,multi_greedy,10,5,37,2,2,4,0.000000,65.666700,0.609137,22,0.382161,38,0,2,0,0.382161,0.382161,0.000000,0.000000,0.382161,-0.001333,0,33,1,-1,27,31,22,109.833000,78.166700,65.666700,0.364189,0.511727,0.609137,0.001116,0.004151,0.000033,0.004151,10,0,10,fixed,10,10,0,0,3.000000,4.000000
4,multi_greedy,10,5,38,0,0,3,0.000000,109.833000,0.910473,27,0.382161,38,0,0,0,0.382161,0.382161,0.000000,0.000000,0.382161,-0.001333,0,33,1,-1,27,31,22,109.833000,78.166700,65.666700,0.910473,1.279317,1.522842,0.000033,0.002171,-0.002243,0.002171,10,0,10,fixed,10,10,0,0,3.000000,4.000000
4,multi_greedy,10,5,39,1,1,4,0.000000,78.166700,0.511727,31,0.382161,38,0,1,0,0.382161,0.382161,0.000000,0.000000,0.382161,-0.001333,0,33,1,-1,27,31,22,109.833000,78.166700,65.666700,0.364189,0.511727,0.609137,-0.002938,0.000033,-0.003998,0.000000,10,0,10,fixed,10,10,0,0,3.000000,4.000000
4,multi_greedy,10,5,40,0,0,2,3.436004,109.833000,0.429501,27,0.382161,38,0,0,0,0.382161,0.382161,0.000000,0.000000,0.382161,-0.001333,0,33,1,0,27,31,22,109.833000,78.166700,65.666700,0.433003,0.241148,0.125143,0.000033,-0.001920,-0.013124,0.000000,10,0,10,fixed,10,10,0,0,3.000000,4.000000
4,multi_greedy,10,5,41,2,2,1,3.053274,65.666700,1.017758,22,0.382161,38,0,2,0,0.382161,0.382161,0.000000,0.000000,0.382161,-0.001333,0,33,1,-1,27,31,22,109.833000,78.166700,65.666700,1.127201,0.973139,0.995385,0.003288,0.004606,0.000033,0.004606,10,0,10,fixed,10,10,0,0,3.000000,4.000000
4,multi_greedy,10,5,42,1,1,3,0.000000,78.166700,1.279317,31,0.382161,38,0,1,0,0.382161,0.382161,0.000000,0.000000,0.382161,-0.001333,0,33,1,1,27,31,22,109.833000,78.166700,65.666700,0.910473,1.279317,1.522842,-0.002082,0.000033,-0.004333,0.000000,10,0,10,fixed,10,10,0,0,3.000000,4.000000
4,multi_greedy,10,5,43,1,1,1,2.882336,78.166700,0.960779,31,0.382161,38,0,1,0,0.382161,0.382161,0.000000,0.000000,0.382161,-0.001333,0,33,1,-1,27,31,22,109.833000,78.166700,65.666700,1.127201,1.009999,0.959241,-0.001381,0.000033,-0.004706,0.000000,10,0,10,fixed,10,10,0,0,3.000000,4.000000
4,multi_greedy,10,5,44,1,1,4,0.000000,78.166700,0.511727,31,0.382161,38,0,1,0,0.382161,0.382161,0.000000,0.000000,0.382161,-0.001333,0,33,1,-1,27,31,22,109.833000,78.166700,65.666700,0.364189,0.511727,0.609137,-0.002938,0.000033,-0.003998,0.000000,10,0,10,fixed,10,10,0,0,3.000000,4.000000
4,multi_greedy,10,5,45,1,1,4,0.000000,78.166700,0.511727,31,0.382161,38,0,1,0,0.382161,0.382161,0.000000,0.000000,0.382161,-0.001333,0,33,1,-1,27,31,22,109.833000,78.166700,65.666700,0.364189,0.511727,0.609137,-0.002938,0.000033,-0.003998,0.000000,10,0,10,fixed,10,10,0,0,3.000000,4.000000
4,multi_greedy,10,5,46,1,1,1,3.021631,78.166700,1.007210,31,0.382161,38,0,1,0,0.382161,0.382161,0.000000,0.000000,0.382161,-0.001333,0,33,1,1,27,31,22,109.833000,78.166700,65.666700,1.127201,1.004195,0.959241,-0.001371,0.000033,-0.004696,0.000000,10,0,10,fixed,10,10,0,0,3.000000,4.000000
4,multi_greedy,10,5,47,0,0,2,3.425040,109.833000,0.428130,27,0.382161,38,0,0,0,0.382161,0.382161,0.000000,0.000000,0.382161,-0.001333,0,33,1,0,27,31,22,109.833000,78.166700,65.666700,0.433068,0.241148,0.125143,0.000033,-0.001920,-0.013125,0.000000,10,0,10,fixed,10,10,0,0,3.000000,4.000000
4,multi_greedy,10,5,48,2,2,4,0.000000,65.666700,0.609137,22,0.382161,38,0,2,0,0.382161,0.382161,0.000000,0.000000,0.382161,-0.001333,0,33,1,-1,27,31,22,109.833000,78.166700,65.666700,0.364189,0.511727,0.609137,0.001116,0.004151,0.000033,0.004151,10,0,10,fixed,10,10,0,0,3.000000,4.000000
4,multi_greedy,10,5,49,1,1,1,2.970643,78.166700,0.990214,31,0.382161,38,0,1,0,0.382161,0.382161,0.000000,0.000000,0.382161,-0.001333,0,33,1,-1,27,31,22,109.833000,78.166700,65.666700,1.127201,1.006320,0.959241,-0.001374,0.000033,-0.004700,0.000000,10,0,10,fixed,10,10,0,0,3.000000,4.000000
4,multi_greedy,10,5,50,0,0,2,3.467767,109.833000,0.433471,27,0.382161,38,0,0,0,0.382161,0.382161,0.000000,0.000000,0.382161,-0.001333,0,33,1,0,27,31,22,109.833000,78.166700,65.666700,0.432814,0.241148,0.125143,0.000033,-0.001918,-0.013123,0.000000,10,0,10,fixed,10,10,0,0,3.000000,4.000000
4,multi_greedy,10,5,51,0,0,2,3.467722,109.833000,0.433465,27,0.382161,38,0,0,0,0.382161,0.382161,0.000000,0.000000,0.382161,-0.001333,0,33,1,0,27,31,22,109.833000,78.166700,65.666700,0.432814,0.241148,0.125143,0.000033,-0.001918,-0.013123,0.000000,10,0,10,fixed,10,10,0,0,3.000000,4.000000
4,multi_greedy,10,5,52,0,0,2,3.513549,109.833000,0.439194,27,0.382161,38,0,0,0,0.382161,0.382161,0.000000,0.000000,0.382161,-0.001333,0,33,1,0,27,31,22,109.833000,78.166700,65.666700,0.432541,0.241148,0.125143,0.000033,-0.001915,-0.013120,0.000000,10,0,10,fixed,10,10,0,0,3.000000,4.000000
4,multi_greedy,10,5,53,0,0,2,3.466598,109.833000,0.433325,27,0.382161,38,0,0,0,0.382161,0.382161,0.000000,0.000000,0.382161,-0.001333,0,33,1,0,27,31,22,109.833000,78.166700,65.666700,0.432821,0.241148,0.125143,0.000033,-0.001918,-0.013123,0.000000,10,0,10,fixed,10,10,0,0,3.000000,4.000000
4,multi_greedy,10,5,54,0,0,2,3.477572,109.833000,0.434696,27,0.382161,38,0,0,0,0.382161,0.382161,0.000000,0.000000,0.382161,-0.001333,0,33,1,0,27,31,22,109.833000,78.166700,65.666700,0.432755,0.241148,0.125143,0.000033,-0.001917,-0.013122,0.000000,10,0,10,fixed,10,10,0,0,3.000000,4.000000
4,multi_greedy,10,5,55,1,1,2,1.968316,78.166700,0.246039,31,0.382161,38,0,1,0,0.382161,0.382161,0.000000,0.000000,0.382161,-0.001333,0,33,1,0,27,31,22,109.833000,78.166700,65.666700,0.417385,0.249505,0.125143,0.001195,0.000033,-0.011746,0.001195,10,0,10,fixed,10,10,0,0,3.000000,4.000000
4,multi_greedy,10,5,56,0,0,2,3.513543,109.833000,0.439193,27,0.382161,38,0,0,0,0.382161,0.382161,0.000000,0.000000,0.382161,-0.001333,0,33,1,0,27,31,22,109.833000,78.166700,65.666700,0.432541,0.241148,0.125143,0.000033,-0.001915,-0.013120,0.000000,10,0,10,fixed,10,10,0,0,3.000000,4.000000
4,multi_greedy,10,5,57,0,0,2,3.433751,109.833000,0.429219,27,0.382161,38,0,0,0,0.382161,0.382161,0.000000,0.000000,0.382161,-0.001333,0,33,1,0,27,31,22,109.833000,78.166700,65.666700,0.433016,0.241148,0.125143,0.000033,-0.001920,-0.013124,0.000000,10,0,10,fixed,10,10,0,0,3.000000,4.000000
4,multi_greedy,10,5,58,1,1,1,3.395179,78.166700,1.131726,31,0.382161,38,0,1,0,0.382161,0.382161,0.000000,0.000000,0.382161,-0.001333,0,33,1,1,27,31,22,109.833000,78.166700,65.666700,1.127201,0.988631,0.959241,-0.001343,0.000033,-0.004669,0.000000,10,0,10,fixed,10,10,0,0,3.000000,4.000000
4,multi_greedy,10,5,59,1,1,1,3.042053,78.166700,1.014018,31,0.382161,38,0,1,0,0.382161,0.382161,0.000000,0.000000,0.382161,-0.001333,0,33,1,1,27,31,22,109.833000,78.166700,65.666700,1.127201,1.003345,0.959241,-0.001369,0.000033,-0.004695,0.000000,10,0,10,fixed,10,10,0,0,3.000000,4.000000
4,multi_greedy,10,5,60,1,1,4,0.000000,78.166700,0.511727,31,0.382161,38,0,1,0,0.382161,0.382161,0.000000,0.000000,0.382161,-0.001333,0,33,1,-1,27,31,22,109.833000,78.166700,65.666700,0.364189,0.511727,0.609137,-0.002938,0.000033,-0.003998,0.000000,10,0,10,fixed,10,10,0,0,3.000000,4.000000
4,multi_greedy,10,5,61,2,2,4,0.000000,65.666700,0.609137,22,0.382161,38,0,2,0,0.382161,0.382161,0.000000,0.000000,0.382161,-0.001333,0,33,1,-1,27,31,22,109.833000,78.166700,65.666700,0.364189,0.511727,0.609137,0.001116,0.004151,0.000033,0.004151,10,0,10,fixed,10,10,0,0,3.000000,4.000000
4,multi_greedy,10,5,62,0,0,2,3.432768,109.833000,0.429096,27,0.382161,38,0,0,0,0.382161,0.382161,0.000000,0.000000,0.382161,-0.001333,0,33,1,0,27,31,22,109.833000,78.166700,65.666700,0.433022,0.241148,0.125143,0.000033,-0.001920,-0.013124,0.000000,10,0,10,fixed,10,10,0,0,3.000000,4.000000
4,multi_greedy,10,5,63,2,2,4,0.000000,65.666700,0.609137,22,0.382161,38,0,2,0,0.382161,0.382161,0.000000,0.000000,0.382161,-0.001333,0,33,1,-1,27,31,22,109.833000,78.166700,65.666700,0.364189,0.511727,0.609137,0.001116,0.004151,0.000033,0.004151,10,0,10,fixed,10,10,0,0,3.000000,4.000000
4,multi_greedy,10,5,64,1,1,4,0.000000,78.166700,0.511727,31,0.382161,38,0,1,0,0.382161,0.382161,0.000000,0.000000,0.382161,-0.001333,0,33,1,-1,27,31,22,109.833000,78.166700,65.666700,0.364189,0.511727,0.609137,-0.002938,0.000033,-0.003998,0.000000,10,0,10,fixed,10,10,0,0,3.000000,4.000000
4,multi_greedy,10,5,65,0,0,2,3.432779,109.833000,0.429097,27,0.382161,38,0,0,0,0.382161,0.382161,0.000000,0.000000,0.382161,-0.001333,0,33,1,0,27,31,22,109.833000,78.166700,65.666700,0.433022,0.241148,0.125143,0.000033,-0.001920,-0.013124,0.000000,10,0,10,fixed,10,10,0,0,3.000000,4.000000
4,multi_greedy,10,5,66,2,2,3,0.000000,65.666700,1.522842,22,0.382161,38,0,2,0,0.382161,0.382161,0.000000,0.000000,0.382161,-0.001333,0,33,1,-1,27,31,22,109.833000,78.166700,65.666700,0.910473,1.279317,1.522842,0.002337,0.004501,0.000033,0.004501,10,0,10,fixed,10,10,0,0,3.000000,4.000000
4,multi_greedy,10,5,67,0,0,2,3.476496,109.833000,0.434562,27,0.382161,38,0,0,0,0.382161,0.382161,0.000000,0.000000,0.382161,-0.001333,0,33,1,0,27,31,22,109.833000,78.166700,65.666700,0.432762,0.241148,0.125143,0.000033,-0.001918,-0.013122,0.000000,10,0,10,fixed,10,10,0,0,3.000000,4.000000
4,multi_greedy,10,5,68,1,1,2,2.032839,78.166700,0.254105,31,0.382161,38,0,1,0,0.382161,0.382161,0.000000,0.000000,0.382161,-0.001333,0,33,1,0,27,31,22,109.833000,78.166700,65.666700,0.417385,0.247891,0.125143,0.001242,0.000033,-0.011702,0.001242,10,0,10,fixed,10,10,0,0,3.000000,4.000000
4,multi_greedy,10,5,69,1,1,4,0.000000,78.166700,0.511727,31,0.382161,38,0,1,0,0.382161,0.382161,0.000000,0.000000,0.382161,-0.001333,0,33,1,-1,27,31,22,109.833000,78.166700,65.666700,0.364189,0.511727,0.609137,-0.002938,0.000033,-0.003998,0.000000,10,0,10,fixed,10,10,0,0,3.000000,4.000000
4,multi_greedy,10,5,70,0,0,2,3.510312,109.833000,0.438789,27,0.382161,38,0,0,0,0.382161,0.382161,0.000000,0.000000,0.382161,-0.001333,0,33,1,0,27,31,22,109.833000,78.166700,65.666700,0.432561,0.241148,0.125143,0.000033,-0.001916,-0.013120,0.000000,10,0,10,fixed,10,10,0,0,3.000000,4.000000
4,multi_greedy,10,5,71,2,2,3,0.000000,65.666700,1.522842,22,0.382161,38,0,2,0,0.382161,0.382161,0.000000,0.000000,0.382161,-0.001333,0,33,1,-1,27,31,22,109.833000,78.166700,65.666700,0.910473,1.279317,1.522842,0.002337,0.004501,0.000033,0.004501,10,0,10,fixed,10,10,0,0,3.000000,4.000000
4,multi_greedy,10,5,72,1,1,1,2.939420,78.166700,0.979807,31,0.382161,38,0,1,0,0.382161,0.382161,0.000000,0.000000,0.382161,-0.001333,0,33,1,-1,27,31,22,109.833000,78.166700,65.666700,1.127201,1.007621,0.959241,-0.001376,0.000033,-0.004702,0.000000,10,0,10,fixed,10,10,0,0,3.000000,4.000000
4,multi_greedy,10,5,73,0,0,2,3.432775,109.833000,0.429097,27,0.382161,38,0,0,0,0.382161,0.382161,0.000000,0.000000,0.382161,-0.001333,0,33,1,0,27,31,22,109.833000,78.166700,65.666700,0.433022,0.241148,0.125143,0.000033,-0.001920,-0.013124,0.000000,10,0,10,fixed,10,10,0,0,3.000000,4.000000
4,multi_greedy,10,5,74,1,1,4,0.000000,78.166700,0.511727,31,0.382161,38,0,1,0,0.382161,0.382161,0.000000,0.000000,0.382161,-0.001333,0,33,1,-1,27,31,22,109.833000,78.166700,65.666700,0.364189,0.511727,0.609137,-0.002938,0.000033,-0.003998,0.000000,10,0,10,fixed,10,10,0,0,3.000000,4.000000
4,multi_greedy,10,5,75,0,0,2,3.432752,109.833000,0.429094,27,0.382161,38,0,0,0,0.382161,0.382161,0.000000,0.000000,0.382161,-0.001333,0,33,1,0,27,31,22,109.833000,78.166700,65.666700,0.433022,0.241148,0.125143,0.000033,-0.001920,-0.013124,0.000000,10,0,10,fixed,10,10,0,0,3.000000,4.000000
4,multi_greedy,10,5,76,0,0,3,0.000000,109.833000,0.910473,27,0.382161,38,0,0,0,0.382161,0.382161,0.000000,0.000000,0.382161,-0.001333,0,33,1,-1,27,31,22,109.833000,78.166700,65.666700,0.910473,1.279317,1.522842,0.000033,0.002171,-0.002243,0.002171,10,0,10,fixed,10,10,0,0,3.000000,4.000000
4,multi_greedy,10,5,77,1,1,4,0.000000,78.166700,0.511727,31,0.382161,38,0,1,0,0.382161,0.382161,0.000000,0.000000,0.382161,-0.001333,0,33,1,-1,27,31,22,109.833000,78.166700,65.666700,0.364189,0.511727,0.609137,-0.002938,0.000033,-0.003998,0.000000,10,0,10,fixed,10,10,0,0,3.000000,4.000000
4,multi_greedy,10,5,78,1,1,4,0.000000,78.166700,0.511727,31,0.382161,38,0,1,0,0.382161,0.382161,0.000000,0.000000,0.382161,-0.001333,0,33,1,-1,27,31,22,109.833000,78.166700,65.666700,0.364189,0.511727,0.609137,-0.002938,0.000033,-0.003998,0.000000,10,0,10,fixed,10,10,0,0,3.000000,4.000000
4,multi_greedy,10,5,79,1,1,1,2.969355,78.166700,0.989785,31,0.382161,38,0,1,0,0.382161,0.382161,0.000000,0.000000,0.382161,-0.001333,0,33,1,-1,27,31,22,109.833000,78.166700,65.666700,1.127201,1.006374,0.959241,-0.001374,0.000033,-0.004700,0.000000,10,0,10,fixed,10,10,0,0,3.000000,4.000000
4,multi_greedy,10,5,80,0,0,2,3.465565,109.833000,0.433196,27,0.382161,38,0,0,0,0.382161,0.382161,0.000000,0.000000,0.382161,-0.001333,0,33,1,0,27,31,22,109.833000,78.166700,65.666700,0.432827,0.241148,0.125143,0.000033,-0.001918,-0.013123,0.000000,10,0,10,fixed,10,10,0,0,3.000000,4.000000
