seed,method,max_switches,cycle_id,ue_id,previous_bs_id,current_bs_id,app_type,tp_mbps,rtt_ms,satisfaction,num_users_on_current_bs,harmonic_mean,num_unsatisfied_users,target_ue_flag,action_selected_bs_id,switch_flag,h_before,h_after_estimated,reward,estimated_reward,h_after_measured,measured_reward,switch_count,num_degraded_users,measurement_valid,candidate_type,num_users_ap0,num_users_ap1,num_users_ap2,monitor_rtt_ap0,monitor_rtt_ap1,monitor_rtt_ap2,estimated_satisfaction_if_ap0,estimated_satisfaction_if_ap1,estimated_satisfaction_if_ap2,estimated_h_delta_if_ap0,estimated_h_delta_if_ap1,estimated_h_delta_if_ap2,best_estimated_h_delta,effective_max_switches,applied_switches_in_cycle,remaining_switch_budget,k_schedule_type,k_max,k_min,k_decay_rate,stop_action_flag,warmup_before_cycle_sec,cycle_start_offset_sec
1020,random,8,1,1,2,2,4,0.000000,65.166700,0.613810,26,0.313209,52,0,0,1,0.313209,0.313209,0.000000,0.000000,0.313209,0.000000,52,0,1,-1,34,20,26,95.833300,81.666700,65.166700,0.417391,0.489796,0.613810,0.005129,0.004335,0.000742,0.005129,8,52,0,fixed,8,8,0,0,3.000000,4.000000
1020,random,8,1,2,2,2,3,0.000000,65.166700,1.534526,26,0.313209,52,0,0,1,0.313209,0.313209,0.000000,0.000000,0.313209,0.000000,52,0,1,-1,34,20,26,95.833300,81.666700,65.166700,1.043479,1.224489,1.534526,0.005713,0.004647,0.000742,0.005713,8,52,0,fixed,8,8,0,0,3.000000,4.000000
1020,random,8,1,3,1,1,2,2.450235,81.666700,0.306279,20,0.313209,52,0,0,1,0.313209,0.313209,0.000000,0.000000,0.313209,0.000000,52,0,1,0,34,20,26,95.833300,81.666700,65.166700,0.473901,0.302135,0.102010,0.003247,0.000742,-0.011061,0.003247,8,52,0,fixed,8,8,0,0,3.000000,4.000000
1020,random,8,1,4,0,0,3,0.000000,95.833300,1.043479,34,0.313209,52,0,2,1,0.313209,0.313209,0.000000,0.000000,0.313209,0.000000,52,0,1,1,34,20,26,95.833300,81.666700,65.166700,1.043479,1.224489,1.534526,0.000742,-0.000291,-0.004076,0.000000,8,52,0,fixed,8,8,0,0,3.000000,4.000000
1020,random,8,1,5,1,1,1,3.416839,81.666700,1.138946,20,0.313209,52,0,1,0,0.313209,0.313209,0.000000,0.000000,0.313209,0.000000,52,0,1,-1,34,20,26,95.833300,81.666700,65.166700,1.135394,1.063533,0.687839,0.001973,0.000742,-0.003938,0.001973,8,52,0,fixed,8,8,0,0,3.000000,4.000000
1020,random,8,1,6,2,2,1,2.183838,65.166700,0.727946,26,0.313209,52,0,1,1,0.313209,0.313209,0.000000,0.000000,0.313209,0.000000,52,0,1,-1,34,20,26,95.833300,81.666700,65.166700,1.135394,1.030844,0.709743,0.006708,0.005342,0.000742,0.006708,8,52,0,fixed,8,8,0,0,3.000000,4.000000
1020,random,8,1,7,2,2,2,0.846926,65.166700,0.105866,26,0.313209,52,0,0,1,0.313209,0.313209,0.000000,0.000000,0.313209,0.000000,52,0,1,0,34,20,26,95.833300,81.666700,65.166700,0.473901,0.288106,0.105939,0.015235,0.012105,0.000742,0.015235,8,52,0,fixed,8,8,0,0,3.000000,4.000000
1020,random,8,1,8,1,1,1,3.098527,81.666700,1.032842,20,0.313209,52,0,2,1,0.313209,0.313209,0.000000,0.000000,0.313209,0.000000,52,0,1,-1,34,20,26,95.833300,81.666700,65.166700,1.135394,1.098901,0.687839,0.001937,0.000742,-0.003973,0.001937,8,52,0,fixed,8,8,0,0,3.000000,4.000000
1020,random,8,1,9,2,2,2,0.846913,65.166700,0.105864,26,0.313209,52,0,0,1,0.313209,0.313209,0.000000,0.000000,0.313209,0.000000,52,0,1,0,34,20,26,95.833300,81.666700,65.166700,0.473901,0.288106,0.105940,0.015235,0.012105,0.000742,0.015235,8,52,0,fixed,8,8,0,0,3.000000,4.000000
1020,random,8,1,10,1,1,2,2.387849,81.666700,0.298481,20,0.313209,52,0,1,0,0.313209,0.313209,0.000000,0.000000,0.313209,0.000000,52,0,1,0,34,20,26,95.833300,81.666700,65.166700,0.473901,0.302915,0.102010,0.003237,0.000742,-0.011070,0.003237,8,52,0,fixed,8,8,0,0,3.000000,4.000000
1020,random,8,1,11,1,1,2,2.386785,81.666700,0.298348,20,0.313209,52,0,2,1,0.313209,0.313209,0.000000,0.000000,0.313209,0.000000,52,0,1,0,34,20,26,95.833300,81.666700,65.166700,0.473901,0.302928,0.102010,0.003236,0.000742,-0.011071,0.003236,8,52,0,fixed,8,8,0,0,3.000000,4.000000
1020,random,8,1,12,1,1,2,2.386750,81.666700,0.298344,20,0.313209,52,0,2,1,0.313209,0.313209,0.000000,0.000000,0.313209,0.000000,52,0,1,0,34,20,26,95.833300,81.666700,65.166700,0.473901,0.302929,0.102010,0.003236,0.000742,-0.011071,0.003236,8,52,0,fixed,8,8,0,0,3.000000,4.000000
1020,random,8,1,13,1,1,2,2.386750,81.666700,0.298344,20,0.313209,52,0,2,1,0.313209,0.313209,0.000000,0.000000,0.313209,0.000000,52,0,1,0,34,20,26,95.833300,81.666700,65.166700,0.473901,0.302929,0.102010,0.003236,0.000742,-0.011071,0.003236,8,52,0,fixed,8,8,0,0,3.000000,4.000000
1020,random,8,1,14,1,1,4,0.000000,81.666700,0.489796,20,0.313209,52,0,0,1,0.313209,0.313209,0.000000,0.000000,0.313209,0.000000,52,0,1,0,34,20,26,95.833300,81.666700,65.166700,0.417391,0.489796,0.613810,0.001518,0.000742,-0.002770,0.001518,8,52,0,fixed,8,8,0,0,3.000000,4.000000
1020,random,8,1,15,0,0,2,3.656686,95.833300,0.457086,34,0.313209,52,0,0,0,0.313209,0.313209,0.000000,0.000000,0.313209,0.000000,52,0,1,0,34,20,26,95.833300,81.666700,65.166700,0.490205,0.288106,0.102010,0.000742,-0.002277,-0.013492,0.000000,8,52,0,fixed,8,8,0,0,3.000000,4.000000
1020,random,8,1,16,1,1,4,0.000000,81.666700,0.489796,20,0.313209,52,0,0,1,0.313209,0.313209,0.000000,0.000000,0.313209,0.000000,52,0,1,0,34,20,26,95.833300,81.666700,65.166700,0.417391,0.489796,0.613810,0.001518,0.000742,-0.002770,0.001518,8,52,0,fixed,8,8,0,0,3.000000,4.000000
1020,random,8,1,17,2,2,2,0.845902,65.166700,0.105738,26,0.313209,52,0,2,0,0.313209,0.313209,0.000000,0.000000,0.313209,0.000000,52,0,1,0,34,20,26,95.833300,81.666700,65.166700,0.473901,0.288106,0.105950,0.015234,0.012104,0.000742,0.015234,8,52,0,fixed,8,8,0,0,3.000000,4.000000
1020,random,8,1,18,0,0,4,0.000000,95.833300,0.417391,34,0.313209,52,0,1,1,0.313209,0.313209,0.000000,0.000000,0.313209,0.000000,52,0,1,0,34,20,26,95.833300,81.666700,65.166700,0.417391,0.489796,0.613810,0.000742,-0.000031,-0.003526,0.000000,8,52,0,fixed,8,8,0,0,3.000000,4.000000
1020,random,8,1,19,2,2,1,2.089758,65.166700,0.696586,26,0.313209,52,0,2,0,0.313209,0.313209,0.000000,0.000000,0.313209,0.000000,52,0,1,-1,34,20,26,95.833300,81.666700,65.166700,1.135394,1.030844,0.720197,0.006683,0.005318,0.000742,0.006683,8,52,0,fixed,8,8,0,0,3.000000,4.000000
1020,random,8,1,20,2,2,2,0.845867,65.166700,0.105733,26,0.313209,52,0,1,1,0.313209,0.313209,0.000000,0.000000,0.313209,0.000000,52,0,1,0,34,20,26,95.833300,81.666700,65.166700,0.473901,0.288106,0.105950,0.015234,0.012104,0.000742,0.015234,8,52,0,fixed,8,8,0,0,3.000000,4.000000
1020,random,8,1,21,2,2,2,0.848042,65.166700,0.106005,26,0.313209,52,0,2,0,0.313209,0.313209,0.000000,0.000000,0.313209,0.000000,52,0,1,0,34,20,26,95.833300,81.666700,65.166700,0.473901,0.288106,0.105928,0.015237,0.012106,0.000742,0.015237,8,52,0,fixed,8,8,0,0,3.000000,4.000000
1020,random,8,1,22,2,2,4,0.000000,65.166700,0.613810,26,0.313209,52,0,1,1,0.313209,0.313209,0.000000,0.000000,0.313209,0.000000,52,0,1,-1,34,20,26,95.833300,81.666700,65.166700,0.417391,0.489796,0.613810,0.005129,0.004335,0.000742,0.005129,8,52,0,fixed,8,8,0,0,3.000000,4.000000
1020,random,8,1,23,2,2,1,2.145351,65.166700,0.715117,26,0.313209,52,0,0,1,0.313209,0.313209,0.000000,0.000000,0.313209,0.000000,52,0,1,-1,34,20,26,95.833300,81.666700,65.166700,1.135394,1.030844,0.714020,0.006698,0.005332,0.000742,0.006698,8,52,0,fixed,8,8,0,0,3.000000,4.000000
1020,random,8,1,24,0,0,2,3.707038,95.833300,0.463380,34,0.313209,52,0,2,1,0.313209,0.313209,0.000000,0.000000,0.313209,0.000000,52,0,1,0,34,20,26,95.833300,81.666700,65.166700,0.489720,0.288106,0.102010,0.000742,-0.002274,-0.013489,0.000000,8,52,0,fixed,8,8,0,0,3.000000,4.000000
1020,random,8,1,25,2,2,3,0.000000,65.166700,1.534526,26,0.313209,52,0,0,1,0.313209,0.313209,0.000000,0.000000,0.313209,0.000000,52,0,1,-1,34,20,26,95.833300,81.666700,65.166700,1.043479,1.224489,1.534526,0.005713,0.004647,0.000742,0.005713,8,52,0,fixed,8,8,0,0,3.000000,4.000000
1020,random,8,1,26,2,2,4,0.000000,65.166700,0.613810,26,0.313209,52,0,2,0,0.313209,0.313209,0.000000,0.000000,0.313209,0.000000,52,0,1,-1,34,20,26,95.833300,81.666700,65.166700,0.417391,0.489796,0.613810,0.005129,0.004335,0.000742,0.005129,8,52,0,fixed,8,8,0,0,3.000000,4.000000
1020,random,8,1,27,2,2,2,0.848087,65.166700,0.106011,26,0.313209,52,0,2,0,0.313209,0.313209,0.000000,0.000000,0.313209,0.000000,52,0,1,0,34,20,26,95.833300,81.666700,65.166700,0.473901,0.288106,0.105927,0.015237,0.012107,0.000742,0.015237,8,52,0,fixed,8,8,0,0,3.000000,4.000000
1020,random,8,1,28,0,0,2,3.708142,95.833300,0.463518,34,0.313209,52,0,2,1,0.313209,0.313209,0.000000,0.000000,0.313209,0.000000,52,0,1,0,34,20,26,95.833300,81.666700,65.166700,0.489710,0.288106,0.102010,0.000742,-0.002274,-0.013489,0.000000,8,52,0,fixed,8,8,0,0,3.000000,4.000000
1020,random,8,1,29,1,1,2,2.365972,81.666700,0.295746,20,0.313209,52,0,2,1,0.313209,0.313209,0.000000,0.000000,0.313209,0.000000,52,0,1,0,34,20,26,95.833300,81.666700,65.166700,0.473901,0.303188,0.102010,0.003233,0.000742,-0.011074,0.003233,8,52,0,fixed,8,8,0,0,3.000000,4.000000
1020,random,8,1,30,2,2,2,0.848077,65.166700,0.106010,26,0.313209,52,0,1,1,0.313209,0.313209,0.000000,0.000000,0.313209,0.000000,52,0,1,0,34,20,26,95.833300,81.666700,65.166700,0.473901,0.288106,0.105927,0.015237,0.012107,0.000742,0.015237,8,52,0,fixed,8,8,0,0,3.000000,4.000000
1020,random,8,1,31,1,1,4,0.000000,81.666700,0.489796,20,0.313209,52,0,2,1,0.313209,0.313209,0.000000,0.000000,0.313209,0.000000,52,0,1,0,34,20,26,95.833300,81.666700,65.166700,0.417391,0.489796,0.613810,0.001518,0.000742,-0.002770,0.001518,8,52,0,fixed,8,8,0,0,3.000000,4.000000
1020,random,8,1,32,0,0,2,3.874071,95.833300,0.484259,34,0.313209,52,0,0,0,0.313209,0.313209,0.000000,0.000000,0.313209,0.000000,52,0,1,0,34,20,26,95.833300,81.666700,65.166700,0.488114,0.288106,0.102010,0.000742,-0.002266,-0.013482,0.000000,8,52,0,fixed,8,8,0,0,3.000000,4.000000
1020,random,8,1,33,0,0,4,0.000000,95.833300,0.417391,34,0.313209,52,0,1,1,0.313209,0.313209,0.000000,0.000000,0.313209,0.000000,52,0,1,0,34,20,26,95.833300,81.666700,65.166700,0.417391,0.489796,0.613810,0.000742,-0.000031,-0.003526,0.000000,8,52,0,fixed,8,8,0,0,3.000000,4.000000
1020,random,8,1,34,2,2,2,0.848099,65.166700,0.106012,26,0.313209,52,0,2,0,0.313209,0.313209,0.000000,0.000000,0.313209,0.000000,52,0,1,0,34,20,26,95.833300,81.666700,65.166700,0.473901,0.288106,0.105927,0.015237,0.012107,0.000742,0.015237,8,52,0,fixed,8,8,0,0,3.000000,4.000000
1020,random,8,1,35,0,0,4,0.000000,95.833300,0.417391,34,0.313209,52,0,0,0,0.313209,0.313209,0.000000,0.000000,0.313209,0.000000,52,0,1,0,34,20,26,95.833300,81.666700,65.166700,0.417391,0.489796,0.613810,0.000742,-0.000031,-0.003526,0.000000,8,52,0,fixed,8,8,0,0,3.000000,4.000000
1020,random,8,1,36,2,2,3,0.000000,65.166700,1.534526,26,0.313209,52,0,0,1,0.313209,0.313209,0.000000,0.000000,0.313209,0.000000,52,0,1,-1,34,20,26,95.833300,81.666700,65.166700,1.043479,1.224489,1.534526,0.005713,0.004647,0.000742,0.005713,8,52,0,fixed,8,8,0,0,3.000000,4.000000
1020,random,8,1,37,2,2,2,0.848100,65.166700,0.106012,26,0.313209,52,0,0,1,0.313209,0.313209,0.000000,0.000000,0.313209,0.000000,52,0,1,0,34,20,26,95.833300,81.666700,65.166700,0.473901,0.288106,0.105927,0.015237,0.012107,0.000742,0.015237,8,52,0,fixed,8,8,0,0,3.000000,4.000000
1020,random,8,1,38,0,0,1,3.506847,95.833300,1.168949,34,0.313209,52,0,2,1,0.313209,0.313209,0.000000,0.000000,0.313209,0.000000,52,0,1,1,34,20,26,95.833300,81.666700,65.166700,1.168761,1.030844,0.687839,0.000742,-0.000635,-0.005183,0.000000,8,52,0,fixed,8,8,0,0,3.000000,4.000000
1020,random,8,1,39,2,2,2,0.000000,65.166700,0.100000,26,0.313209,52,1,0,1,0.313209,0.313209,0.000000,0.000000,0.313209,0.000000,52,0,0,0,34,20,26,95.833300,81.666700,65.166700,0.473901,0.288106,0.105934,0.015236,0.012106,0.000742,0.015236,8,52,0,fixed,8,8,0,0,3.000000,4.000000
1020,random,8,1,40,0,0,1,3.505679,95.833300,1.168560,34,0.313209,52,0,0,0,0.313209,0.313209,0.000000,0.000000,0.313209,0.000000,52,0,1,1,34,20,26,95.833300,81.666700,65.166700,1.168826,1.030844,0.687839,0.000742,-0.000635,-0.005183,0.000000,8,52,0,fixed,8,8,0,0,3.000000,4.000000
1020,random,8,1,41,0,0,2,3.973691,95.833300,0.496711,34,0.313209,52,0,2,1,0.313209,0.313209,0.000000,0.000000,0.313209,0.000000,52,0,1,0,34,20,26,95.833300,81.666700,65.166700,0.487156,0.288106,0.102010,0.000742,-0.002262,-0.013478,0.000000,8,52,0,fixed,8,8,0,0,3.000000,4.000000
1020,random,8,1,42,1,1,2,2.451299,81.666700,0.306412,20,0.313209,52,0,0,1,0.313209,0.313209,0.000000,0.000000,0.313209,0.000000,52,0,1,0,34,20,26,95.833300,81.666700,65.166700,0.473901,0.302122,0.102010,0.003247,0.000742,-0.011061,0.003247,8,52,0,fixed,8,8,0,0,3.000000,4.000000
1020,random,8,1,43,1,1,4,0.000000,81.666700,0.489796,20,0.313209,52,0,2,1,0.313209,0.313209,0.000000,0.000000,0.313209,0.000000,52,0,1,0,34,20,26,95.833300,81.666700,65.166700,0.417391,0.489796,0.613810,0.001518,0.000742,-0.002770,0.001518,8,52,0,fixed,8,8,0,0,3.000000,4.000000
1020,random,8,1,44,2,2,2,0.848076,65.166700,0.106009,26,0.313209,52,0,0,1,0.313209,0.313209,0.000000,0.000000,0.313209,0.000000,52,0,1,0,34,20,26,95.833300,81.666700,65.166700,0.473901,0.288106,0.105927,0.015237,0.012107,0.000742,0.015237,8,52,0,fixed,8,8,0,0,3.000000,4.000000
1020,random,8,1,45,0,0,4,0.000000,95.833300,0.417391,34,0.313209,52,0,0,0,0.313209,0.313209,0.000000,0.000000,0.313209,0.000000,52,0,1,0,34,20,26,95.833300,81.666700,65.166700,0.417391,0.489796,0.613810,0.000742,-0.000031,-0.003526,0.000000,8,52,0,fixed,8,8,0,0,3.000000,4.000000
1020,random,8,1,46,0,0,1,3.505679,95.833300,1.168560,34,0.313209,52,0,1,1,0.313209,0.313209,0.000000,0.000000,0.313209,0.000000,52,0,1,1,34,20,26,95.833300,81.666700,65.166700,1.168826,1.030844,0.687839,0.000742,-0.000635,-0.005183,0.000000,8,52,0,fixed,8,8,0,0,3.000000,4.000000
1020,random,8,1,47,0,0,2,3.973703,95.833300,0.496713,34,0.313209,52,0,2,1,0.313209,0.313209,0.000000,0.000000,0.313209,0.000000,52,0,1,0,34,20,26,95.833300,81.666700,65.166700,0.487156,0.288106,0.102010,0.000742,-0.002262,-0.013478,0.000000,8,52,0,fixed,8,8,0,0,3.000000,4.000000
1020,random,8,1,48,2,2,2,0.848038,65.166700,0.106005,26,0.313209,52,0,2,0,0.313209,0.313209,0.000000,0.000000,0.313209,0.000000,52,0,1,0,34,20,26,95.833300,81.666700,65.166700,0.473901,0.288106,0.105928,0.015237,0.012106,0.000742,0.015237,8,52,0,fixed,8,8,0,0,3.000000,4.000000
1020,random,8,1,49,0,0,2,3.928773,95.833300,0.491097,34,0.313209,52,0,1,1,0.313209,0.313209,0.000000,0.000000,0.313209,0.000000,52,0,1,0,34,20,26,95.833300,81.666700,65.166700,0.487588,0.288106,0.102010,0.000742,-0.002264,-0.013480,0.000000,8,52,0,fixed,8,8,0,0,3.000000,4.000000
1020,random,8,1,50,0,0,4,0.000000,95.833300,0.417391,34,0.313209,52,0,2,1,0.313209,0.313209,0.000000,0.000000,0.313209,0.000000,52,0,1,0,34,20,26,95.833300,81.666700,65.166700,0.417391,0.489796,0.613810,0.000742,-0.000031,-0.003526,0.000000,8,52,0,fixed,8,8,0,0,3.000000,4.000000
1020,random,8,1,51,1,1,2,2.451346,81.666700,0.306418,20,0.313209,52,0,1,0,0.313209,0.313209,0.000000,0.000000,0.313209,0.000000,52,0,1,0,34,20,26,95.833300,81.666700,65.166700,0.473901,0.302121,0.102010,0.003247,0.000742,-0.011061,0.003247,8,52,0,fixed,8,8,0,0,3.000000,4.000000
1020,random,8,1,52,0,0,3,0.000000,95.833300,1.043479,34,0.313209,52,0,0,0,0.313209,0.313209,0.000000,0.000000,0.313209,0.000000,52,0,1,1,34,20,26,95.833300,81.666700,65.166700,1.043479,1.224489,1.534526,0.000742,-0.000291,-0.004076,0.000000,8,52,0,fixed,8,8,0,0,3.000000,4.000000
1020,random,8,1,53,0,0,3,0.000000,95.833300,1.043479,34,0.313209,52,0,2,1,0.313209,0.313209,0.000000,0.000000,0.313209,0.000000,52,0,1,1,34,20,26,95.833300,81.666700,65.166700,1.043479,1.224489,1.534526,0.000742,-0.000291,-0.004076,0.000000,8,52,0,fixed,8,8,0,0,3.000000,4.000000
1020,random,8,1,54,0,0,2,3.973703,95.833300,0.496713,34,0.313209,52,0,1,1,0.313209,0.313209,0.000000,0.000000,0.313209,0.000000,52,0,1,0,34,20,26,95.833300,81.666700,65.166700,0.487156,0.288106,0.102010,0.000742,-0.002262,-0.013478,0.000000,8,52,0,fixed,8,8,0,0,3.000000,4.000000
1020,random,8,1,55,0,0,4,0.000000,95.833300,0.417391,34,0.313209,52,0,1,1,0.313209,0.313209,0.000000,0.000000,0.313209,0.000000,52,0,1,0,34,20,26,95.833300,81.666700,65.166700,0.417391,0.489796,0.613810,0.000742,-0.000031,-0.003526,0.000000,8,52,0,fixed,8,8,0,0,3.000000,4.000000
1020,random,8,1,56,0,0,2,3.973703,95.833300,0.496713,34,0.313209,52,0,0,0,0.313209,0.313209,0.000000,0.000000,0.313209,0.000000,52,0,1,0,34,20,26,95.833300,81.666700,65.166700,0.487156,0.288106,0.102010,0.000742,-0.002262,-0.013478,0.000000,8,52,0,fixed,8,8,0,0,3.000000,4.000000
1020,random,8,1,57,0,0,2,3.973704,95.833300,0.496713,34,0.313209,52,0,1,1,0.313209,0.313209,0.000000,0.000000,0.313209,0.000000,52,0,1,0,34,20,26,95.833300,81.666700,65.166700,0.487156,0.288106,0.102010,0.000742,-0.002262,-0.013478,0.000000,8,52,0,fixed,8,8,0,0,3.000000,4.000000
1020,random,8,1,58,0,0,4,0.000000,95.833300,0.417391,34,0.313209,52,0,1,1,0.313209,0.313209,0.000000,0.000000,0.313209,0.000000,52,0,1,0,34,20,26,95.833300,81.666700,65.166700,0.417391,0.489796,0.613810,0.000742,-0.000031,-0.003526,0.000000,8,52,0,fixed,8,8,0,0,3.000000,4.000000
1020,random,8,1,59,0,0,4,0.000000,95.833300,0.417391,34,0.313209,52,0,0,0,0.313209,0.313209,0.000000,0.000000,0.313209,0.000000,52,0,1,0,34,20,26,95.833300,81.666700,65.166700,0.417391,0.489796,0.613810,0.000742,-0.000031,-0.003526,0.000000,8,52,0,fixed,8,8,0,0,3.000000,4.000000
1020,random,8,1,60,2,2,3,0.000000,65.166700,1.534526,26,0.313209,52,0,1,1,0.313209,0.313209,0.000000,0.000000,0.313209,0.000000,52,0,1,-1,34,20,26,95.833300,81.666700,65.166700,1.043479,1.224489,1.534526,0.005713,0.004647,0.000742,0.005713,8,52,0,fixed,8,8,0,0,3.000000,4.000000
1020,random,8,1,61,0,0,3,0.000000,95.833300,1.043479,34,0.313209,52,0,2,1,0.313209,0.313209,0.000000,0.000000,0.313209,0.000000,52,0,1,1,34,20,26,95.833300,81.666700,65.166700,1.043479,1.224489,1.534526,0.000742,-0.000291,-0.004076,0.000000,8,52,0,fixed,8,8,0,0,3.000000,4.000000
1020,random,8,1,62,0,0,1,3.504457,95.833300,1.168152,34,0.313209,52,0,0,0,0.313209,0.313209,0.000000,0.000000,0.313209,0.000000,52,0,1,1,34,20,26,95.833300,81.666700,65.166700,1.168894,1.030844,0.687839,0.000742,-0.000635,-0.005183,0.000000,8,52,0,fixed,8,8,0,0,3.000000,4.000000
1020,random,8,1,63,2,2,3,0.000000,65.166700,1.534526,26,0.313209,52,0,1,1,0.313209,0.313209,0.000000,0.000000,0.313209,0.000000,52,0,1,-1,34,20,26,95.833300,81.666700,65.166700,1.043479,1.224489,1.534526,0.005713,0.004647,0.000742,0.005713,8,52,0,fixed,8,8,0,0,3.000000,4.000000
1020,random,8,1,64,0,0,2,3.973704,95.833300,0.496713,34,0.313209,52,0,2,1,0.313209,0.313209,0.000000,0.000000,0.313209,0.000000,52,0,1,0,34,20,26,95.833300,81.666700,65.166700,0.487156,0.288106,0.102010,0.000742,-0.002262,-0.013478,0.000000,8,52,0,fixed,8,8,0,0,3.000000,4.000000
1020,random,8,1,65,0,0,3,0.000000,95.833300,1.043479,34,0.313209,52,0,0,0,0.313209,0.313209,0.000000,0.000000,0.313209,0.000000,52,0,1,1,34,20,26,95.833300,81.666700,65.166700,1.043479,1.224489,1.534526,0.000742,-0.000291,-0.004076,0.000000,8,52,0,fixed,8,8,0,0,3.000000,4.000000
1020,random,8,1,66,1,1,1,3.418672,81.666700,1.139557,20,0.313209,52,0,1,0,0.313209,0.313209,0.000000,0.000000,0.313209,0.000000,52,0,1,-1,34,20,26,95.833300,81.666700,65.166700,1.135394,1.063330,0.687839,0.001973,0.000742,-0.003938,0.001973,8,52,0,fixed,8,8,0,0,3.000000,4.000000
1020,random,8,1,67,0,0,1,3.507462,95.833300,1.169154,34,0.313209,52,0,2,1,0.313209,0.313209,0.000000,0.000000,0.313209,0.000000,52,0,1,1,34,20,26,95.833300,81.666700,65.166700,1.168727,1.030844,0.687839,0.000742,-0.000635,-0.005183,0.000000,8,52,0,fixed,8,8,0,0,3.000000,4.000000
1020,random,8,1,68,1,1,1,3.054599,81.666700,1.018200,20,0.313209,52,0,1,0,0.313209,0.313209,0.000000,0.000000,0.313209,0.000000,52,0,1,-1,34,20,26,95.833300,81.666700,65.166700,1.135394,1.103782,0.687839,0.001932,0.000742,-0.003977,0.001932,8,52,0,fixed,8,8,0,0,3.000000,4.000000
1020,random,8,1,69,1,1,4,0.000000,81.666700,0.489796,20,0.313209,52,0,2,1,0.313209,0.313209,0.000000,0.000000,0.313209,0.000000,52,0,1,0,34,20,26,95.833300,81.666700,65.166700,0.417391,0.489796,0.613810,0.001518,0.000742,-0.002770,0.001518,8,52,0,fixed,8,8,0,0,3.000000,4.000000
1020,random,8,1,70,0,0,1,3.506905,95.833300,1.168968,34,0.313209,52,0,2,1,0.313209,0.313209,0.000000,0.000000,0.313209,0.000000,52,0,1,1,34,20,26,95.833300,81.666700,65.166700,1.168758,1.030844,0.687839,0.000742,-0.000635,-0.005183,0.000000,8,52,0,fixed,8,8,0,0,3.000000,4.000000
1020,random,8,1,71,0,0,2,3.973680,95.833300,0.496710,34,0.313209,52,0,1,1,0.313209,0.313209,0.000000,0.000000,0.313209,0.000000,52,0,1,0,34,20,26,95.833300,81.666700,65.166700,0.487157,0.288106,0.102010,0.000742,-0.002262,-0.013478,0.000000,8,52,0,fixed,8,8,0,0,3.000000,4.000000
1020,random,8,1,72,2,2,1,2.152582,65.166700,0.717527,26,0.313209,52,0,2,0,0.313209,0.313209,0.000000,0.000000,0.313209,0.000000,52,0,1,-1,34,20,26,95.833300,81.666700,65.166700,1.135394,1.030844,0.713216,0.006700,0.005334,0.000742,0.006700,8,52,0,fixed,8,8,0,0,3.000000,4.000000
1020,random,8,1,73,1,1,2,2.451358,81.666700,0.306420,20,0.313209,52,0,0,1,0.313209,0.313209,0.000000,0.000000,0.313209,0.000000,52,0,1,0,34,20,26,95.833300,81.666700,65.166700,0.473901,0.302121,0.102010,0.003247,0.000742,-0.011061,0.003247,8,52,0,fixed,8,8,0,0,3.000000,4.000000
1020,random,8,1,74,1,1,2,2.451311,81.666700,0.306414,20,0.313209,52,0,2,1,0.313209,0.313209,0.000000,0.000000,0.313209,0.000000,52,0,1,0,34,20,26,95.833300,81.666700,65.166700,0.473901,0.302122,0.102010,0.003247,0.000742,-0.011061,0.003247,8,52,0,fixed,8,8,0,0,3.000000,4.000000
1020,random,8,1,75,2,2,2,0.848039,65.166700,0.106005,26,0.313209,52,0,2,0,0.313209,0.313209,0.000000,0.000000,0.313209,0.000000,52,0,1,0,34,20,26,95.833300,81.666700,65.166700,0.473901,0.288106,0.105928,0.015237,0.012106,0.000742,0.015237,8,52,0,fixed,8,8,0,0,3.000000,4.000000
1020,random,8,1,76,0,0,1,3.507516,95.833300,1.169172,34,0.313209,52,0,0,0,0.313209,0.313209,0.000000,0.000000,0.313209,0.000000,52,0,1,1,34,20,26,95.833300,81.666700,65.166700,1.168724,1.030844,0.687839,0.000742,-0.000635,-0.005183,0.000000,8,52,0,fixed,8,8,0,0,3.000000,4.000000
1020,random,8,1,77,1,1,2,2.451382,81.666700,0.306423,20,0.313209,52,0,1,0,0.313209,0.313209,0.000000,0.000000,0.313209,0.000000,52,0,1,0,34,20,26,95.833300,81.666700,65.166700,0.473901,0.302121,0.102010,0.003247,0.000742,-0.011061,0.003247,8,52,0,fixed,8,8,0,0,3.000000,4.000000
1020,random,8,1,78,0,0,2,3.973669,95.833300,0.496709,34,0.313209,52,0,2,1,0.313209,0.313209,0.000000,0.000000,0.313209,0.000000,52,0,1,0,34,20,26,95.833300,81.666700,65.166700,0.487157,0.288106,0.102010,0.000742,-0.002262,-0.013478,0.000000,8,52,0,fixed,8,8,0,0,3.000000,4.000000
1020,random,8,1,79,0,0,2,3.973690,95.833300,0.496711,34,0.313209,52,0,0,0,0.313209,0.313209,0.000000,0.000000,0.313209,0.000000,52,0,1,0,34,20,26,95.833300,81.666700,65.166700,0.487156,0.288106,0.102010,0.000742,-0.002262,-0.013478,0.000000,8,52,0,fixed,8,8,0,0,3.000000,4.000000
1020,random,8,1,80,2,2,2,0.846946,65.166700,0.105868,26,0.313209,52,0,2,0,0.313209,0.313209,0.000000,0.000000,0.313209,0.000000,52,0,1,0,34,20,26,95.833300,81.666700,65.166700,0.473901,0.288106,0.105939,0.015235,0.012105,0.000742,0.015235,8,52,0,fixed,8,8,0,0,3.000000,4.000000
1020,random,8,2,1,0,0,4,0.000000,99.833300,0.400668,27,0.123270,50,0,0,0,0.123270,0.123270,0.000000,0.000000,0.123270,-0.189940,54,0,1,0,27,21,32,99.833300,80.166700,1342.000000,0.400668,0.498960,0.029806,0.003471,0.003412,-0.004234,0.003412,8,54,0,fixed,8,8,0,0,3.000000,4.000000
1020,random,8,2,2,0,0,3,0.000000,99.833300,1.001670,27,0.123270,50,0,0,0,0.123270,0.123270,0.000000,0.000000,0.123270,-0.189940,54,0,1,1,27,21,32,99.833300,80.166700,1342.000000,1.001670,1.247401,0.074516,0.003471,0.003353,-0.000839,0.003353,8,54,0,fixed,8,8,0,0,3.000000,4.000000
1020,random,8,2,3,0,0,2,6.736621,99.833300,0.842078,27,0.123270,50,0,2,1,0.123270,0.123270,0.000000,0.000000,0.123270,-0.189940,54,0,1,-1,27,21,32,99.833300,80.166700,1342.000000,0.679683,0.304906,0.053327,0.003471,0.002941,-0.001753,0.002941,8,54,0,fixed,8,8,0,0,3.000000,4.000000
1020,random,8,2,4,2,2,3,0.000000,1342.000000,0.074516,32,0.123270,50,0,1,1,0.123270,0.123270,0.000000,0.000000,0.123270,-0.189940,54,0,1,0,27,21,32,99.833300,80.166700,1342.000000,1.001670,1.247401,0.074516,0.008096,0.007969,0.003471,0.008096,8,54,0,fixed,8,8,0,0,3.000000,4.000000
1020,random,8,2,5,1,1,1,3.240137,80.166700,1.080046,21,0.123270,50,0,2,1,0.123270,0.123270,0.000000,0.000000,0.123270,-0.189940,54,0,1,-1,27,21,32,99.833300,80.166700,1342.000000,1.129921,1.130640,0.535988,0.003620,0.003471,0.001487,0.003620,8,54,0,fixed,8,8,0,0,3.000000,4.000000
1020,random,8,2,6,1,1,1,4.251009,80.166700,1.417003,21,0.123270,50,0,2,1,0.123270,0.123270,0.000000,0.000000,0.123270,-0.189940,54,0,1,-1,27,21,32,99.833300,80.166700,1342.000000,1.129921,1.046401,0.535988,0.003634,0.003471,0.001500,0.003634,8,54,0,fixed,8,8,0,0,3.000000,4.000000
1020,random,8,2,7,0,0,2,5.428345,99.833300,0.678543,27,0.123270,50,0,1,1,0.123270,0.123270,0.000000,0.000000,0.123270,-0.189940,54,0,1,-1,27,21,32,99.833300,80.166700,1342.000000,0.694550,0.304906,0.053327,0.003471,0.002935,-0.001759,0.002935,8,54,0,fixed,8,8,0,0,3.000000,4.000000
1020,random,8,2,8,2,2,1,1.343838,1342.000000,0.447946,32,0.123270,50,0,1,1,0.123270,0.123270,0.000000,0.000000,0.123270,-0.189940,54,0,1,0,27,21,32,99.833300,80.166700,1342.000000,1.129921,1.069588,0.573696,0.005637,0.005463,0.003471,0.005637,8,54,0,fixed,8,8,0,0,3.000000,4.000000
1020,random,8,2,9,0,0,2,5.481889,99.833300,0.685236,27,0.123270,50,0,1,1,0.123270,0.123270,0.000000,0.000000,0.123270,-0.189940,54,0,1,-1,27,21,32,99.833300,80.166700,1342.000000,0.693941,0.304906,0.053327,0.003471,0.002935,-0.001759,0.002935,8,54,0,fixed,8,8,0,0,3.000000,4.000000
1020,random,8,2,10,1,1,2,2.483004,80.166700,0.310375,21,0.123270,50,0,2,1,0.123270,0.123270,0.000000,0.000000,0.123270,-0.189940,54,0,1,0,27,21,32,99.833300,80.166700,1342.000000,0.668458,0.320556,0.053327,0.003927,0.003471,-0.001320,0.003927,8,54,0,fixed,8,8,0,0,3.000000,4.000000
1020,random,8,2,11,2,2,2,0.466659,1342.000000,0.058332,32,0.123270,50,0,0,1,0.123270,0.123270,0.000000,0.000000,0.123270,-0.189940,54,0,1,0,27,21,32,99.833300,80.166700,1342.000000,0.668458,0.304906,0.054797,0.008912,0.008353,0.003471,0.008912,8,54,0,fixed,8,8,0,0,3.000000,4.000000
1020,random,8,2,12,2,2,2,0.468856,1342.000000,0.058607,32,0.123270,50,0,0,1,0.123270,0.123270,0.000000,0.000000,0.123270,-0.189940,54,0,1,0,27,21,32,99.833300,80.166700,1342.000000,0.668458,0.304906,0.054781,0.008914,0.008355,0.003471,0.008914,8,54,0,fixed,8,8,0,0,3.000000,4.000000
1020,random,8,2,13,2,2,2,0.469950,1342.000000,0.058744,32,0.123270,50,0,2,0,0.123270,0.123270,0.000000,0.000000,0.123270,-0.189940,54,0,1,0,27,21,32,99.833300,80.166700,1342.000000,0.668458,0.304906,0.054772,0.008914,0.008355,0.003471,0.008914,8,54,0,fixed,8,8,0,0,3.000000,4.000000
1020,random,8,2,14,0,0,4,0.000000,99.833300,0.400668,27,0.123270,50,0,0,0,0.123270,0.123270,0.000000,0.000000,0.123270,-0.189940,54,0,1,0,27,21,32,99.833300,80.166700,1342.000000,0.400668,0.498960,0.029806,0.003471,0.003412,-0.004234,0.003412,8,54,0,fixed,8,8,0,0,3.000000,4.000000
1020,random,8,2,15,0,0,2,5.355109,99.833300,0.669389,27,0.123270,50,0,1,1,0.123270,0.123270,0.000000,0.000000,0.123270,-0.189940,54,0,1,-1,27,21,32,99.833300,80.166700,1342.000000,0.695382,0.304906,0.053327,0.003471,0.002935,-0.001759,0.002935,8,54,0,fixed,8,8,0,0,3.000000,4.000000
1020,random,8,2,16,0,0,4,0.000000,99.833300,0.400668,27,0.123270,50,0,2,1,0.123270,0.123270,0.000000,0.000000,0.123270,-0.189940,54,0,1,0,27,21,32,99.833300,80.166700,1342.000000,0.400668,0.498960,0.029806,0.003471,0.003412,-0.004234,0.003412,8,54,0,fixed,8,8,0,0,3.000000,4.000000
1020,random,8,2,17,2,2,2,0.462299,1342.000000,0.057787,32,0.123270,50,0,0,1,0.123270,0.123270,0.000000,0.000000,0.123270,-0.189940,54,0,1,0,27,21,32,99.833300,80.166700,1342.000000,0.668458,0.304906,0.054829,0.008910,0.008351,0.003471,0.008910,8,54,0,fixed,8,8,0,0,3.000000,4.000000
1020,random,8,2,18,1,1,4,0.000000,80.166700,0.498960,21,0.123270,50,0,2,1,0.123270,0.123270,0.000000,0.000000,0.123270,-0.189940,54,0,1,0,27,21,32,99.833300,80.166700,1342.000000,0.400668,0.498960,0.029806,0.003530,0.003471,-0.004182,0.003530,8,54,0,fixed,8,8,0,0,3.000000,4.000000
1020,random,8,2,19,2,2,1,2.302724,1342.000000,0.767575,32,0.123270,50,0,1,1,0.123270,0.123270,0.000000,0.000000,0.123270,-0.189940,54,0,1,-1,27,21,32,99.833300,80.166700,1342.000000,1.129921,1.069588,0.509770,0.005681,0.005507,0.003471,0.005681,8,54,0,fixed,8,8,0,0,3.000000,4.000000
1020,random,8,2,20,1,1,2,2.567191,80.166700,0.320899,21,0.123270,50,0,1,0,0.123270,0.123270,0.000000,0.000000,0.123270,-0.189940,54,0,1,0,27,21,32,99.833300,80.166700,1342.000000,0.668458,0.319241,0.053327,0.003929,0.003471,-0.001317,0.003929,8,54,0,fixed,8,8,0,0,3.000000,4.000000
1020,random,8,2,21,2,2,2,0.455718,1342.000000,0.056965,32,0.123270,50,0,0,1,0.123270,0.123270,0.000000,0.000000,0.123270,-0.189940,54,0,1,0,27,21,32,99.833300,80.166700,1342.000000,0.668458,0.304906,0.054877,0.008907,0.008348,0.003471,0.008907,8,54,0,fixed,8,8,0,0,3.000000,4.000000
1020,random,8,2,22,1,1,4,0.000000,80.166700,0.498960,21,0.123270,50,0,2,1,0.123270,0.123270,0.000000,0.000000,0.123270,-0.189940,54,0,1,0,27,21,32,99.833300,80.166700,1342.000000,0.400668,0.498960,0.029806,0.003530,0.003471,-0.004182,0.003530,8,54,0,fixed,8,8,0,0,3.000000,4.000000
1020,random,8,2,23,0,0,1,4.364019,99.833300,1.454673,27,0.123270,50,0,2,1,0.123270,0.123270,0.000000,0.000000,0.123270,-0.189940,54,0,1,1,27,21,32,99.833300,80.166700,1342.000000,1.077469,1.069588,0.535988,0.003471,0.003305,0.001344,0.003305,8,54,0,fixed,8,8,0,0,3.000000,4.000000
1020,random,8,2,24,2,2,2,0.471066,1342.000000,0.058883,32,0.123270,50,0,2,0,0.123270,0.123270,0.000000,0.000000,0.123270,-0.189940,54,0,1,0,27,21,32,99.833300,80.166700,1342.000000,0.668458,0.304906,0.054764,0.008915,0.008356,0.003471,0.008915,8,54,0,fixed,8,8,0,0,3.000000,4.000000
1020,random,8,2,25,0,0,3,0.000000,99.833300,1.001670,27,0.123270,50,0,1,1,0.123270,0.123270,0.000000,0.000000,0.123270,-0.189940,54,0,1,1,27,21,32,99.833300,80.166700,1342.000000,1.001670,1.247401,0.074516,0.003471,0.003353,-0.000839,0.003353,8,54,0,fixed,8,8,0,0,3.000000,4.000000
1020,random,8,2,26,2,2,4,0.000000,1342.000000,0.029806,32,0.123270,50,0,0,1,0.123270,0.123270,0.000000,0.000000,0.123270,-0.189940,54,0,1,0,27,21,32,99.833300,80.166700,1342.000000,0.400668,0.498960,0.029806,0.012242,0.012174,0.003471,0.012242,8,54,0,fixed,8,8,0,0,3.000000,4.000000
1020,random,8,2,27,2,2,2,0.456823,1342.000000,0.057103,32,0.123270,50,0,2,0,0.123270,0.123270,0.000000,0.000000,0.123270,-0.189940,54,0,1,0,27,21,32,99.833300,80.166700,1342.000000,0.668458,0.304906,0.054869,0.008907,0.008348,0.003471,0.008907,8,54,0,fixed,8,8,0,0,3.000000,4.000000
1020,random,8,2,28,2,2,2,0.471066,1342.000000,0.058883,32,0.123270,50,0,0,1,0.123270,0.123270,0.000000,0.000000,0.123270,-0.189940,54,0,1,0,27,21,32,99.833300,80.166700,1342.000000,0.668458,0.304906,0.054764,0.008915,0.008356,0.003471,0.008915,8,54,0,fixed,8,8,0,0,3.000000,4.000000
1020,random,8,2,29,2,2,2,0.471055,1342.000000,0.058882,32,0.123270,50,0,1,1,0.123270,0.123270,0.000000,0.000000,0.123270,-0.189940,54,0,1,0,27,21,32,99.833300,80.166700,1342.000000,0.668458,0.304906,0.054764,0.008915,0.008356,0.003471,0.008915,8,54,0,fixed,8,8,0,0,3.000000,4.000000
1020,random,8,2,30,1,1,2,2.568306,80.166700,0.321038,21,0.123270,50,0,0,1,0.123270,0.123270,0.000000,0.000000,0.123270,-0.189940,54,0,1,0,27,21,32,99.833300,80.166700,1342.000000,0.668458,0.319223,0.053327,0.003929,0.003471,-0.001317,0.003929,8,54,0,fixed,8,8,0,0,3.000000,4.000000
1020,random,8,2,31,2,2,4,0.000000,1342.000000,0.029806,32,0.123270,50,0,2,0,0.123270,0.123270,0.000000,0.000000,0.123270,-0.189940,54,0,1,0,27,21,32,99.833300,80.166700,1342.000000,0.400668,0.498960,0.029806,0.012242,0.012174,0.003471,0.012242,8,54,0,fixed,8,8,0,0,3.000000,4.000000
1020,random,8,2,32,0,0,2,5.409734,99.833300,0.676217,27,0.123270,50,0,2,1,0.123270,0.123270,0.000000,0.000000,0.123270,-0.189940,54,0,1,-1,27,21,32,99.833300,80.166700,1342.000000,0.694761,0.304906,0.053327,0.003471,0.002935,-0.001759,0.002935,8,54,0,fixed,8,8,0,0,3.000000,4.000000
1020,random,8,2,33,1,1,4,0.000000,80.166700,0.498960,21,0.123270,50,0,1,0,0.123270,0.123270,0.000000,0.000000,0.123270,-0.189940,54,0,1,0,27,21,32,99.833300,80.166700,1342.000000,0.400668,0.498960,0.029806,0.003530,0.003471,-0.004182,0.003530,8,54,0,fixed,8,8,0,0,3.000000,4.000000
1020,random,8,2,34,2,2,2,0.458985,1342.000000,0.057373,32,0.123270,50,0,1,1,0.123270,0.123270,0.000000,0.000000,0.123270,-0.189940,54,0,1,0,27,21,32,99.833300,80.166700,1342.000000,0.668458,0.304906,0.054853,0.008908,0.008350,0.003471,0.008908,8,54,0,fixed,8,8,0,0,3.000000,4.000000
1020,random,8,2,35,0,0,4,0.000000,99.833300,0.400668,27,0.123270,50,0,2,1,0.123270,0.123270,0.000000,0.000000,0.123270,-0.189940,54,0,1,0,27,21,32,99.833300,80.166700,1342.000000,0.400668,0.498960,0.029806,0.003471,0.003412,-0.004234,0.003412,8,54,0,fixed,8,8,0,0,3.000000,4.000000
1020,random,8,2,36,0,0,3,0.000000,99.833300,1.001670,27,0.123270,50,0,2,1,0.123270,0.123270,0.000000,0.000000,0.123270,-0.189940,54,0,1,1,27,21,32,99.833300,80.166700,1342.000000,1.001670,1.247401,0.074516,0.003471,0.003353,-0.000839,0.003353,8,54,0,fixed,8,8,0,0,3.000000,4.000000
1020,random,8,2,37,0,0,2,5.480796,99.833300,0.685099,27,0.123270,50,0,1,1,0.123270,0.123270,0.000000,0.000000,0.123270,-0.189940,54,0,1,-1,27,21,32,99.833300,80.166700,1342.000000,0.693954,0.304906,0.053327,0.003471,0.002935,-0.001759,0.002935,8,54,0,fixed,8,8,0,0,3.000000,4.000000
1020,random,8,2,38,2,2,1,1.380492,1342.000000,0.460164,32,0.123270,50,0,2,0,0.123270,0.123270,0.000000,0.000000,0.123270,-0.189940,54,0,1,0,27,21,32,99.833300,80.166700,1342.000000,1.129921,1.069588,0.571252,0.005638,0.005465,0.003471,0.005638,8,54,0,fixed,8,8,0,0,3.000000,4.000000
1020,random,8,2,39,0,0,2,5.472043,99.833300,0.684005,27,0.123270,50,0,2,1,0.123270,0.123270,0.000000,0.000000,0.123270,-0.189940,54,0,1,-1,27,21,32,99.833300,80.166700,1342.000000,0.694053,0.304906,0.053327,0.003471,0.002935,-0.001759,0.002935,8,54,0,fixed,8,8,0,0,3.000000,4.000000
1020,random,8,2,40,0,0,1,3.506452,99.833300,1.168817,27,0.123270,50,0,2,1,0.123270,0.123270,0.000000,0.000000,0.123270,-0.189940,54,0,1,1,27,21,32,99.833300,80.166700,1342.000000,1.172754,1.069588,0.535988,0.003471,0.003290,0.001330,0.003290,8,54,0,fixed,8,8,0,0,3.000000,4.000000
1020,random,8,2,41,2,2,2,0.469973,1342.000000,0.058747,32,0.123270,50,0,2,0,0.123270,0.123270,0.000000,0.000000,0.123270,-0.189940,54,0,1,0,27,21,32,99.833300,80.166700,1342.000000,0.668458,0.304906,0.054772,0.008914,0.008355,0.003471,0.008914,8,54,0,fixed,8,8,0,0,3.000000,4.000000
1020,random,8,2,42,0,0,2,5.467705,99.833300,0.683463,27,0.123270,50,0,0,0,0.123270,0.123270,0.000000,0.000000,0.123270,-0.189940,54,0,1,-1,27,21,32,99.833300,80.166700,1342.000000,0.694102,0.304906,0.053327,0.003471,0.002935,-0.001759,0.002935,8,54,0,fixed,8,8,0,0,3.000000,4.000000
1020,random,8,2,43,2,2,4,0.000000,1342.000000,0.029806,32,0.123270,50,0,0,1,0.123270,0.123270,0.000000,0.000000,0.123270,-0.189940,54,0,1,0,27,21,32,99.833300,80.166700,1342.000000,0.400668,0.498960,0.029806,0.012242,0.012174,0.003471,0.012242,8,54,0,fixed,8,8,0,0,3.000000,4.000000
1020,random,8,2,44,0,0,2,5.466559,99.833300,0.683320,27,0.123270,50,0,0,0,0.123270,0.123270,0.000000,0.000000,0.123270,-0.189940,54,0,1,-1,27,21,32,99.833300,80.166700,1342.000000,0.694115,0.304906,0.053327,0.003471,0.002935,-0.001759,0.002935,8,54,0,fixed,8,8,0,0,3.000000,4.000000
1020,random,8,2,45,0,0,4,0.000000,99.833300,0.400668,27,0.123270,50,0,1,1,0.123270,0.123270,0.000000,0.000000,0.123270,-0.189940,54,0,1,0,27,21,32,99.833300,80.166700,1342.000000,0.400668,0.498960,0.029806,0.003471,0.003412,-0.004234,0.003412,8,54,0,fixed,8,8,0,0,3.000000,4.000000
1020,random,8,2,46,1,1,1,3.336208,80.166700,1.112069,21,0.123270,50,0,2,1,0.123270,0.123270,0.000000,0.000000,0.123270,-0.189940,54,0,1,-1,27,21,32,99.833300,80.166700,1342.000000,1.129921,1.122634,0.535988,0.003622,0.003471,0.001488,0.003622,8,54,0,fixed,8,8,0,0,3.000000,4.000000
1020,random,8,2,47,2,2,2,0.205452,1342.000000,0.025682,32,0.123270,50,1,0,1,0.123270,0.123270,0.000000,0.000000,0.123270,-0.189940,54,0,1,0,27,21,32,99.833300,80.166700,1342.000000,0.668458,0.304906,0.056717,0.008782,0.008224,0.003471,0.008782,8,54,0,fixed,8,8,0,0,3.000000,4.000000
1020,random,8,2,48,2,2,2,0.458914,1342.000000,0.057364,32,0.123270,50,0,2,0,0.123270,0.123270,0.000000,0.000000,0.123270,-0.189940,54,0,1,0,27,21,32,99.833300,80.166700,1342.000000,0.668458,0.304906,0.054854,0.008908,0.008349,0.003471,0.008908,8,54,0,fixed,8,8,0,0,3.000000,4.000000
1020,random,8,2,49,1,1,2,2.564976,80.166700,0.320622,21,0.123270,50,0,0,1,0.123270,0.123270,0.000000,0.000000,0.123270,-0.189940,54,0,1,0,27,21,32,99.833300,80.166700,1342.000000,0.668458,0.319276,0.053327,0.003929,0.003471,-0.001317,0.003929,8,54,0,fixed,8,8,0,0,3.000000,4.000000
1020,random,8,2,50,2,2,4,0.000000,1342.000000,0.029806,32,0.123270,50,0,0,1,0.123270,0.123270,0.000000,0.000000,0.123270,-0.189940,54,0,1,0,27,21,32,99.833300,80.166700,1342.000000,0.400668,0.498960,0.029806,0.012242,0.012174,0.003471,0.012242,8,54,0,fixed,8,8,0,0,3.000000,4.000000
1020,random,8,2,51,1,1,2,2.562851,80.166700,0.320356,21,0.123270,50,0,2,1,0.123270,0.123270,0.000000,0.000000,0.123270,-0.189940,54,0,1,0,27,21,32,99.833300,80.166700,1342.000000,0.668458,0.319309,0.053327,0.003929,0.003471,-0.001318,0.003929,8,54,0,fixed,8,8,0,0,3.000000,4.000000
1020,random,8,2,52,0,0,3,0.000000,99.833300,1.001670,27,0.123270,50,0,0,0,0.123270,0.123270,0.000000,0.000000,0.123270,-0.189940,54,0,1,1,27,21,32,99.833300,80.166700,1342.000000,1.001670,1.247401,0.074516,0.003471,0.003353,-0.000839,0.003353,8,54,0,fixed,8,8,0,0,3.000000,4.000000
1020,random,8,2,53,2,2,3,0.000000,1342.000000,0.074516,32,0.123270,50,0,1,1,0.123270,0.123270,0.000000,0.000000,0.123270,-0.189940,54,0,1,0,27,21,32,99.833300,80.166700,1342.000000,1.001670,1.247401,0.074516,0.008096,0.007969,0.003471,0.008096,8,54,0,fixed,8,8,0,0,3.000000,4.000000
1020,random,8,2,54,1,1,2,2.564978,80.166700,0.320622,21,0.123270,50,0,2,1,0.123270,0.123270,0.000000,0.000000,0.123270,-0.189940,54,0,1,0,27,21,32,99.833300,80.166700,1342.000000,0.668458,0.319275,0.053327,0.003929,0.003471,-0.001317,0.003929,8,54,0,fixed,8,8,0,0,3.000000,4.000000
1020,random,8,2,55,1,1,4,0.000000,80.166700,0.498960,21,0.123270,50,0,1,0,0.123270,0.123270,0.000000,0.000000,0.123270,-0.189940,54,0,1,0,27,21,32,99.833300,80.166700,1342.000000,0.400668,0.498960,0.029806,0.003530,0.003471,-0.004182,0.003530,8,54,0,fixed,8,8,0,0,3.000000,4.000000
1020,random,8,2,56,0,0,2,5.392199,99.833300,0.674025,27,0.123270,50,0,0,0,0.123270,0.123270,0.000000,0.000000,0.123270,-0.189940,54,0,1,-1,27,21,32,99.833300,80.166700,1342.000000,0.694960,0.304906,0.053327,0.003471,0.002935,-0.001759,0.002935,8,54,0,fixed,8,8,0,0,3.000000,4.000000
1020,random,8,2,57,1,1,2,2.566088,80.166700,0.320761,21,0.123270,50,0,1,0,0.123270,0.123270,0.000000,0.000000,0.123270,-0.189940,54,0,1,0,27,21,32,99.833300,80.166700,1342.000000,0.668458,0.319258,0.053327,0.003929,0.003471,-0.001317,0.003929,8,54,0,fixed,8,8,0,0,3.000000,4.000000
1020,random,8,2,58,1,1,4,0.000000,80.166700,0.498960,21,0.123270,50,0,1,0,0.123270,0.123270,0.000000,0.000000,0.123270,-0.189940,54,0,1,0,27,21,32,99.833300,80.166700,1342.000000,0.400668,0.498960,0.029806,0.003530,0.003471,-0.004182,0.003530,8,54,0,fixed,8,8,0,0,3.000000,4.000000
1020,random,8,2,59,0,0,4,0.000000,99.833300,0.400668,27,0.123270,50,0,2,1,0.123270,0.123270,0.000000,0.000000,0.123270,-0.189940,54,0,1,0,27,21,32,99.833300,80.166700,1342.000000,0.400668,0.498960,0.029806,0.003471,0.003412,-0.004234,0.003412,8,54,0,fixed,8,8,0,0,3.000000,4.000000
1020,random,8,2,60,1,1,3,0.000000,80.166700,1.247401,21,0.123270,50,0,2,1,0.123270,0.123270,0.000000,0.000000,0.123270,-0.189940,54,0,1,-1,27,21,32,99.833300,80.166700,1342.000000,1.001670,1.247401,0.074516,0.003590,0.003471,-0.000729,0.003590,8,54,0,fixed,8,8,0,0,3.000000,4.000000
1020,random,8,2,61,2,2,3,0.000000,1342.000000,0.074516,32,0.123270,50,0,0,1,0.123270,0.123270,0.000000,0.000000,0.123270,-0.189940,54,0,1,0,27,21,32,99.833300,80.166700,1342.000000,1.001670,1.247401,0.074516,0.008096,0.007969,0.003471,0.008096,8,54,0,fixed,8,8,0,0,3.000000,4.000000
1020,random,8,2,62,0,0,1,3.506614,99.833300,1.168871,27,0.123270,50,0,2,1,0.123270,0.123270,0.000000,0.000000,0.123270,-0.189940,54,0,1,1,27,21,32,99.833300,80.166700,1342.000000,1.172736,1.069588,0.535988,0.003471,0.003290,0.001330,0.003290,8,54,0,fixed,8,8,0,0,3.000000,4.000000
1020,random,8,2,63,1,1,3,0.000000,80.166700,1.247401,21,0.123270,50,0,1,0,0.123270,0.123270,0.000000,0.000000,0.123270,-0.189940,54,0,1,-1,27,21,32,99.833300,80.166700,1342.000000,1.001670,1.247401,0.074516,0.003590,0.003471,-0.000729,0.003590,8,54,0,fixed,8,8,0,0,3.000000,4.000000
1020,random,8,2,64,2,2,2,0.469955,1342.000000,0.058744,32,0.123270,50,0,2,0,0.123270,0.123270,0.000000,0.000000,0.123270,-0.189940,54,0,1,0,27,21,32,99.833300,80.166700,1342.000000,0.668458,0.304906,0.054772,0.008914,0.008355,0.003471,0.008914,8,54,0,fixed,8,8,0,0,3.000000,4.000000
1020,random,8,2,65,0,0,3,0.000000,99.833300,1.001670,27,0.123270,50,0,1,1,0.123270,0.123270,0.000000,0.000000,0.123270,-0.189940,54,0,1,1,27,21,32,99.833300,80.166700,1342.000000,1.001670,1.247401,0.074516,0.003471,0.003353,-0.000839,0.003353,8,54,0,fixed,8,8,0,0,3.000000,4.000000
1020,random,8,2,66,1,1,1,3.425114,80.166700,1.141705,21,0.123270,50,0,2,1,0.123270,0.123270,0.000000,0.000000,0.123270,-0.189940,54,0,1,-1,27,21,32,99.833300,80.166700,1342.000000,1.129921,1.115225,0.535988,0.003623,0.003471,0.001489,0.003623,8,54,0,fixed,8,8,0,0,3.000000,4.000000
1020,random,8,2,67,2,2,1,1.354834,1342.000000,0.451611,32,0.123270,50,0,2,0,0.123270,0.123270,0.000000,0.000000,0.123270,-0.189940,54,0,1,0,27,21,32,99.833300,80.166700,1342.000000,1.129921,1.069588,0.572963,0.005637,0.005464,0.003471,0.005637,8,54,0,fixed,8,8,0,0,3.000000,4.000000
1020,random,8,2,68,1,1,1,2.555350,80.166700,0.851783,21,0.123270,50,0,1,0,0.123270,0.123270,0.000000,0.000000,0.123270,-0.189940,54,0,1,-1,27,21,32,99.833300,80.166700,1342.000000,1.129921,1.187706,0.535988,0.003612,0.003471,0.001479,0.003612,8,54,0,fixed,8,8,0,0,3.000000,4.000000
1020,random,8,2,69,2,2,4,0.000000,1342.000000,0.029806,32,0.123270,50,0,1,1,0.123270,0.123270,0.000000,0.000000,0.123270,-0.189940,54,0,1,0,27,21,32,99.833300,80.166700,1342.000000,0.400668,0.498960,0.029806,0.012242,0.012174,0.003471,0.012242,8,54,0,fixed,8,8,0,0,3.000000,4.000000
1020,random,8,2,70,2,2,1,1.360332,1342.000000,0.453444,32,0.123270,50,0,0,1,0.123270,0.123270,0.000000,0.000000,0.123270,-0.189940,54,0,1,0,27,21,32,99.833300,80.166700,1342.000000,1.129921,1.069588,0.572596,0.005637,0.005464,0.003471,0.005637,8,54,0,fixed,8,8,0,0,3.000000,4.000000
1020,random,8,2,71,1,1,2,2.559458,80.166700,0.319932,21,0.123270,50,0,2,1,0.123270,0.123270,0.000000,0.000000,0.123270,-0.189940,54,0,1,0,27,21,32,99.833300,80.166700,1342.000000,0.668458,0.319362,0.053327,0.003929,0.003471,-0.001318,0.003929,8,54,0,fixed,8,8,0,0,3.000000,4.000000
1020,random,8,2,72,2,2,1,2.207057,1342.000000,0.735686,32,0.123270,50,0,2,0,0.123270,0.123270,0.000000,0.000000,0.123270,-0.189940,54,0,1,-1,27,21,32,99.833300,80.166700,1342.000000,1.129921,1.069588,0.516148,0.005676,0.005502,0.003471,0.005676,8,54,0,fixed,8,8,0,0,3.000000,4.000000
1020,random,8,2,73,0,0,2,5.466589,99.833300,0.683324,27,0.123270,50,0,2,1,0.123270,0.123270,0.000000,0.000000,0.123270,-0.189940,54,0,1,-1,27,21,32,99.833300,80.166700,1342.000000,0.694115,0.304906,0.053327,0.003471,0.002935,-0.001759,0.002935,8,54,0,fixed,8,8,0,0,3.000000,4.000000
1020,random,8,2,74,2,2,2,0.469962,1342.000000,0.058745,32,0.123270,50,0,2,0,0.123270,0.123270,0.000000,0.000000,0.123270,-0.189940,54,0,1,0,27,21,32,99.833300,80.166700,1342.000000,0.668458,0.304906,0.054772,0.008914,0.008355,0.003471,0.008914,8,54,0,fixed,8,8,0,0,3.000000,4.000000
1020,random,8,2,75,2,2,2,0.263362,1342.000000,0.032920,32,0.123270,50,0,1,1,0.123270,0.123270,0.000000,0.000000,0.123270,-0.189940,54,0,1,0,27,21,32,99.833300,80.166700,1342.000000,0.668458,0.304906,0.056291,0.008810,0.008252,0.003471,0.008810,8,54,0,fixed,8,8,0,0,3.000000,4.000000
1020,random,8,2,76,0,0,1,2.684152,99.833300,0.894717,27,0.123270,50,0,1,1,0.123270,0.123270,0.000000,0.000000,0.123270,-0.189940,54,0,1,-1,27,21,32,99.833300,80.166700,1342.000000,1.264121,1.069588,0.535988,0.003471,0.003279,0.001318,0.003279,8,54,0,fixed,8,8,0,0,3.000000,4.000000
1020,random,8,2,77,1,1,2,2.561757,80.166700,0.320220,21,0.123270,50,0,1,0,0.123270,0.123270,0.000000,0.000000,0.123270,-0.189940,54,0,1,0,27,21,32,99.833300,80.166700,1342.000000,0.668458,0.319326,0.053327,0.003929,0.003471,-0.001318,0.003929,8,54,0,fixed,8,8,0,0,3.000000,4.000000
1020,random,8,2,78,2,2,2,0.469938,1342.000000,0.058742,32,0.123270,50,0,1,1,0.123270,0.123270,0.000000,0.000000,0.123270,-0.189940,54,0,1,0,27,21,32,99.833300,80.166700,1342.000000,0.668458,0.304906,0.054773,0.008914,0.008355,0.003471,0.008914,8,54,0,fixed,8,8,0,0,3.000000,4.000000
1020,random,8,2,79,0,0,2,5.391131,99.833300,0.673891,27,0.123270,50,0,1,1,0.123270,0.123270,0.000000,0.000000,0.123270,-0.189940,54,0,1,-1,27,21,32,99.833300,80.166700,1342.000000,0.694973,0.304906,0.053327,0.003471,0.002935,-0.001759,0.002935,8,54,0,fixed,8,8,0,0,3.000000,4.000000
1020,random,8,2,80,2,2,2,0.458972,1342.000000,0.057372,32,0.123270,50,0,0,1,0.123270,0.123270,0.000000,0.000000,0.123270,-0.189940,54,0,1,0,27,21,32,99.833300,80.166700,1342.000000,0.668458,0.304906,0.054853,0.008908,0.008350,0.003471,0.008908,8,54,0,fixed,8,8,0,0,3.000000,4.000000
1020,random,8,3,1,0,0,4,0.000000,187.833000,0.212955,21,0.111555,49,0,1,1,0.111555,0.111555,0.000000,0.000000,0.111555,-0.011714,54,0,1,0,21,26,33,187.833000,1242.000000,55.666700,0.212955,0.032206,0.718562,0.001151,-0.003046,-0.000067,0.000000,8,54,0,fixed,8,8,0,0,3.000000,4.000000
1020,random,8,3,2,0,0,3,0.000000,187.833000,0.532388,21,0.111555,49,0,2,1,0.111555,0.111555,0.000000,0.000000,0.111555,-0.011714,54,0,1,-1,21,26,33,187.833000,1242.000000,55.666700,0.532388,0.080515,1.796406,0.001151,-0.000668,-0.000374,0.000000,8,54,0,fixed,8,8,0,0,3.000000,4.000000
1020,random,8,3,3,2,2,2,0.314756,55.666700,0.039345,33,0.111555,49,0,0,1,0.111555,0.111555,0.000000,0.000000,0.111555,-0.011714,54,0,1,0,21,26,33,187.833000,1242.000000,55.666700,0.746719,0.254649,0.041421,0.006670,0.006029,0.001151,0.006670,8,54,0,fixed,8,8,0,0,3.000000,4.000000
1020,random,8,3,4,1,1,3,0.000000,1242.000000,0.080515,26,0.111555,49,0,2,1,0.111555,0.111555,0.000000,0.000000,0.111555,-0.011714,54,0,1,0,21,26,33,187.833000,1242.000000,55.666700,0.532388,0.080515,1.796406,0.003031,0.001151,0.001455,0.003031,8,54,0,fixed,8,8,0,0,3.000000,4.000000
1020,random,8,3,5,2,2,1,0.839838,55.666700,0.279946,33,0.111555,49,0,1,1,0.111555,0.111555,0.000000,0.000000,0.111555,-0.011714,54,0,1,0,21,26,33,187.833000,1242.000000,55.666700,1.462475,1.351475,0.389819,0.003232,0.003041,0.001151,0.003232,8,54,0,fixed,8,8,0,0,3.000000,4.000000
1020,random,8,3,6,2,2,1,0.837394,55.666700,0.279131,33,0.111555,49,0,0,1,0.111555,0.111555,0.000000,0.000000,0.111555,-0.011714,54,0,1,0,21,26,33,187.833000,1242.000000,55.666700,1.462475,1.351475,0.389910,0.003232,0.003041,0.001151,0.003232,8,54,0,fixed,8,8,0,0,3.000000,4.000000
1020,random,8,3,7,1,1,2,2.123464,1242.000000,0.265433,26,0.111555,49,0,2,1,0.111555,0.111555,0.000000,0.000000,0.111555,-0.011714,54,0,1,0,21,26,33,187.833000,1242.000000,55.666700,0.746719,0.264353,0.040068,0.001694,0.001151,-0.003605,0.001694,8,54,0,fixed,8,8,0,0,3.000000,4.000000
1020,random,8,3,8,1,1,1,4.584798,1242.000000,1.528266,26,0.111555,49,0,0,1,0.111555,0.111555,0.000000,0.000000,0.111555,-0.011714,54,0,1,-1,21,26,33,187.833000,1242.000000,55.666700,1.462475,1.361851,0.367690,0.001330,0.001151,-0.000718,0.001330,8,54,0,fixed,8,8,0,0,3.000000,4.000000
1020,random,8,3,9,1,1,2,2.123464,1242.000000,0.265433,26,0.111555,49,0,2,1,0.111555,0.111555,0.000000,0.000000,0.111555,-0.011714,54,0,1,0,21,26,33,187.833000,1242.000000,55.666700,0.746719,0.264353,0.040068,0.001694,0.001151,-0.003605,0.001694,8,54,0,fixed,8,8,0,0,3.000000,4.000000
1020,random,8,3,10,2,2,2,0.416346,55.666700,0.052043,33,0.111555,49,0,0,1,0.111555,0.111555,0.000000,0.000000,0.111555,-0.011714,54,0,1,0,21,26,33,187.833000,1242.000000,55.666700,0.746719,0.254649,0.040514,0.006761,0.006119,0.001151,0.006761,8,54,0,fixed,8,8,0,0,3.000000,4.000000
1020,random,8,3,11,0,0,2,5.868743,187.833000,0.733593,21,0.111555,49,0,2,1,0.111555,0.111555,0.000000,0.000000,0.111555,-0.011714,54,0,1,-1,21,26,33,187.833000,1242.000000,55.666700,0.786702,0.254649,0.040068,0.001151,0.000548,-0.004117,0.000548,8,54,0,fixed,8,8,0,0,3.000000,4.000000
1020,random,8,3,12,0,0,2,5.867608,187.833000,0.733451,21,0.111555,49,0,0,0,0.111555,0.111555,0.000000,0.000000,0.111555,-0.011714,54,0,1,-1,21,26,33,187.833000,1242.000000,55.666700,0.786715,0.254649,0.040068,0.001151,0.000548,-0.004117,0.000548,8,54,0,fixed,8,8,0,0,3.000000,4.000000
1020,random,8,3,13,2,2,2,0.314721,55.666700,0.039340,33,0.111555,49,0,1,1,0.111555,0.111555,0.000000,0.000000,0.111555,-0.011714,54,0,1,0,21,26,33,187.833000,1242.000000,55.666700,0.746719,0.254649,0.041421,0.006670,0.006029,0.001151,0.006670,8,54,0,fixed,8,8,0,0,3.000000,4.000000
1020,random,8,3,14,0,0,4,0.000000,187.833000,0.212955,21,0.111555,49,0,2,1,0.111555,0.111555,0.000000,0.000000,0.111555,-0.011714,54,0,1,0,21,26,33,187.833000,1242.000000,55.666700,0.212955,0.032206,0.718562,0.001151,-0.003046,-0.000067,0.000000,8,54,0,fixed,8,8,0,0,3.000000,4.000000
1020,random,8,3,15,1,1,2,2.122345,1242.000000,0.265293,26,0.111555,49,0,2,1,0.111555,0.111555,0.000000,0.000000,0.111555,-0.011714,54,0,1,0,21,26,33,187.833000,1242.000000,55.666700,0.746719,0.264365,0.040068,0.001694,0.001151,-0.003605,0.001694,8,54,0,fixed,8,8,0,0,3.000000,4.000000
1020,random,8,3,16,2,2,4,0.000000,55.666700,0.718562,33,0.111555,49,0,1,1,0.111555,0.111555,0.000000,0.000000,0.111555,-0.011714,54,0,1,-1,21,26,33,187.833000,1242.000000,55.666700,0.212955,0.032206,0.718562,0.002397,-0.001892,0.001151,0.002397,8,54,0,fixed,8,8,0,0,3.000000,4.000000
1020,random,8,3,17,0,0,2,5.869818,187.833000,0.733727,21,0.111555,49,0,1,1,0.111555,0.111555,0.000000,0.000000,0.111555,-0.011714,54,0,1,-1,21,26,33,187.833000,1242.000000,55.666700,0.786690,0.254649,0.040068,0.001151,0.000548,-0.004117,0.000548,8,54,0,fixed,8,8,0,0,3.000000,4.000000
1020,random,8,3,18,2,2,4,0.000000,55.666700,0.718562,33,0.111555,49,0,1,1,0.111555,0.111555,0.000000,0.000000,0.111555,-0.011714,54,0,1,-1,21,26,33,187.833000,1242.000000,55.666700,0.212955,0.032206,0.718562,0.002397,-0.001892,0.001151,0.002397,8,54,0,fixed,8,8,0,0,3.000000,4.000000
1020,random,8,3,19,1,1,1,4.312029,1242.000000,1.437343,26,0.111555,49,0,1,0,0.111555,0.111555,0.000000,0.000000,0.111555,-0.011714,54,0,1,-1,21,26,33,187.833000,1242.000000,55.666700,1.462475,1.392158,0.367690,0.001328,0.001151,-0.000720,0.001328,8,54,0,fixed,8,8,0,0,3.000000,4.000000
1020,random,8,3,20,1,1,2,2.080843,1242.000000,0.260105,26,0.111555,49,0,1,0,0.111555,0.111555,0.000000,0.000000,0.111555,-0.011714,54,0,1,0,21,26,33,187.833000,1242.000000,55.666700,0.746719,0.264837,0.040068,0.001693,0.001151,-0.003606,0.001693,8,54,0,fixed,8,8,0,0,3.000000,4.000000
1020,random,8,3,21,0,0,2,5.873086,187.833000,0.734136,21,0.111555,49,0,1,1,0.111555,0.111555,0.000000,0.000000,0.111555,-0.011714,54,0,1,-1,21,26,33,187.833000,1242.000000,55.666700,0.786653,0.254649,0.040068,0.001151,0.000548,-0.004117,0.000548,8,54,0,fixed,8,8,0,0,3.000000,4.000000
1020,random,8,3,22,2,2,4,0.000000,55.666700,0.718562,33,0.111555,49,0,1,1,0.111555,0.111555,0.000000,0.000000,0.111555,-0.011714,54,0,1,-1,21,26,33,187.833000,1242.000000,55.666700,0.212955,0.032206,0.718562,0.002397,-0.001892,0.001151,0.002397,8,54,0,fixed,8,8,0,0,3.000000,4.000000
1020,random,8,3,23,2,2,1,0.838616,55.666700,0.279539,33,0.111555,49,0,1,1,0.111555,0.111555,0.000000,0.000000,0.111555,-0.011714,54,0,1,0,21,26,33,187.833000,1242.000000,55.666700,1.462475,1.351475,0.389864,0.003232,0.003041,0.001151,0.003232,8,54,0,fixed,8,8,0,0,3.000000,4.000000
1020,random,8,3,24,2,2,2,0.314769,55.666700,0.039346,33,0.111555,49,0,0,1,0.111555,0.111555,0.000000,0.000000,0.111555,-0.011714,54,0,1,0,21,26,33,187.833000,1242.000000,55.666700,0.746719,0.254649,0.041421,0.006670,0.006029,0.001151,0.006670,8,54,0,fixed,8,8,0,0,3.000000,4.000000
1020,random,8,3,25,1,1,3,0.000000,1242.000000,0.080515,26,0.111555,49,0,2,1,0.111555,0.111555,0.000000,0.000000,0.111555,-0.011714,54,0,1,0,21,26,33,187.833000,1242.000000,55.666700,0.532388,0.080515,1.796406,0.003031,0.001151,0.001455,0.003031,8,54,0,fixed,8,8,0,0,3.000000,4.000000
1020,random,8,3,26,0,0,4,0.000000,187.833000,0.212955,21,0.111555,49,0,1,1,0.111555,0.111555,0.000000,0.000000,0.111555,-0.011714,54,0,1,0,21,26,33,187.833000,1242.000000,55.666700,0.212955,0.032206,0.718562,0.001151,-0.003046,-0.000067,0.000000,8,54,0,fixed,8,8,0,0,3.000000,4.000000
1020,random,8,3,27,2,2,2,0.314732,55.666700,0.039342,33,0.111555,49,0,1,1,0.111555,0.111555,0.000000,0.000000,0.111555,-0.011714,54,0,1,0,21,26,33,187.833000,1242.000000,55.666700,0.746719,0.254649,0.041421,0.006670,0.006029,0.001151,0.006670,8,54,0,fixed,8,8,0,0,3.000000,4.000000
1020,random,8,3,28,0,0,2,5.865470,187.833000,0.733184,21,0.111555,49,0,1,1,0.111555,0.111555,0.000000,0.000000,0.111555,-0.011714,54,0,1,-1,21,26,33,187.833000,1242.000000,55.666700,0.786740,0.254649,0.040068,0.001151,0.000548,-0.004117,0.000548,8,54,0,fixed,8,8,0,0,3.000000,4.000000
1020,random,8,3,29,1,1,2,2.122382,1242.000000,0.265298,26,0.111555,49,0,2,1,0.111555,0.111555,0.000000,0.000000,0.111555,-0.011714,54,0,1,0,21,26,33,187.833000,1242.000000,55.666700,0.746719,0.264365,0.040068,0.001694,0.001151,-0.003605,0.001694,8,54,0,fixed,8,8,0,0,3.000000,4.000000
1020,random,8,3,30,0,0,2,6.384679,187.833000,0.798085,21,0.111555,49,0,0,0,0.111555,0.111555,0.000000,0.000000,0.111555,-0.011714,54,0,1,-1,21,26,33,187.833000,1242.000000,55.666700,0.780839,0.254649,0.040068,0.001151,0.000550,-0.004116,0.000550,8,54,0,fixed,8,8,0,0,3.000000,4.000000
1020,random,8,3,31,2,2,4,0.000000,55.666700,0.718562,33,0.111555,49,0,2,0,0.111555,0.111555,0.000000,0.000000,0.111555,-0.011714,54,0,1,-1,21,26,33,187.833000,1242.000000,55.666700,0.212955,0.032206,0.718562,0.002397,-0.001892,0.001151,0.002397,8,54,0,fixed,8,8,0,0,3.000000,4.000000
1020,random,8,3,32,2,2,2,0.316931,55.666700,0.039616,33,0.111555,49,0,1,1,0.111555,0.111555,0.000000,0.000000,0.111555,-0.011714,54,0,1,0,21,26,33,187.833000,1242.000000,55.666700,0.746719,0.254649,0.041402,0.006672,0.006031,0.001151,0.006672,8,54,0,fixed,8,8,0,0,3.000000,4.000000
1020,random,8,3,33,1,1,4,0.000000,1242.000000,0.032206,26,0.111555,49,1,1,0,0.111555,0.111555,0.000000,0.000000,0.111555,-0.011714,54,0,1,0,21,26,33,187.833000,1242.000000,55.666700,0.212955,0.032206,0.718562,0.005686,0.001151,0.004369,0.005686,8,54,0,fixed,8,8,0,0,3.000000,4.000000
1020,random,8,3,34,1,1,2,2.131102,1242.000000,0.266388,26,0.111555,49,0,1,0,0.111555,0.111555,0.000000,0.000000,0.111555,-0.011714,54,0,1,0,21,26,33,187.833000,1242.000000,55.666700,0.746719,0.264266,0.040068,0.001694,0.001151,-0.003605,0.001694,8,54,0,fixed,8,8,0,0,3.000000,4.000000
1020,random,8,3,35,2,2,4,0.000000,55.666700,0.718562,33,0.111555,49,0,1,1,0.111555,0.111555,0.000000,0.000000,0.111555,-0.011714,54,0,1,-1,21,26,33,187.833000,1242.000000,55.666700,0.212955,0.032206,0.718562,0.002397,-0.001892,0.001151,0.002397,8,54,0,fixed,8,8,0,0,3.000000,4.000000
1020,random,8,3,36,2,2,3,0.000000,55.666700,1.796406,33,0.111555,49,0,1,1,0.111555,0.111555,0.000000,0.000000,0.111555,-0.011714,54,0,1,-1,21,26,33,187.833000,1242.000000,55.666700,0.532388,0.080515,1.796406,0.002719,0.000850,0.001151,0.002719,8,54,0,fixed,8,8,0,0,3.000000,4.000000
1020,random,8,3,37,1,1,2,2.122382,1242.000000,0.265298,26,0.111555,49,0,0,1,0.111555,0.111555,0.000000,0.000000,0.111555,-0.011714,54,0,1,0,21,26,33,187.833000,1242.000000,55.666700,0.746719,0.264365,0.040068,0.001694,0.001151,-0.003605,0.001694,8,54,0,fixed,8,8,0,0,3.000000,4.000000
1020,random,8,3,38,2,2,1,1.685336,55.666700,0.561779,33,0.111555,49,0,0,1,0.111555,0.111555,0.000000,0.000000,0.111555,-0.011714,54,0,1,-1,21,26,33,187.833000,1242.000000,55.666700,1.462475,1.351475,0.358504,0.003267,0.003077,0.001151,0.003267,8,54,0,fixed,8,8,0,0,3.000000,4.000000
1020,random,8,3,39,2,2,2,0.316931,55.666700,0.039616,33,0.111555,49,0,2,0,0.111555,0.111555,0.000000,0.000000,0.111555,-0.011714,54,0,1,0,21,26,33,187.833000,1242.000000,55.666700,0.746719,0.254649,0.041402,0.006672,0.006031,0.001151,0.006672,8,54,0,fixed,8,8,0,0,3.000000,4.000000
1020,random,8,3,40,2,2,1,0.770194,55.666700,0.256731,33,0.111555,49,0,0,1,0.111555,0.111555,0.000000,0.000000,0.111555,-0.011714,54,0,1,0,21,26,33,187.833000,1242.000000,55.666700,1.462475,1.351475,0.392398,0.003229,0.003039,0.001151,0.003229,8,54,0,fixed,8,8,0,0,3.000000,4.000000
1020,random,8,3,41,2,2,2,0.314769,55.666700,0.039346,33,0.111555,49,0,2,0,0.111555,0.111555,0.000000,0.000000,0.111555,-0.011714,54,0,1,0,21,26,33,187.833000,1242.000000,55.666700,0.746719,0.254649,0.041421,0.006670,0.006029,0.001151,0.006670,8,54,0,fixed,8,8,0,0,3.000000,4.000000
1020,random,8,3,42,0,0,2,6.644746,187.833000,0.830593,21,0.111555,49,0,2,1,0.111555,0.111555,0.000000,0.000000,0.111555,-0.011714,54,0,1,-1,21,26,33,187.833000,1242.000000,55.666700,0.777884,0.254649,0.040068,0.001151,0.000551,-0.004115,0.000551,8,54,0,fixed,8,8,0,0,3.000000,4.000000
1020,random,8,3,43,0,0,4,0.000000,187.833000,0.212955,21,0.111555,49,0,0,0,0.111555,0.111555,0.000000,0.000000,0.111555,-0.011714,54,0,1,0,21,26,33,187.833000,1242.000000,55.666700,0.212955,0.032206,0.718562,0.001151,-0.003046,-0.000067,0.000000,8,54,0,fixed,8,8,0,0,3.000000,4.000000
1020,random,8,3,44,0,0,2,6.643665,187.833000,0.830458,21,0.111555,49,0,2,1,0.111555,0.111555,0.000000,0.000000,0.111555,-0.011714,54,0,1,-1,21,26,33,187.833000,1242.000000,55.666700,0.777896,0.254649,0.040068,0.001151,0.000551,-0.004115,0.000551,8,54,0,fixed,8,8,0,0,3.000000,4.000000
1020,random,8,3,45,1,1,4,0.000000,1242.000000,0.032206,26,0.111555,49,0,1,0,0.111555,0.111555,0.000000,0.000000,0.111555,-0.011714,54,0,1,0,21,26,33,187.833000,1242.000000,55.666700,0.212955,0.032206,0.718562,0.005686,0.001151,0.004369,0.005686,8,54,0,fixed,8,8,0,0,3.000000,4.000000
1020,random,8,3,46,2,2,1,0.823954,55.666700,0.274651,33,0.111555,49,0,0,1,0.111555,0.111555,0.000000,0.000000,0.111555,-0.011714,54,0,1,0,21,26,33,187.833000,1242.000000,55.666700,1.462475,1.351475,0.390407,0.003231,0.003041,0.001151,0.003231,8,54,0,fixed,8,8,0,0,3.000000,4.000000
1020,random,8,3,47,0,0,2,6.330042,187.833000,0.791255,21,0.111555,49,0,2,1,0.111555,0.111555,0.000000,0.000000,0.111555,-0.011714,54,0,1,-1,21,26,33,187.833000,1242.000000,55.666700,0.781460,0.254649,0.040068,0.001151,0.000550,-0.004116,0.000550,8,54,0,fixed,8,8,0,0,3.000000,4.000000
1020,random,8,3,48,2,2,2,0.314745,55.666700,0.039343,33,0.111555,49,0,2,0,0.111555,0.111555,0.000000,0.000000,0.111555,-0.011714,54,0,1,0,21,26,33,187.833000,1242.000000,55.666700,0.746719,0.254649,0.041421,0.006670,0.006029,0.001151,0.006670,8,54,0,fixed,8,8,0,0,3.000000,4.000000
1020,random,8,3,49,0,0,2,6.382453,187.833000,0.797807,21,0.111555,49,0,1,1,0.111555,0.111555,0.000000,0.000000,0.111555,-0.011714,54,0,1,-1,21,26,33,187.833000,1242.000000,55.666700,0.780865,0.254649,0.040068,0.001151,0.000550,-0.004116,0.000550,8,54,0,fixed,8,8,0,0,3.000000,4.000000
1020,random,8,3,50,0,0,4,0.000000,187.833000,0.212955,21,0.111555,49,0,1,1,0.111555,0.111555,0.000000,0.000000,0.111555,-0.011714,54,0,1,0,21,26,33,187.833000,1242.000000,55.666700,0.212955,0.032206,0.718562,0.001151,-0.003046,-0.000067,0.000000,8,54,0,fixed,8,8,0,0,3.000000,4.000000
1020,random,8,3,51,2,2,2,0.314756,55.666700,0.039345,33,0.111555,49,0,2,0,0.111555,0.111555,0.000000,0.000000,0.111555,-0.011714,54,0,1,0,21,26,33,187.833000,1242.000000,55.666700,0.746719,0.254649,0.041421,0.006670,0.006029,0.001151,0.006670,8,54,0,fixed,8,8,0,0,3.000000,4.000000
1020,random,8,3,52,0,0,3,0.000000,187.833000,0.532388,21,0.111555,49,0,1,1,0.111555,0.111555,0.000000,0.000000,0.111555,-0.011714,54,0,1,-1,21,26,33,187.833000,1242.000000,55.666700,0.532388,0.080515,1.796406,0.001151,-0.000668,-0.000374,0.000000,8,54,0,fixed,8,8,0,0,3.000000,4.000000
1020,random,8,3,53,1,1,3,0.000000,1242.000000,0.080515,26,0.111555,49,0,0,1,0.111555,0.111555,0.000000,0.000000,0.111555,-0.011714,54,0,1,0,21,26,33,187.833000,1242.000000,55.666700,0.532388,0.080515,1.796406,0.003031,0.001151,0.001455,0.003031,8,54,0,fixed,8,8,0,0,3.000000,4.000000
1020,random,8,3,54,2,2,2,0.387928,55.666700,0.048491,33,0.111555,49,0,2,0,0.111555,0.111555,0.000000,0.000000,0.111555,-0.011714,54,0,1,0,21,26,33,187.833000,1242.000000,55.666700,0.746719,0.254649,0.040768,0.006735,0.006094,0.001151,0.006735,8,54,0,fixed,8,8,0,0,3.000000,4.000000
1020,random,8,3,55,1,1,4,0.000000,1242.000000,0.032206,26,0.111555,49,0,2,1,0.111555,0.111555,0.000000,0.000000,0.111555,-0.011714,54,0,1,0,21,26,33,187.833000,1242.000000,55.666700,0.212955,0.032206,0.718562,0.005686,0.001151,0.004369,0.005686,8,54,0,fixed,8,8,0,0,3.000000,4.000000
1020,random,8,3,56,0,0,2,7.029431,187.833000,0.878679,21,0.111555,49,0,1,1,0.111555,0.111555,0.000000,0.000000,0.111555,-0.011714,54,0,1,-1,21,26,33,187.833000,1242.000000,55.666700,0.773513,0.254649,0.040068,0.001151,0.000552,-0.004114,0.000552,8,54,0,fixed,8,8,0,0,3.000000,4.000000
1020,random,8,3,57,1,1,2,2.091765,1242.000000,0.261471,26,0.111555,49,0,1,0,0.111555,0.111555,0.000000,0.000000,0.111555,-0.011714,54,0,1,0,21,26,33,187.833000,1242.000000,55.666700,0.746719,0.264713,0.040068,0.001693,0.001151,-0.003606,0.001693,8,54,0,fixed,8,8,0,0,3.000000,4.000000
1020,random,8,3,58,1,1,4,0.000000,1242.000000,0.032206,26,0.111555,49,0,2,1,0.111555,0.111555,0.000000,0.000000,0.111555,-0.011714,54,0,1,0,21,26,33,187.833000,1242.000000,55.666700,0.212955,0.032206,0.718562,0.005686,0.001151,0.004369,0.005686,8,54,0,fixed,8,8,0,0,3.000000,4.000000
1020,random,8,3,59,2,2,4,0.000000,55.666700,0.718562,33,0.111555,49,0,0,1,0.111555,0.111555,0.000000,0.000000,0.111555,-0.011714,54,0,1,-1,21,26,33,187.833000,1242.000000,55.666700,0.212955,0.032206,0.718562,0.002397,-0.001892,0.001151,0.002397,8,54,0,fixed,8,8,0,0,3.000000,4.000000
1020,random,8,3,60,2,2,3,0.000000,55.666700,1.796406,33,0.111555,49,0,2,0,0.111555,0.111555,0.000000,0.000000,0.111555,-0.011714,54,0,1,-1,21,26,33,187.833000,1242.000000,55.666700,0.532388,0.080515,1.796406,0.002719,0.000850,0.001151,0.002719,8,54,0,fixed,8,8,0,0,3.000000,4.000000
1020,random,8,3,61,0,0,3,0.000000,187.833000,0.532388,21,0.111555,49,0,1,1,0.111555,0.111555,0.000000,0.000000,0.111555,-0.011714,54,0,1,-1,21,26,33,187.833000,1242.000000,55.666700,0.532388,0.080515,1.796406,0.001151,-0.000668,-0.000374,0.000000,8,54,0,fixed,8,8,0,0,3.000000,4.000000
1020,random,8,3,62,2,2,1,0.723765,55.666700,0.241255,33,0.111555,49,0,0,1,0.111555,0.111555,0.000000,0.000000,0.111555,-0.011714,54,0,1,0,21,26,33,187.833000,1242.000000,55.666700,1.462475,1.351475,0.394118,0.003227,0.003037,0.001151,0.003227,8,54,0,fixed,8,8,0,0,3.000000,4.000000
1020,random,8,3,63,1,1,3,0.000000,1242.000000,0.080515,26,0.111555,49,0,2,1,0.111555,0.111555,0.000000,0.000000,0.111555,-0.011714,54,0,1,0,21,26,33,187.833000,1242.000000,55.666700,0.532388,0.080515,1.796406,0.003031,0.001151,0.001455,0.003031,8,54,0,fixed,8,8,0,0,3.000000,4.000000
1020,random,8,3,64,2,2,2,0.314769,55.666700,0.039346,33,0.111555,49,0,0,1,0.111555,0.111555,0.000000,0.000000,0.111555,-0.011714,54,0,1,0,21,26,33,187.833000,1242.000000,55.666700,0.746719,0.254649,0.041421,0.006670,0.006029,0.001151,0.006670,8,54,0,fixed,8,8,0,0,3.000000,4.000000
1020,random,8,3,65,1,1,3,0.000000,1242.000000,0.080515,26,0.111555,49,0,1,0,0.111555,0.111555,0.000000,0.000000,0.111555,-0.011714,54,0,1,0,21,26,33,187.833000,1242.000000,55.666700,0.532388,0.080515,1.796406,0.003031,0.001151,0.001455,0.003031,8,54,0,fixed,8,8,0,0,3.000000,4.000000
1020,random,8,3,66,2,2,1,0.857554,55.666700,0.285851,33,0.111555,49,0,1,1,0.111555,0.111555,0.000000,0.000000,0.111555,-0.011714,54,0,1,0,21,26,33,187.833000,1242.000000,55.666700,1.462475,1.351475,0.389163,0.003232,0.003042,0.001151,0.003232,8,54,0,fixed,8,8,0,0,3.000000,4.000000
1020,random,8,3,67,2,2,1,2.040885,55.666700,0.680295,33,0.111555,49,0,1,1,0.111555,0.111555,0.000000,0.000000,0.111555,-0.011714,54,0,1,-1,21,26,33,187.833000,1242.000000,55.666700,1.462475,1.351475,0.345336,0.003284,0.003094,0.001151,0.003284,8,54,0,fixed,8,8,0,0,3.000000,4.000000
1020,random,8,3,68,1,1,1,4.131383,1242.000000,1.377128,26,0.111555,49,0,1,0,0.111555,0.111555,0.000000,0.000000,0.111555,-0.011714,54,0,1,-1,21,26,33,187.833000,1242.000000,55.666700,1.462475,1.412230,0.367690,0.001326,0.001151,-0.000722,0.001326,8,54,0,fixed,8,8,0,0,3.000000,4.000000
1020,random,8,3,69,1,1,4,0.000000,1242.000000,0.032206,26,0.111555,49,0,1,0,0.111555,0.111555,0.000000,0.000000,0.111555,-0.011714,54,0,1,0,21,26,33,187.833000,1242.000000,55.666700,0.212955,0.032206,0.718562,0.005686,0.001151,0.004369,0.005686,8,54,0,fixed,8,8,0,0,3.000000,4.000000
1020,random,8,3,70,0,0,1,4.596351,187.833000,1.532117,21,0.111555,49,0,0,0,0.111555,0.111555,0.000000,0.000000,0.111555,-0.011714,54,0,1,-1,21,26,33,187.833000,1242.000000,55.666700,2.086071,1.351475,0.367690,0.001151,0.000932,-0.000925,0.000932,8,54,0,fixed,8,8,0,0,3.000000,4.000000
1020,random,8,3,71,2,2,2,0.368279,55.666700,0.046035,33,0.111555,49,0,0,1,0.111555,0.111555,0.000000,0.000000,0.111555,-0.011714,54,0,1,0,21,26,33,187.833000,1242.000000,55.666700,0.746719,0.254649,0.040943,0.006718,0.006076,0.001151,0.006718,8,54,0,fixed,8,8,0,0,3.000000,4.000000
1020,random,8,3,72,2,2,1,1.947416,55.666700,0.649139,33,0.111555,49,0,2,0,0.111555,0.111555,0.000000,0.000000,0.111555,-0.011714,54,0,1,-1,21,26,33,187.833000,1242.000000,55.666700,1.462475,1.351475,0.348798,0.003280,0.003089,0.001151,0.003280,8,54,0,fixed,8,8,0,0,3.000000,4.000000
1020,random,8,3,73,2,2,2,0.314769,55.666700,0.039346,33,0.111555,49,0,2,0,0.111555,0.111555,0.000000,0.000000,0.111555,-0.011714,54,0,1,0,21,26,33,187.833000,1242.000000,55.666700,0.746719,0.254649,0.041421,0.006670,0.006029,0.001151,0.006670,8,54,0,fixed,8,8,0,0,3.000000,4.000000
1020,random,8,3,74,2,2,2,0.314716,55.666700,0.039339,33,0.111555,49,0,2,0,0.111555,0.111555,0.000000,0.000000,0.111555,-0.011714,54,0,1,0,21,26,33,187.833000,1242.000000,55.666700,0.746719,0.254649,0.041421,0.006670,0.006029,0.001151,0.006670,8,54,0,fixed,8,8,0,0,3.000000,4.000000
1020,random,8,3,75,1,1,2,2.116940,1242.000000,0.264618,26,0.111555,49,0,2,1,0.111555,0.111555,0.000000,0.000000,0.111555,-0.011714,54,0,1,0,21,26,33,187.833000,1242.000000,55.666700,0.746719,0.264427,0.040068,0.001694,0.001151,-0.003606,0.001694,8,54,0,fixed,8,8,0,0,3.000000,4.000000
1020,random,8,3,76,1,1,1,3.813245,1242.000000,1.271082,26,0.111555,49,0,1,0,0.111555,0.111555,0.000000,0.000000,0.111555,-0.011714,54,0,1,-1,21,26,33,187.833000,1242.000000,55.666700,1.462475,1.447579,0.367690,0.001324,0.001151,-0.000724,0.001324,8,54,0,fixed,8,8,0,0,3.000000,4.000000
1020,random,8,3,77,1,1,2,2.107030,1242.000000,0.263379,26,0.111555,49,0,1,0,0.111555,0.111555,0.000000,0.000000,0.111555,-0.011714,54,0,1,0,21,26,33,187.833000,1242.000000,55.666700,0.746719,0.264539,0.040068,0.001693,0.001151,-0.003606,0.001693,8,54,0,fixed,8,8,0,0,3.000000,4.000000
1020,random,8,3,78,1,1,2,2.122381,1242.000000,0.265298,26,0.111555,49,0,0,1,0.111555,0.111555,0.000000,0.000000,0.111555,-0.011714,54,0,1,0,21,26,33,187.833000,1242.000000,55.666700,0.746719,0.264365,0.040068,0.001694,0.001151,-0.003605,0.001694,8,54,0,fixed,8,8,0,0,3.000000,4.000000
1020,random,8,3,79,1,1,2,2.122400,1242.000000,0.265300,26,0.111555,49,0,1,0,0.111555,0.111555,0.000000,0.000000,0.111555,-0.011714,54,0,1,0,21,26,33,187.833000,1242.000000,55.666700,0.746719,0.264365,0.040068,0.001694,0.001151,-0.003605,0.001694,8,54,0,fixed,8,8,0,0,3.000000,4.000000
1020,random,8,3,80,0,0,2,6.338809,187.833000,0.792351,21,0.111555,49,0,2,1,0.111555,0.111555,0.000000,0.000000,0.111555,-0.011714,54,0,1,-1,21,26,33,187.833000,1242.000000,55.666700,0.781361,0.254649,0.040068,0.001151,0.000550,-0.004116,0.000550,8,54,0,fixed,8,8,0,0,3.000000,4.000000
1020,random,8,4,1,1,1,4,0.000000,83.500000,0.479042,34,0.141416,42,0,1,0,0.141416,0.141416,0.000000,0.000000,0.141416,0.029861,50,0,1,0,19,34,27,93.000000,83.500000,54.500000,0.430108,0.479042,0.733945,-0.001649,-0.001943,-0.005101,0.000000,8,50,0,fixed,8,8,0,0,3.000000,4.000000
1020,random,8,4,2,2,2,3,0.000000,54.500000,1.834862,27,0.141416,42,0,2,0,0.141416,0.141416,0.000000,0.000000,0.141416,0.029861,50,0,1,1,19,34,27,93.000000,83.500000,54.500000,1.075269,1.197605,1.834862,0.001822,0.001477,-0.001943,0.001822,8,50,0,fixed,8,8,0,0,3.000000,4.000000
1020,random,8,4,3,0,0,2,6.552958,93.000000,0.819120,19,0.141416,42,0,2,1,0.141416,0.141416,0.000000,0.000000,0.141416,0.029861,50,0,1,-1,19,34,27,93.000000,83.500000,54.500000,0.758885,0.173664,0.038016,-0.001943,-0.003375,-0.011144,0.000000,8,50,0,fixed,8,8,0,0,3.000000,4.000000
1020,random,8,4,4,2,2,3,0.000000,54.500000,1.834862,27,0.141416,42,0,0,1,0.141416,0.141416,0.000000,0.000000,0.141416,0.029861,50,0,1,1,19,34,27,93.000000,83.500000,54.500000,1.075269,1.197605,1.834862,0.001822,0.001477,-0.001943,0.001822,8,50,0,fixed,8,8,0,0,3.000000,4.000000
1020,random,8,4,5,1,1,1,4.144320,83.500000,1.381440,34,0.141416,42,0,2,1,0.141416,0.141416,0.000000,0.000000,0.141416,0.029861,50,0,1,1,19,34,27,93.000000,83.500000,54.500000,1.421041,1.195008,0.715032,-0.001564,-0.001943,-0.005405,0.000000,8,50,0,fixed,8,8,0,0,3.000000,4.000000
1020,random,8,4,6,0,0,1,4.675591,93.000000,1.558530,19,0.141416,42,0,1,1,0.141416,0.141416,0.000000,0.000000,0.141416,0.029861,50,0,1,-1,19,34,27,93.000000,83.500000,54.500000,1.485383,1.186737,0.715032,-0.001943,-0.002342,-0.005778,0.000000,8,50,0,fixed,8,8,0,0,3.000000,4.000000
1020,random,8,4,7,2,2,2,0.326745,54.500000,0.040843,27,0.141416,42,0,1,1,0.141416,0.141416,0.000000,0.000000,0.141416,0.029861,50,0,1,0,19,34,27,93.000000,83.500000,54.500000,0.727299,0.173664,0.039335,0.008111,0.006500,-0.001943,0.008111,8,50,0,fixed,8,8,0,0,3.000000,4.000000
1020,random,8,4,8,0,0,1,3.894841,93.000000,1.298280,19,0.141416,42,0,0,0,0.141416,0.141416,0.000000,0.000000,0.141416,0.029861,50,0,1,-1,19,34,27,93.000000,83.500000,54.500000,1.528758,1.186737,0.715032,-0.001943,-0.002346,-0.005782,0.000000,8,50,0,fixed,8,8,0,0,3.000000,4.000000
1020,random,8,4,9,2,2,2,0.325641,54.500000,0.040705,27,0.141416,42,0,1,1,0.141416,0.141416,0.000000,0.000000,0.141416,0.029861,50,0,1,0,19,34,27,93.000000,83.500000,54.500000,0.727299,0.173664,0.039343,0.008109,0.006499,-0.001943,0.008109,8,50,0,fixed,8,8,0,0,3.000000,4.000000
1020,random,8,4,10,0,0,2,5.995546,93.000000,0.749443,19,0.141416,42,0,0,0,0.141416,0.141416,0.000000,0.000000,0.141416,0.029861,50,0,1,-1,19,34,27,93.000000,83.500000,54.500000,0.767594,0.173664,0.038016,-0.001943,-0.003378,-0.011147,0.000000,8,50,0,fixed,8,8,0,0,3.000000,4.000000
1020,random,8,4,11,2,2,2,0.314735,54.500000,0.039342,27,0.141416,42,0,2,0,0.141416,0.141416,0.000000,0.000000,0.141416,0.029861,50,0,1,0,19,34,27,93.000000,83.500000,54.500000,0.727299,0.173664,0.039429,0.008094,0.006484,-0.001943,0.008094,8,50,0,fixed,8,8,0,0,3.000000,4.000000
1020,random,8,4,12,0,0,2,6.347490,93.000000,0.793436,19,0.141416,42,0,1,1,0.141416,0.141416,0.000000,0.000000,0.141416,0.029861,50,0,1,-1,19,34,27,93.000000,83.500000,54.500000,0.762095,0.173664,0.038016,-0.001943,-0.003376,-0.011145,0.000000,8,50,0,fixed,8,8,0,0,3.000000,4.000000
1020,random,8,4,13,1,1,2,1.429493,83.500000,0.178687,34,0.141416,42,0,2,1,0.141416,0.141416,0.000000,0.000000,0.141416,0.029861,50,0,1,0,19,34,27,93.000000,83.500000,54.500000,0.727299,0.178779,0.038016,-0.000593,-0.001943,-0.009940,0.000000,8,50,0,fixed,8,8,0,0,3.000000,4.000000
1020,random,8,4,14,2,2,4,0.000000,54.500000,0.733945,27,0.141416,42,0,1,1,0.141416,0.141416,0.000000,0.000000,0.141416,0.029861,50,0,1,-1,19,34,27,93.000000,83.500000,54.500000,0.430108,0.479042,0.733945,0.001674,0.001366,-0.001943,0.001674,8,50,0,fixed,8,8,0,0,3.000000,4.000000
1020,random,8,4,15,2,2,2,0.314769,54.500000,0.039346,27,0.141416,42,0,1,1,0.141416,0.141416,0.000000,0.000000,0.141416,0.029861,50,0,1,0,19,34,27,93.000000,83.500000,54.500000,0.727299,0.173664,0.039428,0.008095,0.006484,-0.001943,0.008095,8,50,0,fixed,8,8,0,0,3.000000,4.000000
1020,random,8,4,16,1,1,4,0.000000,83.500000,0.479042,34,0.141416,42,0,2,1,0.141416,0.141416,0.000000,0.000000,0.141416,0.029861,50,0,1,0,19,34,27,93.000000,83.500000,54.500000,0.430108,0.479042,0.733945,-0.001649,-0.001943,-0.005101,0.000000,8,50,0,fixed,8,8,0,0,3.000000,4.000000
1020,random,8,4,17,1,1,2,1.429504,83.500000,0.178688,34,0.141416,42,0,0,1,0.141416,0.141416,0.000000,0.000000,0.141416,0.029861,50,0,1,0,19,34,27,93.000000,83.500000,54.500000,0.727299,0.178779,0.038016,-0.000593,-0.001943,-0.009940,0.000000,8,50,0,fixed,8,8,0,0,3.000000,4.000000
1020,random,8,4,18,1,1,4,0.000000,83.500000,0.479042,34,0.141416,42,0,1,0,0.141416,0.141416,0.000000,0.000000,0.141416,0.029861,50,0,1,0,19,34,27,93.000000,83.500000,54.500000,0.430108,0.479042,0.733945,-0.001649,-0.001943,-0.005101,0.000000,8,50,0,fixed,8,8,0,0,3.000000,4.000000
1020,random,8,4,19,1,1,1,3.261818,83.500000,1.087273,34,0.141416,42,0,2,1,0.141416,0.141416,0.000000,0.000000,0.141416,0.029861,50,0,1,1,19,34,27,93.000000,83.500000,54.500000,1.421041,1.244036,0.715032,-0.001572,-0.001943,-0.005412,0.000000,8,50,0,fixed,8,8,0,0,3.000000,4.000000
1020,random,8,4,20,1,1,2,1.429521,83.500000,0.178690,34,0.141416,42,0,0,1,0.141416,0.141416,0.000000,0.000000,0.141416,0.029861,50,0,1,0,19,34,27,93.000000,83.500000,54.500000,0.727299,0.178779,0.038016,-0.000593,-0.001943,-0.009940,0.000000,8,50,0,fixed,8,8,0,0,3.000000,4.000000
1020,random,8,4,21,1,1,2,1.429504,83.500000,0.178688,34,0.141416,42,0,1,0,0.141416,0.141416,0.000000,0.000000,0.141416,0.029861,50,0,1,0,19,34,27,93.000000,83.500000,54.500000,0.727299,0.178779,0.038016,-0.000593,-0.001943,-0.009940,0.000000,8,50,0,fixed,8,8,0,0,3.000000,4.000000
1020,random,8,4,22,1,1,4,0.000000,83.500000,0.479042,34,0.141416,42,0,1,0,0.141416,0.141416,0.000000,0.000000,0.141416,0.029861,50,0,1,0,19,34,27,93.000000,83.500000,54.500000,0.430108,0.479042,0.733945,-0.001649,-0.001943,-0.005101,0.000000,8,50,0,fixed,8,8,0,0,3.000000,4.000000
1020,random,8,4,23,1,1,1,4.114946,83.500000,1.371649,34,0.141416,42,0,2,1,0.141416,0.141416,0.000000,0.000000,0.141416,0.029861,50,0,1,1,19,34,27,93.000000,83.500000,54.500000,1.421041,1.196640,0.715032,-0.001565,-0.001943,-0.005405,0.000000,8,50,0,fixed,8,8,0,0,3.000000,4.000000
1020,random,8,4,24,0,0,2,5.992232,93.000000,0.749029,19,0.141416,42,0,1,1,0.141416,0.141416,0.000000,0.000000,0.141416,0.029861,50,0,1,-1,19,34,27,93.000000,83.500000,54.500000,0.767646,0.173664,0.038016,-0.001943,-0.003378,-0.011147,0.000000,8,50,0,fixed,8,8,0,0,3.000000,4.000000
1020,random,8,4,25,2,2,3,0.000000,54.500000,1.834862,27,0.141416,42,0,2,0,0.141416,0.141416,0.000000,0.000000,0.141416,0.029861,50,0,1,1,19,34,27,93.000000,83.500000,54.500000,1.075269,1.197605,1.834862,0.001822,0.001477,-0.001943,0.001822,8,50,0,fixed,8,8,0,0,3.000000,4.000000
1020,random,8,4,26,1,1,4,0.000000,83.500000,0.479042,34,0.141416,42,0,1,0,0.141416,0.141416,0.000000,0.000000,0.141416,0.029861,50,0,1,0,19,34,27,93.000000,83.500000,54.500000,0.430108,0.479042,0.733945,-0.001649,-0.001943,-0.005101,0.000000,8,50,0,fixed,8,8,0,0,3.000000,4.000000
1020,random,8,4,27,1,1,2,1.430597,83.500000,0.178825,34,0.141416,42,0,1,0,0.141416,0.141416,0.000000,0.000000,0.141416,0.029861,50,0,1,0,19,34,27,93.000000,83.500000,54.500000,0.727299,0.178768,0.038016,-0.000593,-0.001943,-0.009940,0.000000,8,50,0,fixed,8,8,0,0,3.000000,4.000000
1020,random,8,4,28,1,1,2,1.430608,83.500000,0.178826,34,0.141416,42,0,1,0,0.141416,0.141416,0.000000,0.000000,0.141416,0.029861,50,0,1,0,19,34,27,93.000000,83.500000,54.500000,0.727299,0.178767,0.038016,-0.000593,-0.001943,-0.009940,0.000000,8,50,0,fixed,8,8,0,0,3.000000,4.000000
1020,random,8,4,29,2,2,2,0.320234,54.500000,0.040029,27,0.141416,42,0,0,1,0.141416,0.141416,0.000000,0.000000,0.141416,0.029861,50,0,1,0,19,34,27,93.000000,83.500000,54.500000,0.727299,0.173664,0.039386,0.008102,0.006492,-0.001943,0.008102,8,50,0,fixed,8,8,0,0,3.000000,4.000000
1020,random,8,4,30,0,0,2,6.354022,93.000000,0.794253,19,0.141416,42,0,0,0,0.141416,0.141416,0.000000,0.000000,0.141416,0.029861,50,0,1,-1,19,34,27,93.000000,83.500000,54.500000,0.761993,0.173664,0.038016,-0.001943,-0.003376,-0.011145,0.000000,8,50,0,fixed,8,8,0,0,3.000000,4.000000
1020,random,8,4,31,2,2,4,0.000000,54.500000,0.733945,27,0.141416,42,0,2,0,0.141416,0.141416,0.000000,0.000000,0.141416,0.029861,50,0,1,-1,19,34,27,93.000000,83.500000,54.500000,0.430108,0.479042,0.733945,0.001674,0.001366,-0.001943,0.001674,8,50,0,fixed,8,8,0,0,3.000000,4.000000
1020,random,8,4,32,1,1,2,1.436091,83.500000,0.179511,34,0.141416,42,0,2,1,0.141416,0.141416,0.000000,0.000000,0.141416,0.029861,50,0,1,0,19,34,27,93.000000,83.500000,54.500000,0.727299,0.178710,0.038016,-0.000593,-0.001943,-0.009940,0.000000,8,50,0,fixed,8,8,0,0,3.000000,4.000000
1020,random,8,4,33,1,1,4,0.000000,83.500000,0.479042,34,0.141416,42,0,2,1,0.141416,0.141416,0.000000,0.000000,0.141416,0.029861,50,0,1,0,19,34,27,93.000000,83.500000,54.500000,0.430108,0.479042,0.733945,-0.001649,-0.001943,-0.005101,0.000000,8,50,0,fixed,8,8,0,0,3.000000,4.000000
1020,random,8,4,34,1,1,2,1.429492,83.500000,0.178686,34,0.141416,42,0,2,1,0.141416,0.141416,0.000000,0.000000,0.141416,0.029861,50,0,1,0,19,34,27,93.000000,83.500000,54.500000,0.727299,0.178779,0.038016,-0.000593,-0.001943,-0.009940,0.000000,8,50,0,fixed,8,8,0,0,3.000000,4.000000
1020,random,8,4,35,1,1,4,0.000000,83.500000,0.479042,34,0.141416,42,0,1,0,0.141416,0.141416,0.000000,0.000000,0.141416,0.029861,50,0,1,0,19,34,27,93.000000,83.500000,54.500000,0.430108,0.479042,0.733945,-0.001649,-0.001943,-0.005101,0.000000,8,50,0,fixed,8,8,0,0,3.000000,4.000000
1020,random,8,4,36,1,1,3,0.000000,83.500000,1.197605,34,0.141416,42,0,2,1,0.141416,0.141416,0.000000,0.000000,0.141416,0.029861,50,0,1,1,19,34,27,93.000000,83.500000,54.500000,1.075269,1.197605,1.834862,-0.001614,-0.001943,-0.005202,0.000000,8,50,0,fixed,8,8,0,0,3.000000,4.000000
1020,random,8,4,37,0,0,2,5.767032,93.000000,0.720879,19,0.141416,42,0,1,1,0.141416,0.141416,0.000000,0.000000,0.141416,0.029861,50,0,1,-1,19,34,27,93.000000,83.500000,54.500000,0.771165,0.173664,0.038016,-0.001943,-0.003380,-0.011148,0.000000,8,50,0,fixed,8,8,0,0,3.000000,4.000000
1020,random,8,4,38,0,0,1,5.072839,93.000000,1.690946,19,0.141416,42,0,2,1,0.141416,0.141416,0.000000,0.000000,0.141416,0.029861,50,0,1,-1,19,34,27,93.000000,83.500000,54.500000,1.463314,1.186737,0.715032,-0.001943,-0.002340,-0.005776,0.000000,8,50,0,fixed,8,8,0,0,3.000000,4.000000
1020,random,8,4,39,2,2,2,0.314769,54.500000,0.039346,27,0.141416,42,0,0,1,0.141416,0.141416,0.000000,0.000000,0.141416,0.029861,50,0,1,0,19,34,27,93.000000,83.500000,54.500000,0.727299,0.173664,0.039428,0.008095,0.006484,-0.001943,0.008095,8,50,0,fixed,8,8,0,0,3.000000,4.000000
1020,random,8,4,40,0,0,1,4.524226,93.000000,1.508075,19,0.141416,42,0,2,1,0.141416,0.141416,0.000000,0.000000,0.141416,0.029861,50,0,1,-1,19,34,27,93.000000,83.500000,54.500000,1.493793,1.186737,0.715032,-0.001943,-0.002343,-0.005779,0.000000,8,50,0,fixed,8,8,0,0,3.000000,4.000000
1020,random,8,4,41,2,2,2,0.309292,54.500000,0.038662,27,0.141416,42,0,1,1,0.141416,0.141416,0.000000,0.000000,0.141416,0.029861,50,0,1,0,19,34,27,93.000000,83.500000,54.500000,0.727299,0.173664,0.039471,0.008087,0.006477,-0.001943,0.008087,8,50,0,fixed,8,8,0,0,3.000000,4.000000
1020,random,8,4,42,2,2,2,0.314780,54.500000,0.039348,27,0.141416,42,0,1,1,0.141416,0.141416,0.000000,0.000000,0.141416,0.029861,50,0,1,0,19,34,27,93.000000,83.500000,54.500000,0.727299,0.173664,0.039428,0.008095,0.006484,-0.001943,0.008095,8,50,0,fixed,8,8,0,0,3.000000,4.000000
1020,random,8,4,43,0,0,4,0.000000,93.000000,0.430108,19,0.141416,42,0,0,0,0.141416,0.141416,0.000000,0.000000,0.141416,0.029861,50,0,1,0,19,34,27,93.000000,83.500000,54.500000,0.430108,0.479042,0.733945,-0.001943,-0.002235,-0.005380,0.000000,8,50,0,fixed,8,8,0,0,3.000000,4.000000
1020,random,8,4,44,2,2,2,0.314721,54.500000,0.039340,27,0.141416,42,0,1,1,0.141416,0.141416,0.000000,0.000000,0.141416,0.029861,50,0,1,0,19,34,27,93.000000,83.500000,54.500000,0.727299,0.173664,0.039429,0.008094,0.006484,-0.001943,0.008094,8,50,0,fixed,8,8,0,0,3.000000,4.000000
1020,random,8,4,45,1,1,4,0.000000,83.500000,0.479042,34,0.141416,42,0,2,1,0.141416,0.141416,0.000000,0.000000,0.141416,0.029861,50,0,1,0,19,34,27,93.000000,83.500000,54.500000,0.430108,0.479042,0.733945,-0.001649,-0.001943,-0.005101,0.000000,8,50,0,fixed,8,8,0,0,3.000000,4.000000
1020,random,8,4,46,0,0,1,4.662816,93.000000,1.554272,19,0.141416,42,0,2,1,0.141416,0.141416,0.000000,0.000000,0.141416,0.029861,50,0,1,-1,19,34,27,93.000000,83.500000,54.500000,1.486093,1.186737,0.715032,-0.001943,-0.002342,-0.005778,0.000000,8,50,0,fixed,8,8,0,0,3.000000,4.000000
1020,random,8,4,47,2,2,2,0.314756,54.500000,0.039345,27,0.141416,42,0,2,0,0.141416,0.141416,0.000000,0.000000,0.141416,0.029861,50,0,1,0,19,34,27,93.000000,83.500000,54.500000,0.727299,0.173664,0.039428,0.008095,0.006484,-0.001943,0.008095,8,50,0,fixed,8,8,0,0,3.000000,4.000000
1020,random,8,4,48,2,2,2,0.308222,54.500000,0.038528,27,0.141416,42,1,0,1,0.141416,0.141416,0.000000,0.000000,0.141416,0.029861,50,0,1,0,19,34,27,93.000000,83.500000,54.500000,0.727299,0.173664,0.039479,0.008086,0.006476,-0.001943,0.008086,8,50,0,fixed,8,8,0,0,3.000000,4.000000
1020,random,8,4,49,1,1,2,1.429532,83.500000,0.178692,34,0.141416,42,0,2,1,0.141416,0.141416,0.000000,0.000000,0.141416,0.029861,50,0,1,0,19,34,27,93.000000,83.500000,54.500000,0.727299,0.178779,0.038016,-0.000593,-0.001943,-0.009940,0.000000,8,50,0,fixed,8,8,0,0,3.000000,4.000000
1020,random,8,4,50,1,1,4,0.000000,83.500000,0.479042,34,0.141416,42,0,0,1,0.141416,0.141416,0.000000,0.000000,0.141416,0.029861,50,0,1,0,19,34,27,93.000000,83.500000,54.500000,0.430108,0.479042,0.733945,-0.001649,-0.001943,-0.005101,0.000000,8,50,0,fixed,8,8,0,0,3.000000,4.000000
1020,random,8,4,51,2,2,2,0.314734,54.500000,0.039342,27,0.141416,42,0,1,1,0.141416,0.141416,0.000000,0.000000,0.141416,0.029861,50,0,1,0,19,34,27,93.000000,83.500000,54.500000,0.727299,0.173664,0.039429,0.008094,0.006484,-0.001943,0.008094,8,50,0,fixed,8,8,0,0,3.000000,4.000000
1020,random,8,4,52,1,1,3,0.000000,83.500000,1.197605,34,0.141416,42,0,0,1,0.141416,0.141416,0.000000,0.000000,0.141416,0.029861,50,0,1,1,19,34,27,93.000000,83.500000,54.500000,1.075269,1.197605,1.834862,-0.001614,-0.001943,-0.005202,0.000000,8,50,0,fixed,8,8,0,0,3.000000,4.000000
1020,random,8,4,53,0,0,3,0.000000,93.000000,1.075269,19,0.141416,42,0,1,1,0.141416,0.141416,0.000000,0.000000,0.141416,0.029861,50,0,1,-1,19,34,27,93.000000,83.500000,54.500000,1.075269,1.197605,1.834862,-0.001943,-0.002269,-0.005514,0.000000,8,50,0,fixed,8,8,0,0,3.000000,4.000000
1020,random,8,4,54,2,2,2,0.314756,54.500000,0.039345,27,0.141416,42,0,2,0,0.141416,0.141416,0.000000,0.000000,0.141416,0.029861,50,0,1,0,19,34,27,93.000000,83.500000,54.500000,0.727299,0.173664,0.039428,0.008095,0.006484,-0.001943,0.008095,8,50,0,fixed,8,8,0,0,3.000000,4.000000
1020,random,8,4,55,2,2,4,0.000000,54.500000,0.733945,27,0.141416,42,0,1,1,0.141416,0.141416,0.000000,0.000000,0.141416,0.029861,50,0,1,-1,19,34,27,93.000000,83.500000,54.500000,0.430108,0.479042,0.733945,0.001674,0.001366,-0.001943,0.001674,8,50,0,fixed,8,8,0,0,3.000000,4.000000
1020,random,8,4,56,1,1,2,1.429510,83.500000,0.178689,34,0.141416,42,0,0,1,0.141416,0.141416,0.000000,0.000000,0.141416,0.029861,50,0,1,0,19,34,27,93.000000,83.500000,54.500000,0.727299,0.178779,0.038016,-0.000593,-0.001943,-0.009940,0.000000,8,50,0,fixed,8,8,0,0,3.000000,4.000000
1020,random,8,4,57,1,1,2,1.429516,83.500000,0.178689,34,0.141416,42,0,0,1,0.141416,0.141416,0.000000,0.000000,0.141416,0.029861,50,0,1,0,19,34,27,93.000000,83.500000,54.500000,0.727299,0.178779,0.038016,-0.000593,-0.001943,-0.009940,0.000000,8,50,0,fixed,8,8,0,0,3.000000,4.000000
1020,random,8,4,58,2,2,4,0.000000,54.500000,0.733945,27,0.141416,42,0,2,0,0.141416,0.141416,0.000000,0.000000,0.141416,0.029861,50,0,1,-1,19,34,27,93.000000,83.500000,54.500000,0.430108,0.479042,0.733945,0.001674,0.001366,-0.001943,0.001674,8,50,0,fixed,8,8,0,0,3.000000,4.000000
1020,random,8,4,59,0,0,4,0.000000,93.000000,0.430108,19,0.141416,42,0,0,0,0.141416,0.141416,0.000000,0.000000,0.141416,0.029861,50,0,1,0,19,34,27,93.000000,83.500000,54.500000,0.430108,0.479042,0.733945,-0.001943,-0.002235,-0.005380,0.000000,8,50,0,fixed,8,8,0,0,3.000000,4.000000
1020,random,8,4,60,2,2,3,0.000000,54.500000,1.834862,27,0.141416,42,0,0,1,0.141416,0.141416,0.000000,0.000000,0.141416,0.029861,50,0,1,1,19,34,27,93.000000,83.500000,54.500000,1.075269,1.197605,1.834862,0.001822,0.001477,-0.001943,0.001822,8,50,0,fixed,8,8,0,0,3.000000,4.000000
1020,random,8,4,61,1,1,3,0.000000,83.500000,1.197605,34,0.141416,42,0,0,1,0.141416,0.141416,0.000000,0.000000,0.141416,0.029861,50,0,1,1,19,34,27,93.000000,83.500000,54.500000,1.075269,1.197605,1.834862,-0.001614,-0.001943,-0.005202,0.000000,8,50,0,fixed,8,8,0,0,3.000000,4.000000
1020,random,8,4,62,0,0,1,4.616474,93.000000,1.538825,19,0.141416,42,0,0,0,0.141416,0.141416,0.000000,0.000000,0.141416,0.029861,50,0,1,-1,19,34,27,93.000000,83.500000,54.500000,1.488668,1.186737,0.715032,-0.001943,-0.002342,-0.005778,0.000000,8,50,0,fixed,8,8,0,0,3.000000,4.000000
1020,random,8,4,63,2,2,3,0.000000,54.500000,1.834862,27,0.141416,42,0,1,1,0.141416,0.141416,0.000000,0.000000,0.141416,0.029861,50,0,1,1,19,34,27,93.000000,83.500000,54.500000,1.075269,1.197605,1.834862,0.001822,0.001477,-0.001943,0.001822,8,50,0,fixed,8,8,0,0,3.000000,4.000000
1020,random,8,4,64,0,0,2,5.992290,93.000000,0.749036,19,0.141416,42,0,0,0,0.141416,0.141416,0.000000,0.000000,0.141416,0.029861,50,0,1,-1,19,34,27,93.000000,83.500000,54.500000,0.767645,0.173664,0.038016,-0.001943,-0.003378,-0.011147,0.000000,8,50,0,fixed,8,8,0,0,3.000000,4.000000
1020,random,8,4,65,1,1,3,0.000000,83.500000,1.197605,34,0.141416,42,0,2,1,0.141416,0.141416,0.000000,0.000000,0.141416,0.029861,50,0,1,1,19,34,27,93.000000,83.500000,54.500000,1.075269,1.197605,1.834862,-0.001614,-0.001943,-0.005202,0.000000,8,50,0,fixed,8,8,0,0,3.000000,4.000000
1020,random,8,4,66,1,1,1,3.955973,83.500000,1.318658,34,0.141416,42,0,2,1,0.141416,0.141416,0.000000,0.000000,0.141416,0.029861,50,0,1,1,19,34,27,93.000000,83.500000,54.500000,1.421041,1.205472,0.715032,-0.001566,-0.001943,-0.005407,0.000000,8,50,0,fixed,8,8,0,0,3.000000,4.000000
1020,random,8,4,67,1,1,1,4.291478,83.500000,1.430493,34,0.141416,42,0,2,1,0.141416,0.141416,0.000000,0.000000,0.141416,0.029861,50,0,1,1,19,34,27,93.000000,83.500000,54.500000,1.421041,1.186833,0.715032,-0.001563,-0.001943,-0.005404,0.000000,8,50,0,fixed,8,8,0,0,3.000000,4.000000
1020,random,8,4,68,1,1,1,2.998554,83.500000,0.999518,34,0.141416,42,0,1,0,0.141416,0.141416,0.000000,0.000000,0.141416,0.029861,50,0,1,-1,19,34,27,93.000000,83.500000,54.500000,1.421041,1.258662,0.715032,-0.001574,-0.001943,-0.005415,0.000000,8,50,0,fixed,8,8,0,0,3.000000,4.000000
1020,random,8,4,69,1,1,4,0.000000,83.500000,0.479042,34,0.141416,42,0,2,1,0.141416,0.141416,0.000000,0.000000,0.141416,0.029861,50,0,1,0,19,34,27,93.000000,83.500000,54.500000,0.430108,0.479042,0.733945,-0.001649,-0.001943,-0.005101,0.000000,8,50,0,fixed,8,8,0,0,3.000000,4.000000
1020,random,8,4,70,0,0,1,3.965706,93.000000,1.321902,19,0.141416,42,0,1,1,0.141416,0.141416,0.000000,0.000000,0.141416,0.029861,50,0,1,-1,19,34,27,93.000000,83.500000,54.500000,1.524821,1.186737,0.715032,-0.001943,-0.002346,-0.005782,0.000000,8,50,0,fixed,8,8,0,0,3.000000,4.000000
1020,random,8,4,71,0,0,2,6.058915,93.000000,0.757364,19,0.141416,42,0,1,1,0.141416,0.141416,0.000000,0.000000,0.141416,0.029861,50,0,1,-1,19,34,27,93.000000,83.500000,54.500000,0.766604,0.173664,0.038016,-0.001943,-0.003378,-0.011147,0.000000,8,50,0,fixed,8,8,0,0,3.000000,4.000000
1020,random,8,4,72,2,2,1,2.224544,54.500000,0.741515,27,0.141416,42,0,2,0,0.141416,0.141416,0.000000,0.000000,0.141416,0.029861,50,0,1,-1,19,34,27,93.000000,83.500000,54.500000,1.421041,1.186737,0.105129,0.004125,0.003708,-0.001943,0.004125,8,50,0,fixed,8,8,0,0,3.000000,4.000000
1020,random,8,4,73,2,2,2,0.314756,54.500000,0.039345,27,0.141416,42,0,2,0,0.141416,0.141416,0.000000,0.000000,0.141416,0.029861,50,0,1,0,19,34,27,93.000000,83.500000,54.500000,0.727299,0.173664,0.039428,0.008095,0.006484,-0.001943,0.008095,8,50,0,fixed,8,8,0,0,3.000000,4.000000
1020,random,8,4,74,2,2,2,0.309292,54.500000,0.038662,27,0.141416,42,0,2,0,0.141416,0.141416,0.000000,0.000000,0.141416,0.029861,50,0,1,0,19,34,27,93.000000,83.500000,54.500000,0.727299,0.173664,0.039471,0.008087,0.006477,-0.001943,0.008087,8,50,0,fixed,8,8,0,0,3.000000,4.000000
1020,random,8,4,75,2,2,2,0.314709,54.500000,0.039339,27,0.141416,42,0,2,0,0.141416,0.141416,0.000000,0.000000,0.141416,0.029861,50,0,1,0,19,34,27,93.000000,83.500000,54.500000,0.727299,0.173664,0.039429,0.008094,0.006484,-0.001943,0.008094,8,50,0,fixed,8,8,0,0,3.000000,4.000000
1020,random,8,4,76,1,1,1,2.887377,83.500000,0.962459,34,0.141416,42,0,1,0,0.141416,0.141416,0.000000,0.000000,0.141416,0.029861,50,0,1,-1,19,34,27,93.000000,83.500000,54.500000,1.421041,1.264838,0.715032,-0.001575,-0.001943,-0.005415,0.000000,8,50,0,fixed,8,8,0,0,3.000000,4.000000
1020,random,8,4,77,1,1,2,1.429504,83.500000,0.178688,34,0.141416,42,0,1,0,0.141416,0.141416,0.000000,0.000000,0.141416,0.029861,50,0,1,0,19,34,27,93.000000,83.500000,54.500000,0.727299,0.178779,0.038016,-0.000593,-0.001943,-0.009940,0.000000,8,50,0,fixed,8,8,0,0,3.000000,4.000000
1020,random,8,4,78,0,0,2,6.061089,93.000000,0.757636,19,0.141416,42,0,0,0,0.141416,0.141416,0.000000,0.000000,0.141416,0.029861,50,0,1,-1,19,34,27,93.000000,83.500000,54.500000,0.766570,0.173664,0.038016,-0.001943,-0.003378,-0.011147,0.000000,8,50,0,fixed,8,8,0,0,3.000000,4.000000
1020,random,8,4,79,1,1,2,1.429408,83.500000,0.178676,34,0.141416,42,0,2,1,0.141416,0.141416,0.000000,0.000000,0.141416,0.029861,50,0,1,0,19,34,27,93.000000,83.500000,54.500000,0.727299,0.178780,0.038016,-0.000593,-0.001943,-0.009940,0.000000,8,50,0,fixed,8,8,0,0,3.000000,4.000000
1020,random,8,4,80,2,2,2,0.314685,54.500000,0.039336,27,0.141416,42,0,1,1,0.141416,0.141416,0.000000,0.000000,0.141416,0.029861,50,0,1,0,19,34,27,93.000000,83.500000,54.500000,0.727299,0.173664,0.039429,0.008094,0.006484,-0.001943,0.008094,8,50,0,fixed,8,8,0,0,3.000000,4.000000
1020,random,8,5,1,1,1,4,0.000000,84.833300,0.471513,29,0.151959,39,0,1,0,0.151959,0.151959,0.000000,0.000000,0.151959,0.010543,0,0,1,0,20,29,31,103.667000,84.833300,56.166700,0.385851,0.471513,0.712166,0.000829,0.000360,-0.002205,0.000829,8,0,8,fixed,8,8,0,0,3.000000,4.000000
1020,random,8,5,2,2,2,3,0.000000,56.166700,1.780414,31,0.151959,39,0,2,0,0.151959,0.151959,0.000000,0.000000,0.151959,0.010543,0,0,1,1,20,29,31,103.667000,84.833300,56.166700,0.964627,1.178782,1.780414,0.003715,0.003144,0.000360,0.003715,8,0,8,fixed,8,8,0,0,3.000000,4.000000
1020,random,8,5,3,2,2,2,0.257922,56.166700,0.032240,31,0.151959,39,0,2,0,0.151959,0.151959,0.000000,0.000000,0.151959,0.010543,0,0,1,0,20,29,31,103.667000,84.833300,56.166700,0.778090,0.196532,0.032191,0.013112,0.011131,0.000360,0.013112,8,0,8,fixed,8,8,0,0,3.000000,4.000000
1020,random,8,5,4,0,0,3,0.000000,103.667000,0.964627,20,0.151959,39,0,0,0,0.151959,0.151959,0.000000,0.000000,0.151959,0.010543,0,0,1,-1,20,29,31,103.667000,84.833300,56.166700,0.964627,1.178782,1.780414,0.000360,-0.000187,-0.002853,0.000000,8,0,8,fixed,8,8,0,0,3.000000,4.000000
1020,random,8,5,5,2,2,1,1.678949,56.166700,0.559650,31,0.151959,39,0,2,0,0.151959,0.151959,0.000000,0.000000,0.151959,0.010543,0,0,1,-1,20,29,31,103.667000,84.833300,56.166700,1.241063,1.119845,0.556300,0.004143,0.003485,0.000360,0.004143,8,0,8,fixed,8,8,0,0,3.000000,4.000000
1020,random,8,5,6,1,1,1,3.974142,84.833300,1.324714,29,0.151959,39,0,1,0,0.151959,0.151959,0.000000,0.000000,0.151959,0.010543,0,0,1,1,20,29,31,103.667000,84.833300,56.166700,1.241063,1.103043,0.539276,0.000987,0.000360,-0.002679,0.000987,8,0,8,fixed,8,8,0,0,3.000000,4.000000
1020,random,8,5,7,1,1,2,1.640491,84.833300,0.205061,29,0.151959,39,0,1,0,0.151959,0.151959,0.000000,0.000000,0.151959,0.010543,0,0,1,0,20,29,31,103.667000,84.833300,56.166700,0.778090,0.203193,0.031189,0.001987,0.000360,-0.009670,0.001987,8,0,8,fixed,8,8,0,0,3.000000,4.000000
1020,random,8,5,8,0,0,1,3.506830,103.667000,1.168943,20,0.151959,39,0,0,0,0.151959,0.151959,0.000000,0.000000,0.151959,0.010543,0,0,1,-1,20,29,31,103.667000,84.833300,56.166700,1.437289,1.119845,0.539276,0.000360,-0.000308,-0.003316,0.000000,8,0,8,fixed,8,8,0,0,3.000000,4.000000
1020,random,8,5,9,1,1,2,1.640432,84.833300,0.205054,29,0.151959,39,0,1,0,0.151959,0.151959,0.000000,0.000000,0.151959,0.010543,0,0,1,0,20,29,31,103.667000,84.833300,56.166700,0.778090,0.203193,0.031189,0.001987,0.000360,-0.009670,0.001987,8,0,8,fixed,8,8,0,0,3.000000,4.000000
1020,random,8,5,10,0,0,2,6.858912,103.667000,0.857364,20,0.151959,39,0,0,0,0.151959,0.151959,0.000000,0.000000,0.151959,0.010543,0,0,1,-1,20,29,31,103.667000,84.833300,56.166700,0.812958,0.196532,0.031189,0.000360,-0.001361,-0.011089,0.000000,8,0,8,fixed,8,8,0,0,3.000000,4.000000
1020,random,8,5,11,2,2,2,0.256841,56.166700,0.032105,31,0.151959,39,0,2,0,0.151959,0.151959,0.000000,0.000000,0.151959,0.010543,0,0,1,0,20,29,31,103.667000,84.833300,56.166700,0.778090,0.196532,0.032203,0.013108,0.011127,0.000360,0.013108,8,0,8,fixed,8,8,0,0,3.000000,4.000000
1020,random,8,5,12,1,1,2,1.629462,84.833300,0.203683,29,0.151959,39,0,1,0,0.151959,0.151959,0.000000,0.000000,0.151959,0.010543,0,0,1,0,20,29,31,103.667000,84.833300,56.166700,0.778090,0.203284,0.031189,0.001986,0.000360,-0.009671,0.001986,8,0,8,fixed,8,8,0,0,3.000000,4.000000
1020,random,8,5,13,2,2,2,0.257921,56.166700,0.032240,31,0.151959,39,0,2,0,0.151959,0.151959,0.000000,0.000000,0.151959,0.010543,0,0,1,0,20,29,31,103.667000,84.833300,56.166700,0.778090,0.196532,0.032191,0.013112,0.011131,0.000360,0.013112,8,0,8,fixed,8,8,0,0,3.000000,4.000000
1020,random,8,5,14,1,1,4,0.000000,84.833300,0.471513,29,0.151959,39,0,1,0,0.151959,0.151959,0.000000,0.000000,0.151959,0.010543,0,0,1,0,20,29,31,103.667000,84.833300,56.166700,0.385851,0.471513,0.712166,0.000829,0.000360,-0.002205,0.000829,8,0,8,fixed,8,8,0,0,3.000000,4.000000
1020,random,8,5,15,1,1,2,1.643677,84.833300,0.205460,29,0.151959,39,0,1,0,0.151959,0.151959,0.000000,0.000000,0.151959,0.010543,0,0,1,0,20,29,31,103.667000,84.833300,56.166700,0.778090,0.203166,0.031189,0.001987,0.000360,-0.009670,0.001987,8,0,8,fixed,8,8,0,0,3.000000,4.000000
1020,random,8,5,16,2,2,4,0.000000,56.166700,0.712166,31,0.151959,39,0,2,0,0.151959,0.151959,0.000000,0.000000,0.151959,0.010543,0,0,1,-1,20,29,31,103.667000,84.833300,56.166700,0.385851,0.471513,0.712166,0.003500,0.003015,0.000360,0.003500,8,0,8,fixed,8,8,0,0,3.000000,4.000000
1020,random,8,5,17,0,0,2,6.337628,103.667000,0.792204,20,0.151959,39,0,0,0,0.151959,0.151959,0.000000,0.000000,0.151959,0.010543,0,0,1,-1,20,29,31,103.667000,84.833300,56.166700,0.819474,0.196532,0.031189,0.000360,-0.001363,-0.011092,0.000000,8,0,8,fixed,8,8,0,0,3.000000,4.000000
1020,random,8,5,18,1,1,4,0.000000,84.833300,0.471513,29,0.151959,39,0,1,0,0.151959,0.151959,0.000000,0.000000,0.151959,0.010543,0,0,1,0,20,29,31,103.667000,84.833300,56.166700,0.385851,0.471513,0.712166,0.000829,0.000360,-0.002205,0.000829,8,0,8,fixed,8,8,0,0,3.000000,4.000000
1020,random,8,5,19,2,2,1,0.815418,56.166700,0.271806,31,0.151959,39,0,2,0,0.151959,0.151959,0.000000,0.000000,0.151959,0.010543,0,0,1,0,20,29,31,103.667000,84.833300,56.166700,1.241063,1.119845,0.592281,0.004111,0.003453,0.000360,0.004111,8,0,8,fixed,8,8,0,0,3.000000,4.000000
1020,random,8,5,20,0,0,2,6.335442,103.667000,0.791930,20,0.151959,39,0,0,0,0.151959,0.151959,0.000000,0.000000,0.151959,0.010543,0,0,1,-1,20,29,31,103.667000,84.833300,56.166700,0.819501,0.196532,0.031189,0.000360,-0.001363,-0.011092,0.000000,8,0,8,fixed,8,8,0,0,3.000000,4.000000
1020,random,8,5,21,1,1,2,1.606503,84.833300,0.200813,29,0.151959,39,0,1,0,0.151959,0.151959,0.000000,0.000000,0.151959,0.010543,0,0,1,0,20,29,31,103.667000,84.833300,56.166700,0.778090,0.203476,0.031189,0.001985,0.000360,-0.009672,0.001985,8,0,8,fixed,8,8,0,0,3.000000,4.000000
1020,random,8,5,22,1,1,4,0.000000,84.833300,0.471513,29,0.151959,39,0,1,0,0.151959,0.151959,0.000000,0.000000,0.151959,0.010543,0,0,1,0,20,29,31,103.667000,84.833300,56.166700,0.385851,0.471513,0.712166,0.000829,0.000360,-0.002205,0.000829,8,0,8,fixed,8,8,0,0,3.000000,4.000000
1020,random,8,5,23,2,2,1,1.809276,56.166700,0.603092,31,0.151959,39,0,2,0,0.151959,0.151959,0.000000,0.000000,0.151959,0.010543,0,0,1,-1,20,29,31,103.667000,84.833300,56.166700,1.241063,1.119845,0.550870,0.004149,0.003491,0.000360,0.004149,8,0,8,fixed,8,8,0,0,3.000000,4.000000
1020,random,8,5,24,1,1,2,1.629539,84.833300,0.203692,29,0.151959,39,0,1,0,0.151959,0.151959,0.000000,0.000000,0.151959,0.010543,0,0,1,0,20,29,31,103.667000,84.833300,56.166700,0.778090,0.203284,0.031189,0.001986,0.000360,-0.009671,0.001986,8,0,8,fixed,8,8,0,0,3.000000,4.000000
1020,random,8,5,25,2,2,3,0.000000,56.166700,1.780414,31,0.151959,39,0,2,0,0.151959,0.151959,0.000000,0.000000,0.151959,0.010543,0,0,1,1,20,29,31,103.667000,84.833300,56.166700,0.964627,1.178782,1.780414,0.003715,0.003144,0.000360,0.003715,8,0,8,fixed,8,8,0,0,3.000000,4.000000
1020,random,8,5,26,1,1,4,0.000000,84.833300,0.471513,29,0.151959,39,0,1,0,0.151959,0.151959,0.000000,0.000000,0.151959,0.010543,0,0,1,0,20,29,31,103.667000,84.833300,56.166700,0.385851,0.471513,0.712166,0.000829,0.000360,-0.002205,0.000829,8,0,8,fixed,8,8,0,0,3.000000,4.000000
1020,random,8,5,27,1,1,2,1.618497,84.833300,0.202312,29,0.151959,39,0,1,0,0.151959,0.151959,0.000000,0.000000,0.151959,0.010543,0,0,1,0,20,29,31,103.667000,84.833300,56.166700,0.778090,0.203376,0.031189,0.001985,0.000360,-0.009671,0.001985,8,0,8,fixed,8,8,0,0,3.000000,4.000000
1020,random,8,5,28,1,1,2,1.618473,84.833300,0.202309,29,0.151959,39,0,1,0,0.151959,0.151959,0.000000,0.000000,0.151959,0.010543,0,0,1,0,20,29,31,103.667000,84.833300,56.166700,0.778090,0.203376,0.031189,0.001985,0.000360,-0.009671,0.001985,8,0,8,fixed,8,8,0,0,3.000000,4.000000
1020,random,8,5,29,0,0,2,6.346313,103.667000,0.793289,20,0.151959,39,0,0,0,0.151959,0.151959,0.000000,0.000000,0.151959,0.010543,0,0,1,-1,20,29,31,103.667000,84.833300,56.166700,0.819365,0.196532,0.031189,0.000360,-0.001363,-0.011092,0.000000,8,0,8,fixed,8,8,0,0,3.000000,4.000000
1020,random,8,5,30,0,0,2,6.923487,103.667000,0.865436,20,0.151959,39,0,0,0,0.151959,0.151959,0.000000,0.000000,0.151959,0.010543,0,0,1,-1,20,29,31,103.667000,84.833300,56.166700,0.812151,0.196532,0.031189,0.000360,-0.001360,-0.011089,0.000000,8,0,8,fixed,8,8,0,0,3.000000,4.000000
1020,random,8,5,31,2,2,4,0.000000,56.166700,0.712166,31,0.151959,39,0,2,0,0.151959,0.151959,0.000000,0.000000,0.151959,0.010543,0,0,1,-1,20,29,31,103.667000,84.833300,56.166700,0.385851,0.471513,0.712166,0.003500,0.003015,0.000360,0.003500,8,0,8,fixed,8,8,0,0,3.000000,4.000000
1020,random,8,5,32,2,2,2,0.257945,56.166700,0.032243,31,0.151959,39,0,2,0,0.151959,0.151959,0.000000,0.000000,0.151959,0.010543,0,0,1,0,20,29,31,103.667000,84.833300,56.166700,0.778090,0.196532,0.032191,0.013112,0.011131,0.000360,0.013112,8,0,8,fixed,8,8,0,0,3.000000,4.000000
1020,random,8,5,33,2,2,4,0.000000,56.166700,0.712166,31,0.151959,39,0,2,0,0.151959,0.151959,0.000000,0.000000,0.151959,0.010543,0,0,1,-1,20,29,31,103.667000,84.833300,56.166700,0.385851,0.471513,0.712166,0.003500,0.003015,0.000360,0.003500,8,0,8,fixed,8,8,0,0,3.000000,4.000000
1020,random,8,5,34,2,2,2,0.256828,56.166700,0.032104,31,0.151959,39,0,2,0,0.151959,0.151959,0.000000,0.000000,0.151959,0.010543,0,0,1,0,20,29,31,103.667000,84.833300,56.166700,0.778090,0.196532,0.032203,0.013108,0.011127,0.000360,0.013108,8,0,8,fixed,8,8,0,0,3.000000,4.000000
1020,random,8,5,35,1,1,4,0.000000,84.833300,0.471513,29,0.151959,39,0,1,0,0.151959,0.151959,0.000000,0.000000,0.151959,0.010543,0,0,1,0,20,29,31,103.667000,84.833300,56.166700,0.385851,0.471513,0.712166,0.000829,0.000360,-0.002205,0.000829,8,0,8,fixed,8,8,0,0,3.000000,4.000000
1020,random,8,5,36,2,2,3,0.000000,56.166700,1.780414,31,0.151959,39,0,2,0,0.151959,0.151959,0.000000,0.000000,0.151959,0.010543,0,0,1,1,20,29,31,103.667000,84.833300,56.166700,0.964627,1.178782,1.780414,0.003715,0.003144,0.000360,0.003715,8,0,8,fixed,8,8,0,0,3.000000,4.000000
1020,random,8,5,37,1,1,2,1.629438,84.833300,0.203680,29,0.151959,39,0,1,0,0.151959,0.151959,0.000000,0.000000,0.151959,0.010543,0,0,1,0,20,29,31,103.667000,84.833300,56.166700,0.778090,0.203285,0.031189,0.001986,0.000360,-0.009671,0.001986,8,0,8,fixed,8,8,0,0,3.000000,4.000000
1020,random,8,5,38,2,2,1,1.532534,56.166700,0.510845,31,0.151959,39,0,2,0,0.151959,0.151959,0.000000,0.000000,0.151959,0.010543,0,0,1,-1,20,29,31,103.667000,84.833300,56.166700,1.241063,1.119845,0.562401,0.004138,0.003480,0.000360,0.004138,8,0,8,fixed,8,8,0,0,3.000000,4.000000
1020,random,8,5,39,0,0,2,6.335442,103.667000,0.791930,20,0.151959,39,0,0,0,0.151959,0.151959,0.000000,0.000000,0.151959,0.010543,0,0,1,-1,20,29,31,103.667000,84.833300,56.166700,0.819501,0.196532,0.031189,0.000360,-0.001363,-0.011092,0.000000,8,0,8,fixed,8,8,0,0,3.000000,4.000000
1020,random,8,5,40,2,2,1,1.603973,56.166700,0.534658,31,0.151959,39,0,2,0,0.151959,0.151959,0.000000,0.000000,0.151959,0.010543,0,0,1,-1,20,29,31,103.667000,84.833300,56.166700,1.241063,1.119845,0.559424,0.004140,0.003482,0.000360,0.004140,8,0,8,fixed,8,8,0,0,3.000000,4.000000
1020,random,8,5,41,1,1,2,1.627340,84.833300,0.203418,29,0.151959,39,0,1,0,0.151959,0.151959,0.000000,0.000000,0.151959,0.010543,0,0,1,0,20,29,31,103.667000,84.833300,56.166700,0.778090,0.203302,0.031189,0.001986,0.000360,-0.009671,0.001986,8,0,8,fixed,8,8,0,0,3.000000,4.000000
1020,random,8,5,42,1,1,2,1.627411,84.833300,0.203426,29,0.151959,39,0,1,0,0.151959,0.151959,0.000000,0.000000,0.151959,0.010543,0,0,1,0,20,29,31,103.667000,84.833300,56.166700,0.778090,0.203302,0.031189,0.001986,0.000360,-0.009671,0.001986,8,0,8,fixed,8,8,0,0,3.000000,4.000000
1020,random,8,5,43,0,0,4,0.000000,103.667000,0.385851,20,0.151959,39,0,0,0,0.151959,0.151959,0.000000,0.000000,0.151959,0.010543,0,0,1,0,20,29,31,103.667000,84.833300,56.166700,0.385851,0.471513,0.712166,0.000360,-0.000106,-0.002655,0.000000,8,0,8,fixed,8,8,0,0,3.000000,4.000000
1020,random,8,5,44,1,1,2,1.637095,84.833300,0.204637,29,0.151959,39,0,1,0,0.151959,0.151959,0.000000,0.000000,0.151959,0.010543,0,0,1,0,20,29,31,103.667000,84.833300,56.166700,0.778090,0.203221,0.031189,0.001986,0.000360,-0.009670,0.001986,8,0,8,fixed,8,8,0,0,3.000000,4.000000
1020,random,8,5,45,2,2,4,0.000000,56.166700,0.712166,31,0.151959,39,0,2,0,0.151959,0.151959,0.000000,0.000000,0.151959,0.010543,0,0,1,-1,20,29,31,103.667000,84.833300,56.166700,0.385851,0.471513,0.712166,0.003500,0.003015,0.000360,0.003500,8,0,8,fixed,8,8,0,0,3.000000,4.000000
1020,random,8,5,46,2,2,1,1.710271,56.166700,0.570090,31,0.151959,39,0,2,0,0.151959,0.151959,0.000000,0.000000,0.151959,0.010543,0,0,1,-1,20,29,31,103.667000,84.833300,56.166700,1.241063,1.119845,0.554995,0.004145,0.003487,0.000360,0.004145,8,0,8,fixed,8,8,0,0,3.000000,4.000000
1020,random,8,5,47,2,2,2,0.256852,56.166700,0.032106,31,0.151959,39,0,2,0,0.151959,0.151959,0.000000,0.000000,0.151959,0.010543,0,0,1,0,20,29,31,103.667000,84.833300,56.166700,0.778090,0.196532,0.032203,0.013108,0.011128,0.000360,0.013108,8,0,8,fixed,8,8,0,0,3.000000,4.000000
1020,random,8,5,48,0,0,2,6.334397,103.667000,0.791800,20,0.151959,39,0,0,0,0.151959,0.151959,0.000000,0.000000,0.151959,0.010543,0,0,1,-1,20,29,31,103.667000,84.833300,56.166700,0.819514,0.196532,0.031189,0.000360,-0.001363,-0.011092,0.000000,8,0,8,fixed,8,8,0,0,3.000000,4.000000
1020,random,8,5,49,2,2,2,0.257922,56.166700,0.032240,31,0.151959,39,0,2,0,0.151959,0.151959,0.000000,0.000000,0.151959,0.010543,0,0,1,0,20,29,31,103.667000,84.833300,56.166700,0.778090,0.196532,0.032191,0.013112,0.011131,0.000360,0.013112,8,0,8,fixed,8,8,0,0,3.000000,4.000000
1020,random,8,5,50,0,0,4,0.000000,103.667000,0.385851,20,0.151959,39,0,0,0,0.151959,0.151959,0.000000,0.000000,0.151959,0.010543,0,0,1,0,20,29,31,103.667000,84.833300,56.166700,0.385851,0.471513,0.712166,0.000360,-0.000106,-0.002655,0.000000,8,0,8,fixed,8,8,0,0,3.000000,4.000000
1020,random,8,5,51,1,1,2,1.627292,84.833300,0.203412,29,0.151959,39,0,1,0,0.151959,0.151959,0.000000,0.000000,0.151959,0.010543,0,0,1,0,20,29,31,103.667000,84.833300,56.166700,0.778090,0.203303,0.031189,0.001986,0.000360,-0.009671,0.001986,8,0,8,fixed,8,8,0,0,3.000000,4.000000
1020,random,8,5,52,0,0,3,0.000000,103.667000,0.964627,20,0.151959,39,0,0,0,0.151959,0.151959,0.000000,0.000000,0.151959,0.010543,0,0,1,-1,20,29,31,103.667000,84.833300,56.166700,0.964627,1.178782,1.780414,0.000360,-0.000187,-0.002853,0.000000,8,0,8,fixed,8,8,0,0,3.000000,4.000000
1020,random,8,5,53,1,1,3,0.000000,84.833300,1.178782,29,0.151959,39,0,1,0,0.151959,0.151959,0.000000,0.000000,0.151959,0.010543,0,0,1,-1,20,29,31,103.667000,84.833300,56.166700,0.964627,1.178782,1.780414,0.000911,0.000360,-0.002325,0.000911,8,0,8,fixed,8,8,0,0,3.000000,4.000000
1020,random,8,5,54,2,2,2,0.259026,56.166700,0.032378,31,0.151959,39,0,2,0,0.151959,0.151959,0.000000,0.000000,0.151959,0.010543,0,0,1,0,20,29,31,103.667000,84.833300,56.166700,0.778090,0.196532,0.032178,0.013116,0.011135,0.000360,0.013116,8,0,8,fixed,8,8,0,0,3.000000,4.000000
1020,random,8,5,55,1,1,4,0.000000,84.833300,0.471513,29,0.151959,39,0,1,0,0.151959,0.151959,0.000000,0.000000,0.151959,0.010543,0,0,1,0,20,29,31,103.667000,84.833300,56.166700,0.385851,0.471513,0.712166,0.000829,0.000360,-0.002205,0.000829,8,0,8,fixed,8,8,0,0,3.000000,4.000000
1020,random,8,5,56,0,0,2,6.327843,103.667000,0.790980,20,0.151959,39,0,0,0,0.151959,0.151959,0.000000,0.000000,0.151959,0.010543,0,0,1,-1,20,29,31,103.667000,84.833300,56.166700,0.819596,0.196532,0.031189,0.000360,-0.001363,-0.011092,0.000000,8,0,8,fixed,8,8,0,0,3.000000,4.000000
1020,random,8,5,57,0,0,2,6.327843,103.667000,0.790980,20,0.151959,39,0,0,0,0.151959,0.151959,0.000000,0.000000,0.151959,0.010543,0,0,1,-1,20,29,31,103.667000,84.833300,56.166700,0.819596,0.196532,0.031189,0.000360,-0.001363,-0.011092,0.000000,8,0,8,fixed,8,8,0,0,3.000000,4.000000
1020,random,8,5,58,2,2,4,0.000000,56.166700,0.712166,31,0.151959,39,0,2,0,0.151959,0.151959,0.000000,0.000000,0.151959,0.010543,0,0,1,-1,20,29,31,103.667000,84.833300,56.166700,0.385851,0.471513,0.712166,0.003500,0.003015,0.000360,0.003500,8,0,8,fixed,8,8,0,0,3.000000,4.000000
1020,random,8,5,59,0,0,4,0.000000,103.667000,0.385851,20,0.151959,39,0,0,0,0.151959,0.151959,0.000000,0.000000,0.151959,0.010543,0,0,1,0,20,29,31,103.667000,84.833300,56.166700,0.385851,0.471513,0.712166,0.000360,-0.000106,-0.002655,0.000000,8,0,8,fixed,8,8,0,0,3.000000,4.000000
1020,random,8,5,60,0,0,3,0.000000,103.667000,0.964627,20,0.151959,39,0,0,0,0.151959,0.151959,0.000000,0.000000,0.151959,0.010543,0,0,1,-1,20,29,31,103.667000,84.833300,56.166700,0.964627,1.178782,1.780414,0.000360,-0.000187,-0.002853,0.000000,8,0,8,fixed,8,8,0,0,3.000000,4.000000
1020,random,8,5,61,0,0,3,0.000000,103.667000,0.964627,20,0.151959,39,0,0,0,0.151959,0.151959,0.000000,0.000000,0.151959,0.010543,0,0,1,-1,20,29,31,103.667000,84.833300,56.166700,0.964627,1.178782,1.780414,0.000360,-0.000187,-0.002853,0.000000,8,0,8,fixed,8,8,0,0,3.000000,4.000000
1020,random,8,5,62,0,0,1,4.311867,103.667000,1.437289,20,0.151959,39,0,0,0,0.151959,0.151959,0.000000,0.000000,0.151959,0.010543,0,0,1,-1,20,29,31,103.667000,84.833300,56.166700,1.168943,1.119845,0.539276,0.000360,-0.000264,-0.003274,0.000000,8,0,8,fixed,8,8,0,0,3.000000,4.000000
1020,random,8,5,63,1,1,3,0.000000,84.833300,1.178782,29,0.151959,39,0,1,0,0.151959,0.151959,0.000000,0.000000,0.151959,0.010543,0,0,1,-1,20,29,31,103.667000,84.833300,56.166700,0.964627,1.178782,1.780414,0.000911,0.000360,-0.002325,0.000911,8,0,8,fixed,8,8,0,0,3.000000,4.000000
1020,random,8,5,64,0,0,2,6.869954,103.667000,0.858744,20,0.151959,39,0,0,0,0.151959,0.151959,0.000000,0.000000,0.151959,0.010543,0,0,1,-1,20,29,31,103.667000,84.833300,56.166700,0.812820,0.196532,0.031189,0.000360,-0.001361,-0.011089,0.000000,8,0,8,fixed,8,8,0,0,3.000000,4.000000
1020,random,8,5,65,2,2,3,0.000000,56.166700,1.780414,31,0.151959,39,0,2,0,0.151959,0.151959,0.000000,0.000000,0.151959,0.010543,0,0,1,1,20,29,31,103.667000,84.833300,56.166700,0.964627,1.178782,1.780414,0.003715,0.003144,0.000360,0.003715,8,0,8,fixed,8,8,0,0,3.000000,4.000000
1020,random,8,5,66,2,2,1,1.760366,56.166700,0.586789,31,0.151959,39,0,2,0,0.151959,0.151959,0.000000,0.000000,0.151959,0.010543,0,0,1,-1,20,29,31,103.667000,84.833300,56.166700,1.241063,1.119845,0.552908,0.004147,0.003489,0.000360,0.004147,8,0,8,fixed,8,8,0,0,3.000000,4.000000
1020,random,8,5,67,2,2,1,1.792000,56.166700,0.597333,31,0.151959,39,0,2,0,0.151959,0.151959,0.000000,0.000000,0.151959,0.010543,0,0,1,-1,20,29,31,103.667000,84.833300,56.166700,1.241063,1.119845,0.551590,0.004148,0.003490,0.000360,0.004148,8,0,8,fixed,8,8,0,0,3.000000,4.000000
1020,random,8,5,68,1,1,1,3.400449,84.833300,1.133483,29,0.151959,39,0,1,0,0.151959,0.151959,0.000000,0.000000,0.151959,0.010543,0,0,1,1,20,29,31,103.667000,84.833300,56.166700,1.241063,1.166786,0.539276,0.000973,0.000360,-0.002692,0.000973,8,0,8,fixed,8,8,0,0,3.000000,4.000000
1020,random,8,5,69,2,2,4,0.000000,56.166700,0.712166,31,0.151959,39,0,2,0,0.151959,0.151959,0.000000,0.000000,0.151959,0.010543,0,0,1,-1,20,29,31,103.667000,84.833300,56.166700,0.385851,0.471513,0.712166,0.003500,0.003015,0.000360,0.003500,8,0,8,fixed,8,8,0,0,3.000000,4.000000
1020,random,8,5,70,1,1,1,3.275491,84.833300,1.091830,29,0.151959,39,0,1,0,0.151959,0.151959,0.000000,0.000000,0.151959,0.010543,0,0,1,1,20,29,31,103.667000,84.833300,56.166700,1.241063,1.180671,0.539276,0.000970,0.000360,-0.002695,0.000970,8,0,8,fixed,8,8,0,0,3.000000,4.000000
1020,random,8,5,71,1,1,2,1.627304,84.833300,0.203413,29,0.151959,39,0,1,0,0.151959,0.151959,0.000000,0.000000,0.151959,0.010543,0,0,1,0,20,29,31,103.667000,84.833300,56.166700,0.778090,0.203302,0.031189,0.001986,0.000360,-0.009671,0.001986,8,0,8,fixed,8,8,0,0,3.000000,4.000000
1020,random,8,5,72,2,2,1,2.327364,56.166700,0.775788,31,0.151959,39,0,2,0,0.151959,0.151959,0.000000,0.000000,0.151959,0.010543,0,0,1,-1,20,29,31,103.667000,84.833300,56.166700,1.241063,1.119845,0.529283,0.004170,0.003512,0.000360,0.004170,8,0,8,fixed,8,8,0,0,3.000000,4.000000
1020,random,8,5,73,2,2,2,0.257934,56.166700,0.032242,31,0.151959,39,0,2,0,0.151959,0.151959,0.000000,0.000000,0.151959,0.010543,0,0,1,0,20,29,31,103.667000,84.833300,56.166700,0.778090,0.196532,0.032191,0.013112,0.011131,0.000360,0.013112,8,0,8,fixed,8,8,0,0,3.000000,4.000000
1020,random,8,5,74,2,2,2,0.256817,56.166700,0.032102,31,0.151959,39,1,2,0,0.151959,0.151959,0.000000,0.000000,0.151959,0.010543,0,0,1,0,20,29,31,103.667000,84.833300,56.166700,0.778090,0.196532,0.032204,0.013108,0.011127,0.000360,0.013108,8,0,8,fixed,8,8,0,0,3.000000,4.000000
1020,random,8,5,75,2,2,2,0.256828,56.166700,0.032104,31,0.151959,39,0,2,0,0.151959,0.151959,0.000000,0.000000,0.151959,0.010543,0,0,1,0,20,29,31,103.667000,84.833300,56.166700,0.778090,0.196532,0.032203,0.013108,0.011127,0.000360,0.013108,8,0,8,fixed,8,8,0,0,3.000000,4.000000
1020,random,8,5,76,1,1,1,3.251445,84.833300,1.083815,29,0.151959,39,0,1,0,0.151959,0.151959,0.000000,0.000000,0.151959,0.010543,0,0,1,1,20,29,31,103.667000,84.833300,56.166700,1.241063,1.183342,0.539276,0.000969,0.000360,-0.002695,0.000969,8,0,8,fixed,8,8,0,0,3.000000,4.000000
1020,random,8,5,77,1,1,2,1.579208,84.833300,0.197401,29,0.151959,39,0,1,0,0.151959,0.151959,0.000000,0.000000,0.151959,0.010543,0,0,1,0,20,29,31,103.667000,84.833300,56.166700,0.778090,0.203703,0.031189,0.001983,0.000360,-0.009673,0.001983,8,0,8,fixed,8,8,0,0,3.000000,4.000000
1020,random,8,5,78,0,0,2,6.898272,103.667000,0.862284,20,0.151959,39,0,0,0,0.151959,0.151959,0.000000,0.000000,0.151959,0.010543,0,0,1,-1,20,29,31,103.667000,84.833300,56.166700,0.812466,0.196532,0.031189,0.000360,-0.001360,-0.011089,0.000000,8,0,8,fixed,8,8,0,0,3.000000,4.000000
1020,random,8,5,79,2,2,2,0.257897,56.166700,0.032237,31,0.151959,39,0,2,0,0.151959,0.151959,0.000000,0.000000,0.151959,0.010543,0,0,1,0,20,29,31,103.667000,84.833300,56.166700,0.778090,0.196532,0.032191,0.013112,0.011131,0.000360,0.013112,8,0,8,fixed,8,8,0,0,3.000000,4.000000
1020,random,8,5,80,1,1,2,1.641433,84.833300,0.205179,29,0.151959,39,0,1,0,0.151959,0.151959,0.000000,0.000000,0.151959,0.010543,0,0,1,0,20,29,31,103.667000,84.833300,56.166700,0.778090,0.203185,0.031189,0.001987,0.000360,-0.009670,0.001987,8,0,8,fixed,8,8,0,0,3.000000,4.000000
