seed,method,max_switches,cycle_id,ue_id,previous_bs_id,current_bs_id,app_type,tp_mbps,rtt_ms,satisfaction,num_users_on_current_bs,harmonic_mean,num_unsatisfied_users,target_ue_flag,action_selected_bs_id,switch_flag,h_before,h_after_estimated,reward,estimated_reward,h_after_measured,measured_reward,switch_count,num_degraded_users,measurement_valid,candidate_type,num_users_ap0,num_users_ap1,num_users_ap2,monitor_rtt_ap0,monitor_rtt_ap1,monitor_rtt_ap2,estimated_satisfaction_if_ap0,estimated_satisfaction_if_ap1,estimated_satisfaction_if_ap2,estimated_h_delta_if_ap0,estimated_h_delta_if_ap1,estimated_h_delta_if_ap2,best_estimated_h_delta,effective_max_switches,applied_switches_in_cycle,remaining_switch_budget,k_schedule_type,k_max,k_min,k_decay_rate,stop_action_flag,warmup_before_cycle_sec,cycle_start_offset_sec
1028,random,8,1,1,1,1,2,3.368223,88.500000,0.421028,28,0.339504,37,0,1,0,0.339504,0.339504,0.000000,0.000000,0.339504,0.000000,50,0,1,0,25,28,27,99.166700,88.500000,65.833300,0.500976,0.404166,0.105902,0.011479,0.011173,-0.003857,0.011479,8,50,0,fixed,8,8,0,0,3.000000,4.000000
1028,random,8,1,2,2,2,4,0.000000,65.833300,0.607595,27,0.339504,37,0,1,1,0.339504,0.339504,0.000000,0.000000,0.339504,0.000000,50,0,1,-1,25,28,27,99.166700,88.500000,65.833300,0.403361,0.451977,0.607595,0.014485,0.015203,0.011173,0.015203,8,50,0,fixed,8,8,0,0,3.000000,4.000000
1028,random,8,1,3,1,1,3,0.000000,88.500000,1.129944,28,0.339504,37,0,1,0,0.339504,0.339504,0.000000,0.000000,0.339504,0.000000,50,0,1,1,25,28,27,99.166700,88.500000,65.833300,1.008403,1.129944,1.518988,0.010716,0.011173,0.006723,0.010716,8,50,0,fixed,8,8,0,0,3.000000,4.000000
1028,random,8,1,4,0,0,3,0.000000,99.166700,1.008403,25,0.339504,37,0,1,1,0.339504,0.339504,0.000000,0.000000,0.339504,0.000000,50,0,1,-1,25,28,27,99.166700,88.500000,65.833300,1.008403,1.129944,1.518988,0.011173,0.011631,0.007170,0.011631,8,50,0,fixed,8,8,0,0,3.000000,4.000000
1028,random,8,1,5,1,1,3,0.000000,88.500000,1.129944,28,0.339504,37,0,0,1,0.339504,0.339504,0.000000,0.000000,0.339504,0.000000,50,0,1,1,25,28,27,99.166700,88.500000,65.833300,1.008403,1.129944,1.518988,0.010716,0.011173,0.006723,0.010716,8,50,0,fixed,8,8,0,0,3.000000,4.000000
1028,random,8,1,6,0,0,2,3.858855,99.166700,0.482357,25,0.339504,37,0,1,1,0.339504,0.339504,0.000000,0.000000,0.339504,0.000000,50,0,1,0,25,28,27,99.166700,88.500000,65.833300,0.523988,0.391709,0.105902,0.011173,0.010360,-0.004367,0.010360,8,50,0,fixed,8,8,0,0,3.000000,4.000000
1028,random,8,1,7,2,2,2,0.880866,65.833300,0.110108,27,0.339504,37,0,1,1,0.339504,0.339504,0.000000,0.000000,0.339504,0.000000,50,0,1,0,25,28,27,99.166700,88.500000,65.833300,0.500976,0.391709,0.109798,0.026816,0.026203,0.011173,0.026816,8,50,0,fixed,8,8,0,0,3.000000,4.000000
1028,random,8,1,8,0,0,1,3.506402,99.166700,1.168801,25,0.339504,37,0,1,1,0.339504,0.339504,0.000000,0.000000,0.339504,0.000000,50,0,1,-1,25,28,27,99.166700,88.500000,65.833300,1.169320,1.128588,0.710812,0.011173,0.011366,0.005794,0.011366,8,50,0,fixed,8,8,0,0,3.000000,4.000000
1028,random,8,1,9,0,0,4,0.000000,99.166700,0.403361,25,0.339504,37,0,2,1,0.339504,0.339504,0.000000,0.000000,0.339504,0.000000,50,0,1,0,25,28,27,99.166700,88.500000,65.833300,0.403361,0.451977,0.607595,0.011173,0.011877,0.007922,0.011877,8,50,0,fixed,8,8,0,0,3.000000,4.000000
1028,random,8,1,10,1,1,2,3.115779,88.500000,0.389472,28,0.339504,37,0,1,0,0.339504,0.339504,0.000000,0.000000,0.339504,0.000000,50,0,1,0,25,28,27,99.166700,88.500000,65.833300,0.500976,0.407322,0.105902,0.011451,0.011173,-0.003883,0.011451,8,50,0,fixed,8,8,0,0,3.000000,4.000000
1028,random,8,1,11,2,2,1,2.221694,65.833300,0.740565,27,0.339504,37,0,2,0,0.339504,0.339504,0.000000,0.000000,0.339504,0.000000,50,0,1,-1,25,28,27,99.166700,88.500000,65.833300,1.124263,1.128588,0.735996,0.016457,0.016765,0.011173,0.016765,8,50,0,fixed,8,8,0,0,3.000000,4.000000
1028,random,8,1,12,2,2,2,0.880837,65.833300,0.110105,27,0.339504,37,0,0,1,0.339504,0.339504,0.000000,0.000000,0.339504,0.000000,50,0,1,0,25,28,27,99.166700,88.500000,65.833300,0.500976,0.391709,0.109799,0.026816,0.026203,0.011173,0.026816,8,50,0,fixed,8,8,0,0,3.000000,4.000000
1028,random,8,1,13,1,1,1,3.506685,88.500000,1.168895,28,0.339504,37,0,2,1,0.339504,0.339504,0.000000,0.000000,0.339504,0.000000,50,0,1,1,25,28,27,99.166700,88.500000,65.833300,1.124263,1.081864,0.710812,0.010883,0.011173,0.005615,0.010883,8,50,0,fixed,8,8,0,0,3.000000,4.000000
1028,random,8,1,14,0,0,2,4.076416,99.166700,0.509552,25,0.339504,37,0,0,0,0.339504,0.339504,0.000000,0.000000,0.339504,0.000000,50,0,1,-1,25,28,27,99.166700,88.500000,65.833300,0.521896,0.391709,0.105902,0.011173,0.010371,-0.004357,0.010371,8,50,0,fixed,8,8,0,0,3.000000,4.000000
1028,random,8,1,15,1,1,4,0.000000,88.500000,0.451977,28,0.339504,37,0,0,1,0.339504,0.339504,0.000000,0.000000,0.339504,0.000000,50,0,1,0,25,28,27,99.166700,88.500000,65.833300,0.403361,0.451977,0.607595,0.010471,0.011173,0.007234,0.010471,8,50,0,fixed,8,8,0,0,3.000000,4.000000
1028,random,8,1,16,0,0,2,4.076451,99.166700,0.509556,25,0.339504,37,0,2,1,0.339504,0.339504,0.000000,0.000000,0.339504,0.000000,50,0,1,-1,25,28,27,99.166700,88.500000,65.833300,0.521896,0.391709,0.105902,0.011173,0.010371,-0.004357,0.010371,8,50,0,fixed,8,8,0,0,3.000000,4.000000
1028,random,8,1,17,1,1,2,3.115767,88.500000,0.389471,28,0.339504,37,0,0,1,0.339504,0.339504,0.000000,0.000000,0.339504,0.000000,50,0,1,0,25,28,27,99.166700,88.500000,65.833300,0.500976,0.407322,0.105902,0.011451,0.011173,-0.003883,0.011451,8,50,0,fixed,8,8,0,0,3.000000,4.000000
1028,random,8,1,18,2,2,3,0.000000,65.833300,1.518988,27,0.339504,37,0,0,1,0.339504,0.339504,0.000000,0.000000,0.339504,0.000000,50,0,1,1,25,28,27,99.166700,88.500000,65.833300,1.008403,1.129944,1.518988,0.015270,0.015738,0.011173,0.015738,8,50,0,fixed,8,8,0,0,3.000000,4.000000
1028,random,8,1,19,1,1,2,3.117930,88.500000,0.389741,28,0.339504,37,0,1,0,0.339504,0.339504,0.000000,0.000000,0.339504,0.000000,50,0,1,0,25,28,27,99.166700,88.500000,65.833300,0.500976,0.407295,0.105902,0.011451,0.011173,-0.003883,0.011451,8,50,0,fixed,8,8,0,0,3.000000,4.000000
1028,random,8,1,20,2,2,4,0.000000,65.833300,0.607595,27,0.339504,37,0,0,1,0.339504,0.339504,0.000000,0.000000,0.339504,0.000000,50,0,1,-1,25,28,27,99.166700,88.500000,65.833300,0.403361,0.451977,0.607595,0.014485,0.015203,0.011173,0.015203,8,50,0,fixed,8,8,0,0,3.000000,4.000000
1028,random,8,1,21,2,2,4,0.000000,65.833300,0.607595,27,0.339504,37,0,1,1,0.339504,0.339504,0.000000,0.000000,0.339504,0.000000,50,0,1,-1,25,28,27,99.166700,88.500000,65.833300,0.403361,0.451977,0.607595,0.014485,0.015203,0.011173,0.015203,8,50,0,fixed,8,8,0,0,3.000000,4.000000
1028,random,8,1,22,1,1,3,0.000000,88.500000,1.129944,28,0.339504,37,0,1,0,0.339504,0.339504,0.000000,0.000000,0.339504,0.000000,50,0,1,1,25,28,27,99.166700,88.500000,65.833300,1.008403,1.129944,1.518988,0.010716,0.011173,0.006723,0.010716,8,50,0,fixed,8,8,0,0,3.000000,4.000000
1028,random,8,1,23,2,2,2,0.878681,65.833300,0.109835,27,0.339504,37,0,1,1,0.339504,0.339504,0.000000,0.000000,0.339504,0.000000,50,0,1,0,25,28,27,99.166700,88.500000,65.833300,0.500976,0.391709,0.109823,0.026813,0.026200,0.011173,0.026813,8,50,0,fixed,8,8,0,0,3.000000,4.000000
1028,random,8,1,24,0,0,2,4.077444,99.166700,0.509681,25,0.339504,37,0,2,1,0.339504,0.339504,0.000000,0.000000,0.339504,0.000000,50,0,1,-1,25,28,27,99.166700,88.500000,65.833300,0.521887,0.391709,0.105902,0.011173,0.010371,-0.004357,0.010371,8,50,0,fixed,8,8,0,0,3.000000,4.000000
1028,random,8,1,25,1,1,4,0.000000,88.500000,0.451977,28,0.339504,37,0,1,0,0.339504,0.339504,0.000000,0.000000,0.339504,0.000000,50,0,1,0,25,28,27,99.166700,88.500000,65.833300,0.403361,0.451977,0.607595,0.010471,0.011173,0.007234,0.010471,8,50,0,fixed,8,8,0,0,3.000000,4.000000
1028,random,8,1,26,1,1,3,0.000000,88.500000,1.129944,28,0.339504,37,0,0,1,0.339504,0.339504,0.000000,0.000000,0.339504,0.000000,50,0,1,1,25,28,27,99.166700,88.500000,65.833300,1.008403,1.129944,1.518988,0.010716,0.011173,0.006723,0.010716,8,50,0,fixed,8,8,0,0,3.000000,4.000000
1028,random,8,1,27,2,2,4,0.000000,65.833300,0.607595,27,0.339504,37,0,0,1,0.339504,0.339504,0.000000,0.000000,0.339504,0.000000,50,0,1,-1,25,28,27,99.166700,88.500000,65.833300,0.403361,0.451977,0.607595,0.014485,0.015203,0.011173,0.015203,8,50,0,fixed,8,8,0,0,3.000000,4.000000
1028,random,8,1,28,1,1,4,0.000000,88.500000,0.451977,28,0.339504,37,0,2,1,0.339504,0.339504,0.000000,0.000000,0.339504,0.000000,50,0,1,0,25,28,27,99.166700,88.500000,65.833300,0.403361,0.451977,0.607595,0.010471,0.011173,0.007234,0.010471,8,50,0,fixed,8,8,0,0,3.000000,4.000000
1028,random,8,1,29,2,2,1,2.169775,65.833300,0.723258,27,0.339504,37,0,2,0,0.339504,0.339504,0.000000,0.000000,0.339504,0.000000,50,0,1,-1,25,28,27,99.166700,88.500000,65.833300,1.124263,1.128588,0.741765,0.016441,0.016749,0.011173,0.016749,8,50,0,fixed,8,8,0,0,3.000000,4.000000
1028,random,8,1,30,0,0,2,4.133072,99.166700,0.516634,25,0.339504,37,0,1,1,0.339504,0.339504,0.000000,0.000000,0.339504,0.000000,50,0,1,-1,25,28,27,99.166700,88.500000,65.833300,0.521352,0.391709,0.105902,0.011173,0.010374,-0.004354,0.010374,8,50,0,fixed,8,8,0,0,3.000000,4.000000
1028,random,8,1,31,0,0,2,4.211932,99.166700,0.526492,25,0.339504,37,0,0,0,0.339504,0.339504,0.000000,0.000000,0.339504,0.000000,50,0,1,-1,25,28,27,99.166700,88.500000,65.833300,0.520593,0.391709,0.105902,0.011173,0.010378,-0.004351,0.010378,8,50,0,fixed,8,8,0,0,3.000000,4.000000
1028,random,8,1,32,1,1,4,0.000000,88.500000,0.451977,28,0.339504,37,0,0,1,0.339504,0.339504,0.000000,0.000000,0.339504,0.000000,50,0,1,0,25,28,27,99.166700,88.500000,65.833300,0.403361,0.451977,0.607595,0.010471,0.011173,0.007234,0.010471,8,50,0,fixed,8,8,0,0,3.000000,4.000000
1028,random,8,1,33,2,2,2,0.869972,65.833300,0.108746,27,0.339504,37,0,0,1,0.339504,0.339504,0.000000,0.000000,0.339504,0.000000,50,0,1,0,25,28,27,99.166700,88.500000,65.833300,0.500976,0.391709,0.109922,0.026800,0.026187,0.011173,0.026800,8,50,0,fixed,8,8,0,0,3.000000,4.000000
1028,random,8,1,34,2,2,1,2.213752,65.833300,0.737917,27,0.339504,37,0,2,0,0.339504,0.339504,0.000000,0.000000,0.339504,0.000000,50,0,1,-1,25,28,27,99.166700,88.500000,65.833300,1.124263,1.128588,0.736878,0.016455,0.016763,0.011173,0.016763,8,50,0,fixed,8,8,0,0,3.000000,4.000000
1028,random,8,1,35,1,1,3,0.000000,88.500000,1.129944,28,0.339504,37,0,1,0,0.339504,0.339504,0.000000,0.000000,0.339504,0.000000,50,0,1,1,25,28,27,99.166700,88.500000,65.833300,1.008403,1.129944,1.518988,0.010716,0.011173,0.006723,0.010716,8,50,0,fixed,8,8,0,0,3.000000,4.000000
1028,random,8,1,36,2,2,4,0.000000,65.833300,0.607595,27,0.339504,37,0,2,0,0.339504,0.339504,0.000000,0.000000,0.339504,0.000000,50,0,1,-1,25,28,27,99.166700,88.500000,65.833300,0.403361,0.451977,0.607595,0.014485,0.015203,0.011173,0.015203,8,50,0,fixed,8,8,0,0,3.000000,4.000000
1028,random,8,1,37,1,1,2,0.000000,88.500000,0.100000,28,0.339504,37,1,0,1,0.339504,0.339504,0.000000,0.000000,0.339504,0.000000,50,0,0,0,25,28,27,99.166700,88.500000,65.833300,0.500976,0.405699,0.105902,0.011465,0.011173,-0.003870,0.011465,8,50,0,fixed,8,8,0,0,3.000000,4.000000
1028,random,8,1,38,0,0,2,4.217379,99.166700,0.527172,25,0.339504,37,0,1,1,0.339504,0.339504,0.000000,0.000000,0.339504,0.000000,50,0,1,-1,25,28,27,99.166700,88.500000,65.833300,0.520541,0.391709,0.105902,0.011173,0.010379,-0.004350,0.010379,8,50,0,fixed,8,8,0,0,3.000000,4.000000
1028,random,8,1,39,1,1,4,0.000000,88.500000,0.451977,28,0.339504,37,0,1,0,0.339504,0.339504,0.000000,0.000000,0.339504,0.000000,50,0,1,0,25,28,27,99.166700,88.500000,65.833300,0.403361,0.451977,0.607595,0.010471,0.011173,0.007234,0.010471,8,50,0,fixed,8,8,0,0,3.000000,4.000000
1028,random,8,1,40,1,1,3,0.000000,88.500000,1.129944,28,0.339504,37,0,2,1,0.339504,0.339504,0.000000,0.000000,0.339504,0.000000,50,0,1,1,25,28,27,99.166700,88.500000,65.833300,1.008403,1.129944,1.518988,0.010716,0.011173,0.006723,0.010716,8,50,0,fixed,8,8,0,0,3.000000,4.000000
1028,random,8,1,41,1,1,2,3.264260,88.500000,0.408032,28,0.339504,37,0,1,0,0.339504,0.339504,0.000000,0.000000,0.339504,0.000000,50,0,1,0,25,28,27,99.166700,88.500000,65.833300,0.500976,0.405466,0.105902,0.011467,0.011173,-0.003868,0.011467,8,50,0,fixed,8,8,0,0,3.000000,4.000000
1028,random,8,1,42,0,0,4,0.000000,99.166700,0.403361,25,0.339504,37,0,1,1,0.339504,0.339504,0.000000,0.000000,0.339504,0.000000,50,0,1,0,25,28,27,99.166700,88.500000,65.833300,0.403361,0.451977,0.607595,0.011173,0.011877,0.007922,0.011877,8,50,0,fixed,8,8,0,0,3.000000,4.000000
1028,random,8,1,43,1,1,2,3.286246,88.500000,0.410781,28,0.339504,37,0,0,1,0.339504,0.339504,0.000000,0.000000,0.339504,0.000000,50,0,1,0,25,28,27,99.166700,88.500000,65.833300,0.500976,0.405191,0.105902,0.011470,0.011173,-0.003865,0.011470,8,50,0,fixed,8,8,0,0,3.000000,4.000000
1028,random,8,1,44,0,0,1,3.508131,99.166700,1.169377,25,0.339504,37,0,0,0,0.339504,0.339504,0.000000,0.000000,0.339504,0.000000,50,0,1,-1,25,28,27,99.166700,88.500000,65.833300,1.169204,1.128588,0.710812,0.011173,0.011366,0.005794,0.011366,8,50,0,fixed,8,8,0,0,3.000000,4.000000
1028,random,8,1,45,0,0,2,4.217403,99.166700,0.527175,25,0.339504,37,0,0,0,0.339504,0.339504,0.000000,0.000000,0.339504,0.000000,50,0,1,-1,25,28,27,99.166700,88.500000,65.833300,0.520541,0.391709,0.105902,0.011173,0.010379,-0.004350,0.010379,8,50,0,fixed,8,8,0,0,3.000000,4.000000
1028,random,8,1,46,0,0,2,4.217403,99.166700,0.527175,25,0.339504,37,0,2,1,0.339504,0.339504,0.000000,0.000000,0.339504,0.000000,50,0,1,-1,25,28,27,99.166700,88.500000,65.833300,0.520541,0.391709,0.105902,0.011173,0.010379,-0.004350,0.010379,8,50,0,fixed,8,8,0,0,3.000000,4.000000
1028,random,8,1,47,2,2,4,0.000000,65.833300,0.607595,27,0.339504,37,0,2,0,0.339504,0.339504,0.000000,0.000000,0.339504,0.000000,50,0,1,-1,25,28,27,99.166700,88.500000,65.833300,0.403361,0.451977,0.607595,0.014485,0.015203,0.011173,0.015203,8,50,0,fixed,8,8,0,0,3.000000,4.000000
1028,random,8,1,48,2,2,2,0.878667,65.833300,0.109833,27,0.339504,37,0,0,1,0.339504,0.339504,0.000000,0.000000,0.339504,0.000000,50,0,1,0,25,28,27,99.166700,88.500000,65.833300,0.500976,0.391709,0.109823,0.026813,0.026200,0.011173,0.026813,8,50,0,fixed,8,8,0,0,3.000000,4.000000
1028,random,8,1,49,0,0,4,0.000000,99.166700,0.403361,25,0.339504,37,0,2,1,0.339504,0.339504,0.000000,0.000000,0.339504,0.000000,50,0,1,0,25,28,27,99.166700,88.500000,65.833300,0.403361,0.451977,0.607595,0.011173,0.011877,0.007922,0.011877,8,50,0,fixed,8,8,0,0,3.000000,4.000000
1028,random,8,1,50,1,1,4,0.000000,88.500000,0.451977,28,0.339504,37,0,1,0,0.339504,0.339504,0.000000,0.000000,0.339504,0.000000,50,0,1,0,25,28,27,99.166700,88.500000,65.833300,0.403361,0.451977,0.607595,0.010471,0.011173,0.007234,0.010471,8,50,0,fixed,8,8,0,0,3.000000,4.000000
1028,random,8,1,51,2,2,4,0.000000,65.833300,0.607595,27,0.339504,37,0,0,1,0.339504,0.339504,0.000000,0.000000,0.339504,0.000000,50,0,1,-1,25,28,27,99.166700,88.500000,65.833300,0.403361,0.451977,0.607595,0.014485,0.015203,0.011173,0.015203,8,50,0,fixed,8,8,0,0,3.000000,4.000000
1028,random,8,1,52,0,0,2,4.217391,99.166700,0.527174,25,0.339504,37,0,0,0,0.339504,0.339504,0.000000,0.000000,0.339504,0.000000,50,0,1,-1,25,28,27,99.166700,88.500000,65.833300,0.520541,0.391709,0.105902,0.011173,0.010379,-0.004350,0.010379,8,50,0,fixed,8,8,0,0,3.000000,4.000000
1028,random,8,1,53,2,2,2,0.878678,65.833300,0.109835,27,0.339504,37,0,0,1,0.339504,0.339504,0.000000,0.000000,0.339504,0.000000,50,0,1,0,25,28,27,99.166700,88.500000,65.833300,0.500976,0.391709,0.109823,0.026813,0.026200,0.011173,0.026813,8,50,0,fixed,8,8,0,0,3.000000,4.000000
1028,random,8,1,54,2,2,2,0.878702,65.833300,0.109838,27,0.339504,37,0,1,1,0.339504,0.339504,0.000000,0.000000,0.339504,0.000000,50,0,1,0,25,28,27,99.166700,88.500000,65.833300,0.500976,0.391709,0.109823,0.026813,0.026200,0.011173,0.026813,8,50,0,fixed,8,8,0,0,3.000000,4.000000
1028,random,8,1,55,1,1,2,3.287305,88.500000,0.410913,28,0.339504,37,0,2,1,0.339504,0.339504,0.000000,0.000000,0.339504,0.000000,50,0,1,0,25,28,27,99.166700,88.500000,65.833300,0.500976,0.405178,0.105902,0.011470,0.011173,-0.003865,0.011470,8,50,0,fixed,8,8,0,0,3.000000,4.000000
1028,random,8,1,56,0,0,1,3.507570,99.166700,1.169190,25,0.339504,37,0,2,1,0.339504,0.339504,0.000000,0.000000,0.339504,0.000000,50,0,1,-1,25,28,27,99.166700,88.500000,65.833300,1.169242,1.128588,0.710812,0.011173,0.011366,0.005794,0.011366,8,50,0,fixed,8,8,0,0,3.000000,4.000000
1028,random,8,1,57,2,2,2,0.878678,65.833300,0.109835,27,0.339504,37,0,2,0,0.339504,0.339504,0.000000,0.000000,0.339504,0.000000,50,0,1,0,25,28,27,99.166700,88.500000,65.833300,0.500976,0.391709,0.109823,0.026813,0.026200,0.011173,0.026813,8,50,0,fixed,8,8,0,0,3.000000,4.000000
1028,random,8,1,58,0,0,4,0.000000,99.166700,0.403361,25,0.339504,37,0,2,1,0.339504,0.339504,0.000000,0.000000,0.339504,0.000000,50,0,1,0,25,28,27,99.166700,88.500000,65.833300,0.403361,0.451977,0.607595,0.011173,0.011877,0.007922,0.011877,8,50,0,fixed,8,8,0,0,3.000000,4.000000
1028,random,8,1,59,0,0,1,3.508235,99.166700,1.169412,25,0.339504,37,0,0,0,0.339504,0.339504,0.000000,0.000000,0.339504,0.000000,50,0,1,-1,25,28,27,99.166700,88.500000,65.833300,1.169197,1.128588,0.710812,0.011173,0.011366,0.005794,0.011366,8,50,0,fixed,8,8,0,0,3.000000,4.000000
1028,random,8,1,60,2,2,2,0.879760,65.833300,0.109970,27,0.339504,37,0,0,1,0.339504,0.339504,0.000000,0.000000,0.339504,0.000000,50,0,1,0,25,28,27,99.166700,88.500000,65.833300,0.500976,0.391709,0.109811,0.026814,0.026201,0.011173,0.026814,8,50,0,fixed,8,8,0,0,3.000000,4.000000
1028,random,8,1,61,0,0,2,4.217403,99.166700,0.527175,25,0.339504,37,0,1,1,0.339504,0.339504,0.000000,0.000000,0.339504,0.000000,50,0,1,-1,25,28,27,99.166700,88.500000,65.833300,0.520541,0.391709,0.105902,0.011173,0.010379,-0.004350,0.010379,8,50,0,fixed,8,8,0,0,3.000000,4.000000
1028,random,8,1,62,2,2,1,2.240436,65.833300,0.746812,27,0.339504,37,0,2,0,0.339504,0.339504,0.000000,0.000000,0.339504,0.000000,50,0,1,-1,25,28,27,99.166700,88.500000,65.833300,1.124263,1.128588,0.733913,0.016463,0.016771,0.011173,0.016771,8,50,0,fixed,8,8,0,0,3.000000,4.000000
1028,random,8,1,63,1,1,2,3.287306,88.500000,0.410913,28,0.339504,37,0,0,1,0.339504,0.339504,0.000000,0.000000,0.339504,0.000000,50,0,1,0,25,28,27,99.166700,88.500000,65.833300,0.500976,0.405178,0.105902,0.011470,0.011173,-0.003865,0.011470,8,50,0,fixed,8,8,0,0,3.000000,4.000000
1028,random,8,1,64,2,2,2,0.878666,65.833300,0.109833,27,0.339504,37,0,0,1,0.339504,0.339504,0.000000,0.000000,0.339504,0.000000,50,0,1,0,25,28,27,99.166700,88.500000,65.833300,0.500976,0.391709,0.109823,0.026813,0.026200,0.011173,0.026813,8,50,0,fixed,8,8,0,0,3.000000,4.000000
1028,random,8,1,65,1,1,2,3.286189,88.500000,0.410774,28,0.339504,37,0,0,1,0.339504,0.339504,0.000000,0.000000,0.339504,0.000000,50,0,1,0,25,28,27,99.166700,88.500000,65.833300,0.500976,0.405192,0.105902,0.011470,0.011173,-0.003865,0.011470,8,50,0,fixed,8,8,0,0,3.000000,4.000000
1028,random,8,1,66,0,0,2,4.218507,99.166700,0.527313,25,0.339504,37,0,2,1,0.339504,0.339504,0.000000,0.000000,0.339504,0.000000,50,0,1,-1,25,28,27,99.166700,88.500000,65.833300,0.520530,0.391709,0.105902,0.011173,0.010379,-0.004350,0.010379,8,50,0,fixed,8,8,0,0,3.000000,4.000000
1028,random,8,1,67,2,2,2,0.879819,65.833300,0.109977,27,0.339504,37,0,0,1,0.339504,0.339504,0.000000,0.000000,0.339504,0.000000,50,0,1,0,25,28,27,99.166700,88.500000,65.833300,0.500976,0.391709,0.109810,0.026815,0.026201,0.011173,0.026815,8,50,0,fixed,8,8,0,0,3.000000,4.000000
1028,random,8,1,68,1,1,3,0.000000,88.500000,1.129944,28,0.339504,37,0,2,1,0.339504,0.339504,0.000000,0.000000,0.339504,0.000000,50,0,1,1,25,28,27,99.166700,88.500000,65.833300,1.008403,1.129944,1.518988,0.010716,0.011173,0.006723,0.010716,8,50,0,fixed,8,8,0,0,3.000000,4.000000
1028,random,8,1,69,2,2,3,0.000000,65.833300,1.518988,27,0.339504,37,0,2,0,0.339504,0.339504,0.000000,0.000000,0.339504,0.000000,50,0,1,1,25,28,27,99.166700,88.500000,65.833300,1.008403,1.129944,1.518988,0.015270,0.015738,0.011173,0.015738,8,50,0,fixed,8,8,0,0,3.000000,4.000000
1028,random,8,1,70,0,0,1,3.507624,99.166700,1.169208,25,0.339504,37,0,0,0,0.339504,0.339504,0.000000,0.000000,0.339504,0.000000,50,0,1,-1,25,28,27,99.166700,88.500000,65.833300,1.169238,1.128588,0.710812,0.011173,0.011366,0.005794,0.011366,8,50,0,fixed,8,8,0,0,3.000000,4.000000
1028,random,8,1,71,2,2,4,0.000000,65.833300,0.607595,27,0.339504,37,0,2,0,0.339504,0.339504,0.000000,0.000000,0.339504,0.000000,50,0,1,-1,25,28,27,99.166700,88.500000,65.833300,0.403361,0.451977,0.607595,0.014485,0.015203,0.011173,0.015203,8,50,0,fixed,8,8,0,0,3.000000,4.000000
1028,random,8,1,72,2,2,2,0.879795,65.833300,0.109974,27,0.339504,37,0,1,1,0.339504,0.339504,0.000000,0.000000,0.339504,0.000000,50,0,1,0,25,28,27,99.166700,88.500000,65.833300,0.500976,0.391709,0.109811,0.026814,0.026201,0.011173,0.026814,8,50,0,fixed,8,8,0,0,3.000000,4.000000
1028,random,8,1,73,1,1,4,0.000000,88.500000,0.451977,28,0.339504,37,0,1,0,0.339504,0.339504,0.000000,0.000000,0.339504,0.000000,50,0,1,0,25,28,27,99.166700,88.500000,65.833300,0.403361,0.451977,0.607595,0.010471,0.011173,0.007234,0.010471,8,50,0,fixed,8,8,0,0,3.000000,4.000000
1028,random,8,1,74,2,2,4,0.000000,65.833300,0.607595,27,0.339504,37,0,1,1,0.339504,0.339504,0.000000,0.000000,0.339504,0.000000,50,0,1,-1,25,28,27,99.166700,88.500000,65.833300,0.403361,0.451977,0.607595,0.014485,0.015203,0.011173,0.015203,8,50,0,fixed,8,8,0,0,3.000000,4.000000
1028,random,8,1,75,0,0,1,3.508235,99.166700,1.169412,25,0.339504,37,0,2,1,0.339504,0.339504,0.000000,0.000000,0.339504,0.000000,50,0,1,-1,25,28,27,99.166700,88.500000,65.833300,1.169197,1.128588,0.710812,0.011173,0.011366,0.005794,0.011366,8,50,0,fixed,8,8,0,0,3.000000,4.000000
1028,random,8,1,76,0,0,2,4.216320,99.166700,0.527040,25,0.339504,37,0,2,1,0.339504,0.339504,0.000000,0.000000,0.339504,0.000000,50,0,1,-1,25,28,27,99.166700,88.500000,65.833300,0.520551,0.391709,0.105902,0.011173,0.010378,-0.004350,0.010378,8,50,0,fixed,8,8,0,0,3.000000,4.000000
1028,random,8,1,77,1,1,2,3.288504,88.500000,0.411063,28,0.339504,37,0,2,1,0.339504,0.339504,0.000000,0.000000,0.339504,0.000000,50,0,1,0,25,28,27,99.166700,88.500000,65.833300,0.500976,0.405163,0.105902,0.011470,0.011173,-0.003865,0.011470,8,50,0,fixed,8,8,0,0,3.000000,4.000000
1028,random,8,1,78,1,1,2,3.284004,88.500000,0.410501,28,0.339504,37,0,1,0,0.339504,0.339504,0.000000,0.000000,0.339504,0.000000,50,0,1,0,25,28,27,99.166700,88.500000,65.833300,0.500976,0.405219,0.105902,0.011470,0.011173,-0.003866,0.011470,8,50,0,fixed,8,8,0,0,3.000000,4.000000
1028,random,8,1,79,1,1,4,0.000000,88.500000,0.451977,28,0.339504,37,0,1,0,0.339504,0.339504,0.000000,0.000000,0.339504,0.000000,50,0,1,0,25,28,27,99.166700,88.500000,65.833300,0.403361,0.451977,0.607595,0.010471,0.011173,0.007234,0.010471,8,50,0,fixed,8,8,0,0,3.000000,4.000000
1028,random,8,1,80,0,0,2,4.397676,99.166700,0.549709,25,0.339504,37,0,0,0,0.339504,0.339504,0.000000,0.000000,0.339504,0.000000,50,0,1,-1,25,28,27,99.166700,88.500000,65.833300,0.518807,0.391709,0.105902,0.011173,0.010388,-0.004342,0.010388,8,50,0,fixed,8,8,0,0,3.000000,4.000000
1028,random,8,2,1,1,1,2,2.696101,90.000000,0.337013,27,0.327926,37,0,1,0,0.327926,0.327926,0.000000,0.000000,0.327926,-0.011579,55,0,1,0,28,27,25,103.667000,90.000000,58.500000,0.489273,0.344199,0.073348,0.003978,0.002736,-0.015344,0.003978,8,55,0,fixed,8,8,0,0,3.000000,4.000000
1028,random,8,2,2,1,1,4,0.000000,90.000000,0.444444,27,0.327926,37,0,2,1,0.327926,0.327926,0.000000,0.000000,0.327926,-0.011579,55,0,1,0,28,27,25,103.667000,90.000000,58.500000,0.385851,0.444444,0.683761,0.002476,0.002736,-0.000472,0.002476,8,55,0,fixed,8,8,0,0,3.000000,4.000000
1028,random,8,2,3,1,1,3,0.000000,90.000000,1.111111,27,0.327926,37,0,0,1,0.327926,0.327926,0.000000,0.000000,0.327926,-0.011579,55,0,1,1,28,27,25,103.667000,90.000000,58.500000,0.964627,1.111111,1.709402,0.002756,0.002736,-0.001105,0.002756,8,55,0,fixed,8,8,0,0,3.000000,4.000000
1028,random,8,2,4,1,1,3,0.000000,90.000000,1.111111,27,0.327926,37,0,2,1,0.327926,0.327926,0.000000,0.000000,0.327926,-0.011579,55,0,1,1,28,27,25,103.667000,90.000000,58.500000,0.964627,1.111111,1.709402,0.002756,0.002736,-0.001105,0.002756,8,55,0,fixed,8,8,0,0,3.000000,4.000000
1028,random,8,2,5,0,0,3,0.000000,103.667000,0.964627,28,0.327926,37,0,2,1,0.327926,0.327926,0.000000,0.000000,0.327926,-0.011579,55,0,1,-1,28,27,25,103.667000,90.000000,58.500000,0.964627,1.111111,1.709402,0.002736,0.002716,-0.001124,0.002716,8,55,0,fixed,8,8,0,0,3.000000,4.000000
1028,random,8,2,6,1,1,2,2.752935,90.000000,0.344117,27,0.327926,37,0,2,1,0.327926,0.327926,0.000000,0.000000,0.327926,-0.011579,55,0,1,0,28,27,25,103.667000,90.000000,58.500000,0.489273,0.343607,0.073348,0.003985,0.002736,-0.015338,0.003985,8,55,0,fixed,8,8,0,0,3.000000,4.000000
1028,random,8,2,7,1,1,2,2.754063,90.000000,0.344258,27,0.327926,37,0,2,1,0.327926,0.327926,0.000000,0.000000,0.327926,-0.011579,55,0,1,0,28,27,25,103.667000,90.000000,58.500000,0.489273,0.343595,0.073348,0.003985,0.002736,-0.015338,0.003985,8,55,0,fixed,8,8,0,0,3.000000,4.000000
1028,random,8,2,8,1,1,1,3.506182,90.000000,1.168727,27,0.327926,37,0,2,1,0.327926,0.327926,0.000000,0.000000,0.327926,-0.011579,55,0,1,-1,28,27,25,103.667000,90.000000,58.500000,1.128400,0.916390,0.665900,0.003169,0.002736,-0.002124,0.003169,8,55,0,fixed,8,8,0,0,3.000000,4.000000
1028,random,8,2,9,2,2,4,0.000000,58.500000,0.683761,25,0.327926,37,0,0,1,0.327926,0.327926,0.000000,0.000000,0.327926,-0.011579,55,0,1,-1,28,27,25,103.667000,90.000000,58.500000,0.385851,0.444444,0.683761,0.005743,0.006008,0.002736,0.006008,8,55,0,fixed,8,8,0,0,3.000000,4.000000
1028,random,8,2,10,1,1,2,2.754028,90.000000,0.344254,27,0.327926,37,0,0,1,0.327926,0.327926,0.000000,0.000000,0.327926,-0.011579,55,0,1,0,28,27,25,103.667000,90.000000,58.500000,0.489273,0.343596,0.073348,0.003985,0.002736,-0.015338,0.003985,8,55,0,fixed,8,8,0,0,3.000000,4.000000
1028,random,8,2,11,2,2,1,2.434714,58.500000,0.811571,25,0.327926,37,0,0,1,0.327926,0.327926,0.000000,0.000000,0.327926,-0.011579,55,0,1,-1,28,27,25,103.667000,90.000000,58.500000,1.128400,1.126987,0.672697,0.008084,0.007868,0.002736,0.008084,8,55,0,fixed,8,8,0,0,3.000000,4.000000
1028,random,8,2,12,0,0,2,4.320161,103.667000,0.540020,28,0.327926,37,0,1,1,0.327926,0.327926,0.000000,0.000000,0.327926,-0.011579,55,0,1,-1,28,27,25,103.667000,90.000000,58.500000,0.504668,0.331373,0.073348,0.002736,0.001025,-0.016607,0.001025,8,55,0,fixed,8,8,0,0,3.000000,4.000000
1028,random,8,2,13,2,2,1,1.685947,58.500000,0.561982,25,0.327926,37,0,1,1,0.327926,0.327926,0.000000,0.000000,0.327926,-0.011579,55,0,1,-1,28,27,25,103.667000,90.000000,58.500000,1.128400,1.126987,0.714295,0.007966,0.007751,0.002736,0.007966,8,55,0,fixed,8,8,0,0,3.000000,4.000000
1028,random,8,2,14,0,0,2,4.278568,103.667000,0.534821,28,0.327926,37,0,2,1,0.327926,0.327926,0.000000,0.000000,0.327926,-0.011579,55,0,1,-1,28,27,25,103.667000,90.000000,58.500000,0.504992,0.331373,0.073348,0.002736,0.001023,-0.016609,0.001023,8,55,0,fixed,8,8,0,0,3.000000,4.000000
1028,random,8,2,15,0,0,4,0.000000,103.667000,0.385851,28,0.327926,37,0,1,1,0.327926,0.327926,0.000000,0.000000,0.327926,-0.011579,55,0,1,0,28,27,25,103.667000,90.000000,58.500000,0.385851,0.444444,0.683761,0.002736,0.002996,-0.000217,0.002996,8,55,0,fixed,8,8,0,0,3.000000,4.000000
1028,random,8,2,16,2,2,2,0.613130,58.500000,0.076641,25,0.327926,37,0,1,1,0.327926,0.327926,0.000000,0.000000,0.327926,-0.011579,55,0,1,0,28,27,25,103.667000,90.000000,58.500000,0.489273,0.331373,0.076231,0.022828,0.021106,0.002736,0.022828,8,55,0,fixed,8,8,0,0,3.000000,4.000000
1028,random,8,2,17,0,0,2,4.323405,103.667000,0.540426,28,0.327926,37,0,2,1,0.327926,0.327926,0.000000,0.000000,0.327926,-0.011579,55,0,1,-1,28,27,25,103.667000,90.000000,58.500000,0.504642,0.331373,0.073348,0.002736,0.001025,-0.016607,0.001025,8,55,0,fixed,8,8,0,0,3.000000,4.000000
1028,random,8,2,18,0,0,3,0.000000,103.667000,0.964627,28,0.327926,37,0,2,1,0.327926,0.327926,0.000000,0.000000,0.327926,-0.011579,55,0,1,-1,28,27,25,103.667000,90.000000,58.500000,0.964627,1.111111,1.709402,0.002736,0.002716,-0.001124,0.002716,8,55,0,fixed,8,8,0,0,3.000000,4.000000
1028,random,8,2,19,1,1,2,2.751789,90.000000,0.343974,27,0.327926,37,0,1,0,0.327926,0.327926,0.000000,0.000000,0.327926,-0.011579,55,0,1,0,28,27,25,103.667000,90.000000,58.500000,0.489273,0.343619,0.073348,0.003985,0.002736,-0.015338,0.003985,8,55,0,fixed,8,8,0,0,3.000000,4.000000
1028,random,8,2,20,0,0,4,0.000000,103.667000,0.385851,28,0.327926,37,0,1,1,0.327926,0.327926,0.000000,0.000000,0.327926,-0.011579,55,0,1,0,28,27,25,103.667000,90.000000,58.500000,0.385851,0.444444,0.683761,0.002736,0.002996,-0.000217,0.002996,8,55,0,fixed,8,8,0,0,3.000000,4.000000
1028,random,8,2,21,1,1,4,0.000000,90.000000,0.444444,27,0.327926,37,0,1,0,0.327926,0.327926,0.000000,0.000000,0.327926,-0.011579,55,0,1,0,28,27,25,103.667000,90.000000,58.500000,0.385851,0.444444,0.683761,0.002476,0.002736,-0.000472,0.002476,8,55,0,fixed,8,8,0,0,3.000000,4.000000
1028,random,8,2,22,1,1,3,0.000000,90.000000,1.111111,27,0.327926,37,0,2,1,0.327926,0.327926,0.000000,0.000000,0.327926,-0.011579,55,0,1,1,28,27,25,103.667000,90.000000,58.500000,0.964627,1.111111,1.709402,0.002756,0.002736,-0.001105,0.002756,8,55,0,fixed,8,8,0,0,3.000000,4.000000
1028,random,8,2,23,1,1,2,2.755169,90.000000,0.344396,27,0.327926,37,0,0,1,0.327926,0.327926,0.000000,0.000000,0.327926,-0.011579,55,0,1,0,28,27,25,103.667000,90.000000,58.500000,0.489273,0.343584,0.073348,0.003985,0.002736,-0.015338,0.003985,8,55,0,fixed,8,8,0,0,3.000000,4.000000
1028,random,8,2,24,2,2,2,0.613143,58.500000,0.076643,25,0.327926,37,0,0,1,0.327926,0.327926,0.000000,0.000000,0.327926,-0.011579,55,0,1,0,28,27,25,103.667000,90.000000,58.500000,0.489273,0.331373,0.076231,0.022828,0.021106,0.002736,0.022828,8,55,0,fixed,8,8,0,0,3.000000,4.000000
1028,random,8,2,25,1,1,4,0.000000,90.000000,0.444444,27,0.327926,37,0,1,0,0.327926,0.327926,0.000000,0.000000,0.327926,-0.011579,55,0,1,0,28,27,25,103.667000,90.000000,58.500000,0.385851,0.444444,0.683761,0.002476,0.002736,-0.000472,0.002476,8,55,0,fixed,8,8,0,0,3.000000,4.000000
1028,random,8,2,26,0,0,3,0.000000,103.667000,0.964627,28,0.327926,37,0,2,1,0.327926,0.327926,0.000000,0.000000,0.327926,-0.011579,55,0,1,-1,28,27,25,103.667000,90.000000,58.500000,0.964627,1.111111,1.709402,0.002736,0.002716,-0.001124,0.002716,8,55,0,fixed,8,8,0,0,3.000000,4.000000
1028,random,8,2,27,0,0,4,0.000000,103.667000,0.385851,28,0.327926,37,0,0,0,0.327926,0.327926,0.000000,0.000000,0.327926,-0.011579,55,0,1,0,28,27,25,103.667000,90.000000,58.500000,0.385851,0.444444,0.683761,0.002736,0.002996,-0.000217,0.002996,8,55,0,fixed,8,8,0,0,3.000000,4.000000
1028,random,8,2,28,2,2,4,0.000000,58.500000,0.683761,25,0.327926,37,0,2,0,0.327926,0.327926,0.000000,0.000000,0.327926,-0.011579,55,0,1,-1,28,27,25,103.667000,90.000000,58.500000,0.385851,0.444444,0.683761,0.005743,0.006008,0.002736,0.006008,8,55,0,fixed,8,8,0,0,3.000000,4.000000
1028,random,8,2,29,2,2,1,2.423896,58.500000,0.807965,25,0.327926,37,0,1,1,0.327926,0.327926,0.000000,0.000000,0.327926,-0.011579,55,0,1,-1,28,27,25,103.667000,90.000000,58.500000,1.128400,1.126987,0.673298,0.008082,0.007867,0.002736,0.008082,8,55,0,fixed,8,8,0,0,3.000000,4.000000
1028,random,8,2,30,1,1,2,2.755169,90.000000,0.344396,27,0.327926,37,0,0,1,0.327926,0.327926,0.000000,0.000000,0.327926,-0.011579,55,0,1,0,28,27,25,103.667000,90.000000,58.500000,0.489273,0.343584,0.073348,0.003985,0.002736,-0.015338,0.003985,8,55,0,fixed,8,8,0,0,3.000000,4.000000
1028,random,8,2,31,0,0,2,4.246990,103.667000,0.530874,28,0.327926,37,0,2,1,0.327926,0.327926,0.000000,0.000000,0.327926,-0.011579,55,0,1,-1,28,27,25,103.667000,90.000000,58.500000,0.505239,0.331373,0.073348,0.002736,0.001022,-0.016610,0.001022,8,55,0,fixed,8,8,0,0,3.000000,4.000000
1028,random,8,2,32,0,0,4,0.000000,103.667000,0.385851,28,0.327926,37,0,1,1,0.327926,0.327926,0.000000,0.000000,0.327926,-0.011579,55,0,1,0,28,27,25,103.667000,90.000000,58.500000,0.385851,0.444444,0.683761,0.002736,0.002996,-0.000217,0.002996,8,55,0,fixed,8,8,0,0,3.000000,4.000000
1028,random,8,2,33,0,0,2,4.324510,103.667000,0.540564,28,0.327926,37,0,2,1,0.327926,0.327926,0.000000,0.000000,0.327926,-0.011579,55,0,1,-1,28,27,25,103.667000,90.000000,58.500000,0.504634,0.331373,0.073348,0.002736,0.001025,-0.016607,0.001025,8,55,0,fixed,8,8,0,0,3.000000,4.000000
1028,random,8,2,34,2,2,1,2.329214,58.500000,0.776405,25,0.327926,37,0,0,1,0.327926,0.327926,0.000000,0.000000,0.327926,-0.011579,55,0,1,-1,28,27,25,103.667000,90.000000,58.500000,1.128400,1.126987,0.678558,0.008066,0.007851,0.002736,0.008066,8,55,0,fixed,8,8,0,0,3.000000,4.000000
1028,random,8,2,35,1,1,3,0.000000,90.000000,1.111111,27,0.327926,37,0,0,1,0.327926,0.327926,0.000000,0.000000,0.327926,-0.011579,55,0,1,1,28,27,25,103.667000,90.000000,58.500000,0.964627,1.111111,1.709402,0.002756,0.002736,-0.001105,0.002756,8,55,0,fixed,8,8,0,0,3.000000,4.000000
1028,random,8,2,36,2,2,4,0.000000,58.500000,0.683761,25,0.327926,37,0,0,1,0.327926,0.327926,0.000000,0.000000,0.327926,-0.011579,55,0,1,-1,28,27,25,103.667000,90.000000,58.500000,0.385851,0.444444,0.683761,0.005743,0.006008,0.002736,0.006008,8,55,0,fixed,8,8,0,0,3.000000,4.000000
1028,random,8,2,37,0,0,2,4.324462,103.667000,0.540558,28,0.327926,37,0,0,0,0.327926,0.327926,0.000000,0.000000,0.327926,-0.011579,55,0,1,-1,28,27,25,103.667000,90.000000,58.500000,0.504634,0.331373,0.073348,0.002736,0.001025,-0.016607,0.001025,8,55,0,fixed,8,8,0,0,3.000000,4.000000
1028,random,8,2,38,1,1,2,2.755175,90.000000,0.344397,27,0.327926,37,0,2,1,0.327926,0.327926,0.000000,0.000000,0.327926,-0.011579,55,0,1,0,28,27,25,103.667000,90.000000,58.500000,0.489273,0.343584,0.073348,0.003985,0.002736,-0.015338,0.003985,8,55,0,fixed,8,8,0,0,3.000000,4.000000
1028,random,8,2,39,1,1,4,0.000000,90.000000,0.444444,27,0.327926,37,0,1,0,0.327926,0.327926,0.000000,0.000000,0.327926,-0.011579,55,0,1,0,28,27,25,103.667000,90.000000,58.500000,0.385851,0.444444,0.683761,0.002476,0.002736,-0.000472,0.002476,8,55,0,fixed,8,8,0,0,3.000000,4.000000
1028,random,8,2,40,2,2,3,0.000000,58.500000,1.709402,25,0.327926,37,0,0,1,0.327926,0.327926,0.000000,0.000000,0.327926,-0.011579,55,0,1,-1,28,27,25,103.667000,90.000000,58.500000,0.964627,1.111111,1.709402,0.006689,0.006668,0.002736,0.006689,8,55,0,fixed,8,8,0,0,3.000000,4.000000
1028,random,8,2,41,1,1,2,2.749663,90.000000,0.343708,27,0.327926,37,0,2,1,0.327926,0.327926,0.000000,0.000000,0.327926,-0.011579,55,0,1,0,28,27,25,103.667000,90.000000,58.500000,0.489273,0.343641,0.073348,0.003984,0.002736,-0.015338,0.003984,8,55,0,fixed,8,8,0,0,3.000000,4.000000
1028,random,8,2,42,1,1,4,0.000000,90.000000,0.444444,27,0.327926,37,0,1,0,0.327926,0.327926,0.000000,0.000000,0.327926,-0.011579,55,0,1,0,28,27,25,103.667000,90.000000,58.500000,0.385851,0.444444,0.683761,0.002476,0.002736,-0.000472,0.002476,8,55,0,fixed,8,8,0,0,3.000000,4.000000
1028,random,8,2,43,0,0,2,4.324421,103.667000,0.540553,28,0.327926,37,0,0,0,0.327926,0.327926,0.000000,0.000000,0.327926,-0.011579,55,0,1,-1,28,27,25,103.667000,90.000000,58.500000,0.504634,0.331373,0.073348,0.002736,0.001025,-0.016607,0.001025,8,55,0,fixed,8,8,0,0,3.000000,4.000000
1028,random,8,2,44,0,0,1,3.506506,103.667000,1.168835,28,0.327926,37,0,2,1,0.327926,0.327926,0.000000,0.000000,0.327926,-0.011579,55,0,1,1,28,27,25,103.667000,90.000000,58.500000,1.168632,1.126987,0.665900,0.002736,0.002444,-0.002624,0.002444,8,55,0,fixed,8,8,0,0,3.000000,4.000000
1028,random,8,2,45,0,0,2,4.257791,103.667000,0.532224,28,0.327926,37,0,1,1,0.327926,0.327926,0.000000,0.000000,0.327926,-0.011579,55,0,1,-1,28,27,25,103.667000,90.000000,58.500000,0.505155,0.331373,0.073348,0.002736,0.001022,-0.016609,0.001022,8,55,0,fixed,8,8,0,0,3.000000,4.000000
1028,random,8,2,46,2,2,2,0.613143,58.500000,0.076643,25,0.327926,37,0,0,1,0.327926,0.327926,0.000000,0.000000,0.327926,-0.011579,55,0,1,0,28,27,25,103.667000,90.000000,58.500000,0.489273,0.331373,0.076231,0.022828,0.021106,0.002736,0.022828,8,55,0,fixed,8,8,0,0,3.000000,4.000000
1028,random,8,2,47,2,2,4,0.000000,58.500000,0.683761,25,0.327926,37,0,1,1,0.327926,0.327926,0.000000,0.000000,0.327926,-0.011579,55,0,1,-1,28,27,25,103.667000,90.000000,58.500000,0.385851,0.444444,0.683761,0.005743,0.006008,0.002736,0.006008,8,55,0,fixed,8,8,0,0,3.000000,4.000000
1028,random,8,2,48,0,0,2,4.322313,103.667000,0.540289,28,0.327926,37,0,1,1,0.327926,0.327926,0.000000,0.000000,0.327926,-0.011579,55,0,1,-1,28,27,25,103.667000,90.000000,58.500000,0.504651,0.331373,0.073348,0.002736,0.001025,-0.016607,0.001025,8,55,0,fixed,8,8,0,0,3.000000,4.000000
1028,random,8,2,49,2,2,4,0.000000,58.500000,0.683761,25,0.327926,37,0,2,0,0.327926,0.327926,0.000000,0.000000,0.327926,-0.011579,55,0,1,-1,28,27,25,103.667000,90.000000,58.500000,0.385851,0.444444,0.683761,0.005743,0.006008,0.002736,0.006008,8,55,0,fixed,8,8,0,0,3.000000,4.000000
1028,random,8,2,50,1,1,4,0.000000,90.000000,0.444444,27,0.327926,37,0,0,1,0.327926,0.327926,0.000000,0.000000,0.327926,-0.011579,55,0,1,0,28,27,25,103.667000,90.000000,58.500000,0.385851,0.444444,0.683761,0.002476,0.002736,-0.000472,0.002476,8,55,0,fixed,8,8,0,0,3.000000,4.000000
1028,random,8,2,51,0,0,4,0.000000,103.667000,0.385851,28,0.327926,37,0,2,1,0.327926,0.327926,0.000000,0.000000,0.327926,-0.011579,55,0,1,0,28,27,25,103.667000,90.000000,58.500000,0.385851,0.444444,0.683761,0.002736,0.002996,-0.000217,0.002996,8,55,0,fixed,8,8,0,0,3.000000,4.000000
1028,random,8,2,52,0,0,2,4.257756,103.667000,0.532219,28,0.327926,37,0,1,1,0.327926,0.327926,0.000000,0.000000,0.327926,-0.011579,55,0,1,-1,28,27,25,103.667000,90.000000,58.500000,0.505155,0.331373,0.073348,0.002736,0.001022,-0.016609,0.001022,8,55,0,fixed,8,8,0,0,3.000000,4.000000
1028,random,8,2,53,0,0,2,4.322411,103.667000,0.540301,28,0.327926,37,0,2,1,0.327926,0.327926,0.000000,0.000000,0.327926,-0.011579,55,0,1,-1,28,27,25,103.667000,90.000000,58.500000,0.504650,0.331373,0.073348,0.002736,0.001025,-0.016607,0.001025,8,55,0,fixed,8,8,0,0,3.000000,4.000000
1028,random,8,2,54,1,1,2,2.755128,90.000000,0.344391,27,0.327926,37,0,1,0,0.327926,0.327926,0.000000,0.000000,0.327926,-0.011579,55,0,1,0,28,27,25,103.667000,90.000000,58.500000,0.489273,0.343584,0.073348,0.003985,0.002736,-0.015338,0.003985,8,55,0,fixed,8,8,0,0,3.000000,4.000000
1028,random,8,2,55,2,2,2,0.613130,58.500000,0.076641,25,0.327926,37,0,1,1,0.327926,0.327926,0.000000,0.000000,0.327926,-0.011579,55,0,1,0,28,27,25,103.667000,90.000000,58.500000,0.489273,0.331373,0.076231,0.022828,0.021106,0.002736,0.022828,8,55,0,fixed,8,8,0,0,3.000000,4.000000
1028,random,8,2,56,2,2,1,1.705496,58.500000,0.568499,25,0.327926,37,0,2,0,0.327926,0.327926,0.000000,0.000000,0.327926,-0.011579,55,0,1,-1,28,27,25,103.667000,90.000000,58.500000,1.128400,1.126987,0.713209,0.007969,0.007754,0.002736,0.007969,8,55,0,fixed,8,8,0,0,3.000000,4.000000
1028,random,8,2,57,2,2,2,0.588004,58.500000,0.073501,25,0.327926,37,1,2,0,0.327926,0.327926,0.000000,0.000000,0.327926,-0.011579,55,0,1,0,28,27,25,103.667000,90.000000,58.500000,0.489273,0.331373,0.076680,0.022715,0.020994,0.002736,0.022715,8,55,0,fixed,8,8,0,0,3.000000,4.000000
1028,random,8,2,58,2,2,4,0.000000,58.500000,0.683761,25,0.327926,37,0,2,0,0.327926,0.327926,0.000000,0.000000,0.327926,-0.011579,55,0,1,-1,28,27,25,103.667000,90.000000,58.500000,0.385851,0.444444,0.683761,0.005743,0.006008,0.002736,0.006008,8,55,0,fixed,8,8,0,0,3.000000,4.000000
1028,random,8,2,59,0,0,1,3.506398,103.667000,1.168799,28,0.327926,37,0,2,1,0.327926,0.327926,0.000000,0.000000,0.327926,-0.011579,55,0,1,1,28,27,25,103.667000,90.000000,58.500000,1.168650,1.126987,0.665900,0.002736,0.002444,-0.002624,0.002444,8,55,0,fixed,8,8,0,0,3.000000,4.000000
1028,random,8,2,60,0,0,2,1.789033,103.667000,0.223629,28,0.327926,37,0,0,0,0.327926,0.327926,0.000000,0.000000,0.327926,-0.011579,55,0,1,0,28,27,25,103.667000,90.000000,58.500000,0.524442,0.331373,0.073348,0.002736,0.000927,-0.016694,0.000927,8,55,0,fixed,8,8,0,0,3.000000,4.000000
1028,random,8,2,61,1,1,2,2.753034,90.000000,0.344129,27,0.327926,37,0,2,1,0.327926,0.327926,0.000000,0.000000,0.327926,-0.011579,55,0,1,0,28,27,25,103.667000,90.000000,58.500000,0.489273,0.343606,0.073348,0.003985,0.002736,-0.015338,0.003985,8,55,0,fixed,8,8,0,0,3.000000,4.000000
1028,random,8,2,62,2,2,1,2.298198,58.500000,0.766066,25,0.327926,37,0,0,1,0.327926,0.327926,0.000000,0.000000,0.327926,-0.011579,55,0,1,-1,28,27,25,103.667000,90.000000,58.500000,1.128400,1.126987,0.680281,0.008061,0.007846,0.002736,0.008061,8,55,0,fixed,8,8,0,0,3.000000,4.000000
1028,random,8,2,63,0,0,2,4.322323,103.667000,0.540290,28,0.327926,37,0,0,0,0.327926,0.327926,0.000000,0.000000,0.327926,-0.011579,55,0,1,-1,28,27,25,103.667000,90.000000,58.500000,0.504651,0.331373,0.073348,0.002736,0.001025,-0.016607,0.001025,8,55,0,fixed,8,8,0,0,3.000000,4.000000
1028,random,8,2,64,0,0,2,4.322288,103.667000,0.540286,28,0.327926,37,0,0,0,0.327926,0.327926,0.000000,0.000000,0.327926,-0.011579,55,0,1,-1,28,27,25,103.667000,90.000000,58.500000,0.504651,0.331373,0.073348,0.002736,0.001025,-0.016607,0.001025,8,55,0,fixed,8,8,0,0,3.000000,4.000000
1028,random,8,2,65,0,0,2,4.323416,103.667000,0.540427,28,0.327926,37,0,2,1,0.327926,0.327926,0.000000,0.000000,0.327926,-0.011579,55,0,1,-1,28,27,25,103.667000,90.000000,58.500000,0.504642,0.331373,0.073348,0.002736,0.001025,-0.016607,0.001025,8,55,0,fixed,8,8,0,0,3.000000,4.000000
1028,random,8,2,66,2,2,2,0.613154,58.500000,0.076644,25,0.327926,37,0,2,0,0.327926,0.327926,0.000000,0.000000,0.327926,-0.011579,55,0,1,0,28,27,25,103.667000,90.000000,58.500000,0.489273,0.331373,0.076231,0.022828,0.021106,0.002736,0.022828,8,55,0,fixed,8,8,0,0,3.000000,4.000000
1028,random,8,2,67,0,0,2,4.324486,103.667000,0.540561,28,0.327926,37,0,0,0,0.327926,0.327926,0.000000,0.000000,0.327926,-0.011579,55,0,1,-1,28,27,25,103.667000,90.000000,58.500000,0.504634,0.331373,0.073348,0.002736,0.001025,-0.016607,0.001025,8,55,0,fixed,8,8,0,0,3.000000,4.000000
1028,random,8,2,68,2,2,3,0.000000,58.500000,1.709402,25,0.327926,37,0,2,0,0.327926,0.327926,0.000000,0.000000,0.327926,-0.011579,55,0,1,-1,28,27,25,103.667000,90.000000,58.500000,0.964627,1.111111,1.709402,0.006689,0.006668,0.002736,0.006689,8,55,0,fixed,8,8,0,0,3.000000,4.000000
1028,random,8,2,69,2,2,3,0.000000,58.500000,1.709402,25,0.327926,37,0,2,0,0.327926,0.327926,0.000000,0.000000,0.327926,-0.011579,55,0,1,-1,28,27,25,103.667000,90.000000,58.500000,0.964627,1.111111,1.709402,0.006689,0.006668,0.002736,0.006689,8,55,0,fixed,8,8,0,0,3.000000,4.000000
1028,random,8,2,70,0,0,1,3.505393,103.667000,1.168464,28,0.327926,37,0,2,1,0.327926,0.327926,0.000000,0.000000,0.327926,-0.011579,55,0,1,1,28,27,25,103.667000,90.000000,58.500000,1.168817,1.126987,0.665900,0.002736,0.002444,-0.002624,0.002444,8,55,0,fixed,8,8,0,0,3.000000,4.000000
1028,random,8,2,71,2,2,4,0.000000,58.500000,0.683761,25,0.327926,37,0,0,1,0.327926,0.327926,0.000000,0.000000,0.327926,-0.011579,55,0,1,-1,28,27,25,103.667000,90.000000,58.500000,0.385851,0.444444,0.683761,0.005743,0.006008,0.002736,0.006008,8,55,0,fixed,8,8,0,0,3.000000,4.000000
1028,random,8,2,72,1,1,2,2.752997,90.000000,0.344125,27,0.327926,37,0,2,1,0.327926,0.327926,0.000000,0.000000,0.327926,-0.011579,55,0,1,0,28,27,25,103.667000,90.000000,58.500000,0.489273,0.343606,0.073348,0.003985,0.002736,-0.015338,0.003985,8,55,0,fixed,8,8,0,0,3.000000,4.000000
1028,random,8,2,73,1,1,4,0.000000,90.000000,0.444444,27,0.327926,37,0,1,0,0.327926,0.327926,0.000000,0.000000,0.327926,-0.011579,55,0,1,0,28,27,25,103.667000,90.000000,58.500000,0.385851,0.444444,0.683761,0.002476,0.002736,-0.000472,0.002476,8,55,0,fixed,8,8,0,0,3.000000,4.000000
1028,random,8,2,74,1,1,4,0.000000,90.000000,0.444444,27,0.327926,37,0,1,0,0.327926,0.327926,0.000000,0.000000,0.327926,-0.011579,55,0,1,0,28,27,25,103.667000,90.000000,58.500000,0.385851,0.444444,0.683761,0.002476,0.002736,-0.000472,0.002476,8,55,0,fixed,8,8,0,0,3.000000,4.000000
1028,random,8,2,75,2,2,1,1.665787,58.500000,0.555262,25,0.327926,37,0,0,1,0.327926,0.327926,0.000000,0.000000,0.327926,-0.011579,55,0,1,-1,28,27,25,103.667000,90.000000,58.500000,1.128400,1.126987,0.715415,0.007963,0.007748,0.002736,0.007963,8,55,0,fixed,8,8,0,0,3.000000,4.000000
1028,random,8,2,76,2,2,2,0.614188,58.500000,0.076774,25,0.327926,37,0,1,1,0.327926,0.327926,0.000000,0.000000,0.327926,-0.011579,55,0,1,0,28,27,25,103.667000,90.000000,58.500000,0.489273,0.331373,0.076212,0.022833,0.021111,0.002736,0.022833,8,55,0,fixed,8,8,0,0,3.000000,4.000000
1028,random,8,2,77,2,2,2,0.614176,58.500000,0.076772,25,0.327926,37,0,0,1,0.327926,0.327926,0.000000,0.000000,0.327926,-0.011579,55,0,1,0,28,27,25,103.667000,90.000000,58.500000,0.489273,0.331373,0.076212,0.022833,0.021111,0.002736,0.022833,8,55,0,fixed,8,8,0,0,3.000000,4.000000
1028,random,8,2,78,1,1,2,2.753964,90.000000,0.344245,27,0.327926,37,0,0,1,0.327926,0.327926,0.000000,0.000000,0.327926,-0.011579,55,0,1,0,28,27,25,103.667000,90.000000,58.500000,0.489273,0.343596,0.073348,0.003985,0.002736,-0.015338,0.003985,8,55,0,fixed,8,8,0,0,3.000000,4.000000
1028,random,8,2,79,1,1,4,0.000000,90.000000,0.444444,27,0.327926,37,0,2,1,0.327926,0.327926,0.000000,0.000000,0.327926,-0.011579,55,0,1,0,28,27,25,103.667000,90.000000,58.500000,0.385851,0.444444,0.683761,0.002476,0.002736,-0.000472,0.002476,8,55,0,fixed,8,8,0,0,3.000000,4.000000
1028,random,8,2,80,0,0,2,2.533268,103.667000,0.316658,28,0.327926,37,0,0,0,0.327926,0.327926,0.000000,0.000000,0.327926,-0.011579,55,0,1,0,28,27,25,103.667000,90.000000,58.500000,0.518628,0.331373,0.073348,0.002736,0.000955,-0.016670,0.000955,8,55,0,fixed,8,8,0,0,3.000000,4.000000
1028,random,8,3,1,1,1,2,3.168224,85.500000,0.396028,22,0.205104,45,0,1,0,0.205104,0.205104,0.000000,0.000000,0.205104,-0.122821,55,0,1,0,26,22,32,101.000000,85.500000,55.833300,0.562503,0.400540,0.050114,0.003338,0.002914,-0.009880,0.003338,8,55,0,fixed,8,8,0,0,3.000000,4.000000
1028,random,8,3,2,2,2,4,0.000000,55.833300,0.716418,32,0.205104,45,0,0,1,0.205104,0.205104,0.000000,0.000000,0.205104,-0.122821,55,0,1,-1,26,22,32,101.000000,85.500000,55.833300,0.396040,0.467836,0.716418,0.006591,0.006708,0.002914,0.006708,8,55,0,fixed,8,8,0,0,3.000000,4.000000
1028,random,8,3,3,0,0,3,0.000000,101.000000,0.990099,26,0.205104,45,0,1,1,0.205104,0.205104,0.000000,0.000000,0.205104,-0.122821,55,0,1,-1,26,22,32,101.000000,85.500000,55.833300,0.990099,1.169591,1.791046,0.002914,0.002901,-0.000992,0.002901,8,55,0,fixed,8,8,0,0,3.000000,4.000000
1028,random,8,3,4,2,2,3,0.000000,55.833300,1.791046,32,0.205104,45,0,1,1,0.205104,0.205104,0.000000,0.000000,0.205104,-0.122821,55,0,1,1,26,22,32,101.000000,85.500000,55.833300,0.990099,1.169591,1.791046,0.006971,0.006958,0.002914,0.006971,8,55,0,fixed,8,8,0,0,3.000000,4.000000
1028,random,8,3,5,2,2,3,0.000000,55.833300,1.791046,32,0.205104,45,0,2,0,0.205104,0.205104,0.000000,0.000000,0.205104,-0.122821,55,0,1,1,26,22,32,101.000000,85.500000,55.833300,0.990099,1.169591,1.791046,0.006971,0.006958,0.002914,0.006971,8,55,0,fixed,8,8,0,0,3.000000,4.000000
1028,random,8,3,6,2,2,2,0.580353,55.833300,0.072544,32,0.205104,45,0,0,1,0.205104,0.205104,0.000000,0.000000,0.205104,-0.122821,55,0,1,0,26,22,32,101.000000,85.500000,55.833300,0.562503,0.382693,0.050076,0.017610,0.016984,0.002914,0.017610,8,55,0,fixed,8,8,0,0,3.000000,4.000000
1028,random,8,3,7,2,2,2,0.389079,55.833300,0.048635,32,0.205104,45,0,2,0,0.205104,0.205104,0.000000,0.000000,0.205104,-0.122821,55,0,1,0,26,22,32,101.000000,85.500000,55.833300,0.562503,0.382693,0.051915,0.017186,0.016562,0.002914,0.017186,8,55,0,fixed,8,8,0,0,3.000000,4.000000
1028,random,8,3,8,2,2,1,1.046936,55.833300,0.348979,32,0.205104,45,0,2,0,0.205104,0.205104,0.000000,0.000000,0.205104,-0.122821,55,0,1,0,26,22,32,101.000000,85.500000,55.833300,1.539466,1.457335,0.459292,0.008051,0.007929,0.002914,0.008051,8,55,0,fixed,8,8,0,0,3.000000,4.000000
1028,random,8,3,9,0,0,4,0.000000,101.000000,0.396040,26,0.205104,45,0,0,0,0.205104,0.205104,0.000000,0.000000,0.205104,-0.122821,55,0,1,0,26,22,32,101.000000,85.500000,55.833300,0.396040,0.467836,0.716418,0.002914,0.003027,-0.000638,0.003027,8,55,0,fixed,8,8,0,0,3.000000,4.000000
1028,random,8,3,10,0,0,2,4.971548,101.000000,0.621444,26,0.205104,45,0,2,1,0.205104,0.205104,0.000000,0.000000,0.205104,-0.122821,55,0,1,-1,26,22,32,101.000000,85.500000,55.833300,0.581268,0.382693,0.050114,0.002914,0.002301,-0.010311,0.002301,8,55,0,fixed,8,8,0,0,3.000000,4.000000
1028,random,8,3,11,0,0,1,4.774786,101.000000,1.591595,26,0.205104,45,0,2,1,0.205104,0.205104,0.000000,0.000000,0.205104,-0.122821,55,0,1,-1,26,22,32,101.000000,85.500000,55.833300,1.601037,1.457335,0.423980,0.002914,0.002771,-0.002136,0.002771,8,55,0,fixed,8,8,0,0,3.000000,4.000000
1028,random,8,3,12,1,1,2,3.219582,85.500000,0.402448,22,0.205104,45,0,1,0,0.205104,0.205104,0.000000,0.000000,0.205104,-0.122821,55,0,1,0,26,22,32,101.000000,85.500000,55.833300,0.562503,0.399826,0.050114,0.003340,0.002914,-0.009878,0.003340,8,55,0,fixed,8,8,0,0,3.000000,4.000000
1028,random,8,3,13,1,1,1,4.389319,85.500000,1.463106,22,0.205104,45,0,2,1,0.205104,0.205104,0.000000,0.000000,0.205104,-0.122821,55,0,1,-1,26,22,32,101.000000,85.500000,55.833300,1.539466,1.584048,0.423980,0.002984,0.002914,-0.002043,0.002984,8,55,0,fixed,8,8,0,0,3.000000,4.000000
1028,random,8,3,14,2,2,2,0.389079,55.833300,0.048635,32,0.205104,45,0,0,1,0.205104,0.205104,0.000000,0.000000,0.205104,-0.122821,55,0,1,0,26,22,32,101.000000,85.500000,55.833300,0.562503,0.382693,0.051915,0.017186,0.016562,0.002914,0.017186,8,55,0,fixed,8,8,0,0,3.000000,4.000000
1028,random,8,3,15,1,1,4,0.000000,85.500000,0.467836,22,0.205104,45,0,0,1,0.205104,0.205104,0.000000,0.000000,0.205104,-0.122821,55,0,1,0,26,22,32,101.000000,85.500000,55.833300,0.396040,0.467836,0.716418,0.002800,0.002914,-0.000748,0.002800,8,55,0,fixed,8,8,0,0,3.000000,4.000000
1028,random,8,3,16,1,1,2,3.222868,85.500000,0.402858,22,0.205104,45,0,2,1,0.205104,0.205104,0.000000,0.000000,0.205104,-0.122821,55,0,1,0,26,22,32,101.000000,85.500000,55.833300,0.562503,0.399781,0.050114,0.003340,0.002914,-0.009878,0.003340,8,55,0,fixed,8,8,0,0,3.000000,4.000000
1028,random,8,3,17,2,2,2,0.389092,55.833300,0.048636,32,0.205104,45,0,1,1,0.205104,0.205104,0.000000,0.000000,0.205104,-0.122821,55,0,1,0,26,22,32,101.000000,85.500000,55.833300,0.562503,0.382693,0.051915,0.017186,0.016562,0.002914,0.017186,8,55,0,fixed,8,8,0,0,3.000000,4.000000
1028,random,8,3,18,2,2,3,0.000000,55.833300,1.791046,32,0.205104,45,0,1,1,0.205104,0.205104,0.000000,0.000000,0.205104,-0.122821,55,0,1,1,26,22,32,101.000000,85.500000,55.833300,0.990099,1.169591,1.791046,0.006971,0.006958,0.002914,0.006971,8,55,0,fixed,8,8,0,0,3.000000,4.000000
1028,random,8,3,19,1,1,2,3.212026,85.500000,0.401503,22,0.205104,45,0,2,1,0.205104,0.205104,0.000000,0.000000,0.205104,-0.122821,55,0,1,0,26,22,32,101.000000,85.500000,55.833300,0.562503,0.399931,0.050114,0.003340,0.002914,-0.009878,0.003340,8,55,0,fixed,8,8,0,0,3.000000,4.000000
1028,random,8,3,20,1,1,4,0.000000,85.500000,0.467836,22,0.205104,45,0,0,1,0.205104,0.205104,0.000000,0.000000,0.205104,-0.122821,55,0,1,0,26,22,32,101.000000,85.500000,55.833300,0.396040,0.467836,0.716418,0.002800,0.002914,-0.000748,0.002800,8,55,0,fixed,8,8,0,0,3.000000,4.000000
1028,random,8,3,21,1,1,4,0.000000,85.500000,0.467836,22,0.205104,45,0,1,0,0.205104,0.205104,0.000000,0.000000,0.205104,-0.122821,55,0,1,0,26,22,32,101.000000,85.500000,55.833300,0.396040,0.467836,0.716418,0.002800,0.002914,-0.000748,0.002800,8,55,0,fixed,8,8,0,0,3.000000,4.000000
1028,random,8,3,22,2,2,3,0.000000,55.833300,1.791046,32,0.205104,45,0,0,1,0.205104,0.205104,0.000000,0.000000,0.205104,-0.122821,55,0,1,1,26,22,32,101.000000,85.500000,55.833300,0.990099,1.169591,1.791046,0.006971,0.006958,0.002914,0.006971,8,55,0,fixed,8,8,0,0,3.000000,4.000000
1028,random,8,3,23,0,0,2,4.973734,101.000000,0.621717,26,0.205104,45,0,1,1,0.205104,0.205104,0.000000,0.000000,0.205104,-0.122821,55,0,1,-1,26,22,32,101.000000,85.500000,55.833300,0.581247,0.382693,0.050114,0.002914,0.002301,-0.010311,0.002301,8,55,0,fixed,8,8,0,0,3.000000,4.000000
1028,random,8,3,24,0,0,2,5.126722,101.000000,0.640840,26,0.205104,45,0,1,1,0.205104,0.205104,0.000000,0.000000,0.205104,-0.122821,55,0,1,-1,26,22,32,101.000000,85.500000,55.833300,0.579776,0.382693,0.050114,0.002914,0.002303,-0.010309,0.002303,8,55,0,fixed,8,8,0,0,3.000000,4.000000
1028,random,8,3,25,1,1,4,0.000000,85.500000,0.467836,22,0.205104,45,0,2,1,0.205104,0.205104,0.000000,0.000000,0.205104,-0.122821,55,0,1,0,26,22,32,101.000000,85.500000,55.833300,0.396040,0.467836,0.716418,0.002800,0.002914,-0.000748,0.002800,8,55,0,fixed,8,8,0,0,3.000000,4.000000
1028,random,8,3,26,2,2,3,0.000000,55.833300,1.791046,32,0.205104,45,0,2,0,0.205104,0.205104,0.000000,0.000000,0.205104,-0.122821,55,0,1,1,26,22,32,101.000000,85.500000,55.833300,0.990099,1.169591,1.791046,0.006971,0.006958,0.002914,0.006971,8,55,0,fixed,8,8,0,0,3.000000,4.000000
1028,random,8,3,27,0,0,4,0.000000,101.000000,0.396040,26,0.205104,45,0,1,1,0.205104,0.205104,0.000000,0.000000,0.205104,-0.122821,55,0,1,0,26,22,32,101.000000,85.500000,55.833300,0.396040,0.467836,0.716418,0.002914,0.003027,-0.000638,0.003027,8,55,0,fixed,8,8,0,0,3.000000,4.000000
1028,random,8,3,28,2,2,4,0.000000,55.833300,0.716418,32,0.205104,45,0,0,1,0.205104,0.205104,0.000000,0.000000,0.205104,-0.122821,55,0,1,-1,26,22,32,101.000000,85.500000,55.833300,0.396040,0.467836,0.716418,0.006591,0.006708,0.002914,0.006708,8,55,0,fixed,8,8,0,0,3.000000,4.000000
1028,random,8,3,29,1,1,1,4.752145,85.500000,1.584048,22,0.205104,45,0,2,1,0.205104,0.205104,0.000000,0.000000,0.205104,-0.122821,55,0,1,-1,26,22,32,101.000000,85.500000,55.833300,1.539466,1.463106,0.423980,0.003011,0.002914,-0.002018,0.003011,8,55,0,fixed,8,8,0,0,3.000000,4.000000
1028,random,8,3,30,0,0,2,5.125606,101.000000,0.640701,26,0.205104,45,0,1,1,0.205104,0.205104,0.000000,0.000000,0.205104,-0.122821,55,0,1,-1,26,22,32,101.000000,85.500000,55.833300,0.579786,0.382693,0.050114,0.002914,0.002303,-0.010309,0.002303,8,55,0,fixed,8,8,0,0,3.000000,4.000000
1028,random,8,3,31,2,2,2,0.389074,55.833300,0.048634,32,0.205104,45,1,2,0,0.205104,0.205104,0.000000,0.000000,0.205104,-0.122821,55,0,1,0,26,22,32,101.000000,85.500000,55.833300,0.562503,0.382693,0.051915,0.017186,0.016562,0.002914,0.017186,8,55,0,fixed,8,8,0,0,3.000000,4.000000
1028,random,8,3,32,1,1,4,0.000000,85.500000,0.467836,22,0.205104,45,0,2,1,0.205104,0.205104,0.000000,0.000000,0.205104,-0.122821,55,0,1,0,26,22,32,101.000000,85.500000,55.833300,0.396040,0.467836,0.716418,0.002800,0.002914,-0.000748,0.002800,8,55,0,fixed,8,8,0,0,3.000000,4.000000
1028,random,8,3,33,2,2,2,0.391289,55.833300,0.048911,32,0.205104,45,0,1,1,0.205104,0.205104,0.000000,0.000000,0.205104,-0.122821,55,0,1,0,26,22,32,101.000000,85.500000,55.833300,0.562503,0.382693,0.051893,0.017190,0.016567,0.002914,0.017190,8,55,0,fixed,8,8,0,0,3.000000,4.000000
1028,random,8,3,34,0,0,1,4.839597,101.000000,1.613199,26,0.205104,45,0,0,0,0.205104,0.205104,0.000000,0.000000,0.205104,-0.122821,55,0,1,-1,26,22,32,101.000000,85.500000,55.833300,1.593835,1.457335,0.423980,0.002914,0.002773,-0.002134,0.002773,8,55,0,fixed,8,8,0,0,3.000000,4.000000
1028,random,8,3,35,0,0,3,0.000000,101.000000,0.990099,26,0.205104,45,0,2,1,0.205104,0.205104,0.000000,0.000000,0.205104,-0.122821,55,0,1,-1,26,22,32,101.000000,85.500000,55.833300,0.990099,1.169591,1.791046,0.002914,0.002901,-0.000992,0.002901,8,55,0,fixed,8,8,0,0,3.000000,4.000000
1028,random,8,3,36,0,0,4,0.000000,101.000000,0.396040,26,0.205104,45,0,0,0,0.205104,0.205104,0.000000,0.000000,0.205104,-0.122821,55,0,1,0,26,22,32,101.000000,85.500000,55.833300,0.396040,0.467836,0.716418,0.002914,0.003027,-0.000638,0.003027,8,55,0,fixed,8,8,0,0,3.000000,4.000000
1028,random,8,3,37,0,0,2,4.878609,101.000000,0.609826,26,0.205104,45,0,2,1,0.205104,0.205104,0.000000,0.000000,0.205104,-0.122821,55,0,1,-1,26,22,32,101.000000,85.500000,55.833300,0.582161,0.382693,0.050114,0.002914,0.002299,-0.010312,0.002299,8,55,0,fixed,8,8,0,0,3.000000,4.000000
1028,random,8,3,38,2,2,2,0.441544,55.833300,0.055193,32,0.205104,45,0,1,1,0.205104,0.205104,0.000000,0.000000,0.205104,-0.122821,55,0,1,0,26,22,32,101.000000,85.500000,55.833300,0.562503,0.382693,0.051410,0.017299,0.016674,0.002914,0.017299,8,55,0,fixed,8,8,0,0,3.000000,4.000000
1028,random,8,3,39,1,1,4,0.000000,85.500000,0.467836,22,0.205104,45,0,2,1,0.205104,0.205104,0.000000,0.000000,0.205104,-0.122821,55,0,1,0,26,22,32,101.000000,85.500000,55.833300,0.396040,0.467836,0.716418,0.002800,0.002914,-0.000748,0.002800,8,55,0,fixed,8,8,0,0,3.000000,4.000000
1028,random,8,3,40,0,0,3,0.000000,101.000000,0.990099,26,0.205104,45,0,1,1,0.205104,0.205104,0.000000,0.000000,0.205104,-0.122821,55,0,1,-1,26,22,32,101.000000,85.500000,55.833300,0.990099,1.169591,1.791046,0.002914,0.002901,-0.000992,0.002901,8,55,0,fixed,8,8,0,0,3.000000,4.000000
1028,random,8,3,41,2,2,2,0.391289,55.833300,0.048911,32,0.205104,45,0,2,0,0.205104,0.205104,0.000000,0.000000,0.205104,-0.122821,55,0,1,0,26,22,32,101.000000,85.500000,55.833300,0.562503,0.382693,0.051893,0.017190,0.016567,0.002914,0.017190,8,55,0,fixed,8,8,0,0,3.000000,4.000000
1028,random,8,3,42,1,1,4,0.000000,85.500000,0.467836,22,0.205104,45,0,2,1,0.205104,0.205104,0.000000,0.000000,0.205104,-0.122821,55,0,1,0,26,22,32,101.000000,85.500000,55.833300,0.396040,0.467836,0.716418,0.002800,0.002914,-0.000748,0.002800,8,55,0,fixed,8,8,0,0,3.000000,4.000000
1028,random,8,3,43,0,0,2,4.881993,101.000000,0.610249,26,0.205104,45,0,2,1,0.205104,0.205104,0.000000,0.000000,0.205104,-0.122821,55,0,1,-1,26,22,32,101.000000,85.500000,55.833300,0.582129,0.382693,0.050114,0.002914,0.002299,-0.010312,0.002299,8,55,0,fixed,8,8,0,0,3.000000,4.000000
1028,random,8,3,44,2,2,1,1.045103,55.833300,0.348368,32,0.205104,45,0,1,1,0.205104,0.205104,0.000000,0.000000,0.205104,-0.122821,55,0,1,0,26,22,32,101.000000,85.500000,55.833300,1.539466,1.457335,0.459445,0.008051,0.007929,0.002914,0.008051,8,55,0,fixed,8,8,0,0,3.000000,4.000000
1028,random,8,3,45,1,1,2,3.219622,85.500000,0.402453,22,0.205104,45,0,2,1,0.205104,0.205104,0.000000,0.000000,0.205104,-0.122821,55,0,1,0,26,22,32,101.000000,85.500000,55.833300,0.562503,0.399826,0.050114,0.003340,0.002914,-0.009878,0.003340,8,55,0,fixed,8,8,0,0,3.000000,4.000000
1028,random,8,3,46,0,0,2,4.916880,101.000000,0.614610,26,0.205104,45,0,0,0,0.205104,0.205104,0.000000,0.000000,0.205104,-0.122821,55,0,1,-1,26,22,32,101.000000,85.500000,55.833300,0.581793,0.382693,0.050114,0.002914,0.002300,-0.010312,0.002300,8,55,0,fixed,8,8,0,0,3.000000,4.000000
1028,random,8,3,47,1,1,4,0.000000,85.500000,0.467836,22,0.205104,45,0,0,1,0.205104,0.205104,0.000000,0.000000,0.205104,-0.122821,55,0,1,0,26,22,32,101.000000,85.500000,55.833300,0.396040,0.467836,0.716418,0.002800,0.002914,-0.000748,0.002800,8,55,0,fixed,8,8,0,0,3.000000,4.000000
1028,random,8,3,48,1,1,2,3.219628,85.500000,0.402454,22,0.205104,45,0,0,1,0.205104,0.205104,0.000000,0.000000,0.205104,-0.122821,55,0,1,0,26,22,32,101.000000,85.500000,55.833300,0.562503,0.399826,0.050114,0.003340,0.002914,-0.009878,0.003340,8,55,0,fixed,8,8,0,0,3.000000,4.000000
1028,random,8,3,49,2,2,4,0.000000,55.833300,0.716418,32,0.205104,45,0,1,1,0.205104,0.205104,0.000000,0.000000,0.205104,-0.122821,55,0,1,-1,26,22,32,101.000000,85.500000,55.833300,0.396040,0.467836,0.716418,0.006591,0.006708,0.002914,0.006708,8,55,0,fixed,8,8,0,0,3.000000,4.000000
1028,random,8,3,50,0,0,4,0.000000,101.000000,0.396040,26,0.205104,45,0,2,1,0.205104,0.205104,0.000000,0.000000,0.205104,-0.122821,55,0,1,0,26,22,32,101.000000,85.500000,55.833300,0.396040,0.467836,0.716418,0.002914,0.003027,-0.000638,0.003027,8,55,0,fixed,8,8,0,0,3.000000,4.000000
1028,random,8,3,51,2,2,4,0.000000,55.833300,0.716418,32,0.205104,45,0,2,0,0.205104,0.205104,0.000000,0.000000,0.205104,-0.122821,55,0,1,-1,26,22,32,101.000000,85.500000,55.833300,0.396040,0.467836,0.716418,0.006591,0.006708,0.002914,0.006708,8,55,0,fixed,8,8,0,0,3.000000,4.000000
1028,random,8,3,52,1,1,2,3.219605,85.500000,0.402451,22,0.205104,45,0,0,1,0.205104,0.205104,0.000000,0.000000,0.205104,-0.122821,55,0,1,0,26,22,32,101.000000,85.500000,55.833300,0.562503,0.399826,0.050114,0.003340,0.002914,-0.009878,0.003340,8,55,0,fixed,8,8,0,0,3.000000,4.000000
1028,random,8,3,53,2,2,2,0.391289,55.833300,0.048911,32,0.205104,45,0,1,1,0.205104,0.205104,0.000000,0.000000,0.205104,-0.122821,55,0,1,0,26,22,32,101.000000,85.500000,55.833300,0.562503,0.382693,0.051893,0.017190,0.016567,0.002914,0.017190,8,55,0,fixed,8,8,0,0,3.000000,4.000000
1028,random,8,3,54,1,1,2,3.079780,85.500000,0.384972,22,0.205104,45,0,0,1,0.205104,0.205104,0.000000,0.000000,0.205104,-0.122821,55,0,1,0,26,22,32,101.000000,85.500000,55.833300,0.562503,0.401768,0.050114,0.003334,0.002914,-0.009884,0.003334,8,55,0,fixed,8,8,0,0,3.000000,4.000000
1028,random,8,3,55,1,1,2,3.221761,85.500000,0.402720,22,0.205104,45,0,2,1,0.205104,0.205104,0.000000,0.000000,0.205104,-0.122821,55,0,1,0,26,22,32,101.000000,85.500000,55.833300,0.562503,0.399796,0.050114,0.003340,0.002914,-0.009878,0.003340,8,55,0,fixed,8,8,0,0,3.000000,4.000000
1028,random,8,3,56,2,2,1,2.341378,55.833300,0.780459,32,0.205104,45,0,0,1,0.205104,0.205104,0.000000,0.000000,0.205104,-0.122821,55,0,1,-1,26,22,32,101.000000,85.500000,55.833300,1.539466,1.457335,0.351422,0.008419,0.008297,0.002914,0.008419,8,55,0,fixed,8,8,0,0,3.000000,4.000000
1028,random,8,3,57,2,2,2,0.391266,55.833300,0.048908,32,0.205104,45,0,2,0,0.205104,0.205104,0.000000,0.000000,0.205104,-0.122821,55,0,1,0,26,22,32,101.000000,85.500000,55.833300,0.562503,0.382693,0.051894,0.017190,0.016566,0.002914,0.017190,8,55,0,fixed,8,8,0,0,3.000000,4.000000
1028,random,8,3,58,2,2,4,0.000000,55.833300,0.716418,32,0.205104,45,0,0,1,0.205104,0.205104,0.000000,0.000000,0.205104,-0.122821,55,0,1,-1,26,22,32,101.000000,85.500000,55.833300,0.396040,0.467836,0.716418,0.006591,0.006708,0.002914,0.006708,8,55,0,fixed,8,8,0,0,3.000000,4.000000
1028,random,8,3,59,2,2,1,1.081758,55.833300,0.360586,32,0.205104,45,0,0,1,0.205104,0.205104,0.000000,0.000000,0.205104,-0.122821,55,0,1,0,26,22,32,101.000000,85.500000,55.833300,1.539466,1.457335,0.456391,0.008059,0.007937,0.002914,0.008059,8,55,0,fixed,8,8,0,0,3.000000,4.000000
1028,random,8,3,60,0,0,2,2.697234,101.000000,0.337154,26,0.205104,45,0,0,0,0.205104,0.205104,0.000000,0.000000,0.205104,-0.122821,55,0,1,0,26,22,32,101.000000,85.500000,55.833300,0.603136,0.382693,0.050114,0.002914,0.002268,-0.010340,0.002268,8,55,0,fixed,8,8,0,0,3.000000,4.000000
1028,random,8,3,61,2,2,2,0.445927,55.833300,0.055741,32,0.205104,45,0,1,1,0.205104,0.205104,0.000000,0.000000,0.205104,-0.122821,55,0,1,0,26,22,32,101.000000,85.500000,55.833300,0.562503,0.382693,0.051368,0.017308,0.016684,0.002914,0.017308,8,55,0,fixed,8,8,0,0,3.000000,4.000000
1028,random,8,3,62,0,0,1,4.777733,101.000000,1.592578,26,0.205104,45,0,0,0,0.205104,0.205104,0.000000,0.000000,0.205104,-0.122821,55,0,1,-1,26,22,32,101.000000,85.500000,55.833300,1.600709,1.457335,0.423980,0.002914,0.002771,-0.002136,0.002771,8,55,0,fixed,8,8,0,0,3.000000,4.000000
1028,random,8,3,63,0,0,2,5.013016,101.000000,0.626627,26,0.205104,45,0,0,0,0.205104,0.205104,0.000000,0.000000,0.205104,-0.122821,55,0,1,-1,26,22,32,101.000000,85.500000,55.833300,0.580869,0.382693,0.050114,0.002914,0.002301,-0.010311,0.002301,8,55,0,fixed,8,8,0,0,3.000000,4.000000
1028,random,8,3,64,0,0,2,5.013063,101.000000,0.626633,26,0.205104,45,0,1,1,0.205104,0.205104,0.000000,0.000000,0.205104,-0.122821,55,0,1,-1,26,22,32,101.000000,85.500000,55.833300,0.580869,0.382693,0.050114,0.002914,0.002301,-0.010311,0.002301,8,55,0,fixed,8,8,0,0,3.000000,4.000000
1028,random,8,3,65,2,2,2,0.391265,55.833300,0.048908,32,0.205104,45,0,2,0,0.205104,0.205104,0.000000,0.000000,0.205104,-0.122821,55,0,1,0,26,22,32,101.000000,85.500000,55.833300,0.562503,0.382693,0.051894,0.017190,0.016566,0.002914,0.017190,8,55,0,fixed,8,8,0,0,3.000000,4.000000
1028,random,8,3,66,2,2,2,0.391255,55.833300,0.048907,32,0.205104,45,0,2,0,0.205104,0.205104,0.000000,0.000000,0.205104,-0.122821,55,0,1,0,26,22,32,101.000000,85.500000,55.833300,0.562503,0.382693,0.051894,0.017190,0.016566,0.002914,0.017190,8,55,0,fixed,8,8,0,0,3.000000,4.000000
1028,random,8,3,67,0,0,2,5.043621,101.000000,0.630453,26,0.205104,45,0,2,1,0.205104,0.205104,0.000000,0.000000,0.205104,-0.122821,55,0,1,-1,26,22,32,101.000000,85.500000,55.833300,0.580575,0.382693,0.050114,0.002914,0.002302,-0.010310,0.002302,8,55,0,fixed,8,8,0,0,3.000000,4.000000
1028,random,8,3,68,2,2,3,0.000000,55.833300,1.791046,32,0.205104,45,0,0,1,0.205104,0.205104,0.000000,0.000000,0.205104,-0.122821,55,0,1,1,26,22,32,101.000000,85.500000,55.833300,0.990099,1.169591,1.791046,0.006971,0.006958,0.002914,0.006971,8,55,0,fixed,8,8,0,0,3.000000,4.000000
1028,random,8,3,69,2,2,3,0.000000,55.833300,1.791046,32,0.205104,45,0,0,1,0.205104,0.205104,0.000000,0.000000,0.205104,-0.122821,55,0,1,1,26,22,32,101.000000,85.500000,55.833300,0.990099,1.169591,1.791046,0.006971,0.006958,0.002914,0.006971,8,55,0,fixed,8,8,0,0,3.000000,4.000000
1028,random,8,3,70,2,2,1,1.043271,55.833300,0.347757,32,0.205104,45,0,2,0,0.205104,0.205104,0.000000,0.000000,0.205104,-0.122821,55,0,1,0,26,22,32,101.000000,85.500000,55.833300,1.539466,1.457335,0.459598,0.008050,0.007929,0.002914,0.008050,8,55,0,fixed,8,8,0,0,3.000000,4.000000
1028,random,8,3,71,0,0,4,0.000000,101.000000,0.396040,26,0.205104,45,0,0,0,0.205104,0.205104,0.000000,0.000000,0.205104,-0.122821,55,0,1,0,26,22,32,101.000000,85.500000,55.833300,0.396040,0.467836,0.716418,0.002914,0.003027,-0.000638,0.003027,8,55,0,fixed,8,8,0,0,3.000000,4.000000
1028,random,8,3,72,2,2,2,0.416405,55.833300,0.052051,32,0.205104,45,0,2,0,0.205104,0.205104,0.000000,0.000000,0.205104,-0.122821,55,0,1,0,26,22,32,101.000000,85.500000,55.833300,0.562503,0.382693,0.051652,0.017244,0.016620,0.002914,0.017244,8,55,0,fixed,8,8,0,0,3.000000,4.000000
1028,random,8,3,73,1,1,4,0.000000,85.500000,0.467836,22,0.205104,45,0,2,1,0.205104,0.205104,0.000000,0.000000,0.205104,-0.122821,55,0,1,0,26,22,32,101.000000,85.500000,55.833300,0.396040,0.467836,0.716418,0.002800,0.002914,-0.000748,0.002800,8,55,0,fixed,8,8,0,0,3.000000,4.000000
1028,random,8,3,74,1,1,4,0.000000,85.500000,0.467836,22,0.205104,45,0,1,0,0.205104,0.205104,0.000000,0.000000,0.205104,-0.122821,55,0,1,0,26,22,32,101.000000,85.500000,55.833300,0.396040,0.467836,0.716418,0.002800,0.002914,-0.000748,0.002800,8,55,0,fixed,8,8,0,0,3.000000,4.000000
1028,random,8,3,75,0,0,1,4.792000,101.000000,1.597333,26,0.205104,45,0,1,1,0.205104,0.205104,0.000000,0.000000,0.205104,-0.122821,55,0,1,-1,26,22,32,101.000000,85.500000,55.833300,1.599124,1.457335,0.423980,0.002914,0.002772,-0.002135,0.002772,8,55,0,fixed,8,8,0,0,3.000000,4.000000
1028,random,8,3,76,1,1,2,3.223983,85.500000,0.402998,22,0.205104,45,0,0,1,0.205104,0.205104,0.000000,0.000000,0.205104,-0.122821,55,0,1,0,26,22,32,101.000000,85.500000,55.833300,0.562503,0.399765,0.050114,0.003340,0.002914,-0.009878,0.003340,8,55,0,fixed,8,8,0,0,3.000000,4.000000
1028,random,8,3,77,0,0,2,5.131120,101.000000,0.641390,26,0.205104,45,0,1,1,0.205104,0.205104,0.000000,0.000000,0.205104,-0.122821,55,0,1,-1,26,22,32,101.000000,85.500000,55.833300,0.579733,0.382693,0.050114,0.002914,0.002303,-0.010309,0.002303,8,55,0,fixed,8,8,0,0,3.000000,4.000000
1028,random,8,3,78,0,0,2,5.122351,101.000000,0.640294,26,0.205104,45,0,1,1,0.205104,0.205104,0.000000,0.000000,0.205104,-0.122821,55,0,1,-1,26,22,32,101.000000,85.500000,55.833300,0.579818,0.382693,0.050114,0.002914,0.002303,-0.010309,0.002303,8,55,0,fixed,8,8,0,0,3.000000,4.000000
1028,random,8,3,79,2,2,4,0.000000,55.833300,0.716418,32,0.205104,45,0,0,1,0.205104,0.205104,0.000000,0.000000,0.205104,-0.122821,55,0,1,-1,26,22,32,101.000000,85.500000,55.833300,0.396040,0.467836,0.716418,0.006591,0.006708,0.002914,0.006708,8,55,0,fixed,8,8,0,0,3.000000,4.000000
1028,random,8,3,80,0,0,2,2.527903,101.000000,0.315988,26,0.205104,45,0,0,0,0.205104,0.205104,0.000000,0.000000,0.205104,-0.122821,55,0,1,0,26,22,32,101.000000,85.500000,55.833300,0.604764,0.382693,0.050114,0.002914,0.002266,-0.010342,0.002266,8,55,0,fixed,8,8,0,0,3.000000,4.000000
1028,random,8,4,1,1,1,2,2.523418,86.166700,0.315427,23,0.178296,45,0,2,1,0.178296,0.178296,0.000000,0.000000,0.178296,-0.026808,59,0,1,0,27,23,30,98.833300,86.166700,56.166700,0.785098,0.314944,0.046976,0.010542,0.009186,-0.001963,0.010542,8,59,0,fixed,8,8,0,0,3.000000,4.000000
1028,random,8,4,2,0,0,4,0.000000,98.833300,0.404722,27,0.178296,45,0,2,1,0.178296,0.178296,0.000000,0.000000,0.178296,-0.026808,59,0,1,0,27,23,30,98.833300,86.166700,56.166700,0.404722,0.464216,0.712166,0.009186,0.008755,0.005329,0.008755,8,59,0,fixed,8,8,0,0,3.000000,4.000000
1028,random,8,4,3,1,1,3,0.000000,86.166700,1.160541,23,0.178296,45,0,2,1,0.178296,0.178296,0.000000,0.000000,0.178296,-0.026808,59,0,1,-1,27,23,30,98.833300,86.166700,56.166700,1.011805,1.160541,1.780414,0.009703,0.009186,0.005554,0.009703,8,59,0,fixed,8,8,0,0,3.000000,4.000000
1028,random,8,4,4,1,1,3,0.000000,86.166700,1.160541,23,0.178296,45,0,1,0,0.178296,0.178296,0.000000,0.000000,0.178296,-0.026808,59,0,1,-1,27,23,30,98.833300,86.166700,56.166700,1.011805,1.160541,1.780414,0.009703,0.009186,0.005554,0.009703,8,59,0,fixed,8,8,0,0,3.000000,4.000000
1028,random,8,4,5,2,2,3,0.000000,56.166700,1.780414,30,0.178296,45,0,2,0,0.178296,0.178296,0.000000,0.000000,0.178296,-0.026808,59,0,1,1,27,23,30,98.833300,86.166700,56.166700,1.011805,1.160541,1.780414,0.013502,0.012964,0.009186,0.013502,8,59,0,fixed,8,8,0,0,3.000000,4.000000
1028,random,8,4,6,0,0,2,6.973771,98.833300,0.871721,27,0.178296,45,0,2,1,0.178296,0.178296,0.000000,0.000000,0.178296,-0.026808,59,0,1,-1,27,23,30,98.833300,86.166700,56.166700,0.807782,0.301857,0.046976,0.009186,0.007695,-0.003177,0.007695,8,59,0,fixed,8,8,0,0,3.000000,4.000000
1028,random,8,4,7,2,2,2,0.408713,56.166700,0.051089,30,0.178296,45,0,1,1,0.178296,0.178296,0.000000,0.000000,0.178296,-0.026808,59,0,1,0,27,23,30,98.833300,86.166700,56.166700,0.785098,0.301857,0.048360,0.022728,0.021055,0.009186,0.022728,8,59,0,fixed,8,8,0,0,3.000000,4.000000
1028,random,8,4,8,2,2,1,2.687227,56.166700,0.895742,30,0.178296,45,0,2,0,0.178296,0.178296,0.000000,0.000000,0.178296,-0.026808,59,0,1,-1,27,23,30,98.833300,86.166700,56.166700,1.390046,1.317781,0.514322,0.014235,0.013616,0.009186,0.014235,8,59,0,fixed,8,8,0,0,3.000000,4.000000
1028,random,8,4,9,0,0,4,0.000000,98.833300,0.404722,27,0.178296,45,0,2,1,0.178296,0.178296,0.000000,0.000000,0.178296,-0.026808,59,0,1,0,27,23,30,98.833300,86.166700,56.166700,0.404722,0.464216,0.712166,0.009186,0.008755,0.005329,0.008755,8,59,0,fixed,8,8,0,0,3.000000,4.000000
1028,random,8,4,10,2,2,2,0.408737,56.166700,0.051092,30,0.178296,45,0,2,0,0.178296,0.178296,0.000000,0.000000,0.178296,-0.026808,59,0,1,0,27,23,30,98.833300,86.166700,56.166700,0.785098,0.301857,0.048360,0.022728,0.021055,0.009186,0.022728,8,59,0,fixed,8,8,0,0,3.000000,4.000000
1028,random,8,4,11,2,2,1,1.130593,56.166700,0.376864,30,0.178296,45,0,1,1,0.178296,0.178296,0.000000,0.000000,0.178296,-0.026808,59,0,1,0,27,23,30,98.833300,86.166700,56.166700,1.390046,1.317781,0.644042,0.014060,0.013442,0.009186,0.014060,8,59,0,fixed,8,8,0,0,3.000000,4.000000
1028,random,8,4,12,1,1,2,2.464452,86.166700,0.308056,23,0.178296,45,0,0,1,0.178296,0.178296,0.000000,0.000000,0.178296,-0.026808,59,0,1,0,27,23,30,98.833300,86.166700,56.166700,0.785098,0.315558,0.046976,0.010540,0.009186,-0.001965,0.010540,8,59,0,fixed,8,8,0,0,3.000000,4.000000
1028,random,8,4,13,2,2,1,1.182521,56.166700,0.394174,30,0.178296,45,0,2,0,0.178296,0.178296,0.000000,0.000000,0.178296,-0.026808,59,0,1,0,27,23,30,98.833300,86.166700,56.166700,1.390046,1.317781,0.639714,0.014064,0.013446,0.009186,0.014064,8,59,0,fixed,8,8,0,0,3.000000,4.000000
1028,random,8,4,14,0,0,2,6.110264,98.833300,0.763783,27,0.178296,45,0,2,1,0.178296,0.178296,0.000000,0.000000,0.178296,-0.026808,59,0,1,-1,27,23,30,98.833300,86.166700,56.166700,0.819775,0.301857,0.046976,0.009186,0.007687,-0.003184,0.007687,8,59,0,fixed,8,8,0,0,3.000000,4.000000
1028,random,8,4,15,0,0,4,0.000000,98.833300,0.404722,27,0.178296,45,0,0,0,0.178296,0.178296,0.000000,0.000000,0.178296,-0.026808,59,0,1,0,27,23,30,98.833300,86.166700,56.166700,0.404722,0.464216,0.712166,0.009186,0.008755,0.005329,0.008755,8,59,0,fixed,8,8,0,0,3.000000,4.000000
1028,random,8,4,16,2,2,2,0.446980,56.166700,0.055872,30,0.178296,45,0,1,1,0.178296,0.178296,0.000000,0.000000,0.178296,-0.026808,59,0,1,0,27,23,30,98.833300,86.166700,56.166700,0.785098,0.301857,0.048018,0.022800,0.021126,0.009186,0.022800,8,59,0,fixed,8,8,0,0,3.000000,4.000000
1028,random,8,4,17,1,1,2,2.526639,86.166700,0.315830,23,0.178296,45,0,1,0,0.178296,0.178296,0.000000,0.000000,0.178296,-0.026808,59,0,1,0,27,23,30,98.833300,86.166700,56.166700,0.785098,0.314911,0.046976,0.010542,0.009186,-0.001963,0.010542,8,59,0,fixed,8,8,0,0,3.000000,4.000000
1028,random,8,4,18,1,1,3,0.000000,86.166700,1.160541,23,0.178296,45,0,2,1,0.178296,0.178296,0.000000,0.000000,0.178296,-0.026808,59,0,1,-1,27,23,30,98.833300,86.166700,56.166700,1.011805,1.160541,1.780414,0.009703,0.009186,0.005554,0.009703,8,59,0,fixed,8,8,0,0,3.000000,4.000000
1028,random,8,4,19,2,2,2,0.408737,56.166700,0.051092,30,0.178296,45,0,2,0,0.178296,0.178296,0.000000,0.000000,0.178296,-0.026808,59,0,1,0,27,23,30,98.833300,86.166700,56.166700,0.785098,0.301857,0.048360,0.022728,0.021055,0.009186,0.022728,8,59,0,fixed,8,8,0,0,3.000000,4.000000
1028,random,8,4,20,0,0,4,0.000000,98.833300,0.404722,27,0.178296,45,0,1,1,0.178296,0.178296,0.000000,0.000000,0.178296,-0.026808,59,0,1,0,27,23,30,98.833300,86.166700,56.166700,0.404722,0.464216,0.712166,0.009186,0.008755,0.005329,0.008755,8,59,0,fixed,8,8,0,0,3.000000,4.000000
1028,random,8,4,21,1,1,4,0.000000,86.166700,0.464216,23,0.178296,45,0,2,1,0.178296,0.178296,0.000000,0.000000,0.178296,-0.026808,59,0,1,0,27,23,30,98.833300,86.166700,56.166700,0.404722,0.464216,0.712166,0.009619,0.009186,0.005745,0.009619,8,59,0,fixed,8,8,0,0,3.000000,4.000000
1028,random,8,4,22,0,0,3,0.000000,98.833300,1.011805,27,0.178296,45,0,2,1,0.178296,0.178296,0.000000,0.000000,0.178296,-0.026808,59,0,1,1,27,23,30,98.833300,86.166700,56.166700,1.011805,1.160541,1.780414,0.009186,0.008671,0.005060,0.008671,8,59,0,fixed,8,8,0,0,3.000000,4.000000
1028,random,8,4,23,1,1,2,2.522302,86.166700,0.315288,23,0.178296,45,0,0,1,0.178296,0.178296,0.000000,0.000000,0.178296,-0.026808,59,0,1,0,27,23,30,98.833300,86.166700,56.166700,0.785098,0.314956,0.046976,0.010542,0.009186,-0.001963,0.010542,8,59,0,fixed,8,8,0,0,3.000000,4.000000
1028,random,8,4,24,1,1,2,2.522373,86.166700,0.315297,23,0.178296,45,0,0,1,0.178296,0.178296,0.000000,0.000000,0.178296,-0.026808,59,0,1,0,27,23,30,98.833300,86.166700,56.166700,0.785098,0.314955,0.046976,0.010542,0.009186,-0.001963,0.010542,8,59,0,fixed,8,8,0,0,3.000000,4.000000
1028,random,8,4,25,2,2,4,0.000000,56.166700,0.712166,30,0.178296,45,0,0,1,0.178296,0.178296,0.000000,0.000000,0.178296,-0.026808,59,0,1,-1,27,23,30,98.833300,86.166700,56.166700,0.404722,0.464216,0.712166,0.013209,0.012758,0.009186,0.013209,8,59,0,fixed,8,8,0,0,3.000000,4.000000
1028,random,8,4,26,2,2,3,0.000000,56.166700,1.780414,30,0.178296,45,0,1,1,0.178296,0.178296,0.000000,0.000000,0.178296,-0.026808,59,0,1,1,27,23,30,98.833300,86.166700,56.166700,1.011805,1.160541,1.780414,0.013502,0.012964,0.009186,0.013502,8,59,0,fixed,8,8,0,0,3.000000,4.000000
1028,random,8,4,27,1,1,4,0.000000,86.166700,0.464216,23,0.178296,45,0,2,1,0.178296,0.178296,0.000000,0.000000,0.178296,-0.026808,59,0,1,0,27,23,30,98.833300,86.166700,56.166700,0.404722,0.464216,0.712166,0.009619,0.009186,0.005745,0.009619,8,59,0,fixed,8,8,0,0,3.000000,4.000000
1028,random,8,4,28,0,0,4,0.000000,98.833300,0.404722,27,0.178296,45,0,2,1,0.178296,0.178296,0.000000,0.000000,0.178296,-0.026808,59,0,1,0,27,23,30,98.833300,86.166700,56.166700,0.404722,0.464216,0.712166,0.009186,0.008755,0.005329,0.008755,8,59,0,fixed,8,8,0,0,3.000000,4.000000
1028,random,8,4,29,2,2,1,1.189241,56.166700,0.396414,30,0.178296,45,0,1,1,0.178296,0.178296,0.000000,0.000000,0.178296,-0.026808,59,0,1,0,27,23,30,98.833300,86.166700,56.166700,1.390046,1.317781,0.639154,0.014065,0.013447,0.009186,0.014065,8,59,0,fixed,8,8,0,0,3.000000,4.000000
1028,random,8,4,30,1,1,2,2.522397,86.166700,0.315300,23,0.178296,45,0,0,1,0.178296,0.178296,0.000000,0.000000,0.178296,-0.026808,59,0,1,0,27,23,30,98.833300,86.166700,56.166700,0.785098,0.314955,0.046976,0.010542,0.009186,-0.001963,0.010542,8,59,0,fixed,8,8,0,0,3.000000,4.000000
1028,random,8,4,31,2,2,2,0.407637,56.166700,0.050955,30,0.178296,45,0,1,1,0.178296,0.178296,0.000000,0.000000,0.178296,-0.026808,59,0,1,0,27,23,30,98.833300,86.166700,56.166700,0.785098,0.301857,0.048369,0.022726,0.021053,0.009186,0.022726,8,59,0,fixed,8,8,0,0,3.000000,4.000000
1028,random,8,4,32,2,2,4,0.000000,56.166700,0.712166,30,0.178296,45,0,2,0,0.178296,0.178296,0.000000,0.000000,0.178296,-0.026808,59,0,1,-1,27,23,30,98.833300,86.166700,56.166700,0.404722,0.464216,0.712166,0.013209,0.012758,0.009186,0.013209,8,59,0,fixed,8,8,0,0,3.000000,4.000000
1028,random,8,4,33,1,1,2,2.527826,86.166700,0.315978,23,0.178296,45,0,2,1,0.178296,0.178296,0.000000,0.000000,0.178296,-0.026808,59,0,1,0,27,23,30,98.833300,86.166700,56.166700,0.785098,0.314898,0.046976,0.010542,0.009186,-0.001963,0.010542,8,59,0,fixed,8,8,0,0,3.000000,4.000000
1028,random,8,4,34,0,0,1,3.553425,98.833300,1.184475,27,0.178296,45,0,0,0,0.178296,0.178296,0.000000,0.000000,0.178296,-0.026808,59,0,1,1,27,23,30,98.833300,86.166700,56.166700,1.527214,1.317781,0.571554,0.009186,0.008560,0.004412,0.008560,8,59,0,fixed,8,8,0,0,3.000000,4.000000
1028,random,8,4,35,2,2,3,0.000000,56.166700,1.780414,30,0.178296,45,0,1,1,0.178296,0.178296,0.000000,0.000000,0.178296,-0.026808,59,0,1,1,27,23,30,98.833300,86.166700,56.166700,1.011805,1.160541,1.780414,0.013502,0.012964,0.009186,0.013502,8,59,0,fixed,8,8,0,0,3.000000,4.000000
1028,random,8,4,36,0,0,4,0.000000,98.833300,0.404722,27,0.178296,45,0,2,1,0.178296,0.178296,0.000000,0.000000,0.178296,-0.026808,59,0,1,0,27,23,30,98.833300,86.166700,56.166700,0.404722,0.464216,0.712166,0.009186,0.008755,0.005329,0.008755,8,59,0,fixed,8,8,0,0,3.000000,4.000000
1028,random,8,4,37,2,2,2,0.408777,56.166700,0.051097,30,0.178296,45,0,0,1,0.178296,0.178296,0.000000,0.000000,0.178296,-0.026808,59,0,1,0,27,23,30,98.833300,86.166700,56.166700,0.785098,0.301857,0.048359,0.022728,0.021055,0.009186,0.022728,8,59,0,fixed,8,8,0,0,3.000000,4.000000
1028,random,8,4,38,1,1,2,2.527775,86.166700,0.315972,23,0.178296,45,0,0,1,0.178296,0.178296,0.000000,0.000000,0.178296,-0.026808,59,0,1,0,27,23,30,98.833300,86.166700,56.166700,0.785098,0.314899,0.046976,0.010542,0.009186,-0.001963,0.010542,8,59,0,fixed,8,8,0,0,3.000000,4.000000
1028,random,8,4,39,2,2,4,0.000000,56.166700,0.712166,30,0.178296,45,0,1,1,0.178296,0.178296,0.000000,0.000000,0.178296,-0.026808,59,0,1,-1,27,23,30,98.833300,86.166700,56.166700,0.404722,0.464216,0.712166,0.013209,0.012758,0.009186,0.013209,8,59,0,fixed,8,8,0,0,3.000000,4.000000
1028,random,8,4,40,1,1,3,0.000000,86.166700,1.160541,23,0.178296,45,0,0,1,0.178296,0.178296,0.000000,0.000000,0.178296,-0.026808,59,0,1,-1,27,23,30,98.833300,86.166700,56.166700,1.011805,1.160541,1.780414,0.009703,0.009186,0.005554,0.009703,8,59,0,fixed,8,8,0,0,3.000000,4.000000
1028,random,8,4,41,2,2,2,0.408742,56.166700,0.051093,30,0.178296,45,0,2,0,0.178296,0.178296,0.000000,0.000000,0.178296,-0.026808,59,0,1,0,27,23,30,98.833300,86.166700,56.166700,0.785098,0.301857,0.048359,0.022728,0.021055,0.009186,0.022728,8,59,0,fixed,8,8,0,0,3.000000,4.000000
1028,random,8,4,42,2,2,4,0.000000,56.166700,0.712166,30,0.178296,45,0,0,1,0.178296,0.178296,0.000000,0.000000,0.178296,-0.026808,59,0,1,-1,27,23,30,98.833300,86.166700,56.166700,0.404722,0.464216,0.712166,0.013209,0.012758,0.009186,0.013209,8,59,0,fixed,8,8,0,0,3.000000,4.000000
1028,random,8,4,43,2,2,2,0.408753,56.166700,0.051094,30,0.178296,45,0,0,1,0.178296,0.178296,0.000000,0.000000,0.178296,-0.026808,59,0,1,0,27,23,30,98.833300,86.166700,56.166700,0.785098,0.301857,0.048359,0.022728,0.021055,0.009186,0.022728,8,59,0,fixed,8,8,0,0,3.000000,4.000000
1028,random,8,4,44,1,1,1,4.712815,86.166700,1.570938,23,0.178296,45,0,2,1,0.178296,0.178296,0.000000,0.000000,0.178296,-0.026808,59,0,1,-1,27,23,30,98.833300,86.166700,56.166700,1.390046,1.179214,0.571554,0.009800,0.009186,0.005033,0.009800,8,59,0,fixed,8,8,0,0,3.000000,4.000000
1028,random,8,4,45,2,2,2,0.444794,56.166700,0.055599,30,0.178296,45,0,2,0,0.178296,0.178296,0.000000,0.000000,0.178296,-0.026808,59,0,1,0,27,23,30,98.833300,86.166700,56.166700,0.785098,0.301857,0.048038,0.022796,0.021121,0.009186,0.022796,8,59,0,fixed,8,8,0,0,3.000000,4.000000
1028,random,8,4,46,0,0,2,6.991175,98.833300,0.873897,27,0.178296,45,0,2,1,0.178296,0.178296,0.000000,0.000000,0.178296,-0.026808,59,0,1,-1,27,23,30,98.833300,86.166700,56.166700,0.807540,0.301857,0.046976,0.009186,0.007695,-0.003177,0.007695,8,59,0,fixed,8,8,0,0,3.000000,4.000000
1028,random,8,4,47,0,0,4,0.000000,98.833300,0.404722,27,0.178296,45,0,0,0,0.178296,0.178296,0.000000,0.000000,0.178296,-0.026808,59,0,1,0,27,23,30,98.833300,86.166700,56.166700,0.404722,0.464216,0.712166,0.009186,0.008755,0.005329,0.008755,8,59,0,fixed,8,8,0,0,3.000000,4.000000
1028,random,8,4,48,0,0,2,6.103741,98.833300,0.762968,27,0.178296,45,0,2,1,0.178296,0.178296,0.000000,0.000000,0.178296,-0.026808,59,0,1,-1,27,23,30,98.833300,86.166700,56.166700,0.819866,0.301857,0.046976,0.009186,0.007687,-0.003184,0.007687,8,59,0,fixed,8,8,0,0,3.000000,4.000000
1028,random,8,4,49,1,1,4,0.000000,86.166700,0.464216,23,0.178296,45,0,1,0,0.178296,0.178296,0.000000,0.000000,0.178296,-0.026808,59,0,1,0,27,23,30,98.833300,86.166700,56.166700,0.404722,0.464216,0.712166,0.009619,0.009186,0.005745,0.009619,8,59,0,fixed,8,8,0,0,3.000000,4.000000
1028,random,8,4,50,2,2,4,0.000000,56.166700,0.712166,30,0.178296,45,0,1,1,0.178296,0.178296,0.000000,0.000000,0.178296,-0.026808,59,0,1,-1,27,23,30,98.833300,86.166700,56.166700,0.404722,0.464216,0.712166,0.013209,0.012758,0.009186,0.013209,8,59,0,fixed,8,8,0,0,3.000000,4.000000
1028,random,8,4,51,2,2,4,0.000000,56.166700,0.712166,30,0.178296,45,0,2,0,0.178296,0.178296,0.000000,0.000000,0.178296,-0.026808,59,0,1,-1,27,23,30,98.833300,86.166700,56.166700,0.404722,0.464216,0.712166,0.013209,0.012758,0.009186,0.013209,8,59,0,fixed,8,8,0,0,3.000000,4.000000
1028,random,8,4,52,0,0,2,6.532168,98.833300,0.816521,27,0.178296,45,0,2,1,0.178296,0.178296,0.000000,0.000000,0.178296,-0.026808,59,0,1,-1,27,23,30,98.833300,86.166700,56.166700,0.813915,0.301857,0.046976,0.009186,0.007691,-0.003181,0.007691,8,59,0,fixed,8,8,0,0,3.000000,4.000000
1028,random,8,4,53,1,1,2,2.526756,86.166700,0.315845,23,0.178296,45,0,0,1,0.178296,0.178296,0.000000,0.000000,0.178296,-0.026808,59,0,1,0,27,23,30,98.833300,86.166700,56.166700,0.785098,0.314909,0.046976,0.010542,0.009186,-0.001963,0.010542,8,59,0,fixed,8,8,0,0,3.000000,4.000000
1028,random,8,4,54,0,0,2,6.514716,98.833300,0.814339,27,0.178296,45,0,1,1,0.178296,0.178296,0.000000,0.000000,0.178296,-0.026808,59,0,1,-1,27,23,30,98.833300,86.166700,56.166700,0.814158,0.301857,0.046976,0.009186,0.007691,-0.003181,0.007691,8,59,0,fixed,8,8,0,0,3.000000,4.000000
1028,random,8,4,55,2,2,2,0.443701,56.166700,0.055463,30,0.178296,45,0,1,1,0.178296,0.178296,0.000000,0.000000,0.178296,-0.026808,59,0,1,0,27,23,30,98.833300,86.166700,56.166700,0.785098,0.301857,0.048047,0.022794,0.021119,0.009186,0.022794,8,59,0,fixed,8,8,0,0,3.000000,4.000000
1028,random,8,4,56,0,0,1,5.065654,98.833300,1.688551,27,0.178296,45,0,1,1,0.178296,0.178296,0.000000,0.000000,0.178296,-0.026808,59,0,1,1,27,23,30,98.833300,86.166700,56.166700,1.359188,1.317781,0.571554,0.009186,0.008594,0.004445,0.008594,8,59,0,fixed,8,8,0,0,3.000000,4.000000
1028,random,8,4,57,2,2,2,0.407603,56.166700,0.050950,30,0.178296,45,0,1,1,0.178296,0.178296,0.000000,0.000000,0.178296,-0.026808,59,0,1,0,27,23,30,98.833300,86.166700,56.166700,0.785098,0.301857,0.048370,0.022726,0.021053,0.009186,0.022726,8,59,0,fixed,8,8,0,0,3.000000,4.000000
1028,random,8,4,58,0,0,4,0.000000,98.833300,0.404722,27,0.178296,45,0,2,1,0.178296,0.178296,0.000000,0.000000,0.178296,-0.026808,59,0,1,0,27,23,30,98.833300,86.166700,56.166700,0.404722,0.464216,0.712166,0.009186,0.008755,0.005329,0.008755,8,59,0,fixed,8,8,0,0,3.000000,4.000000
1028,random,8,4,59,0,0,1,5.087306,98.833300,1.695769,27,0.178296,45,0,1,1,0.178296,0.178296,0.000000,0.000000,0.178296,-0.026808,59,0,1,1,27,23,30,98.833300,86.166700,56.166700,1.356782,1.317781,0.571554,0.009186,0.008595,0.004445,0.008595,8,59,0,fixed,8,8,0,0,3.000000,4.000000
1028,random,8,4,60,0,0,2,6.115809,98.833300,0.764476,27,0.178296,45,0,2,1,0.178296,0.178296,0.000000,0.000000,0.178296,-0.026808,59,0,1,-1,27,23,30,98.833300,86.166700,56.166700,0.819698,0.301857,0.046976,0.009186,0.007687,-0.003184,0.007687,8,59,0,fixed,8,8,0,0,3.000000,4.000000
1028,random,8,4,61,1,1,2,2.525694,86.166700,0.315712,23,0.178296,45,0,0,1,0.178296,0.178296,0.000000,0.000000,0.178296,-0.026808,59,0,1,0,27,23,30,98.833300,86.166700,56.166700,0.785098,0.314920,0.046976,0.010542,0.009186,-0.001963,0.010542,8,59,0,fixed,8,8,0,0,3.000000,4.000000
1028,random,8,4,62,0,0,1,3.591963,98.833300,1.197321,27,0.178296,45,0,2,1,0.178296,0.178296,0.000000,0.000000,0.178296,-0.026808,59,0,1,1,27,23,30,98.833300,86.166700,56.166700,1.522932,1.317781,0.571554,0.009186,0.008561,0.004413,0.008561,8,59,0,fixed,8,8,0,0,3.000000,4.000000
1028,random,8,4,63,0,0,2,6.919145,98.833300,0.864893,27,0.178296,45,0,2,1,0.178296,0.178296,0.000000,0.000000,0.178296,-0.026808,59,0,1,-1,27,23,30,98.833300,86.166700,56.166700,0.808541,0.301857,0.046976,0.009186,0.007694,-0.003178,0.007694,8,59,0,fixed,8,8,0,0,3.000000,4.000000
1028,random,8,4,64,1,1,2,2.521357,86.166700,0.315170,23,0.178296,45,0,0,1,0.178296,0.178296,0.000000,0.000000,0.178296,-0.026808,59,0,1,0,27,23,30,98.833300,86.166700,56.166700,0.785098,0.314966,0.046976,0.010542,0.009186,-0.001963,0.010542,8,59,0,fixed,8,8,0,0,3.000000,4.000000
1028,random,8,4,65,2,2,2,0.408684,56.166700,0.051085,30,0.178296,45,0,2,0,0.178296,0.178296,0.000000,0.000000,0.178296,-0.026808,59,0,1,0,27,23,30,98.833300,86.166700,56.166700,0.785098,0.301857,0.048360,0.022728,0.021055,0.009186,0.022728,8,59,0,fixed,8,8,0,0,3.000000,4.000000
1028,random,8,4,66,2,2,2,0.404371,56.166700,0.050546,30,0.178296,45,0,0,1,0.178296,0.178296,0.000000,0.000000,0.178296,-0.026808,59,0,1,0,27,23,30,98.833300,86.166700,56.166700,0.785098,0.301857,0.048399,0.022720,0.021047,0.009186,0.022720,8,59,0,fixed,8,8,0,0,3.000000,4.000000
1028,random,8,4,67,2,2,2,0.230620,56.166700,0.028828,30,0.178296,45,0,2,0,0.178296,0.178296,0.000000,0.000000,0.178296,-0.026808,59,0,1,0,27,23,30,98.833300,86.166700,56.166700,0.785098,0.301857,0.049950,0.022407,0.020739,0.009186,0.022407,8,59,0,fixed,8,8,0,0,3.000000,4.000000
1028,random,8,4,68,0,0,3,0.000000,98.833300,1.011805,27,0.178296,45,0,1,1,0.178296,0.178296,0.000000,0.000000,0.178296,-0.026808,59,0,1,1,27,23,30,98.833300,86.166700,56.166700,1.011805,1.160541,1.780414,0.009186,0.008671,0.005060,0.008671,8,59,0,fixed,8,8,0,0,3.000000,4.000000
1028,random,8,4,69,0,0,3,0.000000,98.833300,1.011805,27,0.178296,45,0,2,1,0.178296,0.178296,0.000000,0.000000,0.178296,-0.026808,59,0,1,1,27,23,30,98.833300,86.166700,56.166700,1.011805,1.160541,1.780414,0.009186,0.008671,0.005060,0.008671,8,59,0,fixed,8,8,0,0,3.000000,4.000000
1028,random,8,4,70,2,2,1,2.669511,56.166700,0.889837,30,0.178296,45,0,2,0,0.178296,0.178296,0.000000,0.000000,0.178296,-0.026808,59,0,1,-1,27,23,30,98.833300,86.166700,56.166700,1.390046,1.317781,0.515798,0.014232,0.013613,0.009186,0.014232,8,59,0,fixed,8,8,0,0,3.000000,4.000000
1028,random,8,4,71,0,0,4,0.000000,98.833300,0.404722,27,0.178296,45,0,2,1,0.178296,0.178296,0.000000,0.000000,0.178296,-0.026808,59,0,1,0,27,23,30,98.833300,86.166700,56.166700,0.404722,0.464216,0.712166,0.009186,0.008755,0.005329,0.008755,8,59,0,fixed,8,8,0,0,3.000000,4.000000
1028,random,8,4,72,2,2,2,0.178157,56.166700,0.022270,30,0.178296,45,1,0,1,0.178296,0.178296,0.000000,0.000000,0.178296,-0.026808,59,0,1,0,27,23,30,98.833300,86.166700,56.166700,0.785098,0.301857,0.050418,0.022317,0.020650,0.009186,0.022317,8,59,0,fixed,8,8,0,0,3.000000,4.000000
1028,random,8,4,73,2,2,4,0.000000,56.166700,0.712166,30,0.178296,45,0,1,1,0.178296,0.178296,0.000000,0.000000,0.178296,-0.026808,59,0,1,-1,27,23,30,98.833300,86.166700,56.166700,0.404722,0.464216,0.712166,0.013209,0.012758,0.009186,0.013209,8,59,0,fixed,8,8,0,0,3.000000,4.000000
1028,random,8,4,74,1,1,4,0.000000,86.166700,0.464216,23,0.178296,45,0,1,0,0.178296,0.178296,0.000000,0.000000,0.178296,-0.026808,59,0,1,0,27,23,30,98.833300,86.166700,56.166700,0.404722,0.464216,0.712166,0.009619,0.009186,0.005745,0.009619,8,59,0,fixed,8,8,0,0,3.000000,4.000000
1028,random,8,4,75,1,1,1,3.537642,86.166700,1.179214,23,0.178296,45,0,1,0,0.178296,0.178296,0.000000,0.000000,0.178296,-0.026808,59,0,1,-1,27,23,30,98.833300,86.166700,56.166700,1.390046,1.570938,0.571554,0.009711,0.009186,0.004948,0.009711,8,59,0,fixed,8,8,0,0,3.000000,4.000000
1028,random,8,4,76,0,0,2,6.597771,98.833300,0.824721,27,0.178296,45,0,1,1,0.178296,0.178296,0.000000,0.000000,0.178296,-0.026808,59,0,1,-1,27,23,30,98.833300,86.166700,56.166700,0.813004,0.301857,0.046976,0.009186,0.007691,-0.003180,0.007691,8,59,0,fixed,8,8,0,0,3.000000,4.000000
1028,random,8,4,77,1,1,2,2.523531,86.166700,0.315441,23,0.178296,45,0,0,1,0.178296,0.178296,0.000000,0.000000,0.178296,-0.026808,59,0,1,0,27,23,30,98.833300,86.166700,56.166700,0.785098,0.314943,0.046976,0.010542,0.009186,-0.001963,0.010542,8,59,0,fixed,8,8,0,0,3.000000,4.000000
1028,random,8,4,78,1,1,2,2.523531,86.166700,0.315441,23,0.178296,45,0,1,0,0.178296,0.178296,0.000000,0.000000,0.178296,-0.026808,59,0,1,0,27,23,30,98.833300,86.166700,56.166700,0.785098,0.314943,0.046976,0.010542,0.009186,-0.001963,0.010542,8,59,0,fixed,8,8,0,0,3.000000,4.000000
1028,random,8,4,79,0,0,4,0.000000,98.833300,0.404722,27,0.178296,45,0,1,1,0.178296,0.178296,0.000000,0.000000,0.178296,-0.026808,59,0,1,0,27,23,30,98.833300,86.166700,56.166700,0.404722,0.464216,0.712166,0.009186,0.008755,0.005329,0.008755,8,59,0,fixed,8,8,0,0,3.000000,4.000000
1028,random,8,4,80,0,0,2,6.275516,98.833300,0.784439,27,0.178296,45,0,2,1,0.178296,0.178296,0.000000,0.000000,0.178296,-0.026808,59,0,1,-1,27,23,30,98.833300,86.166700,56.166700,0.817480,0.301857,0.046976,0.009186,0.007688,-0.003183,0.007688,8,59,0,fixed,8,8,0,0,3.000000,4.000000
1028,random,8,5,1,2,2,2,0.380324,56.166700,0.047541,36,0.176163,38,0,2,0,0.176163,0.176163,0.000000,0.000000,0.176163,-0.002134,0,0,1,0,19,25,36,200.000000,80.833300,56.166700,0.665074,0.297996,0.047576,0.012193,0.011242,0.000745,0.012193,8,0,8,fixed,8,8,0,0,3.000000,4.000000
1028,random,8,5,2,2,2,4,0.000000,56.166700,0.712166,36,0.176163,38,0,2,0,0.176163,0.176163,0.000000,0.000000,0.176163,-0.002134,0,0,1,-1,19,25,36,200.000000,80.833300,56.166700,0.200000,0.494846,0.712166,0.002706,0.003783,0.000745,0.003783,8,0,8,fixed,8,8,0,0,3.000000,4.000000
1028,random,8,5,3,2,2,3,0.000000,56.166700,1.780414,36,0.176163,38,0,2,0,0.176163,0.176163,0.000000,0.000000,0.176163,-0.002134,0,0,1,1,19,25,36,200.000000,80.833300,56.166700,0.500000,1.237114,1.780414,0.003573,0.003932,0.000745,0.003932,8,0,8,fixed,8,8,0,0,3.000000,4.000000
1028,random,8,5,4,1,1,3,0.000000,80.833300,1.237114,25,0.176163,38,0,1,0,0.176163,0.176163,0.000000,0.000000,0.176163,-0.002134,0,0,1,-1,19,25,36,200.000000,80.833300,56.166700,0.500000,1.237114,1.780414,0.000399,0.000745,-0.002331,0.000399,8,0,8,fixed,8,8,0,0,3.000000,4.000000
1028,random,8,5,5,2,2,3,0.000000,56.166700,1.780414,36,0.176163,38,0,2,0,0.176163,0.176163,0.000000,0.000000,0.176163,-0.002134,0,0,1,1,19,25,36,200.000000,80.833300,56.166700,0.500000,1.237114,1.780414,0.003573,0.003932,0.000745,0.003932,8,0,8,fixed,8,8,0,0,3.000000,4.000000
1028,random,8,5,6,2,2,2,0.380336,56.166700,0.047542,36,0.176163,38,0,2,0,0.176163,0.176163,0.000000,0.000000,0.176163,-0.002134,0,0,1,0,19,25,36,200.000000,80.833300,56.166700,0.665074,0.297996,0.047576,0.012193,0.011242,0.000745,0.012193,8,0,8,fixed,8,8,0,0,3.000000,4.000000
1028,random,8,5,7,1,1,2,2.502546,80.833300,0.312818,25,0.176163,38,0,1,0,0.176163,0.176163,0.000000,0.000000,0.176163,-0.002134,0,0,1,0,19,25,36,200.000000,80.833300,56.166700,0.665074,0.309553,0.046288,0.001492,0.000745,-0.009136,0.001492,8,0,8,fixed,8,8,0,0,3.000000,4.000000
1028,random,8,5,8,2,2,1,2.625413,56.166700,0.875138,36,0.176163,38,0,2,0,0.176163,0.176163,0.000000,0.000000,0.176163,-0.002134,0,0,1,-1,19,25,36,200.000000,80.833300,56.166700,1.119449,1.301113,0.587472,0.004466,0.004393,0.000745,0.004466,8,0,8,fixed,8,8,0,0,3.000000,4.000000
1028,random,8,5,9,2,2,4,0.000000,56.166700,0.712166,36,0.176163,38,0,2,0,0.176163,0.176163,0.000000,0.000000,0.176163,-0.002134,0,0,1,-1,19,25,36,200.000000,80.833300,56.166700,0.200000,0.494846,0.712166,0.002706,0.003783,0.000745,0.003783,8,0,8,fixed,8,8,0,0,3.000000,4.000000
1028,random,8,5,10,2,2,2,0.380300,56.166700,0.047538,36,0.176163,38,0,2,0,0.176163,0.176163,0.000000,0.000000,0.176163,-0.002134,0,0,1,0,19,25,36,200.000000,80.833300,56.166700,0.665074,0.297996,0.047576,0.012193,0.011242,0.000745,0.012193,8,0,8,fixed,8,8,0,0,3.000000,4.000000
1028,random,8,5,11,1,1,1,4.989253,80.833300,1.663084,25,0.176163,38,0,1,0,0.176163,0.176163,0.000000,0.000000,0.176163,-0.002134,0,0,1,-1,19,25,36,200.000000,80.833300,56.166700,1.119449,1.275675,0.627573,0.000809,0.000745,-0.002741,0.000809,8,0,8,fixed,8,8,0,0,3.000000,4.000000
1028,random,8,5,12,0,0,2,5.139732,200.000000,0.642466,19,0.176163,38,0,0,0,0.176163,0.176163,0.000000,0.000000,0.176163,-0.002134,0,0,1,-1,19,25,36,200.000000,80.833300,56.166700,0.704879,0.297996,0.046288,0.000745,-0.000156,-0.009852,0.000000,8,0,8,fixed,8,8,0,0,3.000000,4.000000
1028,random,8,5,13,2,2,1,2.108696,56.166700,0.702899,36,0.176163,38,0,2,0,0.176163,0.176163,0.000000,0.000000,0.176163,-0.002134,0,0,1,-1,19,25,36,200.000000,80.833300,56.166700,1.119449,1.301113,0.630532,0.004420,0.004347,0.000745,0.004420,8,0,8,fixed,8,8,0,0,3.000000,4.000000
1028,random,8,5,14,2,2,2,0.380301,56.166700,0.047538,36,0.176163,38,0,2,0,0.176163,0.176163,0.000000,0.000000,0.176163,-0.002134,0,0,1,0,19,25,36,200.000000,80.833300,56.166700,0.665074,0.297996,0.047576,0.012193,0.011242,0.000745,0.012193,8,0,8,fixed,8,8,0,0,3.000000,4.000000
1028,random,8,5,15,0,0,4,0.000000,200.000000,0.200000,19,0.176163,38,0,0,0,0.176163,0.176163,0.000000,0.000000,0.176163,-0.002134,0,0,1,0,19,25,36,200.000000,80.833300,56.166700,0.200000,0.494846,0.712166,0.000745,0.001798,-0.001173,0.001798,8,0,8,fixed,8,8,0,0,3.000000,4.000000
1028,random,8,5,16,1,1,2,2.505856,80.833300,0.313232,25,0.176163,38,0,1,0,0.176163,0.176163,0.000000,0.000000,0.176163,-0.002134,0,0,1,0,19,25,36,200.000000,80.833300,56.166700,0.665074,0.309501,0.046288,0.001493,0.000745,-0.009136,0.001493,8,0,8,fixed,8,8,0,0,3.000000,4.000000
1028,random,8,5,17,1,1,2,2.394523,80.833300,0.299315,25,0.176163,38,0,1,0,0.176163,0.176163,0.000000,0.000000,0.176163,-0.002134,0,0,1,0,19,25,36,200.000000,80.833300,56.166700,0.665074,0.311241,0.046288,0.001486,0.000745,-0.009142,0.001486,8,0,8,fixed,8,8,0,0,3.000000,4.000000
1028,random,8,5,18,2,2,3,0.000000,56.166700,1.780414,36,0.176163,38,0,2,0,0.176163,0.176163,0.000000,0.000000,0.176163,-0.002134,0,0,1,1,19,25,36,200.000000,80.833300,56.166700,0.500000,1.237114,1.780414,0.003573,0.003932,0.000745,0.003932,8,0,8,fixed,8,8,0,0,3.000000,4.000000
1028,random,8,5,19,2,2,2,0.380289,56.166700,0.047536,36,0.176163,38,0,2,0,0.176163,0.176163,0.000000,0.000000,0.176163,-0.002134,0,0,1,0,19,25,36,200.000000,80.833300,56.166700,0.665074,0.297996,0.047577,0.012193,0.011242,0.000745,0.012193,8,0,8,fixed,8,8,0,0,3.000000,4.000000
1028,random,8,5,20,1,1,4,0.000000,80.833300,0.494846,25,0.176163,38,0,1,0,0.176163,0.176163,0.000000,0.000000,0.176163,-0.002134,0,0,1,0,19,25,36,200.000000,80.833300,56.166700,0.200000,0.494846,0.712166,-0.000295,0.000745,-0.002191,0.000000,8,0,8,fixed,8,8,0,0,3.000000,4.000000
1028,random,8,5,21,2,2,4,0.000000,56.166700,0.712166,36,0.176163,38,0,2,0,0.176163,0.176163,0.000000,0.000000,0.176163,-0.002134,0,0,1,-1,19,25,36,200.000000,80.833300,56.166700,0.200000,0.494846,0.712166,0.002706,0.003783,0.000745,0.003783,8,0,8,fixed,8,8,0,0,3.000000,4.000000
1028,random,8,5,22,2,2,3,0.000000,56.166700,1.780414,36,0.176163,38,0,2,0,0.176163,0.176163,0.000000,0.000000,0.176163,-0.002134,0,0,1,1,19,25,36,200.000000,80.833300,56.166700,0.500000,1.237114,1.780414,0.003573,0.003932,0.000745,0.003932,8,0,8,fixed,8,8,0,0,3.000000,4.000000
1028,random,8,5,23,0,0,2,5.677431,200.000000,0.709679,19,0.176163,38,0,0,0,0.176163,0.176163,0.000000,0.000000,0.176163,-0.002134,0,0,1,-1,19,25,36,200.000000,80.833300,56.166700,0.699278,0.297996,0.046288,0.000745,-0.000152,-0.009848,0.000000,8,0,8,fixed,8,8,0,0,3.000000,4.000000
1028,random,8,5,24,0,0,2,5.676338,200.000000,0.709542,19,0.176163,38,0,0,0,0.176163,0.176163,0.000000,0.000000,0.176163,-0.002134,0,0,1,-1,19,25,36,200.000000,80.833300,56.166700,0.699289,0.297996,0.046288,0.000745,-0.000152,-0.009848,0.000000,8,0,8,fixed,8,8,0,0,3.000000,4.000000
1028,random,8,5,25,0,0,4,0.000000,200.000000,0.200000,19,0.176163,38,0,0,0,0.176163,0.176163,0.000000,0.000000,0.176163,-0.002134,0,0,1,0,19,25,36,200.000000,80.833300,56.166700,0.200000,0.494846,0.712166,0.000745,0.001798,-0.001173,0.001798,8,0,8,fixed,8,8,0,0,3.000000,4.000000
1028,random,8,5,26,1,1,3,0.000000,80.833300,1.237114,25,0.176163,38,0,1,0,0.176163,0.176163,0.000000,0.000000,0.176163,-0.002134,0,0,1,-1,19,25,36,200.000000,80.833300,56.166700,0.500000,1.237114,1.780414,0.000399,0.000745,-0.002331,0.000399,8,0,8,fixed,8,8,0,0,3.000000,4.000000
1028,random,8,5,27,2,2,4,0.000000,56.166700,0.712166,36,0.176163,38,0,2,0,0.176163,0.176163,0.000000,0.000000,0.176163,-0.002134,0,0,1,-1,19,25,36,200.000000,80.833300,56.166700,0.200000,0.494846,0.712166,0.002706,0.003783,0.000745,0.003783,8,0,8,fixed,8,8,0,0,3.000000,4.000000
1028,random,8,5,28,2,2,4,0.000000,56.166700,0.712166,36,0.176163,38,0,2,0,0.176163,0.176163,0.000000,0.000000,0.176163,-0.002134,0,0,1,-1,19,25,36,200.000000,80.833300,56.166700,0.200000,0.494846,0.712166,0.002706,0.003783,0.000745,0.003783,8,0,8,fixed,8,8,0,0,3.000000,4.000000
1028,random,8,5,29,1,1,1,4.880553,80.833300,1.626851,25,0.176163,38,0,1,0,0.176163,0.176163,0.000000,0.000000,0.176163,-0.002134,0,0,1,-1,19,25,36,200.000000,80.833300,56.166700,1.119449,1.284734,0.627573,0.000807,0.000745,-0.002743,0.000807,8,0,8,fixed,8,8,0,0,3.000000,4.000000
1028,random,8,5,30,0,0,2,5.675245,200.000000,0.709406,19,0.176163,38,0,0,0,0.176163,0.176163,0.000000,0.000000,0.176163,-0.002134,0,0,1,-1,19,25,36,200.000000,80.833300,56.166700,0.699301,0.297996,0.046288,0.000745,-0.000152,-0.009848,0.000000,8,0,8,fixed,8,8,0,0,3.000000,4.000000
1028,random,8,5,31,1,1,2,2.502617,80.833300,0.312827,25,0.176163,38,0,1,0,0.176163,0.176163,0.000000,0.000000,0.176163,-0.002134,0,0,1,0,19,25,36,200.000000,80.833300,56.166700,0.665074,0.309552,0.046288,0.001492,0.000745,-0.009136,0.001492,8,0,8,fixed,8,8,0,0,3.000000,4.000000
1028,random,8,5,32,2,2,4,0.000000,56.166700,0.712166,36,0.176163,38,0,2,0,0.176163,0.176163,0.000000,0.000000,0.176163,-0.002134,0,0,1,-1,19,25,36,200.000000,80.833300,56.166700,0.200000,0.494846,0.712166,0.002706,0.003783,0.000745,0.003783,8,0,8,fixed,8,8,0,0,3.000000,4.000000
1028,random,8,5,33,2,2,2,0.391266,56.166700,0.048908,36,0.176163,38,0,2,0,0.176163,0.176163,0.000000,0.000000,0.176163,-0.002134,0,0,1,0,19,25,36,200.000000,80.833300,56.166700,0.665074,0.297996,0.047485,0.012211,0.011259,0.000745,0.012211,8,0,8,fixed,8,8,0,0,3.000000,4.000000
1028,random,8,5,34,0,0,1,3.535102,200.000000,1.178367,19,0.176163,38,0,0,0,0.176163,0.176163,0.000000,0.000000,0.176163,-0.002134,0,0,1,-1,19,25,36,200.000000,80.833300,56.166700,1.866875,1.301113,0.627573,0.000745,0.000524,-0.002947,0.000524,8,0,8,fixed,8,8,0,0,3.000000,4.000000
1028,random,8,5,35,1,1,3,0.000000,80.833300,1.237114,25,0.176163,38,0,1,0,0.176163,0.176163,0.000000,0.000000,0.176163,-0.002134,0,0,1,-1,19,25,36,200.000000,80.833300,56.166700,0.500000,1.237114,1.780414,0.000399,0.000745,-0.002331,0.000399,8,0,8,fixed,8,8,0,0,3.000000,4.000000
1028,random,8,5,36,2,2,4,0.000000,56.166700,0.712166,36,0.176163,38,0,2,0,0.176163,0.176163,0.000000,0.000000,0.176163,-0.002134,0,0,1,-1,19,25,36,200.000000,80.833300,56.166700,0.200000,0.494846,0.712166,0.002706,0.003783,0.000745,0.003783,8,0,8,fixed,8,8,0,0,3.000000,4.000000
1028,random,8,5,37,0,0,2,5.673083,200.000000,0.709135,19,0.176163,38,0,0,0,0.176163,0.176163,0.000000,0.000000,0.176163,-0.002134,0,0,1,-1,19,25,36,200.000000,80.833300,56.166700,0.699323,0.297996,0.046288,0.000745,-0.000152,-0.009848,0.000000,8,0,8,fixed,8,8,0,0,3.000000,4.000000
1028,random,8,5,38,0,0,2,5.676362,200.000000,0.709545,19,0.176163,38,0,0,0,0.176163,0.176163,0.000000,0.000000,0.176163,-0.002134,0,0,1,-1,19,25,36,200.000000,80.833300,56.166700,0.699289,0.297996,0.046288,0.000745,-0.000152,-0.009848,0.000000,8,0,8,fixed,8,8,0,0,3.000000,4.000000
1028,random,8,5,39,1,1,4,0.000000,80.833300,0.494846,25,0.176163,38,0,1,0,0.176163,0.176163,0.000000,0.000000,0.176163,-0.002134,0,0,1,0,19,25,36,200.000000,80.833300,56.166700,0.200000,0.494846,0.712166,-0.000295,0.000745,-0.002191,0.000000,8,0,8,fixed,8,8,0,0,3.000000,4.000000
1028,random,8,5,40,0,0,3,0.000000,200.000000,0.500000,19,0.176163,38,0,0,0,0.176163,0.176163,0.000000,0.000000,0.176163,-0.002134,0,0,1,-1,19,25,36,200.000000,80.833300,56.166700,0.500000,1.237114,1.780414,0.000745,0.001093,-0.001995,0.001093,8,0,8,fixed,8,8,0,0,3.000000,4.000000
1028,random,8,5,41,2,2,2,0.380348,56.166700,0.047544,36,0.176163,38,0,2,0,0.176163,0.176163,0.000000,0.000000,0.176163,-0.002134,0,0,1,0,19,25,36,200.000000,80.833300,56.166700,0.665074,0.297996,0.047576,0.012193,0.011242,0.000745,0.012193,8,0,8,fixed,8,8,0,0,3.000000,4.000000
1028,random,8,5,42,0,0,4,0.000000,200.000000,0.200000,19,0.176163,38,0,0,0,0.176163,0.176163,0.000000,0.000000,0.176163,-0.002134,0,0,1,0,19,25,36,200.000000,80.833300,56.166700,0.200000,0.494846,0.712166,0.000745,0.001798,-0.001173,0.001798,8,0,8,fixed,8,8,0,0,3.000000,4.000000
1028,random,8,5,43,0,0,2,5.666572,200.000000,0.708322,19,0.176163,38,0,0,0,0.176163,0.176163,0.000000,0.000000,0.176163,-0.002134,0,0,1,-1,19,25,36,200.000000,80.833300,56.166700,0.699391,0.297996,0.046288,0.000745,-0.000152,-0.009848,0.000000,8,0,8,fixed,8,8,0,0,3.000000,4.000000
1028,random,8,5,44,2,2,1,1.297297,56.166700,0.432432,36,0.176163,38,0,2,0,0.176163,0.176163,0.000000,0.000000,0.176163,-0.002134,0,0,1,0,19,25,36,200.000000,80.833300,56.166700,1.119449,1.301113,0.698149,0.004359,0.004286,0.000745,0.004359,8,0,8,fixed,8,8,0,0,3.000000,4.000000
1028,random,8,5,45,2,2,2,0.378151,56.166700,0.047269,36,0.176163,38,0,2,0,0.176163,0.176163,0.000000,0.000000,0.176163,-0.002134,0,0,1,0,19,25,36,200.000000,80.833300,56.166700,0.665074,0.297996,0.047594,0.012190,0.011239,0.000745,0.012190,8,0,8,fixed,8,8,0,0,3.000000,4.000000
1028,random,8,5,46,2,2,2,0.380325,56.166700,0.047541,36,0.176163,38,0,2,0,0.176163,0.176163,0.000000,0.000000,0.176163,-0.002134,0,0,1,0,19,25,36,200.000000,80.833300,56.166700,0.665074,0.297996,0.047576,0.012193,0.011242,0.000745,0.012193,8,0,8,fixed,8,8,0,0,3.000000,4.000000
1028,random,8,5,47,0,0,4,0.000000,200.000000,0.200000,19,0.176163,38,0,0,0,0.176163,0.176163,0.000000,0.000000,0.176163,-0.002134,0,0,1,0,19,25,36,200.000000,80.833300,56.166700,0.200000,0.494846,0.712166,0.000745,0.001798,-0.001173,0.001798,8,0,8,fixed,8,8,0,0,3.000000,4.000000
1028,random,8,5,48,2,2,2,0.380313,56.166700,0.047539,36,0.176163,38,0,2,0,0.176163,0.176163,0.000000,0.000000,0.176163,-0.002134,0,0,1,0,19,25,36,200.000000,80.833300,56.166700,0.665074,0.297996,0.047576,0.012193,0.011242,0.000745,0.012193,8,0,8,fixed,8,8,0,0,3.000000,4.000000
1028,random,8,5,49,1,1,4,0.000000,80.833300,0.494846,25,0.176163,38,0,1,0,0.176163,0.176163,0.000000,0.000000,0.176163,-0.002134,0,0,1,0,19,25,36,200.000000,80.833300,56.166700,0.200000,0.494846,0.712166,-0.000295,0.000745,-0.002191,0.000000,8,0,8,fixed,8,8,0,0,3.000000,4.000000
1028,random,8,5,50,1,1,4,0.000000,80.833300,0.494846,25,0.176163,38,0,1,0,0.176163,0.176163,0.000000,0.000000,0.176163,-0.002134,0,0,1,0,19,25,36,200.000000,80.833300,56.166700,0.200000,0.494846,0.712166,-0.000295,0.000745,-0.002191,0.000000,8,0,8,fixed,8,8,0,0,3.000000,4.000000
1028,random,8,5,51,2,2,4,0.000000,56.166700,0.712166,36,0.176163,38,0,2,0,0.176163,0.176163,0.000000,0.000000,0.176163,-0.002134,0,0,1,-1,19,25,36,200.000000,80.833300,56.166700,0.200000,0.494846,0.712166,0.002706,0.003783,0.000745,0.003783,8,0,8,fixed,8,8,0,0,3.000000,4.000000
1028,random,8,5,52,2,2,2,0.380337,56.166700,0.047542,36,0.176163,38,0,2,0,0.176163,0.176163,0.000000,0.000000,0.176163,-0.002134,0,0,1,0,19,25,36,200.000000,80.833300,56.166700,0.665074,0.297996,0.047576,0.012193,0.011242,0.000745,0.012193,8,0,8,fixed,8,8,0,0,3.000000,4.000000
1028,random,8,5,53,0,0,2,5.655546,200.000000,0.706943,19,0.176163,38,0,0,0,0.176163,0.176163,0.000000,0.000000,0.176163,-0.002134,0,0,1,-1,19,25,36,200.000000,80.833300,56.166700,0.699506,0.297996,0.046288,0.000745,-0.000152,-0.009848,0.000000,8,0,8,fixed,8,8,0,0,3.000000,4.000000
1028,random,8,5,54,1,1,2,2.502719,80.833300,0.312840,25,0.176163,38,0,1,0,0.176163,0.176163,0.000000,0.000000,0.176163,-0.002134,0,0,1,0,19,25,36,200.000000,80.833300,56.166700,0.665074,0.309550,0.046288,0.001492,0.000745,-0.009136,0.001492,8,0,8,fixed,8,8,0,0,3.000000,4.000000
1028,random,8,5,55,1,1,2,2.506021,80.833300,0.313253,25,0.176163,38,0,1,0,0.176163,0.176163,0.000000,0.000000,0.176163,-0.002134,0,0,1,0,19,25,36,200.000000,80.833300,56.166700,0.665074,0.309499,0.046288,0.001493,0.000745,-0.009136,0.001493,8,0,8,fixed,8,8,0,0,3.000000,4.000000
1028,random,8,5,56,1,1,1,3.673558,80.833300,1.224519,25,0.176163,38,0,1,0,0.176163,0.176163,0.000000,0.000000,0.176163,-0.002134,0,0,1,-1,19,25,36,200.000000,80.833300,56.166700,1.119449,1.385317,0.627573,0.000786,0.000745,-0.002763,0.000786,8,0,8,fixed,8,8,0,0,3.000000,4.000000
1028,random,8,5,57,1,1,2,2.502607,80.833300,0.312826,25,0.176163,38,0,1,0,0.176163,0.176163,0.000000,0.000000,0.176163,-0.002134,0,0,1,0,19,25,36,200.000000,80.833300,56.166700,0.665074,0.309552,0.046288,0.001492,0.000745,-0.009136,0.001492,8,0,8,fixed,8,8,0,0,3.000000,4.000000
1028,random,8,5,58,2,2,4,0.000000,56.166700,0.712166,36,0.176163,38,0,2,0,0.176163,0.176163,0.000000,0.000000,0.176163,-0.002134,0,0,1,-1,19,25,36,200.000000,80.833300,56.166700,0.200000,0.494846,0.712166,0.002706,0.003783,0.000745,0.003783,8,0,8,fixed,8,8,0,0,3.000000,4.000000
1028,random,8,5,59,1,1,1,3.465679,80.833300,1.155226,25,0.176163,38,0,1,0,0.176163,0.176163,0.000000,0.000000,0.176163,-0.002134,0,0,1,-1,19,25,36,200.000000,80.833300,56.166700,1.119449,1.402640,0.627573,0.000783,0.000745,-0.002767,0.000783,8,0,8,fixed,8,8,0,0,3.000000,4.000000
1028,random,8,5,60,2,2,2,0.380301,56.166700,0.047538,36,0.176163,38,0,2,0,0.176163,0.176163,0.000000,0.000000,0.176163,-0.002134,0,0,1,0,19,25,36,200.000000,80.833300,56.166700,0.665074,0.297996,0.047576,0.012193,0.011242,0.000745,0.012193,8,0,8,fixed,8,8,0,0,3.000000,4.000000
1028,random,8,5,61,0,0,2,5.118995,200.000000,0.639874,19,0.176163,38,0,0,0,0.176163,0.176163,0.000000,0.000000,0.176163,-0.002134,0,0,1,-1,19,25,36,200.000000,80.833300,56.166700,0.705095,0.297996,0.046288,0.000745,-0.000156,-0.009852,0.000000,8,0,8,fixed,8,8,0,0,3.000000,4.000000
1028,random,8,5,62,2,2,1,0.915591,56.166700,0.305197,36,0.176163,38,0,2,0,0.176163,0.176163,0.000000,0.000000,0.176163,-0.002134,0,0,1,0,19,25,36,200.000000,80.833300,56.166700,1.119449,1.301113,0.729957,0.004334,0.004261,0.000745,0.004334,8,0,8,fixed,8,8,0,0,3.000000,4.000000
1028,random,8,5,63,2,2,2,0.380300,56.166700,0.047538,36,0.176163,38,0,2,0,0.176163,0.176163,0.000000,0.000000,0.176163,-0.002134,0,0,1,0,19,25,36,200.000000,80.833300,56.166700,0.665074,0.297996,0.047576,0.012193,0.011242,0.000745,0.012193,8,0,8,fixed,8,8,0,0,3.000000,4.000000
1028,random,8,5,64,0,0,2,5.739765,200.000000,0.717471,19,0.176163,38,0,0,0,0.176163,0.176163,0.000000,0.000000,0.176163,-0.002134,0,0,1,-1,19,25,36,200.000000,80.833300,56.166700,0.698629,0.297996,0.046288,0.000745,-0.000151,-0.009847,0.000000,8,0,8,fixed,8,8,0,0,3.000000,4.000000
1028,random,8,5,65,2,2,2,0.380295,56.166700,0.047537,36,0.176163,38,0,2,0,0.176163,0.176163,0.000000,0.000000,0.176163,-0.002134,0,0,1,0,19,25,36,200.000000,80.833300,56.166700,0.665074,0.297996,0.047577,0.012193,0.011242,0.000745,0.012193,8,0,8,fixed,8,8,0,0,3.000000,4.000000
1028,random,8,5,66,0,0,2,5.698238,200.000000,0.712280,19,0.176163,38,0,0,0,0.176163,0.176163,0.000000,0.000000,0.176163,-0.002134,0,0,1,-1,19,25,36,200.000000,80.833300,56.166700,0.699061,0.297996,0.046288,0.000745,-0.000152,-0.009848,0.000000,8,0,8,fixed,8,8,0,0,3.000000,4.000000
1028,random,8,5,67,2,2,2,0.375930,56.166700,0.046991,36,0.176163,38,1,2,0,0.176163,0.176163,0.000000,0.000000,0.176163,-0.002134,0,0,1,0,19,25,36,200.000000,80.833300,56.166700,0.665074,0.297996,0.047613,0.012186,0.011235,0.000745,0.012186,8,0,8,fixed,8,8,0,0,3.000000,4.000000
1028,random,8,5,68,1,1,3,0.000000,80.833300,1.237114,25,0.176163,38,0,1,0,0.176163,0.176163,0.000000,0.000000,0.176163,-0.002134,0,0,1,-1,19,25,36,200.000000,80.833300,56.166700,0.500000,1.237114,1.780414,0.000399,0.000745,-0.002331,0.000399,8,0,8,fixed,8,8,0,0,3.000000,4.000000
1028,random,8,5,69,2,2,3,0.000000,56.166700,1.780414,36,0.176163,38,0,2,0,0.176163,0.176163,0.000000,0.000000,0.176163,-0.002134,0,0,1,1,19,25,36,200.000000,80.833300,56.166700,0.500000,1.237114,1.780414,0.003573,0.003932,0.000745,0.003932,8,0,8,fixed,8,8,0,0,3.000000,4.000000
1028,random,8,5,70,2,2,1,2.728083,56.166700,0.909361,36,0.176163,38,0,2,0,0.176163,0.176163,0.000000,0.000000,0.176163,-0.002134,0,0,1,-1,19,25,36,200.000000,80.833300,56.166700,1.119449,1.301113,0.578916,0.004476,0.004403,0.000745,0.004476,8,0,8,fixed,8,8,0,0,3.000000,4.000000
1028,random,8,5,71,2,2,4,0.000000,56.166700,0.712166,36,0.176163,38,0,2,0,0.176163,0.176163,0.000000,0.000000,0.176163,-0.002134,0,0,1,-1,19,25,36,200.000000,80.833300,56.166700,0.200000,0.494846,0.712166,0.002706,0.003783,0.000745,0.003783,8,0,8,fixed,8,8,0,0,3.000000,4.000000
1028,random,8,5,72,0,0,2,5.699402,200.000000,0.712425,19,0.176163,38,0,0,0,0.176163,0.176163,0.000000,0.000000,0.176163,-0.002134,0,0,1,-1,19,25,36,200.000000,80.833300,56.166700,0.699049,0.297996,0.046288,0.000745,-0.000152,-0.009848,0.000000,8,0,8,fixed,8,8,0,0,3.000000,4.000000
1028,random,8,5,73,1,1,4,0.000000,80.833300,0.494846,25,0.176163,38,0,1,0,0.176163,0.176163,0.000000,0.000000,0.176163,-0.002134,0,0,1,0,19,25,36,200.000000,80.833300,56.166700,0.200000,0.494846,0.712166,-0.000295,0.000745,-0.002191,0.000000,8,0,8,fixed,8,8,0,0,3.000000,4.000000
1028,random,8,5,74,1,1,4,0.000000,80.833300,0.494846,25,0.176163,38,0,1,0,0.176163,0.176163,0.000000,0.000000,0.176163,-0.002134,0,0,1,0,19,25,36,200.000000,80.833300,56.166700,0.200000,0.494846,0.712166,-0.000295,0.000745,-0.002191,0.000000,8,0,8,fixed,8,8,0,0,3.000000,4.000000
1028,random,8,5,75,1,1,1,3.288316,80.833300,1.096105,25,0.176163,38,0,1,0,0.176163,0.176163,0.000000,0.000000,0.176163,-0.002134,0,0,1,-1,19,25,36,200.000000,80.833300,56.166700,1.119449,1.417420,0.627573,0.000780,0.000745,-0.002769,0.000780,8,0,8,fixed,8,8,0,0,3.000000,4.000000
1028,random,8,5,76,1,1,2,2.502658,80.833300,0.312832,25,0.176163,38,0,1,0,0.176163,0.176163,0.000000,0.000000,0.176163,-0.002134,0,0,1,0,19,25,36,200.000000,80.833300,56.166700,0.665074,0.309551,0.046288,0.001492,0.000745,-0.009136,0.001492,8,0,8,fixed,8,8,0,0,3.000000,4.000000
1028,random,8,5,77,0,0,2,5.711413,200.000000,0.713927,19,0.176163,38,0,0,0,0.176163,0.176163,0.000000,0.000000,0.176163,-0.002134,0,0,1,-1,19,25,36,200.000000,80.833300,56.166700,0.698924,0.297996,0.046288,0.000745,-0.000152,-0.009848,0.000000,8,0,8,fixed,8,8,0,0,3.000000,4.000000
1028,random,8,5,78,1,1,2,2.394395,80.833300,0.299299,25,0.176163,38,0,1,0,0.176163,0.176163,0.000000,0.000000,0.176163,-0.002134,0,0,1,0,19,25,36,200.000000,80.833300,56.166700,0.665074,0.311243,0.046288,0.001486,0.000745,-0.009142,0.001486,8,0,8,fixed,8,8,0,0,3.000000,4.000000
1028,random,8,5,79,1,1,4,0.000000,80.833300,0.494846,25,0.176163,38,0,1,0,0.176163,0.176163,0.000000,0.000000,0.176163,-0.002134,0,0,1,0,19,25,36,200.000000,80.833300,56.166700,0.200000,0.494846,0.712166,-0.000295,0.000745,-0.002191,0.000000,8,0,8,fixed,8,8,0,0,3.000000,4.000000
1028,random,8,5,80,2,2,2,0.380359,56.166700,0.047545,36,0.176163,38,0,2,0,0.176163,0.176163,0.000000,0.000000,0.176163,-0.002134,0,0,1,0,19,25,36,200.000000,80.833300,56.166700,0.665074,0.297996,0.047576,0.012193,0.011242,0.000745,0.012193,8,0,8,fixed,8,8,0,0,3.000000,4.000000
