seed,method,max_switches,cycle_id,ue_id,previous_bs_id,current_bs_id,app_type,tp_mbps,rtt_ms,satisfaction,num_users_on_current_bs,harmonic_mean,num_unsatisfied_users,target_ue_flag,action_selected_bs_id,switch_flag,h_before,h_after_estimated,reward,estimated_reward,h_after_measured,measured_reward,switch_count,num_degraded_users,measurement_valid,candidate_type,num_users_ap0,num_users_ap1,num_users_ap2,monitor_rtt_ap0,monitor_rtt_ap1,monitor_rtt_ap2,estimated_satisfaction_if_ap0,estimated_satisfaction_if_ap1,estimated_satisfaction_if_ap2,estimated_h_delta_if_ap0,estimated_h_delta_if_ap1,estimated_h_delta_if_ap2,best_estimated_h_delta,effective_max_switches,applied_switches_in_cycle,remaining_switch_budget,k_schedule_type,k_max,k_min,k_decay_rate,stop_action_flag,warmup_before_cycle_sec,cycle_start_offset_sec
10,multi_greedy,3,1,1,0,0,2,7.039372,97.166700,0.879922,28,0.306040,37,0,0,0,0.306040,0.354973,0.048932,0.048932,0.306040,0.000000,3,0,1,-1,28,28,24,97.166700,80.500000,64.333300,0.679353,0.176312,0.094873,0.000217,-0.006507,-0.015147,0.000000,3,3,0,fixed,3,3,0,0,3.000000,4.000000
10,multi_greedy,3,1,2,0,0,2,5.230426,97.166700,0.653803,28,0.306040,37,0,0,0,0.306040,0.354973,0.048932,0.048932,0.306040,0.000000,3,0,1,-1,28,28,24,97.166700,80.500000,64.333300,0.704477,0.176312,0.094873,0.000217,-0.006564,-0.015201,0.000000,3,3,0,fixed,3,3,0,0,3.000000,4.000000
10,multi_greedy,3,1,3,2,2,1,2.021236,64.333300,0.673745,24,0.306040,37,0,2,0,0.306040,0.354973,0.048932,0.048932,0.306040,0.000000,3,0,1,-1,28,28,24,97.166700,80.500000,64.333300,1.128676,0.886378,0.670648,0.006460,0.004213,0.000217,0.006460,3,3,0,fixed,3,3,0,0,3.000000,4.000000
10,multi_greedy,3,1,4,2,2,1,1.999954,64.333300,0.666651,24,0.306040,37,0,2,0,0.306040,0.354973,0.048932,0.048932,0.306040,0.000000,3,0,1,-1,28,28,24,97.166700,80.500000,64.333300,1.128676,0.886378,0.672422,0.006456,0.004209,0.000217,0.006456,3,3,0,fixed,3,3,0,0,3.000000,4.000000
10,multi_greedy,3,1,5,2,2,2,0.791263,64.333300,0.098908,24,0.306040,37,0,2,0,0.306040,0.354973,0.048932,0.048932,0.306040,0.000000,3,0,1,0,28,28,24,97.166700,80.500000,64.333300,0.675292,0.176312,0.098819,0.016118,0.008761,0.000217,0.016118,3,3,0,fixed,3,3,0,0,3.000000,4.000000
10,multi_greedy,3,1,6,0,0,1,3.507404,97.166700,1.169135,28,0.306040,37,0,0,0,0.306040,0.354973,0.048932,0.048932,0.306040,0.000000,3,0,1,-1,28,28,24,97.166700,80.500000,64.333300,1.168956,0.886378,0.644417,0.000217,-0.002012,-0.005989,0.000000,3,3,0,fixed,3,3,0,0,3.000000,4.000000
10,multi_greedy,3,1,7,0,0,2,5.233729,97.166700,0.654216,28,0.306040,37,0,0,0,0.306040,0.354973,0.048932,0.048932,0.306040,0.000000,3,0,1,-1,28,28,24,97.166700,80.500000,64.333300,0.704431,0.176312,0.094873,0.000217,-0.006564,-0.015200,0.000000,3,3,0,fixed,3,3,0,0,3.000000,4.000000
10,multi_greedy,3,1,8,2,2,2,0.791287,64.333300,0.098911,24,0.306040,37,0,2,0,0.306040,0.354973,0.048932,0.048932,0.306040,0.000000,3,0,1,0,28,28,24,97.166700,80.500000,64.333300,0.675292,0.176312,0.098818,0.016118,0.008761,0.000217,0.016118,3,3,0,fixed,3,3,0,0,3.000000,4.000000
10,multi_greedy,3,1,9,1,1,3,0.000000,80.500000,1.242236,28,0.306040,37,0,1,0,0.306040,0.354973,0.048932,0.048932,0.306040,0.000000,3,0,1,1,28,28,24,97.166700,80.500000,64.333300,1.029159,1.242236,1.554405,0.001921,0.000217,-0.003148,0.001921,3,3,0,fixed,3,3,0,0,3.000000,4.000000
10,multi_greedy,3,1,10,0,0,2,5.233753,97.166700,0.654219,28,0.306040,37,0,0,0,0.306040,0.354973,0.048932,0.048932,0.306040,0.000000,3,0,1,-1,28,28,24,97.166700,80.500000,64.333300,0.704431,0.176312,0.094873,0.000217,-0.006564,-0.015200,0.000000,3,3,0,fixed,3,3,0,0,3.000000,4.000000
10,multi_greedy,3,1,11,0,0,1,3.506236,97.166700,1.168745,28,0.306040,37,0,0,0,0.306040,0.354973,0.048932,0.048932,0.306040,0.000000,3,0,1,-1,28,28,24,97.166700,80.500000,64.333300,1.169034,0.886378,0.644417,0.000217,-0.002012,-0.005989,0.000000,3,3,0,fixed,3,3,0,0,3.000000,4.000000
10,multi_greedy,3,1,12,1,1,2,1.461202,80.500000,0.182650,28,0.306040,37,0,1,0,0.306040,0.354973,0.048932,0.048932,0.306040,0.000000,3,0,1,0,28,28,24,97.166700,80.500000,64.333300,0.675292,0.182605,0.094873,0.006696,0.000217,-0.009240,0.006696,3,3,0,fixed,3,3,0,0,3.000000,4.000000
10,multi_greedy,3,1,13,1,1,2,1.461202,80.500000,0.182650,28,0.306040,37,0,1,0,0.306040,0.354973,0.048932,0.048932,0.306040,0.000000,3,0,1,0,28,28,24,97.166700,80.500000,64.333300,0.675292,0.182605,0.094873,0.006696,0.000217,-0.009240,0.006696,3,3,0,fixed,3,3,0,0,3.000000,4.000000
10,multi_greedy,3,1,14,1,1,2,1.461153,80.500000,0.182644,28,0.306040,37,0,1,0,0.306040,0.354973,0.048932,0.048932,0.306040,0.000000,3,0,1,0,28,28,24,97.166700,80.500000,64.333300,0.675292,0.182605,0.094873,0.006696,0.000217,-0.009240,0.006696,3,3,0,fixed,3,3,0,0,3.000000,4.000000
10,multi_greedy,3,1,15,0,0,4,0.000000,97.166700,0.411664,28,0.306040,37,0,0,0,0.306040,0.354973,0.048932,0.048932,0.306040,0.000000,3,0,1,0,28,28,24,97.166700,80.500000,64.333300,0.411664,0.496894,0.621762,0.000217,-0.001178,-0.004237,0.000000,3,3,0,fixed,3,3,0,0,3.000000,4.000000
10,multi_greedy,3,1,16,1,1,1,2.861374,80.500000,0.953791,28,0.306040,37,0,1,0,0.306040,0.354973,0.048932,0.048932,0.306040,0.000000,3,0,1,-1,28,28,24,97.166700,80.500000,64.333300,1.128676,0.913564,0.644417,0.002320,0.000217,-0.003901,0.002320,3,3,0,fixed,3,3,0,0,3.000000,4.000000
10,multi_greedy,3,1,17,1,1,2,1.461167,80.500000,0.182646,28,0.306040,37,0,1,0,0.306040,0.354973,0.048932,0.048932,0.306040,0.000000,3,0,1,0,28,28,24,97.166700,80.500000,64.333300,0.675292,0.182605,0.094873,0.006696,0.000217,-0.009240,0.006696,3,3,0,fixed,3,3,0,0,3.000000,4.000000
10,multi_greedy,3,1,18,1,1,4,0.000000,80.500000,0.496894,28,0.306040,37,0,1,0,0.306040,0.354973,0.048932,0.048932,0.306040,0.000000,3,0,1,0,28,28,24,97.166700,80.500000,64.333300,0.411664,0.496894,0.621762,0.001625,0.000217,-0.002870,0.001625,3,3,0,fixed,3,3,0,0,3.000000,4.000000
10,multi_greedy,3,1,19,1,1,1,2.859603,80.500000,0.953201,28,0.306040,37,0,1,0,0.306040,0.354973,0.048932,0.048932,0.306040,0.000000,3,0,1,-1,28,28,24,97.166700,80.500000,64.333300,1.128676,0.913638,0.644417,0.002320,0.000217,-0.003901,0.002320,3,3,0,fixed,3,3,0,0,3.000000,4.000000
10,multi_greedy,3,1,20,0,0,4,0.000000,97.166700,0.411664,28,0.306040,37,0,0,0,0.306040,0.354973,0.048932,0.048932,0.306040,0.000000,3,0,1,0,28,28,24,97.166700,80.500000,64.333300,0.411664,0.496894,0.621762,0.000217,-0.001178,-0.004237,0.000000,3,3,0,fixed,3,3,0,0,3.000000,4.000000
10,multi_greedy,3,1,21,0,0,2,5.233717,97.166700,0.654215,28,0.306040,37,0,0,0,0.306040,0.354973,0.048932,0.048932,0.306040,0.000000,3,0,1,-1,28,28,24,97.166700,80.500000,64.333300,0.704432,0.176312,0.094873,0.000217,-0.006564,-0.015200,0.000000,3,3,0,fixed,3,3,0,0,3.000000,4.000000
10,multi_greedy,3,1,22,1,1,1,2.859549,80.500000,0.953183,28,0.306040,37,0,1,0,0.306040,0.354973,0.048932,0.048932,0.306040,0.000000,3,0,1,-1,28,28,24,97.166700,80.500000,64.333300,1.128676,0.913640,0.644417,0.002320,0.000217,-0.003901,0.002320,3,3,0,fixed,3,3,0,0,3.000000,4.000000
10,multi_greedy,3,1,23,2,2,4,0.000000,64.333300,0.621762,24,0.306040,37,0,2,0,0.306040,0.354973,0.048932,0.048932,0.306040,0.000000,3,0,1,-1,28,28,24,97.166700,80.500000,64.333300,0.411664,0.496894,0.621762,0.004804,0.003367,0.000217,0.004804,3,3,0,fixed,3,3,0,0,3.000000,4.000000
10,multi_greedy,3,1,24,1,1,1,2.751352,80.500000,0.917117,28,0.306040,37,0,1,0,0.306040,0.354973,0.048932,0.048932,0.306040,0.000000,3,0,1,-1,28,28,24,97.166700,80.500000,64.333300,1.128676,0.918149,0.644417,0.002314,0.000217,-0.003907,0.002314,3,3,0,fixed,3,3,0,0,3.000000,4.000000
10,multi_greedy,3,1,25,1,1,2,1.460038,80.500000,0.182505,28,0.306040,37,0,1,0,0.306040,0.354973,0.048932,0.048932,0.306040,0.000000,3,0,1,0,28,28,24,97.166700,80.500000,64.333300,0.675292,0.182621,0.094873,0.006696,0.000217,-0.009241,0.006696,3,3,0,fixed,3,3,0,0,3.000000,4.000000
10,multi_greedy,3,1,26,2,2,1,2.055447,64.333300,0.685149,24,0.306040,37,0,2,0,0.306040,0.354973,0.048932,0.048932,0.306040,0.000000,3,0,1,-1,28,28,24,97.166700,80.500000,64.333300,1.128676,0.886378,0.667797,0.006468,0.004221,0.000217,0.006468,3,3,0,fixed,3,3,0,0,3.000000,4.000000
10,multi_greedy,3,1,27,1,1,3,0.000000,80.500000,1.242236,28,0.306040,37,0,1,0,0.306040,0.354973,0.048932,0.048932,0.306040,0.000000,3,0,1,1,28,28,24,97.166700,80.500000,64.333300,1.029159,1.242236,1.554405,0.001921,0.000217,-0.003148,0.001921,3,3,0,fixed,3,3,0,0,3.000000,4.000000
10,multi_greedy,3,1,28,0,0,2,5.233740,97.166700,0.654218,28,0.306040,37,0,0,0,0.306040,0.354973,0.048932,0.048932,0.306040,0.000000,3,0,1,-1,28,28,24,97.166700,80.500000,64.333300,0.704431,0.176312,0.094873,0.000217,-0.006564,-0.015200,0.000000,3,3,0,fixed,3,3,0,0,3.000000,4.000000
10,multi_greedy,3,1,29,0,0,1,3.506847,97.166700,1.168949,28,0.306040,37,0,0,0,0.306040,0.354973,0.048932,0.048932,0.306040,0.000000,3,0,1,-1,28,28,24,97.166700,80.500000,64.333300,1.168994,0.886378,0.644417,0.000217,-0.002012,-0.005989,0.000000,3,3,0,fixed,3,3,0,0,3.000000,4.000000
10,multi_greedy,3,1,30,0,0,3,0.000000,97.166700,1.029159,28,0.306040,37,0,0,0,0.306040,0.354973,0.048932,0.048932,0.306040,0.000000,3,0,1,1,28,28,24,97.166700,80.500000,64.333300,1.029159,1.242236,1.554405,0.000217,-0.001468,-0.004797,0.000000,3,3,0,fixed,3,3,0,0,3.000000,4.000000
10,multi_greedy,3,1,31,2,2,2,0.791211,64.333300,0.098901,24,0.306040,37,0,2,0,0.306040,0.354973,0.048932,0.048932,0.306040,0.000000,3,0,1,0,28,28,24,97.166700,80.500000,64.333300,0.675292,0.176312,0.098819,0.016117,0.008761,0.000217,0.016117,3,3,0,fixed,3,3,0,0,3.000000,4.000000
10,multi_greedy,3,1,32,0,0,2,5.233711,97.166700,0.654214,28,0.306040,37,0,0,0,0.306040,0.354973,0.048932,0.048932,0.306040,0.000000,3,0,1,-1,28,28,24,97.166700,80.500000,64.333300,0.704432,0.176312,0.094873,0.000217,-0.006564,-0.015200,0.000000,3,3,0,fixed,3,3,0,0,3.000000,4.000000
10,multi_greedy,3,1,33,1,1,4,0.000000,80.500000,0.496894,28,0.306040,37,0,1,0,0.306040,0.354973,0.048932,0.048932,0.306040,0.000000,3,0,1,0,28,28,24,97.166700,80.500000,64.333300,0.411664,0.496894,0.621762,0.001625,0.000217,-0.002870,0.001625,3,3,0,fixed,3,3,0,0,3.000000,4.000000
10,multi_greedy,3,1,34,0,0,2,5.233711,97.166700,0.654214,28,0.306040,37,0,0,0,0.306040,0.354973,0.048932,0.048932,0.306040,0.000000,3,0,1,-1,28,28,24,97.166700,80.500000,64.333300,0.704432,0.176312,0.094873,0.000217,-0.006564,-0.015200,0.000000,3,3,0,fixed,3,3,0,0,3.000000,4.000000
10,multi_greedy,3,1,35,1,1,1,2.877594,80.500000,0.959198,28,0.306040,37,0,1,0,0.306040,0.354973,0.048932,0.048932,0.306040,0.000000,3,0,1,-1,28,28,24,97.166700,80.500000,64.333300,1.128676,0.912888,0.644417,0.002321,0.000217,-0.003900,0.002321,3,3,0,fixed,3,3,0,0,3.000000,4.000000
10,multi_greedy,3,1,36,0,0,4,0.000000,97.166700,0.411664,28,0.306040,37,0,0,0,0.306040,0.354973,0.048932,0.048932,0.306040,0.000000,3,0,1,0,28,28,24,97.166700,80.500000,64.333300,0.411664,0.496894,0.621762,0.000217,-0.001178,-0.004237,0.000000,3,3,0,fixed,3,3,0,0,3.000000,4.000000
10,multi_greedy,3,1,37,2,2,4,0.000000,64.333300,0.621762,24,0.306040,37,0,2,0,0.306040,0.354973,0.048932,0.048932,0.306040,0.000000,3,0,1,-1,28,28,24,97.166700,80.500000,64.333300,0.411664,0.496894,0.621762,0.004804,0.003367,0.000217,0.004804,3,3,0,fixed,3,3,0,0,3.000000,4.000000
10,multi_greedy,3,1,38,1,1,4,0.000000,80.500000,0.496894,28,0.306040,37,0,1,0,0.306040,0.354973,0.048932,0.048932,0.306040,0.000000,3,0,1,0,28,28,24,97.166700,80.500000,64.333300,0.411664,0.496894,0.621762,0.001625,0.000217,-0.002870,0.001625,3,3,0,fixed,3,3,0,0,3.000000,4.000000
10,multi_greedy,3,1,39,2,2,2,0.780311,64.333300,0.097539,24,0.306040,37,1,2,0,0.306040,0.354973,0.048932,0.048932,0.306040,0.000000,3,0,1,0,28,28,24,97.166700,80.500000,64.333300,0.675292,0.176312,0.098943,0.016102,0.008746,0.000217,0.016102,3,3,0,fixed,3,3,0,0,3.000000,4.000000
10,multi_greedy,3,1,40,0,0,3,0.000000,97.166700,1.029159,28,0.306040,37,0,0,0,0.306040,0.354973,0.048932,0.048932,0.306040,0.000000,3,0,1,1,28,28,24,97.166700,80.500000,64.333300,1.029159,1.242236,1.554405,0.000217,-0.001468,-0.004797,0.000000,3,3,0,fixed,3,3,0,0,3.000000,4.000000
10,multi_greedy,3,1,41,2,2,2,0.793433,64.333300,0.099179,24,0.306040,37,0,0,1,0.306040,0.354973,0.048932,0.048932,0.306040,0.000000,3,0,1,0,28,28,24,97.166700,80.500000,64.333300,0.675292,0.176312,0.098794,0.016121,0.008764,0.000217,0.016121,3,3,0,fixed,3,3,0,0,3.000000,4.000000
10,multi_greedy,3,1,42,1,1,1,2.353334,80.500000,0.784445,28,0.306040,37,0,1,0,0.306040,0.354973,0.048932,0.048932,0.306040,0.000000,3,0,1,-1,28,28,24,97.166700,80.500000,64.333300,1.128676,0.934733,0.644417,0.002292,0.000217,-0.003928,0.002292,3,3,0,fixed,3,3,0,0,3.000000,4.000000
10,multi_greedy,3,1,43,2,2,2,0.793414,64.333300,0.099177,24,0.306040,37,0,2,0,0.306040,0.354973,0.048932,0.048932,0.306040,0.000000,3,0,1,0,28,28,24,97.166700,80.500000,64.333300,0.675292,0.176312,0.098794,0.016121,0.008764,0.000217,0.016121,3,3,0,fixed,3,3,0,0,3.000000,4.000000
10,multi_greedy,3,1,44,1,1,2,1.460065,80.500000,0.182508,28,0.306040,37,0,1,0,0.306040,0.354973,0.048932,0.048932,0.306040,0.000000,3,0,1,0,28,28,24,97.166700,80.500000,64.333300,0.675292,0.182621,0.094873,0.006696,0.000217,-0.009241,0.006696,3,3,0,fixed,3,3,0,0,3.000000,4.000000
10,multi_greedy,3,1,45,2,2,2,0.793410,64.333300,0.099176,24,0.306040,37,0,2,0,0.306040,0.354973,0.048932,0.048932,0.306040,0.000000,3,0,1,0,28,28,24,97.166700,80.500000,64.333300,0.675292,0.176312,0.098794,0.016121,0.008764,0.000217,0.016121,3,3,0,fixed,3,3,0,0,3.000000,4.000000
10,multi_greedy,3,1,46,2,2,2,0.793410,64.333300,0.099176,24,0.306040,37,0,2,0,0.306040,0.354973,0.048932,0.048932,0.306040,0.000000,3,0,1,0,28,28,24,97.166700,80.500000,64.333300,0.675292,0.176312,0.098794,0.016121,0.008764,0.000217,0.016121,3,3,0,fixed,3,3,0,0,3.000000,4.000000
10,multi_greedy,3,1,47,0,0,1,3.507404,97.166700,1.169135,28,0.306040,37,0,0,0,0.306040,0.354973,0.048932,0.048932,0.306040,0.000000,3,0,1,-1,28,28,24,97.166700,80.500000,64.333300,1.168956,0.886378,0.644417,0.000217,-0.002012,-0.005989,0.000000,3,3,0,fixed,3,3,0,0,3.000000,4.000000
10,multi_greedy,3,1,48,2,2,4,0.000000,64.333300,0.621762,24,0.306040,37,0,2,0,0.306040,0.354973,0.048932,0.048932,0.306040,0.000000,3,0,1,-1,28,28,24,97.166700,80.500000,64.333300,0.411664,0.496894,0.621762,0.004804,0.003367,0.000217,0.004804,3,3,0,fixed,3,3,0,0,3.000000,4.000000
10,multi_greedy,3,1,49,1,1,4,0.000000,80.500000,0.496894,28,0.306040,37,0,1,0,0.306040,0.354973,0.048932,0.048932,0.306040,0.000000,3,0,1,0,28,28,24,97.166700,80.500000,64.333300,0.411664,0.496894,0.621762,0.001625,0.000217,-0.002870,0.001625,3,3,0,fixed,3,3,0,0,3.000000,4.000000
10,multi_greedy,3,1,50,2,2,2,0.793445,64.333300,0.099181,24,0.306040,37,0,0,1,0.306040,0.354973,0.048932,0.048932,0.306040,0.000000,3,0,1,0,28,28,24,97.166700,80.500000,64.333300,0.675292,0.176312,0.098794,0.016121,0.008764,0.000217,0.016121,3,3,0,fixed,3,3,0,0,3.000000,4.000000
10,multi_greedy,3,1,51,1,1,4,0.000000,80.500000,0.496894,28,0.306040,37,0,1,0,0.306040,0.354973,0.048932,0.048932,0.306040,0.000000,3,0,1,0,28,28,24,97.166700,80.500000,64.333300,0.411664,0.496894,0.621762,0.001625,0.000217,-0.002870,0.001625,3,3,0,fixed,3,3,0,0,3.000000,4.000000
10,multi_greedy,3,1,52,2,2,1,1.999855,64.333300,0.666618,24,0.306040,37,0,2,0,0.306040,0.354973,0.048932,0.048932,0.306040,0.000000,3,0,1,-1,28,28,24,97.166700,80.500000,64.333300,1.128676,0.886378,0.672430,0.006456,0.004209,0.000217,0.006456,3,3,0,fixed,3,3,0,0,3.000000,4.000000
10,multi_greedy,3,1,53,2,2,2,0.793444,64.333300,0.099181,24,0.306040,37,0,0,1,0.306040,0.354973,0.048932,0.048932,0.306040,0.000000,3,0,1,0,28,28,24,97.166700,80.500000,64.333300,0.675292,0.176312,0.098794,0.016121,0.008764,0.000217,0.016121,3,3,0,fixed,3,3,0,0,3.000000,4.000000
10,multi_greedy,3,1,54,2,2,2,0.780328,64.333300,0.097541,24,0.306040,37,0,2,0,0.306040,0.354973,0.048932,0.048932,0.306040,0.000000,3,0,1,0,28,28,24,97.166700,80.500000,64.333300,0.675292,0.176312,0.098943,0.016102,0.008746,0.000217,0.016102,3,3,0,fixed,3,3,0,0,3.000000,4.000000
10,multi_greedy,3,1,55,1,1,2,1.460160,80.500000,0.182520,28,0.306040,37,0,1,0,0.306040,0.354973,0.048932,0.048932,0.306040,0.000000,3,0,1,0,28,28,24,97.166700,80.500000,64.333300,0.675292,0.182619,0.094873,0.006696,0.000217,-0.009241,0.006696,3,3,0,fixed,3,3,0,0,3.000000,4.000000
10,multi_greedy,3,1,56,0,0,2,6.139779,97.166700,0.767472,28,0.306040,37,0,0,0,0.306040,0.354973,0.048932,0.048932,0.306040,0.000000,3,0,1,-1,28,28,24,97.166700,80.500000,64.333300,0.691847,0.176312,0.094873,0.000217,-0.006536,-0.015174,0.000000,3,3,0,fixed,3,3,0,0,3.000000,4.000000
10,multi_greedy,3,1,57,0,0,1,3.506236,97.166700,1.168745,28,0.306040,37,0,0,0,0.306040,0.354973,0.048932,0.048932,0.306040,0.000000,3,0,1,-1,28,28,24,97.166700,80.500000,64.333300,1.169034,0.886378,0.644417,0.000217,-0.002012,-0.005989,0.000000,3,3,0,fixed,3,3,0,0,3.000000,4.000000
10,multi_greedy,3,1,58,1,1,1,2.868650,80.500000,0.956217,28,0.306040,37,0,1,0,0.306040,0.354973,0.048932,0.048932,0.306040,0.000000,3,0,1,-1,28,28,24,97.166700,80.500000,64.333300,1.128676,0.913261,0.644417,0.002320,0.000217,-0.003900,0.002320,3,3,0,fixed,3,3,0,0,3.000000,4.000000
10,multi_greedy,3,1,59,0,0,4,0.000000,97.166700,0.411664,28,0.306040,37,0,0,0,0.306040,0.354973,0.048932,0.048932,0.306040,0.000000,3,0,1,0,28,28,24,97.166700,80.500000,64.333300,0.411664,0.496894,0.621762,0.000217,-0.001178,-0.004237,0.000000,3,3,0,fixed,3,3,0,0,3.000000,4.000000
10,multi_greedy,3,1,60,0,0,4,0.000000,97.166700,0.411664,28,0.306040,37,0,0,0,0.306040,0.354973,0.048932,0.048932,0.306040,0.000000,3,0,1,0,28,28,24,97.166700,80.500000,64.333300,0.411664,0.496894,0.621762,0.000217,-0.001178,-0.004237,0.000000,3,3,0,fixed,3,3,0,0,3.000000,4.000000
10,multi_greedy,3,1,61,0,0,2,6.140855,97.166700,0.767607,28,0.306040,37,0,0,0,0.306040,0.354973,0.048932,0.048932,0.306040,0.000000,3,0,1,-1,28,28,24,97.166700,80.500000,64.333300,0.691832,0.176312,0.094873,0.000217,-0.006536,-0.015174,0.000000,3,3,0,fixed,3,3,0,0,3.000000,4.000000
10,multi_greedy,3,1,62,1,1,1,2.696781,80.500000,0.898927,28,0.306040,37,0,1,0,0.306040,0.354973,0.048932,0.048932,0.306040,0.000000,3,0,1,-1,28,28,24,97.166700,80.500000,64.333300,1.128676,0.920422,0.644417,0.002311,0.000217,-0.003910,0.002311,3,3,0,fixed,3,3,0,0,3.000000,4.000000
10,multi_greedy,3,1,63,2,2,3,0.000000,64.333300,1.554405,24,0.306040,37,0,2,0,0.306040,0.354973,0.048932,0.048932,0.306040,0.000000,3,0,1,-1,28,28,24,97.166700,80.500000,64.333300,1.029159,1.242236,1.554405,0.005400,0.003658,0.000217,0.005400,3,3,0,fixed,3,3,0,0,3.000000,4.000000
10,multi_greedy,3,1,64,2,2,4,0.000000,64.333300,0.621762,24,0.306040,37,0,2,0,0.306040,0.354973,0.048932,0.048932,0.306040,0.000000,3,0,1,-1,28,28,24,97.166700,80.500000,64.333300,0.411664,0.496894,0.621762,0.004804,0.003367,0.000217,0.004804,3,3,0,fixed,3,3,0,0,3.000000,4.000000
10,multi_greedy,3,1,65,1,1,4,0.000000,80.500000,0.496894,28,0.306040,37,0,1,0,0.306040,0.354973,0.048932,0.048932,0.306040,0.000000,3,0,1,0,28,28,24,97.166700,80.500000,64.333300,0.411664,0.496894,0.621762,0.001625,0.000217,-0.002870,0.001625,3,3,0,fixed,3,3,0,0,3.000000,4.000000
10,multi_greedy,3,1,66,0,0,1,3.507625,97.166700,1.169208,28,0.306040,37,0,0,0,0.306040,0.354973,0.048932,0.048932,0.306040,0.000000,3,0,1,-1,28,28,24,97.166700,80.500000,64.333300,1.168942,0.886378,0.644417,0.000217,-0.002012,-0.005989,0.000000,3,3,0,fixed,3,3,0,0,3.000000,4.000000
10,multi_greedy,3,1,67,1,1,1,2.658681,80.500000,0.886227,28,0.306040,37,0,1,0,0.306040,0.354973,0.048932,0.048932,0.306040,0.000000,3,0,1,-1,28,28,24,97.166700,80.500000,64.333300,1.128676,0.922010,0.644417,0.002308,0.000217,-0.003912,0.002308,3,3,0,fixed,3,3,0,0,3.000000,4.000000
10,multi_greedy,3,1,68,1,1,4,0.000000,80.500000,0.496894,28,0.306040,37,0,1,0,0.306040,0.354973,0.048932,0.048932,0.306040,0.000000,3,0,1,0,28,28,24,97.166700,80.500000,64.333300,0.411664,0.496894,0.621762,0.001625,0.000217,-0.002870,0.001625,3,3,0,fixed,3,3,0,0,3.000000,4.000000
10,multi_greedy,3,1,69,2,2,4,0.000000,64.333300,0.621762,24,0.306040,37,0,2,0,0.306040,0.354973,0.048932,0.048932,0.306040,0.000000,3,0,1,-1,28,28,24,97.166700,80.500000,64.333300,0.411664,0.496894,0.621762,0.004804,0.003367,0.000217,0.004804,3,3,0,fixed,3,3,0,0,3.000000,4.000000
10,multi_greedy,3,1,70,2,2,2,0.792357,64.333300,0.099045,24,0.306040,37,0,2,0,0.306040,0.354973,0.048932,0.048932,0.306040,0.000000,3,0,1,0,28,28,24,97.166700,80.500000,64.333300,0.675292,0.176312,0.098806,0.016119,0.008763,0.000217,0.016119,3,3,0,fixed,3,3,0,0,3.000000,4.000000
10,multi_greedy,3,1,71,0,0,4,0.000000,97.166700,0.411664,28,0.306040,37,0,0,0,0.306040,0.354973,0.048932,0.048932,0.306040,0.000000,3,0,1,0,28,28,24,97.166700,80.500000,64.333300,0.411664,0.496894,0.621762,0.000217,-0.001178,-0.004237,0.000000,3,3,0,fixed,3,3,0,0,3.000000,4.000000
10,multi_greedy,3,1,72,1,1,2,1.460149,80.500000,0.182519,28,0.306040,37,0,1,0,0.306040,0.354973,0.048932,0.048932,0.306040,0.000000,3,0,1,0,28,28,24,97.166700,80.500000,64.333300,0.675292,0.182619,0.094873,0.006696,0.000217,-0.009241,0.006696,3,3,0,fixed,3,3,0,0,3.000000,4.000000
10,multi_greedy,3,1,73,1,1,2,1.461254,80.500000,0.182657,28,0.306040,37,0,1,0,0.306040,0.354973,0.048932,0.048932,0.306040,0.000000,3,0,1,0,28,28,24,97.166700,80.500000,64.333300,0.675292,0.182604,0.094873,0.006696,0.000217,-0.009240,0.006696,3,3,0,fixed,3,3,0,0,3.000000,4.000000
10,multi_greedy,3,1,74,0,0,4,0.000000,97.166700,0.411664,28,0.306040,37,0,0,0,0.306040,0.354973,0.048932,0.048932,0.306040,0.000000,3,0,1,0,28,28,24,97.166700,80.500000,64.333300,0.411664,0.496894,0.621762,0.000217,-0.001178,-0.004237,0.000000,3,3,0,fixed,3,3,0,0,3.000000,4.000000
10,multi_greedy,3,1,75,2,2,1,1.992524,64.333300,0.664175,24,0.306040,37,0,2,0,0.306040,0.354973,0.048932,0.048932,0.306040,0.000000,3,0,1,-1,28,28,24,97.166700,80.500000,64.333300,1.128676,0.886378,0.673041,0.006454,0.004207,0.000217,0.006454,3,3,0,fixed,3,3,0,0,3.000000,4.000000
10,multi_greedy,3,1,76,0,0,3,0.000000,97.166700,1.029159,28,0.306040,37,0,0,0,0.306040,0.354973,0.048932,0.048932,0.306040,0.000000,3,0,1,1,28,28,24,97.166700,80.500000,64.333300,1.029159,1.242236,1.554405,0.000217,-0.001468,-0.004797,0.000000,3,3,0,fixed,3,3,0,0,3.000000,4.000000
10,multi_greedy,3,1,77,1,1,2,1.462357,80.500000,0.182795,28,0.306040,37,0,1,0,0.306040,0.354973,0.048932,0.048932,0.306040,0.000000,3,0,1,0,28,28,24,97.166700,80.500000,64.333300,0.675292,0.182589,0.094873,0.006697,0.000217,-0.009240,0.006697,3,3,0,fixed,3,3,0,0,3.000000,4.000000
10,multi_greedy,3,1,78,0,0,3,0.000000,97.166700,1.029159,28,0.306040,37,0,0,0,0.306040,0.354973,0.048932,0.048932,0.306040,0.000000,3,0,1,1,28,28,24,97.166700,80.500000,64.333300,1.029159,1.242236,1.554405,0.000217,-0.001468,-0.004797,0.000000,3,3,0,fixed,3,3,0,0,3.000000,4.000000
10,multi_greedy,3,1,79,0,0,4,0.000000,97.166700,0.411664,28,0.306040,37,0,0,0,0.306040,0.354973,0.048932,0.048932,0.306040,0.000000,3,0,1,0,28,28,24,97.166700,80.500000,64.333300,0.411664,0.496894,0.621762,0.000217,-0.001178,-0.004237,0.000000,3,3,0,fixed,3,3,0,0,3.000000,4.000000
10,multi_greedy,3,1,80,2,2,3,0.000000,64.333300,1.554405,24,0.306040,37,0,2,0,0.306040,0.354973,0.048932,0.048932,0.306040,0.000000,3,0,1,-1,28,28,24,97.166700,80.500000,64.333300,1.029159,1.242236,1.554405,0.005400,0.003658,0.000217,0.005400,3,3,0,fixed,3,3,0,0,3.000000,4.000000
10,multi_greedy,3,2,1,0,0,2,4.440415,96.500000,0.555052,31,0.304247,27,0,0,0,0.304247,0.360778,0.056531,0.056531,0.304247,-0.001793,3,36,1,-1,31,28,21,96.500000,79.333300,55.833300,0.559691,0.164123,0.075341,0.000183,-0.006487,-0.017613,0.000000,3,3,0,fixed,3,3,0,0,3.000000,4.000000
10,multi_greedy,3,2,2,0,0,2,4.360542,96.500000,0.545068,31,0.304247,27,0,0,0,0.304247,0.360778,0.056531,0.056531,0.304247,-0.001793,3,36,1,-1,31,28,21,96.500000,79.333300,55.833300,0.560523,0.164123,0.075341,0.000183,-0.006490,-0.017616,0.000000,3,3,0,fixed,3,3,0,0,3.000000,4.000000
10,multi_greedy,3,2,3,2,2,1,2.750766,55.833300,0.916922,21,0.304247,27,0,2,0,0.304247,0.360778,0.056531,0.056531,0.304247,-0.001793,3,36,1,-1,31,28,21,96.500000,79.333300,55.833300,1.132407,0.921358,0.928975,0.005983,0.003922,0.000183,0.005983,3,3,0,fixed,3,3,0,0,3.000000,4.000000
10,multi_greedy,3,2,4,2,2,1,2.820256,55.833300,0.940085,21,0.304247,27,0,2,0,0.304247,0.360778,0.056531,0.056531,0.304247,-0.001793,3,36,1,-1,31,28,21,96.500000,79.333300,55.833300,1.132407,0.921358,0.923184,0.005991,0.003930,0.000183,0.005991,3,3,0,fixed,3,3,0,0,3.000000,4.000000
10,multi_greedy,3,2,5,2,2,2,0.642541,55.833300,0.080318,21,0.304247,27,0,0,1,0.304247,0.360778,0.056531,0.056531,0.304247,-0.001793,3,36,1,0,31,28,21,96.500000,79.333300,55.833300,0.541855,0.164123,0.078755,0.018636,0.011288,0.000183,0.018636,3,3,0,fixed,3,3,0,0,3.000000,4.000000
10,multi_greedy,3,2,6,0,0,1,3.507296,96.500000,1.169099,31,0.304247,27,0,0,0,0.304247,0.360778,0.056531,0.056531,0.304247,-0.001793,3,36,1,-1,31,28,21,96.500000,79.333300,55.833300,1.168904,0.921358,0.884447,0.000183,-0.001866,-0.005584,0.000000,3,3,0,fixed,3,3,0,0,3.000000,4.000000
10,multi_greedy,3,2,7,0,0,2,4.473114,96.500000,0.559139,31,0.304247,27,0,0,0,0.304247,0.360778,0.056531,0.056531,0.304247,-0.001793,3,36,1,-1,31,28,21,96.500000,79.333300,55.833300,0.559350,0.164123,0.075341,0.000183,-0.006486,-0.017612,0.000000,3,3,0,fixed,3,3,0,0,3.000000,4.000000
10,multi_greedy,3,2,8,2,2,2,0.629515,55.833300,0.078689,21,0.304247,27,0,2,0,0.304247,0.360778,0.056531,0.056531,0.304247,-0.001793,3,36,1,0,31,28,21,96.500000,79.333300,55.833300,0.541855,0.164123,0.078959,0.018596,0.011249,0.000183,0.018596,3,3,0,fixed,3,3,0,0,3.000000,4.000000
10,multi_greedy,3,2,9,1,1,3,0.000000,79.333300,1.260505,28,0.304247,27,0,1,0,0.304247,0.360778,0.056531,0.056531,0.304247,-0.001793,3,36,1,1,31,28,21,96.500000,79.333300,55.833300,1.036269,1.260505,1.791046,0.001756,0.000183,-0.003269,0.001756,3,3,0,fixed,3,3,0,0,3.000000,4.000000
10,multi_greedy,3,2,10,0,0,2,4.473138,96.500000,0.559142,31,0.304247,27,0,0,0,0.304247,0.360778,0.056531,0.056531,0.304247,-0.001793,3,36,1,-1,31,28,21,96.500000,79.333300,55.833300,0.559350,0.164123,0.075341,0.000183,-0.006486,-0.017612,0.000000,3,3,0,fixed,3,3,0,0,3.000000,4.000000
10,multi_greedy,3,2,11,0,0,1,3.506074,96.500000,1.168691,31,0.304247,27,0,0,0,0.304247,0.360778,0.056531,0.056531,0.304247,-0.001793,3,36,1,-1,31,28,21,96.500000,79.333300,55.833300,1.168985,0.921358,0.884447,0.000183,-0.001866,-0.005584,0.000000,3,3,0,fixed,3,3,0,0,3.000000,4.000000
10,multi_greedy,3,2,12,1,1,2,1.349658,79.333300,0.168707,28,0.304247,27,0,1,0,0.304247,0.360778,0.056531,0.056531,0.304247,-0.001793,3,36,1,0,31,28,21,96.500000,79.333300,55.833300,0.541855,0.170127,0.075341,0.006503,0.000183,-0.011892,0.006503,3,3,0,fixed,3,3,0,0,3.000000,4.000000
10,multi_greedy,3,2,13,1,1,2,1.349657,79.333300,0.168707,28,0.304247,27,0,1,0,0.304247,0.360778,0.056531,0.056531,0.304247,-0.001793,3,36,1,0,31,28,21,96.500000,79.333300,55.833300,0.541855,0.170127,0.075341,0.006503,0.000183,-0.011892,0.006503,3,3,0,fixed,3,3,0,0,3.000000,4.000000
10,multi_greedy,3,2,14,1,1,2,1.359496,79.333300,0.169937,28,0.304247,27,0,1,0,0.304247,0.360778,0.056531,0.056531,0.304247,-0.001793,3,36,1,0,31,28,21,96.500000,79.333300,55.833300,0.541855,0.169990,0.075341,0.006509,0.000183,-0.011888,0.006509,3,3,0,fixed,3,3,0,0,3.000000,4.000000
10,multi_greedy,3,2,15,0,0,4,0.000000,96.500000,0.414508,31,0.304247,27,0,0,0,0.304247,0.360778,0.056531,0.056531,0.304247,-0.001793,3,36,1,0,31,28,21,96.500000,79.333300,55.833300,0.414508,0.504202,0.716418,0.000183,-0.001079,-0.004106,0.000000,3,3,0,fixed,3,3,0,0,3.000000,4.000000
10,multi_greedy,3,2,16,1,1,1,2.515183,79.333300,0.838394,28,0.304247,27,0,1,0,0.304247,0.360778,0.056531,0.056531,0.304247,-0.001793,3,36,1,-1,31,28,21,96.500000,79.333300,55.833300,1.132407,0.968748,0.884447,0.002089,0.000183,-0.003688,0.002089,3,3,0,fixed,3,3,0,0,3.000000,4.000000
10,multi_greedy,3,2,17,1,1,2,1.358489,79.333300,0.169811,28,0.304247,27,0,1,0,0.304247,0.360778,0.056531,0.056531,0.304247,-0.001793,3,36,1,0,31,28,21,96.500000,79.333300,55.833300,0.541855,0.170004,0.075341,0.006508,0.000183,-0.011888,0.006508,3,3,0,fixed,3,3,0,0,3.000000,4.000000
10,multi_greedy,3,2,18,1,1,4,0.000000,79.333300,0.504202,28,0.304247,27,0,1,0,0.304247,0.360778,0.056531,0.056531,0.304247,-0.001793,3,36,1,-1,31,28,21,96.500000,79.333300,55.833300,0.414508,0.504202,0.716418,0.001455,0.000183,-0.002870,0.001455,3,3,0,fixed,3,3,0,0,3.000000,4.000000
10,multi_greedy,3,2,19,1,1,1,2.883749,79.333300,0.961250,28,0.304247,27,0,1,0,0.304247,0.360778,0.056531,0.056531,0.304247,-0.001793,3,36,1,-1,31,28,21,96.500000,79.333300,55.833300,1.132407,0.953391,0.884447,0.002107,0.000183,-0.003670,0.002107,3,3,0,fixed,3,3,0,0,3.000000,4.000000
10,multi_greedy,3,2,20,0,0,4,0.000000,96.500000,0.414508,31,0.304247,27,0,0,0,0.304247,0.360778,0.056531,0.056531,0.304247,-0.001793,3,36,1,0,31,28,21,96.500000,79.333300,55.833300,0.414508,0.504202,0.716418,0.000183,-0.001079,-0.004106,0.000000,3,3,0,fixed,3,3,0,0,3.000000,4.000000
10,multi_greedy,3,2,21,0,0,2,4.473175,96.500000,0.559147,31,0.304247,27,0,0,0,0.304247,0.360778,0.056531,0.056531,0.304247,-0.001793,3,36,1,-1,31,28,21,96.500000,79.333300,55.833300,0.559349,0.164123,0.075341,0.000183,-0.006486,-0.017612,0.000000,3,3,0,fixed,3,3,0,0,3.000000,4.000000
10,multi_greedy,3,2,22,1,1,1,3.106348,79.333300,1.035449,28,0.304247,27,0,1,0,0.304247,0.360778,0.056531,0.056531,0.304247,-0.001793,3,36,1,-1,31,28,21,96.500000,79.333300,55.833300,1.132407,0.944116,0.884447,0.002119,0.000183,-0.003659,0.002119,3,3,0,fixed,3,3,0,0,3.000000,4.000000
10,multi_greedy,3,2,23,2,2,4,0.000000,55.833300,0.716418,21,0.304247,27,0,2,0,0.304247,0.360778,0.056531,0.056531,0.304247,-0.001793,3,36,1,-1,31,28,21,96.500000,79.333300,55.833300,0.414508,0.504202,0.716418,0.004596,0.003297,0.000183,0.004596,3,3,0,fixed,3,3,0,0,3.000000,4.000000
10,multi_greedy,3,2,24,1,1,1,2.902379,79.333300,0.967460,28,0.304247,27,0,1,0,0.304247,0.360778,0.056531,0.056531,0.304247,-0.001793,3,36,1,-1,31,28,21,96.500000,79.333300,55.833300,1.132407,0.952615,0.884447,0.002108,0.000183,-0.003669,0.002108,3,3,0,fixed,3,3,0,0,3.000000,4.000000
10,multi_greedy,3,2,25,1,1,2,1.333375,79.333300,0.166672,28,0.304247,27,0,1,0,0.304247,0.360778,0.056531,0.056531,0.304247,-0.001793,3,36,1,0,31,28,21,96.500000,79.333300,55.833300,0.541855,0.170353,0.075341,0.006494,0.000183,-0.011900,0.006494,3,3,0,fixed,3,3,0,0,3.000000,4.000000
10,multi_greedy,3,2,26,2,2,1,2.731828,55.833300,0.910609,21,0.304247,27,0,2,0,0.304247,0.360778,0.056531,0.056531,0.304247,-0.001793,3,36,1,-1,31,28,21,96.500000,79.333300,55.833300,1.132407,0.921358,0.930553,0.005981,0.003920,0.000183,0.005981,3,3,0,fixed,3,3,0,0,3.000000,4.000000
10,multi_greedy,3,2,27,1,1,3,0.000000,79.333300,1.260505,28,0.304247,27,0,1,0,0.304247,0.360778,0.056531,0.056531,0.304247,-0.001793,3,36,1,1,31,28,21,96.500000,79.333300,55.833300,1.036269,1.260505,1.791046,0.001756,0.000183,-0.003269,0.001756,3,3,0,fixed,3,3,0,0,3.000000,4.000000
10,multi_greedy,3,2,28,0,0,2,4.473127,96.500000,0.559141,31,0.304247,27,0,0,0,0.304247,0.360778,0.056531,0.056531,0.304247,-0.001793,3,36,1,-1,31,28,21,96.500000,79.333300,55.833300,0.559350,0.164123,0.075341,0.000183,-0.006486,-0.017612,0.000000,3,3,0,fixed,3,3,0,0,3.000000,4.000000
10,multi_greedy,3,2,29,0,0,1,3.507798,96.500000,1.169266,31,0.304247,27,0,0,0,0.304247,0.360778,0.056531,0.056531,0.304247,-0.001793,3,36,1,-1,31,28,21,96.500000,79.333300,55.833300,1.168871,0.921358,0.884447,0.000183,-0.001866,-0.005584,0.000000,3,3,0,fixed,3,3,0,0,3.000000,4.000000
10,multi_greedy,3,2,30,0,0,3,0.000000,96.500000,1.036269,31,0.304247,27,0,0,0,0.304247,0.360778,0.056531,0.056531,0.304247,-0.001793,3,36,1,1,31,28,21,96.500000,79.333300,55.833300,1.036269,1.260505,1.791046,0.000183,-0.001374,-0.004791,0.000000,3,3,0,fixed,3,3,0,0,3.000000,4.000000
10,multi_greedy,3,2,31,2,2,2,0.625090,55.833300,0.078136,21,0.304247,27,1,2,0,0.304247,0.360778,0.056531,0.056531,0.304247,-0.001793,3,36,1,0,31,28,21,96.500000,79.333300,55.833300,0.541855,0.164123,0.079028,0.018582,0.011236,0.000183,0.018582,3,3,0,fixed,3,3,0,0,3.000000,4.000000
10,multi_greedy,3,2,32,0,0,2,4.474220,96.500000,0.559278,31,0.304247,27,0,0,0,0.304247,0.360778,0.056531,0.056531,0.304247,-0.001793,3,36,1,-1,31,28,21,96.500000,79.333300,55.833300,0.559338,0.164123,0.075341,0.000183,-0.006486,-0.017612,0.000000,3,3,0,fixed,3,3,0,0,3.000000,4.000000
10,multi_greedy,3,2,33,1,1,4,0.000000,79.333300,0.504202,28,0.304247,27,0,1,0,0.304247,0.360778,0.056531,0.056531,0.304247,-0.001793,3,36,1,-1,31,28,21,96.500000,79.333300,55.833300,0.414508,0.504202,0.716418,0.001455,0.000183,-0.002870,0.001455,3,3,0,fixed,3,3,0,0,3.000000,4.000000
10,multi_greedy,3,2,34,0,0,2,4.473216,96.500000,0.559152,31,0.304247,27,0,0,0,0.304247,0.360778,0.056531,0.056531,0.304247,-0.001793,3,36,1,-1,31,28,21,96.500000,79.333300,55.833300,0.559349,0.164123,0.075341,0.000183,-0.006486,-0.017612,0.000000,3,3,0,fixed,3,3,0,0,3.000000,4.000000
10,multi_greedy,3,2,35,1,1,1,2.134570,79.333300,0.711523,28,0.304247,27,0,1,0,0.304247,0.360778,0.056531,0.056531,0.304247,-0.001793,3,36,1,-1,31,28,21,96.500000,79.333300,55.833300,1.132407,0.984607,0.884447,0.002070,0.000183,-0.003706,0.002070,3,3,0,fixed,3,3,0,0,3.000000,4.000000
10,multi_greedy,3,2,36,0,0,4,0.000000,96.500000,0.414508,31,0.304247,27,0,0,0,0.304247,0.360778,0.056531,0.056531,0.304247,-0.001793,3,36,1,0,31,28,21,96.500000,79.333300,55.833300,0.414508,0.504202,0.716418,0.000183,-0.001079,-0.004106,0.000000,3,3,0,fixed,3,3,0,0,3.000000,4.000000
10,multi_greedy,3,2,37,2,2,4,0.000000,55.833300,0.716418,21,0.304247,27,0,2,0,0.304247,0.360778,0.056531,0.056531,0.304247,-0.001793,3,36,1,-1,31,28,21,96.500000,79.333300,55.833300,0.414508,0.504202,0.716418,0.004596,0.003297,0.000183,0.004596,3,3,0,fixed,3,3,0,0,3.000000,4.000000
10,multi_greedy,3,2,38,1,1,4,0.000000,79.333300,0.504202,28,0.304247,27,0,1,0,0.304247,0.360778,0.056531,0.056531,0.304247,-0.001793,3,36,1,-1,31,28,21,96.500000,79.333300,55.833300,0.414508,0.504202,0.716418,0.001455,0.000183,-0.002870,0.001455,3,3,0,fixed,3,3,0,0,3.000000,4.000000
10,multi_greedy,3,2,39,2,2,2,0.630618,55.833300,0.078827,21,0.304247,27,0,2,0,0.304247,0.360778,0.056531,0.056531,0.304247,-0.001793,3,36,1,0,31,28,21,96.500000,79.333300,55.833300,0.541855,0.164123,0.078941,0.018599,0.011253,0.000183,0.018599,3,3,0,fixed,3,3,0,0,3.000000,4.000000
10,multi_greedy,3,2,40,0,0,3,0.000000,96.500000,1.036269,31,0.304247,27,0,0,0,0.304247,0.360778,0.056531,0.056531,0.304247,-0.001793,3,36,1,1,31,28,21,96.500000,79.333300,55.833300,1.036269,1.260505,1.791046,0.000183,-0.001374,-0.004791,0.000000,3,3,0,fixed,3,3,0,0,3.000000,4.000000
10,multi_greedy,3,2,41,0,0,2,4.527859,96.500000,0.565982,31,0.304247,27,0,0,0,0.304247,0.360778,0.056531,0.056531,0.304247,-0.001793,3,36,1,-1,31,28,21,96.500000,79.333300,55.833300,0.558780,0.164123,0.075341,0.000183,-0.006484,-0.017610,0.000000,3,3,0,fixed,3,3,0,0,3.000000,4.000000
10,multi_greedy,3,2,42,1,1,1,3.060276,79.333300,1.020092,28,0.304247,27,0,1,0,0.304247,0.360778,0.056531,0.056531,0.304247,-0.001793,3,36,1,-1,31,28,21,96.500000,79.333300,55.833300,1.132407,0.946035,0.884447,0.002117,0.000183,-0.003661,0.002117,3,3,0,fixed,3,3,0,0,3.000000,4.000000
10,multi_greedy,3,2,43,2,2,2,0.629514,55.833300,0.078689,21,0.304247,27,0,2,0,0.304247,0.360778,0.056531,0.056531,0.304247,-0.001793,3,36,1,0,31,28,21,96.500000,79.333300,55.833300,0.541855,0.164123,0.078959,0.018596,0.011249,0.000183,0.018596,3,3,0,fixed,3,3,0,0,3.000000,4.000000
10,multi_greedy,3,2,44,1,1,2,1.368251,79.333300,0.171031,28,0.304247,27,0,1,0,0.304247,0.360778,0.056531,0.056531,0.304247,-0.001793,3,36,1,0,31,28,21,96.500000,79.333300,55.833300,0.541855,0.169868,0.075341,0.006514,0.000183,-0.011883,0.006514,3,3,0,fixed,3,3,0,0,3.000000,4.000000
10,multi_greedy,3,2,45,2,2,2,0.629479,55.833300,0.078685,21,0.304247,27,0,2,0,0.304247,0.360778,0.056531,0.056531,0.304247,-0.001793,3,36,1,0,31,28,21,96.500000,79.333300,55.833300,0.541855,0.164123,0.078959,0.018596,0.011249,0.000183,0.018596,3,3,0,fixed,3,3,0,0,3.000000,4.000000
10,multi_greedy,3,2,46,2,2,2,0.629485,55.833300,0.078686,21,0.304247,27,0,2,0,0.304247,0.360778,0.056531,0.056531,0.304247,-0.001793,3,36,1,0,31,28,21,96.500000,79.333300,55.833300,0.541855,0.164123,0.078959,0.018596,0.011249,0.000183,0.018596,3,3,0,fixed,3,3,0,0,3.000000,4.000000
10,multi_greedy,3,2,47,0,0,1,3.506074,96.500000,1.168691,31,0.304247,27,0,0,0,0.304247,0.360778,0.056531,0.056531,0.304247,-0.001793,3,36,1,-1,31,28,21,96.500000,79.333300,55.833300,1.168985,0.921358,0.884447,0.000183,-0.001866,-0.005584,0.000000,3,3,0,fixed,3,3,0,0,3.000000,4.000000
10,multi_greedy,3,2,48,2,2,4,0.000000,55.833300,0.716418,21,0.304247,27,0,2,0,0.304247,0.360778,0.056531,0.056531,0.304247,-0.001793,3,36,1,-1,31,28,21,96.500000,79.333300,55.833300,0.414508,0.504202,0.716418,0.004596,0.003297,0.000183,0.004596,3,3,0,fixed,3,3,0,0,3.000000,4.000000
10,multi_greedy,3,2,49,1,1,4,0.000000,79.333300,0.504202,28,0.304247,27,0,1,0,0.304247,0.360778,0.056531,0.056531,0.304247,-0.001793,3,36,1,-1,31,28,21,96.500000,79.333300,55.833300,0.414508,0.504202,0.716418,0.001455,0.000183,-0.002870,0.001455,3,3,0,fixed,3,3,0,0,3.000000,4.000000
10,multi_greedy,3,2,50,0,0,2,4.528923,96.500000,0.566115,31,0.304247,27,0,0,0,0.304247,0.360778,0.056531,0.056531,0.304247,-0.001793,3,36,1,-1,31,28,21,96.500000,79.333300,55.833300,0.558769,0.164123,0.075341,0.000183,-0.006484,-0.017610,0.000000,3,3,0,fixed,3,3,0,0,3.000000,4.000000
10,multi_greedy,3,2,51,1,1,4,0.000000,79.333300,0.504202,28,0.304247,27,0,1,0,0.304247,0.360778,0.056531,0.056531,0.304247,-0.001793,3,36,1,-1,31,28,21,96.500000,79.333300,55.833300,0.414508,0.504202,0.716418,0.001455,0.000183,-0.002870,0.001455,3,3,0,fixed,3,3,0,0,3.000000,4.000000
10,multi_greedy,3,2,52,2,2,1,2.803304,55.833300,0.934435,21,0.304247,27,0,2,0,0.304247,0.360778,0.056531,0.056531,0.304247,-0.001793,3,36,1,-1,31,28,21,96.500000,79.333300,55.833300,1.132407,0.921358,0.924596,0.005989,0.003928,0.000183,0.005989,3,3,0,fixed,3,3,0,0,3.000000,4.000000
10,multi_greedy,3,2,53,0,0,2,4.527841,96.500000,0.565980,31,0.304247,27,0,0,0,0.304247,0.360778,0.056531,0.056531,0.304247,-0.001793,3,36,1,-1,31,28,21,96.500000,79.333300,55.833300,0.558780,0.164123,0.075341,0.000183,-0.006484,-0.017610,0.000000,3,3,0,fixed,3,3,0,0,3.000000,4.000000
10,multi_greedy,3,2,54,2,2,2,0.634938,55.833300,0.079367,21,0.304247,27,0,0,1,0.304247,0.360778,0.056531,0.056531,0.304247,-0.001793,3,36,1,0,31,28,21,96.500000,79.333300,55.833300,0.541855,0.164123,0.078874,0.018613,0.011265,0.000183,0.018613,3,3,0,fixed,3,3,0,0,3.000000,4.000000
10,multi_greedy,3,2,55,1,1,2,1.350769,79.333300,0.168846,28,0.304247,27,0,1,0,0.304247,0.360778,0.056531,0.056531,0.304247,-0.001793,3,36,1,0,31,28,21,96.500000,79.333300,55.833300,0.541855,0.170111,0.075341,0.006504,0.000183,-0.011892,0.006504,3,3,0,fixed,3,3,0,0,3.000000,4.000000
10,multi_greedy,3,2,56,0,0,2,4.472032,96.500000,0.559004,31,0.304247,27,0,0,0,0.304247,0.360778,0.056531,0.056531,0.304247,-0.001793,3,36,1,-1,31,28,21,96.500000,79.333300,55.833300,0.559361,0.164123,0.075341,0.000183,-0.006486,-0.017612,0.000000,3,3,0,fixed,3,3,0,0,3.000000,4.000000
10,multi_greedy,3,2,57,0,0,1,3.506984,96.500000,1.168995,31,0.304247,27,0,0,0,0.304247,0.360778,0.056531,0.056531,0.304247,-0.001793,3,36,1,-1,31,28,21,96.500000,79.333300,55.833300,1.168925,0.921358,0.884447,0.000183,-0.001866,-0.005584,0.000000,3,3,0,fixed,3,3,0,0,3.000000,4.000000
10,multi_greedy,3,2,58,1,1,1,2.821606,79.333300,0.940535,28,0.304247,27,0,1,0,0.304247,0.360778,0.056531,0.056531,0.304247,-0.001793,3,36,1,-1,31,28,21,96.500000,79.333300,55.833300,1.132407,0.955980,0.884447,0.002104,0.000183,-0.003673,0.002104,3,3,0,fixed,3,3,0,0,3.000000,4.000000
10,multi_greedy,3,2,59,0,0,4,0.000000,96.500000,0.414508,31,0.304247,27,0,0,0,0.304247,0.360778,0.056531,0.056531,0.304247,-0.001793,3,36,1,0,31,28,21,96.500000,79.333300,55.833300,0.414508,0.504202,0.716418,0.000183,-0.001079,-0.004106,0.000000,3,3,0,fixed,3,3,0,0,3.000000,4.000000
10,multi_greedy,3,2,60,0,0,4,0.000000,96.500000,0.414508,31,0.304247,27,0,0,0,0.304247,0.360778,0.056531,0.056531,0.304247,-0.001793,3,36,1,0,31,28,21,96.500000,79.333300,55.833300,0.414508,0.504202,0.716418,0.000183,-0.001079,-0.004106,0.000000,3,3,0,fixed,3,3,0,0,3.000000,4.000000
10,multi_greedy,3,2,61,0,0,2,4.473102,96.500000,0.559138,31,0.304247,27,0,0,0,0.304247,0.360778,0.056531,0.056531,0.304247,-0.001793,3,36,1,-1,31,28,21,96.500000,79.333300,55.833300,0.559350,0.164123,0.075341,0.000183,-0.006486,-0.017612,0.000000,3,3,0,fixed,3,3,0,0,3.000000,4.000000
10,multi_greedy,3,2,62,1,1,1,3.285793,79.333300,1.095264,28,0.304247,27,0,1,0,0.304247,0.360778,0.056531,0.056531,0.304247,-0.001793,3,36,1,-1,31,28,21,96.500000,79.333300,55.833300,1.132407,0.936639,0.884447,0.002129,0.000183,-0.003649,0.002129,3,3,0,fixed,3,3,0,0,3.000000,4.000000
10,multi_greedy,3,2,63,2,2,3,0.000000,55.833300,1.791046,21,0.304247,27,0,2,0,0.304247,0.360778,0.056531,0.056531,0.304247,-0.001793,3,36,1,-1,31,28,21,96.500000,79.333300,55.833300,1.036269,1.260505,1.791046,0.005325,0.003715,0.000183,0.005325,3,3,0,fixed,3,3,0,0,3.000000,4.000000
10,multi_greedy,3,2,64,2,2,4,0.000000,55.833300,0.716418,21,0.304247,27,0,2,0,0.304247,0.360778,0.056531,0.056531,0.304247,-0.001793,3,36,1,-1,31,28,21,96.500000,79.333300,55.833300,0.414508,0.504202,0.716418,0.004596,0.003297,0.000183,0.004596,3,3,0,fixed,3,3,0,0,3.000000,4.000000
10,multi_greedy,3,2,65,1,1,4,0.000000,79.333300,0.504202,28,0.304247,27,0,1,0,0.304247,0.360778,0.056531,0.056531,0.304247,-0.001793,3,36,1,-1,31,28,21,96.500000,79.333300,55.833300,0.414508,0.504202,0.716418,0.001455,0.000183,-0.002870,0.001455,3,3,0,fixed,3,3,0,0,3.000000,4.000000
10,multi_greedy,3,2,66,0,0,1,3.506631,96.500000,1.168877,31,0.304247,27,0,0,0,0.304247,0.360778,0.056531,0.056531,0.304247,-0.001793,3,36,1,-1,31,28,21,96.500000,79.333300,55.833300,1.168948,0.921358,0.884447,0.000183,-0.001866,-0.005584,0.000000,3,3,0,fixed,3,3,0,0,3.000000,4.000000
10,multi_greedy,3,2,67,1,1,1,3.055223,79.333300,1.018408,28,0.304247,27,0,1,0,0.304247,0.360778,0.056531,0.056531,0.304247,-0.001793,3,36,1,-1,31,28,21,96.500000,79.333300,55.833300,1.132407,0.946246,0.884447,0.002116,0.000183,-0.003661,0.002116,3,3,0,fixed,3,3,0,0,3.000000,4.000000
10,multi_greedy,3,2,68,1,1,4,0.000000,79.333300,0.504202,28,0.304247,27,0,1,0,0.304247,0.360778,0.056531,0.056531,0.304247,-0.001793,3,36,1,-1,31,28,21,96.500000,79.333300,55.833300,0.414508,0.504202,0.716418,0.001455,0.000183,-0.002870,0.001455,3,3,0,fixed,3,3,0,0,3.000000,4.000000
10,multi_greedy,3,2,69,2,2,4,0.000000,55.833300,0.716418,21,0.304247,27,0,2,0,0.304247,0.360778,0.056531,0.056531,0.304247,-0.001793,3,36,1,-1,31,28,21,96.500000,79.333300,55.833300,0.414508,0.504202,0.716418,0.004596,0.003297,0.000183,0.004596,3,3,0,fixed,3,3,0,0,3.000000,4.000000
10,multi_greedy,3,2,70,2,2,2,0.631683,55.833300,0.078960,21,0.304247,27,0,0,1,0.304247,0.360778,0.056531,0.056531,0.304247,-0.001793,3,36,1,0,31,28,21,96.500000,79.333300,55.833300,0.541855,0.164123,0.078925,0.018602,0.011256,0.000183,0.018602,3,3,0,fixed,3,3,0,0,3.000000,4.000000
10,multi_greedy,3,2,71,0,0,4,0.000000,96.500000,0.414508,31,0.304247,27,0,0,0,0.304247,0.360778,0.056531,0.056531,0.304247,-0.001793,3,36,1,0,31,28,21,96.500000,79.333300,55.833300,0.414508,0.504202,0.716418,0.000183,-0.001079,-0.004106,0.000000,3,3,0,fixed,3,3,0,0,3.000000,4.000000
10,multi_greedy,3,2,72,1,1,2,1.374827,79.333300,0.171853,28,0.304247,27,0,1,0,0.304247,0.360778,0.056531,0.056531,0.304247,-0.001793,3,36,1,0,31,28,21,96.500000,79.333300,55.833300,0.541855,0.169777,0.075341,0.006518,0.000183,-0.011880,0.006518,3,3,0,fixed,3,3,0,0,3.000000,4.000000
10,multi_greedy,3,2,73,1,1,2,1.376036,79.333300,0.172005,28,0.304247,27,0,1,0,0.304247,0.360778,0.056531,0.056531,0.304247,-0.001793,3,36,1,0,31,28,21,96.500000,79.333300,55.833300,0.541855,0.169760,0.075341,0.006518,0.000183,-0.011879,0.006518,3,3,0,fixed,3,3,0,0,3.000000,4.000000
10,multi_greedy,3,2,74,0,0,4,0.000000,96.500000,0.414508,31,0.304247,27,0,0,0,0.304247,0.360778,0.056531,0.056531,0.304247,-0.001793,3,36,1,0,31,28,21,96.500000,79.333300,55.833300,0.414508,0.504202,0.716418,0.000183,-0.001079,-0.004106,0.000000,3,3,0,fixed,3,3,0,0,3.000000,4.000000
10,multi_greedy,3,2,75,2,2,1,2.792308,55.833300,0.930769,21,0.304247,27,0,2,0,0.304247,0.360778,0.056531,0.056531,0.304247,-0.001793,3,36,1,-1,31,28,21,96.500000,79.333300,55.833300,1.132407,0.921358,0.925513,0.005988,0.003927,0.000183,0.005988,3,3,0,fixed,3,3,0,0,3.000000,4.000000
10,multi_greedy,3,2,76,0,0,3,0.000000,96.500000,1.036269,31,0.304247,27,0,0,0,0.304247,0.360778,0.056531,0.056531,0.304247,-0.001793,3,36,1,1,31,28,21,96.500000,79.333300,55.833300,1.036269,1.260505,1.791046,0.000183,-0.001374,-0.004791,0.000000,3,3,0,fixed,3,3,0,0,3.000000,4.000000
10,multi_greedy,3,2,77,1,1,2,1.378211,79.333300,0.172276,28,0.304247,27,0,1,0,0.304247,0.360778,0.056531,0.056531,0.304247,-0.001793,3,36,1,0,31,28,21,96.500000,79.333300,55.833300,0.541855,0.169730,0.075341,0.006519,0.000183,-0.011878,0.006519,3,3,0,fixed,3,3,0,0,3.000000,4.000000
10,multi_greedy,3,2,78,0,0,3,0.000000,96.500000,1.036269,31,0.304247,27,0,0,0,0.304247,0.360778,0.056531,0.056531,0.304247,-0.001793,3,36,1,1,31,28,21,96.500000,79.333300,55.833300,1.036269,1.260505,1.791046,0.000183,-0.001374,-0.004791,0.000000,3,3,0,fixed,3,3,0,0,3.000000,4.000000
10,multi_greedy,3,2,79,0,0,4,0.000000,96.500000,0.414508,31,0.304247,27,0,0,0,0.304247,0.360778,0.056531,0.056531,0.304247,-0.001793,3,36,1,0,31,28,21,96.500000,79.333300,55.833300,0.414508,0.504202,0.716418,0.000183,-0.001079,-0.004106,0.000000,3,3,0,fixed,3,3,0,0,3.000000,4.000000
10,multi_greedy,3,2,80,2,2,3,0.000000,55.833300,1.791046,21,0.304247,27,0,2,0,0.304247,0.360778,0.056531,0.056531,0.304247,-0.001793,3,36,1,-1,31,28,21,96.500000,79.333300,55.833300,1.036269,1.260505,1.791046,0.005325,0.003715,0.000183,0.005325,3,3,0,fixed,3,3,0,0,3.000000,4.000000
10,multi_greedy,3,3,1,0,0,2,3.600019,98.000000,0.450002,34,0.345926,47,0,0,0,0.345926,0.398053,0.052127,0.052127,0.345926,0.041678,3,55,1,0,34,28,18,98.000000,80.166700,55.666700,0.456545,0.158816,0.082613,0.000042,-0.007981,-0.018229,0.000000,3,3,0,fixed,3,3,0,0,3.000000,4.000000
10,multi_greedy,3,3,2,0,0,2,3.628394,98.000000,0.453549,34,0.345926,47,0,0,0,0.345926,0.398053,0.052127,0.052127,0.345926,0.041678,3,55,1,0,34,28,18,98.000000,80.166700,55.666700,0.456308,0.158816,0.082613,0.000042,-0.007980,-0.018228,0.000000,3,3,0,fixed,3,3,0,0,3.000000,4.000000
10,multi_greedy,3,3,3,2,2,1,3.035296,55.666700,1.011765,18,0.345926,47,0,2,0,0.345926,0.398053,0.052127,0.052127,0.345926,0.041678,3,55,1,-1,34,28,18,98.000000,80.166700,55.666700,1.135099,0.938413,1.012580,0.004537,0.002244,0.000042,0.004537,3,3,0,fixed,3,3,0,0,3.000000,4.000000
10,multi_greedy,3,3,4,2,2,1,2.980314,55.666700,0.993438,18,0.345926,47,0,2,0,0.345926,0.398053,0.052127,0.052127,0.345926,0.041678,3,55,1,-1,34,28,18,98.000000,80.166700,55.666700,1.135099,0.938413,1.017162,0.004531,0.002237,0.000042,0.004531,3,3,0,fixed,3,3,0,0,3.000000,4.000000
10,multi_greedy,3,3,5,0,0,2,3.865555,98.000000,0.483194,34,0.345926,47,0,0,0,0.345926,0.398053,0.052127,0.052127,0.345926,0.041678,3,55,1,0,34,28,18,98.000000,80.166700,55.666700,0.454332,0.158816,0.082613,0.000042,-0.007966,-0.018215,0.000000,3,3,0,fixed,3,3,0,0,3.000000,4.000000
10,multi_greedy,3,3,6,0,0,1,3.505014,98.000000,1.168338,34,0.345926,47,0,0,0,0.345926,0.398053,0.052127,0.052127,0.345926,0.041678,3,55,1,-1,34,28,18,98.000000,80.166700,55.666700,1.168513,0.938413,0.959132,0.000042,-0.002268,-0.004573,0.000000,3,3,0,fixed,3,3,0,0,3.000000,4.000000
10,multi_greedy,3,3,7,0,0,2,3.613093,98.000000,0.451637,34,0.345926,47,0,0,0,0.345926,0.398053,0.052127,0.052127,0.345926,0.041678,3,55,1,0,34,28,18,98.000000,80.166700,55.666700,0.456436,0.158816,0.082613,0.000042,-0.007980,-0.018228,0.000000,3,3,0,fixed,3,3,0,0,3.000000,4.000000
10,multi_greedy,3,3,8,2,2,2,0.698337,55.666700,0.087292,18,0.345926,47,0,0,1,0.345926,0.398053,0.052127,0.052127,0.345926,0.041678,3,55,1,0,34,28,18,98.000000,80.166700,55.666700,0.443103,0.158816,0.087185,0.018132,0.009465,0.000042,0.018132,3,3,0,fixed,3,3,0,0,3.000000,4.000000
10,multi_greedy,3,3,9,1,1,3,0.000000,80.166700,1.247401,28,0.345926,47,0,1,0,0.345926,0.398053,0.052127,0.052127,0.345926,0.041678,3,55,1,1,34,28,18,98.000000,80.166700,55.666700,1.020408,1.247401,1.796406,0.001758,0.000042,-0.001966,0.001758,3,3,0,fixed,3,3,0,0,3.000000,4.000000
10,multi_greedy,3,3,10,0,0,2,3.614145,98.000000,0.451768,34,0.345926,47,0,0,0,0.345926,0.398053,0.052127,0.052127,0.345926,0.041678,3,55,1,0,34,28,18,98.000000,80.166700,55.666700,0.456427,0.158816,0.082613,0.000042,-0.007980,-0.018228,0.000000,3,3,0,fixed,3,3,0,0,3.000000,4.000000
10,multi_greedy,3,3,11,0,0,1,3.503792,98.000000,1.167931,34,0.345926,47,0,0,0,0.345926,0.398053,0.052127,0.052127,0.345926,0.041678,3,55,1,-1,34,28,18,98.000000,80.166700,55.666700,1.168595,0.938413,0.959132,0.000042,-0.002268,-0.004573,0.000000,3,3,0,fixed,3,3,0,0,3.000000,4.000000
10,multi_greedy,3,3,12,1,1,2,1.314598,80.166700,0.164325,28,0.345926,47,0,1,0,0.345926,0.398053,0.052127,0.052127,0.345926,0.041678,3,55,1,0,34,28,18,98.000000,80.166700,55.666700,0.443103,0.164506,0.082613,0.007570,0.000042,-0.011300,0.007570,3,3,0,fixed,3,3,0,0,3.000000,4.000000
10,multi_greedy,3,3,13,1,1,2,1.314764,80.166700,0.164345,28,0.345926,47,0,1,0,0.345926,0.398053,0.052127,0.052127,0.345926,0.041678,3,55,1,0,34,28,18,98.000000,80.166700,55.666700,0.443103,0.164504,0.082613,0.007570,0.000042,-0.011300,0.007570,3,3,0,fixed,3,3,0,0,3.000000,4.000000
10,multi_greedy,3,3,14,1,1,2,1.315804,80.166700,0.164475,28,0.345926,47,0,1,0,0.345926,0.398053,0.052127,0.052127,0.345926,0.041678,3,55,1,0,34,28,18,98.000000,80.166700,55.666700,0.443103,0.164489,0.082613,0.007571,0.000042,-0.011299,0.007571,3,3,0,fixed,3,3,0,0,3.000000,4.000000
10,multi_greedy,3,3,15,0,0,4,0.000000,98.000000,0.408163,34,0.345926,47,0,0,0,0.345926,0.398053,0.052127,0.052127,0.345926,0.041678,3,55,1,0,34,28,18,98.000000,80.166700,55.666700,0.408163,0.498960,0.718562,0.000042,-0.001260,-0.002712,0.000000,3,3,0,fixed,3,3,0,0,3.000000,4.000000
10,multi_greedy,3,3,16,1,1,1,3.225496,80.166700,1.075165,28,0.345926,47,0,1,0,0.345926,0.398053,0.052127,0.052127,0.345926,0.041678,3,55,1,-1,34,28,18,98.000000,80.166700,55.666700,1.135099,0.959023,0.959132,0.002216,0.000042,-0.002383,0.002216,3,3,0,fixed,3,3,0,0,3.000000,4.000000
10,multi_greedy,3,3,17,1,1,2,1.315809,80.166700,0.164476,28,0.345926,47,0,1,0,0.345926,0.398053,0.052127,0.052127,0.345926,0.041678,3,55,1,0,34,28,18,98.000000,80.166700,55.666700,0.443103,0.164489,0.082613,0.007571,0.000042,-0.011299,0.007571,3,3,0,fixed,3,3,0,0,3.000000,4.000000
10,multi_greedy,3,3,18,1,1,4,0.000000,80.166700,0.498960,28,0.345926,47,0,1,0,0.345926,0.398053,0.052127,0.052127,0.345926,0.041678,3,55,1,0,34,28,18,98.000000,80.166700,55.666700,0.408163,0.498960,0.718562,0.001354,0.000042,-0.001421,0.001354,3,3,0,fixed,3,3,0,0,3.000000,4.000000
10,multi_greedy,3,3,19,1,1,1,2.921812,80.166700,0.973937,28,0.345926,47,0,1,0,0.345926,0.398053,0.052127,0.052127,0.345926,0.041678,3,55,1,-1,34,28,18,98.000000,80.166700,55.666700,1.135099,0.971676,0.959132,0.002196,0.000042,-0.002402,0.002196,3,3,0,fixed,3,3,0,0,3.000000,4.000000
10,multi_greedy,3,3,20,0,0,4,0.000000,98.000000,0.408163,34,0.345926,47,0,0,0,0.345926,0.398053,0.052127,0.052127,0.345926,0.041678,3,55,1,0,34,28,18,98.000000,80.166700,55.666700,0.408163,0.498960,0.718562,0.000042,-0.001260,-0.002712,0.000000,3,3,0,fixed,3,3,0,0,3.000000,4.000000
10,multi_greedy,3,3,21,0,0,2,3.615237,98.000000,0.451905,34,0.345926,47,0,0,0,0.345926,0.398053,0.052127,0.052127,0.345926,0.041678,3,55,1,0,34,28,18,98.000000,80.166700,55.666700,0.456418,0.158816,0.082613,0.000042,-0.007980,-0.018228,0.000000,3,3,0,fixed,3,3,0,0,3.000000,4.000000
10,multi_greedy,3,3,22,1,1,1,2.784170,80.166700,0.928057,28,0.345926,47,0,1,0,0.345926,0.398053,0.052127,0.052127,0.345926,0.041678,3,55,1,-1,34,28,18,98.000000,80.166700,55.666700,1.135099,0.977411,0.959132,0.002187,0.000042,-0.002410,0.002187,3,3,0,fixed,3,3,0,0,3.000000,4.000000
10,multi_greedy,3,3,23,2,2,4,0.000000,55.666700,0.718562,18,0.345926,47,0,2,0,0.345926,0.398053,0.052127,0.052127,0.345926,0.041678,3,55,1,-1,34,28,18,98.000000,80.166700,55.666700,0.408163,0.498960,0.718562,0.002841,0.001518,0.000042,0.002841,3,3,0,fixed,3,3,0,0,3.000000,4.000000
10,multi_greedy,3,3,24,1,1,1,2.901536,80.166700,0.967179,28,0.345926,47,0,1,0,0.345926,0.398053,0.052127,0.052127,0.345926,0.041678,3,55,1,-1,34,28,18,98.000000,80.166700,55.666700,1.135099,0.972521,0.959132,0.002195,0.000042,-0.002403,0.002195,3,3,0,fixed,3,3,0,0,3.000000,4.000000
10,multi_greedy,3,3,25,1,1,2,1.315815,80.166700,0.164477,28,0.345926,47,0,1,0,0.345926,0.398053,0.052127,0.052127,0.345926,0.041678,3,55,1,0,34,28,18,98.000000,80.166700,55.666700,0.443103,0.164489,0.082613,0.007571,0.000042,-0.011299,0.007571,3,3,0,fixed,3,3,0,0,3.000000,4.000000
10,multi_greedy,3,3,26,2,2,1,3.010248,55.666700,1.003416,18,0.345926,47,0,2,0,0.345926,0.398053,0.052127,0.052127,0.345926,0.041678,3,55,1,-1,34,28,18,98.000000,80.166700,55.666700,1.135099,0.938413,1.014667,0.004534,0.002241,0.000042,0.004534,3,3,0,fixed,3,3,0,0,3.000000,4.000000
10,multi_greedy,3,3,27,1,1,3,0.000000,80.166700,1.247401,28,0.345926,47,0,1,0,0.345926,0.398053,0.052127,0.052127,0.345926,0.041678,3,55,1,1,34,28,18,98.000000,80.166700,55.666700,1.020408,1.247401,1.796406,0.001758,0.000042,-0.001966,0.001758,3,3,0,fixed,3,3,0,0,3.000000,4.000000
10,multi_greedy,3,3,28,0,0,2,3.662271,98.000000,0.457784,34,0.345926,47,0,0,0,0.345926,0.398053,0.052127,0.052127,0.345926,0.041678,3,55,1,0,34,28,18,98.000000,80.166700,55.666700,0.456026,0.158816,0.082613,0.000042,-0.007978,-0.018226,0.000000,3,3,0,fixed,3,3,0,0,3.000000,4.000000
10,multi_greedy,3,3,29,0,0,1,3.506182,98.000000,1.168727,34,0.345926,47,0,0,0,0.345926,0.398053,0.052127,0.052127,0.345926,0.041678,3,55,1,-1,34,28,18,98.000000,80.166700,55.666700,1.168436,0.938413,0.959132,0.000042,-0.002268,-0.004573,0.000000,3,3,0,fixed,3,3,0,0,3.000000,4.000000
10,multi_greedy,3,3,30,0,0,3,0.000000,98.000000,1.020408,34,0.345926,47,0,0,0,0.345926,0.398053,0.052127,0.052127,0.345926,0.041678,3,55,1,1,34,28,18,98.000000,80.166700,55.666700,1.020408,1.247401,1.796406,0.000042,-0.001656,-0.003645,0.000000,3,3,0,fixed,3,3,0,0,3.000000,4.000000
10,multi_greedy,3,3,31,2,2,2,0.697226,55.666700,0.087153,18,0.345926,47,1,2,0,0.345926,0.398053,0.052127,0.052127,0.345926,0.041678,3,55,1,0,34,28,18,98.000000,80.166700,55.666700,0.443103,0.158816,0.087213,0.018126,0.009460,0.000042,0.018126,3,3,0,fixed,3,3,0,0,3.000000,4.000000
10,multi_greedy,3,3,32,0,0,2,3.662212,98.000000,0.457776,34,0.345926,47,0,0,0,0.345926,0.398053,0.052127,0.052127,0.345926,0.041678,3,55,1,0,34,28,18,98.000000,80.166700,55.666700,0.456026,0.158816,0.082613,0.000042,-0.007978,-0.018226,0.000000,3,3,0,fixed,3,3,0,0,3.000000,4.000000
10,multi_greedy,3,3,33,1,1,4,0.000000,80.166700,0.498960,28,0.345926,47,0,1,0,0.345926,0.398053,0.052127,0.052127,0.345926,0.041678,3,55,1,0,34,28,18,98.000000,80.166700,55.666700,0.408163,0.498960,0.718562,0.001354,0.000042,-0.001421,0.001354,3,3,0,fixed,3,3,0,0,3.000000,4.000000
10,multi_greedy,3,3,34,0,0,2,3.662324,98.000000,0.457791,34,0.345926,47,0,0,0,0.345926,0.398053,0.052127,0.052127,0.345926,0.041678,3,55,1,0,34,28,18,98.000000,80.166700,55.666700,0.456026,0.158816,0.082613,0.000042,-0.007978,-0.018226,0.000000,3,3,0,fixed,3,3,0,0,3.000000,4.000000
10,multi_greedy,3,3,35,1,1,1,2.961301,80.166700,0.987100,28,0.345926,47,0,1,0,0.345926,0.398053,0.052127,0.052127,0.345926,0.041678,3,55,1,-1,34,28,18,98.000000,80.166700,55.666700,1.135099,0.970031,0.959132,0.002199,0.000042,-0.002399,0.002199,3,3,0,fixed,3,3,0,0,3.000000,4.000000
10,multi_greedy,3,3,36,0,0,4,0.000000,98.000000,0.408163,34,0.345926,47,0,0,0,0.345926,0.398053,0.052127,0.052127,0.345926,0.041678,3,55,1,0,34,28,18,98.000000,80.166700,55.666700,0.408163,0.498960,0.718562,0.000042,-0.001260,-0.002712,0.000000,3,3,0,fixed,3,3,0,0,3.000000,4.000000
10,multi_greedy,3,3,37,2,2,4,0.000000,55.666700,0.718562,18,0.345926,47,0,2,0,0.345926,0.398053,0.052127,0.052127,0.345926,0.041678,3,55,1,-1,34,28,18,98.000000,80.166700,55.666700,0.408163,0.498960,0.718562,0.002841,0.001518,0.000042,0.002841,3,3,0,fixed,3,3,0,0,3.000000,4.000000
10,multi_greedy,3,3,38,1,1,4,0.000000,80.166700,0.498960,28,0.345926,47,0,1,0,0.345926,0.398053,0.052127,0.052127,0.345926,0.041678,3,55,1,0,34,28,18,98.000000,80.166700,55.666700,0.408163,0.498960,0.718562,0.001354,0.000042,-0.001421,0.001354,3,3,0,fixed,3,3,0,0,3.000000,4.000000
10,multi_greedy,3,3,39,2,2,2,0.698359,55.666700,0.087295,18,0.345926,47,0,0,1,0.345926,0.398053,0.052127,0.052127,0.345926,0.041678,3,55,1,0,34,28,18,98.000000,80.166700,55.666700,0.443103,0.158816,0.087184,0.018132,0.009465,0.000042,0.018132,3,3,0,fixed,3,3,0,0,3.000000,4.000000
10,multi_greedy,3,3,40,0,0,3,0.000000,98.000000,1.020408,34,0.345926,47,0,0,0,0.345926,0.398053,0.052127,0.052127,0.345926,0.041678,3,55,1,1,34,28,18,98.000000,80.166700,55.666700,1.020408,1.247401,1.796406,0.000042,-0.001656,-0.003645,0.000000,3,3,0,fixed,3,3,0,0,3.000000,4.000000
10,multi_greedy,3,3,41,0,0,2,3.586803,98.000000,0.448350,34,0.345926,47,0,0,0,0.345926,0.398053,0.052127,0.052127,0.345926,0.041678,3,55,1,0,34,28,18,98.000000,80.166700,55.666700,0.456655,0.158816,0.082613,0.000042,-0.007982,-0.018230,0.000000,3,3,0,fixed,3,3,0,0,3.000000,4.000000
10,multi_greedy,3,3,42,1,1,1,2.778390,80.166700,0.926130,28,0.345926,47,0,1,0,0.345926,0.398053,0.052127,0.052127,0.345926,0.041678,3,55,1,-1,34,28,18,98.000000,80.166700,55.666700,1.135099,0.977652,0.959132,0.002187,0.000042,-0.002411,0.002187,3,3,0,fixed,3,3,0,0,3.000000,4.000000
10,multi_greedy,3,3,43,2,2,2,0.697244,55.666700,0.087155,18,0.345926,47,0,2,0,0.345926,0.398053,0.052127,0.052127,0.345926,0.041678,3,55,1,0,34,28,18,98.000000,80.166700,55.666700,0.443103,0.158816,0.087212,0.018127,0.009460,0.000042,0.018127,3,3,0,fixed,3,3,0,0,3.000000,4.000000
10,multi_greedy,3,3,44,1,1,2,1.316860,80.166700,0.164608,28,0.345926,47,0,1,0,0.345926,0.398053,0.052127,0.052127,0.345926,0.041678,3,55,1,0,34,28,18,98.000000,80.166700,55.666700,0.443103,0.164474,0.082613,0.007572,0.000042,-0.011299,0.007572,3,3,0,fixed,3,3,0,0,3.000000,4.000000
10,multi_greedy,3,3,45,2,2,2,0.697303,55.666700,0.087163,18,0.345926,47,0,0,1,0.345926,0.398053,0.052127,0.052127,0.345926,0.041678,3,55,1,0,34,28,18,98.000000,80.166700,55.666700,0.443103,0.158816,0.087211,0.018127,0.009460,0.000042,0.018127,3,3,0,fixed,3,3,0,0,3.000000,4.000000
10,multi_greedy,3,3,46,2,2,2,0.697261,55.666700,0.087158,18,0.345926,47,0,2,0,0.345926,0.398053,0.052127,0.052127,0.345926,0.041678,3,55,1,0,34,28,18,98.000000,80.166700,55.666700,0.443103,0.158816,0.087212,0.018127,0.009460,0.000042,0.018127,3,3,0,fixed,3,3,0,0,3.000000,4.000000
10,multi_greedy,3,3,47,0,0,1,3.505866,98.000000,1.168622,34,0.345926,47,0,0,0,0.345926,0.398053,0.052127,0.052127,0.345926,0.041678,3,55,1,-1,34,28,18,98.000000,80.166700,55.666700,1.168457,0.938413,0.959132,0.000042,-0.002268,-0.004573,0.000000,3,3,0,fixed,3,3,0,0,3.000000,4.000000
10,multi_greedy,3,3,48,2,2,4,0.000000,55.666700,0.718562,18,0.345926,47,0,2,0,0.345926,0.398053,0.052127,0.052127,0.345926,0.041678,3,55,1,-1,34,28,18,98.000000,80.166700,55.666700,0.408163,0.498960,0.718562,0.002841,0.001518,0.000042,0.002841,3,3,0,fixed,3,3,0,0,3.000000,4.000000
10,multi_greedy,3,3,49,1,1,4,0.000000,80.166700,0.498960,28,0.345926,47,0,1,0,0.345926,0.398053,0.052127,0.052127,0.345926,0.041678,3,55,1,0,34,28,18,98.000000,80.166700,55.666700,0.408163,0.498960,0.718562,0.001354,0.000042,-0.001421,0.001354,3,3,0,fixed,3,3,0,0,3.000000,4.000000
10,multi_greedy,3,3,50,0,0,2,3.613129,98.000000,0.451641,34,0.345926,47,0,0,0,0.345926,0.398053,0.052127,0.052127,0.345926,0.041678,3,55,1,0,34,28,18,98.000000,80.166700,55.666700,0.456436,0.158816,0.082613,0.000042,-0.007980,-0.018228,0.000000,3,3,0,fixed,3,3,0,0,3.000000,4.000000
10,multi_greedy,3,3,51,1,1,4,0.000000,80.166700,0.498960,28,0.345926,47,0,1,0,0.345926,0.398053,0.052127,0.052127,0.345926,0.041678,3,55,1,0,34,28,18,98.000000,80.166700,55.666700,0.408163,0.498960,0.718562,0.001354,0.000042,-0.001421,0.001354,3,3,0,fixed,3,3,0,0,3.000000,4.000000
10,multi_greedy,3,3,52,2,2,1,3.053012,55.666700,1.017671,18,0.345926,47,0,2,0,0.345926,0.398053,0.052127,0.052127,0.345926,0.041678,3,55,1,-1,34,28,18,98.000000,80.166700,55.666700,1.135099,0.938413,1.011103,0.004539,0.002246,0.000042,0.004539,3,3,0,fixed,3,3,0,0,3.000000,4.000000
10,multi_greedy,3,3,53,0,0,2,3.613129,98.000000,0.451641,34,0.345926,47,0,0,0,0.345926,0.398053,0.052127,0.052127,0.345926,0.041678,3,55,1,0,34,28,18,98.000000,80.166700,55.666700,0.456436,0.158816,0.082613,0.000042,-0.007980,-0.018228,0.000000,3,3,0,fixed,3,3,0,0,3.000000,4.000000
10,multi_greedy,3,3,54,0,0,2,3.662231,98.000000,0.457779,34,0.345926,47,0,0,0,0.345926,0.398053,0.052127,0.052127,0.345926,0.041678,3,55,1,0,34,28,18,98.000000,80.166700,55.666700,0.456026,0.158816,0.082613,0.000042,-0.007978,-0.018226,0.000000,3,3,0,fixed,3,3,0,0,3.000000,4.000000
10,multi_greedy,3,3,55,1,1,2,1.316919,80.166700,0.164615,28,0.345926,47,0,1,0,0.345926,0.398053,0.052127,0.052127,0.345926,0.041678,3,55,1,0,34,28,18,98.000000,80.166700,55.666700,0.443103,0.164474,0.082613,0.007572,0.000042,-0.011298,0.007572,3,3,0,fixed,3,3,0,0,3.000000,4.000000
10,multi_greedy,3,3,56,0,0,2,3.662358,98.000000,0.457795,34,0.345926,47,0,0,0,0.345926,0.398053,0.052127,0.052127,0.345926,0.041678,3,55,1,0,34,28,18,98.000000,80.166700,55.666700,0.456025,0.158816,0.082613,0.000042,-0.007978,-0.018226,0.000000,3,3,0,fixed,3,3,0,0,3.000000,4.000000
10,multi_greedy,3,3,57,0,0,1,3.506182,98.000000,1.168727,34,0.345926,47,0,0,0,0.345926,0.398053,0.052127,0.052127,0.345926,0.041678,3,55,1,-1,34,28,18,98.000000,80.166700,55.666700,1.168436,0.938413,0.959132,0.000042,-0.002268,-0.004573,0.000000,3,3,0,fixed,3,3,0,0,3.000000,4.000000
10,multi_greedy,3,3,58,1,1,1,2.995096,80.166700,0.998365,28,0.345926,47,0,1,0,0.345926,0.398053,0.052127,0.052127,0.345926,0.041678,3,55,1,-1,34,28,18,98.000000,80.166700,55.666700,1.135099,0.968623,0.959132,0.002201,0.000042,-0.002397,0.002201,3,3,0,fixed,3,3,0,0,3.000000,4.000000
10,multi_greedy,3,3,59,0,0,4,0.000000,98.000000,0.408163,34,0.345926,47,0,0,0,0.345926,0.398053,0.052127,0.052127,0.345926,0.041678,3,55,1,0,34,28,18,98.000000,80.166700,55.666700,0.408163,0.498960,0.718562,0.000042,-0.001260,-0.002712,0.000000,3,3,0,fixed,3,3,0,0,3.000000,4.000000
10,multi_greedy,3,3,60,0,0,4,0.000000,98.000000,0.408163,34,0.345926,47,0,0,0,0.345926,0.398053,0.052127,0.052127,0.345926,0.041678,3,55,1,0,34,28,18,98.000000,80.166700,55.666700,0.408163,0.498960,0.718562,0.000042,-0.001260,-0.002712,0.000000,3,3,0,fixed,3,3,0,0,3.000000,4.000000
10,multi_greedy,3,3,61,0,0,2,3.662294,98.000000,0.457787,34,0.345926,47,0,0,0,0.345926,0.398053,0.052127,0.052127,0.345926,0.041678,3,55,1,0,34,28,18,98.000000,80.166700,55.666700,0.456026,0.158816,0.082613,0.000042,-0.007978,-0.018226,0.000000,3,3,0,fixed,3,3,0,0,3.000000,4.000000
10,multi_greedy,3,3,62,1,1,1,2.804684,80.166700,0.934895,28,0.345926,47,0,1,0,0.345926,0.398053,0.052127,0.052127,0.345926,0.041678,3,55,1,-1,34,28,18,98.000000,80.166700,55.666700,1.135099,0.976557,0.959132,0.002189,0.000042,-0.002409,0.002189,3,3,0,fixed,3,3,0,0,3.000000,4.000000
10,multi_greedy,3,3,63,2,2,3,0.000000,55.666700,1.796406,18,0.345926,47,0,2,0,0.345926,0.398053,0.052127,0.052127,0.345926,0.041678,3,55,1,-1,34,28,18,98.000000,80.166700,55.666700,1.020408,1.247401,1.796406,0.003809,0.002074,0.000042,0.003809,3,3,0,fixed,3,3,0,0,3.000000,4.000000
10,multi_greedy,3,3,64,2,2,4,0.000000,55.666700,0.718562,18,0.345926,47,0,2,0,0.345926,0.398053,0.052127,0.052127,0.345926,0.041678,3,55,1,-1,34,28,18,98.000000,80.166700,55.666700,0.408163,0.498960,0.718562,0.002841,0.001518,0.000042,0.002841,3,3,0,fixed,3,3,0,0,3.000000,4.000000
10,multi_greedy,3,3,65,1,1,4,0.000000,80.166700,0.498960,28,0.345926,47,0,1,0,0.345926,0.398053,0.052127,0.052127,0.345926,0.041678,3,55,1,0,34,28,18,98.000000,80.166700,55.666700,0.408163,0.498960,0.718562,0.001354,0.000042,-0.001421,0.001354,3,3,0,fixed,3,3,0,0,3.000000,4.000000
10,multi_greedy,3,3,66,0,0,1,3.505679,98.000000,1.168560,34,0.345926,47,0,0,0,0.345926,0.398053,0.052127,0.052127,0.345926,0.041678,3,55,1,-1,34,28,18,98.000000,80.166700,55.666700,1.168469,0.938413,0.959132,0.000042,-0.002268,-0.004573,0.000000,3,3,0,fixed,3,3,0,0,3.000000,4.000000
10,multi_greedy,3,3,67,1,1,1,2.869561,80.166700,0.956520,28,0.345926,47,0,1,0,0.345926,0.398053,0.052127,0.052127,0.345926,0.041678,3,55,1,-1,34,28,18,98.000000,80.166700,55.666700,1.135099,0.973854,0.959132,0.002193,0.000042,-0.002405,0.002193,3,3,0,fixed,3,3,0,0,3.000000,4.000000
10,multi_greedy,3,3,68,1,1,4,0.000000,80.166700,0.498960,28,0.345926,47,0,1,0,0.345926,0.398053,0.052127,0.052127,0.345926,0.041678,3,55,1,0,34,28,18,98.000000,80.166700,55.666700,0.408163,0.498960,0.718562,0.001354,0.000042,-0.001421,0.001354,3,3,0,fixed,3,3,0,0,3.000000,4.000000
10,multi_greedy,3,3,69,2,2,4,0.000000,55.666700,0.718562,18,0.345926,47,0,2,0,0.345926,0.398053,0.052127,0.052127,0.345926,0.041678,3,55,1,-1,34,28,18,98.000000,80.166700,55.666700,0.408163,0.498960,0.718562,0.002841,0.001518,0.000042,0.002841,3,3,0,fixed,3,3,0,0,3.000000,4.000000
10,multi_greedy,3,3,70,0,0,2,3.662195,98.000000,0.457774,34,0.345926,47,0,0,0,0.345926,0.398053,0.052127,0.052127,0.345926,0.041678,3,55,1,0,34,28,18,98.000000,80.166700,55.666700,0.456027,0.158816,0.082613,0.000042,-0.007978,-0.018226,0.000000,3,3,0,fixed,3,3,0,0,3.000000,4.000000
10,multi_greedy,3,3,71,0,0,4,0.000000,98.000000,0.408163,34,0.345926,47,0,0,0,0.345926,0.398053,0.052127,0.052127,0.345926,0.041678,3,55,1,0,34,28,18,98.000000,80.166700,55.666700,0.408163,0.498960,0.718562,0.000042,-0.001260,-0.002712,0.000000,3,3,0,fixed,3,3,0,0,3.000000,4.000000
10,multi_greedy,3,3,72,1,1,2,1.316855,80.166700,0.164607,28,0.345926,47,0,1,0,0.345926,0.398053,0.052127,0.052127,0.345926,0.041678,3,55,1,0,34,28,18,98.000000,80.166700,55.666700,0.443103,0.164475,0.082613,0.007572,0.000042,-0.011299,0.007572,3,3,0,fixed,3,3,0,0,3.000000,4.000000
10,multi_greedy,3,3,73,1,1,2,1.316896,80.166700,0.164612,28,0.345926,47,0,1,0,0.345926,0.398053,0.052127,0.052127,0.345926,0.041678,3,55,1,0,34,28,18,98.000000,80.166700,55.666700,0.443103,0.164474,0.082613,0.007572,0.000042,-0.011299,0.007572,3,3,0,fixed,3,3,0,0,3.000000,4.000000
10,multi_greedy,3,3,74,0,0,4,0.000000,98.000000,0.408163,34,0.345926,47,0,0,0,0.345926,0.398053,0.052127,0.052127,0.345926,0.041678,3,55,1,0,34,28,18,98.000000,80.166700,55.666700,0.408163,0.498960,0.718562,0.000042,-0.001260,-0.002712,0.000000,3,3,0,fixed,3,3,0,0,3.000000,4.000000
10,multi_greedy,3,3,75,2,2,1,3.107383,55.666700,1.035794,18,0.345926,47,0,2,0,0.345926,0.398053,0.052127,0.052127,0.345926,0.041678,3,55,1,-1,34,28,18,98.000000,80.166700,55.666700,1.135099,0.938413,1.006572,0.004546,0.002252,0.000042,0.004546,3,3,0,fixed,3,3,0,0,3.000000,4.000000
10,multi_greedy,3,3,76,0,0,3,0.000000,98.000000,1.020408,34,0.345926,47,0,0,0,0.345926,0.398053,0.052127,0.052127,0.345926,0.041678,3,55,1,1,34,28,18,98.000000,80.166700,55.666700,1.020408,1.247401,1.796406,0.000042,-0.001656,-0.003645,0.000000,3,3,0,fixed,3,3,0,0,3.000000,4.000000
10,multi_greedy,3,3,77,1,1,2,1.314699,80.166700,0.164337,28,0.345926,47,0,1,0,0.345926,0.398053,0.052127,0.052127,0.345926,0.041678,3,55,1,0,34,28,18,98.000000,80.166700,55.666700,0.443103,0.164504,0.082613,0.007570,0.000042,-0.011300,0.007570,3,3,0,fixed,3,3,0,0,3.000000,4.000000
10,multi_greedy,3,3,78,0,0,3,0.000000,98.000000,1.020408,34,0.345926,47,0,0,0,0.345926,0.398053,0.052127,0.052127,0.345926,0.041678,3,55,1,1,34,28,18,98.000000,80.166700,55.666700,1.020408,1.247401,1.796406,0.000042,-0.001656,-0.003645,0.000000,3,3,0,fixed,3,3,0,0,3.000000,4.000000
10,multi_greedy,3,3,79,0,0,4,0.000000,98.000000,0.408163,34,0.345926,47,0,0,0,0.345926,0.398053,0.052127,0.052127,0.345926,0.041678,3,55,1,0,34,28,18,98.000000,80.166700,55.666700,0.408163,0.498960,0.718562,0.000042,-0.001260,-0.002712,0.000000,3,3,0,fixed,3,3,0,0,3.000000,4.000000
10,multi_greedy,3,3,80,2,2,3,0.000000,55.666700,1.796406,18,0.345926,47,0,2,0,0.345926,0.398053,0.052127,0.052127,0.345926,0.041678,3,55,1,-1,34,28,18,98.000000,80.166700,55.666700,1.020408,1.247401,1.796406,0.003809,0.002074,0.000042,0.003809,3,3,0,fixed,3,3,0,0,3.000000,4.000000
10,multi_greedy,3,4,1,0,0,2,3.056740,99.166700,0.382092,37,0.393396,40,0,0,0,0.393396,0.427244,0.033848,0.033848,0.393396,0.047470,3,40,1,0,37,28,15,99.166700,79.666700,54.333300,0.384226,0.161893,0.100190,0.000036,-0.008728,-0.015110,0.000000,3,3,0,fixed,3,3,0,0,3.000000,4.000000
10,multi_greedy,3,4,2,0,0,2,3.051333,99.166700,0.381417,37,0.393396,40,0,0,0,0.393396,0.427244,0.033848,0.033848,0.393396,0.047470,3,40,1,0,37,28,15,99.166700,79.666700,54.333300,0.384263,0.161893,0.100190,0.000036,-0.008728,-0.015110,0.000000,3,3,0,fixed,3,3,0,0,3.000000,4.000000
10,multi_greedy,3,4,3,2,2,1,3.355412,54.333300,1.118471,15,0.393396,40,0,2,0,0.393396,0.427244,0.033848,0.033848,0.393396,0.047470,3,40,1,-1,37,28,15,99.166700,79.666700,54.333300,1.135606,0.929213,1.124020,0.001283,-0.001009,0.000036,0.001283,3,3,0,fixed,3,3,0,0,3.000000,4.000000
10,multi_greedy,3,4,4,2,2,1,3.425666,54.333300,1.141889,15,0.393396,40,0,2,0,0.393396,0.427244,0.033848,0.033848,0.393396,0.047470,3,40,1,-1,37,28,15,99.166700,79.666700,54.333300,1.135606,0.929213,1.118165,0.001291,-0.001000,0.000036,0.001291,3,3,0,fixed,3,3,0,0,3.000000,4.000000
10,multi_greedy,3,4,5,0,0,2,3.074297,99.166700,0.384287,37,0.393396,40,0,0,0,0.393396,0.427244,0.033848,0.033848,0.393396,0.047470,3,40,1,0,37,28,15,99.166700,79.666700,54.333300,0.384104,0.161893,0.100190,0.000036,-0.008726,-0.015108,0.000000,3,3,0,fixed,3,3,0,0,3.000000,4.000000
10,multi_greedy,3,4,6,0,0,1,3.491304,99.166700,1.163768,37,0.393396,40,0,0,0,0.393396,0.427244,0.033848,0.033848,0.393396,0.047470,3,40,1,1,37,28,15,99.166700,79.666700,54.333300,1.166805,0.929213,1.052728,0.000036,-0.002330,-0.001522,0.000000,3,3,0,fixed,3,3,0,0,3.000000,4.000000
10,multi_greedy,3,4,7,0,0,2,3.030636,99.166700,0.378829,37,0.393396,40,0,0,0,0.393396,0.427244,0.033848,0.033848,0.393396,0.047470,3,40,1,0,37,28,15,99.166700,79.666700,54.333300,0.384407,0.161893,0.100190,0.000036,-0.008730,-0.015112,0.000000,3,3,0,fixed,3,3,0,0,3.000000,4.000000
10,multi_greedy,3,4,8,0,0,2,3.164981,99.166700,0.395623,37,0.393396,40,0,0,0,0.393396,0.427244,0.033848,0.033848,0.393396,0.047470,3,40,1,0,37,28,15,99.166700,79.666700,54.333300,0.383474,0.161893,0.100190,0.000036,-0.008719,-0.015101,0.000000,3,3,0,fixed,3,3,0,0,3.000000,4.000000
10,multi_greedy,3,4,9,1,1,3,0.000000,79.666700,1.255230,28,0.393396,40,0,1,0,0.393396,0.427244,0.033848,0.033848,0.393396,0.047470,3,40,1,1,37,28,15,99.166700,79.666700,54.333300,1.008403,1.255230,1.840492,0.001576,0.000036,0.001101,0.001576,3,3,0,fixed,3,3,0,0,3.000000,4.000000
10,multi_greedy,3,4,10,0,0,2,3.030549,99.166700,0.378819,37,0.393396,40,0,0,0,0.393396,0.427244,0.033848,0.033848,0.393396,0.047470,3,40,1,0,37,28,15,99.166700,79.666700,54.333300,0.384407,0.161893,0.100190,0.000036,-0.008730,-0.015112,0.000000,3,3,0,fixed,3,3,0,0,3.000000,4.000000
10,multi_greedy,3,4,11,0,0,1,3.496694,99.166700,1.165565,37,0.393396,40,0,0,0,0.393396,0.427244,0.033848,0.033848,0.393396,0.047470,3,40,1,1,37,28,15,99.166700,79.666700,54.333300,1.166445,0.929213,1.052728,0.000036,-0.002330,-0.001522,0.000000,3,3,0,fixed,3,3,0,0,3.000000,4.000000
10,multi_greedy,3,4,12,1,1,2,1.329996,79.666700,0.166249,28,0.393396,40,0,1,0,0.393396,0.427244,0.033848,0.033848,0.393396,0.047470,3,40,1,0,37,28,15,99.166700,79.666700,54.333300,0.374005,0.167833,0.100190,0.008051,0.000036,-0.007442,0.008051,3,3,0,fixed,3,3,0,0,3.000000,4.000000
10,multi_greedy,3,4,13,1,1,2,1.332241,79.666700,0.166530,28,0.393396,40,0,1,0,0.393396,0.427244,0.033848,0.033848,0.393396,0.047470,3,40,1,0,37,28,15,99.166700,79.666700,54.333300,0.374005,0.167802,0.100190,0.008053,0.000036,-0.007440,0.008053,3,3,0,fixed,3,3,0,0,3.000000,4.000000
10,multi_greedy,3,4,14,1,1,2,1.331141,79.666700,0.166393,28,0.393396,40,0,1,0,0.393396,0.427244,0.033848,0.033848,0.393396,0.047470,3,40,1,0,37,28,15,99.166700,79.666700,54.333300,0.374005,0.167817,0.100190,0.008052,0.000036,-0.007441,0.008052,3,3,0,fixed,3,3,0,0,3.000000,4.000000
10,multi_greedy,3,4,15,0,0,4,0.000000,99.166700,0.403361,37,0.393396,40,0,0,0,0.393396,0.427244,0.033848,0.033848,0.393396,0.047470,3,40,1,0,37,28,15,99.166700,79.666700,54.333300,0.403361,0.502092,0.736197,0.000036,-0.000930,0.000867,0.000867,3,3,0,fixed,3,3,0,0,3.000000,4.000000
10,multi_greedy,3,4,16,1,1,1,2.929887,79.666700,0.976629,28,0.393396,40,0,1,0,0.393396,0.427244,0.033848,0.033848,0.393396,0.047470,3,40,1,-1,37,28,15,99.166700,79.666700,54.333300,1.135606,0.960620,1.052728,0.002198,0.000036,0.000713,0.002198,3,3,0,fixed,3,3,0,0,3.000000,4.000000
10,multi_greedy,3,4,17,1,1,2,1.331114,79.666700,0.166389,28,0.393396,40,0,1,0,0.393396,0.427244,0.033848,0.033848,0.393396,0.047470,3,40,1,0,37,28,15,99.166700,79.666700,54.333300,0.374005,0.167818,0.100190,0.008052,0.000036,-0.007441,0.008052,3,3,0,fixed,3,3,0,0,3.000000,4.000000
10,multi_greedy,3,4,18,1,1,4,0.000000,79.666700,0.502092,28,0.393396,40,0,1,0,0.393396,0.427244,0.033848,0.033848,0.393396,0.047470,3,40,1,-1,37,28,15,99.166700,79.666700,54.333300,0.403361,0.502092,0.736197,0.001007,0.000036,0.001842,0.001842,3,3,0,fixed,3,3,0,0,3.000000,4.000000
10,multi_greedy,3,4,19,1,1,1,2.867898,79.666700,0.955966,28,0.393396,40,0,1,0,0.393396,0.427244,0.033848,0.033848,0.393396,0.047470,3,40,1,-1,37,28,15,99.166700,79.666700,54.333300,1.135606,0.963203,1.052728,0.002193,0.000036,0.000708,0.002193,3,3,0,fixed,3,3,0,0,3.000000,4.000000
10,multi_greedy,3,4,20,0,0,4,0.000000,99.166700,0.403361,37,0.393396,40,0,0,0,0.393396,0.427244,0.033848,0.033848,0.393396,0.047470,3,40,1,0,37,28,15,99.166700,79.666700,54.333300,0.403361,0.502092,0.736197,0.000036,-0.000930,0.000867,0.000867,3,3,0,fixed,3,3,0,0,3.000000,4.000000
10,multi_greedy,3,4,21,0,0,2,3.030589,99.166700,0.378824,37,0.393396,40,0,0,0,0.393396,0.427244,0.033848,0.033848,0.393396,0.047470,3,40,1,0,37,28,15,99.166700,79.666700,54.333300,0.384407,0.161893,0.100190,0.000036,-0.008730,-0.015112,0.000000,3,3,0,fixed,3,3,0,0,3.000000,4.000000
10,multi_greedy,3,4,22,1,1,1,2.775954,79.666700,0.925318,28,0.393396,40,0,1,0,0.393396,0.427244,0.033848,0.033848,0.393396,0.047470,3,40,1,-1,37,28,15,99.166700,79.666700,54.333300,1.135606,0.967034,1.052728,0.002185,0.000036,0.000700,0.002185,3,3,0,fixed,3,3,0,0,3.000000,4.000000
10,multi_greedy,3,4,23,2,2,4,0.000000,54.333300,0.736197,15,0.393396,40,0,2,0,0.393396,0.427244,0.033848,0.033848,0.393396,0.047470,3,40,1,-1,37,28,15,99.166700,79.666700,54.333300,0.403361,0.502092,0.736197,-0.000791,-0.001753,0.000036,0.000000,3,3,0,fixed,3,3,0,0,3.000000,4.000000
10,multi_greedy,3,4,24,1,1,1,2.882830,79.666700,0.960943,28,0.393396,40,0,1,0,0.393396,0.427244,0.033848,0.033848,0.393396,0.047470,3,40,1,-1,37,28,15,99.166700,79.666700,54.333300,1.135606,0.962581,1.052728,0.002194,0.000036,0.000709,0.002194,3,3,0,fixed,3,3,0,0,3.000000,4.000000
10,multi_greedy,3,4,25,1,1,2,1.355188,79.666700,0.169398,28,0.393396,40,0,1,0,0.393396,0.427244,0.033848,0.033848,0.393396,0.047470,3,40,1,0,37,28,15,99.166700,79.666700,54.333300,0.374005,0.167483,0.100190,0.008075,0.000036,-0.007420,0.008075,3,3,0,fixed,3,3,0,0,3.000000,4.000000
10,multi_greedy,3,4,26,2,2,1,3.346859,54.333300,1.115620,15,0.393396,40,0,2,0,0.393396,0.427244,0.033848,0.033848,0.393396,0.047470,3,40,1,-1,37,28,15,99.166700,79.666700,54.333300,1.135606,0.929213,1.124732,0.001282,-0.001010,0.000036,0.001282,3,3,0,fixed,3,3,0,0,3.000000,4.000000
10,multi_greedy,3,4,27,1,1,3,0.000000,79.666700,1.255230,28,0.393396,40,0,1,0,0.393396,0.427244,0.033848,0.033848,0.393396,0.047470,3,40,1,1,37,28,15,99.166700,79.666700,54.333300,1.008403,1.255230,1.840492,0.001576,0.000036,0.001101,0.001576,3,3,0,fixed,3,3,0,0,3.000000,4.000000
10,multi_greedy,3,4,28,0,0,2,3.042612,99.166700,0.380326,37,0.393396,40,0,0,0,0.393396,0.427244,0.033848,0.033848,0.393396,0.047470,3,40,1,0,37,28,15,99.166700,79.666700,54.333300,0.384324,0.161893,0.100190,0.000036,-0.008729,-0.015111,0.000000,3,3,0,fixed,3,3,0,0,3.000000,4.000000
10,multi_greedy,3,4,29,0,0,1,3.505301,99.166700,1.168434,37,0.393396,40,0,0,0,0.393396,0.427244,0.033848,0.033848,0.393396,0.047470,3,40,1,1,37,28,15,99.166700,79.666700,54.333300,1.165871,0.929213,1.052728,0.000036,-0.002329,-0.001521,0.000000,3,3,0,fixed,3,3,0,0,3.000000,4.000000
10,multi_greedy,3,4,30,0,0,3,0.000000,99.166700,1.008403,37,0.393396,40,0,0,0,0.393396,0.427244,0.033848,0.033848,0.393396,0.047470,3,40,1,1,37,28,15,99.166700,79.666700,54.333300,1.008403,1.255230,1.840492,0.000036,-0.001492,-0.000436,0.000000,3,3,0,fixed,3,3,0,0,3.000000,4.000000
10,multi_greedy,3,4,31,2,2,2,0.841489,54.333300,0.105186,15,0.393396,40,1,0,1,0.393396,0.427244,0.033848,0.033848,0.393396,0.047470,3,40,1,0,37,28,15,99.166700,79.666700,54.333300,0.374005,0.161893,0.107710,0.013408,0.004325,0.000036,0.013408,3,3,0,fixed,3,3,0,0,3.000000,4.000000
10,multi_greedy,3,4,32,0,0,2,3.079839,99.166700,0.384980,37,0.393396,40,0,0,0,0.393396,0.427244,0.033848,0.033848,0.393396,0.047470,3,40,1,0,37,28,15,99.166700,79.666700,54.333300,0.384065,0.161893,0.100190,0.000036,-0.008726,-0.015108,0.000000,3,3,0,fixed,3,3,0,0,3.000000,4.000000
10,multi_greedy,3,4,33,1,1,4,0.000000,79.666700,0.502092,28,0.393396,40,0,1,0,0.393396,0.427244,0.033848,0.033848,0.393396,0.047470,3,40,1,-1,37,28,15,99.166700,79.666700,54.333300,0.403361,0.502092,0.736197,0.001007,0.000036,0.001842,0.001842,3,3,0,fixed,3,3,0,0,3.000000,4.000000
10,multi_greedy,3,4,34,0,0,2,3.080909,99.166700,0.385114,37,0.393396,40,0,0,0,0.393396,0.427244,0.033848,0.033848,0.393396,0.047470,3,40,1,0,37,28,15,99.166700,79.666700,54.333300,0.384058,0.161893,0.100190,0.000036,-0.008726,-0.015108,0.000000,3,3,0,fixed,3,3,0,0,3.000000,4.000000
10,multi_greedy,3,4,35,1,1,1,2.911518,79.666700,0.970506,28,0.393396,40,0,1,0,0.393396,0.427244,0.033848,0.033848,0.393396,0.047470,3,40,1,-1,37,28,15,99.166700,79.666700,54.333300,1.135606,0.961386,1.052728,0.002196,0.000036,0.000712,0.002196,3,3,0,fixed,3,3,0,0,3.000000,4.000000
10,multi_greedy,3,4,36,0,0,4,0.000000,99.166700,0.403361,37,0.393396,40,0,0,0,0.393396,0.427244,0.033848,0.033848,0.393396,0.047470,3,40,1,0,37,28,15,99.166700,79.666700,54.333300,0.403361,0.502092,0.736197,0.000036,-0.000930,0.000867,0.000867,3,3,0,fixed,3,3,0,0,3.000000,4.000000
10,multi_greedy,3,4,37,2,2,4,0.000000,54.333300,0.736197,15,0.393396,40,0,2,0,0.393396,0.427244,0.033848,0.033848,0.393396,0.047470,3,40,1,-1,37,28,15,99.166700,79.666700,54.333300,0.403361,0.502092,0.736197,-0.000791,-0.001753,0.000036,0.000000,3,3,0,fixed,3,3,0,0,3.000000,4.000000
10,multi_greedy,3,4,38,1,1,4,0.000000,79.666700,0.502092,28,0.393396,40,0,1,0,0.393396,0.427244,0.033848,0.033848,0.393396,0.047470,3,40,1,-1,37,28,15,99.166700,79.666700,54.333300,0.403361,0.502092,0.736197,0.001007,0.000036,0.001842,0.001842,3,3,0,fixed,3,3,0,0,3.000000,4.000000
10,multi_greedy,3,4,39,0,0,2,3.170369,99.166700,0.396296,37,0.393396,40,0,0,0,0.393396,0.427244,0.033848,0.033848,0.393396,0.047470,3,40,1,0,37,28,15,99.166700,79.666700,54.333300,0.383436,0.161893,0.100190,0.000036,-0.008718,-0.015100,0.000000,3,3,0,fixed,3,3,0,0,3.000000,4.000000
10,multi_greedy,3,4,40,0,0,3,0.000000,99.166700,1.008403,37,0.393396,40,0,0,0,0.393396,0.427244,0.033848,0.033848,0.393396,0.047470,3,40,1,1,37,28,15,99.166700,79.666700,54.333300,1.008403,1.255230,1.840492,0.000036,-0.001492,-0.000436,0.000000,3,3,0,fixed,3,3,0,0,3.000000,4.000000
10,multi_greedy,3,4,41,0,0,2,3.032776,99.166700,0.379097,37,0.393396,40,0,0,0,0.393396,0.427244,0.033848,0.033848,0.393396,0.047470,3,40,1,0,37,28,15,99.166700,79.666700,54.333300,0.384392,0.161893,0.100190,0.000036,-0.008730,-0.015112,0.000000,3,3,0,fixed,3,3,0,0,3.000000,4.000000
10,multi_greedy,3,4,42,1,1,1,2.898955,79.666700,0.966318,28,0.393396,40,0,1,0,0.393396,0.427244,0.033848,0.033848,0.393396,0.047470,3,40,1,-1,37,28,15,99.166700,79.666700,54.333300,1.135606,0.961909,1.052728,0.002195,0.000036,0.000711,0.002195,3,3,0,fixed,3,3,0,0,3.000000,4.000000
10,multi_greedy,3,4,43,2,2,2,0.867661,54.333300,0.108458,15,0.393396,40,0,0,1,0.393396,0.427244,0.033848,0.033848,0.393396,0.047470,3,40,1,0,37,28,15,99.166700,79.666700,54.333300,0.374005,0.161893,0.106075,0.013685,0.004589,0.000036,0.013685,3,3,0,fixed,3,3,0,0,3.000000,4.000000
10,multi_greedy,3,4,44,1,1,2,1.345362,79.666700,0.168170,28,0.393396,40,0,1,0,0.393396,0.427244,0.033848,0.033848,0.393396,0.047470,3,40,1,0,37,28,15,99.166700,79.666700,54.333300,0.374005,0.167620,0.100190,0.008066,0.000036,-0.007429,0.008066,3,3,0,fixed,3,3,0,0,3.000000,4.000000
10,multi_greedy,3,4,45,0,0,2,3.137538,99.166700,0.392192,37,0.393396,40,0,0,0,0.393396,0.427244,0.033848,0.033848,0.393396,0.047470,3,40,1,0,37,28,15,99.166700,79.666700,54.333300,0.383664,0.161893,0.100190,0.000036,-0.008721,-0.015103,0.000000,3,3,0,fixed,3,3,0,0,3.000000,4.000000
10,multi_greedy,3,4,46,2,2,2,0.855704,54.333300,0.106963,15,0.393396,40,0,0,1,0.393396,0.427244,0.033848,0.033848,0.393396,0.047470,3,40,1,0,37,28,15,99.166700,79.666700,54.333300,0.374005,0.161893,0.106822,0.013557,0.004467,0.000036,0.013557,3,3,0,fixed,3,3,0,0,3.000000,4.000000
10,multi_greedy,3,4,47,0,0,1,3.505301,99.166700,1.168434,37,0.393396,40,0,0,0,0.393396,0.427244,0.033848,0.033848,0.393396,0.047470,3,40,1,1,37,28,15,99.166700,79.666700,54.333300,1.165871,0.929213,1.052728,0.000036,-0.002329,-0.001521,0.000000,3,3,0,fixed,3,3,0,0,3.000000,4.000000
10,multi_greedy,3,4,48,2,2,4,0.000000,54.333300,0.736197,15,0.393396,40,0,2,0,0.393396,0.427244,0.033848,0.033848,0.393396,0.047470,3,40,1,-1,37,28,15,99.166700,79.666700,54.333300,0.403361,0.502092,0.736197,-0.000791,-0.001753,0.000036,0.000000,3,3,0,fixed,3,3,0,0,3.000000,4.000000
10,multi_greedy,3,4,49,1,1,4,0.000000,79.666700,0.502092,28,0.393396,40,0,1,0,0.393396,0.427244,0.033848,0.033848,0.393396,0.047470,3,40,1,-1,37,28,15,99.166700,79.666700,54.333300,0.403361,0.502092,0.736197,0.001007,0.000036,0.001842,0.001842,3,3,0,fixed,3,3,0,0,3.000000,4.000000
10,multi_greedy,3,4,50,0,0,2,3.043593,99.166700,0.380449,37,0.393396,40,0,0,0,0.393396,0.427244,0.033848,0.033848,0.393396,0.047470,3,40,1,0,37,28,15,99.166700,79.666700,54.333300,0.384317,0.161893,0.100190,0.000036,-0.008729,-0.015111,0.000000,3,3,0,fixed,3,3,0,0,3.000000,4.000000
10,multi_greedy,3,4,51,1,1,4,0.000000,79.666700,0.502092,28,0.393396,40,0,1,0,0.393396,0.427244,0.033848,0.033848,0.393396,0.047470,3,40,1,-1,37,28,15,99.166700,79.666700,54.333300,0.403361,0.502092,0.736197,0.001007,0.000036,0.001842,0.001842,3,3,0,fixed,3,3,0,0,3.000000,4.000000
10,multi_greedy,3,4,52,2,2,1,3.406728,54.333300,1.135576,15,0.393396,40,0,2,0,0.393396,0.427244,0.033848,0.033848,0.393396,0.047470,3,40,1,-1,37,28,15,99.166700,79.666700,54.333300,1.135606,0.929213,1.119743,0.001289,-0.001003,0.000036,0.001289,3,3,0,fixed,3,3,0,0,3.000000,4.000000
10,multi_greedy,3,4,53,0,0,2,3.043580,99.166700,0.380448,37,0.393396,40,0,0,0,0.393396,0.427244,0.033848,0.033848,0.393396,0.047470,3,40,1,0,37,28,15,99.166700,79.666700,54.333300,0.384317,0.161893,0.100190,0.000036,-0.008729,-0.015111,0.000000,3,3,0,fixed,3,3,0,0,3.000000,4.000000
10,multi_greedy,3,4,54,0,0,2,3.076512,99.166700,0.384564,37,0.393396,40,0,0,0,0.393396,0.427244,0.033848,0.033848,0.393396,0.047470,3,40,1,0,37,28,15,99.166700,79.666700,54.333300,0.384088,0.161893,0.100190,0.000036,-0.008726,-0.015108,0.000000,3,3,0,fixed,3,3,0,0,3.000000,4.000000
10,multi_greedy,3,4,55,1,1,2,1.345352,79.666700,0.168169,28,0.393396,40,0,1,0,0.393396,0.427244,0.033848,0.033848,0.393396,0.047470,3,40,1,0,37,28,15,99.166700,79.666700,54.333300,0.374005,0.167620,0.100190,0.008066,0.000036,-0.007429,0.008066,3,3,0,fixed,3,3,0,0,3.000000,4.000000
10,multi_greedy,3,4,56,0,0,2,3.080921,99.166700,0.385115,37,0.393396,40,0,0,0,0.393396,0.427244,0.033848,0.033848,0.393396,0.047470,3,40,1,0,37,28,15,99.166700,79.666700,54.333300,0.384058,0.161893,0.100190,0.000036,-0.008726,-0.015108,0.000000,3,3,0,fixed,3,3,0,0,3.000000,4.000000
10,multi_greedy,3,4,57,0,0,1,3.496191,99.166700,1.165397,37,0.393396,40,0,0,0,0.393396,0.427244,0.033848,0.033848,0.393396,0.047470,3,40,1,1,37,28,15,99.166700,79.666700,54.333300,1.166479,0.929213,1.052728,0.000036,-0.002330,-0.001522,0.000000,3,3,0,fixed,3,3,0,0,3.000000,4.000000
10,multi_greedy,3,4,58,1,1,1,2.861789,79.666700,0.953930,28,0.393396,40,0,1,0,0.393396,0.427244,0.033848,0.033848,0.393396,0.047470,3,40,1,-1,37,28,15,99.166700,79.666700,54.333300,1.135606,0.963458,1.052728,0.002192,0.000036,0.000708,0.002192,3,3,0,fixed,3,3,0,0,3.000000,4.000000
10,multi_greedy,3,4,59,0,0,4,0.000000,99.166700,0.403361,37,0.393396,40,0,0,0,0.393396,0.427244,0.033848,0.033848,0.393396,0.047470,3,40,1,0,37,28,15,99.166700,79.666700,54.333300,0.403361,0.502092,0.736197,0.000036,-0.000930,0.000867,0.000867,3,3,0,fixed,3,3,0,0,3.000000,4.000000
10,multi_greedy,3,4,60,0,0,4,0.000000,99.166700,0.403361,37,0.393396,40,0,0,0,0.393396,0.427244,0.033848,0.033848,0.393396,0.047470,3,40,1,0,37,28,15,99.166700,79.666700,54.333300,0.403361,0.502092,0.736197,0.000036,-0.000930,0.000867,0.000867,3,3,0,fixed,3,3,0,0,3.000000,4.000000
10,multi_greedy,3,4,61,0,0,2,3.080956,99.166700,0.385119,37,0.393396,40,0,0,0,0.393396,0.427244,0.033848,0.033848,0.393396,0.047470,3,40,1,0,37,28,15,99.166700,79.666700,54.333300,0.384057,0.161893,0.100190,0.000036,-0.008726,-0.015108,0.000000,3,3,0,fixed,3,3,0,0,3.000000,4.000000
10,multi_greedy,3,4,62,1,1,1,2.985238,79.666700,0.995079,28,0.393396,40,0,1,0,0.393396,0.427244,0.033848,0.033848,0.393396,0.047470,3,40,1,-1,37,28,15,99.166700,79.666700,54.333300,1.135606,0.958314,1.052728,0.002203,0.000036,0.000718,0.002203,3,3,0,fixed,3,3,0,0,3.000000,4.000000
10,multi_greedy,3,4,63,2,2,3,0.000000,54.333300,1.840492,15,0.393396,40,0,2,0,0.393396,0.427244,0.033848,0.033848,0.393396,0.047470,3,40,1,-1,37,28,15,99.166700,79.666700,54.333300,1.008403,1.255230,1.840492,0.000509,-0.001023,0.000036,0.000509,3,3,0,fixed,3,3,0,0,3.000000,4.000000
10,multi_greedy,3,4,64,2,2,4,0.000000,54.333300,0.736197,15,0.393396,40,0,2,0,0.393396,0.427244,0.033848,0.033848,0.393396,0.047470,3,40,1,-1,37,28,15,99.166700,79.666700,54.333300,0.403361,0.502092,0.736197,-0.000791,-0.001753,0.000036,0.000000,3,3,0,fixed,3,3,0,0,3.000000,4.000000
10,multi_greedy,3,4,65,1,1,4,0.000000,79.666700,0.502092,28,0.393396,40,0,1,0,0.393396,0.427244,0.033848,0.033848,0.393396,0.047470,3,40,1,-1,37,28,15,99.166700,79.666700,54.333300,0.403361,0.502092,0.736197,0.001007,0.000036,0.001842,0.001842,3,3,0,fixed,3,3,0,0,3.000000,4.000000
10,multi_greedy,3,4,66,0,0,1,3.498581,99.166700,1.166194,37,0.393396,40,0,0,0,0.393396,0.427244,0.033848,0.033848,0.393396,0.047470,3,40,1,1,37,28,15,99.166700,79.666700,54.333300,1.166319,0.929213,1.052728,0.000036,-0.002330,-0.001521,0.000000,3,3,0,fixed,3,3,0,0,3.000000,4.000000
10,multi_greedy,3,4,67,1,1,1,2.870708,79.666700,0.956903,28,0.393396,40,0,1,0,0.393396,0.427244,0.033848,0.033848,0.393396,0.047470,3,40,1,-1,37,28,15,99.166700,79.666700,54.333300,1.135606,0.963086,1.052728,0.002193,0.000036,0.000708,0.002193,3,3,0,fixed,3,3,0,0,3.000000,4.000000
10,multi_greedy,3,4,68,1,1,4,0.000000,79.666700,0.502092,28,0.393396,40,0,1,0,0.393396,0.427244,0.033848,0.033848,0.393396,0.047470,3,40,1,-1,37,28,15,99.166700,79.666700,54.333300,0.403361,0.502092,0.736197,0.001007,0.000036,0.001842,0.001842,3,3,0,fixed,3,3,0,0,3.000000,4.000000
10,multi_greedy,3,4,69,2,2,4,0.000000,54.333300,0.736197,15,0.393396,40,0,2,0,0.393396,0.427244,0.033848,0.033848,0.393396,0.047470,3,40,1,-1,37,28,15,99.166700,79.666700,54.333300,0.403361,0.502092,0.736197,-0.000791,-0.001753,0.000036,0.000000,3,3,0,fixed,3,3,0,0,3.000000,4.000000
10,multi_greedy,3,4,70,0,0,2,3.076488,99.166700,0.384561,37,0.393396,40,0,0,0,0.393396,0.427244,0.033848,0.033848,0.393396,0.047470,3,40,1,0,37,28,15,99.166700,79.666700,54.333300,0.384088,0.161893,0.100190,0.000036,-0.008726,-0.015108,0.000000,3,3,0,fixed,3,3,0,0,3.000000,4.000000
10,multi_greedy,3,4,71,0,0,4,0.000000,99.166700,0.403361,37,0.393396,40,0,0,0,0.393396,0.427244,0.033848,0.033848,0.393396,0.047470,3,40,1,0,37,28,15,99.166700,79.666700,54.333300,0.403361,0.502092,0.736197,0.000036,-0.000930,0.000867,0.000867,3,3,0,fixed,3,3,0,0,3.000000,4.000000
10,multi_greedy,3,4,72,1,1,2,1.349681,79.666700,0.168710,28,0.393396,40,0,1,0,0.393396,0.427244,0.033848,0.033848,0.393396,0.047470,3,40,1,0,37,28,15,99.166700,79.666700,54.333300,0.374005,0.167560,0.100190,0.008070,0.000036,-0.007425,0.008070,3,3,0,fixed,3,3,0,0,3.000000,4.000000
10,multi_greedy,3,4,73,1,1,2,1.349663,79.666700,0.168708,28,0.393396,40,0,1,0,0.393396,0.427244,0.033848,0.033848,0.393396,0.047470,3,40,1,0,37,28,15,99.166700,79.666700,54.333300,0.374005,0.167560,0.100190,0.008070,0.000036,-0.007425,0.008070,3,3,0,fixed,3,3,0,0,3.000000,4.000000
10,multi_greedy,3,4,74,0,0,4,0.000000,99.166700,0.403361,37,0.393396,40,0,0,0,0.393396,0.427244,0.033848,0.033848,0.393396,0.047470,3,40,1,0,37,28,15,99.166700,79.666700,54.333300,0.403361,0.502092,0.736197,0.000036,-0.000930,0.000867,0.000867,3,3,0,fixed,3,3,0,0,3.000000,4.000000
10,multi_greedy,3,4,75,2,2,1,3.308983,54.333300,1.102994,15,0.393396,40,0,2,0,0.393396,0.427244,0.033848,0.033848,0.393396,0.047470,3,40,1,-1,37,28,15,99.166700,79.666700,54.333300,1.135606,0.929213,1.127889,0.001277,-0.001014,0.000036,0.001277,3,3,0,fixed,3,3,0,0,3.000000,4.000000
10,multi_greedy,3,4,76,0,0,3,0.000000,99.166700,1.008403,37,0.393396,40,0,0,0,0.393396,0.427244,0.033848,0.033848,0.393396,0.047470,3,40,1,1,37,28,15,99.166700,79.666700,54.333300,1.008403,1.255230,1.840492,0.000036,-0.001492,-0.000436,0.000000,3,3,0,fixed,3,3,0,0,3.000000,4.000000
10,multi_greedy,3,4,77,1,1,2,1.344252,79.666700,0.168032,28,0.393396,40,0,1,0,0.393396,0.427244,0.033848,0.033848,0.393396,0.047470,3,40,1,0,37,28,15,99.166700,79.666700,54.333300,0.374005,0.167635,0.100190,0.008065,0.000036,-0.007430,0.008065,3,3,0,fixed,3,3,0,0,3.000000,4.000000
10,multi_greedy,3,4,78,0,0,3,0.000000,99.166700,1.008403,37,0.393396,40,0,0,0,0.393396,0.427244,0.033848,0.033848,0.393396,0.047470,3,40,1,1,37,28,15,99.166700,79.666700,54.333300,1.008403,1.255230,1.840492,0.000036,-0.001492,-0.000436,0.000000,3,3,0,fixed,3,3,0,0,3.000000,4.000000
10,multi_greedy,3,4,79,0,0,4,0.000000,99.166700,0.403361,37,0.393396,40,0,0,0,0.393396,0.427244,0.033848,0.033848,0.393396,0.047470,3,40,1,0,37,28,15,99.166700,79.666700,54.333300,0.403361,0.502092,0.736197,0.000036,-0.000930,0.000867,0.000867,3,3,0,fixed,3,3,0,0,3.000000,4.000000
10,multi_greedy,3,4,80,2,2,3,0.000000,54.333300,1.840492,15,0.393396,40,0,2,0,0.393396,0.427244,0.033848,0.033848,0.393396,0.047470,3,40,1,-1,37,28,15,99.166700,79.666700,54.333300,1.008403,1.255230,1.840492,0.000509,-0.001023,0.000036,0.000509,3,3,0,fixed,3,3,0,0,3.000000,4.000000
10,multi_greedy,3,5,1,0,0,2,2.652388,100.333000,0.331548,40,0.420530,40,0,0,0,0.420530,0.420530,0.000000,0.000000,0.420530,0.027134,0,40,1,0,40,28,12,100.333000,79.166700,53.666700,0.336244,0.164757,0.421817,0.000316,-0.008003,0.004685,0.004685,3,0,3,fixed,3,3,0,0,3.000000,4.000000
10,multi_greedy,3,5,2,0,0,2,2.661126,100.333000,0.332641,40,0.420530,40,0,0,0,0.420530,0.420530,0.000000,0.000000,0.420530,0.027134,0,40,1,0,40,28,12,100.333000,79.166700,53.666700,0.336192,0.164757,0.421817,0.000316,-0.008002,0.004686,0.004686,3,0,3,fixed,3,3,0,0,3.000000,4.000000
10,multi_greedy,3,5,3,2,2,1,3.730705,53.666700,1.243568,12,0.420530,40,0,2,0,0.420530,0.420530,0.000000,0.000000,0.420530,0.027134,0,40,1,-1,40,28,12,100.333000,79.166700,53.666700,1.129977,0.920737,1.212337,-0.003095,-0.004970,0.000316,0.000000,3,0,3,fixed,3,3,0,0,3.000000,4.000000
10,multi_greedy,3,5,4,2,2,1,3.640939,53.666700,1.213646,12,0.420530,40,0,2,0,0.420530,0.420530,0.000000,0.000000,0.420530,0.027134,0,40,1,-1,40,28,12,100.333000,79.166700,53.666700,1.129977,0.920737,1.219818,-0.003105,-0.004980,0.000316,0.000000,3,0,3,fixed,3,3,0,0,3.000000,4.000000
10,multi_greedy,3,5,5,0,0,2,2.631649,100.333000,0.328956,40,0.420530,40,0,0,0,0.420530,0.420530,0.000000,0.000000,0.420530,0.027134,0,40,1,0,40,28,12,100.333000,79.166700,53.666700,0.336368,0.164757,0.421817,0.000316,-0.008006,0.004683,0.004683,3,0,3,fixed,3,3,0,0,3.000000,4.000000
10,multi_greedy,3,5,6,0,0,1,3.492933,100.333000,1.164311,40,0.420530,40,0,0,0,0.420530,0.420530,0.000000,0.000000,0.420530,0.027134,0,40,1,1,40,28,12,100.333000,79.166700,53.666700,1.157009,0.920737,1.124846,0.000316,-0.001683,0.003389,0.003389,3,0,3,fixed,3,3,0,0,3.000000,4.000000
10,multi_greedy,3,5,7,0,0,2,2.660089,100.333000,0.332511,40,0.420530,40,0,0,0,0.420530,0.420530,0.000000,0.000000,0.420530,0.027134,0,40,1,0,40,28,12,100.333000,79.166700,53.666700,0.336199,0.164757,0.421817,0.000316,-0.008003,0.004686,0.004686,3,0,3,fixed,3,3,0,0,3.000000,4.000000
10,multi_greedy,3,5,8,0,0,2,2.645894,100.333000,0.330737,40,0.420530,40,0,0,0,0.420530,0.420530,0.000000,0.000000,0.420530,0.027134,0,40,1,0,40,28,12,100.333000,79.166700,53.666700,0.336283,0.164757,0.421817,0.000316,-0.008004,0.004685,0.004685,3,0,3,fixed,3,3,0,0,3.000000,4.000000
10,multi_greedy,3,5,9,1,1,3,0.000000,79.166700,1.263157,28,0.420530,40,0,1,0,0.420530,0.420530,0.000000,0.000000,0.420530,0.027134,0,40,1,1,40,28,12,100.333000,79.166700,53.666700,0.996681,1.263157,1.863353,0.001319,0.000316,0.005568,0.005568,3,0,3,fixed,3,3,0,0,3.000000,4.000000
10,multi_greedy,3,5,10,0,0,2,2.661106,100.333000,0.332638,40,0.420530,40,0,0,0,0.420530,0.420530,0.000000,0.000000,0.420530,0.027134,0,40,1,0,40,28,12,100.333000,79.166700,53.666700,0.336193,0.164757,0.421817,0.000316,-0.008002,0.004686,0.004686,3,0,3,fixed,3,3,0,0,3.000000,4.000000
10,multi_greedy,3,5,11,0,0,1,3.491819,100.333000,1.163940,40,0.420530,40,0,0,0,0.420530,0.420530,0.000000,0.000000,0.420530,0.027134,0,40,1,1,40,28,12,100.333000,79.166700,53.666700,1.157083,0.920737,1.124846,0.000316,-0.001683,0.003389,0.003389,3,0,3,fixed,3,3,0,0,3.000000,4.000000
10,multi_greedy,3,5,12,1,1,2,1.364935,79.166700,0.170617,28,0.420530,40,1,1,0,0.420530,0.420530,0.000000,0.000000,0.420530,0.027134,0,40,1,0,40,28,12,100.333000,79.166700,53.666700,0.327835,0.170644,0.421817,0.007669,0.000316,0.012546,0.012546,3,0,3,fixed,3,3,0,0,3.000000,4.000000
10,multi_greedy,3,5,13,1,1,2,1.365059,79.166700,0.170632,28,0.420530,40,0,1,0,0.420530,0.420530,0.000000,0.000000,0.420530,0.027134,0,40,1,0,40,28,12,100.333000,79.166700,53.666700,0.327835,0.170643,0.421817,0.007669,0.000316,0.012546,0.012546,3,0,3,fixed,3,3,0,0,3.000000,4.000000
10,multi_greedy,3,5,14,1,1,2,1.365060,79.166700,0.170632,28,0.420530,40,0,1,0,0.420530,0.420530,0.000000,0.000000,0.420530,0.027134,0,40,1,0,40,28,12,100.333000,79.166700,53.666700,0.327835,0.170643,0.421817,0.007669,0.000316,0.012546,0.012546,3,0,3,fixed,3,3,0,0,3.000000,4.000000
10,multi_greedy,3,5,15,0,0,4,0.000000,100.333000,0.398672,40,0.420530,40,0,0,0,0.420530,0.420530,0.000000,0.000000,0.420530,0.027134,0,40,1,0,40,28,12,100.333000,79.166700,53.666700,0.398672,0.505263,0.745341,0.000316,0.000018,0.006131,0.006131,3,0,3,fixed,3,3,0,0,3.000000,4.000000
10,multi_greedy,3,5,16,1,1,1,3.026028,79.166700,1.008676,28,0.420530,40,0,1,0,0.420530,0.420530,0.000000,0.000000,0.420530,0.027134,0,40,1,1,40,28,12,100.333000,79.166700,53.666700,1.129977,0.946738,1.124846,0.002089,0.000316,0.005283,0.005283,3,0,3,fixed,3,3,0,0,3.000000,4.000000
10,multi_greedy,3,5,17,1,1,2,1.364975,79.166700,0.170622,28,0.420530,40,0,1,0,0.420530,0.420530,0.000000,0.000000,0.420530,0.027134,0,40,1,0,40,28,12,100.333000,79.166700,53.666700,0.327835,0.170644,0.421817,0.007669,0.000316,0.012546,0.012546,3,0,3,fixed,3,3,0,0,3.000000,4.000000
10,multi_greedy,3,5,18,1,1,4,0.000000,79.166700,0.505263,28,0.420530,40,0,1,0,0.420530,0.420530,0.000000,0.000000,0.420530,0.027134,0,40,1,-1,40,28,12,100.333000,79.166700,53.666700,0.398672,0.505263,0.745341,0.000614,0.000316,0.006438,0.006438,3,0,3,fixed,3,3,0,0,3.000000,4.000000
10,multi_greedy,3,5,19,1,1,1,2.565390,79.166700,0.855130,28,0.420530,40,0,1,0,0.420530,0.420530,0.000000,0.000000,0.420530,0.027134,0,40,1,-1,40,28,12,100.333000,79.166700,53.666700,1.129977,0.965931,1.124846,0.002043,0.000316,0.005238,0.005238,3,0,3,fixed,3,3,0,0,3.000000,4.000000
10,multi_greedy,3,5,20,0,0,4,0.000000,100.333000,0.398672,40,0.420530,40,0,0,0,0.420530,0.420530,0.000000,0.000000,0.420530,0.027134,0,40,1,0,40,28,12,100.333000,79.166700,53.666700,0.398672,0.505263,0.745341,0.000316,0.000018,0.006131,0.006131,3,0,3,fixed,3,3,0,0,3.000000,4.000000
10,multi_greedy,3,5,21,0,0,2,2.661106,100.333000,0.332638,40,0.420530,40,0,0,0,0.420530,0.420530,0.000000,0.000000,0.420530,0.027134,0,40,1,0,40,28,12,100.333000,79.166700,53.666700,0.336193,0.164757,0.421817,0.000316,-0.008002,0.004686,0.004686,3,0,3,fixed,3,3,0,0,3.000000,4.000000
10,multi_greedy,3,5,22,1,1,1,2.936495,79.166700,0.978832,28,0.420530,40,0,1,0,0.420530,0.420530,0.000000,0.000000,0.420530,0.027134,0,40,1,-1,40,28,12,100.333000,79.166700,53.666700,1.129977,0.950469,1.124846,0.002080,0.000316,0.005274,0.005274,3,0,3,fixed,3,3,0,0,3.000000,4.000000
10,multi_greedy,3,5,23,2,2,4,0.000000,53.666700,0.745341,12,0.420530,40,0,2,0,0.420530,0.420530,0.000000,0.000000,0.420530,0.027134,0,40,1,-1,40,28,12,100.333000,79.166700,53.666700,0.398672,0.505263,0.745341,-0.005343,-0.005633,0.000316,0.000000,3,0,3,fixed,3,3,0,0,3.000000,4.000000
10,multi_greedy,3,5,24,1,1,1,2.830550,79.166700,0.943517,28,0.420530,40,0,1,0,0.420530,0.420530,0.000000,0.000000,0.420530,0.027134,0,40,1,-1,40,28,12,100.333000,79.166700,53.666700,1.129977,0.954883,1.124846,0.002069,0.000316,0.005264,0.005264,3,0,3,fixed,3,3,0,0,3.000000,4.000000
10,multi_greedy,3,5,25,1,1,2,1.365036,79.166700,0.170629,28,0.420530,40,0,1,0,0.420530,0.420530,0.000000,0.000000,0.420530,0.027134,0,40,1,0,40,28,12,100.333000,79.166700,53.666700,0.327835,0.170643,0.421817,0.007669,0.000316,0.012546,0.012546,3,0,3,fixed,3,3,0,0,3.000000,4.000000
10,multi_greedy,3,5,26,2,2,1,3.648179,53.666700,1.216060,12,0.420530,40,0,2,0,0.420530,0.420530,0.000000,0.000000,0.420530,0.027134,0,40,1,-1,40,28,12,100.333000,79.166700,53.666700,1.129977,0.920737,1.219215,-0.003104,-0.004979,0.000316,0.000000,3,0,3,fixed,3,3,0,0,3.000000,4.000000
10,multi_greedy,3,5,27,1,1,3,0.000000,79.166700,1.263157,28,0.420530,40,0,1,0,0.420530,0.420530,0.000000,0.000000,0.420530,0.027134,0,40,1,1,40,28,12,100.333000,79.166700,53.666700,0.996681,1.263157,1.863353,0.001319,0.000316,0.005568,0.005568,3,0,3,fixed,3,3,0,0,3.000000,4.000000
10,multi_greedy,3,5,28,0,0,2,2.660068,100.333000,0.332508,40,0.420530,40,0,0,0,0.420530,0.420530,0.000000,0.000000,0.420530,0.027134,0,40,1,0,40,28,12,100.333000,79.166700,53.666700,0.336199,0.164757,0.421817,0.000316,-0.008003,0.004686,0.004686,3,0,3,fixed,3,3,0,0,3.000000,4.000000
10,multi_greedy,3,5,29,0,0,1,3.506577,100.333000,1.168859,40,0.420530,40,0,0,0,0.420530,0.420530,0.000000,0.000000,0.420530,0.027134,0,40,1,1,40,28,12,100.333000,79.166700,53.666700,1.156099,0.920737,1.124846,0.000316,-0.001681,0.003391,0.003391,3,0,3,fixed,3,3,0,0,3.000000,4.000000
10,multi_greedy,3,5,30,0,0,3,0.000000,100.333000,0.996681,40,0.420530,40,0,0,0,0.420530,0.420530,0.000000,0.000000,0.420530,0.027134,0,40,1,-1,40,28,12,100.333000,79.166700,53.666700,0.996681,1.263157,1.863353,0.000316,-0.000683,0.004545,0.004545,3,0,3,fixed,3,3,0,0,3.000000,4.000000
10,multi_greedy,3,5,31,0,0,2,3.110368,100.333000,0.388796,40,0.420530,40,0,0,0,0.420530,0.420530,0.000000,0.000000,0.420530,0.027134,0,40,1,0,40,28,12,100.333000,79.166700,53.666700,0.333518,0.164757,0.421817,0.000316,-0.007953,0.004739,0.004739,3,0,3,fixed,3,3,0,0,3.000000,4.000000
10,multi_greedy,3,5,32,0,0,2,2.632714,100.333000,0.329089,40,0.420530,40,0,0,0,0.420530,0.420530,0.000000,0.000000,0.420530,0.027134,0,40,1,0,40,28,12,100.333000,79.166700,53.666700,0.336362,0.164757,0.421817,0.000316,-0.008006,0.004683,0.004683,3,0,3,fixed,3,3,0,0,3.000000,4.000000
10,multi_greedy,3,5,33,1,1,4,0.000000,79.166700,0.505263,28,0.420530,40,0,1,0,0.420530,0.420530,0.000000,0.000000,0.420530,0.027134,0,40,1,-1,40,28,12,100.333000,79.166700,53.666700,0.398672,0.505263,0.745341,0.000614,0.000316,0.006438,0.006438,3,0,3,fixed,3,3,0,0,3.000000,4.000000
10,multi_greedy,3,5,34,0,0,2,2.632795,100.333000,0.329099,40,0.420530,40,0,0,0,0.420530,0.420530,0.000000,0.000000,0.420530,0.027134,0,40,1,0,40,28,12,100.333000,79.166700,53.666700,0.336361,0.164757,0.421817,0.000316,-0.008006,0.004683,0.004683,3,0,3,fixed,3,3,0,0,3.000000,4.000000
10,multi_greedy,3,5,35,1,1,1,3.079788,79.166700,1.026596,28,0.420530,40,0,1,0,0.420530,0.420530,0.000000,0.000000,0.420530,0.027134,0,40,1,1,40,28,12,100.333000,79.166700,53.666700,1.129977,0.944498,1.124846,0.002094,0.000316,0.005289,0.005289,3,0,3,fixed,3,3,0,0,3.000000,4.000000
10,multi_greedy,3,5,36,0,0,4,0.000000,100.333000,0.398672,40,0.420530,40,0,0,0,0.420530,0.420530,0.000000,0.000000,0.420530,0.027134,0,40,1,0,40,28,12,100.333000,79.166700,53.666700,0.398672,0.505263,0.745341,0.000316,0.000018,0.006131,0.006131,3,0,3,fixed,3,3,0,0,3.000000,4.000000
10,multi_greedy,3,5,37,2,2,4,0.000000,53.666700,0.745341,12,0.420530,40,0,2,0,0.420530,0.420530,0.000000,0.000000,0.420530,0.027134,0,40,1,-1,40,28,12,100.333000,79.166700,53.666700,0.398672,0.505263,0.745341,-0.005343,-0.005633,0.000316,0.000000,3,0,3,fixed,3,3,0,0,3.000000,4.000000
10,multi_greedy,3,5,38,1,1,4,0.000000,79.166700,0.505263,28,0.420530,40,0,1,0,0.420530,0.420530,0.000000,0.000000,0.420530,0.027134,0,40,1,-1,40,28,12,100.333000,79.166700,53.666700,0.398672,0.505263,0.745341,0.000614,0.000316,0.006438,0.006438,3,0,3,fixed,3,3,0,0,3.000000,4.000000
10,multi_greedy,3,5,39,0,0,2,2.645895,100.333000,0.330737,40,0.420530,40,0,0,0,0.420530,0.420530,0.000000,0.000000,0.420530,0.027134,0,40,1,0,40,28,12,100.333000,79.166700,53.666700,0.336283,0.164757,0.421817,0.000316,-0.008004,0.004685,0.004685,3,0,3,fixed,3,3,0,0,3.000000,4.000000
10,multi_greedy,3,5,40,0,0,3,0.000000,100.333000,0.996681,40,0.420530,40,0,0,0,0.420530,0.420530,0.000000,0.000000,0.420530,0.027134,0,40,1,-1,40,28,12,100.333000,79.166700,53.666700,0.996681,1.263157,1.863353,0.000316,-0.000683,0.004545,0.004545,3,0,3,fixed,3,3,0,0,3.000000,4.000000
10,multi_greedy,3,5,41,0,0,2,2.677530,100.333000,0.334691,40,0.420530,40,0,0,0,0.420530,0.420530,0.000000,0.000000,0.420530,0.027134,0,40,1,0,40,28,12,100.333000,79.166700,53.666700,0.336095,0.164757,0.421817,0.000316,-0.008001,0.004688,0.004688,3,0,3,fixed,3,3,0,0,3.000000,4.000000
10,multi_greedy,3,5,42,1,1,1,2.857525,79.166700,0.952508,28,0.420530,40,0,1,0,0.420530,0.420530,0.000000,0.000000,0.420530,0.027134,0,40,1,-1,40,28,12,100.333000,79.166700,53.666700,1.129977,0.953759,1.124846,0.002072,0.000316,0.005266,0.005266,3,0,3,fixed,3,3,0,0,3.000000,4.000000
10,multi_greedy,3,5,43,0,0,2,2.677568,100.333000,0.334696,40,0.420530,40,0,0,0,0.420530,0.420530,0.000000,0.000000,0.420530,0.027134,0,40,1,0,40,28,12,100.333000,79.166700,53.666700,0.336095,0.164757,0.421817,0.000316,-0.008001,0.004688,0.004688,3,0,3,fixed,3,3,0,0,3.000000,4.000000
10,multi_greedy,3,5,44,1,1,2,1.365041,79.166700,0.170630,28,0.420530,40,0,1,0,0.420530,0.420530,0.000000,0.000000,0.420530,0.027134,0,40,1,0,40,28,12,100.333000,79.166700,53.666700,0.327835,0.170643,0.421817,0.007669,0.000316,0.012546,0.012546,3,0,3,fixed,3,3,0,0,3.000000,4.000000
10,multi_greedy,3,5,45,0,0,2,2.645948,100.333000,0.330744,40,0.420530,40,0,0,0,0.420530,0.420530,0.000000,0.000000,0.420530,0.027134,0,40,1,0,40,28,12,100.333000,79.166700,53.666700,0.336283,0.164757,0.421817,0.000316,-0.008004,0.004685,0.004685,3,0,3,fixed,3,3,0,0,3.000000,4.000000
10,multi_greedy,3,5,46,0,0,2,3.019649,100.333000,0.377456,40,0.420530,40,0,0,0,0.420530,0.420530,0.000000,0.000000,0.420530,0.027134,0,40,1,0,40,28,12,100.333000,79.166700,53.666700,0.334058,0.164757,0.421817,0.000316,-0.007963,0.004728,0.004728,3,0,3,fixed,3,3,0,0,3.000000,4.000000
10,multi_greedy,3,5,47,0,0,1,3.491025,100.333000,1.163675,40,0.420530,40,0,0,0,0.420530,0.420530,0.000000,0.000000,0.420530,0.027134,0,40,1,1,40,28,12,100.333000,79.166700,53.666700,1.157136,0.920737,1.124846,0.000316,-0.001683,0.003389,0.003389,3,0,3,fixed,3,3,0,0,3.000000,4.000000
10,multi_greedy,3,5,48,2,2,4,0.000000,53.666700,0.745341,12,0.420530,40,0,2,0,0.420530,0.420530,0.000000,0.000000,0.420530,0.027134,0,40,1,-1,40,28,12,100.333000,79.166700,53.666700,0.398672,0.505263,0.745341,-0.005343,-0.005633,0.000316,0.000000,3,0,3,fixed,3,3,0,0,3.000000,4.000000
10,multi_greedy,3,5,49,1,1,4,0.000000,79.166700,0.505263,28,0.420530,40,0,1,0,0.420530,0.420530,0.000000,0.000000,0.420530,0.027134,0,40,1,-1,40,28,12,100.333000,79.166700,53.666700,0.398672,0.505263,0.745341,0.000614,0.000316,0.006438,0.006438,3,0,3,fixed,3,3,0,0,3.000000,4.000000
10,multi_greedy,3,5,50,0,0,2,2.657952,100.333000,0.332244,40,0.420530,40,0,0,0,0.420530,0.420530,0.000000,0.000000,0.420530,0.027134,0,40,1,0,40,28,12,100.333000,79.166700,53.666700,0.336211,0.164757,0.421817,0.000316,-0.008003,0.004686,0.004686,3,0,3,fixed,3,3,0,0,3.000000,4.000000
10,multi_greedy,3,5,51,1,1,4,0.000000,79.166700,0.505263,28,0.420530,40,0,1,0,0.420530,0.420530,0.000000,0.000000,0.420530,0.027134,0,40,1,-1,40,28,12,100.333000,79.166700,53.666700,0.398672,0.505263,0.745341,0.000614,0.000316,0.006438,0.006438,3,0,3,fixed,3,3,0,0,3.000000,4.000000
10,multi_greedy,3,5,52,2,2,1,3.635906,53.666700,1.211969,12,0.420530,40,0,2,0,0.420530,0.420530,0.000000,0.000000,0.420530,0.027134,0,40,1,-1,40,28,12,100.333000,79.166700,53.666700,1.129977,0.920737,1.220237,-0.003105,-0.004981,0.000316,0.000000,3,0,3,fixed,3,3,0,0,3.000000,4.000000
10,multi_greedy,3,5,53,0,0,2,2.660020,100.333000,0.332502,40,0.420530,40,0,0,0,0.420530,0.420530,0.000000,0.000000,0.420530,0.027134,0,40,1,0,40,28,12,100.333000,79.166700,53.666700,0.336199,0.164757,0.421817,0.000316,-0.008003,0.004686,0.004686,3,0,3,fixed,3,3,0,0,3.000000,4.000000
10,multi_greedy,3,5,54,0,0,2,2.631696,100.333000,0.328962,40,0.420530,40,0,0,0,0.420530,0.420530,0.000000,0.000000,0.420530,0.027134,0,40,1,0,40,28,12,100.333000,79.166700,53.666700,0.336368,0.164757,0.421817,0.000316,-0.008006,0.004683,0.004683,3,0,3,fixed,3,3,0,0,3.000000,4.000000
10,multi_greedy,3,5,55,1,1,2,1.365001,79.166700,0.170625,28,0.420530,40,0,1,0,0.420530,0.420530,0.000000,0.000000,0.420530,0.027134,0,40,1,0,40,28,12,100.333000,79.166700,53.666700,0.327835,0.170643,0.421817,0.007669,0.000316,0.012546,0.012546,3,0,3,fixed,3,3,0,0,3.000000,4.000000
10,multi_greedy,3,5,56,0,0,2,2.632825,100.333000,0.329103,40,0.420530,40,0,0,0,0.420530,0.420530,0.000000,0.000000,0.420530,0.027134,0,40,1,0,40,28,12,100.333000,79.166700,53.666700,0.336361,0.164757,0.421817,0.000316,-0.008006,0.004683,0.004683,3,0,3,fixed,3,3,0,0,3.000000,4.000000
10,multi_greedy,3,5,57,0,0,1,3.377334,100.333000,1.125778,40,0.420530,40,0,0,0,0.420530,0.420530,0.000000,0.000000,0.420530,0.027134,0,40,1,1,40,28,12,100.333000,79.166700,53.666700,1.164715,0.920737,1.124846,0.000316,-0.001695,0.003377,0.003377,3,0,3,fixed,3,3,0,0,3.000000,4.000000
10,multi_greedy,3,5,58,1,1,1,2.786606,79.166700,0.928869,28,0.420530,40,0,1,0,0.420530,0.420530,0.000000,0.000000,0.420530,0.027134,0,40,1,-1,40,28,12,100.333000,79.166700,53.666700,1.129977,0.956714,1.124846,0.002065,0.000316,0.005259,0.005259,3,0,3,fixed,3,3,0,0,3.000000,4.000000
10,multi_greedy,3,5,59,0,0,4,0.000000,100.333000,0.398672,40,0.420530,40,0,0,0,0.420530,0.420530,0.000000,0.000000,0.420530,0.027134,0,40,1,0,40,28,12,100.333000,79.166700,53.666700,0.398672,0.505263,0.745341,0.000316,0.000018,0.006131,0.006131,3,0,3,fixed,3,3,0,0,3.000000,4.000000
10,multi_greedy,3,5,60,0,0,4,0.000000,100.333000,0.398672,40,0.420530,40,0,0,0,0.420530,0.420530,0.000000,0.000000,0.420530,0.027134,0,40,1,0,40,28,12,100.333000,79.166700,53.666700,0.398672,0.505263,0.745341,0.000316,0.000018,0.006131,0.006131,3,0,3,fixed,3,3,0,0,3.000000,4.000000
10,multi_greedy,3,5,61,0,0,2,2.632772,100.333000,0.329096,40,0.420530,40,0,0,0,0.420530,0.420530,0.000000,0.000000,0.420530,0.027134,0,40,1,0,40,28,12,100.333000,79.166700,53.666700,0.336361,0.164757,0.421817,0.000316,-0.008006,0.004683,0.004683,3,0,3,fixed,3,3,0,0,3.000000,4.000000
10,multi_greedy,3,5,62,1,1,1,2.752353,79.166700,0.917451,28,0.420530,40,0,1,0,0.420530,0.420530,0.000000,0.000000,0.420530,0.027134,0,40,1,-1,40,28,12,100.333000,79.166700,53.666700,1.129977,0.958141,1.124846,0.002061,0.000316,0.005256,0.005256,3,0,3,fixed,3,3,0,0,3.000000,4.000000
10,multi_greedy,3,5,63,2,2,3,0.000000,53.666700,1.863353,12,0.420530,40,0,2,0,0.420530,0.420530,0.000000,0.000000,0.420530,0.027134,0,40,1,-1,40,28,12,100.333000,79.166700,53.666700,0.996681,1.263157,1.863353,-0.003829,-0.004808,0.000316,0.000000,3,0,3,fixed,3,3,0,0,3.000000,4.000000
10,multi_greedy,3,5,64,2,2,4,0.000000,53.666700,0.745341,12,0.420530,40,0,2,0,0.420530,0.420530,0.000000,0.000000,0.420530,0.027134,0,40,1,-1,40,28,12,100.333000,79.166700,53.666700,0.398672,0.505263,0.745341,-0.005343,-0.005633,0.000316,0.000000,3,0,3,fixed,3,3,0,0,3.000000,4.000000
10,multi_greedy,3,5,65,1,1,4,0.000000,79.166700,0.505263,28,0.420530,40,0,1,0,0.420530,0.420530,0.000000,0.000000,0.420530,0.027134,0,40,1,-1,40,28,12,100.333000,79.166700,53.666700,0.398672,0.505263,0.745341,0.000614,0.000316,0.006438,0.006438,3,0,3,fixed,3,3,0,0,3.000000,4.000000
10,multi_greedy,3,5,66,0,0,1,3.488378,100.333000,1.162793,40,0.420530,40,0,0,0,0.420530,0.420530,0.000000,0.000000,0.420530,0.027134,0,40,1,1,40,28,12,100.333000,79.166700,53.666700,1.157313,0.920737,1.124846,0.000316,-0.001683,0.003389,0.003389,3,0,3,fixed,3,3,0,0,3.000000,4.000000
10,multi_greedy,3,5,67,1,1,1,2.913010,79.166700,0.971003,28,0.420530,40,0,1,0,0.420530,0.420530,0.000000,0.000000,0.420530,0.027134,0,40,1,-1,40,28,12,100.333000,79.166700,53.666700,1.129977,0.951447,1.124846,0.002077,0.000316,0.005272,0.005272,3,0,3,fixed,3,3,0,0,3.000000,4.000000
10,multi_greedy,3,5,68,1,1,4,0.000000,79.166700,0.505263,28,0.420530,40,0,1,0,0.420530,0.420530,0.000000,0.000000,0.420530,0.027134,0,40,1,-1,40,28,12,100.333000,79.166700,53.666700,0.398672,0.505263,0.745341,0.000614,0.000316,0.006438,0.006438,3,0,3,fixed,3,3,0,0,3.000000,4.000000
10,multi_greedy,3,5,69,2,2,4,0.000000,53.666700,0.745341,12,0.420530,40,0,2,0,0.420530,0.420530,0.000000,0.000000,0.420530,0.027134,0,40,1,-1,40,28,12,100.333000,79.166700,53.666700,0.398672,0.505263,0.745341,-0.005343,-0.005633,0.000316,0.000000,3,0,3,fixed,3,3,0,0,3.000000,4.000000
10,multi_greedy,3,5,70,0,0,2,2.650301,100.333000,0.331288,40,0.420530,40,0,0,0,0.420530,0.420530,0.000000,0.000000,0.420530,0.027134,0,40,1,0,40,28,12,100.333000,79.166700,53.666700,0.336257,0.164757,0.421817,0.000316,-0.008004,0.004685,0.004685,3,0,3,fixed,3,3,0,0,3.000000,4.000000
10,multi_greedy,3,5,71,0,0,4,0.000000,100.333000,0.398672,40,0.420530,40,0,0,0,0.420530,0.420530,0.000000,0.000000,0.420530,0.027134,0,40,1,0,40,28,12,100.333000,79.166700,53.666700,0.398672,0.505263,0.745341,0.000316,0.000018,0.006131,0.006131,3,0,3,fixed,3,3,0,0,3.000000,4.000000
10,multi_greedy,3,5,72,1,1,2,1.365060,79.166700,0.170632,28,0.420530,40,0,1,0,0.420530,0.420530,0.000000,0.000000,0.420530,0.027134,0,40,1,0,40,28,12,100.333000,79.166700,53.666700,0.327835,0.170643,0.421817,0.007669,0.000316,0.012546,0.012546,3,0,3,fixed,3,3,0,0,3.000000,4.000000
10,multi_greedy,3,5,73,1,1,2,1.366094,79.166700,0.170762,28,0.420530,40,0,1,0,0.420530,0.420530,0.000000,0.000000,0.420530,0.027134,0,40,1,0,40,28,12,100.333000,79.166700,53.666700,0.327835,0.170628,0.421817,0.007670,0.000316,0.012547,0.012547,3,0,3,fixed,3,3,0,0,3.000000,4.000000
10,multi_greedy,3,5,74,0,0,4,0.000000,100.333000,0.398672,40,0.420530,40,0,0,0,0.420530,0.420530,0.000000,0.000000,0.420530,0.027134,0,40,1,0,40,28,12,100.333000,79.166700,53.666700,0.398672,0.505263,0.745341,0.000316,0.000018,0.006131,0.006131,3,0,3,fixed,3,3,0,0,3.000000,4.000000
10,multi_greedy,3,5,75,2,2,1,3.623023,53.666700,1.207674,12,0.420530,40,0,2,0,0.420530,0.420530,0.000000,0.000000,0.420530,0.027134,0,40,1,-1,40,28,12,100.333000,79.166700,53.666700,1.129977,0.920737,1.221311,-0.003107,-0.004982,0.000316,0.000000,3,0,3,fixed,3,3,0,0,3.000000,4.000000
10,multi_greedy,3,5,76,0,0,3,0.000000,100.333000,0.996681,40,0.420530,40,0,0,0,0.420530,0.420530,0.000000,0.000000,0.420530,0.027134,0,40,1,-1,40,28,12,100.333000,79.166700,53.666700,0.996681,1.263157,1.863353,0.000316,-0.000683,0.004545,0.004545,3,0,3,fixed,3,3,0,0,3.000000,4.000000
10,multi_greedy,3,5,77,1,1,2,1.365071,79.166700,0.170634,28,0.420530,40,0,1,0,0.420530,0.420530,0.000000,0.000000,0.420530,0.027134,0,40,1,0,40,28,12,100.333000,79.166700,53.666700,0.327835,0.170642,0.421817,0.007669,0.000316,0.012546,0.012546,3,0,3,fixed,3,3,0,0,3.000000,4.000000
10,multi_greedy,3,5,78,0,0,3,0.000000,100.333000,0.996681,40,0.420530,40,0,0,0,0.420530,0.420530,0.000000,0.000000,0.420530,0.027134,0,40,1,-1,40,28,12,100.333000,79.166700,53.666700,0.996681,1.263157,1.863353,0.000316,-0.000683,0.004545,0.004545,3,0,3,fixed,3,3,0,0,3.000000,4.000000
10,multi_greedy,3,5,79,0,0,4,0.000000,100.333000,0.398672,40,0.420530,40,0,0,0,0.420530,0.420530,0.000000,0.000000,0.420530,0.027134,0,40,1,0,40,28,12,100.333000,79.166700,53.666700,0.398672,0.505263,0.745341,0.000316,0.000018,0.006131,0.006131,3,0,3,fixed,3,3,0,0,3.000000,4.000000
10,multi_greedy,3,5,80,2,2,3,0.000000,53.666700,1.863353,12,0.420530,40,0,2,0,0.420530,0.420530,0.000000,0.000000,0.420530,0.027134,0,40,1,-1,40,28,12,100.333000,79.166700,53.666700,0.996681,1.263157,1.863353,-0.003829,-0.004808,0.000316,0.000000,3,0,3,fixed,3,3,0,0,3.000000,4.000000
