seed,method,max_switches,cycle_id,ue_id,previous_bs_id,current_bs_id,app_type,tp_mbps,rtt_ms,satisfaction,num_users_on_current_bs,harmonic_mean,num_unsatisfied_users,target_ue_flag,action_selected_bs_id,switch_flag,h_before,h_after_estimated,reward,estimated_reward,h_after_measured,measured_reward,switch_count,num_degraded_users,measurement_valid,candidate_type,num_users_ap0,num_users_ap1,num_users_ap2,monitor_rtt_ap0,monitor_rtt_ap1,monitor_rtt_ap2,estimated_satisfaction_if_ap0,estimated_satisfaction_if_ap1,estimated_satisfaction_if_ap2,estimated_h_delta_if_ap0,estimated_h_delta_if_ap1,estimated_h_delta_if_ap2,best_estimated_h_delta,effective_max_switches,applied_switches_in_cycle,remaining_switch_budget,k_schedule_type,k_max,k_min,k_decay_rate,stop_action_flag,warmup_before_cycle_sec,cycle_start_offset_sec
5,multi_greedy,3,1,1,0,0,1,3.508039,96.666700,1.169346,24,0.298538,37,0,0,0,0.298538,0.351139,0.052601,0.052601,0.298538,0.000000,3,0,1,-1,24,26,30,96.666700,85.666700,62.333300,1.170833,1.030543,0.513050,0.000269,-0.001452,-0.005774,0.000000,3,3,0,fixed,3,3,0,0,3.000000,4.000000
5,multi_greedy,3,1,2,0,0,3,0.000000,96.666700,1.034482,24,0.298538,37,0,0,0,0.298538,0.351139,0.052601,0.052601,0.298538,0.000000,3,0,1,-1,24,26,30,96.666700,85.666700,62.333300,1.034482,1.167315,1.604279,0.000269,-0.001163,-0.004186,0.000000,3,3,0,fixed,3,3,0,0,3.000000,4.000000
5,multi_greedy,3,1,3,1,1,1,3.185076,85.666700,1.061692,26,0.298538,37,0,1,0,0.298538,0.351139,0.052601,0.052601,0.298538,0.000000,3,0,1,-1,24,26,30,96.666700,85.666700,62.333300,1.123821,1.072301,0.513050,0.001846,0.000269,-0.004183,0.001846,3,3,0,fixed,3,3,0,0,3.000000,4.000000
5,multi_greedy,3,1,4,2,2,1,1.176948,62.333300,0.392316,30,0.298538,37,0,2,0,0.298538,0.351139,0.052601,0.052601,0.298538,0.000000,3,0,1,0,24,26,30,96.666700,85.666700,62.333300,1.123821,1.030543,0.553124,0.006249,0.004541,0.000269,0.006249,3,3,0,fixed,3,3,0,0,3.000000,4.000000
5,multi_greedy,3,1,5,2,2,2,0.690634,62.333300,0.086329,30,0.298538,37,0,2,0,0.298538,0.351139,0.052601,0.052601,0.298538,0.000000,3,0,1,0,24,26,30,96.666700,85.666700,62.333300,0.708871,0.234063,0.086301,0.016987,0.011773,0.000269,0.016987,3,3,0,fixed,3,3,0,0,3.000000,4.000000
5,multi_greedy,3,1,6,0,0,2,5.577931,96.666700,0.697241,24,0.298538,37,0,0,0,0.298538,0.351139,0.052601,0.052601,0.298538,0.000000,3,0,1,-1,24,26,30,96.666700,85.666700,62.333300,0.745269,0.234063,0.083519,0.000269,-0.004546,-0.015667,0.000000,3,3,0,fixed,3,3,0,0,3.000000,4.000000
5,multi_greedy,3,1,7,1,1,1,3.101843,85.666700,1.033948,26,0.298538,37,0,1,0,0.298538,0.351139,0.052601,0.052601,0.298538,0.000000,3,0,1,-1,24,26,30,96.666700,85.666700,62.333300,1.123821,1.079237,0.513050,0.001839,0.000269,-0.004189,0.001839,3,3,0,fixed,3,3,0,0,3.000000,4.000000
5,multi_greedy,3,1,8,2,2,1,1.575983,62.333300,0.525328,30,0.298538,37,0,2,0,0.298538,0.351139,0.052601,0.052601,0.298538,0.000000,3,0,1,-1,24,26,30,96.666700,85.666700,62.333300,1.123821,1.030543,0.530955,0.006334,0.004625,0.000269,0.006334,3,3,0,fixed,3,3,0,0,3.000000,4.000000
5,multi_greedy,3,1,9,2,2,2,0.689592,62.333300,0.086199,30,0.298538,37,1,2,0,0.298538,0.351139,0.052601,0.052601,0.298538,0.000000,3,0,1,0,24,26,30,96.666700,85.666700,62.333300,0.708871,0.234063,0.086312,0.016985,0.011771,0.000269,0.016985,3,3,0,fixed,3,3,0,0,3.000000,4.000000
5,multi_greedy,3,1,10,0,0,3,0.000000,96.666700,1.034482,24,0.298538,37,0,0,0,0.298538,0.351139,0.052601,0.052601,0.298538,0.000000,3,0,1,-1,24,26,30,96.666700,85.666700,62.333300,1.034482,1.167315,1.604279,0.000269,-0.001163,-0.004186,0.000000,3,3,0,fixed,3,3,0,0,3.000000,4.000000
5,multi_greedy,3,1,11,0,0,1,3.507586,96.666700,1.169195,24,0.298538,37,0,0,0,0.298538,0.351139,0.052601,0.052601,0.298538,0.000000,3,0,1,-1,24,26,30,96.666700,85.666700,62.333300,1.170854,1.030543,0.513050,0.000269,-0.001452,-0.005774,0.000000,3,3,0,fixed,3,3,0,0,3.000000,4.000000
5,multi_greedy,3,1,12,2,2,1,1.729932,62.333300,0.576644,30,0.298538,37,0,2,0,0.298538,0.351139,0.052601,0.052601,0.298538,0.000000,3,0,1,-1,24,26,30,96.666700,85.666700,62.333300,1.123821,1.030543,0.522403,0.006368,0.004659,0.000269,0.006368,3,3,0,fixed,3,3,0,0,3.000000,4.000000
5,multi_greedy,3,1,13,0,0,2,5.577931,96.666700,0.697241,24,0.298538,37,0,0,0,0.298538,0.351139,0.052601,0.052601,0.298538,0.000000,3,0,1,-1,24,26,30,96.666700,85.666700,62.333300,0.745269,0.234063,0.083519,0.000269,-0.004546,-0.015667,0.000000,3,3,0,fixed,3,3,0,0,3.000000,4.000000
5,multi_greedy,3,1,14,0,0,2,5.577920,96.666700,0.697240,24,0.298538,37,0,0,0,0.298538,0.351139,0.052601,0.052601,0.298538,0.000000,3,0,1,-1,24,26,30,96.666700,85.666700,62.333300,0.745269,0.234063,0.083519,0.000269,-0.004546,-0.015667,0.000000,3,3,0,fixed,3,3,0,0,3.000000,4.000000
5,multi_greedy,3,1,15,0,0,2,5.574641,96.666700,0.696830,24,0.298538,37,0,0,0,0.298538,0.351139,0.052601,0.052601,0.298538,0.000000,3,0,1,-1,24,26,30,96.666700,85.666700,62.333300,0.745337,0.234063,0.083519,0.000269,-0.004547,-0.015667,0.000000,3,3,0,fixed,3,3,0,0,3.000000,4.000000
5,multi_greedy,3,1,16,0,0,1,3.508359,96.666700,1.169453,24,0.298538,37,0,0,0,0.298538,0.351139,0.052601,0.052601,0.298538,0.000000,3,0,1,-1,24,26,30,96.666700,85.666700,62.333300,1.170817,1.030543,0.513050,0.000269,-0.001452,-0.005774,0.000000,3,3,0,fixed,3,3,0,0,3.000000,4.000000
5,multi_greedy,3,1,17,2,2,2,0.690709,62.333300,0.086339,30,0.298538,37,0,0,1,0.298538,0.351139,0.052601,0.052601,0.298538,0.000000,3,0,1,0,24,26,30,96.666700,85.666700,62.333300,0.708871,0.234063,0.086300,0.016987,0.011773,0.000269,0.016987,3,3,0,fixed,3,3,0,0,3.000000,4.000000
5,multi_greedy,3,1,18,0,0,4,0.000000,96.666700,0.413793,24,0.298538,37,0,0,0,0.298538,0.351139,0.052601,0.052601,0.298538,0.000000,3,0,1,0,24,26,30,96.666700,85.666700,62.333300,0.413793,0.466926,0.641712,0.000269,-0.000980,-0.003627,0.000000,3,3,0,fixed,3,3,0,0,3.000000,4.000000
5,multi_greedy,3,1,19,0,0,1,3.507641,96.666700,1.169214,24,0.298538,37,0,0,0,0.298538,0.351139,0.052601,0.052601,0.298538,0.000000,3,0,1,-1,24,26,30,96.666700,85.666700,62.333300,1.170852,1.030543,0.513050,0.000269,-0.001452,-0.005774,0.000000,3,3,0,fixed,3,3,0,0,3.000000,4.000000
5,multi_greedy,3,1,20,1,1,4,0.000000,85.666700,0.466926,26,0.298538,37,0,1,0,0.298538,0.351139,0.052601,0.052601,0.298538,0.000000,3,0,1,0,24,26,30,96.666700,85.666700,62.333300,0.413793,0.466926,0.641712,0.001528,0.000269,-0.002400,0.001528,3,3,0,fixed,3,3,0,0,3.000000,4.000000
5,multi_greedy,3,1,21,0,0,3,0.000000,96.666700,1.034482,24,0.298538,37,0,0,0,0.298538,0.351139,0.052601,0.052601,0.298538,0.000000,3,0,1,-1,24,26,30,96.666700,85.666700,62.333300,1.034482,1.167315,1.604279,0.000269,-0.001163,-0.004186,0.000000,3,3,0,fixed,3,3,0,0,3.000000,4.000000
5,multi_greedy,3,1,22,2,2,1,1.640740,62.333300,0.546913,30,0.298538,37,0,2,0,0.298538,0.351139,0.052601,0.052601,0.298538,0.000000,3,0,1,-1,24,26,30,96.666700,85.666700,62.333300,1.123821,1.030543,0.527358,0.006348,0.004639,0.000269,0.006348,3,3,0,fixed,3,3,0,0,3.000000,4.000000
5,multi_greedy,3,1,23,2,2,4,0.000000,62.333300,0.641712,30,0.298538,37,0,2,0,0.298538,0.351139,0.052601,0.052601,0.298538,0.000000,3,0,1,-1,24,26,30,96.666700,85.666700,62.333300,0.413793,0.466926,0.641712,0.004269,0.002987,0.000269,0.004269,3,3,0,fixed,3,3,0,0,3.000000,4.000000
5,multi_greedy,3,1,24,2,2,2,0.689627,62.333300,0.086203,30,0.298538,37,0,2,0,0.298538,0.351139,0.052601,0.052601,0.298538,0.000000,3,0,1,0,24,26,30,96.666700,85.666700,62.333300,0.708871,0.234063,0.086312,0.016985,0.011771,0.000269,0.016985,3,3,0,fixed,3,3,0,0,3.000000,4.000000
5,multi_greedy,3,1,25,2,2,1,1.671896,62.333300,0.557299,30,0.298538,37,0,2,0,0.298538,0.351139,0.052601,0.052601,0.298538,0.000000,3,0,1,-1,24,26,30,96.666700,85.666700,62.333300,1.123821,1.030543,0.525627,0.006355,0.004646,0.000269,0.006355,3,3,0,fixed,3,3,0,0,3.000000,4.000000
5,multi_greedy,3,1,26,1,1,1,3.323586,85.666700,1.107862,26,0.298538,37,0,1,0,0.298538,0.351139,0.052601,0.052601,0.298538,0.000000,3,0,1,-1,24,26,30,96.666700,85.666700,62.333300,1.123821,1.060758,0.513050,0.001857,0.000269,-0.004172,0.001857,3,3,0,fixed,3,3,0,0,3.000000,4.000000
5,multi_greedy,3,1,27,2,2,2,0.690673,62.333300,0.086334,30,0.298538,37,0,2,0,0.298538,0.351139,0.052601,0.052601,0.298538,0.000000,3,0,1,0,24,26,30,96.666700,85.666700,62.333300,0.708871,0.234063,0.086300,0.016987,0.011773,0.000269,0.016987,3,3,0,fixed,3,3,0,0,3.000000,4.000000
5,multi_greedy,3,1,28,1,1,2,1.947328,85.666700,0.243416,26,0.298538,37,0,1,0,0.298538,0.351139,0.052601,0.052601,0.298538,0.000000,3,0,1,0,24,26,30,96.666700,85.666700,62.333300,0.708871,0.243033,0.083519,0.004737,0.000269,-0.011537,0.004737,3,3,0,fixed,3,3,0,0,3.000000,4.000000
5,multi_greedy,3,1,29,1,1,2,1.947352,85.666700,0.243419,26,0.298538,37,0,1,0,0.298538,0.351139,0.052601,0.052601,0.298538,0.000000,3,0,1,0,24,26,30,96.666700,85.666700,62.333300,0.708871,0.243033,0.083519,0.004737,0.000269,-0.011537,0.004737,3,3,0,fixed,3,3,0,0,3.000000,4.000000
5,multi_greedy,3,1,30,1,1,2,1.947409,85.666700,0.243426,26,0.298538,37,0,1,0,0.298538,0.351139,0.052601,0.052601,0.298538,0.000000,3,0,1,0,24,26,30,96.666700,85.666700,62.333300,0.708871,0.243032,0.083519,0.004737,0.000269,-0.011537,0.004737,3,3,0,fixed,3,3,0,0,3.000000,4.000000
5,multi_greedy,3,1,31,1,1,3,0.000000,85.666700,1.167315,26,0.298538,37,0,1,0,0.298538,0.351139,0.052601,0.052601,0.298538,0.000000,3,0,1,-1,24,26,30,96.666700,85.666700,62.333300,1.034482,1.167315,1.604279,0.001714,0.000269,-0.002784,0.001714,3,3,0,fixed,3,3,0,0,3.000000,4.000000
5,multi_greedy,3,1,32,1,1,1,3.144183,85.666700,1.048061,26,0.298538,37,0,1,0,0.298538,0.351139,0.052601,0.052601,0.298538,0.000000,3,0,1,-1,24,26,30,96.666700,85.666700,62.333300,1.123821,1.075709,0.513050,0.001843,0.000269,-0.004186,0.001843,3,3,0,fixed,3,3,0,0,3.000000,4.000000
5,multi_greedy,3,1,33,0,0,4,0.000000,96.666700,0.413793,24,0.298538,37,0,0,0,0.298538,0.351139,0.052601,0.052601,0.298538,0.000000,3,0,1,0,24,26,30,96.666700,85.666700,62.333300,0.413793,0.466926,0.641712,0.000269,-0.000980,-0.003627,0.000000,3,3,0,fixed,3,3,0,0,3.000000,4.000000
5,multi_greedy,3,1,34,1,1,1,3.297999,85.666700,1.099333,26,0.298538,37,0,1,0,0.298538,0.351139,0.052601,0.052601,0.298538,0.000000,3,0,1,-1,24,26,30,96.666700,85.666700,62.333300,1.123821,1.062891,0.513050,0.001855,0.000269,-0.004174,0.001855,3,3,0,fixed,3,3,0,0,3.000000,4.000000
5,multi_greedy,3,1,35,2,2,2,0.690697,62.333300,0.086337,30,0.298538,37,0,2,0,0.298538,0.351139,0.052601,0.052601,0.298538,0.000000,3,0,1,0,24,26,30,96.666700,85.666700,62.333300,0.708871,0.234063,0.086300,0.016987,0.011773,0.000269,0.016987,3,3,0,fixed,3,3,0,0,3.000000,4.000000
5,multi_greedy,3,1,36,0,0,4,0.000000,96.666700,0.413793,24,0.298538,37,0,0,0,0.298538,0.351139,0.052601,0.052601,0.298538,0.000000,3,0,1,0,24,26,30,96.666700,85.666700,62.333300,0.413793,0.466926,0.641712,0.000269,-0.000980,-0.003627,0.000000,3,3,0,fixed,3,3,0,0,3.000000,4.000000
5,multi_greedy,3,1,37,2,2,4,0.000000,62.333300,0.641712,30,0.298538,37,0,2,0,0.298538,0.351139,0.052601,0.052601,0.298538,0.000000,3,0,1,-1,24,26,30,96.666700,85.666700,62.333300,0.413793,0.466926,0.641712,0.004269,0.002987,0.000269,0.004269,3,3,0,fixed,3,3,0,0,3.000000,4.000000
5,multi_greedy,3,1,38,2,2,2,0.690673,62.333300,0.086334,30,0.298538,37,0,2,0,0.298538,0.351139,0.052601,0.052601,0.298538,0.000000,3,0,1,0,24,26,30,96.666700,85.666700,62.333300,0.708871,0.234063,0.086300,0.016987,0.011773,0.000269,0.016987,3,3,0,fixed,3,3,0,0,3.000000,4.000000
5,multi_greedy,3,1,39,2,2,1,1.629743,62.333300,0.543248,30,0.298538,37,0,2,0,0.298538,0.351139,0.052601,0.052601,0.298538,0.000000,3,0,1,-1,24,26,30,96.666700,85.666700,62.333300,1.123821,1.030543,0.527969,0.006346,0.004637,0.000269,0.006346,3,3,0,fixed,3,3,0,0,3.000000,4.000000
5,multi_greedy,3,1,40,1,1,2,1.947414,85.666700,0.243427,26,0.298538,37,0,1,0,0.298538,0.351139,0.052601,0.052601,0.298538,0.000000,3,0,1,0,24,26,30,96.666700,85.666700,62.333300,0.708871,0.243032,0.083519,0.004737,0.000269,-0.011537,0.004737,3,3,0,fixed,3,3,0,0,3.000000,4.000000
5,multi_greedy,3,1,41,2,2,2,0.690697,62.333300,0.086337,30,0.298538,37,0,2,0,0.298538,0.351139,0.052601,0.052601,0.298538,0.000000,3,0,1,0,24,26,30,96.666700,85.666700,62.333300,0.708871,0.234063,0.086300,0.016987,0.011773,0.000269,0.016987,3,3,0,fixed,3,3,0,0,3.000000,4.000000
5,multi_greedy,3,1,42,2,2,2,0.690698,62.333300,0.086337,30,0.298538,37,0,0,1,0.298538,0.351139,0.052601,0.052601,0.298538,0.000000,3,0,1,0,24,26,30,96.666700,85.666700,62.333300,0.708871,0.234063,0.086300,0.016987,0.011773,0.000269,0.016987,3,3,0,fixed,3,3,0,0,3.000000,4.000000
5,multi_greedy,3,1,43,1,1,3,0.000000,85.666700,1.167315,26,0.298538,37,0,1,0,0.298538,0.351139,0.052601,0.052601,0.298538,0.000000,3,0,1,-1,24,26,30,96.666700,85.666700,62.333300,1.034482,1.167315,1.604279,0.001714,0.000269,-0.002784,0.001714,3,3,0,fixed,3,3,0,0,3.000000,4.000000
5,multi_greedy,3,1,44,2,2,4,0.000000,62.333300,0.641712,30,0.298538,37,0,2,0,0.298538,0.351139,0.052601,0.052601,0.298538,0.000000,3,0,1,-1,24,26,30,96.666700,85.666700,62.333300,0.413793,0.466926,0.641712,0.004269,0.002987,0.000269,0.004269,3,3,0,fixed,3,3,0,0,3.000000,4.000000
5,multi_greedy,3,1,45,2,2,3,0.000000,62.333300,1.604279,30,0.298538,37,0,2,0,0.298538,0.351139,0.052601,0.052601,0.298538,0.000000,3,0,1,1,24,26,30,96.666700,85.666700,62.333300,1.034482,1.167315,1.604279,0.004861,0.003385,0.000269,0.004861,3,3,0,fixed,3,3,0,0,3.000000,4.000000
5,multi_greedy,3,1,46,2,2,3,0.000000,62.333300,1.604279,30,0.298538,37,0,2,0,0.298538,0.351139,0.052601,0.052601,0.298538,0.000000,3,0,1,1,24,26,30,96.666700,85.666700,62.333300,1.034482,1.167315,1.604279,0.004861,0.003385,0.000269,0.004861,3,3,0,fixed,3,3,0,0,3.000000,4.000000
5,multi_greedy,3,1,47,1,1,2,1.911429,85.666700,0.238929,26,0.298538,37,0,1,0,0.298538,0.351139,0.052601,0.052601,0.298538,0.000000,3,0,1,0,24,26,30,96.666700,85.666700,62.333300,0.708871,0.243441,0.083519,0.004729,0.000269,-0.011544,0.004729,3,3,0,fixed,3,3,0,0,3.000000,4.000000
5,multi_greedy,3,1,48,1,1,4,0.000000,85.666700,0.466926,26,0.298538,37,0,1,0,0.298538,0.351139,0.052601,0.052601,0.298538,0.000000,3,0,1,0,24,26,30,96.666700,85.666700,62.333300,0.413793,0.466926,0.641712,0.001528,0.000269,-0.002400,0.001528,3,3,0,fixed,3,3,0,0,3.000000,4.000000
5,multi_greedy,3,1,49,0,0,2,6.347418,96.666700,0.793427,24,0.298538,37,0,0,0,0.298538,0.351139,0.052601,0.052601,0.298538,0.000000,3,0,1,-1,24,26,30,96.666700,85.666700,62.333300,0.729238,0.234063,0.083519,0.000269,-0.004516,-0.015639,0.000000,3,3,0,fixed,3,3,0,0,3.000000,4.000000
5,multi_greedy,3,1,50,1,1,2,1.947556,85.666700,0.243445,26,0.298538,37,0,1,0,0.298538,0.351139,0.052601,0.052601,0.298538,0.000000,3,0,1,0,24,26,30,96.666700,85.666700,62.333300,0.708871,0.243030,0.083519,0.004737,0.000269,-0.011537,0.004737,3,3,0,fixed,3,3,0,0,3.000000,4.000000
5,multi_greedy,3,1,51,2,2,4,0.000000,62.333300,0.641712,30,0.298538,37,0,2,0,0.298538,0.351139,0.052601,0.052601,0.298538,0.000000,3,0,1,-1,24,26,30,96.666700,85.666700,62.333300,0.413793,0.466926,0.641712,0.004269,0.002987,0.000269,0.004269,3,3,0,fixed,3,3,0,0,3.000000,4.000000
5,multi_greedy,3,1,52,2,2,2,0.690674,62.333300,0.086334,30,0.298538,37,0,2,0,0.298538,0.351139,0.052601,0.052601,0.298538,0.000000,3,0,1,0,24,26,30,96.666700,85.666700,62.333300,0.708871,0.234063,0.086300,0.016987,0.011773,0.000269,0.016987,3,3,0,fixed,3,3,0,0,3.000000,4.000000
5,multi_greedy,3,1,53,2,2,3,0.000000,62.333300,1.604279,30,0.298538,37,0,2,0,0.298538,0.351139,0.052601,0.052601,0.298538,0.000000,3,0,1,1,24,26,30,96.666700,85.666700,62.333300,1.034482,1.167315,1.604279,0.004861,0.003385,0.000269,0.004861,3,3,0,fixed,3,3,0,0,3.000000,4.000000
5,multi_greedy,3,1,54,1,1,2,1.947426,85.666700,0.243428,26,0.298538,37,0,1,0,0.298538,0.351139,0.052601,0.052601,0.298538,0.000000,3,0,1,0,24,26,30,96.666700,85.666700,62.333300,0.708871,0.243032,0.083519,0.004737,0.000269,-0.011537,0.004737,3,3,0,fixed,3,3,0,0,3.000000,4.000000
5,multi_greedy,3,1,55,2,2,3,0.000000,62.333300,1.604279,30,0.298538,37,0,2,0,0.298538,0.351139,0.052601,0.052601,0.298538,0.000000,3,0,1,1,24,26,30,96.666700,85.666700,62.333300,1.034482,1.167315,1.604279,0.004861,0.003385,0.000269,0.004861,3,3,0,fixed,3,3,0,0,3.000000,4.000000
5,multi_greedy,3,1,56,1,1,2,1.948556,85.666700,0.243569,26,0.298538,37,0,1,0,0.298538,0.351139,0.052601,0.052601,0.298538,0.000000,3,0,1,0,24,26,30,96.666700,85.666700,62.333300,0.708871,0.243019,0.083519,0.004737,0.000269,-0.011537,0.004737,3,3,0,fixed,3,3,0,0,3.000000,4.000000
5,multi_greedy,3,1,57,0,0,1,3.507607,96.666700,1.169202,24,0.298538,37,0,0,0,0.298538,0.351139,0.052601,0.052601,0.298538,0.000000,3,0,1,-1,24,26,30,96.666700,85.666700,62.333300,1.170853,1.030543,0.513050,0.000269,-0.001452,-0.005774,0.000000,3,3,0,fixed,3,3,0,0,3.000000,4.000000
5,multi_greedy,3,1,58,0,0,1,3.507607,96.666700,1.169202,24,0.298538,37,0,0,0,0.298538,0.351139,0.052601,0.052601,0.298538,0.000000,3,0,1,-1,24,26,30,96.666700,85.666700,62.333300,1.170853,1.030543,0.513050,0.000269,-0.001452,-0.005774,0.000000,3,3,0,fixed,3,3,0,0,3.000000,4.000000
5,multi_greedy,3,1,59,0,0,4,0.000000,96.666700,0.413793,24,0.298538,37,0,0,0,0.298538,0.351139,0.052601,0.052601,0.298538,0.000000,3,0,1,0,24,26,30,96.666700,85.666700,62.333300,0.413793,0.466926,0.641712,0.000269,-0.000980,-0.003627,0.000000,3,3,0,fixed,3,3,0,0,3.000000,4.000000
5,multi_greedy,3,1,60,0,0,2,6.347454,96.666700,0.793432,24,0.298538,37,0,0,0,0.298538,0.351139,0.052601,0.052601,0.298538,0.000000,3,0,1,-1,24,26,30,96.666700,85.666700,62.333300,0.729237,0.234063,0.083519,0.000269,-0.004516,-0.015639,0.000000,3,3,0,fixed,3,3,0,0,3.000000,4.000000
5,multi_greedy,3,1,61,1,1,4,0.000000,85.666700,0.466926,26,0.298538,37,0,1,0,0.298538,0.351139,0.052601,0.052601,0.298538,0.000000,3,0,1,0,24,26,30,96.666700,85.666700,62.333300,0.413793,0.466926,0.641712,0.001528,0.000269,-0.002400,0.001528,3,3,0,fixed,3,3,0,0,3.000000,4.000000
5,multi_greedy,3,1,62,0,0,1,3.535630,96.666700,1.178543,24,0.298538,37,0,0,0,0.298538,0.351139,0.052601,0.052601,0.298538,0.000000,3,0,1,-1,24,26,30,96.666700,85.666700,62.333300,1.169519,1.030543,0.513050,0.000269,-0.001451,-0.005773,0.000000,3,3,0,fixed,3,3,0,0,3.000000,4.000000
5,multi_greedy,3,1,63,1,1,2,1.948538,85.666700,0.243567,26,0.298538,37,0,1,0,0.298538,0.351139,0.052601,0.052601,0.298538,0.000000,3,0,1,0,24,26,30,96.666700,85.666700,62.333300,0.708871,0.243019,0.083519,0.004737,0.000269,-0.011537,0.004737,3,3,0,fixed,3,3,0,0,3.000000,4.000000
5,multi_greedy,3,1,64,1,1,4,0.000000,85.666700,0.466926,26,0.298538,37,0,1,0,0.298538,0.351139,0.052601,0.052601,0.298538,0.000000,3,0,1,0,24,26,30,96.666700,85.666700,62.333300,0.413793,0.466926,0.641712,0.001528,0.000269,-0.002400,0.001528,3,3,0,fixed,3,3,0,0,3.000000,4.000000
5,multi_greedy,3,1,65,2,2,4,0.000000,62.333300,0.641712,30,0.298538,37,0,2,0,0.298538,0.351139,0.052601,0.052601,0.298538,0.000000,3,0,1,-1,24,26,30,96.666700,85.666700,62.333300,0.413793,0.466926,0.641712,0.004269,0.002987,0.000269,0.004269,3,3,0,fixed,3,3,0,0,3.000000,4.000000
5,multi_greedy,3,1,66,1,1,2,1.946316,85.666700,0.243289,26,0.298538,37,0,1,0,0.298538,0.351139,0.052601,0.052601,0.298538,0.000000,3,0,1,0,24,26,30,96.666700,85.666700,62.333300,0.708871,0.243045,0.083519,0.004737,0.000269,-0.011537,0.004737,3,3,0,fixed,3,3,0,0,3.000000,4.000000
5,multi_greedy,3,1,67,2,2,1,1.707940,62.333300,0.569313,30,0.298538,37,0,2,0,0.298538,0.351139,0.052601,0.052601,0.298538,0.000000,3,0,1,-1,24,26,30,96.666700,85.666700,62.333300,1.123821,1.030543,0.523625,0.006363,0.004654,0.000269,0.006363,3,3,0,fixed,3,3,0,0,3.000000,4.000000
5,multi_greedy,3,1,68,0,0,4,0.000000,96.666700,0.413793,24,0.298538,37,0,0,0,0.298538,0.351139,0.052601,0.052601,0.298538,0.000000,3,0,1,0,24,26,30,96.666700,85.666700,62.333300,0.413793,0.466926,0.641712,0.000269,-0.000980,-0.003627,0.000000,3,3,0,fixed,3,3,0,0,3.000000,4.000000
5,multi_greedy,3,1,69,2,2,4,0.000000,62.333300,0.641712,30,0.298538,37,0,2,0,0.298538,0.351139,0.052601,0.052601,0.298538,0.000000,3,0,1,-1,24,26,30,96.666700,85.666700,62.333300,0.413793,0.466926,0.641712,0.004269,0.002987,0.000269,0.004269,3,3,0,fixed,3,3,0,0,3.000000,4.000000
5,multi_greedy,3,1,70,2,2,3,0.000000,62.333300,1.604279,30,0.298538,37,0,2,0,0.298538,0.351139,0.052601,0.052601,0.298538,0.000000,3,0,1,1,24,26,30,96.666700,85.666700,62.333300,1.034482,1.167315,1.604279,0.004861,0.003385,0.000269,0.004861,3,3,0,fixed,3,3,0,0,3.000000,4.000000
5,multi_greedy,3,1,71,1,1,2,1.946371,85.666700,0.243296,26,0.298538,37,0,1,0,0.298538,0.351139,0.052601,0.052601,0.298538,0.000000,3,0,1,0,24,26,30,96.666700,85.666700,62.333300,0.708871,0.243044,0.083519,0.004737,0.000269,-0.011537,0.004737,3,3,0,fixed,3,3,0,0,3.000000,4.000000
5,multi_greedy,3,1,72,0,0,1,3.513051,96.666700,1.171017,24,0.298538,37,0,0,0,0.298538,0.351139,0.052601,0.052601,0.298538,0.000000,3,0,1,-1,24,26,30,96.666700,85.666700,62.333300,1.170594,1.030543,0.513050,0.000269,-0.001452,-0.005774,0.000000,3,3,0,fixed,3,3,0,0,3.000000,4.000000
5,multi_greedy,3,1,73,2,2,2,0.689675,62.333300,0.086209,30,0.298538,37,0,2,0,0.298538,0.351139,0.052601,0.052601,0.298538,0.000000,3,0,1,0,24,26,30,96.666700,85.666700,62.333300,0.708871,0.234063,0.086311,0.016985,0.011771,0.000269,0.016985,3,3,0,fixed,3,3,0,0,3.000000,4.000000
5,multi_greedy,3,1,74,1,1,4,0.000000,85.666700,0.466926,26,0.298538,37,0,1,0,0.298538,0.351139,0.052601,0.052601,0.298538,0.000000,3,0,1,0,24,26,30,96.666700,85.666700,62.333300,0.413793,0.466926,0.641712,0.001528,0.000269,-0.002400,0.001528,3,3,0,fixed,3,3,0,0,3.000000,4.000000
5,multi_greedy,3,1,75,2,2,2,0.690732,62.333300,0.086342,30,0.298538,37,0,0,1,0.298538,0.351139,0.052601,0.052601,0.298538,0.000000,3,0,1,0,24,26,30,96.666700,85.666700,62.333300,0.708871,0.234063,0.086299,0.016987,0.011773,0.000269,0.016987,3,3,0,fixed,3,3,0,0,3.000000,4.000000
5,multi_greedy,3,1,76,1,1,4,0.000000,85.666700,0.466926,26,0.298538,37,0,1,0,0.298538,0.351139,0.052601,0.052601,0.298538,0.000000,3,0,1,0,24,26,30,96.666700,85.666700,62.333300,0.413793,0.466926,0.641712,0.001528,0.000269,-0.002400,0.001528,3,3,0,fixed,3,3,0,0,3.000000,4.000000
5,multi_greedy,3,1,77,0,0,3,0.000000,96.666700,1.034482,24,0.298538,37,0,0,0,0.298538,0.351139,0.052601,0.052601,0.298538,0.000000,3,0,1,-1,24,26,30,96.666700,85.666700,62.333300,1.034482,1.167315,1.604279,0.000269,-0.001163,-0.004186,0.000000,3,3,0,fixed,3,3,0,0,3.000000,4.000000
5,multi_greedy,3,1,78,1,1,2,1.948544,85.666700,0.243568,26,0.298538,37,0,1,0,0.298538,0.351139,0.052601,0.052601,0.298538,0.000000,3,0,1,0,24,26,30,96.666700,85.666700,62.333300,0.708871,0.243019,0.083519,0.004737,0.000269,-0.011537,0.004737,3,3,0,fixed,3,3,0,0,3.000000,4.000000
5,multi_greedy,3,1,79,0,0,2,6.347529,96.666700,0.793441,24,0.298538,37,0,0,0,0.298538,0.351139,0.052601,0.052601,0.298538,0.000000,3,0,1,-1,24,26,30,96.666700,85.666700,62.333300,0.729235,0.234063,0.083519,0.000269,-0.004516,-0.015639,0.000000,3,3,0,fixed,3,3,0,0,3.000000,4.000000
5,multi_greedy,3,1,80,1,1,4,0.000000,85.666700,0.466926,26,0.298538,37,0,1,0,0.298538,0.351139,0.052601,0.052601,0.298538,0.000000,3,0,1,0,24,26,30,96.666700,85.666700,62.333300,0.413793,0.466926,0.641712,0.001528,0.000269,-0.002400,0.001528,3,3,0,fixed,3,3,0,0,3.000000,4.000000
5,multi_greedy,3,2,1,0,0,1,3.508517,95.500000,1.169506,27,0.254924,33,0,0,0,0.254924,0.326962,0.072038,0.072038,0.254924,-0.043614,3,29,1,1,27,26,27,95.500000,81.333300,55.333300,1.163126,1.013357,0.730440,0.000057,-0.001068,-0.005455,0.000000,3,3,0,fixed,3,3,0,0,3.000000,4.000000
5,multi_greedy,3,2,2,0,0,3,0.000000,95.500000,1.047120,27,0.254924,33,0,0,0,0.254924,0.326962,0.072038,0.072038,0.254924,-0.043614,3,29,1,1,27,26,27,95.500000,81.333300,55.333300,1.047120,1.229509,1.807230,0.000057,-0.000826,-0.004720,0.000000,3,3,0,fixed,3,3,0,0,3.000000,4.000000
5,multi_greedy,3,2,3,1,1,1,3.357137,81.333300,1.119046,26,0.254924,33,0,1,0,0.254924,0.326962,0.072038,0.072038,0.254924,-0.043614,3,29,1,-1,27,26,27,95.500000,81.333300,55.333300,1.122355,1.035654,0.730440,0.001093,0.000057,-0.004414,0.001093,3,3,0,fixed,3,3,0,0,3.000000,4.000000
5,multi_greedy,3,2,4,2,2,1,2.113455,55.333300,0.704485,27,0.254924,33,0,2,0,0.254924,0.326962,0.072038,0.072038,0.254924,-0.043614,3,29,1,-1,27,26,27,95.500000,81.333300,55.333300,1.122355,1.013357,0.766328,0.005670,0.004547,0.000057,0.005670,3,3,0,fixed,3,3,0,0,3.000000,4.000000
5,multi_greedy,3,2,5,2,2,2,0.390161,55.333300,0.048770,27,0.254924,33,0,0,1,0.254924,0.326962,0.072038,0.072038,0.254924,-0.043614,3,29,1,0,27,26,27,95.500000,81.333300,55.333300,0.619956,0.236418,0.048408,0.021819,0.018183,0.000057,0.021819,3,3,0,fixed,3,3,0,0,3.000000,4.000000
5,multi_greedy,3,2,6,0,0,2,5.244682,95.500000,0.655585,27,0.254924,33,0,0,0,0.254924,0.326962,0.072038,0.072038,0.254924,-0.043614,3,29,1,-1,27,26,27,95.500000,81.333300,55.333300,0.641510,0.236418,0.046718,0.000057,-0.003122,-0.019661,0.000000,3,3,0,fixed,3,3,0,0,3.000000,4.000000
5,multi_greedy,3,2,7,1,1,1,3.092613,81.333300,1.030871,26,0.254924,33,0,1,0,0.254924,0.326962,0.072038,0.072038,0.254924,-0.043614,3,29,1,-1,27,26,27,95.500000,81.333300,55.333300,1.122355,1.057698,0.730440,0.001077,0.000057,-0.004430,0.001077,3,3,0,fixed,3,3,0,0,3.000000,4.000000
5,multi_greedy,3,2,8,2,2,1,2.450103,55.333300,0.816701,27,0.254924,33,0,2,0,0.254924,0.326962,0.072038,0.072038,0.254924,-0.043614,3,29,1,-1,27,26,27,95.500000,81.333300,55.333300,1.122355,1.013357,0.747626,0.005696,0.004574,0.000057,0.005696,3,3,0,fixed,3,3,0,0,3.000000,4.000000
5,multi_greedy,3,2,9,2,2,2,0.378027,55.333300,0.047253,27,0.254924,33,1,2,0,0.254924,0.326962,0.072038,0.072038,0.254924,-0.043614,3,29,1,0,27,26,27,95.500000,81.333300,55.333300,0.619956,0.236418,0.048598,0.021744,0.018110,0.000057,0.021744,3,3,0,fixed,3,3,0,0,3.000000,4.000000
5,multi_greedy,3,2,10,0,0,3,0.000000,95.500000,1.047120,27,0.254924,33,0,0,0,0.254924,0.326962,0.072038,0.072038,0.254924,-0.043614,3,29,1,1,27,26,27,95.500000,81.333300,55.333300,1.047120,1.229509,1.807230,0.000057,-0.000826,-0.004720,0.000000,3,3,0,fixed,3,3,0,0,3.000000,4.000000
5,multi_greedy,3,2,11,0,0,1,3.507242,95.500000,1.169081,27,0.254924,33,0,0,0,0.254924,0.326962,0.072038,0.072038,0.254924,-0.043614,3,29,1,1,27,26,27,95.500000,81.333300,55.333300,1.163187,1.013357,0.730440,0.000057,-0.001068,-0.005455,0.000000,3,3,0,fixed,3,3,0,0,3.000000,4.000000
5,multi_greedy,3,2,12,2,2,1,2.151348,55.333300,0.717116,27,0.254924,33,0,2,0,0.254924,0.326962,0.072038,0.072038,0.254924,-0.043614,3,29,1,-1,27,26,27,95.500000,81.333300,55.333300,1.122355,1.013357,0.764223,0.005673,0.004550,0.000057,0.005673,3,3,0,fixed,3,3,0,0,3.000000,4.000000
5,multi_greedy,3,2,13,0,0,2,5.243612,95.500000,0.655452,27,0.254924,33,0,0,0,0.254924,0.326962,0.072038,0.072038,0.254924,-0.043614,3,29,1,-1,27,26,27,95.500000,81.333300,55.333300,0.641524,0.236418,0.046718,0.000057,-0.003122,-0.019661,0.000000,3,3,0,fixed,3,3,0,0,3.000000,4.000000
5,multi_greedy,3,2,14,0,0,2,5.243672,95.500000,0.655459,27,0.254924,33,0,0,0,0.254924,0.326962,0.072038,0.072038,0.254924,-0.043614,3,29,1,-1,27,26,27,95.500000,81.333300,55.333300,0.641524,0.236418,0.046718,0.000057,-0.003122,-0.019661,0.000000,3,3,0,fixed,3,3,0,0,3.000000,4.000000
5,multi_greedy,3,2,15,0,0,2,5.243695,95.500000,0.655462,27,0.254924,33,0,0,0,0.254924,0.326962,0.072038,0.072038,0.254924,-0.043614,3,29,1,-1,27,26,27,95.500000,81.333300,55.333300,0.641523,0.236418,0.046718,0.000057,-0.003122,-0.019661,0.000000,3,3,0,fixed,3,3,0,0,3.000000,4.000000
5,multi_greedy,3,2,16,0,0,1,3.507296,95.500000,1.169099,27,0.254924,33,0,0,0,0.254924,0.326962,0.072038,0.072038,0.254924,-0.043614,3,29,1,1,27,26,27,95.500000,81.333300,55.333300,1.163185,1.013357,0.730440,0.000057,-0.001068,-0.005455,0.000000,3,3,0,fixed,3,3,0,0,3.000000,4.000000
5,multi_greedy,3,2,17,0,0,2,4.907132,95.500000,0.613392,27,0.254924,33,0,0,0,0.254924,0.326962,0.072038,0.072038,0.254924,-0.043614,3,29,1,-1,27,26,27,95.500000,81.333300,55.333300,0.646198,0.236418,0.046718,0.000057,-0.003130,-0.019668,0.000000,3,3,0,fixed,3,3,0,0,3.000000,4.000000
5,multi_greedy,3,2,18,0,0,4,0.000000,95.500000,0.418848,27,0.254924,33,0,0,0,0.254924,0.326962,0.072038,0.072038,0.254924,-0.043614,3,29,1,0,27,26,27,95.500000,81.333300,55.333300,0.418848,0.491803,0.722892,0.000057,-0.000654,-0.004247,0.000000,3,3,0,fixed,3,3,0,0,3.000000,4.000000
5,multi_greedy,3,2,19,0,0,1,3.510296,95.500000,1.170099,27,0.254924,33,0,0,0,0.254924,0.326962,0.072038,0.072038,0.254924,-0.043614,3,29,1,1,27,26,27,95.500000,81.333300,55.333300,1.163042,1.013357,0.730440,0.000057,-0.001068,-0.005455,0.000000,3,3,0,fixed,3,3,0,0,3.000000,4.000000
5,multi_greedy,3,2,20,1,1,4,0.000000,81.333300,0.491803,26,0.254924,33,0,1,0,0.254924,0.326962,0.072038,0.072038,0.254924,-0.043614,3,29,1,0,27,26,27,95.500000,81.333300,55.333300,0.418848,0.491803,0.722892,0.000773,0.000057,-0.003556,0.000773,3,3,0,fixed,3,3,0,0,3.000000,4.000000
5,multi_greedy,3,2,21,0,0,3,0.000000,95.500000,1.047120,27,0.254924,33,0,0,0,0.254924,0.326962,0.072038,0.072038,0.254924,-0.043614,3,29,1,1,27,26,27,95.500000,81.333300,55.333300,1.047120,1.229509,1.807230,0.000057,-0.000826,-0.004720,0.000000,3,3,0,fixed,3,3,0,0,3.000000,4.000000
5,multi_greedy,3,2,22,2,2,1,2.325457,55.333300,0.775152,27,0.254924,33,0,2,0,0.254924,0.326962,0.072038,0.072038,0.254924,-0.043614,3,29,1,-1,27,26,27,95.500000,81.333300,55.333300,1.122355,1.013357,0.754550,0.005686,0.004564,0.000057,0.005686,3,3,0,fixed,3,3,0,0,3.000000,4.000000
5,multi_greedy,3,2,23,2,2,4,0.000000,55.333300,0.722892,27,0.254924,33,0,2,0,0.254924,0.326962,0.072038,0.072038,0.254924,-0.043614,3,29,1,-1,27,26,27,95.500000,81.333300,55.333300,0.418848,0.491803,0.722892,0.004512,0.003776,0.000057,0.004512,3,3,0,fixed,3,3,0,0,3.000000,4.000000
5,multi_greedy,3,2,24,2,2,2,0.387912,55.333300,0.048489,27,0.254924,33,0,2,0,0.254924,0.326962,0.072038,0.072038,0.254924,-0.043614,3,29,1,0,27,26,27,95.500000,81.333300,55.333300,0.619956,0.236418,0.048443,0.021805,0.018169,0.000057,0.021805,3,3,0,fixed,3,3,0,0,3.000000,4.000000
5,multi_greedy,3,2,25,2,2,1,2.269199,55.333300,0.756400,27,0.254924,33,0,2,0,0.254924,0.326962,0.072038,0.072038,0.254924,-0.043614,3,29,1,-1,27,26,27,95.500000,81.333300,55.333300,1.122355,1.013357,0.757676,0.005682,0.004560,0.000057,0.005682,3,3,0,fixed,3,3,0,0,3.000000,4.000000
5,multi_greedy,3,2,26,1,1,1,3.219998,81.333300,1.073333,26,0.254924,33,0,1,0,0.254924,0.326962,0.072038,0.072038,0.254924,-0.043614,3,29,1,-1,27,26,27,95.500000,81.333300,55.333300,1.122355,1.047082,0.730440,0.001085,0.000057,-0.004422,0.001085,3,3,0,fixed,3,3,0,0,3.000000,4.000000
5,multi_greedy,3,2,27,2,2,2,0.389009,55.333300,0.048626,27,0.254924,33,0,2,0,0.254924,0.326962,0.072038,0.072038,0.254924,-0.043614,3,29,1,0,27,26,27,95.500000,81.333300,55.333300,0.619956,0.236418,0.048426,0.021812,0.018176,0.000057,0.021812,3,3,0,fixed,3,3,0,0,3.000000,4.000000
5,multi_greedy,3,2,28,1,1,2,1.978202,81.333300,0.247275,26,0.254924,33,0,1,0,0.254924,0.326962,0.072038,0.072038,0.254924,-0.043614,3,29,1,0,27,26,27,95.500000,81.333300,55.333300,0.619956,0.245350,0.046718,0.002965,0.000057,-0.017108,0.002965,3,3,0,fixed,3,3,0,0,3.000000,4.000000
5,multi_greedy,3,2,29,1,1,2,1.922424,81.333300,0.240303,26,0.254924,33,0,1,0,0.254924,0.326962,0.072038,0.072038,0.254924,-0.043614,3,29,1,0,27,26,27,95.500000,81.333300,55.333300,0.619956,0.245984,0.046718,0.002957,0.000057,-0.017115,0.002957,3,3,0,fixed,3,3,0,0,3.000000,4.000000
5,multi_greedy,3,2,30,1,1,2,1.979212,81.333300,0.247402,26,0.254924,33,0,1,0,0.254924,0.326962,0.072038,0.072038,0.254924,-0.043614,3,29,1,0,27,26,27,95.500000,81.333300,55.333300,0.619956,0.245339,0.046718,0.002965,0.000057,-0.017108,0.002965,3,3,0,fixed,3,3,0,0,3.000000,4.000000
5,multi_greedy,3,2,31,1,1,3,0.000000,81.333300,1.229509,26,0.254924,33,0,1,0,0.254924,0.326962,0.072038,0.072038,0.254924,-0.043614,3,29,1,-1,27,26,27,95.500000,81.333300,55.333300,1.047120,1.229509,1.807230,0.000946,0.000057,-0.003864,0.000946,3,3,0,fixed,3,3,0,0,3.000000,4.000000
5,multi_greedy,3,2,32,1,1,1,3.033554,81.333300,1.011185,26,0.254924,33,0,1,0,0.254924,0.326962,0.072038,0.072038,0.254924,-0.043614,3,29,1,-1,27,26,27,95.500000,81.333300,55.333300,1.122355,1.062619,0.730440,0.001074,0.000057,-0.004433,0.001074,3,3,0,fixed,3,3,0,0,3.000000,4.000000
5,multi_greedy,3,2,33,0,0,4,0.000000,95.500000,0.418848,27,0.254924,33,0,0,0,0.254924,0.326962,0.072038,0.072038,0.254924,-0.043614,3,29,1,0,27,26,27,95.500000,81.333300,55.333300,0.418848,0.491803,0.722892,0.000057,-0.000654,-0.004247,0.000000,3,3,0,fixed,3,3,0,0,3.000000,4.000000
5,multi_greedy,3,2,34,1,1,1,3.081683,81.333300,1.027228,26,0.254924,33,0,1,0,0.254924,0.326962,0.072038,0.072038,0.254924,-0.043614,3,29,1,-1,27,26,27,95.500000,81.333300,55.333300,1.122355,1.058608,0.730440,0.001077,0.000057,-0.004430,0.001077,3,3,0,fixed,3,3,0,0,3.000000,4.000000
5,multi_greedy,3,2,35,2,2,2,0.387975,55.333300,0.048497,27,0.254924,33,0,2,0,0.254924,0.326962,0.072038,0.072038,0.254924,-0.043614,3,29,1,0,27,26,27,95.500000,81.333300,55.333300,0.619956,0.236418,0.048442,0.021805,0.018169,0.000057,0.021805,3,3,0,fixed,3,3,0,0,3.000000,4.000000
5,multi_greedy,3,2,36,0,0,4,0.000000,95.500000,0.418848,27,0.254924,33,0,0,0,0.254924,0.326962,0.072038,0.072038,0.254924,-0.043614,3,29,1,0,27,26,27,95.500000,81.333300,55.333300,0.418848,0.491803,0.722892,0.000057,-0.000654,-0.004247,0.000000,3,3,0,fixed,3,3,0,0,3.000000,4.000000
5,multi_greedy,3,2,37,2,2,4,0.000000,55.333300,0.722892,27,0.254924,33,0,2,0,0.254924,0.326962,0.072038,0.072038,0.254924,-0.043614,3,29,1,-1,27,26,27,95.500000,81.333300,55.333300,0.418848,0.491803,0.722892,0.004512,0.003776,0.000057,0.004512,3,3,0,fixed,3,3,0,0,3.000000,4.000000
5,multi_greedy,3,2,38,2,2,2,0.387964,55.333300,0.048495,27,0.254924,33,0,2,0,0.254924,0.326962,0.072038,0.072038,0.254924,-0.043614,3,29,1,0,27,26,27,95.500000,81.333300,55.333300,0.619956,0.236418,0.048442,0.021805,0.018169,0.000057,0.021805,3,3,0,fixed,3,3,0,0,3.000000,4.000000
5,multi_greedy,3,2,39,2,2,1,2.326716,55.333300,0.775572,27,0.254924,33,0,2,0,0.254924,0.326962,0.072038,0.072038,0.254924,-0.043614,3,29,1,-1,27,26,27,95.500000,81.333300,55.333300,1.122355,1.013357,0.754480,0.005687,0.004564,0.000057,0.005687,3,3,0,fixed,3,3,0,0,3.000000,4.000000
5,multi_greedy,3,2,40,1,1,2,1.993428,81.333300,0.249178,26,0.254924,33,0,1,0,0.254924,0.326962,0.072038,0.072038,0.254924,-0.043614,3,29,1,0,27,26,27,95.500000,81.333300,55.333300,0.619956,0.245177,0.046718,0.002968,0.000057,-0.017106,0.002968,3,3,0,fixed,3,3,0,0,3.000000,4.000000
5,multi_greedy,3,2,41,2,2,2,0.387988,55.333300,0.048498,27,0.254924,33,0,2,0,0.254924,0.326962,0.072038,0.072038,0.254924,-0.043614,3,29,1,0,27,26,27,95.500000,81.333300,55.333300,0.619956,0.236418,0.048442,0.021805,0.018170,0.000057,0.021805,3,3,0,fixed,3,3,0,0,3.000000,4.000000
5,multi_greedy,3,2,42,0,0,2,4.909236,95.500000,0.613655,27,0.254924,33,0,0,0,0.254924,0.326962,0.072038,0.072038,0.254924,-0.043614,3,29,1,-1,27,26,27,95.500000,81.333300,55.333300,0.646169,0.236418,0.046718,0.000057,-0.003130,-0.019668,0.000000,3,3,0,fixed,3,3,0,0,3.000000,4.000000
5,multi_greedy,3,2,43,1,1,3,0.000000,81.333300,1.229509,26,0.254924,33,0,1,0,0.254924,0.326962,0.072038,0.072038,0.254924,-0.043614,3,29,1,-1,27,26,27,95.500000,81.333300,55.333300,1.047120,1.229509,1.807230,0.000946,0.000057,-0.003864,0.000946,3,3,0,fixed,3,3,0,0,3.000000,4.000000
5,multi_greedy,3,2,44,2,2,4,0.000000,55.333300,0.722892,27,0.254924,33,0,2,0,0.254924,0.326962,0.072038,0.072038,0.254924,-0.043614,3,29,1,-1,27,26,27,95.500000,81.333300,55.333300,0.418848,0.491803,0.722892,0.004512,0.003776,0.000057,0.004512,3,3,0,fixed,3,3,0,0,3.000000,4.000000
5,multi_greedy,3,2,45,2,2,3,0.000000,55.333300,1.807230,27,0.254924,33,0,2,0,0.254924,0.326962,0.072038,0.072038,0.254924,-0.043614,3,29,1,1,27,26,27,95.500000,81.333300,55.333300,1.047120,1.229509,1.807230,0.005020,0.004102,0.000057,0.005020,3,3,0,fixed,3,3,0,0,3.000000,4.000000
5,multi_greedy,3,2,46,2,2,3,0.000000,55.333300,1.807230,27,0.254924,33,0,2,0,0.254924,0.326962,0.072038,0.072038,0.254924,-0.043614,3,29,1,1,27,26,27,95.500000,81.333300,55.333300,1.047120,1.229509,1.807230,0.005020,0.004102,0.000057,0.005020,3,3,0,fixed,3,3,0,0,3.000000,4.000000
5,multi_greedy,3,2,47,1,1,2,1.995614,81.333300,0.249452,26,0.254924,33,0,1,0,0.254924,0.326962,0.072038,0.072038,0.254924,-0.043614,3,29,1,0,27,26,27,95.500000,81.333300,55.333300,0.619956,0.245152,0.046718,0.002968,0.000057,-0.017106,0.002968,3,3,0,fixed,3,3,0,0,3.000000,4.000000
5,multi_greedy,3,2,48,1,1,4,0.000000,81.333300,0.491803,26,0.254924,33,0,1,0,0.254924,0.326962,0.072038,0.072038,0.254924,-0.043614,3,29,1,0,27,26,27,95.500000,81.333300,55.333300,0.418848,0.491803,0.722892,0.000773,0.000057,-0.003556,0.000773,3,3,0,fixed,3,3,0,0,3.000000,4.000000
5,multi_greedy,3,2,49,0,0,2,5.243695,95.500000,0.655462,27,0.254924,33,0,0,0,0.254924,0.326962,0.072038,0.072038,0.254924,-0.043614,3,29,1,-1,27,26,27,95.500000,81.333300,55.333300,0.641523,0.236418,0.046718,0.000057,-0.003122,-0.019661,0.000000,3,3,0,fixed,3,3,0,0,3.000000,4.000000
5,multi_greedy,3,2,50,1,1,2,1.994567,81.333300,0.249321,26,0.254924,33,0,1,0,0.254924,0.326962,0.072038,0.072038,0.254924,-0.043614,3,29,1,0,27,26,27,95.500000,81.333300,55.333300,0.619956,0.245164,0.046718,0.002968,0.000057,-0.017106,0.002968,3,3,0,fixed,3,3,0,0,3.000000,4.000000
5,multi_greedy,3,2,51,2,2,4,0.000000,55.333300,0.722892,27,0.254924,33,0,2,0,0.254924,0.326962,0.072038,0.072038,0.254924,-0.043614,3,29,1,-1,27,26,27,95.500000,81.333300,55.333300,0.418848,0.491803,0.722892,0.004512,0.003776,0.000057,0.004512,3,3,0,fixed,3,3,0,0,3.000000,4.000000
5,multi_greedy,3,2,52,2,2,2,0.389103,55.333300,0.048638,27,0.254924,33,0,0,1,0.254924,0.326962,0.072038,0.072038,0.254924,-0.043614,3,29,1,0,27,26,27,95.500000,81.333300,55.333300,0.619956,0.236418,0.048425,0.021812,0.018176,0.000057,0.021812,3,3,0,fixed,3,3,0,0,3.000000,4.000000
5,multi_greedy,3,2,53,2,2,3,0.000000,55.333300,1.807230,27,0.254924,33,0,2,0,0.254924,0.326962,0.072038,0.072038,0.254924,-0.043614,3,29,1,1,27,26,27,95.500000,81.333300,55.333300,1.047120,1.229509,1.807230,0.005020,0.004102,0.000057,0.005020,3,3,0,fixed,3,3,0,0,3.000000,4.000000
5,multi_greedy,3,2,54,1,1,2,1.911405,81.333300,0.238926,26,0.254924,33,0,1,0,0.254924,0.326962,0.072038,0.072038,0.254924,-0.043614,3,29,1,0,27,26,27,95.500000,81.333300,55.333300,0.619956,0.246109,0.046718,0.002955,0.000057,-0.017117,0.002955,3,3,0,fixed,3,3,0,0,3.000000,4.000000
5,multi_greedy,3,2,55,2,2,3,0.000000,55.333300,1.807230,27,0.254924,33,0,2,0,0.254924,0.326962,0.072038,0.072038,0.254924,-0.043614,3,29,1,1,27,26,27,95.500000,81.333300,55.333300,1.047120,1.229509,1.807230,0.005020,0.004102,0.000057,0.005020,3,3,0,fixed,3,3,0,0,3.000000,4.000000
5,multi_greedy,3,2,56,1,1,2,1.910305,81.333300,0.238788,26,0.254924,33,0,1,0,0.254924,0.326962,0.072038,0.072038,0.254924,-0.043614,3,29,1,0,27,26,27,95.500000,81.333300,55.333300,0.619956,0.246122,0.046718,0.002955,0.000057,-0.017117,0.002955,3,3,0,fixed,3,3,0,0,3.000000,4.000000
5,multi_greedy,3,2,57,0,0,1,3.372933,95.500000,1.124311,27,0.254924,33,0,0,0,0.254924,0.326962,0.072038,0.072038,0.254924,-0.043614,3,29,1,1,27,26,27,95.500000,81.333300,55.333300,1.169583,1.013357,0.730440,0.000057,-0.001072,-0.005459,0.000000,3,3,0,fixed,3,3,0,0,3.000000,4.000000
5,multi_greedy,3,2,58,0,0,1,3.512129,95.500000,1.170710,27,0.254924,33,0,0,0,0.254924,0.326962,0.072038,0.072038,0.254924,-0.043614,3,29,1,1,27,26,27,95.500000,81.333300,55.333300,1.162954,1.013357,0.730440,0.000057,-0.001068,-0.005455,0.000000,3,3,0,fixed,3,3,0,0,3.000000,4.000000
5,multi_greedy,3,2,59,0,0,4,0.000000,95.500000,0.418848,27,0.254924,33,0,0,0,0.254924,0.326962,0.072038,0.072038,0.254924,-0.043614,3,29,1,0,27,26,27,95.500000,81.333300,55.333300,0.418848,0.491803,0.722892,0.000057,-0.000654,-0.004247,0.000000,3,3,0,fixed,3,3,0,0,3.000000,4.000000
5,multi_greedy,3,2,60,0,0,2,5.243695,95.500000,0.655462,27,0.254924,33,0,0,0,0.254924,0.326962,0.072038,0.072038,0.254924,-0.043614,3,29,1,-1,27,26,27,95.500000,81.333300,55.333300,0.641523,0.236418,0.046718,0.000057,-0.003122,-0.019661,0.000000,3,3,0,fixed,3,3,0,0,3.000000,4.000000
5,multi_greedy,3,2,61,1,1,4,0.000000,81.333300,0.491803,26,0.254924,33,0,1,0,0.254924,0.326962,0.072038,0.072038,0.254924,-0.043614,3,29,1,0,27,26,27,95.500000,81.333300,55.333300,0.418848,0.491803,0.722892,0.000773,0.000057,-0.003556,0.000773,3,3,0,fixed,3,3,0,0,3.000000,4.000000
5,multi_greedy,3,2,62,0,0,1,3.509739,95.500000,1.169913,27,0.254924,33,0,0,0,0.254924,0.326962,0.072038,0.072038,0.254924,-0.043614,3,29,1,1,27,26,27,95.500000,81.333300,55.333300,1.163068,1.013357,0.730440,0.000057,-0.001068,-0.005455,0.000000,3,3,0,fixed,3,3,0,0,3.000000,4.000000
5,multi_greedy,3,2,63,1,1,2,1.927688,81.333300,0.240961,26,0.254924,33,0,1,0,0.254924,0.326962,0.072038,0.072038,0.254924,-0.043614,3,29,1,0,27,26,27,95.500000,81.333300,55.333300,0.619956,0.245924,0.046718,0.002958,0.000057,-0.017114,0.002958,3,3,0,fixed,3,3,0,0,3.000000,4.000000
5,multi_greedy,3,2,64,1,1,4,0.000000,81.333300,0.491803,26,0.254924,33,0,1,0,0.254924,0.326962,0.072038,0.072038,0.254924,-0.043614,3,29,1,0,27,26,27,95.500000,81.333300,55.333300,0.418848,0.491803,0.722892,0.000773,0.000057,-0.003556,0.000773,3,3,0,fixed,3,3,0,0,3.000000,4.000000
5,multi_greedy,3,2,65,2,2,4,0.000000,55.333300,0.722892,27,0.254924,33,0,2,0,0.254924,0.326962,0.072038,0.072038,0.254924,-0.043614,3,29,1,-1,27,26,27,95.500000,81.333300,55.333300,0.418848,0.491803,0.722892,0.004512,0.003776,0.000057,0.004512,3,3,0,fixed,3,3,0,0,3.000000,4.000000
5,multi_greedy,3,2,66,1,1,2,1.964958,81.333300,0.245620,26,0.254924,33,0,1,0,0.254924,0.326962,0.072038,0.072038,0.254924,-0.043614,3,29,1,0,27,26,27,95.500000,81.333300,55.333300,0.619956,0.245501,0.046718,0.002963,0.000057,-0.017110,0.002963,3,3,0,fixed,3,3,0,0,3.000000,4.000000
5,multi_greedy,3,2,67,2,2,1,2.271086,55.333300,0.757029,27,0.254924,33,0,2,0,0.254924,0.326962,0.072038,0.072038,0.254924,-0.043614,3,29,1,-1,27,26,27,95.500000,81.333300,55.333300,1.122355,1.013357,0.757571,0.005682,0.004560,0.000057,0.005682,3,3,0,fixed,3,3,0,0,3.000000,4.000000
5,multi_greedy,3,2,68,0,0,4,0.000000,95.500000,0.418848,27,0.254924,33,0,0,0,0.254924,0.326962,0.072038,0.072038,0.254924,-0.043614,3,29,1,0,27,26,27,95.500000,81.333300,55.333300,0.418848,0.491803,0.722892,0.000057,-0.000654,-0.004247,0.000000,3,3,0,fixed,3,3,0,0,3.000000,4.000000
5,multi_greedy,3,2,69,2,2,4,0.000000,55.333300,0.722892,27,0.254924,33,0,2,0,0.254924,0.326962,0.072038,0.072038,0.254924,-0.043614,3,29,1,-1,27,26,27,95.500000,81.333300,55.333300,0.418848,0.491803,0.722892,0.004512,0.003776,0.000057,0.004512,3,3,0,fixed,3,3,0,0,3.000000,4.000000
5,multi_greedy,3,2,70,2,2,3,0.000000,55.333300,1.807230,27,0.254924,33,0,2,0,0.254924,0.326962,0.072038,0.072038,0.254924,-0.043614,3,29,1,1,27,26,27,95.500000,81.333300,55.333300,1.047120,1.229509,1.807230,0.005020,0.004102,0.000057,0.005020,3,3,0,fixed,3,3,0,0,3.000000,4.000000
5,multi_greedy,3,2,71,1,1,2,1.995625,81.333300,0.249453,26,0.254924,33,0,1,0,0.254924,0.326962,0.072038,0.072038,0.254924,-0.043614,3,29,1,0,27,26,27,95.500000,81.333300,55.333300,0.619956,0.245152,0.046718,0.002968,0.000057,-0.017106,0.002968,3,3,0,fixed,3,3,0,0,3.000000,4.000000
5,multi_greedy,3,2,72,0,0,1,3.506020,95.500000,1.168673,27,0.254924,33,0,0,0,0.254924,0.326962,0.072038,0.072038,0.254924,-0.043614,3,29,1,1,27,26,27,95.500000,81.333300,55.333300,1.163245,1.013357,0.730440,0.000057,-0.001068,-0.005455,0.000000,3,3,0,fixed,3,3,0,0,3.000000,4.000000
5,multi_greedy,3,2,73,2,2,2,0.390138,55.333300,0.048767,27,0.254924,33,0,0,1,0.254924,0.326962,0.072038,0.072038,0.254924,-0.043614,3,29,1,0,27,26,27,95.500000,81.333300,55.333300,0.619956,0.236418,0.048408,0.021819,0.018182,0.000057,0.021819,3,3,0,fixed,3,3,0,0,3.000000,4.000000
5,multi_greedy,3,2,74,1,1,4,0.000000,81.333300,0.491803,26,0.254924,33,0,1,0,0.254924,0.326962,0.072038,0.072038,0.254924,-0.043614,3,29,1,0,27,26,27,95.500000,81.333300,55.333300,0.418848,0.491803,0.722892,0.000773,0.000057,-0.003556,0.000773,3,3,0,fixed,3,3,0,0,3.000000,4.000000
5,multi_greedy,3,2,75,0,0,2,4.910270,95.500000,0.613784,27,0.254924,33,0,0,0,0.254924,0.326962,0.072038,0.072038,0.254924,-0.043614,3,29,1,-1,27,26,27,95.500000,81.333300,55.333300,0.646154,0.236418,0.046718,0.000057,-0.003130,-0.019668,0.000000,3,3,0,fixed,3,3,0,0,3.000000,4.000000
5,multi_greedy,3,2,76,1,1,4,0.000000,81.333300,0.491803,26,0.254924,33,0,1,0,0.254924,0.326962,0.072038,0.072038,0.254924,-0.043614,3,29,1,0,27,26,27,95.500000,81.333300,55.333300,0.418848,0.491803,0.722892,0.000773,0.000057,-0.003556,0.000773,3,3,0,fixed,3,3,0,0,3.000000,4.000000
5,multi_greedy,3,2,77,0,0,3,0.000000,95.500000,1.047120,27,0.254924,33,0,0,0,0.254924,0.326962,0.072038,0.072038,0.254924,-0.043614,3,29,1,1,27,26,27,95.500000,81.333300,55.333300,1.047120,1.229509,1.807230,0.000057,-0.000826,-0.004720,0.000000,3,3,0,fixed,3,3,0,0,3.000000,4.000000
5,multi_greedy,3,2,78,1,1,2,1.995601,81.333300,0.249450,26,0.254924,33,0,1,0,0.254924,0.326962,0.072038,0.072038,0.254924,-0.043614,3,29,1,0,27,26,27,95.500000,81.333300,55.333300,0.619956,0.245153,0.046718,0.002968,0.000057,-0.017106,0.002968,3,3,0,fixed,3,3,0,0,3.000000,4.000000
5,multi_greedy,3,2,79,0,0,2,5.243682,95.500000,0.655460,27,0.254924,33,0,0,0,0.254924,0.326962,0.072038,0.072038,0.254924,-0.043614,3,29,1,-1,27,26,27,95.500000,81.333300,55.333300,0.641523,0.236418,0.046718,0.000057,-0.003122,-0.019661,0.000000,3,3,0,fixed,3,3,0,0,3.000000,4.000000
5,multi_greedy,3,2,80,1,1,4,0.000000,81.333300,0.491803,26,0.254924,33,0,1,0,0.254924,0.326962,0.072038,0.072038,0.254924,-0.043614,3,29,1,0,27,26,27,95.500000,81.333300,55.333300,0.418848,0.491803,0.722892,0.000773,0.000057,-0.003556,0.000773,3,3,0,fixed,3,3,0,0,3.000000,4.000000
5,multi_greedy,3,3,1,0,0,1,3.504960,95.666700,1.168320,30,0.300882,39,0,0,0,0.300882,0.391169,0.090287,0.090287,0.300882,0.045958,3,63,1,1,30,26,24,95.666700,82.833300,56.500000,1.162812,1.096088,0.781935,0.000023,-0.001250,-0.005427,0.000000,3,3,0,fixed,3,3,0,0,3.000000,4.000000
5,multi_greedy,3,3,2,0,0,3,0.000000,95.666700,1.045296,30,0.300882,39,0,0,0,0.300882,0.391169,0.090287,0.090287,0.300882,0.045958,3,63,1,1,30,26,24,95.666700,82.833300,56.500000,1.045296,1.207244,1.769912,0.000023,-0.001015,-0.004509,0.000000,3,3,0,fixed,3,3,0,0,3.000000,4.000000
5,multi_greedy,3,3,3,1,1,1,3.338315,82.833300,1.112772,26,0.300882,39,0,1,0,0.300882,0.391169,0.090287,0.090287,0.300882,0.045958,3,63,1,-1,30,26,24,95.666700,82.833300,56.500000,1.125968,1.144614,0.781935,0.001159,0.000023,-0.004269,0.001159,3,3,0,fixed,3,3,0,0,3.000000,4.000000
5,multi_greedy,3,3,4,2,2,1,2.437365,56.500000,0.812455,24,0.300882,39,0,2,0,0.300882,0.391169,0.090287,0.090287,0.300882,0.045958,3,63,1,-1,30,26,24,95.666700,82.833300,56.500000,1.125968,1.096088,0.814859,0.005490,0.004237,0.000023,0.005490,3,3,0,fixed,3,3,0,0,3.000000,4.000000
5,multi_greedy,3,3,5,0,0,2,3.950715,95.666700,0.493839,30,0.300882,39,0,0,0,0.300882,0.391169,0.090287,0.090287,0.300882,0.045958,3,63,1,0,30,26,24,95.666700,82.833300,56.500000,0.494770,0.223970,0.046120,0.000023,-0.003952,-0.025068,0.000000,3,3,0,fixed,3,3,0,0,3.000000,4.000000
5,multi_greedy,3,3,6,0,0,2,4.006609,95.666700,0.500826,30,0.300882,39,0,0,0,0.300882,0.391169,0.090287,0.090287,0.300882,0.045958,3,63,1,-1,30,26,24,95.666700,82.833300,56.500000,0.494187,0.223970,0.046120,0.000023,-0.003950,-0.025066,0.000000,3,3,0,fixed,3,3,0,0,3.000000,4.000000
5,multi_greedy,3,3,7,1,1,1,3.559476,82.833300,1.186492,26,0.300882,39,0,1,0,0.300882,0.391169,0.090287,0.090287,0.300882,0.045958,3,63,1,-1,30,26,24,95.666700,82.833300,56.500000,1.125968,1.126184,0.781935,0.001175,0.000023,-0.004254,0.001175,3,3,0,fixed,3,3,0,0,3.000000,4.000000
5,multi_greedy,3,3,8,2,2,1,2.480740,56.500000,0.826913,24,0.300882,39,0,2,0,0.300882,0.391169,0.090287,0.090287,0.300882,0.045958,3,63,1,-1,30,26,24,95.666700,82.833300,56.500000,1.125968,1.096088,0.812450,0.005495,0.004241,0.000023,0.005495,3,3,0,fixed,3,3,0,0,3.000000,4.000000
5,multi_greedy,3,3,9,2,2,2,0.383638,56.500000,0.047955,24,0.300882,39,0,2,0,0.300882,0.391169,0.090287,0.090287,0.300882,0.045958,3,63,1,0,30,26,24,95.666700,82.833300,56.500000,0.478740,0.223970,0.048059,0.027584,0.023030,0.000023,0.027584,3,3,0,fixed,3,3,0,0,3.000000,4.000000
5,multi_greedy,3,3,10,0,0,3,0.000000,95.666700,1.045296,30,0.300882,39,0,0,0,0.300882,0.391169,0.090287,0.090287,0.300882,0.045958,3,63,1,1,30,26,24,95.666700,82.833300,56.500000,1.045296,1.207244,1.769912,0.000023,-0.001015,-0.004509,0.000000,3,3,0,fixed,3,3,0,0,3.000000,4.000000
5,multi_greedy,3,3,11,0,0,1,3.506901,95.666700,1.168967,30,0.300882,39,0,0,0,0.300882,0.391169,0.090287,0.090287,0.300882,0.045958,3,63,1,1,30,26,24,95.666700,82.833300,56.500000,1.162720,1.096088,0.781935,0.000023,-0.001250,-0.005427,0.000000,3,3,0,fixed,3,3,0,0,3.000000,4.000000
5,multi_greedy,3,3,12,2,2,1,2.509415,56.500000,0.836472,24,0.300882,39,0,2,0,0.300882,0.391169,0.090287,0.090287,0.300882,0.045958,3,63,1,-1,30,26,24,95.666700,82.833300,56.500000,1.125968,1.096088,0.810857,0.005497,0.004244,0.000023,0.005497,3,3,0,fixed,3,3,0,0,3.000000,4.000000
5,multi_greedy,3,3,13,0,0,2,3.878613,95.666700,0.484827,30,0.300882,39,0,0,0,0.300882,0.391169,0.090287,0.090287,0.300882,0.045958,3,63,1,0,30,26,24,95.666700,82.833300,56.500000,0.495521,0.223970,0.046120,0.000023,-0.003956,-0.025071,0.000000,3,3,0,fixed,3,3,0,0,3.000000,4.000000
5,multi_greedy,3,3,14,0,0,2,3.940942,95.666700,0.492618,30,0.300882,39,0,0,0,0.300882,0.391169,0.090287,0.090287,0.300882,0.045958,3,63,1,0,30,26,24,95.666700,82.833300,56.500000,0.494871,0.223970,0.046120,0.000023,-0.003953,-0.025068,0.000000,3,3,0,fixed,3,3,0,0,3.000000,4.000000
5,multi_greedy,3,3,15,0,0,2,3.937625,95.666700,0.492203,30,0.300882,39,0,0,0,0.300882,0.391169,0.090287,0.090287,0.300882,0.045958,3,63,1,0,30,26,24,95.666700,82.833300,56.500000,0.494906,0.223970,0.046120,0.000023,-0.003953,-0.025068,0.000000,3,3,0,fixed,3,3,0,0,3.000000,4.000000
5,multi_greedy,3,3,16,0,0,1,3.468239,95.666700,1.156080,30,0.300882,39,0,0,0,0.300882,0.391169,0.090287,0.090287,0.300882,0.045958,3,63,1,1,30,26,24,95.666700,82.833300,56.500000,1.164561,1.096088,0.781935,0.000023,-0.001251,-0.005429,0.000000,3,3,0,fixed,3,3,0,0,3.000000,4.000000
5,multi_greedy,3,3,17,0,0,2,4.014201,95.666700,0.501775,30,0.300882,39,0,0,0,0.300882,0.391169,0.090287,0.090287,0.300882,0.045958,3,63,1,-1,30,26,24,95.666700,82.833300,56.500000,0.494108,0.223970,0.046120,0.000023,-0.003949,-0.025065,0.000000,3,3,0,fixed,3,3,0,0,3.000000,4.000000
5,multi_greedy,3,3,18,0,0,4,0.000000,95.666700,0.418118,30,0.300882,39,0,0,0,0.300882,0.391169,0.090287,0.090287,0.300882,0.045958,3,63,1,0,30,26,24,95.666700,82.833300,56.500000,0.418118,0.482898,0.707965,0.000023,-0.000798,-0.003862,0.000000,3,3,0,fixed,3,3,0,0,3.000000,4.000000
5,multi_greedy,3,3,19,0,0,1,3.506398,95.666700,1.168799,30,0.300882,39,0,0,0,0.300882,0.391169,0.090287,0.090287,0.300882,0.045958,3,63,1,1,30,26,24,95.666700,82.833300,56.500000,1.162743,1.096088,0.781935,0.000023,-0.001250,-0.005427,0.000000,3,3,0,fixed,3,3,0,0,3.000000,4.000000
5,multi_greedy,3,3,20,1,1,4,0.000000,82.833300,0.482898,26,0.300882,39,0,1,0,0.300882,0.391169,0.090287,0.090287,0.300882,0.045958,3,63,1,0,30,26,24,95.666700,82.833300,56.500000,0.418118,0.482898,0.707965,0.000848,0.000023,-0.003058,0.000848,3,3,0,fixed,3,3,0,0,3.000000,4.000000
5,multi_greedy,3,3,21,0,0,3,0.000000,95.666700,1.045296,30,0.300882,39,0,0,0,0.300882,0.391169,0.090287,0.090287,0.300882,0.045958,3,63,1,1,30,26,24,95.666700,82.833300,56.500000,1.045296,1.207244,1.769912,0.000023,-0.001015,-0.004509,0.000000,3,3,0,fixed,3,3,0,0,3.000000,4.000000
5,multi_greedy,3,3,22,2,2,1,2.578448,56.500000,0.859483,24,0.300882,39,0,2,0,0.300882,0.391169,0.090287,0.090287,0.300882,0.045958,3,63,1,-1,30,26,24,95.666700,82.833300,56.500000,1.125968,1.096088,0.807022,0.005504,0.004251,0.000023,0.005504,3,3,0,fixed,3,3,0,0,3.000000,4.000000
5,multi_greedy,3,3,23,2,2,4,0.000000,56.500000,0.707965,24,0.300882,39,0,2,0,0.300882,0.391169,0.090287,0.090287,0.300882,0.045958,3,63,1,-1,30,26,24,95.666700,82.833300,56.500000,0.418118,0.482898,0.707965,0.004011,0.003168,0.000023,0.004011,3,3,0,fixed,3,3,0,0,3.000000,4.000000
5,multi_greedy,3,3,24,2,2,2,0.383616,56.500000,0.047952,24,0.300882,39,1,2,0,0.300882,0.391169,0.090287,0.090287,0.300882,0.045958,3,63,1,0,30,26,24,95.666700,82.833300,56.500000,0.478740,0.223970,0.048060,0.027584,0.023030,0.000023,0.027584,3,3,0,fixed,3,3,0,0,3.000000,4.000000
5,multi_greedy,3,3,25,2,2,1,2.357299,56.500000,0.785766,24,0.300882,39,0,2,0,0.300882,0.391169,0.090287,0.090287,0.300882,0.045958,3,63,1,-1,30,26,24,95.666700,82.833300,56.500000,1.125968,1.096088,0.819308,0.005483,0.004230,0.000023,0.005483,3,3,0,fixed,3,3,0,0,3.000000,4.000000
5,multi_greedy,3,3,26,1,1,1,3.375460,82.833300,1.125153,26,0.300882,39,0,1,0,0.300882,0.391169,0.090287,0.090287,0.300882,0.045958,3,63,1,-1,30,26,24,95.666700,82.833300,56.500000,1.125968,1.141519,0.781935,0.001162,0.000023,-0.004267,0.001162,3,3,0,fixed,3,3,0,0,3.000000,4.000000
5,multi_greedy,3,3,27,2,2,2,0.384697,56.500000,0.048087,24,0.300882,39,0,0,1,0.300882,0.391169,0.090287,0.090287,0.300882,0.045958,3,63,1,0,30,26,24,95.666700,82.833300,56.500000,0.478740,0.223970,0.048033,0.027599,0.023045,0.000023,0.027599,3,3,0,fixed,3,3,0,0,3.000000,4.000000
5,multi_greedy,3,3,28,1,1,2,1.876378,82.833300,0.234547,26,0.300882,39,0,1,0,0.300882,0.391169,0.090287,0.090287,0.300882,0.045958,3,63,1,0,30,26,24,95.666700,82.833300,56.500000,0.478740,0.232406,0.046120,0.003569,0.000023,-0.021960,0.003569,3,3,0,fixed,3,3,0,0,3.000000,4.000000
5,multi_greedy,3,3,29,1,1,2,1.876348,82.833300,0.234544,26,0.300882,39,0,1,0,0.300882,0.391169,0.090287,0.090287,0.300882,0.045958,3,63,1,0,30,26,24,95.666700,82.833300,56.500000,0.478740,0.232406,0.046120,0.003569,0.000023,-0.021960,0.003569,3,3,0,fixed,3,3,0,0,3.000000,4.000000
5,multi_greedy,3,3,30,1,1,2,1.878564,82.833300,0.234821,26,0.300882,39,0,1,0,0.300882,0.391169,0.090287,0.090287,0.300882,0.045958,3,63,1,0,30,26,24,95.666700,82.833300,56.500000,0.478740,0.232381,0.046120,0.003570,0.000023,-0.021960,0.003570,3,3,0,fixed,3,3,0,0,3.000000,4.000000
5,multi_greedy,3,3,31,1,1,3,0.000000,82.833300,1.207244,26,0.300882,39,0,1,0,0.300882,0.391169,0.090287,0.090287,0.300882,0.045958,3,63,1,-1,30,26,24,95.666700,82.833300,56.500000,1.045296,1.207244,1.769912,0.001068,0.000023,-0.003495,0.001068,3,3,0,fixed,3,3,0,0,3.000000,4.000000
5,multi_greedy,3,3,32,1,1,1,3.438562,82.833300,1.146187,26,0.300882,39,0,1,0,0.300882,0.391169,0.090287,0.090287,0.300882,0.045958,3,63,1,-1,30,26,24,95.666700,82.833300,56.500000,1.125968,1.136260,0.781935,0.001166,0.000023,-0.004263,0.001166,3,3,0,fixed,3,3,0,0,3.000000,4.000000
5,multi_greedy,3,3,33,0,0,4,0.000000,95.666700,0.418118,30,0.300882,39,0,0,0,0.300882,0.391169,0.090287,0.090287,0.300882,0.045958,3,63,1,0,30,26,24,95.666700,82.833300,56.500000,0.418118,0.482898,0.707965,0.000023,-0.000798,-0.003862,0.000000,3,3,0,fixed,3,3,0,0,3.000000,4.000000
5,multi_greedy,3,3,34,1,1,1,3.361870,82.833300,1.120623,26,0.300882,39,0,1,0,0.300882,0.391169,0.090287,0.090287,0.300882,0.045958,3,63,1,-1,30,26,24,95.666700,82.833300,56.500000,1.125968,1.142651,0.781935,0.001161,0.000023,-0.004268,0.001161,3,3,0,fixed,3,3,0,0,3.000000,4.000000
5,multi_greedy,3,3,35,2,2,2,0.384696,56.500000,0.048087,24,0.300882,39,0,0,1,0.300882,0.391169,0.090287,0.090287,0.300882,0.045958,3,63,1,0,30,26,24,95.666700,82.833300,56.500000,0.478740,0.223970,0.048033,0.027599,0.023045,0.000023,0.027599,3,3,0,fixed,3,3,0,0,3.000000,4.000000
5,multi_greedy,3,3,36,0,0,4,0.000000,95.666700,0.418118,30,0.300882,39,0,0,0,0.300882,0.391169,0.090287,0.090287,0.300882,0.045958,3,63,1,0,30,26,24,95.666700,82.833300,56.500000,0.418118,0.482898,0.707965,0.000023,-0.000798,-0.003862,0.000000,3,3,0,fixed,3,3,0,0,3.000000,4.000000
5,multi_greedy,3,3,37,2,2,4,0.000000,56.500000,0.707965,24,0.300882,39,0,2,0,0.300882,0.391169,0.090287,0.090287,0.300882,0.045958,3,63,1,-1,30,26,24,95.666700,82.833300,56.500000,0.418118,0.482898,0.707965,0.004011,0.003168,0.000023,0.004011,3,3,0,fixed,3,3,0,0,3.000000,4.000000
5,multi_greedy,3,3,38,2,2,2,0.384662,56.500000,0.048083,24,0.300882,39,0,2,0,0.300882,0.391169,0.090287,0.090287,0.300882,0.045958,3,63,1,0,30,26,24,95.666700,82.833300,56.500000,0.478740,0.223970,0.048034,0.027599,0.023044,0.000023,0.027599,3,3,0,fixed,3,3,0,0,3.000000,4.000000
5,multi_greedy,3,3,39,2,2,1,2.354855,56.500000,0.784952,24,0.300882,39,0,2,0,0.300882,0.391169,0.090287,0.090287,0.300882,0.045958,3,63,1,-1,30,26,24,95.666700,82.833300,56.500000,1.125968,1.096088,0.819443,0.005483,0.004230,0.000023,0.005483,3,3,0,fixed,3,3,0,0,3.000000,4.000000
5,multi_greedy,3,3,40,1,1,2,1.829439,82.833300,0.228680,26,0.300882,39,0,1,0,0.300882,0.391169,0.090287,0.090287,0.300882,0.045958,3,63,1,0,30,26,24,95.666700,82.833300,56.500000,0.478740,0.232939,0.046120,0.003558,0.000023,-0.021969,0.003558,3,3,0,fixed,3,3,0,0,3.000000,4.000000
5,multi_greedy,3,3,41,2,2,2,0.384696,56.500000,0.048087,24,0.300882,39,0,0,1,0.300882,0.391169,0.090287,0.090287,0.300882,0.045958,3,63,1,0,30,26,24,95.666700,82.833300,56.500000,0.478740,0.223970,0.048033,0.027599,0.023045,0.000023,0.027599,3,3,0,fixed,3,3,0,0,3.000000,4.000000
5,multi_greedy,3,3,42,0,0,2,4.015253,95.666700,0.501907,30,0.300882,39,0,0,0,0.300882,0.391169,0.090287,0.090287,0.300882,0.045958,3,63,1,-1,30,26,24,95.666700,82.833300,56.500000,0.494097,0.223970,0.046120,0.000023,-0.003949,-0.025065,0.000000,3,3,0,fixed,3,3,0,0,3.000000,4.000000
5,multi_greedy,3,3,43,1,1,3,0.000000,82.833300,1.207244,26,0.300882,39,0,1,0,0.300882,0.391169,0.090287,0.090287,0.300882,0.045958,3,63,1,-1,30,26,24,95.666700,82.833300,56.500000,1.045296,1.207244,1.769912,0.001068,0.000023,-0.003495,0.001068,3,3,0,fixed,3,3,0,0,3.000000,4.000000
5,multi_greedy,3,3,44,2,2,4,0.000000,56.500000,0.707965,24,0.300882,39,0,2,0,0.300882,0.391169,0.090287,0.090287,0.300882,0.045958,3,63,1,-1,30,26,24,95.666700,82.833300,56.500000,0.418118,0.482898,0.707965,0.004011,0.003168,0.000023,0.004011,3,3,0,fixed,3,3,0,0,3.000000,4.000000
5,multi_greedy,3,3,45,2,2,3,0.000000,56.500000,1.769912,24,0.300882,39,0,2,0,0.300882,0.391169,0.090287,0.090287,0.300882,0.045958,3,63,1,-1,30,26,24,95.666700,82.833300,56.500000,1.045296,1.207244,1.769912,0.004695,0.003625,0.000023,0.004695,3,3,0,fixed,3,3,0,0,3.000000,4.000000
5,multi_greedy,3,3,46,2,2,3,0.000000,56.500000,1.769912,24,0.300882,39,0,2,0,0.300882,0.391169,0.090287,0.090287,0.300882,0.045958,3,63,1,-1,30,26,24,95.666700,82.833300,56.500000,1.045296,1.207244,1.769912,0.004695,0.003625,0.000023,0.004695,3,3,0,fixed,3,3,0,0,3.000000,4.000000
5,multi_greedy,3,3,47,1,1,2,1.829574,82.833300,0.228697,26,0.300882,39,0,1,0,0.300882,0.391169,0.090287,0.090287,0.300882,0.045958,3,63,1,0,30,26,24,95.666700,82.833300,56.500000,0.478740,0.232938,0.046120,0.003558,0.000023,-0.021969,0.003558,3,3,0,fixed,3,3,0,0,3.000000,4.000000
5,multi_greedy,3,3,48,1,1,4,0.000000,82.833300,0.482898,26,0.300882,39,0,1,0,0.300882,0.391169,0.090287,0.090287,0.300882,0.045958,3,63,1,0,30,26,24,95.666700,82.833300,56.500000,0.418118,0.482898,0.707965,0.000848,0.000023,-0.003058,0.000848,3,3,0,fixed,3,3,0,0,3.000000,4.000000
5,multi_greedy,3,3,49,0,0,2,3.938768,95.666700,0.492346,30,0.300882,39,0,0,0,0.300882,0.391169,0.090287,0.090287,0.300882,0.045958,3,63,1,0,30,26,24,95.666700,82.833300,56.500000,0.494894,0.223970,0.046120,0.000023,-0.003953,-0.025068,0.000000,3,3,0,fixed,3,3,0,0,3.000000,4.000000
5,multi_greedy,3,3,50,1,1,2,1.827278,82.833300,0.228410,26,0.300882,39,0,1,0,0.300882,0.391169,0.090287,0.090287,0.300882,0.045958,3,63,1,0,30,26,24,95.666700,82.833300,56.500000,0.478740,0.232964,0.046120,0.003558,0.000023,-0.021970,0.003558,3,3,0,fixed,3,3,0,0,3.000000,4.000000
5,multi_greedy,3,3,51,2,2,4,0.000000,56.500000,0.707965,24,0.300882,39,0,2,0,0.300882,0.391169,0.090287,0.090287,0.300882,0.045958,3,63,1,-1,30,26,24,95.666700,82.833300,56.500000,0.418118,0.482898,0.707965,0.004011,0.003168,0.000023,0.004011,3,3,0,fixed,3,3,0,0,3.000000,4.000000
5,multi_greedy,3,3,52,0,0,2,3.946354,95.666700,0.493294,30,0.300882,39,0,0,0,0.300882,0.391169,0.090287,0.090287,0.300882,0.045958,3,63,1,0,30,26,24,95.666700,82.833300,56.500000,0.494815,0.223970,0.046120,0.000023,-0.003953,-0.025068,0.000000,3,3,0,fixed,3,3,0,0,3.000000,4.000000
5,multi_greedy,3,3,53,2,2,3,0.000000,56.500000,1.769912,24,0.300882,39,0,2,0,0.300882,0.391169,0.090287,0.090287,0.300882,0.045958,3,63,1,-1,30,26,24,95.666700,82.833300,56.500000,1.045296,1.207244,1.769912,0.004695,0.003625,0.000023,0.004695,3,3,0,fixed,3,3,0,0,3.000000,4.000000
5,multi_greedy,3,3,54,1,1,2,1.855662,82.833300,0.231958,26,0.300882,39,0,1,0,0.300882,0.391169,0.090287,0.090287,0.300882,0.045958,3,63,1,0,30,26,24,95.666700,82.833300,56.500000,0.478740,0.232641,0.046120,0.003564,0.000023,-0.021964,0.003564,3,3,0,fixed,3,3,0,0,3.000000,4.000000
5,multi_greedy,3,3,55,2,2,3,0.000000,56.500000,1.769912,24,0.300882,39,0,2,0,0.300882,0.391169,0.090287,0.090287,0.300882,0.045958,3,63,1,-1,30,26,24,95.666700,82.833300,56.500000,1.045296,1.207244,1.769912,0.004695,0.003625,0.000023,0.004695,3,3,0,fixed,3,3,0,0,3.000000,4.000000
5,multi_greedy,3,3,56,1,1,2,1.855628,82.833300,0.231954,26,0.300882,39,0,1,0,0.300882,0.391169,0.090287,0.090287,0.300882,0.045958,3,63,1,0,30,26,24,95.666700,82.833300,56.500000,0.478740,0.232641,0.046120,0.003564,0.000023,-0.021964,0.003564,3,3,0,fixed,3,3,0,0,3.000000,4.000000
5,multi_greedy,3,3,57,0,0,1,3.477826,95.666700,1.159275,30,0.300882,39,0,0,0,0.300882,0.391169,0.090287,0.090287,0.300882,0.045958,3,63,1,1,30,26,24,95.666700,82.833300,56.500000,1.164104,1.096088,0.781935,0.000023,-0.001251,-0.005428,0.000000,3,3,0,fixed,3,3,0,0,3.000000,4.000000
5,multi_greedy,3,3,58,0,0,1,3.483828,95.666700,1.161276,30,0.300882,39,0,0,0,0.300882,0.391169,0.090287,0.090287,0.300882,0.045958,3,63,1,1,30,26,24,95.666700,82.833300,56.500000,1.163818,1.096088,0.781935,0.000023,-0.001251,-0.005428,0.000000,3,3,0,fixed,3,3,0,0,3.000000,4.000000
5,multi_greedy,3,3,59,0,0,4,0.000000,95.666700,0.418118,30,0.300882,39,0,0,0,0.300882,0.391169,0.090287,0.090287,0.300882,0.045958,3,63,1,0,30,26,24,95.666700,82.833300,56.500000,0.418118,0.482898,0.707965,0.000023,-0.000798,-0.003862,0.000000,3,3,0,fixed,3,3,0,0,3.000000,4.000000
5,multi_greedy,3,3,60,0,0,2,3.938780,95.666700,0.492348,30,0.300882,39,0,0,0,0.300882,0.391169,0.090287,0.090287,0.300882,0.045958,3,63,1,0,30,26,24,95.666700,82.833300,56.500000,0.494894,0.223970,0.046120,0.000023,-0.003953,-0.025068,0.000000,3,3,0,fixed,3,3,0,0,3.000000,4.000000
5,multi_greedy,3,3,61,1,1,4,0.000000,82.833300,0.482898,26,0.300882,39,0,1,0,0.300882,0.391169,0.090287,0.090287,0.300882,0.045958,3,63,1,0,30,26,24,95.666700,82.833300,56.500000,0.418118,0.482898,0.707965,0.000848,0.000023,-0.003058,0.000848,3,3,0,fixed,3,3,0,0,3.000000,4.000000
5,multi_greedy,3,3,62,0,0,1,3.468904,95.666700,1.156301,30,0.300882,39,0,0,0,0.300882,0.391169,0.090287,0.090287,0.300882,0.045958,3,63,1,1,30,26,24,95.666700,82.833300,56.500000,1.164529,1.096088,0.781935,0.000023,-0.001251,-0.005429,0.000000,3,3,0,fixed,3,3,0,0,3.000000,4.000000
5,multi_greedy,3,3,63,1,1,2,1.854564,82.833300,0.231821,26,0.300882,39,0,1,0,0.300882,0.391169,0.090287,0.090287,0.300882,0.045958,3,63,1,0,30,26,24,95.666700,82.833300,56.500000,0.478740,0.232654,0.046120,0.003564,0.000023,-0.021964,0.003564,3,3,0,fixed,3,3,0,0,3.000000,4.000000
5,multi_greedy,3,3,64,1,1,4,0.000000,82.833300,0.482898,26,0.300882,39,0,1,0,0.300882,0.391169,0.090287,0.090287,0.300882,0.045958,3,63,1,0,30,26,24,95.666700,82.833300,56.500000,0.418118,0.482898,0.707965,0.000848,0.000023,-0.003058,0.000848,3,3,0,fixed,3,3,0,0,3.000000,4.000000
5,multi_greedy,3,3,65,2,2,4,0.000000,56.500000,0.707965,24,0.300882,39,0,2,0,0.300882,0.391169,0.090287,0.090287,0.300882,0.045958,3,63,1,-1,30,26,24,95.666700,82.833300,56.500000,0.418118,0.482898,0.707965,0.004011,0.003168,0.000023,0.004011,3,3,0,fixed,3,3,0,0,3.000000,4.000000
5,multi_greedy,3,3,66,1,1,2,1.880878,82.833300,0.235110,26,0.300882,39,0,1,0,0.300882,0.391169,0.090287,0.090287,0.300882,0.045958,3,63,1,0,30,26,24,95.666700,82.833300,56.500000,0.478740,0.232355,0.046120,0.003570,0.000023,-0.021959,0.003570,3,3,0,fixed,3,3,0,0,3.000000,4.000000
5,multi_greedy,3,3,67,2,2,1,2.386714,56.500000,0.795571,24,0.300882,39,0,2,0,0.300882,0.391169,0.090287,0.090287,0.300882,0.045958,3,63,1,-1,30,26,24,95.666700,82.833300,56.500000,1.125968,1.096088,0.817673,0.005486,0.004233,0.000023,0.005486,3,3,0,fixed,3,3,0,0,3.000000,4.000000
5,multi_greedy,3,3,68,0,0,4,0.000000,95.666700,0.418118,30,0.300882,39,0,0,0,0.300882,0.391169,0.090287,0.090287,0.300882,0.045958,3,63,1,0,30,26,24,95.666700,82.833300,56.500000,0.418118,0.482898,0.707965,0.000023,-0.000798,-0.003862,0.000000,3,3,0,fixed,3,3,0,0,3.000000,4.000000
5,multi_greedy,3,3,69,2,2,4,0.000000,56.500000,0.707965,24,0.300882,39,0,2,0,0.300882,0.391169,0.090287,0.090287,0.300882,0.045958,3,63,1,-1,30,26,24,95.666700,82.833300,56.500000,0.418118,0.482898,0.707965,0.004011,0.003168,0.000023,0.004011,3,3,0,fixed,3,3,0,0,3.000000,4.000000
5,multi_greedy,3,3,70,2,2,3,0.000000,56.500000,1.769912,24,0.300882,39,0,2,0,0.300882,0.391169,0.090287,0.090287,0.300882,0.045958,3,63,1,-1,30,26,24,95.666700,82.833300,56.500000,1.045296,1.207244,1.769912,0.004695,0.003625,0.000023,0.004695,3,3,0,fixed,3,3,0,0,3.000000,4.000000
5,multi_greedy,3,3,71,1,1,2,1.881877,82.833300,0.235235,26,0.300882,39,0,1,0,0.300882,0.391169,0.090287,0.090287,0.300882,0.045958,3,63,1,0,30,26,24,95.666700,82.833300,56.500000,0.478740,0.232343,0.046120,0.003570,0.000023,-0.021959,0.003570,3,3,0,fixed,3,3,0,0,3.000000,4.000000
5,multi_greedy,3,3,72,0,0,1,3.506955,95.666700,1.168985,30,0.300882,39,0,0,0,0.300882,0.391169,0.090287,0.090287,0.300882,0.045958,3,63,1,1,30,26,24,95.666700,82.833300,56.500000,1.162717,1.096088,0.781935,0.000023,-0.001250,-0.005427,0.000000,3,3,0,fixed,3,3,0,0,3.000000,4.000000
5,multi_greedy,3,3,73,0,0,2,3.946406,95.666700,0.493301,30,0.300882,39,0,0,0,0.300882,0.391169,0.090287,0.090287,0.300882,0.045958,3,63,1,0,30,26,24,95.666700,82.833300,56.500000,0.494814,0.223970,0.046120,0.000023,-0.003953,-0.025068,0.000000,3,3,0,fixed,3,3,0,0,3.000000,4.000000
5,multi_greedy,3,3,74,1,1,4,0.000000,82.833300,0.482898,26,0.300882,39,0,1,0,0.300882,0.391169,0.090287,0.090287,0.300882,0.045958,3,63,1,0,30,26,24,95.666700,82.833300,56.500000,0.418118,0.482898,0.707965,0.000848,0.000023,-0.003058,0.000848,3,3,0,fixed,3,3,0,0,3.000000,4.000000
5,multi_greedy,3,3,75,0,0,2,4.014084,95.666700,0.501761,30,0.300882,39,0,0,0,0.300882,0.391169,0.090287,0.090287,0.300882,0.045958,3,63,1,-1,30,26,24,95.666700,82.833300,56.500000,0.494109,0.223970,0.046120,0.000023,-0.003949,-0.025065,0.000000,3,3,0,fixed,3,3,0,0,3.000000,4.000000
5,multi_greedy,3,3,76,1,1,4,0.000000,82.833300,0.482898,26,0.300882,39,0,1,0,0.300882,0.391169,0.090287,0.090287,0.300882,0.045958,3,63,1,0,30,26,24,95.666700,82.833300,56.500000,0.418118,0.482898,0.707965,0.000848,0.000023,-0.003058,0.000848,3,3,0,fixed,3,3,0,0,3.000000,4.000000
5,multi_greedy,3,3,77,0,0,3,0.000000,95.666700,1.045296,30,0.300882,39,0,0,0,0.300882,0.391169,0.090287,0.090287,0.300882,0.045958,3,63,1,1,30,26,24,95.666700,82.833300,56.500000,1.045296,1.207244,1.769912,0.000023,-0.001015,-0.004509,0.000000,3,3,0,fixed,3,3,0,0,3.000000,4.000000
5,multi_greedy,3,3,78,1,1,2,1.881889,82.833300,0.235236,26,0.300882,39,0,1,0,0.300882,0.391169,0.090287,0.090287,0.300882,0.045958,3,63,1,0,30,26,24,95.666700,82.833300,56.500000,0.478740,0.232343,0.046120,0.003570,0.000023,-0.021959,0.003570,3,3,0,fixed,3,3,0,0,3.000000,4.000000
5,multi_greedy,3,3,79,0,0,2,3.920245,95.666700,0.490031,30,0.300882,39,0,0,0,0.300882,0.391169,0.090287,0.090287,0.300882,0.045958,3,63,1,0,30,26,24,95.666700,82.833300,56.500000,0.495087,0.223970,0.046120,0.000023,-0.003954,-0.025069,0.000000,3,3,0,fixed,3,3,0,0,3.000000,4.000000
5,multi_greedy,3,3,80,1,1,4,0.000000,82.833300,0.482898,26,0.300882,39,0,1,0,0.300882,0.391169,0.090287,0.090287,0.300882,0.045958,3,63,1,0,30,26,24,95.666700,82.833300,56.500000,0.418118,0.482898,0.707965,0.000848,0.000023,-0.003058,0.000848,3,3,0,fixed,3,3,0,0,3.000000,4.000000
5,multi_greedy,3,4,1,0,0,1,3.377164,96.833300,1.125721,33,0.369690,43,0,0,0,0.369690,0.495429,0.125738,0.125738,0.369690,0.068809,3,47,1,1,33,26,21,96.833300,83.500000,52.500000,1.132436,1.008946,0.828475,0.000045,-0.001296,-0.004136,0.000000,3,3,0,fixed,3,3,0,0,3.000000,4.000000
5,multi_greedy,3,4,2,0,0,3,0.000000,96.833300,1.032703,33,0.369690,43,0,0,0,0.369690,0.495429,0.125738,0.125738,0.369690,0.068809,3,47,1,1,33,26,21,96.833300,83.500000,52.500000,1.032703,1.197605,1.904762,0.000045,-0.000841,-0.002805,0.000000,3,3,0,fixed,3,3,0,0,3.000000,4.000000
5,multi_greedy,3,4,3,1,1,1,3.150275,83.500000,1.050092,26,0.369690,43,0,1,0,0.369690,0.495429,0.125738,0.125738,0.369690,0.068809,3,47,1,-1,33,26,21,96.833300,83.500000,52.500000,1.098315,1.047166,0.828475,0.001178,0.000045,-0.002938,0.001178,3,3,0,fixed,3,3,0,0,3.000000,4.000000
5,multi_greedy,3,4,4,2,2,1,2.524667,52.500000,0.841556,21,0.369690,43,0,2,0,0.369690,0.495429,0.125738,0.125738,0.369690,0.068809,3,47,1,-1,33,26,21,96.833300,83.500000,52.500000,1.098315,1.008946,0.872322,0.004027,0.002751,0.000045,0.004027,3,3,0,fixed,3,3,0,0,3.000000,4.000000
5,multi_greedy,3,4,5,0,0,2,3.318002,96.833300,0.414750,33,0.369690,43,0,0,0,0.369690,0.495429,0.125738,0.125738,0.369690,0.068809,3,47,1,0,33,26,21,96.833300,83.500000,52.500000,0.408406,0.237690,0.043424,0.000045,-0.004154,-0.035172,0.000000,3,3,0,fixed,3,3,0,0,3.000000,4.000000
5,multi_greedy,3,4,6,0,0,2,3.245915,96.833300,0.405739,33,0.369690,43,0,0,0,0.369690,0.495429,0.125738,0.125738,0.369690,0.068809,3,47,1,0,33,26,21,96.833300,83.500000,52.500000,0.409007,0.237690,0.043424,0.000045,-0.004160,-0.035176,0.000000,3,3,0,fixed,3,3,0,0,3.000000,4.000000
5,multi_greedy,3,4,7,1,1,1,3.148443,83.500000,1.049481,26,0.369690,43,0,1,0,0.369690,0.495429,0.125738,0.125738,0.369690,0.068809,3,47,1,-1,33,26,21,96.833300,83.500000,52.500000,1.098315,1.047319,0.828475,0.001178,0.000045,-0.002938,0.001178,3,3,0,fixed,3,3,0,0,3.000000,4.000000
5,multi_greedy,3,4,8,2,2,1,2.580206,52.500000,0.860069,21,0.369690,43,0,2,0,0.369690,0.495429,0.125738,0.125738,0.369690,0.068809,3,47,1,-1,33,26,21,96.833300,83.500000,52.500000,1.098315,1.008946,0.869236,0.004034,0.002757,0.000045,0.004034,3,3,0,fixed,3,3,0,0,3.000000,4.000000
5,multi_greedy,3,4,9,2,2,2,0.357384,52.500000,0.044673,21,0.369690,43,1,0,1,0.369690,0.495429,0.125738,0.125738,0.369690,0.068809,3,47,1,0,33,26,21,96.833300,83.500000,52.500000,0.396779,0.237690,0.045901,0.038435,0.033620,0.000045,0.038435,3,3,0,fixed,3,3,0,0,3.000000,4.000000
5,multi_greedy,3,4,10,0,0,3,0.000000,96.833300,1.032703,33,0.369690,43,0,0,0,0.369690,0.495429,0.125738,0.125738,0.369690,0.068809,3,47,1,1,33,26,21,96.833300,83.500000,52.500000,1.032703,1.197605,1.904762,0.000045,-0.000841,-0.002805,0.000000,3,3,0,fixed,3,3,0,0,3.000000,4.000000
5,multi_greedy,3,4,11,0,0,1,3.380829,96.833300,1.126943,33,0.369690,43,0,0,0,0.369690,0.495429,0.125738,0.125738,0.369690,0.068809,3,47,1,1,33,26,21,96.833300,83.500000,52.500000,1.132262,1.008946,0.828475,0.000045,-0.001296,-0.004136,0.000000,3,3,0,fixed,3,3,0,0,3.000000,4.000000
5,multi_greedy,3,4,12,2,2,1,2.774437,52.500000,0.924812,21,0.369690,43,0,2,0,0.369690,0.495429,0.125738,0.125738,0.369690,0.068809,3,47,1,-1,33,26,21,96.833300,83.500000,52.500000,1.098315,1.008946,0.858445,0.004058,0.002781,0.000045,0.004058,3,3,0,fixed,3,3,0,0,3.000000,4.000000
5,multi_greedy,3,4,13,0,0,2,3.189103,96.833300,0.398638,33,0.369690,43,0,0,0,0.369690,0.495429,0.125738,0.125738,0.369690,0.068809,3,47,1,0,33,26,21,96.833300,83.500000,52.500000,0.409480,0.237690,0.043424,0.000045,-0.004165,-0.035180,0.000000,3,3,0,fixed,3,3,0,0,3.000000,4.000000
5,multi_greedy,3,4,14,0,0,2,3.236088,96.833300,0.404511,33,0.369690,43,0,0,0,0.369690,0.495429,0.125738,0.125738,0.369690,0.068809,3,47,1,0,33,26,21,96.833300,83.500000,52.500000,0.409089,0.237690,0.043424,0.000045,-0.004161,-0.035177,0.000000,3,3,0,fixed,3,3,0,0,3.000000,4.000000
5,multi_greedy,3,4,15,0,0,2,3.230578,96.833300,0.403822,33,0.369690,43,0,0,0,0.369690,0.495429,0.125738,0.125738,0.369690,0.068809,3,47,1,0,33,26,21,96.833300,83.500000,52.500000,0.409135,0.237690,0.043424,0.000045,-0.004162,-0.035177,0.000000,3,3,0,fixed,3,3,0,0,3.000000,4.000000
5,multi_greedy,3,4,16,0,0,1,3.508463,96.833300,1.169488,33,0.369690,43,0,0,0,0.369690,0.495429,0.125738,0.125738,0.369690,0.068809,3,47,1,1,33,26,21,96.833300,83.500000,52.500000,1.126184,1.008946,0.828475,0.000045,-0.001288,-0.004128,0.000000,3,3,0,fixed,3,3,0,0,3.000000,4.000000
5,multi_greedy,3,4,17,0,0,2,3.228409,96.833300,0.403551,33,0.369690,43,0,0,0,0.369690,0.495429,0.125738,0.125738,0.369690,0.068809,3,47,1,0,33,26,21,96.833300,83.500000,52.500000,0.409153,0.237690,0.043424,0.000045,-0.004162,-0.035178,0.000000,3,3,0,fixed,3,3,0,0,3.000000,4.000000
5,multi_greedy,3,4,18,0,0,4,0.000000,96.833300,0.413081,33,0.369690,43,0,0,0,0.369690,0.495429,0.125738,0.125738,0.369690,0.068809,3,47,1,0,33,26,21,96.833300,83.500000,52.500000,0.413081,0.479042,0.761905,0.000045,-0.000500,-0.001683,0.000000,3,3,0,fixed,3,3,0,0,3.000000,4.000000
5,multi_greedy,3,4,19,0,0,1,3.378385,96.833300,1.126128,33,0.369690,43,0,0,0,0.369690,0.495429,0.125738,0.125738,0.369690,0.068809,3,47,1,1,33,26,21,96.833300,83.500000,52.500000,1.132378,1.008946,0.828475,0.000045,-0.001296,-0.004136,0.000000,3,3,0,fixed,3,3,0,0,3.000000,4.000000
5,multi_greedy,3,4,20,1,1,4,0.000000,83.500000,0.479042,26,0.369690,43,0,1,0,0.369690,0.495429,0.125738,0.125738,0.369690,0.068809,3,47,1,0,33,26,21,96.833300,83.500000,52.500000,0.413081,0.479042,0.761905,0.000593,0.000045,-0.001140,0.000593,3,3,0,fixed,3,3,0,0,3.000000,4.000000
5,multi_greedy,3,4,21,0,0,3,0.000000,96.833300,1.032703,33,0.369690,43,0,0,0,0.369690,0.495429,0.125738,0.125738,0.369690,0.068809,3,47,1,1,33,26,21,96.833300,83.500000,52.500000,1.032703,1.197605,1.904762,0.000045,-0.000841,-0.002805,0.000000,3,3,0,fixed,3,3,0,0,3.000000,4.000000
5,multi_greedy,3,4,22,2,2,1,2.509989,52.500000,0.836663,21,0.369690,43,0,2,0,0.369690,0.495429,0.125738,0.125738,0.369690,0.068809,3,47,1,-1,33,26,21,96.833300,83.500000,52.500000,1.098315,1.008946,0.873137,0.004026,0.002749,0.000045,0.004026,3,3,0,fixed,3,3,0,0,3.000000,4.000000
5,multi_greedy,3,4,23,2,2,4,0.000000,52.500000,0.761905,21,0.369690,43,0,2,0,0.369690,0.495429,0.125738,0.125738,0.369690,0.068809,3,47,1,-1,33,26,21,96.833300,83.500000,52.500000,0.413081,0.479042,0.761905,0.001789,0.001239,0.000045,0.001789,3,3,0,fixed,3,3,0,0,3.000000,4.000000
5,multi_greedy,3,4,24,2,2,2,0.367185,52.500000,0.045898,21,0.369690,43,0,0,1,0.369690,0.495429,0.125738,0.125738,0.369690,0.068809,3,47,1,0,33,26,21,96.833300,83.500000,52.500000,0.396779,0.237690,0.045289,0.039020,0.034192,0.000045,0.039020,3,3,0,fixed,3,3,0,0,3.000000,4.000000
5,multi_greedy,3,4,25,2,2,1,2.575983,52.500000,0.858661,21,0.369690,43,0,2,0,0.369690,0.495429,0.125738,0.125738,0.369690,0.068809,3,47,1,-1,33,26,21,96.833300,83.500000,52.500000,1.098315,1.008946,0.869471,0.004034,0.002757,0.000045,0.004034,3,3,0,fixed,3,3,0,0,3.000000,4.000000
5,multi_greedy,3,4,26,1,1,1,3.099961,83.500000,1.033320,26,0.369690,43,0,1,0,0.369690,0.495429,0.125738,0.125738,0.369690,0.068809,3,47,1,-1,33,26,21,96.833300,83.500000,52.500000,1.098315,1.051359,0.828475,0.001172,0.000045,-0.002944,0.001172,3,3,0,fixed,3,3,0,0,3.000000,4.000000
5,multi_greedy,3,4,27,0,0,2,3.320171,96.833300,0.415021,33,0.369690,43,0,0,0,0.369690,0.495429,0.125738,0.125738,0.369690,0.068809,3,47,1,0,33,26,21,96.833300,83.500000,52.500000,0.408388,0.237690,0.043424,0.000045,-0.004154,-0.035171,0.000000,3,3,0,fixed,3,3,0,0,3.000000,4.000000
5,multi_greedy,3,4,28,1,1,2,1.962824,83.500000,0.245353,26,0.369690,43,0,1,0,0.369690,0.495429,0.125738,0.125738,0.369690,0.068809,3,47,1,0,33,26,21,96.833300,83.500000,52.500000,0.396779,0.246967,0.043424,0.003540,0.000045,-0.032105,0.003540,3,3,0,fixed,3,3,0,0,3.000000,4.000000
5,multi_greedy,3,4,29,1,1,2,1.963904,83.500000,0.245488,26,0.369690,43,0,1,0,0.369690,0.495429,0.125738,0.125738,0.369690,0.068809,3,47,1,0,33,26,21,96.833300,83.500000,52.500000,0.396779,0.246954,0.043424,0.003541,0.000045,-0.032105,0.003541,3,3,0,fixed,3,3,0,0,3.000000,4.000000
5,multi_greedy,3,4,30,1,1,2,1.963910,83.500000,0.245489,26,0.369690,43,0,1,0,0.369690,0.495429,0.125738,0.125738,0.369690,0.068809,3,47,1,0,33,26,21,96.833300,83.500000,52.500000,0.396779,0.246954,0.043424,0.003541,0.000045,-0.032105,0.003541,3,3,0,fixed,3,3,0,0,3.000000,4.000000
5,multi_greedy,3,4,31,1,1,3,0.000000,83.500000,1.197605,26,0.369690,43,0,1,0,0.369690,0.495429,0.125738,0.125738,0.369690,0.068809,3,47,1,-1,33,26,21,96.833300,83.500000,52.500000,1.032703,1.197605,1.904762,0.000936,0.000045,-0.001928,0.000936,3,3,0,fixed,3,3,0,0,3.000000,4.000000
5,multi_greedy,3,4,32,1,1,1,3.149768,83.500000,1.049923,26,0.369690,43,0,1,0,0.369690,0.495429,0.125738,0.125738,0.369690,0.068809,3,47,1,-1,33,26,21,96.833300,83.500000,52.500000,1.098315,1.047209,0.828475,0.001178,0.000045,-0.002938,0.001178,3,3,0,fixed,3,3,0,0,3.000000,4.000000
5,multi_greedy,3,4,33,0,0,4,0.000000,96.833300,0.413081,33,0.369690,43,0,0,0,0.369690,0.495429,0.125738,0.125738,0.369690,0.068809,3,47,1,0,33,26,21,96.833300,83.500000,52.500000,0.413081,0.479042,0.761905,0.000045,-0.000500,-0.001683,0.000000,3,3,0,fixed,3,3,0,0,3.000000,4.000000
5,multi_greedy,3,4,34,1,1,1,3.167825,83.500000,1.055942,26,0.369690,43,0,1,0,0.369690,0.495429,0.125738,0.125738,0.369690,0.068809,3,47,1,-1,33,26,21,96.833300,83.500000,52.500000,1.098315,1.045704,0.828475,0.001180,0.000045,-0.002936,0.001180,3,3,0,fixed,3,3,0,0,3.000000,4.000000
5,multi_greedy,3,4,35,0,0,2,3.350770,96.833300,0.418846,33,0.369690,43,0,0,0,0.369690,0.495429,0.125738,0.125738,0.369690,0.068809,3,47,1,0,33,26,21,96.833300,83.500000,52.500000,0.408133,0.237690,0.043424,0.000045,-0.004152,-0.035169,0.000000,3,3,0,fixed,3,3,0,0,3.000000,4.000000
5,multi_greedy,3,4,36,0,0,4,0.000000,96.833300,0.413081,33,0.369690,43,0,0,0,0.369690,0.495429,0.125738,0.125738,0.369690,0.068809,3,47,1,0,33,26,21,96.833300,83.500000,52.500000,0.413081,0.479042,0.761905,0.000045,-0.000500,-0.001683,0.000000,3,3,0,fixed,3,3,0,0,3.000000,4.000000
5,multi_greedy,3,4,37,2,2,4,0.000000,52.500000,0.761905,21,0.369690,43,0,2,0,0.369690,0.495429,0.125738,0.125738,0.369690,0.068809,3,47,1,-1,33,26,21,96.833300,83.500000,52.500000,0.413081,0.479042,0.761905,0.001789,0.001239,0.000045,0.001789,3,3,0,fixed,3,3,0,0,3.000000,4.000000
5,multi_greedy,3,4,38,2,2,2,0.367232,52.500000,0.045904,21,0.369690,43,0,0,1,0.369690,0.495429,0.125738,0.125738,0.369690,0.068809,3,47,1,0,33,26,21,96.833300,83.500000,52.500000,0.396779,0.237690,0.045286,0.039023,0.034194,0.000045,0.039023,3,3,0,fixed,3,3,0,0,3.000000,4.000000
5,multi_greedy,3,4,39,2,2,1,2.660197,52.500000,0.886732,21,0.369690,43,0,2,0,0.369690,0.495429,0.125738,0.125738,0.369690,0.068809,3,47,1,-1,33,26,21,96.833300,83.500000,52.500000,1.098315,1.008946,0.864792,0.004044,0.002767,0.000045,0.004044,3,3,0,fixed,3,3,0,0,3.000000,4.000000
5,multi_greedy,3,4,40,1,1,2,1.973772,83.500000,0.246722,26,0.369690,43,0,1,0,0.369690,0.495429,0.125738,0.125738,0.369690,0.068809,3,47,1,0,33,26,21,96.833300,83.500000,52.500000,0.396779,0.246842,0.043424,0.003544,0.000045,-0.032102,0.003544,3,3,0,fixed,3,3,0,0,3.000000,4.000000
5,multi_greedy,3,4,41,0,0,2,3.352957,96.833300,0.419120,33,0.369690,43,0,0,0,0.369690,0.495429,0.125738,0.125738,0.369690,0.068809,3,47,1,0,33,26,21,96.833300,83.500000,52.500000,0.408115,0.237690,0.043424,0.000045,-0.004152,-0.035169,0.000000,3,3,0,fixed,3,3,0,0,3.000000,4.000000
5,multi_greedy,3,4,42,0,0,2,3.226235,96.833300,0.403279,33,0.369690,43,0,0,0,0.369690,0.495429,0.125738,0.125738,0.369690,0.068809,3,47,1,0,33,26,21,96.833300,83.500000,52.500000,0.409171,0.237690,0.043424,0.000045,-0.004162,-0.035178,0.000000,3,3,0,fixed,3,3,0,0,3.000000,4.000000
5,multi_greedy,3,4,43,1,1,3,0.000000,83.500000,1.197605,26,0.369690,43,0,1,0,0.369690,0.495429,0.125738,0.125738,0.369690,0.068809,3,47,1,-1,33,26,21,96.833300,83.500000,52.500000,1.032703,1.197605,1.904762,0.000936,0.000045,-0.001928,0.000936,3,3,0,fixed,3,3,0,0,3.000000,4.000000
5,multi_greedy,3,4,44,2,2,4,0.000000,52.500000,0.761905,21,0.369690,43,0,2,0,0.369690,0.495429,0.125738,0.125738,0.369690,0.068809,3,47,1,-1,33,26,21,96.833300,83.500000,52.500000,0.413081,0.479042,0.761905,0.001789,0.001239,0.000045,0.001789,3,3,0,fixed,3,3,0,0,3.000000,4.000000
5,multi_greedy,3,4,45,2,2,3,0.000000,52.500000,1.904762,21,0.369690,43,0,2,0,0.369690,0.495429,0.125738,0.125738,0.369690,0.068809,3,47,1,-1,33,26,21,96.833300,83.500000,52.500000,1.032703,1.197605,1.904762,0.002940,0.002040,0.000045,0.002940,3,3,0,fixed,3,3,0,0,3.000000,4.000000
5,multi_greedy,3,4,46,2,2,3,0.000000,52.500000,1.904762,21,0.369690,43,0,2,0,0.369690,0.495429,0.125738,0.125738,0.369690,0.068809,3,47,1,-1,33,26,21,96.833300,83.500000,52.500000,1.032703,1.197605,1.904762,0.002940,0.002040,0.000045,0.002940,3,3,0,fixed,3,3,0,0,3.000000,4.000000
5,multi_greedy,3,4,47,1,1,2,1.973795,83.500000,0.246724,26,0.369690,43,0,1,0,0.369690,0.495429,0.125738,0.125738,0.369690,0.068809,3,47,1,0,33,26,21,96.833300,83.500000,52.500000,0.396779,0.246842,0.043424,0.003544,0.000045,-0.032102,0.003544,3,3,0,fixed,3,3,0,0,3.000000,4.000000
5,multi_greedy,3,4,48,1,1,4,0.000000,83.500000,0.479042,26,0.369690,43,0,1,0,0.369690,0.495429,0.125738,0.125738,0.369690,0.068809,3,47,1,0,33,26,21,96.833300,83.500000,52.500000,0.413081,0.479042,0.761905,0.000593,0.000045,-0.001140,0.000593,3,3,0,fixed,3,3,0,0,3.000000,4.000000
5,multi_greedy,3,4,49,0,0,2,3.252530,96.833300,0.406566,33,0.369690,43,0,0,0,0.369690,0.495429,0.125738,0.125738,0.369690,0.068809,3,47,1,0,33,26,21,96.833300,83.500000,52.500000,0.408952,0.237690,0.043424,0.000045,-0.004160,-0.035176,0.000000,3,3,0,fixed,3,3,0,0,3.000000,4.000000
5,multi_greedy,3,4,50,1,1,2,1.962753,83.500000,0.245344,26,0.369690,43,0,1,0,0.369690,0.495429,0.125738,0.125738,0.369690,0.068809,3,47,1,0,33,26,21,96.833300,83.500000,52.500000,0.396779,0.246967,0.043424,0.003540,0.000045,-0.032105,0.003540,3,3,0,fixed,3,3,0,0,3.000000,4.000000
5,multi_greedy,3,4,51,2,2,4,0.000000,52.500000,0.761905,21,0.369690,43,0,2,0,0.369690,0.495429,0.125738,0.125738,0.369690,0.068809,3,47,1,-1,33,26,21,96.833300,83.500000,52.500000,0.413081,0.479042,0.761905,0.001789,0.001239,0.000045,0.001789,3,3,0,fixed,3,3,0,0,3.000000,4.000000
5,multi_greedy,3,4,52,0,0,2,3.301675,96.833300,0.412709,33,0.369690,43,0,0,0,0.369690,0.495429,0.125738,0.125738,0.369690,0.068809,3,47,1,0,33,26,21,96.833300,83.500000,52.500000,0.408542,0.237690,0.043424,0.000045,-0.004156,-0.035173,0.000000,3,3,0,fixed,3,3,0,0,3.000000,4.000000
5,multi_greedy,3,4,53,2,2,3,0.000000,52.500000,1.904762,21,0.369690,43,0,2,0,0.369690,0.495429,0.125738,0.125738,0.369690,0.068809,3,47,1,-1,33,26,21,96.833300,83.500000,52.500000,1.032703,1.197605,1.904762,0.002940,0.002040,0.000045,0.002940,3,3,0,fixed,3,3,0,0,3.000000,4.000000
5,multi_greedy,3,4,54,1,1,2,1.983607,83.500000,0.247951,26,0.369690,43,0,1,0,0.369690,0.495429,0.125738,0.125738,0.369690,0.068809,3,47,1,0,33,26,21,96.833300,83.500000,52.500000,0.396779,0.246730,0.043424,0.003547,0.000045,-0.032100,0.003547,3,3,0,fixed,3,3,0,0,3.000000,4.000000
5,multi_greedy,3,4,55,2,2,3,0.000000,52.500000,1.904762,21,0.369690,43,0,2,0,0.369690,0.495429,0.125738,0.125738,0.369690,0.068809,3,47,1,-1,33,26,21,96.833300,83.500000,52.500000,1.032703,1.197605,1.904762,0.002940,0.002040,0.000045,0.002940,3,3,0,fixed,3,3,0,0,3.000000,4.000000
5,multi_greedy,3,4,56,1,1,2,1.984640,83.500000,0.248080,26,0.369690,43,0,1,0,0.369690,0.495429,0.125738,0.125738,0.369690,0.068809,3,47,1,0,33,26,21,96.833300,83.500000,52.500000,0.396779,0.246719,0.043424,0.003547,0.000045,-0.032100,0.003547,3,3,0,fixed,3,3,0,0,3.000000,4.000000
5,multi_greedy,3,4,57,0,0,1,3.378385,96.833300,1.126128,33,0.369690,43,0,0,0,0.369690,0.495429,0.125738,0.125738,0.369690,0.068809,3,47,1,1,33,26,21,96.833300,83.500000,52.500000,1.132378,1.008946,0.828475,0.000045,-0.001296,-0.004136,0.000000,3,3,0,fixed,3,3,0,0,3.000000,4.000000
5,multi_greedy,3,4,58,0,0,1,3.378996,96.833300,1.126332,33,0.369690,43,0,0,0,0.369690,0.495429,0.125738,0.125738,0.369690,0.068809,3,47,1,1,33,26,21,96.833300,83.500000,52.500000,1.132349,1.008946,0.828475,0.000045,-0.001296,-0.004136,0.000000,3,3,0,fixed,3,3,0,0,3.000000,4.000000
5,multi_greedy,3,4,59,0,0,4,0.000000,96.833300,0.413081,33,0.369690,43,0,0,0,0.369690,0.495429,0.125738,0.125738,0.369690,0.068809,3,47,1,0,33,26,21,96.833300,83.500000,52.500000,0.413081,0.479042,0.761905,0.000045,-0.000500,-0.001683,0.000000,3,3,0,fixed,3,3,0,0,3.000000,4.000000
5,multi_greedy,3,4,60,0,0,2,3.252530,96.833300,0.406566,33,0.369690,43,0,0,0,0.369690,0.495429,0.125738,0.125738,0.369690,0.068809,3,47,1,0,33,26,21,96.833300,83.500000,52.500000,0.408952,0.237690,0.043424,0.000045,-0.004160,-0.035176,0.000000,3,3,0,fixed,3,3,0,0,3.000000,4.000000
5,multi_greedy,3,4,61,1,1,4,0.000000,83.500000,0.479042,26,0.369690,43,0,1,0,0.369690,0.495429,0.125738,0.125738,0.369690,0.068809,3,47,1,0,33,26,21,96.833300,83.500000,52.500000,0.413081,0.479042,0.761905,0.000593,0.000045,-0.001140,0.000593,3,3,0,fixed,3,3,0,0,3.000000,4.000000
5,multi_greedy,3,4,62,0,0,1,3.377775,96.833300,1.125925,33,0.369690,43,0,0,0,0.369690,0.495429,0.125738,0.125738,0.369690,0.068809,3,47,1,1,33,26,21,96.833300,83.500000,52.500000,1.132407,1.008946,0.828475,0.000045,-0.001296,-0.004136,0.000000,3,3,0,fixed,3,3,0,0,3.000000,4.000000
5,multi_greedy,3,4,63,1,1,2,1.981364,83.500000,0.247671,26,0.369690,43,0,1,0,0.369690,0.495429,0.125738,0.125738,0.369690,0.068809,3,47,1,0,33,26,21,96.833300,83.500000,52.500000,0.396779,0.246756,0.043424,0.003546,0.000045,-0.032101,0.003546,3,3,0,fixed,3,3,0,0,3.000000,4.000000
5,multi_greedy,3,4,64,1,1,4,0.000000,83.500000,0.479042,26,0.369690,43,0,1,0,0.369690,0.495429,0.125738,0.125738,0.369690,0.068809,3,47,1,0,33,26,21,96.833300,83.500000,52.500000,0.413081,0.479042,0.761905,0.000593,0.000045,-0.001140,0.000593,3,3,0,fixed,3,3,0,0,3.000000,4.000000
5,multi_greedy,3,4,65,2,2,4,0.000000,52.500000,0.761905,21,0.369690,43,0,2,0,0.369690,0.495429,0.125738,0.125738,0.369690,0.068809,3,47,1,-1,33,26,21,96.833300,83.500000,52.500000,0.413081,0.479042,0.761905,0.001789,0.001239,0.000045,0.001789,3,3,0,fixed,3,3,0,0,3.000000,4.000000
5,multi_greedy,3,4,66,1,1,2,1.980303,83.500000,0.247538,26,0.369690,43,0,1,0,0.369690,0.495429,0.125738,0.125738,0.369690,0.068809,3,47,1,0,33,26,21,96.833300,83.500000,52.500000,0.396779,0.246768,0.043424,0.003546,0.000045,-0.032101,0.003546,3,3,0,fixed,3,3,0,0,3.000000,4.000000
5,multi_greedy,3,4,67,2,2,1,2.600977,52.500000,0.866992,21,0.369690,43,0,2,0,0.369690,0.495429,0.125738,0.125738,0.369690,0.068809,3,47,1,-1,33,26,21,96.833300,83.500000,52.500000,1.098315,1.008946,0.868082,0.004037,0.002760,0.000045,0.004037,3,3,0,fixed,3,3,0,0,3.000000,4.000000
5,multi_greedy,3,4,68,0,0,4,0.000000,96.833300,0.413081,33,0.369690,43,0,0,0,0.369690,0.495429,0.125738,0.125738,0.369690,0.068809,3,47,1,0,33,26,21,96.833300,83.500000,52.500000,0.413081,0.479042,0.761905,0.000045,-0.000500,-0.001683,0.000000,3,3,0,fixed,3,3,0,0,3.000000,4.000000
5,multi_greedy,3,4,69,2,2,4,0.000000,52.500000,0.761905,21,0.369690,43,0,2,0,0.369690,0.495429,0.125738,0.125738,0.369690,0.068809,3,47,1,-1,33,26,21,96.833300,83.500000,52.500000,0.413081,0.479042,0.761905,0.001789,0.001239,0.000045,0.001789,3,3,0,fixed,3,3,0,0,3.000000,4.000000
5,multi_greedy,3,4,70,2,2,3,0.000000,52.500000,1.904762,21,0.369690,43,0,2,0,0.369690,0.495429,0.125738,0.125738,0.369690,0.068809,3,47,1,-1,33,26,21,96.833300,83.500000,52.500000,1.032703,1.197605,1.904762,0.002940,0.002040,0.000045,0.002940,3,3,0,fixed,3,3,0,0,3.000000,4.000000
5,multi_greedy,3,4,71,1,1,2,1.982502,83.500000,0.247813,26,0.369690,43,0,1,0,0.369690,0.495429,0.125738,0.125738,0.369690,0.068809,3,47,1,0,33,26,21,96.833300,83.500000,52.500000,0.396779,0.246743,0.043424,0.003547,0.000045,-0.032100,0.003547,3,3,0,fixed,3,3,0,0,3.000000,4.000000
5,multi_greedy,3,4,72,0,0,1,3.378331,96.833300,1.126110,33,0.369690,43,0,0,0,0.369690,0.495429,0.125738,0.125738,0.369690,0.068809,3,47,1,1,33,26,21,96.833300,83.500000,52.500000,1.132381,1.008946,0.828475,0.000045,-0.001296,-0.004136,0.000000,3,3,0,fixed,3,3,0,0,3.000000,4.000000
5,multi_greedy,3,4,73,0,0,2,3.303796,96.833300,0.412975,33,0.369690,43,0,0,0,0.369690,0.495429,0.125738,0.125738,0.369690,0.068809,3,47,1,0,33,26,21,96.833300,83.500000,52.500000,0.408524,0.237690,0.043424,0.000045,-0.004156,-0.035173,0.000000,3,3,0,fixed,3,3,0,0,3.000000,4.000000
5,multi_greedy,3,4,74,1,1,4,0.000000,83.500000,0.479042,26,0.369690,43,0,1,0,0.369690,0.495429,0.125738,0.125738,0.369690,0.068809,3,47,1,0,33,26,21,96.833300,83.500000,52.500000,0.413081,0.479042,0.761905,0.000593,0.000045,-0.001140,0.000593,3,3,0,fixed,3,3,0,0,3.000000,4.000000
5,multi_greedy,3,4,75,0,0,2,3.227304,96.833300,0.403413,33,0.369690,43,0,0,0,0.369690,0.495429,0.125738,0.125738,0.369690,0.068809,3,47,1,0,33,26,21,96.833300,83.500000,52.500000,0.409162,0.237690,0.043424,0.000045,-0.004162,-0.035178,0.000000,3,3,0,fixed,3,3,0,0,3.000000,4.000000
5,multi_greedy,3,4,76,1,1,4,0.000000,83.500000,0.479042,26,0.369690,43,0,1,0,0.369690,0.495429,0.125738,0.125738,0.369690,0.068809,3,47,1,0,33,26,21,96.833300,83.500000,52.500000,0.413081,0.479042,0.761905,0.000593,0.000045,-0.001140,0.000593,3,3,0,fixed,3,3,0,0,3.000000,4.000000
5,multi_greedy,3,4,77,0,0,3,0.000000,96.833300,1.032703,33,0.369690,43,0,0,0,0.369690,0.495429,0.125738,0.125738,0.369690,0.068809,3,47,1,1,33,26,21,96.833300,83.500000,52.500000,1.032703,1.197605,1.904762,0.000045,-0.000841,-0.002805,0.000000,3,3,0,fixed,3,3,0,0,3.000000,4.000000
5,multi_greedy,3,4,78,1,1,2,1.982514,83.500000,0.247814,26,0.369690,43,0,1,0,0.369690,0.495429,0.125738,0.125738,0.369690,0.068809,3,47,1,0,33,26,21,96.833300,83.500000,52.500000,0.396779,0.246743,0.043424,0.003547,0.000045,-0.032100,0.003547,3,3,0,fixed,3,3,0,0,3.000000,4.000000
5,multi_greedy,3,4,79,0,0,2,3.290657,96.833300,0.411332,33,0.369690,43,0,0,0,0.369690,0.495429,0.125738,0.125738,0.369690,0.068809,3,47,1,0,33,26,21,96.833300,83.500000,52.500000,0.408634,0.237690,0.043424,0.000045,-0.004157,-0.035173,0.000000,3,3,0,fixed,3,3,0,0,3.000000,4.000000
5,multi_greedy,3,4,80,1,1,4,0.000000,83.500000,0.479042,26,0.369690,43,0,1,0,0.369690,0.495429,0.125738,0.125738,0.369690,0.068809,3,47,1,0,33,26,21,96.833300,83.500000,52.500000,0.413081,0.479042,0.761905,0.000593,0.000045,-0.001140,0.000593,3,3,0,fixed,3,3,0,0,3.000000,4.000000
5,multi_greedy,3,5,1,0,0,1,3.137716,98.333300,1.045905,36,0.476207,43,0,0,0,0.476207,0.476207,0.000000,0.000000,0.476207,0.106517,0,44,1,1,36,26,18,98.333300,82.166700,52.500000,1.125646,1.087349,0.870079,0.000097,-0.001250,0.002982,0.002982,3,0,3,fixed,3,3,0,0,3.000000,4.000000
5,multi_greedy,3,5,2,0,0,3,0.000000,98.333300,1.016949,36,0.476207,43,0,0,0,0.476207,0.476207,0.000000,0.000000,0.476207,0.106517,0,44,1,1,36,26,18,98.333300,82.166700,52.500000,1.016949,1.217038,1.904762,0.000097,-0.000636,0.005127,0.005127,3,0,3,fixed,3,3,0,0,3.000000,4.000000
5,multi_greedy,3,5,3,1,1,1,3.427358,82.166700,1.142453,26,0.476207,43,0,1,0,0.476207,0.476207,0.000000,0.000000,0.476207,0.106517,0,44,1,-1,36,26,18,98.333300,82.166700,52.500000,1.085525,1.125849,0.870079,0.001101,0.000097,0.004164,0.004164,3,0,3,fixed,3,3,0,0,3.000000,4.000000
5,multi_greedy,3,5,4,2,2,1,2.856931,52.500000,0.952310,18,0.476207,43,0,2,0,0.476207,0.476207,0.000000,0.000000,0.476207,0.106517,0,44,1,-1,36,26,18,98.333300,82.166700,52.500000,1.085525,1.087349,0.912768,-0.003235,-0.004404,0.000097,0.000000,3,0,3,fixed,3,3,0,0,3.000000,4.000000
5,multi_greedy,3,5,5,0,0,2,2.738749,98.333300,0.342344,36,0.476207,43,0,0,0,0.476207,0.476207,0.000000,0.000000,0.476207,0.106517,0,44,1,0,36,26,18,98.333300,82.166700,52.500000,0.347226,0.225556,0.326280,0.000097,-0.005657,0.003042,0.003042,3,0,3,fixed,3,3,0,0,3.000000,4.000000
5,multi_greedy,3,5,6,0,0,2,2.761757,98.333300,0.345220,36,0.476207,43,0,0,0,0.476207,0.476207,0.000000,0.000000,0.476207,0.106517,0,44,1,0,36,26,18,98.333300,82.166700,52.500000,0.347066,0.225556,0.326280,0.000097,-0.005654,0.003045,0.003045,3,0,3,fixed,3,3,0,0,3.000000,4.000000
5,multi_greedy,3,5,7,1,1,1,3.307158,82.166700,1.102386,26,0.476207,43,0,1,0,0.476207,0.476207,0.000000,0.000000,0.476207,0.106517,0,44,1,-1,36,26,18,98.333300,82.166700,52.500000,1.085525,1.135866,0.870079,0.001080,0.000097,0.004142,0.004142,3,0,3,fixed,3,3,0,0,3.000000,4.000000
5,multi_greedy,3,5,8,2,2,1,2.646146,52.500000,0.882049,18,0.476207,43,0,2,0,0.476207,0.476207,0.000000,0.000000,0.476207,0.106517,0,44,1,-1,36,26,18,98.333300,82.166700,52.500000,1.085525,1.087349,0.924478,-0.003272,-0.004440,0.000097,0.000000,3,0,3,fixed,3,3,0,0,3.000000,4.000000
5,multi_greedy,3,5,9,0,0,2,2.900601,98.333300,0.362575,36,0.476207,43,0,0,0,0.476207,0.476207,0.000000,0.000000,0.476207,0.106517,0,44,1,0,36,26,18,98.333300,82.166700,52.500000,0.346102,0.225556,0.326280,0.000097,-0.005632,0.003068,0.003068,3,0,3,fixed,3,3,0,0,3.000000,4.000000
5,multi_greedy,3,5,10,0,0,3,0.000000,98.333300,1.016949,36,0.476207,43,0,0,0,0.476207,0.476207,0.000000,0.000000,0.476207,0.106517,0,44,1,1,36,26,18,98.333300,82.166700,52.500000,1.016949,1.217038,1.904762,0.000097,-0.000636,0.005127,0.005127,3,0,3,fixed,3,3,0,0,3.000000,4.000000
5,multi_greedy,3,5,11,0,0,1,3.344441,98.333300,1.114814,36,0.476207,43,0,0,0,0.476207,0.476207,0.000000,0.000000,0.476207,0.106517,0,44,1,1,36,26,18,98.333300,82.166700,52.500000,1.115802,1.087349,0.870079,0.000097,-0.001229,0.003004,0.003004,3,0,3,fixed,3,3,0,0,3.000000,4.000000
5,multi_greedy,3,5,12,2,2,1,2.649201,52.500000,0.883067,18,0.476207,43,0,2,0,0.476207,0.476207,0.000000,0.000000,0.476207,0.106517,0,44,1,-1,36,26,18,98.333300,82.166700,52.500000,1.085525,1.087349,0.924309,-0.003271,-0.004440,0.000097,0.000000,3,0,3,fixed,3,3,0,0,3.000000,4.000000
5,multi_greedy,3,5,13,0,0,2,2.780273,98.333300,0.347534,36,0.476207,43,0,0,0,0.476207,0.476207,0.000000,0.000000,0.476207,0.106517,0,44,1,0,36,26,18,98.333300,82.166700,52.500000,0.346937,0.225556,0.326280,0.000097,-0.005651,0.003048,0.003048,3,0,3,fixed,3,3,0,0,3.000000,4.000000
5,multi_greedy,3,5,14,0,0,2,2.794564,98.333300,0.349321,36,0.476207,43,0,0,0,0.476207,0.476207,0.000000,0.000000,0.476207,0.106517,0,44,1,0,36,26,18,98.333300,82.166700,52.500000,0.346838,0.225556,0.326280,0.000097,-0.005649,0.003051,0.003051,3,0,3,fixed,3,3,0,0,3.000000,4.000000
5,multi_greedy,3,5,15,0,0,2,2.795551,98.333300,0.349444,36,0.476207,43,0,0,0,0.476207,0.476207,0.000000,0.000000,0.476207,0.106517,0,44,1,0,36,26,18,98.333300,82.166700,52.500000,0.346831,0.225556,0.326280,0.000097,-0.005649,0.003051,0.003051,3,0,3,fixed,3,3,0,0,3.000000,4.000000
5,multi_greedy,3,5,16,0,0,1,3.481326,98.333300,1.160442,36,0.476207,43,0,0,0,0.476207,0.476207,0.000000,0.000000,0.476207,0.106517,0,44,1,1,36,26,18,98.333300,82.166700,52.500000,1.109284,1.087349,0.870079,0.000097,-0.001214,0.003019,0.003019,3,0,3,fixed,3,3,0,0,3.000000,4.000000
5,multi_greedy,3,5,17,0,0,2,2.791238,98.333300,0.348905,36,0.476207,43,0,0,0,0.476207,0.476207,0.000000,0.000000,0.476207,0.106517,0,44,1,0,36,26,18,98.333300,82.166700,52.500000,0.346861,0.225556,0.326280,0.000097,-0.005649,0.003050,0.003050,3,0,3,fixed,3,3,0,0,3.000000,4.000000
5,multi_greedy,3,5,18,0,0,4,0.000000,98.333300,0.406780,36,0.476207,43,0,0,0,0.476207,0.476207,0.000000,0.000000,0.476207,0.106517,0,44,1,0,36,26,18,98.333300,82.166700,52.500000,0.406780,0.486815,0.761905,0.000097,0.000051,0.007126,0.007126,3,0,3,fixed,3,3,0,0,3.000000,4.000000
5,multi_greedy,3,5,19,0,0,1,3.144773,98.333300,1.048258,36,0.476207,43,0,0,0,0.476207,0.476207,0.000000,0.000000,0.476207,0.106517,0,44,1,1,36,26,18,98.333300,82.166700,52.500000,1.125310,1.087349,0.870079,0.000097,-0.001250,0.002983,0.002983,3,0,3,fixed,3,3,0,0,3.000000,4.000000
5,multi_greedy,3,5,20,1,1,4,0.000000,82.166700,0.486815,26,0.476207,43,0,1,0,0.476207,0.476207,0.000000,0.000000,0.476207,0.106517,0,44,1,0,36,26,18,98.333300,82.166700,52.500000,0.406780,0.486815,0.761905,0.000143,0.000097,0.007174,0.007174,3,0,3,fixed,3,3,0,0,3.000000,4.000000
5,multi_greedy,3,5,21,0,0,3,0.000000,98.333300,1.016949,36,0.476207,43,0,0,0,0.476207,0.476207,0.000000,0.000000,0.476207,0.106517,0,44,1,1,36,26,18,98.333300,82.166700,52.500000,1.016949,1.217038,1.904762,0.000097,-0.000636,0.005127,0.005127,3,0,3,fixed,3,3,0,0,3.000000,4.000000
5,multi_greedy,3,5,22,2,2,1,2.727397,52.500000,0.909132,18,0.476207,43,0,2,0,0.476207,0.476207,0.000000,0.000000,0.476207,0.106517,0,44,1,-1,36,26,18,98.333300,82.166700,52.500000,1.085525,1.087349,0.919964,-0.003258,-0.004426,0.000097,0.000000,3,0,3,fixed,3,3,0,0,3.000000,4.000000
5,multi_greedy,3,5,23,2,2,4,0.000000,52.500000,0.761905,18,0.476207,43,0,2,0,0.476207,0.476207,0.000000,0.000000,0.476207,0.106517,0,44,1,-1,36,26,18,98.333300,82.166700,52.500000,0.406780,0.486815,0.761905,-0.006731,-0.006776,0.000097,0.000000,3,0,3,fixed,3,3,0,0,3.000000,4.000000
5,multi_greedy,3,5,24,0,0,2,2.822962,98.333300,0.352870,36,0.476207,43,0,0,0,0.476207,0.476207,0.000000,0.000000,0.476207,0.106517,0,44,1,0,36,26,18,98.333300,82.166700,52.500000,0.346641,0.225556,0.326280,0.000097,-0.005644,0.003055,0.003055,3,0,3,fixed,3,3,0,0,3.000000,4.000000
5,multi_greedy,3,5,25,2,2,1,2.880736,52.500000,0.960245,18,0.476207,43,0,2,0,0.476207,0.476207,0.000000,0.000000,0.476207,0.106517,0,44,1,-1,36,26,18,98.333300,82.166700,52.500000,1.085525,1.087349,0.911446,-0.003231,-0.004400,0.000097,0.000000,3,0,3,fixed,3,3,0,0,3.000000,4.000000
5,multi_greedy,3,5,26,1,1,1,3.354718,82.166700,1.118239,26,0.476207,43,0,1,0,0.476207,0.476207,0.000000,0.000000,0.476207,0.106517,0,44,1,-1,36,26,18,98.333300,82.166700,52.500000,1.085525,1.131903,0.870079,0.001088,0.000097,0.004151,0.004151,3,0,3,fixed,3,3,0,0,3.000000,4.000000
5,multi_greedy,3,5,27,0,0,2,2.702741,98.333300,0.337843,36,0.476207,43,0,0,0,0.476207,0.476207,0.000000,0.000000,0.476207,0.106517,0,44,1,0,36,26,18,98.333300,82.166700,52.500000,0.347476,0.225556,0.326280,0.000097,-0.005663,0.003036,0.003036,3,0,3,fixed,3,3,0,0,3.000000,4.000000
5,multi_greedy,3,5,28,1,1,2,1.853419,82.166700,0.231677,26,0.476207,43,1,1,0,0.476207,0.476207,0.000000,0.000000,0.476207,0.106517,0,44,1,0,36,26,18,98.333300,82.166700,52.500000,0.337591,0.234463,0.326280,0.004560,0.000097,0.008035,0.008035,3,0,3,fixed,3,3,0,0,3.000000,4.000000
5,multi_greedy,3,5,29,1,1,2,1.853472,82.166700,0.231684,26,0.476207,43,0,1,0,0.476207,0.476207,0.000000,0.000000,0.476207,0.106517,0,44,1,0,36,26,18,98.333300,82.166700,52.500000,0.337591,0.234463,0.326280,0.004560,0.000097,0.008035,0.008035,3,0,3,fixed,3,3,0,0,3.000000,4.000000
5,multi_greedy,3,5,30,1,1,2,1.853489,82.166700,0.231686,26,0.476207,43,0,1,0,0.476207,0.476207,0.000000,0.000000,0.476207,0.106517,0,44,1,0,36,26,18,98.333300,82.166700,52.500000,0.337591,0.234462,0.326280,0.004560,0.000097,0.008035,0.008035,3,0,3,fixed,3,3,0,0,3.000000,4.000000
5,multi_greedy,3,5,31,1,1,3,0.000000,82.166700,1.217038,26,0.476207,43,0,1,0,0.476207,0.476207,0.000000,0.000000,0.476207,0.106517,0,44,1,-1,36,26,18,98.333300,82.166700,52.500000,1.016949,1.217038,1.904762,0.000832,0.000097,0.005878,0.005878,3,0,3,fixed,3,3,0,0,3.000000,4.000000
5,multi_greedy,3,5,32,1,1,1,3.443246,82.166700,1.147749,26,0.476207,43,0,1,0,0.476207,0.476207,0.000000,0.000000,0.476207,0.106517,0,44,1,-1,36,26,18,98.333300,82.166700,52.500000,1.085525,1.124525,0.870079,0.001104,0.000097,0.004167,0.004167,3,0,3,fixed,3,3,0,0,3.000000,4.000000
5,multi_greedy,3,5,33,0,0,4,0.000000,98.333300,0.406780,36,0.476207,43,0,0,0,0.476207,0.476207,0.000000,0.000000,0.476207,0.106517,0,44,1,0,36,26,18,98.333300,82.166700,52.500000,0.406780,0.486815,0.761905,0.000097,0.000051,0.007126,0.007126,3,0,3,fixed,3,3,0,0,3.000000,4.000000
5,multi_greedy,3,5,34,1,1,1,3.405070,82.166700,1.135023,26,0.476207,43,0,1,0,0.476207,0.476207,0.000000,0.000000,0.476207,0.106517,0,44,1,-1,36,26,18,98.333300,82.166700,52.500000,1.085525,1.127707,0.870079,0.001097,0.000097,0.004160,0.004160,3,0,3,fixed,3,3,0,0,3.000000,4.000000
5,multi_greedy,3,5,35,0,0,2,2.781413,98.333300,0.347677,36,0.476207,43,0,0,0,0.476207,0.476207,0.000000,0.000000,0.476207,0.106517,0,44,1,0,36,26,18,98.333300,82.166700,52.500000,0.346929,0.225556,0.326280,0.000097,-0.005651,0.003048,0.003048,3,0,3,fixed,3,3,0,0,3.000000,4.000000
5,multi_greedy,3,5,36,0,0,4,0.000000,98.333300,0.406780,36,0.476207,43,0,0,0,0.476207,0.476207,0.000000,0.000000,0.476207,0.106517,0,44,1,0,36,26,18,98.333300,82.166700,52.500000,0.406780,0.486815,0.761905,0.000097,0.000051,0.007126,0.007126,3,0,3,fixed,3,3,0,0,3.000000,4.000000
5,multi_greedy,3,5,37,2,2,4,0.000000,52.500000,0.761905,18,0.476207,43,0,2,0,0.476207,0.476207,0.000000,0.000000,0.476207,0.106517,0,44,1,-1,36,26,18,98.333300,82.166700,52.500000,0.406780,0.486815,0.761905,-0.006731,-0.006776,0.000097,0.000000,3,0,3,fixed,3,3,0,0,3.000000,4.000000
5,multi_greedy,3,5,38,0,0,2,2.802194,98.333300,0.350274,36,0.476207,43,0,0,0,0.476207,0.476207,0.000000,0.000000,0.476207,0.106517,0,44,1,0,36,26,18,98.333300,82.166700,52.500000,0.346785,0.225556,0.326280,0.000097,-0.005648,0.003052,0.003052,3,0,3,fixed,3,3,0,0,3.000000,4.000000
5,multi_greedy,3,5,39,2,2,1,2.790358,52.500000,0.930119,18,0.476207,43,0,2,0,0.476207,0.476207,0.000000,0.000000,0.476207,0.106517,0,44,1,-1,36,26,18,98.333300,82.166700,52.500000,1.085525,1.087349,0.916467,-0.003247,-0.004415,0.000097,0.000000,3,0,3,fixed,3,3,0,0,3.000000,4.000000
5,multi_greedy,3,5,40,1,1,2,1.880860,82.166700,0.235108,26,0.476207,43,0,1,0,0.476207,0.476207,0.000000,0.000000,0.476207,0.106517,0,44,1,0,36,26,18,98.333300,82.166700,52.500000,0.337591,0.234151,0.326280,0.004576,0.000097,0.008051,0.008051,3,0,3,fixed,3,3,0,0,3.000000,4.000000
5,multi_greedy,3,5,41,0,0,2,2.799981,98.333300,0.349998,36,0.476207,43,0,0,0,0.476207,0.476207,0.000000,0.000000,0.476207,0.106517,0,44,1,0,36,26,18,98.333300,82.166700,52.500000,0.346800,0.225556,0.326280,0.000097,-0.005648,0.003051,0.003051,3,0,3,fixed,3,3,0,0,3.000000,4.000000
5,multi_greedy,3,5,42,0,0,2,2.768149,98.333300,0.346019,36,0.476207,43,0,0,0,0.476207,0.476207,0.000000,0.000000,0.476207,0.106517,0,44,1,0,36,26,18,98.333300,82.166700,52.500000,0.347022,0.225556,0.326280,0.000097,-0.005653,0.003046,0.003046,3,0,3,fixed,3,3,0,0,3.000000,4.000000
5,multi_greedy,3,5,43,1,1,3,0.000000,82.166700,1.217038,26,0.476207,43,0,1,0,0.476207,0.476207,0.000000,0.000000,0.476207,0.106517,0,44,1,-1,36,26,18,98.333300,82.166700,52.500000,1.016949,1.217038,1.904762,0.000832,0.000097,0.005878,0.005878,3,0,3,fixed,3,3,0,0,3.000000,4.000000
5,multi_greedy,3,5,44,2,2,4,0.000000,52.500000,0.761905,18,0.476207,43,0,2,0,0.476207,0.476207,0.000000,0.000000,0.476207,0.106517,0,44,1,-1,36,26,18,98.333300,82.166700,52.500000,0.406780,0.486815,0.761905,-0.006731,-0.006776,0.000097,0.000000,3,0,3,fixed,3,3,0,0,3.000000,4.000000
5,multi_greedy,3,5,45,2,2,3,0.000000,52.500000,1.904762,18,0.476207,43,0,2,0,0.476207,0.476207,0.000000,0.000000,0.476207,0.106517,0,44,1,-1,36,26,18,98.333300,82.166700,52.500000,1.016949,1.217038,1.904762,-0.004829,-0.005547,0.000097,0.000000,3,0,3,fixed,3,3,0,0,3.000000,4.000000
5,multi_greedy,3,5,46,2,2,3,0.000000,52.500000,1.904762,18,0.476207,43,0,2,0,0.476207,0.476207,0.000000,0.000000,0.476207,0.106517,0,44,1,-1,36,26,18,98.333300,82.166700,52.500000,1.016949,1.217038,1.904762,-0.004829,-0.005547,0.000097,0.000000,3,0,3,fixed,3,3,0,0,3.000000,4.000000
5,multi_greedy,3,5,47,1,1,2,1.880872,82.166700,0.235109,26,0.476207,43,0,1,0,0.476207,0.476207,0.000000,0.000000,0.476207,0.106517,0,44,1,0,36,26,18,98.333300,82.166700,52.500000,0.337591,0.234151,0.326280,0.004576,0.000097,0.008051,0.008051,3,0,3,fixed,3,3,0,0,3.000000,4.000000
5,multi_greedy,3,5,48,1,1,4,0.000000,82.166700,0.486815,26,0.476207,43,0,1,0,0.476207,0.476207,0.000000,0.000000,0.476207,0.106517,0,44,1,0,36,26,18,98.333300,82.166700,52.500000,0.406780,0.486815,0.761905,0.000143,0.000097,0.007174,0.007174,3,0,3,fixed,3,3,0,0,3.000000,4.000000
5,multi_greedy,3,5,49,0,0,2,2.751811,98.333300,0.343976,36,0.476207,43,0,0,0,0.476207,0.476207,0.000000,0.000000,0.476207,0.106517,0,44,1,0,36,26,18,98.333300,82.166700,52.500000,0.347135,0.225556,0.326280,0.000097,-0.005655,0.003044,0.003044,3,0,3,fixed,3,3,0,0,3.000000,4.000000
5,multi_greedy,3,5,50,1,1,2,1.880896,82.166700,0.235112,26,0.476207,43,0,1,0,0.476207,0.476207,0.000000,0.000000,0.476207,0.106517,0,44,1,0,36,26,18,98.333300,82.166700,52.500000,0.337591,0.234151,0.326280,0.004576,0.000097,0.008051,0.008051,3,0,3,fixed,3,3,0,0,3.000000,4.000000
5,multi_greedy,3,5,51,2,2,4,0.000000,52.500000,0.761905,18,0.476207,43,0,2,0,0.476207,0.476207,0.000000,0.000000,0.476207,0.106517,0,44,1,-1,36,26,18,98.333300,82.166700,52.500000,0.406780,0.486815,0.761905,-0.006731,-0.006776,0.000097,0.000000,3,0,3,fixed,3,3,0,0,3.000000,4.000000
5,multi_greedy,3,5,52,0,0,2,2.711378,98.333300,0.338922,36,0.476207,43,0,0,0,0.476207,0.476207,0.000000,0.000000,0.476207,0.106517,0,44,1,0,36,26,18,98.333300,82.166700,52.500000,0.347416,0.225556,0.326280,0.000097,-0.005662,0.003037,0.003037,3,0,3,fixed,3,3,0,0,3.000000,4.000000
5,multi_greedy,3,5,53,2,2,3,0.000000,52.500000,1.904762,18,0.476207,43,0,2,0,0.476207,0.476207,0.000000,0.000000,0.476207,0.106517,0,44,1,-1,36,26,18,98.333300,82.166700,52.500000,1.016949,1.217038,1.904762,-0.004829,-0.005547,0.000097,0.000000,3,0,3,fixed,3,3,0,0,3.000000,4.000000
5,multi_greedy,3,5,54,1,1,2,1.880891,82.166700,0.235111,26,0.476207,43,0,1,0,0.476207,0.476207,0.000000,0.000000,0.476207,0.106517,0,44,1,0,36,26,18,98.333300,82.166700,52.500000,0.337591,0.234151,0.326280,0.004576,0.000097,0.008051,0.008051,3,0,3,fixed,3,3,0,0,3.000000,4.000000
5,multi_greedy,3,5,55,2,2,3,0.000000,52.500000,1.904762,18,0.476207,43,0,2,0,0.476207,0.476207,0.000000,0.000000,0.476207,0.106517,0,44,1,-1,36,26,18,98.333300,82.166700,52.500000,1.016949,1.217038,1.904762,-0.004829,-0.005547,0.000097,0.000000,3,0,3,fixed,3,3,0,0,3.000000,4.000000
5,multi_greedy,3,5,56,1,1,2,1.880914,82.166700,0.235114,26,0.476207,43,0,1,0,0.476207,0.476207,0.000000,0.000000,0.476207,0.106517,0,44,1,0,36,26,18,98.333300,82.166700,52.500000,0.337591,0.234151,0.326280,0.004576,0.000097,0.008051,0.008051,3,0,3,fixed,3,3,0,0,3.000000,4.000000
5,multi_greedy,3,5,57,0,0,1,3.345051,98.333300,1.115017,36,0.476207,43,0,0,0,0.476207,0.476207,0.000000,0.000000,0.476207,0.106517,0,44,1,1,36,26,18,98.333300,82.166700,52.500000,1.115773,1.087349,0.870079,0.000097,-0.001229,0.003004,0.003004,3,0,3,fixed,3,3,0,0,3.000000,4.000000
5,multi_greedy,3,5,58,0,0,1,3.506415,98.333300,1.168805,36,0.476207,43,0,0,0,0.476207,0.476207,0.000000,0.000000,0.476207,0.106517,0,44,1,1,36,26,18,98.333300,82.166700,52.500000,1.108089,1.087349,0.870079,0.000097,-0.001212,0.003021,0.003021,3,0,3,fixed,3,3,0,0,3.000000,4.000000
5,multi_greedy,3,5,59,0,0,4,0.000000,98.333300,0.406780,36,0.476207,43,0,0,0,0.476207,0.476207,0.000000,0.000000,0.476207,0.106517,0,44,1,0,36,26,18,98.333300,82.166700,52.500000,0.406780,0.486815,0.761905,0.000097,0.000051,0.007126,0.007126,3,0,3,fixed,3,3,0,0,3.000000,4.000000
5,multi_greedy,3,5,60,0,0,2,2.750828,98.333300,0.343854,36,0.476207,43,0,0,0,0.476207,0.476207,0.000000,0.000000,0.476207,0.106517,0,44,1,0,36,26,18,98.333300,82.166700,52.500000,0.347142,0.225556,0.326280,0.000097,-0.005656,0.003043,0.003043,3,0,3,fixed,3,3,0,0,3.000000,4.000000
5,multi_greedy,3,5,61,1,1,4,0.000000,82.166700,0.486815,26,0.476207,43,0,1,0,0.476207,0.476207,0.000000,0.000000,0.476207,0.106517,0,44,1,0,36,26,18,98.333300,82.166700,52.500000,0.406780,0.486815,0.761905,0.000143,0.000097,0.007174,0.007174,3,0,3,fixed,3,3,0,0,3.000000,4.000000
5,multi_greedy,3,5,62,0,0,1,3.472731,98.333300,1.157577,36,0.476207,43,0,0,0,0.476207,0.476207,0.000000,0.000000,0.476207,0.106517,0,44,1,1,36,26,18,98.333300,82.166700,52.500000,1.109693,1.087349,0.870079,0.000097,-0.001215,0.003018,0.003018,3,0,3,fixed,3,3,0,0,3.000000,4.000000
5,multi_greedy,3,5,63,1,1,2,1.880836,82.166700,0.235105,26,0.476207,43,0,1,0,0.476207,0.476207,0.000000,0.000000,0.476207,0.106517,0,44,1,0,36,26,18,98.333300,82.166700,52.500000,0.337591,0.234152,0.326280,0.004576,0.000097,0.008051,0.008051,3,0,3,fixed,3,3,0,0,3.000000,4.000000
5,multi_greedy,3,5,64,1,1,4,0.000000,82.166700,0.486815,26,0.476207,43,0,1,0,0.476207,0.476207,0.000000,0.000000,0.476207,0.106517,0,44,1,0,36,26,18,98.333300,82.166700,52.500000,0.406780,0.486815,0.761905,0.000143,0.000097,0.007174,0.007174,3,0,3,fixed,3,3,0,0,3.000000,4.000000
5,multi_greedy,3,5,65,2,2,4,0.000000,52.500000,0.761905,18,0.476207,43,0,2,0,0.476207,0.476207,0.000000,0.000000,0.476207,0.106517,0,44,1,-1,36,26,18,98.333300,82.166700,52.500000,0.406780,0.486815,0.761905,-0.006731,-0.006776,0.000097,0.000000,3,0,3,fixed,3,3,0,0,3.000000,4.000000
5,multi_greedy,3,5,66,1,1,2,1.880921,82.166700,0.235115,26,0.476207,43,0,1,0,0.476207,0.476207,0.000000,0.000000,0.476207,0.106517,0,44,1,0,36,26,18,98.333300,82.166700,52.500000,0.337591,0.234151,0.326280,0.004576,0.000097,0.008052,0.008052,3,0,3,fixed,3,3,0,0,3.000000,4.000000
5,multi_greedy,3,5,67,2,2,1,2.735988,52.500000,0.911996,18,0.476207,43,0,2,0,0.476207,0.476207,0.000000,0.000000,0.476207,0.106517,0,44,1,-1,36,26,18,98.333300,82.166700,52.500000,1.085525,1.087349,0.919487,-0.003257,-0.004425,0.000097,0.000000,3,0,3,fixed,3,3,0,0,3.000000,4.000000
5,multi_greedy,3,5,68,0,0,4,0.000000,98.333300,0.406780,36,0.476207,43,0,0,0,0.476207,0.476207,0.000000,0.000000,0.476207,0.106517,0,44,1,0,36,26,18,98.333300,82.166700,52.500000,0.406780,0.486815,0.761905,0.000097,0.000051,0.007126,0.007126,3,0,3,fixed,3,3,0,0,3.000000,4.000000
5,multi_greedy,3,5,69,2,2,4,0.000000,52.500000,0.761905,18,0.476207,43,0,2,0,0.476207,0.476207,0.000000,0.000000,0.476207,0.106517,0,44,1,-1,36,26,18,98.333300,82.166700,52.500000,0.406780,0.486815,0.761905,-0.006731,-0.006776,0.000097,0.000000,3,0,3,fixed,3,3,0,0,3.000000,4.000000
5,multi_greedy,3,5,70,2,2,3,0.000000,52.500000,1.904762,18,0.476207,43,0,2,0,0.476207,0.476207,0.000000,0.000000,0.476207,0.106517,0,44,1,-1,36,26,18,98.333300,82.166700,52.500000,1.016949,1.217038,1.904762,-0.004829,-0.005547,0.000097,0.000000,3,0,3,fixed,3,3,0,0,3.000000,4.000000
5,multi_greedy,3,5,71,1,1,2,1.879792,82.166700,0.234974,26,0.476207,43,0,1,0,0.476207,0.476207,0.000000,0.000000,0.476207,0.106517,0,44,1,0,36,26,18,98.333300,82.166700,52.500000,0.337591,0.234163,0.326280,0.004575,0.000097,0.008051,0.008051,3,0,3,fixed,3,3,0,0,3.000000,4.000000
5,multi_greedy,3,5,72,0,0,1,3.343830,98.333300,1.114610,36,0.476207,43,0,0,0,0.476207,0.476207,0.000000,0.000000,0.476207,0.106517,0,44,1,1,36,26,18,98.333300,82.166700,52.500000,1.115831,1.087349,0.870079,0.000097,-0.001229,0.003004,0.003004,3,0,3,fixed,3,3,0,0,3.000000,4.000000
5,multi_greedy,3,5,73,0,0,2,2.736616,98.333300,0.342077,36,0.476207,43,0,0,0,0.476207,0.476207,0.000000,0.000000,0.476207,0.106517,0,44,1,0,36,26,18,98.333300,82.166700,52.500000,0.347240,0.225556,0.326280,0.000097,-0.005658,0.003041,0.003041,3,0,3,fixed,3,3,0,0,3.000000,4.000000
5,multi_greedy,3,5,74,1,1,4,0.000000,82.166700,0.486815,26,0.476207,43,0,1,0,0.476207,0.476207,0.000000,0.000000,0.476207,0.106517,0,44,1,0,36,26,18,98.333300,82.166700,52.500000,0.406780,0.486815,0.761905,0.000143,0.000097,0.007174,0.007174,3,0,3,fixed,3,3,0,0,3.000000,4.000000
5,multi_greedy,3,5,75,0,0,2,2.767091,98.333300,0.345886,36,0.476207,43,0,0,0,0.476207,0.476207,0.000000,0.000000,0.476207,0.106517,0,44,1,0,36,26,18,98.333300,82.166700,52.500000,0.347029,0.225556,0.326280,0.000097,-0.005653,0.003046,0.003046,3,0,3,fixed,3,3,0,0,3.000000,4.000000
5,multi_greedy,3,5,76,1,1,4,0.000000,82.166700,0.486815,26,0.476207,43,0,1,0,0.476207,0.476207,0.000000,0.000000,0.476207,0.106517,0,44,1,0,36,26,18,98.333300,82.166700,52.500000,0.406780,0.486815,0.761905,0.000143,0.000097,0.007174,0.007174,3,0,3,fixed,3,3,0,0,3.000000,4.000000
5,multi_greedy,3,5,77,0,0,3,0.000000,98.333300,1.016949,36,0.476207,43,0,0,0,0.476207,0.476207,0.000000,0.000000,0.476207,0.106517,0,44,1,1,36,26,18,98.333300,82.166700,52.500000,1.016949,1.217038,1.904762,0.000097,-0.000636,0.005127,0.005127,3,0,3,fixed,3,3,0,0,3.000000,4.000000
5,multi_greedy,3,5,78,1,1,2,1.879815,82.166700,0.234977,26,0.476207,43,0,1,0,0.476207,0.476207,0.000000,0.000000,0.476207,0.106517,0,44,1,0,36,26,18,98.333300,82.166700,52.500000,0.337591,0.234163,0.326280,0.004576,0.000097,0.008051,0.008051,3,0,3,fixed,3,3,0,0,3.000000,4.000000
5,multi_greedy,3,5,79,0,0,2,2.781349,98.333300,0.347669,36,0.476207,43,0,0,0,0.476207,0.476207,0.000000,0.000000,0.476207,0.106517,0,44,1,0,36,26,18,98.333300,82.166700,52.500000,0.346930,0.225556,0.326280,0.000097,-0.005651,0.003048,0.003048,3,0,3,fixed,3,3,0,0,3.000000,4.000000
5,multi_greedy,3,5,80,1,1,4,0.000000,82.166700,0.486815,26,0.476207,43,0,1,0,0.476207,0.476207,0.000000,0.000000,0.476207,0.106517,0,44,1,0,36,26,18,98.333300,82.166700,52.500000,0.406780,0.486815,0.761905,0.000143,0.000097,0.007174,0.007174,3,0,3,fixed,3,3,0,0,3.000000,4.000000
