run_id,seed,method,sim_time,cycle_window_id,layer,direction,source,ue_id,imsi,rnti,current_bs_id,queue_entries,queue_bytes,hol_delay_ms,dropped_packets_total,dropped_bytes_total,capacity,link_bps,channel_delay_ms
random_seed19001_1791548306465962_pid87,19001,random,0.000000,0,p2p_device,ul,/NodeList/19/DeviceList/3,-1,0,0,-1,0,0,,0,0,600p,80000000,20.000000
random_seed19001_1791548306465962_pid87,19001,random,0.000000,0,p2p_qdisc,ul,/NodeList/19/DeviceList/3,-1,0,0,-1,0,0,,0,0,10240p,80000000,20.000000
random_seed19001_1791548306465962_pid87,19001,random,0.000000,0,p2p_device,dl,/NodeList/0/DeviceList/9,-1,0,0,-1,0,0,,0,0,600p,80000000,20.000000
random_seed19001_1791548306465962_pid87,19001,random,0.000000,0,p2p_qdisc,dl,/NodeList/0/DeviceList/9,-1,0,0,-1,0,0,,0,0,10240p,80000000,20.000000
random_seed19001_1791548306465962_pid87,19001,random,0.100000,0,p2p_device,ul,/NodeList/19/DeviceList/3,-1,0,0,-1,0,0,,0,0,600p,80000000,20.000000
random_seed19001_1791548306465962_pid87,19001,random,0.100000,0,p2p_qdisc,ul,/NodeList/19/DeviceList/3,-1,0,0,-1,0,0,,0,0,10240p,80000000,20.000000
random_seed19001_1791548306465962_pid87,19001,random,0.100000,0,p2p_device,dl,/NodeList/0/DeviceList/9,-1,0,0,-1,0,0,,0,0,600p,80000000,20.000000
random_seed19001_1791548306465962_pid87,19001,random,0.100000,0,p2p_qdisc,dl,/NodeList/0/DeviceList/9,-1,0,0,-1,0,0,,0,0,10240p,80000000,20.000000
random_seed19001_1791548306465962_pid87,19001,random,0.100000,0,nr_rlc_um,dl,/NodeList/1/DeviceList/0/NrGnbRrc/UeMap/1/DataRadioBearerMap/1/NrRlc/,-1,4,1,-1,0,0,0.000000,0,0,999999999B,,
random_seed19001_1791548306465962_pid87,19001,random,0.100000,0,nr_rlc_um,dl,/NodeList/1/DeviceList/0/NrGnbRrc/UeMap/2/DataRadioBearerMap/1/NrRlc/,1,7,2,2,0,0,0.000000,0,0,999999999B,,
random_seed19001_1791548306465962_pid87,19001,random,0.100000,0,nr_rlc_um,dl,/NodeList/1/DeviceList/0/NrGnbRrc/UeMap/3/DataRadioBearerMap/1/NrRlc/,2,8,3,1,0,0,0.000000,0,0,999999999B,,
random_seed19001_1791548306465962_pid87,19001,random,0.100000,0,nr_rlc_um,dl,/NodeList/1/DeviceList/0/NrGnbRrc/UeMap/4/DataRadioBearerMap/1/NrRlc/,3,9,4,1,0,0,0.000000,0,0,999999999B,,
random_seed19001_1791548306465962_pid87,19001,random,0.100000,0,nr_rlc_um,ul,/NodeList/4/DeviceList/0/NrUeRrc/DataRadioBearerMap/1/NrRlc/,-1,4,1,-1,0,0,0.000000,0,0,999999999B,,
random_seed19001_1791548306465962_pid87,19001,random,0.100000,0,nr_rlc_um,ul,/NodeList/7/DeviceList/0/NrUeRrc/DataRadioBearerMap/1/NrRlc/,1,7,2,2,0,0,0.000000,0,0,999999999B,,
random_seed19001_1791548306465962_pid87,19001,random,0.100000,0,nr_rlc_um,ul,/NodeList/8/DeviceList/0/NrUeRrc/DataRadioBearerMap/1/NrRlc/,2,8,3,1,0,0,0.000000,0,0,999999999B,,
random_seed19001_1791548306465962_pid87,19001,random,0.100000,0,nr_rlc_um,ul,/NodeList/9/DeviceList/0/NrUeRrc/DataRadioBearerMap/1/NrRlc/,3,9,4,1,0,0,0.000000,0,0,999999999B,,
random_seed19001_1791548306465962_pid87,19001,random,0.200000,0,p2p_device,ul,/NodeList/19/DeviceList/3,-1,0,0,-1,0,0,,0,0,600p,80000000,20.000000
random_seed19001_1791548306465962_pid87,19001,random,0.200000,0,p2p_qdisc,ul,/NodeList/19/DeviceList/3,-1,0,0,-1,0,0,,0,0,10240p,80000000,20.000000
random_seed19001_1791548306465962_pid87,19001,random,0.200000,0,p2p_device,dl,/NodeList/0/DeviceList/9,-1,0,0,-1,0,0,,0,0,600p,80000000,20.000000
random_seed19001_1791548306465962_pid87,19001,random,0.200000,0,p2p_qdisc,dl,/NodeList/0/DeviceList/9,-1,0,0,-1,0,0,,0,0,10240p,80000000,20.000000
random_seed19001_1791548306465962_pid87,19001,random,0.200000,0,nr_rlc_um,dl,/NodeList/1/DeviceList/0/NrGnbRrc/UeMap/1/DataRadioBearerMap/1/NrRlc/,-1,4,1,-1,0,0,0.000000,0,0,999999999B,,
random_seed19001_1791548306465962_pid87,19001,random,0.200000,0,nr_rlc_um,dl,/NodeList/1/DeviceList/0/NrGnbRrc/UeMap/2/DataRadioBearerMap/1/NrRlc/,1,7,2,2,0,0,0.000000,0,0,999999999B,,
random_seed19001_1791548306465962_pid87,19001,random,0.200000,0,nr_rlc_um,dl,/NodeList/1/DeviceList/0/NrGnbRrc/UeMap/3/DataRadioBearerMap/1/NrRlc/,2,8,3,1,0,0,0.000000,0,0,999999999B,,
random_seed19001_1791548306465962_pid87,19001,random,0.200000,0,nr_rlc_um,dl,/NodeList/1/DeviceList/0/NrGnbRrc/UeMap/4/DataRadioBearerMap/1/NrRlc/,3,9,4,1,0,0,0.000000,0,0,999999999B,,
random_seed19001_1791548306465962_pid87,19001,random,0.200000,0,nr_rlc_um,ul,/NodeList/4/DeviceList/0/NrUeRrc/DataRadioBearerMap/1/NrRlc/,-1,4,1,-1,0,0,0.000000,0,0,999999999B,,
random_seed19001_1791548306465962_pid87,19001,random,0.200000,0,nr_rlc_um,ul,/NodeList/7/DeviceList/0/NrUeRrc/DataRadioBearerMap/1/NrRlc/,1,7,2,2,0,0,0.000000,0,0,999999999B,,
random_seed19001_1791548306465962_pid87,19001,random,0.200000,0,nr_rlc_um,ul,/NodeList/8/DeviceList/0/NrUeRrc/DataRadioBearerMap/1/NrRlc/,2,8,3,1,0,0,0.000000,0,0,999999999B,,
random_seed19001_1791548306465962_pid87,19001,random,0.200000,0,nr_rlc_um,ul,/NodeList/9/DeviceList/0/NrUeRrc/DataRadioBearerMap/1/NrRlc/,3,9,4,1,0,0,0.000000,0,0,999999999B,,
random_seed19001_1791548306465962_pid87,19001,random,0.300000,0,p2p_device,ul,/NodeList/19/DeviceList/3,-1,0,0,-1,0,0,,0,0,600p,80000000,20.000000
random_seed19001_1791548306465962_pid87,19001,random,0.300000,0,p2p_qdisc,ul,/NodeList/19/DeviceList/3,-1,0,0,-1,0,0,,0,0,10240p,80000000,20.000000
random_seed19001_1791548306465962_pid87,19001,random,0.300000,0,p2p_device,dl,/NodeList/0/DeviceList/9,-1,0,0,-1,0,0,,0,0,600p,80000000,20.000000
random_seed19001_1791548306465962_pid87,19001,random,0.300000,0,p2p_qdisc,dl,/NodeList/0/DeviceList/9,-1,0,0,-1,0,0,,0,0,10240p,80000000,20.000000
random_seed19001_1791548306465962_pid87,19001,random,0.300000,0,nr_rlc_um,dl,/NodeList/1/DeviceList/0/NrGnbRrc/UeMap/1/DataRadioBearerMap/1/NrRlc/,-1,4,1,-1,0,0,0.000000,0,0,999999999B,,
random_seed19001_1791548306465962_pid87,19001,random,0.300000,0,nr_rlc_um,dl,/NodeList/1/DeviceList/0/NrGnbRrc/UeMap/2/DataRadioBearerMap/1/NrRlc/,1,7,2,2,0,0,0.000000,0,0,999999999B,,
random_seed19001_1791548306465962_pid87,19001,random,0.300000,0,nr_rlc_um,dl,/NodeList/1/DeviceList/0/NrGnbRrc/UeMap/3/DataRadioBearerMap/1/NrRlc/,2,8,3,1,0,0,0.000000,0,0,999999999B,,
random_seed19001_1791548306465962_pid87,19001,random,0.300000,0,nr_rlc_um,dl,/NodeList/1/DeviceList/0/NrGnbRrc/UeMap/4/DataRadioBearerMap/1/NrRlc/,3,9,4,1,0,0,0.000000,0,0,999999999B,,
random_seed19001_1791548306465962_pid87,19001,random,0.300000,0,nr_rlc_um,ul,/NodeList/4/DeviceList/0/NrUeRrc/DataRadioBearerMap/1/NrRlc/,-1,4,1,-1,0,0,0.000000,0,0,999999999B,,
random_seed19001_1791548306465962_pid87,19001,random,0.300000,0,nr_rlc_um,ul,/NodeList/7/DeviceList/0/NrUeRrc/DataRadioBearerMap/1/NrRlc/,1,7,2,2,0,0,0.000000,0,0,999999999B,,
random_seed19001_1791548306465962_pid87,19001,random,0.300000,0,nr_rlc_um,ul,/NodeList/8/DeviceList/0/NrUeRrc/DataRadioBearerMap/1/NrRlc/,2,8,3,1,0,0,0.000000,0,0,999999999B,,
random_seed19001_1791548306465962_pid87,19001,random,0.300000,0,nr_rlc_um,ul,/NodeList/9/DeviceList/0/NrUeRrc/DataRadioBearerMap/1/NrRlc/,3,9,4,1,0,0,0.000000,0,0,999999999B,,
random_seed19001_1791548306465962_pid87,19001,random,0.400000,0,p2p_device,ul,/NodeList/19/DeviceList/3,-1,0,0,-1,0,0,,0,0,600p,80000000,20.000000
random_seed19001_1791548306465962_pid87,19001,random,0.400000,0,p2p_qdisc,ul,/NodeList/19/DeviceList/3,-1,0,0,-1,0,0,,0,0,10240p,80000000,20.000000
random_seed19001_1791548306465962_pid87,19001,random,0.400000,0,p2p_device,dl,/NodeList/0/DeviceList/9,-1,0,0,-1,0,0,,0,0,600p,80000000,20.000000
random_seed19001_1791548306465962_pid87,19001,random,0.400000,0,p2p_qdisc,dl,/NodeList/0/DeviceList/9,-1,0,0,-1,0,0,,0,0,10240p,80000000,20.000000
random_seed19001_1791548306465962_pid87,19001,random,0.400000,0,nr_rlc_um,dl,/NodeList/1/DeviceList/0/NrGnbRrc/UeMap/1/DataRadioBearerMap/1/NrRlc/,-1,4,1,-1,0,0,0.000000,0,0,999999999B,,
random_seed19001_1791548306465962_pid87,19001,random,0.400000,0,nr_rlc_um,dl,/NodeList/1/DeviceList/0/NrGnbRrc/UeMap/2/DataRadioBearerMap/1/NrRlc/,1,7,2,2,0,0,0.000000,0,0,999999999B,,
random_seed19001_1791548306465962_pid87,19001,random,0.400000,0,nr_rlc_um,dl,/NodeList/1/DeviceList/0/NrGnbRrc/UeMap/3/DataRadioBearerMap/1/NrRlc/,2,8,3,1,0,0,0.000000,0,0,999999999B,,
random_seed19001_1791548306465962_pid87,19001,random,0.400000,0,nr_rlc_um,dl,/NodeList/1/DeviceList/0/NrGnbRrc/UeMap/4/DataRadioBearerMap/1/NrRlc/,3,9,4,1,0,0,0.000000,0,0,999999999B,,
random_seed19001_1791548306465962_pid87,19001,random,0.400000,0,nr_rlc_um,ul,/NodeList/4/DeviceList/0/NrUeRrc/DataRadioBearerMap/1/NrRlc/,-1,4,1,-1,0,0,0.000000,0,0,999999999B,,
random_seed19001_1791548306465962_pid87,19001,random,0.400000,0,nr_rlc_um,ul,/NodeList/7/DeviceList/0/NrUeRrc/DataRadioBearerMap/1/NrRlc/,1,7,2,2,0,0,0.000000,0,0,999999999B,,
random_seed19001_1791548306465962_pid87,19001,random,0.400000,0,nr_rlc_um,ul,/NodeList/8/DeviceList/0/NrUeRrc/DataRadioBearerMap/1/NrRlc/,2,8,3,1,0,0,0.000000,0,0,999999999B,,
random_seed19001_1791548306465962_pid87,19001,random,0.400000,0,nr_rlc_um,ul,/NodeList/9/DeviceList/0/NrUeRrc/DataRadioBearerMap/1/NrRlc/,3,9,4,1,0,0,0.000000,0,0,999999999B,,
random_seed19001_1791548306465962_pid87,19001,random,0.500000,0,p2p_device,ul,/NodeList/19/DeviceList/3,-1,0,0,-1,0,0,,0,0,600p,80000000,20.000000
random_seed19001_1791548306465962_pid87,19001,random,0.500000,0,p2p_qdisc,ul,/NodeList/19/DeviceList/3,-1,0,0,-1,0,0,,0,0,10240p,80000000,20.000000
random_seed19001_1791548306465962_pid87,19001,random,0.500000,0,p2p_device,dl,/NodeList/0/DeviceList/9,-1,0,0,-1,0,0,,0,0,600p,80000000,20.000000
random_seed19001_1791548306465962_pid87,19001,random,0.500000,0,p2p_qdisc,dl,/NodeList/0/DeviceList/9,-1,0,0,-1,0,0,,0,0,10240p,80000000,20.000000
random_seed19001_1791548306465962_pid87,19001,random,0.500000,0,nr_rlc_um,dl,/NodeList/1/DeviceList/0/NrGnbRrc/UeMap/1/DataRadioBearerMap/1/NrRlc/,-1,4,1,-1,0,0,0.000000,0,0,999999999B,,
random_seed19001_1791548306465962_pid87,19001,random,0.500000,0,nr_rlc_um,dl,/NodeList/1/DeviceList/0/NrGnbRrc/UeMap/2/DataRadioBearerMap/1/NrRlc/,1,7,2,2,0,0,0.000000,0,0,999999999B,,
random_seed19001_1791548306465962_pid87,19001,random,0.500000,0,nr_rlc_um,dl,/NodeList/1/DeviceList/0/NrGnbRrc/UeMap/3/DataRadioBearerMap/1/NrRlc/,2,8,3,1,0,0,0.000000,0,0,999999999B,,
random_seed19001_1791548306465962_pid87,19001,random,0.500000,0,nr_rlc_um,dl,/NodeList/1/DeviceList/0/NrGnbRrc/UeMap/4/DataRadioBearerMap/1/NrRlc/,3,9,4,1,0,0,0.000000,0,0,999999999B,,
random_seed19001_1791548306465962_pid87,19001,random,0.500000,0,nr_rlc_um,ul,/NodeList/4/DeviceList/0/NrUeRrc/DataRadioBearerMap/1/NrRlc/,-1,4,1,-1,0,0,0.000000,0,0,999999999B,,
random_seed19001_1791548306465962_pid87,19001,random,0.500000,0,nr_rlc_um,ul,/NodeList/7/DeviceList/0/NrUeRrc/DataRadioBearerMap/1/NrRlc/,1,7,2,2,0,0,0.000000,0,0,999999999B,,
random_seed19001_1791548306465962_pid87,19001,random,0.500000,0,nr_rlc_um,ul,/NodeList/8/DeviceList/0/NrUeRrc/DataRadioBearerMap/1/NrRlc/,2,8,3,1,0,0,0.000000,0,0,999999999B,,
random_seed19001_1791548306465962_pid87,19001,random,0.500000,0,nr_rlc_um,ul,/NodeList/9/DeviceList/0/NrUeRrc/DataRadioBearerMap/1/NrRlc/,3,9,4,1,0,0,0.000000,0,0,999999999B,,
random_seed19001_1791548306465962_pid87,19001,random,0.600000,0,p2p_device,ul,/NodeList/19/DeviceList/3,-1,0,0,-1,0,0,,0,0,600p,80000000,20.000000
random_seed19001_1791548306465962_pid87,19001,random,0.600000,0,p2p_qdisc,ul,/NodeList/19/DeviceList/3,-1,0,0,-1,0,0,,0,0,10240p,80000000,20.000000
random_seed19001_1791548306465962_pid87,19001,random,0.600000,0,p2p_device,dl,/NodeList/0/DeviceList/9,-1,0,0,-1,0,0,,0,0,600p,80000000,20.000000
random_seed19001_1791548306465962_pid87,19001,random,0.600000,0,p2p_qdisc,dl,/NodeList/0/DeviceList/9,-1,0,0,-1,0,0,,0,0,10240p,80000000,20.000000
random_seed19001_1791548306465962_pid87,19001,random,0.600000,0,nr_rlc_um,dl,/NodeList/1/DeviceList/0/NrGnbRrc/UeMap/1/DataRadioBearerMap/1/NrRlc/,-1,4,1,-1,0,0,0.000000,0,0,999999999B,,
random_seed19001_1791548306465962_pid87,19001,random,0.600000,0,nr_rlc_um,dl,/NodeList/1/DeviceList/0/NrGnbRrc/UeMap/2/DataRadioBearerMap/1/NrRlc/,1,7,2,2,0,0,0.000000,0,0,999999999B,,
random_seed19001_1791548306465962_pid87,19001,random,0.600000,0,nr_rlc_um,dl,/NodeList/1/DeviceList/0/NrGnbRrc/UeMap/3/DataRadioBearerMap/1/NrRlc/,2,8,3,1,0,0,0.000000,0,0,999999999B,,
random_seed19001_1791548306465962_pid87,19001,random,0.600000,0,nr_rlc_um,dl,/NodeList/1/DeviceList/0/NrGnbRrc/UeMap/4/DataRadioBearerMap/1/NrRlc/,3,9,4,1,0,0,0.000000,0,0,999999999B,,
random_seed19001_1791548306465962_pid87,19001,random,0.600000,0,nr_rlc_um,ul,/NodeList/4/DeviceList/0/NrUeRrc/DataRadioBearerMap/1/NrRlc/,-1,4,1,-1,0,0,0.000000,0,0,999999999B,,
random_seed19001_1791548306465962_pid87,19001,random,0.600000,0,nr_rlc_um,ul,/NodeList/7/DeviceList/0/NrUeRrc/DataRadioBearerMap/1/NrRlc/,1,7,2,2,0,0,0.000000,0,0,999999999B,,
random_seed19001_1791548306465962_pid87,19001,random,0.600000,0,nr_rlc_um,ul,/NodeList/8/DeviceList/0/NrUeRrc/DataRadioBearerMap/1/NrRlc/,2,8,3,1,0,0,0.000000,0,0,999999999B,,
random_seed19001_1791548306465962_pid87,19001,random,0.600000,0,nr_rlc_um,ul,/NodeList/9/DeviceList/0/NrUeRrc/DataRadioBearerMap/1/NrRlc/,3,9,4,1,0,0,0.000000,0,0,999999999B,,
random_seed19001_1791548306465962_pid87,19001,random,0.700000,0,p2p_device,ul,/NodeList/19/DeviceList/3,-1,0,0,-1,0,0,,0,0,600p,80000000,20.000000
random_seed19001_1791548306465962_pid87,19001,random,0.700000,0,p2p_qdisc,ul,/NodeList/19/DeviceList/3,-1,0,0,-1,0,0,,0,0,10240p,80000000,20.000000
random_seed19001_1791548306465962_pid87,19001,random,0.700000,0,p2p_device,dl,/NodeList/0/DeviceList/9,-1,0,0,-1,0,0,,0,0,600p,80000000,20.000000
random_seed19001_1791548306465962_pid87,19001,random,0.700000,0,p2p_qdisc,dl,/NodeList/0/DeviceList/9,-1,0,0,-1,0,0,,0,0,10240p,80000000,20.000000
random_seed19001_1791548306465962_pid87,19001,random,0.700000,0,nr_rlc_um,dl,/NodeList/1/DeviceList/0/NrGnbRrc/UeMap/1/DataRadioBearerMap/1/NrRlc/,-1,4,1,-1,0,0,0.000000,0,0,999999999B,,
random_seed19001_1791548306465962_pid87,19001,random,0.700000,0,nr_rlc_um,dl,/NodeList/1/DeviceList/0/NrGnbRrc/UeMap/2/DataRadioBearerMap/1/NrRlc/,1,7,2,2,0,0,0.000000,0,0,999999999B,,
random_seed19001_1791548306465962_pid87,19001,random,0.700000,0,nr_rlc_um,dl,/NodeList/1/DeviceList/0/NrGnbRrc/UeMap/3/DataRadioBearerMap/1/NrRlc/,2,8,3,1,0,0,0.000000,0,0,999999999B,,
random_seed19001_1791548306465962_pid87,19001,random,0.700000,0,nr_rlc_um,dl,/NodeList/1/DeviceList/0/NrGnbRrc/UeMap/4/DataRadioBearerMap/1/NrRlc/,3,9,4,1,0,0,0.000000,0,0,999999999B,,
random_seed19001_1791548306465962_pid87,19001,random,0.700000,0,nr_rlc_um,ul,/NodeList/4/DeviceList/0/NrUeRrc/DataRadioBearerMap/1/NrRlc/,-1,4,1,-1,0,0,0.000000,0,0,999999999B,,
random_seed19001_1791548306465962_pid87,19001,random,0.700000,0,nr_rlc_um,ul,/NodeList/7/DeviceList/0/NrUeRrc/DataRadioBearerMap/1/NrRlc/,1,7,2,2,0,0,0.000000,0,0,999999999B,,
random_seed19001_1791548306465962_pid87,19001,random,0.700000,0,nr_rlc_um,ul,/NodeList/8/DeviceList/0/NrUeRrc/DataRadioBearerMap/1/NrRlc/,2,8,3,1,0,0,0.000000,0,0,999999999B,,
random_seed19001_1791548306465962_pid87,19001,random,0.700000,0,nr_rlc_um,ul,/NodeList/9/DeviceList/0/NrUeRrc/DataRadioBearerMap/1/NrRlc/,3,9,4,1,0,0,0.000000,0,0,999999999B,,
random_seed19001_1791548306465962_pid87,19001,random,0.800000,0,p2p_device,ul,/NodeList/19/DeviceList/3,-1,0,0,-1,0,0,,0,0,600p,80000000,20.000000
random_seed19001_1791548306465962_pid87,19001,random,0.800000,0,p2p_qdisc,ul,/NodeList/19/DeviceList/3,-1,0,0,-1,0,0,,0,0,10240p,80000000,20.000000
random_seed19001_1791548306465962_pid87,19001,random,0.800000,0,p2p_device,dl,/NodeList/0/DeviceList/9,-1,0,0,-1,0,0,,0,0,600p,80000000,20.000000
random_seed19001_1791548306465962_pid87,19001,random,0.800000,0,p2p_qdisc,dl,/NodeList/0/DeviceList/9,-1,0,0,-1,0,0,,0,0,10240p,80000000,20.000000
random_seed19001_1791548306465962_pid87,19001,random,0.800000,0,nr_rlc_um,dl,/NodeList/1/DeviceList/0/NrGnbRrc/UeMap/1/DataRadioBearerMap/1/NrRlc/,-1,4,1,-1,0,0,0.000000,0,0,999999999B,,
random_seed19001_1791548306465962_pid87,19001,random,0.800000,0,nr_rlc_um,dl,/NodeList/1/DeviceList/0/NrGnbRrc/UeMap/2/DataRadioBearerMap/1/NrRlc/,1,7,2,2,0,0,0.000000,0,0,999999999B,,
random_seed19001_1791548306465962_pid87,19001,random,0.800000,0,nr_rlc_um,dl,/NodeList/1/DeviceList/0/NrGnbRrc/UeMap/3/DataRadioBearerMap/1/NrRlc/,2,8,3,1,0,0,0.000000,0,0,999999999B,,
random_seed19001_1791548306465962_pid87,19001,random,0.800000,0,nr_rlc_um,dl,/NodeList/1/DeviceList/0/NrGnbRrc/UeMap/4/DataRadioBearerMap/1/NrRlc/,3,9,4,1,0,0,0.000000,0,0,999999999B,,
random_seed19001_1791548306465962_pid87,19001,random,0.800000,0,nr_rlc_um,ul,/NodeList/4/DeviceList/0/NrUeRrc/DataRadioBearerMap/1/NrRlc/,-1,4,1,-1,0,0,0.000000,0,0,999999999B,,
random_seed19001_1791548306465962_pid87,19001,random,0.800000,0,nr_rlc_um,ul,/NodeList/7/DeviceList/0/NrUeRrc/DataRadioBearerMap/1/NrRlc/,1,7,2,2,0,0,0.000000,0,0,999999999B,,
random_seed19001_1791548306465962_pid87,19001,random,0.800000,0,nr_rlc_um,ul,/NodeList/8/DeviceList/0/NrUeRrc/DataRadioBearerMap/1/NrRlc/,2,8,3,1,0,0,0.000000,0,0,999999999B,,
random_seed19001_1791548306465962_pid87,19001,random,0.800000,0,nr_rlc_um,ul,/NodeList/9/DeviceList/0/NrUeRrc/DataRadioBearerMap/1/NrRlc/,3,9,4,1,0,0,0.000000,0,0,999999999B,,
random_seed19001_1791548306465962_pid87,19001,random,0.900000,0,p2p_device,ul,/NodeList/19/DeviceList/3,-1,0,0,-1,0,0,,0,0,600p,80000000,20.000000
random_seed19001_1791548306465962_pid87,19001,random,0.900000,0,p2p_qdisc,ul,/NodeList/19/DeviceList/3,-1,0,0,-1,0,0,,0,0,10240p,80000000,20.000000
random_seed19001_1791548306465962_pid87,19001,random,0.900000,0,p2p_device,dl,/NodeList/0/DeviceList/9,-1,0,0,-1,0,0,,0,0,600p,80000000,20.000000
random_seed19001_1791548306465962_pid87,19001,random,0.900000,0,p2p_qdisc,dl,/NodeList/0/DeviceList/9,-1,0,0,-1,0,0,,0,0,10240p,80000000,20.000000
random_seed19001_1791548306465962_pid87,19001,random,0.900000,0,nr_rlc_um,dl,/NodeList/1/DeviceList/0/NrGnbRrc/UeMap/1/DataRadioBearerMap/1/NrRlc/,-1,4,1,-1,0,0,0.000000,0,0,999999999B,,
random_seed19001_1791548306465962_pid87,19001,random,0.900000,0,nr_rlc_um,dl,/NodeList/1/DeviceList/0/NrGnbRrc/UeMap/2/DataRadioBearerMap/1/NrRlc/,1,7,2,2,0,0,0.000000,0,0,999999999B,,
random_seed19001_1791548306465962_pid87,19001,random,0.900000,0,nr_rlc_um,dl,/NodeList/1/DeviceList/0/NrGnbRrc/UeMap/3/DataRadioBearerMap/1/NrRlc/,2,8,3,1,0,0,0.000000,0,0,999999999B,,
random_seed19001_1791548306465962_pid87,19001,random,0.900000,0,nr_rlc_um,dl,/NodeList/1/DeviceList/0/NrGnbRrc/UeMap/4/DataRadioBearerMap/1/NrRlc/,3,9,4,1,0,0,0.000000,0,0,999999999B,,
random_seed19001_1791548306465962_pid87,19001,random,0.900000,0,nr_rlc_um,ul,/NodeList/4/DeviceList/0/NrUeRrc/DataRadioBearerMap/1/NrRlc/,-1,4,1,-1,0,0,0.000000,0,0,999999999B,,
random_seed19001_1791548306465962_pid87,19001,random,0.900000,0,nr_rlc_um,ul,/NodeList/7/DeviceList/0/NrUeRrc/DataRadioBearerMap/1/NrRlc/,1,7,2,2,0,0,0.000000,0,0,999999999B,,
random_seed19001_1791548306465962_pid87,19001,random,0.900000,0,nr_rlc_um,ul,/NodeList/8/DeviceList/0/NrUeRrc/DataRadioBearerMap/1/NrRlc/,2,8,3,1,0,0,0.000000,0,0,999999999B,,
random_seed19001_1791548306465962_pid87,19001,random,0.900000,0,nr_rlc_um,ul,/NodeList/9/DeviceList/0/NrUeRrc/DataRadioBearerMap/1/NrRlc/,3,9,4,1,0,0,0.000000,0,0,999999999B,,
random_seed19001_1791548306465962_pid87,19001,random,1.000000,0,p2p_device,ul,/NodeList/19/DeviceList/3,-1,0,0,-1,0,0,,0,0,600p,80000000,20.000000
random_seed19001_1791548306465962_pid87,19001,random,1.000000,0,p2p_qdisc,ul,/NodeList/19/DeviceList/3,-1,0,0,-1,0,0,,0,0,10240p,80000000,20.000000
random_seed19001_1791548306465962_pid87,19001,random,1.000000,0,p2p_device,dl,/NodeList/0/DeviceList/9,-1,0,0,-1,0,0,,0,0,600p,80000000,20.000000
random_seed19001_1791548306465962_pid87,19001,random,1.000000,0,p2p_qdisc,dl,/NodeList/0/DeviceList/9,-1,0,0,-1,0,0,,0,0,10240p,80000000,20.000000
random_seed19001_1791548306465962_pid87,19001,random,1.000000,0,nr_rlc_um,dl,/NodeList/1/DeviceList/0/NrGnbRrc/UeMap/1/DataRadioBearerMap/1/NrRlc/,-1,4,1,-1,0,0,0.000000,0,0,999999999B,,
random_seed19001_1791548306465962_pid87,19001,random,1.000000,0,nr_rlc_um,dl,/NodeList/1/DeviceList/0/NrGnbRrc/UeMap/2/DataRadioBearerMap/1/NrRlc/,1,7,2,2,0,0,0.000000,0,0,999999999B,,
random_seed19001_1791548306465962_pid87,19001,random,1.000000,0,nr_rlc_um,dl,/NodeList/1/DeviceList/0/NrGnbRrc/UeMap/3/DataRadioBearerMap/1/NrRlc/,2,8,3,1,0,0,0.000000,0,0,999999999B,,
random_seed19001_1791548306465962_pid87,19001,random,1.000000,0,nr_rlc_um,dl,/NodeList/1/DeviceList/0/NrGnbRrc/UeMap/4/DataRadioBearerMap/1/NrRlc/,3,9,4,1,0,0,0.000000,0,0,999999999B,,
random_seed19001_1791548306465962_pid87,19001,random,1.000000,0,nr_rlc_um,ul,/NodeList/4/DeviceList/0/NrUeRrc/DataRadioBearerMap/1/NrRlc/,-1,4,1,-1,0,0,0.000000,0,0,999999999B,,
random_seed19001_1791548306465962_pid87,19001,random,1.000000,0,nr_rlc_um,ul,/NodeList/7/DeviceList/0/NrUeRrc/DataRadioBearerMap/1/NrRlc/,1,7,2,2,0,0,0.000000,0,0,999999999B,,
random_seed19001_1791548306465962_pid87,19001,random,1.000000,0,nr_rlc_um,ul,/NodeList/8/DeviceList/0/NrUeRrc/DataRadioBearerMap/1/NrRlc/,2,8,3,1,0,0,0.000000,0,0,999999999B,,
random_seed19001_1791548306465962_pid87,19001,random,1.000000,0,nr_rlc_um,ul,/NodeList/9/DeviceList/0/NrUeRrc/DataRadioBearerMap/1/NrRlc/,3,9,4,1,0,0,0.000000,0,0,999999999B,,
random_seed19001_1791548306465962_pid87,19001,random,1.100000,0,p2p_device,ul,/NodeList/19/DeviceList/3,-1,0,0,-1,0,0,,0,0,600p,80000000,20.000000
random_seed19001_1791548306465962_pid87,19001,random,1.100000,0,p2p_qdisc,ul,/NodeList/19/DeviceList/3,-1,0,0,-1,0,0,,0,0,10240p,80000000,20.000000
random_seed19001_1791548306465962_pid87,19001,random,1.100000,0,p2p_device,dl,/NodeList/0/DeviceList/9,-1,0,0,-1,0,0,,0,0,600p,80000000,20.000000
random_seed19001_1791548306465962_pid87,19001,random,1.100000,0,p2p_qdisc,dl,/NodeList/0/DeviceList/9,-1,0,0,-1,0,0,,0,0,10240p,80000000,20.000000
random_seed19001_1791548306465962_pid87,19001,random,1.100000,0,nr_rlc_um,dl,/NodeList/1/DeviceList/0/NrGnbRrc/UeMap/1/DataRadioBearerMap/1/NrRlc/,-1,4,1,-1,0,0,0.000000,0,0,999999999B,,
random_seed19001_1791548306465962_pid87,19001,random,1.100000,0,nr_rlc_um,dl,/NodeList/1/DeviceList/0/NrGnbRrc/UeMap/2/DataRadioBearerMap/1/NrRlc/,1,7,2,2,0,0,0.000000,0,0,999999999B,,
random_seed19001_1791548306465962_pid87,19001,random,1.100000,0,nr_rlc_um,dl,/NodeList/1/DeviceList/0/NrGnbRrc/UeMap/3/DataRadioBearerMap/1/NrRlc/,2,8,3,1,0,0,0.000000,0,0,999999999B,,
random_seed19001_1791548306465962_pid87,19001,random,1.100000,0,nr_rlc_um,dl,/NodeList/1/DeviceList/0/NrGnbRrc/UeMap/4/DataRadioBearerMap/1/NrRlc/,3,9,4,1,0,0,0.000000,0,0,999999999B,,
random_seed19001_1791548306465962_pid87,19001,random,1.100000,0,nr_rlc_um,ul,/NodeList/4/DeviceList/0/NrUeRrc/DataRadioBearerMap/1/NrRlc/,-1,4,1,-1,0,0,0.000000,0,0,999999999B,,
random_seed19001_1791548306465962_pid87,19001,random,1.100000,0,nr_rlc_um,ul,/NodeList/7/DeviceList/0/NrUeRrc/DataRadioBearerMap/1/NrRlc/,1,7,2,2,0,0,0.000000,0,0,999999999B,,
random_seed19001_1791548306465962_pid87,19001,random,1.100000,0,nr_rlc_um,ul,/NodeList/8/DeviceList/0/NrUeRrc/DataRadioBearerMap/1/NrRlc/,2,8,3,1,0,0,0.000000,0,0,999999999B,,
random_seed19001_1791548306465962_pid87,19001,random,1.100000,0,nr_rlc_um,ul,/NodeList/9/DeviceList/0/NrUeRrc/DataRadioBearerMap/1/NrRlc/,3,9,4,1,0,0,0.000000,0,0,999999999B,,
random_seed19001_1791548306465962_pid87,19001,random,1.200000,0,p2p_device,ul,/NodeList/19/DeviceList/3,-1,0,0,-1,0,0,,0,0,600p,80000000,20.000000
random_seed19001_1791548306465962_pid87,19001,random,1.200000,0,p2p_qdisc,ul,/NodeList/19/DeviceList/3,-1,0,0,-1,0,0,,0,0,10240p,80000000,20.000000
random_seed19001_1791548306465962_pid87,19001,random,1.200000,0,p2p_device,dl,/NodeList/0/DeviceList/9,-1,0,0,-1,0,0,,0,0,600p,80000000,20.000000
random_seed19001_1791548306465962_pid87,19001,random,1.200000,0,p2p_qdisc,dl,/NodeList/0/DeviceList/9,-1,0,0,-1,0,0,,0,0,10240p,80000000,20.000000
random_seed19001_1791548306465962_pid87,19001,random,1.200000,0,nr_rlc_um,dl,/NodeList/1/DeviceList/0/NrGnbRrc/UeMap/1/DataRadioBearerMap/1/NrRlc/,-1,4,1,-1,0,0,0.000000,0,0,999999999B,,
random_seed19001_1791548306465962_pid87,19001,random,1.200000,0,nr_rlc_um,dl,/NodeList/1/DeviceList/0/NrGnbRrc/UeMap/2/DataRadioBearerMap/1/NrRlc/,1,7,2,2,0,0,0.000000,0,0,999999999B,,
random_seed19001_1791548306465962_pid87,19001,random,1.200000,0,nr_rlc_um,dl,/NodeList/1/DeviceList/0/NrGnbRrc/UeMap/3/DataRadioBearerMap/1/NrRlc/,2,8,3,1,0,0,0.000000,0,0,999999999B,,
random_seed19001_1791548306465962_pid87,19001,random,1.200000,0,nr_rlc_um,dl,/NodeList/1/DeviceList/0/NrGnbRrc/UeMap/4/DataRadioBearerMap/1/NrRlc/,3,9,4,1,0,0,0.000000,0,0,999999999B,,
random_seed19001_1791548306465962_pid87,19001,random,1.200000,0,nr_rlc_um,ul,/NodeList/4/DeviceList/0/NrUeRrc/DataRadioBearerMap/1/NrRlc/,-1,4,1,-1,0,0,0.000000,0,0,999999999B,,
random_seed19001_1791548306465962_pid87,19001,random,1.200000,0,nr_rlc_um,ul,/NodeList/7/DeviceList/0/NrUeRrc/DataRadioBearerMap/1/NrRlc/,1,7,2,2,0,0,0.000000,0,0,999999999B,,
random_seed19001_1791548306465962_pid87,19001,random,1.200000,0,nr_rlc_um,ul,/NodeList/8/DeviceList/0/NrUeRrc/DataRadioBearerMap/1/NrRlc/,2,8,3,1,0,0,0.000000,0,0,999999999B,,
random_seed19001_1791548306465962_pid87,19001,random,1.200000,0,nr_rlc_um,ul,/NodeList/9/DeviceList/0/NrUeRrc/DataRadioBearerMap/1/NrRlc/,3,9,4,1,0,0,0.000000,0,0,999999999B,,
random_seed19001_1791548306465962_pid87,19001,random,1.300000,0,p2p_device,ul,/NodeList/19/DeviceList/3,-1,0,0,-1,0,0,,0,0,600p,80000000,20.000000
random_seed19001_1791548306465962_pid87,19001,random,1.300000,0,p2p_qdisc,ul,/NodeList/19/DeviceList/3,-1,0,0,-1,0,0,,0,0,10240p,80000000,20.000000
random_seed19001_1791548306465962_pid87,19001,random,1.300000,0,p2p_device,dl,/NodeList/0/DeviceList/9,-1,0,0,-1,0,0,,0,0,600p,80000000,20.000000
random_seed19001_1791548306465962_pid87,19001,random,1.300000,0,p2p_qdisc,dl,/NodeList/0/DeviceList/9,-1,0,0,-1,0,0,,0,0,10240p,80000000,20.000000
random_seed19001_1791548306465962_pid87,19001,random,1.300000,0,nr_rlc_um,dl,/NodeList/1/DeviceList/0/NrGnbRrc/UeMap/1/DataRadioBearerMap/1/NrRlc/,-1,4,1,-1,0,0,0.000000,0,0,999999999B,,
random_seed19001_1791548306465962_pid87,19001,random,1.300000,0,nr_rlc_um,dl,/NodeList/1/DeviceList/0/NrGnbRrc/UeMap/2/DataRadioBearerMap/1/NrRlc/,1,7,2,2,0,0,0.000000,0,0,999999999B,,
random_seed19001_1791548306465962_pid87,19001,random,1.300000,0,nr_rlc_um,dl,/NodeList/1/DeviceList/0/NrGnbRrc/UeMap/3/DataRadioBearerMap/1/NrRlc/,2,8,3,1,0,0,0.000000,0,0,999999999B,,
random_seed19001_1791548306465962_pid87,19001,random,1.300000,0,nr_rlc_um,dl,/NodeList/1/DeviceList/0/NrGnbRrc/UeMap/4/DataRadioBearerMap/1/NrRlc/,3,9,4,1,0,0,0.000000,0,0,999999999B,,
random_seed19001_1791548306465962_pid87,19001,random,1.300000,0,nr_rlc_um,ul,/NodeList/4/DeviceList/0/NrUeRrc/DataRadioBearerMap/1/NrRlc/,-1,4,1,-1,0,0,0.000000,0,0,999999999B,,
random_seed19001_1791548306465962_pid87,19001,random,1.300000,0,nr_rlc_um,ul,/NodeList/7/DeviceList/0/NrUeRrc/DataRadioBearerMap/1/NrRlc/,1,7,2,2,0,0,0.000000,0,0,999999999B,,
random_seed19001_1791548306465962_pid87,19001,random,1.300000,0,nr_rlc_um,ul,/NodeList/8/DeviceList/0/NrUeRrc/DataRadioBearerMap/1/NrRlc/,2,8,3,1,0,0,0.000000,0,0,999999999B,,
random_seed19001_1791548306465962_pid87,19001,random,1.300000,0,nr_rlc_um,ul,/NodeList/9/DeviceList/0/NrUeRrc/DataRadioBearerMap/1/NrRlc/,3,9,4,1,0,0,0.000000,0,0,999999999B,,
random_seed19001_1791548306465962_pid87,19001,random,1.400000,0,p2p_device,ul,/NodeList/19/DeviceList/3,-1,0,0,-1,0,0,,0,0,600p,80000000,20.000000
random_seed19001_1791548306465962_pid87,19001,random,1.400000,0,p2p_qdisc,ul,/NodeList/19/DeviceList/3,-1,0,0,-1,0,0,,0,0,10240p,80000000,20.000000
random_seed19001_1791548306465962_pid87,19001,random,1.400000,0,p2p_device,dl,/NodeList/0/DeviceList/9,-1,0,0,-1,0,0,,0,0,600p,80000000,20.000000
random_seed19001_1791548306465962_pid87,19001,random,1.400000,0,p2p_qdisc,dl,/NodeList/0/DeviceList/9,-1,0,0,-1,0,0,,0,0,10240p,80000000,20.000000
random_seed19001_1791548306465962_pid87,19001,random,1.400000,0,nr_rlc_um,dl,/NodeList/1/DeviceList/0/NrGnbRrc/UeMap/1/DataRadioBearerMap/1/NrRlc/,-1,4,1,-1,0,0,0.000000,0,0,999999999B,,
random_seed19001_1791548306465962_pid87,19001,random,1.400000,0,nr_rlc_um,dl,/NodeList/1/DeviceList/0/NrGnbRrc/UeMap/2/DataRadioBearerMap/1/NrRlc/,1,7,2,2,0,0,0.000000,0,0,999999999B,,
random_seed19001_1791548306465962_pid87,19001,random,1.400000,0,nr_rlc_um,dl,/NodeList/1/DeviceList/0/NrGnbRrc/UeMap/3/DataRadioBearerMap/1/NrRlc/,2,8,3,1,0,0,0.000000,0,0,999999999B,,
random_seed19001_1791548306465962_pid87,19001,random,1.400000,0,nr_rlc_um,dl,/NodeList/1/DeviceList/0/NrGnbRrc/UeMap/4/DataRadioBearerMap/1/NrRlc/,3,9,4,1,0,0,0.000000,0,0,999999999B,,
random_seed19001_1791548306465962_pid87,19001,random,1.400000,0,nr_rlc_um,ul,/NodeList/4/DeviceList/0/NrUeRrc/DataRadioBearerMap/1/NrRlc/,-1,4,1,-1,0,0,0.000000,0,0,999999999B,,
random_seed19001_1791548306465962_pid87,19001,random,1.400000,0,nr_rlc_um,ul,/NodeList/7/DeviceList/0/NrUeRrc/DataRadioBearerMap/1/NrRlc/,1,7,2,2,0,0,0.000000,0,0,999999999B,,
random_seed19001_1791548306465962_pid87,19001,random,1.400000,0,nr_rlc_um,ul,/NodeList/8/DeviceList/0/NrUeRrc/DataRadioBearerMap/1/NrRlc/,2,8,3,1,0,0,0.000000,0,0,999999999B,,
random_seed19001_1791548306465962_pid87,19001,random,1.400000,0,nr_rlc_um,ul,/NodeList/9/DeviceList/0/NrUeRrc/DataRadioBearerMap/1/NrRlc/,3,9,4,1,0,0,0.000000,0,0,999999999B,,
random_seed19001_1791548306465962_pid87,19001,random,1.500000,0,p2p_device,ul,/NodeList/19/DeviceList/3,-1,0,0,-1,0,0,,0,0,600p,80000000,20.000000
random_seed19001_1791548306465962_pid87,19001,random,1.500000,0,p2p_qdisc,ul,/NodeList/19/DeviceList/3,-1,0,0,-1,0,0,,0,0,10240p,80000000,20.000000
random_seed19001_1791548306465962_pid87,19001,random,1.500000,0,p2p_device,dl,/NodeList/0/DeviceList/9,-1,0,0,-1,0,0,,0,0,600p,80000000,20.000000
random_seed19001_1791548306465962_pid87,19001,random,1.500000,0,p2p_qdisc,dl,/NodeList/0/DeviceList/9,-1,0,0,-1,0,0,,0,0,10240p,80000000,20.000000
random_seed19001_1791548306465962_pid87,19001,random,1.500000,0,nr_rlc_um,dl,/NodeList/1/DeviceList/0/NrGnbRrc/UeMap/1/DataRadioBearerMap/1/NrRlc/,-1,4,1,-1,0,0,0.000000,0,0,999999999B,,
random_seed19001_1791548306465962_pid87,19001,random,1.500000,0,nr_rlc_um,dl,/NodeList/1/DeviceList/0/NrGnbRrc/UeMap/2/DataRadioBearerMap/1/NrRlc/,1,7,2,2,0,0,0.000000,0,0,999999999B,,
random_seed19001_1791548306465962_pid87,19001,random,1.500000,0,nr_rlc_um,dl,/NodeList/1/DeviceList/0/NrGnbRrc/UeMap/3/DataRadioBearerMap/1/NrRlc/,2,8,3,1,0,0,0.000000,0,0,999999999B,,
random_seed19001_1791548306465962_pid87,19001,random,1.500000,0,nr_rlc_um,dl,/NodeList/1/DeviceList/0/NrGnbRrc/UeMap/4/DataRadioBearerMap/1/NrRlc/,3,9,4,1,0,0,0.000000,0,0,999999999B,,
random_seed19001_1791548306465962_pid87,19001,random,1.500000,0,nr_rlc_um,ul,/NodeList/4/DeviceList/0/NrUeRrc/DataRadioBearerMap/1/NrRlc/,-1,4,1,-1,0,0,0.000000,0,0,999999999B,,
random_seed19001_1791548306465962_pid87,19001,random,1.500000,0,nr_rlc_um,ul,/NodeList/7/DeviceList/0/NrUeRrc/DataRadioBearerMap/1/NrRlc/,1,7,2,2,0,0,0.000000,0,0,999999999B,,
random_seed19001_1791548306465962_pid87,19001,random,1.500000,0,nr_rlc_um,ul,/NodeList/8/DeviceList/0/NrUeRrc/DataRadioBearerMap/1/NrRlc/,2,8,3,1,0,0,0.000000,0,0,999999999B,,
random_seed19001_1791548306465962_pid87,19001,random,1.500000,0,nr_rlc_um,ul,/NodeList/9/DeviceList/0/NrUeRrc/DataRadioBearerMap/1/NrRlc/,3,9,4,1,0,0,0.000000,0,0,999999999B,,
random_seed19001_1791548306465962_pid87,19001,random,1.600000,0,p2p_device,ul,/NodeList/19/DeviceList/3,-1,0,0,-1,0,0,,0,0,600p,80000000,20.000000
random_seed19001_1791548306465962_pid87,19001,random,1.600000,0,p2p_qdisc,ul,/NodeList/19/DeviceList/3,-1,0,0,-1,0,0,,0,0,10240p,80000000,20.000000
random_seed19001_1791548306465962_pid87,19001,random,1.600000,0,p2p_device,dl,/NodeList/0/DeviceList/9,-1,0,0,-1,0,0,,0,0,600p,80000000,20.000000
random_seed19001_1791548306465962_pid87,19001,random,1.600000,0,p2p_qdisc,dl,/NodeList/0/DeviceList/9,-1,0,0,-1,0,0,,0,0,10240p,80000000,20.000000
random_seed19001_1791548306465962_pid87,19001,random,1.600000,0,nr_rlc_um,dl,/NodeList/1/DeviceList/0/NrGnbRrc/UeMap/1/DataRadioBearerMap/1/NrRlc/,-1,4,1,-1,0,0,0.000000,0,0,999999999B,,
random_seed19001_1791548306465962_pid87,19001,random,1.600000,0,nr_rlc_um,dl,/NodeList/1/DeviceList/0/NrGnbRrc/UeMap/2/DataRadioBearerMap/1/NrRlc/,1,7,2,2,0,0,0.000000,0,0,999999999B,,
random_seed19001_1791548306465962_pid87,19001,random,1.600000,0,nr_rlc_um,dl,/NodeList/1/DeviceList/0/NrGnbRrc/UeMap/3/DataRadioBearerMap/1/NrRlc/,2,8,3,1,0,0,0.000000,0,0,999999999B,,
random_seed19001_1791548306465962_pid87,19001,random,1.600000,0,nr_rlc_um,dl,/NodeList/1/DeviceList/0/NrGnbRrc/UeMap/4/DataRadioBearerMap/1/NrRlc/,3,9,4,1,0,0,0.000000,0,0,999999999B,,
random_seed19001_1791548306465962_pid87,19001,random,1.600000,0,nr_rlc_um,ul,/NodeList/4/DeviceList/0/NrUeRrc/DataRadioBearerMap/1/NrRlc/,-1,4,1,-1,0,0,0.000000,0,0,999999999B,,
random_seed19001_1791548306465962_pid87,19001,random,1.600000,0,nr_rlc_um,ul,/NodeList/7/DeviceList/0/NrUeRrc/DataRadioBearerMap/1/NrRlc/,1,7,2,2,0,0,0.000000,0,0,999999999B,,
random_seed19001_1791548306465962_pid87,19001,random,1.600000,0,nr_rlc_um,ul,/NodeList/8/DeviceList/0/NrUeRrc/DataRadioBearerMap/1/NrRlc/,2,8,3,1,0,0,0.000000,0,0,999999999B,,
random_seed19001_1791548306465962_pid87,19001,random,1.600000,0,nr_rlc_um,ul,/NodeList/9/DeviceList/0/NrUeRrc/DataRadioBearerMap/1/NrRlc/,3,9,4,1,0,0,0.000000,0,0,999999999B,,
random_seed19001_1791548306465962_pid87,19001,random,1.700000,0,p2p_device,ul,/NodeList/19/DeviceList/3,-1,0,0,-1,0,0,,0,0,600p,80000000,20.000000
random_seed19001_1791548306465962_pid87,19001,random,1.700000,0,p2p_qdisc,ul,/NodeList/19/DeviceList/3,-1,0,0,-1,0,0,,0,0,10240p,80000000,20.000000
random_seed19001_1791548306465962_pid87,19001,random,1.700000,0,p2p_device,dl,/NodeList/0/DeviceList/9,-1,0,0,-1,0,0,,0,0,600p,80000000,20.000000
random_seed19001_1791548306465962_pid87,19001,random,1.700000,0,p2p_qdisc,dl,/NodeList/0/DeviceList/9,-1,0,0,-1,0,0,,0,0,10240p,80000000,20.000000
random_seed19001_1791548306465962_pid87,19001,random,1.700000,0,nr_rlc_um,dl,/NodeList/1/DeviceList/0/NrGnbRrc/UeMap/1/DataRadioBearerMap/1/NrRlc/,-1,4,1,-1,0,0,0.000000,0,0,999999999B,,
random_seed19001_1791548306465962_pid87,19001,random,1.700000,0,nr_rlc_um,dl,/NodeList/1/DeviceList/0/NrGnbRrc/UeMap/2/DataRadioBearerMap/1/NrRlc/,1,7,2,2,0,0,0.000000,0,0,999999999B,,
random_seed19001_1791548306465962_pid87,19001,random,1.700000,0,nr_rlc_um,dl,/NodeList/1/DeviceList/0/NrGnbRrc/UeMap/3/DataRadioBearerMap/1/NrRlc/,2,8,3,1,0,0,0.000000,0,0,999999999B,,
random_seed19001_1791548306465962_pid87,19001,random,1.700000,0,nr_rlc_um,dl,/NodeList/1/DeviceList/0/NrGnbRrc/UeMap/4/DataRadioBearerMap/1/NrRlc/,3,9,4,1,0,0,0.000000,0,0,999999999B,,
random_seed19001_1791548306465962_pid87,19001,random,1.700000,0,nr_rlc_um,ul,/NodeList/4/DeviceList/0/NrUeRrc/DataRadioBearerMap/1/NrRlc/,-1,4,1,-1,0,0,0.000000,0,0,999999999B,,
random_seed19001_1791548306465962_pid87,19001,random,1.700000,0,nr_rlc_um,ul,/NodeList/7/DeviceList/0/NrUeRrc/DataRadioBearerMap/1/NrRlc/,1,7,2,2,0,0,0.000000,0,0,999999999B,,
random_seed19001_1791548306465962_pid87,19001,random,1.700000,0,nr_rlc_um,ul,/NodeList/8/DeviceList/0/NrUeRrc/DataRadioBearerMap/1/NrRlc/,2,8,3,1,0,0,0.000000,0,0,999999999B,,
random_seed19001_1791548306465962_pid87,19001,random,1.700000,0,nr_rlc_um,ul,/NodeList/9/DeviceList/0/NrUeRrc/DataRadioBearerMap/1/NrRlc/,3,9,4,1,0,0,0.000000,0,0,999999999B,,
random_seed19001_1791548306465962_pid87,19001,random,1.800000,0,p2p_device,ul,/NodeList/19/DeviceList/3,-1,0,0,-1,0,0,,0,0,600p,80000000,20.000000
random_seed19001_1791548306465962_pid87,19001,random,1.800000,0,p2p_qdisc,ul,/NodeList/19/DeviceList/3,-1,0,0,-1,0,0,,0,0,10240p,80000000,20.000000
random_seed19001_1791548306465962_pid87,19001,random,1.800000,0,p2p_device,dl,/NodeList/0/DeviceList/9,-1,0,0,-1,0,0,,0,0,600p,80000000,20.000000
random_seed19001_1791548306465962_pid87,19001,random,1.800000,0,p2p_qdisc,dl,/NodeList/0/DeviceList/9,-1,0,0,-1,0,0,,0,0,10240p,80000000,20.000000
random_seed19001_1791548306465962_pid87,19001,random,1.800000,0,nr_rlc_um,dl,/NodeList/1/DeviceList/0/NrGnbRrc/UeMap/1/DataRadioBearerMap/1/NrRlc/,-1,4,1,-1,0,0,0.000000,0,0,999999999B,,
random_seed19001_1791548306465962_pid87,19001,random,1.800000,0,nr_rlc_um,dl,/NodeList/1/DeviceList/0/NrGnbRrc/UeMap/2/DataRadioBearerMap/1/NrRlc/,1,7,2,2,0,0,0.000000,0,0,999999999B,,
random_seed19001_1791548306465962_pid87,19001,random,1.800000,0,nr_rlc_um,dl,/NodeList/1/DeviceList/0/NrGnbRrc/UeMap/3/DataRadioBearerMap/1/NrRlc/,2,8,3,1,0,0,0.000000,0,0,999999999B,,
random_seed19001_1791548306465962_pid87,19001,random,1.800000,0,nr_rlc_um,dl,/NodeList/1/DeviceList/0/NrGnbRrc/UeMap/4/DataRadioBearerMap/1/NrRlc/,3,9,4,1,0,0,0.000000,0,0,999999999B,,
random_seed19001_1791548306465962_pid87,19001,random,1.800000,0,nr_rlc_um,ul,/NodeList/4/DeviceList/0/NrUeRrc/DataRadioBearerMap/1/NrRlc/,-1,4,1,-1,0,0,0.000000,0,0,999999999B,,
random_seed19001_1791548306465962_pid87,19001,random,1.800000,0,nr_rlc_um,ul,/NodeList/7/DeviceList/0/NrUeRrc/DataRadioBearerMap/1/NrRlc/,1,7,2,2,0,0,0.000000,0,0,999999999B,,
random_seed19001_1791548306465962_pid87,19001,random,1.800000,0,nr_rlc_um,ul,/NodeList/8/DeviceList/0/NrUeRrc/DataRadioBearerMap/1/NrRlc/,2,8,3,1,0,0,0.000000,0,0,999999999B,,
random_seed19001_1791548306465962_pid87,19001,random,1.800000,0,nr_rlc_um,ul,/NodeList/9/DeviceList/0/NrUeRrc/DataRadioBearerMap/1/NrRlc/,3,9,4,1,0,0,0.000000,0,0,999999999B,,
random_seed19001_1791548306465962_pid87,19001,random,1.900000,0,p2p_device,ul,/NodeList/19/DeviceList/3,-1,0,0,-1,0,0,,0,0,600p,80000000,20.000000
random_seed19001_1791548306465962_pid87,19001,random,1.900000,0,p2p_qdisc,ul,/NodeList/19/DeviceList/3,-1,0,0,-1,0,0,,0,0,10240p,80000000,20.000000
random_seed19001_1791548306465962_pid87,19001,random,1.900000,0,p2p_device,dl,/NodeList/0/DeviceList/9,-1,0,0,-1,0,0,,0,0,600p,80000000,20.000000
random_seed19001_1791548306465962_pid87,19001,random,1.900000,0,p2p_qdisc,dl,/NodeList/0/DeviceList/9,-1,0,0,-1,0,0,,0,0,10240p,80000000,20.000000
random_seed19001_1791548306465962_pid87,19001,random,1.900000,0,nr_rlc_um,dl,/NodeList/1/DeviceList/0/NrGnbRrc/UeMap/1/DataRadioBearerMap/1/NrRlc/,-1,4,1,-1,0,0,0.000000,0,0,999999999B,,
random_seed19001_1791548306465962_pid87,19001,random,1.900000,0,nr_rlc_um,dl,/NodeList/1/DeviceList/0/NrGnbRrc/UeMap/2/DataRadioBearerMap/1/NrRlc/,1,7,2,2,0,0,0.000000,0,0,999999999B,,
random_seed19001_1791548306465962_pid87,19001,random,1.900000,0,nr_rlc_um,dl,/NodeList/1/DeviceList/0/NrGnbRrc/UeMap/3/DataRadioBearerMap/1/NrRlc/,2,8,3,1,0,0,0.000000,0,0,999999999B,,
random_seed19001_1791548306465962_pid87,19001,random,1.900000,0,nr_rlc_um,dl,/NodeList/1/DeviceList/0/NrGnbRrc/UeMap/4/DataRadioBearerMap/1/NrRlc/,3,9,4,1,0,0,0.000000,0,0,999999999B,,
random_seed19001_1791548306465962_pid87,19001,random,1.900000,0,nr_rlc_um,ul,/NodeList/4/DeviceList/0/NrUeRrc/DataRadioBearerMap/1/NrRlc/,-1,4,1,-1,0,0,0.000000,0,0,999999999B,,
random_seed19001_1791548306465962_pid87,19001,random,1.900000,0,nr_rlc_um,ul,/NodeList/7/DeviceList/0/NrUeRrc/DataRadioBearerMap/1/NrRlc/,1,7,2,2,0,0,0.000000,0,0,999999999B,,
random_seed19001_1791548306465962_pid87,19001,random,1.900000,0,nr_rlc_um,ul,/NodeList/8/DeviceList/0/NrUeRrc/DataRadioBearerMap/1/NrRlc/,2,8,3,1,0,0,0.000000,0,0,999999999B,,
random_seed19001_1791548306465962_pid87,19001,random,1.900000,0,nr_rlc_um,ul,/NodeList/9/DeviceList/0/NrUeRrc/DataRadioBearerMap/1/NrRlc/,3,9,4,1,0,0,0.000000,0,0,999999999B,,
random_seed19001_1791548306465962_pid87,19001,random,2.000000,0,p2p_device,ul,/NodeList/19/DeviceList/3,-1,0,0,-1,0,0,,0,0,600p,80000000,20.000000
random_seed19001_1791548306465962_pid87,19001,random,2.000000,0,p2p_qdisc,ul,/NodeList/19/DeviceList/3,-1,0,0,-1,0,0,,0,0,10240p,80000000,20.000000
random_seed19001_1791548306465962_pid87,19001,random,2.000000,0,p2p_device,dl,/NodeList/0/DeviceList/9,-1,0,0,-1,0,0,,0,0,600p,80000000,20.000000
random_seed19001_1791548306465962_pid87,19001,random,2.000000,0,p2p_qdisc,dl,/NodeList/0/DeviceList/9,-1,0,0,-1,0,0,,0,0,10240p,80000000,20.000000
random_seed19001_1791548306465962_pid87,19001,random,2.000000,0,nr_rlc_um,dl,/NodeList/1/DeviceList/0/NrGnbRrc/UeMap/1/DataRadioBearerMap/1/NrRlc/,-1,4,1,-1,0,0,0.000000,0,0,999999999B,,
random_seed19001_1791548306465962_pid87,19001,random,2.000000,0,nr_rlc_um,dl,/NodeList/1/DeviceList/0/NrGnbRrc/UeMap/2/DataRadioBearerMap/1/NrRlc/,1,7,2,2,0,0,0.000000,0,0,999999999B,,
random_seed19001_1791548306465962_pid87,19001,random,2.000000,0,nr_rlc_um,dl,/NodeList/1/DeviceList/0/NrGnbRrc/UeMap/3/DataRadioBearerMap/1/NrRlc/,2,8,3,1,0,0,0.000000,0,0,999999999B,,
random_seed19001_1791548306465962_pid87,19001,random,2.000000,0,nr_rlc_um,dl,/NodeList/1/DeviceList/0/NrGnbRrc/UeMap/4/DataRadioBearerMap/1/NrRlc/,3,9,4,1,0,0,0.000000,0,0,999999999B,,
random_seed19001_1791548306465962_pid87,19001,random,2.000000,0,nr_rlc_um,ul,/NodeList/4/DeviceList/0/NrUeRrc/DataRadioBearerMap/1/NrRlc/,-1,4,1,-1,0,0,0.000000,0,0,999999999B,,
random_seed19001_1791548306465962_pid87,19001,random,2.000000,0,nr_rlc_um,ul,/NodeList/7/DeviceList/0/NrUeRrc/DataRadioBearerMap/1/NrRlc/,1,7,2,2,0,0,0.000000,0,0,999999999B,,
random_seed19001_1791548306465962_pid87,19001,random,2.000000,0,nr_rlc_um,ul,/NodeList/8/DeviceList/0/NrUeRrc/DataRadioBearerMap/1/NrRlc/,2,8,3,1,0,0,0.000000,0,0,999999999B,,
random_seed19001_1791548306465962_pid87,19001,random,2.000000,0,nr_rlc_um,ul,/NodeList/9/DeviceList/0/NrUeRrc/DataRadioBearerMap/1/NrRlc/,3,9,4,1,0,0,0.000000,0,0,999999999B,,
random_seed19001_1791548306465962_pid87,19001,random,2.100000,0,p2p_device,ul,/NodeList/19/DeviceList/3,-1,0,0,-1,0,0,,0,0,600p,80000000,20.000000
random_seed19001_1791548306465962_pid87,19001,random,2.100000,0,p2p_qdisc,ul,/NodeList/19/DeviceList/3,-1,0,0,-1,0,0,,0,0,10240p,80000000,20.000000
random_seed19001_1791548306465962_pid87,19001,random,2.100000,0,p2p_device,dl,/NodeList/0/DeviceList/9,-1,0,0,-1,0,0,,0,0,600p,80000000,20.000000
random_seed19001_1791548306465962_pid87,19001,random,2.100000,0,p2p_qdisc,dl,/NodeList/0/DeviceList/9,-1,0,0,-1,0,0,,0,0,10240p,80000000,20.000000
random_seed19001_1791548306465962_pid87,19001,random,2.100000,0,nr_rlc_um,dl,/NodeList/1/DeviceList/0/NrGnbRrc/UeMap/1/DataRadioBearerMap/1/NrRlc/,-1,4,1,-1,0,0,0.000000,0,0,999999999B,,
random_seed19001_1791548306465962_pid87,19001,random,2.100000,0,nr_rlc_um,dl,/NodeList/1/DeviceList/0/NrGnbRrc/UeMap/2/DataRadioBearerMap/1/NrRlc/,1,7,2,2,0,0,0.000000,0,0,999999999B,,
random_seed19001_1791548306465962_pid87,19001,random,2.100000,0,nr_rlc_um,dl,/NodeList/1/DeviceList/0/NrGnbRrc/UeMap/3/DataRadioBearerMap/1/NrRlc/,2,8,3,1,0,0,0.000000,0,0,999999999B,,
random_seed19001_1791548306465962_pid87,19001,random,2.100000,0,nr_rlc_um,dl,/NodeList/1/DeviceList/0/NrGnbRrc/UeMap/4/DataRadioBearerMap/1/NrRlc/,3,9,4,1,0,0,0.000000,0,0,999999999B,,
random_seed19001_1791548306465962_pid87,19001,random,2.100000,0,nr_rlc_um,ul,/NodeList/4/DeviceList/0/NrUeRrc/DataRadioBearerMap/1/NrRlc/,-1,4,1,-1,0,0,0.000000,0,0,999999999B,,
random_seed19001_1791548306465962_pid87,19001,random,2.100000,0,nr_rlc_um,ul,/NodeList/7/DeviceList/0/NrUeRrc/DataRadioBearerMap/1/NrRlc/,1,7,2,2,0,0,0.000000,0,0,999999999B,,
random_seed19001_1791548306465962_pid87,19001,random,2.100000,0,nr_rlc_um,ul,/NodeList/8/DeviceList/0/NrUeRrc/DataRadioBearerMap/1/NrRlc/,2,8,3,1,0,0,0.000000,0,0,999999999B,,
random_seed19001_1791548306465962_pid87,19001,random,2.100000,0,nr_rlc_um,ul,/NodeList/9/DeviceList/0/NrUeRrc/DataRadioBearerMap/1/NrRlc/,3,9,4,1,0,0,0.000000,0,0,999999999B,,
random_seed19001_1791548306465962_pid87,19001,random,2.200000,0,p2p_device,ul,/NodeList/19/DeviceList/3,-1,0,0,-1,0,0,,0,0,600p,80000000,20.000000
random_seed19001_1791548306465962_pid87,19001,random,2.200000,0,p2p_qdisc,ul,/NodeList/19/DeviceList/3,-1,0,0,-1,0,0,,0,0,10240p,80000000,20.000000
random_seed19001_1791548306465962_pid87,19001,random,2.200000,0,p2p_device,dl,/NodeList/0/DeviceList/9,-1,0,0,-1,0,0,,0,0,600p,80000000,20.000000
random_seed19001_1791548306465962_pid87,19001,random,2.200000,0,p2p_qdisc,dl,/NodeList/0/DeviceList/9,-1,0,0,-1,0,0,,0,0,10240p,80000000,20.000000
random_seed19001_1791548306465962_pid87,19001,random,2.200000,0,nr_rlc_um,dl,/NodeList/1/DeviceList/0/NrGnbRrc/UeMap/1/DataRadioBearerMap/1/NrRlc/,-1,4,1,-1,0,0,0.000000,0,0,999999999B,,
random_seed19001_1791548306465962_pid87,19001,random,2.200000,0,nr_rlc_um,dl,/NodeList/1/DeviceList/0/NrGnbRrc/UeMap/2/DataRadioBearerMap/1/NrRlc/,1,7,2,2,0,0,0.000000,0,0,999999999B,,
random_seed19001_1791548306465962_pid87,19001,random,2.200000,0,nr_rlc_um,dl,/NodeList/1/DeviceList/0/NrGnbRrc/UeMap/3/DataRadioBearerMap/1/NrRlc/,2,8,3,1,0,0,0.000000,0,0,999999999B,,
random_seed19001_1791548306465962_pid87,19001,random,2.200000,0,nr_rlc_um,dl,/NodeList/1/DeviceList/0/NrGnbRrc/UeMap/4/DataRadioBearerMap/1/NrRlc/,3,9,4,1,0,0,0.000000,0,0,999999999B,,
random_seed19001_1791548306465962_pid87,19001,random,2.200000,0,nr_rlc_um,ul,/NodeList/4/DeviceList/0/NrUeRrc/DataRadioBearerMap/1/NrRlc/,-1,4,1,-1,0,0,0.000000,0,0,999999999B,,
random_seed19001_1791548306465962_pid87,19001,random,2.200000,0,nr_rlc_um,ul,/NodeList/7/DeviceList/0/NrUeRrc/DataRadioBearerMap/1/NrRlc/,1,7,2,2,0,0,0.000000,0,0,999999999B,,
random_seed19001_1791548306465962_pid87,19001,random,2.200000,0,nr_rlc_um,ul,/NodeList/8/DeviceList/0/NrUeRrc/DataRadioBearerMap/1/NrRlc/,2,8,3,1,0,0,0.000000,0,0,999999999B,,
random_seed19001_1791548306465962_pid87,19001,random,2.200000,0,nr_rlc_um,ul,/NodeList/9/DeviceList/0/NrUeRrc/DataRadioBearerMap/1/NrRlc/,3,9,4,1,0,0,0.000000,0,0,999999999B,,
random_seed19001_1791548306465962_pid87,19001,random,2.300000,0,p2p_device,ul,/NodeList/19/DeviceList/3,-1,0,0,-1,0,0,,0,0,600p,80000000,20.000000
random_seed19001_1791548306465962_pid87,19001,random,2.300000,0,p2p_qdisc,ul,/NodeList/19/DeviceList/3,-1,0,0,-1,0,0,,0,0,10240p,80000000,20.000000
random_seed19001_1791548306465962_pid87,19001,random,2.300000,0,p2p_device,dl,/NodeList/0/DeviceList/9,-1,0,0,-1,0,0,,0,0,600p,80000000,20.000000
random_seed19001_1791548306465962_pid87,19001,random,2.300000,0,p2p_qdisc,dl,/NodeList/0/DeviceList/9,-1,0,0,-1,0,0,,0,0,10240p,80000000,20.000000
random_seed19001_1791548306465962_pid87,19001,random,2.300000,0,nr_rlc_um,dl,/NodeList/1/DeviceList/0/NrGnbRrc/UeMap/1/DataRadioBearerMap/1/NrRlc/,-1,4,1,-1,0,0,0.000000,0,0,999999999B,,
random_seed19001_1791548306465962_pid87,19001,random,2.300000,0,nr_rlc_um,dl,/NodeList/1/DeviceList/0/NrGnbRrc/UeMap/2/DataRadioBearerMap/1/NrRlc/,1,7,2,2,0,0,0.000000,0,0,999999999B,,
random_seed19001_1791548306465962_pid87,19001,random,2.300000,0,nr_rlc_um,dl,/NodeList/1/DeviceList/0/NrGnbRrc/UeMap/3/DataRadioBearerMap/1/NrRlc/,2,8,3,1,0,0,0.000000,0,0,999999999B,,
random_seed19001_1791548306465962_pid87,19001,random,2.300000,0,nr_rlc_um,dl,/NodeList/1/DeviceList/0/NrGnbRrc/UeMap/4/DataRadioBearerMap/1/NrRlc/,3,9,4,1,0,0,0.000000,0,0,999999999B,,
random_seed19001_1791548306465962_pid87,19001,random,2.300000,0,nr_rlc_um,ul,/NodeList/4/DeviceList/0/NrUeRrc/DataRadioBearerMap/1/NrRlc/,-1,4,1,-1,0,0,0.000000,0,0,999999999B,,
random_seed19001_1791548306465962_pid87,19001,random,2.300000,0,nr_rlc_um,ul,/NodeList/7/DeviceList/0/NrUeRrc/DataRadioBearerMap/1/NrRlc/,1,7,2,2,0,0,0.000000,0,0,999999999B,,
random_seed19001_1791548306465962_pid87,19001,random,2.300000,0,nr_rlc_um,ul,/NodeList/8/DeviceList/0/NrUeRrc/DataRadioBearerMap/1/NrRlc/,2,8,3,1,0,0,0.000000,0,0,999999999B,,
random_seed19001_1791548306465962_pid87,19001,random,2.300000,0,nr_rlc_um,ul,/NodeList/9/DeviceList/0/NrUeRrc/DataRadioBearerMap/1/NrRlc/,3,9,4,1,0,0,0.000000,0,0,999999999B,,
random_seed19001_1791548306465962_pid87,19001,random,2.400000,0,p2p_device,ul,/NodeList/19/DeviceList/3,-1,0,0,-1,0,0,,0,0,600p,80000000,20.000000
random_seed19001_1791548306465962_pid87,19001,random,2.400000,0,p2p_qdisc,ul,/NodeList/19/DeviceList/3,-1,0,0,-1,0,0,,0,0,10240p,80000000,20.000000
random_seed19001_1791548306465962_pid87,19001,random,2.400000,0,p2p_device,dl,/NodeList/0/DeviceList/9,-1,0,0,-1,0,0,,0,0,600p,80000000,20.000000
random_seed19001_1791548306465962_pid87,19001,random,2.400000,0,p2p_qdisc,dl,/NodeList/0/DeviceList/9,-1,0,0,-1,0,0,,0,0,10240p,80000000,20.000000
random_seed19001_1791548306465962_pid87,19001,random,2.400000,0,nr_rlc_um,dl,/NodeList/1/DeviceList/0/NrGnbRrc/UeMap/1/DataRadioBearerMap/1/NrRlc/,-1,4,1,-1,0,0,0.000000,0,0,999999999B,,
random_seed19001_1791548306465962_pid87,19001,random,2.400000,0,nr_rlc_um,dl,/NodeList/1/DeviceList/0/NrGnbRrc/UeMap/2/DataRadioBearerMap/1/NrRlc/,1,7,2,2,0,0,0.000000,0,0,999999999B,,
random_seed19001_1791548306465962_pid87,19001,random,2.400000,0,nr_rlc_um,dl,/NodeList/1/DeviceList/0/NrGnbRrc/UeMap/3/DataRadioBearerMap/1/NrRlc/,2,8,3,1,0,0,0.000000,0,0,999999999B,,
random_seed19001_1791548306465962_pid87,19001,random,2.400000,0,nr_rlc_um,dl,/NodeList/1/DeviceList/0/NrGnbRrc/UeMap/4/DataRadioBearerMap/1/NrRlc/,3,9,4,1,0,0,0.000000,0,0,999999999B,,
random_seed19001_1791548306465962_pid87,19001,random,2.400000,0,nr_rlc_um,ul,/NodeList/4/DeviceList/0/NrUeRrc/DataRadioBearerMap/1/NrRlc/,-1,4,1,-1,0,0,0.000000,0,0,999999999B,,
random_seed19001_1791548306465962_pid87,19001,random,2.400000,0,nr_rlc_um,ul,/NodeList/7/DeviceList/0/NrUeRrc/DataRadioBearerMap/1/NrRlc/,1,7,2,2,0,0,0.000000,0,0,999999999B,,
random_seed19001_1791548306465962_pid87,19001,random,2.400000,0,nr_rlc_um,ul,/NodeList/8/DeviceList/0/NrUeRrc/DataRadioBearerMap/1/NrRlc/,2,8,3,1,0,0,0.000000,0,0,999999999B,,
random_seed19001_1791548306465962_pid87,19001,random,2.400000,0,nr_rlc_um,ul,/NodeList/9/DeviceList/0/NrUeRrc/DataRadioBearerMap/1/NrRlc/,3,9,4,1,0,0,0.000000,0,0,999999999B,,
random_seed19001_1791548306465962_pid87,19001,random,2.500000,0,p2p_device,ul,/NodeList/19/DeviceList/3,-1,0,0,-1,0,0,,0,0,600p,80000000,20.000000
random_seed19001_1791548306465962_pid87,19001,random,2.500000,0,p2p_qdisc,ul,/NodeList/19/DeviceList/3,-1,0,0,-1,0,0,,0,0,10240p,80000000,20.000000
random_seed19001_1791548306465962_pid87,19001,random,2.500000,0,p2p_device,dl,/NodeList/0/DeviceList/9,-1,0,0,-1,0,0,,0,0,600p,80000000,20.000000
random_seed19001_1791548306465962_pid87,19001,random,2.500000,0,p2p_qdisc,dl,/NodeList/0/DeviceList/9,-1,0,0,-1,0,0,,0,0,10240p,80000000,20.000000
random_seed19001_1791548306465962_pid87,19001,random,2.500000,0,nr_rlc_um,dl,/NodeList/1/DeviceList/0/NrGnbRrc/UeMap/1/DataRadioBearerMap/1/NrRlc/,-1,4,1,-1,0,0,0.000000,0,0,999999999B,,
random_seed19001_1791548306465962_pid87,19001,random,2.500000,0,nr_rlc_um,dl,/NodeList/1/DeviceList/0/NrGnbRrc/UeMap/2/DataRadioBearerMap/1/NrRlc/,1,7,2,2,0,0,0.000000,0,0,999999999B,,
random_seed19001_1791548306465962_pid87,19001,random,2.500000,0,nr_rlc_um,dl,/NodeList/1/DeviceList/0/NrGnbRrc/UeMap/3/DataRadioBearerMap/1/NrRlc/,2,8,3,1,0,0,0.000000,0,0,999999999B,,
random_seed19001_1791548306465962_pid87,19001,random,2.500000,0,nr_rlc_um,dl,/NodeList/1/DeviceList/0/NrGnbRrc/UeMap/4/DataRadioBearerMap/1/NrRlc/,3,9,4,1,0,0,0.000000,0,0,999999999B,,
random_seed19001_1791548306465962_pid87,19001,random,2.500000,0,nr_rlc_um,ul,/NodeList/4/DeviceList/0/NrUeRrc/DataRadioBearerMap/1/NrRlc/,-1,4,1,-1,0,0,0.000000,0,0,999999999B,,
random_seed19001_1791548306465962_pid87,19001,random,2.500000,0,nr_rlc_um,ul,/NodeList/7/DeviceList/0/NrUeRrc/DataRadioBearerMap/1/NrRlc/,1,7,2,2,0,0,0.000000,0,0,999999999B,,
random_seed19001_1791548306465962_pid87,19001,random,2.500000,0,nr_rlc_um,ul,/NodeList/8/DeviceList/0/NrUeRrc/DataRadioBearerMap/1/NrRlc/,2,8,3,1,0,0,0.000000,0,0,999999999B,,
random_seed19001_1791548306465962_pid87,19001,random,2.500000,0,nr_rlc_um,ul,/NodeList/9/DeviceList/0/NrUeRrc/DataRadioBearerMap/1/NrRlc/,3,9,4,1,0,0,0.000000,0,0,999999999B,,
random_seed19001_1791548306465962_pid87,19001,random,2.600000,0,p2p_device,ul,/NodeList/19/DeviceList/3,-1,0,0,-1,0,0,,0,0,600p,80000000,20.000000
random_seed19001_1791548306465962_pid87,19001,random,2.600000,0,p2p_qdisc,ul,/NodeList/19/DeviceList/3,-1,0,0,-1,0,0,,0,0,10240p,80000000,20.000000
random_seed19001_1791548306465962_pid87,19001,random,2.600000,0,p2p_device,dl,/NodeList/0/DeviceList/9,-1,0,0,-1,0,0,,0,0,600p,80000000,20.000000
random_seed19001_1791548306465962_pid87,19001,random,2.600000,0,p2p_qdisc,dl,/NodeList/0/DeviceList/9,-1,0,0,-1,0,0,,0,0,10240p,80000000,20.000000
random_seed19001_1791548306465962_pid87,19001,random,2.600000,0,nr_rlc_um,dl,/NodeList/1/DeviceList/0/NrGnbRrc/UeMap/1/DataRadioBearerMap/1/NrRlc/,-1,4,1,-1,0,0,0.000000,0,0,999999999B,,
random_seed19001_1791548306465962_pid87,19001,random,2.600000,0,nr_rlc_um,dl,/NodeList/1/DeviceList/0/NrGnbRrc/UeMap/2/DataRadioBearerMap/1/NrRlc/,1,7,2,2,0,0,0.000000,0,0,999999999B,,
random_seed19001_1791548306465962_pid87,19001,random,2.600000,0,nr_rlc_um,dl,/NodeList/1/DeviceList/0/NrGnbRrc/UeMap/3/DataRadioBearerMap/1/NrRlc/,2,8,3,1,0,0,0.000000,0,0,999999999B,,
random_seed19001_1791548306465962_pid87,19001,random,2.600000,0,nr_rlc_um,dl,/NodeList/1/DeviceList/0/NrGnbRrc/UeMap/4/DataRadioBearerMap/1/NrRlc/,3,9,4,1,0,0,0.000000,0,0,999999999B,,
random_seed19001_1791548306465962_pid87,19001,random,2.600000,0,nr_rlc_um,ul,/NodeList/4/DeviceList/0/NrUeRrc/DataRadioBearerMap/1/NrRlc/,-1,4,1,-1,0,0,0.000000,0,0,999999999B,,
random_seed19001_1791548306465962_pid87,19001,random,2.600000,0,nr_rlc_um,ul,/NodeList/7/DeviceList/0/NrUeRrc/DataRadioBearerMap/1/NrRlc/,1,7,2,2,0,0,0.000000,0,0,999999999B,,
random_seed19001_1791548306465962_pid87,19001,random,2.600000,0,nr_rlc_um,ul,/NodeList/8/DeviceList/0/NrUeRrc/DataRadioBearerMap/1/NrRlc/,2,8,3,1,0,0,0.000000,0,0,999999999B,,
random_seed19001_1791548306465962_pid87,19001,random,2.600000,0,nr_rlc_um,ul,/NodeList/9/DeviceList/0/NrUeRrc/DataRadioBearerMap/1/NrRlc/,3,9,4,1,0,0,0.000000,0,0,999999999B,,
random_seed19001_1791548306465962_pid87,19001,random,2.700000,0,p2p_device,ul,/NodeList/19/DeviceList/3,-1,0,0,-1,0,0,,0,0,600p,80000000,20.000000
random_seed19001_1791548306465962_pid87,19001,random,2.700000,0,p2p_qdisc,ul,/NodeList/19/DeviceList/3,-1,0,0,-1,0,0,,0,0,10240p,80000000,20.000000
random_seed19001_1791548306465962_pid87,19001,random,2.700000,0,p2p_device,dl,/NodeList/0/DeviceList/9,-1,0,0,-1,0,0,,0,0,600p,80000000,20.000000
random_seed19001_1791548306465962_pid87,19001,random,2.700000,0,p2p_qdisc,dl,/NodeList/0/DeviceList/9,-1,0,0,-1,0,0,,0,0,10240p,80000000,20.000000
random_seed19001_1791548306465962_pid87,19001,random,2.700000,0,nr_rlc_um,dl,/NodeList/1/DeviceList/0/NrGnbRrc/UeMap/1/DataRadioBearerMap/1/NrRlc/,-1,4,1,-1,0,0,0.000000,0,0,999999999B,,
random_seed19001_1791548306465962_pid87,19001,random,2.700000,0,nr_rlc_um,dl,/NodeList/1/DeviceList/0/NrGnbRrc/UeMap/2/DataRadioBearerMap/1/NrRlc/,1,7,2,2,0,0,0.000000,0,0,999999999B,,
random_seed19001_1791548306465962_pid87,19001,random,2.700000,0,nr_rlc_um,dl,/NodeList/1/DeviceList/0/NrGnbRrc/UeMap/3/DataRadioBearerMap/1/NrRlc/,2,8,3,1,0,0,0.000000,0,0,999999999B,,
random_seed19001_1791548306465962_pid87,19001,random,2.700000,0,nr_rlc_um,dl,/NodeList/1/DeviceList/0/NrGnbRrc/UeMap/4/DataRadioBearerMap/1/NrRlc/,3,9,4,1,0,0,0.000000,0,0,999999999B,,
random_seed19001_1791548306465962_pid87,19001,random,2.700000,0,nr_rlc_um,ul,/NodeList/4/DeviceList/0/NrUeRrc/DataRadioBearerMap/1/NrRlc/,-1,4,1,-1,0,0,0.000000,0,0,999999999B,,
random_seed19001_1791548306465962_pid87,19001,random,2.700000,0,nr_rlc_um,ul,/NodeList/7/DeviceList/0/NrUeRrc/DataRadioBearerMap/1/NrRlc/,1,7,2,2,0,0,0.000000,0,0,999999999B,,
random_seed19001_1791548306465962_pid87,19001,random,2.700000,0,nr_rlc_um,ul,/NodeList/8/DeviceList/0/NrUeRrc/DataRadioBearerMap/1/NrRlc/,2,8,3,1,0,0,0.000000,0,0,999999999B,,
random_seed19001_1791548306465962_pid87,19001,random,2.700000,0,nr_rlc_um,ul,/NodeList/9/DeviceList/0/NrUeRrc/DataRadioBearerMap/1/NrRlc/,3,9,4,1,0,0,0.000000,0,0,999999999B,,
random_seed19001_1791548306465962_pid87,19001,random,2.800000,0,p2p_device,ul,/NodeList/19/DeviceList/3,-1,0,0,-1,0,0,,0,0,600p,80000000,20.000000
random_seed19001_1791548306465962_pid87,19001,random,2.800000,0,p2p_qdisc,ul,/NodeList/19/DeviceList/3,-1,0,0,-1,0,0,,0,0,10240p,80000000,20.000000
random_seed19001_1791548306465962_pid87,19001,random,2.800000,0,p2p_device,dl,/NodeList/0/DeviceList/9,-1,0,0,-1,0,0,,0,0,600p,80000000,20.000000
random_seed19001_1791548306465962_pid87,19001,random,2.800000,0,p2p_qdisc,dl,/NodeList/0/DeviceList/9,-1,0,0,-1,0,0,,0,0,10240p,80000000,20.000000
random_seed19001_1791548306465962_pid87,19001,random,2.800000,0,nr_rlc_um,dl,/NodeList/1/DeviceList/0/NrGnbRrc/UeMap/1/DataRadioBearerMap/1/NrRlc/,-1,4,1,-1,0,0,0.000000,0,0,999999999B,,
random_seed19001_1791548306465962_pid87,19001,random,2.800000,0,nr_rlc_um,dl,/NodeList/1/DeviceList/0/NrGnbRrc/UeMap/2/DataRadioBearerMap/1/NrRlc/,1,7,2,2,0,0,0.000000,0,0,999999999B,,
random_seed19001_1791548306465962_pid87,19001,random,2.800000,0,nr_rlc_um,dl,/NodeList/1/DeviceList/0/NrGnbRrc/UeMap/3/DataRadioBearerMap/1/NrRlc/,2,8,3,1,0,0,0.000000,0,0,999999999B,,
random_seed19001_1791548306465962_pid87,19001,random,2.800000,0,nr_rlc_um,dl,/NodeList/1/DeviceList/0/NrGnbRrc/UeMap/4/DataRadioBearerMap/1/NrRlc/,3,9,4,1,0,0,0.000000,0,0,999999999B,,
random_seed19001_1791548306465962_pid87,19001,random,2.800000,0,nr_rlc_um,ul,/NodeList/4/DeviceList/0/NrUeRrc/DataRadioBearerMap/1/NrRlc/,-1,4,1,-1,0,0,0.000000,0,0,999999999B,,
random_seed19001_1791548306465962_pid87,19001,random,2.800000,0,nr_rlc_um,ul,/NodeList/7/DeviceList/0/NrUeRrc/DataRadioBearerMap/1/NrRlc/,1,7,2,2,0,0,0.000000,0,0,999999999B,,
random_seed19001_1791548306465962_pid87,19001,random,2.800000,0,nr_rlc_um,ul,/NodeList/8/DeviceList/0/NrUeRrc/DataRadioBearerMap/1/NrRlc/,2,8,3,1,0,0,0.000000,0,0,999999999B,,
random_seed19001_1791548306465962_pid87,19001,random,2.800000,0,nr_rlc_um,ul,/NodeList/9/DeviceList/0/NrUeRrc/DataRadioBearerMap/1/NrRlc/,3,9,4,1,0,0,0.000000,0,0,999999999B,,
random_seed19001_1791548306465962_pid87,19001,random,2.900000,0,p2p_device,ul,/NodeList/19/DeviceList/3,-1,0,0,-1,0,0,,0,0,600p,80000000,20.000000
random_seed19001_1791548306465962_pid87,19001,random,2.900000,0,p2p_qdisc,ul,/NodeList/19/DeviceList/3,-1,0,0,-1,0,0,,0,0,10240p,80000000,20.000000
random_seed19001_1791548306465962_pid87,19001,random,2.900000,0,p2p_device,dl,/NodeList/0/DeviceList/9,-1,0,0,-1,0,0,,0,0,600p,80000000,20.000000
random_seed19001_1791548306465962_pid87,19001,random,2.900000,0,p2p_qdisc,dl,/NodeList/0/DeviceList/9,-1,0,0,-1,0,0,,0,0,10240p,80000000,20.000000
random_seed19001_1791548306465962_pid87,19001,random,2.900000,0,nr_rlc_um,dl,/NodeList/1/DeviceList/0/NrGnbRrc/UeMap/1/DataRadioBearerMap/1/NrRlc/,-1,4,1,-1,0,0,0.000000,0,0,999999999B,,
random_seed19001_1791548306465962_pid87,19001,random,2.900000,0,nr_rlc_um,dl,/NodeList/1/DeviceList/0/NrGnbRrc/UeMap/2/DataRadioBearerMap/1/NrRlc/,1,7,2,2,0,0,0.000000,0,0,999999999B,,
random_seed19001_1791548306465962_pid87,19001,random,2.900000,0,nr_rlc_um,dl,/NodeList/1/DeviceList/0/NrGnbRrc/UeMap/3/DataRadioBearerMap/1/NrRlc/,2,8,3,1,0,0,0.000000,0,0,999999999B,,
random_seed19001_1791548306465962_pid87,19001,random,2.900000,0,nr_rlc_um,dl,/NodeList/1/DeviceList/0/NrGnbRrc/UeMap/4/DataRadioBearerMap/1/NrRlc/,3,9,4,1,0,0,0.000000,0,0,999999999B,,
random_seed19001_1791548306465962_pid87,19001,random,2.900000,0,nr_rlc_um,ul,/NodeList/4/DeviceList/0/NrUeRrc/DataRadioBearerMap/1/NrRlc/,-1,4,1,-1,0,0,0.000000,0,0,999999999B,,
random_seed19001_1791548306465962_pid87,19001,random,2.900000,0,nr_rlc_um,ul,/NodeList/7/DeviceList/0/NrUeRrc/DataRadioBearerMap/1/NrRlc/,1,7,2,2,0,0,0.000000,0,0,999999999B,,
random_seed19001_1791548306465962_pid87,19001,random,2.900000,0,nr_rlc_um,ul,/NodeList/8/DeviceList/0/NrUeRrc/DataRadioBearerMap/1/NrRlc/,2,8,3,1,0,0,0.000000,0,0,999999999B,,
random_seed19001_1791548306465962_pid87,19001,random,2.900000,0,nr_rlc_um,ul,/NodeList/9/DeviceList/0/NrUeRrc/DataRadioBearerMap/1/NrRlc/,3,9,4,1,0,0,0.000000,0,0,999999999B,,
random_seed19001_1791548306465962_pid87,19001,random,3.000000,0,p2p_device,ul,/NodeList/19/DeviceList/3,-1,0,0,-1,0,0,,0,0,600p,80000000,20.000000
random_seed19001_1791548306465962_pid87,19001,random,3.000000,0,p2p_qdisc,ul,/NodeList/19/DeviceList/3,-1,0,0,-1,0,0,,0,0,10240p,80000000,20.000000
random_seed19001_1791548306465962_pid87,19001,random,3.000000,0,p2p_device,dl,/NodeList/0/DeviceList/9,-1,0,0,-1,0,0,,0,0,600p,80000000,20.000000
random_seed19001_1791548306465962_pid87,19001,random,3.000000,0,p2p_qdisc,dl,/NodeList/0/DeviceList/9,-1,0,0,-1,0,0,,0,0,10240p,80000000,20.000000
random_seed19001_1791548306465962_pid87,19001,random,3.000000,0,nr_rlc_um,dl,/NodeList/1/DeviceList/0/NrGnbRrc/UeMap/1/DataRadioBearerMap/1/NrRlc/,-1,4,1,-1,0,0,0.000000,0,0,999999999B,,
random_seed19001_1791548306465962_pid87,19001,random,3.000000,0,nr_rlc_um,dl,/NodeList/1/DeviceList/0/NrGnbRrc/UeMap/2/DataRadioBearerMap/1/NrRlc/,1,7,2,2,0,0,0.000000,0,0,999999999B,,
random_seed19001_1791548306465962_pid87,19001,random,3.000000,0,nr_rlc_um,dl,/NodeList/1/DeviceList/0/NrGnbRrc/UeMap/3/DataRadioBearerMap/1/NrRlc/,2,8,3,1,0,0,0.000000,0,0,999999999B,,
random_seed19001_1791548306465962_pid87,19001,random,3.000000,0,nr_rlc_um,dl,/NodeList/1/DeviceList/0/NrGnbRrc/UeMap/4/DataRadioBearerMap/1/NrRlc/,3,9,4,1,0,0,0.000000,0,0,999999999B,,
random_seed19001_1791548306465962_pid87,19001,random,3.000000,0,nr_rlc_um,ul,/NodeList/4/DeviceList/0/NrUeRrc/DataRadioBearerMap/1/NrRlc/,-1,4,1,-1,0,0,0.000000,0,0,999999999B,,
random_seed19001_1791548306465962_pid87,19001,random,3.000000,0,nr_rlc_um,ul,/NodeList/7/DeviceList/0/NrUeRrc/DataRadioBearerMap/1/NrRlc/,1,7,2,2,0,0,0.000000,0,0,999999999B,,
random_seed19001_1791548306465962_pid87,19001,random,3.000000,0,nr_rlc_um,ul,/NodeList/8/DeviceList/0/NrUeRrc/DataRadioBearerMap/1/NrRlc/,2,8,3,1,0,0,0.000000,0,0,999999999B,,
random_seed19001_1791548306465962_pid87,19001,random,3.000000,0,nr_rlc_um,ul,/NodeList/9/DeviceList/0/NrUeRrc/DataRadioBearerMap/1/NrRlc/,3,9,4,1,0,0,0.000000,0,0,999999999B,,
random_seed19001_1791548306465962_pid87,19001,random,3.100000,0,p2p_device,ul,/NodeList/19/DeviceList/3,-1,0,0,-1,0,0,,0,0,600p,80000000,20.000000
random_seed19001_1791548306465962_pid87,19001,random,3.100000,0,p2p_qdisc,ul,/NodeList/19/DeviceList/3,-1,0,0,-1,0,0,,0,0,10240p,80000000,20.000000
random_seed19001_1791548306465962_pid87,19001,random,3.100000,0,p2p_device,dl,/NodeList/0/DeviceList/9,-1,0,0,-1,0,0,,0,0,600p,80000000,20.000000
random_seed19001_1791548306465962_pid87,19001,random,3.100000,0,p2p_qdisc,dl,/NodeList/0/DeviceList/9,-1,0,0,-1,0,0,,0,0,10240p,80000000,20.000000
random_seed19001_1791548306465962_pid87,19001,random,3.100000,0,nr_rlc_um,dl,/NodeList/1/DeviceList/0/NrGnbRrc/UeMap/1/DataRadioBearerMap/1/NrRlc/,-1,4,1,-1,0,0,0.000000,0,0,999999999B,,
random_seed19001_1791548306465962_pid87,19001,random,3.100000,0,nr_rlc_um,dl,/NodeList/1/DeviceList/0/NrGnbRrc/UeMap/2/DataRadioBearerMap/1/NrRlc/,1,7,2,2,0,0,0.000000,0,0,999999999B,,
random_seed19001_1791548306465962_pid87,19001,random,3.100000,0,nr_rlc_um,dl,/NodeList/1/DeviceList/0/NrGnbRrc/UeMap/3/DataRadioBearerMap/1/NrRlc/,2,8,3,1,0,0,0.000000,0,0,999999999B,,
random_seed19001_1791548306465962_pid87,19001,random,3.100000,0,nr_rlc_um,dl,/NodeList/1/DeviceList/0/NrGnbRrc/UeMap/4/DataRadioBearerMap/1/NrRlc/,3,9,4,1,0,0,0.000000,0,0,999999999B,,
random_seed19001_1791548306465962_pid87,19001,random,3.100000,0,nr_rlc_um,ul,/NodeList/4/DeviceList/0/NrUeRrc/DataRadioBearerMap/1/NrRlc/,-1,4,1,-1,0,0,0.000000,0,0,999999999B,,
random_seed19001_1791548306465962_pid87,19001,random,3.100000,0,nr_rlc_um,ul,/NodeList/7/DeviceList/0/NrUeRrc/DataRadioBearerMap/1/NrRlc/,1,7,2,2,0,0,0.000000,0,0,999999999B,,
random_seed19001_1791548306465962_pid87,19001,random,3.100000,0,nr_rlc_um,ul,/NodeList/8/DeviceList/0/NrUeRrc/DataRadioBearerMap/1/NrRlc/,2,8,3,1,0,0,0.000000,0,0,999999999B,,
random_seed19001_1791548306465962_pid87,19001,random,3.100000,0,nr_rlc_um,ul,/NodeList/9/DeviceList/0/NrUeRrc/DataRadioBearerMap/1/NrRlc/,3,9,4,1,0,0,0.000000,0,0,999999999B,,
random_seed19001_1791548306465962_pid87,19001,random,3.200000,0,p2p_device,ul,/NodeList/19/DeviceList/3,-1,0,0,-1,0,0,,0,0,600p,80000000,20.000000
random_seed19001_1791548306465962_pid87,19001,random,3.200000,0,p2p_qdisc,ul,/NodeList/19/DeviceList/3,-1,0,0,-1,0,0,,0,0,10240p,80000000,20.000000
random_seed19001_1791548306465962_pid87,19001,random,3.200000,0,p2p_device,dl,/NodeList/0/DeviceList/9,-1,0,0,-1,0,0,,0,0,600p,80000000,20.000000
random_seed19001_1791548306465962_pid87,19001,random,3.200000,0,p2p_qdisc,dl,/NodeList/0/DeviceList/9,-1,0,0,-1,0,0,,0,0,10240p,80000000,20.000000
random_seed19001_1791548306465962_pid87,19001,random,3.200000,0,nr_rlc_um,dl,/NodeList/1/DeviceList/0/NrGnbRrc/UeMap/1/DataRadioBearerMap/1/NrRlc/,-1,4,1,-1,0,0,0.000000,0,0,999999999B,,
random_seed19001_1791548306465962_pid87,19001,random,3.200000,0,nr_rlc_um,dl,/NodeList/1/DeviceList/0/NrGnbRrc/UeMap/2/DataRadioBearerMap/1/NrRlc/,1,7,2,2,0,0,0.000000,0,0,999999999B,,
random_seed19001_1791548306465962_pid87,19001,random,3.200000,0,nr_rlc_um,dl,/NodeList/1/DeviceList/0/NrGnbRrc/UeMap/3/DataRadioBearerMap/1/NrRlc/,2,8,3,1,0,0,0.000000,0,0,999999999B,,
random_seed19001_1791548306465962_pid87,19001,random,3.200000,0,nr_rlc_um,dl,/NodeList/1/DeviceList/0/NrGnbRrc/UeMap/4/DataRadioBearerMap/1/NrRlc/,3,9,4,1,0,0,0.000000,0,0,999999999B,,
random_seed19001_1791548306465962_pid87,19001,random,3.200000,0,nr_rlc_um,ul,/NodeList/4/DeviceList/0/NrUeRrc/DataRadioBearerMap/1/NrRlc/,-1,4,1,-1,0,0,0.000000,0,0,999999999B,,
random_seed19001_1791548306465962_pid87,19001,random,3.200000,0,nr_rlc_um,ul,/NodeList/7/DeviceList/0/NrUeRrc/DataRadioBearerMap/1/NrRlc/,1,7,2,2,0,0,0.000000,0,0,999999999B,,
random_seed19001_1791548306465962_pid87,19001,random,3.200000,0,nr_rlc_um,ul,/NodeList/8/DeviceList/0/NrUeRrc/DataRadioBearerMap/1/NrRlc/,2,8,3,1,0,0,0.000000,0,0,999999999B,,
random_seed19001_1791548306465962_pid87,19001,random,3.200000,0,nr_rlc_um,ul,/NodeList/9/DeviceList/0/NrUeRrc/DataRadioBearerMap/1/NrRlc/,3,9,4,1,0,0,0.000000,0,0,999999999B,,
random_seed19001_1791548306465962_pid87,19001,random,3.300000,0,p2p_device,ul,/NodeList/19/DeviceList/3,-1,0,0,-1,0,0,,0,0,600p,80000000,20.000000
random_seed19001_1791548306465962_pid87,19001,random,3.300000,0,p2p_qdisc,ul,/NodeList/19/DeviceList/3,-1,0,0,-1,0,0,,0,0,10240p,80000000,20.000000
random_seed19001_1791548306465962_pid87,19001,random,3.300000,0,p2p_device,dl,/NodeList/0/DeviceList/9,-1,0,0,-1,0,0,,0,0,600p,80000000,20.000000
random_seed19001_1791548306465962_pid87,19001,random,3.300000,0,p2p_qdisc,dl,/NodeList/0/DeviceList/9,-1,0,0,-1,0,0,,0,0,10240p,80000000,20.000000
random_seed19001_1791548306465962_pid87,19001,random,3.300000,0,nr_rlc_um,dl,/NodeList/1/DeviceList/0/NrGnbRrc/UeMap/1/DataRadioBearerMap/1/NrRlc/,-1,4,1,-1,0,0,0.000000,0,0,999999999B,,
random_seed19001_1791548306465962_pid87,19001,random,3.300000,0,nr_rlc_um,dl,/NodeList/1/DeviceList/0/NrGnbRrc/UeMap/2/DataRadioBearerMap/1/NrRlc/,1,7,2,2,0,0,0.000000,0,0,999999999B,,
random_seed19001_1791548306465962_pid87,19001,random,3.300000,0,nr_rlc_um,dl,/NodeList/1/DeviceList/0/NrGnbRrc/UeMap/3/DataRadioBearerMap/1/NrRlc/,2,8,3,1,0,0,0.000000,0,0,999999999B,,
random_seed19001_1791548306465962_pid87,19001,random,3.300000,0,nr_rlc_um,dl,/NodeList/1/DeviceList/0/NrGnbRrc/UeMap/4/DataRadioBearerMap/1/NrRlc/,3,9,4,1,0,0,0.000000,0,0,999999999B,,
random_seed19001_1791548306465962_pid87,19001,random,3.300000,0,nr_rlc_um,ul,/NodeList/4/DeviceList/0/NrUeRrc/DataRadioBearerMap/1/NrRlc/,-1,4,1,-1,0,0,0.000000,0,0,999999999B,,
random_seed19001_1791548306465962_pid87,19001,random,3.300000,0,nr_rlc_um,ul,/NodeList/7/DeviceList/0/NrUeRrc/DataRadioBearerMap/1/NrRlc/,1,7,2,2,0,0,0.000000,0,0,999999999B,,
random_seed19001_1791548306465962_pid87,19001,random,3.300000,0,nr_rlc_um,ul,/NodeList/8/DeviceList/0/NrUeRrc/DataRadioBearerMap/1/NrRlc/,2,8,3,1,0,0,0.000000,0,0,999999999B,,
random_seed19001_1791548306465962_pid87,19001,random,3.300000,0,nr_rlc_um,ul,/NodeList/9/DeviceList/0/NrUeRrc/DataRadioBearerMap/1/NrRlc/,3,9,4,1,0,0,0.000000,0,0,999999999B,,
random_seed19001_1791548306465962_pid87,19001,random,3.400000,0,p2p_device,ul,/NodeList/19/DeviceList/3,-1,0,0,-1,0,0,,0,0,600p,80000000,20.000000
random_seed19001_1791548306465962_pid87,19001,random,3.400000,0,p2p_qdisc,ul,/NodeList/19/DeviceList/3,-1,0,0,-1,0,0,,0,0,10240p,80000000,20.000000
random_seed19001_1791548306465962_pid87,19001,random,3.400000,0,p2p_device,dl,/NodeList/0/DeviceList/9,-1,0,0,-1,0,0,,0,0,600p,80000000,20.000000
random_seed19001_1791548306465962_pid87,19001,random,3.400000,0,p2p_qdisc,dl,/NodeList/0/DeviceList/9,-1,0,0,-1,0,0,,0,0,10240p,80000000,20.000000
random_seed19001_1791548306465962_pid87,19001,random,3.400000,0,nr_rlc_um,dl,/NodeList/1/DeviceList/0/NrGnbRrc/UeMap/1/DataRadioBearerMap/1/NrRlc/,-1,4,1,-1,0,0,0.000000,0,0,999999999B,,
random_seed19001_1791548306465962_pid87,19001,random,3.400000,0,nr_rlc_um,dl,/NodeList/1/DeviceList/0/NrGnbRrc/UeMap/2/DataRadioBearerMap/1/NrRlc/,1,7,2,2,0,0,0.000000,0,0,999999999B,,
random_seed19001_1791548306465962_pid87,19001,random,3.400000,0,nr_rlc_um,dl,/NodeList/1/DeviceList/0/NrGnbRrc/UeMap/3/DataRadioBearerMap/1/NrRlc/,2,8,3,1,0,0,0.000000,0,0,999999999B,,
random_seed19001_1791548306465962_pid87,19001,random,3.400000,0,nr_rlc_um,dl,/NodeList/1/DeviceList/0/NrGnbRrc/UeMap/4/DataRadioBearerMap/1/NrRlc/,3,9,4,1,0,0,0.000000,0,0,999999999B,,
random_seed19001_1791548306465962_pid87,19001,random,3.400000,0,nr_rlc_um,ul,/NodeList/4/DeviceList/0/NrUeRrc/DataRadioBearerMap/1/NrRlc/,-1,4,1,-1,0,0,0.000000,0,0,999999999B,,
random_seed19001_1791548306465962_pid87,19001,random,3.400000,0,nr_rlc_um,ul,/NodeList/7/DeviceList/0/NrUeRrc/DataRadioBearerMap/1/NrRlc/,1,7,2,2,0,0,0.000000,0,0,999999999B,,
random_seed19001_1791548306465962_pid87,19001,random,3.400000,0,nr_rlc_um,ul,/NodeList/8/DeviceList/0/NrUeRrc/DataRadioBearerMap/1/NrRlc/,2,8,3,1,0,0,0.000000,0,0,999999999B,,
random_seed19001_1791548306465962_pid87,19001,random,3.400000,0,nr_rlc_um,ul,/NodeList/9/DeviceList/0/NrUeRrc/DataRadioBearerMap/1/NrRlc/,3,9,4,1,0,0,0.000000,0,0,999999999B,,
random_seed19001_1791548306465962_pid87,19001,random,3.500000,0,p2p_device,ul,/NodeList/19/DeviceList/3,-1,0,0,-1,0,0,,0,0,600p,80000000,20.000000
random_seed19001_1791548306465962_pid87,19001,random,3.500000,0,p2p_qdisc,ul,/NodeList/19/DeviceList/3,-1,0,0,-1,0,0,,0,0,10240p,80000000,20.000000
random_seed19001_1791548306465962_pid87,19001,random,3.500000,0,p2p_device,dl,/NodeList/0/DeviceList/9,-1,0,0,-1,0,0,,0,0,600p,80000000,20.000000
random_seed19001_1791548306465962_pid87,19001,random,3.500000,0,p2p_qdisc,dl,/NodeList/0/DeviceList/9,-1,0,0,-1,0,0,,0,0,10240p,80000000,20.000000
random_seed19001_1791548306465962_pid87,19001,random,3.500000,0,nr_rlc_um,dl,/NodeList/1/DeviceList/0/NrGnbRrc/UeMap/1/DataRadioBearerMap/1/NrRlc/,-1,4,1,-1,0,0,0.000000,0,0,999999999B,,
random_seed19001_1791548306465962_pid87,19001,random,3.500000,0,nr_rlc_um,dl,/NodeList/1/DeviceList/0/NrGnbRrc/UeMap/2/DataRadioBearerMap/1/NrRlc/,1,7,2,2,0,0,0.000000,0,0,999999999B,,
random_seed19001_1791548306465962_pid87,19001,random,3.500000,0,nr_rlc_um,dl,/NodeList/1/DeviceList/0/NrGnbRrc/UeMap/3/DataRadioBearerMap/1/NrRlc/,2,8,3,1,0,0,0.000000,0,0,999999999B,,
random_seed19001_1791548306465962_pid87,19001,random,3.500000,0,nr_rlc_um,dl,/NodeList/1/DeviceList/0/NrGnbRrc/UeMap/4/DataRadioBearerMap/1/NrRlc/,3,9,4,1,0,0,0.000000,0,0,999999999B,,
random_seed19001_1791548306465962_pid87,19001,random,3.500000,0,nr_rlc_um,ul,/NodeList/4/DeviceList/0/NrUeRrc/DataRadioBearerMap/1/NrRlc/,-1,4,1,-1,0,0,0.000000,0,0,999999999B,,
random_seed19001_1791548306465962_pid87,19001,random,3.500000,0,nr_rlc_um,ul,/NodeList/7/DeviceList/0/NrUeRrc/DataRadioBearerMap/1/NrRlc/,1,7,2,2,0,0,0.000000,0,0,999999999B,,
random_seed19001_1791548306465962_pid87,19001,random,3.500000,0,nr_rlc_um,ul,/NodeList/8/DeviceList/0/NrUeRrc/DataRadioBearerMap/1/NrRlc/,2,8,3,1,0,0,0.000000,0,0,999999999B,,
random_seed19001_1791548306465962_pid87,19001,random,3.500000,0,nr_rlc_um,ul,/NodeList/9/DeviceList/0/NrUeRrc/DataRadioBearerMap/1/NrRlc/,3,9,4,1,0,0,0.000000,0,0,999999999B,,
random_seed19001_1791548306465962_pid87,19001,random,3.600000,0,p2p_device,ul,/NodeList/19/DeviceList/3,-1,0,0,-1,0,0,,0,0,600p,80000000,20.000000
random_seed19001_1791548306465962_pid87,19001,random,3.600000,0,p2p_qdisc,ul,/NodeList/19/DeviceList/3,-1,0,0,-1,0,0,,0,0,10240p,80000000,20.000000
random_seed19001_1791548306465962_pid87,19001,random,3.600000,0,p2p_device,dl,/NodeList/0/DeviceList/9,-1,0,0,-1,0,0,,0,0,600p,80000000,20.000000
random_seed19001_1791548306465962_pid87,19001,random,3.600000,0,p2p_qdisc,dl,/NodeList/0/DeviceList/9,-1,0,0,-1,0,0,,0,0,10240p,80000000,20.000000
random_seed19001_1791548306465962_pid87,19001,random,3.600000,0,nr_rlc_um,dl,/NodeList/1/DeviceList/0/NrGnbRrc/UeMap/1/DataRadioBearerMap/1/NrRlc/,-1,4,1,-1,0,0,0.000000,0,0,999999999B,,
random_seed19001_1791548306465962_pid87,19001,random,3.600000,0,nr_rlc_um,dl,/NodeList/1/DeviceList/0/NrGnbRrc/UeMap/2/DataRadioBearerMap/1/NrRlc/,1,7,2,2,0,0,0.000000,0,0,999999999B,,
random_seed19001_1791548306465962_pid87,19001,random,3.600000,0,nr_rlc_um,dl,/NodeList/1/DeviceList/0/NrGnbRrc/UeMap/3/DataRadioBearerMap/1/NrRlc/,2,8,3,1,0,0,0.000000,0,0,999999999B,,
random_seed19001_1791548306465962_pid87,19001,random,3.600000,0,nr_rlc_um,dl,/NodeList/1/DeviceList/0/NrGnbRrc/UeMap/4/DataRadioBearerMap/1/NrRlc/,3,9,4,1,0,0,0.000000,0,0,999999999B,,
random_seed19001_1791548306465962_pid87,19001,random,3.600000,0,nr_rlc_um,ul,/NodeList/4/DeviceList/0/NrUeRrc/DataRadioBearerMap/1/NrRlc/,-1,4,1,-1,0,0,0.000000,0,0,999999999B,,
random_seed19001_1791548306465962_pid87,19001,random,3.600000,0,nr_rlc_um,ul,/NodeList/7/DeviceList/0/NrUeRrc/DataRadioBearerMap/1/NrRlc/,1,7,2,2,0,0,0.000000,0,0,999999999B,,
random_seed19001_1791548306465962_pid87,19001,random,3.600000,0,nr_rlc_um,ul,/NodeList/8/DeviceList/0/NrUeRrc/DataRadioBearerMap/1/NrRlc/,2,8,3,1,0,0,0.000000,0,0,999999999B,,
random_seed19001_1791548306465962_pid87,19001,random,3.600000,0,nr_rlc_um,ul,/NodeList/9/DeviceList/0/NrUeRrc/DataRadioBearerMap/1/NrRlc/,3,9,4,1,0,0,0.000000,0,0,999999999B,,
random_seed19001_1791548306465962_pid87,19001,random,3.700000,0,p2p_device,ul,/NodeList/19/DeviceList/3,-1,0,0,-1,0,0,,0,0,600p,80000000,20.000000
random_seed19001_1791548306465962_pid87,19001,random,3.700000,0,p2p_qdisc,ul,/NodeList/19/DeviceList/3,-1,0,0,-1,0,0,,0,0,10240p,80000000,20.000000
random_seed19001_1791548306465962_pid87,19001,random,3.700000,0,p2p_device,dl,/NodeList/0/DeviceList/9,-1,0,0,-1,0,0,,0,0,600p,80000000,20.000000
random_seed19001_1791548306465962_pid87,19001,random,3.700000,0,p2p_qdisc,dl,/NodeList/0/DeviceList/9,-1,0,0,-1,0,0,,0,0,10240p,80000000,20.000000
random_seed19001_1791548306465962_pid87,19001,random,3.700000,0,nr_rlc_um,dl,/NodeList/1/DeviceList/0/NrGnbRrc/UeMap/1/DataRadioBearerMap/1/NrRlc/,-1,4,1,-1,0,0,0.000000,0,0,999999999B,,
random_seed19001_1791548306465962_pid87,19001,random,3.700000,0,nr_rlc_um,dl,/NodeList/1/DeviceList/0/NrGnbRrc/UeMap/2/DataRadioBearerMap/1/NrRlc/,1,7,2,2,0,0,0.000000,0,0,999999999B,,
random_seed19001_1791548306465962_pid87,19001,random,3.700000,0,nr_rlc_um,dl,/NodeList/1/DeviceList/0/NrGnbRrc/UeMap/3/DataRadioBearerMap/1/NrRlc/,2,8,3,1,0,0,0.000000,0,0,999999999B,,
random_seed19001_1791548306465962_pid87,19001,random,3.700000,0,nr_rlc_um,dl,/NodeList/1/DeviceList/0/NrGnbRrc/UeMap/4/DataRadioBearerMap/1/NrRlc/,3,9,4,1,0,0,0.000000,0,0,999999999B,,
random_seed19001_1791548306465962_pid87,19001,random,3.700000,0,nr_rlc_um,ul,/NodeList/4/DeviceList/0/NrUeRrc/DataRadioBearerMap/1/NrRlc/,-1,4,1,-1,0,0,0.000000,0,0,999999999B,,
random_seed19001_1791548306465962_pid87,19001,random,3.700000,0,nr_rlc_um,ul,/NodeList/7/DeviceList/0/NrUeRrc/DataRadioBearerMap/1/NrRlc/,1,7,2,2,0,0,0.000000,0,0,999999999B,,
random_seed19001_1791548306465962_pid87,19001,random,3.700000,0,nr_rlc_um,ul,/NodeList/8/DeviceList/0/NrUeRrc/DataRadioBearerMap/1/NrRlc/,2,8,3,1,0,0,0.000000,0,0,999999999B,,
random_seed19001_1791548306465962_pid87,19001,random,3.700000,0,nr_rlc_um,ul,/NodeList/9/DeviceList/0/NrUeRrc/DataRadioBearerMap/1/NrRlc/,3,9,4,1,0,0,0.000000,0,0,999999999B,,
random_seed19001_1791548306465962_pid87,19001,random,3.800000,0,p2p_device,ul,/NodeList/19/DeviceList/3,-1,0,0,-1,0,0,,0,0,600p,80000000,20.000000
random_seed19001_1791548306465962_pid87,19001,random,3.800000,0,p2p_qdisc,ul,/NodeList/19/DeviceList/3,-1,0,0,-1,0,0,,0,0,10240p,80000000,20.000000
random_seed19001_1791548306465962_pid87,19001,random,3.800000,0,p2p_device,dl,/NodeList/0/DeviceList/9,-1,0,0,-1,0,0,,0,0,600p,80000000,20.000000
random_seed19001_1791548306465962_pid87,19001,random,3.800000,0,p2p_qdisc,dl,/NodeList/0/DeviceList/9,-1,0,0,-1,0,0,,0,0,10240p,80000000,20.000000
random_seed19001_1791548306465962_pid87,19001,random,3.800000,0,nr_rlc_um,dl,/NodeList/1/DeviceList/0/NrGnbRrc/UeMap/1/DataRadioBearerMap/1/NrRlc/,-1,4,1,-1,0,0,0.000000,0,0,999999999B,,
random_seed19001_1791548306465962_pid87,19001,random,3.800000,0,nr_rlc_um,dl,/NodeList/1/DeviceList/0/NrGnbRrc/UeMap/2/DataRadioBearerMap/1/NrRlc/,1,7,2,2,0,0,0.000000,0,0,999999999B,,
random_seed19001_1791548306465962_pid87,19001,random,3.800000,0,nr_rlc_um,dl,/NodeList/1/DeviceList/0/NrGnbRrc/UeMap/3/DataRadioBearerMap/1/NrRlc/,2,8,3,1,0,0,0.000000,0,0,999999999B,,
random_seed19001_1791548306465962_pid87,19001,random,3.800000,0,nr_rlc_um,dl,/NodeList/1/DeviceList/0/NrGnbRrc/UeMap/4/DataRadioBearerMap/1/NrRlc/,3,9,4,1,0,0,0.000000,0,0,999999999B,,
random_seed19001_1791548306465962_pid87,19001,random,3.800000,0,nr_rlc_um,ul,/NodeList/4/DeviceList/0/NrUeRrc/DataRadioBearerMap/1/NrRlc/,-1,4,1,-1,0,0,0.000000,0,0,999999999B,,
random_seed19001_1791548306465962_pid87,19001,random,3.800000,0,nr_rlc_um,ul,/NodeList/7/DeviceList/0/NrUeRrc/DataRadioBearerMap/1/NrRlc/,1,7,2,2,0,0,0.000000,0,0,999999999B,,
random_seed19001_1791548306465962_pid87,19001,random,3.800000,0,nr_rlc_um,ul,/NodeList/8/DeviceList/0/NrUeRrc/DataRadioBearerMap/1/NrRlc/,2,8,3,1,0,0,0.000000,0,0,999999999B,,
random_seed19001_1791548306465962_pid87,19001,random,3.800000,0,nr_rlc_um,ul,/NodeList/9/DeviceList/0/NrUeRrc/DataRadioBearerMap/1/NrRlc/,3,9,4,1,0,0,0.000000,0,0,999999999B,,
random_seed19001_1791548306465962_pid87,19001,random,3.900000,0,p2p_device,ul,/NodeList/19/DeviceList/3,-1,0,0,-1,0,0,,0,0,600p,80000000,20.000000
random_seed19001_1791548306465962_pid87,19001,random,3.900000,0,p2p_qdisc,ul,/NodeList/19/DeviceList/3,-1,0,0,-1,0,0,,0,0,10240p,80000000,20.000000
random_seed19001_1791548306465962_pid87,19001,random,3.900000,0,p2p_device,dl,/NodeList/0/DeviceList/9,-1,0,0,-1,0,0,,0,0,600p,80000000,20.000000
random_seed19001_1791548306465962_pid87,19001,random,3.900000,0,p2p_qdisc,dl,/NodeList/0/DeviceList/9,-1,0,0,-1,0,0,,0,0,10240p,80000000,20.000000
random_seed19001_1791548306465962_pid87,19001,random,3.900000,0,nr_rlc_um,dl,/NodeList/1/DeviceList/0/NrGnbRrc/UeMap/1/DataRadioBearerMap/1/NrRlc/,-1,4,1,-1,0,0,0.000000,0,0,999999999B,,
random_seed19001_1791548306465962_pid87,19001,random,3.900000,0,nr_rlc_um,dl,/NodeList/1/DeviceList/0/NrGnbRrc/UeMap/2/DataRadioBearerMap/1/NrRlc/,1,7,2,2,0,0,0.000000,0,0,999999999B,,
random_seed19001_1791548306465962_pid87,19001,random,3.900000,0,nr_rlc_um,dl,/NodeList/1/DeviceList/0/NrGnbRrc/UeMap/3/DataRadioBearerMap/1/NrRlc/,2,8,3,1,0,0,0.000000,0,0,999999999B,,
random_seed19001_1791548306465962_pid87,19001,random,3.900000,0,nr_rlc_um,dl,/NodeList/1/DeviceList/0/NrGnbRrc/UeMap/4/DataRadioBearerMap/1/NrRlc/,3,9,4,1,0,0,0.000000,0,0,999999999B,,
random_seed19001_1791548306465962_pid87,19001,random,3.900000,0,nr_rlc_um,ul,/NodeList/4/DeviceList/0/NrUeRrc/DataRadioBearerMap/1/NrRlc/,-1,4,1,-1,0,0,0.000000,0,0,999999999B,,
random_seed19001_1791548306465962_pid87,19001,random,3.900000,0,nr_rlc_um,ul,/NodeList/7/DeviceList/0/NrUeRrc/DataRadioBearerMap/1/NrRlc/,1,7,2,2,0,0,0.000000,0,0,999999999B,,
random_seed19001_1791548306465962_pid87,19001,random,3.900000,0,nr_rlc_um,ul,/NodeList/8/DeviceList/0/NrUeRrc/DataRadioBearerMap/1/NrRlc/,2,8,3,1,0,0,0.000000,0,0,999999999B,,
random_seed19001_1791548306465962_pid87,19001,random,3.900000,0,nr_rlc_um,ul,/NodeList/9/DeviceList/0/NrUeRrc/DataRadioBearerMap/1/NrRlc/,3,9,4,1,0,0,0.000000,0,0,999999999B,,
random_seed19001_1791548306465962_pid87,19001,random,4.000000,1,p2p_device,ul,/NodeList/19/DeviceList/3,-1,0,0,-1,0,0,,0,0,600p,80000000,20.000000
random_seed19001_1791548306465962_pid87,19001,random,4.000000,1,p2p_qdisc,ul,/NodeList/19/DeviceList/3,-1,0,0,-1,0,0,,0,0,10240p,80000000,20.000000
random_seed19001_1791548306465962_pid87,19001,random,4.000000,1,p2p_device,dl,/NodeList/0/DeviceList/9,-1,0,0,-1,0,0,,0,0,600p,80000000,20.000000
random_seed19001_1791548306465962_pid87,19001,random,4.000000,1,p2p_qdisc,dl,/NodeList/0/DeviceList/9,-1,0,0,-1,0,0,,0,0,10240p,80000000,20.000000
random_seed19001_1791548306465962_pid87,19001,random,4.000000,1,nr_rlc_um,dl,/NodeList/1/DeviceList/0/NrGnbRrc/UeMap/1/DataRadioBearerMap/1/NrRlc/,-1,4,1,-1,0,0,0.000000,0,0,999999999B,,
random_seed19001_1791548306465962_pid87,19001,random,4.000000,1,nr_rlc_um,dl,/NodeList/1/DeviceList/0/NrGnbRrc/UeMap/2/DataRadioBearerMap/1/NrRlc/,1,7,2,2,0,0,0.000000,0,0,999999999B,,
random_seed19001_1791548306465962_pid87,19001,random,4.000000,1,nr_rlc_um,dl,/NodeList/1/DeviceList/0/NrGnbRrc/UeMap/3/DataRadioBearerMap/1/NrRlc/,2,8,3,1,0,0,0.000000,0,0,999999999B,,
random_seed19001_1791548306465962_pid87,19001,random,4.000000,1,nr_rlc_um,dl,/NodeList/1/DeviceList/0/NrGnbRrc/UeMap/4/DataRadioBearerMap/1/NrRlc/,3,9,4,1,0,0,0.000000,0,0,999999999B,,
random_seed19001_1791548306465962_pid87,19001,random,4.000000,1,nr_rlc_um,ul,/NodeList/4/DeviceList/0/NrUeRrc/DataRadioBearerMap/1/NrRlc/,-1,4,1,-1,0,0,0.000000,0,0,999999999B,,
random_seed19001_1791548306465962_pid87,19001,random,4.000000,1,nr_rlc_um,ul,/NodeList/7/DeviceList/0/NrUeRrc/DataRadioBearerMap/1/NrRlc/,1,7,2,2,0,0,0.000000,0,0,999999999B,,
random_seed19001_1791548306465962_pid87,19001,random,4.000000,1,nr_rlc_um,ul,/NodeList/8/DeviceList/0/NrUeRrc/DataRadioBearerMap/1/NrRlc/,2,8,3,1,0,0,0.000000,0,0,999999999B,,
random_seed19001_1791548306465962_pid87,19001,random,4.000000,1,nr_rlc_um,ul,/NodeList/9/DeviceList/0/NrUeRrc/DataRadioBearerMap/1/NrRlc/,3,9,4,1,0,0,0.000000,0,0,999999999B,,
random_seed19001_1791548306465962_pid87,19001,random,4.100000,1,p2p_device,ul,/NodeList/19/DeviceList/3,-1,0,0,-1,0,0,,0,0,600p,80000000,20.000000
random_seed19001_1791548306465962_pid87,19001,random,4.100000,1,p2p_qdisc,ul,/NodeList/19/DeviceList/3,-1,0,0,-1,0,0,,0,0,10240p,80000000,20.000000
random_seed19001_1791548306465962_pid87,19001,random,4.100000,1,p2p_device,dl,/NodeList/0/DeviceList/9,-1,0,0,-1,0,0,,0,0,600p,80000000,20.000000
random_seed19001_1791548306465962_pid87,19001,random,4.100000,1,p2p_qdisc,dl,/NodeList/0/DeviceList/9,-1,0,0,-1,0,0,,0,0,10240p,80000000,20.000000
random_seed19001_1791548306465962_pid87,19001,random,4.100000,1,nr_rlc_um,dl,/NodeList/1/DeviceList/0/NrGnbRrc/UeMap/1/DataRadioBearerMap/1/NrRlc/,-1,4,1,-1,0,0,0.000000,0,0,999999999B,,
random_seed19001_1791548306465962_pid87,19001,random,4.100000,1,nr_rlc_um,dl,/NodeList/1/DeviceList/0/NrGnbRrc/UeMap/2/DataRadioBearerMap/1/NrRlc/,1,7,2,2,0,0,0.000000,0,0,999999999B,,
random_seed19001_1791548306465962_pid87,19001,random,4.100000,1,nr_rlc_um,dl,/NodeList/1/DeviceList/0/NrGnbRrc/UeMap/3/DataRadioBearerMap/1/NrRlc/,2,8,3,1,0,0,0.000000,0,0,999999999B,,
random_seed19001_1791548306465962_pid87,19001,random,4.100000,1,nr_rlc_um,dl,/NodeList/1/DeviceList/0/NrGnbRrc/UeMap/4/DataRadioBearerMap/1/NrRlc/,3,9,4,1,0,0,0.000000,0,0,999999999B,,
random_seed19001_1791548306465962_pid87,19001,random,4.100000,1,nr_rlc_um,ul,/NodeList/4/DeviceList/0/NrUeRrc/DataRadioBearerMap/1/NrRlc/,-1,4,1,-1,0,0,0.000000,0,0,999999999B,,
random_seed19001_1791548306465962_pid87,19001,random,4.100000,1,nr_rlc_um,ul,/NodeList/7/DeviceList/0/NrUeRrc/DataRadioBearerMap/1/NrRlc/,1,7,2,2,0,0,0.000000,0,0,999999999B,,
random_seed19001_1791548306465962_pid87,19001,random,4.100000,1,nr_rlc_um,ul,/NodeList/8/DeviceList/0/NrUeRrc/DataRadioBearerMap/1/NrRlc/,2,8,3,1,0,0,0.000000,0,0,999999999B,,
random_seed19001_1791548306465962_pid87,19001,random,4.100000,1,nr_rlc_um,ul,/NodeList/9/DeviceList/0/NrUeRrc/DataRadioBearerMap/1/NrRlc/,3,9,4,1,0,0,0.000000,0,0,999999999B,,
random_seed19001_1791548306465962_pid87,19001,random,4.200000,1,p2p_device,ul,/NodeList/19/DeviceList/3,-1,0,0,-1,0,0,,0,0,600p,80000000,20.000000
random_seed19001_1791548306465962_pid87,19001,random,4.200000,1,p2p_qdisc,ul,/NodeList/19/DeviceList/3,-1,0,0,-1,0,0,,0,0,10240p,80000000,20.000000
random_seed19001_1791548306465962_pid87,19001,random,4.200000,1,p2p_device,dl,/NodeList/0/DeviceList/9,-1,0,0,-1,0,0,,0,0,600p,80000000,20.000000
random_seed19001_1791548306465962_pid87,19001,random,4.200000,1,p2p_qdisc,dl,/NodeList/0/DeviceList/9,-1,0,0,-1,0,0,,0,0,10240p,80000000,20.000000
random_seed19001_1791548306465962_pid87,19001,random,4.200000,1,nr_rlc_um,dl,/NodeList/1/DeviceList/0/NrGnbRrc/UeMap/1/DataRadioBearerMap/1/NrRlc/,-1,4,1,-1,0,0,0.000000,0,0,999999999B,,
random_seed19001_1791548306465962_pid87,19001,random,4.200000,1,nr_rlc_um,dl,/NodeList/1/DeviceList/0/NrGnbRrc/UeMap/2/DataRadioBearerMap/1/NrRlc/,1,7,2,2,0,0,0.000000,0,0,999999999B,,
random_seed19001_1791548306465962_pid87,19001,random,4.200000,1,nr_rlc_um,dl,/NodeList/1/DeviceList/0/NrGnbRrc/UeMap/3/DataRadioBearerMap/1/NrRlc/,2,8,3,1,0,0,0.000000,0,0,999999999B,,
random_seed19001_1791548306465962_pid87,19001,random,4.200000,1,nr_rlc_um,dl,/NodeList/1/DeviceList/0/NrGnbRrc/UeMap/4/DataRadioBearerMap/1/NrRlc/,3,9,4,1,0,0,0.000000,0,0,999999999B,,
random_seed19001_1791548306465962_pid87,19001,random,4.200000,1,nr_rlc_um,ul,/NodeList/4/DeviceList/0/NrUeRrc/DataRadioBearerMap/1/NrRlc/,-1,4,1,-1,0,0,0.000000,0,0,999999999B,,
random_seed19001_1791548306465962_pid87,19001,random,4.200000,1,nr_rlc_um,ul,/NodeList/7/DeviceList/0/NrUeRrc/DataRadioBearerMap/1/NrRlc/,1,7,2,2,0,0,0.000000,0,0,999999999B,,
random_seed19001_1791548306465962_pid87,19001,random,4.200000,1,nr_rlc_um,ul,/NodeList/8/DeviceList/0/NrUeRrc/DataRadioBearerMap/1/NrRlc/,2,8,3,1,0,0,0.000000,0,0,999999999B,,
random_seed19001_1791548306465962_pid87,19001,random,4.200000,1,nr_rlc_um,ul,/NodeList/9/DeviceList/0/NrUeRrc/DataRadioBearerMap/1/NrRlc/,3,9,4,1,0,0,0.000000,0,0,999999999B,,
random_seed19001_1791548306465962_pid87,19001,random,4.300000,1,p2p_device,ul,/NodeList/19/DeviceList/3,-1,0,0,-1,0,0,,0,0,600p,80000000,20.000000
random_seed19001_1791548306465962_pid87,19001,random,4.300000,1,p2p_qdisc,ul,/NodeList/19/DeviceList/3,-1,0,0,-1,0,0,,0,0,10240p,80000000,20.000000
random_seed19001_1791548306465962_pid87,19001,random,4.300000,1,p2p_device,dl,/NodeList/0/DeviceList/9,-1,0,0,-1,0,0,,0,0,600p,80000000,20.000000
random_seed19001_1791548306465962_pid87,19001,random,4.300000,1,p2p_qdisc,dl,/NodeList/0/DeviceList/9,-1,0,0,-1,0,0,,0,0,10240p,80000000,20.000000
random_seed19001_1791548306465962_pid87,19001,random,4.300000,1,nr_rlc_um,dl,/NodeList/1/DeviceList/0/NrGnbRrc/UeMap/1/DataRadioBearerMap/1/NrRlc/,-1,4,1,-1,0,0,0.000000,0,0,999999999B,,
random_seed19001_1791548306465962_pid87,19001,random,4.300000,1,nr_rlc_um,dl,/NodeList/1/DeviceList/0/NrGnbRrc/UeMap/2/DataRadioBearerMap/1/NrRlc/,1,7,2,2,0,0,0.000000,0,0,999999999B,,
random_seed19001_1791548306465962_pid87,19001,random,4.300000,1,nr_rlc_um,dl,/NodeList/1/DeviceList/0/NrGnbRrc/UeMap/3/DataRadioBearerMap/1/NrRlc/,2,8,3,1,0,0,0.000000,0,0,999999999B,,
random_seed19001_1791548306465962_pid87,19001,random,4.300000,1,nr_rlc_um,dl,/NodeList/1/DeviceList/0/NrGnbRrc/UeMap/4/DataRadioBearerMap/1/NrRlc/,3,9,4,1,0,0,0.000000,0,0,999999999B,,
random_seed19001_1791548306465962_pid87,19001,random,4.300000,1,nr_rlc_um,ul,/NodeList/4/DeviceList/0/NrUeRrc/DataRadioBearerMap/1/NrRlc/,-1,4,1,-1,0,0,0.000000,0,0,999999999B,,
random_seed19001_1791548306465962_pid87,19001,random,4.300000,1,nr_rlc_um,ul,/NodeList/7/DeviceList/0/NrUeRrc/DataRadioBearerMap/1/NrRlc/,1,7,2,2,0,0,0.000000,0,0,999999999B,,
random_seed19001_1791548306465962_pid87,19001,random,4.300000,1,nr_rlc_um,ul,/NodeList/8/DeviceList/0/NrUeRrc/DataRadioBearerMap/1/NrRlc/,2,8,3,1,0,0,0.000000,0,0,999999999B,,
random_seed19001_1791548306465962_pid87,19001,random,4.300000,1,nr_rlc_um,ul,/NodeList/9/DeviceList/0/NrUeRrc/DataRadioBearerMap/1/NrRlc/,3,9,4,1,0,0,0.000000,0,0,999999999B,,
random_seed19001_1791548306465962_pid87,19001,random,4.400000,1,p2p_device,ul,/NodeList/19/DeviceList/3,-1,0,0,-1,0,0,,0,0,600p,80000000,20.000000
random_seed19001_1791548306465962_pid87,19001,random,4.400000,1,p2p_qdisc,ul,/NodeList/19/DeviceList/3,-1,0,0,-1,0,0,,0,0,10240p,80000000,20.000000
random_seed19001_1791548306465962_pid87,19001,random,4.400000,1,p2p_device,dl,/NodeList/0/DeviceList/9,-1,0,0,-1,0,0,,0,0,600p,80000000,20.000000
random_seed19001_1791548306465962_pid87,19001,random,4.400000,1,p2p_qdisc,dl,/NodeList/0/DeviceList/9,-1,0,0,-1,0,0,,0,0,10240p,80000000,20.000000
random_seed19001_1791548306465962_pid87,19001,random,4.400000,1,nr_rlc_um,dl,/NodeList/1/DeviceList/0/NrGnbRrc/UeMap/1/DataRadioBearerMap/1/NrRlc/,-1,4,1,-1,0,0,0.000000,0,0,999999999B,,
random_seed19001_1791548306465962_pid87,19001,random,4.400000,1,nr_rlc_um,dl,/NodeList/1/DeviceList/0/NrGnbRrc/UeMap/2/DataRadioBearerMap/1/NrRlc/,1,7,2,2,0,0,0.000000,0,0,999999999B,,
random_seed19001_1791548306465962_pid87,19001,random,4.400000,1,nr_rlc_um,dl,/NodeList/1/DeviceList/0/NrGnbRrc/UeMap/3/DataRadioBearerMap/1/NrRlc/,2,8,3,1,0,0,0.000000,0,0,999999999B,,
random_seed19001_1791548306465962_pid87,19001,random,4.400000,1,nr_rlc_um,dl,/NodeList/1/DeviceList/0/NrGnbRrc/UeMap/4/DataRadioBearerMap/1/NrRlc/,3,9,4,1,0,0,0.000000,0,0,999999999B,,
random_seed19001_1791548306465962_pid87,19001,random,4.400000,1,nr_rlc_um,ul,/NodeList/4/DeviceList/0/NrUeRrc/DataRadioBearerMap/1/NrRlc/,-1,4,1,-1,0,0,0.000000,0,0,999999999B,,
random_seed19001_1791548306465962_pid87,19001,random,4.400000,1,nr_rlc_um,ul,/NodeList/7/DeviceList/0/NrUeRrc/DataRadioBearerMap/1/NrRlc/,1,7,2,2,0,0,0.000000,0,0,999999999B,,
random_seed19001_1791548306465962_pid87,19001,random,4.400000,1,nr_rlc_um,ul,/NodeList/8/DeviceList/0/NrUeRrc/DataRadioBearerMap/1/NrRlc/,2,8,3,1,0,0,0.000000,0,0,999999999B,,
random_seed19001_1791548306465962_pid87,19001,random,4.400000,1,nr_rlc_um,ul,/NodeList/9/DeviceList/0/NrUeRrc/DataRadioBearerMap/1/NrRlc/,3,9,4,1,0,0,0.000000,0,0,999999999B,,
random_seed19001_1791548306465962_pid87,19001,random,4.500000,1,p2p_device,ul,/NodeList/19/DeviceList/3,-1,0,0,-1,0,0,,0,0,600p,80000000,20.000000
random_seed19001_1791548306465962_pid87,19001,random,4.500000,1,p2p_qdisc,ul,/NodeList/19/DeviceList/3,-1,0,0,-1,0,0,,0,0,10240p,80000000,20.000000
random_seed19001_1791548306465962_pid87,19001,random,4.500000,1,p2p_device,dl,/NodeList/0/DeviceList/9,-1,0,0,-1,0,0,,0,0,600p,80000000,20.000000
random_seed19001_1791548306465962_pid87,19001,random,4.500000,1,p2p_qdisc,dl,/NodeList/0/DeviceList/9,-1,0,0,-1,0,0,,0,0,10240p,80000000,20.000000
random_seed19001_1791548306465962_pid87,19001,random,4.500000,1,nr_rlc_um,dl,/NodeList/1/DeviceList/0/NrGnbRrc/UeMap/1/DataRadioBearerMap/1/NrRlc/,-1,4,1,-1,0,0,0.000000,0,0,999999999B,,
random_seed19001_1791548306465962_pid87,19001,random,4.500000,1,nr_rlc_um,dl,/NodeList/1/DeviceList/0/NrGnbRrc/UeMap/2/DataRadioBearerMap/1/NrRlc/,1,7,2,2,0,0,0.000000,0,0,999999999B,,
random_seed19001_1791548306465962_pid87,19001,random,4.500000,1,nr_rlc_um,dl,/NodeList/1/DeviceList/0/NrGnbRrc/UeMap/3/DataRadioBearerMap/1/NrRlc/,2,8,3,1,0,0,0.000000,0,0,999999999B,,
random_seed19001_1791548306465962_pid87,19001,random,4.500000,1,nr_rlc_um,dl,/NodeList/1/DeviceList/0/NrGnbRrc/UeMap/4/DataRadioBearerMap/1/NrRlc/,3,9,4,1,0,0,0.000000,0,0,999999999B,,
random_seed19001_1791548306465962_pid87,19001,random,4.500000,1,nr_rlc_um,ul,/NodeList/4/DeviceList/0/NrUeRrc/DataRadioBearerMap/1/NrRlc/,-1,4,1,-1,0,0,0.000000,0,0,999999999B,,
random_seed19001_1791548306465962_pid87,19001,random,4.500000,1,nr_rlc_um,ul,/NodeList/7/DeviceList/0/NrUeRrc/DataRadioBearerMap/1/NrRlc/,1,7,2,2,0,0,0.000000,0,0,999999999B,,
random_seed19001_1791548306465962_pid87,19001,random,4.500000,1,nr_rlc_um,ul,/NodeList/8/DeviceList/0/NrUeRrc/DataRadioBearerMap/1/NrRlc/,2,8,3,1,0,0,0.000000,0,0,999999999B,,
random_seed19001_1791548306465962_pid87,19001,random,4.500000,1,nr_rlc_um,ul,/NodeList/9/DeviceList/0/NrUeRrc/DataRadioBearerMap/1/NrRlc/,3,9,4,1,0,0,0.000000,0,0,999999999B,,
random_seed19001_1791548306465962_pid87,19001,random,4.600000,1,p2p_device,ul,/NodeList/19/DeviceList/3,-1,0,0,-1,0,0,,0,0,600p,80000000,20.000000
random_seed19001_1791548306465962_pid87,19001,random,4.600000,1,p2p_qdisc,ul,/NodeList/19/DeviceList/3,-1,0,0,-1,0,0,,0,0,10240p,80000000,20.000000
random_seed19001_1791548306465962_pid87,19001,random,4.600000,1,p2p_device,dl,/NodeList/0/DeviceList/9,-1,0,0,-1,0,0,,0,0,600p,80000000,20.000000
random_seed19001_1791548306465962_pid87,19001,random,4.600000,1,p2p_qdisc,dl,/NodeList/0/DeviceList/9,-1,0,0,-1,0,0,,0,0,10240p,80000000,20.000000
random_seed19001_1791548306465962_pid87,19001,random,4.600000,1,nr_rlc_um,dl,/NodeList/1/DeviceList/0/NrGnbRrc/UeMap/1/DataRadioBearerMap/1/NrRlc/,-1,4,1,-1,0,0,0.000000,0,0,999999999B,,
random_seed19001_1791548306465962_pid87,19001,random,4.600000,1,nr_rlc_um,dl,/NodeList/1/DeviceList/0/NrGnbRrc/UeMap/2/DataRadioBearerMap/1/NrRlc/,1,7,2,2,0,0,0.000000,0,0,999999999B,,
random_seed19001_1791548306465962_pid87,19001,random,4.600000,1,nr_rlc_um,dl,/NodeList/1/DeviceList/0/NrGnbRrc/UeMap/3/DataRadioBearerMap/1/NrRlc/,2,8,3,1,0,0,0.000000,0,0,999999999B,,
random_seed19001_1791548306465962_pid87,19001,random,4.600000,1,nr_rlc_um,dl,/NodeList/1/DeviceList/0/NrGnbRrc/UeMap/4/DataRadioBearerMap/1/NrRlc/,3,9,4,1,0,0,0.000000,0,0,999999999B,,
random_seed19001_1791548306465962_pid87,19001,random,4.600000,1,nr_rlc_um,ul,/NodeList/4/DeviceList/0/NrUeRrc/DataRadioBearerMap/1/NrRlc/,-1,4,1,-1,0,0,0.000000,0,0,999999999B,,
random_seed19001_1791548306465962_pid87,19001,random,4.600000,1,nr_rlc_um,ul,/NodeList/7/DeviceList/0/NrUeRrc/DataRadioBearerMap/1/NrRlc/,1,7,2,2,0,0,0.000000,0,0,999999999B,,
random_seed19001_1791548306465962_pid87,19001,random,4.600000,1,nr_rlc_um,ul,/NodeList/8/DeviceList/0/NrUeRrc/DataRadioBearerMap/1/NrRlc/,2,8,3,1,0,0,0.000000,0,0,999999999B,,
random_seed19001_1791548306465962_pid87,19001,random,4.600000,1,nr_rlc_um,ul,/NodeList/9/DeviceList/0/NrUeRrc/DataRadioBearerMap/1/NrRlc/,3,9,4,1,0,0,0.000000,0,0,999999999B,,
random_seed19001_1791548306465962_pid87,19001,random,4.700000,1,p2p_device,ul,/NodeList/19/DeviceList/3,-1,0,0,-1,0,0,,0,0,600p,80000000,20.000000
random_seed19001_1791548306465962_pid87,19001,random,4.700000,1,p2p_qdisc,ul,/NodeList/19/DeviceList/3,-1,0,0,-1,0,0,,0,0,10240p,80000000,20.000000
random_seed19001_1791548306465962_pid87,19001,random,4.700000,1,p2p_device,dl,/NodeList/0/DeviceList/9,-1,0,0,-1,0,0,,0,0,600p,80000000,20.000000
random_seed19001_1791548306465962_pid87,19001,random,4.700000,1,p2p_qdisc,dl,/NodeList/0/DeviceList/9,-1,0,0,-1,0,0,,0,0,10240p,80000000,20.000000
random_seed19001_1791548306465962_pid87,19001,random,4.700000,1,nr_rlc_um,dl,/NodeList/1/DeviceList/0/NrGnbRrc/UeMap/1/DataRadioBearerMap/1/NrRlc/,-1,4,1,-1,0,0,0.000000,0,0,999999999B,,
random_seed19001_1791548306465962_pid87,19001,random,4.700000,1,nr_rlc_um,dl,/NodeList/1/DeviceList/0/NrGnbRrc/UeMap/2/DataRadioBearerMap/1/NrRlc/,1,7,2,2,0,0,0.000000,0,0,999999999B,,
random_seed19001_1791548306465962_pid87,19001,random,4.700000,1,nr_rlc_um,dl,/NodeList/1/DeviceList/0/NrGnbRrc/UeMap/3/DataRadioBearerMap/1/NrRlc/,2,8,3,1,0,0,0.000000,0,0,999999999B,,
random_seed19001_1791548306465962_pid87,19001,random,4.700000,1,nr_rlc_um,dl,/NodeList/1/DeviceList/0/NrGnbRrc/UeMap/4/DataRadioBearerMap/1/NrRlc/,3,9,4,1,0,0,0.000000,0,0,999999999B,,
random_seed19001_1791548306465962_pid87,19001,random,4.700000,1,nr_rlc_um,ul,/NodeList/4/DeviceList/0/NrUeRrc/DataRadioBearerMap/1/NrRlc/,-1,4,1,-1,0,0,0.000000,0,0,999999999B,,
random_seed19001_1791548306465962_pid87,19001,random,4.700000,1,nr_rlc_um,ul,/NodeList/7/DeviceList/0/NrUeRrc/DataRadioBearerMap/1/NrRlc/,1,7,2,2,0,0,0.000000,0,0,999999999B,,
random_seed19001_1791548306465962_pid87,19001,random,4.700000,1,nr_rlc_um,ul,/NodeList/8/DeviceList/0/NrUeRrc/DataRadioBearerMap/1/NrRlc/,2,8,3,1,0,0,0.000000,0,0,999999999B,,
random_seed19001_1791548306465962_pid87,19001,random,4.700000,1,nr_rlc_um,ul,/NodeList/9/DeviceList/0/NrUeRrc/DataRadioBearerMap/1/NrRlc/,3,9,4,1,0,0,0.000000,0,0,999999999B,,
random_seed19001_1791548306465962_pid87,19001,random,4.800000,1,p2p_device,ul,/NodeList/19/DeviceList/3,-1,0,0,-1,0,0,,0,0,600p,80000000,20.000000
random_seed19001_1791548306465962_pid87,19001,random,4.800000,1,p2p_qdisc,ul,/NodeList/19/DeviceList/3,-1,0,0,-1,0,0,,0,0,10240p,80000000,20.000000
random_seed19001_1791548306465962_pid87,19001,random,4.800000,1,p2p_device,dl,/NodeList/0/DeviceList/9,-1,0,0,-1,0,0,,0,0,600p,80000000,20.000000
random_seed19001_1791548306465962_pid87,19001,random,4.800000,1,p2p_qdisc,dl,/NodeList/0/DeviceList/9,-1,0,0,-1,0,0,,0,0,10240p,80000000,20.000000
random_seed19001_1791548306465962_pid87,19001,random,4.800000,1,nr_rlc_um,dl,/NodeList/1/DeviceList/0/NrGnbRrc/UeMap/1/DataRadioBearerMap/1/NrRlc/,-1,4,1,-1,0,0,0.000000,0,0,999999999B,,
random_seed19001_1791548306465962_pid87,19001,random,4.800000,1,nr_rlc_um,dl,/NodeList/1/DeviceList/0/NrGnbRrc/UeMap/2/DataRadioBearerMap/1/NrRlc/,1,7,2,2,0,0,0.000000,0,0,999999999B,,
random_seed19001_1791548306465962_pid87,19001,random,4.800000,1,nr_rlc_um,dl,/NodeList/1/DeviceList/0/NrGnbRrc/UeMap/3/DataRadioBearerMap/1/NrRlc/,2,8,3,1,0,0,0.000000,0,0,999999999B,,
random_seed19001_1791548306465962_pid87,19001,random,4.800000,1,nr_rlc_um,dl,/NodeList/1/DeviceList/0/NrGnbRrc/UeMap/4/DataRadioBearerMap/1/NrRlc/,3,9,4,1,0,0,0.000000,0,0,999999999B,,
random_seed19001_1791548306465962_pid87,19001,random,4.800000,1,nr_rlc_um,ul,/NodeList/4/DeviceList/0/NrUeRrc/DataRadioBearerMap/1/NrRlc/,-1,4,1,-1,0,0,0.000000,0,0,999999999B,,
random_seed19001_1791548306465962_pid87,19001,random,4.800000,1,nr_rlc_um,ul,/NodeList/7/DeviceList/0/NrUeRrc/DataRadioBearerMap/1/NrRlc/,1,7,2,2,0,0,0.000000,0,0,999999999B,,
random_seed19001_1791548306465962_pid87,19001,random,4.800000,1,nr_rlc_um,ul,/NodeList/8/DeviceList/0/NrUeRrc/DataRadioBearerMap/1/NrRlc/,2,8,3,1,0,0,0.000000,0,0,999999999B,,
random_seed19001_1791548306465962_pid87,19001,random,4.800000,1,nr_rlc_um,ul,/NodeList/9/DeviceList/0/NrUeRrc/DataRadioBearerMap/1/NrRlc/,3,9,4,1,0,0,0.000000,0,0,999999999B,,
random_seed19001_1791548306465962_pid87,19001,random,4.900000,1,p2p_device,ul,/NodeList/19/DeviceList/3,-1,0,0,-1,0,0,,0,0,600p,80000000,20.000000
random_seed19001_1791548306465962_pid87,19001,random,4.900000,1,p2p_qdisc,ul,/NodeList/19/DeviceList/3,-1,0,0,-1,0,0,,0,0,10240p,80000000,20.000000
random_seed19001_1791548306465962_pid87,19001,random,4.900000,1,p2p_device,dl,/NodeList/0/DeviceList/9,-1,0,0,-1,0,0,,0,0,600p,80000000,20.000000
random_seed19001_1791548306465962_pid87,19001,random,4.900000,1,p2p_qdisc,dl,/NodeList/0/DeviceList/9,-1,0,0,-1,0,0,,0,0,10240p,80000000,20.000000
random_seed19001_1791548306465962_pid87,19001,random,4.900000,1,nr_rlc_um,dl,/NodeList/1/DeviceList/0/NrGnbRrc/UeMap/1/DataRadioBearerMap/1/NrRlc/,-1,4,1,-1,0,0,0.000000,0,0,999999999B,,
random_seed19001_1791548306465962_pid87,19001,random,4.900000,1,nr_rlc_um,dl,/NodeList/1/DeviceList/0/NrGnbRrc/UeMap/2/DataRadioBearerMap/1/NrRlc/,1,7,2,2,0,0,0.000000,0,0,999999999B,,
random_seed19001_1791548306465962_pid87,19001,random,4.900000,1,nr_rlc_um,dl,/NodeList/1/DeviceList/0/NrGnbRrc/UeMap/3/DataRadioBearerMap/1/NrRlc/,2,8,3,1,0,0,0.000000,0,0,999999999B,,
random_seed19001_1791548306465962_pid87,19001,random,4.900000,1,nr_rlc_um,dl,/NodeList/1/DeviceList/0/NrGnbRrc/UeMap/4/DataRadioBearerMap/1/NrRlc/,3,9,4,1,0,0,0.000000,0,0,999999999B,,
random_seed19001_1791548306465962_pid87,19001,random,4.900000,1,nr_rlc_um,ul,/NodeList/4/DeviceList/0/NrUeRrc/DataRadioBearerMap/1/NrRlc/,-1,4,1,-1,0,0,0.000000,0,0,999999999B,,
random_seed19001_1791548306465962_pid87,19001,random,4.900000,1,nr_rlc_um,ul,/NodeList/7/DeviceList/0/NrUeRrc/DataRadioBearerMap/1/NrRlc/,1,7,2,2,0,0,0.000000,0,0,999999999B,,
random_seed19001_1791548306465962_pid87,19001,random,4.900000,1,nr_rlc_um,ul,/NodeList/8/DeviceList/0/NrUeRrc/DataRadioBearerMap/1/NrRlc/,2,8,3,1,0,0,0.000000,0,0,999999999B,,
random_seed19001_1791548306465962_pid87,19001,random,4.900000,1,nr_rlc_um,ul,/NodeList/9/DeviceList/0/NrUeRrc/DataRadioBearerMap/1/NrRlc/,3,9,4,1,0,0,0.000000,0,0,999999999B,,
random_seed19001_1791548306465962_pid87,19001,random,5.000000,1,p2p_device,ul,/NodeList/19/DeviceList/3,-1,0,0,-1,0,0,,0,0,600p,80000000,20.000000
random_seed19001_1791548306465962_pid87,19001,random,5.000000,1,p2p_qdisc,ul,/NodeList/19/DeviceList/3,-1,0,0,-1,0,0,,0,0,10240p,80000000,20.000000
random_seed19001_1791548306465962_pid87,19001,random,5.000000,1,p2p_device,dl,/NodeList/0/DeviceList/9,-1,0,0,-1,0,0,,0,0,600p,80000000,20.000000
random_seed19001_1791548306465962_pid87,19001,random,5.000000,1,p2p_qdisc,dl,/NodeList/0/DeviceList/9,-1,0,0,-1,0,0,,0,0,10240p,80000000,20.000000
random_seed19001_1791548306465962_pid87,19001,random,5.000000,1,nr_rlc_um,dl,/NodeList/1/DeviceList/0/NrGnbRrc/UeMap/1/DataRadioBearerMap/1/NrRlc/,-1,4,1,-1,0,0,0.000000,0,0,999999999B,,
random_seed19001_1791548306465962_pid87,19001,random,5.000000,1,nr_rlc_um,dl,/NodeList/1/DeviceList/0/NrGnbRrc/UeMap/2/DataRadioBearerMap/1/NrRlc/,1,7,2,2,0,0,0.000000,0,0,999999999B,,
random_seed19001_1791548306465962_pid87,19001,random,5.000000,1,nr_rlc_um,dl,/NodeList/1/DeviceList/0/NrGnbRrc/UeMap/3/DataRadioBearerMap/1/NrRlc/,2,8,3,1,0,0,0.000000,0,0,999999999B,,
random_seed19001_1791548306465962_pid87,19001,random,5.000000,1,nr_rlc_um,dl,/NodeList/1/DeviceList/0/NrGnbRrc/UeMap/4/DataRadioBearerMap/1/NrRlc/,3,9,4,1,0,0,0.000000,0,0,999999999B,,
random_seed19001_1791548306465962_pid87,19001,random,5.000000,1,nr_rlc_um,ul,/NodeList/4/DeviceList/0/NrUeRrc/DataRadioBearerMap/1/NrRlc/,-1,4,1,-1,0,0,0.000000,0,0,999999999B,,
random_seed19001_1791548306465962_pid87,19001,random,5.000000,1,nr_rlc_um,ul,/NodeList/7/DeviceList/0/NrUeRrc/DataRadioBearerMap/1/NrRlc/,1,7,2,2,0,0,0.000000,0,0,999999999B,,
random_seed19001_1791548306465962_pid87,19001,random,5.000000,1,nr_rlc_um,ul,/NodeList/8/DeviceList/0/NrUeRrc/DataRadioBearerMap/1/NrRlc/,2,8,3,1,0,0,0.000000,0,0,999999999B,,
random_seed19001_1791548306465962_pid87,19001,random,5.000000,1,nr_rlc_um,ul,/NodeList/9/DeviceList/0/NrUeRrc/DataRadioBearerMap/1/NrRlc/,3,9,4,1,0,0,0.000000,0,0,999999999B,,
random_seed19001_1791548306465962_pid87,19001,random,5.100000,1,p2p_device,ul,/NodeList/19/DeviceList/3,-1,0,0,-1,0,0,,0,0,600p,80000000,20.000000
random_seed19001_1791548306465962_pid87,19001,random,5.100000,1,p2p_qdisc,ul,/NodeList/19/DeviceList/3,-1,0,0,-1,0,0,,0,0,10240p,80000000,20.000000
random_seed19001_1791548306465962_pid87,19001,random,5.100000,1,p2p_device,dl,/NodeList/0/DeviceList/9,-1,0,0,-1,0,0,,0,0,600p,80000000,20.000000
random_seed19001_1791548306465962_pid87,19001,random,5.100000,1,p2p_qdisc,dl,/NodeList/0/DeviceList/9,-1,0,0,-1,0,0,,0,0,10240p,80000000,20.000000
random_seed19001_1791548306465962_pid87,19001,random,5.100000,1,nr_rlc_um,dl,/NodeList/1/DeviceList/0/NrGnbRrc/UeMap/1/DataRadioBearerMap/1/NrRlc/,-1,4,1,-1,0,0,0.000000,0,0,999999999B,,
random_seed19001_1791548306465962_pid87,19001,random,5.100000,1,nr_rlc_um,dl,/NodeList/1/DeviceList/0/NrGnbRrc/UeMap/2/DataRadioBearerMap/1/NrRlc/,1,7,2,2,0,0,0.000000,0,0,999999999B,,
random_seed19001_1791548306465962_pid87,19001,random,5.100000,1,nr_rlc_um,dl,/NodeList/1/DeviceList/0/NrGnbRrc/UeMap/3/DataRadioBearerMap/1/NrRlc/,2,8,3,1,0,0,0.000000,0,0,999999999B,,
random_seed19001_1791548306465962_pid87,19001,random,5.100000,1,nr_rlc_um,dl,/NodeList/1/DeviceList/0/NrGnbRrc/UeMap/4/DataRadioBearerMap/1/NrRlc/,3,9,4,1,0,0,0.000000,0,0,999999999B,,
random_seed19001_1791548306465962_pid87,19001,random,5.100000,1,nr_rlc_um,ul,/NodeList/4/DeviceList/0/NrUeRrc/DataRadioBearerMap/1/NrRlc/,-1,4,1,-1,0,0,0.000000,0,0,999999999B,,
random_seed19001_1791548306465962_pid87,19001,random,5.100000,1,nr_rlc_um,ul,/NodeList/7/DeviceList/0/NrUeRrc/DataRadioBearerMap/1/NrRlc/,1,7,2,2,0,0,0.000000,0,0,999999999B,,
random_seed19001_1791548306465962_pid87,19001,random,5.100000,1,nr_rlc_um,ul,/NodeList/8/DeviceList/0/NrUeRrc/DataRadioBearerMap/1/NrRlc/,2,8,3,1,0,0,0.000000,0,0,999999999B,,
random_seed19001_1791548306465962_pid87,19001,random,5.100000,1,nr_rlc_um,ul,/NodeList/9/DeviceList/0/NrUeRrc/DataRadioBearerMap/1/NrRlc/,3,9,4,1,0,0,0.000000,0,0,999999999B,,
random_seed19001_1791548306465962_pid87,19001,random,5.200000,1,p2p_device,ul,/NodeList/19/DeviceList/3,-1,0,0,-1,0,0,,0,0,600p,80000000,20.000000
random_seed19001_1791548306465962_pid87,19001,random,5.200000,1,p2p_qdisc,ul,/NodeList/19/DeviceList/3,-1,0,0,-1,0,0,,0,0,10240p,80000000,20.000000
random_seed19001_1791548306465962_pid87,19001,random,5.200000,1,p2p_device,dl,/NodeList/0/DeviceList/9,-1,0,0,-1,0,0,,0,0,600p,80000000,20.000000
random_seed19001_1791548306465962_pid87,19001,random,5.200000,1,p2p_qdisc,dl,/NodeList/0/DeviceList/9,-1,0,0,-1,0,0,,0,0,10240p,80000000,20.000000
random_seed19001_1791548306465962_pid87,19001,random,5.200000,1,nr_rlc_um,dl,/NodeList/1/DeviceList/0/NrGnbRrc/UeMap/1/DataRadioBearerMap/1/NrRlc/,-1,4,1,-1,0,0,0.000000,0,0,999999999B,,
random_seed19001_1791548306465962_pid87,19001,random,5.200000,1,nr_rlc_um,dl,/NodeList/1/DeviceList/0/NrGnbRrc/UeMap/2/DataRadioBearerMap/1/NrRlc/,1,7,2,2,0,0,0.000000,0,0,999999999B,,
random_seed19001_1791548306465962_pid87,19001,random,5.200000,1,nr_rlc_um,dl,/NodeList/1/DeviceList/0/NrGnbRrc/UeMap/3/DataRadioBearerMap/1/NrRlc/,2,8,3,1,0,0,0.000000,0,0,999999999B,,
random_seed19001_1791548306465962_pid87,19001,random,5.200000,1,nr_rlc_um,dl,/NodeList/1/DeviceList/0/NrGnbRrc/UeMap/4/DataRadioBearerMap/1/NrRlc/,3,9,4,1,0,0,0.000000,0,0,999999999B,,
random_seed19001_1791548306465962_pid87,19001,random,5.200000,1,nr_rlc_um,ul,/NodeList/4/DeviceList/0/NrUeRrc/DataRadioBearerMap/1/NrRlc/,-1,4,1,-1,0,0,0.000000,0,0,999999999B,,
random_seed19001_1791548306465962_pid87,19001,random,5.200000,1,nr_rlc_um,ul,/NodeList/7/DeviceList/0/NrUeRrc/DataRadioBearerMap/1/NrRlc/,1,7,2,2,0,0,0.000000,0,0,999999999B,,
random_seed19001_1791548306465962_pid87,19001,random,5.200000,1,nr_rlc_um,ul,/NodeList/8/DeviceList/0/NrUeRrc/DataRadioBearerMap/1/NrRlc/,2,8,3,1,0,0,0.000000,0,0,999999999B,,
random_seed19001_1791548306465962_pid87,19001,random,5.200000,1,nr_rlc_um,ul,/NodeList/9/DeviceList/0/NrUeRrc/DataRadioBearerMap/1/NrRlc/,3,9,4,1,0,0,0.000000,0,0,999999999B,,
random_seed19001_1791548306465962_pid87,19001,random,5.300000,1,p2p_device,ul,/NodeList/19/DeviceList/3,-1,0,0,-1,0,0,,0,0,600p,80000000,20.000000
random_seed19001_1791548306465962_pid87,19001,random,5.300000,1,p2p_qdisc,ul,/NodeList/19/DeviceList/3,-1,0,0,-1,0,0,,0,0,10240p,80000000,20.000000
random_seed19001_1791548306465962_pid87,19001,random,5.300000,1,p2p_device,dl,/NodeList/0/DeviceList/9,-1,0,0,-1,0,0,,0,0,600p,80000000,20.000000
random_seed19001_1791548306465962_pid87,19001,random,5.300000,1,p2p_qdisc,dl,/NodeList/0/DeviceList/9,-1,0,0,-1,0,0,,0,0,10240p,80000000,20.000000
random_seed19001_1791548306465962_pid87,19001,random,5.300000,1,nr_rlc_um,dl,/NodeList/1/DeviceList/0/NrGnbRrc/UeMap/1/DataRadioBearerMap/1/NrRlc/,-1,4,1,-1,0,0,0.000000,0,0,999999999B,,
random_seed19001_1791548306465962_pid87,19001,random,5.300000,1,nr_rlc_um,dl,/NodeList/1/DeviceList/0/NrGnbRrc/UeMap/2/DataRadioBearerMap/1/NrRlc/,1,7,2,2,0,0,0.000000,0,0,999999999B,,
random_seed19001_1791548306465962_pid87,19001,random,5.300000,1,nr_rlc_um,dl,/NodeList/1/DeviceList/0/NrGnbRrc/UeMap/3/DataRadioBearerMap/1/NrRlc/,2,8,3,1,0,0,0.000000,0,0,999999999B,,
random_seed19001_1791548306465962_pid87,19001,random,5.300000,1,nr_rlc_um,dl,/NodeList/1/DeviceList/0/NrGnbRrc/UeMap/4/DataRadioBearerMap/1/NrRlc/,3,9,4,1,0,0,0.000000,0,0,999999999B,,
random_seed19001_1791548306465962_pid87,19001,random,5.300000,1,nr_rlc_um,ul,/NodeList/4/DeviceList/0/NrUeRrc/DataRadioBearerMap/1/NrRlc/,-1,4,1,-1,1,1230,0.000000,0,0,999999999B,,
random_seed19001_1791548306465962_pid87,19001,random,5.300000,1,nr_rlc_um,ul,/NodeList/7/DeviceList/0/NrUeRrc/DataRadioBearerMap/1/NrRlc/,1,7,2,2,0,0,0.000000,0,0,999999999B,,
random_seed19001_1791548306465962_pid87,19001,random,5.300000,1,nr_rlc_um,ul,/NodeList/8/DeviceList/0/NrUeRrc/DataRadioBearerMap/1/NrRlc/,2,8,3,1,0,0,0.000000,0,0,999999999B,,
random_seed19001_1791548306465962_pid87,19001,random,5.300000,1,nr_rlc_um,ul,/NodeList/9/DeviceList/0/NrUeRrc/DataRadioBearerMap/1/NrRlc/,3,9,4,1,0,0,0.000000,0,0,999999999B,,
random_seed19001_1791548306465962_pid87,19001,random,5.400000,1,p2p_device,ul,/NodeList/19/DeviceList/3,-1,0,0,-1,0,0,,0,0,600p,80000000,20.000000
random_seed19001_1791548306465962_pid87,19001,random,5.400000,1,p2p_qdisc,ul,/NodeList/19/DeviceList/3,-1,0,0,-1,0,0,,0,0,10240p,80000000,20.000000
random_seed19001_1791548306465962_pid87,19001,random,5.400000,1,p2p_device,dl,/NodeList/0/DeviceList/9,-1,0,0,-1,0,0,,0,0,600p,80000000,20.000000
random_seed19001_1791548306465962_pid87,19001,random,5.400000,1,p2p_qdisc,dl,/NodeList/0/DeviceList/9,-1,0,0,-1,0,0,,0,0,10240p,80000000,20.000000
random_seed19001_1791548306465962_pid87,19001,random,5.400000,1,nr_rlc_um,dl,/NodeList/1/DeviceList/0/NrGnbRrc/UeMap/1/DataRadioBearerMap/1/NrRlc/,-1,4,1,-1,0,0,0.000000,0,0,999999999B,,
random_seed19001_1791548306465962_pid87,19001,random,5.400000,1,nr_rlc_um,dl,/NodeList/1/DeviceList/0/NrGnbRrc/UeMap/2/DataRadioBearerMap/1/NrRlc/,1,7,2,2,0,0,0.000000,0,0,999999999B,,
random_seed19001_1791548306465962_pid87,19001,random,5.400000,1,nr_rlc_um,dl,/NodeList/1/DeviceList/0/NrGnbRrc/UeMap/3/DataRadioBearerMap/1/NrRlc/,2,8,3,1,0,0,0.000000,0,0,999999999B,,
random_seed19001_1791548306465962_pid87,19001,random,5.400000,1,nr_rlc_um,dl,/NodeList/1/DeviceList/0/NrGnbRrc/UeMap/4/DataRadioBearerMap/1/NrRlc/,3,9,4,1,0,0,0.000000,0,0,999999999B,,
random_seed19001_1791548306465962_pid87,19001,random,5.400000,1,nr_rlc_um,ul,/NodeList/4/DeviceList/0/NrUeRrc/DataRadioBearerMap/1/NrRlc/,-1,4,1,-1,0,0,0.000000,0,0,999999999B,,
random_seed19001_1791548306465962_pid87,19001,random,5.400000,1,nr_rlc_um,ul,/NodeList/7/DeviceList/0/NrUeRrc/DataRadioBearerMap/1/NrRlc/,1,7,2,2,0,0,0.000000,0,0,999999999B,,
random_seed19001_1791548306465962_pid87,19001,random,5.400000,1,nr_rlc_um,ul,/NodeList/8/DeviceList/0/NrUeRrc/DataRadioBearerMap/1/NrRlc/,2,8,3,1,0,0,0.000000,0,0,999999999B,,
random_seed19001_1791548306465962_pid87,19001,random,5.400000,1,nr_rlc_um,ul,/NodeList/9/DeviceList/0/NrUeRrc/DataRadioBearerMap/1/NrRlc/,3,9,4,1,0,0,0.000000,0,0,999999999B,,
random_seed19001_1791548306465962_pid87,19001,random,5.500000,1,p2p_device,ul,/NodeList/19/DeviceList/3,-1,0,0,-1,0,0,,0,0,600p,80000000,20.000000
random_seed19001_1791548306465962_pid87,19001,random,5.500000,1,p2p_qdisc,ul,/NodeList/19/DeviceList/3,-1,0,0,-1,0,0,,0,0,10240p,80000000,20.000000
random_seed19001_1791548306465962_pid87,19001,random,5.500000,1,p2p_device,dl,/NodeList/0/DeviceList/9,-1,0,0,-1,0,0,,0,0,600p,80000000,20.000000
random_seed19001_1791548306465962_pid87,19001,random,5.500000,1,p2p_qdisc,dl,/NodeList/0/DeviceList/9,-1,0,0,-1,0,0,,0,0,10240p,80000000,20.000000
random_seed19001_1791548306465962_pid87,19001,random,5.500000,1,nr_rlc_um,dl,/NodeList/1/DeviceList/0/NrGnbRrc/UeMap/1/DataRadioBearerMap/1/NrRlc/,-1,4,1,-1,0,0,0.000000,0,0,999999999B,,
random_seed19001_1791548306465962_pid87,19001,random,5.500000,1,nr_rlc_um,dl,/NodeList/1/DeviceList/0/NrGnbRrc/UeMap/2/DataRadioBearerMap/1/NrRlc/,1,7,2,2,0,0,0.000000,0,0,999999999B,,
random_seed19001_1791548306465962_pid87,19001,random,5.500000,1,nr_rlc_um,dl,/NodeList/1/DeviceList/0/NrGnbRrc/UeMap/3/DataRadioBearerMap/1/NrRlc/,2,8,3,1,0,0,0.000000,0,0,999999999B,,
random_seed19001_1791548306465962_pid87,19001,random,5.500000,1,nr_rlc_um,dl,/NodeList/1/DeviceList/0/NrGnbRrc/UeMap/4/DataRadioBearerMap/1/NrRlc/,3,9,4,1,0,0,0.000000,0,0,999999999B,,
random_seed19001_1791548306465962_pid87,19001,random,5.500000,1,nr_rlc_um,ul,/NodeList/4/DeviceList/0/NrUeRrc/DataRadioBearerMap/1/NrRlc/,-1,4,1,-1,1,1230,0.000000,0,0,999999999B,,
random_seed19001_1791548306465962_pid87,19001,random,5.500000,1,nr_rlc_um,ul,/NodeList/7/DeviceList/0/NrUeRrc/DataRadioBearerMap/1/NrRlc/,1,7,2,2,0,0,0.000000,0,0,999999999B,,
random_seed19001_1791548306465962_pid87,19001,random,5.500000,1,nr_rlc_um,ul,/NodeList/8/DeviceList/0/NrUeRrc/DataRadioBearerMap/1/NrRlc/,2,8,3,1,0,0,0.000000,0,0,999999999B,,
random_seed19001_1791548306465962_pid87,19001,random,5.500000,1,nr_rlc_um,ul,/NodeList/9/DeviceList/0/NrUeRrc/DataRadioBearerMap/1/NrRlc/,3,9,4,1,0,0,0.000000,0,0,999999999B,,
random_seed19001_1791548306465962_pid87,19001,random,5.600000,1,p2p_device,ul,/NodeList/19/DeviceList/3,-1,0,0,-1,0,0,,0,0,600p,80000000,20.000000
random_seed19001_1791548306465962_pid87,19001,random,5.600000,1,p2p_qdisc,ul,/NodeList/19/DeviceList/3,-1,0,0,-1,0,0,,0,0,10240p,80000000,20.000000
random_seed19001_1791548306465962_pid87,19001,random,5.600000,1,p2p_device,dl,/NodeList/0/DeviceList/9,-1,0,0,-1,0,0,,0,0,600p,80000000,20.000000
random_seed19001_1791548306465962_pid87,19001,random,5.600000,1,p2p_qdisc,dl,/NodeList/0/DeviceList/9,-1,0,0,-1,0,0,,0,0,10240p,80000000,20.000000
random_seed19001_1791548306465962_pid87,19001,random,5.600000,1,nr_rlc_um,dl,/NodeList/1/DeviceList/0/NrGnbRrc/UeMap/1/DataRadioBearerMap/1/NrRlc/,-1,4,1,-1,0,0,0.000000,0,0,999999999B,,
random_seed19001_1791548306465962_pid87,19001,random,5.600000,1,nr_rlc_um,dl,/NodeList/1/DeviceList/0/NrGnbRrc/UeMap/2/DataRadioBearerMap/1/NrRlc/,1,7,2,2,0,0,0.000000,0,0,999999999B,,
random_seed19001_1791548306465962_pid87,19001,random,5.600000,1,nr_rlc_um,dl,/NodeList/1/DeviceList/0/NrGnbRrc/UeMap/3/DataRadioBearerMap/1/NrRlc/,2,8,3,1,0,0,0.000000,0,0,999999999B,,
random_seed19001_1791548306465962_pid87,19001,random,5.600000,1,nr_rlc_um,dl,/NodeList/1/DeviceList/0/NrGnbRrc/UeMap/4/DataRadioBearerMap/1/NrRlc/,3,9,4,1,0,0,0.000000,0,0,999999999B,,
random_seed19001_1791548306465962_pid87,19001,random,5.600000,1,nr_rlc_um,ul,/NodeList/4/DeviceList/0/NrUeRrc/DataRadioBearerMap/1/NrRlc/,-1,4,1,-1,0,0,0.000000,0,0,999999999B,,
random_seed19001_1791548306465962_pid87,19001,random,5.600000,1,nr_rlc_um,ul,/NodeList/7/DeviceList/0/NrUeRrc/DataRadioBearerMap/1/NrRlc/,1,7,2,2,0,0,0.000000,0,0,999999999B,,
random_seed19001_1791548306465962_pid87,19001,random,5.600000,1,nr_rlc_um,ul,/NodeList/8/DeviceList/0/NrUeRrc/DataRadioBearerMap/1/NrRlc/,2,8,3,1,0,0,0.000000,0,0,999999999B,,
random_seed19001_1791548306465962_pid87,19001,random,5.600000,1,nr_rlc_um,ul,/NodeList/9/DeviceList/0/NrUeRrc/DataRadioBearerMap/1/NrRlc/,3,9,4,1,0,0,0.000000,0,0,999999999B,,
random_seed19001_1791548306465962_pid87,19001,random,5.700000,1,p2p_device,ul,/NodeList/19/DeviceList/3,-1,0,0,-1,0,0,,0,0,600p,80000000,20.000000
random_seed19001_1791548306465962_pid87,19001,random,5.700000,1,p2p_qdisc,ul,/NodeList/19/DeviceList/3,-1,0,0,-1,0,0,,0,0,10240p,80000000,20.000000
random_seed19001_1791548306465962_pid87,19001,random,5.700000,1,p2p_device,dl,/NodeList/0/DeviceList/9,-1,0,0,-1,0,0,,0,0,600p,80000000,20.000000
random_seed19001_1791548306465962_pid87,19001,random,5.700000,1,p2p_qdisc,dl,/NodeList/0/DeviceList/9,-1,0,0,-1,0,0,,0,0,10240p,80000000,20.000000
random_seed19001_1791548306465962_pid87,19001,random,5.700000,1,nr_rlc_um,dl,/NodeList/1/DeviceList/0/NrGnbRrc/UeMap/1/DataRadioBearerMap/1/NrRlc/,-1,4,1,-1,0,0,0.000000,0,0,999999999B,,
random_seed19001_1791548306465962_pid87,19001,random,5.700000,1,nr_rlc_um,dl,/NodeList/1/DeviceList/0/NrGnbRrc/UeMap/2/DataRadioBearerMap/1/NrRlc/,1,7,2,2,0,0,0.000000,0,0,999999999B,,
random_seed19001_1791548306465962_pid87,19001,random,5.700000,1,nr_rlc_um,dl,/NodeList/1/DeviceList/0/NrGnbRrc/UeMap/3/DataRadioBearerMap/1/NrRlc/,2,8,3,1,0,0,0.000000,0,0,999999999B,,
random_seed19001_1791548306465962_pid87,19001,random,5.700000,1,nr_rlc_um,dl,/NodeList/1/DeviceList/0/NrGnbRrc/UeMap/4/DataRadioBearerMap/1/NrRlc/,3,9,4,1,0,0,0.000000,0,0,999999999B,,
random_seed19001_1791548306465962_pid87,19001,random,5.700000,1,nr_rlc_um,ul,/NodeList/4/DeviceList/0/NrUeRrc/DataRadioBearerMap/1/NrRlc/,-1,4,1,-1,1,1230,0.000000,0,0,999999999B,,
random_seed19001_1791548306465962_pid87,19001,random,5.700000,1,nr_rlc_um,ul,/NodeList/7/DeviceList/0/NrUeRrc/DataRadioBearerMap/1/NrRlc/,1,7,2,2,0,0,0.000000,0,0,999999999B,,
random_seed19001_1791548306465962_pid87,19001,random,5.700000,1,nr_rlc_um,ul,/NodeList/8/DeviceList/0/NrUeRrc/DataRadioBearerMap/1/NrRlc/,2,8,3,1,0,0,0.000000,0,0,999999999B,,
random_seed19001_1791548306465962_pid87,19001,random,5.700000,1,nr_rlc_um,ul,/NodeList/9/DeviceList/0/NrUeRrc/DataRadioBearerMap/1/NrRlc/,3,9,4,1,0,0,0.000000,0,0,999999999B,,
random_seed19001_1791548306465962_pid87,19001,random,5.800000,1,p2p_device,ul,/NodeList/19/DeviceList/3,-1,0,0,-1,0,0,,0,0,600p,80000000,20.000000
random_seed19001_1791548306465962_pid87,19001,random,5.800000,1,p2p_qdisc,ul,/NodeList/19/DeviceList/3,-1,0,0,-1,0,0,,0,0,10240p,80000000,20.000000
random_seed19001_1791548306465962_pid87,19001,random,5.800000,1,p2p_device,dl,/NodeList/0/DeviceList/9,-1,0,0,-1,0,0,,0,0,600p,80000000,20.000000
random_seed19001_1791548306465962_pid87,19001,random,5.800000,1,p2p_qdisc,dl,/NodeList/0/DeviceList/9,-1,0,0,-1,0,0,,0,0,10240p,80000000,20.000000
random_seed19001_1791548306465962_pid87,19001,random,5.800000,1,nr_rlc_um,dl,/NodeList/1/DeviceList/0/NrGnbRrc/UeMap/1/DataRadioBearerMap/1/NrRlc/,-1,4,1,-1,0,0,0.000000,0,0,999999999B,,
random_seed19001_1791548306465962_pid87,19001,random,5.800000,1,nr_rlc_um,dl,/NodeList/1/DeviceList/0/NrGnbRrc/UeMap/2/DataRadioBearerMap/1/NrRlc/,1,7,2,2,0,0,0.000000,0,0,999999999B,,
random_seed19001_1791548306465962_pid87,19001,random,5.800000,1,nr_rlc_um,dl,/NodeList/1/DeviceList/0/NrGnbRrc/UeMap/3/DataRadioBearerMap/1/NrRlc/,2,8,3,1,0,0,0.000000,0,0,999999999B,,
random_seed19001_1791548306465962_pid87,19001,random,5.800000,1,nr_rlc_um,dl,/NodeList/1/DeviceList/0/NrGnbRrc/UeMap/4/DataRadioBearerMap/1/NrRlc/,3,9,4,1,0,0,0.000000,0,0,999999999B,,
random_seed19001_1791548306465962_pid87,19001,random,5.800000,1,nr_rlc_um,ul,/NodeList/4/DeviceList/0/NrUeRrc/DataRadioBearerMap/1/NrRlc/,-1,4,1,-1,0,0,0.000000,0,0,999999999B,,
random_seed19001_1791548306465962_pid87,19001,random,5.800000,1,nr_rlc_um,ul,/NodeList/7/DeviceList/0/NrUeRrc/DataRadioBearerMap/1/NrRlc/,1,7,2,2,0,0,0.000000,0,0,999999999B,,
random_seed19001_1791548306465962_pid87,19001,random,5.800000,1,nr_rlc_um,ul,/NodeList/8/DeviceList/0/NrUeRrc/DataRadioBearerMap/1/NrRlc/,2,8,3,1,0,0,0.000000,0,0,999999999B,,
random_seed19001_1791548306465962_pid87,19001,random,5.800000,1,nr_rlc_um,ul,/NodeList/9/DeviceList/0/NrUeRrc/DataRadioBearerMap/1/NrRlc/,3,9,4,1,0,0,0.000000,0,0,999999999B,,
random_seed19001_1791548306465962_pid87,19001,random,5.900000,1,p2p_device,ul,/NodeList/19/DeviceList/3,-1,0,0,-1,0,0,,0,0,600p,80000000,20.000000
random_seed19001_1791548306465962_pid87,19001,random,5.900000,1,p2p_qdisc,ul,/NodeList/19/DeviceList/3,-1,0,0,-1,0,0,,0,0,10240p,80000000,20.000000
random_seed19001_1791548306465962_pid87,19001,random,5.900000,1,p2p_device,dl,/NodeList/0/DeviceList/9,-1,0,0,-1,0,0,,0,0,600p,80000000,20.000000
random_seed19001_1791548306465962_pid87,19001,random,5.900000,1,p2p_qdisc,dl,/NodeList/0/DeviceList/9,-1,0,0,-1,0,0,,0,0,10240p,80000000,20.000000
random_seed19001_1791548306465962_pid87,19001,random,5.900000,1,nr_rlc_um,dl,/NodeList/1/DeviceList/0/NrGnbRrc/UeMap/1/DataRadioBearerMap/1/NrRlc/,-1,4,1,-1,0,0,0.000000,0,0,999999999B,,
random_seed19001_1791548306465962_pid87,19001,random,5.900000,1,nr_rlc_um,dl,/NodeList/1/DeviceList/0/NrGnbRrc/UeMap/2/DataRadioBearerMap/1/NrRlc/,1,7,2,2,0,0,0.000000,0,0,999999999B,,
random_seed19001_1791548306465962_pid87,19001,random,5.900000,1,nr_rlc_um,dl,/NodeList/1/DeviceList/0/NrGnbRrc/UeMap/3/DataRadioBearerMap/1/NrRlc/,2,8,3,1,0,0,0.000000,0,0,999999999B,,
random_seed19001_1791548306465962_pid87,19001,random,5.900000,1,nr_rlc_um,dl,/NodeList/1/DeviceList/0/NrGnbRrc/UeMap/4/DataRadioBearerMap/1/NrRlc/,3,9,4,1,0,0,0.000000,0,0,999999999B,,
random_seed19001_1791548306465962_pid87,19001,random,5.900000,1,nr_rlc_um,ul,/NodeList/4/DeviceList/0/NrUeRrc/DataRadioBearerMap/1/NrRlc/,-1,4,1,-1,1,1230,0.000000,0,0,999999999B,,
random_seed19001_1791548306465962_pid87,19001,random,5.900000,1,nr_rlc_um,ul,/NodeList/7/DeviceList/0/NrUeRrc/DataRadioBearerMap/1/NrRlc/,1,7,2,2,0,0,0.000000,0,0,999999999B,,
random_seed19001_1791548306465962_pid87,19001,random,5.900000,1,nr_rlc_um,ul,/NodeList/8/DeviceList/0/NrUeRrc/DataRadioBearerMap/1/NrRlc/,2,8,3,1,0,0,0.000000,0,0,999999999B,,
random_seed19001_1791548306465962_pid87,19001,random,5.900000,1,nr_rlc_um,ul,/NodeList/9/DeviceList/0/NrUeRrc/DataRadioBearerMap/1/NrRlc/,3,9,4,1,0,0,0.000000,0,0,999999999B,,
random_seed19001_1791548306465962_pid87,19001,random,6.000000,1,p2p_device,ul,/NodeList/19/DeviceList/3,-1,0,0,-1,0,0,,0,0,600p,80000000,20.000000
random_seed19001_1791548306465962_pid87,19001,random,6.000000,1,p2p_qdisc,ul,/NodeList/19/DeviceList/3,-1,0,0,-1,0,0,,0,0,10240p,80000000,20.000000
random_seed19001_1791548306465962_pid87,19001,random,6.000000,1,p2p_device,dl,/NodeList/0/DeviceList/9,-1,0,0,-1,0,0,,0,0,600p,80000000,20.000000
random_seed19001_1791548306465962_pid87,19001,random,6.000000,1,p2p_qdisc,dl,/NodeList/0/DeviceList/9,-1,0,0,-1,0,0,,0,0,10240p,80000000,20.000000
random_seed19001_1791548306465962_pid87,19001,random,6.000000,1,nr_rlc_um,dl,/NodeList/1/DeviceList/0/NrGnbRrc/UeMap/1/DataRadioBearerMap/1/NrRlc/,-1,4,1,-1,0,0,0.000000,0,0,999999999B,,
random_seed19001_1791548306465962_pid87,19001,random,6.000000,1,nr_rlc_um,dl,/NodeList/1/DeviceList/0/NrGnbRrc/UeMap/2/DataRadioBearerMap/1/NrRlc/,1,7,2,2,0,0,0.000000,0,0,999999999B,,
random_seed19001_1791548306465962_pid87,19001,random,6.000000,1,nr_rlc_um,dl,/NodeList/1/DeviceList/0/NrGnbRrc/UeMap/3/DataRadioBearerMap/1/NrRlc/,2,8,3,1,0,0,0.000000,0,0,999999999B,,
random_seed19001_1791548306465962_pid87,19001,random,6.000000,1,nr_rlc_um,dl,/NodeList/1/DeviceList/0/NrGnbRrc/UeMap/4/DataRadioBearerMap/1/NrRlc/,3,9,4,1,0,0,0.000000,0,0,999999999B,,
random_seed19001_1791548306465962_pid87,19001,random,6.000000,1,nr_rlc_um,ul,/NodeList/4/DeviceList/0/NrUeRrc/DataRadioBearerMap/1/NrRlc/,-1,4,1,-1,0,0,0.000000,0,0,999999999B,,
random_seed19001_1791548306465962_pid87,19001,random,6.000000,1,nr_rlc_um,ul,/NodeList/7/DeviceList/0/NrUeRrc/DataRadioBearerMap/1/NrRlc/,1,7,2,2,0,0,0.000000,0,0,999999999B,,
random_seed19001_1791548306465962_pid87,19001,random,6.000000,1,nr_rlc_um,ul,/NodeList/8/DeviceList/0/NrUeRrc/DataRadioBearerMap/1/NrRlc/,2,8,3,1,0,0,0.000000,0,0,999999999B,,
random_seed19001_1791548306465962_pid87,19001,random,6.000000,1,nr_rlc_um,ul,/NodeList/9/DeviceList/0/NrUeRrc/DataRadioBearerMap/1/NrRlc/,3,9,4,1,0,0,0.000000,0,0,999999999B,,
random_seed19001_1791548306465962_pid87,19001,random,6.100000,1,p2p_device,ul,/NodeList/19/DeviceList/3,-1,0,0,-1,0,0,,0,0,600p,80000000,20.000000
random_seed19001_1791548306465962_pid87,19001,random,6.100000,1,p2p_qdisc,ul,/NodeList/19/DeviceList/3,-1,0,0,-1,0,0,,0,0,10240p,80000000,20.000000
random_seed19001_1791548306465962_pid87,19001,random,6.100000,1,p2p_device,dl,/NodeList/0/DeviceList/9,-1,0,0,-1,0,0,,0,0,600p,80000000,20.000000
random_seed19001_1791548306465962_pid87,19001,random,6.100000,1,p2p_qdisc,dl,/NodeList/0/DeviceList/9,-1,0,0,-1,0,0,,0,0,10240p,80000000,20.000000
random_seed19001_1791548306465962_pid87,19001,random,6.100000,1,nr_rlc_um,dl,/NodeList/1/DeviceList/0/NrGnbRrc/UeMap/1/DataRadioBearerMap/1/NrRlc/,-1,4,1,-1,0,0,0.000000,0,0,999999999B,,
random_seed19001_1791548306465962_pid87,19001,random,6.100000,1,nr_rlc_um,dl,/NodeList/1/DeviceList/0/NrGnbRrc/UeMap/2/DataRadioBearerMap/1/NrRlc/,1,7,2,2,0,0,0.000000,0,0,999999999B,,
random_seed19001_1791548306465962_pid87,19001,random,6.100000,1,nr_rlc_um,dl,/NodeList/1/DeviceList/0/NrGnbRrc/UeMap/3/DataRadioBearerMap/1/NrRlc/,2,8,3,1,0,0,0.000000,0,0,999999999B,,
random_seed19001_1791548306465962_pid87,19001,random,6.100000,1,nr_rlc_um,dl,/NodeList/1/DeviceList/0/NrGnbRrc/UeMap/4/DataRadioBearerMap/1/NrRlc/,3,9,4,1,0,0,0.000000,0,0,999999999B,,
random_seed19001_1791548306465962_pid87,19001,random,6.100000,1,nr_rlc_um,ul,/NodeList/4/DeviceList/0/NrUeRrc/DataRadioBearerMap/1/NrRlc/,-1,4,1,-1,1,1230,0.000000,0,0,999999999B,,
random_seed19001_1791548306465962_pid87,19001,random,6.100000,1,nr_rlc_um,ul,/NodeList/7/DeviceList/0/NrUeRrc/DataRadioBearerMap/1/NrRlc/,1,7,2,2,0,0,0.000000,0,0,999999999B,,
random_seed19001_1791548306465962_pid87,19001,random,6.100000,1,nr_rlc_um,ul,/NodeList/8/DeviceList/0/NrUeRrc/DataRadioBearerMap/1/NrRlc/,2,8,3,1,0,0,0.000000,0,0,999999999B,,
random_seed19001_1791548306465962_pid87,19001,random,6.100000,1,nr_rlc_um,ul,/NodeList/9/DeviceList/0/NrUeRrc/DataRadioBearerMap/1/NrRlc/,3,9,4,1,0,0,0.000000,0,0,999999999B,,
random_seed19001_1791548306465962_pid87,19001,random,6.200000,1,p2p_device,ul,/NodeList/19/DeviceList/3,-1,0,0,-1,0,0,,0,0,600p,80000000,20.000000
random_seed19001_1791548306465962_pid87,19001,random,6.200000,1,p2p_qdisc,ul,/NodeList/19/DeviceList/3,-1,0,0,-1,0,0,,0,0,10240p,80000000,20.000000
random_seed19001_1791548306465962_pid87,19001,random,6.200000,1,p2p_device,dl,/NodeList/0/DeviceList/9,-1,0,0,-1,0,0,,0,0,600p,80000000,20.000000
random_seed19001_1791548306465962_pid87,19001,random,6.200000,1,p2p_qdisc,dl,/NodeList/0/DeviceList/9,-1,0,0,-1,0,0,,0,0,10240p,80000000,20.000000
random_seed19001_1791548306465962_pid87,19001,random,6.200000,1,nr_rlc_um,dl,/NodeList/1/DeviceList/0/NrGnbRrc/UeMap/1/DataRadioBearerMap/1/NrRlc/,-1,4,1,-1,0,0,0.000000,0,0,999999999B,,
random_seed19001_1791548306465962_pid87,19001,random,6.200000,1,nr_rlc_um,dl,/NodeList/1/DeviceList/0/NrGnbRrc/UeMap/2/DataRadioBearerMap/1/NrRlc/,1,7,2,2,0,0,0.000000,0,0,999999999B,,
random_seed19001_1791548306465962_pid87,19001,random,6.200000,1,nr_rlc_um,dl,/NodeList/1/DeviceList/0/NrGnbRrc/UeMap/3/DataRadioBearerMap/1/NrRlc/,2,8,3,1,0,0,0.000000,0,0,999999999B,,
random_seed19001_1791548306465962_pid87,19001,random,6.200000,1,nr_rlc_um,dl,/NodeList/1/DeviceList/0/NrGnbRrc/UeMap/4/DataRadioBearerMap/1/NrRlc/,3,9,4,1,0,0,0.000000,0,0,999999999B,,
random_seed19001_1791548306465962_pid87,19001,random,6.200000,1,nr_rlc_um,ul,/NodeList/4/DeviceList/0/NrUeRrc/DataRadioBearerMap/1/NrRlc/,-1,4,1,-1,0,0,0.000000,0,0,999999999B,,
random_seed19001_1791548306465962_pid87,19001,random,6.200000,1,nr_rlc_um,ul,/NodeList/7/DeviceList/0/NrUeRrc/DataRadioBearerMap/1/NrRlc/,1,7,2,2,0,0,0.000000,0,0,999999999B,,
random_seed19001_1791548306465962_pid87,19001,random,6.200000,1,nr_rlc_um,ul,/NodeList/8/DeviceList/0/NrUeRrc/DataRadioBearerMap/1/NrRlc/,2,8,3,1,0,0,0.000000,0,0,999999999B,,
random_seed19001_1791548306465962_pid87,19001,random,6.200000,1,nr_rlc_um,ul,/NodeList/9/DeviceList/0/NrUeRrc/DataRadioBearerMap/1/NrRlc/,3,9,4,1,0,0,0.000000,0,0,999999999B,,
random_seed19001_1791548306465962_pid87,19001,random,6.300000,1,p2p_device,ul,/NodeList/19/DeviceList/3,-1,0,0,-1,0,0,,0,0,600p,80000000,20.000000
random_seed19001_1791548306465962_pid87,19001,random,6.300000,1,p2p_qdisc,ul,/NodeList/19/DeviceList/3,-1,0,0,-1,0,0,,0,0,10240p,80000000,20.000000
random_seed19001_1791548306465962_pid87,19001,random,6.300000,1,p2p_device,dl,/NodeList/0/DeviceList/9,-1,0,0,-1,0,0,,0,0,600p,80000000,20.000000
random_seed19001_1791548306465962_pid87,19001,random,6.300000,1,p2p_qdisc,dl,/NodeList/0/DeviceList/9,-1,0,0,-1,0,0,,0,0,10240p,80000000,20.000000
random_seed19001_1791548306465962_pid87,19001,random,6.300000,1,nr_rlc_um,dl,/NodeList/1/DeviceList/0/NrGnbRrc/UeMap/1/DataRadioBearerMap/1/NrRlc/,-1,4,1,-1,0,0,0.000000,0,0,999999999B,,
random_seed19001_1791548306465962_pid87,19001,random,6.300000,1,nr_rlc_um,dl,/NodeList/1/DeviceList/0/NrGnbRrc/UeMap/2/DataRadioBearerMap/1/NrRlc/,1,7,2,2,0,0,0.000000,0,0,999999999B,,
random_seed19001_1791548306465962_pid87,19001,random,6.300000,1,nr_rlc_um,dl,/NodeList/1/DeviceList/0/NrGnbRrc/UeMap/3/DataRadioBearerMap/1/NrRlc/,2,8,3,1,0,0,0.000000,0,0,999999999B,,
random_seed19001_1791548306465962_pid87,19001,random,6.300000,1,nr_rlc_um,dl,/NodeList/1/DeviceList/0/NrGnbRrc/UeMap/4/DataRadioBearerMap/1/NrRlc/,3,9,4,1,0,0,0.000000,0,0,999999999B,,
random_seed19001_1791548306465962_pid87,19001,random,6.300000,1,nr_rlc_um,ul,/NodeList/4/DeviceList/0/NrUeRrc/DataRadioBearerMap/1/NrRlc/,-1,4,1,-1,1,1230,0.000000,0,0,999999999B,,
random_seed19001_1791548306465962_pid87,19001,random,6.300000,1,nr_rlc_um,ul,/NodeList/7/DeviceList/0/NrUeRrc/DataRadioBearerMap/1/NrRlc/,1,7,2,2,0,0,0.000000,0,0,999999999B,,
random_seed19001_1791548306465962_pid87,19001,random,6.300000,1,nr_rlc_um,ul,/NodeList/8/DeviceList/0/NrUeRrc/DataRadioBearerMap/1/NrRlc/,2,8,3,1,0,0,0.000000,0,0,999999999B,,
random_seed19001_1791548306465962_pid87,19001,random,6.300000,1,nr_rlc_um,ul,/NodeList/9/DeviceList/0/NrUeRrc/DataRadioBearerMap/1/NrRlc/,3,9,4,1,0,0,0.000000,0,0,999999999B,,
random_seed19001_1791548306465962_pid87,19001,random,6.400000,1,p2p_device,ul,/NodeList/19/DeviceList/3,-1,0,0,-1,0,0,,0,0,600p,80000000,20.000000
random_seed19001_1791548306465962_pid87,19001,random,6.400000,1,p2p_qdisc,ul,/NodeList/19/DeviceList/3,-1,0,0,-1,0,0,,0,0,10240p,80000000,20.000000
random_seed19001_1791548306465962_pid87,19001,random,6.400000,1,p2p_device,dl,/NodeList/0/DeviceList/9,-1,0,0,-1,0,0,,0,0,600p,80000000,20.000000
random_seed19001_1791548306465962_pid87,19001,random,6.400000,1,p2p_qdisc,dl,/NodeList/0/DeviceList/9,-1,0,0,-1,0,0,,0,0,10240p,80000000,20.000000
random_seed19001_1791548306465962_pid87,19001,random,6.400000,1,nr_rlc_um,dl,/NodeList/1/DeviceList/0/NrGnbRrc/UeMap/1/DataRadioBearerMap/1/NrRlc/,-1,4,1,-1,0,0,0.000000,0,0,999999999B,,
random_seed19001_1791548306465962_pid87,19001,random,6.400000,1,nr_rlc_um,dl,/NodeList/1/DeviceList/0/NrGnbRrc/UeMap/2/DataRadioBearerMap/1/NrRlc/,1,7,2,2,0,0,0.000000,0,0,999999999B,,
random_seed19001_1791548306465962_pid87,19001,random,6.400000,1,nr_rlc_um,dl,/NodeList/1/DeviceList/0/NrGnbRrc/UeMap/3/DataRadioBearerMap/1/NrRlc/,2,8,3,1,0,0,0.000000,0,0,999999999B,,
random_seed19001_1791548306465962_pid87,19001,random,6.400000,1,nr_rlc_um,dl,/NodeList/1/DeviceList/0/NrGnbRrc/UeMap/4/DataRadioBearerMap/1/NrRlc/,3,9,4,1,0,0,0.000000,0,0,999999999B,,
random_seed19001_1791548306465962_pid87,19001,random,6.400000,1,nr_rlc_um,ul,/NodeList/4/DeviceList/0/NrUeRrc/DataRadioBearerMap/1/NrRlc/,-1,4,1,-1,0,0,0.000000,0,0,999999999B,,
random_seed19001_1791548306465962_pid87,19001,random,6.400000,1,nr_rlc_um,ul,/NodeList/7/DeviceList/0/NrUeRrc/DataRadioBearerMap/1/NrRlc/,1,7,2,2,0,0,0.000000,0,0,999999999B,,
random_seed19001_1791548306465962_pid87,19001,random,6.400000,1,nr_rlc_um,ul,/NodeList/8/DeviceList/0/NrUeRrc/DataRadioBearerMap/1/NrRlc/,2,8,3,1,0,0,0.000000,0,0,999999999B,,
random_seed19001_1791548306465962_pid87,19001,random,6.400000,1,nr_rlc_um,ul,/NodeList/9/DeviceList/0/NrUeRrc/DataRadioBearerMap/1/NrRlc/,3,9,4,1,0,0,0.000000,0,0,999999999B,,
random_seed19001_1791548306465962_pid87,19001,random,6.500000,1,p2p_device,ul,/NodeList/19/DeviceList/3,-1,0,0,-1,0,0,,0,0,600p,80000000,20.000000
random_seed19001_1791548306465962_pid87,19001,random,6.500000,1,p2p_qdisc,ul,/NodeList/19/DeviceList/3,-1,0,0,-1,0,0,,0,0,10240p,80000000,20.000000
random_seed19001_1791548306465962_pid87,19001,random,6.500000,1,p2p_device,dl,/NodeList/0/DeviceList/9,-1,0,0,-1,0,0,,0,0,600p,80000000,20.000000
random_seed19001_1791548306465962_pid87,19001,random,6.500000,1,p2p_qdisc,dl,/NodeList/0/DeviceList/9,-1,0,0,-1,0,0,,0,0,10240p,80000000,20.000000
random_seed19001_1791548306465962_pid87,19001,random,6.500000,1,nr_rlc_um,dl,/NodeList/1/DeviceList/0/NrGnbRrc/UeMap/1/DataRadioBearerMap/1/NrRlc/,-1,4,1,-1,0,0,0.000000,0,0,999999999B,,
random_seed19001_1791548306465962_pid87,19001,random,6.500000,1,nr_rlc_um,dl,/NodeList/1/DeviceList/0/NrGnbRrc/UeMap/2/DataRadioBearerMap/1/NrRlc/,1,7,2,2,0,0,0.000000,0,0,999999999B,,
random_seed19001_1791548306465962_pid87,19001,random,6.500000,1,nr_rlc_um,dl,/NodeList/1/DeviceList/0/NrGnbRrc/UeMap/3/DataRadioBearerMap/1/NrRlc/,2,8,3,1,0,0,0.000000,0,0,999999999B,,
random_seed19001_1791548306465962_pid87,19001,random,6.500000,1,nr_rlc_um,dl,/NodeList/1/DeviceList/0/NrGnbRrc/UeMap/4/DataRadioBearerMap/1/NrRlc/,3,9,4,1,0,0,0.000000,0,0,999999999B,,
random_seed19001_1791548306465962_pid87,19001,random,6.500000,1,nr_rlc_um,ul,/NodeList/4/DeviceList/0/NrUeRrc/DataRadioBearerMap/1/NrRlc/,-1,4,1,-1,1,1230,0.000000,0,0,999999999B,,
random_seed19001_1791548306465962_pid87,19001,random,6.500000,1,nr_rlc_um,ul,/NodeList/7/DeviceList/0/NrUeRrc/DataRadioBearerMap/1/NrRlc/,1,7,2,2,0,0,0.000000,0,0,999999999B,,
random_seed19001_1791548306465962_pid87,19001,random,6.500000,1,nr_rlc_um,ul,/NodeList/8/DeviceList/0/NrUeRrc/DataRadioBearerMap/1/NrRlc/,2,8,3,1,0,0,0.000000,0,0,999999999B,,
random_seed19001_1791548306465962_pid87,19001,random,6.500000,1,nr_rlc_um,ul,/NodeList/9/DeviceList/0/NrUeRrc/DataRadioBearerMap/1/NrRlc/,3,9,4,1,0,0,0.000000,0,0,999999999B,,
random_seed19001_1791548306465962_pid87,19001,random,6.600000,1,p2p_device,ul,/NodeList/19/DeviceList/3,-1,0,0,-1,0,0,,0,0,600p,80000000,20.000000
random_seed19001_1791548306465962_pid87,19001,random,6.600000,1,p2p_qdisc,ul,/NodeList/19/DeviceList/3,-1,0,0,-1,0,0,,0,0,10240p,80000000,20.000000
random_seed19001_1791548306465962_pid87,19001,random,6.600000,1,p2p_device,dl,/NodeList/0/DeviceList/9,-1,0,0,-1,0,0,,0,0,600p,80000000,20.000000
random_seed19001_1791548306465962_pid87,19001,random,6.600000,1,p2p_qdisc,dl,/NodeList/0/DeviceList/9,-1,0,0,-1,0,0,,0,0,10240p,80000000,20.000000
random_seed19001_1791548306465962_pid87,19001,random,6.600000,1,nr_rlc_um,dl,/NodeList/1/DeviceList/0/NrGnbRrc/UeMap/1/DataRadioBearerMap/1/NrRlc/,-1,4,1,-1,0,0,0.000000,0,0,999999999B,,
random_seed19001_1791548306465962_pid87,19001,random,6.600000,1,nr_rlc_um,dl,/NodeList/1/DeviceList/0/NrGnbRrc/UeMap/2/DataRadioBearerMap/1/NrRlc/,1,7,2,2,0,0,0.000000,0,0,999999999B,,
random_seed19001_1791548306465962_pid87,19001,random,6.600000,1,nr_rlc_um,dl,/NodeList/1/DeviceList/0/NrGnbRrc/UeMap/3/DataRadioBearerMap/1/NrRlc/,2,8,3,1,0,0,0.000000,0,0,999999999B,,
random_seed19001_1791548306465962_pid87,19001,random,6.600000,1,nr_rlc_um,dl,/NodeList/1/DeviceList/0/NrGnbRrc/UeMap/4/DataRadioBearerMap/1/NrRlc/,3,9,4,1,0,0,0.000000,0,0,999999999B,,
random_seed19001_1791548306465962_pid87,19001,random,6.600000,1,nr_rlc_um,ul,/NodeList/4/DeviceList/0/NrUeRrc/DataRadioBearerMap/1/NrRlc/,-1,4,1,-1,0,0,0.000000,0,0,999999999B,,
random_seed19001_1791548306465962_pid87,19001,random,6.600000,1,nr_rlc_um,ul,/NodeList/7/DeviceList/0/NrUeRrc/DataRadioBearerMap/1/NrRlc/,1,7,2,2,0,0,0.000000,0,0,999999999B,,
random_seed19001_1791548306465962_pid87,19001,random,6.600000,1,nr_rlc_um,ul,/NodeList/8/DeviceList/0/NrUeRrc/DataRadioBearerMap/1/NrRlc/,2,8,3,1,0,0,0.000000,0,0,999999999B,,
random_seed19001_1791548306465962_pid87,19001,random,6.600000,1,nr_rlc_um,ul,/NodeList/9/DeviceList/0/NrUeRrc/DataRadioBearerMap/1/NrRlc/,3,9,4,1,0,0,0.000000,0,0,999999999B,,
random_seed19001_1791548306465962_pid87,19001,random,6.700000,1,p2p_device,ul,/NodeList/19/DeviceList/3,-1,0,0,-1,0,0,,0,0,600p,80000000,20.000000
random_seed19001_1791548306465962_pid87,19001,random,6.700000,1,p2p_qdisc,ul,/NodeList/19/DeviceList/3,-1,0,0,-1,0,0,,0,0,10240p,80000000,20.000000
random_seed19001_1791548306465962_pid87,19001,random,6.700000,1,p2p_device,dl,/NodeList/0/DeviceList/9,-1,0,0,-1,0,0,,0,0,600p,80000000,20.000000
random_seed19001_1791548306465962_pid87,19001,random,6.700000,1,p2p_qdisc,dl,/NodeList/0/DeviceList/9,-1,0,0,-1,0,0,,0,0,10240p,80000000,20.000000
random_seed19001_1791548306465962_pid87,19001,random,6.700000,1,nr_rlc_um,dl,/NodeList/1/DeviceList/0/NrGnbRrc/UeMap/1/DataRadioBearerMap/1/NrRlc/,-1,4,1,-1,0,0,0.000000,0,0,999999999B,,
random_seed19001_1791548306465962_pid87,19001,random,6.700000,1,nr_rlc_um,dl,/NodeList/1/DeviceList/0/NrGnbRrc/UeMap/2/DataRadioBearerMap/1/NrRlc/,1,7,2,2,0,0,0.000000,0,0,999999999B,,
random_seed19001_1791548306465962_pid87,19001,random,6.700000,1,nr_rlc_um,dl,/NodeList/1/DeviceList/0/NrGnbRrc/UeMap/3/DataRadioBearerMap/1/NrRlc/,2,8,3,1,0,0,0.000000,0,0,999999999B,,
random_seed19001_1791548306465962_pid87,19001,random,6.700000,1,nr_rlc_um,dl,/NodeList/1/DeviceList/0/NrGnbRrc/UeMap/4/DataRadioBearerMap/1/NrRlc/,3,9,4,1,0,0,0.000000,0,0,999999999B,,
random_seed19001_1791548306465962_pid87,19001,random,6.700000,1,nr_rlc_um,ul,/NodeList/4/DeviceList/0/NrUeRrc/DataRadioBearerMap/1/NrRlc/,-1,4,1,-1,1,1230,0.000000,0,0,999999999B,,
random_seed19001_1791548306465962_pid87,19001,random,6.700000,1,nr_rlc_um,ul,/NodeList/7/DeviceList/0/NrUeRrc/DataRadioBearerMap/1/NrRlc/,1,7,2,2,0,0,0.000000,0,0,999999999B,,
random_seed19001_1791548306465962_pid87,19001,random,6.700000,1,nr_rlc_um,ul,/NodeList/8/DeviceList/0/NrUeRrc/DataRadioBearerMap/1/NrRlc/,2,8,3,1,0,0,0.000000,0,0,999999999B,,
random_seed19001_1791548306465962_pid87,19001,random,6.700000,1,nr_rlc_um,ul,/NodeList/9/DeviceList/0/NrUeRrc/DataRadioBearerMap/1/NrRlc/,3,9,4,1,0,0,0.000000,0,0,999999999B,,
random_seed19001_1791548306465962_pid87,19001,random,6.800000,1,p2p_device,ul,/NodeList/19/DeviceList/3,-1,0,0,-1,0,0,,0,0,600p,80000000,20.000000
random_seed19001_1791548306465962_pid87,19001,random,6.800000,1,p2p_qdisc,ul,/NodeList/19/DeviceList/3,-1,0,0,-1,0,0,,0,0,10240p,80000000,20.000000
random_seed19001_1791548306465962_pid87,19001,random,6.800000,1,p2p_device,dl,/NodeList/0/DeviceList/9,-1,0,0,-1,0,0,,0,0,600p,80000000,20.000000
random_seed19001_1791548306465962_pid87,19001,random,6.800000,1,p2p_qdisc,dl,/NodeList/0/DeviceList/9,-1,0,0,-1,0,0,,0,0,10240p,80000000,20.000000
random_seed19001_1791548306465962_pid87,19001,random,6.800000,1,nr_rlc_um,dl,/NodeList/1/DeviceList/0/NrGnbRrc/UeMap/1/DataRadioBearerMap/1/NrRlc/,-1,4,1,-1,0,0,0.000000,0,0,999999999B,,
random_seed19001_1791548306465962_pid87,19001,random,6.800000,1,nr_rlc_um,dl,/NodeList/1/DeviceList/0/NrGnbRrc/UeMap/2/DataRadioBearerMap/1/NrRlc/,1,7,2,2,0,0,0.000000,0,0,999999999B,,
random_seed19001_1791548306465962_pid87,19001,random,6.800000,1,nr_rlc_um,dl,/NodeList/1/DeviceList/0/NrGnbRrc/UeMap/3/DataRadioBearerMap/1/NrRlc/,2,8,3,1,0,0,0.000000,0,0,999999999B,,
random_seed19001_1791548306465962_pid87,19001,random,6.800000,1,nr_rlc_um,dl,/NodeList/1/DeviceList/0/NrGnbRrc/UeMap/4/DataRadioBearerMap/1/NrRlc/,3,9,4,1,0,0,0.000000,0,0,999999999B,,
random_seed19001_1791548306465962_pid87,19001,random,6.800000,1,nr_rlc_um,ul,/NodeList/4/DeviceList/0/NrUeRrc/DataRadioBearerMap/1/NrRlc/,-1,4,1,-1,0,0,0.000000,0,0,999999999B,,
random_seed19001_1791548306465962_pid87,19001,random,6.800000,1,nr_rlc_um,ul,/NodeList/7/DeviceList/0/NrUeRrc/DataRadioBearerMap/1/NrRlc/,1,7,2,2,0,0,0.000000,0,0,999999999B,,
random_seed19001_1791548306465962_pid87,19001,random,6.800000,1,nr_rlc_um,ul,/NodeList/8/DeviceList/0/NrUeRrc/DataRadioBearerMap/1/NrRlc/,2,8,3,1,0,0,0.000000,0,0,999999999B,,
random_seed19001_1791548306465962_pid87,19001,random,6.800000,1,nr_rlc_um,ul,/NodeList/9/DeviceList/0/NrUeRrc/DataRadioBearerMap/1/NrRlc/,3,9,4,1,0,0,0.000000,0,0,999999999B,,
random_seed19001_1791548306465962_pid87,19001,random,6.900000,1,p2p_device,ul,/NodeList/19/DeviceList/3,-1,0,0,-1,0,0,,0,0,600p,80000000,20.000000
random_seed19001_1791548306465962_pid87,19001,random,6.900000,1,p2p_qdisc,ul,/NodeList/19/DeviceList/3,-1,0,0,-1,0,0,,0,0,10240p,80000000,20.000000
random_seed19001_1791548306465962_pid87,19001,random,6.900000,1,p2p_device,dl,/NodeList/0/DeviceList/9,-1,0,0,-1,0,0,,0,0,600p,80000000,20.000000
random_seed19001_1791548306465962_pid87,19001,random,6.900000,1,p2p_qdisc,dl,/NodeList/0/DeviceList/9,-1,0,0,-1,0,0,,0,0,10240p,80000000,20.000000
random_seed19001_1791548306465962_pid87,19001,random,6.900000,1,nr_rlc_um,dl,/NodeList/1/DeviceList/0/NrGnbRrc/UeMap/1/DataRadioBearerMap/1/NrRlc/,-1,4,1,-1,0,0,0.000000,0,0,999999999B,,
random_seed19001_1791548306465962_pid87,19001,random,6.900000,1,nr_rlc_um,dl,/NodeList/1/DeviceList/0/NrGnbRrc/UeMap/2/DataRadioBearerMap/1/NrRlc/,1,7,2,2,0,0,0.000000,0,0,999999999B,,
random_seed19001_1791548306465962_pid87,19001,random,6.900000,1,nr_rlc_um,dl,/NodeList/1/DeviceList/0/NrGnbRrc/UeMap/3/DataRadioBearerMap/1/NrRlc/,2,8,3,1,0,0,0.000000,0,0,999999999B,,
random_seed19001_1791548306465962_pid87,19001,random,6.900000,1,nr_rlc_um,dl,/NodeList/1/DeviceList/0/NrGnbRrc/UeMap/4/DataRadioBearerMap/1/NrRlc/,3,9,4,1,0,0,0.000000,0,0,999999999B,,
random_seed19001_1791548306465962_pid87,19001,random,6.900000,1,nr_rlc_um,ul,/NodeList/4/DeviceList/0/NrUeRrc/DataRadioBearerMap/1/NrRlc/,-1,4,1,-1,1,1230,0.000000,0,0,999999999B,,
random_seed19001_1791548306465962_pid87,19001,random,6.900000,1,nr_rlc_um,ul,/NodeList/7/DeviceList/0/NrUeRrc/DataRadioBearerMap/1/NrRlc/,1,7,2,2,0,0,0.000000,0,0,999999999B,,
random_seed19001_1791548306465962_pid87,19001,random,6.900000,1,nr_rlc_um,ul,/NodeList/8/DeviceList/0/NrUeRrc/DataRadioBearerMap/1/NrRlc/,2,8,3,1,0,0,0.000000,0,0,999999999B,,
random_seed19001_1791548306465962_pid87,19001,random,6.900000,1,nr_rlc_um,ul,/NodeList/9/DeviceList/0/NrUeRrc/DataRadioBearerMap/1/NrRlc/,3,9,4,1,0,0,0.000000,0,0,999999999B,,
random_seed19001_1791548306465962_pid87,19001,random,7.000000,1,p2p_device,ul,/NodeList/19/DeviceList/3,-1,0,0,-1,0,0,,0,0,600p,80000000,20.000000
random_seed19001_1791548306465962_pid87,19001,random,7.000000,1,p2p_qdisc,ul,/NodeList/19/DeviceList/3,-1,0,0,-1,0,0,,0,0,10240p,80000000,20.000000
random_seed19001_1791548306465962_pid87,19001,random,7.000000,1,p2p_device,dl,/NodeList/0/DeviceList/9,-1,0,0,-1,0,0,,0,0,600p,80000000,20.000000
random_seed19001_1791548306465962_pid87,19001,random,7.000000,1,p2p_qdisc,dl,/NodeList/0/DeviceList/9,-1,0,0,-1,0,0,,0,0,10240p,80000000,20.000000
random_seed19001_1791548306465962_pid87,19001,random,7.000000,1,nr_rlc_um,dl,/NodeList/1/DeviceList/0/NrGnbRrc/UeMap/1/DataRadioBearerMap/1/NrRlc/,-1,4,1,-1,0,0,0.000000,0,0,999999999B,,
random_seed19001_1791548306465962_pid87,19001,random,7.000000,1,nr_rlc_um,dl,/NodeList/1/DeviceList/0/NrGnbRrc/UeMap/2/DataRadioBearerMap/1/NrRlc/,1,7,2,2,0,0,0.000000,0,0,999999999B,,
random_seed19001_1791548306465962_pid87,19001,random,7.000000,1,nr_rlc_um,dl,/NodeList/1/DeviceList/0/NrGnbRrc/UeMap/3/DataRadioBearerMap/1/NrRlc/,2,8,3,1,0,0,0.000000,0,0,999999999B,,
random_seed19001_1791548306465962_pid87,19001,random,7.000000,1,nr_rlc_um,dl,/NodeList/1/DeviceList/0/NrGnbRrc/UeMap/4/DataRadioBearerMap/1/NrRlc/,3,9,4,1,0,0,0.000000,0,0,999999999B,,
random_seed19001_1791548306465962_pid87,19001,random,7.000000,1,nr_rlc_um,ul,/NodeList/4/DeviceList/0/NrUeRrc/DataRadioBearerMap/1/NrRlc/,-1,4,1,-1,2,122,2.435719,0,0,999999999B,,
random_seed19001_1791548306465962_pid87,19001,random,7.000000,1,nr_rlc_um,ul,/NodeList/7/DeviceList/0/NrUeRrc/DataRadioBearerMap/1/NrRlc/,1,7,2,2,0,0,0.000000,0,0,999999999B,,
random_seed19001_1791548306465962_pid87,19001,random,7.000000,1,nr_rlc_um,ul,/NodeList/8/DeviceList/0/NrUeRrc/DataRadioBearerMap/1/NrRlc/,2,8,3,1,0,0,0.000000,0,0,999999999B,,
random_seed19001_1791548306465962_pid87,19001,random,7.000000,1,nr_rlc_um,ul,/NodeList/9/DeviceList/0/NrUeRrc/DataRadioBearerMap/1/NrRlc/,3,9,4,1,0,0,0.000000,0,0,999999999B,,
random_seed19001_1791548306465962_pid87,19001,random,7.100000,1,p2p_device,ul,/NodeList/19/DeviceList/3,-1,0,0,-1,0,0,,0,0,600p,80000000,20.000000
random_seed19001_1791548306465962_pid87,19001,random,7.100000,1,p2p_qdisc,ul,/NodeList/19/DeviceList/3,-1,0,0,-1,0,0,,0,0,10240p,80000000,20.000000
random_seed19001_1791548306465962_pid87,19001,random,7.100000,1,p2p_device,dl,/NodeList/0/DeviceList/9,-1,0,0,-1,0,0,,0,0,600p,80000000,20.000000
random_seed19001_1791548306465962_pid87,19001,random,7.100000,1,p2p_qdisc,dl,/NodeList/0/DeviceList/9,-1,0,0,-1,0,0,,0,0,10240p,80000000,20.000000
random_seed19001_1791548306465962_pid87,19001,random,7.100000,1,nr_rlc_um,dl,/NodeList/1/DeviceList/0/NrGnbRrc/UeMap/1/DataRadioBearerMap/1/NrRlc/,-1,4,1,-1,0,0,0.000000,0,0,999999999B,,
random_seed19001_1791548306465962_pid87,19001,random,7.100000,1,nr_rlc_um,dl,/NodeList/1/DeviceList/0/NrGnbRrc/UeMap/2/DataRadioBearerMap/1/NrRlc/,1,7,2,2,0,0,0.000000,0,0,999999999B,,
random_seed19001_1791548306465962_pid87,19001,random,7.100000,1,nr_rlc_um,dl,/NodeList/1/DeviceList/0/NrGnbRrc/UeMap/3/DataRadioBearerMap/1/NrRlc/,2,8,3,1,0,0,0.000000,0,0,999999999B,,
random_seed19001_1791548306465962_pid87,19001,random,7.100000,1,nr_rlc_um,dl,/NodeList/1/DeviceList/0/NrGnbRrc/UeMap/4/DataRadioBearerMap/1/NrRlc/,3,9,4,1,0,0,0.000000,0,0,999999999B,,
random_seed19001_1791548306465962_pid87,19001,random,7.100000,1,nr_rlc_um,ul,/NodeList/4/DeviceList/0/NrUeRrc/DataRadioBearerMap/1/NrRlc/,-1,4,1,-1,0,0,0.000000,0,0,999999999B,,
random_seed19001_1791548306465962_pid87,19001,random,7.100000,1,nr_rlc_um,ul,/NodeList/7/DeviceList/0/NrUeRrc/DataRadioBearerMap/1/NrRlc/,1,7,2,2,0,0,0.000000,0,0,999999999B,,
random_seed19001_1791548306465962_pid87,19001,random,7.100000,1,nr_rlc_um,ul,/NodeList/8/DeviceList/0/NrUeRrc/DataRadioBearerMap/1/NrRlc/,2,8,3,1,0,0,0.000000,0,0,999999999B,,
random_seed19001_1791548306465962_pid87,19001,random,7.100000,1,nr_rlc_um,ul,/NodeList/9/DeviceList/0/NrUeRrc/DataRadioBearerMap/1/NrRlc/,3,9,4,1,0,0,0.000000,0,0,999999999B,,
random_seed19001_1791548306465962_pid87,19001,random,7.200000,1,p2p_device,ul,/NodeList/19/DeviceList/3,-1,0,0,-1,0,0,,0,0,600p,80000000,20.000000
random_seed19001_1791548306465962_pid87,19001,random,7.200000,1,p2p_qdisc,ul,/NodeList/19/DeviceList/3,-1,0,0,-1,0,0,,0,0,10240p,80000000,20.000000
random_seed19001_1791548306465962_pid87,19001,random,7.200000,1,p2p_device,dl,/NodeList/0/DeviceList/9,-1,0,0,-1,0,0,,0,0,600p,80000000,20.000000
random_seed19001_1791548306465962_pid87,19001,random,7.200000,1,p2p_qdisc,dl,/NodeList/0/DeviceList/9,-1,0,0,-1,0,0,,0,0,10240p,80000000,20.000000
random_seed19001_1791548306465962_pid87,19001,random,7.200000,1,nr_rlc_um,dl,/NodeList/1/DeviceList/0/NrGnbRrc/UeMap/1/DataRadioBearerMap/1/NrRlc/,-1,4,1,-1,0,0,0.000000,0,0,999999999B,,
random_seed19001_1791548306465962_pid87,19001,random,7.200000,1,nr_rlc_um,dl,/NodeList/1/DeviceList/0/NrGnbRrc/UeMap/2/DataRadioBearerMap/1/NrRlc/,1,7,2,2,0,0,0.000000,0,0,999999999B,,
random_seed19001_1791548306465962_pid87,19001,random,7.200000,1,nr_rlc_um,dl,/NodeList/1/DeviceList/0/NrGnbRrc/UeMap/3/DataRadioBearerMap/1/NrRlc/,2,8,3,1,0,0,0.000000,0,0,999999999B,,
random_seed19001_1791548306465962_pid87,19001,random,7.200000,1,nr_rlc_um,dl,/NodeList/1/DeviceList/0/NrGnbRrc/UeMap/4/DataRadioBearerMap/1/NrRlc/,3,9,4,1,0,0,0.000000,0,0,999999999B,,
random_seed19001_1791548306465962_pid87,19001,random,7.200000,1,nr_rlc_um,ul,/NodeList/4/DeviceList/0/NrUeRrc/DataRadioBearerMap/1/NrRlc/,-1,4,1,-1,0,0,0.000000,0,0,999999999B,,
random_seed19001_1791548306465962_pid87,19001,random,7.200000,1,nr_rlc_um,ul,/NodeList/7/DeviceList/0/NrUeRrc/DataRadioBearerMap/1/NrRlc/,1,7,2,2,0,0,0.000000,0,0,999999999B,,
random_seed19001_1791548306465962_pid87,19001,random,7.200000,1,nr_rlc_um,ul,/NodeList/8/DeviceList/0/NrUeRrc/DataRadioBearerMap/1/NrRlc/,2,8,3,1,0,0,0.000000,0,0,999999999B,,
random_seed19001_1791548306465962_pid87,19001,random,7.200000,1,nr_rlc_um,ul,/NodeList/9/DeviceList/0/NrUeRrc/DataRadioBearerMap/1/NrRlc/,3,9,4,1,0,0,0.000000,0,0,999999999B,,
random_seed19001_1791548306465962_pid87,19001,random,7.300000,1,p2p_device,ul,/NodeList/19/DeviceList/3,-1,0,0,-1,0,0,,0,0,600p,80000000,20.000000
random_seed19001_1791548306465962_pid87,19001,random,7.300000,1,p2p_qdisc,ul,/NodeList/19/DeviceList/3,-1,0,0,-1,0,0,,0,0,10240p,80000000,20.000000
random_seed19001_1791548306465962_pid87,19001,random,7.300000,1,p2p_device,dl,/NodeList/0/DeviceList/9,-1,0,0,-1,0,0,,0,0,600p,80000000,20.000000
random_seed19001_1791548306465962_pid87,19001,random,7.300000,1,p2p_qdisc,dl,/NodeList/0/DeviceList/9,-1,0,0,-1,0,0,,0,0,10240p,80000000,20.000000
random_seed19001_1791548306465962_pid87,19001,random,7.300000,1,nr_rlc_um,dl,/NodeList/1/DeviceList/0/NrGnbRrc/UeMap/1/DataRadioBearerMap/1/NrRlc/,-1,4,1,-1,0,0,0.000000,0,0,999999999B,,
random_seed19001_1791548306465962_pid87,19001,random,7.300000,1,nr_rlc_um,dl,/NodeList/1/DeviceList/0/NrGnbRrc/UeMap/2/DataRadioBearerMap/1/NrRlc/,1,7,2,2,0,0,0.000000,0,0,999999999B,,
random_seed19001_1791548306465962_pid87,19001,random,7.300000,1,nr_rlc_um,dl,/NodeList/1/DeviceList/0/NrGnbRrc/UeMap/3/DataRadioBearerMap/1/NrRlc/,2,8,3,1,0,0,0.000000,0,0,999999999B,,
random_seed19001_1791548306465962_pid87,19001,random,7.300000,1,nr_rlc_um,dl,/NodeList/1/DeviceList/0/NrGnbRrc/UeMap/4/DataRadioBearerMap/1/NrRlc/,3,9,4,1,0,0,0.000000,0,0,999999999B,,
random_seed19001_1791548306465962_pid87,19001,random,7.300000,1,nr_rlc_um,ul,/NodeList/4/DeviceList/0/NrUeRrc/DataRadioBearerMap/1/NrRlc/,-1,4,1,-1,0,0,0.000000,0,0,999999999B,,
random_seed19001_1791548306465962_pid87,19001,random,7.300000,1,nr_rlc_um,ul,/NodeList/7/DeviceList/0/NrUeRrc/DataRadioBearerMap/1/NrRlc/,1,7,2,2,0,0,0.000000,0,0,999999999B,,
random_seed19001_1791548306465962_pid87,19001,random,7.300000,1,nr_rlc_um,ul,/NodeList/8/DeviceList/0/NrUeRrc/DataRadioBearerMap/1/NrRlc/,2,8,3,1,0,0,0.000000,0,0,999999999B,,
random_seed19001_1791548306465962_pid87,19001,random,7.300000,1,nr_rlc_um,ul,/NodeList/9/DeviceList/0/NrUeRrc/DataRadioBearerMap/1/NrRlc/,3,9,4,1,0,0,0.000000,0,0,999999999B,,
random_seed19001_1791548306465962_pid87,19001,random,7.400000,1,p2p_device,ul,/NodeList/19/DeviceList/3,-1,0,0,-1,0,0,,0,0,600p,80000000,20.000000
random_seed19001_1791548306465962_pid87,19001,random,7.400000,1,p2p_qdisc,ul,/NodeList/19/DeviceList/3,-1,0,0,-1,0,0,,0,0,10240p,80000000,20.000000
random_seed19001_1791548306465962_pid87,19001,random,7.400000,1,p2p_device,dl,/NodeList/0/DeviceList/9,-1,0,0,-1,0,0,,0,0,600p,80000000,20.000000
random_seed19001_1791548306465962_pid87,19001,random,7.400000,1,p2p_qdisc,dl,/NodeList/0/DeviceList/9,-1,0,0,-1,0,0,,0,0,10240p,80000000,20.000000
random_seed19001_1791548306465962_pid87,19001,random,7.400000,1,nr_rlc_um,dl,/NodeList/1/DeviceList/0/NrGnbRrc/UeMap/1/DataRadioBearerMap/1/NrRlc/,-1,4,1,-1,0,0,0.000000,0,0,999999999B,,
random_seed19001_1791548306465962_pid87,19001,random,7.400000,1,nr_rlc_um,dl,/NodeList/1/DeviceList/0/NrGnbRrc/UeMap/2/DataRadioBearerMap/1/NrRlc/,1,7,2,2,0,0,0.000000,0,0,999999999B,,
random_seed19001_1791548306465962_pid87,19001,random,7.400000,1,nr_rlc_um,dl,/NodeList/1/DeviceList/0/NrGnbRrc/UeMap/3/DataRadioBearerMap/1/NrRlc/,2,8,3,1,0,0,0.000000,0,0,999999999B,,
random_seed19001_1791548306465962_pid87,19001,random,7.400000,1,nr_rlc_um,dl,/NodeList/1/DeviceList/0/NrGnbRrc/UeMap/4/DataRadioBearerMap/1/NrRlc/,3,9,4,1,0,0,0.000000,0,0,999999999B,,
random_seed19001_1791548306465962_pid87,19001,random,7.400000,1,nr_rlc_um,ul,/NodeList/4/DeviceList/0/NrUeRrc/DataRadioBearerMap/1/NrRlc/,-1,4,1,-1,0,0,0.000000,0,0,999999999B,,
random_seed19001_1791548306465962_pid87,19001,random,7.400000,1,nr_rlc_um,ul,/NodeList/7/DeviceList/0/NrUeRrc/DataRadioBearerMap/1/NrRlc/,1,7,2,2,0,0,0.000000,0,0,999999999B,,
random_seed19001_1791548306465962_pid87,19001,random,7.400000,1,nr_rlc_um,ul,/NodeList/8/DeviceList/0/NrUeRrc/DataRadioBearerMap/1/NrRlc/,2,8,3,1,0,0,0.000000,0,0,999999999B,,
random_seed19001_1791548306465962_pid87,19001,random,7.400000,1,nr_rlc_um,ul,/NodeList/9/DeviceList/0/NrUeRrc/DataRadioBearerMap/1/NrRlc/,3,9,4,1,0,0,0.000000,0,0,999999999B,,
random_seed19001_1791548306465962_pid87,19001,random,7.500000,1,p2p_device,ul,/NodeList/19/DeviceList/3,-1,0,0,-1,0,0,,0,0,600p,80000000,20.000000
random_seed19001_1791548306465962_pid87,19001,random,7.500000,1,p2p_qdisc,ul,/NodeList/19/DeviceList/3,-1,0,0,-1,0,0,,0,0,10240p,80000000,20.000000
random_seed19001_1791548306465962_pid87,19001,random,7.500000,1,p2p_device,dl,/NodeList/0/DeviceList/9,-1,0,0,-1,0,0,,0,0,600p,80000000,20.000000
random_seed19001_1791548306465962_pid87,19001,random,7.500000,1,p2p_qdisc,dl,/NodeList/0/DeviceList/9,-1,0,0,-1,0,0,,0,0,10240p,80000000,20.000000
random_seed19001_1791548306465962_pid87,19001,random,7.500000,1,nr_rlc_um,dl,/NodeList/1/DeviceList/0/NrGnbRrc/UeMap/1/DataRadioBearerMap/1/NrRlc/,-1,4,1,-1,0,0,0.000000,0,0,999999999B,,
random_seed19001_1791548306465962_pid87,19001,random,7.500000,1,nr_rlc_um,dl,/NodeList/1/DeviceList/0/NrGnbRrc/UeMap/2/DataRadioBearerMap/1/NrRlc/,1,7,2,2,0,0,0.000000,0,0,999999999B,,
random_seed19001_1791548306465962_pid87,19001,random,7.500000,1,nr_rlc_um,dl,/NodeList/1/DeviceList/0/NrGnbRrc/UeMap/3/DataRadioBearerMap/1/NrRlc/,2,8,3,1,0,0,0.000000,0,0,999999999B,,
random_seed19001_1791548306465962_pid87,19001,random,7.500000,1,nr_rlc_um,dl,/NodeList/1/DeviceList/0/NrGnbRrc/UeMap/4/DataRadioBearerMap/1/NrRlc/,3,9,4,1,0,0,0.000000,0,0,999999999B,,
random_seed19001_1791548306465962_pid87,19001,random,7.500000,1,nr_rlc_um,ul,/NodeList/4/DeviceList/0/NrUeRrc/DataRadioBearerMap/1/NrRlc/,-1,4,1,-1,0,0,0.000000,0,0,999999999B,,
random_seed19001_1791548306465962_pid87,19001,random,7.500000,1,nr_rlc_um,ul,/NodeList/7/DeviceList/0/NrUeRrc/DataRadioBearerMap/1/NrRlc/,1,7,2,2,0,0,0.000000,0,0,999999999B,,
random_seed19001_1791548306465962_pid87,19001,random,7.500000,1,nr_rlc_um,ul,/NodeList/8/DeviceList/0/NrUeRrc/DataRadioBearerMap/1/NrRlc/,2,8,3,1,0,0,0.000000,0,0,999999999B,,
random_seed19001_1791548306465962_pid87,19001,random,7.500000,1,nr_rlc_um,ul,/NodeList/9/DeviceList/0/NrUeRrc/DataRadioBearerMap/1/NrRlc/,3,9,4,1,0,0,0.000000,0,0,999999999B,,
random_seed19001_1791548306465962_pid87,19001,random,7.600000,1,p2p_device,ul,/NodeList/19/DeviceList/3,-1,0,0,-1,0,0,,0,0,600p,80000000,20.000000
random_seed19001_1791548306465962_pid87,19001,random,7.600000,1,p2p_qdisc,ul,/NodeList/19/DeviceList/3,-1,0,0,-1,0,0,,0,0,10240p,80000000,20.000000
random_seed19001_1791548306465962_pid87,19001,random,7.600000,1,p2p_device,dl,/NodeList/0/DeviceList/9,-1,0,0,-1,0,0,,0,0,600p,80000000,20.000000
random_seed19001_1791548306465962_pid87,19001,random,7.600000,1,p2p_qdisc,dl,/NodeList/0/DeviceList/9,-1,0,0,-1,0,0,,0,0,10240p,80000000,20.000000
random_seed19001_1791548306465962_pid87,19001,random,7.600000,1,nr_rlc_um,dl,/NodeList/1/DeviceList/0/NrGnbRrc/UeMap/1/DataRadioBearerMap/1/NrRlc/,-1,4,1,-1,0,0,0.000000,0,0,999999999B,,
random_seed19001_1791548306465962_pid87,19001,random,7.600000,1,nr_rlc_um,dl,/NodeList/1/DeviceList/0/NrGnbRrc/UeMap/2/DataRadioBearerMap/1/NrRlc/,1,7,2,2,0,0,0.000000,0,0,999999999B,,
random_seed19001_1791548306465962_pid87,19001,random,7.600000,1,nr_rlc_um,dl,/NodeList/1/DeviceList/0/NrGnbRrc/UeMap/3/DataRadioBearerMap/1/NrRlc/,2,8,3,1,0,0,0.000000,0,0,999999999B,,
random_seed19001_1791548306465962_pid87,19001,random,7.600000,1,nr_rlc_um,dl,/NodeList/1/DeviceList/0/NrGnbRrc/UeMap/4/DataRadioBearerMap/1/NrRlc/,3,9,4,1,0,0,0.000000,0,0,999999999B,,
random_seed19001_1791548306465962_pid87,19001,random,7.600000,1,nr_rlc_um,ul,/NodeList/4/DeviceList/0/NrUeRrc/DataRadioBearerMap/1/NrRlc/,-1,4,1,-1,0,0,0.000000,0,0,999999999B,,
random_seed19001_1791548306465962_pid87,19001,random,7.600000,1,nr_rlc_um,ul,/NodeList/7/DeviceList/0/NrUeRrc/DataRadioBearerMap/1/NrRlc/,1,7,2,2,0,0,0.000000,0,0,999999999B,,
random_seed19001_1791548306465962_pid87,19001,random,7.600000,1,nr_rlc_um,ul,/NodeList/8/DeviceList/0/NrUeRrc/DataRadioBearerMap/1/NrRlc/,2,8,3,1,0,0,0.000000,0,0,999999999B,,
random_seed19001_1791548306465962_pid87,19001,random,7.600000,1,nr_rlc_um,ul,/NodeList/9/DeviceList/0/NrUeRrc/DataRadioBearerMap/1/NrRlc/,3,9,4,1,0,0,0.000000,0,0,999999999B,,
random_seed19001_1791548306465962_pid87,19001,random,7.700000,1,p2p_device,ul,/NodeList/19/DeviceList/3,-1,0,0,-1,0,0,,0,0,600p,80000000,20.000000
random_seed19001_1791548306465962_pid87,19001,random,7.700000,1,p2p_qdisc,ul,/NodeList/19/DeviceList/3,-1,0,0,-1,0,0,,0,0,10240p,80000000,20.000000
random_seed19001_1791548306465962_pid87,19001,random,7.700000,1,p2p_device,dl,/NodeList/0/DeviceList/9,-1,0,0,-1,0,0,,0,0,600p,80000000,20.000000
random_seed19001_1791548306465962_pid87,19001,random,7.700000,1,p2p_qdisc,dl,/NodeList/0/DeviceList/9,-1,0,0,-1,0,0,,0,0,10240p,80000000,20.000000
random_seed19001_1791548306465962_pid87,19001,random,7.700000,1,nr_rlc_um,dl,/NodeList/1/DeviceList/0/NrGnbRrc/UeMap/1/DataRadioBearerMap/1/NrRlc/,-1,4,1,-1,0,0,0.000000,0,0,999999999B,,
random_seed19001_1791548306465962_pid87,19001,random,7.700000,1,nr_rlc_um,dl,/NodeList/1/DeviceList/0/NrGnbRrc/UeMap/2/DataRadioBearerMap/1/NrRlc/,1,7,2,2,0,0,0.000000,0,0,999999999B,,
random_seed19001_1791548306465962_pid87,19001,random,7.700000,1,nr_rlc_um,dl,/NodeList/1/DeviceList/0/NrGnbRrc/UeMap/3/DataRadioBearerMap/1/NrRlc/,2,8,3,1,0,0,0.000000,0,0,999999999B,,
random_seed19001_1791548306465962_pid87,19001,random,7.700000,1,nr_rlc_um,dl,/NodeList/1/DeviceList/0/NrGnbRrc/UeMap/4/DataRadioBearerMap/1/NrRlc/,3,9,4,1,0,0,0.000000,0,0,999999999B,,
random_seed19001_1791548306465962_pid87,19001,random,7.700000,1,nr_rlc_um,ul,/NodeList/4/DeviceList/0/NrUeRrc/DataRadioBearerMap/1/NrRlc/,-1,4,1,-1,0,0,0.000000,0,0,999999999B,,
random_seed19001_1791548306465962_pid87,19001,random,7.700000,1,nr_rlc_um,ul,/NodeList/7/DeviceList/0/NrUeRrc/DataRadioBearerMap/1/NrRlc/,1,7,2,2,0,0,0.000000,0,0,999999999B,,
random_seed19001_1791548306465962_pid87,19001,random,7.700000,1,nr_rlc_um,ul,/NodeList/8/DeviceList/0/NrUeRrc/DataRadioBearerMap/1/NrRlc/,2,8,3,1,0,0,0.000000,0,0,999999999B,,
random_seed19001_1791548306465962_pid87,19001,random,7.700000,1,nr_rlc_um,ul,/NodeList/9/DeviceList/0/NrUeRrc/DataRadioBearerMap/1/NrRlc/,3,9,4,1,0,0,0.000000,0,0,999999999B,,
random_seed19001_1791548306465962_pid87,19001,random,7.800000,1,p2p_device,ul,/NodeList/19/DeviceList/3,-1,0,0,-1,0,0,,0,0,600p,80000000,20.000000
random_seed19001_1791548306465962_pid87,19001,random,7.800000,1,p2p_qdisc,ul,/NodeList/19/DeviceList/3,-1,0,0,-1,0,0,,0,0,10240p,80000000,20.000000
random_seed19001_1791548306465962_pid87,19001,random,7.800000,1,p2p_device,dl,/NodeList/0/DeviceList/9,-1,0,0,-1,0,0,,0,0,600p,80000000,20.000000
random_seed19001_1791548306465962_pid87,19001,random,7.800000,1,p2p_qdisc,dl,/NodeList/0/DeviceList/9,-1,0,0,-1,0,0,,0,0,10240p,80000000,20.000000
random_seed19001_1791548306465962_pid87,19001,random,7.800000,1,nr_rlc_um,dl,/NodeList/1/DeviceList/0/NrGnbRrc/UeMap/1/DataRadioBearerMap/1/NrRlc/,-1,4,1,-1,0,0,0.000000,0,0,999999999B,,
random_seed19001_1791548306465962_pid87,19001,random,7.800000,1,nr_rlc_um,dl,/NodeList/1/DeviceList/0/NrGnbRrc/UeMap/2/DataRadioBearerMap/1/NrRlc/,1,7,2,2,0,0,0.000000,0,0,999999999B,,
random_seed19001_1791548306465962_pid87,19001,random,7.800000,1,nr_rlc_um,dl,/NodeList/1/DeviceList/0/NrGnbRrc/UeMap/3/DataRadioBearerMap/1/NrRlc/,2,8,3,1,0,0,0.000000,0,0,999999999B,,
random_seed19001_1791548306465962_pid87,19001,random,7.800000,1,nr_rlc_um,dl,/NodeList/1/DeviceList/0/NrGnbRrc/UeMap/4/DataRadioBearerMap/1/NrRlc/,3,9,4,1,0,0,0.000000,0,0,999999999B,,
random_seed19001_1791548306465962_pid87,19001,random,7.800000,1,nr_rlc_um,ul,/NodeList/4/DeviceList/0/NrUeRrc/DataRadioBearerMap/1/NrRlc/,-1,4,1,-1,0,0,0.000000,0,0,999999999B,,
random_seed19001_1791548306465962_pid87,19001,random,7.800000,1,nr_rlc_um,ul,/NodeList/7/DeviceList/0/NrUeRrc/DataRadioBearerMap/1/NrRlc/,1,7,2,2,0,0,0.000000,0,0,999999999B,,
random_seed19001_1791548306465962_pid87,19001,random,7.800000,1,nr_rlc_um,ul,/NodeList/8/DeviceList/0/NrUeRrc/DataRadioBearerMap/1/NrRlc/,2,8,3,1,0,0,0.000000,0,0,999999999B,,
random_seed19001_1791548306465962_pid87,19001,random,7.800000,1,nr_rlc_um,ul,/NodeList/9/DeviceList/0/NrUeRrc/DataRadioBearerMap/1/NrRlc/,3,9,4,1,0,0,0.000000,0,0,999999999B,,
random_seed19001_1791548306465962_pid87,19001,random,7.900000,1,p2p_device,ul,/NodeList/19/DeviceList/3,-1,0,0,-1,0,0,,0,0,600p,80000000,20.000000
random_seed19001_1791548306465962_pid87,19001,random,7.900000,1,p2p_qdisc,ul,/NodeList/19/DeviceList/3,-1,0,0,-1,0,0,,0,0,10240p,80000000,20.000000
random_seed19001_1791548306465962_pid87,19001,random,7.900000,1,p2p_device,dl,/NodeList/0/DeviceList/9,-1,0,0,-1,0,0,,0,0,600p,80000000,20.000000
random_seed19001_1791548306465962_pid87,19001,random,7.900000,1,p2p_qdisc,dl,/NodeList/0/DeviceList/9,-1,0,0,-1,0,0,,0,0,10240p,80000000,20.000000
random_seed19001_1791548306465962_pid87,19001,random,7.900000,1,nr_rlc_um,dl,/NodeList/1/DeviceList/0/NrGnbRrc/UeMap/1/DataRadioBearerMap/1/NrRlc/,-1,4,1,-1,0,0,0.000000,0,0,999999999B,,
random_seed19001_1791548306465962_pid87,19001,random,7.900000,1,nr_rlc_um,dl,/NodeList/1/DeviceList/0/NrGnbRrc/UeMap/2/DataRadioBearerMap/1/NrRlc/,1,7,2,2,0,0,0.000000,0,0,999999999B,,
random_seed19001_1791548306465962_pid87,19001,random,7.900000,1,nr_rlc_um,dl,/NodeList/1/DeviceList/0/NrGnbRrc/UeMap/3/DataRadioBearerMap/1/NrRlc/,2,8,3,1,0,0,0.000000,0,0,999999999B,,
random_seed19001_1791548306465962_pid87,19001,random,7.900000,1,nr_rlc_um,dl,/NodeList/1/DeviceList/0/NrGnbRrc/UeMap/4/DataRadioBearerMap/1/NrRlc/,3,9,4,1,0,0,0.000000,0,0,999999999B,,
random_seed19001_1791548306465962_pid87,19001,random,7.900000,1,nr_rlc_um,ul,/NodeList/4/DeviceList/0/NrUeRrc/DataRadioBearerMap/1/NrRlc/,-1,4,1,-1,0,0,0.000000,0,0,999999999B,,
random_seed19001_1791548306465962_pid87,19001,random,7.900000,1,nr_rlc_um,ul,/NodeList/7/DeviceList/0/NrUeRrc/DataRadioBearerMap/1/NrRlc/,1,7,2,2,0,0,0.000000,0,0,999999999B,,
random_seed19001_1791548306465962_pid87,19001,random,7.900000,1,nr_rlc_um,ul,/NodeList/8/DeviceList/0/NrUeRrc/DataRadioBearerMap/1/NrRlc/,2,8,3,1,0,0,0.000000,0,0,999999999B,,
random_seed19001_1791548306465962_pid87,19001,random,7.900000,1,nr_rlc_um,ul,/NodeList/9/DeviceList/0/NrUeRrc/DataRadioBearerMap/1/NrRlc/,3,9,4,1,0,0,0.000000,0,0,999999999B,,
random_seed19001_1791548306465962_pid87,19001,random,8.000000,1,p2p_device,ul,/NodeList/19/DeviceList/3,-1,0,0,-1,0,0,,0,0,600p,80000000,20.000000
random_seed19001_1791548306465962_pid87,19001,random,8.000000,1,p2p_qdisc,ul,/NodeList/19/DeviceList/3,-1,0,0,-1,0,0,,0,0,10240p,80000000,20.000000
random_seed19001_1791548306465962_pid87,19001,random,8.000000,1,p2p_device,dl,/NodeList/0/DeviceList/9,-1,0,0,-1,0,0,,0,0,600p,80000000,20.000000
random_seed19001_1791548306465962_pid87,19001,random,8.000000,1,p2p_qdisc,dl,/NodeList/0/DeviceList/9,-1,0,0,-1,0,0,,0,0,10240p,80000000,20.000000
random_seed19001_1791548306465962_pid87,19001,random,8.000000,1,nr_rlc_um,dl,/NodeList/1/DeviceList/0/NrGnbRrc/UeMap/1/DataRadioBearerMap/1/NrRlc/,-1,4,1,-1,0,0,0.000000,0,0,999999999B,,
random_seed19001_1791548306465962_pid87,19001,random,8.000000,1,nr_rlc_um,dl,/NodeList/1/DeviceList/0/NrGnbRrc/UeMap/2/DataRadioBearerMap/1/NrRlc/,1,7,2,2,0,0,0.000000,0,0,999999999B,,
random_seed19001_1791548306465962_pid87,19001,random,8.000000,1,nr_rlc_um,dl,/NodeList/1/DeviceList/0/NrGnbRrc/UeMap/3/DataRadioBearerMap/1/NrRlc/,2,8,3,1,0,0,0.000000,0,0,999999999B,,
random_seed19001_1791548306465962_pid87,19001,random,8.000000,1,nr_rlc_um,dl,/NodeList/1/DeviceList/0/NrGnbRrc/UeMap/4/DataRadioBearerMap/1/NrRlc/,3,9,4,1,0,0,0.000000,0,0,999999999B,,
random_seed19001_1791548306465962_pid87,19001,random,8.000000,1,nr_rlc_um,ul,/NodeList/4/DeviceList/0/NrUeRrc/DataRadioBearerMap/1/NrRlc/,-1,4,1,-1,0,0,0.000000,0,0,999999999B,,
random_seed19001_1791548306465962_pid87,19001,random,8.000000,1,nr_rlc_um,ul,/NodeList/7/DeviceList/0/NrUeRrc/DataRadioBearerMap/1/NrRlc/,1,7,2,2,0,0,0.000000,0,0,999999999B,,
random_seed19001_1791548306465962_pid87,19001,random,8.000000,1,nr_rlc_um,ul,/NodeList/8/DeviceList/0/NrUeRrc/DataRadioBearerMap/1/NrRlc/,2,8,3,1,0,0,0.000000,0,0,999999999B,,
random_seed19001_1791548306465962_pid87,19001,random,8.000000,1,nr_rlc_um,ul,/NodeList/9/DeviceList/0/NrUeRrc/DataRadioBearerMap/1/NrRlc/,3,9,4,1,0,0,0.000000,0,0,999999999B,,
random_seed19001_1791548306465962_pid87,19001,random,8.100000,1,p2p_device,ul,/NodeList/19/DeviceList/3,-1,0,0,-1,0,0,,0,0,600p,80000000,20.000000
random_seed19001_1791548306465962_pid87,19001,random,8.100000,1,p2p_qdisc,ul,/NodeList/19/DeviceList/3,-1,0,0,-1,0,0,,0,0,10240p,80000000,20.000000
random_seed19001_1791548306465962_pid87,19001,random,8.100000,1,p2p_device,dl,/NodeList/0/DeviceList/9,-1,0,0,-1,0,0,,0,0,600p,80000000,20.000000
random_seed19001_1791548306465962_pid87,19001,random,8.100000,1,p2p_qdisc,dl,/NodeList/0/DeviceList/9,-1,0,0,-1,0,0,,0,0,10240p,80000000,20.000000
random_seed19001_1791548306465962_pid87,19001,random,8.100000,1,nr_rlc_um,dl,/NodeList/1/DeviceList/0/NrGnbRrc/UeMap/1/DataRadioBearerMap/1/NrRlc/,-1,4,1,-1,0,0,0.000000,0,0,999999999B,,
random_seed19001_1791548306465962_pid87,19001,random,8.100000,1,nr_rlc_um,dl,/NodeList/1/DeviceList/0/NrGnbRrc/UeMap/2/DataRadioBearerMap/1/NrRlc/,1,7,2,2,0,0,0.000000,0,0,999999999B,,
random_seed19001_1791548306465962_pid87,19001,random,8.100000,1,nr_rlc_um,dl,/NodeList/1/DeviceList/0/NrGnbRrc/UeMap/3/DataRadioBearerMap/1/NrRlc/,2,8,3,1,0,0,0.000000,0,0,999999999B,,
random_seed19001_1791548306465962_pid87,19001,random,8.100000,1,nr_rlc_um,dl,/NodeList/1/DeviceList/0/NrGnbRrc/UeMap/4/DataRadioBearerMap/1/NrRlc/,3,9,4,1,0,0,0.000000,0,0,999999999B,,
random_seed19001_1791548306465962_pid87,19001,random,8.100000,1,nr_rlc_um,ul,/NodeList/4/DeviceList/0/NrUeRrc/DataRadioBearerMap/1/NrRlc/,-1,4,1,-1,0,0,0.000000,0,0,999999999B,,
random_seed19001_1791548306465962_pid87,19001,random,8.100000,1,nr_rlc_um,ul,/NodeList/7/DeviceList/0/NrUeRrc/DataRadioBearerMap/1/NrRlc/,1,7,2,2,0,0,0.000000,0,0,999999999B,,
random_seed19001_1791548306465962_pid87,19001,random,8.100000,1,nr_rlc_um,ul,/NodeList/8/DeviceList/0/NrUeRrc/DataRadioBearerMap/1/NrRlc/,2,8,3,1,0,0,0.000000,0,0,999999999B,,
random_seed19001_1791548306465962_pid87,19001,random,8.100000,1,nr_rlc_um,ul,/NodeList/9/DeviceList/0/NrUeRrc/DataRadioBearerMap/1/NrRlc/,3,9,4,1,0,0,0.000000,0,0,999999999B,,
random_seed19001_1791548306465962_pid87,19001,random,8.200000,1,p2p_device,ul,/NodeList/19/DeviceList/3,-1,0,0,-1,0,0,,0,0,600p,80000000,20.000000
random_seed19001_1791548306465962_pid87,19001,random,8.200000,1,p2p_qdisc,ul,/NodeList/19/DeviceList/3,-1,0,0,-1,0,0,,0,0,10240p,80000000,20.000000
random_seed19001_1791548306465962_pid87,19001,random,8.200000,1,p2p_device,dl,/NodeList/0/DeviceList/9,-1,0,0,-1,0,0,,0,0,600p,80000000,20.000000
random_seed19001_1791548306465962_pid87,19001,random,8.200000,1,p2p_qdisc,dl,/NodeList/0/DeviceList/9,-1,0,0,-1,0,0,,0,0,10240p,80000000,20.000000
random_seed19001_1791548306465962_pid87,19001,random,8.200000,1,nr_rlc_um,dl,/NodeList/1/DeviceList/0/NrGnbRrc/UeMap/1/DataRadioBearerMap/1/NrRlc/,-1,4,1,-1,0,0,0.000000,0,0,999999999B,,
random_seed19001_1791548306465962_pid87,19001,random,8.200000,1,nr_rlc_um,dl,/NodeList/1/DeviceList/0/NrGnbRrc/UeMap/2/DataRadioBearerMap/1/NrRlc/,1,7,2,2,0,0,0.000000,0,0,999999999B,,
random_seed19001_1791548306465962_pid87,19001,random,8.200000,1,nr_rlc_um,dl,/NodeList/1/DeviceList/0/NrGnbRrc/UeMap/3/DataRadioBearerMap/1/NrRlc/,2,8,3,1,0,0,0.000000,0,0,999999999B,,
random_seed19001_1791548306465962_pid87,19001,random,8.200000,1,nr_rlc_um,dl,/NodeList/1/DeviceList/0/NrGnbRrc/UeMap/4/DataRadioBearerMap/1/NrRlc/,3,9,4,1,0,0,0.000000,0,0,999999999B,,
random_seed19001_1791548306465962_pid87,19001,random,8.200000,1,nr_rlc_um,ul,/NodeList/4/DeviceList/0/NrUeRrc/DataRadioBearerMap/1/NrRlc/,-1,4,1,-1,0,0,0.000000,0,0,999999999B,,
random_seed19001_1791548306465962_pid87,19001,random,8.200000,1,nr_rlc_um,ul,/NodeList/7/DeviceList/0/NrUeRrc/DataRadioBearerMap/1/NrRlc/,1,7,2,2,0,0,0.000000,0,0,999999999B,,
random_seed19001_1791548306465962_pid87,19001,random,8.200000,1,nr_rlc_um,ul,/NodeList/8/DeviceList/0/NrUeRrc/DataRadioBearerMap/1/NrRlc/,2,8,3,1,0,0,0.000000,0,0,999999999B,,
random_seed19001_1791548306465962_pid87,19001,random,8.200000,1,nr_rlc_um,ul,/NodeList/9/DeviceList/0/NrUeRrc/DataRadioBearerMap/1/NrRlc/,3,9,4,1,0,0,0.000000,0,0,999999999B,,
random_seed19001_1791548306465962_pid87,19001,random,8.300000,1,p2p_device,ul,/NodeList/19/DeviceList/3,-1,0,0,-1,0,0,,0,0,600p,80000000,20.000000
random_seed19001_1791548306465962_pid87,19001,random,8.300000,1,p2p_qdisc,ul,/NodeList/19/DeviceList/3,-1,0,0,-1,0,0,,0,0,10240p,80000000,20.000000
random_seed19001_1791548306465962_pid87,19001,random,8.300000,1,p2p_device,dl,/NodeList/0/DeviceList/9,-1,0,0,-1,0,0,,0,0,600p,80000000,20.000000
random_seed19001_1791548306465962_pid87,19001,random,8.300000,1,p2p_qdisc,dl,/NodeList/0/DeviceList/9,-1,0,0,-1,0,0,,0,0,10240p,80000000,20.000000
random_seed19001_1791548306465962_pid87,19001,random,8.300000,1,nr_rlc_um,dl,/NodeList/1/DeviceList/0/NrGnbRrc/UeMap/1/DataRadioBearerMap/1/NrRlc/,-1,4,1,-1,0,0,0.000000,0,0,999999999B,,
random_seed19001_1791548306465962_pid87,19001,random,8.300000,1,nr_rlc_um,dl,/NodeList/1/DeviceList/0/NrGnbRrc/UeMap/2/DataRadioBearerMap/1/NrRlc/,1,7,2,2,0,0,0.000000,0,0,999999999B,,
random_seed19001_1791548306465962_pid87,19001,random,8.300000,1,nr_rlc_um,dl,/NodeList/1/DeviceList/0/NrGnbRrc/UeMap/3/DataRadioBearerMap/1/NrRlc/,2,8,3,1,0,0,0.000000,0,0,999999999B,,
random_seed19001_1791548306465962_pid87,19001,random,8.300000,1,nr_rlc_um,dl,/NodeList/1/DeviceList/0/NrGnbRrc/UeMap/4/DataRadioBearerMap/1/NrRlc/,3,9,4,1,0,0,0.000000,0,0,999999999B,,
random_seed19001_1791548306465962_pid87,19001,random,8.300000,1,nr_rlc_um,ul,/NodeList/4/DeviceList/0/NrUeRrc/DataRadioBearerMap/1/NrRlc/,-1,4,1,-1,0,0,0.000000,0,0,999999999B,,
random_seed19001_1791548306465962_pid87,19001,random,8.300000,1,nr_rlc_um,ul,/NodeList/7/DeviceList/0/NrUeRrc/DataRadioBearerMap/1/NrRlc/,1,7,2,2,0,0,0.000000,0,0,999999999B,,
random_seed19001_1791548306465962_pid87,19001,random,8.300000,1,nr_rlc_um,ul,/NodeList/8/DeviceList/0/NrUeRrc/DataRadioBearerMap/1/NrRlc/,2,8,3,1,0,0,0.000000,0,0,999999999B,,
random_seed19001_1791548306465962_pid87,19001,random,8.300000,1,nr_rlc_um,ul,/NodeList/9/DeviceList/0/NrUeRrc/DataRadioBearerMap/1/NrRlc/,3,9,4,1,0,0,0.000000,0,0,999999999B,,
random_seed19001_1791548306465962_pid87,19001,random,8.400000,1,p2p_device,ul,/NodeList/19/DeviceList/3,-1,0,0,-1,0,0,,0,0,600p,80000000,20.000000
random_seed19001_1791548306465962_pid87,19001,random,8.400000,1,p2p_qdisc,ul,/NodeList/19/DeviceList/3,-1,0,0,-1,0,0,,0,0,10240p,80000000,20.000000
random_seed19001_1791548306465962_pid87,19001,random,8.400000,1,p2p_device,dl,/NodeList/0/DeviceList/9,-1,0,0,-1,0,0,,0,0,600p,80000000,20.000000
random_seed19001_1791548306465962_pid87,19001,random,8.400000,1,p2p_qdisc,dl,/NodeList/0/DeviceList/9,-1,0,0,-1,0,0,,0,0,10240p,80000000,20.000000
random_seed19001_1791548306465962_pid87,19001,random,8.400000,1,nr_rlc_um,dl,/NodeList/1/DeviceList/0/NrGnbRrc/UeMap/1/DataRadioBearerMap/1/NrRlc/,-1,4,1,-1,0,0,0.000000,0,0,999999999B,,
random_seed19001_1791548306465962_pid87,19001,random,8.400000,1,nr_rlc_um,dl,/NodeList/1/DeviceList/0/NrGnbRrc/UeMap/2/DataRadioBearerMap/1/NrRlc/,1,7,2,2,0,0,0.000000,0,0,999999999B,,
random_seed19001_1791548306465962_pid87,19001,random,8.400000,1,nr_rlc_um,dl,/NodeList/1/DeviceList/0/NrGnbRrc/UeMap/3/DataRadioBearerMap/1/NrRlc/,2,8,3,1,0,0,0.000000,0,0,999999999B,,
random_seed19001_1791548306465962_pid87,19001,random,8.400000,1,nr_rlc_um,dl,/NodeList/1/DeviceList/0/NrGnbRrc/UeMap/4/DataRadioBearerMap/1/NrRlc/,3,9,4,1,0,0,0.000000,0,0,999999999B,,
random_seed19001_1791548306465962_pid87,19001,random,8.400000,1,nr_rlc_um,ul,/NodeList/4/DeviceList/0/NrUeRrc/DataRadioBearerMap/1/NrRlc/,-1,4,1,-1,0,0,0.000000,0,0,999999999B,,
random_seed19001_1791548306465962_pid87,19001,random,8.400000,1,nr_rlc_um,ul,/NodeList/7/DeviceList/0/NrUeRrc/DataRadioBearerMap/1/NrRlc/,1,7,2,2,0,0,0.000000,0,0,999999999B,,
random_seed19001_1791548306465962_pid87,19001,random,8.400000,1,nr_rlc_um,ul,/NodeList/8/DeviceList/0/NrUeRrc/DataRadioBearerMap/1/NrRlc/,2,8,3,1,0,0,0.000000,0,0,999999999B,,
random_seed19001_1791548306465962_pid87,19001,random,8.400000,1,nr_rlc_um,ul,/NodeList/9/DeviceList/0/NrUeRrc/DataRadioBearerMap/1/NrRlc/,3,9,4,1,0,0,0.000000,0,0,999999999B,,
random_seed19001_1791548306465962_pid87,19001,random,8.500000,1,p2p_device,ul,/NodeList/19/DeviceList/3,-1,0,0,-1,0,0,,0,0,600p,80000000,20.000000
random_seed19001_1791548306465962_pid87,19001,random,8.500000,1,p2p_qdisc,ul,/NodeList/19/DeviceList/3,-1,0,0,-1,0,0,,0,0,10240p,80000000,20.000000
random_seed19001_1791548306465962_pid87,19001,random,8.500000,1,p2p_device,dl,/NodeList/0/DeviceList/9,-1,0,0,-1,0,0,,0,0,600p,80000000,20.000000
random_seed19001_1791548306465962_pid87,19001,random,8.500000,1,p2p_qdisc,dl,/NodeList/0/DeviceList/9,-1,0,0,-1,0,0,,0,0,10240p,80000000,20.000000
random_seed19001_1791548306465962_pid87,19001,random,8.500000,1,nr_rlc_um,dl,/NodeList/1/DeviceList/0/NrGnbRrc/UeMap/1/DataRadioBearerMap/1/NrRlc/,-1,4,1,-1,0,0,0.000000,0,0,999999999B,,
random_seed19001_1791548306465962_pid87,19001,random,8.500000,1,nr_rlc_um,dl,/NodeList/1/DeviceList/0/NrGnbRrc/UeMap/2/DataRadioBearerMap/1/NrRlc/,1,7,2,2,0,0,0.000000,0,0,999999999B,,
random_seed19001_1791548306465962_pid87,19001,random,8.500000,1,nr_rlc_um,dl,/NodeList/1/DeviceList/0/NrGnbRrc/UeMap/3/DataRadioBearerMap/1/NrRlc/,2,8,3,1,0,0,0.000000,0,0,999999999B,,
random_seed19001_1791548306465962_pid87,19001,random,8.500000,1,nr_rlc_um,dl,/NodeList/1/DeviceList/0/NrGnbRrc/UeMap/4/DataRadioBearerMap/1/NrRlc/,3,9,4,1,0,0,0.000000,0,0,999999999B,,
random_seed19001_1791548306465962_pid87,19001,random,8.500000,1,nr_rlc_um,ul,/NodeList/4/DeviceList/0/NrUeRrc/DataRadioBearerMap/1/NrRlc/,-1,4,1,-1,0,0,0.000000,0,0,999999999B,,
random_seed19001_1791548306465962_pid87,19001,random,8.500000,1,nr_rlc_um,ul,/NodeList/7/DeviceList/0/NrUeRrc/DataRadioBearerMap/1/NrRlc/,1,7,2,2,0,0,0.000000,0,0,999999999B,,
random_seed19001_1791548306465962_pid87,19001,random,8.500000,1,nr_rlc_um,ul,/NodeList/8/DeviceList/0/NrUeRrc/DataRadioBearerMap/1/NrRlc/,2,8,3,1,0,0,0.000000,0,0,999999999B,,
random_seed19001_1791548306465962_pid87,19001,random,8.500000,1,nr_rlc_um,ul,/NodeList/9/DeviceList/0/NrUeRrc/DataRadioBearerMap/1/NrRlc/,3,9,4,1,0,0,0.000000,0,0,999999999B,,
random_seed19001_1791548306465962_pid87,19001,random,8.600000,1,p2p_device,ul,/NodeList/19/DeviceList/3,-1,0,0,-1,0,0,,0,0,600p,80000000,20.000000
random_seed19001_1791548306465962_pid87,19001,random,8.600000,1,p2p_qdisc,ul,/NodeList/19/DeviceList/3,-1,0,0,-1,0,0,,0,0,10240p,80000000,20.000000
random_seed19001_1791548306465962_pid87,19001,random,8.600000,1,p2p_device,dl,/NodeList/0/DeviceList/9,-1,0,0,-1,0,0,,0,0,600p,80000000,20.000000
random_seed19001_1791548306465962_pid87,19001,random,8.600000,1,p2p_qdisc,dl,/NodeList/0/DeviceList/9,-1,0,0,-1,0,0,,0,0,10240p,80000000,20.000000
random_seed19001_1791548306465962_pid87,19001,random,8.600000,1,nr_rlc_um,dl,/NodeList/1/DeviceList/0/NrGnbRrc/UeMap/1/DataRadioBearerMap/1/NrRlc/,-1,4,1,-1,0,0,0.000000,0,0,999999999B,,
random_seed19001_1791548306465962_pid87,19001,random,8.600000,1,nr_rlc_um,dl,/NodeList/1/DeviceList/0/NrGnbRrc/UeMap/2/DataRadioBearerMap/1/NrRlc/,1,7,2,2,0,0,0.000000,0,0,999999999B,,
random_seed19001_1791548306465962_pid87,19001,random,8.600000,1,nr_rlc_um,dl,/NodeList/1/DeviceList/0/NrGnbRrc/UeMap/3/DataRadioBearerMap/1/NrRlc/,2,8,3,1,0,0,0.000000,0,0,999999999B,,
random_seed19001_1791548306465962_pid87,19001,random,8.600000,1,nr_rlc_um,dl,/NodeList/1/DeviceList/0/NrGnbRrc/UeMap/4/DataRadioBearerMap/1/NrRlc/,3,9,4,1,0,0,0.000000,0,0,999999999B,,
random_seed19001_1791548306465962_pid87,19001,random,8.600000,1,nr_rlc_um,ul,/NodeList/4/DeviceList/0/NrUeRrc/DataRadioBearerMap/1/NrRlc/,-1,4,1,-1,0,0,0.000000,0,0,999999999B,,
random_seed19001_1791548306465962_pid87,19001,random,8.600000,1,nr_rlc_um,ul,/NodeList/7/DeviceList/0/NrUeRrc/DataRadioBearerMap/1/NrRlc/,1,7,2,2,0,0,0.000000,0,0,999999999B,,
random_seed19001_1791548306465962_pid87,19001,random,8.600000,1,nr_rlc_um,ul,/NodeList/8/DeviceList/0/NrUeRrc/DataRadioBearerMap/1/NrRlc/,2,8,3,1,0,0,0.000000,0,0,999999999B,,
random_seed19001_1791548306465962_pid87,19001,random,8.600000,1,nr_rlc_um,ul,/NodeList/9/DeviceList/0/NrUeRrc/DataRadioBearerMap/1/NrRlc/,3,9,4,1,0,0,0.000000,0,0,999999999B,,
random_seed19001_1791548306465962_pid87,19001,random,8.700000,1,p2p_device,ul,/NodeList/19/DeviceList/3,-1,0,0,-1,0,0,,0,0,600p,80000000,20.000000
random_seed19001_1791548306465962_pid87,19001,random,8.700000,1,p2p_qdisc,ul,/NodeList/19/DeviceList/3,-1,0,0,-1,0,0,,0,0,10240p,80000000,20.000000
random_seed19001_1791548306465962_pid87,19001,random,8.700000,1,p2p_device,dl,/NodeList/0/DeviceList/9,-1,0,0,-1,0,0,,0,0,600p,80000000,20.000000
random_seed19001_1791548306465962_pid87,19001,random,8.700000,1,p2p_qdisc,dl,/NodeList/0/DeviceList/9,-1,0,0,-1,0,0,,0,0,10240p,80000000,20.000000
random_seed19001_1791548306465962_pid87,19001,random,8.700000,1,nr_rlc_um,dl,/NodeList/1/DeviceList/0/NrGnbRrc/UeMap/1/DataRadioBearerMap/1/NrRlc/,-1,4,1,-1,0,0,0.000000,0,0,999999999B,,
random_seed19001_1791548306465962_pid87,19001,random,8.700000,1,nr_rlc_um,dl,/NodeList/1/DeviceList/0/NrGnbRrc/UeMap/2/DataRadioBearerMap/1/NrRlc/,1,7,2,2,0,0,0.000000,0,0,999999999B,,
random_seed19001_1791548306465962_pid87,19001,random,8.700000,1,nr_rlc_um,dl,/NodeList/1/DeviceList/0/NrGnbRrc/UeMap/3/DataRadioBearerMap/1/NrRlc/,2,8,3,1,0,0,0.000000,0,0,999999999B,,
random_seed19001_1791548306465962_pid87,19001,random,8.700000,1,nr_rlc_um,dl,/NodeList/1/DeviceList/0/NrGnbRrc/UeMap/4/DataRadioBearerMap/1/NrRlc/,3,9,4,1,0,0,0.000000,0,0,999999999B,,
random_seed19001_1791548306465962_pid87,19001,random,8.700000,1,nr_rlc_um,ul,/NodeList/4/DeviceList/0/NrUeRrc/DataRadioBearerMap/1/NrRlc/,-1,4,1,-1,0,0,0.000000,0,0,999999999B,,
random_seed19001_1791548306465962_pid87,19001,random,8.700000,1,nr_rlc_um,ul,/NodeList/7/DeviceList/0/NrUeRrc/DataRadioBearerMap/1/NrRlc/,1,7,2,2,0,0,0.000000,0,0,999999999B,,
random_seed19001_1791548306465962_pid87,19001,random,8.700000,1,nr_rlc_um,ul,/NodeList/8/DeviceList/0/NrUeRrc/DataRadioBearerMap/1/NrRlc/,2,8,3,1,0,0,0.000000,0,0,999999999B,,
random_seed19001_1791548306465962_pid87,19001,random,8.700000,1,nr_rlc_um,ul,/NodeList/9/DeviceList/0/NrUeRrc/DataRadioBearerMap/1/NrRlc/,3,9,4,1,0,0,0.000000,0,0,999999999B,,
random_seed19001_1791548306465962_pid87,19001,random,8.800000,1,p2p_device,ul,/NodeList/19/DeviceList/3,-1,0,0,-1,0,0,,0,0,600p,80000000,20.000000
random_seed19001_1791548306465962_pid87,19001,random,8.800000,1,p2p_qdisc,ul,/NodeList/19/DeviceList/3,-1,0,0,-1,0,0,,0,0,10240p,80000000,20.000000
random_seed19001_1791548306465962_pid87,19001,random,8.800000,1,p2p_device,dl,/NodeList/0/DeviceList/9,-1,0,0,-1,0,0,,0,0,600p,80000000,20.000000
random_seed19001_1791548306465962_pid87,19001,random,8.800000,1,p2p_qdisc,dl,/NodeList/0/DeviceList/9,-1,0,0,-1,0,0,,0,0,10240p,80000000,20.000000
random_seed19001_1791548306465962_pid87,19001,random,8.800000,1,nr_rlc_um,dl,/NodeList/1/DeviceList/0/NrGnbRrc/UeMap/1/DataRadioBearerMap/1/NrRlc/,-1,4,1,-1,0,0,0.000000,0,0,999999999B,,
random_seed19001_1791548306465962_pid87,19001,random,8.800000,1,nr_rlc_um,dl,/NodeList/1/DeviceList/0/NrGnbRrc/UeMap/2/DataRadioBearerMap/1/NrRlc/,1,7,2,2,0,0,0.000000,0,0,999999999B,,
random_seed19001_1791548306465962_pid87,19001,random,8.800000,1,nr_rlc_um,dl,/NodeList/1/DeviceList/0/NrGnbRrc/UeMap/3/DataRadioBearerMap/1/NrRlc/,2,8,3,1,0,0,0.000000,0,0,999999999B,,
random_seed19001_1791548306465962_pid87,19001,random,8.800000,1,nr_rlc_um,dl,/NodeList/1/DeviceList/0/NrGnbRrc/UeMap/4/DataRadioBearerMap/1/NrRlc/,3,9,4,1,0,0,0.000000,0,0,999999999B,,
random_seed19001_1791548306465962_pid87,19001,random,8.800000,1,nr_rlc_um,ul,/NodeList/4/DeviceList/0/NrUeRrc/DataRadioBearerMap/1/NrRlc/,-1,4,1,-1,0,0,0.000000,0,0,999999999B,,
random_seed19001_1791548306465962_pid87,19001,random,8.800000,1,nr_rlc_um,ul,/NodeList/7/DeviceList/0/NrUeRrc/DataRadioBearerMap/1/NrRlc/,1,7,2,2,0,0,0.000000,0,0,999999999B,,
random_seed19001_1791548306465962_pid87,19001,random,8.800000,1,nr_rlc_um,ul,/NodeList/8/DeviceList/0/NrUeRrc/DataRadioBearerMap/1/NrRlc/,2,8,3,1,0,0,0.000000,0,0,999999999B,,
random_seed19001_1791548306465962_pid87,19001,random,8.800000,1,nr_rlc_um,ul,/NodeList/9/DeviceList/0/NrUeRrc/DataRadioBearerMap/1/NrRlc/,3,9,4,1,0,0,0.000000,0,0,999999999B,,
random_seed19001_1791548306465962_pid87,19001,random,8.900000,1,p2p_device,ul,/NodeList/19/DeviceList/3,-1,0,0,-1,0,0,,0,0,600p,80000000,20.000000
random_seed19001_1791548306465962_pid87,19001,random,8.900000,1,p2p_qdisc,ul,/NodeList/19/DeviceList/3,-1,0,0,-1,0,0,,0,0,10240p,80000000,20.000000
random_seed19001_1791548306465962_pid87,19001,random,8.900000,1,p2p_device,dl,/NodeList/0/DeviceList/9,-1,0,0,-1,0,0,,0,0,600p,80000000,20.000000
random_seed19001_1791548306465962_pid87,19001,random,8.900000,1,p2p_qdisc,dl,/NodeList/0/DeviceList/9,-1,0,0,-1,0,0,,0,0,10240p,80000000,20.000000
random_seed19001_1791548306465962_pid87,19001,random,8.900000,1,nr_rlc_um,dl,/NodeList/1/DeviceList/0/NrGnbRrc/UeMap/1/DataRadioBearerMap/1/NrRlc/,-1,4,1,-1,0,0,0.000000,0,0,999999999B,,
random_seed19001_1791548306465962_pid87,19001,random,8.900000,1,nr_rlc_um,dl,/NodeList/1/DeviceList/0/NrGnbRrc/UeMap/2/DataRadioBearerMap/1/NrRlc/,1,7,2,2,0,0,0.000000,0,0,999999999B,,
random_seed19001_1791548306465962_pid87,19001,random,8.900000,1,nr_rlc_um,dl,/NodeList/1/DeviceList/0/NrGnbRrc/UeMap/3/DataRadioBearerMap/1/NrRlc/,2,8,3,1,0,0,0.000000,0,0,999999999B,,
random_seed19001_1791548306465962_pid87,19001,random,8.900000,1,nr_rlc_um,dl,/NodeList/1/DeviceList/0/NrGnbRrc/UeMap/4/DataRadioBearerMap/1/NrRlc/,3,9,4,1,0,0,0.000000,0,0,999999999B,,
random_seed19001_1791548306465962_pid87,19001,random,8.900000,1,nr_rlc_um,ul,/NodeList/4/DeviceList/0/NrUeRrc/DataRadioBearerMap/1/NrRlc/,-1,4,1,-1,0,0,0.000000,0,0,999999999B,,
random_seed19001_1791548306465962_pid87,19001,random,8.900000,1,nr_rlc_um,ul,/NodeList/7/DeviceList/0/NrUeRrc/DataRadioBearerMap/1/NrRlc/,1,7,2,2,0,0,0.000000,0,0,999999999B,,
random_seed19001_1791548306465962_pid87,19001,random,8.900000,1,nr_rlc_um,ul,/NodeList/8/DeviceList/0/NrUeRrc/DataRadioBearerMap/1/NrRlc/,2,8,3,1,0,0,0.000000,0,0,999999999B,,
random_seed19001_1791548306465962_pid87,19001,random,8.900000,1,nr_rlc_um,ul,/NodeList/9/DeviceList/0/NrUeRrc/DataRadioBearerMap/1/NrRlc/,3,9,4,1,0,0,0.000000,0,0,999999999B,,
random_seed19001_1791548306465962_pid87,19001,random,9.000000,1,p2p_device,ul,/NodeList/19/DeviceList/3,-1,0,0,-1,0,0,,0,0,600p,80000000,20.000000
random_seed19001_1791548306465962_pid87,19001,random,9.000000,1,p2p_qdisc,ul,/NodeList/19/DeviceList/3,-1,0,0,-1,0,0,,0,0,10240p,80000000,20.000000
random_seed19001_1791548306465962_pid87,19001,random,9.000000,1,p2p_device,dl,/NodeList/0/DeviceList/9,-1,0,0,-1,0,0,,0,0,600p,80000000,20.000000
random_seed19001_1791548306465962_pid87,19001,random,9.000000,1,p2p_qdisc,dl,/NodeList/0/DeviceList/9,-1,0,0,-1,0,0,,0,0,10240p,80000000,20.000000
random_seed19001_1791548306465962_pid87,19001,random,9.000000,1,nr_rlc_um,dl,/NodeList/1/DeviceList/0/NrGnbRrc/UeMap/1/DataRadioBearerMap/1/NrRlc/,-1,4,1,-1,0,0,0.000000,0,0,999999999B,,
random_seed19001_1791548306465962_pid87,19001,random,9.000000,1,nr_rlc_um,dl,/NodeList/1/DeviceList/0/NrGnbRrc/UeMap/2/DataRadioBearerMap/1/NrRlc/,1,7,2,2,0,0,0.000000,0,0,999999999B,,
random_seed19001_1791548306465962_pid87,19001,random,9.000000,1,nr_rlc_um,dl,/NodeList/1/DeviceList/0/NrGnbRrc/UeMap/3/DataRadioBearerMap/1/NrRlc/,2,8,3,1,0,0,0.000000,0,0,999999999B,,
random_seed19001_1791548306465962_pid87,19001,random,9.000000,1,nr_rlc_um,dl,/NodeList/1/DeviceList/0/NrGnbRrc/UeMap/4/DataRadioBearerMap/1/NrRlc/,3,9,4,1,0,0,0.000000,0,0,999999999B,,
random_seed19001_1791548306465962_pid87,19001,random,9.000000,1,nr_rlc_um,ul,/NodeList/4/DeviceList/0/NrUeRrc/DataRadioBearerMap/1/NrRlc/,-1,4,1,-1,0,0,0.000000,0,0,999999999B,,
random_seed19001_1791548306465962_pid87,19001,random,9.000000,1,nr_rlc_um,ul,/NodeList/7/DeviceList/0/NrUeRrc/DataRadioBearerMap/1/NrRlc/,1,7,2,2,0,0,0.000000,0,0,999999999B,,
random_seed19001_1791548306465962_pid87,19001,random,9.000000,1,nr_rlc_um,ul,/NodeList/8/DeviceList/0/NrUeRrc/DataRadioBearerMap/1/NrRlc/,2,8,3,1,0,0,0.000000,0,0,999999999B,,
random_seed19001_1791548306465962_pid87,19001,random,9.000000,1,nr_rlc_um,ul,/NodeList/9/DeviceList/0/NrUeRrc/DataRadioBearerMap/1/NrRlc/,3,9,4,1,0,0,0.000000,0,0,999999999B,,
random_seed19001_1791548306465962_pid87,19001,random,9.100000,1,p2p_device,ul,/NodeList/19/DeviceList/3,-1,0,0,-1,0,0,,0,0,600p,80000000,20.000000
random_seed19001_1791548306465962_pid87,19001,random,9.100000,1,p2p_qdisc,ul,/NodeList/19/DeviceList/3,-1,0,0,-1,0,0,,0,0,10240p,80000000,20.000000
random_seed19001_1791548306465962_pid87,19001,random,9.100000,1,p2p_device,dl,/NodeList/0/DeviceList/9,-1,0,0,-1,0,0,,0,0,600p,80000000,20.000000
random_seed19001_1791548306465962_pid87,19001,random,9.100000,1,p2p_qdisc,dl,/NodeList/0/DeviceList/9,-1,0,0,-1,0,0,,0,0,10240p,80000000,20.000000
random_seed19001_1791548306465962_pid87,19001,random,9.100000,1,nr_rlc_um,dl,/NodeList/1/DeviceList/0/NrGnbRrc/UeMap/1/DataRadioBearerMap/1/NrRlc/,-1,4,1,-1,0,0,0.000000,0,0,999999999B,,
random_seed19001_1791548306465962_pid87,19001,random,9.100000,1,nr_rlc_um,dl,/NodeList/1/DeviceList/0/NrGnbRrc/UeMap/2/DataRadioBearerMap/1/NrRlc/,1,7,2,2,0,0,0.000000,0,0,999999999B,,
random_seed19001_1791548306465962_pid87,19001,random,9.100000,1,nr_rlc_um,dl,/NodeList/1/DeviceList/0/NrGnbRrc/UeMap/3/DataRadioBearerMap/1/NrRlc/,2,8,3,1,0,0,0.000000,0,0,999999999B,,
random_seed19001_1791548306465962_pid87,19001,random,9.100000,1,nr_rlc_um,dl,/NodeList/1/DeviceList/0/NrGnbRrc/UeMap/4/DataRadioBearerMap/1/NrRlc/,3,9,4,1,0,0,0.000000,0,0,999999999B,,
random_seed19001_1791548306465962_pid87,19001,random,9.100000,1,nr_rlc_um,ul,/NodeList/4/DeviceList/0/NrUeRrc/DataRadioBearerMap/1/NrRlc/,-1,4,1,-1,0,0,0.000000,0,0,999999999B,,
random_seed19001_1791548306465962_pid87,19001,random,9.100000,1,nr_rlc_um,ul,/NodeList/7/DeviceList/0/NrUeRrc/DataRadioBearerMap/1/NrRlc/,1,7,2,2,0,0,0.000000,0,0,999999999B,,
random_seed19001_1791548306465962_pid87,19001,random,9.100000,1,nr_rlc_um,ul,/NodeList/8/DeviceList/0/NrUeRrc/DataRadioBearerMap/1/NrRlc/,2,8,3,1,0,0,0.000000,0,0,999999999B,,
random_seed19001_1791548306465962_pid87,19001,random,9.100000,1,nr_rlc_um,ul,/NodeList/9/DeviceList/0/NrUeRrc/DataRadioBearerMap/1/NrRlc/,3,9,4,1,0,0,0.000000,0,0,999999999B,,
random_seed19001_1791548306465962_pid87,19001,random,9.200000,1,p2p_device,ul,/NodeList/19/DeviceList/3,-1,0,0,-1,0,0,,0,0,600p,80000000,20.000000
random_seed19001_1791548306465962_pid87,19001,random,9.200000,1,p2p_qdisc,ul,/NodeList/19/DeviceList/3,-1,0,0,-1,0,0,,0,0,10240p,80000000,20.000000
random_seed19001_1791548306465962_pid87,19001,random,9.200000,1,p2p_device,dl,/NodeList/0/DeviceList/9,-1,0,0,-1,0,0,,0,0,600p,80000000,20.000000
random_seed19001_1791548306465962_pid87,19001,random,9.200000,1,p2p_qdisc,dl,/NodeList/0/DeviceList/9,-1,0,0,-1,0,0,,0,0,10240p,80000000,20.000000
random_seed19001_1791548306465962_pid87,19001,random,9.200000,1,nr_rlc_um,dl,/NodeList/1/DeviceList/0/NrGnbRrc/UeMap/1/DataRadioBearerMap/1/NrRlc/,-1,4,1,-1,0,0,0.000000,0,0,999999999B,,
random_seed19001_1791548306465962_pid87,19001,random,9.200000,1,nr_rlc_um,dl,/NodeList/1/DeviceList/0/NrGnbRrc/UeMap/2/DataRadioBearerMap/1/NrRlc/,1,7,2,2,0,0,0.000000,0,0,999999999B,,
random_seed19001_1791548306465962_pid87,19001,random,9.200000,1,nr_rlc_um,dl,/NodeList/1/DeviceList/0/NrGnbRrc/UeMap/3/DataRadioBearerMap/1/NrRlc/,2,8,3,1,0,0,0.000000,0,0,999999999B,,
random_seed19001_1791548306465962_pid87,19001,random,9.200000,1,nr_rlc_um,dl,/NodeList/1/DeviceList/0/NrGnbRrc/UeMap/4/DataRadioBearerMap/1/NrRlc/,3,9,4,1,0,0,0.000000,0,0,999999999B,,
random_seed19001_1791548306465962_pid87,19001,random,9.200000,1,nr_rlc_um,ul,/NodeList/4/DeviceList/0/NrUeRrc/DataRadioBearerMap/1/NrRlc/,-1,4,1,-1,0,0,0.000000,0,0,999999999B,,
random_seed19001_1791548306465962_pid87,19001,random,9.200000,1,nr_rlc_um,ul,/NodeList/7/DeviceList/0/NrUeRrc/DataRadioBearerMap/1/NrRlc/,1,7,2,2,0,0,0.000000,0,0,999999999B,,
random_seed19001_1791548306465962_pid87,19001,random,9.200000,1,nr_rlc_um,ul,/NodeList/8/DeviceList/0/NrUeRrc/DataRadioBearerMap/1/NrRlc/,2,8,3,1,0,0,0.000000,0,0,999999999B,,
random_seed19001_1791548306465962_pid87,19001,random,9.200000,1,nr_rlc_um,ul,/NodeList/9/DeviceList/0/NrUeRrc/DataRadioBearerMap/1/NrRlc/,3,9,4,1,0,0,0.000000,0,0,999999999B,,
random_seed19001_1791548306465962_pid87,19001,random,9.300000,1,p2p_device,ul,/NodeList/19/DeviceList/3,-1,0,0,-1,0,0,,0,0,600p,80000000,20.000000
random_seed19001_1791548306465962_pid87,19001,random,9.300000,1,p2p_qdisc,ul,/NodeList/19/DeviceList/3,-1,0,0,-1,0,0,,0,0,10240p,80000000,20.000000
random_seed19001_1791548306465962_pid87,19001,random,9.300000,1,p2p_device,dl,/NodeList/0/DeviceList/9,-1,0,0,-1,0,0,,0,0,600p,80000000,20.000000
random_seed19001_1791548306465962_pid87,19001,random,9.300000,1,p2p_qdisc,dl,/NodeList/0/DeviceList/9,-1,0,0,-1,0,0,,0,0,10240p,80000000,20.000000
random_seed19001_1791548306465962_pid87,19001,random,9.300000,1,nr_rlc_um,dl,/NodeList/1/DeviceList/0/NrGnbRrc/UeMap/1/DataRadioBearerMap/1/NrRlc/,-1,4,1,-1,0,0,0.000000,0,0,999999999B,,
random_seed19001_1791548306465962_pid87,19001,random,9.300000,1,nr_rlc_um,dl,/NodeList/1/DeviceList/0/NrGnbRrc/UeMap/2/DataRadioBearerMap/1/NrRlc/,1,7,2,2,0,0,0.000000,0,0,999999999B,,
random_seed19001_1791548306465962_pid87,19001,random,9.300000,1,nr_rlc_um,dl,/NodeList/1/DeviceList/0/NrGnbRrc/UeMap/3/DataRadioBearerMap/1/NrRlc/,2,8,3,1,0,0,0.000000,0,0,999999999B,,
random_seed19001_1791548306465962_pid87,19001,random,9.300000,1,nr_rlc_um,dl,/NodeList/1/DeviceList/0/NrGnbRrc/UeMap/4/DataRadioBearerMap/1/NrRlc/,3,9,4,1,0,0,0.000000,0,0,999999999B,,
random_seed19001_1791548306465962_pid87,19001,random,9.300000,1,nr_rlc_um,ul,/NodeList/4/DeviceList/0/NrUeRrc/DataRadioBearerMap/1/NrRlc/,-1,4,1,-1,0,0,0.000000,0,0,999999999B,,
random_seed19001_1791548306465962_pid87,19001,random,9.300000,1,nr_rlc_um,ul,/NodeList/7/DeviceList/0/NrUeRrc/DataRadioBearerMap/1/NrRlc/,1,7,2,2,0,0,0.000000,0,0,999999999B,,
random_seed19001_1791548306465962_pid87,19001,random,9.300000,1,nr_rlc_um,ul,/NodeList/8/DeviceList/0/NrUeRrc/DataRadioBearerMap/1/NrRlc/,2,8,3,1,0,0,0.000000,0,0,999999999B,,
random_seed19001_1791548306465962_pid87,19001,random,9.300000,1,nr_rlc_um,ul,/NodeList/9/DeviceList/0/NrUeRrc/DataRadioBearerMap/1/NrRlc/,3,9,4,1,0,0,0.000000,0,0,999999999B,,
random_seed19001_1791548306465962_pid87,19001,random,9.400000,1,p2p_device,ul,/NodeList/19/DeviceList/3,-1,0,0,-1,0,0,,0,0,600p,80000000,20.000000
random_seed19001_1791548306465962_pid87,19001,random,9.400000,1,p2p_qdisc,ul,/NodeList/19/DeviceList/3,-1,0,0,-1,0,0,,0,0,10240p,80000000,20.000000
random_seed19001_1791548306465962_pid87,19001,random,9.400000,1,p2p_device,dl,/NodeList/0/DeviceList/9,-1,0,0,-1,0,0,,0,0,600p,80000000,20.000000
random_seed19001_1791548306465962_pid87,19001,random,9.400000,1,p2p_qdisc,dl,/NodeList/0/DeviceList/9,-1,0,0,-1,0,0,,0,0,10240p,80000000,20.000000
random_seed19001_1791548306465962_pid87,19001,random,9.400000,1,nr_rlc_um,dl,/NodeList/1/DeviceList/0/NrGnbRrc/UeMap/1/DataRadioBearerMap/1/NrRlc/,-1,4,1,-1,0,0,0.000000,0,0,999999999B,,
random_seed19001_1791548306465962_pid87,19001,random,9.400000,1,nr_rlc_um,dl,/NodeList/1/DeviceList/0/NrGnbRrc/UeMap/2/DataRadioBearerMap/1/NrRlc/,1,7,2,2,0,0,0.000000,0,0,999999999B,,
random_seed19001_1791548306465962_pid87,19001,random,9.400000,1,nr_rlc_um,dl,/NodeList/1/DeviceList/0/NrGnbRrc/UeMap/3/DataRadioBearerMap/1/NrRlc/,2,8,3,1,0,0,0.000000,0,0,999999999B,,
random_seed19001_1791548306465962_pid87,19001,random,9.400000,1,nr_rlc_um,dl,/NodeList/1/DeviceList/0/NrGnbRrc/UeMap/4/DataRadioBearerMap/1/NrRlc/,3,9,4,1,0,0,0.000000,0,0,999999999B,,
random_seed19001_1791548306465962_pid87,19001,random,9.400000,1,nr_rlc_um,ul,/NodeList/4/DeviceList/0/NrUeRrc/DataRadioBearerMap/1/NrRlc/,-1,4,1,-1,0,0,0.000000,0,0,999999999B,,
random_seed19001_1791548306465962_pid87,19001,random,9.400000,1,nr_rlc_um,ul,/NodeList/7/DeviceList/0/NrUeRrc/DataRadioBearerMap/1/NrRlc/,1,7,2,2,0,0,0.000000,0,0,999999999B,,
random_seed19001_1791548306465962_pid87,19001,random,9.400000,1,nr_rlc_um,ul,/NodeList/8/DeviceList/0/NrUeRrc/DataRadioBearerMap/1/NrRlc/,2,8,3,1,0,0,0.000000,0,0,999999999B,,
random_seed19001_1791548306465962_pid87,19001,random,9.400000,1,nr_rlc_um,ul,/NodeList/9/DeviceList/0/NrUeRrc/DataRadioBearerMap/1/NrRlc/,3,9,4,1,0,0,0.000000,0,0,999999999B,,
random_seed19001_1791548306465962_pid87,19001,random,9.500000,1,p2p_device,ul,/NodeList/19/DeviceList/3,-1,0,0,-1,0,0,,0,0,600p,80000000,20.000000
random_seed19001_1791548306465962_pid87,19001,random,9.500000,1,p2p_qdisc,ul,/NodeList/19/DeviceList/3,-1,0,0,-1,0,0,,0,0,10240p,80000000,20.000000
random_seed19001_1791548306465962_pid87,19001,random,9.500000,1,p2p_device,dl,/NodeList/0/DeviceList/9,-1,0,0,-1,0,0,,0,0,600p,80000000,20.000000
random_seed19001_1791548306465962_pid87,19001,random,9.500000,1,p2p_qdisc,dl,/NodeList/0/DeviceList/9,-1,0,0,-1,0,0,,0,0,10240p,80000000,20.000000
random_seed19001_1791548306465962_pid87,19001,random,9.500000,1,nr_rlc_um,dl,/NodeList/1/DeviceList/0/NrGnbRrc/UeMap/1/DataRadioBearerMap/1/NrRlc/,-1,4,1,-1,0,0,0.000000,0,0,999999999B,,
random_seed19001_1791548306465962_pid87,19001,random,9.500000,1,nr_rlc_um,dl,/NodeList/1/DeviceList/0/NrGnbRrc/UeMap/2/DataRadioBearerMap/1/NrRlc/,1,7,2,2,0,0,0.000000,0,0,999999999B,,
random_seed19001_1791548306465962_pid87,19001,random,9.500000,1,nr_rlc_um,dl,/NodeList/1/DeviceList/0/NrGnbRrc/UeMap/3/DataRadioBearerMap/1/NrRlc/,2,8,3,1,0,0,0.000000,0,0,999999999B,,
random_seed19001_1791548306465962_pid87,19001,random,9.500000,1,nr_rlc_um,dl,/NodeList/1/DeviceList/0/NrGnbRrc/UeMap/4/DataRadioBearerMap/1/NrRlc/,3,9,4,1,0,0,0.000000,0,0,999999999B,,
random_seed19001_1791548306465962_pid87,19001,random,9.500000,1,nr_rlc_um,ul,/NodeList/4/DeviceList/0/NrUeRrc/DataRadioBearerMap/1/NrRlc/,-1,4,1,-1,0,0,0.000000,0,0,999999999B,,
random_seed19001_1791548306465962_pid87,19001,random,9.500000,1,nr_rlc_um,ul,/NodeList/7/DeviceList/0/NrUeRrc/DataRadioBearerMap/1/NrRlc/,1,7,2,2,0,0,0.000000,0,0,999999999B,,
random_seed19001_1791548306465962_pid87,19001,random,9.500000,1,nr_rlc_um,ul,/NodeList/8/DeviceList/0/NrUeRrc/DataRadioBearerMap/1/NrRlc/,2,8,3,1,0,0,0.000000,0,0,999999999B,,
random_seed19001_1791548306465962_pid87,19001,random,9.500000,1,nr_rlc_um,ul,/NodeList/9/DeviceList/0/NrUeRrc/DataRadioBearerMap/1/NrRlc/,3,9,4,1,0,0,0.000000,0,0,999999999B,,
random_seed19001_1791548306465962_pid87,19001,random,9.600000,1,p2p_device,ul,/NodeList/19/DeviceList/3,-1,0,0,-1,0,0,,0,0,600p,80000000,20.000000
random_seed19001_1791548306465962_pid87,19001,random,9.600000,1,p2p_qdisc,ul,/NodeList/19/DeviceList/3,-1,0,0,-1,0,0,,0,0,10240p,80000000,20.000000
random_seed19001_1791548306465962_pid87,19001,random,9.600000,1,p2p_device,dl,/NodeList/0/DeviceList/9,-1,0,0,-1,0,0,,0,0,600p,80000000,20.000000
random_seed19001_1791548306465962_pid87,19001,random,9.600000,1,p2p_qdisc,dl,/NodeList/0/DeviceList/9,-1,0,0,-1,0,0,,0,0,10240p,80000000,20.000000
random_seed19001_1791548306465962_pid87,19001,random,9.600000,1,nr_rlc_um,dl,/NodeList/1/DeviceList/0/NrGnbRrc/UeMap/1/DataRadioBearerMap/1/NrRlc/,-1,4,1,-1,0,0,0.000000,0,0,999999999B,,
random_seed19001_1791548306465962_pid87,19001,random,9.600000,1,nr_rlc_um,dl,/NodeList/1/DeviceList/0/NrGnbRrc/UeMap/2/DataRadioBearerMap/1/NrRlc/,1,7,2,2,0,0,0.000000,0,0,999999999B,,
random_seed19001_1791548306465962_pid87,19001,random,9.600000,1,nr_rlc_um,dl,/NodeList/1/DeviceList/0/NrGnbRrc/UeMap/3/DataRadioBearerMap/1/NrRlc/,2,8,3,1,0,0,0.000000,0,0,999999999B,,
random_seed19001_1791548306465962_pid87,19001,random,9.600000,1,nr_rlc_um,dl,/NodeList/1/DeviceList/0/NrGnbRrc/UeMap/4/DataRadioBearerMap/1/NrRlc/,3,9,4,1,0,0,0.000000,0,0,999999999B,,
random_seed19001_1791548306465962_pid87,19001,random,9.600000,1,nr_rlc_um,ul,/NodeList/4/DeviceList/0/NrUeRrc/DataRadioBearerMap/1/NrRlc/,-1,4,1,-1,0,0,0.000000,0,0,999999999B,,
random_seed19001_1791548306465962_pid87,19001,random,9.600000,1,nr_rlc_um,ul,/NodeList/7/DeviceList/0/NrUeRrc/DataRadioBearerMap/1/NrRlc/,1,7,2,2,0,0,0.000000,0,0,999999999B,,
random_seed19001_1791548306465962_pid87,19001,random,9.600000,1,nr_rlc_um,ul,/NodeList/8/DeviceList/0/NrUeRrc/DataRadioBearerMap/1/NrRlc/,2,8,3,1,0,0,0.000000,0,0,999999999B,,
random_seed19001_1791548306465962_pid87,19001,random,9.600000,1,nr_rlc_um,ul,/NodeList/9/DeviceList/0/NrUeRrc/DataRadioBearerMap/1/NrRlc/,3,9,4,1,0,0,0.000000,0,0,999999999B,,
random_seed19001_1791548306465962_pid87,19001,random,9.700000,1,p2p_device,ul,/NodeList/19/DeviceList/3,-1,0,0,-1,0,0,,0,0,600p,80000000,20.000000
random_seed19001_1791548306465962_pid87,19001,random,9.700000,1,p2p_qdisc,ul,/NodeList/19/DeviceList/3,-1,0,0,-1,0,0,,0,0,10240p,80000000,20.000000
random_seed19001_1791548306465962_pid87,19001,random,9.700000,1,p2p_device,dl,/NodeList/0/DeviceList/9,-1,0,0,-1,0,0,,0,0,600p,80000000,20.000000
random_seed19001_1791548306465962_pid87,19001,random,9.700000,1,p2p_qdisc,dl,/NodeList/0/DeviceList/9,-1,0,0,-1,0,0,,0,0,10240p,80000000,20.000000
random_seed19001_1791548306465962_pid87,19001,random,9.700000,1,nr_rlc_um,dl,/NodeList/1/DeviceList/0/NrGnbRrc/UeMap/1/DataRadioBearerMap/1/NrRlc/,-1,4,1,-1,0,0,0.000000,0,0,999999999B,,
random_seed19001_1791548306465962_pid87,19001,random,9.700000,1,nr_rlc_um,dl,/NodeList/1/DeviceList/0/NrGnbRrc/UeMap/2/DataRadioBearerMap/1/NrRlc/,1,7,2,2,0,0,0.000000,0,0,999999999B,,
random_seed19001_1791548306465962_pid87,19001,random,9.700000,1,nr_rlc_um,dl,/NodeList/1/DeviceList/0/NrGnbRrc/UeMap/3/DataRadioBearerMap/1/NrRlc/,2,8,3,1,0,0,0.000000,0,0,999999999B,,
random_seed19001_1791548306465962_pid87,19001,random,9.700000,1,nr_rlc_um,dl,/NodeList/1/DeviceList/0/NrGnbRrc/UeMap/4/DataRadioBearerMap/1/NrRlc/,3,9,4,1,0,0,0.000000,0,0,999999999B,,
random_seed19001_1791548306465962_pid87,19001,random,9.700000,1,nr_rlc_um,ul,/NodeList/4/DeviceList/0/NrUeRrc/DataRadioBearerMap/1/NrRlc/,-1,4,1,-1,0,0,0.000000,0,0,999999999B,,
random_seed19001_1791548306465962_pid87,19001,random,9.700000,1,nr_rlc_um,ul,/NodeList/7/DeviceList/0/NrUeRrc/DataRadioBearerMap/1/NrRlc/,1,7,2,2,0,0,0.000000,0,0,999999999B,,
random_seed19001_1791548306465962_pid87,19001,random,9.700000,1,nr_rlc_um,ul,/NodeList/8/DeviceList/0/NrUeRrc/DataRadioBearerMap/1/NrRlc/,2,8,3,1,0,0,0.000000,0,0,999999999B,,
random_seed19001_1791548306465962_pid87,19001,random,9.700000,1,nr_rlc_um,ul,/NodeList/9/DeviceList/0/NrUeRrc/DataRadioBearerMap/1/NrRlc/,3,9,4,1,0,0,0.000000,0,0,999999999B,,
random_seed19001_1791548306465962_pid87,19001,random,9.800000,1,p2p_device,ul,/NodeList/19/DeviceList/3,-1,0,0,-1,0,0,,0,0,600p,80000000,20.000000
random_seed19001_1791548306465962_pid87,19001,random,9.800000,1,p2p_qdisc,ul,/NodeList/19/DeviceList/3,-1,0,0,-1,0,0,,0,0,10240p,80000000,20.000000
random_seed19001_1791548306465962_pid87,19001,random,9.800000,1,p2p_device,dl,/NodeList/0/DeviceList/9,-1,0,0,-1,0,0,,0,0,600p,80000000,20.000000
random_seed19001_1791548306465962_pid87,19001,random,9.800000,1,p2p_qdisc,dl,/NodeList/0/DeviceList/9,-1,0,0,-1,0,0,,0,0,10240p,80000000,20.000000
random_seed19001_1791548306465962_pid87,19001,random,9.800000,1,nr_rlc_um,dl,/NodeList/1/DeviceList/0/NrGnbRrc/UeMap/1/DataRadioBearerMap/1/NrRlc/,-1,4,1,-1,0,0,0.000000,0,0,999999999B,,
random_seed19001_1791548306465962_pid87,19001,random,9.800000,1,nr_rlc_um,dl,/NodeList/1/DeviceList/0/NrGnbRrc/UeMap/2/DataRadioBearerMap/1/NrRlc/,1,7,2,2,0,0,0.000000,0,0,999999999B,,
random_seed19001_1791548306465962_pid87,19001,random,9.800000,1,nr_rlc_um,dl,/NodeList/1/DeviceList/0/NrGnbRrc/UeMap/3/DataRadioBearerMap/1/NrRlc/,2,8,3,1,0,0,0.000000,0,0,999999999B,,
random_seed19001_1791548306465962_pid87,19001,random,9.800000,1,nr_rlc_um,dl,/NodeList/1/DeviceList/0/NrGnbRrc/UeMap/4/DataRadioBearerMap/1/NrRlc/,3,9,4,1,0,0,0.000000,0,0,999999999B,,
random_seed19001_1791548306465962_pid87,19001,random,9.800000,1,nr_rlc_um,ul,/NodeList/4/DeviceList/0/NrUeRrc/DataRadioBearerMap/1/NrRlc/,-1,4,1,-1,0,0,0.000000,0,0,999999999B,,
random_seed19001_1791548306465962_pid87,19001,random,9.800000,1,nr_rlc_um,ul,/NodeList/7/DeviceList/0/NrUeRrc/DataRadioBearerMap/1/NrRlc/,1,7,2,2,0,0,0.000000,0,0,999999999B,,
random_seed19001_1791548306465962_pid87,19001,random,9.800000,1,nr_rlc_um,ul,/NodeList/8/DeviceList/0/NrUeRrc/DataRadioBearerMap/1/NrRlc/,2,8,3,1,0,0,0.000000,0,0,999999999B,,
random_seed19001_1791548306465962_pid87,19001,random,9.800000,1,nr_rlc_um,ul,/NodeList/9/DeviceList/0/NrUeRrc/DataRadioBearerMap/1/NrRlc/,3,9,4,1,0,0,0.000000,0,0,999999999B,,
random_seed19001_1791548306465962_pid87,19001,random,9.900000,1,p2p_device,ul,/NodeList/19/DeviceList/3,-1,0,0,-1,0,0,,0,0,600p,80000000,20.000000
random_seed19001_1791548306465962_pid87,19001,random,9.900000,1,p2p_qdisc,ul,/NodeList/19/DeviceList/3,-1,0,0,-1,0,0,,0,0,10240p,80000000,20.000000
random_seed19001_1791548306465962_pid87,19001,random,9.900000,1,p2p_device,dl,/NodeList/0/DeviceList/9,-1,0,0,-1,0,0,,0,0,600p,80000000,20.000000
random_seed19001_1791548306465962_pid87,19001,random,9.900000,1,p2p_qdisc,dl,/NodeList/0/DeviceList/9,-1,0,0,-1,0,0,,0,0,10240p,80000000,20.000000
random_seed19001_1791548306465962_pid87,19001,random,9.900000,1,nr_rlc_um,dl,/NodeList/1/DeviceList/0/NrGnbRrc/UeMap/1/DataRadioBearerMap/1/NrRlc/,-1,4,1,-1,0,0,0.000000,0,0,999999999B,,
random_seed19001_1791548306465962_pid87,19001,random,9.900000,1,nr_rlc_um,dl,/NodeList/1/DeviceList/0/NrGnbRrc/UeMap/2/DataRadioBearerMap/1/NrRlc/,1,7,2,2,0,0,0.000000,0,0,999999999B,,
random_seed19001_1791548306465962_pid87,19001,random,9.900000,1,nr_rlc_um,dl,/NodeList/1/DeviceList/0/NrGnbRrc/UeMap/3/DataRadioBearerMap/1/NrRlc/,2,8,3,1,0,0,0.000000,0,0,999999999B,,
random_seed19001_1791548306465962_pid87,19001,random,9.900000,1,nr_rlc_um,dl,/NodeList/1/DeviceList/0/NrGnbRrc/UeMap/4/DataRadioBearerMap/1/NrRlc/,3,9,4,1,0,0,0.000000,0,0,999999999B,,
random_seed19001_1791548306465962_pid87,19001,random,9.900000,1,nr_rlc_um,ul,/NodeList/4/DeviceList/0/NrUeRrc/DataRadioBearerMap/1/NrRlc/,-1,4,1,-1,0,0,0.000000,0,0,999999999B,,
random_seed19001_1791548306465962_pid87,19001,random,9.900000,1,nr_rlc_um,ul,/NodeList/7/DeviceList/0/NrUeRrc/DataRadioBearerMap/1/NrRlc/,1,7,2,2,0,0,0.000000,0,0,999999999B,,
random_seed19001_1791548306465962_pid87,19001,random,9.900000,1,nr_rlc_um,ul,/NodeList/8/DeviceList/0/NrUeRrc/DataRadioBearerMap/1/NrRlc/,2,8,3,1,0,0,0.000000,0,0,999999999B,,
random_seed19001_1791548306465962_pid87,19001,random,9.900000,1,nr_rlc_um,ul,/NodeList/9/DeviceList/0/NrUeRrc/DataRadioBearerMap/1/NrRlc/,3,9,4,1,0,0,0.000000,0,0,999999999B,,
random_seed19001_1791548306465962_pid87,19001,random,10.000000,1,p2p_device,ul,/NodeList/19/DeviceList/3,-1,0,0,-1,0,0,,0,0,600p,80000000,20.000000
random_seed19001_1791548306465962_pid87,19001,random,10.000000,1,p2p_qdisc,ul,/NodeList/19/DeviceList/3,-1,0,0,-1,0,0,,0,0,10240p,80000000,20.000000
random_seed19001_1791548306465962_pid87,19001,random,10.000000,1,p2p_device,dl,/NodeList/0/DeviceList/9,-1,0,0,-1,0,0,,0,0,600p,80000000,20.000000
random_seed19001_1791548306465962_pid87,19001,random,10.000000,1,p2p_qdisc,dl,/NodeList/0/DeviceList/9,-1,0,0,-1,0,0,,0,0,10240p,80000000,20.000000
random_seed19001_1791548306465962_pid87,19001,random,10.000000,1,nr_rlc_um,dl,/NodeList/1/DeviceList/0/NrGnbRrc/UeMap/1/DataRadioBearerMap/1/NrRlc/,-1,4,1,-1,0,0,0.000000,0,0,999999999B,,
random_seed19001_1791548306465962_pid87,19001,random,10.000000,1,nr_rlc_um,dl,/NodeList/1/DeviceList/0/NrGnbRrc/UeMap/2/DataRadioBearerMap/1/NrRlc/,1,7,2,2,0,0,0.000000,0,0,999999999B,,
random_seed19001_1791548306465962_pid87,19001,random,10.000000,1,nr_rlc_um,dl,/NodeList/1/DeviceList/0/NrGnbRrc/UeMap/3/DataRadioBearerMap/1/NrRlc/,2,8,3,1,0,0,0.000000,0,0,999999999B,,
random_seed19001_1791548306465962_pid87,19001,random,10.000000,1,nr_rlc_um,dl,/NodeList/1/DeviceList/0/NrGnbRrc/UeMap/4/DataRadioBearerMap/1/NrRlc/,3,9,4,1,0,0,0.000000,0,0,999999999B,,
random_seed19001_1791548306465962_pid87,19001,random,10.000000,1,nr_rlc_um,ul,/NodeList/4/DeviceList/0/NrUeRrc/DataRadioBearerMap/1/NrRlc/,-1,4,1,-1,0,0,0.000000,0,0,999999999B,,
random_seed19001_1791548306465962_pid87,19001,random,10.000000,1,nr_rlc_um,ul,/NodeList/7/DeviceList/0/NrUeRrc/DataRadioBearerMap/1/NrRlc/,1,7,2,2,0,0,0.000000,0,0,999999999B,,
random_seed19001_1791548306465962_pid87,19001,random,10.000000,1,nr_rlc_um,ul,/NodeList/8/DeviceList/0/NrUeRrc/DataRadioBearerMap/1/NrRlc/,2,8,3,1,0,0,0.000000,0,0,999999999B,,
random_seed19001_1791548306465962_pid87,19001,random,10.000000,1,nr_rlc_um,ul,/NodeList/9/DeviceList/0/NrUeRrc/DataRadioBearerMap/1/NrRlc/,3,9,4,1,0,0,0.000000,0,0,999999999B,,
random_seed19001_1791548306465962_pid87,19001,random,10.100000,1,p2p_device,ul,/NodeList/19/DeviceList/3,-1,0,0,-1,0,0,,0,0,600p,80000000,20.000000
random_seed19001_1791548306465962_pid87,19001,random,10.100000,1,p2p_qdisc,ul,/NodeList/19/DeviceList/3,-1,0,0,-1,0,0,,0,0,10240p,80000000,20.000000
random_seed19001_1791548306465962_pid87,19001,random,10.100000,1,p2p_device,dl,/NodeList/0/DeviceList/9,-1,0,0,-1,0,0,,0,0,600p,80000000,20.000000
random_seed19001_1791548306465962_pid87,19001,random,10.100000,1,p2p_qdisc,dl,/NodeList/0/DeviceList/9,-1,0,0,-1,0,0,,0,0,10240p,80000000,20.000000
random_seed19001_1791548306465962_pid87,19001,random,10.100000,1,nr_rlc_um,dl,/NodeList/1/DeviceList/0/NrGnbRrc/UeMap/1/DataRadioBearerMap/1/NrRlc/,-1,4,1,-1,0,0,0.000000,0,0,999999999B,,
random_seed19001_1791548306465962_pid87,19001,random,10.100000,1,nr_rlc_um,dl,/NodeList/1/DeviceList/0/NrGnbRrc/UeMap/2/DataRadioBearerMap/1/NrRlc/,1,7,2,2,0,0,0.000000,0,0,999999999B,,
random_seed19001_1791548306465962_pid87,19001,random,10.100000,1,nr_rlc_um,dl,/NodeList/1/DeviceList/0/NrGnbRrc/UeMap/3/DataRadioBearerMap/1/NrRlc/,2,8,3,1,0,0,0.000000,0,0,999999999B,,
random_seed19001_1791548306465962_pid87,19001,random,10.100000,1,nr_rlc_um,dl,/NodeList/1/DeviceList/0/NrGnbRrc/UeMap/4/DataRadioBearerMap/1/NrRlc/,3,9,4,1,0,0,0.000000,0,0,999999999B,,
random_seed19001_1791548306465962_pid87,19001,random,10.100000,1,nr_rlc_um,ul,/NodeList/4/DeviceList/0/NrUeRrc/DataRadioBearerMap/1/NrRlc/,-1,4,1,-1,0,0,0.000000,0,0,999999999B,,
random_seed19001_1791548306465962_pid87,19001,random,10.100000,1,nr_rlc_um,ul,/NodeList/7/DeviceList/0/NrUeRrc/DataRadioBearerMap/1/NrRlc/,1,7,2,2,0,0,0.000000,0,0,999999999B,,
random_seed19001_1791548306465962_pid87,19001,random,10.100000,1,nr_rlc_um,ul,/NodeList/8/DeviceList/0/NrUeRrc/DataRadioBearerMap/1/NrRlc/,2,8,3,1,0,0,0.000000,0,0,999999999B,,
random_seed19001_1791548306465962_pid87,19001,random,10.100000,1,nr_rlc_um,ul,/NodeList/9/DeviceList/0/NrUeRrc/DataRadioBearerMap/1/NrRlc/,3,9,4,1,0,0,0.000000,0,0,999999999B,,
random_seed19001_1791548306465962_pid87,19001,random,10.200000,1,p2p_device,ul,/NodeList/19/DeviceList/3,-1,0,0,-1,0,0,,0,0,600p,80000000,20.000000
random_seed19001_1791548306465962_pid87,19001,random,10.200000,1,p2p_qdisc,ul,/NodeList/19/DeviceList/3,-1,0,0,-1,0,0,,0,0,10240p,80000000,20.000000
random_seed19001_1791548306465962_pid87,19001,random,10.200000,1,p2p_device,dl,/NodeList/0/DeviceList/9,-1,0,0,-1,0,0,,0,0,600p,80000000,20.000000
random_seed19001_1791548306465962_pid87,19001,random,10.200000,1,p2p_qdisc,dl,/NodeList/0/DeviceList/9,-1,0,0,-1,0,0,,0,0,10240p,80000000,20.000000
random_seed19001_1791548306465962_pid87,19001,random,10.200000,1,nr_rlc_um,dl,/NodeList/1/DeviceList/0/NrGnbRrc/UeMap/1/DataRadioBearerMap/1/NrRlc/,-1,4,1,-1,0,0,0.000000,0,0,999999999B,,
random_seed19001_1791548306465962_pid87,19001,random,10.200000,1,nr_rlc_um,dl,/NodeList/1/DeviceList/0/NrGnbRrc/UeMap/2/DataRadioBearerMap/1/NrRlc/,1,7,2,2,0,0,0.000000,0,0,999999999B,,
random_seed19001_1791548306465962_pid87,19001,random,10.200000,1,nr_rlc_um,dl,/NodeList/1/DeviceList/0/NrGnbRrc/UeMap/3/DataRadioBearerMap/1/NrRlc/,2,8,3,1,0,0,0.000000,0,0,999999999B,,
random_seed19001_1791548306465962_pid87,19001,random,10.200000,1,nr_rlc_um,dl,/NodeList/1/DeviceList/0/NrGnbRrc/UeMap/4/DataRadioBearerMap/1/NrRlc/,3,9,4,1,0,0,0.000000,0,0,999999999B,,
random_seed19001_1791548306465962_pid87,19001,random,10.200000,1,nr_rlc_um,ul,/NodeList/4/DeviceList/0/NrUeRrc/DataRadioBearerMap/1/NrRlc/,-1,4,1,-1,0,0,0.000000,0,0,999999999B,,
random_seed19001_1791548306465962_pid87,19001,random,10.200000,1,nr_rlc_um,ul,/NodeList/7/DeviceList/0/NrUeRrc/DataRadioBearerMap/1/NrRlc/,1,7,2,2,0,0,0.000000,0,0,999999999B,,
random_seed19001_1791548306465962_pid87,19001,random,10.200000,1,nr_rlc_um,ul,/NodeList/8/DeviceList/0/NrUeRrc/DataRadioBearerMap/1/NrRlc/,2,8,3,1,0,0,0.000000,0,0,999999999B,,
random_seed19001_1791548306465962_pid87,19001,random,10.200000,1,nr_rlc_um,ul,/NodeList/9/DeviceList/0/NrUeRrc/DataRadioBearerMap/1/NrRlc/,3,9,4,1,0,0,0.000000,0,0,999999999B,,
random_seed19001_1791548306465962_pid87,19001,random,10.300000,1,p2p_device,ul,/NodeList/19/DeviceList/3,-1,0,0,-1,0,0,,0,0,600p,80000000,20.000000
random_seed19001_1791548306465962_pid87,19001,random,10.300000,1,p2p_qdisc,ul,/NodeList/19/DeviceList/3,-1,0,0,-1,0,0,,0,0,10240p,80000000,20.000000
random_seed19001_1791548306465962_pid87,19001,random,10.300000,1,p2p_device,dl,/NodeList/0/DeviceList/9,-1,0,0,-1,0,0,,0,0,600p,80000000,20.000000
random_seed19001_1791548306465962_pid87,19001,random,10.300000,1,p2p_qdisc,dl,/NodeList/0/DeviceList/9,-1,0,0,-1,0,0,,0,0,10240p,80000000,20.000000
random_seed19001_1791548306465962_pid87,19001,random,10.300000,1,nr_rlc_um,dl,/NodeList/1/DeviceList/0/NrGnbRrc/UeMap/1/DataRadioBearerMap/1/NrRlc/,-1,4,1,-1,0,0,0.000000,0,0,999999999B,,
random_seed19001_1791548306465962_pid87,19001,random,10.300000,1,nr_rlc_um,dl,/NodeList/1/DeviceList/0/NrGnbRrc/UeMap/2/DataRadioBearerMap/1/NrRlc/,1,7,2,2,0,0,0.000000,0,0,999999999B,,
random_seed19001_1791548306465962_pid87,19001,random,10.300000,1,nr_rlc_um,dl,/NodeList/1/DeviceList/0/NrGnbRrc/UeMap/3/DataRadioBearerMap/1/NrRlc/,2,8,3,1,0,0,0.000000,0,0,999999999B,,
random_seed19001_1791548306465962_pid87,19001,random,10.300000,1,nr_rlc_um,dl,/NodeList/1/DeviceList/0/NrGnbRrc/UeMap/4/DataRadioBearerMap/1/NrRlc/,3,9,4,1,0,0,0.000000,0,0,999999999B,,
random_seed19001_1791548306465962_pid87,19001,random,10.300000,1,nr_rlc_um,ul,/NodeList/4/DeviceList/0/NrUeRrc/DataRadioBearerMap/1/NrRlc/,-1,4,1,-1,0,0,0.000000,0,0,999999999B,,
random_seed19001_1791548306465962_pid87,19001,random,10.300000,1,nr_rlc_um,ul,/NodeList/7/DeviceList/0/NrUeRrc/DataRadioBearerMap/1/NrRlc/,1,7,2,2,0,0,0.000000,0,0,999999999B,,
random_seed19001_1791548306465962_pid87,19001,random,10.300000,1,nr_rlc_um,ul,/NodeList/8/DeviceList/0/NrUeRrc/DataRadioBearerMap/1/NrRlc/,2,8,3,1,0,0,0.000000,0,0,999999999B,,
random_seed19001_1791548306465962_pid87,19001,random,10.300000,1,nr_rlc_um,ul,/NodeList/9/DeviceList/0/NrUeRrc/DataRadioBearerMap/1/NrRlc/,3,9,4,1,0,0,0.000000,0,0,999999999B,,
random_seed19001_1791548306465962_pid87,19001,random,10.400000,1,p2p_device,ul,/NodeList/19/DeviceList/3,-1,0,0,-1,0,0,,0,0,600p,80000000,20.000000
random_seed19001_1791548306465962_pid87,19001,random,10.400000,1,p2p_qdisc,ul,/NodeList/19/DeviceList/3,-1,0,0,-1,0,0,,0,0,10240p,80000000,20.000000
random_seed19001_1791548306465962_pid87,19001,random,10.400000,1,p2p_device,dl,/NodeList/0/DeviceList/9,-1,0,0,-1,0,0,,0,0,600p,80000000,20.000000
random_seed19001_1791548306465962_pid87,19001,random,10.400000,1,p2p_qdisc,dl,/NodeList/0/DeviceList/9,-1,0,0,-1,0,0,,0,0,10240p,80000000,20.000000
random_seed19001_1791548306465962_pid87,19001,random,10.400000,1,nr_rlc_um,dl,/NodeList/1/DeviceList/0/NrGnbRrc/UeMap/1/DataRadioBearerMap/1/NrRlc/,-1,4,1,-1,0,0,0.000000,0,0,999999999B,,
random_seed19001_1791548306465962_pid87,19001,random,10.400000,1,nr_rlc_um,dl,/NodeList/1/DeviceList/0/NrGnbRrc/UeMap/2/DataRadioBearerMap/1/NrRlc/,1,7,2,2,0,0,0.000000,0,0,999999999B,,
random_seed19001_1791548306465962_pid87,19001,random,10.400000,1,nr_rlc_um,dl,/NodeList/1/DeviceList/0/NrGnbRrc/UeMap/3/DataRadioBearerMap/1/NrRlc/,2,8,3,1,0,0,0.000000,0,0,999999999B,,
random_seed19001_1791548306465962_pid87,19001,random,10.400000,1,nr_rlc_um,dl,/NodeList/1/DeviceList/0/NrGnbRrc/UeMap/4/DataRadioBearerMap/1/NrRlc/,3,9,4,1,0,0,0.000000,0,0,999999999B,,
random_seed19001_1791548306465962_pid87,19001,random,10.400000,1,nr_rlc_um,ul,/NodeList/4/DeviceList/0/NrUeRrc/DataRadioBearerMap/1/NrRlc/,-1,4,1,-1,0,0,0.000000,0,0,999999999B,,
random_seed19001_1791548306465962_pid87,19001,random,10.400000,1,nr_rlc_um,ul,/NodeList/7/DeviceList/0/NrUeRrc/DataRadioBearerMap/1/NrRlc/,1,7,2,2,0,0,0.000000,0,0,999999999B,,
random_seed19001_1791548306465962_pid87,19001,random,10.400000,1,nr_rlc_um,ul,/NodeList/8/DeviceList/0/NrUeRrc/DataRadioBearerMap/1/NrRlc/,2,8,3,1,0,0,0.000000,0,0,999999999B,,
random_seed19001_1791548306465962_pid87,19001,random,10.400000,1,nr_rlc_um,ul,/NodeList/9/DeviceList/0/NrUeRrc/DataRadioBearerMap/1/NrRlc/,3,9,4,1,0,0,0.000000,0,0,999999999B,,
random_seed19001_1791548306465962_pid87,19001,random,10.500000,1,p2p_device,ul,/NodeList/19/DeviceList/3,-1,0,0,-1,0,0,,0,0,600p,80000000,20.000000
random_seed19001_1791548306465962_pid87,19001,random,10.500000,1,p2p_qdisc,ul,/NodeList/19/DeviceList/3,-1,0,0,-1,0,0,,0,0,10240p,80000000,20.000000
random_seed19001_1791548306465962_pid87,19001,random,10.500000,1,p2p_device,dl,/NodeList/0/DeviceList/9,-1,0,0,-1,0,0,,0,0,600p,80000000,20.000000
random_seed19001_1791548306465962_pid87,19001,random,10.500000,1,p2p_qdisc,dl,/NodeList/0/DeviceList/9,-1,0,0,-1,0,0,,0,0,10240p,80000000,20.000000
random_seed19001_1791548306465962_pid87,19001,random,10.500000,1,nr_rlc_um,dl,/NodeList/1/DeviceList/0/NrGnbRrc/UeMap/1/DataRadioBearerMap/1/NrRlc/,-1,4,1,-1,0,0,0.000000,0,0,999999999B,,
random_seed19001_1791548306465962_pid87,19001,random,10.500000,1,nr_rlc_um,dl,/NodeList/1/DeviceList/0/NrGnbRrc/UeMap/2/DataRadioBearerMap/1/NrRlc/,1,7,2,2,0,0,0.000000,0,0,999999999B,,
random_seed19001_1791548306465962_pid87,19001,random,10.500000,1,nr_rlc_um,dl,/NodeList/1/DeviceList/0/NrGnbRrc/UeMap/3/DataRadioBearerMap/1/NrRlc/,2,8,3,1,0,0,0.000000,0,0,999999999B,,
random_seed19001_1791548306465962_pid87,19001,random,10.500000,1,nr_rlc_um,dl,/NodeList/1/DeviceList/0/NrGnbRrc/UeMap/4/DataRadioBearerMap/1/NrRlc/,3,9,4,1,0,0,0.000000,0,0,999999999B,,
random_seed19001_1791548306465962_pid87,19001,random,10.500000,1,nr_rlc_um,ul,/NodeList/4/DeviceList/0/NrUeRrc/DataRadioBearerMap/1/NrRlc/,-1,4,1,-1,0,0,0.000000,0,0,999999999B,,
random_seed19001_1791548306465962_pid87,19001,random,10.500000,1,nr_rlc_um,ul,/NodeList/7/DeviceList/0/NrUeRrc/DataRadioBearerMap/1/NrRlc/,1,7,2,2,0,0,0.000000,0,0,999999999B,,
random_seed19001_1791548306465962_pid87,19001,random,10.500000,1,nr_rlc_um,ul,/NodeList/8/DeviceList/0/NrUeRrc/DataRadioBearerMap/1/NrRlc/,2,8,3,1,0,0,0.000000,0,0,999999999B,,
random_seed19001_1791548306465962_pid87,19001,random,10.500000,1,nr_rlc_um,ul,/NodeList/9/DeviceList/0/NrUeRrc/DataRadioBearerMap/1/NrRlc/,3,9,4,1,0,0,0.000000,0,0,999999999B,,
random_seed19001_1791548306465962_pid87,19001,random,10.600000,1,p2p_device,ul,/NodeList/19/DeviceList/3,-1,0,0,-1,0,0,,0,0,600p,80000000,20.000000
random_seed19001_1791548306465962_pid87,19001,random,10.600000,1,p2p_qdisc,ul,/NodeList/19/DeviceList/3,-1,0,0,-1,0,0,,0,0,10240p,80000000,20.000000
random_seed19001_1791548306465962_pid87,19001,random,10.600000,1,p2p_device,dl,/NodeList/0/DeviceList/9,-1,0,0,-1,0,0,,0,0,600p,80000000,20.000000
random_seed19001_1791548306465962_pid87,19001,random,10.600000,1,p2p_qdisc,dl,/NodeList/0/DeviceList/9,-1,0,0,-1,0,0,,0,0,10240p,80000000,20.000000
random_seed19001_1791548306465962_pid87,19001,random,10.600000,1,nr_rlc_um,dl,/NodeList/1/DeviceList/0/NrGnbRrc/UeMap/1/DataRadioBearerMap/1/NrRlc/,-1,4,1,-1,0,0,0.000000,0,0,999999999B,,
random_seed19001_1791548306465962_pid87,19001,random,10.600000,1,nr_rlc_um,dl,/NodeList/1/DeviceList/0/NrGnbRrc/UeMap/2/DataRadioBearerMap/1/NrRlc/,1,7,2,2,0,0,0.000000,0,0,999999999B,,
random_seed19001_1791548306465962_pid87,19001,random,10.600000,1,nr_rlc_um,dl,/NodeList/1/DeviceList/0/NrGnbRrc/UeMap/3/DataRadioBearerMap/1/NrRlc/,2,8,3,1,0,0,0.000000,0,0,999999999B,,
random_seed19001_1791548306465962_pid87,19001,random,10.600000,1,nr_rlc_um,dl,/NodeList/1/DeviceList/0/NrGnbRrc/UeMap/4/DataRadioBearerMap/1/NrRlc/,3,9,4,1,0,0,0.000000,0,0,999999999B,,
random_seed19001_1791548306465962_pid87,19001,random,10.600000,1,nr_rlc_um,ul,/NodeList/4/DeviceList/0/NrUeRrc/DataRadioBearerMap/1/NrRlc/,-1,4,1,-1,0,0,0.000000,0,0,999999999B,,
random_seed19001_1791548306465962_pid87,19001,random,10.600000,1,nr_rlc_um,ul,/NodeList/7/DeviceList/0/NrUeRrc/DataRadioBearerMap/1/NrRlc/,1,7,2,2,0,0,0.000000,0,0,999999999B,,
random_seed19001_1791548306465962_pid87,19001,random,10.600000,1,nr_rlc_um,ul,/NodeList/8/DeviceList/0/NrUeRrc/DataRadioBearerMap/1/NrRlc/,2,8,3,1,0,0,0.000000,0,0,999999999B,,
random_seed19001_1791548306465962_pid87,19001,random,10.600000,1,nr_rlc_um,ul,/NodeList/9/DeviceList/0/NrUeRrc/DataRadioBearerMap/1/NrRlc/,3,9,4,1,0,0,0.000000,0,0,999999999B,,
random_seed19001_1791548306465962_pid87,19001,random,10.700000,1,p2p_device,ul,/NodeList/19/DeviceList/3,-1,0,0,-1,0,0,,0,0,600p,80000000,20.000000
random_seed19001_1791548306465962_pid87,19001,random,10.700000,1,p2p_qdisc,ul,/NodeList/19/DeviceList/3,-1,0,0,-1,0,0,,0,0,10240p,80000000,20.000000
random_seed19001_1791548306465962_pid87,19001,random,10.700000,1,p2p_device,dl,/NodeList/0/DeviceList/9,-1,0,0,-1,0,0,,0,0,600p,80000000,20.000000
random_seed19001_1791548306465962_pid87,19001,random,10.700000,1,p2p_qdisc,dl,/NodeList/0/DeviceList/9,-1,0,0,-1,0,0,,0,0,10240p,80000000,20.000000
random_seed19001_1791548306465962_pid87,19001,random,10.700000,1,nr_rlc_um,dl,/NodeList/1/DeviceList/0/NrGnbRrc/UeMap/1/DataRadioBearerMap/1/NrRlc/,-1,4,1,-1,0,0,0.000000,0,0,999999999B,,
random_seed19001_1791548306465962_pid87,19001,random,10.700000,1,nr_rlc_um,dl,/NodeList/1/DeviceList/0/NrGnbRrc/UeMap/2/DataRadioBearerMap/1/NrRlc/,1,7,2,2,0,0,0.000000,0,0,999999999B,,
random_seed19001_1791548306465962_pid87,19001,random,10.700000,1,nr_rlc_um,dl,/NodeList/1/DeviceList/0/NrGnbRrc/UeMap/3/DataRadioBearerMap/1/NrRlc/,2,8,3,1,0,0,0.000000,0,0,999999999B,,
random_seed19001_1791548306465962_pid87,19001,random,10.700000,1,nr_rlc_um,dl,/NodeList/1/DeviceList/0/NrGnbRrc/UeMap/4/DataRadioBearerMap/1/NrRlc/,3,9,4,1,0,0,0.000000,0,0,999999999B,,
random_seed19001_1791548306465962_pid87,19001,random,10.700000,1,nr_rlc_um,ul,/NodeList/4/DeviceList/0/NrUeRrc/DataRadioBearerMap/1/NrRlc/,-1,4,1,-1,0,0,0.000000,0,0,999999999B,,
random_seed19001_1791548306465962_pid87,19001,random,10.700000,1,nr_rlc_um,ul,/NodeList/7/DeviceList/0/NrUeRrc/DataRadioBearerMap/1/NrRlc/,1,7,2,2,0,0,0.000000,0,0,999999999B,,
random_seed19001_1791548306465962_pid87,19001,random,10.700000,1,nr_rlc_um,ul,/NodeList/8/DeviceList/0/NrUeRrc/DataRadioBearerMap/1/NrRlc/,2,8,3,1,0,0,0.000000,0,0,999999999B,,
random_seed19001_1791548306465962_pid87,19001,random,10.700000,1,nr_rlc_um,ul,/NodeList/9/DeviceList/0/NrUeRrc/DataRadioBearerMap/1/NrRlc/,3,9,4,1,0,0,0.000000,0,0,999999999B,,
random_seed19001_1791548306465962_pid87,19001,random,10.800000,1,p2p_device,ul,/NodeList/19/DeviceList/3,-1,0,0,-1,0,0,,0,0,600p,80000000,20.000000
random_seed19001_1791548306465962_pid87,19001,random,10.800000,1,p2p_qdisc,ul,/NodeList/19/DeviceList/3,-1,0,0,-1,0,0,,0,0,10240p,80000000,20.000000
random_seed19001_1791548306465962_pid87,19001,random,10.800000,1,p2p_device,dl,/NodeList/0/DeviceList/9,-1,0,0,-1,0,0,,0,0,600p,80000000,20.000000
random_seed19001_1791548306465962_pid87,19001,random,10.800000,1,p2p_qdisc,dl,/NodeList/0/DeviceList/9,-1,0,0,-1,0,0,,0,0,10240p,80000000,20.000000
random_seed19001_1791548306465962_pid87,19001,random,10.800000,1,nr_rlc_um,dl,/NodeList/1/DeviceList/0/NrGnbRrc/UeMap/1/DataRadioBearerMap/1/NrRlc/,-1,4,1,-1,0,0,0.000000,0,0,999999999B,,
random_seed19001_1791548306465962_pid87,19001,random,10.800000,1,nr_rlc_um,dl,/NodeList/1/DeviceList/0/NrGnbRrc/UeMap/2/DataRadioBearerMap/1/NrRlc/,1,7,2,2,0,0,0.000000,0,0,999999999B,,
random_seed19001_1791548306465962_pid87,19001,random,10.800000,1,nr_rlc_um,dl,/NodeList/1/DeviceList/0/NrGnbRrc/UeMap/3/DataRadioBearerMap/1/NrRlc/,2,8,3,1,0,0,0.000000,0,0,999999999B,,
random_seed19001_1791548306465962_pid87,19001,random,10.800000,1,nr_rlc_um,dl,/NodeList/1/DeviceList/0/NrGnbRrc/UeMap/4/DataRadioBearerMap/1/NrRlc/,3,9,4,1,0,0,0.000000,0,0,999999999B,,
random_seed19001_1791548306465962_pid87,19001,random,10.800000,1,nr_rlc_um,ul,/NodeList/4/DeviceList/0/NrUeRrc/DataRadioBearerMap/1/NrRlc/,-1,4,1,-1,0,0,0.000000,0,0,999999999B,,
random_seed19001_1791548306465962_pid87,19001,random,10.800000,1,nr_rlc_um,ul,/NodeList/7/DeviceList/0/NrUeRrc/DataRadioBearerMap/1/NrRlc/,1,7,2,2,0,0,0.000000,0,0,999999999B,,
random_seed19001_1791548306465962_pid87,19001,random,10.800000,1,nr_rlc_um,ul,/NodeList/8/DeviceList/0/NrUeRrc/DataRadioBearerMap/1/NrRlc/,2,8,3,1,0,0,0.000000,0,0,999999999B,,
random_seed19001_1791548306465962_pid87,19001,random,10.800000,1,nr_rlc_um,ul,/NodeList/9/DeviceList/0/NrUeRrc/DataRadioBearerMap/1/NrRlc/,3,9,4,1,0,0,0.000000,0,0,999999999B,,
random_seed19001_1791548306465962_pid87,19001,random,10.900000,1,p2p_device,ul,/NodeList/19/DeviceList/3,-1,0,0,-1,0,0,,0,0,600p,80000000,20.000000
random_seed19001_1791548306465962_pid87,19001,random,10.900000,1,p2p_qdisc,ul,/NodeList/19/DeviceList/3,-1,0,0,-1,0,0,,0,0,10240p,80000000,20.000000
random_seed19001_1791548306465962_pid87,19001,random,10.900000,1,p2p_device,dl,/NodeList/0/DeviceList/9,-1,0,0,-1,0,0,,0,0,600p,80000000,20.000000
random_seed19001_1791548306465962_pid87,19001,random,10.900000,1,p2p_qdisc,dl,/NodeList/0/DeviceList/9,-1,0,0,-1,0,0,,0,0,10240p,80000000,20.000000
random_seed19001_1791548306465962_pid87,19001,random,10.900000,1,nr_rlc_um,dl,/NodeList/1/DeviceList/0/NrGnbRrc/UeMap/1/DataRadioBearerMap/1/NrRlc/,-1,4,1,-1,0,0,0.000000,0,0,999999999B,,
random_seed19001_1791548306465962_pid87,19001,random,10.900000,1,nr_rlc_um,dl,/NodeList/1/DeviceList/0/NrGnbRrc/UeMap/2/DataRadioBearerMap/1/NrRlc/,1,7,2,2,0,0,0.000000,0,0,999999999B,,
random_seed19001_1791548306465962_pid87,19001,random,10.900000,1,nr_rlc_um,dl,/NodeList/1/DeviceList/0/NrGnbRrc/UeMap/3/DataRadioBearerMap/1/NrRlc/,2,8,3,1,0,0,0.000000,0,0,999999999B,,
random_seed19001_1791548306465962_pid87,19001,random,10.900000,1,nr_rlc_um,dl,/NodeList/1/DeviceList/0/NrGnbRrc/UeMap/4/DataRadioBearerMap/1/NrRlc/,3,9,4,1,0,0,0.000000,0,0,999999999B,,
random_seed19001_1791548306465962_pid87,19001,random,10.900000,1,nr_rlc_um,ul,/NodeList/4/DeviceList/0/NrUeRrc/DataRadioBearerMap/1/NrRlc/,-1,4,1,-1,0,0,0.000000,0,0,999999999B,,
random_seed19001_1791548306465962_pid87,19001,random,10.900000,1,nr_rlc_um,ul,/NodeList/7/DeviceList/0/NrUeRrc/DataRadioBearerMap/1/NrRlc/,1,7,2,2,0,0,0.000000,0,0,999999999B,,
random_seed19001_1791548306465962_pid87,19001,random,10.900000,1,nr_rlc_um,ul,/NodeList/8/DeviceList/0/NrUeRrc/DataRadioBearerMap/1/NrRlc/,2,8,3,1,0,0,0.000000,0,0,999999999B,,
random_seed19001_1791548306465962_pid87,19001,random,10.900000,1,nr_rlc_um,ul,/NodeList/9/DeviceList/0/NrUeRrc/DataRadioBearerMap/1/NrRlc/,3,9,4,1,0,0,0.000000,0,0,999999999B,,
random_seed19001_1791548306465962_pid87,19001,random,11.000000,1,p2p_device,ul,/NodeList/19/DeviceList/3,-1,0,0,-1,0,0,,0,0,600p,80000000,20.000000
random_seed19001_1791548306465962_pid87,19001,random,11.000000,1,p2p_qdisc,ul,/NodeList/19/DeviceList/3,-1,0,0,-1,0,0,,0,0,10240p,80000000,20.000000
random_seed19001_1791548306465962_pid87,19001,random,11.000000,1,p2p_device,dl,/NodeList/0/DeviceList/9,-1,0,0,-1,0,0,,0,0,600p,80000000,20.000000
random_seed19001_1791548306465962_pid87,19001,random,11.000000,1,p2p_qdisc,dl,/NodeList/0/DeviceList/9,-1,0,0,-1,0,0,,0,0,10240p,80000000,20.000000
random_seed19001_1791548306465962_pid87,19001,random,11.000000,1,nr_rlc_um,dl,/NodeList/1/DeviceList/0/NrGnbRrc/UeMap/1/DataRadioBearerMap/1/NrRlc/,-1,4,1,-1,0,0,0.000000,0,0,999999999B,,
random_seed19001_1791548306465962_pid87,19001,random,11.000000,1,nr_rlc_um,dl,/NodeList/1/DeviceList/0/NrGnbRrc/UeMap/2/DataRadioBearerMap/1/NrRlc/,1,7,2,2,0,0,0.000000,0,0,999999999B,,
random_seed19001_1791548306465962_pid87,19001,random,11.000000,1,nr_rlc_um,dl,/NodeList/1/DeviceList/0/NrGnbRrc/UeMap/3/DataRadioBearerMap/1/NrRlc/,2,8,3,1,0,0,0.000000,0,0,999999999B,,
random_seed19001_1791548306465962_pid87,19001,random,11.000000,1,nr_rlc_um,dl,/NodeList/1/DeviceList/0/NrGnbRrc/UeMap/4/DataRadioBearerMap/1/NrRlc/,3,9,4,1,0,0,0.000000,0,0,999999999B,,
random_seed19001_1791548306465962_pid87,19001,random,11.000000,1,nr_rlc_um,ul,/NodeList/4/DeviceList/0/NrUeRrc/DataRadioBearerMap/1/NrRlc/,-1,4,1,-1,0,0,0.000000,0,0,999999999B,,
random_seed19001_1791548306465962_pid87,19001,random,11.000000,1,nr_rlc_um,ul,/NodeList/7/DeviceList/0/NrUeRrc/DataRadioBearerMap/1/NrRlc/,1,7,2,2,0,0,0.000000,0,0,999999999B,,
random_seed19001_1791548306465962_pid87,19001,random,11.000000,1,nr_rlc_um,ul,/NodeList/8/DeviceList/0/NrUeRrc/DataRadioBearerMap/1/NrRlc/,2,8,3,1,0,0,0.000000,0,0,999999999B,,
random_seed19001_1791548306465962_pid87,19001,random,11.000000,1,nr_rlc_um,ul,/NodeList/9/DeviceList/0/NrUeRrc/DataRadioBearerMap/1/NrRlc/,3,9,4,1,0,0,0.000000,0,0,999999999B,,
random_seed19001_1791548306465962_pid87,19001,random,11.100000,1,p2p_device,ul,/NodeList/19/DeviceList/3,-1,0,0,-1,0,0,,0,0,600p,80000000,20.000000
random_seed19001_1791548306465962_pid87,19001,random,11.100000,1,p2p_qdisc,ul,/NodeList/19/DeviceList/3,-1,0,0,-1,0,0,,0,0,10240p,80000000,20.000000
random_seed19001_1791548306465962_pid87,19001,random,11.100000,1,p2p_device,dl,/NodeList/0/DeviceList/9,-1,0,0,-1,0,0,,0,0,600p,80000000,20.000000
random_seed19001_1791548306465962_pid87,19001,random,11.100000,1,p2p_qdisc,dl,/NodeList/0/DeviceList/9,-1,0,0,-1,0,0,,0,0,10240p,80000000,20.000000
random_seed19001_1791548306465962_pid87,19001,random,11.100000,1,nr_rlc_um,dl,/NodeList/1/DeviceList/0/NrGnbRrc/UeMap/1/DataRadioBearerMap/1/NrRlc/,-1,4,1,-1,0,0,0.000000,0,0,999999999B,,
random_seed19001_1791548306465962_pid87,19001,random,11.100000,1,nr_rlc_um,dl,/NodeList/1/DeviceList/0/NrGnbRrc/UeMap/2/DataRadioBearerMap/1/NrRlc/,1,7,2,2,0,0,0.000000,0,0,999999999B,,
random_seed19001_1791548306465962_pid87,19001,random,11.100000,1,nr_rlc_um,dl,/NodeList/1/DeviceList/0/NrGnbRrc/UeMap/3/DataRadioBearerMap/1/NrRlc/,2,8,3,1,0,0,0.000000,0,0,999999999B,,
random_seed19001_1791548306465962_pid87,19001,random,11.100000,1,nr_rlc_um,dl,/NodeList/1/DeviceList/0/NrGnbRrc/UeMap/4/DataRadioBearerMap/1/NrRlc/,3,9,4,1,0,0,0.000000,0,0,999999999B,,
random_seed19001_1791548306465962_pid87,19001,random,11.100000,1,nr_rlc_um,ul,/NodeList/4/DeviceList/0/NrUeRrc/DataRadioBearerMap/1/NrRlc/,-1,4,1,-1,0,0,0.000000,0,0,999999999B,,
random_seed19001_1791548306465962_pid87,19001,random,11.100000,1,nr_rlc_um,ul,/NodeList/7/DeviceList/0/NrUeRrc/DataRadioBearerMap/1/NrRlc/,1,7,2,2,0,0,0.000000,0,0,999999999B,,
random_seed19001_1791548306465962_pid87,19001,random,11.100000,1,nr_rlc_um,ul,/NodeList/8/DeviceList/0/NrUeRrc/DataRadioBearerMap/1/NrRlc/,2,8,3,1,0,0,0.000000,0,0,999999999B,,
random_seed19001_1791548306465962_pid87,19001,random,11.100000,1,nr_rlc_um,ul,/NodeList/9/DeviceList/0/NrUeRrc/DataRadioBearerMap/1/NrRlc/,3,9,4,1,0,0,0.000000,0,0,999999999B,,
random_seed19001_1791548306465962_pid87,19001,random,11.200000,1,p2p_device,ul,/NodeList/19/DeviceList/3,-1,0,0,-1,0,0,,0,0,600p,80000000,20.000000
random_seed19001_1791548306465962_pid87,19001,random,11.200000,1,p2p_qdisc,ul,/NodeList/19/DeviceList/3,-1,0,0,-1,0,0,,0,0,10240p,80000000,20.000000
random_seed19001_1791548306465962_pid87,19001,random,11.200000,1,p2p_device,dl,/NodeList/0/DeviceList/9,-1,0,0,-1,0,0,,0,0,600p,80000000,20.000000
random_seed19001_1791548306465962_pid87,19001,random,11.200000,1,p2p_qdisc,dl,/NodeList/0/DeviceList/9,-1,0,0,-1,0,0,,0,0,10240p,80000000,20.000000
random_seed19001_1791548306465962_pid87,19001,random,11.200000,1,nr_rlc_um,dl,/NodeList/1/DeviceList/0/NrGnbRrc/UeMap/1/DataRadioBearerMap/1/NrRlc/,-1,4,1,-1,0,0,0.000000,0,0,999999999B,,
random_seed19001_1791548306465962_pid87,19001,random,11.200000,1,nr_rlc_um,dl,/NodeList/1/DeviceList/0/NrGnbRrc/UeMap/2/DataRadioBearerMap/1/NrRlc/,1,7,2,2,0,0,0.000000,0,0,999999999B,,
random_seed19001_1791548306465962_pid87,19001,random,11.200000,1,nr_rlc_um,dl,/NodeList/1/DeviceList/0/NrGnbRrc/UeMap/3/DataRadioBearerMap/1/NrRlc/,2,8,3,1,0,0,0.000000,0,0,999999999B,,
random_seed19001_1791548306465962_pid87,19001,random,11.200000,1,nr_rlc_um,dl,/NodeList/1/DeviceList/0/NrGnbRrc/UeMap/4/DataRadioBearerMap/1/NrRlc/,3,9,4,1,0,0,0.000000,0,0,999999999B,,
random_seed19001_1791548306465962_pid87,19001,random,11.200000,1,nr_rlc_um,ul,/NodeList/4/DeviceList/0/NrUeRrc/DataRadioBearerMap/1/NrRlc/,-1,4,1,-1,0,0,0.000000,0,0,999999999B,,
random_seed19001_1791548306465962_pid87,19001,random,11.200000,1,nr_rlc_um,ul,/NodeList/7/DeviceList/0/NrUeRrc/DataRadioBearerMap/1/NrRlc/,1,7,2,2,0,0,0.000000,0,0,999999999B,,
random_seed19001_1791548306465962_pid87,19001,random,11.200000,1,nr_rlc_um,ul,/NodeList/8/DeviceList/0/NrUeRrc/DataRadioBearerMap/1/NrRlc/,2,8,3,1,0,0,0.000000,0,0,999999999B,,
random_seed19001_1791548306465962_pid87,19001,random,11.200000,1,nr_rlc_um,ul,/NodeList/9/DeviceList/0/NrUeRrc/DataRadioBearerMap/1/NrRlc/,3,9,4,1,0,0,0.000000,0,0,999999999B,,
random_seed19001_1791548306465962_pid87,19001,random,11.300000,1,p2p_device,ul,/NodeList/19/DeviceList/3,-1,0,0,-1,0,0,,0,0,600p,80000000,20.000000
random_seed19001_1791548306465962_pid87,19001,random,11.300000,1,p2p_qdisc,ul,/NodeList/19/DeviceList/3,-1,0,0,-1,0,0,,0,0,10240p,80000000,20.000000
random_seed19001_1791548306465962_pid87,19001,random,11.300000,1,p2p_device,dl,/NodeList/0/DeviceList/9,-1,0,0,-1,0,0,,0,0,600p,80000000,20.000000
random_seed19001_1791548306465962_pid87,19001,random,11.300000,1,p2p_qdisc,dl,/NodeList/0/DeviceList/9,-1,0,0,-1,0,0,,0,0,10240p,80000000,20.000000
random_seed19001_1791548306465962_pid87,19001,random,11.300000,1,nr_rlc_um,dl,/NodeList/1/DeviceList/0/NrGnbRrc/UeMap/1/DataRadioBearerMap/1/NrRlc/,-1,4,1,-1,0,0,0.000000,0,0,999999999B,,
random_seed19001_1791548306465962_pid87,19001,random,11.300000,1,nr_rlc_um,dl,/NodeList/1/DeviceList/0/NrGnbRrc/UeMap/2/DataRadioBearerMap/1/NrRlc/,1,7,2,2,0,0,0.000000,0,0,999999999B,,
random_seed19001_1791548306465962_pid87,19001,random,11.300000,1,nr_rlc_um,dl,/NodeList/1/DeviceList/0/NrGnbRrc/UeMap/3/DataRadioBearerMap/1/NrRlc/,2,8,3,1,0,0,0.000000,0,0,999999999B,,
random_seed19001_1791548306465962_pid87,19001,random,11.300000,1,nr_rlc_um,dl,/NodeList/1/DeviceList/0/NrGnbRrc/UeMap/4/DataRadioBearerMap/1/NrRlc/,3,9,4,1,0,0,0.000000,0,0,999999999B,,
random_seed19001_1791548306465962_pid87,19001,random,11.300000,1,nr_rlc_um,ul,/NodeList/4/DeviceList/0/NrUeRrc/DataRadioBearerMap/1/NrRlc/,-1,4,1,-1,0,0,0.000000,0,0,999999999B,,
random_seed19001_1791548306465962_pid87,19001,random,11.300000,1,nr_rlc_um,ul,/NodeList/7/DeviceList/0/NrUeRrc/DataRadioBearerMap/1/NrRlc/,1,7,2,2,0,0,0.000000,0,0,999999999B,,
random_seed19001_1791548306465962_pid87,19001,random,11.300000,1,nr_rlc_um,ul,/NodeList/8/DeviceList/0/NrUeRrc/DataRadioBearerMap/1/NrRlc/,2,8,3,1,0,0,0.000000,0,0,999999999B,,
random_seed19001_1791548306465962_pid87,19001,random,11.300000,1,nr_rlc_um,ul,/NodeList/9/DeviceList/0/NrUeRrc/DataRadioBearerMap/1/NrRlc/,3,9,4,1,0,0,0.000000,0,0,999999999B,,
random_seed19001_1791548306465962_pid87,19001,random,11.400000,1,p2p_device,ul,/NodeList/19/DeviceList/3,-1,0,0,-1,0,0,,0,0,600p,80000000,20.000000
random_seed19001_1791548306465962_pid87,19001,random,11.400000,1,p2p_qdisc,ul,/NodeList/19/DeviceList/3,-1,0,0,-1,0,0,,0,0,10240p,80000000,20.000000
random_seed19001_1791548306465962_pid87,19001,random,11.400000,1,p2p_device,dl,/NodeList/0/DeviceList/9,-1,0,0,-1,0,0,,0,0,600p,80000000,20.000000
random_seed19001_1791548306465962_pid87,19001,random,11.400000,1,p2p_qdisc,dl,/NodeList/0/DeviceList/9,-1,0,0,-1,0,0,,0,0,10240p,80000000,20.000000
random_seed19001_1791548306465962_pid87,19001,random,11.400000,1,nr_rlc_um,dl,/NodeList/1/DeviceList/0/NrGnbRrc/UeMap/1/DataRadioBearerMap/1/NrRlc/,-1,4,1,-1,0,0,0.000000,0,0,999999999B,,
random_seed19001_1791548306465962_pid87,19001,random,11.400000,1,nr_rlc_um,dl,/NodeList/1/DeviceList/0/NrGnbRrc/UeMap/2/DataRadioBearerMap/1/NrRlc/,1,7,2,2,0,0,0.000000,0,0,999999999B,,
random_seed19001_1791548306465962_pid87,19001,random,11.400000,1,nr_rlc_um,dl,/NodeList/1/DeviceList/0/NrGnbRrc/UeMap/3/DataRadioBearerMap/1/NrRlc/,2,8,3,1,0,0,0.000000,0,0,999999999B,,
random_seed19001_1791548306465962_pid87,19001,random,11.400000,1,nr_rlc_um,dl,/NodeList/1/DeviceList/0/NrGnbRrc/UeMap/4/DataRadioBearerMap/1/NrRlc/,3,9,4,1,0,0,0.000000,0,0,999999999B,,
random_seed19001_1791548306465962_pid87,19001,random,11.400000,1,nr_rlc_um,ul,/NodeList/4/DeviceList/0/NrUeRrc/DataRadioBearerMap/1/NrRlc/,-1,4,1,-1,0,0,0.000000,0,0,999999999B,,
random_seed19001_1791548306465962_pid87,19001,random,11.400000,1,nr_rlc_um,ul,/NodeList/7/DeviceList/0/NrUeRrc/DataRadioBearerMap/1/NrRlc/,1,7,2,2,0,0,0.000000,0,0,999999999B,,
random_seed19001_1791548306465962_pid87,19001,random,11.400000,1,nr_rlc_um,ul,/NodeList/8/DeviceList/0/NrUeRrc/DataRadioBearerMap/1/NrRlc/,2,8,3,1,0,0,0.000000,0,0,999999999B,,
random_seed19001_1791548306465962_pid87,19001,random,11.400000,1,nr_rlc_um,ul,/NodeList/9/DeviceList/0/NrUeRrc/DataRadioBearerMap/1/NrRlc/,3,9,4,1,0,0,0.000000,0,0,999999999B,,
random_seed19001_1791548306465962_pid87,19001,random,11.500000,1,p2p_device,ul,/NodeList/19/DeviceList/3,-1,0,0,-1,0,0,,0,0,600p,80000000,20.000000
random_seed19001_1791548306465962_pid87,19001,random,11.500000,1,p2p_qdisc,ul,/NodeList/19/DeviceList/3,-1,0,0,-1,0,0,,0,0,10240p,80000000,20.000000
random_seed19001_1791548306465962_pid87,19001,random,11.500000,1,p2p_device,dl,/NodeList/0/DeviceList/9,-1,0,0,-1,0,0,,0,0,600p,80000000,20.000000
random_seed19001_1791548306465962_pid87,19001,random,11.500000,1,p2p_qdisc,dl,/NodeList/0/DeviceList/9,-1,0,0,-1,0,0,,0,0,10240p,80000000,20.000000
random_seed19001_1791548306465962_pid87,19001,random,11.500000,1,nr_rlc_um,dl,/NodeList/1/DeviceList/0/NrGnbRrc/UeMap/1/DataRadioBearerMap/1/NrRlc/,-1,4,1,-1,0,0,0.000000,0,0,999999999B,,
random_seed19001_1791548306465962_pid87,19001,random,11.500000,1,nr_rlc_um,dl,/NodeList/1/DeviceList/0/NrGnbRrc/UeMap/2/DataRadioBearerMap/1/NrRlc/,1,7,2,2,0,0,0.000000,0,0,999999999B,,
random_seed19001_1791548306465962_pid87,19001,random,11.500000,1,nr_rlc_um,dl,/NodeList/1/DeviceList/0/NrGnbRrc/UeMap/3/DataRadioBearerMap/1/NrRlc/,2,8,3,1,0,0,0.000000,0,0,999999999B,,
random_seed19001_1791548306465962_pid87,19001,random,11.500000,1,nr_rlc_um,dl,/NodeList/1/DeviceList/0/NrGnbRrc/UeMap/4/DataRadioBearerMap/1/NrRlc/,3,9,4,1,0,0,0.000000,0,0,999999999B,,
random_seed19001_1791548306465962_pid87,19001,random,11.500000,1,nr_rlc_um,ul,/NodeList/4/DeviceList/0/NrUeRrc/DataRadioBearerMap/1/NrRlc/,-1,4,1,-1,0,0,0.000000,0,0,999999999B,,
random_seed19001_1791548306465962_pid87,19001,random,11.500000,1,nr_rlc_um,ul,/NodeList/7/DeviceList/0/NrUeRrc/DataRadioBearerMap/1/NrRlc/,1,7,2,2,0,0,0.000000,0,0,999999999B,,
random_seed19001_1791548306465962_pid87,19001,random,11.500000,1,nr_rlc_um,ul,/NodeList/8/DeviceList/0/NrUeRrc/DataRadioBearerMap/1/NrRlc/,2,8,3,1,0,0,0.000000,0,0,999999999B,,
random_seed19001_1791548306465962_pid87,19001,random,11.500000,1,nr_rlc_um,ul,/NodeList/9/DeviceList/0/NrUeRrc/DataRadioBearerMap/1/NrRlc/,3,9,4,1,0,0,0.000000,0,0,999999999B,,
random_seed19001_1791548306465962_pid87,19001,random,11.600000,1,p2p_device,ul,/NodeList/19/DeviceList/3,-1,0,0,-1,0,0,,0,0,600p,80000000,20.000000
random_seed19001_1791548306465962_pid87,19001,random,11.600000,1,p2p_qdisc,ul,/NodeList/19/DeviceList/3,-1,0,0,-1,0,0,,0,0,10240p,80000000,20.000000
random_seed19001_1791548306465962_pid87,19001,random,11.600000,1,p2p_device,dl,/NodeList/0/DeviceList/9,-1,0,0,-1,0,0,,0,0,600p,80000000,20.000000
random_seed19001_1791548306465962_pid87,19001,random,11.600000,1,p2p_qdisc,dl,/NodeList/0/DeviceList/9,-1,0,0,-1,0,0,,0,0,10240p,80000000,20.000000
random_seed19001_1791548306465962_pid87,19001,random,11.600000,1,nr_rlc_um,dl,/NodeList/1/DeviceList/0/NrGnbRrc/UeMap/1/DataRadioBearerMap/1/NrRlc/,-1,4,1,-1,0,0,0.000000,0,0,999999999B,,
random_seed19001_1791548306465962_pid87,19001,random,11.600000,1,nr_rlc_um,dl,/NodeList/1/DeviceList/0/NrGnbRrc/UeMap/2/DataRadioBearerMap/1/NrRlc/,1,7,2,2,0,0,0.000000,0,0,999999999B,,
random_seed19001_1791548306465962_pid87,19001,random,11.600000,1,nr_rlc_um,dl,/NodeList/1/DeviceList/0/NrGnbRrc/UeMap/3/DataRadioBearerMap/1/NrRlc/,2,8,3,1,0,0,0.000000,0,0,999999999B,,
random_seed19001_1791548306465962_pid87,19001,random,11.600000,1,nr_rlc_um,dl,/NodeList/1/DeviceList/0/NrGnbRrc/UeMap/4/DataRadioBearerMap/1/NrRlc/,3,9,4,1,0,0,0.000000,0,0,999999999B,,
random_seed19001_1791548306465962_pid87,19001,random,11.600000,1,nr_rlc_um,ul,/NodeList/4/DeviceList/0/NrUeRrc/DataRadioBearerMap/1/NrRlc/,-1,4,1,-1,0,0,0.000000,0,0,999999999B,,
random_seed19001_1791548306465962_pid87,19001,random,11.600000,1,nr_rlc_um,ul,/NodeList/7/DeviceList/0/NrUeRrc/DataRadioBearerMap/1/NrRlc/,1,7,2,2,0,0,0.000000,0,0,999999999B,,
random_seed19001_1791548306465962_pid87,19001,random,11.600000,1,nr_rlc_um,ul,/NodeList/8/DeviceList/0/NrUeRrc/DataRadioBearerMap/1/NrRlc/,2,8,3,1,0,0,0.000000,0,0,999999999B,,
random_seed19001_1791548306465962_pid87,19001,random,11.600000,1,nr_rlc_um,ul,/NodeList/9/DeviceList/0/NrUeRrc/DataRadioBearerMap/1/NrRlc/,3,9,4,1,0,0,0.000000,0,0,999999999B,,
random_seed19001_1791548306465962_pid87,19001,random,11.700000,1,p2p_device,ul,/NodeList/19/DeviceList/3,-1,0,0,-1,0,0,,0,0,600p,80000000,20.000000
random_seed19001_1791548306465962_pid87,19001,random,11.700000,1,p2p_qdisc,ul,/NodeList/19/DeviceList/3,-1,0,0,-1,0,0,,0,0,10240p,80000000,20.000000
random_seed19001_1791548306465962_pid87,19001,random,11.700000,1,p2p_device,dl,/NodeList/0/DeviceList/9,-1,0,0,-1,0,0,,0,0,600p,80000000,20.000000
random_seed19001_1791548306465962_pid87,19001,random,11.700000,1,p2p_qdisc,dl,/NodeList/0/DeviceList/9,-1,0,0,-1,0,0,,0,0,10240p,80000000,20.000000
random_seed19001_1791548306465962_pid87,19001,random,11.700000,1,nr_rlc_um,dl,/NodeList/1/DeviceList/0/NrGnbRrc/UeMap/1/DataRadioBearerMap/1/NrRlc/,-1,4,1,-1,0,0,0.000000,0,0,999999999B,,
random_seed19001_1791548306465962_pid87,19001,random,11.700000,1,nr_rlc_um,dl,/NodeList/1/DeviceList/0/NrGnbRrc/UeMap/2/DataRadioBearerMap/1/NrRlc/,1,7,2,2,0,0,0.000000,0,0,999999999B,,
random_seed19001_1791548306465962_pid87,19001,random,11.700000,1,nr_rlc_um,dl,/NodeList/1/DeviceList/0/NrGnbRrc/UeMap/3/DataRadioBearerMap/1/NrRlc/,2,8,3,1,0,0,0.000000,0,0,999999999B,,
random_seed19001_1791548306465962_pid87,19001,random,11.700000,1,nr_rlc_um,dl,/NodeList/1/DeviceList/0/NrGnbRrc/UeMap/4/DataRadioBearerMap/1/NrRlc/,3,9,4,1,0,0,0.000000,0,0,999999999B,,
random_seed19001_1791548306465962_pid87,19001,random,11.700000,1,nr_rlc_um,ul,/NodeList/4/DeviceList/0/NrUeRrc/DataRadioBearerMap/1/NrRlc/,-1,4,1,-1,0,0,0.000000,0,0,999999999B,,
random_seed19001_1791548306465962_pid87,19001,random,11.700000,1,nr_rlc_um,ul,/NodeList/7/DeviceList/0/NrUeRrc/DataRadioBearerMap/1/NrRlc/,1,7,2,2,0,0,0.000000,0,0,999999999B,,
random_seed19001_1791548306465962_pid87,19001,random,11.700000,1,nr_rlc_um,ul,/NodeList/8/DeviceList/0/NrUeRrc/DataRadioBearerMap/1/NrRlc/,2,8,3,1,0,0,0.000000,0,0,999999999B,,
random_seed19001_1791548306465962_pid87,19001,random,11.700000,1,nr_rlc_um,ul,/NodeList/9/DeviceList/0/NrUeRrc/DataRadioBearerMap/1/NrRlc/,3,9,4,1,0,0,0.000000,0,0,999999999B,,
random_seed19001_1791548306465962_pid87,19001,random,11.800000,1,p2p_device,ul,/NodeList/19/DeviceList/3,-1,0,0,-1,0,0,,0,0,600p,80000000,20.000000
random_seed19001_1791548306465962_pid87,19001,random,11.800000,1,p2p_qdisc,ul,/NodeList/19/DeviceList/3,-1,0,0,-1,0,0,,0,0,10240p,80000000,20.000000
random_seed19001_1791548306465962_pid87,19001,random,11.800000,1,p2p_device,dl,/NodeList/0/DeviceList/9,-1,0,0,-1,0,0,,0,0,600p,80000000,20.000000
random_seed19001_1791548306465962_pid87,19001,random,11.800000,1,p2p_qdisc,dl,/NodeList/0/DeviceList/9,-1,0,0,-1,0,0,,0,0,10240p,80000000,20.000000
random_seed19001_1791548306465962_pid87,19001,random,11.800000,1,nr_rlc_um,dl,/NodeList/1/DeviceList/0/NrGnbRrc/UeMap/1/DataRadioBearerMap/1/NrRlc/,-1,4,1,-1,0,0,0.000000,0,0,999999999B,,
random_seed19001_1791548306465962_pid87,19001,random,11.800000,1,nr_rlc_um,dl,/NodeList/1/DeviceList/0/NrGnbRrc/UeMap/2/DataRadioBearerMap/1/NrRlc/,1,7,2,2,0,0,0.000000,0,0,999999999B,,
random_seed19001_1791548306465962_pid87,19001,random,11.800000,1,nr_rlc_um,dl,/NodeList/1/DeviceList/0/NrGnbRrc/UeMap/3/DataRadioBearerMap/1/NrRlc/,2,8,3,1,0,0,0.000000,0,0,999999999B,,
random_seed19001_1791548306465962_pid87,19001,random,11.800000,1,nr_rlc_um,dl,/NodeList/1/DeviceList/0/NrGnbRrc/UeMap/4/DataRadioBearerMap/1/NrRlc/,3,9,4,1,0,0,0.000000,0,0,999999999B,,
random_seed19001_1791548306465962_pid87,19001,random,11.800000,1,nr_rlc_um,ul,/NodeList/4/DeviceList/0/NrUeRrc/DataRadioBearerMap/1/NrRlc/,-1,4,1,-1,0,0,0.000000,0,0,999999999B,,
random_seed19001_1791548306465962_pid87,19001,random,11.800000,1,nr_rlc_um,ul,/NodeList/7/DeviceList/0/NrUeRrc/DataRadioBearerMap/1/NrRlc/,1,7,2,2,0,0,0.000000,0,0,999999999B,,
random_seed19001_1791548306465962_pid87,19001,random,11.800000,1,nr_rlc_um,ul,/NodeList/8/DeviceList/0/NrUeRrc/DataRadioBearerMap/1/NrRlc/,2,8,3,1,0,0,0.000000,0,0,999999999B,,
random_seed19001_1791548306465962_pid87,19001,random,11.800000,1,nr_rlc_um,ul,/NodeList/9/DeviceList/0/NrUeRrc/DataRadioBearerMap/1/NrRlc/,3,9,4,1,0,0,0.000000,0,0,999999999B,,
random_seed19001_1791548306465962_pid87,19001,random,11.900000,1,p2p_device,ul,/NodeList/19/DeviceList/3,-1,0,0,-1,0,0,,0,0,600p,80000000,20.000000
random_seed19001_1791548306465962_pid87,19001,random,11.900000,1,p2p_qdisc,ul,/NodeList/19/DeviceList/3,-1,0,0,-1,0,0,,0,0,10240p,80000000,20.000000
random_seed19001_1791548306465962_pid87,19001,random,11.900000,1,p2p_device,dl,/NodeList/0/DeviceList/9,-1,0,0,-1,0,0,,0,0,600p,80000000,20.000000
random_seed19001_1791548306465962_pid87,19001,random,11.900000,1,p2p_qdisc,dl,/NodeList/0/DeviceList/9,-1,0,0,-1,0,0,,0,0,10240p,80000000,20.000000
random_seed19001_1791548306465962_pid87,19001,random,11.900000,1,nr_rlc_um,dl,/NodeList/1/DeviceList/0/NrGnbRrc/UeMap/1/DataRadioBearerMap/1/NrRlc/,-1,4,1,-1,0,0,0.000000,0,0,999999999B,,
random_seed19001_1791548306465962_pid87,19001,random,11.900000,1,nr_rlc_um,dl,/NodeList/1/DeviceList/0/NrGnbRrc/UeMap/2/DataRadioBearerMap/1/NrRlc/,1,7,2,2,0,0,0.000000,0,0,999999999B,,
random_seed19001_1791548306465962_pid87,19001,random,11.900000,1,nr_rlc_um,dl,/NodeList/1/DeviceList/0/NrGnbRrc/UeMap/3/DataRadioBearerMap/1/NrRlc/,2,8,3,1,0,0,0.000000,0,0,999999999B,,
random_seed19001_1791548306465962_pid87,19001,random,11.900000,1,nr_rlc_um,dl,/NodeList/1/DeviceList/0/NrGnbRrc/UeMap/4/DataRadioBearerMap/1/NrRlc/,3,9,4,1,0,0,0.000000,0,0,999999999B,,
random_seed19001_1791548306465962_pid87,19001,random,11.900000,1,nr_rlc_um,ul,/NodeList/4/DeviceList/0/NrUeRrc/DataRadioBearerMap/1/NrRlc/,-1,4,1,-1,0,0,0.000000,0,0,999999999B,,
random_seed19001_1791548306465962_pid87,19001,random,11.900000,1,nr_rlc_um,ul,/NodeList/7/DeviceList/0/NrUeRrc/DataRadioBearerMap/1/NrRlc/,1,7,2,2,0,0,0.000000,0,0,999999999B,,
random_seed19001_1791548306465962_pid87,19001,random,11.900000,1,nr_rlc_um,ul,/NodeList/8/DeviceList/0/NrUeRrc/DataRadioBearerMap/1/NrRlc/,2,8,3,1,0,0,0.000000,0,0,999999999B,,
random_seed19001_1791548306465962_pid87,19001,random,11.900000,1,nr_rlc_um,ul,/NodeList/9/DeviceList/0/NrUeRrc/DataRadioBearerMap/1/NrRlc/,3,9,4,1,0,0,0.000000,0,0,999999999B,,
random_seed19001_1791548306465962_pid87,19001,random,12.000000,1,p2p_device,ul,/NodeList/19/DeviceList/3,-1,0,0,-1,0,0,,0,0,600p,80000000,20.000000
random_seed19001_1791548306465962_pid87,19001,random,12.000000,1,p2p_qdisc,ul,/NodeList/19/DeviceList/3,-1,0,0,-1,0,0,,0,0,10240p,80000000,20.000000
random_seed19001_1791548306465962_pid87,19001,random,12.000000,1,p2p_device,dl,/NodeList/0/DeviceList/9,-1,0,0,-1,0,0,,0,0,600p,80000000,20.000000
random_seed19001_1791548306465962_pid87,19001,random,12.000000,1,p2p_qdisc,dl,/NodeList/0/DeviceList/9,-1,0,0,-1,0,0,,0,0,10240p,80000000,20.000000
random_seed19001_1791548306465962_pid87,19001,random,12.000000,1,nr_rlc_um,dl,/NodeList/1/DeviceList/0/NrGnbRrc/UeMap/1/DataRadioBearerMap/1/NrRlc/,-1,4,1,-1,0,0,0.000000,0,0,999999999B,,
random_seed19001_1791548306465962_pid87,19001,random,12.000000,1,nr_rlc_um,dl,/NodeList/1/DeviceList/0/NrGnbRrc/UeMap/2/DataRadioBearerMap/1/NrRlc/,1,7,2,2,0,0,0.000000,0,0,999999999B,,
random_seed19001_1791548306465962_pid87,19001,random,12.000000,1,nr_rlc_um,dl,/NodeList/1/DeviceList/0/NrGnbRrc/UeMap/3/DataRadioBearerMap/1/NrRlc/,2,8,3,1,0,0,0.000000,0,0,999999999B,,
random_seed19001_1791548306465962_pid87,19001,random,12.000000,1,nr_rlc_um,dl,/NodeList/1/DeviceList/0/NrGnbRrc/UeMap/4/DataRadioBearerMap/1/NrRlc/,3,9,4,1,0,0,0.000000,0,0,999999999B,,
random_seed19001_1791548306465962_pid87,19001,random,12.000000,1,nr_rlc_um,ul,/NodeList/4/DeviceList/0/NrUeRrc/DataRadioBearerMap/1/NrRlc/,-1,4,1,-1,0,0,0.000000,0,0,999999999B,,
random_seed19001_1791548306465962_pid87,19001,random,12.000000,1,nr_rlc_um,ul,/NodeList/7/DeviceList/0/NrUeRrc/DataRadioBearerMap/1/NrRlc/,1,7,2,2,0,0,0.000000,0,0,999999999B,,
random_seed19001_1791548306465962_pid87,19001,random,12.000000,1,nr_rlc_um,ul,/NodeList/8/DeviceList/0/NrUeRrc/DataRadioBearerMap/1/NrRlc/,2,8,3,1,0,0,0.000000,0,0,999999999B,,
random_seed19001_1791548306465962_pid87,19001,random,12.000000,1,nr_rlc_um,ul,/NodeList/9/DeviceList/0/NrUeRrc/DataRadioBearerMap/1/NrRlc/,3,9,4,1,0,0,0.000000,0,0,999999999B,,
random_seed19001_1791548306465962_pid87,19001,random,12.100000,1,p2p_device,ul,/NodeList/19/DeviceList/3,-1,0,0,-1,0,0,,0,0,600p,80000000,20.000000
random_seed19001_1791548306465962_pid87,19001,random,12.100000,1,p2p_qdisc,ul,/NodeList/19/DeviceList/3,-1,0,0,-1,0,0,,0,0,10240p,80000000,20.000000
random_seed19001_1791548306465962_pid87,19001,random,12.100000,1,p2p_device,dl,/NodeList/0/DeviceList/9,-1,0,0,-1,0,0,,0,0,600p,80000000,20.000000
random_seed19001_1791548306465962_pid87,19001,random,12.100000,1,p2p_qdisc,dl,/NodeList/0/DeviceList/9,-1,0,0,-1,0,0,,0,0,10240p,80000000,20.000000
random_seed19001_1791548306465962_pid87,19001,random,12.100000,1,nr_rlc_um,dl,/NodeList/1/DeviceList/0/NrGnbRrc/UeMap/1/DataRadioBearerMap/1/NrRlc/,-1,4,1,-1,0,0,0.000000,0,0,999999999B,,
random_seed19001_1791548306465962_pid87,19001,random,12.100000,1,nr_rlc_um,dl,/NodeList/1/DeviceList/0/NrGnbRrc/UeMap/2/DataRadioBearerMap/1/NrRlc/,1,7,2,2,0,0,0.000000,0,0,999999999B,,
random_seed19001_1791548306465962_pid87,19001,random,12.100000,1,nr_rlc_um,dl,/NodeList/1/DeviceList/0/NrGnbRrc/UeMap/3/DataRadioBearerMap/1/NrRlc/,2,8,3,1,0,0,0.000000,0,0,999999999B,,
random_seed19001_1791548306465962_pid87,19001,random,12.100000,1,nr_rlc_um,dl,/NodeList/1/DeviceList/0/NrGnbRrc/UeMap/4/DataRadioBearerMap/1/NrRlc/,3,9,4,1,0,0,0.000000,0,0,999999999B,,
random_seed19001_1791548306465962_pid87,19001,random,12.100000,1,nr_rlc_um,ul,/NodeList/4/DeviceList/0/NrUeRrc/DataRadioBearerMap/1/NrRlc/,-1,4,1,-1,0,0,0.000000,0,0,999999999B,,
random_seed19001_1791548306465962_pid87,19001,random,12.100000,1,nr_rlc_um,ul,/NodeList/7/DeviceList/0/NrUeRrc/DataRadioBearerMap/1/NrRlc/,1,7,2,2,0,0,0.000000,0,0,999999999B,,
random_seed19001_1791548306465962_pid87,19001,random,12.100000,1,nr_rlc_um,ul,/NodeList/8/DeviceList/0/NrUeRrc/DataRadioBearerMap/1/NrRlc/,2,8,3,1,0,0,0.000000,0,0,999999999B,,
random_seed19001_1791548306465962_pid87,19001,random,12.100000,1,nr_rlc_um,ul,/NodeList/9/DeviceList/0/NrUeRrc/DataRadioBearerMap/1/NrRlc/,3,9,4,1,0,0,0.000000,0,0,999999999B,,
random_seed19001_1791548306465962_pid87,19001,random,12.200000,1,p2p_device,ul,/NodeList/19/DeviceList/3,-1,0,0,-1,0,0,,0,0,600p,80000000,20.000000
random_seed19001_1791548306465962_pid87,19001,random,12.200000,1,p2p_qdisc,ul,/NodeList/19/DeviceList/3,-1,0,0,-1,0,0,,0,0,10240p,80000000,20.000000
random_seed19001_1791548306465962_pid87,19001,random,12.200000,1,p2p_device,dl,/NodeList/0/DeviceList/9,-1,0,0,-1,0,0,,0,0,600p,80000000,20.000000
random_seed19001_1791548306465962_pid87,19001,random,12.200000,1,p2p_qdisc,dl,/NodeList/0/DeviceList/9,-1,0,0,-1,0,0,,0,0,10240p,80000000,20.000000
random_seed19001_1791548306465962_pid87,19001,random,12.200000,1,nr_rlc_um,dl,/NodeList/1/DeviceList/0/NrGnbRrc/UeMap/1/DataRadioBearerMap/1/NrRlc/,-1,4,1,-1,0,0,0.000000,0,0,999999999B,,
random_seed19001_1791548306465962_pid87,19001,random,12.200000,1,nr_rlc_um,dl,/NodeList/1/DeviceList/0/NrGnbRrc/UeMap/2/DataRadioBearerMap/1/NrRlc/,1,7,2,2,0,0,0.000000,0,0,999999999B,,
random_seed19001_1791548306465962_pid87,19001,random,12.200000,1,nr_rlc_um,dl,/NodeList/1/DeviceList/0/NrGnbRrc/UeMap/3/DataRadioBearerMap/1/NrRlc/,2,8,3,1,0,0,0.000000,0,0,999999999B,,
random_seed19001_1791548306465962_pid87,19001,random,12.200000,1,nr_rlc_um,dl,/NodeList/1/DeviceList/0/NrGnbRrc/UeMap/4/DataRadioBearerMap/1/NrRlc/,3,9,4,1,0,0,0.000000,0,0,999999999B,,
random_seed19001_1791548306465962_pid87,19001,random,12.200000,1,nr_rlc_um,ul,/NodeList/4/DeviceList/0/NrUeRrc/DataRadioBearerMap/1/NrRlc/,-1,4,1,-1,0,0,0.000000,0,0,999999999B,,
random_seed19001_1791548306465962_pid87,19001,random,12.200000,1,nr_rlc_um,ul,/NodeList/7/DeviceList/0/NrUeRrc/DataRadioBearerMap/1/NrRlc/,1,7,2,2,0,0,0.000000,0,0,999999999B,,
random_seed19001_1791548306465962_pid87,19001,random,12.200000,1,nr_rlc_um,ul,/NodeList/8/DeviceList/0/NrUeRrc/DataRadioBearerMap/1/NrRlc/,2,8,3,1,0,0,0.000000,0,0,999999999B,,
random_seed19001_1791548306465962_pid87,19001,random,12.200000,1,nr_rlc_um,ul,/NodeList/9/DeviceList/0/NrUeRrc/DataRadioBearerMap/1/NrRlc/,3,9,4,1,0,0,0.000000,0,0,999999999B,,
random_seed19001_1791548306465962_pid87,19001,random,12.300000,1,p2p_device,ul,/NodeList/19/DeviceList/3,-1,0,0,-1,0,0,,0,0,600p,80000000,20.000000
random_seed19001_1791548306465962_pid87,19001,random,12.300000,1,p2p_qdisc,ul,/NodeList/19/DeviceList/3,-1,0,0,-1,0,0,,0,0,10240p,80000000,20.000000
random_seed19001_1791548306465962_pid87,19001,random,12.300000,1,p2p_device,dl,/NodeList/0/DeviceList/9,-1,0,0,-1,0,0,,0,0,600p,80000000,20.000000
random_seed19001_1791548306465962_pid87,19001,random,12.300000,1,p2p_qdisc,dl,/NodeList/0/DeviceList/9,-1,0,0,-1,0,0,,0,0,10240p,80000000,20.000000
random_seed19001_1791548306465962_pid87,19001,random,12.300000,1,nr_rlc_um,dl,/NodeList/1/DeviceList/0/NrGnbRrc/UeMap/1/DataRadioBearerMap/1/NrRlc/,-1,4,1,-1,0,0,0.000000,0,0,999999999B,,
random_seed19001_1791548306465962_pid87,19001,random,12.300000,1,nr_rlc_um,dl,/NodeList/1/DeviceList/0/NrGnbRrc/UeMap/2/DataRadioBearerMap/1/NrRlc/,1,7,2,2,0,0,0.000000,0,0,999999999B,,
random_seed19001_1791548306465962_pid87,19001,random,12.300000,1,nr_rlc_um,dl,/NodeList/1/DeviceList/0/NrGnbRrc/UeMap/3/DataRadioBearerMap/1/NrRlc/,2,8,3,1,0,0,0.000000,0,0,999999999B,,
random_seed19001_1791548306465962_pid87,19001,random,12.300000,1,nr_rlc_um,dl,/NodeList/1/DeviceList/0/NrGnbRrc/UeMap/4/DataRadioBearerMap/1/NrRlc/,3,9,4,1,0,0,0.000000,0,0,999999999B,,
random_seed19001_1791548306465962_pid87,19001,random,12.300000,1,nr_rlc_um,ul,/NodeList/4/DeviceList/0/NrUeRrc/DataRadioBearerMap/1/NrRlc/,-1,4,1,-1,0,0,0.000000,0,0,999999999B,,
random_seed19001_1791548306465962_pid87,19001,random,12.300000,1,nr_rlc_um,ul,/NodeList/7/DeviceList/0/NrUeRrc/DataRadioBearerMap/1/NrRlc/,1,7,2,2,0,0,0.000000,0,0,999999999B,,
random_seed19001_1791548306465962_pid87,19001,random,12.300000,1,nr_rlc_um,ul,/NodeList/8/DeviceList/0/NrUeRrc/DataRadioBearerMap/1/NrRlc/,2,8,3,1,0,0,0.000000,0,0,999999999B,,
random_seed19001_1791548306465962_pid87,19001,random,12.300000,1,nr_rlc_um,ul,/NodeList/9/DeviceList/0/NrUeRrc/DataRadioBearerMap/1/NrRlc/,3,9,4,1,0,0,0.000000,0,0,999999999B,,
random_seed19001_1791548306465962_pid87,19001,random,12.400000,1,p2p_device,ul,/NodeList/19/DeviceList/3,-1,0,0,-1,0,0,,0,0,600p,80000000,20.000000
random_seed19001_1791548306465962_pid87,19001,random,12.400000,1,p2p_qdisc,ul,/NodeList/19/DeviceList/3,-1,0,0,-1,0,0,,0,0,10240p,80000000,20.000000
random_seed19001_1791548306465962_pid87,19001,random,12.400000,1,p2p_device,dl,/NodeList/0/DeviceList/9,-1,0,0,-1,0,0,,0,0,600p,80000000,20.000000
random_seed19001_1791548306465962_pid87,19001,random,12.400000,1,p2p_qdisc,dl,/NodeList/0/DeviceList/9,-1,0,0,-1,0,0,,0,0,10240p,80000000,20.000000
random_seed19001_1791548306465962_pid87,19001,random,12.400000,1,nr_rlc_um,dl,/NodeList/1/DeviceList/0/NrGnbRrc/UeMap/1/DataRadioBearerMap/1/NrRlc/,-1,4,1,-1,0,0,0.000000,0,0,999999999B,,
random_seed19001_1791548306465962_pid87,19001,random,12.400000,1,nr_rlc_um,dl,/NodeList/1/DeviceList/0/NrGnbRrc/UeMap/2/DataRadioBearerMap/1/NrRlc/,1,7,2,2,0,0,0.000000,0,0,999999999B,,
random_seed19001_1791548306465962_pid87,19001,random,12.400000,1,nr_rlc_um,dl,/NodeList/1/DeviceList/0/NrGnbRrc/UeMap/3/DataRadioBearerMap/1/NrRlc/,2,8,3,1,0,0,0.000000,0,0,999999999B,,
random_seed19001_1791548306465962_pid87,19001,random,12.400000,1,nr_rlc_um,dl,/NodeList/1/DeviceList/0/NrGnbRrc/UeMap/4/DataRadioBearerMap/1/NrRlc/,3,9,4,1,0,0,0.000000,0,0,999999999B,,
random_seed19001_1791548306465962_pid87,19001,random,12.400000,1,nr_rlc_um,ul,/NodeList/4/DeviceList/0/NrUeRrc/DataRadioBearerMap/1/NrRlc/,-1,4,1,-1,0,0,0.000000,0,0,999999999B,,
random_seed19001_1791548306465962_pid87,19001,random,12.400000,1,nr_rlc_um,ul,/NodeList/7/DeviceList/0/NrUeRrc/DataRadioBearerMap/1/NrRlc/,1,7,2,2,0,0,0.000000,0,0,999999999B,,
random_seed19001_1791548306465962_pid87,19001,random,12.400000,1,nr_rlc_um,ul,/NodeList/8/DeviceList/0/NrUeRrc/DataRadioBearerMap/1/NrRlc/,2,8,3,1,0,0,0.000000,0,0,999999999B,,
random_seed19001_1791548306465962_pid87,19001,random,12.400000,1,nr_rlc_um,ul,/NodeList/9/DeviceList/0/NrUeRrc/DataRadioBearerMap/1/NrRlc/,3,9,4,1,0,0,0.000000,0,0,999999999B,,
random_seed19001_1791548306465962_pid87,19001,random,12.500000,1,p2p_device,ul,/NodeList/19/DeviceList/3,-1,0,0,-1,0,0,,0,0,600p,80000000,20.000000
random_seed19001_1791548306465962_pid87,19001,random,12.500000,1,p2p_qdisc,ul,/NodeList/19/DeviceList/3,-1,0,0,-1,0,0,,0,0,10240p,80000000,20.000000
random_seed19001_1791548306465962_pid87,19001,random,12.500000,1,p2p_device,dl,/NodeList/0/DeviceList/9,-1,0,0,-1,0,0,,0,0,600p,80000000,20.000000
random_seed19001_1791548306465962_pid87,19001,random,12.500000,1,p2p_qdisc,dl,/NodeList/0/DeviceList/9,-1,0,0,-1,0,0,,0,0,10240p,80000000,20.000000
random_seed19001_1791548306465962_pid87,19001,random,12.500000,1,nr_rlc_um,dl,/NodeList/1/DeviceList/0/NrGnbRrc/UeMap/1/DataRadioBearerMap/1/NrRlc/,-1,4,1,-1,0,0,0.000000,0,0,999999999B,,
random_seed19001_1791548306465962_pid87,19001,random,12.500000,1,nr_rlc_um,dl,/NodeList/1/DeviceList/0/NrGnbRrc/UeMap/2/DataRadioBearerMap/1/NrRlc/,1,7,2,2,0,0,0.000000,0,0,999999999B,,
random_seed19001_1791548306465962_pid87,19001,random,12.500000,1,nr_rlc_um,dl,/NodeList/1/DeviceList/0/NrGnbRrc/UeMap/3/DataRadioBearerMap/1/NrRlc/,2,8,3,1,0,0,0.000000,0,0,999999999B,,
random_seed19001_1791548306465962_pid87,19001,random,12.500000,1,nr_rlc_um,dl,/NodeList/1/DeviceList/0/NrGnbRrc/UeMap/4/DataRadioBearerMap/1/NrRlc/,3,9,4,1,0,0,0.000000,0,0,999999999B,,
random_seed19001_1791548306465962_pid87,19001,random,12.500000,1,nr_rlc_um,ul,/NodeList/4/DeviceList/0/NrUeRrc/DataRadioBearerMap/1/NrRlc/,-1,4,1,-1,0,0,0.000000,0,0,999999999B,,
random_seed19001_1791548306465962_pid87,19001,random,12.500000,1,nr_rlc_um,ul,/NodeList/7/DeviceList/0/NrUeRrc/DataRadioBearerMap/1/NrRlc/,1,7,2,2,0,0,0.000000,0,0,999999999B,,
random_seed19001_1791548306465962_pid87,19001,random,12.500000,1,nr_rlc_um,ul,/NodeList/8/DeviceList/0/NrUeRrc/DataRadioBearerMap/1/NrRlc/,2,8,3,1,0,0,0.000000,0,0,999999999B,,
random_seed19001_1791548306465962_pid87,19001,random,12.500000,1,nr_rlc_um,ul,/NodeList/9/DeviceList/0/NrUeRrc/DataRadioBearerMap/1/NrRlc/,3,9,4,1,0,0,0.000000,0,0,999999999B,,
random_seed19001_1791548306465962_pid87,19001,random,12.600000,1,p2p_device,ul,/NodeList/19/DeviceList/3,-1,0,0,-1,0,0,,0,0,600p,80000000,20.000000
random_seed19001_1791548306465962_pid87,19001,random,12.600000,1,p2p_qdisc,ul,/NodeList/19/DeviceList/3,-1,0,0,-1,0,0,,0,0,10240p,80000000,20.000000
random_seed19001_1791548306465962_pid87,19001,random,12.600000,1,p2p_device,dl,/NodeList/0/DeviceList/9,-1,0,0,-1,0,0,,0,0,600p,80000000,20.000000
random_seed19001_1791548306465962_pid87,19001,random,12.600000,1,p2p_qdisc,dl,/NodeList/0/DeviceList/9,-1,0,0,-1,0,0,,0,0,10240p,80000000,20.000000
random_seed19001_1791548306465962_pid87,19001,random,12.600000,1,nr_rlc_um,dl,/NodeList/1/DeviceList/0/NrGnbRrc/UeMap/1/DataRadioBearerMap/1/NrRlc/,-1,4,1,-1,0,0,0.000000,0,0,999999999B,,
random_seed19001_1791548306465962_pid87,19001,random,12.600000,1,nr_rlc_um,dl,/NodeList/1/DeviceList/0/NrGnbRrc/UeMap/2/DataRadioBearerMap/1/NrRlc/,1,7,2,2,0,0,0.000000,0,0,999999999B,,
random_seed19001_1791548306465962_pid87,19001,random,12.600000,1,nr_rlc_um,dl,/NodeList/1/DeviceList/0/NrGnbRrc/UeMap/3/DataRadioBearerMap/1/NrRlc/,2,8,3,1,0,0,0.000000,0,0,999999999B,,
random_seed19001_1791548306465962_pid87,19001,random,12.600000,1,nr_rlc_um,dl,/NodeList/1/DeviceList/0/NrGnbRrc/UeMap/4/DataRadioBearerMap/1/NrRlc/,3,9,4,1,0,0,0.000000,0,0,999999999B,,
random_seed19001_1791548306465962_pid87,19001,random,12.600000,1,nr_rlc_um,ul,/NodeList/4/DeviceList/0/NrUeRrc/DataRadioBearerMap/1/NrRlc/,-1,4,1,-1,0,0,0.000000,0,0,999999999B,,
random_seed19001_1791548306465962_pid87,19001,random,12.600000,1,nr_rlc_um,ul,/NodeList/7/DeviceList/0/NrUeRrc/DataRadioBearerMap/1/NrRlc/,1,7,2,2,0,0,0.000000,0,0,999999999B,,
random_seed19001_1791548306465962_pid87,19001,random,12.600000,1,nr_rlc_um,ul,/NodeList/8/DeviceList/0/NrUeRrc/DataRadioBearerMap/1/NrRlc/,2,8,3,1,0,0,0.000000,0,0,999999999B,,
random_seed19001_1791548306465962_pid87,19001,random,12.600000,1,nr_rlc_um,ul,/NodeList/9/DeviceList/0/NrUeRrc/DataRadioBearerMap/1/NrRlc/,3,9,4,1,0,0,0.000000,0,0,999999999B,,
random_seed19001_1791548306465962_pid87,19001,random,12.700000,1,p2p_device,ul,/NodeList/19/DeviceList/3,-1,0,0,-1,0,0,,0,0,600p,80000000,20.000000
random_seed19001_1791548306465962_pid87,19001,random,12.700000,1,p2p_qdisc,ul,/NodeList/19/DeviceList/3,-1,0,0,-1,0,0,,0,0,10240p,80000000,20.000000
random_seed19001_1791548306465962_pid87,19001,random,12.700000,1,p2p_device,dl,/NodeList/0/DeviceList/9,-1,0,0,-1,0,0,,0,0,600p,80000000,20.000000
random_seed19001_1791548306465962_pid87,19001,random,12.700000,1,p2p_qdisc,dl,/NodeList/0/DeviceList/9,-1,0,0,-1,0,0,,0,0,10240p,80000000,20.000000
random_seed19001_1791548306465962_pid87,19001,random,12.700000,1,nr_rlc_um,dl,/NodeList/1/DeviceList/0/NrGnbRrc/UeMap/1/DataRadioBearerMap/1/NrRlc/,-1,4,1,-1,0,0,0.000000,0,0,999999999B,,
random_seed19001_1791548306465962_pid87,19001,random,12.700000,1,nr_rlc_um,dl,/NodeList/1/DeviceList/0/NrGnbRrc/UeMap/2/DataRadioBearerMap/1/NrRlc/,1,7,2,2,0,0,0.000000,0,0,999999999B,,
random_seed19001_1791548306465962_pid87,19001,random,12.700000,1,nr_rlc_um,dl,/NodeList/1/DeviceList/0/NrGnbRrc/UeMap/3/DataRadioBearerMap/1/NrRlc/,2,8,3,1,0,0,0.000000,0,0,999999999B,,
random_seed19001_1791548306465962_pid87,19001,random,12.700000,1,nr_rlc_um,dl,/NodeList/1/DeviceList/0/NrGnbRrc/UeMap/4/DataRadioBearerMap/1/NrRlc/,3,9,4,1,0,0,0.000000,0,0,999999999B,,
random_seed19001_1791548306465962_pid87,19001,random,12.700000,1,nr_rlc_um,ul,/NodeList/4/DeviceList/0/NrUeRrc/DataRadioBearerMap/1/NrRlc/,-1,4,1,-1,0,0,0.000000,0,0,999999999B,,
random_seed19001_1791548306465962_pid87,19001,random,12.700000,1,nr_rlc_um,ul,/NodeList/7/DeviceList/0/NrUeRrc/DataRadioBearerMap/1/NrRlc/,1,7,2,2,0,0,0.000000,0,0,999999999B,,
random_seed19001_1791548306465962_pid87,19001,random,12.700000,1,nr_rlc_um,ul,/NodeList/8/DeviceList/0/NrUeRrc/DataRadioBearerMap/1/NrRlc/,2,8,3,1,0,0,0.000000,0,0,999999999B,,
random_seed19001_1791548306465962_pid87,19001,random,12.700000,1,nr_rlc_um,ul,/NodeList/9/DeviceList/0/NrUeRrc/DataRadioBearerMap/1/NrRlc/,3,9,4,1,0,0,0.000000,0,0,999999999B,,
random_seed19001_1791548306465962_pid87,19001,random,12.800000,1,p2p_device,ul,/NodeList/19/DeviceList/3,-1,0,0,-1,0,0,,0,0,600p,80000000,20.000000
random_seed19001_1791548306465962_pid87,19001,random,12.800000,1,p2p_qdisc,ul,/NodeList/19/DeviceList/3,-1,0,0,-1,0,0,,0,0,10240p,80000000,20.000000
random_seed19001_1791548306465962_pid87,19001,random,12.800000,1,p2p_device,dl,/NodeList/0/DeviceList/9,-1,0,0,-1,0,0,,0,0,600p,80000000,20.000000
random_seed19001_1791548306465962_pid87,19001,random,12.800000,1,p2p_qdisc,dl,/NodeList/0/DeviceList/9,-1,0,0,-1,0,0,,0,0,10240p,80000000,20.000000
random_seed19001_1791548306465962_pid87,19001,random,12.800000,1,nr_rlc_um,dl,/NodeList/1/DeviceList/0/NrGnbRrc/UeMap/1/DataRadioBearerMap/1/NrRlc/,-1,4,1,-1,0,0,0.000000,0,0,999999999B,,
random_seed19001_1791548306465962_pid87,19001,random,12.800000,1,nr_rlc_um,dl,/NodeList/1/DeviceList/0/NrGnbRrc/UeMap/2/DataRadioBearerMap/1/NrRlc/,1,7,2,2,0,0,0.000000,0,0,999999999B,,
random_seed19001_1791548306465962_pid87,19001,random,12.800000,1,nr_rlc_um,dl,/NodeList/1/DeviceList/0/NrGnbRrc/UeMap/3/DataRadioBearerMap/1/NrRlc/,2,8,3,1,0,0,0.000000,0,0,999999999B,,
random_seed19001_1791548306465962_pid87,19001,random,12.800000,1,nr_rlc_um,dl,/NodeList/1/DeviceList/0/NrGnbRrc/UeMap/4/DataRadioBearerMap/1/NrRlc/,3,9,4,1,0,0,0.000000,0,0,999999999B,,
random_seed19001_1791548306465962_pid87,19001,random,12.800000,1,nr_rlc_um,ul,/NodeList/4/DeviceList/0/NrUeRrc/DataRadioBearerMap/1/NrRlc/,-1,4,1,-1,0,0,0.000000,0,0,999999999B,,
random_seed19001_1791548306465962_pid87,19001,random,12.800000,1,nr_rlc_um,ul,/NodeList/7/DeviceList/0/NrUeRrc/DataRadioBearerMap/1/NrRlc/,1,7,2,2,0,0,0.000000,0,0,999999999B,,
random_seed19001_1791548306465962_pid87,19001,random,12.800000,1,nr_rlc_um,ul,/NodeList/8/DeviceList/0/NrUeRrc/DataRadioBearerMap/1/NrRlc/,2,8,3,1,0,0,0.000000,0,0,999999999B,,
random_seed19001_1791548306465962_pid87,19001,random,12.800000,1,nr_rlc_um,ul,/NodeList/9/DeviceList/0/NrUeRrc/DataRadioBearerMap/1/NrRlc/,3,9,4,1,0,0,0.000000,0,0,999999999B,,
random_seed19001_1791548306465962_pid87,19001,random,12.900000,1,p2p_device,ul,/NodeList/19/DeviceList/3,-1,0,0,-1,0,0,,0,0,600p,80000000,20.000000
random_seed19001_1791548306465962_pid87,19001,random,12.900000,1,p2p_qdisc,ul,/NodeList/19/DeviceList/3,-1,0,0,-1,0,0,,0,0,10240p,80000000,20.000000
random_seed19001_1791548306465962_pid87,19001,random,12.900000,1,p2p_device,dl,/NodeList/0/DeviceList/9,-1,0,0,-1,0,0,,0,0,600p,80000000,20.000000
random_seed19001_1791548306465962_pid87,19001,random,12.900000,1,p2p_qdisc,dl,/NodeList/0/DeviceList/9,-1,0,0,-1,0,0,,0,0,10240p,80000000,20.000000
random_seed19001_1791548306465962_pid87,19001,random,12.900000,1,nr_rlc_um,dl,/NodeList/1/DeviceList/0/NrGnbRrc/UeMap/1/DataRadioBearerMap/1/NrRlc/,-1,4,1,-1,0,0,0.000000,0,0,999999999B,,
random_seed19001_1791548306465962_pid87,19001,random,12.900000,1,nr_rlc_um,dl,/NodeList/1/DeviceList/0/NrGnbRrc/UeMap/2/DataRadioBearerMap/1/NrRlc/,1,7,2,2,0,0,0.000000,0,0,999999999B,,
random_seed19001_1791548306465962_pid87,19001,random,12.900000,1,nr_rlc_um,dl,/NodeList/1/DeviceList/0/NrGnbRrc/UeMap/3/DataRadioBearerMap/1/NrRlc/,2,8,3,1,0,0,0.000000,0,0,999999999B,,
random_seed19001_1791548306465962_pid87,19001,random,12.900000,1,nr_rlc_um,dl,/NodeList/1/DeviceList/0/NrGnbRrc/UeMap/4/DataRadioBearerMap/1/NrRlc/,3,9,4,1,0,0,0.000000,0,0,999999999B,,
random_seed19001_1791548306465962_pid87,19001,random,12.900000,1,nr_rlc_um,ul,/NodeList/4/DeviceList/0/NrUeRrc/DataRadioBearerMap/1/NrRlc/,-1,4,1,-1,0,0,0.000000,0,0,999999999B,,
random_seed19001_1791548306465962_pid87,19001,random,12.900000,1,nr_rlc_um,ul,/NodeList/7/DeviceList/0/NrUeRrc/DataRadioBearerMap/1/NrRlc/,1,7,2,2,0,0,0.000000,0,0,999999999B,,
random_seed19001_1791548306465962_pid87,19001,random,12.900000,1,nr_rlc_um,ul,/NodeList/8/DeviceList/0/NrUeRrc/DataRadioBearerMap/1/NrRlc/,2,8,3,1,0,0,0.000000,0,0,999999999B,,
random_seed19001_1791548306465962_pid87,19001,random,12.900000,1,nr_rlc_um,ul,/NodeList/9/DeviceList/0/NrUeRrc/DataRadioBearerMap/1/NrRlc/,3,9,4,1,0,0,0.000000,0,0,999999999B,,
random_seed19001_1791548306465962_pid87,19001,random,13.000000,1,p2p_device,ul,/NodeList/19/DeviceList/3,-1,0,0,-1,0,0,,0,0,600p,80000000,20.000000
random_seed19001_1791548306465962_pid87,19001,random,13.000000,1,p2p_qdisc,ul,/NodeList/19/DeviceList/3,-1,0,0,-1,0,0,,0,0,10240p,80000000,20.000000
random_seed19001_1791548306465962_pid87,19001,random,13.000000,1,p2p_device,dl,/NodeList/0/DeviceList/9,-1,0,0,-1,0,0,,0,0,600p,80000000,20.000000
random_seed19001_1791548306465962_pid87,19001,random,13.000000,1,p2p_qdisc,dl,/NodeList/0/DeviceList/9,-1,0,0,-1,0,0,,0,0,10240p,80000000,20.000000
random_seed19001_1791548306465962_pid87,19001,random,13.000000,1,nr_rlc_um,dl,/NodeList/1/DeviceList/0/NrGnbRrc/UeMap/1/DataRadioBearerMap/1/NrRlc/,-1,4,1,-1,0,0,0.000000,0,0,999999999B,,
random_seed19001_1791548306465962_pid87,19001,random,13.000000,1,nr_rlc_um,dl,/NodeList/1/DeviceList/0/NrGnbRrc/UeMap/2/DataRadioBearerMap/1/NrRlc/,1,7,2,2,0,0,0.000000,0,0,999999999B,,
random_seed19001_1791548306465962_pid87,19001,random,13.000000,1,nr_rlc_um,dl,/NodeList/1/DeviceList/0/NrGnbRrc/UeMap/3/DataRadioBearerMap/1/NrRlc/,2,8,3,1,0,0,0.000000,0,0,999999999B,,
random_seed19001_1791548306465962_pid87,19001,random,13.000000,1,nr_rlc_um,dl,/NodeList/1/DeviceList/0/NrGnbRrc/UeMap/4/DataRadioBearerMap/1/NrRlc/,3,9,4,1,0,0,0.000000,0,0,999999999B,,
random_seed19001_1791548306465962_pid87,19001,random,13.000000,1,nr_rlc_um,ul,/NodeList/4/DeviceList/0/NrUeRrc/DataRadioBearerMap/1/NrRlc/,-1,4,1,-1,0,0,0.000000,0,0,999999999B,,
random_seed19001_1791548306465962_pid87,19001,random,13.000000,1,nr_rlc_um,ul,/NodeList/7/DeviceList/0/NrUeRrc/DataRadioBearerMap/1/NrRlc/,1,7,2,2,0,0,0.000000,0,0,999999999B,,
random_seed19001_1791548306465962_pid87,19001,random,13.000000,1,nr_rlc_um,ul,/NodeList/8/DeviceList/0/NrUeRrc/DataRadioBearerMap/1/NrRlc/,2,8,3,1,0,0,0.000000,0,0,999999999B,,
random_seed19001_1791548306465962_pid87,19001,random,13.000000,1,nr_rlc_um,ul,/NodeList/9/DeviceList/0/NrUeRrc/DataRadioBearerMap/1/NrRlc/,3,9,4,1,0,0,0.000000,0,0,999999999B,,
random_seed19001_1791548306465962_pid87,19001,random,13.100000,1,p2p_device,ul,/NodeList/19/DeviceList/3,-1,0,0,-1,0,0,,0,0,600p,80000000,20.000000
random_seed19001_1791548306465962_pid87,19001,random,13.100000,1,p2p_qdisc,ul,/NodeList/19/DeviceList/3,-1,0,0,-1,0,0,,0,0,10240p,80000000,20.000000
random_seed19001_1791548306465962_pid87,19001,random,13.100000,1,p2p_device,dl,/NodeList/0/DeviceList/9,-1,0,0,-1,0,0,,0,0,600p,80000000,20.000000
random_seed19001_1791548306465962_pid87,19001,random,13.100000,1,p2p_qdisc,dl,/NodeList/0/DeviceList/9,-1,0,0,-1,0,0,,0,0,10240p,80000000,20.000000
random_seed19001_1791548306465962_pid87,19001,random,13.100000,1,nr_rlc_um,dl,/NodeList/1/DeviceList/0/NrGnbRrc/UeMap/1/DataRadioBearerMap/1/NrRlc/,-1,4,1,-1,0,0,0.000000,0,0,999999999B,,
random_seed19001_1791548306465962_pid87,19001,random,13.100000,1,nr_rlc_um,dl,/NodeList/1/DeviceList/0/NrGnbRrc/UeMap/2/DataRadioBearerMap/1/NrRlc/,1,7,2,2,0,0,0.000000,0,0,999999999B,,
random_seed19001_1791548306465962_pid87,19001,random,13.100000,1,nr_rlc_um,dl,/NodeList/1/DeviceList/0/NrGnbRrc/UeMap/3/DataRadioBearerMap/1/NrRlc/,2,8,3,1,0,0,0.000000,0,0,999999999B,,
random_seed19001_1791548306465962_pid87,19001,random,13.100000,1,nr_rlc_um,dl,/NodeList/1/DeviceList/0/NrGnbRrc/UeMap/4/DataRadioBearerMap/1/NrRlc/,3,9,4,1,0,0,0.000000,0,0,999999999B,,
random_seed19001_1791548306465962_pid87,19001,random,13.100000,1,nr_rlc_um,ul,/NodeList/4/DeviceList/0/NrUeRrc/DataRadioBearerMap/1/NrRlc/,-1,4,1,-1,0,0,0.000000,0,0,999999999B,,
random_seed19001_1791548306465962_pid87,19001,random,13.100000,1,nr_rlc_um,ul,/NodeList/7/DeviceList/0/NrUeRrc/DataRadioBearerMap/1/NrRlc/,1,7,2,2,0,0,0.000000,0,0,999999999B,,
random_seed19001_1791548306465962_pid87,19001,random,13.100000,1,nr_rlc_um,ul,/NodeList/8/DeviceList/0/NrUeRrc/DataRadioBearerMap/1/NrRlc/,2,8,3,1,0,0,0.000000,0,0,999999999B,,
random_seed19001_1791548306465962_pid87,19001,random,13.100000,1,nr_rlc_um,ul,/NodeList/9/DeviceList/0/NrUeRrc/DataRadioBearerMap/1/NrRlc/,3,9,4,1,0,0,0.000000,0,0,999999999B,,
random_seed19001_1791548306465962_pid87,19001,random,13.200000,1,p2p_device,ul,/NodeList/19/DeviceList/3,-1,0,0,-1,0,0,,0,0,600p,80000000,20.000000
random_seed19001_1791548306465962_pid87,19001,random,13.200000,1,p2p_qdisc,ul,/NodeList/19/DeviceList/3,-1,0,0,-1,0,0,,0,0,10240p,80000000,20.000000
random_seed19001_1791548306465962_pid87,19001,random,13.200000,1,p2p_device,dl,/NodeList/0/DeviceList/9,-1,0,0,-1,0,0,,0,0,600p,80000000,20.000000
random_seed19001_1791548306465962_pid87,19001,random,13.200000,1,p2p_qdisc,dl,/NodeList/0/DeviceList/9,-1,0,0,-1,0,0,,0,0,10240p,80000000,20.000000
random_seed19001_1791548306465962_pid87,19001,random,13.200000,1,nr_rlc_um,dl,/NodeList/1/DeviceList/0/NrGnbRrc/UeMap/1/DataRadioBearerMap/1/NrRlc/,-1,4,1,-1,0,0,0.000000,0,0,999999999B,,
random_seed19001_1791548306465962_pid87,19001,random,13.200000,1,nr_rlc_um,dl,/NodeList/1/DeviceList/0/NrGnbRrc/UeMap/2/DataRadioBearerMap/1/NrRlc/,1,7,2,2,0,0,0.000000,0,0,999999999B,,
random_seed19001_1791548306465962_pid87,19001,random,13.200000,1,nr_rlc_um,dl,/NodeList/1/DeviceList/0/NrGnbRrc/UeMap/3/DataRadioBearerMap/1/NrRlc/,2,8,3,1,0,0,0.000000,0,0,999999999B,,
random_seed19001_1791548306465962_pid87,19001,random,13.200000,1,nr_rlc_um,dl,/NodeList/1/DeviceList/0/NrGnbRrc/UeMap/4/DataRadioBearerMap/1/NrRlc/,3,9,4,1,0,0,0.000000,0,0,999999999B,,
random_seed19001_1791548306465962_pid87,19001,random,13.200000,1,nr_rlc_um,ul,/NodeList/4/DeviceList/0/NrUeRrc/DataRadioBearerMap/1/NrRlc/,-1,4,1,-1,0,0,0.000000,0,0,999999999B,,
random_seed19001_1791548306465962_pid87,19001,random,13.200000,1,nr_rlc_um,ul,/NodeList/7/DeviceList/0/NrUeRrc/DataRadioBearerMap/1/NrRlc/,1,7,2,2,0,0,0.000000,0,0,999999999B,,
random_seed19001_1791548306465962_pid87,19001,random,13.200000,1,nr_rlc_um,ul,/NodeList/8/DeviceList/0/NrUeRrc/DataRadioBearerMap/1/NrRlc/,2,8,3,1,0,0,0.000000,0,0,999999999B,,
random_seed19001_1791548306465962_pid87,19001,random,13.200000,1,nr_rlc_um,ul,/NodeList/9/DeviceList/0/NrUeRrc/DataRadioBearerMap/1/NrRlc/,3,9,4,1,0,0,0.000000,0,0,999999999B,,
random_seed19001_1791548306465962_pid87,19001,random,13.300000,1,p2p_device,ul,/NodeList/19/DeviceList/3,-1,0,0,-1,0,0,,0,0,600p,80000000,20.000000
random_seed19001_1791548306465962_pid87,19001,random,13.300000,1,p2p_qdisc,ul,/NodeList/19/DeviceList/3,-1,0,0,-1,0,0,,0,0,10240p,80000000,20.000000
random_seed19001_1791548306465962_pid87,19001,random,13.300000,1,p2p_device,dl,/NodeList/0/DeviceList/9,-1,0,0,-1,0,0,,0,0,600p,80000000,20.000000
random_seed19001_1791548306465962_pid87,19001,random,13.300000,1,p2p_qdisc,dl,/NodeList/0/DeviceList/9,-1,0,0,-1,0,0,,0,0,10240p,80000000,20.000000
random_seed19001_1791548306465962_pid87,19001,random,13.300000,1,nr_rlc_um,dl,/NodeList/1/DeviceList/0/NrGnbRrc/UeMap/1/DataRadioBearerMap/1/NrRlc/,-1,4,1,-1,0,0,0.000000,0,0,999999999B,,
random_seed19001_1791548306465962_pid87,19001,random,13.300000,1,nr_rlc_um,dl,/NodeList/1/DeviceList/0/NrGnbRrc/UeMap/2/DataRadioBearerMap/1/NrRlc/,1,7,2,2,0,0,0.000000,0,0,999999999B,,
random_seed19001_1791548306465962_pid87,19001,random,13.300000,1,nr_rlc_um,dl,/NodeList/1/DeviceList/0/NrGnbRrc/UeMap/3/DataRadioBearerMap/1/NrRlc/,2,8,3,1,0,0,0.000000,0,0,999999999B,,
random_seed19001_1791548306465962_pid87,19001,random,13.300000,1,nr_rlc_um,dl,/NodeList/1/DeviceList/0/NrGnbRrc/UeMap/4/DataRadioBearerMap/1/NrRlc/,3,9,4,1,0,0,0.000000,0,0,999999999B,,
random_seed19001_1791548306465962_pid87,19001,random,13.300000,1,nr_rlc_um,ul,/NodeList/4/DeviceList/0/NrUeRrc/DataRadioBearerMap/1/NrRlc/,-1,4,1,-1,0,0,0.000000,0,0,999999999B,,
random_seed19001_1791548306465962_pid87,19001,random,13.300000,1,nr_rlc_um,ul,/NodeList/7/DeviceList/0/NrUeRrc/DataRadioBearerMap/1/NrRlc/,1,7,2,2,0,0,0.000000,0,0,999999999B,,
random_seed19001_1791548306465962_pid87,19001,random,13.300000,1,nr_rlc_um,ul,/NodeList/8/DeviceList/0/NrUeRrc/DataRadioBearerMap/1/NrRlc/,2,8,3,1,0,0,0.000000,0,0,999999999B,,
random_seed19001_1791548306465962_pid87,19001,random,13.300000,1,nr_rlc_um,ul,/NodeList/9/DeviceList/0/NrUeRrc/DataRadioBearerMap/1/NrRlc/,3,9,4,1,0,0,0.000000,0,0,999999999B,,
random_seed19001_1791548306465962_pid87,19001,random,13.400000,1,p2p_device,ul,/NodeList/19/DeviceList/3,-1,0,0,-1,0,0,,0,0,600p,80000000,20.000000
random_seed19001_1791548306465962_pid87,19001,random,13.400000,1,p2p_qdisc,ul,/NodeList/19/DeviceList/3,-1,0,0,-1,0,0,,0,0,10240p,80000000,20.000000
random_seed19001_1791548306465962_pid87,19001,random,13.400000,1,p2p_device,dl,/NodeList/0/DeviceList/9,-1,0,0,-1,0,0,,0,0,600p,80000000,20.000000
random_seed19001_1791548306465962_pid87,19001,random,13.400000,1,p2p_qdisc,dl,/NodeList/0/DeviceList/9,-1,0,0,-1,0,0,,0,0,10240p,80000000,20.000000
random_seed19001_1791548306465962_pid87,19001,random,13.400000,1,nr_rlc_um,dl,/NodeList/1/DeviceList/0/NrGnbRrc/UeMap/1/DataRadioBearerMap/1/NrRlc/,-1,4,1,-1,0,0,0.000000,0,0,999999999B,,
random_seed19001_1791548306465962_pid87,19001,random,13.400000,1,nr_rlc_um,dl,/NodeList/1/DeviceList/0/NrGnbRrc/UeMap/2/DataRadioBearerMap/1/NrRlc/,1,7,2,2,0,0,0.000000,0,0,999999999B,,
random_seed19001_1791548306465962_pid87,19001,random,13.400000,1,nr_rlc_um,dl,/NodeList/1/DeviceList/0/NrGnbRrc/UeMap/3/DataRadioBearerMap/1/NrRlc/,2,8,3,1,0,0,0.000000,0,0,999999999B,,
random_seed19001_1791548306465962_pid87,19001,random,13.400000,1,nr_rlc_um,dl,/NodeList/1/DeviceList/0/NrGnbRrc/UeMap/4/DataRadioBearerMap/1/NrRlc/,3,9,4,1,0,0,0.000000,0,0,999999999B,,
random_seed19001_1791548306465962_pid87,19001,random,13.400000,1,nr_rlc_um,ul,/NodeList/4/DeviceList/0/NrUeRrc/DataRadioBearerMap/1/NrRlc/,-1,4,1,-1,0,0,0.000000,0,0,999999999B,,
random_seed19001_1791548306465962_pid87,19001,random,13.400000,1,nr_rlc_um,ul,/NodeList/7/DeviceList/0/NrUeRrc/DataRadioBearerMap/1/NrRlc/,1,7,2,2,0,0,0.000000,0,0,999999999B,,
random_seed19001_1791548306465962_pid87,19001,random,13.400000,1,nr_rlc_um,ul,/NodeList/8/DeviceList/0/NrUeRrc/DataRadioBearerMap/1/NrRlc/,2,8,3,1,0,0,0.000000,0,0,999999999B,,
random_seed19001_1791548306465962_pid87,19001,random,13.400000,1,nr_rlc_um,ul,/NodeList/9/DeviceList/0/NrUeRrc/DataRadioBearerMap/1/NrRlc/,3,9,4,1,0,0,0.000000,0,0,999999999B,,
random_seed19001_1791548306465962_pid87,19001,random,13.500000,0,p2p_device,ul,/NodeList/19/DeviceList/3,-1,0,0,-1,0,0,,0,0,600p,80000000,20.000000
random_seed19001_1791548306465962_pid87,19001,random,13.500000,0,p2p_qdisc,ul,/NodeList/19/DeviceList/3,-1,0,0,-1,0,0,,0,0,10240p,80000000,20.000000
random_seed19001_1791548306465962_pid87,19001,random,13.500000,0,p2p_device,dl,/NodeList/0/DeviceList/9,-1,0,0,-1,0,0,,0,0,600p,80000000,20.000000
random_seed19001_1791548306465962_pid87,19001,random,13.500000,0,p2p_qdisc,dl,/NodeList/0/DeviceList/9,-1,0,0,-1,0,0,,0,0,10240p,80000000,20.000000
random_seed19001_1791548306465962_pid87,19001,random,13.500000,0,nr_rlc_um,dl,/NodeList/1/DeviceList/0/NrGnbRrc/UeMap/1/DataRadioBearerMap/1/NrRlc/,-1,4,1,-1,0,0,0.000000,0,0,999999999B,,
random_seed19001_1791548306465962_pid87,19001,random,13.500000,0,nr_rlc_um,dl,/NodeList/1/DeviceList/0/NrGnbRrc/UeMap/2/DataRadioBearerMap/1/NrRlc/,1,7,2,2,0,0,0.000000,0,0,999999999B,,
random_seed19001_1791548306465962_pid87,19001,random,13.500000,0,nr_rlc_um,dl,/NodeList/1/DeviceList/0/NrGnbRrc/UeMap/3/DataRadioBearerMap/1/NrRlc/,2,8,3,1,0,0,0.000000,0,0,999999999B,,
random_seed19001_1791548306465962_pid87,19001,random,13.500000,0,nr_rlc_um,dl,/NodeList/1/DeviceList/0/NrGnbRrc/UeMap/4/DataRadioBearerMap/1/NrRlc/,3,9,4,1,0,0,0.000000,0,0,999999999B,,
random_seed19001_1791548306465962_pid87,19001,random,13.500000,0,nr_rlc_um,ul,/NodeList/4/DeviceList/0/NrUeRrc/DataRadioBearerMap/1/NrRlc/,-1,4,1,-1,0,0,0.000000,0,0,999999999B,,
random_seed19001_1791548306465962_pid87,19001,random,13.500000,0,nr_rlc_um,ul,/NodeList/7/DeviceList/0/NrUeRrc/DataRadioBearerMap/1/NrRlc/,1,7,2,2,0,0,0.000000,0,0,999999999B,,
random_seed19001_1791548306465962_pid87,19001,random,13.500000,0,nr_rlc_um,ul,/NodeList/8/DeviceList/0/NrUeRrc/DataRadioBearerMap/1/NrRlc/,2,8,3,1,0,0,0.000000,0,0,999999999B,,
random_seed19001_1791548306465962_pid87,19001,random,13.500000,0,nr_rlc_um,ul,/NodeList/9/DeviceList/0/NrUeRrc/DataRadioBearerMap/1/NrRlc/,3,9,4,1,0,0,0.000000,0,0,999999999B,,
random_seed19001_1791548306465962_pid87,19001,random,13.600000,0,p2p_device,ul,/NodeList/19/DeviceList/3,-1,0,0,-1,0,0,,0,0,600p,80000000,20.000000
random_seed19001_1791548306465962_pid87,19001,random,13.600000,0,p2p_qdisc,ul,/NodeList/19/DeviceList/3,-1,0,0,-1,0,0,,0,0,10240p,80000000,20.000000
random_seed19001_1791548306465962_pid87,19001,random,13.600000,0,p2p_device,dl,/NodeList/0/DeviceList/9,-1,0,0,-1,0,0,,0,0,600p,80000000,20.000000
random_seed19001_1791548306465962_pid87,19001,random,13.600000,0,p2p_qdisc,dl,/NodeList/0/DeviceList/9,-1,0,0,-1,0,0,,0,0,10240p,80000000,20.000000
random_seed19001_1791548306465962_pid87,19001,random,13.600000,0,nr_rlc_um,dl,/NodeList/1/DeviceList/0/NrGnbRrc/UeMap/1/DataRadioBearerMap/1/NrRlc/,-1,4,1,-1,0,0,0.000000,0,0,999999999B,,
random_seed19001_1791548306465962_pid87,19001,random,13.600000,0,nr_rlc_um,dl,/NodeList/1/DeviceList/0/NrGnbRrc/UeMap/2/DataRadioBearerMap/1/NrRlc/,1,7,2,2,0,0,0.000000,0,0,999999999B,,
random_seed19001_1791548306465962_pid87,19001,random,13.600000,0,nr_rlc_um,dl,/NodeList/1/DeviceList/0/NrGnbRrc/UeMap/3/DataRadioBearerMap/1/NrRlc/,2,8,3,1,0,0,0.000000,0,0,999999999B,,
random_seed19001_1791548306465962_pid87,19001,random,13.600000,0,nr_rlc_um,dl,/NodeList/1/DeviceList/0/NrGnbRrc/UeMap/4/DataRadioBearerMap/1/NrRlc/,3,9,4,1,0,0,0.000000,0,0,999999999B,,
random_seed19001_1791548306465962_pid87,19001,random,13.600000,0,nr_rlc_um,ul,/NodeList/4/DeviceList/0/NrUeRrc/DataRadioBearerMap/1/NrRlc/,-1,4,1,-1,0,0,0.000000,0,0,999999999B,,
random_seed19001_1791548306465962_pid87,19001,random,13.600000,0,nr_rlc_um,ul,/NodeList/7/DeviceList/0/NrUeRrc/DataRadioBearerMap/1/NrRlc/,1,7,2,2,0,0,0.000000,0,0,999999999B,,
random_seed19001_1791548306465962_pid87,19001,random,13.600000,0,nr_rlc_um,ul,/NodeList/8/DeviceList/0/NrUeRrc/DataRadioBearerMap/1/NrRlc/,2,8,3,1,0,0,0.000000,0,0,999999999B,,
random_seed19001_1791548306465962_pid87,19001,random,13.600000,0,nr_rlc_um,ul,/NodeList/9/DeviceList/0/NrUeRrc/DataRadioBearerMap/1/NrRlc/,3,9,4,1,0,0,0.000000,0,0,999999999B,,
random_seed19001_1791548306465962_pid87,19001,random,13.700000,0,p2p_device,ul,/NodeList/19/DeviceList/3,-1,0,0,-1,0,0,,0,0,600p,80000000,20.000000
random_seed19001_1791548306465962_pid87,19001,random,13.700000,0,p2p_qdisc,ul,/NodeList/19/DeviceList/3,-1,0,0,-1,0,0,,0,0,10240p,80000000,20.000000
random_seed19001_1791548306465962_pid87,19001,random,13.700000,0,p2p_device,dl,/NodeList/0/DeviceList/9,-1,0,0,-1,0,0,,0,0,600p,80000000,20.000000
random_seed19001_1791548306465962_pid87,19001,random,13.700000,0,p2p_qdisc,dl,/NodeList/0/DeviceList/9,-1,0,0,-1,0,0,,0,0,10240p,80000000,20.000000
random_seed19001_1791548306465962_pid87,19001,random,13.700000,0,nr_rlc_um,dl,/NodeList/1/DeviceList/0/NrGnbRrc/UeMap/1/DataRadioBearerMap/1/NrRlc/,-1,4,1,-1,0,0,0.000000,0,0,999999999B,,
random_seed19001_1791548306465962_pid87,19001,random,13.700000,0,nr_rlc_um,dl,/NodeList/1/DeviceList/0/NrGnbRrc/UeMap/2/DataRadioBearerMap/1/NrRlc/,1,7,2,2,0,0,0.000000,0,0,999999999B,,
random_seed19001_1791548306465962_pid87,19001,random,13.700000,0,nr_rlc_um,dl,/NodeList/1/DeviceList/0/NrGnbRrc/UeMap/3/DataRadioBearerMap/1/NrRlc/,2,8,3,1,0,0,0.000000,0,0,999999999B,,
random_seed19001_1791548306465962_pid87,19001,random,13.700000,0,nr_rlc_um,dl,/NodeList/1/DeviceList/0/NrGnbRrc/UeMap/4/DataRadioBearerMap/1/NrRlc/,3,9,4,1,0,0,0.000000,0,0,999999999B,,
random_seed19001_1791548306465962_pid87,19001,random,13.700000,0,nr_rlc_um,ul,/NodeList/4/DeviceList/0/NrUeRrc/DataRadioBearerMap/1/NrRlc/,-1,4,1,-1,0,0,0.000000,0,0,999999999B,,
random_seed19001_1791548306465962_pid87,19001,random,13.700000,0,nr_rlc_um,ul,/NodeList/7/DeviceList/0/NrUeRrc/DataRadioBearerMap/1/NrRlc/,1,7,2,2,0,0,0.000000,0,0,999999999B,,
random_seed19001_1791548306465962_pid87,19001,random,13.700000,0,nr_rlc_um,ul,/NodeList/8/DeviceList/0/NrUeRrc/DataRadioBearerMap/1/NrRlc/,2,8,3,1,0,0,0.000000,0,0,999999999B,,
random_seed19001_1791548306465962_pid87,19001,random,13.700000,0,nr_rlc_um,ul,/NodeList/9/DeviceList/0/NrUeRrc/DataRadioBearerMap/1/NrRlc/,3,9,4,1,0,0,0.000000,0,0,999999999B,,
random_seed19001_1791548306465962_pid87,19001,random,13.800000,0,p2p_device,ul,/NodeList/19/DeviceList/3,-1,0,0,-1,0,0,,0,0,600p,80000000,20.000000
random_seed19001_1791548306465962_pid87,19001,random,13.800000,0,p2p_qdisc,ul,/NodeList/19/DeviceList/3,-1,0,0,-1,0,0,,0,0,10240p,80000000,20.000000
random_seed19001_1791548306465962_pid87,19001,random,13.800000,0,p2p_device,dl,/NodeList/0/DeviceList/9,-1,0,0,-1,0,0,,0,0,600p,80000000,20.000000
random_seed19001_1791548306465962_pid87,19001,random,13.800000,0,p2p_qdisc,dl,/NodeList/0/DeviceList/9,-1,0,0,-1,0,0,,0,0,10240p,80000000,20.000000
random_seed19001_1791548306465962_pid87,19001,random,13.800000,0,nr_rlc_um,dl,/NodeList/1/DeviceList/0/NrGnbRrc/UeMap/1/DataRadioBearerMap/1/NrRlc/,-1,4,1,-1,0,0,0.000000,0,0,999999999B,,
random_seed19001_1791548306465962_pid87,19001,random,13.800000,0,nr_rlc_um,dl,/NodeList/1/DeviceList/0/NrGnbRrc/UeMap/2/DataRadioBearerMap/1/NrRlc/,1,7,2,2,0,0,0.000000,0,0,999999999B,,
random_seed19001_1791548306465962_pid87,19001,random,13.800000,0,nr_rlc_um,dl,/NodeList/1/DeviceList/0/NrGnbRrc/UeMap/3/DataRadioBearerMap/1/NrRlc/,2,8,3,1,0,0,0.000000,0,0,999999999B,,
random_seed19001_1791548306465962_pid87,19001,random,13.800000,0,nr_rlc_um,dl,/NodeList/1/DeviceList/0/NrGnbRrc/UeMap/4/DataRadioBearerMap/1/NrRlc/,3,9,4,1,0,0,0.000000,0,0,999999999B,,
random_seed19001_1791548306465962_pid87,19001,random,13.800000,0,nr_rlc_um,ul,/NodeList/4/DeviceList/0/NrUeRrc/DataRadioBearerMap/1/NrRlc/,-1,4,1,-1,0,0,0.000000,0,0,999999999B,,
random_seed19001_1791548306465962_pid87,19001,random,13.800000,0,nr_rlc_um,ul,/NodeList/7/DeviceList/0/NrUeRrc/DataRadioBearerMap/1/NrRlc/,1,7,2,2,0,0,0.000000,0,0,999999999B,,
random_seed19001_1791548306465962_pid87,19001,random,13.800000,0,nr_rlc_um,ul,/NodeList/8/DeviceList/0/NrUeRrc/DataRadioBearerMap/1/NrRlc/,2,8,3,1,0,0,0.000000,0,0,999999999B,,
random_seed19001_1791548306465962_pid87,19001,random,13.800000,0,nr_rlc_um,ul,/NodeList/9/DeviceList/0/NrUeRrc/DataRadioBearerMap/1/NrRlc/,3,9,4,1,0,0,0.000000,0,0,999999999B,,
random_seed19001_1791548306465962_pid87,19001,random,13.900000,0,p2p_device,ul,/NodeList/19/DeviceList/3,-1,0,0,-1,0,0,,0,0,600p,80000000,20.000000
random_seed19001_1791548306465962_pid87,19001,random,13.900000,0,p2p_qdisc,ul,/NodeList/19/DeviceList/3,-1,0,0,-1,0,0,,0,0,10240p,80000000,20.000000
random_seed19001_1791548306465962_pid87,19001,random,13.900000,0,p2p_device,dl,/NodeList/0/DeviceList/9,-1,0,0,-1,0,0,,0,0,600p,80000000,20.000000
random_seed19001_1791548306465962_pid87,19001,random,13.900000,0,p2p_qdisc,dl,/NodeList/0/DeviceList/9,-1,0,0,-1,0,0,,0,0,10240p,80000000,20.000000
random_seed19001_1791548306465962_pid87,19001,random,13.900000,0,nr_rlc_um,dl,/NodeList/1/DeviceList/0/NrGnbRrc/UeMap/1/DataRadioBearerMap/1/NrRlc/,-1,4,1,-1,0,0,0.000000,0,0,999999999B,,
random_seed19001_1791548306465962_pid87,19001,random,13.900000,0,nr_rlc_um,dl,/NodeList/1/DeviceList/0/NrGnbRrc/UeMap/2/DataRadioBearerMap/1/NrRlc/,1,7,2,2,0,0,0.000000,0,0,999999999B,,
random_seed19001_1791548306465962_pid87,19001,random,13.900000,0,nr_rlc_um,dl,/NodeList/1/DeviceList/0/NrGnbRrc/UeMap/3/DataRadioBearerMap/1/NrRlc/,2,8,3,1,0,0,0.000000,0,0,999999999B,,
random_seed19001_1791548306465962_pid87,19001,random,13.900000,0,nr_rlc_um,dl,/NodeList/1/DeviceList/0/NrGnbRrc/UeMap/4/DataRadioBearerMap/1/NrRlc/,3,9,4,1,0,0,0.000000,0,0,999999999B,,
random_seed19001_1791548306465962_pid87,19001,random,13.900000,0,nr_rlc_um,ul,/NodeList/4/DeviceList/0/NrUeRrc/DataRadioBearerMap/1/NrRlc/,-1,4,1,-1,0,0,0.000000,0,0,999999999B,,
random_seed19001_1791548306465962_pid87,19001,random,13.900000,0,nr_rlc_um,ul,/NodeList/7/DeviceList/0/NrUeRrc/DataRadioBearerMap/1/NrRlc/,1,7,2,2,0,0,0.000000,0,0,999999999B,,
random_seed19001_1791548306465962_pid87,19001,random,13.900000,0,nr_rlc_um,ul,/NodeList/8/DeviceList/0/NrUeRrc/DataRadioBearerMap/1/NrRlc/,2,8,3,1,0,0,0.000000,0,0,999999999B,,
random_seed19001_1791548306465962_pid87,19001,random,13.900000,0,nr_rlc_um,ul,/NodeList/9/DeviceList/0/NrUeRrc/DataRadioBearerMap/1/NrRlc/,3,9,4,1,0,0,0.000000,0,0,999999999B,,
random_seed19001_1791548306465962_pid87,19001,random,14.000000,0,p2p_device,ul,/NodeList/19/DeviceList/3,-1,0,0,-1,0,0,,0,0,600p,80000000,20.000000
random_seed19001_1791548306465962_pid87,19001,random,14.000000,0,p2p_qdisc,ul,/NodeList/19/DeviceList/3,-1,0,0,-1,0,0,,0,0,10240p,80000000,20.000000
random_seed19001_1791548306465962_pid87,19001,random,14.000000,0,p2p_device,dl,/NodeList/0/DeviceList/9,-1,0,0,-1,0,0,,0,0,600p,80000000,20.000000
random_seed19001_1791548306465962_pid87,19001,random,14.000000,0,p2p_qdisc,dl,/NodeList/0/DeviceList/9,-1,0,0,-1,0,0,,0,0,10240p,80000000,20.000000
random_seed19001_1791548306465962_pid87,19001,random,14.000000,0,nr_rlc_um,dl,/NodeList/1/DeviceList/0/NrGnbRrc/UeMap/1/DataRadioBearerMap/1/NrRlc/,-1,4,1,-1,0,0,0.000000,0,0,999999999B,,
random_seed19001_1791548306465962_pid87,19001,random,14.000000,0,nr_rlc_um,dl,/NodeList/1/DeviceList/0/NrGnbRrc/UeMap/2/DataRadioBearerMap/1/NrRlc/,1,7,2,2,0,0,0.000000,0,0,999999999B,,
random_seed19001_1791548306465962_pid87,19001,random,14.000000,0,nr_rlc_um,dl,/NodeList/1/DeviceList/0/NrGnbRrc/UeMap/3/DataRadioBearerMap/1/NrRlc/,2,8,3,1,0,0,0.000000,0,0,999999999B,,
random_seed19001_1791548306465962_pid87,19001,random,14.000000,0,nr_rlc_um,dl,/NodeList/1/DeviceList/0/NrGnbRrc/UeMap/4/DataRadioBearerMap/1/NrRlc/,3,9,4,1,0,0,0.000000,0,0,999999999B,,
random_seed19001_1791548306465962_pid87,19001,random,14.000000,0,nr_rlc_um,ul,/NodeList/4/DeviceList/0/NrUeRrc/DataRadioBearerMap/1/NrRlc/,-1,4,1,-1,0,0,0.000000,0,0,999999999B,,
random_seed19001_1791548306465962_pid87,19001,random,14.000000,0,nr_rlc_um,ul,/NodeList/7/DeviceList/0/NrUeRrc/DataRadioBearerMap/1/NrRlc/,1,7,2,2,0,0,0.000000,0,0,999999999B,,
random_seed19001_1791548306465962_pid87,19001,random,14.000000,0,nr_rlc_um,ul,/NodeList/8/DeviceList/0/NrUeRrc/DataRadioBearerMap/1/NrRlc/,2,8,3,1,0,0,0.000000,0,0,999999999B,,
random_seed19001_1791548306465962_pid87,19001,random,14.000000,0,nr_rlc_um,ul,/NodeList/9/DeviceList/0/NrUeRrc/DataRadioBearerMap/1/NrRlc/,3,9,4,1,0,0,0.000000,0,0,999999999B,,
random_seed19001_1791548306465962_pid87,19001,random,14.100000,0,p2p_device,ul,/NodeList/19/DeviceList/3,-1,0,0,-1,0,0,,0,0,600p,80000000,20.000000
random_seed19001_1791548306465962_pid87,19001,random,14.100000,0,p2p_qdisc,ul,/NodeList/19/DeviceList/3,-1,0,0,-1,0,0,,0,0,10240p,80000000,20.000000
random_seed19001_1791548306465962_pid87,19001,random,14.100000,0,p2p_device,dl,/NodeList/0/DeviceList/9,-1,0,0,-1,0,0,,0,0,600p,80000000,20.000000
random_seed19001_1791548306465962_pid87,19001,random,14.100000,0,p2p_qdisc,dl,/NodeList/0/DeviceList/9,-1,0,0,-1,0,0,,0,0,10240p,80000000,20.000000
random_seed19001_1791548306465962_pid87,19001,random,14.100000,0,nr_rlc_um,dl,/NodeList/1/DeviceList/0/NrGnbRrc/UeMap/1/DataRadioBearerMap/1/NrRlc/,-1,4,1,-1,0,0,0.000000,0,0,999999999B,,
random_seed19001_1791548306465962_pid87,19001,random,14.100000,0,nr_rlc_um,dl,/NodeList/1/DeviceList/0/NrGnbRrc/UeMap/2/DataRadioBearerMap/1/NrRlc/,1,7,2,2,0,0,0.000000,0,0,999999999B,,
random_seed19001_1791548306465962_pid87,19001,random,14.100000,0,nr_rlc_um,dl,/NodeList/1/DeviceList/0/NrGnbRrc/UeMap/3/DataRadioBearerMap/1/NrRlc/,2,8,3,1,0,0,0.000000,0,0,999999999B,,
random_seed19001_1791548306465962_pid87,19001,random,14.100000,0,nr_rlc_um,dl,/NodeList/1/DeviceList/0/NrGnbRrc/UeMap/4/DataRadioBearerMap/1/NrRlc/,3,9,4,1,0,0,0.000000,0,0,999999999B,,
random_seed19001_1791548306465962_pid87,19001,random,14.100000,0,nr_rlc_um,ul,/NodeList/4/DeviceList/0/NrUeRrc/DataRadioBearerMap/1/NrRlc/,-1,4,1,-1,0,0,0.000000,0,0,999999999B,,
random_seed19001_1791548306465962_pid87,19001,random,14.100000,0,nr_rlc_um,ul,/NodeList/7/DeviceList/0/NrUeRrc/DataRadioBearerMap/1/NrRlc/,1,7,2,2,0,0,0.000000,0,0,999999999B,,
random_seed19001_1791548306465962_pid87,19001,random,14.100000,0,nr_rlc_um,ul,/NodeList/8/DeviceList/0/NrUeRrc/DataRadioBearerMap/1/NrRlc/,2,8,3,1,0,0,0.000000,0,0,999999999B,,
random_seed19001_1791548306465962_pid87,19001,random,14.100000,0,nr_rlc_um,ul,/NodeList/9/DeviceList/0/NrUeRrc/DataRadioBearerMap/1/NrRlc/,3,9,4,1,0,0,0.000000,0,0,999999999B,,
random_seed19001_1791548306465962_pid87,19001,random,14.200000,0,p2p_device,ul,/NodeList/19/DeviceList/3,-1,0,0,-1,0,0,,0,0,600p,80000000,20.000000
random_seed19001_1791548306465962_pid87,19001,random,14.200000,0,p2p_qdisc,ul,/NodeList/19/DeviceList/3,-1,0,0,-1,0,0,,0,0,10240p,80000000,20.000000
random_seed19001_1791548306465962_pid87,19001,random,14.200000,0,p2p_device,dl,/NodeList/0/DeviceList/9,-1,0,0,-1,0,0,,0,0,600p,80000000,20.000000
random_seed19001_1791548306465962_pid87,19001,random,14.200000,0,p2p_qdisc,dl,/NodeList/0/DeviceList/9,-1,0,0,-1,0,0,,0,0,10240p,80000000,20.000000
random_seed19001_1791548306465962_pid87,19001,random,14.200000,0,nr_rlc_um,dl,/NodeList/1/DeviceList/0/NrGnbRrc/UeMap/1/DataRadioBearerMap/1/NrRlc/,-1,4,1,-1,0,0,0.000000,0,0,999999999B,,
random_seed19001_1791548306465962_pid87,19001,random,14.200000,0,nr_rlc_um,dl,/NodeList/1/DeviceList/0/NrGnbRrc/UeMap/2/DataRadioBearerMap/1/NrRlc/,1,7,2,2,0,0,0.000000,0,0,999999999B,,
random_seed19001_1791548306465962_pid87,19001,random,14.200000,0,nr_rlc_um,dl,/NodeList/1/DeviceList/0/NrGnbRrc/UeMap/3/DataRadioBearerMap/1/NrRlc/,2,8,3,1,0,0,0.000000,0,0,999999999B,,
random_seed19001_1791548306465962_pid87,19001,random,14.200000,0,nr_rlc_um,dl,/NodeList/1/DeviceList/0/NrGnbRrc/UeMap/4/DataRadioBearerMap/1/NrRlc/,3,9,4,1,0,0,0.000000,0,0,999999999B,,
random_seed19001_1791548306465962_pid87,19001,random,14.200000,0,nr_rlc_um,ul,/NodeList/4/DeviceList/0/NrUeRrc/DataRadioBearerMap/1/NrRlc/,-1,4,1,-1,0,0,0.000000,0,0,999999999B,,
random_seed19001_1791548306465962_pid87,19001,random,14.200000,0,nr_rlc_um,ul,/NodeList/7/DeviceList/0/NrUeRrc/DataRadioBearerMap/1/NrRlc/,1,7,2,2,0,0,0.000000,0,0,999999999B,,
random_seed19001_1791548306465962_pid87,19001,random,14.200000,0,nr_rlc_um,ul,/NodeList/8/DeviceList/0/NrUeRrc/DataRadioBearerMap/1/NrRlc/,2,8,3,1,0,0,0.000000,0,0,999999999B,,
random_seed19001_1791548306465962_pid87,19001,random,14.200000,0,nr_rlc_um,ul,/NodeList/9/DeviceList/0/NrUeRrc/DataRadioBearerMap/1/NrRlc/,3,9,4,1,0,0,0.000000,0,0,999999999B,,
random_seed19001_1791548306465962_pid87,19001,random,14.300000,0,p2p_device,ul,/NodeList/19/DeviceList/3,-1,0,0,-1,0,0,,0,0,600p,80000000,20.000000
random_seed19001_1791548306465962_pid87,19001,random,14.300000,0,p2p_qdisc,ul,/NodeList/19/DeviceList/3,-1,0,0,-1,0,0,,0,0,10240p,80000000,20.000000
random_seed19001_1791548306465962_pid87,19001,random,14.300000,0,p2p_device,dl,/NodeList/0/DeviceList/9,-1,0,0,-1,0,0,,0,0,600p,80000000,20.000000
random_seed19001_1791548306465962_pid87,19001,random,14.300000,0,p2p_qdisc,dl,/NodeList/0/DeviceList/9,-1,0,0,-1,0,0,,0,0,10240p,80000000,20.000000
random_seed19001_1791548306465962_pid87,19001,random,14.300000,0,nr_rlc_um,dl,/NodeList/1/DeviceList/0/NrGnbRrc/UeMap/1/DataRadioBearerMap/1/NrRlc/,-1,4,1,-1,0,0,0.000000,0,0,999999999B,,
random_seed19001_1791548306465962_pid87,19001,random,14.300000,0,nr_rlc_um,dl,/NodeList/1/DeviceList/0/NrGnbRrc/UeMap/2/DataRadioBearerMap/1/NrRlc/,1,7,2,2,0,0,0.000000,0,0,999999999B,,
random_seed19001_1791548306465962_pid87,19001,random,14.300000,0,nr_rlc_um,dl,/NodeList/1/DeviceList/0/NrGnbRrc/UeMap/3/DataRadioBearerMap/1/NrRlc/,2,8,3,1,0,0,0.000000,0,0,999999999B,,
random_seed19001_1791548306465962_pid87,19001,random,14.300000,0,nr_rlc_um,dl,/NodeList/1/DeviceList/0/NrGnbRrc/UeMap/4/DataRadioBearerMap/1/NrRlc/,3,9,4,1,0,0,0.000000,0,0,999999999B,,
random_seed19001_1791548306465962_pid87,19001,random,14.300000,0,nr_rlc_um,ul,/NodeList/4/DeviceList/0/NrUeRrc/DataRadioBearerMap/1/NrRlc/,-1,4,1,-1,0,0,0.000000,0,0,999999999B,,
random_seed19001_1791548306465962_pid87,19001,random,14.300000,0,nr_rlc_um,ul,/NodeList/7/DeviceList/0/NrUeRrc/DataRadioBearerMap/1/NrRlc/,1,7,2,2,0,0,0.000000,0,0,999999999B,,
random_seed19001_1791548306465962_pid87,19001,random,14.300000,0,nr_rlc_um,ul,/NodeList/8/DeviceList/0/NrUeRrc/DataRadioBearerMap/1/NrRlc/,2,8,3,1,0,0,0.000000,0,0,999999999B,,
random_seed19001_1791548306465962_pid87,19001,random,14.300000,0,nr_rlc_um,ul,/NodeList/9/DeviceList/0/NrUeRrc/DataRadioBearerMap/1/NrRlc/,3,9,4,1,0,0,0.000000,0,0,999999999B,,
random_seed19001_1791548306465962_pid87,19001,random,14.400000,0,p2p_device,ul,/NodeList/19/DeviceList/3,-1,0,0,-1,0,0,,0,0,600p,80000000,20.000000
random_seed19001_1791548306465962_pid87,19001,random,14.400000,0,p2p_qdisc,ul,/NodeList/19/DeviceList/3,-1,0,0,-1,0,0,,0,0,10240p,80000000,20.000000
random_seed19001_1791548306465962_pid87,19001,random,14.400000,0,p2p_device,dl,/NodeList/0/DeviceList/9,-1,0,0,-1,0,0,,0,0,600p,80000000,20.000000
random_seed19001_1791548306465962_pid87,19001,random,14.400000,0,p2p_qdisc,dl,/NodeList/0/DeviceList/9,-1,0,0,-1,0,0,,0,0,10240p,80000000,20.000000
random_seed19001_1791548306465962_pid87,19001,random,14.400000,0,nr_rlc_um,dl,/NodeList/1/DeviceList/0/NrGnbRrc/UeMap/1/DataRadioBearerMap/1/NrRlc/,-1,4,1,-1,0,0,0.000000,0,0,999999999B,,
random_seed19001_1791548306465962_pid87,19001,random,14.400000,0,nr_rlc_um,dl,/NodeList/1/DeviceList/0/NrGnbRrc/UeMap/2/DataRadioBearerMap/1/NrRlc/,1,7,2,2,0,0,0.000000,0,0,999999999B,,
random_seed19001_1791548306465962_pid87,19001,random,14.400000,0,nr_rlc_um,dl,/NodeList/1/DeviceList/0/NrGnbRrc/UeMap/3/DataRadioBearerMap/1/NrRlc/,2,8,3,1,0,0,0.000000,0,0,999999999B,,
random_seed19001_1791548306465962_pid87,19001,random,14.400000,0,nr_rlc_um,dl,/NodeList/1/DeviceList/0/NrGnbRrc/UeMap/4/DataRadioBearerMap/1/NrRlc/,3,9,4,1,0,0,0.000000,0,0,999999999B,,
random_seed19001_1791548306465962_pid87,19001,random,14.400000,0,nr_rlc_um,ul,/NodeList/4/DeviceList/0/NrUeRrc/DataRadioBearerMap/1/NrRlc/,-1,4,1,-1,0,0,0.000000,0,0,999999999B,,
random_seed19001_1791548306465962_pid87,19001,random,14.400000,0,nr_rlc_um,ul,/NodeList/7/DeviceList/0/NrUeRrc/DataRadioBearerMap/1/NrRlc/,1,7,2,2,0,0,0.000000,0,0,999999999B,,
random_seed19001_1791548306465962_pid87,19001,random,14.400000,0,nr_rlc_um,ul,/NodeList/8/DeviceList/0/NrUeRrc/DataRadioBearerMap/1/NrRlc/,2,8,3,1,0,0,0.000000,0,0,999999999B,,
random_seed19001_1791548306465962_pid87,19001,random,14.400000,0,nr_rlc_um,ul,/NodeList/9/DeviceList/0/NrUeRrc/DataRadioBearerMap/1/NrRlc/,3,9,4,1,0,0,0.000000,0,0,999999999B,,
random_seed19001_1791548306465962_pid87,19001,random,14.500000,0,p2p_device,ul,/NodeList/19/DeviceList/3,-1,0,0,-1,0,0,,0,0,600p,80000000,20.000000
random_seed19001_1791548306465962_pid87,19001,random,14.500000,0,p2p_qdisc,ul,/NodeList/19/DeviceList/3,-1,0,0,-1,0,0,,0,0,10240p,80000000,20.000000
random_seed19001_1791548306465962_pid87,19001,random,14.500000,0,p2p_device,dl,/NodeList/0/DeviceList/9,-1,0,0,-1,0,0,,0,0,600p,80000000,20.000000
random_seed19001_1791548306465962_pid87,19001,random,14.500000,0,p2p_qdisc,dl,/NodeList/0/DeviceList/9,-1,0,0,-1,0,0,,0,0,10240p,80000000,20.000000
random_seed19001_1791548306465962_pid87,19001,random,14.500000,0,nr_rlc_um,dl,/NodeList/1/DeviceList/0/NrGnbRrc/UeMap/1/DataRadioBearerMap/1/NrRlc/,-1,4,1,-1,0,0,0.000000,0,0,999999999B,,
random_seed19001_1791548306465962_pid87,19001,random,14.500000,0,nr_rlc_um,dl,/NodeList/1/DeviceList/0/NrGnbRrc/UeMap/2/DataRadioBearerMap/1/NrRlc/,1,7,2,2,0,0,0.000000,0,0,999999999B,,
random_seed19001_1791548306465962_pid87,19001,random,14.500000,0,nr_rlc_um,dl,/NodeList/1/DeviceList/0/NrGnbRrc/UeMap/3/DataRadioBearerMap/1/NrRlc/,2,8,3,1,0,0,0.000000,0,0,999999999B,,
random_seed19001_1791548306465962_pid87,19001,random,14.500000,0,nr_rlc_um,dl,/NodeList/1/DeviceList/0/NrGnbRrc/UeMap/4/DataRadioBearerMap/1/NrRlc/,3,9,4,1,0,0,0.000000,0,0,999999999B,,
random_seed19001_1791548306465962_pid87,19001,random,14.500000,0,nr_rlc_um,ul,/NodeList/4/DeviceList/0/NrUeRrc/DataRadioBearerMap/1/NrRlc/,-1,4,1,-1,0,0,0.000000,0,0,999999999B,,
random_seed19001_1791548306465962_pid87,19001,random,14.500000,0,nr_rlc_um,ul,/NodeList/7/DeviceList/0/NrUeRrc/DataRadioBearerMap/1/NrRlc/,1,7,2,2,0,0,0.000000,0,0,999999999B,,
random_seed19001_1791548306465962_pid87,19001,random,14.500000,0,nr_rlc_um,ul,/NodeList/8/DeviceList/0/NrUeRrc/DataRadioBearerMap/1/NrRlc/,2,8,3,1,0,0,0.000000,0,0,999999999B,,
random_seed19001_1791548306465962_pid87,19001,random,14.500000,0,nr_rlc_um,ul,/NodeList/9/DeviceList/0/NrUeRrc/DataRadioBearerMap/1/NrRlc/,3,9,4,1,0,0,0.000000,0,0,999999999B,,
random_seed19001_1791548306465962_pid87,19001,random,14.600000,0,p2p_device,ul,/NodeList/19/DeviceList/3,-1,0,0,-1,0,0,,0,0,600p,80000000,20.000000
random_seed19001_1791548306465962_pid87,19001,random,14.600000,0,p2p_qdisc,ul,/NodeList/19/DeviceList/3,-1,0,0,-1,0,0,,0,0,10240p,80000000,20.000000
random_seed19001_1791548306465962_pid87,19001,random,14.600000,0,p2p_device,dl,/NodeList/0/DeviceList/9,-1,0,0,-1,0,0,,0,0,600p,80000000,20.000000
random_seed19001_1791548306465962_pid87,19001,random,14.600000,0,p2p_qdisc,dl,/NodeList/0/DeviceList/9,-1,0,0,-1,0,0,,0,0,10240p,80000000,20.000000
random_seed19001_1791548306465962_pid87,19001,random,14.600000,0,nr_rlc_um,dl,/NodeList/1/DeviceList/0/NrGnbRrc/UeMap/1/DataRadioBearerMap/1/NrRlc/,-1,4,1,-1,0,0,0.000000,0,0,999999999B,,
random_seed19001_1791548306465962_pid87,19001,random,14.600000,0,nr_rlc_um,dl,/NodeList/1/DeviceList/0/NrGnbRrc/UeMap/2/DataRadioBearerMap/1/NrRlc/,1,7,2,2,0,0,0.000000,0,0,999999999B,,
random_seed19001_1791548306465962_pid87,19001,random,14.600000,0,nr_rlc_um,dl,/NodeList/1/DeviceList/0/NrGnbRrc/UeMap/3/DataRadioBearerMap/1/NrRlc/,2,8,3,1,0,0,0.000000,0,0,999999999B,,
random_seed19001_1791548306465962_pid87,19001,random,14.600000,0,nr_rlc_um,dl,/NodeList/1/DeviceList/0/NrGnbRrc/UeMap/4/DataRadioBearerMap/1/NrRlc/,3,9,4,1,0,0,0.000000,0,0,999999999B,,
random_seed19001_1791548306465962_pid87,19001,random,14.600000,0,nr_rlc_um,ul,/NodeList/4/DeviceList/0/NrUeRrc/DataRadioBearerMap/1/NrRlc/,-1,4,1,-1,0,0,0.000000,0,0,999999999B,,
random_seed19001_1791548306465962_pid87,19001,random,14.600000,0,nr_rlc_um,ul,/NodeList/7/DeviceList/0/NrUeRrc/DataRadioBearerMap/1/NrRlc/,1,7,2,2,0,0,0.000000,0,0,999999999B,,
random_seed19001_1791548306465962_pid87,19001,random,14.600000,0,nr_rlc_um,ul,/NodeList/8/DeviceList/0/NrUeRrc/DataRadioBearerMap/1/NrRlc/,2,8,3,1,0,0,0.000000,0,0,999999999B,,
random_seed19001_1791548306465962_pid87,19001,random,14.600000,0,nr_rlc_um,ul,/NodeList/9/DeviceList/0/NrUeRrc/DataRadioBearerMap/1/NrRlc/,3,9,4,1,0,0,0.000000,0,0,999999999B,,
random_seed19001_1791548306465962_pid87,19001,random,14.700000,0,p2p_device,ul,/NodeList/19/DeviceList/3,-1,0,0,-1,0,0,,0,0,600p,80000000,20.000000
random_seed19001_1791548306465962_pid87,19001,random,14.700000,0,p2p_qdisc,ul,/NodeList/19/DeviceList/3,-1,0,0,-1,0,0,,0,0,10240p,80000000,20.000000
random_seed19001_1791548306465962_pid87,19001,random,14.700000,0,p2p_device,dl,/NodeList/0/DeviceList/9,-1,0,0,-1,0,0,,0,0,600p,80000000,20.000000
random_seed19001_1791548306465962_pid87,19001,random,14.700000,0,p2p_qdisc,dl,/NodeList/0/DeviceList/9,-1,0,0,-1,0,0,,0,0,10240p,80000000,20.000000
random_seed19001_1791548306465962_pid87,19001,random,14.700000,0,nr_rlc_um,dl,/NodeList/1/DeviceList/0/NrGnbRrc/UeMap/1/DataRadioBearerMap/1/NrRlc/,-1,4,1,-1,0,0,0.000000,0,0,999999999B,,
random_seed19001_1791548306465962_pid87,19001,random,14.700000,0,nr_rlc_um,dl,/NodeList/1/DeviceList/0/NrGnbRrc/UeMap/2/DataRadioBearerMap/1/NrRlc/,1,7,2,2,0,0,0.000000,0,0,999999999B,,
random_seed19001_1791548306465962_pid87,19001,random,14.700000,0,nr_rlc_um,dl,/NodeList/1/DeviceList/0/NrGnbRrc/UeMap/3/DataRadioBearerMap/1/NrRlc/,2,8,3,1,0,0,0.000000,0,0,999999999B,,
random_seed19001_1791548306465962_pid87,19001,random,14.700000,0,nr_rlc_um,dl,/NodeList/1/DeviceList/0/NrGnbRrc/UeMap/4/DataRadioBearerMap/1/NrRlc/,3,9,4,1,0,0,0.000000,0,0,999999999B,,
random_seed19001_1791548306465962_pid87,19001,random,14.700000,0,nr_rlc_um,ul,/NodeList/4/DeviceList/0/NrUeRrc/DataRadioBearerMap/1/NrRlc/,-1,4,1,-1,0,0,0.000000,0,0,999999999B,,
random_seed19001_1791548306465962_pid87,19001,random,14.700000,0,nr_rlc_um,ul,/NodeList/7/DeviceList/0/NrUeRrc/DataRadioBearerMap/1/NrRlc/,1,7,2,2,0,0,0.000000,0,0,999999999B,,
random_seed19001_1791548306465962_pid87,19001,random,14.700000,0,nr_rlc_um,ul,/NodeList/8/DeviceList/0/NrUeRrc/DataRadioBearerMap/1/NrRlc/,2,8,3,1,0,0,0.000000,0,0,999999999B,,
random_seed19001_1791548306465962_pid87,19001,random,14.700000,0,nr_rlc_um,ul,/NodeList/9/DeviceList/0/NrUeRrc/DataRadioBearerMap/1/NrRlc/,3,9,4,1,0,0,0.000000,0,0,999999999B,,
random_seed19001_1791548306465962_pid87,19001,random,14.800000,0,p2p_device,ul,/NodeList/19/DeviceList/3,-1,0,0,-1,0,0,,0,0,600p,80000000,20.000000
random_seed19001_1791548306465962_pid87,19001,random,14.800000,0,p2p_qdisc,ul,/NodeList/19/DeviceList/3,-1,0,0,-1,0,0,,0,0,10240p,80000000,20.000000
random_seed19001_1791548306465962_pid87,19001,random,14.800000,0,p2p_device,dl,/NodeList/0/DeviceList/9,-1,0,0,-1,0,0,,0,0,600p,80000000,20.000000
random_seed19001_1791548306465962_pid87,19001,random,14.800000,0,p2p_qdisc,dl,/NodeList/0/DeviceList/9,-1,0,0,-1,0,0,,0,0,10240p,80000000,20.000000
random_seed19001_1791548306465962_pid87,19001,random,14.800000,0,nr_rlc_um,dl,/NodeList/1/DeviceList/0/NrGnbRrc/UeMap/1/DataRadioBearerMap/1/NrRlc/,-1,4,1,-1,0,0,0.000000,0,0,999999999B,,
random_seed19001_1791548306465962_pid87,19001,random,14.800000,0,nr_rlc_um,dl,/NodeList/1/DeviceList/0/NrGnbRrc/UeMap/2/DataRadioBearerMap/1/NrRlc/,1,7,2,2,0,0,0.000000,0,0,999999999B,,
random_seed19001_1791548306465962_pid87,19001,random,14.800000,0,nr_rlc_um,dl,/NodeList/1/DeviceList/0/NrGnbRrc/UeMap/3/DataRadioBearerMap/1/NrRlc/,2,8,3,1,0,0,0.000000,0,0,999999999B,,
random_seed19001_1791548306465962_pid87,19001,random,14.800000,0,nr_rlc_um,dl,/NodeList/1/DeviceList/0/NrGnbRrc/UeMap/4/DataRadioBearerMap/1/NrRlc/,3,9,4,1,0,0,0.000000,0,0,999999999B,,
random_seed19001_1791548306465962_pid87,19001,random,14.800000,0,nr_rlc_um,ul,/NodeList/4/DeviceList/0/NrUeRrc/DataRadioBearerMap/1/NrRlc/,-1,4,1,-1,0,0,0.000000,0,0,999999999B,,
random_seed19001_1791548306465962_pid87,19001,random,14.800000,0,nr_rlc_um,ul,/NodeList/7/DeviceList/0/NrUeRrc/DataRadioBearerMap/1/NrRlc/,1,7,2,2,0,0,0.000000,0,0,999999999B,,
random_seed19001_1791548306465962_pid87,19001,random,14.800000,0,nr_rlc_um,ul,/NodeList/8/DeviceList/0/NrUeRrc/DataRadioBearerMap/1/NrRlc/,2,8,3,1,0,0,0.000000,0,0,999999999B,,
random_seed19001_1791548306465962_pid87,19001,random,14.800000,0,nr_rlc_um,ul,/NodeList/9/DeviceList/0/NrUeRrc/DataRadioBearerMap/1/NrRlc/,3,9,4,1,0,0,0.000000,0,0,999999999B,,
random_seed19001_1791548306465962_pid87,19001,random,14.900000,0,p2p_device,ul,/NodeList/19/DeviceList/3,-1,0,0,-1,0,0,,0,0,600p,80000000,20.000000
random_seed19001_1791548306465962_pid87,19001,random,14.900000,0,p2p_qdisc,ul,/NodeList/19/DeviceList/3,-1,0,0,-1,0,0,,0,0,10240p,80000000,20.000000
random_seed19001_1791548306465962_pid87,19001,random,14.900000,0,p2p_device,dl,/NodeList/0/DeviceList/9,-1,0,0,-1,0,0,,0,0,600p,80000000,20.000000
random_seed19001_1791548306465962_pid87,19001,random,14.900000,0,p2p_qdisc,dl,/NodeList/0/DeviceList/9,-1,0,0,-1,0,0,,0,0,10240p,80000000,20.000000
random_seed19001_1791548306465962_pid87,19001,random,14.900000,0,nr_rlc_um,dl,/NodeList/1/DeviceList/0/NrGnbRrc/UeMap/1/DataRadioBearerMap/1/NrRlc/,-1,4,1,-1,0,0,0.000000,0,0,999999999B,,
random_seed19001_1791548306465962_pid87,19001,random,14.900000,0,nr_rlc_um,dl,/NodeList/1/DeviceList/0/NrGnbRrc/UeMap/2/DataRadioBearerMap/1/NrRlc/,1,7,2,2,0,0,0.000000,0,0,999999999B,,
random_seed19001_1791548306465962_pid87,19001,random,14.900000,0,nr_rlc_um,dl,/NodeList/1/DeviceList/0/NrGnbRrc/UeMap/3/DataRadioBearerMap/1/NrRlc/,2,8,3,1,0,0,0.000000,0,0,999999999B,,
random_seed19001_1791548306465962_pid87,19001,random,14.900000,0,nr_rlc_um,dl,/NodeList/1/DeviceList/0/NrGnbRrc/UeMap/4/DataRadioBearerMap/1/NrRlc/,3,9,4,1,0,0,0.000000,0,0,999999999B,,
random_seed19001_1791548306465962_pid87,19001,random,14.900000,0,nr_rlc_um,ul,/NodeList/4/DeviceList/0/NrUeRrc/DataRadioBearerMap/1/NrRlc/,-1,4,1,-1,0,0,0.000000,0,0,999999999B,,
random_seed19001_1791548306465962_pid87,19001,random,14.900000,0,nr_rlc_um,ul,/NodeList/7/DeviceList/0/NrUeRrc/DataRadioBearerMap/1/NrRlc/,1,7,2,2,0,0,0.000000,0,0,999999999B,,
random_seed19001_1791548306465962_pid87,19001,random,14.900000,0,nr_rlc_um,ul,/NodeList/8/DeviceList/0/NrUeRrc/DataRadioBearerMap/1/NrRlc/,2,8,3,1,0,0,0.000000,0,0,999999999B,,
random_seed19001_1791548306465962_pid87,19001,random,14.900000,0,nr_rlc_um,ul,/NodeList/9/DeviceList/0/NrUeRrc/DataRadioBearerMap/1/NrRlc/,3,9,4,1,0,0,0.000000,0,0,999999999B,,
random_seed19001_1791548306465962_pid87,19001,random,15.000000,0,p2p_device,ul,/NodeList/19/DeviceList/3,-1,0,0,-1,0,0,,0,0,600p,80000000,20.000000
random_seed19001_1791548306465962_pid87,19001,random,15.000000,0,p2p_qdisc,ul,/NodeList/19/DeviceList/3,-1,0,0,-1,0,0,,0,0,10240p,80000000,20.000000
random_seed19001_1791548306465962_pid87,19001,random,15.000000,0,p2p_device,dl,/NodeList/0/DeviceList/9,-1,0,0,-1,0,0,,0,0,600p,80000000,20.000000
random_seed19001_1791548306465962_pid87,19001,random,15.000000,0,p2p_qdisc,dl,/NodeList/0/DeviceList/9,-1,0,0,-1,0,0,,0,0,10240p,80000000,20.000000
random_seed19001_1791548306465962_pid87,19001,random,15.000000,0,nr_rlc_um,dl,/NodeList/1/DeviceList/0/NrGnbRrc/UeMap/1/DataRadioBearerMap/1/NrRlc/,-1,4,1,-1,0,0,0.000000,0,0,999999999B,,
random_seed19001_1791548306465962_pid87,19001,random,15.000000,0,nr_rlc_um,dl,/NodeList/1/DeviceList/0/NrGnbRrc/UeMap/2/DataRadioBearerMap/1/NrRlc/,1,7,2,2,0,0,0.000000,0,0,999999999B,,
random_seed19001_1791548306465962_pid87,19001,random,15.000000,0,nr_rlc_um,dl,/NodeList/1/DeviceList/0/NrGnbRrc/UeMap/3/DataRadioBearerMap/1/NrRlc/,2,8,3,1,0,0,0.000000,0,0,999999999B,,
random_seed19001_1791548306465962_pid87,19001,random,15.000000,0,nr_rlc_um,dl,/NodeList/1/DeviceList/0/NrGnbRrc/UeMap/4/DataRadioBearerMap/1/NrRlc/,3,9,4,1,0,0,0.000000,0,0,999999999B,,
random_seed19001_1791548306465962_pid87,19001,random,15.000000,0,nr_rlc_um,ul,/NodeList/4/DeviceList/0/NrUeRrc/DataRadioBearerMap/1/NrRlc/,-1,4,1,-1,0,0,0.000000,0,0,999999999B,,
random_seed19001_1791548306465962_pid87,19001,random,15.000000,0,nr_rlc_um,ul,/NodeList/7/DeviceList/0/NrUeRrc/DataRadioBearerMap/1/NrRlc/,1,7,2,2,0,0,0.000000,0,0,999999999B,,
random_seed19001_1791548306465962_pid87,19001,random,15.000000,0,nr_rlc_um,ul,/NodeList/8/DeviceList/0/NrUeRrc/DataRadioBearerMap/1/NrRlc/,2,8,3,1,0,0,0.000000,0,0,999999999B,,
random_seed19001_1791548306465962_pid87,19001,random,15.000000,0,nr_rlc_um,ul,/NodeList/9/DeviceList/0/NrUeRrc/DataRadioBearerMap/1/NrRlc/,3,9,4,1,0,0,0.000000,0,0,999999999B,,
random_seed19001_1791548306465962_pid87,19001,random,15.100000,0,p2p_device,ul,/NodeList/19/DeviceList/3,-1,0,0,-1,0,0,,0,0,600p,80000000,20.000000
random_seed19001_1791548306465962_pid87,19001,random,15.100000,0,p2p_qdisc,ul,/NodeList/19/DeviceList/3,-1,0,0,-1,0,0,,0,0,10240p,80000000,20.000000
random_seed19001_1791548306465962_pid87,19001,random,15.100000,0,p2p_device,dl,/NodeList/0/DeviceList/9,-1,0,0,-1,0,0,,0,0,600p,80000000,20.000000
random_seed19001_1791548306465962_pid87,19001,random,15.100000,0,p2p_qdisc,dl,/NodeList/0/DeviceList/9,-1,0,0,-1,0,0,,0,0,10240p,80000000,20.000000
random_seed19001_1791548306465962_pid87,19001,random,15.100000,0,nr_rlc_um,dl,/NodeList/1/DeviceList/0/NrGnbRrc/UeMap/1/DataRadioBearerMap/1/NrRlc/,-1,4,1,-1,0,0,0.000000,0,0,999999999B,,
random_seed19001_1791548306465962_pid87,19001,random,15.100000,0,nr_rlc_um,dl,/NodeList/1/DeviceList/0/NrGnbRrc/UeMap/2/DataRadioBearerMap/1/NrRlc/,1,7,2,2,0,0,0.000000,0,0,999999999B,,
random_seed19001_1791548306465962_pid87,19001,random,15.100000,0,nr_rlc_um,dl,/NodeList/1/DeviceList/0/NrGnbRrc/UeMap/3/DataRadioBearerMap/1/NrRlc/,2,8,3,1,0,0,0.000000,0,0,999999999B,,
random_seed19001_1791548306465962_pid87,19001,random,15.100000,0,nr_rlc_um,dl,/NodeList/1/DeviceList/0/NrGnbRrc/UeMap/4/DataRadioBearerMap/1/NrRlc/,3,9,4,1,0,0,0.000000,0,0,999999999B,,
random_seed19001_1791548306465962_pid87,19001,random,15.100000,0,nr_rlc_um,ul,/NodeList/4/DeviceList/0/NrUeRrc/DataRadioBearerMap/1/NrRlc/,-1,4,1,-1,0,0,0.000000,0,0,999999999B,,
random_seed19001_1791548306465962_pid87,19001,random,15.100000,0,nr_rlc_um,ul,/NodeList/7/DeviceList/0/NrUeRrc/DataRadioBearerMap/1/NrRlc/,1,7,2,2,0,0,0.000000,0,0,999999999B,,
random_seed19001_1791548306465962_pid87,19001,random,15.100000,0,nr_rlc_um,ul,/NodeList/8/DeviceList/0/NrUeRrc/DataRadioBearerMap/1/NrRlc/,2,8,3,1,0,0,0.000000,0,0,999999999B,,
random_seed19001_1791548306465962_pid87,19001,random,15.100000,0,nr_rlc_um,ul,/NodeList/9/DeviceList/0/NrUeRrc/DataRadioBearerMap/1/NrRlc/,3,9,4,1,0,0,0.000000,0,0,999999999B,,
random_seed19001_1791548306465962_pid87,19001,random,15.200000,0,p2p_device,ul,/NodeList/19/DeviceList/3,-1,0,0,-1,0,0,,0,0,600p,80000000,20.000000
random_seed19001_1791548306465962_pid87,19001,random,15.200000,0,p2p_qdisc,ul,/NodeList/19/DeviceList/3,-1,0,0,-1,0,0,,0,0,10240p,80000000,20.000000
random_seed19001_1791548306465962_pid87,19001,random,15.200000,0,p2p_device,dl,/NodeList/0/DeviceList/9,-1,0,0,-1,0,0,,0,0,600p,80000000,20.000000
random_seed19001_1791548306465962_pid87,19001,random,15.200000,0,p2p_qdisc,dl,/NodeList/0/DeviceList/9,-1,0,0,-1,0,0,,0,0,10240p,80000000,20.000000
random_seed19001_1791548306465962_pid87,19001,random,15.200000,0,nr_rlc_um,dl,/NodeList/1/DeviceList/0/NrGnbRrc/UeMap/1/DataRadioBearerMap/1/NrRlc/,-1,4,1,-1,0,0,0.000000,0,0,999999999B,,
random_seed19001_1791548306465962_pid87,19001,random,15.200000,0,nr_rlc_um,dl,/NodeList/1/DeviceList/0/NrGnbRrc/UeMap/2/DataRadioBearerMap/1/NrRlc/,1,7,2,2,0,0,0.000000,0,0,999999999B,,
random_seed19001_1791548306465962_pid87,19001,random,15.200000,0,nr_rlc_um,dl,/NodeList/1/DeviceList/0/NrGnbRrc/UeMap/3/DataRadioBearerMap/1/NrRlc/,2,8,3,1,0,0,0.000000,0,0,999999999B,,
random_seed19001_1791548306465962_pid87,19001,random,15.200000,0,nr_rlc_um,dl,/NodeList/1/DeviceList/0/NrGnbRrc/UeMap/4/DataRadioBearerMap/1/NrRlc/,3,9,4,1,0,0,0.000000,0,0,999999999B,,
random_seed19001_1791548306465962_pid87,19001,random,15.200000,0,nr_rlc_um,ul,/NodeList/4/DeviceList/0/NrUeRrc/DataRadioBearerMap/1/NrRlc/,-1,4,1,-1,0,0,0.000000,0,0,999999999B,,
random_seed19001_1791548306465962_pid87,19001,random,15.200000,0,nr_rlc_um,ul,/NodeList/7/DeviceList/0/NrUeRrc/DataRadioBearerMap/1/NrRlc/,1,7,2,2,0,0,0.000000,0,0,999999999B,,
random_seed19001_1791548306465962_pid87,19001,random,15.200000,0,nr_rlc_um,ul,/NodeList/8/DeviceList/0/NrUeRrc/DataRadioBearerMap/1/NrRlc/,2,8,3,1,0,0,0.000000,0,0,999999999B,,
random_seed19001_1791548306465962_pid87,19001,random,15.200000,0,nr_rlc_um,ul,/NodeList/9/DeviceList/0/NrUeRrc/DataRadioBearerMap/1/NrRlc/,3,9,4,1,0,0,0.000000,0,0,999999999B,,
random_seed19001_1791548306465962_pid87,19001,random,15.300000,0,p2p_device,ul,/NodeList/19/DeviceList/3,-1,0,0,-1,0,0,,0,0,600p,80000000,20.000000
random_seed19001_1791548306465962_pid87,19001,random,15.300000,0,p2p_qdisc,ul,/NodeList/19/DeviceList/3,-1,0,0,-1,0,0,,0,0,10240p,80000000,20.000000
random_seed19001_1791548306465962_pid87,19001,random,15.300000,0,p2p_device,dl,/NodeList/0/DeviceList/9,-1,0,0,-1,0,0,,0,0,600p,80000000,20.000000
random_seed19001_1791548306465962_pid87,19001,random,15.300000,0,p2p_qdisc,dl,/NodeList/0/DeviceList/9,-1,0,0,-1,0,0,,0,0,10240p,80000000,20.000000
random_seed19001_1791548306465962_pid87,19001,random,15.300000,0,nr_rlc_um,dl,/NodeList/1/DeviceList/0/NrGnbRrc/UeMap/1/DataRadioBearerMap/1/NrRlc/,-1,4,1,-1,0,0,0.000000,0,0,999999999B,,
random_seed19001_1791548306465962_pid87,19001,random,15.300000,0,nr_rlc_um,dl,/NodeList/1/DeviceList/0/NrGnbRrc/UeMap/2/DataRadioBearerMap/1/NrRlc/,1,7,2,2,0,0,0.000000,0,0,999999999B,,
random_seed19001_1791548306465962_pid87,19001,random,15.300000,0,nr_rlc_um,dl,/NodeList/1/DeviceList/0/NrGnbRrc/UeMap/3/DataRadioBearerMap/1/NrRlc/,2,8,3,1,0,0,0.000000,0,0,999999999B,,
random_seed19001_1791548306465962_pid87,19001,random,15.300000,0,nr_rlc_um,dl,/NodeList/1/DeviceList/0/NrGnbRrc/UeMap/4/DataRadioBearerMap/1/NrRlc/,3,9,4,1,0,0,0.000000,0,0,999999999B,,
random_seed19001_1791548306465962_pid87,19001,random,15.300000,0,nr_rlc_um,ul,/NodeList/4/DeviceList/0/NrUeRrc/DataRadioBearerMap/1/NrRlc/,-1,4,1,-1,0,0,0.000000,0,0,999999999B,,
random_seed19001_1791548306465962_pid87,19001,random,15.300000,0,nr_rlc_um,ul,/NodeList/7/DeviceList/0/NrUeRrc/DataRadioBearerMap/1/NrRlc/,1,7,2,2,0,0,0.000000,0,0,999999999B,,
random_seed19001_1791548306465962_pid87,19001,random,15.300000,0,nr_rlc_um,ul,/NodeList/8/DeviceList/0/NrUeRrc/DataRadioBearerMap/1/NrRlc/,2,8,3,1,0,0,0.000000,0,0,999999999B,,
random_seed19001_1791548306465962_pid87,19001,random,15.300000,0,nr_rlc_um,ul,/NodeList/9/DeviceList/0/NrUeRrc/DataRadioBearerMap/1/NrRlc/,3,9,4,1,0,0,0.000000,0,0,999999999B,,
random_seed19001_1791548306465962_pid87,19001,random,15.400000,0,p2p_device,ul,/NodeList/19/DeviceList/3,-1,0,0,-1,0,0,,0,0,600p,80000000,20.000000
random_seed19001_1791548306465962_pid87,19001,random,15.400000,0,p2p_qdisc,ul,/NodeList/19/DeviceList/3,-1,0,0,-1,0,0,,0,0,10240p,80000000,20.000000
random_seed19001_1791548306465962_pid87,19001,random,15.400000,0,p2p_device,dl,/NodeList/0/DeviceList/9,-1,0,0,-1,0,0,,0,0,600p,80000000,20.000000
random_seed19001_1791548306465962_pid87,19001,random,15.400000,0,p2p_qdisc,dl,/NodeList/0/DeviceList/9,-1,0,0,-1,0,0,,0,0,10240p,80000000,20.000000
random_seed19001_1791548306465962_pid87,19001,random,15.400000,0,nr_rlc_um,dl,/NodeList/1/DeviceList/0/NrGnbRrc/UeMap/1/DataRadioBearerMap/1/NrRlc/,-1,4,1,-1,0,0,0.000000,0,0,999999999B,,
random_seed19001_1791548306465962_pid87,19001,random,15.400000,0,nr_rlc_um,dl,/NodeList/1/DeviceList/0/NrGnbRrc/UeMap/2/DataRadioBearerMap/1/NrRlc/,1,7,2,2,0,0,0.000000,0,0,999999999B,,
random_seed19001_1791548306465962_pid87,19001,random,15.400000,0,nr_rlc_um,dl,/NodeList/1/DeviceList/0/NrGnbRrc/UeMap/3/DataRadioBearerMap/1/NrRlc/,2,8,3,1,0,0,0.000000,0,0,999999999B,,
random_seed19001_1791548306465962_pid87,19001,random,15.400000,0,nr_rlc_um,dl,/NodeList/1/DeviceList/0/NrGnbRrc/UeMap/4/DataRadioBearerMap/1/NrRlc/,3,9,4,1,0,0,0.000000,0,0,999999999B,,
random_seed19001_1791548306465962_pid87,19001,random,15.400000,0,nr_rlc_um,ul,/NodeList/4/DeviceList/0/NrUeRrc/DataRadioBearerMap/1/NrRlc/,-1,4,1,-1,0,0,0.000000,0,0,999999999B,,
random_seed19001_1791548306465962_pid87,19001,random,15.400000,0,nr_rlc_um,ul,/NodeList/7/DeviceList/0/NrUeRrc/DataRadioBearerMap/1/NrRlc/,1,7,2,2,0,0,0.000000,0,0,999999999B,,
random_seed19001_1791548306465962_pid87,19001,random,15.400000,0,nr_rlc_um,ul,/NodeList/8/DeviceList/0/NrUeRrc/DataRadioBearerMap/1/NrRlc/,2,8,3,1,0,0,0.000000,0,0,999999999B,,
random_seed19001_1791548306465962_pid87,19001,random,15.400000,0,nr_rlc_um,ul,/NodeList/9/DeviceList/0/NrUeRrc/DataRadioBearerMap/1/NrRlc/,3,9,4,1,0,0,0.000000,0,0,999999999B,,
random_seed19001_1791548306465962_pid87,19001,random,15.500000,0,p2p_device,ul,/NodeList/19/DeviceList/3,-1,0,0,-1,0,0,,0,0,600p,80000000,20.000000
random_seed19001_1791548306465962_pid87,19001,random,15.500000,0,p2p_qdisc,ul,/NodeList/19/DeviceList/3,-1,0,0,-1,0,0,,0,0,10240p,80000000,20.000000
random_seed19001_1791548306465962_pid87,19001,random,15.500000,0,p2p_device,dl,/NodeList/0/DeviceList/9,-1,0,0,-1,0,0,,0,0,600p,80000000,20.000000
random_seed19001_1791548306465962_pid87,19001,random,15.500000,0,p2p_qdisc,dl,/NodeList/0/DeviceList/9,-1,0,0,-1,0,0,,0,0,10240p,80000000,20.000000
random_seed19001_1791548306465962_pid87,19001,random,15.500000,0,nr_rlc_um,dl,/NodeList/1/DeviceList/0/NrGnbRrc/UeMap/1/DataRadioBearerMap/1/NrRlc/,-1,4,1,-1,0,0,0.000000,0,0,999999999B,,
random_seed19001_1791548306465962_pid87,19001,random,15.500000,0,nr_rlc_um,dl,/NodeList/1/DeviceList/0/NrGnbRrc/UeMap/2/DataRadioBearerMap/1/NrRlc/,1,7,2,2,0,0,0.000000,0,0,999999999B,,
random_seed19001_1791548306465962_pid87,19001,random,15.500000,0,nr_rlc_um,dl,/NodeList/1/DeviceList/0/NrGnbRrc/UeMap/3/DataRadioBearerMap/1/NrRlc/,2,8,3,1,0,0,0.000000,0,0,999999999B,,
random_seed19001_1791548306465962_pid87,19001,random,15.500000,0,nr_rlc_um,dl,/NodeList/1/DeviceList/0/NrGnbRrc/UeMap/4/DataRadioBearerMap/1/NrRlc/,3,9,4,1,0,0,0.000000,0,0,999999999B,,
random_seed19001_1791548306465962_pid87,19001,random,15.500000,0,nr_rlc_um,ul,/NodeList/4/DeviceList/0/NrUeRrc/DataRadioBearerMap/1/NrRlc/,-1,4,1,-1,0,0,0.000000,0,0,999999999B,,
random_seed19001_1791548306465962_pid87,19001,random,15.500000,0,nr_rlc_um,ul,/NodeList/7/DeviceList/0/NrUeRrc/DataRadioBearerMap/1/NrRlc/,1,7,2,2,0,0,0.000000,0,0,999999999B,,
random_seed19001_1791548306465962_pid87,19001,random,15.500000,0,nr_rlc_um,ul,/NodeList/8/DeviceList/0/NrUeRrc/DataRadioBearerMap/1/NrRlc/,2,8,3,1,0,0,0.000000,0,0,999999999B,,
random_seed19001_1791548306465962_pid87,19001,random,15.500000,0,nr_rlc_um,ul,/NodeList/9/DeviceList/0/NrUeRrc/DataRadioBearerMap/1/NrRlc/,3,9,4,1,0,0,0.000000,0,0,999999999B,,
random_seed19001_1791548306465962_pid87,19001,random,15.600000,0,p2p_device,ul,/NodeList/19/DeviceList/3,-1,0,0,-1,0,0,,0,0,600p,80000000,20.000000
random_seed19001_1791548306465962_pid87,19001,random,15.600000,0,p2p_qdisc,ul,/NodeList/19/DeviceList/3,-1,0,0,-1,0,0,,0,0,10240p,80000000,20.000000
random_seed19001_1791548306465962_pid87,19001,random,15.600000,0,p2p_device,dl,/NodeList/0/DeviceList/9,-1,0,0,-1,0,0,,0,0,600p,80000000,20.000000
random_seed19001_1791548306465962_pid87,19001,random,15.600000,0,p2p_qdisc,dl,/NodeList/0/DeviceList/9,-1,0,0,-1,0,0,,0,0,10240p,80000000,20.000000
random_seed19001_1791548306465962_pid87,19001,random,15.600000,0,nr_rlc_um,dl,/NodeList/1/DeviceList/0/NrGnbRrc/UeMap/1/DataRadioBearerMap/1/NrRlc/,-1,4,1,-1,0,0,0.000000,0,0,999999999B,,
random_seed19001_1791548306465962_pid87,19001,random,15.600000,0,nr_rlc_um,dl,/NodeList/1/DeviceList/0/NrGnbRrc/UeMap/2/DataRadioBearerMap/1/NrRlc/,1,7,2,2,0,0,0.000000,0,0,999999999B,,
random_seed19001_1791548306465962_pid87,19001,random,15.600000,0,nr_rlc_um,dl,/NodeList/1/DeviceList/0/NrGnbRrc/UeMap/3/DataRadioBearerMap/1/NrRlc/,2,8,3,1,0,0,0.000000,0,0,999999999B,,
random_seed19001_1791548306465962_pid87,19001,random,15.600000,0,nr_rlc_um,dl,/NodeList/1/DeviceList/0/NrGnbRrc/UeMap/4/DataRadioBearerMap/1/NrRlc/,3,9,4,1,0,0,0.000000,0,0,999999999B,,
random_seed19001_1791548306465962_pid87,19001,random,15.600000,0,nr_rlc_um,ul,/NodeList/4/DeviceList/0/NrUeRrc/DataRadioBearerMap/1/NrRlc/,-1,4,1,-1,0,0,0.000000,0,0,999999999B,,
random_seed19001_1791548306465962_pid87,19001,random,15.600000,0,nr_rlc_um,ul,/NodeList/7/DeviceList/0/NrUeRrc/DataRadioBearerMap/1/NrRlc/,1,7,2,2,0,0,0.000000,0,0,999999999B,,
random_seed19001_1791548306465962_pid87,19001,random,15.600000,0,nr_rlc_um,ul,/NodeList/8/DeviceList/0/NrUeRrc/DataRadioBearerMap/1/NrRlc/,2,8,3,1,0,0,0.000000,0,0,999999999B,,
random_seed19001_1791548306465962_pid87,19001,random,15.600000,0,nr_rlc_um,ul,/NodeList/9/DeviceList/0/NrUeRrc/DataRadioBearerMap/1/NrRlc/,3,9,4,1,0,0,0.000000,0,0,999999999B,,
random_seed19001_1791548306465962_pid87,19001,random,15.700000,0,p2p_device,ul,/NodeList/19/DeviceList/3,-1,0,0,-1,0,0,,0,0,600p,80000000,20.000000
random_seed19001_1791548306465962_pid87,19001,random,15.700000,0,p2p_qdisc,ul,/NodeList/19/DeviceList/3,-1,0,0,-1,0,0,,0,0,10240p,80000000,20.000000
random_seed19001_1791548306465962_pid87,19001,random,15.700000,0,p2p_device,dl,/NodeList/0/DeviceList/9,-1,0,0,-1,0,0,,0,0,600p,80000000,20.000000
random_seed19001_1791548306465962_pid87,19001,random,15.700000,0,p2p_qdisc,dl,/NodeList/0/DeviceList/9,-1,0,0,-1,0,0,,0,0,10240p,80000000,20.000000
random_seed19001_1791548306465962_pid87,19001,random,15.700000,0,nr_rlc_um,dl,/NodeList/1/DeviceList/0/NrGnbRrc/UeMap/1/DataRadioBearerMap/1/NrRlc/,-1,4,1,-1,0,0,0.000000,0,0,999999999B,,
random_seed19001_1791548306465962_pid87,19001,random,15.700000,0,nr_rlc_um,dl,/NodeList/1/DeviceList/0/NrGnbRrc/UeMap/2/DataRadioBearerMap/1/NrRlc/,1,7,2,2,0,0,0.000000,0,0,999999999B,,
random_seed19001_1791548306465962_pid87,19001,random,15.700000,0,nr_rlc_um,dl,/NodeList/1/DeviceList/0/NrGnbRrc/UeMap/3/DataRadioBearerMap/1/NrRlc/,2,8,3,1,0,0,0.000000,0,0,999999999B,,
random_seed19001_1791548306465962_pid87,19001,random,15.700000,0,nr_rlc_um,dl,/NodeList/1/DeviceList/0/NrGnbRrc/UeMap/4/DataRadioBearerMap/1/NrRlc/,3,9,4,1,0,0,0.000000,0,0,999999999B,,
random_seed19001_1791548306465962_pid87,19001,random,15.700000,0,nr_rlc_um,ul,/NodeList/4/DeviceList/0/NrUeRrc/DataRadioBearerMap/1/NrRlc/,-1,4,1,-1,0,0,0.000000,0,0,999999999B,,
random_seed19001_1791548306465962_pid87,19001,random,15.700000,0,nr_rlc_um,ul,/NodeList/7/DeviceList/0/NrUeRrc/DataRadioBearerMap/1/NrRlc/,1,7,2,2,0,0,0.000000,0,0,999999999B,,
random_seed19001_1791548306465962_pid87,19001,random,15.700000,0,nr_rlc_um,ul,/NodeList/8/DeviceList/0/NrUeRrc/DataRadioBearerMap/1/NrRlc/,2,8,3,1,0,0,0.000000,0,0,999999999B,,
random_seed19001_1791548306465962_pid87,19001,random,15.700000,0,nr_rlc_um,ul,/NodeList/9/DeviceList/0/NrUeRrc/DataRadioBearerMap/1/NrRlc/,3,9,4,1,0,0,0.000000,0,0,999999999B,,
random_seed19001_1791548306465962_pid87,19001,random,15.800000,0,p2p_device,ul,/NodeList/19/DeviceList/3,-1,0,0,-1,0,0,,0,0,600p,80000000,20.000000
random_seed19001_1791548306465962_pid87,19001,random,15.800000,0,p2p_qdisc,ul,/NodeList/19/DeviceList/3,-1,0,0,-1,0,0,,0,0,10240p,80000000,20.000000
random_seed19001_1791548306465962_pid87,19001,random,15.800000,0,p2p_device,dl,/NodeList/0/DeviceList/9,-1,0,0,-1,0,0,,0,0,600p,80000000,20.000000
random_seed19001_1791548306465962_pid87,19001,random,15.800000,0,p2p_qdisc,dl,/NodeList/0/DeviceList/9,-1,0,0,-1,0,0,,0,0,10240p,80000000,20.000000
random_seed19001_1791548306465962_pid87,19001,random,15.800000,0,nr_rlc_um,dl,/NodeList/1/DeviceList/0/NrGnbRrc/UeMap/1/DataRadioBearerMap/1/NrRlc/,-1,4,1,-1,0,0,0.000000,0,0,999999999B,,
random_seed19001_1791548306465962_pid87,19001,random,15.800000,0,nr_rlc_um,dl,/NodeList/1/DeviceList/0/NrGnbRrc/UeMap/2/DataRadioBearerMap/1/NrRlc/,1,7,2,2,0,0,0.000000,0,0,999999999B,,
random_seed19001_1791548306465962_pid87,19001,random,15.800000,0,nr_rlc_um,dl,/NodeList/1/DeviceList/0/NrGnbRrc/UeMap/3/DataRadioBearerMap/1/NrRlc/,2,8,3,1,0,0,0.000000,0,0,999999999B,,
random_seed19001_1791548306465962_pid87,19001,random,15.800000,0,nr_rlc_um,dl,/NodeList/1/DeviceList/0/NrGnbRrc/UeMap/4/DataRadioBearerMap/1/NrRlc/,3,9,4,1,0,0,0.000000,0,0,999999999B,,
random_seed19001_1791548306465962_pid87,19001,random,15.800000,0,nr_rlc_um,ul,/NodeList/4/DeviceList/0/NrUeRrc/DataRadioBearerMap/1/NrRlc/,-1,4,1,-1,0,0,0.000000,0,0,999999999B,,
random_seed19001_1791548306465962_pid87,19001,random,15.800000,0,nr_rlc_um,ul,/NodeList/7/DeviceList/0/NrUeRrc/DataRadioBearerMap/1/NrRlc/,1,7,2,2,0,0,0.000000,0,0,999999999B,,
random_seed19001_1791548306465962_pid87,19001,random,15.800000,0,nr_rlc_um,ul,/NodeList/8/DeviceList/0/NrUeRrc/DataRadioBearerMap/1/NrRlc/,2,8,3,1,0,0,0.000000,0,0,999999999B,,
random_seed19001_1791548306465962_pid87,19001,random,15.800000,0,nr_rlc_um,ul,/NodeList/9/DeviceList/0/NrUeRrc/DataRadioBearerMap/1/NrRlc/,3,9,4,1,0,0,0.000000,0,0,999999999B,,
random_seed19001_1791548306465962_pid87,19001,random,15.900000,0,p2p_device,ul,/NodeList/19/DeviceList/3,-1,0,0,-1,0,0,,0,0,600p,80000000,20.000000
random_seed19001_1791548306465962_pid87,19001,random,15.900000,0,p2p_qdisc,ul,/NodeList/19/DeviceList/3,-1,0,0,-1,0,0,,0,0,10240p,80000000,20.000000
random_seed19001_1791548306465962_pid87,19001,random,15.900000,0,p2p_device,dl,/NodeList/0/DeviceList/9,-1,0,0,-1,0,0,,0,0,600p,80000000,20.000000
random_seed19001_1791548306465962_pid87,19001,random,15.900000,0,p2p_qdisc,dl,/NodeList/0/DeviceList/9,-1,0,0,-1,0,0,,0,0,10240p,80000000,20.000000
random_seed19001_1791548306465962_pid87,19001,random,15.900000,0,nr_rlc_um,dl,/NodeList/1/DeviceList/0/NrGnbRrc/UeMap/1/DataRadioBearerMap/1/NrRlc/,-1,4,1,-1,0,0,0.000000,0,0,999999999B,,
random_seed19001_1791548306465962_pid87,19001,random,15.900000,0,nr_rlc_um,dl,/NodeList/1/DeviceList/0/NrGnbRrc/UeMap/2/DataRadioBearerMap/1/NrRlc/,1,7,2,2,0,0,0.000000,0,0,999999999B,,
random_seed19001_1791548306465962_pid87,19001,random,15.900000,0,nr_rlc_um,dl,/NodeList/1/DeviceList/0/NrGnbRrc/UeMap/3/DataRadioBearerMap/1/NrRlc/,2,8,3,1,0,0,0.000000,0,0,999999999B,,
random_seed19001_1791548306465962_pid87,19001,random,15.900000,0,nr_rlc_um,dl,/NodeList/1/DeviceList/0/NrGnbRrc/UeMap/4/DataRadioBearerMap/1/NrRlc/,3,9,4,1,0,0,0.000000,0,0,999999999B,,
random_seed19001_1791548306465962_pid87,19001,random,15.900000,0,nr_rlc_um,ul,/NodeList/4/DeviceList/0/NrUeRrc/DataRadioBearerMap/1/NrRlc/,-1,4,1,-1,0,0,0.000000,0,0,999999999B,,
random_seed19001_1791548306465962_pid87,19001,random,15.900000,0,nr_rlc_um,ul,/NodeList/7/DeviceList/0/NrUeRrc/DataRadioBearerMap/1/NrRlc/,1,7,2,2,0,0,0.000000,0,0,999999999B,,
random_seed19001_1791548306465962_pid87,19001,random,15.900000,0,nr_rlc_um,ul,/NodeList/8/DeviceList/0/NrUeRrc/DataRadioBearerMap/1/NrRlc/,2,8,3,1,0,0,0.000000,0,0,999999999B,,
random_seed19001_1791548306465962_pid87,19001,random,15.900000,0,nr_rlc_um,ul,/NodeList/9/DeviceList/0/NrUeRrc/DataRadioBearerMap/1/NrRlc/,3,9,4,1,0,0,0.000000,0,0,999999999B,,
random_seed19001_1791548306465962_pid87,19001,random,16.000000,0,p2p_device,ul,/NodeList/19/DeviceList/3,-1,0,0,-1,0,0,,0,0,600p,80000000,20.000000
random_seed19001_1791548306465962_pid87,19001,random,16.000000,0,p2p_qdisc,ul,/NodeList/19/DeviceList/3,-1,0,0,-1,0,0,,0,0,10240p,80000000,20.000000
random_seed19001_1791548306465962_pid87,19001,random,16.000000,0,p2p_device,dl,/NodeList/0/DeviceList/9,-1,0,0,-1,0,0,,0,0,600p,80000000,20.000000
random_seed19001_1791548306465962_pid87,19001,random,16.000000,0,p2p_qdisc,dl,/NodeList/0/DeviceList/9,-1,0,0,-1,0,0,,0,0,10240p,80000000,20.000000
random_seed19001_1791548306465962_pid87,19001,random,16.000000,0,nr_rlc_um,dl,/NodeList/1/DeviceList/0/NrGnbRrc/UeMap/1/DataRadioBearerMap/1/NrRlc/,-1,4,1,-1,0,0,0.000000,0,0,999999999B,,
random_seed19001_1791548306465962_pid87,19001,random,16.000000,0,nr_rlc_um,dl,/NodeList/1/DeviceList/0/NrGnbRrc/UeMap/2/DataRadioBearerMap/1/NrRlc/,1,7,2,2,0,0,0.000000,0,0,999999999B,,
random_seed19001_1791548306465962_pid87,19001,random,16.000000,0,nr_rlc_um,dl,/NodeList/1/DeviceList/0/NrGnbRrc/UeMap/3/DataRadioBearerMap/1/NrRlc/,2,8,3,1,0,0,0.000000,0,0,999999999B,,
random_seed19001_1791548306465962_pid87,19001,random,16.000000,0,nr_rlc_um,dl,/NodeList/1/DeviceList/0/NrGnbRrc/UeMap/4/DataRadioBearerMap/1/NrRlc/,3,9,4,1,0,0,0.000000,0,0,999999999B,,
random_seed19001_1791548306465962_pid87,19001,random,16.000000,0,nr_rlc_um,ul,/NodeList/4/DeviceList/0/NrUeRrc/DataRadioBearerMap/1/NrRlc/,-1,4,1,-1,0,0,0.000000,0,0,999999999B,,
random_seed19001_1791548306465962_pid87,19001,random,16.000000,0,nr_rlc_um,ul,/NodeList/7/DeviceList/0/NrUeRrc/DataRadioBearerMap/1/NrRlc/,1,7,2,2,0,0,0.000000,0,0,999999999B,,
random_seed19001_1791548306465962_pid87,19001,random,16.000000,0,nr_rlc_um,ul,/NodeList/8/DeviceList/0/NrUeRrc/DataRadioBearerMap/1/NrRlc/,2,8,3,1,0,0,0.000000,0,0,999999999B,,
random_seed19001_1791548306465962_pid87,19001,random,16.000000,0,nr_rlc_um,ul,/NodeList/9/DeviceList/0/NrUeRrc/DataRadioBearerMap/1/NrRlc/,3,9,4,1,0,0,0.000000,0,0,999999999B,,
random_seed19001_1791548306465962_pid87,19001,random,16.100000,0,p2p_device,ul,/NodeList/19/DeviceList/3,-1,0,0,-1,0,0,,0,0,600p,80000000,20.000000
random_seed19001_1791548306465962_pid87,19001,random,16.100000,0,p2p_qdisc,ul,/NodeList/19/DeviceList/3,-1,0,0,-1,0,0,,0,0,10240p,80000000,20.000000
random_seed19001_1791548306465962_pid87,19001,random,16.100000,0,p2p_device,dl,/NodeList/0/DeviceList/9,-1,0,0,-1,0,0,,0,0,600p,80000000,20.000000
random_seed19001_1791548306465962_pid87,19001,random,16.100000,0,p2p_qdisc,dl,/NodeList/0/DeviceList/9,-1,0,0,-1,0,0,,0,0,10240p,80000000,20.000000
random_seed19001_1791548306465962_pid87,19001,random,16.100000,0,nr_rlc_um,dl,/NodeList/1/DeviceList/0/NrGnbRrc/UeMap/1/DataRadioBearerMap/1/NrRlc/,-1,4,1,-1,0,0,0.000000,0,0,999999999B,,
random_seed19001_1791548306465962_pid87,19001,random,16.100000,0,nr_rlc_um,dl,/NodeList/1/DeviceList/0/NrGnbRrc/UeMap/2/DataRadioBearerMap/1/NrRlc/,1,7,2,2,0,0,0.000000,0,0,999999999B,,
random_seed19001_1791548306465962_pid87,19001,random,16.100000,0,nr_rlc_um,dl,/NodeList/1/DeviceList/0/NrGnbRrc/UeMap/3/DataRadioBearerMap/1/NrRlc/,2,8,3,1,0,0,0.000000,0,0,999999999B,,
random_seed19001_1791548306465962_pid87,19001,random,16.100000,0,nr_rlc_um,dl,/NodeList/1/DeviceList/0/NrGnbRrc/UeMap/4/DataRadioBearerMap/1/NrRlc/,3,9,4,1,0,0,0.000000,0,0,999999999B,,
random_seed19001_1791548306465962_pid87,19001,random,16.100000,0,nr_rlc_um,ul,/NodeList/4/DeviceList/0/NrUeRrc/DataRadioBearerMap/1/NrRlc/,-1,4,1,-1,0,0,0.000000,0,0,999999999B,,
random_seed19001_1791548306465962_pid87,19001,random,16.100000,0,nr_rlc_um,ul,/NodeList/7/DeviceList/0/NrUeRrc/DataRadioBearerMap/1/NrRlc/,1,7,2,2,0,0,0.000000,0,0,999999999B,,
random_seed19001_1791548306465962_pid87,19001,random,16.100000,0,nr_rlc_um,ul,/NodeList/8/DeviceList/0/NrUeRrc/DataRadioBearerMap/1/NrRlc/,2,8,3,1,0,0,0.000000,0,0,999999999B,,
random_seed19001_1791548306465962_pid87,19001,random,16.100000,0,nr_rlc_um,ul,/NodeList/9/DeviceList/0/NrUeRrc/DataRadioBearerMap/1/NrRlc/,3,9,4,1,0,0,0.000000,0,0,999999999B,,
random_seed19001_1791548306465962_pid87,19001,random,16.200000,0,p2p_device,ul,/NodeList/19/DeviceList/3,-1,0,0,-1,0,0,,0,0,600p,80000000,20.000000
random_seed19001_1791548306465962_pid87,19001,random,16.200000,0,p2p_qdisc,ul,/NodeList/19/DeviceList/3,-1,0,0,-1,0,0,,0,0,10240p,80000000,20.000000
random_seed19001_1791548306465962_pid87,19001,random,16.200000,0,p2p_device,dl,/NodeList/0/DeviceList/9,-1,0,0,-1,0,0,,0,0,600p,80000000,20.000000
random_seed19001_1791548306465962_pid87,19001,random,16.200000,0,p2p_qdisc,dl,/NodeList/0/DeviceList/9,-1,0,0,-1,0,0,,0,0,10240p,80000000,20.000000
random_seed19001_1791548306465962_pid87,19001,random,16.200000,0,nr_rlc_um,dl,/NodeList/1/DeviceList/0/NrGnbRrc/UeMap/1/DataRadioBearerMap/1/NrRlc/,-1,4,1,-1,0,0,0.000000,0,0,999999999B,,
random_seed19001_1791548306465962_pid87,19001,random,16.200000,0,nr_rlc_um,dl,/NodeList/1/DeviceList/0/NrGnbRrc/UeMap/2/DataRadioBearerMap/1/NrRlc/,1,7,2,2,0,0,0.000000,0,0,999999999B,,
random_seed19001_1791548306465962_pid87,19001,random,16.200000,0,nr_rlc_um,dl,/NodeList/1/DeviceList/0/NrGnbRrc/UeMap/3/DataRadioBearerMap/1/NrRlc/,2,8,3,1,0,0,0.000000,0,0,999999999B,,
random_seed19001_1791548306465962_pid87,19001,random,16.200000,0,nr_rlc_um,dl,/NodeList/1/DeviceList/0/NrGnbRrc/UeMap/4/DataRadioBearerMap/1/NrRlc/,3,9,4,1,0,0,0.000000,0,0,999999999B,,
random_seed19001_1791548306465962_pid87,19001,random,16.200000,0,nr_rlc_um,ul,/NodeList/4/DeviceList/0/NrUeRrc/DataRadioBearerMap/1/NrRlc/,-1,4,1,-1,0,0,0.000000,0,0,999999999B,,
random_seed19001_1791548306465962_pid87,19001,random,16.200000,0,nr_rlc_um,ul,/NodeList/7/DeviceList/0/NrUeRrc/DataRadioBearerMap/1/NrRlc/,1,7,2,2,0,0,0.000000,0,0,999999999B,,
random_seed19001_1791548306465962_pid87,19001,random,16.200000,0,nr_rlc_um,ul,/NodeList/8/DeviceList/0/NrUeRrc/DataRadioBearerMap/1/NrRlc/,2,8,3,1,0,0,0.000000,0,0,999999999B,,
random_seed19001_1791548306465962_pid87,19001,random,16.200000,0,nr_rlc_um,ul,/NodeList/9/DeviceList/0/NrUeRrc/DataRadioBearerMap/1/NrRlc/,3,9,4,1,0,0,0.000000,0,0,999999999B,,
random_seed19001_1791548306465962_pid87,19001,random,16.300000,0,p2p_device,ul,/NodeList/19/DeviceList/3,-1,0,0,-1,0,0,,0,0,600p,80000000,20.000000
random_seed19001_1791548306465962_pid87,19001,random,16.300000,0,p2p_qdisc,ul,/NodeList/19/DeviceList/3,-1,0,0,-1,0,0,,0,0,10240p,80000000,20.000000
random_seed19001_1791548306465962_pid87,19001,random,16.300000,0,p2p_device,dl,/NodeList/0/DeviceList/9,-1,0,0,-1,0,0,,0,0,600p,80000000,20.000000
random_seed19001_1791548306465962_pid87,19001,random,16.300000,0,p2p_qdisc,dl,/NodeList/0/DeviceList/9,-1,0,0,-1,0,0,,0,0,10240p,80000000,20.000000
random_seed19001_1791548306465962_pid87,19001,random,16.300000,0,nr_rlc_um,dl,/NodeList/1/DeviceList/0/NrGnbRrc/UeMap/1/DataRadioBearerMap/1/NrRlc/,-1,4,1,-1,0,0,0.000000,0,0,999999999B,,
random_seed19001_1791548306465962_pid87,19001,random,16.300000,0,nr_rlc_um,dl,/NodeList/1/DeviceList/0/NrGnbRrc/UeMap/2/DataRadioBearerMap/1/NrRlc/,1,7,2,2,0,0,0.000000,0,0,999999999B,,
random_seed19001_1791548306465962_pid87,19001,random,16.300000,0,nr_rlc_um,dl,/NodeList/1/DeviceList/0/NrGnbRrc/UeMap/3/DataRadioBearerMap/1/NrRlc/,2,8,3,1,0,0,0.000000,0,0,999999999B,,
random_seed19001_1791548306465962_pid87,19001,random,16.300000,0,nr_rlc_um,dl,/NodeList/1/DeviceList/0/NrGnbRrc/UeMap/4/DataRadioBearerMap/1/NrRlc/,3,9,4,1,0,0,0.000000,0,0,999999999B,,
random_seed19001_1791548306465962_pid87,19001,random,16.300000,0,nr_rlc_um,ul,/NodeList/4/DeviceList/0/NrUeRrc/DataRadioBearerMap/1/NrRlc/,-1,4,1,-1,0,0,0.000000,0,0,999999999B,,
random_seed19001_1791548306465962_pid87,19001,random,16.300000,0,nr_rlc_um,ul,/NodeList/7/DeviceList/0/NrUeRrc/DataRadioBearerMap/1/NrRlc/,1,7,2,2,0,0,0.000000,0,0,999999999B,,
random_seed19001_1791548306465962_pid87,19001,random,16.300000,0,nr_rlc_um,ul,/NodeList/8/DeviceList/0/NrUeRrc/DataRadioBearerMap/1/NrRlc/,2,8,3,1,0,0,0.000000,0,0,999999999B,,
random_seed19001_1791548306465962_pid87,19001,random,16.300000,0,nr_rlc_um,ul,/NodeList/9/DeviceList/0/NrUeRrc/DataRadioBearerMap/1/NrRlc/,3,9,4,1,0,0,0.000000,0,0,999999999B,,
random_seed19001_1791548306465962_pid87,19001,random,16.400000,0,p2p_device,ul,/NodeList/19/DeviceList/3,-1,0,0,-1,0,0,,0,0,600p,80000000,20.000000
random_seed19001_1791548306465962_pid87,19001,random,16.400000,0,p2p_qdisc,ul,/NodeList/19/DeviceList/3,-1,0,0,-1,0,0,,0,0,10240p,80000000,20.000000
random_seed19001_1791548306465962_pid87,19001,random,16.400000,0,p2p_device,dl,/NodeList/0/DeviceList/9,-1,0,0,-1,0,0,,0,0,600p,80000000,20.000000
random_seed19001_1791548306465962_pid87,19001,random,16.400000,0,p2p_qdisc,dl,/NodeList/0/DeviceList/9,-1,0,0,-1,0,0,,0,0,10240p,80000000,20.000000
random_seed19001_1791548306465962_pid87,19001,random,16.400000,0,nr_rlc_um,dl,/NodeList/1/DeviceList/0/NrGnbRrc/UeMap/1/DataRadioBearerMap/1/NrRlc/,-1,4,1,-1,0,0,0.000000,0,0,999999999B,,
random_seed19001_1791548306465962_pid87,19001,random,16.400000,0,nr_rlc_um,dl,/NodeList/1/DeviceList/0/NrGnbRrc/UeMap/2/DataRadioBearerMap/1/NrRlc/,1,7,2,2,0,0,0.000000,0,0,999999999B,,
random_seed19001_1791548306465962_pid87,19001,random,16.400000,0,nr_rlc_um,dl,/NodeList/1/DeviceList/0/NrGnbRrc/UeMap/3/DataRadioBearerMap/1/NrRlc/,2,8,3,1,0,0,0.000000,0,0,999999999B,,
random_seed19001_1791548306465962_pid87,19001,random,16.400000,0,nr_rlc_um,dl,/NodeList/1/DeviceList/0/NrGnbRrc/UeMap/4/DataRadioBearerMap/1/NrRlc/,3,9,4,1,0,0,0.000000,0,0,999999999B,,
random_seed19001_1791548306465962_pid87,19001,random,16.400000,0,nr_rlc_um,ul,/NodeList/4/DeviceList/0/NrUeRrc/DataRadioBearerMap/1/NrRlc/,-1,4,1,-1,0,0,0.000000,0,0,999999999B,,
random_seed19001_1791548306465962_pid87,19001,random,16.400000,0,nr_rlc_um,ul,/NodeList/7/DeviceList/0/NrUeRrc/DataRadioBearerMap/1/NrRlc/,1,7,2,2,0,0,0.000000,0,0,999999999B,,
random_seed19001_1791548306465962_pid87,19001,random,16.400000,0,nr_rlc_um,ul,/NodeList/8/DeviceList/0/NrUeRrc/DataRadioBearerMap/1/NrRlc/,2,8,3,1,0,0,0.000000,0,0,999999999B,,
random_seed19001_1791548306465962_pid87,19001,random,16.400000,0,nr_rlc_um,ul,/NodeList/9/DeviceList/0/NrUeRrc/DataRadioBearerMap/1/NrRlc/,3,9,4,1,0,0,0.000000,0,0,999999999B,,
random_seed19001_1791548306465962_pid87,19001,random,16.500000,0,p2p_device,ul,/NodeList/19/DeviceList/3,-1,0,0,-1,0,0,,0,0,600p,80000000,20.000000
random_seed19001_1791548306465962_pid87,19001,random,16.500000,0,p2p_qdisc,ul,/NodeList/19/DeviceList/3,-1,0,0,-1,0,0,,0,0,10240p,80000000,20.000000
random_seed19001_1791548306465962_pid87,19001,random,16.500000,0,p2p_device,dl,/NodeList/0/DeviceList/9,-1,0,0,-1,0,0,,0,0,600p,80000000,20.000000
random_seed19001_1791548306465962_pid87,19001,random,16.500000,0,p2p_qdisc,dl,/NodeList/0/DeviceList/9,-1,0,0,-1,0,0,,0,0,10240p,80000000,20.000000
random_seed19001_1791548306465962_pid87,19001,random,16.500000,0,nr_rlc_um,dl,/NodeList/1/DeviceList/0/NrGnbRrc/UeMap/1/DataRadioBearerMap/1/NrRlc/,-1,4,1,-1,0,0,0.000000,0,0,999999999B,,
random_seed19001_1791548306465962_pid87,19001,random,16.500000,0,nr_rlc_um,dl,/NodeList/1/DeviceList/0/NrGnbRrc/UeMap/2/DataRadioBearerMap/1/NrRlc/,1,7,2,2,0,0,0.000000,0,0,999999999B,,
random_seed19001_1791548306465962_pid87,19001,random,16.500000,0,nr_rlc_um,dl,/NodeList/1/DeviceList/0/NrGnbRrc/UeMap/3/DataRadioBearerMap/1/NrRlc/,2,8,3,1,0,0,0.000000,0,0,999999999B,,
random_seed19001_1791548306465962_pid87,19001,random,16.500000,0,nr_rlc_um,dl,/NodeList/1/DeviceList/0/NrGnbRrc/UeMap/4/DataRadioBearerMap/1/NrRlc/,3,9,4,1,0,0,0.000000,0,0,999999999B,,
random_seed19001_1791548306465962_pid87,19001,random,16.500000,0,nr_rlc_um,ul,/NodeList/4/DeviceList/0/NrUeRrc/DataRadioBearerMap/1/NrRlc/,-1,4,1,-1,0,0,0.000000,0,0,999999999B,,
random_seed19001_1791548306465962_pid87,19001,random,16.500000,0,nr_rlc_um,ul,/NodeList/7/DeviceList/0/NrUeRrc/DataRadioBearerMap/1/NrRlc/,1,7,2,2,0,0,0.000000,0,0,999999999B,,
random_seed19001_1791548306465962_pid87,19001,random,16.500000,0,nr_rlc_um,ul,/NodeList/8/DeviceList/0/NrUeRrc/DataRadioBearerMap/1/NrRlc/,2,8,3,1,0,0,0.000000,0,0,999999999B,,
random_seed19001_1791548306465962_pid87,19001,random,16.500000,0,nr_rlc_um,ul,/NodeList/9/DeviceList/0/NrUeRrc/DataRadioBearerMap/1/NrRlc/,3,9,4,1,0,0,0.000000,0,0,999999999B,,
random_seed19001_1791548306465962_pid87,19001,random,16.600000,0,p2p_device,ul,/NodeList/19/DeviceList/3,-1,0,0,-1,0,0,,0,0,600p,80000000,20.000000
random_seed19001_1791548306465962_pid87,19001,random,16.600000,0,p2p_qdisc,ul,/NodeList/19/DeviceList/3,-1,0,0,-1,0,0,,0,0,10240p,80000000,20.000000
random_seed19001_1791548306465962_pid87,19001,random,16.600000,0,p2p_device,dl,/NodeList/0/DeviceList/9,-1,0,0,-1,0,0,,0,0,600p,80000000,20.000000
random_seed19001_1791548306465962_pid87,19001,random,16.600000,0,p2p_qdisc,dl,/NodeList/0/DeviceList/9,-1,0,0,-1,0,0,,0,0,10240p,80000000,20.000000
random_seed19001_1791548306465962_pid87,19001,random,16.600000,0,nr_rlc_um,dl,/NodeList/1/DeviceList/0/NrGnbRrc/UeMap/1/DataRadioBearerMap/1/NrRlc/,-1,4,1,-1,0,0,0.000000,0,0,999999999B,,
random_seed19001_1791548306465962_pid87,19001,random,16.600000,0,nr_rlc_um,dl,/NodeList/1/DeviceList/0/NrGnbRrc/UeMap/2/DataRadioBearerMap/1/NrRlc/,1,7,2,2,0,0,0.000000,0,0,999999999B,,
random_seed19001_1791548306465962_pid87,19001,random,16.600000,0,nr_rlc_um,dl,/NodeList/1/DeviceList/0/NrGnbRrc/UeMap/3/DataRadioBearerMap/1/NrRlc/,2,8,3,1,0,0,0.000000,0,0,999999999B,,
random_seed19001_1791548306465962_pid87,19001,random,16.600000,0,nr_rlc_um,dl,/NodeList/1/DeviceList/0/NrGnbRrc/UeMap/4/DataRadioBearerMap/1/NrRlc/,3,9,4,1,0,0,0.000000,0,0,999999999B,,
random_seed19001_1791548306465962_pid87,19001,random,16.600000,0,nr_rlc_um,ul,/NodeList/4/DeviceList/0/NrUeRrc/DataRadioBearerMap/1/NrRlc/,-1,4,1,-1,0,0,0.000000,0,0,999999999B,,
random_seed19001_1791548306465962_pid87,19001,random,16.600000,0,nr_rlc_um,ul,/NodeList/7/DeviceList/0/NrUeRrc/DataRadioBearerMap/1/NrRlc/,1,7,2,2,0,0,0.000000,0,0,999999999B,,
random_seed19001_1791548306465962_pid87,19001,random,16.600000,0,nr_rlc_um,ul,/NodeList/8/DeviceList/0/NrUeRrc/DataRadioBearerMap/1/NrRlc/,2,8,3,1,0,0,0.000000,0,0,999999999B,,
random_seed19001_1791548306465962_pid87,19001,random,16.600000,0,nr_rlc_um,ul,/NodeList/9/DeviceList/0/NrUeRrc/DataRadioBearerMap/1/NrRlc/,3,9,4,1,0,0,0.000000,0,0,999999999B,,
random_seed19001_1791548306465962_pid87,19001,random,16.700000,0,p2p_device,ul,/NodeList/19/DeviceList/3,-1,0,0,-1,0,0,,0,0,600p,80000000,20.000000
random_seed19001_1791548306465962_pid87,19001,random,16.700000,0,p2p_qdisc,ul,/NodeList/19/DeviceList/3,-1,0,0,-1,0,0,,0,0,10240p,80000000,20.000000
random_seed19001_1791548306465962_pid87,19001,random,16.700000,0,p2p_device,dl,/NodeList/0/DeviceList/9,-1,0,0,-1,0,0,,0,0,600p,80000000,20.000000
random_seed19001_1791548306465962_pid87,19001,random,16.700000,0,p2p_qdisc,dl,/NodeList/0/DeviceList/9,-1,0,0,-1,0,0,,0,0,10240p,80000000,20.000000
random_seed19001_1791548306465962_pid87,19001,random,16.700000,0,nr_rlc_um,dl,/NodeList/1/DeviceList/0/NrGnbRrc/UeMap/1/DataRadioBearerMap/1/NrRlc/,-1,4,1,-1,0,0,0.000000,0,0,999999999B,,
random_seed19001_1791548306465962_pid87,19001,random,16.700000,0,nr_rlc_um,dl,/NodeList/1/DeviceList/0/NrGnbRrc/UeMap/2/DataRadioBearerMap/1/NrRlc/,1,7,2,2,0,0,0.000000,0,0,999999999B,,
random_seed19001_1791548306465962_pid87,19001,random,16.700000,0,nr_rlc_um,dl,/NodeList/1/DeviceList/0/NrGnbRrc/UeMap/3/DataRadioBearerMap/1/NrRlc/,2,8,3,1,0,0,0.000000,0,0,999999999B,,
random_seed19001_1791548306465962_pid87,19001,random,16.700000,0,nr_rlc_um,dl,/NodeList/1/DeviceList/0/NrGnbRrc/UeMap/4/DataRadioBearerMap/1/NrRlc/,3,9,4,1,0,0,0.000000,0,0,999999999B,,
random_seed19001_1791548306465962_pid87,19001,random,16.700000,0,nr_rlc_um,ul,/NodeList/4/DeviceList/0/NrUeRrc/DataRadioBearerMap/1/NrRlc/,-1,4,1,-1,0,0,0.000000,0,0,999999999B,,
random_seed19001_1791548306465962_pid87,19001,random,16.700000,0,nr_rlc_um,ul,/NodeList/7/DeviceList/0/NrUeRrc/DataRadioBearerMap/1/NrRlc/,1,7,2,2,0,0,0.000000,0,0,999999999B,,
random_seed19001_1791548306465962_pid87,19001,random,16.700000,0,nr_rlc_um,ul,/NodeList/8/DeviceList/0/NrUeRrc/DataRadioBearerMap/1/NrRlc/,2,8,3,1,0,0,0.000000,0,0,999999999B,,
random_seed19001_1791548306465962_pid87,19001,random,16.700000,0,nr_rlc_um,ul,/NodeList/9/DeviceList/0/NrUeRrc/DataRadioBearerMap/1/NrRlc/,3,9,4,1,0,0,0.000000,0,0,999999999B,,
random_seed19001_1791548306465962_pid87,19001,random,16.800000,0,p2p_device,ul,/NodeList/19/DeviceList/3,-1,0,0,-1,0,0,,0,0,600p,80000000,20.000000
random_seed19001_1791548306465962_pid87,19001,random,16.800000,0,p2p_qdisc,ul,/NodeList/19/DeviceList/3,-1,0,0,-1,0,0,,0,0,10240p,80000000,20.000000
random_seed19001_1791548306465962_pid87,19001,random,16.800000,0,p2p_device,dl,/NodeList/0/DeviceList/9,-1,0,0,-1,0,0,,0,0,600p,80000000,20.000000
random_seed19001_1791548306465962_pid87,19001,random,16.800000,0,p2p_qdisc,dl,/NodeList/0/DeviceList/9,-1,0,0,-1,0,0,,0,0,10240p,80000000,20.000000
random_seed19001_1791548306465962_pid87,19001,random,16.800000,0,nr_rlc_um,dl,/NodeList/1/DeviceList/0/NrGnbRrc/UeMap/1/DataRadioBearerMap/1/NrRlc/,-1,4,1,-1,0,0,0.000000,0,0,999999999B,,
random_seed19001_1791548306465962_pid87,19001,random,16.800000,0,nr_rlc_um,dl,/NodeList/1/DeviceList/0/NrGnbRrc/UeMap/2/DataRadioBearerMap/1/NrRlc/,1,7,2,2,0,0,0.000000,0,0,999999999B,,
random_seed19001_1791548306465962_pid87,19001,random,16.800000,0,nr_rlc_um,dl,/NodeList/1/DeviceList/0/NrGnbRrc/UeMap/3/DataRadioBearerMap/1/NrRlc/,2,8,3,1,0,0,0.000000,0,0,999999999B,,
random_seed19001_1791548306465962_pid87,19001,random,16.800000,0,nr_rlc_um,dl,/NodeList/1/DeviceList/0/NrGnbRrc/UeMap/4/DataRadioBearerMap/1/NrRlc/,3,9,4,1,0,0,0.000000,0,0,999999999B,,
random_seed19001_1791548306465962_pid87,19001,random,16.800000,0,nr_rlc_um,ul,/NodeList/4/DeviceList/0/NrUeRrc/DataRadioBearerMap/1/NrRlc/,-1,4,1,-1,0,0,0.000000,0,0,999999999B,,
random_seed19001_1791548306465962_pid87,19001,random,16.800000,0,nr_rlc_um,ul,/NodeList/7/DeviceList/0/NrUeRrc/DataRadioBearerMap/1/NrRlc/,1,7,2,2,0,0,0.000000,0,0,999999999B,,
random_seed19001_1791548306465962_pid87,19001,random,16.800000,0,nr_rlc_um,ul,/NodeList/8/DeviceList/0/NrUeRrc/DataRadioBearerMap/1/NrRlc/,2,8,3,1,0,0,0.000000,0,0,999999999B,,
random_seed19001_1791548306465962_pid87,19001,random,16.800000,0,nr_rlc_um,ul,/NodeList/9/DeviceList/0/NrUeRrc/DataRadioBearerMap/1/NrRlc/,3,9,4,1,0,0,0.000000,0,0,999999999B,,
random_seed19001_1791548306465962_pid87,19001,random,16.900000,0,p2p_device,ul,/NodeList/19/DeviceList/3,-1,0,0,-1,0,0,,0,0,600p,80000000,20.000000
random_seed19001_1791548306465962_pid87,19001,random,16.900000,0,p2p_qdisc,ul,/NodeList/19/DeviceList/3,-1,0,0,-1,0,0,,0,0,10240p,80000000,20.000000
random_seed19001_1791548306465962_pid87,19001,random,16.900000,0,p2p_device,dl,/NodeList/0/DeviceList/9,-1,0,0,-1,0,0,,0,0,600p,80000000,20.000000
random_seed19001_1791548306465962_pid87,19001,random,16.900000,0,p2p_qdisc,dl,/NodeList/0/DeviceList/9,-1,0,0,-1,0,0,,0,0,10240p,80000000,20.000000
random_seed19001_1791548306465962_pid87,19001,random,16.900000,0,nr_rlc_um,dl,/NodeList/1/DeviceList/0/NrGnbRrc/UeMap/1/DataRadioBearerMap/1/NrRlc/,-1,4,1,-1,0,0,0.000000,0,0,999999999B,,
random_seed19001_1791548306465962_pid87,19001,random,16.900000,0,nr_rlc_um,dl,/NodeList/1/DeviceList/0/NrGnbRrc/UeMap/2/DataRadioBearerMap/1/NrRlc/,1,7,2,2,0,0,0.000000,0,0,999999999B,,
random_seed19001_1791548306465962_pid87,19001,random,16.900000,0,nr_rlc_um,dl,/NodeList/1/DeviceList/0/NrGnbRrc/UeMap/3/DataRadioBearerMap/1/NrRlc/,2,8,3,1,0,0,0.000000,0,0,999999999B,,
random_seed19001_1791548306465962_pid87,19001,random,16.900000,0,nr_rlc_um,dl,/NodeList/1/DeviceList/0/NrGnbRrc/UeMap/4/DataRadioBearerMap/1/NrRlc/,3,9,4,1,0,0,0.000000,0,0,999999999B,,
random_seed19001_1791548306465962_pid87,19001,random,16.900000,0,nr_rlc_um,ul,/NodeList/4/DeviceList/0/NrUeRrc/DataRadioBearerMap/1/NrRlc/,-1,4,1,-1,0,0,0.000000,0,0,999999999B,,
random_seed19001_1791548306465962_pid87,19001,random,16.900000,0,nr_rlc_um,ul,/NodeList/7/DeviceList/0/NrUeRrc/DataRadioBearerMap/1/NrRlc/,1,7,2,2,0,0,0.000000,0,0,999999999B,,
random_seed19001_1791548306465962_pid87,19001,random,16.900000,0,nr_rlc_um,ul,/NodeList/8/DeviceList/0/NrUeRrc/DataRadioBearerMap/1/NrRlc/,2,8,3,1,0,0,0.000000,0,0,999999999B,,
random_seed19001_1791548306465962_pid87,19001,random,16.900000,0,nr_rlc_um,ul,/NodeList/9/DeviceList/0/NrUeRrc/DataRadioBearerMap/1/NrRlc/,3,9,4,1,0,0,0.000000,0,0,999999999B,,
random_seed19001_1791548306465962_pid87,19001,random,17.000000,0,p2p_device,ul,/NodeList/19/DeviceList/3,-1,0,0,-1,0,0,,0,0,600p,80000000,20.000000
random_seed19001_1791548306465962_pid87,19001,random,17.000000,0,p2p_qdisc,ul,/NodeList/19/DeviceList/3,-1,0,0,-1,0,0,,0,0,10240p,80000000,20.000000
random_seed19001_1791548306465962_pid87,19001,random,17.000000,0,p2p_device,dl,/NodeList/0/DeviceList/9,-1,0,0,-1,0,0,,0,0,600p,80000000,20.000000
random_seed19001_1791548306465962_pid87,19001,random,17.000000,0,p2p_qdisc,dl,/NodeList/0/DeviceList/9,-1,0,0,-1,0,0,,0,0,10240p,80000000,20.000000
random_seed19001_1791548306465962_pid87,19001,random,17.000000,0,nr_rlc_um,dl,/NodeList/1/DeviceList/0/NrGnbRrc/UeMap/1/DataRadioBearerMap/1/NrRlc/,-1,4,1,-1,0,0,0.000000,0,0,999999999B,,
random_seed19001_1791548306465962_pid87,19001,random,17.000000,0,nr_rlc_um,dl,/NodeList/1/DeviceList/0/NrGnbRrc/UeMap/2/DataRadioBearerMap/1/NrRlc/,1,7,2,2,0,0,0.000000,0,0,999999999B,,
random_seed19001_1791548306465962_pid87,19001,random,17.000000,0,nr_rlc_um,dl,/NodeList/1/DeviceList/0/NrGnbRrc/UeMap/3/DataRadioBearerMap/1/NrRlc/,2,8,3,1,0,0,0.000000,0,0,999999999B,,
random_seed19001_1791548306465962_pid87,19001,random,17.000000,0,nr_rlc_um,dl,/NodeList/1/DeviceList/0/NrGnbRrc/UeMap/4/DataRadioBearerMap/1/NrRlc/,3,9,4,1,0,0,0.000000,0,0,999999999B,,
random_seed19001_1791548306465962_pid87,19001,random,17.000000,0,nr_rlc_um,ul,/NodeList/4/DeviceList/0/NrUeRrc/DataRadioBearerMap/1/NrRlc/,-1,4,1,-1,0,0,0.000000,0,0,999999999B,,
random_seed19001_1791548306465962_pid87,19001,random,17.000000,0,nr_rlc_um,ul,/NodeList/7/DeviceList/0/NrUeRrc/DataRadioBearerMap/1/NrRlc/,1,7,2,2,0,0,0.000000,0,0,999999999B,,
random_seed19001_1791548306465962_pid87,19001,random,17.000000,0,nr_rlc_um,ul,/NodeList/8/DeviceList/0/NrUeRrc/DataRadioBearerMap/1/NrRlc/,2,8,3,1,0,0,0.000000,0,0,999999999B,,
random_seed19001_1791548306465962_pid87,19001,random,17.000000,0,nr_rlc_um,ul,/NodeList/9/DeviceList/0/NrUeRrc/DataRadioBearerMap/1/NrRlc/,3,9,4,1,0,0,0.000000,0,0,999999999B,,
random_seed19001_1791548306465962_pid87,19001,random,17.100000,0,p2p_device,ul,/NodeList/19/DeviceList/3,-1,0,0,-1,0,0,,0,0,600p,80000000,20.000000
random_seed19001_1791548306465962_pid87,19001,random,17.100000,0,p2p_qdisc,ul,/NodeList/19/DeviceList/3,-1,0,0,-1,0,0,,0,0,10240p,80000000,20.000000
random_seed19001_1791548306465962_pid87,19001,random,17.100000,0,p2p_device,dl,/NodeList/0/DeviceList/9,-1,0,0,-1,0,0,,0,0,600p,80000000,20.000000
random_seed19001_1791548306465962_pid87,19001,random,17.100000,0,p2p_qdisc,dl,/NodeList/0/DeviceList/9,-1,0,0,-1,0,0,,0,0,10240p,80000000,20.000000
random_seed19001_1791548306465962_pid87,19001,random,17.100000,0,nr_rlc_um,dl,/NodeList/1/DeviceList/0/NrGnbRrc/UeMap/1/DataRadioBearerMap/1/NrRlc/,-1,4,1,-1,0,0,0.000000,0,0,999999999B,,
random_seed19001_1791548306465962_pid87,19001,random,17.100000,0,nr_rlc_um,dl,/NodeList/1/DeviceList/0/NrGnbRrc/UeMap/2/DataRadioBearerMap/1/NrRlc/,1,7,2,2,0,0,0.000000,0,0,999999999B,,
random_seed19001_1791548306465962_pid87,19001,random,17.100000,0,nr_rlc_um,dl,/NodeList/1/DeviceList/0/NrGnbRrc/UeMap/3/DataRadioBearerMap/1/NrRlc/,2,8,3,1,0,0,0.000000,0,0,999999999B,,
random_seed19001_1791548306465962_pid87,19001,random,17.100000,0,nr_rlc_um,dl,/NodeList/1/DeviceList/0/NrGnbRrc/UeMap/4/DataRadioBearerMap/1/NrRlc/,3,9,4,1,0,0,0.000000,0,0,999999999B,,
random_seed19001_1791548306465962_pid87,19001,random,17.100000,0,nr_rlc_um,ul,/NodeList/4/DeviceList/0/NrUeRrc/DataRadioBearerMap/1/NrRlc/,-1,4,1,-1,0,0,0.000000,0,0,999999999B,,
random_seed19001_1791548306465962_pid87,19001,random,17.100000,0,nr_rlc_um,ul,/NodeList/7/DeviceList/0/NrUeRrc/DataRadioBearerMap/1/NrRlc/,1,7,2,2,0,0,0.000000,0,0,999999999B,,
random_seed19001_1791548306465962_pid87,19001,random,17.100000,0,nr_rlc_um,ul,/NodeList/8/DeviceList/0/NrUeRrc/DataRadioBearerMap/1/NrRlc/,2,8,3,1,0,0,0.000000,0,0,999999999B,,
random_seed19001_1791548306465962_pid87,19001,random,17.100000,0,nr_rlc_um,ul,/NodeList/9/DeviceList/0/NrUeRrc/DataRadioBearerMap/1/NrRlc/,3,9,4,1,0,0,0.000000,0,0,999999999B,,
random_seed19001_1791548306465962_pid87,19001,random,17.200000,0,p2p_device,ul,/NodeList/19/DeviceList/3,-1,0,0,-1,0,0,,0,0,600p,80000000,20.000000
random_seed19001_1791548306465962_pid87,19001,random,17.200000,0,p2p_qdisc,ul,/NodeList/19/DeviceList/3,-1,0,0,-1,0,0,,0,0,10240p,80000000,20.000000
random_seed19001_1791548306465962_pid87,19001,random,17.200000,0,p2p_device,dl,/NodeList/0/DeviceList/9,-1,0,0,-1,0,0,,0,0,600p,80000000,20.000000
random_seed19001_1791548306465962_pid87,19001,random,17.200000,0,p2p_qdisc,dl,/NodeList/0/DeviceList/9,-1,0,0,-1,0,0,,0,0,10240p,80000000,20.000000
random_seed19001_1791548306465962_pid87,19001,random,17.200000,0,nr_rlc_um,dl,/NodeList/1/DeviceList/0/NrGnbRrc/UeMap/1/DataRadioBearerMap/1/NrRlc/,-1,4,1,-1,0,0,0.000000,0,0,999999999B,,
random_seed19001_1791548306465962_pid87,19001,random,17.200000,0,nr_rlc_um,dl,/NodeList/1/DeviceList/0/NrGnbRrc/UeMap/2/DataRadioBearerMap/1/NrRlc/,1,7,2,2,0,0,0.000000,0,0,999999999B,,
random_seed19001_1791548306465962_pid87,19001,random,17.200000,0,nr_rlc_um,dl,/NodeList/1/DeviceList/0/NrGnbRrc/UeMap/3/DataRadioBearerMap/1/NrRlc/,2,8,3,1,0,0,0.000000,0,0,999999999B,,
random_seed19001_1791548306465962_pid87,19001,random,17.200000,0,nr_rlc_um,dl,/NodeList/1/DeviceList/0/NrGnbRrc/UeMap/4/DataRadioBearerMap/1/NrRlc/,3,9,4,1,0,0,0.000000,0,0,999999999B,,
random_seed19001_1791548306465962_pid87,19001,random,17.200000,0,nr_rlc_um,ul,/NodeList/4/DeviceList/0/NrUeRrc/DataRadioBearerMap/1/NrRlc/,-1,4,1,-1,0,0,0.000000,0,0,999999999B,,
random_seed19001_1791548306465962_pid87,19001,random,17.200000,0,nr_rlc_um,ul,/NodeList/7/DeviceList/0/NrUeRrc/DataRadioBearerMap/1/NrRlc/,1,7,2,2,0,0,0.000000,0,0,999999999B,,
random_seed19001_1791548306465962_pid87,19001,random,17.200000,0,nr_rlc_um,ul,/NodeList/8/DeviceList/0/NrUeRrc/DataRadioBearerMap/1/NrRlc/,2,8,3,1,0,0,0.000000,0,0,999999999B,,
random_seed19001_1791548306465962_pid87,19001,random,17.200000,0,nr_rlc_um,ul,/NodeList/9/DeviceList/0/NrUeRrc/DataRadioBearerMap/1/NrRlc/,3,9,4,1,0,0,0.000000,0,0,999999999B,,
random_seed19001_1791548306465962_pid87,19001,random,17.300000,0,p2p_device,ul,/NodeList/19/DeviceList/3,-1,0,0,-1,0,0,,0,0,600p,80000000,20.000000
random_seed19001_1791548306465962_pid87,19001,random,17.300000,0,p2p_qdisc,ul,/NodeList/19/DeviceList/3,-1,0,0,-1,0,0,,0,0,10240p,80000000,20.000000
random_seed19001_1791548306465962_pid87,19001,random,17.300000,0,p2p_device,dl,/NodeList/0/DeviceList/9,-1,0,0,-1,0,0,,0,0,600p,80000000,20.000000
random_seed19001_1791548306465962_pid87,19001,random,17.300000,0,p2p_qdisc,dl,/NodeList/0/DeviceList/9,-1,0,0,-1,0,0,,0,0,10240p,80000000,20.000000
random_seed19001_1791548306465962_pid87,19001,random,17.300000,0,nr_rlc_um,dl,/NodeList/1/DeviceList/0/NrGnbRrc/UeMap/1/DataRadioBearerMap/1/NrRlc/,-1,4,1,-1,0,0,0.000000,0,0,999999999B,,
random_seed19001_1791548306465962_pid87,19001,random,17.300000,0,nr_rlc_um,dl,/NodeList/1/DeviceList/0/NrGnbRrc/UeMap/2/DataRadioBearerMap/1/NrRlc/,1,7,2,2,0,0,0.000000,0,0,999999999B,,
random_seed19001_1791548306465962_pid87,19001,random,17.300000,0,nr_rlc_um,dl,/NodeList/1/DeviceList/0/NrGnbRrc/UeMap/3/DataRadioBearerMap/1/NrRlc/,2,8,3,1,0,0,0.000000,0,0,999999999B,,
random_seed19001_1791548306465962_pid87,19001,random,17.300000,0,nr_rlc_um,dl,/NodeList/1/DeviceList/0/NrGnbRrc/UeMap/4/DataRadioBearerMap/1/NrRlc/,3,9,4,1,0,0,0.000000,0,0,999999999B,,
random_seed19001_1791548306465962_pid87,19001,random,17.300000,0,nr_rlc_um,ul,/NodeList/4/DeviceList/0/NrUeRrc/DataRadioBearerMap/1/NrRlc/,-1,4,1,-1,0,0,0.000000,0,0,999999999B,,
random_seed19001_1791548306465962_pid87,19001,random,17.300000,0,nr_rlc_um,ul,/NodeList/7/DeviceList/0/NrUeRrc/DataRadioBearerMap/1/NrRlc/,1,7,2,2,0,0,0.000000,0,0,999999999B,,
random_seed19001_1791548306465962_pid87,19001,random,17.300000,0,nr_rlc_um,ul,/NodeList/8/DeviceList/0/NrUeRrc/DataRadioBearerMap/1/NrRlc/,2,8,3,1,0,0,0.000000,0,0,999999999B,,
random_seed19001_1791548306465962_pid87,19001,random,17.300000,0,nr_rlc_um,ul,/NodeList/9/DeviceList/0/NrUeRrc/DataRadioBearerMap/1/NrRlc/,3,9,4,1,0,0,0.000000,0,0,999999999B,,
random_seed19001_1791548306465962_pid87,19001,random,17.400000,0,p2p_device,ul,/NodeList/19/DeviceList/3,-1,0,0,-1,0,0,,0,0,600p,80000000,20.000000
random_seed19001_1791548306465962_pid87,19001,random,17.400000,0,p2p_qdisc,ul,/NodeList/19/DeviceList/3,-1,0,0,-1,0,0,,0,0,10240p,80000000,20.000000
random_seed19001_1791548306465962_pid87,19001,random,17.400000,0,p2p_device,dl,/NodeList/0/DeviceList/9,-1,0,0,-1,0,0,,0,0,600p,80000000,20.000000
random_seed19001_1791548306465962_pid87,19001,random,17.400000,0,p2p_qdisc,dl,/NodeList/0/DeviceList/9,-1,0,0,-1,0,0,,0,0,10240p,80000000,20.000000
random_seed19001_1791548306465962_pid87,19001,random,17.400000,0,nr_rlc_um,dl,/NodeList/1/DeviceList/0/NrGnbRrc/UeMap/1/DataRadioBearerMap/1/NrRlc/,-1,4,1,-1,0,0,0.000000,0,0,999999999B,,
random_seed19001_1791548306465962_pid87,19001,random,17.400000,0,nr_rlc_um,dl,/NodeList/1/DeviceList/0/NrGnbRrc/UeMap/2/DataRadioBearerMap/1/NrRlc/,1,7,2,2,0,0,0.000000,0,0,999999999B,,
random_seed19001_1791548306465962_pid87,19001,random,17.400000,0,nr_rlc_um,dl,/NodeList/1/DeviceList/0/NrGnbRrc/UeMap/3/DataRadioBearerMap/1/NrRlc/,2,8,3,1,0,0,0.000000,0,0,999999999B,,
random_seed19001_1791548306465962_pid87,19001,random,17.400000,0,nr_rlc_um,dl,/NodeList/1/DeviceList/0/NrGnbRrc/UeMap/4/DataRadioBearerMap/1/NrRlc/,3,9,4,1,0,0,0.000000,0,0,999999999B,,
random_seed19001_1791548306465962_pid87,19001,random,17.400000,0,nr_rlc_um,ul,/NodeList/4/DeviceList/0/NrUeRrc/DataRadioBearerMap/1/NrRlc/,-1,4,1,-1,0,0,0.000000,0,0,999999999B,,
random_seed19001_1791548306465962_pid87,19001,random,17.400000,0,nr_rlc_um,ul,/NodeList/7/DeviceList/0/NrUeRrc/DataRadioBearerMap/1/NrRlc/,1,7,2,2,0,0,0.000000,0,0,999999999B,,
random_seed19001_1791548306465962_pid87,19001,random,17.400000,0,nr_rlc_um,ul,/NodeList/8/DeviceList/0/NrUeRrc/DataRadioBearerMap/1/NrRlc/,2,8,3,1,0,0,0.000000,0,0,999999999B,,
random_seed19001_1791548306465962_pid87,19001,random,17.400000,0,nr_rlc_um,ul,/NodeList/9/DeviceList/0/NrUeRrc/DataRadioBearerMap/1/NrRlc/,3,9,4,1,0,0,0.000000,0,0,999999999B,,
random_seed19001_1791548306465962_pid87,19001,random,17.500000,0,p2p_device,ul,/NodeList/19/DeviceList/3,-1,0,0,-1,0,0,,0,0,600p,80000000,20.000000
random_seed19001_1791548306465962_pid87,19001,random,17.500000,0,p2p_qdisc,ul,/NodeList/19/DeviceList/3,-1,0,0,-1,0,0,,0,0,10240p,80000000,20.000000
random_seed19001_1791548306465962_pid87,19001,random,17.500000,0,p2p_device,dl,/NodeList/0/DeviceList/9,-1,0,0,-1,0,0,,0,0,600p,80000000,20.000000
random_seed19001_1791548306465962_pid87,19001,random,17.500000,0,p2p_qdisc,dl,/NodeList/0/DeviceList/9,-1,0,0,-1,0,0,,0,0,10240p,80000000,20.000000
random_seed19001_1791548306465962_pid87,19001,random,17.500000,0,nr_rlc_um,dl,/NodeList/1/DeviceList/0/NrGnbRrc/UeMap/1/DataRadioBearerMap/1/NrRlc/,-1,4,1,-1,0,0,0.000000,0,0,999999999B,,
random_seed19001_1791548306465962_pid87,19001,random,17.500000,0,nr_rlc_um,dl,/NodeList/1/DeviceList/0/NrGnbRrc/UeMap/2/DataRadioBearerMap/1/NrRlc/,1,7,2,2,0,0,0.000000,0,0,999999999B,,
random_seed19001_1791548306465962_pid87,19001,random,17.500000,0,nr_rlc_um,dl,/NodeList/1/DeviceList/0/NrGnbRrc/UeMap/3/DataRadioBearerMap/1/NrRlc/,2,8,3,1,0,0,0.000000,0,0,999999999B,,
random_seed19001_1791548306465962_pid87,19001,random,17.500000,0,nr_rlc_um,dl,/NodeList/1/DeviceList/0/NrGnbRrc/UeMap/4/DataRadioBearerMap/1/NrRlc/,3,9,4,1,0,0,0.000000,0,0,999999999B,,
random_seed19001_1791548306465962_pid87,19001,random,17.500000,0,nr_rlc_um,ul,/NodeList/4/DeviceList/0/NrUeRrc/DataRadioBearerMap/1/NrRlc/,-1,4,1,-1,0,0,0.000000,0,0,999999999B,,
random_seed19001_1791548306465962_pid87,19001,random,17.500000,0,nr_rlc_um,ul,/NodeList/7/DeviceList/0/NrUeRrc/DataRadioBearerMap/1/NrRlc/,1,7,2,2,0,0,0.000000,0,0,999999999B,,
random_seed19001_1791548306465962_pid87,19001,random,17.500000,0,nr_rlc_um,ul,/NodeList/8/DeviceList/0/NrUeRrc/DataRadioBearerMap/1/NrRlc/,2,8,3,1,0,0,0.000000,0,0,999999999B,,
random_seed19001_1791548306465962_pid87,19001,random,17.500000,0,nr_rlc_um,ul,/NodeList/9/DeviceList/0/NrUeRrc/DataRadioBearerMap/1/NrRlc/,3,9,4,1,0,0,0.000000,0,0,999999999B,,
random_seed19001_1791548306465962_pid87,19001,random,17.600000,0,p2p_device,ul,/NodeList/19/DeviceList/3,-1,0,0,-1,0,0,,0,0,600p,80000000,20.000000
random_seed19001_1791548306465962_pid87,19001,random,17.600000,0,p2p_qdisc,ul,/NodeList/19/DeviceList/3,-1,0,0,-1,0,0,,0,0,10240p,80000000,20.000000
random_seed19001_1791548306465962_pid87,19001,random,17.600000,0,p2p_device,dl,/NodeList/0/DeviceList/9,-1,0,0,-1,0,0,,0,0,600p,80000000,20.000000
random_seed19001_1791548306465962_pid87,19001,random,17.600000,0,p2p_qdisc,dl,/NodeList/0/DeviceList/9,-1,0,0,-1,0,0,,0,0,10240p,80000000,20.000000
random_seed19001_1791548306465962_pid87,19001,random,17.600000,0,nr_rlc_um,dl,/NodeList/1/DeviceList/0/NrGnbRrc/UeMap/1/DataRadioBearerMap/1/NrRlc/,-1,4,1,-1,0,0,0.000000,0,0,999999999B,,
random_seed19001_1791548306465962_pid87,19001,random,17.600000,0,nr_rlc_um,dl,/NodeList/1/DeviceList/0/NrGnbRrc/UeMap/2/DataRadioBearerMap/1/NrRlc/,1,7,2,2,0,0,0.000000,0,0,999999999B,,
random_seed19001_1791548306465962_pid87,19001,random,17.600000,0,nr_rlc_um,dl,/NodeList/1/DeviceList/0/NrGnbRrc/UeMap/3/DataRadioBearerMap/1/NrRlc/,2,8,3,1,0,0,0.000000,0,0,999999999B,,
random_seed19001_1791548306465962_pid87,19001,random,17.600000,0,nr_rlc_um,dl,/NodeList/1/DeviceList/0/NrGnbRrc/UeMap/4/DataRadioBearerMap/1/NrRlc/,3,9,4,1,0,0,0.000000,0,0,999999999B,,
random_seed19001_1791548306465962_pid87,19001,random,17.600000,0,nr_rlc_um,ul,/NodeList/4/DeviceList/0/NrUeRrc/DataRadioBearerMap/1/NrRlc/,-1,4,1,-1,0,0,0.000000,0,0,999999999B,,
random_seed19001_1791548306465962_pid87,19001,random,17.600000,0,nr_rlc_um,ul,/NodeList/7/DeviceList/0/NrUeRrc/DataRadioBearerMap/1/NrRlc/,1,7,2,2,0,0,0.000000,0,0,999999999B,,
random_seed19001_1791548306465962_pid87,19001,random,17.600000,0,nr_rlc_um,ul,/NodeList/8/DeviceList/0/NrUeRrc/DataRadioBearerMap/1/NrRlc/,2,8,3,1,0,0,0.000000,0,0,999999999B,,
random_seed19001_1791548306465962_pid87,19001,random,17.600000,0,nr_rlc_um,ul,/NodeList/9/DeviceList/0/NrUeRrc/DataRadioBearerMap/1/NrRlc/,3,9,4,1,0,0,0.000000,0,0,999999999B,,
random_seed19001_1791548306465962_pid87,19001,random,17.700000,0,p2p_device,ul,/NodeList/19/DeviceList/3,-1,0,0,-1,0,0,,0,0,600p,80000000,20.000000
random_seed19001_1791548306465962_pid87,19001,random,17.700000,0,p2p_qdisc,ul,/NodeList/19/DeviceList/3,-1,0,0,-1,0,0,,0,0,10240p,80000000,20.000000
random_seed19001_1791548306465962_pid87,19001,random,17.700000,0,p2p_device,dl,/NodeList/0/DeviceList/9,-1,0,0,-1,0,0,,0,0,600p,80000000,20.000000
random_seed19001_1791548306465962_pid87,19001,random,17.700000,0,p2p_qdisc,dl,/NodeList/0/DeviceList/9,-1,0,0,-1,0,0,,0,0,10240p,80000000,20.000000
random_seed19001_1791548306465962_pid87,19001,random,17.700000,0,nr_rlc_um,dl,/NodeList/1/DeviceList/0/NrGnbRrc/UeMap/1/DataRadioBearerMap/1/NrRlc/,-1,4,1,-1,0,0,0.000000,0,0,999999999B,,
random_seed19001_1791548306465962_pid87,19001,random,17.700000,0,nr_rlc_um,dl,/NodeList/1/DeviceList/0/NrGnbRrc/UeMap/2/DataRadioBearerMap/1/NrRlc/,1,7,2,2,0,0,0.000000,0,0,999999999B,,
random_seed19001_1791548306465962_pid87,19001,random,17.700000,0,nr_rlc_um,dl,/NodeList/1/DeviceList/0/NrGnbRrc/UeMap/3/DataRadioBearerMap/1/NrRlc/,2,8,3,1,0,0,0.000000,0,0,999999999B,,
random_seed19001_1791548306465962_pid87,19001,random,17.700000,0,nr_rlc_um,dl,/NodeList/1/DeviceList/0/NrGnbRrc/UeMap/4/DataRadioBearerMap/1/NrRlc/,3,9,4,1,0,0,0.000000,0,0,999999999B,,
random_seed19001_1791548306465962_pid87,19001,random,17.700000,0,nr_rlc_um,ul,/NodeList/4/DeviceList/0/NrUeRrc/DataRadioBearerMap/1/NrRlc/,-1,4,1,-1,0,0,0.000000,0,0,999999999B,,
random_seed19001_1791548306465962_pid87,19001,random,17.700000,0,nr_rlc_um,ul,/NodeList/7/DeviceList/0/NrUeRrc/DataRadioBearerMap/1/NrRlc/,1,7,2,2,0,0,0.000000,0,0,999999999B,,
random_seed19001_1791548306465962_pid87,19001,random,17.700000,0,nr_rlc_um,ul,/NodeList/8/DeviceList/0/NrUeRrc/DataRadioBearerMap/1/NrRlc/,2,8,3,1,0,0,0.000000,0,0,999999999B,,
random_seed19001_1791548306465962_pid87,19001,random,17.700000,0,nr_rlc_um,ul,/NodeList/9/DeviceList/0/NrUeRrc/DataRadioBearerMap/1/NrRlc/,3,9,4,1,0,0,0.000000,0,0,999999999B,,
random_seed19001_1791548306465962_pid87,19001,random,17.800000,0,p2p_device,ul,/NodeList/19/DeviceList/3,-1,0,0,-1,0,0,,0,0,600p,80000000,20.000000
random_seed19001_1791548306465962_pid87,19001,random,17.800000,0,p2p_qdisc,ul,/NodeList/19/DeviceList/3,-1,0,0,-1,0,0,,0,0,10240p,80000000,20.000000
random_seed19001_1791548306465962_pid87,19001,random,17.800000,0,p2p_device,dl,/NodeList/0/DeviceList/9,-1,0,0,-1,0,0,,0,0,600p,80000000,20.000000
random_seed19001_1791548306465962_pid87,19001,random,17.800000,0,p2p_qdisc,dl,/NodeList/0/DeviceList/9,-1,0,0,-1,0,0,,0,0,10240p,80000000,20.000000
random_seed19001_1791548306465962_pid87,19001,random,17.800000,0,nr_rlc_um,dl,/NodeList/1/DeviceList/0/NrGnbRrc/UeMap/1/DataRadioBearerMap/1/NrRlc/,-1,4,1,-1,0,0,0.000000,0,0,999999999B,,
random_seed19001_1791548306465962_pid87,19001,random,17.800000,0,nr_rlc_um,dl,/NodeList/1/DeviceList/0/NrGnbRrc/UeMap/2/DataRadioBearerMap/1/NrRlc/,1,7,2,2,0,0,0.000000,0,0,999999999B,,
random_seed19001_1791548306465962_pid87,19001,random,17.800000,0,nr_rlc_um,dl,/NodeList/1/DeviceList/0/NrGnbRrc/UeMap/3/DataRadioBearerMap/1/NrRlc/,2,8,3,1,0,0,0.000000,0,0,999999999B,,
random_seed19001_1791548306465962_pid87,19001,random,17.800000,0,nr_rlc_um,dl,/NodeList/1/DeviceList/0/NrGnbRrc/UeMap/4/DataRadioBearerMap/1/NrRlc/,3,9,4,1,0,0,0.000000,0,0,999999999B,,
random_seed19001_1791548306465962_pid87,19001,random,17.800000,0,nr_rlc_um,ul,/NodeList/4/DeviceList/0/NrUeRrc/DataRadioBearerMap/1/NrRlc/,-1,4,1,-1,0,0,0.000000,0,0,999999999B,,
random_seed19001_1791548306465962_pid87,19001,random,17.800000,0,nr_rlc_um,ul,/NodeList/7/DeviceList/0/NrUeRrc/DataRadioBearerMap/1/NrRlc/,1,7,2,2,0,0,0.000000,0,0,999999999B,,
random_seed19001_1791548306465962_pid87,19001,random,17.800000,0,nr_rlc_um,ul,/NodeList/8/DeviceList/0/NrUeRrc/DataRadioBearerMap/1/NrRlc/,2,8,3,1,0,0,0.000000,0,0,999999999B,,
random_seed19001_1791548306465962_pid87,19001,random,17.800000,0,nr_rlc_um,ul,/NodeList/9/DeviceList/0/NrUeRrc/DataRadioBearerMap/1/NrRlc/,3,9,4,1,0,0,0.000000,0,0,999999999B,,
random_seed19001_1791548306465962_pid87,19001,random,17.900000,0,p2p_device,ul,/NodeList/19/DeviceList/3,-1,0,0,-1,0,0,,0,0,600p,80000000,20.000000
random_seed19001_1791548306465962_pid87,19001,random,17.900000,0,p2p_qdisc,ul,/NodeList/19/DeviceList/3,-1,0,0,-1,0,0,,0,0,10240p,80000000,20.000000
random_seed19001_1791548306465962_pid87,19001,random,17.900000,0,p2p_device,dl,/NodeList/0/DeviceList/9,-1,0,0,-1,0,0,,0,0,600p,80000000,20.000000
random_seed19001_1791548306465962_pid87,19001,random,17.900000,0,p2p_qdisc,dl,/NodeList/0/DeviceList/9,-1,0,0,-1,0,0,,0,0,10240p,80000000,20.000000
random_seed19001_1791548306465962_pid87,19001,random,17.900000,0,nr_rlc_um,dl,/NodeList/1/DeviceList/0/NrGnbRrc/UeMap/1/DataRadioBearerMap/1/NrRlc/,-1,4,1,-1,0,0,0.000000,0,0,999999999B,,
random_seed19001_1791548306465962_pid87,19001,random,17.900000,0,nr_rlc_um,dl,/NodeList/1/DeviceList/0/NrGnbRrc/UeMap/2/DataRadioBearerMap/1/NrRlc/,1,7,2,2,0,0,0.000000,0,0,999999999B,,
random_seed19001_1791548306465962_pid87,19001,random,17.900000,0,nr_rlc_um,dl,/NodeList/1/DeviceList/0/NrGnbRrc/UeMap/3/DataRadioBearerMap/1/NrRlc/,2,8,3,1,0,0,0.000000,0,0,999999999B,,
random_seed19001_1791548306465962_pid87,19001,random,17.900000,0,nr_rlc_um,dl,/NodeList/1/DeviceList/0/NrGnbRrc/UeMap/4/DataRadioBearerMap/1/NrRlc/,3,9,4,1,0,0,0.000000,0,0,999999999B,,
random_seed19001_1791548306465962_pid87,19001,random,17.900000,0,nr_rlc_um,ul,/NodeList/4/DeviceList/0/NrUeRrc/DataRadioBearerMap/1/NrRlc/,-1,4,1,-1,0,0,0.000000,0,0,999999999B,,
random_seed19001_1791548306465962_pid87,19001,random,17.900000,0,nr_rlc_um,ul,/NodeList/7/DeviceList/0/NrUeRrc/DataRadioBearerMap/1/NrRlc/,1,7,2,2,0,0,0.000000,0,0,999999999B,,
random_seed19001_1791548306465962_pid87,19001,random,17.900000,0,nr_rlc_um,ul,/NodeList/8/DeviceList/0/NrUeRrc/DataRadioBearerMap/1/NrRlc/,2,8,3,1,0,0,0.000000,0,0,999999999B,,
random_seed19001_1791548306465962_pid87,19001,random,17.900000,0,nr_rlc_um,ul,/NodeList/9/DeviceList/0/NrUeRrc/DataRadioBearerMap/1/NrRlc/,3,9,4,1,0,0,0.000000,0,0,999999999B,,
random_seed19001_1791548306465962_pid87,19001,random,18.000000,0,p2p_device,ul,/NodeList/19/DeviceList/3,-1,0,0,-1,0,0,,0,0,600p,80000000,20.000000
random_seed19001_1791548306465962_pid87,19001,random,18.000000,0,p2p_qdisc,ul,/NodeList/19/DeviceList/3,-1,0,0,-1,0,0,,0,0,10240p,80000000,20.000000
random_seed19001_1791548306465962_pid87,19001,random,18.000000,0,p2p_device,dl,/NodeList/0/DeviceList/9,-1,0,0,-1,0,0,,0,0,600p,80000000,20.000000
random_seed19001_1791548306465962_pid87,19001,random,18.000000,0,p2p_qdisc,dl,/NodeList/0/DeviceList/9,-1,0,0,-1,0,0,,0,0,10240p,80000000,20.000000
random_seed19001_1791548306465962_pid87,19001,random,18.000000,0,nr_rlc_um,dl,/NodeList/1/DeviceList/0/NrGnbRrc/UeMap/1/DataRadioBearerMap/1/NrRlc/,-1,4,1,-1,0,0,0.000000,0,0,999999999B,,
random_seed19001_1791548306465962_pid87,19001,random,18.000000,0,nr_rlc_um,dl,/NodeList/1/DeviceList/0/NrGnbRrc/UeMap/2/DataRadioBearerMap/1/NrRlc/,1,7,2,2,0,0,0.000000,0,0,999999999B,,
random_seed19001_1791548306465962_pid87,19001,random,18.000000,0,nr_rlc_um,dl,/NodeList/1/DeviceList/0/NrGnbRrc/UeMap/3/DataRadioBearerMap/1/NrRlc/,2,8,3,1,0,0,0.000000,0,0,999999999B,,
random_seed19001_1791548306465962_pid87,19001,random,18.000000,0,nr_rlc_um,dl,/NodeList/1/DeviceList/0/NrGnbRrc/UeMap/4/DataRadioBearerMap/1/NrRlc/,3,9,4,1,0,0,0.000000,0,0,999999999B,,
random_seed19001_1791548306465962_pid87,19001,random,18.000000,0,nr_rlc_um,ul,/NodeList/4/DeviceList/0/NrUeRrc/DataRadioBearerMap/1/NrRlc/,-1,4,1,-1,0,0,0.000000,0,0,999999999B,,
random_seed19001_1791548306465962_pid87,19001,random,18.000000,0,nr_rlc_um,ul,/NodeList/7/DeviceList/0/NrUeRrc/DataRadioBearerMap/1/NrRlc/,1,7,2,2,0,0,0.000000,0,0,999999999B,,
random_seed19001_1791548306465962_pid87,19001,random,18.000000,0,nr_rlc_um,ul,/NodeList/8/DeviceList/0/NrUeRrc/DataRadioBearerMap/1/NrRlc/,2,8,3,1,0,0,0.000000,0,0,999999999B,,
random_seed19001_1791548306465962_pid87,19001,random,18.000000,0,nr_rlc_um,ul,/NodeList/9/DeviceList/0/NrUeRrc/DataRadioBearerMap/1/NrRlc/,3,9,4,1,0,0,0.000000,0,0,999999999B,,
random_seed19001_1791548306465962_pid87,19001,random,18.100000,0,p2p_device,ul,/NodeList/19/DeviceList/3,-1,0,0,-1,0,0,,0,0,600p,80000000,20.000000
random_seed19001_1791548306465962_pid87,19001,random,18.100000,0,p2p_qdisc,ul,/NodeList/19/DeviceList/3,-1,0,0,-1,0,0,,0,0,10240p,80000000,20.000000
random_seed19001_1791548306465962_pid87,19001,random,18.100000,0,p2p_device,dl,/NodeList/0/DeviceList/9,-1,0,0,-1,0,0,,0,0,600p,80000000,20.000000
random_seed19001_1791548306465962_pid87,19001,random,18.100000,0,p2p_qdisc,dl,/NodeList/0/DeviceList/9,-1,0,0,-1,0,0,,0,0,10240p,80000000,20.000000
random_seed19001_1791548306465962_pid87,19001,random,18.100000,0,nr_rlc_um,dl,/NodeList/1/DeviceList/0/NrGnbRrc/UeMap/1/DataRadioBearerMap/1/NrRlc/,-1,4,1,-1,0,0,0.000000,0,0,999999999B,,
random_seed19001_1791548306465962_pid87,19001,random,18.100000,0,nr_rlc_um,dl,/NodeList/1/DeviceList/0/NrGnbRrc/UeMap/2/DataRadioBearerMap/1/NrRlc/,1,7,2,2,0,0,0.000000,0,0,999999999B,,
random_seed19001_1791548306465962_pid87,19001,random,18.100000,0,nr_rlc_um,dl,/NodeList/1/DeviceList/0/NrGnbRrc/UeMap/3/DataRadioBearerMap/1/NrRlc/,2,8,3,1,0,0,0.000000,0,0,999999999B,,
random_seed19001_1791548306465962_pid87,19001,random,18.100000,0,nr_rlc_um,dl,/NodeList/1/DeviceList/0/NrGnbRrc/UeMap/4/DataRadioBearerMap/1/NrRlc/,3,9,4,1,0,0,0.000000,0,0,999999999B,,
random_seed19001_1791548306465962_pid87,19001,random,18.100000,0,nr_rlc_um,ul,/NodeList/4/DeviceList/0/NrUeRrc/DataRadioBearerMap/1/NrRlc/,-1,4,1,-1,0,0,0.000000,0,0,999999999B,,
random_seed19001_1791548306465962_pid87,19001,random,18.100000,0,nr_rlc_um,ul,/NodeList/7/DeviceList/0/NrUeRrc/DataRadioBearerMap/1/NrRlc/,1,7,2,2,0,0,0.000000,0,0,999999999B,,
random_seed19001_1791548306465962_pid87,19001,random,18.100000,0,nr_rlc_um,ul,/NodeList/8/DeviceList/0/NrUeRrc/DataRadioBearerMap/1/NrRlc/,2,8,3,1,0,0,0.000000,0,0,999999999B,,
random_seed19001_1791548306465962_pid87,19001,random,18.100000,0,nr_rlc_um,ul,/NodeList/9/DeviceList/0/NrUeRrc/DataRadioBearerMap/1/NrRlc/,3,9,4,1,0,0,0.000000,0,0,999999999B,,
random_seed19001_1791548306465962_pid87,19001,random,18.200000,0,p2p_device,ul,/NodeList/19/DeviceList/3,-1,0,0,-1,0,0,,0,0,600p,80000000,20.000000
random_seed19001_1791548306465962_pid87,19001,random,18.200000,0,p2p_qdisc,ul,/NodeList/19/DeviceList/3,-1,0,0,-1,0,0,,0,0,10240p,80000000,20.000000
random_seed19001_1791548306465962_pid87,19001,random,18.200000,0,p2p_device,dl,/NodeList/0/DeviceList/9,-1,0,0,-1,0,0,,0,0,600p,80000000,20.000000
random_seed19001_1791548306465962_pid87,19001,random,18.200000,0,p2p_qdisc,dl,/NodeList/0/DeviceList/9,-1,0,0,-1,0,0,,0,0,10240p,80000000,20.000000
random_seed19001_1791548306465962_pid87,19001,random,18.200000,0,nr_rlc_um,dl,/NodeList/1/DeviceList/0/NrGnbRrc/UeMap/1/DataRadioBearerMap/1/NrRlc/,-1,4,1,-1,0,0,0.000000,0,0,999999999B,,
random_seed19001_1791548306465962_pid87,19001,random,18.200000,0,nr_rlc_um,dl,/NodeList/1/DeviceList/0/NrGnbRrc/UeMap/2/DataRadioBearerMap/1/NrRlc/,1,7,2,2,0,0,0.000000,0,0,999999999B,,
random_seed19001_1791548306465962_pid87,19001,random,18.200000,0,nr_rlc_um,dl,/NodeList/1/DeviceList/0/NrGnbRrc/UeMap/3/DataRadioBearerMap/1/NrRlc/,2,8,3,1,0,0,0.000000,0,0,999999999B,,
random_seed19001_1791548306465962_pid87,19001,random,18.200000,0,nr_rlc_um,dl,/NodeList/1/DeviceList/0/NrGnbRrc/UeMap/4/DataRadioBearerMap/1/NrRlc/,3,9,4,1,0,0,0.000000,0,0,999999999B,,
random_seed19001_1791548306465962_pid87,19001,random,18.200000,0,nr_rlc_um,ul,/NodeList/4/DeviceList/0/NrUeRrc/DataRadioBearerMap/1/NrRlc/,-1,4,1,-1,0,0,0.000000,0,0,999999999B,,
random_seed19001_1791548306465962_pid87,19001,random,18.200000,0,nr_rlc_um,ul,/NodeList/7/DeviceList/0/NrUeRrc/DataRadioBearerMap/1/NrRlc/,1,7,2,2,0,0,0.000000,0,0,999999999B,,
random_seed19001_1791548306465962_pid87,19001,random,18.200000,0,nr_rlc_um,ul,/NodeList/8/DeviceList/0/NrUeRrc/DataRadioBearerMap/1/NrRlc/,2,8,3,1,0,0,0.000000,0,0,999999999B,,
random_seed19001_1791548306465962_pid87,19001,random,18.200000,0,nr_rlc_um,ul,/NodeList/9/DeviceList/0/NrUeRrc/DataRadioBearerMap/1/NrRlc/,3,9,4,1,0,0,0.000000,0,0,999999999B,,
random_seed19001_1791548306465962_pid87,19001,random,18.300000,0,p2p_device,ul,/NodeList/19/DeviceList/3,-1,0,0,-1,0,0,,0,0,600p,80000000,20.000000
random_seed19001_1791548306465962_pid87,19001,random,18.300000,0,p2p_qdisc,ul,/NodeList/19/DeviceList/3,-1,0,0,-1,0,0,,0,0,10240p,80000000,20.000000
random_seed19001_1791548306465962_pid87,19001,random,18.300000,0,p2p_device,dl,/NodeList/0/DeviceList/9,-1,0,0,-1,0,0,,0,0,600p,80000000,20.000000
random_seed19001_1791548306465962_pid87,19001,random,18.300000,0,p2p_qdisc,dl,/NodeList/0/DeviceList/9,-1,0,0,-1,0,0,,0,0,10240p,80000000,20.000000
random_seed19001_1791548306465962_pid87,19001,random,18.300000,0,nr_rlc_um,dl,/NodeList/1/DeviceList/0/NrGnbRrc/UeMap/1/DataRadioBearerMap/1/NrRlc/,-1,4,1,-1,0,0,0.000000,0,0,999999999B,,
random_seed19001_1791548306465962_pid87,19001,random,18.300000,0,nr_rlc_um,dl,/NodeList/1/DeviceList/0/NrGnbRrc/UeMap/2/DataRadioBearerMap/1/NrRlc/,1,7,2,2,0,0,0.000000,0,0,999999999B,,
random_seed19001_1791548306465962_pid87,19001,random,18.300000,0,nr_rlc_um,dl,/NodeList/1/DeviceList/0/NrGnbRrc/UeMap/3/DataRadioBearerMap/1/NrRlc/,2,8,3,1,0,0,0.000000,0,0,999999999B,,
random_seed19001_1791548306465962_pid87,19001,random,18.300000,0,nr_rlc_um,dl,/NodeList/1/DeviceList/0/NrGnbRrc/UeMap/4/DataRadioBearerMap/1/NrRlc/,3,9,4,1,0,0,0.000000,0,0,999999999B,,
random_seed19001_1791548306465962_pid87,19001,random,18.300000,0,nr_rlc_um,ul,/NodeList/4/DeviceList/0/NrUeRrc/DataRadioBearerMap/1/NrRlc/,-1,4,1,-1,0,0,0.000000,0,0,999999999B,,
random_seed19001_1791548306465962_pid87,19001,random,18.300000,0,nr_rlc_um,ul,/NodeList/7/DeviceList/0/NrUeRrc/DataRadioBearerMap/1/NrRlc/,1,7,2,2,0,0,0.000000,0,0,999999999B,,
random_seed19001_1791548306465962_pid87,19001,random,18.300000,0,nr_rlc_um,ul,/NodeList/8/DeviceList/0/NrUeRrc/DataRadioBearerMap/1/NrRlc/,2,8,3,1,0,0,0.000000,0,0,999999999B,,
random_seed19001_1791548306465962_pid87,19001,random,18.300000,0,nr_rlc_um,ul,/NodeList/9/DeviceList/0/NrUeRrc/DataRadioBearerMap/1/NrRlc/,3,9,4,1,0,0,0.000000,0,0,999999999B,,
random_seed19001_1791548306465962_pid87,19001,random,18.400000,0,p2p_device,ul,/NodeList/19/DeviceList/3,-1,0,0,-1,0,0,,0,0,600p,80000000,20.000000
random_seed19001_1791548306465962_pid87,19001,random,18.400000,0,p2p_qdisc,ul,/NodeList/19/DeviceList/3,-1,0,0,-1,0,0,,0,0,10240p,80000000,20.000000
random_seed19001_1791548306465962_pid87,19001,random,18.400000,0,p2p_device,dl,/NodeList/0/DeviceList/9,-1,0,0,-1,0,0,,0,0,600p,80000000,20.000000
random_seed19001_1791548306465962_pid87,19001,random,18.400000,0,p2p_qdisc,dl,/NodeList/0/DeviceList/9,-1,0,0,-1,0,0,,0,0,10240p,80000000,20.000000
random_seed19001_1791548306465962_pid87,19001,random,18.400000,0,nr_rlc_um,dl,/NodeList/1/DeviceList/0/NrGnbRrc/UeMap/1/DataRadioBearerMap/1/NrRlc/,-1,4,1,-1,0,0,0.000000,0,0,999999999B,,
random_seed19001_1791548306465962_pid87,19001,random,18.400000,0,nr_rlc_um,dl,/NodeList/1/DeviceList/0/NrGnbRrc/UeMap/2/DataRadioBearerMap/1/NrRlc/,1,7,2,2,0,0,0.000000,0,0,999999999B,,
random_seed19001_1791548306465962_pid87,19001,random,18.400000,0,nr_rlc_um,dl,/NodeList/1/DeviceList/0/NrGnbRrc/UeMap/3/DataRadioBearerMap/1/NrRlc/,2,8,3,1,0,0,0.000000,0,0,999999999B,,
random_seed19001_1791548306465962_pid87,19001,random,18.400000,0,nr_rlc_um,dl,/NodeList/1/DeviceList/0/NrGnbRrc/UeMap/4/DataRadioBearerMap/1/NrRlc/,3,9,4,1,0,0,0.000000,0,0,999999999B,,
random_seed19001_1791548306465962_pid87,19001,random,18.400000,0,nr_rlc_um,ul,/NodeList/4/DeviceList/0/NrUeRrc/DataRadioBearerMap/1/NrRlc/,-1,4,1,-1,0,0,0.000000,0,0,999999999B,,
random_seed19001_1791548306465962_pid87,19001,random,18.400000,0,nr_rlc_um,ul,/NodeList/7/DeviceList/0/NrUeRrc/DataRadioBearerMap/1/NrRlc/,1,7,2,2,0,0,0.000000,0,0,999999999B,,
random_seed19001_1791548306465962_pid87,19001,random,18.400000,0,nr_rlc_um,ul,/NodeList/8/DeviceList/0/NrUeRrc/DataRadioBearerMap/1/NrRlc/,2,8,3,1,0,0,0.000000,0,0,999999999B,,
random_seed19001_1791548306465962_pid87,19001,random,18.400000,0,nr_rlc_um,ul,/NodeList/9/DeviceList/0/NrUeRrc/DataRadioBearerMap/1/NrRlc/,3,9,4,1,0,0,0.000000,0,0,999999999B,,
random_seed19001_1791548306465962_pid87,19001,random,18.500000,0,p2p_device,ul,/NodeList/19/DeviceList/3,-1,0,0,-1,0,0,,0,0,600p,80000000,20.000000
random_seed19001_1791548306465962_pid87,19001,random,18.500000,0,p2p_qdisc,ul,/NodeList/19/DeviceList/3,-1,0,0,-1,0,0,,0,0,10240p,80000000,20.000000
random_seed19001_1791548306465962_pid87,19001,random,18.500000,0,p2p_device,dl,/NodeList/0/DeviceList/9,-1,0,0,-1,0,0,,0,0,600p,80000000,20.000000
random_seed19001_1791548306465962_pid87,19001,random,18.500000,0,p2p_qdisc,dl,/NodeList/0/DeviceList/9,-1,0,0,-1,0,0,,0,0,10240p,80000000,20.000000
random_seed19001_1791548306465962_pid87,19001,random,18.500000,0,nr_rlc_um,dl,/NodeList/1/DeviceList/0/NrGnbRrc/UeMap/1/DataRadioBearerMap/1/NrRlc/,-1,4,1,-1,0,0,0.000000,0,0,999999999B,,
random_seed19001_1791548306465962_pid87,19001,random,18.500000,0,nr_rlc_um,dl,/NodeList/1/DeviceList/0/NrGnbRrc/UeMap/2/DataRadioBearerMap/1/NrRlc/,1,7,2,2,0,0,0.000000,0,0,999999999B,,
random_seed19001_1791548306465962_pid87,19001,random,18.500000,0,nr_rlc_um,dl,/NodeList/1/DeviceList/0/NrGnbRrc/UeMap/3/DataRadioBearerMap/1/NrRlc/,2,8,3,1,0,0,0.000000,0,0,999999999B,,
random_seed19001_1791548306465962_pid87,19001,random,18.500000,0,nr_rlc_um,dl,/NodeList/1/DeviceList/0/NrGnbRrc/UeMap/4/DataRadioBearerMap/1/NrRlc/,3,9,4,1,0,0,0.000000,0,0,999999999B,,
random_seed19001_1791548306465962_pid87,19001,random,18.500000,0,nr_rlc_um,ul,/NodeList/4/DeviceList/0/NrUeRrc/DataRadioBearerMap/1/NrRlc/,-1,4,1,-1,0,0,0.000000,0,0,999999999B,,
random_seed19001_1791548306465962_pid87,19001,random,18.500000,0,nr_rlc_um,ul,/NodeList/7/DeviceList/0/NrUeRrc/DataRadioBearerMap/1/NrRlc/,1,7,2,2,0,0,0.000000,0,0,999999999B,,
random_seed19001_1791548306465962_pid87,19001,random,18.500000,0,nr_rlc_um,ul,/NodeList/8/DeviceList/0/NrUeRrc/DataRadioBearerMap/1/NrRlc/,2,8,3,1,0,0,0.000000,0,0,999999999B,,
random_seed19001_1791548306465962_pid87,19001,random,18.500000,0,nr_rlc_um,ul,/NodeList/9/DeviceList/0/NrUeRrc/DataRadioBearerMap/1/NrRlc/,3,9,4,1,0,0,0.000000,0,0,999999999B,,
