run_id,seed,sim_time,cycle_window_id,direction,queue_disc_type,link_bps,received_packets_total,received_bytes_total,sent_packets_total,sent_bytes_total,dropped_packets_total,dropped_bytes_total,queue_bytes
logistic_seed1002_1791578261841652_pid253784,1002,0.000000,0,ul,ns3::FqCoDelQueueDisc,80000000,0,0,0,0,0,0,0
logistic_seed1002_1791578261841652_pid253784,1002,0.000000,0,dl,ns3::FqCoDelQueueDisc,80000000,0,0,0,0,0,0,0
logistic_seed1002_1791578261841652_pid253784,1002,0.100000,0,ul,ns3::FqCoDelQueueDisc,80000000,0,0,0,0,0,0,0
logistic_seed1002_1791578261841652_pid253784,1002,0.100000,0,dl,ns3::FqCoDelQueueDisc,80000000,0,0,0,0,0,0,0
logistic_seed1002_1791578261841652_pid253784,1002,0.200000,0,ul,ns3::FqCoDelQueueDisc,80000000,0,0,0,0,0,0,0
logistic_seed1002_1791578261841652_pid253784,1002,0.200000,0,dl,ns3::FqCoDelQueueDisc,80000000,0,0,0,0,0,0,0
logistic_seed1002_1791578261841652_pid253784,1002,0.300000,0,ul,ns3::FqCoDelQueueDisc,80000000,0,0,0,0,0,0,0
logistic_seed1002_1791578261841652_pid253784,1002,0.300000,0,dl,ns3::FqCoDelQueueDisc,80000000,0,0,0,0,0,0,0
logistic_seed1002_1791578261841652_pid253784,1002,0.400000,0,ul,ns3::FqCoDelQueueDisc,80000000,0,0,0,0,0,0,0
logistic_seed1002_1791578261841652_pid253784,1002,0.400000,0,dl,ns3::FqCoDelQueueDisc,80000000,0,0,0,0,0,0,0
logistic_seed1002_1791578261841652_pid253784,1002,0.500000,0,ul,ns3::FqCoDelQueueDisc,80000000,0,0,0,0,0,0,0
logistic_seed1002_1791578261841652_pid253784,1002,0.500000,0,dl,ns3::FqCoDelQueueDisc,80000000,0,0,0,0,0,0,0
logistic_seed1002_1791578261841652_pid253784,1002,0.600000,0,ul,ns3::FqCoDelQueueDisc,80000000,0,0,0,0,0,0,0
logistic_seed1002_1791578261841652_pid253784,1002,0.600000,0,dl,ns3::FqCoDelQueueDisc,80000000,0,0,0,0,0,0,0
logistic_seed1002_1791578261841652_pid253784,1002,0.700000,0,ul,ns3::FqCoDelQueueDisc,80000000,0,0,0,0,0,0,0
logistic_seed1002_1791578261841652_pid253784,1002,0.700000,0,dl,ns3::FqCoDelQueueDisc,80000000,0,0,0,0,0,0,0
logistic_seed1002_1791578261841652_pid253784,1002,0.800000,0,ul,ns3::FqCoDelQueueDisc,80000000,0,0,0,0,0,0,0
logistic_seed1002_1791578261841652_pid253784,1002,0.800000,0,dl,ns3::FqCoDelQueueDisc,80000000,0,0,0,0,0,0,0
logistic_seed1002_1791578261841652_pid253784,1002,0.900000,0,ul,ns3::FqCoDelQueueDisc,80000000,0,0,0,0,0,0,0
logistic_seed1002_1791578261841652_pid253784,1002,0.900000,0,dl,ns3::FqCoDelQueueDisc,80000000,0,0,0,0,0,0,0
logistic_seed1002_1791578261841652_pid253784,1002,1.000000,0,ul,ns3::FqCoDelQueueDisc,80000000,0,0,0,0,0,0,0
logistic_seed1002_1791578261841652_pid253784,1002,1.000000,0,dl,ns3::FqCoDelQueueDisc,80000000,0,0,0,0,0,0,0
logistic_seed1002_1791578261841652_pid253784,1002,1.100000,0,ul,ns3::FqCoDelQueueDisc,80000000,50,7200,50,7200,0,0,0
logistic_seed1002_1791578261841652_pid253784,1002,1.100000,0,dl,ns3::FqCoDelQueueDisc,80000000,1184,1197712,1184,1197712,0,0,0
logistic_seed1002_1791578261841652_pid253784,1002,1.200000,0,ul,ns3::FqCoDelQueueDisc,80000000,110,16680,110,16680,0,0,0
logistic_seed1002_1791578261841652_pid253784,1002,1.200000,0,dl,ns3::FqCoDelQueueDisc,80000000,2464,2490632,2464,2490632,0,0,0
logistic_seed1002_1791578261841652_pid253784,1002,1.300000,0,ul,ns3::FqCoDelQueueDisc,80000000,170,26160,170,26160,0,0,0
logistic_seed1002_1791578261841652_pid253784,1002,1.300000,0,dl,ns3::FqCoDelQueueDisc,80000000,3714,3751824,3495,3521436,0,0,230388
logistic_seed1002_1791578261841652_pid253784,1002,1.400000,0,ul,ns3::FqCoDelQueueDisc,80000000,230,35640,230,35640,0,0,0
logistic_seed1002_1791578261841652_pid253784,1002,1.400000,0,dl,ns3::FqCoDelQueueDisc,80000000,4963,5011902,4494,4518514,10,10520,482868
logistic_seed1002_1791578261841652_pid253784,1002,1.500000,0,ul,ns3::FqCoDelQueueDisc,80000000,290,45120,290,45120,0,0,0
logistic_seed1002_1791578261841652_pid253784,1002,1.500000,0,dl,ns3::FqCoDelQueueDisc,80000000,5316,5329508,5296,5308468,20,21040,0
logistic_seed1002_1791578261841652_pid253784,1002,1.600000,0,ul,ns3::FqCoDelQueueDisc,80000000,350,54600,350,54600,0,0,0
logistic_seed1002_1791578261841652_pid253784,1002,1.600000,0,dl,ns3::FqCoDelQueueDisc,80000000,5376,5338988,5356,5317948,20,21040,0
logistic_seed1002_1791578261841652_pid253784,1002,1.700000,0,ul,ns3::FqCoDelQueueDisc,80000000,410,64080,410,64080,0,0,0
logistic_seed1002_1791578261841652_pid253784,1002,1.700000,0,dl,ns3::FqCoDelQueueDisc,80000000,6552,6522500,6532,6501460,20,21040,0
logistic_seed1002_1791578261841652_pid253784,1002,1.800000,0,ul,ns3::FqCoDelQueueDisc,80000000,480,75840,480,75840,0,0,0
logistic_seed1002_1791578261841652_pid253784,1002,1.800000,0,dl,ns3::FqCoDelQueueDisc,80000000,7829,7812034,7809,7790994,20,21040,0
logistic_seed1002_1791578261841652_pid253784,1002,1.900000,0,ul,ns3::FqCoDelQueueDisc,80000000,540,85320,540,85320,0,0,0
logistic_seed1002_1791578261841652_pid253784,1002,1.900000,0,dl,ns3::FqCoDelQueueDisc,80000000,8178,8125432,8158,8104392,20,21040,0
logistic_seed1002_1791578261841652_pid253784,1002,2.000000,0,ul,ns3::FqCoDelQueueDisc,80000000,600,94800,600,94800,0,0,0
logistic_seed1002_1791578261841652_pid253784,1002,2.000000,0,dl,ns3::FqCoDelQueueDisc,80000000,8238,8134912,8218,8113872,20,21040,0
logistic_seed1002_1791578261841652_pid253784,1002,2.100000,0,ul,ns3::FqCoDelQueueDisc,80000000,660,104280,660,104280,0,0,0
logistic_seed1002_1791578261841652_pid253784,1002,2.100000,0,dl,ns3::FqCoDelQueueDisc,80000000,9402,9305642,9382,9284602,20,21040,0
logistic_seed1002_1791578261841652_pid253784,1002,2.200000,0,ul,ns3::FqCoDelQueueDisc,80000000,720,113760,720,113760,0,0,0
logistic_seed1002_1791578261841652_pid253784,1002,2.200000,0,dl,ns3::FqCoDelQueueDisc,80000000,10659,10574311,10639,10553271,20,21040,0
logistic_seed1002_1791578261841652_pid253784,1002,2.300000,0,ul,ns3::FqCoDelQueueDisc,80000000,780,123240,780,123240,0,0,0
logistic_seed1002_1791578261841652_pid253784,1002,2.300000,0,dl,ns3::FqCoDelQueueDisc,80000000,10980,10858264,10960,10837224,20,21040,0
logistic_seed1002_1791578261841652_pid253784,1002,2.400000,0,ul,ns3::FqCoDelQueueDisc,80000000,840,132720,840,132720,0,0,0
logistic_seed1002_1791578261841652_pid253784,1002,2.400000,0,dl,ns3::FqCoDelQueueDisc,80000000,11040,10867744,11020,10846704,20,21040,0
logistic_seed1002_1791578261841652_pid253784,1002,2.500000,0,ul,ns3::FqCoDelQueueDisc,80000000,900,142200,900,142200,0,0,0
logistic_seed1002_1791578261841652_pid253784,1002,2.500000,0,dl,ns3::FqCoDelQueueDisc,80000000,11100,10877224,11080,10856184,20,21040,0
logistic_seed1002_1791578261841652_pid253784,1002,2.600000,0,ul,ns3::FqCoDelQueueDisc,80000000,960,151680,960,151680,0,0,0
logistic_seed1002_1791578261841652_pid253784,1002,2.600000,0,dl,ns3::FqCoDelQueueDisc,80000000,11160,10886704,11140,10865664,20,21040,0
logistic_seed1002_1791578261841652_pid253784,1002,2.700000,0,ul,ns3::FqCoDelQueueDisc,80000000,1020,161160,1020,161160,0,0,0
logistic_seed1002_1791578261841652_pid253784,1002,2.700000,0,dl,ns3::FqCoDelQueueDisc,80000000,12324,12057434,12304,12036394,20,21040,0
logistic_seed1002_1791578261841652_pid253784,1002,2.800000,0,ul,ns3::FqCoDelQueueDisc,80000000,1080,170640,1080,170640,0,0,0
logistic_seed1002_1791578261841652_pid253784,1002,2.800000,0,dl,ns3::FqCoDelQueueDisc,80000000,13581,13326103,13561,13305063,20,21040,0
logistic_seed1002_1791578261841652_pid253784,1002,2.900000,0,ul,ns3::FqCoDelQueueDisc,80000000,1140,180120,1140,180120,0,0,0
logistic_seed1002_1791578261841652_pid253784,1002,2.900000,0,dl,ns3::FqCoDelQueueDisc,80000000,13902,13610056,13882,13589016,20,21040,0
logistic_seed1002_1791578261841652_pid253784,1002,3.000000,0,ul,ns3::FqCoDelQueueDisc,80000000,1200,189600,1200,189600,0,0,0
logistic_seed1002_1791578261841652_pid253784,1002,3.000000,0,dl,ns3::FqCoDelQueueDisc,80000000,13962,13619536,13942,13598496,20,21040,0
logistic_seed1002_1791578261841652_pid253784,1002,3.100000,0,ul,ns3::FqCoDelQueueDisc,80000000,1260,199080,1260,199080,0,0,0
logistic_seed1002_1791578261841652_pid253784,1002,3.100000,0,dl,ns3::FqCoDelQueueDisc,80000000,14022,13629016,14002,13607976,20,21040,0
logistic_seed1002_1791578261841652_pid253784,1002,3.200000,0,ul,ns3::FqCoDelQueueDisc,80000000,1320,208560,1320,208560,0,0,0
logistic_seed1002_1791578261841652_pid253784,1002,3.200000,0,dl,ns3::FqCoDelQueueDisc,80000000,14082,13638496,14062,13617456,20,21040,0
logistic_seed1002_1791578261841652_pid253784,1002,3.300000,0,ul,ns3::FqCoDelQueueDisc,80000000,1380,218040,1380,218040,0,0,0
logistic_seed1002_1791578261841652_pid253784,1002,3.300000,0,dl,ns3::FqCoDelQueueDisc,80000000,15246,14809226,15226,14788186,20,21040,0
logistic_seed1002_1791578261841652_pid253784,1002,3.400000,0,ul,ns3::FqCoDelQueueDisc,80000000,1440,227520,1440,227520,0,0,0
logistic_seed1002_1791578261841652_pid253784,1002,3.400000,0,dl,ns3::FqCoDelQueueDisc,80000000,16503,16077895,16483,16056855,20,21040,0
logistic_seed1002_1791578261841652_pid253784,1002,3.500000,0,ul,ns3::FqCoDelQueueDisc,80000000,1500,237000,1500,237000,0,0,0
logistic_seed1002_1791578261841652_pid253784,1002,3.500000,0,dl,ns3::FqCoDelQueueDisc,80000000,16824,16361848,16804,16340808,20,21040,0
logistic_seed1002_1791578261841652_pid253784,1002,3.600000,0,ul,ns3::FqCoDelQueueDisc,80000000,1560,246480,1560,246480,0,0,0
logistic_seed1002_1791578261841652_pid253784,1002,3.600000,0,dl,ns3::FqCoDelQueueDisc,80000000,16884,16371328,16864,16350288,20,21040,0
logistic_seed1002_1791578261841652_pid253784,1002,3.700000,0,ul,ns3::FqCoDelQueueDisc,80000000,1620,255960,1620,255960,0,0,0
logistic_seed1002_1791578261841652_pid253784,1002,3.700000,0,dl,ns3::FqCoDelQueueDisc,80000000,16944,16380808,16924,16359768,20,21040,0
logistic_seed1002_1791578261841652_pid253784,1002,3.800000,0,ul,ns3::FqCoDelQueueDisc,80000000,1680,265440,1680,265440,0,0,0
logistic_seed1002_1791578261841652_pid253784,1002,3.800000,0,dl,ns3::FqCoDelQueueDisc,80000000,17004,16390288,16984,16369248,20,21040,0
logistic_seed1002_1791578261841652_pid253784,1002,3.900000,0,ul,ns3::FqCoDelQueueDisc,80000000,1740,274920,1740,274920,0,0,0
logistic_seed1002_1791578261841652_pid253784,1002,3.900000,0,dl,ns3::FqCoDelQueueDisc,80000000,18180,17573800,18160,17552760,20,21040,0
logistic_seed1002_1791578261841652_pid253784,1002,4.000000,1,ul,ns3::FqCoDelQueueDisc,80000000,1800,284400,1800,284400,0,0,0
logistic_seed1002_1791578261841652_pid253784,1002,4.000000,1,dl,ns3::FqCoDelQueueDisc,80000000,19457,18863334,19437,18842294,20,21040,0
logistic_seed1002_1791578261841652_pid253784,1002,4.100000,1,ul,ns3::FqCoDelQueueDisc,80000000,1860,293880,1860,293880,0,0,0
logistic_seed1002_1791578261841652_pid253784,1002,4.100000,1,dl,ns3::FqCoDelQueueDisc,80000000,19806,19176732,19786,19155692,20,21040,0
logistic_seed1002_1791578261841652_pid253784,1002,4.200000,1,ul,ns3::FqCoDelQueueDisc,80000000,1920,303360,1920,303360,0,0,0
logistic_seed1002_1791578261841652_pid253784,1002,4.200000,1,dl,ns3::FqCoDelQueueDisc,80000000,19866,19186212,19846,19165172,20,21040,0
logistic_seed1002_1791578261841652_pid253784,1002,4.300000,1,ul,ns3::FqCoDelQueueDisc,80000000,1980,312840,1980,312840,0,0,0
logistic_seed1002_1791578261841652_pid253784,1002,4.300000,1,dl,ns3::FqCoDelQueueDisc,80000000,21056,20384452,21036,20363412,20,21040,0
logistic_seed1002_1791578261841652_pid253784,1002,4.400000,1,ul,ns3::FqCoDelQueueDisc,80000000,2049,322824,2049,322824,0,0,0
logistic_seed1002_1791578261841652_pid253784,1002,4.400000,1,dl,ns3::FqCoDelQueueDisc,80000000,22373,21681101,22353,21660061,20,21040,0
logistic_seed1002_1791578261841652_pid253784,1002,4.500000,1,ul,ns3::FqCoDelQueueDisc,80000000,2127,333240,2127,333240,0,0,0
logistic_seed1002_1791578261841652_pid253784,1002,4.500000,1,dl,ns3::FqCoDelQueueDisc,80000000,23632,22942761,23382,22679761,20,21040,241960
logistic_seed1002_1791578261841652_pid253784,1002,4.600000,1,ul,ns3::FqCoDelQueueDisc,80000000,2187,342720,2187,342720,0,0,0
logistic_seed1002_1791578261841652_pid253784,1002,4.600000,1,dl,ns3::FqCoDelQueueDisc,80000000,24881,24202839,24390,23686307,30,31560,484972
logistic_seed1002_1791578261841652_pid253784,1002,4.700000,1,ul,ns3::FqCoDelQueueDisc,80000000,2247,352200,2247,352200,0,0,0
logistic_seed1002_1791578261841652_pid253784,1002,4.700000,1,dl,ns3::FqCoDelQueueDisc,80000000,25234,24520445,25194,24478365,40,42080,0
logistic_seed1002_1791578261841652_pid253784,1002,4.800000,1,ul,ns3::FqCoDelQueueDisc,80000000,2307,361680,2307,361680,0,0,0
logistic_seed1002_1791578261841652_pid253784,1002,4.800000,1,dl,ns3::FqCoDelQueueDisc,80000000,25294,24529925,25254,24487845,40,42080,0
logistic_seed1002_1791578261841652_pid253784,1002,4.900000,1,ul,ns3::FqCoDelQueueDisc,80000000,2367,371160,2367,371160,0,0,0
logistic_seed1002_1791578261841652_pid253784,1002,4.900000,1,dl,ns3::FqCoDelQueueDisc,80000000,26470,25713437,26430,25671357,40,42080,0
logistic_seed1002_1791578261841652_pid253784,1002,5.000000,1,ul,ns3::FqCoDelQueueDisc,80000000,2427,380640,2427,380640,0,0,0
logistic_seed1002_1791578261841652_pid253784,1002,5.000000,1,dl,ns3::FqCoDelQueueDisc,80000000,27747,27002971,27707,26960891,40,42080,0
logistic_seed1002_1791578261841652_pid253784,1002,5.100000,1,ul,ns3::FqCoDelQueueDisc,80000000,2497,392400,2497,392400,0,0,0
logistic_seed1002_1791578261841652_pid253784,1002,5.100000,1,dl,ns3::FqCoDelQueueDisc,80000000,28096,27316369,28056,27274289,40,42080,0
logistic_seed1002_1791578261841652_pid253784,1002,5.200000,1,ul,ns3::FqCoDelQueueDisc,80000000,2558,403108,2558,403108,0,0,0
logistic_seed1002_1791578261841652_pid253784,1002,5.200000,1,dl,ns3::FqCoDelQueueDisc,80000000,28157,27327077,28117,27284997,40,42080,0
logistic_seed1002_1791578261841652_pid253784,1002,5.300000,1,ul,ns3::FqCoDelQueueDisc,80000000,2672,415432,2672,415432,0,0,0
logistic_seed1002_1791578261841652_pid253784,1002,5.300000,1,dl,ns3::FqCoDelQueueDisc,80000000,29429,28551699,29389,28509619,40,42080,0
logistic_seed1002_1791578261841652_pid253784,1002,5.400000,1,ul,ns3::FqCoDelQueueDisc,80000000,2814,430352,2814,430352,0,0,0
logistic_seed1002_1791578261841652_pid253784,1002,5.400000,1,dl,ns3::FqCoDelQueueDisc,80000000,31073,30048564,30752,29780483,40,42080,226001
logistic_seed1002_1791578261841652_pid253784,1002,5.500000,1,ul,ns3::FqCoDelQueueDisc,80000000,2974,445032,2974,445032,0,0,0
logistic_seed1002_1791578261841652_pid253784,1002,5.500000,1,dl,ns3::FqCoDelQueueDisc,80000000,31586,30445413,31546,30403333,40,42080,0
logistic_seed1002_1791578261841652_pid253784,1002,5.600000,1,ul,ns3::FqCoDelQueueDisc,80000000,3504,480128,3504,480128,0,0,0
logistic_seed1002_1791578261841652_pid253784,1002,5.600000,1,dl,ns3::FqCoDelQueueDisc,80000000,33443,31512169,33397,31466561,40,42080,3528
logistic_seed1002_1791578261841652_pid253784,1002,5.700000,1,ul,ns3::FqCoDelQueueDisc,80000000,4378,531936,4378,531936,0,0,0
logistic_seed1002_1791578261841652_pid253784,1002,5.700000,1,dl,ns3::FqCoDelQueueDisc,80000000,36005,32975017,35131,32457665,40,42080,475272
logistic_seed1002_1791578261841652_pid253784,1002,5.800000,1,ul,ns3::FqCoDelQueueDisc,80000000,5327,589196,5327,589196,0,0,0
logistic_seed1002_1791578261841652_pid253784,1002,5.800000,1,dl,ns3::FqCoDelQueueDisc,80000000,37793,33959753,36910,33442413,49,47132,470208
logistic_seed1002_1791578261841652_pid253784,1002,5.900000,1,ul,ns3::FqCoDelQueueDisc,80000000,6844,686072,6844,686072,0,0,0
logistic_seed1002_1791578261841652_pid253784,1002,5.900000,1,dl,ns3::FqCoDelQueueDisc,80000000,39312,35336693,38456,34543901,67,57092,735700
logistic_seed1002_1791578261841652_pid253784,1002,6.000000,1,ul,ns3::FqCoDelQueueDisc,80000000,7689,751716,7689,751716,0,0,0
logistic_seed1002_1791578261841652_pid253784,1002,6.000000,1,dl,ns3::FqCoDelQueueDisc,80000000,40859,36784835,39710,35691651,77,67612,1025572
logistic_seed1002_1791578261841652_pid253784,1002,6.100000,1,ul,ns3::FqCoDelQueueDisc,80000000,7819,765236,7819,765236,0,0,0
logistic_seed1002_1791578261841652_pid253784,1002,6.100000,1,dl,ns3::FqCoDelQueueDisc,80000000,42535,37875517,40847,36547931,98,89240,1238346
logistic_seed1002_1791578261841652_pid253784,1002,6.200000,1,ul,ns3::FqCoDelQueueDisc,80000000,8328,799932,8328,799932,0,0,0
logistic_seed1002_1791578261841652_pid253784,1002,6.200000,1,dl,ns3::FqCoDelQueueDisc,80000000,43414,38357597,42206,37511185,127,112788,733624
logistic_seed1002_1791578261841652_pid253784,1002,6.300000,1,ul,ns3::FqCoDelQueueDisc,80000000,9233,862496,9233,862496,0,0,0
logistic_seed1002_1791578261841652_pid253784,1002,6.300000,1,dl,ns3::FqCoDelQueueDisc,80000000,45506,40082869,43616,38527113,150,130024,1425732
logistic_seed1002_1791578261841652_pid253784,1002,6.400000,1,ul,ns3::FqCoDelQueueDisc,80000000,10117,932768,10117,932768,0,0,0
logistic_seed1002_1791578261841652_pid253784,1002,6.400000,1,dl,ns3::FqCoDelQueueDisc,80000000,47181,41608689,45001,39515481,197,168796,1924412
logistic_seed1002_1791578261841652_pid253784,1002,6.500000,1,ul,ns3::FqCoDelQueueDisc,80000000,10969,998152,10969,998152,0,0,0
logistic_seed1002_1791578261841652_pid253784,1002,6.500000,1,dl,ns3::FqCoDelQueueDisc,80000000,49604,43555237,46432,40503389,237,205308,2846540
logistic_seed1002_1791578261841652_pid253784,1002,6.600000,1,ul,ns3::FqCoDelQueueDisc,80000000,11809,1060552,11809,1060552,0,0,0
logistic_seed1002_1791578261841652_pid253784,1002,6.600000,1,dl,ns3::FqCoDelQueueDisc,80000000,52595,45836923,47902,41494221,294,254600,4088102
logistic_seed1002_1791578261841652_pid253784,1002,6.700000,1,ul,ns3::FqCoDelQueueDisc,80000000,12795,1128752,12795,1128752,0,0,0
logistic_seed1002_1791578261841652_pid253784,1002,6.700000,1,dl,ns3::FqCoDelQueueDisc,80000000,54294,46945977,49379,42490881,365,312124,4142972
logistic_seed1002_1791578261841652_pid253784,1002,6.800000,1,ul,ns3::FqCoDelQueueDisc,80000000,13953,1215968,13953,1215968,0,0,0
logistic_seed1002_1791578261841652_pid253784,1002,6.800000,1,dl,ns3::FqCoDelQueueDisc,80000000,55314,47519513,50857,43488449,456,385784,3645280
logistic_seed1002_1791578261841652_pid253784,1002,6.900000,1,ul,ns3::FqCoDelQueueDisc,80000000,15068,1305508,15068,1305508,0,0,0
logistic_seed1002_1791578261841652_pid253784,1002,6.900000,1,dl,ns3::FqCoDelQueueDisc,80000000,56932,48959665,52330,44491957,550,463328,4004380
logistic_seed1002_1791578261841652_pid253784,1002,7.000000,1,ul,ns3::FqCoDelQueueDisc,80000000,16171,1395356,16171,1395356,0,0,0
logistic_seed1002_1791578261841652_pid253784,1002,7.000000,1,dl,ns3::FqCoDelQueueDisc,80000000,58891,50649055,53771,45505817,643,543068,4600170
logistic_seed1002_1791578261841652_pid253784,1002,7.100000,1,ul,ns3::FqCoDelQueueDisc,80000000,17133,1473223,17133,1473223,0,0,0
logistic_seed1002_1791578261841652_pid253784,1002,7.100000,1,dl,ns3::FqCoDelQueueDisc,80000000,60054,51434745,55157,46517699,726,617392,4299654
logistic_seed1002_1791578261841652_pid253784,1002,7.200000,1,ul,ns3::FqCoDelQueueDisc,80000000,18009,1544451,18009,1544451,0,0,0
logistic_seed1002_1791578261841652_pid253784,1002,7.200000,1,dl,ns3::FqCoDelQueueDisc,80000000,60797,51833745,56514,47518547,811,696604,3618594
logistic_seed1002_1791578261841652_pid253784,1002,7.300000,1,ul,ns3::FqCoDelQueueDisc,80000000,18775,1605211,18775,1605211,0,0,0
logistic_seed1002_1791578261841652_pid253784,1002,7.300000,1,dl,ns3::FqCoDelQueueDisc,80000000,62666,53419015,57818,48525213,880,769192,4124610
logistic_seed1002_1791578261841652_pid253784,1002,7.400000,1,ul,ns3::FqCoDelQueueDisc,80000000,19290,1640087,19290,1640087,0,0,0
logistic_seed1002_1791578261841652_pid253784,1002,7.400000,1,dl,ns3::FqCoDelQueueDisc,80000000,64559,55061652,59148,49587649,953,845988,4628015
logistic_seed1002_1791578261841652_pid253784,1002,7.500000,1,ul,ns3::FqCoDelQueueDisc,80000000,19623,1663763,19623,1663763,0,0,0
logistic_seed1002_1791578261841652_pid253784,1002,7.500000,1,dl,ns3::FqCoDelQueueDisc,80000000,65586,55760733,60445,50567019,1027,923836,4269878
logistic_seed1002_1791578261841652_pid253784,1002,7.600000,1,ul,ns3::FqCoDelQueueDisc,80000000,20057,1692691,20057,1692691,0,0,0
logistic_seed1002_1791578261841652_pid253784,1002,7.600000,1,dl,ns3::FqCoDelQueueDisc,80000000,66676,56375853,61775,51480091,1117,1015732,3880030
logistic_seed1002_1791578261841652_pid253784,1002,7.700000,1,ul,ns3::FqCoDelQueueDisc,80000000,20705,1734155,20705,1734155,0,0,0
logistic_seed1002_1791578261841652_pid253784,1002,7.700000,1,dl,ns3::FqCoDelQueueDisc,80000000,68310,57306709,63227,52474921,1212,1113352,3718436
logistic_seed1002_1791578261841652_pid253784,1002,7.800000,1,ul,ns3::FqCoDelQueueDisc,80000000,21579,1792131,21579,1792131,0,0,0
logistic_seed1002_1791578261841652_pid253784,1002,7.800000,1,dl,ns3::FqCoDelQueueDisc,80000000,69659,58072753,64678,53468071,1318,1217394,3387288
logistic_seed1002_1791578261841652_pid253784,1002,7.900000,1,ul,ns3::FqCoDelQueueDisc,80000000,22449,1857035,22449,1857035,0,0,0
logistic_seed1002_1791578261841652_pid253784,1002,7.900000,1,dl,ns3::FqCoDelQueueDisc,80000000,71283,59511707,66131,54464139,1436,1332250,3715318
logistic_seed1002_1791578261841652_pid253784,1002,8.000000,1,ul,ns3::FqCoDelQueueDisc,80000000,23316,1922495,23316,1922495,0,0,0
logistic_seed1002_1791578261841652_pid253784,1002,8.000000,1,dl,ns3::FqCoDelQueueDisc,80000000,73577,61389060,67583,55453001,1563,1454254,4481805
logistic_seed1002_1791578261841652_pid253784,1002,8.100000,1,ul,ns3::FqCoDelQueueDisc,80000000,24192,1988495,24192,1988495,0,0,0
logistic_seed1002_1791578261841652_pid253784,1002,8.100000,1,dl,ns3::FqCoDelQueueDisc,80000000,75011,62326201,69048,56456217,1700,1585850,4284134
logistic_seed1002_1791578261841652_pid253784,1002,8.200000,1,ul,ns3::FqCoDelQueueDisc,80000000,25076,2054899,25076,2054899,0,0,0
logistic_seed1002_1791578261841652_pid253784,1002,8.200000,1,dl,ns3::FqCoDelQueueDisc,80000000,76211,62996389,70517,57439951,1847,1723698,3832740
logistic_seed1002_1791578261841652_pid253784,1002,8.300000,1,ul,ns3::FqCoDelQueueDisc,80000000,25927,2118015,25927,2118015,0,0,0
logistic_seed1002_1791578261841652_pid253784,1002,8.300000,1,dl,ns3::FqCoDelQueueDisc,80000000,77287,63603277,71998,58434851,2002,1870054,3298372
logistic_seed1002_1791578261841652_pid253784,1002,8.400000,1,ul,ns3::FqCoDelQueueDisc,80000000,26820,2184811,26820,2184811,0,0,0
logistic_seed1002_1791578261841652_pid253784,1002,8.400000,1,dl,ns3::FqCoDelQueueDisc,80000000,78612,64356577,73492,59425331,2163,2021330,2909916
logistic_seed1002_1791578261841652_pid253784,1002,8.500000,1,ul,ns3::FqCoDelQueueDisc,80000000,27707,2248543,27707,2248543,0,0,0
logistic_seed1002_1791578261841652_pid253784,1002,8.500000,1,dl,ns3::FqCoDelQueueDisc,80000000,81142,66330515,75037,60427151,2352,2191368,3711996
logistic_seed1002_1791578261841652_pid253784,1002,8.600000,1,ul,ns3::FqCoDelQueueDisc,80000000,28684,2319171,28684,2319171,0,0,0
logistic_seed1002_1791578261841652_pid253784,1002,8.600000,1,dl,ns3::FqCoDelQueueDisc,80000000,83886,68473100,76574,61423915,2569,2380212,4668973
logistic_seed1002_1791578261841652_pid253784,1002,8.700000,1,ul,ns3::FqCoDelQueueDisc,80000000,29877,2407863,29877,2407863,0,0,0
logistic_seed1002_1791578261841652_pid253784,1002,8.700000,1,dl,ns3::FqCoDelQueueDisc,80000000,85705,69637877,78106,62420963,2750,2549280,4667634
logistic_seed1002_1791578261841652_pid253784,1002,8.800000,1,ul,ns3::FqCoDelQueueDisc,80000000,31108,2500091,31108,2500091,0,0,0
logistic_seed1002_1791578261841652_pid253784,1002,8.800000,1,dl,ns3::FqCoDelQueueDisc,80000000,86934,70332465,79625,63425865,2918,2714880,4191720
logistic_seed1002_1791578261841652_pid253784,1002,8.900000,1,ul,ns3::FqCoDelQueueDisc,80000000,32117,2577223,32117,2577223,0,0,0
logistic_seed1002_1791578261841652_pid253784,1002,8.900000,1,dl,ns3::FqCoDelQueueDisc,80000000,87716,70762777,81115,64441657,3087,2883760,3437360
logistic_seed1002_1791578261841652_pid253784,1002,9.000000,1,ul,ns3::FqCoDelQueueDisc,80000000,33080,2651019,33080,2651019,0,0,0
logistic_seed1002_1791578261841652_pid253784,1002,9.000000,1,dl,ns3::FqCoDelQueueDisc,80000000,88389,71131093,82544,65444177,3268,3061622,2625294
logistic_seed1002_1791578261841652_pid253784,1002,9.100000,1,ul,ns3::FqCoDelQueueDisc,80000000,33953,2718423,33953,2718423,0,0,0
logistic_seed1002_1791578261841652_pid253784,1002,9.100000,1,dl,ns3::FqCoDelQueueDisc,80000000,90382,72794737,83961,66468881,3447,3240186,3085670
logistic_seed1002_1791578261841652_pid253784,1002,9.200000,1,ul,ns3::FqCoDelQueueDisc,80000000,34748,2780563,34748,2780563,0,0,0
logistic_seed1002_1791578261841652_pid253784,1002,9.200000,1,dl,ns3::FqCoDelQueueDisc,80000000,92364,74498451,85320,67490915,3626,3420142,3587394
logistic_seed1002_1791578261841652_pid253784,1002,9.300000,1,ul,ns3::FqCoDelQueueDisc,80000000,35379,2829927,35379,2829927,0,0,0
logistic_seed1002_1791578261841652_pid253784,1002,9.300000,1,dl,ns3::FqCoDelQueueDisc,80000000,93377,75202281,86609,68485071,3793,3595826,3121384
logistic_seed1002_1791578261841652_pid253784,1002,9.400000,1,ul,ns3::FqCoDelQueueDisc,80000000,35857,2862343,35857,2862343,0,0,0
logistic_seed1002_1791578261841652_pid253784,1002,9.400000,1,dl,ns3::FqCoDelQueueDisc,80000000,93972,75526341,87909,69550699,3968,3779880,2195762
logistic_seed1002_1791578261841652_pid253784,1002,9.500000,1,ul,ns3::FqCoDelQueueDisc,80000000,36162,2884563,36162,2884563,0,0,0
logistic_seed1002_1791578261841652_pid253784,1002,9.500000,1,dl,ns3::FqCoDelQueueDisc,80000000,95658,77016229,89144,70562777,4143,3963980,2489472
logistic_seed1002_1791578261841652_pid253784,1002,9.600000,1,ul,ns3::FqCoDelQueueDisc,80000000,36456,2906235,36456,2906235,0,0,0
logistic_seed1002_1791578261841652_pid253784,1002,9.600000,1,dl,ns3::FqCoDelQueueDisc,80000000,97426,78596093,90361,71558305,4327,4157548,2880240
logistic_seed1002_1791578261841652_pid253784,1002,9.700000,1,ul,ns3::FqCoDelQueueDisc,80000000,36748,2927779,36748,2927779,0,0,0
logistic_seed1002_1791578261841652_pid253784,1002,9.700000,1,dl,ns3::FqCoDelQueueDisc,80000000,99201,80165449,91577,72539761,4517,4357428,3268260
logistic_seed1002_1791578261841652_pid253784,1002,9.800000,1,ul,ns3::FqCoDelQueueDisc,80000000,37072,2951019,37072,2951019,0,0,0
logistic_seed1002_1791578261841652_pid253784,1002,9.800000,1,dl,ns3::FqCoDelQueueDisc,80000000,100999,81748339,92797,73514565,4709,4559412,3674362
logistic_seed1002_1791578261841652_pid253784,1002,9.900000,1,ul,ns3::FqCoDelQueueDisc,80000000,37396,2974227,37396,2974227,0,0,0
logistic_seed1002_1791578261841652_pid253784,1002,9.900000,1,dl,ns3::FqCoDelQueueDisc,80000000,101911,82393565,94029,74496403,4905,4765604,3131558
logistic_seed1002_1791578261841652_pid253784,1002,10.000000,1,ul,ns3::FqCoDelQueueDisc,80000000,37729,2997935,37729,2997935,0,0,0
logistic_seed1002_1791578261841652_pid253784,1002,10.000000,1,dl,ns3::FqCoDelQueueDisc,80000000,102559,82748789,95259,75463847,5107,4978108,2306834
logistic_seed1002_1791578261841652_pid253784,1002,10.100000,1,ul,ns3::FqCoDelQueueDisc,80000000,38082,3022659,38082,3022659,0,0,0
logistic_seed1002_1791578261841652_pid253784,1002,10.100000,1,dl,ns3::FqCoDelQueueDisc,80000000,104369,84305093,96506,76428317,5317,5198984,2677792
logistic_seed1002_1791578261841652_pid253784,1002,10.200000,1,ul,ns3::FqCoDelQueueDisc,80000000,38457,3048519,38457,3048519,0,0,0
logistic_seed1002_1791578261841652_pid253784,1002,10.200000,1,dl,ns3::FqCoDelQueueDisc,80000000,106344,86004915,97762,77405061,5525,5417800,3182054
logistic_seed1002_1791578261841652_pid253784,1002,10.300000,1,ul,ns3::FqCoDelQueueDisc,80000000,38870,3076355,38870,3076355,0,0,0
logistic_seed1002_1791578261841652_pid253784,1002,10.300000,1,dl,ns3::FqCoDelQueueDisc,80000000,107340,86698749,99054,78418057,5745,5649194,2631498
logistic_seed1002_1791578261841652_pid253784,1002,10.400000,1,ul,ns3::FqCoDelQueueDisc,80000000,39258,3102891,39258,3102891,0,0,0
logistic_seed1002_1791578261841652_pid253784,1002,10.400000,1,dl,ns3::FqCoDelQueueDisc,80000000,107972,87043685,100336,79423527,5889,5800682,1819476
logistic_seed1002_1791578261841652_pid253784,1002,10.500000,1,ul,ns3::FqCoDelQueueDisc,80000000,39606,3127347,39606,3127347,0,0,0
logistic_seed1002_1791578261841652_pid253784,1002,10.500000,1,dl,ns3::FqCoDelQueueDisc,80000000,109696,88541015,101560,80452064,5984,5900553,2188398
logistic_seed1002_1791578261841652_pid253784,1002,10.600000,1,ul,ns3::FqCoDelQueueDisc,80000000,39933,3150711,39933,3150711,0,0,0
logistic_seed1002_1791578261841652_pid253784,1002,10.600000,1,dl,ns3::FqCoDelQueueDisc,80000000,111436,90093688,102797,81453718,6131,6055197,2584773
logistic_seed1002_1791578261841652_pid253784,1002,10.700000,1,ul,ns3::FqCoDelQueueDisc,80000000,40264,3174283,40264,3174283,0,0,0
logistic_seed1002_1791578261841652_pid253784,1002,10.700000,1,dl,ns3::FqCoDelQueueDisc,80000000,112306,90700453,104074,82461834,6365,6301365,1937254
logistic_seed1002_1791578261841652_pid253784,1002,10.800000,1,ul,ns3::FqCoDelQueueDisc,80000000,40663,3201391,40663,3201391,0,0,0
logistic_seed1002_1791578261841652_pid253784,1002,10.800000,1,dl,ns3::FqCoDelQueueDisc,80000000,112967,91063321,105352,83457819,6472,6413918,1191584
logistic_seed1002_1791578261841652_pid253784,1002,10.900000,1,ul,ns3::FqCoDelQueueDisc,80000000,41045,3227615,41045,3227615,0,0,0
logistic_seed1002_1791578261841652_pid253784,1002,10.900000,1,dl,ns3::FqCoDelQueueDisc,80000000,113687,91460881,106633,84466295,6573,6520170,474416
logistic_seed1002_1791578261841652_pid253784,1002,11.000000,1,ul,ns3::FqCoDelQueueDisc,80000000,41408,3252851,41408,3252851,0,0,0
logistic_seed1002_1791578261841652_pid253784,1002,11.000000,1,dl,ns3::FqCoDelQueueDisc,80000000,114290,91786013,107653,85198515,6637,6587498,0
logistic_seed1002_1791578261841652_pid253784,1002,11.100000,1,ul,ns3::FqCoDelQueueDisc,80000000,41815,3280375,41815,3280375,0,0,0
logistic_seed1002_1791578261841652_pid253784,1002,11.100000,1,dl,ns3::FqCoDelQueueDisc,80000000,116162,93377797,109175,86440195,6637,6587498,350104
logistic_seed1002_1791578261841652_pid253784,1002,11.200000,1,ul,ns3::FqCoDelQueueDisc,80000000,42080,3300515,42080,3300515,0,0,0
logistic_seed1002_1791578261841652_pid253784,1002,11.200000,1,dl,ns3::FqCoDelQueueDisc,80000000,117767,94857515,110352,87472997,6684,6636942,747576
logistic_seed1002_1791578261841652_pid253784,1002,11.300000,1,ul,ns3::FqCoDelQueueDisc,80000000,42296,3318107,42296,3318107,0,0,0
logistic_seed1002_1791578261841652_pid253784,1002,11.300000,1,dl,ns3::FqCoDelQueueDisc,80000000,118436,95359073,111507,88471859,6818,6777910,109304
logistic_seed1002_1791578261841652_pid253784,1002,11.400000,1,ul,ns3::FqCoDelQueueDisc,80000000,42563,3338351,42563,3338351,0,0,0
logistic_seed1002_1791578261841652_pid253784,1002,11.400000,1,dl,ns3::FqCoDelQueueDisc,80000000,118842,95572001,112001,88769895,6841,6802106,0
logistic_seed1002_1791578261841652_pid253784,1002,11.500000,1,ul,ns3::FqCoDelQueueDisc,80000000,42886,3361507,42886,3361507,0,0,0
logistic_seed1002_1791578261841652_pid253784,1002,11.500000,1,dl,ns3::FqCoDelQueueDisc,80000000,120615,97113045,113739,90274583,6841,6802106,36356
logistic_seed1002_1791578261841652_pid253784,1002,11.600000,1,ul,ns3::FqCoDelQueueDisc,80000000,43116,3379827,43116,3379827,0,0,0
logistic_seed1002_1791578261841652_pid253784,1002,11.600000,1,dl,ns3::FqCoDelQueueDisc,80000000,122230,98602513,114894,91282915,6841,6802106,517492
logistic_seed1002_1791578261841652_pid253784,1002,11.700000,1,ul,ns3::FqCoDelQueueDisc,80000000,43348,3400011,43348,3400011,0,0,0
logistic_seed1002_1791578261841652_pid253784,1002,11.700000,1,dl,ns3::FqCoDelQueueDisc,80000000,123765,100030493,116030,92287899,6897,6861018,881576
logistic_seed1002_1791578261841652_pid253784,1002,11.800000,1,ul,ns3::FqCoDelQueueDisc,80000000,43546,3416667,43546,3416667,0,0,0
logistic_seed1002_1791578261841652_pid253784,1002,11.800000,1,dl,ns3::FqCoDelQueueDisc,80000000,125280,101446187,117149,93289087,6943,6909410,1247690
logistic_seed1002_1791578261841652_pid253784,1002,11.900000,1,ul,ns3::FqCoDelQueueDisc,80000000,43729,3432543,43729,3432543,0,0,0
logistic_seed1002_1791578261841652_pid253784,1002,11.900000,1,dl,ns3::FqCoDelQueueDisc,80000000,125869,101902025,118251,94282625,6999,6968322,651078
logistic_seed1002_1791578261841652_pid253784,1002,12.000000,1,ul,ns3::FqCoDelQueueDisc,80000000,43897,3447639,43897,3447639,0,0,0
logistic_seed1002_1791578261841652_pid253784,1002,12.000000,1,dl,ns3::FqCoDelQueueDisc,80000000,126035,101973833,119004,94971847,7031,7001986,0
logistic_seed1002_1791578261841652_pid253784,1002,12.100000,1,ul,ns3::FqCoDelQueueDisc,80000000,44015,3460135,44015,3460135,0,0,0
logistic_seed1002_1791578261841652_pid253784,1002,12.100000,1,dl,ns3::FqCoDelQueueDisc,80000000,127240,103172381,120209,96170395,7031,7001986,0
logistic_seed1002_1791578261841652_pid253784,1002,12.200000,1,ul,ns3::FqCoDelQueueDisc,80000000,44075,3469615,44075,3469615,0,0,0
logistic_seed1002_1791578261841652_pid253784,1002,12.200000,1,dl,ns3::FqCoDelQueueDisc,80000000,128518,104461967,121354,97320065,7031,7001986,139916
logistic_seed1002_1791578261841652_pid253784,1002,12.300000,1,ul,ns3::FqCoDelQueueDisc,80000000,44135,3479095,44135,3479095,0,0,0
logistic_seed1002_1791578261841652_pid253784,1002,12.300000,1,dl,ns3::FqCoDelQueueDisc,80000000,128867,104775365,121836,97773379,7031,7001986,0
logistic_seed1002_1791578261841652_pid253784,1002,12.400000,1,ul,ns3::FqCoDelQueueDisc,80000000,44195,3488575,44195,3488575,0,0,0
logistic_seed1002_1791578261841652_pid253784,1002,12.400000,1,dl,ns3::FqCoDelQueueDisc,80000000,128927,104784845,121896,97782859,7031,7001986,0
logistic_seed1002_1791578261841652_pid253784,1002,12.500000,1,ul,ns3::FqCoDelQueueDisc,80000000,44255,3498055,44255,3498055,0,0,0
logistic_seed1002_1791578261841652_pid253784,1002,12.500000,1,dl,ns3::FqCoDelQueueDisc,80000000,130091,105955575,123060,98953589,7031,7001986,0
logistic_seed1002_1791578261841652_pid253784,1002,12.600000,1,ul,ns3::FqCoDelQueueDisc,80000000,44315,3507535,44315,3507535,0,0,0
logistic_seed1002_1791578261841652_pid253784,1002,12.600000,1,dl,ns3::FqCoDelQueueDisc,80000000,131348,107224244,124317,100222258,7031,7001986,0
logistic_seed1002_1791578261841652_pid253784,1002,12.700000,1,ul,ns3::FqCoDelQueueDisc,80000000,44375,3517015,44375,3517015,0,0,0
logistic_seed1002_1791578261841652_pid253784,1002,12.700000,1,dl,ns3::FqCoDelQueueDisc,80000000,131669,107508197,124638,100506211,7031,7001986,0
logistic_seed1002_1791578261841652_pid253784,1002,12.800000,1,ul,ns3::FqCoDelQueueDisc,80000000,44435,3526495,44435,3526495,0,0,0
logistic_seed1002_1791578261841652_pid253784,1002,12.800000,1,dl,ns3::FqCoDelQueueDisc,80000000,131729,107517677,124698,100515691,7031,7001986,0
logistic_seed1002_1791578261841652_pid253784,1002,12.900000,1,ul,ns3::FqCoDelQueueDisc,80000000,44495,3535975,44495,3535975,0,0,0
logistic_seed1002_1791578261841652_pid253784,1002,12.900000,1,dl,ns3::FqCoDelQueueDisc,80000000,131789,107527157,124758,100525171,7031,7001986,0
logistic_seed1002_1791578261841652_pid253784,1002,13.000000,1,ul,ns3::FqCoDelQueueDisc,80000000,44555,3545455,44555,3545455,0,0,0
logistic_seed1002_1791578261841652_pid253784,1002,13.000000,1,dl,ns3::FqCoDelQueueDisc,80000000,131849,107536637,124818,100534651,7031,7001986,0
logistic_seed1002_1791578261841652_pid253784,1002,13.100000,1,ul,ns3::FqCoDelQueueDisc,80000000,44615,3554935,44615,3554935,0,0,0
logistic_seed1002_1791578261841652_pid253784,1002,13.100000,1,dl,ns3::FqCoDelQueueDisc,80000000,133013,108707367,125982,101705381,7031,7001986,0
logistic_seed1002_1791578261841652_pid253784,1002,13.200000,1,ul,ns3::FqCoDelQueueDisc,80000000,44675,3564415,44675,3564415,0,0,0
logistic_seed1002_1791578261841652_pid253784,1002,13.200000,1,dl,ns3::FqCoDelQueueDisc,80000000,134270,109976036,127239,102974050,7031,7001986,0
logistic_seed1002_1791578261841652_pid253784,1002,13.300000,1,ul,ns3::FqCoDelQueueDisc,80000000,44735,3573895,44735,3573895,0,0,0
logistic_seed1002_1791578261841652_pid253784,1002,13.300000,1,dl,ns3::FqCoDelQueueDisc,80000000,134591,110259989,127560,103258003,7031,7001986,0
logistic_seed1002_1791578261841652_pid253784,1002,13.400000,1,ul,ns3::FqCoDelQueueDisc,80000000,44938,3585263,44938,3585263,0,0,0
logistic_seed1002_1791578261841652_pid253784,1002,13.400000,1,dl,ns3::FqCoDelQueueDisc,80000000,136961,112731481,128652,104385039,7031,7001986,1344456
logistic_seed1002_1791578261841652_pid253784,1002,13.500000,2,ul,ns3::FqCoDelQueueDisc,80000000,44938,3585263,44938,3585263,0,0,0
logistic_seed1002_1791578261841652_pid253784,1002,13.500000,2,dl,ns3::FqCoDelQueueDisc,80000000,141705,117722169,129601,105383387,7060,7032494,5306288
logistic_seed1002_1791578261841652_pid253784,1002,13.600000,2,ul,ns3::FqCoDelQueueDisc,80000000,44938,3585263,44938,3585263,0,0,0
logistic_seed1002_1791578261841652_pid253784,1002,13.600000,2,dl,ns3::FqCoDelQueueDisc,80000000,146082,122325927,130549,106380683,7089,7063002,8882242
logistic_seed1002_1791578261841652_pid253784,1002,13.700000,2,ul,ns3::FqCoDelQueueDisc,80000000,44938,3585263,44938,3585263,0,0,0
logistic_seed1002_1791578261841652_pid253784,1002,13.700000,2,dl,ns3::FqCoDelQueueDisc,80000000,150826,127316344,131498,107379031,9132,9212238,10725075
logistic_seed1002_1791578261841652_pid253784,1002,13.800000,2,ul,ns3::FqCoDelQueueDisc,80000000,44938,3585263,44938,3585263,0,0,0
logistic_seed1002_1791578261841652_pid253784,1002,13.800000,2,dl,ns3::FqCoDelQueueDisc,80000000,155570,132306339,132447,108377379,12913,13189038,10739922
logistic_seed1002_1791578261841652_pid253784,1002,13.900000,2,ul,ns3::FqCoDelQueueDisc,80000000,44938,3585263,44938,3585263,0,0,0
logistic_seed1002_1791578261841652_pid253784,1002,13.900000,2,dl,ns3::FqCoDelQueueDisc,80000000,156496,133280249,133396,109375727,13726,14044314,9860208
logistic_seed1002_1791578261841652_pid253784,1002,14.000000,2,ul,ns3::FqCoDelQueueDisc,80000000,44938,3585263,44938,3585263,0,0,0
logistic_seed1002_1791578261841652_pid253784,1002,14.000000,2,dl,ns3::FqCoDelQueueDisc,80000000,158844,135750311,134345,110374052,14283,14630267,10745992
logistic_seed1002_1791578261841652_pid253784,1002,14.100000,2,ul,ns3::FqCoDelQueueDisc,80000000,44938,3585263,44938,3585263,0,0,0
logistic_seed1002_1791578261841652_pid253784,1002,14.100000,2,dl,ns3::FqCoDelQueueDisc,80000000,163588,140740838,135293,111371238,18080,18624228,10745372
logistic_seed1002_1791578261841652_pid253784,1002,14.200000,2,ul,ns3::FqCoDelQueueDisc,80000000,44938,3585263,44938,3585263,0,0,0
logistic_seed1002_1791578261841652_pid253784,1002,14.200000,2,dl,ns3::FqCoDelQueueDisc,80000000,166977,144305241,136242,112369494,20854,21542065,10393682
logistic_seed1002_1791578261841652_pid253784,1002,14.300000,2,ul,ns3::FqCoDelQueueDisc,80000000,44938,3585263,44938,3585263,0,0,0
logistic_seed1002_1791578261841652_pid253784,1002,14.300000,2,dl,ns3::FqCoDelQueueDisc,80000000,170637,148155221,137191,113367798,23513,24339267,10448156
logistic_seed1002_1791578261841652_pid253784,1002,14.400000,2,ul,ns3::FqCoDelQueueDisc,80000000,44938,3585263,44938,3585263,0,0,0
logistic_seed1002_1791578261841652_pid253784,1002,14.400000,2,dl,ns3::FqCoDelQueueDisc,80000000,172985,150625122,138140,114366146,24614,25497485,10761491
logistic_seed1002_1791578261841652_pid253784,1002,14.500000,2,ul,ns3::FqCoDelQueueDisc,80000000,44938,3585263,44938,3585263,0,0,0
logistic_seed1002_1791578261841652_pid253784,1002,14.500000,2,dl,ns3::FqCoDelQueueDisc,80000000,177729,155615216,139089,115364264,28403,29483054,10767898
logistic_seed1002_1791578261841652_pid253784,1002,14.600000,2,ul,ns3::FqCoDelQueueDisc,80000000,44938,3585263,44938,3585263,0,0,0
logistic_seed1002_1791578261841652_pid253784,1002,14.600000,2,dl,ns3::FqCoDelQueueDisc,80000000,181065,159124127,140038,116362589,31140,32362081,10399457
logistic_seed1002_1791578261841652_pid253784,1002,14.700000,2,ul,ns3::FqCoDelQueueDisc,80000000,44939,3586491,44939,3586491,0,0,0
logistic_seed1002_1791578261841652_pid253784,1002,14.700000,2,dl,ns3::FqCoDelQueueDisc,80000000,184116,162333675,140987,117360538,33367,34704520,10268617
logistic_seed1002_1791578261841652_pid253784,1002,14.800000,2,ul,ns3::FqCoDelQueueDisc,80000000,44939,3586491,44939,3586491,0,0,0
logistic_seed1002_1791578261841652_pid253784,1002,14.800000,2,dl,ns3::FqCoDelQueueDisc,80000000,184116,162333675,141936,118358886,33649,35001184,8973605
logistic_seed1002_1791578261841652_pid253784,1002,14.900000,2,ul,ns3::FqCoDelQueueDisc,80000000,44940,3587719,44940,3587719,0,0,0
logistic_seed1002_1791578261841652_pid253784,1002,14.900000,2,dl,ns3::FqCoDelQueueDisc,80000000,187777,166184883,142884,119356358,34974,36395017,10433508
logistic_seed1002_1791578261841652_pid253784,1002,15.000000,2,ul,ns3::FqCoDelQueueDisc,80000000,44940,3587719,44940,3587719,0,0,0
logistic_seed1002_1791578261841652_pid253784,1002,15.000000,2,dl,ns3::FqCoDelQueueDisc,80000000,190125,168654784,143833,120354695,36057,37534333,10765756
logistic_seed1002_1791578261841652_pid253784,1002,15.100000,2,ul,ns3::FqCoDelQueueDisc,80000000,44941,3588947,44941,3588947,0,0,0
logistic_seed1002_1791578261841652_pid253784,1002,15.100000,2,dl,ns3::FqCoDelQueueDisc,80000000,194870,173646106,144782,121352786,39904,41581200,10712120
logistic_seed1002_1791578261841652_pid253784,1002,15.200000,2,ul,ns3::FqCoDelQueueDisc,80000000,44941,3588947,44941,3588947,0,0,0
logistic_seed1002_1791578261841652_pid253784,1002,15.200000,2,dl,ns3::FqCoDelQueueDisc,80000000,198206,177155017,145731,122350950,42633,44451720,10352347
logistic_seed1002_1791578261841652_pid253784,1002,15.300000,2,ul,ns3::FqCoDelQueueDisc,80000000,44942,3590175,44942,3590175,0,0,0
logistic_seed1002_1791578261841652_pid253784,1002,15.300000,2,dl,ns3::FqCoDelQueueDisc,80000000,201867,181006225,146680,123349474,45250,47204383,10452368
logistic_seed1002_1791578261841652_pid253784,1002,15.400000,2,ul,ns3::FqCoDelQueueDisc,80000000,44942,3590175,44942,3590175,0,0,0
logistic_seed1002_1791578261841652_pid253784,1002,15.400000,2,dl,ns3::FqCoDelQueueDisc,80000000,201867,181006225,147628,124346586,45639,47613439,9046200
logistic_seed1002_1791578261841652_pid253784,1002,15.500000,2,ul,ns3::FqCoDelQueueDisc,80000000,44943,3591403,44943,3591403,0,0,0
logistic_seed1002_1791578261841652_pid253784,1002,15.500000,2,dl,ns3::FqCoDelQueueDisc,80000000,201868,181007453,148577,125345099,46058,48054227,7608127
logistic_seed1002_1791578261841652_pid253784,1002,15.600000,2,ul,ns3::FqCoDelQueueDisc,80000000,44943,3591403,44943,3591403,0,0,0
logistic_seed1002_1791578261841652_pid253784,1002,15.600000,2,dl,ns3::FqCoDelQueueDisc,80000000,204216,183477354,149526,126343304,46487,48505501,8628549
logistic_seed1002_1791578261841652_pid253784,1002,15.700000,2,ul,ns3::FqCoDelQueueDisc,80000000,44944,3592631,44944,3592631,0,0,0
logistic_seed1002_1791578261841652_pid253784,1002,15.700000,2,dl,ns3::FqCoDelQueueDisc,80000000,208961,188468554,150475,127341795,48300,50412634,10714125
logistic_seed1002_1791578261841652_pid253784,1002,15.800000,2,ul,ns3::FqCoDelQueueDisc,80000000,44944,3592631,44944,3592631,0,0,0
logistic_seed1002_1791578261841652_pid253784,1002,15.800000,2,dl,ns3::FqCoDelQueueDisc,80000000,213706,193459865,151423,128338976,52097,54406644,10714245
logistic_seed1002_1791578261841652_pid253784,1002,15.900000,2,ul,ns3::FqCoDelQueueDisc,80000000,44945,3593859,44945,3593859,0,0,0
logistic_seed1002_1791578261841652_pid253784,1002,15.900000,2,dl,ns3::FqCoDelQueueDisc,80000000,214642,194444460,152372,129337247,53235,55603457,9503756
logistic_seed1002_1791578261841652_pid253784,1002,16.000000,2,ul,ns3::FqCoDelQueueDisc,80000000,44945,3593859,44945,3593859,0,0,0
logistic_seed1002_1791578261841652_pid253784,1002,16.000000,2,dl,ns3::FqCoDelQueueDisc,80000000,214642,194444460,153321,130335538,53751,56146174,7962748
logistic_seed1002_1791578261841652_pid253784,1002,16.100000,2,ul,ns3::FqCoDelQueueDisc,80000000,44946,3595087,44946,3595087,0,0,0
logistic_seed1002_1791578261841652_pid253784,1002,16.100000,2,dl,ns3::FqCoDelQueueDisc,80000000,214643,194445688,154270,131334039,54284,56706890,6404759
logistic_seed1002_1791578261841652_pid253784,1002,16.200000,2,ul,ns3::FqCoDelQueueDisc,80000000,44946,3595087,44946,3595087,0,0,0
logistic_seed1002_1791578261841652_pid253784,1002,16.200000,2,dl,ns3::FqCoDelQueueDisc,80000000,216991,196915750,155219,132332057,54830,57281271,7302422
logistic_seed1002_1791578261841652_pid253784,1002,16.300000,2,ul,ns3::FqCoDelQueueDisc,80000000,44947,3596315,44947,3596315,0,0,0
logistic_seed1002_1791578261841652_pid253784,1002,16.300000,2,dl,ns3::FqCoDelQueueDisc,80000000,221736,201907482,156167,133329518,55423,57905107,10672857
logistic_seed1002_1791578261841652_pid253784,1002,16.400000,2,ul,ns3::FqCoDelQueueDisc,80000000,44947,3596315,44947,3596315,0,0,0
logistic_seed1002_1791578261841652_pid253784,1002,16.400000,2,dl,ns3::FqCoDelQueueDisc,80000000,226480,206897270,157116,134327844,59142,61817088,10752338
logistic_seed1002_1791578261841652_pid253784,1002,16.500000,2,ul,ns3::FqCoDelQueueDisc,80000000,44948,3597543,44948,3597543,0,0,0
logistic_seed1002_1791578261841652_pid253784,1002,16.500000,2,dl,ns3::FqCoDelQueueDisc,80000000,227466,207934476,158065,135326368,60466,63209925,9398183
logistic_seed1002_1791578261841652_pid253784,1002,16.600000,2,ul,ns3::FqCoDelQueueDisc,80000000,44949,3597599,44949,3597599,0,0,0
logistic_seed1002_1791578261841652_pid253784,1002,16.600000,2,dl,ns3::FqCoDelQueueDisc,80000000,229815,210404600,159014,136323528,61109,63886338,10194734
logistic_seed1002_1791578261841652_pid253784,1002,16.700000,2,ul,ns3::FqCoDelQueueDisc,80000000,44951,3597718,44951,3597718,0,0,0
logistic_seed1002_1791578261841652_pid253784,1002,16.700000,2,dl,ns3::FqCoDelQueueDisc,80000000,234561,215395392,159964,137320882,64384,67331052,10743458
logistic_seed1002_1791578261841652_pid253784,1002,16.800000,2,ul,ns3::FqCoDelQueueDisc,80000000,44951,3597718,44951,3597718,0,0,0
logistic_seed1002_1791578261841652_pid253784,1002,16.800000,2,dl,ns3::FqCoDelQueueDisc,80000000,239304,220385028,160914,138320194,68185,71329202,10735632
logistic_seed1002_1791578261841652_pid253784,1002,16.900000,2,ul,ns3::FqCoDelQueueDisc,80000000,44951,3597718,44951,3597718,0,0,0
logistic_seed1002_1791578261841652_pid253784,1002,16.900000,2,dl,ns3::FqCoDelQueueDisc,80000000,244049,225376331,161863,139318542,71958,75298398,10759391
logistic_seed1002_1791578261841652_pid253784,1002,17.000000,2,ul,ns3::FqCoDelQueueDisc,80000000,44951,3597718,44951,3597718,0,0,0
logistic_seed1002_1791578261841652_pid253784,1002,17.000000,2,dl,ns3::FqCoDelQueueDisc,80000000,248793,230366316,162812,140316890,75748,79285478,10763948
logistic_seed1002_1791578261841652_pid253784,1002,17.100000,2,ul,ns3::FqCoDelQueueDisc,80000000,44951,3597718,44951,3597718,0,0,0
logistic_seed1002_1791578261841652_pid253784,1002,17.100000,2,dl,ns3::FqCoDelQueueDisc,80000000,249742,231364444,163761,141315238,77112,80720378,9328828
logistic_seed1002_1791578261841652_pid253784,1002,17.200000,2,ul,ns3::FqCoDelQueueDisc,80000000,44951,3597718,44951,3597718,0,0,0
logistic_seed1002_1791578261841652_pid253784,1002,17.200000,2,dl,ns3::FqCoDelQueueDisc,80000000,252090,233834506,164709,142312534,77881,81529366,9992606
logistic_seed1002_1791578261841652_pid253784,1002,17.300000,2,ul,ns3::FqCoDelQueueDisc,80000000,44951,3597718,44951,3597718,0,0,0
logistic_seed1002_1791578261841652_pid253784,1002,17.300000,2,dl,ns3::FqCoDelQueueDisc,80000000,256834,238825010,165658,143310491,80954,84761852,10752667
logistic_seed1002_1791578261841652_pid253784,1002,17.400000,2,ul,ns3::FqCoDelQueueDisc,80000000,44951,3597718,44951,3597718,0,0,0
logistic_seed1002_1791578261841652_pid253784,1002,17.400000,2,dl,ns3::FqCoDelQueueDisc,80000000,261578,243814798,166607,144308795,84765,88770519,10735484
logistic_seed1002_1791578261841652_pid253784,1002,17.500000,2,ul,ns3::FqCoDelQueueDisc,80000000,44951,3597718,44951,3597718,0,0,0
logistic_seed1002_1791578261841652_pid253784,1002,17.500000,2,dl,ns3::FqCoDelQueueDisc,80000000,262563,244850776,167556,145307044,86201,90281180,9262552
logistic_seed1002_1791578261841652_pid253784,1002,17.600000,2,ul,ns3::FqCoDelQueueDisc,80000000,44951,3597718,44951,3597718,0,0,0
logistic_seed1002_1791578261841652_pid253784,1002,17.600000,2,dl,ns3::FqCoDelQueueDisc,80000000,264911,247320677,168505,146305392,87053,91177461,9837824
logistic_seed1002_1791578261841652_pid253784,1002,17.700000,2,ul,ns3::FqCoDelQueueDisc,80000000,44951,3597718,44951,3597718,0,0,0
logistic_seed1002_1791578261841652_pid253784,1002,17.700000,2,dl,ns3::FqCoDelQueueDisc,80000000,269655,252310649,169454,147303556,90016,94294043,10713050
logistic_seed1002_1791578261841652_pid253784,1002,17.800000,2,ul,ns3::FqCoDelQueueDisc,80000000,44951,3597718,44951,3597718,0,0,0
logistic_seed1002_1791578261841652_pid253784,1002,17.800000,2,dl,ns3::FqCoDelQueueDisc,80000000,274400,257301960,170403,148301749,93777,98250037,10750174
logistic_seed1002_1791578261841652_pid253784,1002,17.900000,2,ul,ns3::FqCoDelQueueDisc,80000000,44951,3597718,44951,3597718,0,0,0
logistic_seed1002_1791578261841652_pid253784,1002,17.900000,2,dl,ns3::FqCoDelQueueDisc,80000000,275335,258285327,171352,149299948,95253,99802345,9183034
logistic_seed1002_1791578261841652_pid253784,1002,18.000000,2,ul,ns3::FqCoDelQueueDisc,80000000,44951,3597718,44951,3597718,0,0,0
logistic_seed1002_1791578261841652_pid253784,1002,18.000000,2,dl,ns3::FqCoDelQueueDisc,80000000,275335,258285327,172300,150297244,96158,100754382,7233701
logistic_seed1002_1791578261841652_pid253784,1002,18.100000,2,ul,ns3::FqCoDelQueueDisc,80000000,44951,3597718,44951,3597718,0,0,0
logistic_seed1002_1791578261841652_pid253784,1002,18.100000,2,dl,ns3::FqCoDelQueueDisc,80000000,275335,258285327,173249,151295481,97097,101742111,5247735
logistic_seed1002_1791578261841652_pid253784,1002,18.200000,2,ul,ns3::FqCoDelQueueDisc,80000000,44951,3597718,44951,3597718,0,0,0
logistic_seed1002_1791578261841652_pid253784,1002,18.200000,2,dl,ns3::FqCoDelQueueDisc,80000000,277683,260755389,174198,152293675,98048,102742486,5719228
logistic_seed1002_1791578261841652_pid253784,1002,18.300000,2,ul,ns3::FqCoDelQueueDisc,80000000,44951,3597718,44951,3597718,0,0,0
logistic_seed1002_1791578261841652_pid253784,1002,18.300000,2,dl,ns3::FqCoDelQueueDisc,80000000,282427,265745806,175147,153291946,99033,103778684,8675176
logistic_seed1002_1791578261841652_pid253784,1002,18.400000,2,ul,ns3::FqCoDelQueueDisc,80000000,44951,3597718,44951,3597718,0,0,0
logistic_seed1002_1791578261841652_pid253784,1002,18.400000,2,dl,ns3::FqCoDelQueueDisc,80000000,287171,270735801,176096,154290118,100849,105688940,10756743
logistic_seed1002_1791578261841652_pid253784,1002,18.500000,2,ul,ns3::FqCoDelQueueDisc,80000000,44951,3597718,44951,3597718,0,0,0
logistic_seed1002_1791578261841652_pid253784,1002,18.500000,2,dl,ns3::FqCoDelQueueDisc,80000000,288097,271709711,177045,155288455,102451,107374244,9047012
logistic_seed1002_1791578261841652_pid253784,1002,18.600000,2,ul,ns3::FqCoDelQueueDisc,80000000,44951,3597718,44951,3597718,0,0,0
logistic_seed1002_1791578261841652_pid253784,1002,18.600000,2,dl,ns3::FqCoDelQueueDisc,80000000,290445,274179779,177994,156286704,103479,108455700,9437375
logistic_seed1002_1791578261841652_pid253784,1002,18.700000,2,ul,ns3::FqCoDelQueueDisc,80000000,44951,3597718,44951,3597718,0,0,0
logistic_seed1002_1791578261841652_pid253784,1002,18.700000,2,dl,ns3::FqCoDelQueueDisc,80000000,295189,279170467,178942,157283943,106016,111124049,10762475
logistic_seed1002_1791578261841652_pid253784,1002,18.800000,2,ul,ns3::FqCoDelQueueDisc,80000000,44951,3597718,44951,3597718,0,0,0
logistic_seed1002_1791578261841652_pid253784,1002,18.800000,2,dl,ns3::FqCoDelQueueDisc,80000000,299544,283751081,179891,158282203,109454,114740486,10728392
logistic_seed1002_1791578261841652_pid253784,1002,18.900000,2,ul,ns3::FqCoDelQueueDisc,80000000,44951,3597718,44951,3597718,0,0,0
logistic_seed1002_1791578261841652_pid253784,1002,18.900000,2,dl,ns3::FqCoDelQueueDisc,80000000,304288,288741498,180840,159280551,113240,118723259,10737688
logistic_seed1002_1791578261841652_pid253784,1002,19.000000,2,ul,ns3::FqCoDelQueueDisc,80000000,44951,3597718,44951,3597718,0,0,0
logistic_seed1002_1791578261841652_pid253784,1002,19.000000,2,dl,ns3::FqCoDelQueueDisc,80000000,309032,293731493,181789,160278703,117055,122736096,10716694
logistic_seed1002_1791578261841652_pid253784,1002,19.100000,2,ul,ns3::FqCoDelQueueDisc,80000000,44951,3597718,44951,3597718,0,0,0
logistic_seed1002_1791578261841652_pid253784,1002,19.100000,2,dl,ns3::FqCoDelQueueDisc,80000000,309958,294705403,182738,161277051,118674,124439101,8989251
logistic_seed1002_1791578261841652_pid253784,1002,19.200000,2,ul,ns3::FqCoDelQueueDisc,80000000,44951,3597718,44951,3597718,0,0,0
logistic_seed1002_1791578261841652_pid253784,1002,19.200000,2,dl,ns3::FqCoDelQueueDisc,80000000,312306,297175465,183687,162275365,119852,125678357,9221743
logistic_seed1002_1791578261841652_pid253784,1002,19.300000,2,ul,ns3::FqCoDelQueueDisc,80000000,44951,3597718,44951,3597718,0,0,0
logistic_seed1002_1791578261841652_pid253784,1002,19.300000,2,dl,ns3::FqCoDelQueueDisc,80000000,317050,302165992,184635,163272240,122230,128179657,10714095
logistic_seed1002_1791578261841652_pid253784,1002,19.400000,2,ul,ns3::FqCoDelQueueDisc,80000000,44951,3597718,44951,3597718,0,0,0
logistic_seed1002_1791578261841652_pid253784,1002,19.400000,2,dl,ns3::FqCoDelQueueDisc,80000000,320439,305730395,185585,164271519,125219,131323876,10135000
logistic_seed1002_1791578261841652_pid253784,1002,19.500000,2,ul,ns3::FqCoDelQueueDisc,80000000,44951,3597718,44951,3597718,0,0,0
logistic_seed1002_1791578261841652_pid253784,1002,19.500000,2,dl,ns3::FqCoDelQueueDisc,80000000,324099,309580375,186533,165268815,127780,134018048,10293512
logistic_seed1002_1791578261841652_pid253784,1002,19.600000,2,ul,ns3::FqCoDelQueueDisc,80000000,44951,3597718,44951,3597718,0,0,0
logistic_seed1002_1791578261841652_pid253784,1002,19.600000,2,dl,ns3::FqCoDelQueueDisc,80000000,326447,312050276,187482,166267163,128956,135255200,10527913
logistic_seed1002_1791578261841652_pid253784,1002,19.700000,2,ul,ns3::FqCoDelQueueDisc,80000000,44951,3597718,44951,3597718,0,0,0
logistic_seed1002_1791578261841652_pid253784,1002,19.700000,2,dl,ns3::FqCoDelQueueDisc,80000000,331191,317040370,188431,167265488,132561,139046959,10727923
logistic_seed1002_1791578261841652_pid253784,1002,19.800000,2,ul,ns3::FqCoDelQueueDisc,80000000,44951,3597718,44951,3597718,0,0,0
logistic_seed1002_1791578261841652_pid253784,1002,19.800000,2,dl,ns3::FqCoDelQueueDisc,80000000,334527,320549281,189380,168263813,135617,142261368,10024100
logistic_seed1002_1791578261841652_pid253784,1002,19.900000,2,ul,ns3::FqCoDelQueueDisc,80000000,44951,3597718,44951,3597718,0,0,0
logistic_seed1002_1791578261841652_pid253784,1002,19.900000,2,dl,ns3::FqCoDelQueueDisc,80000000,337577,323757601,190329,169261931,137789,144545830,9949840
logistic_seed1002_1791578261841652_pid253784,1002,20.000000,2,ul,ns3::FqCoDelQueueDisc,80000000,44951,3597718,44951,3597718,0,0,0
logistic_seed1002_1791578261841652_pid253784,1002,20.000000,2,dl,ns3::FqCoDelQueueDisc,80000000,337577,323757601,191278,170260235,139106,145931237,7566129
logistic_seed1002_1791578261841652_pid253784,1002,20.100000,2,ul,ns3::FqCoDelQueueDisc,80000000,44951,3597718,44951,3597718,0,0,0
logistic_seed1002_1791578261841652_pid253784,1002,20.100000,2,dl,ns3::FqCoDelQueueDisc,80000000,341237,327607581,192226,171257399,140417,147310365,9039817
logistic_seed1002_1791578261841652_pid253784,1002,20.200000,2,ul,ns3::FqCoDelQueueDisc,80000000,44951,3597718,44951,3597718,0,0,0
logistic_seed1002_1791578261841652_pid253784,1002,20.200000,2,dl,ns3::FqCoDelQueueDisc,80000000,343585,330077482,193175,172255736,141797,148761982,9059764
logistic_seed1002_1791578261841652_pid253784,1002,20.300000,2,ul,ns3::FqCoDelQueueDisc,80000000,44951,3597718,44951,3597718,0,0,0
logistic_seed1002_1791578261841652_pid253784,1002,20.300000,2,dl,ns3::FqCoDelQueueDisc,80000000,348329,335067576,194124,173253979,143983,151061542,10752055
logistic_seed1002_1791578261841652_pid253784,1002,20.400000,2,ul,ns3::FqCoDelQueueDisc,80000000,44951,3597718,44951,3597718,0,0,0
logistic_seed1002_1791578261841652_pid253784,1002,20.400000,2,dl,ns3::FqCoDelQueueDisc,80000000,351665,338576487,195073,174252128,147094,154333670,9990689
logistic_seed1002_1791578261841652_pid253784,1002,20.500000,2,ul,ns3::FqCoDelQueueDisc,80000000,44951,3597718,44951,3597718,0,0,0
logistic_seed1002_1791578261841652_pid253784,1002,20.500000,2,dl,ns3::FqCoDelQueueDisc,80000000,355325,342426467,196022,175250476,149649,157021289,10154702
logistic_seed1002_1791578261841652_pid253784,1002,20.600000,2,ul,ns3::FqCoDelQueueDisc,80000000,44951,3597718,44951,3597718,0,0,0
logistic_seed1002_1791578261841652_pid253784,1002,20.600000,2,dl,ns3::FqCoDelQueueDisc,80000000,355325,342426467,196971,176248681,151060,158505410,7672376
logistic_seed1002_1791578261841652_pid253784,1002,20.700000,2,ul,ns3::FqCoDelQueueDisc,80000000,44951,3597718,44951,3597718,0,0,0
logistic_seed1002_1791578261841652_pid253784,1002,20.700000,2,dl,ns3::FqCoDelQueueDisc,80000000,355325,342426467,197919,177245966,152511,160031730,5148771
logistic_seed1002_1791578261841652_pid253784,1002,20.800000,2,ul,ns3::FqCoDelQueueDisc,80000000,44951,3597718,44951,3597718,0,0,0
logistic_seed1002_1791578261841652_pid253784,1002,20.800000,2,dl,ns3::FqCoDelQueueDisc,80000000,357673,344896368,198868,178244105,153746,161330806,5321457
logistic_seed1002_1791578261841652_pid253784,1002,20.900000,2,ul,ns3::FqCoDelQueueDisc,80000000,44951,3597718,44951,3597718,0,0,0
logistic_seed1002_1791578261841652_pid253784,1002,20.900000,2,dl,ns3::FqCoDelQueueDisc,80000000,362417,349886340,199817,179242376,155044,162696291,7947673
logistic_seed1002_1791578261841652_pid253784,1002,21.000000,2,ul,ns3::FqCoDelQueueDisc,80000000,44951,3597718,44951,3597718,0,0,0
logistic_seed1002_1791578261841652_pid253784,1002,21.000000,2,dl,ns3::FqCoDelQueueDisc,80000000,367162,354877651,200766,180240494,156558,164288652,10348505
logistic_seed1002_1791578261841652_pid253784,1002,21.100000,2,ul,ns3::FqCoDelQueueDisc,80000000,44951,3597718,44951,3597718,0,0,0
logistic_seed1002_1791578261841652_pid253784,1002,21.100000,2,dl,ns3::FqCoDelQueueDisc,80000000,368097,355861018,201715,181238704,158199,166014823,8607491
logistic_seed1002_1791578261841652_pid253784,1002,21.200000,2,ul,ns3::FqCoDelQueueDisc,80000000,44951,3597718,44951,3597718,0,0,0
logistic_seed1002_1791578261841652_pid253784,1002,21.200000,2,dl,ns3::FqCoDelQueueDisc,80000000,368097,355861018,202664,182236887,159730,167625269,5998862
logistic_seed1002_1791578261841652_pid253784,1002,21.300000,2,ul,ns3::FqCoDelQueueDisc,80000000,44951,3597718,44951,3597718,0,0,0
logistic_seed1002_1791578261841652_pid253784,1002,21.300000,2,dl,ns3::FqCoDelQueueDisc,80000000,368097,355861018,203613,183235124,161290,169266356,3359538
logistic_seed1002_1791578261841652_pid253784,1002,21.400000,2,ul,ns3::FqCoDelQueueDisc,80000000,44951,3597718,44951,3597718,0,0,0
logistic_seed1002_1791578261841652_pid253784,1002,21.400000,2,dl,ns3::FqCoDelQueueDisc,80000000,370445,358331080,204562,184233351,162545,170586429,3511300
logistic_seed1002_1791578261841652_pid253784,1002,21.500000,2,ul,ns3::FqCoDelQueueDisc,80000000,44951,3597718,44951,3597718,0,0,0
logistic_seed1002_1791578261841652_pid253784,1002,21.500000,2,dl,ns3::FqCoDelQueueDisc,80000000,375189,363321584,205511,185231688,163835,171943388,6146508
logistic_seed1002_1791578261841652_pid253784,1002,21.600000,2,ul,ns3::FqCoDelQueueDisc,80000000,44951,3597718,44951,3597718,0,0,0
logistic_seed1002_1791578261841652_pid253784,1002,21.600000,2,dl,ns3::FqCoDelQueueDisc,80000000,379933,368311372,206459,186228984,165235,173416111,8666277
logistic_seed1002_1791578261841652_pid253784,1002,21.700000,2,ul,ns3::FqCoDelQueueDisc,80000000,44951,3597718,44951,3597718,0,0,0
logistic_seed1002_1791578261841652_pid253784,1002,21.700000,2,dl,ns3::FqCoDelQueueDisc,80000000,380918,369347350,207408,187227332,166677,174933062,7186956
logistic_seed1002_1791578261841652_pid253784,1002,21.800000,2,ul,ns3::FqCoDelQueueDisc,80000000,44951,3597718,44951,3597718,0,0,0
logistic_seed1002_1791578261841652_pid253784,1002,21.800000,2,dl,ns3::FqCoDelQueueDisc,80000000,383266,371817418,208357,188225496,168118,176448695,7143227
logistic_seed1002_1791578261841652_pid253784,1002,21.900000,2,ul,ns3::FqCoDelQueueDisc,80000000,44951,3597718,44951,3597718,0,0,0
logistic_seed1002_1791578261841652_pid253784,1002,21.900000,2,dl,ns3::FqCoDelQueueDisc,80000000,388010,376808106,209306,189223637,169593,178000188,9584281
logistic_seed1002_1791578261841652_pid253784,1002,22.000000,2,ul,ns3::FqCoDelQueueDisc,80000000,44951,3597718,44951,3597718,0,0,0
logistic_seed1002_1791578261841652_pid253784,1002,22.000000,2,dl,ns3::FqCoDelQueueDisc,80000000,392753,381797742,210255,190221852,172311,180859282,10716608
logistic_seed1002_1791578261841652_pid253784,1002,22.100000,2,ul,ns3::FqCoDelQueueDisc,80000000,44951,3597718,44951,3597718,0,0,0
logistic_seed1002_1791578261841652_pid253784,1002,22.100000,2,dl,ns3::FqCoDelQueueDisc,80000000,397498,386789045,211204,191220189,176072,184815777,10753079
logistic_seed1002_1791578261841652_pid253784,1002,22.200000,2,ul,ns3::FqCoDelQueueDisc,80000000,44951,3597718,44951,3597718,0,0,0
logistic_seed1002_1791578261841652_pid253784,1002,22.200000,2,dl,ns3::FqCoDelQueueDisc,80000000,402242,391779030,212152,192217485,179895,188837545,10724000
logistic_seed1002_1791578261841652_pid253784,1002,22.300000,2,ul,ns3::FqCoDelQueueDisc,80000000,44951,3597718,44951,3597718,0,0,0
logistic_seed1002_1791578261841652_pid253784,1002,22.300000,2,dl,ns3::FqCoDelQueueDisc,80000000,403191,392777158,213101,193215833,181908,190955221,8606104
logistic_seed1002_1791578261841652_pid253784,1002,22.400000,2,ul,ns3::FqCoDelQueueDisc,80000000,44951,3597718,44951,3597718,0,0,0
logistic_seed1002_1791578261841652_pid253784,1002,22.400000,2,dl,ns3::FqCoDelQueueDisc,80000000,405539,395247220,214050,194214181,183489,192618157,8414882
logistic_seed1002_1791578261841652_pid253784,1002,22.500000,2,ul,ns3::FqCoDelQueueDisc,80000000,44951,3597718,44951,3597718,0,0,0
logistic_seed1002_1791578261841652_pid253784,1002,22.500000,2,dl,ns3::FqCoDelQueueDisc,80000000,410283,400237724,214999,195212322,185071,194282237,10743165
logistic_seed1002_1791578261841652_pid253784,1002,22.600000,2,ul,ns3::FqCoDelQueueDisc,80000000,44951,3597718,44951,3597718,0,0,0
logistic_seed1002_1791578261841652_pid253784,1002,22.600000,2,dl,ns3::FqCoDelQueueDisc,80000000,415027,405227512,215948,196210504,188874,198282565,10734443
logistic_seed1002_1791578261841652_pid253784,1002,22.700000,2,ul,ns3::FqCoDelQueueDisc,80000000,44951,3597718,44951,3597718,0,0,0
logistic_seed1002_1791578261841652_pid253784,1002,22.700000,2,dl,ns3::FqCoDelQueueDisc,80000000,416012,406263490,216897,197208852,190937,200452742,8601896
logistic_seed1002_1791578261841652_pid253784,1002,22.800000,2,ul,ns3::FqCoDelQueueDisc,80000000,44951,3597718,44951,3597718,0,0,0
logistic_seed1002_1791578261841652_pid253784,1002,22.800000,2,dl,ns3::FqCoDelQueueDisc,80000000,418360,408733391,217845,198205941,192592,202193687,8333763
logistic_seed1002_1791578261841652_pid253784,1002,22.900000,2,ul,ns3::FqCoDelQueueDisc,80000000,44951,3597718,44951,3597718,0,0,0
logistic_seed1002_1791578261841652_pid253784,1002,22.900000,2,dl,ns3::FqCoDelQueueDisc,80000000,423104,413723363,218795,199205123,194257,203944899,10573341
logistic_seed1002_1791578261841652_pid253784,1002,23.000000,3,ul,ns3::FqCoDelQueueDisc,80000000,44951,3597718,44951,3597718,0,0,0
logistic_seed1002_1791578261841652_pid253784,1002,23.000000,3,dl,ns3::FqCoDelQueueDisc,80000000,427849,418714674,219743,200202286,197870,207745409,10766979
logistic_seed1002_1791578261841652_pid253784,1002,23.100000,3,ul,ns3::FqCoDelQueueDisc,80000000,44951,3597718,44951,3597718,0,0,0
logistic_seed1002_1791578261841652_pid253784,1002,23.100000,3,dl,ns3::FqCoDelQueueDisc,80000000,428784,419698041,220692,201200542,199979,209963687,8533812
logistic_seed1002_1791578261841652_pid253784,1002,23.200000,3,ul,ns3::FqCoDelQueueDisc,80000000,44951,3597718,44951,3597718,0,0,0
logistic_seed1002_1791578261841652_pid253784,1002,23.200000,3,dl,ns3::FqCoDelQueueDisc,80000000,428784,419698041,221641,202198802,201704,211778126,5721113
logistic_seed1002_1791578261841652_pid253784,1002,23.300000,3,ul,ns3::FqCoDelQueueDisc,80000000,44951,3597718,44951,3597718,0,0,0
logistic_seed1002_1791578261841652_pid253784,1002,23.300000,3,dl,ns3::FqCoDelQueueDisc,80000000,428784,419698041,222590,203197062,203447,213611575,2889404
logistic_seed1002_1791578261841652_pid253784,1002,23.400000,3,ul,ns3::FqCoDelQueueDisc,80000000,44951,3597718,44951,3597718,0,0,0
logistic_seed1002_1791578261841652_pid253784,1002,23.400000,3,dl,ns3::FqCoDelQueueDisc,80000000,431132,422168103,223539,204195289,204614,214839215,3133599
logistic_seed1002_1791578261841652_pid253784,1002,23.500000,3,ul,ns3::FqCoDelQueueDisc,80000000,44951,3597718,44951,3597718,0,0,0
logistic_seed1002_1791578261841652_pid253784,1002,23.500000,3,dl,ns3::FqCoDelQueueDisc,80000000,435876,427158520,224488,205193527,205771,216056269,5908724
logistic_seed1002_1791578261841652_pid253784,1002,23.600000,3,ul,ns3::FqCoDelQueueDisc,80000000,44951,3597718,44951,3597718,0,0,0
logistic_seed1002_1791578261841652_pid253784,1002,23.600000,3,dl,ns3::FqCoDelQueueDisc,80000000,440620,432148515,225437,206191820,207427,217798370,8158325
logistic_seed1002_1791578261841652_pid253784,1002,23.700000,3,ul,ns3::FqCoDelQueueDisc,80000000,44951,3597718,44951,3597718,0,0,0
logistic_seed1002_1791578261841652_pid253784,1002,23.700000,3,dl,ns3::FqCoDelQueueDisc,80000000,441546,433122425,226385,207189028,209175,219637255,6296142
logistic_seed1002_1791578261841652_pid253784,1002,23.800000,3,ul,ns3::FqCoDelQueueDisc,80000000,44951,3597718,44951,3597718,0,0,0
logistic_seed1002_1791578261841652_pid253784,1002,23.800000,3,dl,ns3::FqCoDelQueueDisc,80000000,443894,435592493,227334,208187181,210892,221443194,5962118
logistic_seed1002_1791578261841652_pid253784,1002,23.900000,3,ul,ns3::FqCoDelQueueDisc,80000000,44951,3597718,44951,3597718,0,0,0
logistic_seed1002_1791578261841652_pid253784,1002,23.900000,3,dl,ns3::FqCoDelQueueDisc,80000000,448638,440583181,228283,209185340,212453,223085234,8312607
logistic_seed1002_1791578261841652_pid253784,1002,24.000000,3,ul,ns3::FqCoDelQueueDisc,80000000,44951,3597718,44951,3597718,0,0,0
logistic_seed1002_1791578261841652_pid253784,1002,24.000000,3,dl,ns3::FqCoDelQueueDisc,80000000,452993,445163795,229232,210183507,213827,224530671,10449617
logistic_seed1002_1791578261841652_pid253784,1002,24.100000,3,ul,ns3::FqCoDelQueueDisc,80000000,44951,3597718,44951,3597718,0,0,0
logistic_seed1002_1791578261841652_pid253784,1002,24.100000,3,dl,ns3::FqCoDelQueueDisc,80000000,457737,450154212,230181,211181833,217342,228228368,10744011
logistic_seed1002_1791578261841652_pid253784,1002,24.200000,3,ul,ns3::FqCoDelQueueDisc,80000000,44952,3598946,44952,3598946,0,0,0
logistic_seed1002_1791578261841652_pid253784,1002,24.200000,3,dl,ns3::FqCoDelQueueDisc,80000000,462482,455145435,231130,212180329,221158,232242016,10723090
logistic_seed1002_1791578261841652_pid253784,1002,24.300000,3,ul,ns3::FqCoDelQueueDisc,80000000,44952,3598946,44952,3598946,0,0,0
logistic_seed1002_1791578261841652_pid253784,1002,24.300000,3,dl,ns3::FqCoDelQueueDisc,80000000,463408,456119345,232078,213177614,223202,234392270,8549461
logistic_seed1002_1791578261841652_pid253784,1002,24.400000,3,ul,ns3::FqCoDelQueueDisc,80000000,44953,3600174,44953,3600174,0,0,0
logistic_seed1002_1791578261841652_pid253784,1002,24.400000,3,dl,ns3::FqCoDelQueueDisc,80000000,465757,458590635,233027,214176050,224810,236083886,8330699
logistic_seed1002_1791578261841652_pid253784,1002,24.500000,3,ul,ns3::FqCoDelQueueDisc,80000000,44953,3600174,44953,3600174,0,0,0
logistic_seed1002_1791578261841652_pid253784,1002,24.500000,3,dl,ns3::FqCoDelQueueDisc,80000000,470501,463581162,233976,215174042,226419,237776221,10630899
logistic_seed1002_1791578261841652_pid253784,1002,24.600000,3,ul,ns3::FqCoDelQueueDisc,80000000,44954,3601402,44954,3601402,0,0,0
logistic_seed1002_1791578261841652_pid253784,1002,24.600000,3,dl,ns3::FqCoDelQueueDisc,80000000,473891,467146793,234925,216172467,229503,241020435,9953891
logistic_seed1002_1791578261841652_pid253784,1002,24.700000,3,ul,ns3::FqCoDelQueueDisc,80000000,44954,3601402,44954,3601402,0,0,0
logistic_seed1002_1791578261841652_pid253784,1002,24.700000,3,dl,ns3::FqCoDelQueueDisc,80000000,477551,470996773,235874,217170771,232010,243657678,10168324
logistic_seed1002_1791578261841652_pid253784,1002,24.800000,3,ul,ns3::FqCoDelQueueDisc,80000000,44955,3602630,44955,3602630,0,0,0
logistic_seed1002_1791578261841652_pid253784,1002,24.800000,3,dl,ns3::FqCoDelQueueDisc,80000000,479900,473467902,236822,218168243,233660,245393202,9906457
logistic_seed1002_1791578261841652_pid253784,1002,24.900000,3,ul,ns3::FqCoDelQueueDisc,80000000,44955,3602630,44955,3602630,0,0,0
logistic_seed1002_1791578261841652_pid253784,1002,24.900000,3,dl,ns3::FqCoDelQueueDisc,80000000,484644,478457996,237771,219166499,236679,248568834,10722663
logistic_seed1002_1791578261841652_pid253784,1002,25.000000,3,ul,ns3::FqCoDelQueueDisc,80000000,44956,3603858,44956,3603858,0,0,0
logistic_seed1002_1791578261841652_pid253784,1002,25.000000,3,dl,ns3::FqCoDelQueueDisc,80000000,487981,481968135,238720,220164776,239837,251890817,9912542
logistic_seed1002_1791578261841652_pid253784,1002,25.100000,3,ul,ns3::FqCoDelQueueDisc,80000000,44956,3603858,44956,3603858,0,0,0
logistic_seed1002_1791578261841652_pid253784,1002,25.100000,3,dl,ns3::FqCoDelQueueDisc,80000000,491031,485176455,239669,221162894,242061,254230063,9783498
logistic_seed1002_1791578261841652_pid253784,1002,25.200000,3,ul,ns3::FqCoDelQueueDisc,80000000,44957,3605086,44957,3605086,0,0,0
logistic_seed1002_1791578261841652_pid253784,1002,25.200000,3,dl,ns3::FqCoDelQueueDisc,80000000,491032,485177683,240618,222161271,243780,256038241,6978171
logistic_seed1002_1791578261841652_pid253784,1002,25.300000,3,ul,ns3::FqCoDelQueueDisc,80000000,44957,3605086,44957,3605086,0,0,0
logistic_seed1002_1791578261841652_pid253784,1002,25.300000,3,dl,ns3::FqCoDelQueueDisc,80000000,494692,489027663,241567,223159443,245415,257758129,8110091
logistic_seed1002_1791578261841652_pid253784,1002,25.400000,3,ul,ns3::FqCoDelQueueDisc,80000000,44958,3606314,44958,3606314,0,0,0
logistic_seed1002_1791578261841652_pid253784,1002,25.400000,3,dl,ns3::FqCoDelQueueDisc,80000000,497041,491498792,242515,224156838,245865,258231485,9110469
logistic_seed1002_1791578261841652_pid253784,1002,25.500000,3,ul,ns3::FqCoDelQueueDisc,80000000,44958,3606314,44958,3606314,0,0,0
logistic_seed1002_1791578261841652_pid253784,1002,25.500000,3,dl,ns3::FqCoDelQueueDisc,80000000,501785,496488886,243464,225155109,248146,260631086,10702691
logistic_seed1002_1791578261841652_pid253784,1002,25.600000,3,ul,ns3::FqCoDelQueueDisc,80000000,44959,3607542,44959,3607542,0,0,0
logistic_seed1002_1791578261841652_pid253784,1002,25.600000,3,dl,ns3::FqCoDelQueueDisc,80000000,505122,499999025,244413,226153508,251247,263892677,9952840
logistic_seed1002_1791578261841652_pid253784,1002,25.700000,3,ul,ns3::FqCoDelQueueDisc,80000000,44959,3607542,44959,3607542,0,0,0
logistic_seed1002_1791578261841652_pid253784,1002,25.700000,3,dl,ns3::FqCoDelQueueDisc,80000000,508782,503849005,245362,227151672,253758,266534157,10163176
logistic_seed1002_1791578261841652_pid253784,1002,25.800000,3,ul,ns3::FqCoDelQueueDisc,80000000,44960,3608770,44960,3608770,0,0,0
logistic_seed1002_1791578261841652_pid253784,1002,25.800000,3,dl,ns3::FqCoDelQueueDisc,80000000,508783,503850233,246311,228149971,255391,268251907,7448355
logistic_seed1002_1791578261841652_pid253784,1002,25.900000,3,ul,ns3::FqCoDelQueueDisc,80000000,44960,3608770,44960,3608770,0,0,0
logistic_seed1002_1791578261841652_pid253784,1002,25.900000,3,dl,ns3::FqCoDelQueueDisc,80000000,508783,503850233,247259,229147091,256661,269587870,5115272
logistic_seed1002_1791578261841652_pid253784,1002,26.000000,3,ul,ns3::FqCoDelQueueDisc,80000000,44961,3609998,44961,3609998,0,0,0
logistic_seed1002_1791578261841652_pid253784,1002,26.000000,3,dl,ns3::FqCoDelQueueDisc,80000000,511132,506321362,248208,230145494,257188,270142274,6033594
logistic_seed1002_1791578261841652_pid253784,1002,26.100000,3,ul,ns3::FqCoDelQueueDisc,80000000,44962,3610054,44962,3610054,0,0,0
logistic_seed1002_1791578261841652_pid253784,1002,26.100000,3,dl,ns3::FqCoDelQueueDisc,80000000,515877,511311390,249157,231142747,257803,270789210,9379433
logistic_seed1002_1791578261841652_pid253784,1002,26.200000,3,ul,ns3::FqCoDelQueueDisc,80000000,44964,3610173,44964,3610173,0,0,0
logistic_seed1002_1791578261841652_pid253784,1002,26.200000,3,dl,ns3::FqCoDelQueueDisc,80000000,520624,516302805,250107,232139986,260338,273455869,10706950
logistic_seed1002_1791578261841652_pid253784,1002,26.300000,3,ul,ns3::FqCoDelQueueDisc,80000000,44964,3610173,44964,3610173,0,0,0
logistic_seed1002_1791578261841652_pid253784,1002,26.300000,3,dl,ns3::FqCoDelQueueDisc,80000000,521559,517286172,251058,233140003,261817,275011582,9134587
logistic_seed1002_1791578261841652_pid253784,1002,26.400000,3,ul,ns3::FqCoDelQueueDisc,80000000,44964,3610173,44964,3610173,0,0,0
logistic_seed1002_1791578261841652_pid253784,1002,26.400000,3,dl,ns3::FqCoDelQueueDisc,80000000,521559,517286172,252007,234138340,262791,276036107,7111725
logistic_seed1002_1791578261841652_pid253784,1002,26.500000,3,ul,ns3::FqCoDelQueueDisc,80000000,44964,3610173,44964,3610173,0,0,0
logistic_seed1002_1791578261841652_pid253784,1002,26.500000,3,dl,ns3::FqCoDelQueueDisc,80000000,521559,517286172,252956,235136655,263786,277082770,5066747
logistic_seed1002_1791578261841652_pid253784,1002,26.600000,3,ul,ns3::FqCoDelQueueDisc,80000000,44964,3610173,44964,3610173,0,0,0
logistic_seed1002_1791578261841652_pid253784,1002,26.600000,3,dl,ns3::FqCoDelQueueDisc,80000000,523907,519756234,253905,236134849,264614,277953661,5667724
logistic_seed1002_1791578261841652_pid253784,1002,26.700000,3,ul,ns3::FqCoDelQueueDisc,80000000,44964,3610173,44964,3610173,0,0,0
logistic_seed1002_1791578261841652_pid253784,1002,26.700000,3,dl,ns3::FqCoDelQueueDisc,80000000,528651,524746738,254853,237132090,265433,278815183,8799465
logistic_seed1002_1791578261841652_pid253784,1002,26.800000,3,ul,ns3::FqCoDelQueueDisc,80000000,44964,3610173,44964,3610173,0,0,0
logistic_seed1002_1791578261841652_pid253784,1002,26.800000,3,dl,ns3::FqCoDelQueueDisc,80000000,533395,529736526,255802,238130394,267355,280836951,10769181
logistic_seed1002_1791578261841652_pid253784,1002,26.900000,3,ul,ns3::FqCoDelQueueDisc,80000000,44964,3610173,44964,3610173,0,0,0
logistic_seed1002_1791578261841652_pid253784,1002,26.900000,3,dl,ns3::FqCoDelQueueDisc,80000000,534380,530772504,256751,239128720,268897,282459091,9184693
logistic_seed1002_1791578261841652_pid253784,1002,27.000000,3,ul,ns3::FqCoDelQueueDisc,80000000,44964,3610173,44964,3610173,0,0,0
logistic_seed1002_1791578261841652_pid253784,1002,27.000000,3,dl,ns3::FqCoDelQueueDisc,80000000,536728,533242572,257700,240127057,269829,283439555,9675960
logistic_seed1002_1791578261841652_pid253784,1002,27.100000,3,ul,ns3::FqCoDelQueueDisc,80000000,44964,3610173,44964,3610173,0,0,0
logistic_seed1002_1791578261841652_pid253784,1002,27.100000,3,dl,ns3::FqCoDelQueueDisc,80000000,541472,538233260,258649,241125175,272639,286395112,10712973
logistic_seed1002_1791578261841652_pid253784,1002,27.200000,3,ul,ns3::FqCoDelQueueDisc,80000000,44964,3610173,44964,3610173,0,0,0
logistic_seed1002_1791578261841652_pid253784,1002,27.200000,3,dl,ns3::FqCoDelQueueDisc,80000000,546215,543222896,259598,242123500,276439,290392267,10707129
logistic_seed1002_1791578261841652_pid253784,1002,27.300000,3,ul,ns3::FqCoDelQueueDisc,80000000,44964,3610173,44964,3610173,0,0,0
logistic_seed1002_1791578261841652_pid253784,1002,27.300000,3,dl,ns3::FqCoDelQueueDisc,80000000,550960,548214199,260546,243120763,280184,294331941,10761495
logistic_seed1002_1791578261841652_pid253784,1002,27.400000,3,ul,ns3::FqCoDelQueueDisc,80000000,44964,3610173,44964,3610173,0,0,0
logistic_seed1002_1791578261841652_pid253784,1002,27.400000,3,dl,ns3::FqCoDelQueueDisc,80000000,555704,553204184,261495,244119111,284007,298353709,10731364
logistic_seed1002_1791578261841652_pid253784,1002,27.500000,3,ul,ns3::FqCoDelQueueDisc,80000000,44964,3610173,44964,3610173,0,0,0
logistic_seed1002_1791578261841652_pid253784,1002,27.500000,3,dl,ns3::FqCoDelQueueDisc,80000000,556653,554202312,262444,245117459,285631,300062157,9022696
logistic_seed1002_1791578261841652_pid253784,1002,27.600000,3,ul,ns3::FqCoDelQueueDisc,80000000,44964,3610173,44964,3610173,0,0,0
logistic_seed1002_1791578261841652_pid253784,1002,27.600000,3,dl,ns3::FqCoDelQueueDisc,80000000,559001,556672374,263393,246115761,286675,301160376,9396237
logistic_seed1002_1791578261841652_pid253784,1002,27.700000,3,ul,ns3::FqCoDelQueueDisc,80000000,44964,3610173,44964,3610173,0,0,0
logistic_seed1002_1791578261841652_pid253784,1002,27.700000,3,dl,ns3::FqCoDelQueueDisc,80000000,563745,561662878,264342,247113994,289217,303833882,10715002
logistic_seed1002_1791578261841652_pid253784,1002,27.800000,3,ul,ns3::FqCoDelQueueDisc,80000000,44964,3610173,44964,3610173,0,0,0
logistic_seed1002_1791578261841652_pid253784,1002,27.800000,3,dl,ns3::FqCoDelQueueDisc,80000000,568489,566652666,265290,248111179,292996,307809071,10732416
logistic_seed1002_1791578261841652_pid253784,1002,27.900000,3,ul,ns3::FqCoDelQueueDisc,80000000,44964,3610173,44964,3610173,0,0,0
logistic_seed1002_1791578261841652_pid253784,1002,27.900000,3,dl,ns3::FqCoDelQueueDisc,80000000,569474,567688644,266239,249109527,294675,309575334,9003783
logistic_seed1002_1791578261841652_pid253784,1002,28.000000,3,ul,ns3::FqCoDelQueueDisc,80000000,44964,3610173,44964,3610173,0,0,0
logistic_seed1002_1791578261841652_pid253784,1002,28.000000,3,dl,ns3::FqCoDelQueueDisc,80000000,571822,570158545,267188,250107875,295805,310764094,9286576
logistic_seed1002_1791578261841652_pid253784,1002,28.100000,3,ul,ns3::FqCoDelQueueDisc,80000000,44964,3610173,44964,3610173,0,0,0
logistic_seed1002_1791578261841652_pid253784,1002,28.100000,3,dl,ns3::FqCoDelQueueDisc,80000000,576566,575148517,268137,251105832,298244,313329451,10713234
logistic_seed1002_1791578261841652_pid253784,1002,28.200000,3,ul,ns3::FqCoDelQueueDisc,80000000,44964,3610173,44964,3610173,0,0,0
logistic_seed1002_1791578261841652_pid253784,1002,28.200000,3,dl,ns3::FqCoDelQueueDisc,80000000,581311,580139828,269086,252104136,302040,317322499,10713193
logistic_seed1002_1791578261841652_pid253784,1002,28.300000,3,ul,ns3::FqCoDelQueueDisc,80000000,44964,3610173,44964,3610173,0,0,0
logistic_seed1002_1791578261841652_pid253784,1002,28.300000,3,dl,ns3::FqCoDelQueueDisc,80000000,582246,581123195,270035,253102234,303758,319129527,8891434
logistic_seed1002_1791578261841652_pid253784,1002,28.400000,3,ul,ns3::FqCoDelQueueDisc,80000000,44964,3610173,44964,3610173,0,0,0
logistic_seed1002_1791578261841652_pid253784,1002,28.400000,3,dl,ns3::FqCoDelQueueDisc,80000000,582246,581123195,270984,254100513,304964,320398055,6624627
logistic_seed1002_1791578261841652_pid253784,1002,28.500000,3,ul,ns3::FqCoDelQueueDisc,80000000,44964,3610173,44964,3610173,0,0,0
logistic_seed1002_1791578261841652_pid253784,1002,28.500000,3,dl,ns3::FqCoDelQueueDisc,80000000,582246,581123195,271933,255098718,306185,321682426,4342051
logistic_seed1002_1791578261841652_pid253784,1002,28.600000,3,ul,ns3::FqCoDelQueueDisc,80000000,44964,3610173,44964,3610173,0,0,0
logistic_seed1002_1791578261841652_pid253784,1002,28.600000,3,dl,ns3::FqCoDelQueueDisc,80000000,584594,583593257,272882,256096857,307396,322956365,4540035
logistic_seed1002_1791578261841652_pid253784,1002,28.700000,3,ul,ns3::FqCoDelQueueDisc,80000000,44964,3610173,44964,3610173,0,0,0
logistic_seed1002_1791578261841652_pid253784,1002,28.700000,3,dl,ns3::FqCoDelQueueDisc,80000000,589338,588583674,273831,257095139,308635,324259683,7228852
logistic_seed1002_1791578261841652_pid253784,1002,28.800000,3,ul,ns3::FqCoDelQueueDisc,80000000,44964,3610173,44964,3610173,0,0,0
logistic_seed1002_1791578261841652_pid253784,1002,28.800000,3,dl,ns3::FqCoDelQueueDisc,80000000,594082,593573669,274779,258092435,309911,325601903,9879331
logistic_seed1002_1791578261841652_pid253784,1002,28.900000,3,ul,ns3::FqCoDelQueueDisc,80000000,44964,3610173,44964,3610173,0,0,0
logistic_seed1002_1791578261841652_pid253784,1002,28.900000,3,dl,ns3::FqCoDelQueueDisc,80000000,595008,594547579,275728,259090772,311214,326972505,8484302
logistic_seed1002_1791578261841652_pid253784,1002,29.000000,3,ul,ns3::FqCoDelQueueDisc,80000000,44964,3610173,44964,3610173,0,0,0
logistic_seed1002_1791578261841652_pid253784,1002,29.000000,3,dl,ns3::FqCoDelQueueDisc,80000000,597356,597017647,276677,260089120,312532,328358903,8569624
logistic_seed1002_1791578261841652_pid253784,1002,29.100000,3,ul,ns3::FqCoDelQueueDisc,80000000,44964,3610173,44964,3610173,0,0,0
logistic_seed1002_1791578261841652_pid253784,1002,29.100000,3,dl,ns3::FqCoDelQueueDisc,80000000,602100,602008335,277626,261087267,314250,330166195,10754873
logistic_seed1002_1791578261841652_pid253784,1002,29.200000,3,ul,ns3::FqCoDelQueueDisc,80000000,44964,3610173,44964,3610173,0,0,0
logistic_seed1002_1791578261841652_pid253784,1002,29.200000,3,dl,ns3::FqCoDelQueueDisc,80000000,606455,606588949,278575,262085294,317686,333780413,10723242
logistic_seed1002_1791578261841652_pid253784,1002,29.300000,3,ul,ns3::FqCoDelQueueDisc,80000000,44964,3610173,44964,3610173,0,0,0
logistic_seed1002_1791578261841652_pid253784,1002,29.300000,3,dl,ns3::FqCoDelQueueDisc,80000000,611199,611579366,279524,263083642,321440,337729621,10766103
logistic_seed1002_1791578261841652_pid253784,1002,29.400000,3,ul,ns3::FqCoDelQueueDisc,80000000,44964,3610173,44964,3610173,0,0,0
logistic_seed1002_1791578261841652_pid253784,1002,29.400000,3,dl,ns3::FqCoDelQueueDisc,80000000,615943,616569361,280472,264080770,325241,341727629,10760962
logistic_seed1002_1791578261841652_pid253784,1002,29.500000,3,ul,ns3::FqCoDelQueueDisc,80000000,44964,3610173,44964,3610173,0,0,0
logistic_seed1002_1791578261841652_pid253784,1002,29.500000,3,dl,ns3::FqCoDelQueueDisc,80000000,616869,617543271,281421,265079107,327149,343734746,8729418
logistic_seed1002_1791578261841652_pid253784,1002,29.600000,3,ul,ns3::FqCoDelQueueDisc,80000000,44964,3610173,44964,3610173,0,0,0
logistic_seed1002_1791578261841652_pid253784,1002,29.600000,3,dl,ns3::FqCoDelQueueDisc,80000000,619217,620013333,282370,266077455,328546,345204367,8731511
logistic_seed1002_1791578261841652_pid253784,1002,29.700000,3,ul,ns3::FqCoDelQueueDisc,80000000,44964,3610173,44964,3610173,0,0,0
logistic_seed1002_1791578261841652_pid253784,1002,29.700000,3,dl,ns3::FqCoDelQueueDisc,80000000,623961,625003860,283319,267075693,330450,347207157,10721010
logistic_seed1002_1791578261841652_pid253784,1002,29.800000,3,ul,ns3::FqCoDelQueueDisc,80000000,44964,3610173,44964,3610173,0,0,0
logistic_seed1002_1791578261841652_pid253784,1002,29.800000,3,dl,ns3::FqCoDelQueueDisc,80000000,627350,628568263,284268,268073735,333473,350386957,10107571
logistic_seed1002_1791578261841652_pid253784,1002,29.900000,3,ul,ns3::FqCoDelQueueDisc,80000000,44964,3610173,44964,3610173,0,0,0
logistic_seed1002_1791578261841652_pid253784,1002,29.900000,3,dl,ns3::FqCoDelQueueDisc,80000000,631010,632418243,285217,269072083,336044,353091572,10254588
logistic_seed1002_1791578261841652_pid253784,1002,30.000000,3,ul,ns3::FqCoDelQueueDisc,80000000,44964,3610173,44964,3610173,0,0,0
logistic_seed1002_1791578261841652_pid253784,1002,30.000000,3,dl,ns3::FqCoDelQueueDisc,80000000,633358,634888144,286166,270070431,337271,354382353,10435360
logistic_seed1002_1791578261841652_pid253784,1002,30.100000,3,ul,ns3::FqCoDelQueueDisc,80000000,44964,3610173,44964,3610173,0,0,0
logistic_seed1002_1791578261841652_pid253784,1002,30.100000,3,dl,ns3::FqCoDelQueueDisc,80000000,638102,639878238,287114,271067543,340765,358057547,10753148
logistic_seed1002_1791578261841652_pid253784,1002,30.200000,3,ul,ns3::FqCoDelQueueDisc,80000000,44964,3610173,44964,3610173,0,0,0
logistic_seed1002_1791578261841652_pid253784,1002,30.200000,3,dl,ns3::FqCoDelQueueDisc,80000000,641438,643387149,288063,272065791,343828,361279420,10041938
logistic_seed1002_1791578261841652_pid253784,1002,30.300000,3,ul,ns3::FqCoDelQueueDisc,80000000,44964,3610173,44964,3610173,0,0,0
logistic_seed1002_1791578261841652_pid253784,1002,30.300000,3,dl,ns3::FqCoDelQueueDisc,80000000,644488,646595469,289012,273063909,346021,363585939,9945621
logistic_seed1002_1791578261841652_pid253784,1002,30.400000,3,ul,ns3::FqCoDelQueueDisc,80000000,44964,3610173,44964,3610173,0,0,0
logistic_seed1002_1791578261841652_pid253784,1002,30.400000,3,dl,ns3::FqCoDelQueueDisc,80000000,644488,646595469,289961,274062180,347319,364951336,7581953
logistic_seed1002_1791578261841652_pid253784,1002,30.500000,3,ul,ns3::FqCoDelQueueDisc,80000000,44964,3610173,44964,3610173,0,0,0
logistic_seed1002_1791578261841652_pid253784,1002,30.500000,3,dl,ns3::FqCoDelQueueDisc,80000000,648148,650445449,290910,275060385,348655,366356687,9028377
logistic_seed1002_1791578261841652_pid253784,1002,30.600000,3,ul,ns3::FqCoDelQueueDisc,80000000,44964,3610173,44964,3610173,0,0,0
logistic_seed1002_1791578261841652_pid253784,1002,30.600000,3,dl,ns3::FqCoDelQueueDisc,80000000,650496,652915350,291859,276058634,349730,367487554,9369162
logistic_seed1002_1791578261841652_pid253784,1002,30.700000,3,ul,ns3::FqCoDelQueueDisc,80000000,44964,3610173,44964,3610173,0,0,0
logistic_seed1002_1791578261841652_pid253784,1002,30.700000,3,dl,ns3::FqCoDelQueueDisc,80000000,655240,657905444,292808,277056883,352221,370107975,10740586
logistic_seed1002_1791578261841652_pid253784,1002,30.800000,3,ul,ns3::FqCoDelQueueDisc,80000000,44964,3610173,44964,3610173,0,0,0
logistic_seed1002_1791578261841652_pid253784,1002,30.800000,3,dl,ns3::FqCoDelQueueDisc,80000000,658576,661414355,293757,278055185,355256,373300124,10059046
logistic_seed1002_1791578261841652_pid253784,1002,30.900000,3,ul,ns3::FqCoDelQueueDisc,80000000,44964,3610173,44964,3610173,0,0,0
logistic_seed1002_1791578261841652_pid253784,1002,30.900000,3,dl,ns3::FqCoDelQueueDisc,80000000,662236,665264335,294705,279052389,357865,376044448,10167498
logistic_seed1002_1791578261841652_pid253784,1002,31.000000,3,ul,ns3::FqCoDelQueueDisc,80000000,44964,3610173,44964,3610173,0,0,0
logistic_seed1002_1791578261841652_pid253784,1002,31.000000,3,dl,ns3::FqCoDelQueueDisc,80000000,662236,665264335,295654,280050682,359208,377457084,7756569
logistic_seed1002_1791578261841652_pid253784,1002,31.100000,3,ul,ns3::FqCoDelQueueDisc,80000000,44964,3610173,44964,3610173,0,0,0
logistic_seed1002_1791578261841652_pid253784,1002,31.100000,3,dl,ns3::FqCoDelQueueDisc,80000000,662236,665264335,296603,281048942,360591,378911890,5303503
logistic_seed1002_1791578261841652_pid253784,1002,31.200000,3,ul,ns3::FqCoDelQueueDisc,80000000,44964,3610173,44964,3610173,0,0,0
logistic_seed1002_1791578261841652_pid253784,1002,31.200000,3,dl,ns3::FqCoDelQueueDisc,80000000,664584,667734236,297552,282047081,361535,379904978,5782177
logistic_seed1002_1791578261841652_pid253784,1002,31.300000,3,ul,ns3::FqCoDelQueueDisc,80000000,44964,3610173,44964,3610173,0,0,0
logistic_seed1002_1791578261841652_pid253784,1002,31.300000,3,dl,ns3::FqCoDelQueueDisc,80000000,669328,672724208,298501,283045192,362454,380871733,8807283
logistic_seed1002_1791578261841652_pid253784,1002,31.400000,3,ul,ns3::FqCoDelQueueDisc,80000000,44964,3610173,44964,3610173,0,0,0
logistic_seed1002_1791578261841652_pid253784,1002,31.400000,3,dl,ns3::FqCoDelQueueDisc,80000000,674073,677715519,299450,284043517,364418,382937815,10734187
logistic_seed1002_1791578261841652_pid253784,1002,31.500000,3,ul,ns3::FqCoDelQueueDisc,80000000,44964,3610173,44964,3610173,0,0,0
logistic_seed1002_1791578261841652_pid253784,1002,31.500000,3,dl,ns3::FqCoDelQueueDisc,80000000,675008,678698886,300399,285041520,366141,384750000,8907366
logistic_seed1002_1791578261841652_pid253784,1002,31.600000,3,ul,ns3::FqCoDelQueueDisc,80000000,44964,3610173,44964,3610173,0,0,0
logistic_seed1002_1791578261841652_pid253784,1002,31.600000,3,dl,ns3::FqCoDelQueueDisc,80000000,675008,678698886,301348,286039846,367380,386053340,6605700
logistic_seed1002_1791578261841652_pid253784,1002,31.700000,3,ul,ns3::FqCoDelQueueDisc,80000000,44964,3610173,44964,3610173,0,0,0
logistic_seed1002_1791578261841652_pid253784,1002,31.700000,3,dl,ns3::FqCoDelQueueDisc,80000000,675008,678698886,302297,287037940,368592,387328353,4332593
logistic_seed1002_1791578261841652_pid253784,1002,31.800000,3,ul,ns3::FqCoDelQueueDisc,80000000,44964,3610173,44964,3610173,0,0,0
logistic_seed1002_1791578261841652_pid253784,1002,31.800000,3,dl,ns3::FqCoDelQueueDisc,80000000,677356,681168948,303246,288036222,369576,388363300,4769426
logistic_seed1002_1791578261841652_pid253784,1002,31.900000,3,ul,ns3::FqCoDelQueueDisc,80000000,44964,3610173,44964,3610173,0,0,0
logistic_seed1002_1791578261841652_pid253784,1002,31.900000,3,dl,ns3::FqCoDelQueueDisc,80000000,682100,686159452,304194,289033430,370642,389484721,7641301
logistic_seed1002_1791578261841652_pid253784,1002,32.000000,3,ul,ns3::FqCoDelQueueDisc,80000000,44964,3610173,44964,3610173,0,0,0
logistic_seed1002_1791578261841652_pid253784,1002,32.000000,3,dl,ns3::FqCoDelQueueDisc,80000000,686844,691149240,305143,290031778,371919,390828125,10289337
logistic_seed1002_1791578261841652_pid253784,1002,32.100000,3,ul,ns3::FqCoDelQueueDisc,80000000,44964,3610173,44964,3610173,0,0,0
logistic_seed1002_1791578261841652_pid253784,1002,32.100000,3,dl,ns3::FqCoDelQueueDisc,80000000,687829,692185218,306092,291030049,373328,392310348,8844821
logistic_seed1002_1791578261841652_pid253784,1002,32.200000,3,ul,ns3::FqCoDelQueueDisc,80000000,44964,3610173,44964,3610173,0,0,0
logistic_seed1002_1791578261841652_pid253784,1002,32.200000,3,dl,ns3::FqCoDelQueueDisc,80000000,690177,694655286,307041,292028237,374644,393694381,8932668
logistic_seed1002_1791578261841652_pid253784,1002,32.300000,3,ul,ns3::FqCoDelQueueDisc,80000000,44964,3610173,44964,3610173,0,0,0
logistic_seed1002_1791578261841652_pid253784,1002,32.300000,3,dl,ns3::FqCoDelQueueDisc,80000000,694921,699645974,307990,293026562,376730,395888708,10730704
logistic_seed1002_1791578261841652_pid253784,1002,32.400000,3,ul,ns3::FqCoDelQueueDisc,80000000,44964,3610173,44964,3610173,0,0,0
logistic_seed1002_1791578261841652_pid253784,1002,32.400000,3,dl,ns3::FqCoDelQueueDisc,80000000,699664,704635610,308939,294024822,380510,399864658,10746130
logistic_seed1002_1791578261841652_pid253784,1002,32.500000,4,ul,ns3::FqCoDelQueueDisc,80000000,44964,3610173,44964,3610173,0,0,0
logistic_seed1002_1791578261841652_pid253784,1002,32.500000,4,dl,ns3::FqCoDelQueueDisc,80000000,704409,709626913,309887,295022118,384302,403853820,10750975
logistic_seed1002_1791578261841652_pid253784,1002,32.600000,4,ul,ns3::FqCoDelQueueDisc,80000000,44964,3610173,44964,3610173,0,0,0
logistic_seed1002_1791578261841652_pid253784,1002,32.600000,4,dl,ns3::FqCoDelQueueDisc,80000000,709153,714616898,310836,296020438,388116,407866148,10730312
logistic_seed1002_1791578261841652_pid253784,1002,32.700000,4,ul,ns3::FqCoDelQueueDisc,80000000,44964,3610173,44964,3610173,0,0,0
logistic_seed1002_1791578261841652_pid253784,1002,32.700000,4,dl,ns3::FqCoDelQueueDisc,80000000,710102,715615026,311785,297018786,389978,409824972,8771268
logistic_seed1002_1791578261841652_pid253784,1002,32.800000,4,ul,ns3::FqCoDelQueueDisc,80000000,44964,3610173,44964,3610173,0,0,0
logistic_seed1002_1791578261841652_pid253784,1002,32.800000,4,dl,ns3::FqCoDelQueueDisc,80000000,712450,718085088,312734,298016927,391404,411324894,8743267
logistic_seed1002_1791578261841652_pid253784,1002,32.900000,4,ul,ns3::FqCoDelQueueDisc,80000000,44964,3610173,44964,3610173,0,0,0
logistic_seed1002_1791578261841652_pid253784,1002,32.900000,4,dl,ns3::FqCoDelQueueDisc,80000000,717194,723075592,313683,299015229,393310,413329765,10730598
logistic_seed1002_1791578261841652_pid253784,1002,33.000000,4,ul,ns3::FqCoDelQueueDisc,80000000,44964,3610173,44964,3610173,0,0,0
logistic_seed1002_1791578261841652_pid253784,1002,33.000000,4,dl,ns3::FqCoDelQueueDisc,80000000,721938,728065380,314632,300013456,397084,417299586,10752338
logistic_seed1002_1791578261841652_pid253784,1002,33.100000,4,ul,ns3::FqCoDelQueueDisc,80000000,44964,3610173,44964,3610173,0,0,0
logistic_seed1002_1791578261841652_pid253784,1002,33.100000,4,dl,ns3::FqCoDelQueueDisc,80000000,722923,729101358,315580,301010752,399088,419407706,8682900
logistic_seed1002_1791578261841652_pid253784,1002,33.200000,4,ul,ns3::FqCoDelQueueDisc,80000000,44964,3610173,44964,3610173,0,0,0
logistic_seed1002_1791578261841652_pid253784,1002,33.200000,4,dl,ns3::FqCoDelQueueDisc,80000000,725271,731571259,316529,302008870,400598,420996065,8566324
logistic_seed1002_1791578261841652_pid253784,1002,33.300000,4,ul,ns3::FqCoDelQueueDisc,80000000,44964,3610173,44964,3610173,0,0,0
logistic_seed1002_1791578261841652_pid253784,1002,33.300000,4,dl,ns3::FqCoDelQueueDisc,80000000,730015,736561231,317478,303007126,402322,422809610,10744495
logistic_seed1002_1791578261841652_pid253784,1002,33.400000,4,ul,ns3::FqCoDelQueueDisc,80000000,44964,3610173,44964,3610173,0,0,0
logistic_seed1002_1791578261841652_pid253784,1002,33.400000,4,dl,ns3::FqCoDelQueueDisc,80000000,734760,741552542,318427,304005397,406101,426784485,10762660
logistic_seed1002_1791578261841652_pid253784,1002,33.500000,4,ul,ns3::FqCoDelQueueDisc,80000000,44964,3610173,44964,3610173,0,0,0
logistic_seed1002_1791578261841652_pid253784,1002,33.500000,4,dl,ns3::FqCoDelQueueDisc,80000000,735695,742535909,319376,305003596,408109,428896492,8635821
logistic_seed1002_1791578261841652_pid253784,1002,33.600000,4,ul,ns3::FqCoDelQueueDisc,80000000,44964,3610173,44964,3610173,0,0,0
logistic_seed1002_1791578261841652_pid253784,1002,33.600000,4,dl,ns3::FqCoDelQueueDisc,80000000,735695,742535909,320325,306001819,409701,430571050,5963040
logistic_seed1002_1791578261841652_pid253784,1002,33.700000,4,ul,ns3::FqCoDelQueueDisc,80000000,44965,3611401,44965,3611401,0,0,0
logistic_seed1002_1791578261841652_pid253784,1002,33.700000,4,dl,ns3::FqCoDelQueueDisc,80000000,735696,742537137,321274,307000211,411290,432242568,3294358
logistic_seed1002_1791578261841652_pid253784,1002,33.800000,4,ul,ns3::FqCoDelQueueDisc,80000000,44965,3611401,44965,3611401,0,0,0
logistic_seed1002_1791578261841652_pid253784,1002,33.800000,4,dl,ns3::FqCoDelQueueDisc,80000000,738044,745007199,322222,307997276,412709,433735312,3274611
logistic_seed1002_1791578261841652_pid253784,1002,33.900000,4,ul,ns3::FqCoDelQueueDisc,80000000,44966,3612629,44966,3612629,0,0,0
logistic_seed1002_1791578261841652_pid253784,1002,33.900000,4,dl,ns3::FqCoDelQueueDisc,80000000,742789,749998844,323171,308995789,414140,435240581,5762474
logistic_seed1002_1791578261841652_pid253784,1002,34.000000,4,ul,ns3::FqCoDelQueueDisc,80000000,44966,3612629,44966,3612629,0,0,0
logistic_seed1002_1791578261841652_pid253784,1002,34.000000,4,dl,ns3::FqCoDelQueueDisc,80000000,747533,754988839,324120,309994126,415785,436971110,8023603
logistic_seed1002_1791578261841652_pid253784,1002,34.100000,4,ul,ns3::FqCoDelQueueDisc,80000000,44967,3613857,44967,3613857,0,0,0
logistic_seed1002_1791578261841652_pid253784,1002,34.100000,4,dl,ns3::FqCoDelQueueDisc,80000000,748460,755963977,325069,310992320,417444,438716255,6255402
logistic_seed1002_1791578261841652_pid253784,1002,34.200000,4,ul,ns3::FqCoDelQueueDisc,80000000,44967,3613857,44967,3613857,0,0,0
logistic_seed1002_1791578261841652_pid253784,1002,34.200000,4,dl,ns3::FqCoDelQueueDisc,80000000,750808,758434045,326018,311990576,419135,440495028,5948441
logistic_seed1002_1791578261841652_pid253784,1002,34.300000,4,ul,ns3::FqCoDelQueueDisc,80000000,44968,3615085,44968,3615085,0,0,0
logistic_seed1002_1791578261841652_pid253784,1002,34.300000,4,dl,ns3::FqCoDelQueueDisc,80000000,755553,763425961,326966,312987949,420768,442212744,8225268
logistic_seed1002_1791578261841652_pid253784,1002,34.400000,4,ul,ns3::FqCoDelQueueDisc,80000000,44968,3615085,44968,3615085,0,0,0
logistic_seed1002_1791578261841652_pid253784,1002,34.400000,4,dl,ns3::FqCoDelQueueDisc,80000000,759908,768006575,327915,313986286,422193,443711789,10308500
logistic_seed1002_1791578261841652_pid253784,1002,34.500000,4,ul,ns3::FqCoDelQueueDisc,80000000,44969,3616313,44969,3616313,0,0,0
logistic_seed1002_1791578261841652_pid253784,1002,34.500000,4,dl,ns3::FqCoDelQueueDisc,80000000,764653,772998220,328864,314984787,425573,447267318,10746115
logistic_seed1002_1791578261841652_pid253784,1002,34.600000,4,ul,ns3::FqCoDelQueueDisc,80000000,44969,3616313,44969,3616313,0,0,0
logistic_seed1002_1791578261841652_pid253784,1002,34.600000,4,dl,ns3::FqCoDelQueueDisc,80000000,769397,777988215,329813,315983023,429377,451268650,10736542
logistic_seed1002_1791578261841652_pid253784,1002,34.700000,4,ul,ns3::FqCoDelQueueDisc,80000000,44970,3617541,44970,3617541,0,0,0
logistic_seed1002_1791578261841652_pid253784,1002,34.700000,4,dl,ns3::FqCoDelQueueDisc,80000000,770324,778963353,330761,316980344,431573,453578659,8404350
logistic_seed1002_1791578261841652_pid253784,1002,34.800000,4,ul,ns3::FqCoDelQueueDisc,80000000,44970,3617541,44970,3617541,0,0,0
logistic_seed1002_1791578261841652_pid253784,1002,34.800000,4,dl,ns3::FqCoDelQueueDisc,80000000,772672,781433415,331710,317978692,433336,455433243,8021480
logistic_seed1002_1791578261841652_pid253784,1002,34.900000,4,ul,ns3::FqCoDelQueueDisc,80000000,44971,3618769,44971,3618769,0,0,0
logistic_seed1002_1791578261841652_pid253784,1002,34.900000,4,dl,ns3::FqCoDelQueueDisc,80000000,777417,786425170,332659,318977083,435082,457269621,10178466
logistic_seed1002_1791578261841652_pid253784,1002,35.000000,4,ul,ns3::FqCoDelQueueDisc,80000000,44971,3618769,44971,3618769,0,0,0
logistic_seed1002_1791578261841652_pid253784,1002,35.000000,4,dl,ns3::FqCoDelQueueDisc,80000000,780806,789989573,333608,319975386,437661,459982349,10031838
logistic_seed1002_1791578261841652_pid253784,1002,35.100000,4,ul,ns3::FqCoDelQueueDisc,80000000,44972,3619997,44972,3619997,0,0,0
logistic_seed1002_1791578261841652_pid253784,1002,35.100000,4,dl,ns3::FqCoDelQueueDisc,80000000,784467,793840781,334556,320972803,440245,462700706,10167272
logistic_seed1002_1791578261841652_pid253784,1002,35.200000,4,ul,ns3::FqCoDelQueueDisc,80000000,44972,3619997,44972,3619997,0,0,0
logistic_seed1002_1791578261841652_pid253784,1002,35.200000,4,dl,ns3::FqCoDelQueueDisc,80000000,786815,796310682,335505,321971151,441849,464387953,9951578
logistic_seed1002_1791578261841652_pid253784,1002,35.300000,4,ul,ns3::FqCoDelQueueDisc,80000000,44973,3621225,44973,3621225,0,0,0
logistic_seed1002_1791578261841652_pid253784,1002,35.300000,4,dl,ns3::FqCoDelQueueDisc,80000000,791560,801302004,336454,322969583,444913,467610810,10721611
logistic_seed1002_1791578261841652_pid253784,1002,35.400000,4,ul,ns3::FqCoDelQueueDisc,80000000,44973,3621225,44973,3621225,0,0,0
logistic_seed1002_1791578261841652_pid253784,1002,35.400000,4,dl,ns3::FqCoDelQueueDisc,80000000,794896,804810915,337403,323967754,448020,470878979,9964182
logistic_seed1002_1791578261841652_pid253784,1002,35.500000,4,ul,ns3::FqCoDelQueueDisc,80000000,44974,3622453,44974,3622453,0,0,0
logistic_seed1002_1791578261841652_pid253784,1002,35.500000,4,dl,ns3::FqCoDelQueueDisc,80000000,797947,808020463,338351,324965088,450292,473268744,9786631
logistic_seed1002_1791578261841652_pid253784,1002,35.600000,4,ul,ns3::FqCoDelQueueDisc,80000000,44975,3622509,44975,3622509,0,0,0
logistic_seed1002_1791578261841652_pid253784,1002,35.600000,4,dl,ns3::FqCoDelQueueDisc,80000000,797948,808020519,339300,325963243,451985,475049593,7007683
logistic_seed1002_1791578261841652_pid253784,1002,35.700000,4,ul,ns3::FqCoDelQueueDisc,80000000,44975,3622509,44975,3622509,0,0,0
logistic_seed1002_1791578261841652_pid253784,1002,35.700000,4,dl,ns3::FqCoDelQueueDisc,80000000,801608,811870499,340249,326960408,453628,476778007,8132084
logistic_seed1002_1791578261841652_pid253784,1002,35.800000,4,ul,ns3::FqCoDelQueueDisc,80000000,44977,3622628,44977,3622628,0,0,0
logistic_seed1002_1791578261841652_pid253784,1002,35.800000,4,dl,ns3::FqCoDelQueueDisc,80000000,803956,814340400,341199,327959588,454153,477330285,9050527
logistic_seed1002_1791578261841652_pid253784,1002,35.900000,4,ul,ns3::FqCoDelQueueDisc,80000000,44977,3622628,44977,3622628,0,0,0
logistic_seed1002_1791578261841652_pid253784,1002,35.900000,4,dl,ns3::FqCoDelQueueDisc,80000000,808702,819330598,342148,328957847,456337,479627853,10744898
logistic_seed1002_1791578261841652_pid253784,1002,36.000000,4,ul,ns3::FqCoDelQueueDisc,80000000,44977,3622628,44977,3622628,0,0,0
logistic_seed1002_1791578261841652_pid253784,1002,36.000000,4,dl,ns3::FqCoDelQueueDisc,80000000,812038,822839509,343097,329955960,459410,482858098,10025451
logistic_seed1002_1791578261841652_pid253784,1002,36.100000,4,ul,ns3::FqCoDelQueueDisc,80000000,44977,3622628,44977,3622628,0,0,0
logistic_seed1002_1791578261841652_pid253784,1002,36.100000,4,dl,ns3::FqCoDelQueueDisc,80000000,815698,826689489,344046,330954021,461977,485558436,10177032
logistic_seed1002_1791578261841652_pid253784,1002,36.200000,4,ul,ns3::FqCoDelQueueDisc,80000000,44977,3622628,44977,3622628,0,0,0
logistic_seed1002_1791578261841652_pid253784,1002,36.200000,4,dl,ns3::FqCoDelQueueDisc,80000000,815698,826689489,344995,331952303,463461,487119483,7617703
logistic_seed1002_1791578261841652_pid253784,1002,36.300000,4,ul,ns3::FqCoDelQueueDisc,80000000,44977,3622628,44977,3622628,0,0,0
logistic_seed1002_1791578261841652_pid253784,1002,36.300000,4,dl,ns3::FqCoDelQueueDisc,80000000,815698,826689489,345944,332950473,464755,488480727,5258289
logistic_seed1002_1791578261841652_pid253784,1002,36.400000,4,ul,ns3::FqCoDelQueueDisc,80000000,44977,3622628,44977,3622628,0,0,0
logistic_seed1002_1791578261841652_pid253784,1002,36.400000,4,dl,ns3::FqCoDelQueueDisc,80000000,818046,829159390,346893,333948590,465346,489102459,6108341
logistic_seed1002_1791578261841652_pid253784,1002,36.500000,4,ul,ns3::FqCoDelQueueDisc,80000000,44977,3622628,44977,3622628,0,0,0
logistic_seed1002_1791578261841652_pid253784,1002,36.500000,4,dl,ns3::FqCoDelQueueDisc,80000000,822790,834149362,347842,334946894,465891,489675777,9526691
logistic_seed1002_1791578261841652_pid253784,1002,36.600000,4,ul,ns3::FqCoDelQueueDisc,80000000,44977,3622628,44977,3622628,0,0,0
logistic_seed1002_1791578261841652_pid253784,1002,36.600000,4,dl,ns3::FqCoDelQueueDisc,80000000,827535,839140673,348791,335945081,468530,492451868,10743724
logistic_seed1002_1791578261841652_pid253784,1002,36.700000,4,ul,ns3::FqCoDelQueueDisc,80000000,44977,3622628,44977,3622628,0,0,0
logistic_seed1002_1791578261841652_pid253784,1002,36.700000,4,dl,ns3::FqCoDelQueueDisc,80000000,828470,840124040,349740,336943074,470022,494021142,9159824
logistic_seed1002_1791578261841652_pid253784,1002,36.800000,4,ul,ns3::FqCoDelQueueDisc,80000000,44978,3622695,44978,3622695,0,0,0
logistic_seed1002_1791578261841652_pid253784,1002,36.800000,4,dl,ns3::FqCoDelQueueDisc,80000000,828470,840124040,350689,337941322,470960,495007895,7174823
logistic_seed1002_1791578261841652_pid253784,1002,36.900000,4,ul,ns3::FqCoDelQueueDisc,80000000,44978,3622695,44978,3622695,0,0,0
logistic_seed1002_1791578261841652_pid253784,1002,36.900000,4,dl,ns3::FqCoDelQueueDisc,80000000,828471,840124092,351637,338938585,471911,496008193,5177314
logistic_seed1002_1791578261841652_pid253784,1002,37.000000,4,ul,ns3::FqCoDelQueueDisc,80000000,44978,3622695,44978,3622695,0,0,0
logistic_seed1002_1791578261841652_pid253784,1002,37.000000,4,dl,ns3::FqCoDelQueueDisc,80000000,830819,842594154,352586,339936757,472862,497008579,5648818
logistic_seed1002_1791578261841652_pid253784,1002,37.100000,4,ul,ns3::FqCoDelQueueDisc,80000000,44978,3622695,44978,3622695,0,0,0
logistic_seed1002_1791578261841652_pid253784,1002,37.100000,4,dl,ns3::FqCoDelQueueDisc,80000000,835563,847584658,353536,340935058,473819,498015310,8634290
logistic_seed1002_1791578261841652_pid253784,1002,37.200000,4,ul,ns3::FqCoDelQueueDisc,80000000,44978,3622695,44978,3622695,0,0,0
logistic_seed1002_1791578261841652_pid253784,1002,37.200000,4,dl,ns3::FqCoDelQueueDisc,80000000,840307,852574446,354485,341933395,475587,499875026,10766025
logistic_seed1002_1791578261841652_pid253784,1002,37.300000,4,ul,ns3::FqCoDelQueueDisc,80000000,44978,3622695,44978,3622695,0,0,0
logistic_seed1002_1791578261841652_pid253784,1002,37.300000,4,dl,ns3::FqCoDelQueueDisc,80000000,841292,853610424,355434,342931743,477227,501600295,9078386
logistic_seed1002_1791578261841652_pid253784,1002,37.400000,4,ul,ns3::FqCoDelQueueDisc,80000000,44978,3622695,44978,3622695,0,0,0
logistic_seed1002_1791578261841652_pid253784,1002,37.400000,4,dl,ns3::FqCoDelQueueDisc,80000000,843640,856080492,356383,343929931,478257,502683788,9466773
logistic_seed1002_1791578261841652_pid253784,1002,37.500000,4,ul,ns3::FqCoDelQueueDisc,80000000,44978,3622695,44978,3622695,0,0,0
logistic_seed1002_1791578261841652_pid253784,1002,37.500000,4,dl,ns3::FqCoDelQueueDisc,80000000,848384,861071180,357331,344927205,480846,505406818,10737157
logistic_seed1002_1791578261841652_pid253784,1002,37.600000,4,ul,ns3::FqCoDelQueueDisc,80000000,44978,3622695,44978,3622695,0,0,0
logistic_seed1002_1791578261841652_pid253784,1002,37.600000,4,dl,ns3::FqCoDelQueueDisc,80000000,853127,866060816,358280,345925476,484661,509419806,10715534
logistic_seed1002_1791578261841652_pid253784,1002,37.700000,4,ul,ns3::FqCoDelQueueDisc,80000000,44978,3622695,44978,3622695,0,0,0
logistic_seed1002_1791578261841652_pid253784,1002,37.700000,4,dl,ns3::FqCoDelQueueDisc,80000000,857872,871052119,359229,346923824,488457,513413088,10715207
logistic_seed1002_1791578261841652_pid253784,1002,37.800000,4,ul,ns3::FqCoDelQueueDisc,80000000,44978,3622695,44978,3622695,0,0,0
logistic_seed1002_1791578261841652_pid253784,1002,37.800000,4,dl,ns3::FqCoDelQueueDisc,80000000,862616,876042104,360178,347922172,492251,517404348,10715584
logistic_seed1002_1791578261841652_pid253784,1002,37.900000,4,ul,ns3::FqCoDelQueueDisc,80000000,44978,3622695,44978,3622695,0,0,0
logistic_seed1002_1791578261841652_pid253784,1002,37.900000,4,dl,ns3::FqCoDelQueueDisc,80000000,863565,877040232,361127,348920520,493913,519152772,8966940
logistic_seed1002_1791578261841652_pid253784,1002,38.000000,4,ul,ns3::FqCoDelQueueDisc,80000000,44978,3622695,44978,3622695,0,0,0
logistic_seed1002_1791578261841652_pid253784,1002,38.000000,4,dl,ns3::FqCoDelQueueDisc,80000000,865913,879510294,362075,349917793,495062,520361382,9231119
logistic_seed1002_1791578261841652_pid253784,1002,38.100000,4,ul,ns3::FqCoDelQueueDisc,80000000,44978,3622695,44978,3622695,0,0,0
logistic_seed1002_1791578261841652_pid253784,1002,38.100000,4,dl,ns3::FqCoDelQueueDisc,80000000,870657,884500798,363024,350916003,497449,522872104,10712691
logistic_seed1002_1791578261841652_pid253784,1002,38.200000,4,ul,ns3::FqCoDelQueueDisc,80000000,44978,3622695,44978,3622695,0,0,0
logistic_seed1002_1791578261841652_pid253784,1002,38.200000,4,dl,ns3::FqCoDelQueueDisc,80000000,875401,889490586,363973,351914219,501202,526819843,10756524
logistic_seed1002_1791578261841652_pid253784,1002,38.300000,4,ul,ns3::FqCoDelQueueDisc,80000000,44978,3622695,44978,3622695,0,0,0
logistic_seed1002_1791578261841652_pid253784,1002,38.300000,4,dl,ns3::FqCoDelQueueDisc,80000000,876386,890526564,364922,352912468,502980,528690265,8923831
logistic_seed1002_1791578261841652_pid253784,1002,38.400000,4,ul,ns3::FqCoDelQueueDisc,80000000,44978,3622695,44978,3622695,0,0,0
logistic_seed1002_1791578261841652_pid253784,1002,38.400000,4,dl,ns3::FqCoDelQueueDisc,80000000,878734,892996465,365871,353910816,504214,529988410,9097239
logistic_seed1002_1791578261841652_pid253784,1002,38.500000,4,ul,ns3::FqCoDelQueueDisc,80000000,44978,3622695,44978,3622695,0,0,0
logistic_seed1002_1791578261841652_pid253784,1002,38.500000,4,dl,ns3::FqCoDelQueueDisc,80000000,883478,897986437,366820,354908888,506481,532372869,10704680
logistic_seed1002_1791578261841652_pid253784,1002,38.600000,4,ul,ns3::FqCoDelQueueDisc,80000000,44978,3622695,44978,3622695,0,0,0
logistic_seed1002_1791578261841652_pid253784,1002,38.600000,4,dl,ns3::FqCoDelQueueDisc,80000000,888223,902977748,367769,355907203,510253,536340382,10730163
logistic_seed1002_1791578261841652_pid253784,1002,38.700000,4,ul,ns3::FqCoDelQueueDisc,80000000,44978,3622695,44978,3622695,0,0,0
logistic_seed1002_1791578261841652_pid253784,1002,38.700000,4,dl,ns3::FqCoDelQueueDisc,80000000,889158,903961115,368717,356904407,512044,538224185,8832523
logistic_seed1002_1791578261841652_pid253784,1002,38.800000,4,ul,ns3::FqCoDelQueueDisc,80000000,44978,3622695,44978,3622695,0,0,0
logistic_seed1002_1791578261841652_pid253784,1002,38.800000,4,dl,ns3::FqCoDelQueueDisc,80000000,889158,903961115,369666,357902652,513368,539616862,6441601
logistic_seed1002_1791578261841652_pid253784,1002,38.900000,4,ul,ns3::FqCoDelQueueDisc,80000000,44978,3622695,44978,3622695,0,0,0
logistic_seed1002_1791578261841652_pid253784,1002,38.900000,4,dl,ns3::FqCoDelQueueDisc,80000000,889158,903961115,370615,358900868,514705,541023243,4037004
logistic_seed1002_1791578261841652_pid253784,1002,39.000000,4,ul,ns3::FqCoDelQueueDisc,80000000,44978,3622695,44978,3622695,0,0,0
logistic_seed1002_1791578261841652_pid253784,1002,39.000000,4,dl,ns3::FqCoDelQueueDisc,80000000,891506,906431177,371564,359899062,516030,542417033,4115082
logistic_seed1002_1791578261841652_pid253784,1002,39.100000,4,ul,ns3::FqCoDelQueueDisc,80000000,44978,3622695,44978,3622695,0,0,0
logistic_seed1002_1791578261841652_pid253784,1002,39.100000,4,dl,ns3::FqCoDelQueueDisc,80000000,896250,911421594,372513,360897333,517379,543836093,6688168
logistic_seed1002_1791578261841652_pid253784,1002,39.200000,4,ul,ns3::FqCoDelQueueDisc,80000000,44978,3622695,44978,3622695,0,0,0
logistic_seed1002_1791578261841652_pid253784,1002,39.200000,4,dl,ns3::FqCoDelQueueDisc,80000000,900994,916411589,373462,361895670,518756,545284642,9231277
logistic_seed1002_1791578261841652_pid253784,1002,39.300000,4,ul,ns3::FqCoDelQueueDisc,80000000,44978,3622695,44978,3622695,0,0,0
logistic_seed1002_1791578261841652_pid253784,1002,39.300000,4,dl,ns3::FqCoDelQueueDisc,80000000,901920,917385499,374411,362893908,520166,546767861,7723730
logistic_seed1002_1791578261841652_pid253784,1002,39.400000,4,ul,ns3::FqCoDelQueueDisc,80000000,44978,3622695,44978,3622695,0,0,0
logistic_seed1002_1791578261841652_pid253784,1002,39.400000,4,dl,ns3::FqCoDelQueueDisc,80000000,904268,919855567,375359,363891089,521582,548257379,7707099
logistic_seed1002_1791578261841652_pid253784,1002,39.500000,4,ul,ns3::FqCoDelQueueDisc,80000000,44978,3622695,44978,3622695,0,0,0
logistic_seed1002_1791578261841652_pid253784,1002,39.500000,4,dl,ns3::FqCoDelQueueDisc,80000000,909012,924846255,376308,364889282,522935,549680520,10276453
logistic_seed1002_1791578261841652_pid253784,1002,39.600000,4,ul,ns3::FqCoDelQueueDisc,80000000,44978,3622695,44978,3622695,0,0,0
logistic_seed1002_1791578261841652_pid253784,1002,39.600000,4,dl,ns3::FqCoDelQueueDisc,80000000,913367,929426869,377257,365887562,525906,552805727,10733580
logistic_seed1002_1791578261841652_pid253784,1002,39.700000,4,ul,ns3::FqCoDelQueueDisc,80000000,44978,3622695,44978,3622695,0,0,0
logistic_seed1002_1791578261841652_pid253784,1002,39.700000,4,dl,ns3::FqCoDelQueueDisc,80000000,918111,934417286,378206,366885882,529669,556764249,10767155
logistic_seed1002_1791578261841652_pid253784,1002,39.800000,4,ul,ns3::FqCoDelQueueDisc,80000000,44978,3622695,44978,3622695,0,0,0
logistic_seed1002_1791578261841652_pid253784,1002,39.800000,4,dl,ns3::FqCoDelQueueDisc,80000000,922855,939407281,379155,367883950,533519,560813945,10709386
logistic_seed1002_1791578261841652_pid253784,1002,39.900000,4,ul,ns3::FqCoDelQueueDisc,80000000,44978,3622695,44978,3622695,0,0,0
logistic_seed1002_1791578261841652_pid253784,1002,39.900000,4,dl,ns3::FqCoDelQueueDisc,80000000,923781,940381191,380104,368882210,535471,562867399,8631582
logistic_seed1002_1791578261841652_pid253784,1002,40.000000,4,ul,ns3::FqCoDelQueueDisc,80000000,44978,3622695,44978,3622695,0,0,0
logistic_seed1002_1791578261841652_pid253784,1002,40.000000,4,dl,ns3::FqCoDelQueueDisc,80000000,926129,942851253,381053,369880535,536962,564435908,8534810
logistic_seed1002_1791578261841652_pid253784,1002,40.100000,4,ul,ns3::FqCoDelQueueDisc,80000000,44978,3622695,44978,3622695,0,0,0
logistic_seed1002_1791578261841652_pid253784,1002,40.100000,4,dl,ns3::FqCoDelQueueDisc,80000000,930873,947841780,382001,370877560,538644,566205119,10759101
logistic_seed1002_1791578261841652_pid253784,1002,40.200000,4,ul,ns3::FqCoDelQueueDisc,80000000,44978,3622695,44978,3622695,0,0,0
logistic_seed1002_1791578261841652_pid253784,1002,40.200000,4,dl,ns3::FqCoDelQueueDisc,80000000,934262,951406183,382951,371876770,541738,569459670,10069743
logistic_seed1002_1791578261841652_pid253784,1002,40.300000,4,ul,ns3::FqCoDelQueueDisc,80000000,44978,3622695,44978,3622695,0,0,0
logistic_seed1002_1791578261841652_pid253784,1002,40.300000,4,dl,ns3::FqCoDelQueueDisc,80000000,937922,955256163,383899,372874066,544304,572159069,10223028
logistic_seed1002_1791578261841652_pid253784,1002,40.400000,4,ul,ns3::FqCoDelQueueDisc,80000000,44978,3622695,44978,3622695,0,0,0
logistic_seed1002_1791578261841652_pid253784,1002,40.400000,4,dl,ns3::FqCoDelQueueDisc,80000000,940270,957726064,384848,373872391,545658,573583477,10270196
logistic_seed1002_1791578261841652_pid253784,1002,40.500000,4,ul,ns3::FqCoDelQueueDisc,80000000,44978,3622695,44978,3622695,0,0,0
logistic_seed1002_1791578261841652_pid253784,1002,40.500000,4,dl,ns3::FqCoDelQueueDisc,80000000,945014,962716158,385797,374870509,549027,577127194,10718455
logistic_seed1002_1791578261841652_pid253784,1002,40.600000,4,ul,ns3::FqCoDelQueueDisc,80000000,44978,3622695,44978,3622695,0,0,0
logistic_seed1002_1791578261841652_pid253784,1002,40.600000,4,dl,ns3::FqCoDelQueueDisc,80000000,948350,966225069,386746,375868712,552084,580342846,10013511
logistic_seed1002_1791578261841652_pid253784,1002,40.700000,4,ul,ns3::FqCoDelQueueDisc,80000000,44978,3622695,44978,3622695,0,0,0
logistic_seed1002_1791578261841652_pid253784,1002,40.700000,4,dl,ns3::FqCoDelQueueDisc,80000000,951400,969433389,387695,376866796,554363,582739837,9826756
logistic_seed1002_1791578261841652_pid253784,1002,40.800000,4,ul,ns3::FqCoDelQueueDisc,80000000,44978,3622695,44978,3622695,0,0,0
logistic_seed1002_1791578261841652_pid253784,1002,40.800000,4,dl,ns3::FqCoDelQueueDisc,80000000,951400,969433389,388644,377865067,555784,584234663,7333659
logistic_seed1002_1791578261841652_pid253784,1002,40.900000,4,ul,ns3::FqCoDelQueueDisc,80000000,44978,3622695,44978,3622695,0,0,0
logistic_seed1002_1791578261841652_pid253784,1002,40.900000,4,dl,ns3::FqCoDelQueueDisc,80000000,955060,973283369,389593,378863228,557234,585759942,8660199
logistic_seed1002_1791578261841652_pid253784,1002,41.000000,4,ul,ns3::FqCoDelQueueDisc,80000000,44978,3622695,44978,3622695,0,0,0
logistic_seed1002_1791578261841652_pid253784,1002,41.000000,4,dl,ns3::FqCoDelQueueDisc,80000000,957408,975753270,390542,379861433,558159,586733042,9158795
logistic_seed1002_1791578261841652_pid253784,1002,41.100000,4,ul,ns3::FqCoDelQueueDisc,80000000,44978,3622695,44978,3622695,0,0,0
logistic_seed1002_1791578261841652_pid253784,1002,41.100000,4,dl,ns3::FqCoDelQueueDisc,80000000,962152,980743364,391491,380859748,560470,589164070,10719546
logistic_seed1002_1791578261841652_pid253784,1002,41.200000,4,ul,ns3::FqCoDelQueueDisc,80000000,44978,3622695,44978,3622695,0,0,0
logistic_seed1002_1791578261841652_pid253784,1002,41.200000,4,dl,ns3::FqCoDelQueueDisc,80000000,965488,984252275,392439,381856975,563519,592371016,10024284
logistic_seed1002_1791578261841652_pid253784,1002,41.300000,4,ul,ns3::FqCoDelQueueDisc,80000000,44978,3622695,44978,3622695,0,0,0
logistic_seed1002_1791578261841652_pid253784,1002,41.300000,4,dl,ns3::FqCoDelQueueDisc,80000000,969148,988102255,393388,382855220,566034,595016486,10230549
logistic_seed1002_1791578261841652_pid253784,1002,41.400000,4,ul,ns3::FqCoDelQueueDisc,80000000,44978,3622695,44978,3622695,0,0,0
logistic_seed1002_1791578261841652_pid253784,1002,41.400000,4,dl,ns3::FqCoDelQueueDisc,80000000,969148,988102255,394337,383853354,567451,596507082,7741819
logistic_seed1002_1791578261841652_pid253784,1002,41.500000,4,ul,ns3::FqCoDelQueueDisc,80000000,44978,3622695,44978,3622695,0,0,0
logistic_seed1002_1791578261841652_pid253784,1002,41.500000,4,dl,ns3::FqCoDelQueueDisc,80000000,969148,988102255,395286,384851581,568886,598016636,5234038
logistic_seed1002_1791578261841652_pid253784,1002,41.600000,4,ul,ns3::FqCoDelQueueDisc,80000000,44978,3622695,44978,3622695,0,0,0
logistic_seed1002_1791578261841652_pid253784,1002,41.600000,4,dl,ns3::FqCoDelQueueDisc,80000000,971496,990572156,396235,385849665,569729,598903472,5819019
logistic_seed1002_1791578261841652_pid253784,1002,41.700000,4,ul,ns3::FqCoDelQueueDisc,80000000,44978,3622695,44978,3622695,0,0,0
logistic_seed1002_1791578261841652_pid253784,1002,41.700000,4,dl,ns3::FqCoDelQueueDisc,80000000,976240,995562128,397184,386848002,570495,599709216,9004910
logistic_seed1002_1791578261841652_pid253784,1002,41.800000,4,ul,ns3::FqCoDelQueueDisc,80000000,44978,3622695,44978,3622695,0,0,0
logistic_seed1002_1791578261841652_pid253784,1002,41.800000,4,dl,ns3::FqCoDelQueueDisc,80000000,980985,1000553439,398133,387846166,572665,601991792,10715481
logistic_seed1002_1791578261841652_pid253784,1002,41.900000,4,ul,ns3::FqCoDelQueueDisc,80000000,44978,3622695,44978,3622695,0,0,0
logistic_seed1002_1791578261841652_pid253784,1002,41.900000,4,dl,ns3::FqCoDelQueueDisc,80000000,981920,1001536806,399082,388844192,574211,603618035,9074579
logistic_seed1002_1791578261841652_pid253784,1002,42.000000,5,ul,ns3::FqCoDelQueueDisc,80000000,44978,3622695,44978,3622695,0,0,0
logistic_seed1002_1791578261841652_pid253784,1002,42.000000,5,dl,ns3::FqCoDelQueueDisc,80000000,981920,1001536806,400031,389842407,575258,604719424,6974975
logistic_seed1002_1791578261841652_pid253784,1002,42.100000,5,ul,ns3::FqCoDelQueueDisc,80000000,44978,3622695,44978,3622695,0,0,0
logistic_seed1002_1791578261841652_pid253784,1002,42.100000,5,dl,ns3::FqCoDelQueueDisc,80000000,981920,1001536806,400980,390840656,576322,605838696,4857454
logistic_seed1002_1791578261841652_pid253784,1002,42.200000,5,ul,ns3::FqCoDelQueueDisc,80000000,44978,3622695,44978,3622695,0,0,0
logistic_seed1002_1791578261841652_pid253784,1002,42.200000,5,dl,ns3::FqCoDelQueueDisc,80000000,984268,1004006868,401929,391838751,577082,606638172,5529945
logistic_seed1002_1791578261841652_pid253784,1002,42.300000,5,ul,ns3::FqCoDelQueueDisc,80000000,44978,3622695,44978,3622695,0,0,0
logistic_seed1002_1791578261841652_pid253784,1002,42.300000,5,dl,ns3::FqCoDelQueueDisc,80000000,989012,1008997372,402877,392836036,577807,607400773,8760563
logistic_seed1002_1791578261841652_pid253784,1002,42.400000,5,ul,ns3::FqCoDelQueueDisc,80000000,44978,3622695,44978,3622695,0,0,0
logistic_seed1002_1791578261841652_pid253784,1002,42.400000,5,dl,ns3::FqCoDelQueueDisc,80000000,993756,1013987160,403826,393834351,579721,609414169,10738640
logistic_seed1002_1791578261841652_pid253784,1002,42.500000,5,ul,ns3::FqCoDelQueueDisc,80000000,44978,3622695,44978,3622695,0,0,0
logistic_seed1002_1791578261841652_pid253784,1002,42.500000,5,dl,ns3::FqCoDelQueueDisc,80000000,994741,1015023138,404775,394832666,581312,611087879,9102593
logistic_seed1002_1791578261841652_pid253784,1002,42.600000,5,ul,ns3::FqCoDelQueueDisc,80000000,44978,3622695,44978,3622695,0,0,0
logistic_seed1002_1791578261841652_pid253784,1002,42.600000,5,dl,ns3::FqCoDelQueueDisc,80000000,997089,1017493206,405724,395831003,582358,612187997,9474206
logistic_seed1002_1791578261841652_pid253784,1002,42.700000,5,ul,ns3::FqCoDelQueueDisc,80000000,44978,3622695,44978,3622695,0,0,0
logistic_seed1002_1791578261841652_pid253784,1002,42.700000,5,dl,ns3::FqCoDelQueueDisc,80000000,1001833,1022483894,406673,396829305,584963,614927907,10726682
logistic_seed1002_1791578261841652_pid253784,1002,42.800000,5,ul,ns3::FqCoDelQueueDisc,80000000,44978,3622695,44978,3622695,0,0,0
logistic_seed1002_1791578261841652_pid253784,1002,42.800000,5,dl,ns3::FqCoDelQueueDisc,80000000,1006576,1027473530,407621,397826568,588733,618893490,10753472
logistic_seed1002_1791578261841652_pid253784,1002,42.900000,5,ul,ns3::FqCoDelQueueDisc,80000000,44978,3622695,44978,3622695,0,0,0
logistic_seed1002_1791578261841652_pid253784,1002,42.900000,5,dl,ns3::FqCoDelQueueDisc,80000000,1011321,1032464833,408570,398824916,592528,622885786,10754131
logistic_seed1002_1791578261841652_pid253784,1002,43.000000,5,ul,ns3::FqCoDelQueueDisc,80000000,44978,3622695,44978,3622695,0,0,0
logistic_seed1002_1791578261841652_pid253784,1002,43.000000,5,dl,ns3::FqCoDelQueueDisc,80000000,1016065,1037454818,409519,399823264,596335,626890722,10740832
logistic_seed1002_1791578261841652_pid253784,1002,43.100000,5,ul,ns3::FqCoDelQueueDisc,80000000,44978,3622695,44978,3622695,0,0,0
logistic_seed1002_1791578261841652_pid253784,1002,43.100000,5,dl,ns3::FqCoDelQueueDisc,80000000,1017014,1038452946,410468,400821612,598000,628642302,8989032
logistic_seed1002_1791578261841652_pid253784,1002,43.200000,5,ul,ns3::FqCoDelQueueDisc,80000000,44979,3623923,44979,3623923,0,0,0
logistic_seed1002_1791578261841652_pid253784,1002,43.200000,5,dl,ns3::FqCoDelQueueDisc,80000000,1019363,1040924236,411416,401819084,599159,629861478,9243674
logistic_seed1002_1791578261841652_pid253784,1002,43.300000,5,ul,ns3::FqCoDelQueueDisc,80000000,44979,3623923,44979,3623923,0,0,0
logistic_seed1002_1791578261841652_pid253784,1002,43.300000,5,dl,ns3::FqCoDelQueueDisc,80000000,1024107,1045914740,412365,402817294,601565,632392050,10705396
logistic_seed1002_1791578261841652_pid253784,1002,43.400000,5,ul,ns3::FqCoDelQueueDisc,80000000,44980,3625151,44980,3625151,0,0,0
logistic_seed1002_1791578261841652_pid253784,1002,43.400000,5,dl,ns3::FqCoDelQueueDisc,80000000,1028852,1050905756,413314,403815719,605305,636326149,10763888
logistic_seed1002_1791578261841652_pid253784,1002,43.500000,5,ul,ns3::FqCoDelQueueDisc,80000000,44980,3625151,44980,3625151,0,0,0
logistic_seed1002_1791578261841652_pid253784,1002,43.500000,5,dl,ns3::FqCoDelQueueDisc,80000000,1029837,1051941734,414263,404814012,607058,638170227,8957495
logistic_seed1002_1791578261841652_pid253784,1002,43.600000,5,ul,ns3::FqCoDelQueueDisc,80000000,44981,3626379,44981,3626379,0,0,0
logistic_seed1002_1791578261841652_pid253784,1002,43.600000,5,dl,ns3::FqCoDelQueueDisc,80000000,1032186,1054412863,415211,405811484,608294,639470430,9130949
logistic_seed1002_1791578261841652_pid253784,1002,43.700000,5,ul,ns3::FqCoDelQueueDisc,80000000,44981,3626379,44981,3626379,0,0,0
logistic_seed1002_1791578261841652_pid253784,1002,43.700000,5,dl,ns3::FqCoDelQueueDisc,80000000,1036930,1059402835,416160,406809706,610590,641885316,10707813
logistic_seed1002_1791578261841652_pid253784,1002,43.800000,5,ul,ns3::FqCoDelQueueDisc,80000000,44982,3627607,44982,3627607,0,0,0
logistic_seed1002_1791578261841652_pid253784,1002,43.800000,5,dl,ns3::FqCoDelQueueDisc,80000000,1041676,1064395374,417109,407808174,614363,645853927,10733273
logistic_seed1002_1791578261841652_pid253784,1002,43.900000,5,ul,ns3::FqCoDelQueueDisc,80000000,44982,3627607,44982,3627607,0,0,0
logistic_seed1002_1791578261841652_pid253784,1002,43.900000,5,dl,ns3::FqCoDelQueueDisc,80000000,1042611,1065378741,418058,408806273,616124,647706178,8866290
logistic_seed1002_1791578261841652_pid253784,1002,44.000000,5,ul,ns3::FqCoDelQueueDisc,80000000,44983,3628835,44983,3628835,0,0,0
logistic_seed1002_1791578261841652_pid253784,1002,44.000000,5,dl,ns3::FqCoDelQueueDisc,80000000,1042612,1065379969,419007,409804671,617447,649097918,6477380
logistic_seed1002_1791578261841652_pid253784,1002,44.100000,5,ul,ns3::FqCoDelQueueDisc,80000000,44983,3628835,44983,3628835,0,0,0
logistic_seed1002_1791578261841652_pid253784,1002,44.100000,5,dl,ns3::FqCoDelQueueDisc,80000000,1042612,1065379969,419955,410801824,618789,650509548,4068597
logistic_seed1002_1791578261841652_pid253784,1002,44.200000,5,ul,ns3::FqCoDelQueueDisc,80000000,44984,3630063,44984,3630063,0,0,0
logistic_seed1002_1791578261841652_pid253784,1002,44.200000,5,dl,ns3::FqCoDelQueueDisc,80000000,1044961,1067851259,420904,411800282,620004,651787651,4263326
logistic_seed1002_1791578261841652_pid253784,1002,44.300000,5,ul,ns3::FqCoDelQueueDisc,80000000,44984,3630063,44984,3630063,0,0,0
logistic_seed1002_1791578261841652_pid253784,1002,44.300000,5,dl,ns3::FqCoDelQueueDisc,80000000,1049705,1072841676,421853,412798608,621247,653095012,6948056
logistic_seed1002_1791578261841652_pid253784,1002,44.400000,5,ul,ns3::FqCoDelQueueDisc,80000000,44985,3631291,44985,3631291,0,0,0
logistic_seed1002_1791578261841652_pid253784,1002,44.400000,5,dl,ns3::FqCoDelQueueDisc,80000000,1054450,1077832899,422802,413797132,622640,654560437,9475330
logistic_seed1002_1791578261841652_pid253784,1002,44.500000,5,ul,ns3::FqCoDelQueueDisc,80000000,44985,3631291,44985,3631291,0,0,0
logistic_seed1002_1791578261841652_pid253784,1002,44.500000,5,dl,ns3::FqCoDelQueueDisc,80000000,1055376,1078806809,423750,414794351,624033,656025763,7986695
logistic_seed1002_1791578261841652_pid253784,1002,44.600000,5,ul,ns3::FqCoDelQueueDisc,80000000,44986,3632519,44986,3632519,0,0,0
logistic_seed1002_1791578261841652_pid253784,1002,44.600000,5,dl,ns3::FqCoDelQueueDisc,80000000,1057725,1081278105,424699,415792737,625462,657528945,7956423
logistic_seed1002_1791578261841652_pid253784,1002,44.700000,5,ul,ns3::FqCoDelQueueDisc,80000000,44986,3632519,44986,3632519,0,0,0
logistic_seed1002_1791578261841652_pid253784,1002,44.700000,5,dl,ns3::FqCoDelQueueDisc,80000000,1062469,1086268793,425648,416790871,626892,659033217,10444705
logistic_seed1002_1791578261841652_pid253784,1002,44.800000,5,ul,ns3::FqCoDelQueueDisc,80000000,44987,3633747,44987,3633747,0,0,0
logistic_seed1002_1791578261841652_pid253784,1002,44.800000,5,dl,ns3::FqCoDelQueueDisc,80000000,1066825,1090850635,426597,417789292,630034,662338250,10723093
logistic_seed1002_1791578261841652_pid253784,1002,44.900000,5,ul,ns3::FqCoDelQueueDisc,80000000,44987,3633747,44987,3633747,0,0,0
logistic_seed1002_1791578261841652_pid253784,1002,44.900000,5,dl,ns3::FqCoDelQueueDisc,80000000,1071569,1095841052,427546,418787640,633799,666298881,10754531
logistic_seed1002_1791578261841652_pid253784,1002,45.000000,5,ul,ns3::FqCoDelQueueDisc,80000000,44988,3634975,44988,3634975,0,0,0
logistic_seed1002_1791578261841652_pid253784,1002,45.000000,5,dl,ns3::FqCoDelQueueDisc,80000000,1076314,1100832275,428494,419784888,637628,670326401,10720986
logistic_seed1002_1791578261841652_pid253784,1002,45.100000,5,ul,ns3::FqCoDelQueueDisc,80000000,44989,3635031,44989,3635031,0,0,0
logistic_seed1002_1791578261841652_pid253784,1002,45.100000,5,dl,ns3::FqCoDelQueueDisc,80000000,1077241,1101806241,429443,420782218,639590,672390337,8633686
logistic_seed1002_1791578261841652_pid253784,1002,45.200000,5,ul,ns3::FqCoDelQueueDisc,80000000,44991,3635150,44991,3635150,0,0,0
logistic_seed1002_1791578261841652_pid253784,1002,45.200000,5,dl,ns3::FqCoDelQueueDisc,80000000,1079591,1104276407,430393,421779618,641086,673964129,8532660
logistic_seed1002_1791578261841652_pid253784,1002,45.300000,5,ul,ns3::FqCoDelQueueDisc,80000000,44991,3635150,44991,3635150,0,0,0
logistic_seed1002_1791578261841652_pid253784,1002,45.300000,5,dl,ns3::FqCoDelQueueDisc,80000000,1084335,1109266934,431344,422779845,642772,675737537,10749552
logistic_seed1002_1791578261841652_pid253784,1002,45.400000,5,ul,ns3::FqCoDelQueueDisc,80000000,44991,3635150,44991,3635150,0,0,0
logistic_seed1002_1791578261841652_pid253784,1002,45.400000,5,dl,ns3::FqCoDelQueueDisc,80000000,1087724,1112831337,432293,423778014,645869,678995163,10058160
logistic_seed1002_1791578261841652_pid253784,1002,45.500000,5,ul,ns3::FqCoDelQueueDisc,80000000,44991,3635150,44991,3635150,0,0,0
logistic_seed1002_1791578261841652_pid253784,1002,45.500000,5,dl,ns3::FqCoDelQueueDisc,80000000,1091384,1116681317,433242,424776329,648447,681707208,10197780
logistic_seed1002_1791578261841652_pid253784,1002,45.600000,5,ul,ns3::FqCoDelQueueDisc,80000000,44991,3635150,44991,3635150,0,0,0
logistic_seed1002_1791578261841652_pid253784,1002,45.600000,5,dl,ns3::FqCoDelQueueDisc,80000000,1093732,1119151218,434190,425773556,649802,683132645,10245017
logistic_seed1002_1791578261841652_pid253784,1002,45.700000,5,ul,ns3::FqCoDelQueueDisc,80000000,44991,3635150,44991,3635150,0,0,0
logistic_seed1002_1791578261841652_pid253784,1002,45.700000,5,dl,ns3::FqCoDelQueueDisc,80000000,1098476,1124141312,435139,426771674,653118,686620675,10748963
logistic_seed1002_1791578261841652_pid253784,1002,45.800000,5,ul,ns3::FqCoDelQueueDisc,80000000,44991,3635150,44991,3635150,0,0,0
logistic_seed1002_1791578261841652_pid253784,1002,45.800000,5,dl,ns3::FqCoDelQueueDisc,80000000,1101812,1127650223,436088,427770000,656231,689895093,9985130
logistic_seed1002_1791578261841652_pid253784,1002,45.900000,5,ul,ns3::FqCoDelQueueDisc,80000000,44991,3635150,44991,3635150,0,0,0
logistic_seed1002_1791578261841652_pid253784,1002,45.900000,5,dl,ns3::FqCoDelQueueDisc,80000000,1104862,1130858543,437037,428768026,658460,692239565,9850952
logistic_seed1002_1791578261841652_pid253784,1002,46.000000,5,ul,ns3::FqCoDelQueueDisc,80000000,44991,3635150,44991,3635150,0,0,0
logistic_seed1002_1791578261841652_pid253784,1002,46.000000,5,dl,ns3::FqCoDelQueueDisc,80000000,1104862,1130858543,437986,429766363,659867,693719652,7372528
logistic_seed1002_1791578261841652_pid253784,1002,46.100000,5,ul,ns3::FqCoDelQueueDisc,80000000,44991,3635150,44991,3635150,0,0,0
logistic_seed1002_1791578261841652_pid253784,1002,46.100000,5,dl,ns3::FqCoDelQueueDisc,80000000,1108522,1134708523,438935,430764546,661326,695254333,8689644
logistic_seed1002_1791578261841652_pid253784,1002,46.200000,5,ul,ns3::FqCoDelQueueDisc,80000000,44991,3635150,44991,3635150,0,0,0
logistic_seed1002_1791578261841652_pid253784,1002,46.200000,5,dl,ns3::FqCoDelQueueDisc,80000000,1110870,1137178424,439884,431762817,662539,696530299,8885308
logistic_seed1002_1791578261841652_pid253784,1002,46.300000,5,ul,ns3::FqCoDelQueueDisc,80000000,44991,3635150,44991,3635150,0,0,0
logistic_seed1002_1791578261841652_pid253784,1002,46.300000,5,dl,ns3::FqCoDelQueueDisc,80000000,1115614,1142168518,440833,432760949,664598,698696255,10711314
logistic_seed1002_1791578261841652_pid253784,1002,46.400000,5,ul,ns3::FqCoDelQueueDisc,80000000,44991,3635150,44991,3635150,0,0,0
logistic_seed1002_1791578261841652_pid253784,1002,46.400000,5,dl,ns3::FqCoDelQueueDisc,80000000,1118950,1145677429,441781,433758107,667667,701924540,9994782
logistic_seed1002_1791578261841652_pid253784,1002,46.500000,5,ul,ns3::FqCoDelQueueDisc,80000000,44991,3635150,44991,3635150,0,0,0
logistic_seed1002_1791578261841652_pid253784,1002,46.500000,5,dl,ns3::FqCoDelQueueDisc,80000000,1122610,1149527409,442730,434756307,670164,704551088,10220014
logistic_seed1002_1791578261841652_pid253784,1002,46.600000,5,ul,ns3::FqCoDelQueueDisc,80000000,44991,3635150,44991,3635150,0,0,0
logistic_seed1002_1791578261841652_pid253784,1002,46.600000,5,dl,ns3::FqCoDelQueueDisc,80000000,1122610,1149527409,443679,435754611,671519,705976287,7796511
logistic_seed1002_1791578261841652_pid253784,1002,46.700000,5,ul,ns3::FqCoDelQueueDisc,80000000,44991,3635150,44991,3635150,0,0,0
logistic_seed1002_1791578261841652_pid253784,1002,46.700000,5,dl,ns3::FqCoDelQueueDisc,80000000,1122610,1149527409,444628,436752782,672750,707271233,5503394
logistic_seed1002_1791578261841652_pid253784,1002,46.800000,5,ul,ns3::FqCoDelQueueDisc,80000000,44991,3635150,44991,3635150,0,0,0
logistic_seed1002_1791578261841652_pid253784,1002,46.800000,5,dl,ns3::FqCoDelQueueDisc,80000000,1124958,1151997310,445577,437750998,673586,708150639,6095673
logistic_seed1002_1791578261841652_pid253784,1002,46.900000,5,ul,ns3::FqCoDelQueueDisc,80000000,44991,3635150,44991,3635150,0,0,0
logistic_seed1002_1791578261841652_pid253784,1002,46.900000,5,dl,ns3::FqCoDelQueueDisc,80000000,1129702,1156987282,446526,438749236,674445,709054307,9183739
logistic_seed1002_1791578261841652_pid253784,1002,47.000000,5,ul,ns3::FqCoDelQueueDisc,80000000,44991,3635150,44991,3635150,0,0,0
logistic_seed1002_1791578261841652_pid253784,1002,47.000000,5,dl,ns3::FqCoDelQueueDisc,80000000,1134447,1161978593,447475,439747423,676780,711510429,10720741
logistic_seed1002_1791578261841652_pid253784,1002,47.100000,5,ul,ns3::FqCoDelQueueDisc,80000000,44991,3635150,44991,3635150,0,0,0
logistic_seed1002_1791578261841652_pid253784,1002,47.100000,5,dl,ns3::FqCoDelQueueDisc,80000000,1135382,1162961960,448424,440745679,678463,713280577,8935704
logistic_seed1002_1791578261841652_pid253784,1002,47.200000,5,ul,ns3::FqCoDelQueueDisc,80000000,44991,3635150,44991,3635150,0,0,0
logistic_seed1002_1791578261841652_pid253784,1002,47.200000,5,dl,ns3::FqCoDelQueueDisc,80000000,1135382,1162961960,449373,441743983,679681,714561748,6656229
logistic_seed1002_1791578261841652_pid253784,1002,47.300000,5,ul,ns3::FqCoDelQueueDisc,80000000,44991,3635150,44991,3635150,0,0,0
logistic_seed1002_1791578261841652_pid253784,1002,47.300000,5,dl,ns3::FqCoDelQueueDisc,80000000,1135382,1162961960,450321,442741235,680893,715836694,4384031
logistic_seed1002_1791578261841652_pid253784,1002,47.400000,5,ul,ns3::FqCoDelQueueDisc,80000000,44991,3635150,44991,3635150,0,0,0
logistic_seed1002_1791578261841652_pid253784,1002,47.400000,5,dl,ns3::FqCoDelQueueDisc,80000000,1137730,1165432022,451270,443739274,681532,716508867,5183881
logistic_seed1002_1791578261841652_pid253784,1002,47.500000,5,ul,ns3::FqCoDelQueueDisc,80000000,44991,3635150,44991,3635150,0,0,0
logistic_seed1002_1791578261841652_pid253784,1002,47.500000,5,dl,ns3::FqCoDelQueueDisc,80000000,1142474,1170422526,452219,444737556,682182,717192645,8492325
logistic_seed1002_1791578261841652_pid253784,1002,47.600000,5,ul,ns3::FqCoDelQueueDisc,80000000,44991,3635150,44991,3635150,0,0,0
logistic_seed1002_1791578261841652_pid253784,1002,47.600000,5,dl,ns3::FqCoDelQueueDisc,80000000,1147218,1175412314,453168,445735904,683864,718962010,10714400
logistic_seed1002_1791578261841652_pid253784,1002,47.700000,5,ul,ns3::FqCoDelQueueDisc,80000000,44991,3635150,44991,3635150,0,0,0
logistic_seed1002_1791578261841652_pid253784,1002,47.700000,5,dl,ns3::FqCoDelQueueDisc,80000000,1148203,1176448292,454117,446734252,685446,720626219,9087821
logistic_seed1002_1791578261841652_pid253784,1002,47.800000,5,ul,ns3::FqCoDelQueueDisc,80000000,44991,3635150,44991,3635150,0,0,0
logistic_seed1002_1791578261841652_pid253784,1002,47.800000,5,dl,ns3::FqCoDelQueueDisc,80000000,1150551,1178918360,455066,447732521,686529,721765193,9420646
logistic_seed1002_1791578261841652_pid253784,1002,47.900000,5,ul,ns3::FqCoDelQueueDisc,80000000,44991,3635150,44991,3635150,0,0,0
logistic_seed1002_1791578261841652_pid253784,1002,47.900000,5,dl,ns3::FqCoDelQueueDisc,80000000,1155295,1183909048,456014,448729703,689103,724472765,10706580
logistic_seed1002_1791578261841652_pid253784,1002,48.000000,5,ul,ns3::FqCoDelQueueDisc,80000000,44991,3635150,44991,3635150,0,0,0
logistic_seed1002_1791578261841652_pid253784,1002,48.000000,5,dl,ns3::FqCoDelQueueDisc,80000000,1160038,1188898684,456963,449728007,692846,728409874,10760803
logistic_seed1002_1791578261841652_pid253784,1002,48.100000,5,ul,ns3::FqCoDelQueueDisc,80000000,44991,3635150,44991,3635150,0,0,0
logistic_seed1002_1791578261841652_pid253784,1002,48.100000,5,dl,ns3::FqCoDelQueueDisc,80000000,1164783,1193889987,457912,450726355,696678,732441061,10722571
logistic_seed1002_1791578261841652_pid253784,1002,48.200000,5,ul,ns3::FqCoDelQueueDisc,80000000,44991,3635150,44991,3635150,0,0,0
logistic_seed1002_1791578261841652_pid253784,1002,48.200000,5,dl,ns3::FqCoDelQueueDisc,80000000,1169527,1198879972,458861,451724703,700449,736408125,10747144
logistic_seed1002_1791578261841652_pid253784,1002,48.300000,5,ul,ns3::FqCoDelQueueDisc,80000000,44991,3635150,44991,3635150,0,0,0
logistic_seed1002_1791578261841652_pid253784,1002,48.300000,5,dl,ns3::FqCoDelQueueDisc,80000000,1170476,1199878100,459810,452723051,702210,738260697,8894352
logistic_seed1002_1791578261841652_pid253784,1002,48.400000,5,ul,ns3::FqCoDelQueueDisc,80000000,44991,3635150,44991,3635150,0,0,0
logistic_seed1002_1791578261841652_pid253784,1002,48.400000,5,dl,ns3::FqCoDelQueueDisc,80000000,1172824,1202348162,460758,453720324,703406,739518866,9108972
logistic_seed1002_1791578261841652_pid253784,1002,48.500000,5,ul,ns3::FqCoDelQueueDisc,80000000,44991,3635150,44991,3635150,0,0,0
logistic_seed1002_1791578261841652_pid253784,1002,48.500000,5,dl,ns3::FqCoDelQueueDisc,80000000,1177568,1207338666,461708,454719402,705645,741873869,10745395
logistic_seed1002_1791578261841652_pid253784,1002,48.600000,5,ul,ns3::FqCoDelQueueDisc,80000000,44991,3635150,44991,3635150,0,0,0
logistic_seed1002_1791578261841652_pid253784,1002,48.600000,5,dl,ns3::FqCoDelQueueDisc,80000000,1182312,1212328454,462656,455716621,709453,745879505,10732328
logistic_seed1002_1791578261841652_pid253784,1002,48.700000,5,ul,ns3::FqCoDelQueueDisc,80000000,44991,3635150,44991,3635150,0,0,0
logistic_seed1002_1791578261841652_pid253784,1002,48.700000,5,dl,ns3::FqCoDelQueueDisc,80000000,1183297,1213364432,463605,456714935,711208,747725666,8923831
logistic_seed1002_1791578261841652_pid253784,1002,48.800000,5,ul,ns3::FqCoDelQueueDisc,80000000,44991,3635150,44991,3635150,0,0,0
logistic_seed1002_1791578261841652_pid253784,1002,48.800000,5,dl,ns3::FqCoDelQueueDisc,80000000,1185645,1215834333,464554,457713260,712518,749103740,9017333
logistic_seed1002_1791578261841652_pid253784,1002,48.900000,5,ul,ns3::FqCoDelQueueDisc,80000000,44991,3635150,44991,3635150,0,0,0
logistic_seed1002_1791578261841652_pid253784,1002,48.900000,5,dl,ns3::FqCoDelQueueDisc,80000000,1190389,1220824305,465503,458711413,714654,751350398,10762494
logistic_seed1002_1791578261841652_pid253784,1002,49.000000,5,ul,ns3::FqCoDelQueueDisc,80000000,44991,3635150,44991,3635150,0,0,0
logistic_seed1002_1791578261841652_pid253784,1002,49.000000,5,dl,ns3::FqCoDelQueueDisc,80000000,1195134,1225815616,466452,459709635,718468,755362211,10743770
logistic_seed1002_1791578261841652_pid253784,1002,49.100000,5,ul,ns3::FqCoDelQueueDisc,80000000,44991,3635150,44991,3635150,0,0,0
logistic_seed1002_1791578261841652_pid253784,1002,49.100000,5,dl,ns3::FqCoDelQueueDisc,80000000,1196069,1226798983,467401,460707835,720323,757313180,8777968
logistic_seed1002_1791578261841652_pid253784,1002,49.200000,5,ul,ns3::FqCoDelQueueDisc,80000000,44991,3635150,44991,3635150,0,0,0
logistic_seed1002_1791578261841652_pid253784,1002,49.200000,5,dl,ns3::FqCoDelQueueDisc,80000000,1196069,1226798983,468350,461706104,721688,758749114,6343765
logistic_seed1002_1791578261841652_pid253784,1002,49.300000,5,ul,ns3::FqCoDelQueueDisc,80000000,44991,3635150,44991,3635150,0,0,0
logistic_seed1002_1791578261841652_pid253784,1002,49.300000,5,dl,ns3::FqCoDelQueueDisc,80000000,1196069,1226798983,469298,462703301,723055,760186967,3908715
logistic_seed1002_1791578261841652_pid253784,1002,49.400000,5,ul,ns3::FqCoDelQueueDisc,80000000,44991,3635150,44991,3635150,0,0,0
logistic_seed1002_1791578261841652_pid253784,1002,49.400000,5,dl,ns3::FqCoDelQueueDisc,80000000,1198417,1229269045,470247,463701594,724369,761569240,3998211
logistic_seed1002_1791578261841652_pid253784,1002,49.500000,5,ul,ns3::FqCoDelQueueDisc,80000000,44991,3635150,44991,3635150,0,0,0
logistic_seed1002_1791578261841652_pid253784,1002,49.500000,5,dl,ns3::FqCoDelQueueDisc,80000000,1203161,1234259462,471196,464699711,725681,762949365,6610386
logistic_seed1002_1791578261841652_pid253784,1002,49.600000,5,ul,ns3::FqCoDelQueueDisc,80000000,44991,3635150,44991,3635150,0,0,0
logistic_seed1002_1791578261841652_pid253784,1002,49.600000,5,dl,ns3::FqCoDelQueueDisc,80000000,1207905,1239249457,472145,465698059,727078,764418998,9132400
logistic_seed1002_1791578261841652_pid253784,1002,49.700000,5,ul,ns3::FqCoDelQueueDisc,80000000,44991,3635150,44991,3635150,0,0,0
logistic_seed1002_1791578261841652_pid253784,1002,49.700000,5,dl,ns3::FqCoDelQueueDisc,80000000,1208831,1240223367,473094,466696352,728504,765919040,7607975
logistic_seed1002_1791578261841652_pid253784,1002,49.800000,5,ul,ns3::FqCoDelQueueDisc,80000000,44991,3635150,44991,3635150,0,0,0
logistic_seed1002_1791578261841652_pid253784,1002,49.800000,5,dl,ns3::FqCoDelQueueDisc,80000000,1211179,1242693435,474043,467694447,729945,767434938,7564050
logistic_seed1002_1791578261841652_pid253784,1002,49.900000,5,ul,ns3::FqCoDelQueueDisc,80000000,44991,3635150,44991,3635150,0,0,0
logistic_seed1002_1791578261841652_pid253784,1002,49.900000,5,dl,ns3::FqCoDelQueueDisc,80000000,1215923,1247684123,474992,468692581,731389,768953848,10037694
logistic_seed1002_1791578261841652_pid253784,1002,50.000000,5,ul,ns3::FqCoDelQueueDisc,80000000,44991,3635150,44991,3635150,0,0,0
logistic_seed1002_1791578261841652_pid253784,1002,50.000000,5,dl,ns3::FqCoDelQueueDisc,80000000,1220278,1252264737,475941,469690872,734101,771806599,10767266
logistic_seed1002_1791578261841652_pid253784,1002,50.100000,5,ul,ns3::FqCoDelQueueDisc,80000000,44991,3635150,44991,3635150,0,0,0
logistic_seed1002_1791578261841652_pid253784,1002,50.100000,5,dl,ns3::FqCoDelQueueDisc,80000000,1225022,1257255154,476889,470688168,737941,775846119,10720867
logistic_seed1002_1791578261841652_pid253784,1002,50.200000,5,ul,ns3::FqCoDelQueueDisc,80000000,44991,3635150,44991,3635150,0,0,0
logistic_seed1002_1791578261841652_pid253784,1002,50.200000,5,dl,ns3::FqCoDelQueueDisc,80000000,1229766,1262245149,477838,471686096,741739,779841223,10717830
logistic_seed1002_1791578261841652_pid253784,1002,50.300000,5,ul,ns3::FqCoDelQueueDisc,80000000,44991,3635150,44991,3635150,0,0,0
logistic_seed1002_1791578261841652_pid253784,1002,50.300000,5,dl,ns3::FqCoDelQueueDisc,80000000,1230692,1263219059,478787,472684422,743690,781893587,8641050
logistic_seed1002_1791578261841652_pid253784,1002,50.400000,5,ul,ns3::FqCoDelQueueDisc,80000000,44991,3635150,44991,3635150,0,0,0
logistic_seed1002_1791578261841652_pid253784,1002,50.400000,5,dl,ns3::FqCoDelQueueDisc,80000000,1233040,1265689121,479736,473682770,745229,783512615,8493736
logistic_seed1002_1791578261841652_pid253784,1002,50.500000,5,ul,ns3::FqCoDelQueueDisc,80000000,44991,3635150,44991,3635150,0,0,0
logistic_seed1002_1791578261841652_pid253784,1002,50.500000,5,dl,ns3::FqCoDelQueueDisc,80000000,1237784,1270679648,480685,474680916,746890,785259711,10739021
logistic_seed1002_1791578261841652_pid253784,1002,50.600000,5,ul,ns3::FqCoDelQueueDisc,80000000,44991,3635150,44991,3635150,0,0,0
logistic_seed1002_1791578261841652_pid253784,1002,50.600000,5,dl,ns3::FqCoDelQueueDisc,80000000,1241173,1274244051,481634,475679131,749980,788509949,10054971
logistic_seed1002_1791578261841652_pid253784,1002,50.700000,5,ul,ns3::FqCoDelQueueDisc,80000000,44991,3635150,44991,3635150,0,0,0
logistic_seed1002_1791578261841652_pid253784,1002,50.700000,5,dl,ns3::FqCoDelQueueDisc,80000000,1244833,1278094031,482583,476677446,752506,791167257,10249328
logistic_seed1002_1791578261841652_pid253784,1002,50.800000,5,ul,ns3::FqCoDelQueueDisc,80000000,44991,3635150,44991,3635150,0,0,0
logistic_seed1002_1791578261841652_pid253784,1002,50.800000,5,dl,ns3::FqCoDelQueueDisc,80000000,1247181,1280563932,483531,477674742,753896,792629491,10259699
logistic_seed1002_1791578261841652_pid253784,1002,50.900000,5,ul,ns3::FqCoDelQueueDisc,80000000,44991,3635150,44991,3635150,0,0,0
logistic_seed1002_1791578261841652_pid253784,1002,50.900000,5,dl,ns3::FqCoDelQueueDisc,80000000,1251925,1285554026,484480,478672814,757229,796135405,10745807
logistic_seed1002_1791578261841652_pid253784,1002,51.000000,5,ul,ns3::FqCoDelQueueDisc,80000000,44991,3635150,44991,3635150,0,0,0
logistic_seed1002_1791578261841652_pid253784,1002,51.000000,5,dl,ns3::FqCoDelQueueDisc,80000000,1255261,1289062937,485429,479671072,760368,799437197,9954668
logistic_seed1002_1791578261841652_pid253784,1002,51.100000,5,ul,ns3::FqCoDelQueueDisc,80000000,44991,3635150,44991,3635150,0,0,0
logistic_seed1002_1791578261841652_pid253784,1002,51.100000,5,dl,ns3::FqCoDelQueueDisc,80000000,1258311,1292271257,486378,480669110,762604,801789067,9813080
logistic_seed1002_1791578261841652_pid253784,1002,51.200000,5,ul,ns3::FqCoDelQueueDisc,80000000,44991,3635150,44991,3635150,0,0,0
logistic_seed1002_1791578261841652_pid253784,1002,51.200000,5,dl,ns3::FqCoDelQueueDisc,80000000,1258311,1292271257,487327,481667414,764053,803313349,7290494
logistic_seed1002_1791578261841652_pid253784,1002,51.300000,5,ul,ns3::FqCoDelQueueDisc,80000000,44991,3635150,44991,3635150,0,0,0
logistic_seed1002_1791578261841652_pid253784,1002,51.300000,5,dl,ns3::FqCoDelQueueDisc,80000000,1261971,1296121237,488276,482665553,765482,804816503,8639181
logistic_seed1002_1791578261841652_pid253784,1002,51.400000,5,ul,ns3::FqCoDelQueueDisc,80000000,44991,3635150,44991,3635150,0,0,0
logistic_seed1002_1791578261841652_pid253784,1002,51.400000,5,dl,ns3::FqCoDelQueueDisc,80000000,1264319,1298591138,489225,483663846,766492,805878946,9048346
logistic_seed1002_1791578261841652_pid253784,1002,51.500000,0,ul,ns3::FqCoDelQueueDisc,80000000,44991,3635150,44991,3635150,0,0,0
logistic_seed1002_1791578261841652_pid253784,1002,51.500000,0,dl,ns3::FqCoDelQueueDisc,80000000,1269063,1303581232,490174,484662025,768691,808192228,10726979
logistic_seed1002_1791578261841652_pid253784,1002,51.600000,0,ul,ns3::FqCoDelQueueDisc,80000000,44991,3635150,44991,3635150,0,0,0
logistic_seed1002_1791578261841652_pid253784,1002,51.600000,0,dl,ns3::FqCoDelQueueDisc,80000000,1272399,1307090143,491123,485660304,771762,811422456,10007383
logistic_seed1002_1791578261841652_pid253784,1002,51.700000,0,ul,ns3::FqCoDelQueueDisc,80000000,44991,3635150,44991,3635150,0,0,0
logistic_seed1002_1791578261841652_pid253784,1002,51.700000,0,dl,ns3::FqCoDelQueueDisc,80000000,1276059,1310940123,492072,486658629,774329,814122436,10159058
logistic_seed1002_1791578261841652_pid253784,1002,51.800000,0,ul,ns3::FqCoDelQueueDisc,80000000,44991,3635150,44991,3635150,0,0,0
logistic_seed1002_1791578261841652_pid253784,1002,51.800000,0,dl,ns3::FqCoDelQueueDisc,80000000,1276059,1310940123,493020,487655701,775700,815564662,7719760
logistic_seed1002_1791578261841652_pid253784,1002,51.900000,0,ul,ns3::FqCoDelQueueDisc,80000000,44991,3635150,44991,3635150,0,0,0
logistic_seed1002_1791578261841652_pid253784,1002,51.900000,0,dl,ns3::FqCoDelQueueDisc,80000000,1276059,1310940123,493969,488653928,777087,817023709,5262486
logistic_seed1002_1791578261841652_pid253784,1002,52.000000,0,ul,ns3::FqCoDelQueueDisc,80000000,44991,3635150,44991,3635150,0,0,0
logistic_seed1002_1791578261841652_pid253784,1002,52.000000,0,dl,ns3::FqCoDelQueueDisc,80000000,1278407,1313410024,494918,489652078,778004,817988327,5769619
logistic_seed1002_1791578261841652_pid253784,1002,52.100000,0,ul,ns3::FqCoDelQueueDisc,80000000,44991,3635150,44991,3635150,0,0,0
logistic_seed1002_1791578261841652_pid253784,1002,52.100000,0,dl,ns3::FqCoDelQueueDisc,80000000,1283151,1318399996,495867,490650335,778747,818769930,8979731
logistic_seed1002_1791578261841652_pid253784,1002,52.200000,0,ul,ns3::FqCoDelQueueDisc,80000000,44991,3635150,44991,3635150,0,0,0
logistic_seed1002_1791578261841652_pid253784,1002,52.200000,0,dl,ns3::FqCoDelQueueDisc,80000000,1287896,1323391307,496816,491648442,780878,821011650,10731215
logistic_seed1002_1791578261841652_pid253784,1002,52.300000,0,ul,ns3::FqCoDelQueueDisc,80000000,44991,3635150,44991,3635150,0,0,0
logistic_seed1002_1791578261841652_pid253784,1002,52.300000,0,dl,ns3::FqCoDelQueueDisc,80000000,1288831,1324374674,497765,492646721,782470,822685953,9042000
logistic_seed1002_1791578261841652_pid253784,1002,52.400000,0,ul,ns3::FqCoDelQueueDisc,80000000,44991,3635150,44991,3635150,0,0,0
logistic_seed1002_1791578261841652_pid253784,1002,52.400000,0,dl,ns3::FqCoDelQueueDisc,80000000,1288831,1324374674,498714,493645003,783544,823815723,6913948
logistic_seed1002_1791578261841652_pid253784,1002,52.500000,0,ul,ns3::FqCoDelQueueDisc,80000000,44991,3635150,44991,3635150,0,0,0
logistic_seed1002_1791578261841652_pid253784,1002,52.500000,0,dl,ns3::FqCoDelQueueDisc,80000000,1288831,1324374674,499663,494643185,784583,824908729,4822760
logistic_seed1002_1791578261841652_pid253784,1002,52.600000,0,ul,ns3::FqCoDelQueueDisc,80000000,44991,3635150,44991,3635150,0,0,0
logistic_seed1002_1791578261841652_pid253784,1002,52.600000,0,dl,ns3::FqCoDelQueueDisc,80000000,1291179,1326844736,500612,495641280,785292,825654575,5548881
logistic_seed1002_1791578261841652_pid253784,1002,52.700000,0,ul,ns3::FqCoDelQueueDisc,80000000,44991,3635150,44991,3635150,0,0,0
logistic_seed1002_1791578261841652_pid253784,1002,52.700000,0,dl,ns3::FqCoDelQueueDisc,80000000,1295923,1331835240,501561,496639518,785982,826380433,8815289
logistic_seed1002_1791578261841652_pid253784,1002,52.800000,0,ul,ns3::FqCoDelQueueDisc,80000000,44991,3635150,44991,3635150,0,0,0
logistic_seed1002_1791578261841652_pid253784,1002,52.800000,0,dl,ns3::FqCoDelQueueDisc,80000000,1300667,1336825028,502509,497636814,787959,828460094,10728120
logistic_seed1002_1791578261841652_pid253784,1002,52.900000,0,ul,ns3::FqCoDelQueueDisc,80000000,44991,3635150,44991,3635150,0,0,0
logistic_seed1002_1791578261841652_pid253784,1002,52.900000,0,dl,ns3::FqCoDelQueueDisc,80000000,1301652,1337861006,503458,498635140,789574,830159041,9066825
logistic_seed1002_1791578261841652_pid253784,1002,53.000000,0,ul,ns3::FqCoDelQueueDisc,80000000,44991,3635150,44991,3635150,0,0,0
logistic_seed1002_1791578261841652_pid253784,1002,53.000000,0,dl,ns3::FqCoDelQueueDisc,80000000,1304000,1340331074,504407,499633281,790620,831259332,9438461
logistic_seed1002_1791578261841652_pid253784,1002,53.100000,0,ul,ns3::FqCoDelQueueDisc,80000000,44991,3635150,44991,3635150,0,0,0
logistic_seed1002_1791578261841652_pid253784,1002,53.100000,0,dl,ns3::FqCoDelQueueDisc,80000000,1308744,1345321762,505356,500631583,793172,833943542,10746637
logistic_seed1002_1791578261841652_pid253784,1002,53.200000,0,ul,ns3::FqCoDelQueueDisc,80000000,44991,3635150,44991,3635150,0,0,0
logistic_seed1002_1791578261841652_pid253784,1002,53.200000,0,dl,ns3::FqCoDelQueueDisc,80000000,1313487,1350311398,506305,501629854,796947,837914352,10767192
logistic_seed1002_1791578261841652_pid253784,1002,53.300000,0,ul,ns3::FqCoDelQueueDisc,80000000,44991,3635150,44991,3635150,0,0,0
logistic_seed1002_1791578261841652_pid253784,1002,53.300000,0,dl,ns3::FqCoDelQueueDisc,80000000,1318232,1355302701,507254,502628202,800754,841919316,10755183
logistic_seed1002_1791578261841652_pid253784,1002,53.400000,0,ul,ns3::FqCoDelQueueDisc,80000000,44991,3635150,44991,3635150,0,0,0
logistic_seed1002_1791578261841652_pid253784,1002,53.400000,0,dl,ns3::FqCoDelQueueDisc,80000000,1322976,1360292686,508202,503625498,804565,845928460,10738728
logistic_seed1002_1791578261841652_pid253784,1002,53.500000,0,ul,ns3::FqCoDelQueueDisc,80000000,44991,3635150,44991,3635150,0,0,0
logistic_seed1002_1791578261841652_pid253784,1002,53.500000,0,dl,ns3::FqCoDelQueueDisc,80000000,1323925,1361290814,509151,504623846,806234,847684248,8982720
logistic_seed1002_1791578261841652_pid253784,1002,53.600000,0,ul,ns3::FqCoDelQueueDisc,80000000,44991,3635150,44991,3635150,0,0,0
logistic_seed1002_1791578261841652_pid253784,1002,53.600000,0,dl,ns3::FqCoDelQueueDisc,80000000,1326273,1363760876,510100,505622079,807397,848907724,9231073
logistic_seed1002_1791578261841652_pid253784,1002,53.700000,0,ul,ns3::FqCoDelQueueDisc,80000000,44991,3635150,44991,3635150,0,0,0
logistic_seed1002_1791578261841652_pid253784,1002,53.700000,0,dl,ns3::FqCoDelQueueDisc,80000000,1331017,1368751380,511049,506620220,809753,851385788,10745372
logistic_seed1002_1791578261841652_pid253784,1002,53.800000,0,ul,ns3::FqCoDelQueueDisc,80000000,44991,3635150,44991,3635150,0,0,0
logistic_seed1002_1791578261841652_pid253784,1002,53.800000,0,dl,ns3::FqCoDelQueueDisc,80000000,1335761,1373741168,511998,507618425,813527,855355699,10767044
logistic_seed1002_1791578261841652_pid253784,1002,53.900000,0,ul,ns3::FqCoDelQueueDisc,80000000,44991,3635150,44991,3635150,0,0,0
logistic_seed1002_1791578261841652_pid253784,1002,53.900000,0,dl,ns3::FqCoDelQueueDisc,80000000,1336746,1374777146,512947,508616762,815333,857255566,8904818
logistic_seed1002_1791578261841652_pid253784,1002,54.000000,0,ul,ns3::FqCoDelQueueDisc,80000000,44991,3635150,44991,3635150,0,0,0
logistic_seed1002_1791578261841652_pid253784,1002,54.000000,0,dl,ns3::FqCoDelQueueDisc,80000000,1339094,1377247047,513895,509614058,816608,858596674,9036315
logistic_seed1002_1791578261841652_pid253784,1002,54.100000,0,ul,ns3::FqCoDelQueueDisc,80000000,44991,3635150,44991,3635150,0,0,0
logistic_seed1002_1791578261841652_pid253784,1002,54.100000,0,dl,ns3::FqCoDelQueueDisc,80000000,1343838,1382237019,514844,510612211,818772,860872834,10751974
logistic_seed1002_1791578261841652_pid253784,1002,54.200000,0,ul,ns3::FqCoDelQueueDisc,80000000,44991,3635150,44991,3635150,0,0,0
logistic_seed1002_1791578261841652_pid253784,1002,54.200000,0,dl,ns3::FqCoDelQueueDisc,80000000,1348583,1387228330,515793,511610365,822569,864866808,10751157
logistic_seed1002_1791578261841652_pid253784,1002,54.300000,0,ul,ns3::FqCoDelQueueDisc,80000000,44991,3635150,44991,3635150,0,0,0
logistic_seed1002_1791578261841652_pid253784,1002,54.300000,0,dl,ns3::FqCoDelQueueDisc,80000000,1349518,1388211697,516742,512608473,824388,866780089,8823135
logistic_seed1002_1791578261841652_pid253784,1002,54.400000,0,ul,ns3::FqCoDelQueueDisc,80000000,44991,3635150,44991,3635150,0,0,0
logistic_seed1002_1791578261841652_pid253784,1002,54.400000,0,dl,ns3::FqCoDelQueueDisc,80000000,1349518,1388211697,517691,513606719,825720,868181239,6423739
logistic_seed1002_1791578261841652_pid253784,1002,54.500000,0,ul,ns3::FqCoDelQueueDisc,80000000,44991,3635150,44991,3635150,0,0,0
logistic_seed1002_1791578261841652_pid253784,1002,54.500000,0,dl,ns3::FqCoDelQueueDisc,80000000,1349518,1388211697,518640,514604968,827065,869595970,4010759
logistic_seed1002_1791578261841652_pid253784,1002,54.600000,0,ul,ns3::FqCoDelQueueDisc,80000000,44991,3635150,44991,3635150,0,0,0
logistic_seed1002_1791578261841652_pid253784,1002,54.600000,0,dl,ns3::FqCoDelQueueDisc,80000000,1351866,1390681759,519589,515603228,828390,870989804,4088727
logistic_seed1002_1791578261841652_pid253784,1002,54.700000,0,ul,ns3::FqCoDelQueueDisc,80000000,44991,3635150,44991,3635150,0,0,0
logistic_seed1002_1791578261841652_pid253784,1002,54.700000,0,dl,ns3::FqCoDelQueueDisc,80000000,1356610,1395672176,520538,516601400,829719,872387802,6682974
logistic_seed1002_1791578261841652_pid253784,1002,54.800000,0,ul,ns3::FqCoDelQueueDisc,80000000,44991,3635150,44991,3635150,0,0,0
logistic_seed1002_1791578261841652_pid253784,1002,54.800000,0,dl,ns3::FqCoDelQueueDisc,80000000,1361354,1400662171,521487,517599737,831124,873865862,9196572
logistic_seed1002_1791578261841652_pid253784,1002,54.900000,0,ul,ns3::FqCoDelQueueDisc,80000000,44991,3635150,44991,3635150,0,0,0
logistic_seed1002_1791578261841652_pid253784,1002,54.900000,0,dl,ns3::FqCoDelQueueDisc,80000000,1362280,1401636081,522435,518596898,832549,875364863,7674320
logistic_seed1002_1791578261841652_pid253784,1002,55.000000,0,ul,ns3::FqCoDelQueueDisc,80000000,44991,3635150,44991,3635150,0,0,0
logistic_seed1002_1791578261841652_pid253784,1002,55.000000,0,dl,ns3::FqCoDelQueueDisc,80000000,1364628,1404106149,523384,519595200,833994,876884775,7626174
logistic_seed1002_1791578261841652_pid253784,1002,55.100000,0,ul,ns3::FqCoDelQueueDisc,80000000,44991,3635150,44991,3635150,0,0,0
logistic_seed1002_1791578261841652_pid253784,1002,55.100000,0,dl,ns3::FqCoDelQueueDisc,80000000,1369372,1409096837,524333,520593323,835443,878409057,10094457
logistic_seed1002_1791578261841652_pid253784,1002,55.200000,0,ul,ns3::FqCoDelQueueDisc,80000000,44991,3635150,44991,3635150,0,0,0
logistic_seed1002_1791578261841652_pid253784,1002,55.200000,0,dl,ns3::FqCoDelQueueDisc,80000000,1373727,1413677451,525282,521591523,838228,881338672,10747256
logistic_seed1002_1791578261841652_pid253784,1002,55.300000,0,ul,ns3::FqCoDelQueueDisc,80000000,44991,3635150,44991,3635150,0,0,0
logistic_seed1002_1791578261841652_pid253784,1002,55.300000,0,dl,ns3::FqCoDelQueueDisc,80000000,1378471,1418667868,526231,522589871,842010,885317154,10760843
logistic_seed1002_1791578261841652_pid253784,1002,55.400000,0,ul,ns3::FqCoDelQueueDisc,80000000,44991,3635150,44991,3635150,0,0,0
logistic_seed1002_1791578261841652_pid253784,1002,55.400000,0,dl,ns3::FqCoDelQueueDisc,80000000,1383215,1423657863,527180,523587911,845856,889362670,10707282
logistic_seed1002_1791578261841652_pid253784,1002,55.500000,0,ul,ns3::FqCoDelQueueDisc,80000000,44991,3635150,44991,3635150,0,0,0
logistic_seed1002_1791578261841652_pid253784,1002,55.500000,0,dl,ns3::FqCoDelQueueDisc,80000000,1384141,1424631773,528129,524586215,847819,891427652,8617906
logistic_seed1002_1791578261841652_pid253784,1002,55.600000,0,ul,ns3::FqCoDelQueueDisc,80000000,44991,3635150,44991,3635150,0,0,0
logistic_seed1002_1791578261841652_pid253784,1002,55.600000,0,dl,ns3::FqCoDelQueueDisc,80000000,1386489,1427101835,529078,525584517,849343,893030900,8486418
logistic_seed1002_1791578261841652_pid253784,1002,55.700000,0,ul,ns3::FqCoDelQueueDisc,80000000,44991,3635150,44991,3635150,0,0,0
logistic_seed1002_1791578261841652_pid253784,1002,55.700000,0,dl,ns3::FqCoDelQueueDisc,80000000,1391233,1432092362,530026,526581588,850999,894772782,10737992
logistic_seed1002_1791578261841652_pid253784,1002,55.800000,0,ul,ns3::FqCoDelQueueDisc,80000000,44991,3635150,44991,3635150,0,0,0
logistic_seed1002_1791578261841652_pid253784,1002,55.800000,0,dl,ns3::FqCoDelQueueDisc,80000000,1394622,1435656765,530975,527579848,854101,898035600,10041317
logistic_seed1002_1791578261841652_pid253784,1002,55.900000,0,ul,ns3::FqCoDelQueueDisc,80000000,44991,3635150,44991,3635150,0,0,0
logistic_seed1002_1791578261841652_pid253784,1002,55.900000,0,dl,ns3::FqCoDelQueueDisc,80000000,1398282,1439506745,531924,528578196,856639,900705521,10223028
logistic_seed1002_1791578261841652_pid253784,1002,56.000000,0,ul,ns3::FqCoDelQueueDisc,80000000,44991,3635150,44991,3635150,0,0,0
logistic_seed1002_1791578261841652_pid253784,1002,56.000000,0,dl,ns3::FqCoDelQueueDisc,80000000,1400630,1441976646,532873,529576498,858003,902140426,10259722
logistic_seed1002_1791578261841652_pid253784,1002,56.100000,0,ul,ns3::FqCoDelQueueDisc,80000000,44991,3635150,44991,3635150,0,0,0
logistic_seed1002_1791578261841652_pid253784,1002,56.100000,0,dl,ns3::FqCoDelQueueDisc,80000000,1405374,1446966740,533822,530574662,861334,905644167,10747911
logistic_seed1002_1791578261841652_pid253784,1002,56.200000,0,ul,ns3::FqCoDelQueueDisc,80000000,44991,3635150,44991,3635150,0,0,0
logistic_seed1002_1791578261841652_pid253784,1002,56.200000,0,dl,ns3::FqCoDelQueueDisc,80000000,1408710,1450475651,534771,531572955,864398,908867070,10035626
logistic_seed1002_1791578261841652_pid253784,1002,56.300000,0,ul,ns3::FqCoDelQueueDisc,80000000,44991,3635150,44991,3635150,0,0,0
logistic_seed1002_1791578261841652_pid253784,1002,56.300000,0,dl,ns3::FqCoDelQueueDisc,80000000,1411760,1453683971,535720,532571165,866706,911294466,9818340
logistic_seed1002_1791578261841652_pid253784,1002,56.400000,0,ul,ns3::FqCoDelQueueDisc,80000000,44991,3635150,44991,3635150,0,0,0
logistic_seed1002_1791578261841652_pid253784,1002,56.400000,0,dl,ns3::FqCoDelQueueDisc,80000000,1411760,1453683971,536668,533568384,868151,912814573,7301014
logistic_seed1002_1791578261841652_pid253784,1002,56.500000,0,ul,ns3::FqCoDelQueueDisc,80000000,44991,3635150,44991,3635150,0,0,0
logistic_seed1002_1791578261841652_pid253784,1002,56.500000,0,dl,ns3::FqCoDelQueueDisc,80000000,1415420,1457533951,537617,534566611,869620,914359763,8607577
