seed,method,effective_method,bootstrap_cycle_flag,max_switches,cycle_id,ue_id,previous_bs_id,current_bs_id,app_type,tp_mbps,rtt_ms,satisfaction,num_users_on_current_bs,harmonic_mean,num_unsatisfied_users,target_ue_flag,action_selected_bs_id,switch_flag,h_before,h_after_estimated,reward,estimated_reward,h_after_measured,measured_reward,switch_count,num_degraded_users,measurement_valid,candidate_type,num_users_ap0,num_users_ap1,num_users_ap2,monitor_rtt_ap0,monitor_rtt_ap1,monitor_rtt_ap2,estimated_satisfaction_if_ap0,estimated_satisfaction_if_ap1,estimated_satisfaction_if_ap2,estimated_h_delta_if_ap0,estimated_h_delta_if_ap1,estimated_h_delta_if_ap2,best_estimated_h_delta,effective_max_switches,applied_switches_in_cycle,remaining_switch_budget,k_schedule_type,k_max,k_min,k_decay_rate,stop_action_flag,warmup_before_cycle_sec,cycle_start_offset_sec
1010,centralized_dqn,logistic_bootstrap,1,5,1,1,2,2,2,1.058998,67.666700,0.132375,30,0.376004,39,0,0,1,0.376004,0.692950,0.316946,0.316946,0.376004,0.000000,52,0,1,0,25,25,30,100.333000,85.333300,67.666700,0.704104,0.349093,0.132124,0.015858,0.012116,0.000078,0.015858,5,52,0,fixed,5,1,1,0,3.000000,4.000000
1010,centralized_dqn,logistic_bootstrap,1,5,1,2,2,2,2,1.034881,67.666700,0.129360,30,0.376004,39,1,0,1,0.376004,0.692950,0.316946,0.316946,0.376004,0.000000,52,0,1,0,25,25,30,100.333000,85.333300,67.666700,0.704104,0.349093,0.132375,0.015832,0.012090,0.000078,0.015832,5,52,0,fixed,5,1,1,0,3.000000,4.000000
1010,centralized_dqn,logistic_bootstrap,1,5,1,3,1,1,2,2.904925,85.333300,0.363116,25,0.376004,39,0,0,1,0.376004,0.692950,0.316946,0.316946,0.376004,0.000000,52,0,1,0,25,25,30,100.333000,85.333300,67.666700,0.704104,0.363050,0.127880,0.003194,0.000078,-0.012436,0.003194,5,52,0,fixed,5,1,1,0,3.000000,4.000000
1010,centralized_dqn,logistic_bootstrap,1,5,1,4,1,1,2,2.904842,85.333300,0.363105,25,0.376004,39,0,0,1,0.376004,0.692950,0.316946,0.316946,0.376004,0.000000,52,0,1,0,25,25,30,100.333000,85.333300,67.666700,0.704104,0.363051,0.127880,0.003194,0.000078,-0.012436,0.003194,5,52,0,fixed,5,1,1,0,3.000000,4.000000
1010,centralized_dqn,logistic_bootstrap,1,5,1,5,2,2,3,0.000000,67.666700,1.477832,30,0.376004,39,0,2,0,0.376004,0.692950,0.316946,0.316946,0.376004,0.000000,52,0,1,1,25,25,30,100.333000,85.333300,67.666700,0.996681,1.171875,1.477832,0.004267,0.003592,0.000078,0.004267,5,52,0,fixed,5,1,1,0,3.000000,4.000000
1010,centralized_dqn,logistic_bootstrap,1,5,1,6,2,2,4,0.000000,67.666700,0.591133,30,0.376004,39,0,2,0,0.376004,0.692950,0.316946,0.316946,0.376004,0.000000,52,0,1,-1,25,25,30,100.333000,85.333300,67.666700,0.398672,0.468750,0.591133,0.003384,0.003116,0.000078,0.003384,5,52,0,fixed,5,1,1,0,3.000000,4.000000
1010,centralized_dqn,logistic_bootstrap,1,5,1,7,2,2,4,0.000000,67.666700,0.591133,30,0.376004,39,0,2,0,0.376004,0.692950,0.316946,0.316946,0.376004,0.000000,52,0,1,-1,25,25,30,100.333000,85.333300,67.666700,0.398672,0.468750,0.591133,0.003384,0.003116,0.000078,0.003384,5,52,0,fixed,5,1,1,0,3.000000,4.000000
1010,centralized_dqn,logistic_bootstrap,1,5,1,8,1,1,4,0.000000,85.333300,0.468750,25,0.376004,39,0,2,1,0.376004,0.692950,0.316946,0.316946,0.376004,0.000000,52,0,1,0,25,25,30,100.333000,85.333300,67.666700,0.398672,0.468750,0.591133,0.000342,0.000078,-0.002911,0.000342,5,52,0,fixed,5,1,1,0,3.000000,4.000000
1010,centralized_dqn,logistic_bootstrap,1,5,1,9,1,1,4,0.000000,85.333300,0.468750,25,0.376004,39,0,2,1,0.376004,0.692950,0.316946,0.316946,0.376004,0.000000,52,0,1,0,25,25,30,100.333000,85.333300,67.666700,0.398672,0.468750,0.591133,0.000342,0.000078,-0.002911,0.000342,5,52,0,fixed,5,1,1,0,3.000000,4.000000
1010,centralized_dqn,logistic_bootstrap,1,5,1,10,1,1,2,2.904817,85.333300,0.363102,25,0.376004,39,0,0,1,0.376004,0.692950,0.316946,0.316946,0.376004,0.000000,52,0,1,0,25,25,30,100.333000,85.333300,67.666700,0.704104,0.363051,0.127880,0.003194,0.000078,-0.012436,0.003194,5,52,0,fixed,5,1,1,0,3.000000,4.000000
1010,centralized_dqn,logistic_bootstrap,1,5,1,11,0,0,2,5.696050,100.333000,0.712006,25,0.376004,39,0,0,0,0.376004,0.692950,0.316946,0.316946,0.376004,0.000000,52,0,1,-1,25,25,30,100.333000,85.333300,67.666700,0.734519,0.349093,0.127880,0.000078,-0.003567,-0.015485,0.000000,5,52,0,fixed,5,1,1,0,3.000000,4.000000
1010,centralized_dqn,logistic_bootstrap,1,5,1,12,2,2,2,1.058939,67.666700,0.132367,30,0.376004,39,0,0,1,0.376004,0.692950,0.316946,0.316946,0.376004,0.000000,52,0,1,0,25,25,30,100.333000,85.333300,67.666700,0.704104,0.349093,0.132124,0.015858,0.012116,0.000078,0.015858,5,52,0,fixed,5,1,1,0,3.000000,4.000000
1010,centralized_dqn,logistic_bootstrap,1,5,1,13,0,0,4,0.000000,100.333000,0.398672,25,0.376004,39,0,2,1,0.376004,0.692950,0.316946,0.316946,0.376004,0.000000,52,0,1,0,25,25,30,100.333000,85.333300,67.666700,0.398672,0.468750,0.591133,0.000078,-0.000185,-0.003171,0.000000,5,52,0,fixed,5,1,1,0,3.000000,4.000000
1010,centralized_dqn,logistic_bootstrap,1,5,1,14,0,0,2,5.696086,100.333000,0.712011,25,0.376004,39,0,0,0,0.376004,0.692950,0.316946,0.316946,0.376004,0.000000,52,0,1,-1,25,25,30,100.333000,85.333300,67.666700,0.734518,0.349093,0.127880,0.000078,-0.003567,-0.015485,0.000000,5,52,0,fixed,5,1,1,0,3.000000,4.000000
1010,centralized_dqn,logistic_bootstrap,1,5,1,15,0,0,2,5.697179,100.333000,0.712147,25,0.376004,39,0,0,0,0.376004,0.692950,0.316946,0.316946,0.376004,0.000000,52,0,1,-1,25,25,30,100.333000,85.333300,67.666700,0.734503,0.349093,0.127880,0.000078,-0.003567,-0.015485,0.000000,5,52,0,fixed,5,1,1,0,3.000000,4.000000
1010,centralized_dqn,logistic_bootstrap,1,5,1,16,0,0,4,0.000000,100.333000,0.398672,25,0.376004,39,0,2,1,0.376004,0.692950,0.316946,0.316946,0.376004,0.000000,52,0,1,0,25,25,30,100.333000,85.333300,67.666700,0.398672,0.468750,0.591133,0.000078,-0.000185,-0.003171,0.000000,5,52,0,fixed,5,1,1,0,3.000000,4.000000
1010,centralized_dqn,logistic_bootstrap,1,5,1,17,1,1,4,0.000000,85.333300,0.468750,25,0.376004,39,0,2,1,0.376004,0.692950,0.316946,0.316946,0.376004,0.000000,52,0,1,0,25,25,30,100.333000,85.333300,67.666700,0.398672,0.468750,0.591133,0.000342,0.000078,-0.002911,0.000342,5,52,0,fixed,5,1,1,0,3.000000,4.000000
1010,centralized_dqn,logistic_bootstrap,1,5,1,18,2,2,4,0.000000,67.666700,0.591133,30,0.376004,39,0,2,0,0.376004,0.692950,0.316946,0.316946,0.376004,0.000000,52,0,1,-1,25,25,30,100.333000,85.333300,67.666700,0.398672,0.468750,0.591133,0.003384,0.003116,0.000078,0.003384,5,52,0,fixed,5,1,1,0,3.000000,4.000000
1010,centralized_dqn,logistic_bootstrap,1,5,1,19,0,0,4,0.000000,100.333000,0.398672,25,0.376004,39,0,2,1,0.376004,0.692950,0.316946,0.316946,0.376004,0.000000,52,0,1,0,25,25,30,100.333000,85.333300,67.666700,0.398672,0.468750,0.591133,0.000078,-0.000185,-0.003171,0.000000,5,52,0,fixed,5,1,1,0,3.000000,4.000000
1010,centralized_dqn,logistic_bootstrap,1,5,1,20,1,1,2,2.903774,85.333300,0.362972,25,0.376004,39,0,0,1,0.376004,0.692950,0.316946,0.316946,0.376004,0.000000,52,0,1,0,25,25,30,100.333000,85.333300,67.666700,0.704104,0.363066,0.127880,0.003194,0.000078,-0.012436,0.003194,5,52,0,fixed,5,1,1,0,3.000000,4.000000
1010,centralized_dqn,logistic_bootstrap,1,5,1,21,2,2,4,0.000000,67.666700,0.591133,30,0.376004,39,0,2,0,0.376004,0.692950,0.316946,0.316946,0.376004,0.000000,52,0,1,-1,25,25,30,100.333000,85.333300,67.666700,0.398672,0.468750,0.591133,0.003384,0.003116,0.000078,0.003384,5,52,0,fixed,5,1,1,0,3.000000,4.000000
1010,centralized_dqn,logistic_bootstrap,1,5,1,22,0,0,3,0.000000,100.333000,0.996681,25,0.376004,39,0,2,1,0.376004,0.692950,0.316946,0.316946,0.376004,0.000000,52,0,1,-1,25,25,30,100.333000,85.333300,67.666700,0.996681,1.171875,1.477832,0.000078,-0.000582,-0.004020,0.000000,5,52,0,fixed,5,1,1,0,3.000000,4.000000
1010,centralized_dqn,logistic_bootstrap,1,5,1,23,0,0,1,3.522119,100.333000,1.174040,25,0.376004,39,0,1,1,0.376004,0.692950,0.316946,0.316946,0.376004,0.000000,52,0,1,-1,25,25,30,100.333000,85.333300,67.666700,1.168683,1.095934,0.873462,0.000078,-0.001006,-0.005141,0.000000,5,52,0,fixed,5,1,1,0,3.000000,4.000000
1010,centralized_dqn,logistic_bootstrap,1,5,1,24,1,1,2,2.904913,85.333300,0.363114,25,0.376004,39,0,0,1,0.376004,0.692950,0.316946,0.316946,0.376004,0.000000,52,0,1,0,25,25,30,100.333000,85.333300,67.666700,0.704104,0.363050,0.127880,0.003194,0.000078,-0.012436,0.003194,5,52,0,fixed,5,1,1,0,3.000000,4.000000
1010,centralized_dqn,logistic_bootstrap,1,5,1,25,0,0,2,5.698248,100.333000,0.712281,25,0.376004,39,0,0,0,0.376004,0.692950,0.316946,0.316946,0.376004,0.000000,52,0,1,-1,25,25,30,100.333000,85.333300,67.666700,0.734488,0.349093,0.127880,0.000078,-0.003567,-0.015485,0.000000,5,52,0,fixed,5,1,1,0,3.000000,4.000000
1010,centralized_dqn,logistic_bootstrap,1,5,1,26,2,2,3,0.000000,67.666700,1.477832,30,0.376004,39,0,2,0,0.376004,0.692950,0.316946,0.316946,0.376004,0.000000,52,0,1,1,25,25,30,100.333000,85.333300,67.666700,0.996681,1.171875,1.477832,0.004267,0.003592,0.000078,0.004267,5,52,0,fixed,5,1,1,0,3.000000,4.000000
1010,centralized_dqn,logistic_bootstrap,1,5,1,27,1,1,4,0.000000,85.333300,0.468750,25,0.376004,39,0,2,1,0.376004,0.692950,0.316946,0.316946,0.376004,0.000000,52,0,1,0,25,25,30,100.333000,85.333300,67.666700,0.398672,0.468750,0.591133,0.000342,0.000078,-0.002911,0.000342,5,52,0,fixed,5,1,1,0,3.000000,4.000000
1010,centralized_dqn,logistic_bootstrap,1,5,1,28,0,0,4,0.000000,100.333000,0.398672,25,0.376004,39,0,2,1,0.376004,0.692950,0.316946,0.316946,0.376004,0.000000,52,0,1,0,25,25,30,100.333000,85.333300,67.666700,0.398672,0.468750,0.591133,0.000078,-0.000185,-0.003171,0.000000,5,52,0,fixed,5,1,1,0,3.000000,4.000000
1010,centralized_dqn,logistic_bootstrap,1,5,1,29,0,0,2,5.697155,100.333000,0.712144,25,0.376004,39,0,0,0,0.376004,0.692950,0.316946,0.316946,0.376004,0.000000,52,0,1,-1,25,25,30,100.333000,85.333300,67.666700,0.734504,0.349093,0.127880,0.000078,-0.003567,-0.015485,0.000000,5,52,0,fixed,5,1,1,0,3.000000,4.000000
1010,centralized_dqn,logistic_bootstrap,1,5,1,30,2,2,3,0.000000,67.666700,1.477832,30,0.376004,39,0,2,0,0.376004,0.692950,0.316946,0.316946,0.376004,0.000000,52,0,1,1,25,25,30,100.333000,85.333300,67.666700,0.996681,1.171875,1.477832,0.004267,0.003592,0.000078,0.004267,5,52,0,fixed,5,1,1,0,3.000000,4.000000
1010,centralized_dqn,logistic_bootstrap,1,5,1,31,2,2,2,1.058904,67.666700,0.132363,30,0.376004,39,0,0,1,0.376004,0.692950,0.316946,0.316946,0.376004,0.000000,52,0,1,0,25,25,30,100.333000,85.333300,67.666700,0.704104,0.349093,0.132125,0.015858,0.012116,0.000078,0.015858,5,52,0,fixed,5,1,1,0,3.000000,4.000000
1010,centralized_dqn,logistic_bootstrap,1,5,1,32,0,0,4,0.000000,100.333000,0.398672,25,0.376004,39,0,2,1,0.376004,0.692950,0.316946,0.316946,0.376004,0.000000,52,0,1,0,25,25,30,100.333000,85.333300,67.666700,0.398672,0.468750,0.591133,0.000078,-0.000185,-0.003171,0.000000,5,52,0,fixed,5,1,1,0,3.000000,4.000000
1010,centralized_dqn,logistic_bootstrap,1,5,1,33,2,2,1,2.639094,67.666700,0.879698,30,0.376004,39,0,1,1,0.376004,0.692950,0.316946,0.316946,0.376004,0.000000,52,0,1,-1,25,25,30,100.333000,85.333300,67.666700,1.125022,1.095934,0.925457,0.005141,0.004149,0.000078,0.005141,5,52,0,fixed,5,1,1,0,3.000000,4.000000
1010,centralized_dqn,logistic_bootstrap,1,5,1,34,2,2,4,0.000000,67.666700,0.591133,30,0.376004,39,0,2,0,0.376004,0.692950,0.316946,0.316946,0.376004,0.000000,52,0,1,-1,25,25,30,100.333000,85.333300,67.666700,0.398672,0.468750,0.591133,0.003384,0.003116,0.000078,0.003384,5,52,0,fixed,5,1,1,0,3.000000,4.000000
1010,centralized_dqn,logistic_bootstrap,1,5,1,35,2,2,4,0.000000,67.666700,0.591133,30,0.376004,39,0,2,0,0.376004,0.692950,0.316946,0.316946,0.376004,0.000000,52,0,1,-1,25,25,30,100.333000,85.333300,67.666700,0.398672,0.468750,0.591133,0.003384,0.003116,0.000078,0.003384,5,52,0,fixed,5,1,1,0,3.000000,4.000000
1010,centralized_dqn,logistic_bootstrap,1,5,1,36,2,2,4,0.000000,67.666700,0.591133,30,0.376004,39,0,2,0,0.376004,0.692950,0.316946,0.316946,0.376004,0.000000,52,0,1,-1,25,25,30,100.333000,85.333300,67.666700,0.398672,0.468750,0.591133,0.003384,0.003116,0.000078,0.003384,5,52,0,fixed,5,1,1,0,3.000000,4.000000
1010,centralized_dqn,logistic_bootstrap,1,5,1,37,2,2,2,1.058929,67.666700,0.132366,30,0.376004,39,0,0,1,0.376004,0.692950,0.316946,0.316946,0.376004,0.000000,52,0,1,0,25,25,30,100.333000,85.333300,67.666700,0.704104,0.349093,0.132124,0.015858,0.012116,0.000078,0.015858,5,52,0,fixed,5,1,1,0,3.000000,4.000000
1010,centralized_dqn,logistic_bootstrap,1,5,1,38,2,2,2,1.059010,67.666700,0.132376,30,0.376004,39,0,0,1,0.376004,0.692950,0.316946,0.316946,0.376004,0.000000,52,0,1,0,25,25,30,100.333000,85.333300,67.666700,0.704104,0.349093,0.132123,0.015858,0.012116,0.000078,0.015858,5,52,0,fixed,5,1,1,0,3.000000,4.000000
1010,centralized_dqn,logistic_bootstrap,1,5,1,39,2,2,4,0.000000,67.666700,0.591133,30,0.376004,39,0,2,0,0.376004,0.692950,0.316946,0.316946,0.376004,0.000000,52,0,1,-1,25,25,30,100.333000,85.333300,67.666700,0.398672,0.468750,0.591133,0.003384,0.003116,0.000078,0.003384,5,52,0,fixed,5,1,1,0,3.000000,4.000000
1010,centralized_dqn,logistic_bootstrap,1,5,1,40,0,0,2,5.696038,100.333000,0.712005,25,0.376004,39,0,0,0,0.376004,0.692950,0.316946,0.316946,0.376004,0.000000,52,0,1,-1,25,25,30,100.333000,85.333300,67.666700,0.734519,0.349093,0.127880,0.000078,-0.003567,-0.015485,0.000000,5,52,0,fixed,5,1,1,0,3.000000,4.000000
1010,centralized_dqn,logistic_bootstrap,1,5,1,41,1,1,1,3.506744,85.333300,1.168915,25,0.376004,39,0,1,0,0.376004,0.692950,0.316946,0.316946,0.376004,0.000000,52,0,1,-1,25,25,30,100.333000,85.333300,67.666700,1.125022,1.125200,0.873462,0.000943,0.000078,-0.004183,0.000943,5,52,0,fixed,5,1,1,0,3.000000,4.000000
1010,centralized_dqn,logistic_bootstrap,1,5,1,42,2,2,2,1.058976,67.666700,0.132372,30,0.376004,39,0,0,1,0.376004,0.692950,0.316946,0.316946,0.376004,0.000000,52,0,1,0,25,25,30,100.333000,85.333300,67.666700,0.704104,0.349093,0.132124,0.015858,0.012116,0.000078,0.015858,5,52,0,fixed,5,1,1,0,3.000000,4.000000
1010,centralized_dqn,logistic_bootstrap,1,5,1,43,2,2,2,1.059045,67.666700,0.132381,30,0.376004,39,0,0,1,0.376004,0.692950,0.316946,0.316946,0.376004,0.000000,52,0,1,0,25,25,30,100.333000,85.333300,67.666700,0.704104,0.349093,0.132123,0.015859,0.012116,0.000078,0.015859,5,52,0,fixed,5,1,1,0,3.000000,4.000000
1010,centralized_dqn,logistic_bootstrap,1,5,1,44,1,1,3,0.000000,85.333300,1.171875,25,0.376004,39,0,2,1,0.376004,0.692950,0.316946,0.316946,0.376004,0.000000,52,0,1,-1,25,25,30,100.333000,85.333300,67.666700,0.996681,1.171875,1.477832,0.000741,0.000078,-0.003372,0.000741,5,52,0,fixed,5,1,1,0,3.000000,4.000000
1010,centralized_dqn,logistic_bootstrap,1,5,1,45,1,1,2,2.902644,85.333300,0.362831,25,0.376004,39,0,0,1,0.376004,0.692950,0.316946,0.316946,0.376004,0.000000,52,0,1,0,25,25,30,100.333000,85.333300,67.666700,0.704104,0.363082,0.127880,0.003194,0.000078,-0.012436,0.003194,5,52,0,fixed,5,1,1,0,3.000000,4.000000
1010,centralized_dqn,logistic_bootstrap,1,5,1,46,0,0,3,0.000000,100.333000,0.996681,25,0.376004,39,0,2,1,0.376004,0.692950,0.316946,0.316946,0.376004,0.000000,52,0,1,-1,25,25,30,100.333000,85.333300,67.666700,0.996681,1.171875,1.477832,0.000078,-0.000582,-0.004020,0.000000,5,52,0,fixed,5,1,1,0,3.000000,4.000000
1010,centralized_dqn,logistic_bootstrap,1,5,1,47,2,2,2,1.059058,67.666700,0.132382,30,0.376004,39,0,0,1,0.376004,0.692950,0.316946,0.316946,0.376004,0.000000,52,0,1,0,25,25,30,100.333000,85.333300,67.666700,0.704104,0.349093,0.132123,0.015859,0.012116,0.000078,0.015859,5,52,0,fixed,5,1,1,0,3.000000,4.000000
1010,centralized_dqn,logistic_bootstrap,1,5,1,48,0,0,2,5.697155,100.333000,0.712144,25,0.376004,39,0,0,0,0.376004,0.692950,0.316946,0.316946,0.376004,0.000000,52,0,1,-1,25,25,30,100.333000,85.333300,67.666700,0.734504,0.349093,0.127880,0.000078,-0.003567,-0.015485,0.000000,5,52,0,fixed,5,1,1,0,3.000000,4.000000
1010,centralized_dqn,logistic_bootstrap,1,5,1,49,1,1,2,2.903842,85.333300,0.362980,25,0.376004,39,0,0,1,0.376004,0.692950,0.316946,0.316946,0.376004,0.000000,52,0,1,0,25,25,30,100.333000,85.333300,67.666700,0.704104,0.363065,0.127880,0.003194,0.000078,-0.012436,0.003194,5,52,0,fixed,5,1,1,0,3.000000,4.000000
1010,centralized_dqn,logistic_bootstrap,1,5,1,50,0,0,2,5.697131,100.333000,0.712141,25,0.376004,39,0,0,0,0.376004,0.692950,0.316946,0.316946,0.376004,0.000000,52,0,1,-1,25,25,30,100.333000,85.333300,67.666700,0.734504,0.349093,0.127880,0.000078,-0.003567,-0.015485,0.000000,5,52,0,fixed,5,1,1,0,3.000000,4.000000
1010,centralized_dqn,logistic_bootstrap,1,5,1,51,2,2,2,1.059069,67.666700,0.132384,30,0.376004,39,0,0,1,0.376004,0.692950,0.316946,0.316946,0.376004,0.000000,52,0,1,0,25,25,30,100.333000,85.333300,67.666700,0.704104,0.349093,0.132123,0.015859,0.012116,0.000078,0.015859,5,52,0,fixed,5,1,1,0,3.000000,4.000000
1010,centralized_dqn,logistic_bootstrap,1,5,1,52,1,1,3,0.000000,85.333300,1.171875,25,0.376004,39,0,2,1,0.376004,0.692950,0.316946,0.316946,0.376004,0.000000,52,0,1,-1,25,25,30,100.333000,85.333300,67.666700,0.996681,1.171875,1.477832,0.000741,0.000078,-0.003372,0.000741,5,52,0,fixed,5,1,1,0,3.000000,4.000000
1010,centralized_dqn,logistic_bootstrap,1,5,1,53,1,1,2,2.904911,85.333300,0.363114,25,0.376004,39,0,0,1,0.376004,0.692950,0.316946,0.316946,0.376004,0.000000,52,0,1,0,25,25,30,100.333000,85.333300,67.666700,0.704104,0.363050,0.127880,0.003194,0.000078,-0.012436,0.003194,5,52,0,fixed,5,1,1,0,3.000000,4.000000
1010,centralized_dqn,logistic_bootstrap,1,5,1,54,1,1,4,0.000000,85.333300,0.468750,25,0.376004,39,0,2,1,0.376004,0.692950,0.316946,0.316946,0.376004,0.000000,52,0,1,0,25,25,30,100.333000,85.333300,67.666700,0.398672,0.468750,0.591133,0.000342,0.000078,-0.002911,0.000342,5,52,0,fixed,5,1,1,0,3.000000,4.000000
1010,centralized_dqn,logistic_bootstrap,1,5,1,55,1,1,3,0.000000,85.333300,1.171875,25,0.376004,39,0,2,1,0.376004,0.692950,0.316946,0.316946,0.376004,0.000000,52,0,1,-1,25,25,30,100.333000,85.333300,67.666700,0.996681,1.171875,1.477832,0.000741,0.000078,-0.003372,0.000741,5,52,0,fixed,5,1,1,0,3.000000,4.000000
1010,centralized_dqn,logistic_bootstrap,1,5,1,56,2,2,4,0.000000,67.666700,0.591133,30,0.376004,39,0,2,0,0.376004,0.692950,0.316946,0.316946,0.376004,0.000000,52,0,1,-1,25,25,30,100.333000,85.333300,67.666700,0.398672,0.468750,0.591133,0.003384,0.003116,0.000078,0.003384,5,52,0,fixed,5,1,1,0,3.000000,4.000000
1010,centralized_dqn,logistic_bootstrap,1,5,1,57,0,0,2,6.502639,100.333000,0.812830,25,0.376004,39,0,0,0,0.376004,0.692950,0.316946,0.316946,0.376004,0.000000,52,0,1,-1,25,25,30,100.333000,85.333300,67.666700,0.723316,0.349093,0.127880,0.000078,-0.003532,-0.015453,0.000000,5,52,0,fixed,5,1,1,0,3.000000,4.000000
1010,centralized_dqn,logistic_bootstrap,1,5,1,58,2,2,3,0.000000,67.666700,1.477832,30,0.376004,39,0,2,0,0.376004,0.692950,0.316946,0.316946,0.376004,0.000000,52,0,1,1,25,25,30,100.333000,85.333300,67.666700,0.996681,1.171875,1.477832,0.004267,0.003592,0.000078,0.004267,5,52,0,fixed,5,1,1,0,3.000000,4.000000
1010,centralized_dqn,logistic_bootstrap,1,5,1,59,2,2,4,0.000000,67.666700,0.591133,30,0.376004,39,0,2,0,0.376004,0.692950,0.316946,0.316946,0.376004,0.000000,52,0,1,-1,25,25,30,100.333000,85.333300,67.666700,0.398672,0.468750,0.591133,0.003384,0.003116,0.000078,0.003384,5,52,0,fixed,5,1,1,0,3.000000,4.000000
1010,centralized_dqn,logistic_bootstrap,1,5,1,60,1,1,3,0.000000,85.333300,1.171875,25,0.376004,39,0,2,1,0.376004,0.692950,0.316946,0.316946,0.376004,0.000000,52,0,1,-1,25,25,30,100.333000,85.333300,67.666700,0.996681,1.171875,1.477832,0.000741,0.000078,-0.003372,0.000741,5,52,0,fixed,5,1,1,0,3.000000,4.000000
1010,centralized_dqn,logistic_bootstrap,1,5,1,61,2,2,1,2.776370,67.666700,0.925457,30,0.376004,39,0,1,1,0.376004,0.692950,0.316946,0.316946,0.376004,0.000000,52,0,1,-1,25,25,30,100.333000,85.333300,67.666700,1.125022,1.095934,0.879698,0.005240,0.004248,0.000078,0.005240,5,52,0,fixed,5,1,1,0,3.000000,4.000000
1010,centralized_dqn,logistic_bootstrap,1,5,1,62,1,1,1,3.504349,85.333300,1.168116,25,0.376004,39,0,1,0,0.376004,0.692950,0.316946,0.316946,0.376004,0.000000,52,0,1,-1,25,25,30,100.333000,85.333300,67.666700,1.125022,1.125599,0.873462,0.000943,0.000078,-0.004184,0.000943,5,52,0,fixed,5,1,1,0,3.000000,4.000000
1010,centralized_dqn,logistic_bootstrap,1,5,1,63,0,0,1,3.506290,100.333000,1.168763,25,0.376004,39,0,1,1,0.376004,0.692950,0.316946,0.316946,0.376004,0.000000,52,0,1,-1,25,25,30,100.333000,85.333300,67.666700,1.170442,1.095934,0.873462,0.000078,-0.001008,-0.005143,0.000000,5,52,0,fixed,5,1,1,0,3.000000,4.000000
1010,centralized_dqn,logistic_bootstrap,1,5,1,64,1,1,2,2.904912,85.333300,0.363114,25,0.376004,39,0,0,1,0.376004,0.692950,0.316946,0.316946,0.376004,0.000000,52,0,1,0,25,25,30,100.333000,85.333300,67.666700,0.704104,0.363050,0.127880,0.003194,0.000078,-0.012436,0.003194,5,52,0,fixed,5,1,1,0,3.000000,4.000000
1010,centralized_dqn,logistic_bootstrap,1,5,1,65,2,2,4,0.000000,67.666700,0.591133,30,0.376004,39,0,2,0,0.376004,0.692950,0.316946,0.316946,0.376004,0.000000,52,0,1,-1,25,25,30,100.333000,85.333300,67.666700,0.398672,0.468750,0.591133,0.003384,0.003116,0.000078,0.003384,5,52,0,fixed,5,1,1,0,3.000000,4.000000
1010,centralized_dqn,logistic_bootstrap,1,5,1,66,1,1,4,0.000000,85.333300,0.468750,25,0.376004,39,0,2,1,0.376004,0.692950,0.316946,0.316946,0.376004,0.000000,52,0,1,0,25,25,30,100.333000,85.333300,67.666700,0.398672,0.468750,0.591133,0.000342,0.000078,-0.002911,0.000342,5,52,0,fixed,5,1,1,0,3.000000,4.000000
1010,centralized_dqn,logistic_bootstrap,1,5,1,67,1,1,4,0.000000,85.333300,0.468750,25,0.376004,39,0,2,1,0.376004,0.692950,0.316946,0.316946,0.376004,0.000000,52,0,1,0,25,25,30,100.333000,85.333300,67.666700,0.398672,0.468750,0.591133,0.000342,0.000078,-0.002911,0.000342,5,52,0,fixed,5,1,1,0,3.000000,4.000000
1010,centralized_dqn,logistic_bootstrap,1,5,1,68,0,0,1,3.506290,100.333000,1.168763,25,0.376004,39,0,1,1,0.376004,0.692950,0.316946,0.316946,0.376004,0.000000,52,0,1,-1,25,25,30,100.333000,85.333300,67.666700,1.170442,1.095934,0.873462,0.000078,-0.001008,-0.005143,0.000000,5,52,0,fixed,5,1,1,0,3.000000,4.000000
1010,centralized_dqn,logistic_bootstrap,1,5,1,69,1,1,1,3.246849,85.333300,1.082283,25,0.376004,39,0,1,0,0.376004,0.692950,0.316946,0.316946,0.376004,0.000000,52,0,1,-1,25,25,30,100.333000,85.333300,67.666700,1.125022,1.168515,0.873462,0.000887,0.000078,-0.004238,0.000887,5,52,0,fixed,5,1,1,0,3.000000,4.000000
1010,centralized_dqn,logistic_bootstrap,1,5,1,70,0,0,4,0.000000,100.333000,0.398672,25,0.376004,39,0,2,1,0.376004,0.692950,0.316946,0.316946,0.376004,0.000000,52,0,1,0,25,25,30,100.333000,85.333300,67.666700,0.398672,0.468750,0.591133,0.000078,-0.000185,-0.003171,0.000000,5,52,0,fixed,5,1,1,0,3.000000,4.000000
1010,centralized_dqn,logistic_bootstrap,1,5,1,71,2,2,2,1.059022,67.666700,0.132378,30,0.376004,39,0,0,1,0.376004,0.692950,0.316946,0.316946,0.376004,0.000000,52,0,1,0,25,25,30,100.333000,85.333300,67.666700,0.704104,0.349093,0.132123,0.015859,0.012116,0.000078,0.015859,5,52,0,fixed,5,1,1,0,3.000000,4.000000
1010,centralized_dqn,logistic_bootstrap,1,5,1,72,1,1,4,0.000000,85.333300,0.468750,25,0.376004,39,0,2,1,0.376004,0.692950,0.316946,0.316946,0.376004,0.000000,52,0,1,0,25,25,30,100.333000,85.333300,67.666700,0.398672,0.468750,0.591133,0.000342,0.000078,-0.002911,0.000342,5,52,0,fixed,5,1,1,0,3.000000,4.000000
1010,centralized_dqn,logistic_bootstrap,1,5,1,73,0,0,1,3.505571,100.333000,1.168524,25,0.376004,39,0,1,1,0.376004,0.692950,0.316946,0.316946,0.376004,0.000000,52,0,1,-1,25,25,30,100.333000,85.333300,67.666700,1.170522,1.095934,0.873462,0.000078,-0.001009,-0.005143,0.000000,5,52,0,fixed,5,1,1,0,3.000000,4.000000
1010,centralized_dqn,logistic_bootstrap,1,5,1,74,1,1,2,2.904936,85.333300,0.363117,25,0.376004,39,0,0,1,0.376004,0.692950,0.316946,0.316946,0.376004,0.000000,52,0,1,0,25,25,30,100.333000,85.333300,67.666700,0.704104,0.363050,0.127880,0.003194,0.000078,-0.012436,0.003194,5,52,0,fixed,5,1,1,0,3.000000,4.000000
1010,centralized_dqn,logistic_bootstrap,1,5,1,75,0,0,2,6.503732,100.333000,0.812966,25,0.376004,39,0,0,0,0.376004,0.692950,0.316946,0.316946,0.376004,0.000000,52,0,1,-1,25,25,30,100.333000,85.333300,67.666700,0.723301,0.349093,0.127880,0.000078,-0.003531,-0.015452,0.000000,5,52,0,fixed,5,1,1,0,3.000000,4.000000
1010,centralized_dqn,logistic_bootstrap,1,5,1,76,2,2,2,1.059011,67.666700,0.132376,30,0.376004,39,0,0,1,0.376004,0.692950,0.316946,0.316946,0.376004,0.000000,52,0,1,0,25,25,30,100.333000,85.333300,67.666700,0.704104,0.349093,0.132123,0.015858,0.012116,0.000078,0.015858,5,52,0,fixed,5,1,1,0,3.000000,4.000000
1010,centralized_dqn,logistic_bootstrap,1,5,1,77,2,2,2,1.059022,67.666700,0.132378,30,0.376004,39,0,0,1,0.376004,0.692950,0.316946,0.316946,0.376004,0.000000,52,0,1,0,25,25,30,100.333000,85.333300,67.666700,0.704104,0.349093,0.132123,0.015859,0.012116,0.000078,0.015859,5,52,0,fixed,5,1,1,0,3.000000,4.000000
1010,centralized_dqn,logistic_bootstrap,1,5,1,78,0,0,4,0.000000,100.333000,0.398672,25,0.376004,39,0,2,1,0.376004,0.692950,0.316946,0.316946,0.376004,0.000000,52,0,1,0,25,25,30,100.333000,85.333300,67.666700,0.398672,0.468750,0.591133,0.000078,-0.000185,-0.003171,0.000000,5,52,0,fixed,5,1,1,0,3.000000,4.000000
1010,centralized_dqn,logistic_bootstrap,1,5,1,79,0,0,3,0.000000,100.333000,0.996681,25,0.376004,39,0,2,1,0.376004,0.692950,0.316946,0.316946,0.376004,0.000000,52,0,1,-1,25,25,30,100.333000,85.333300,67.666700,0.996681,1.171875,1.477832,0.000078,-0.000582,-0.004020,0.000000,5,52,0,fixed,5,1,1,0,3.000000,4.000000
1010,centralized_dqn,logistic_bootstrap,1,5,1,80,0,0,4,0.000000,100.333000,0.398672,25,0.376004,39,0,2,1,0.376004,0.692950,0.316946,0.316946,0.376004,0.000000,52,0,1,0,25,25,30,100.333000,85.333300,67.666700,0.398672,0.468750,0.591133,0.000078,-0.000185,-0.003171,0.000000,5,52,0,fixed,5,1,1,0,3.000000,4.000000
1010,centralized_dqn,centralized_dqn,0,5,2,1,0,0,2,2.418581,113.000000,0.302323,33,0.610919,33,0,0,0,0.610919,0.664884,0.053964,0.053964,0.610919,0.234915,5,22,1,0,33,9,38,113.000000,70.666700,18.166700,0.302423,0.401728,0.294571,0.000038,0.015263,0.014943,0.015263,5,5,0,fixed,5,1,1,0,3.000000,4.000000
1010,centralized_dqn,centralized_dqn,0,5,2,2,0,0,2,2.420791,113.000000,0.302599,33,0.610919,33,0,0,0,0.610919,0.664884,0.053964,0.053964,0.610919,0.234915,5,22,1,0,33,9,38,113.000000,70.666700,18.166700,0.302414,0.401728,0.294840,0.000038,0.015264,0.014959,0.015264,5,5,0,fixed,5,1,1,0,3.000000,4.000000
1010,centralized_dqn,centralized_dqn,0,5,2,3,0,0,2,2.419698,113.000000,0.302462,33,0.610919,33,0,0,0,0.610919,0.664884,0.053964,0.053964,0.610919,0.234915,5,22,1,0,33,9,38,113.000000,70.666700,18.166700,0.302418,0.401728,0.294707,0.000038,0.015264,0.014951,0.015264,5,5,0,fixed,5,1,1,0,3.000000,4.000000
1010,centralized_dqn,centralized_dqn,0,5,2,4,0,0,2,2.418546,113.000000,0.302318,33,0.610919,33,0,0,0,0.610919,0.664884,0.053964,0.053964,0.610919,0.234915,5,22,1,0,33,9,38,113.000000,70.666700,18.166700,0.302423,0.401728,0.294567,0.000038,0.015263,0.014943,0.015263,5,5,0,fixed,5,1,1,0,3.000000,4.000000
1010,centralized_dqn,centralized_dqn,0,5,2,5,2,2,3,0.000000,18.166700,5.504577,38,0.610919,33,0,2,0,0.610919,0.664884,0.053964,0.053964,0.610919,0.234915,5,22,1,1,33,9,38,113.000000,70.666700,18.166700,0.884956,1.415094,5.504577,-0.019190,-0.006265,0.000038,0.000000,5,5,0,fixed,5,1,1,0,3.000000,4.000000
1010,centralized_dqn,centralized_dqn,0,5,2,6,2,2,4,0.000000,18.166700,2.201831,38,0.610919,33,0,2,0,0.610919,0.664884,0.053964,0.053964,0.610919,0.234915,5,22,1,-1,33,9,38,113.000000,70.666700,18.166700,0.353982,0.566037,2.201831,-0.025351,-0.009843,0.000038,0.000000,5,5,0,fixed,5,1,1,0,3.000000,4.000000
1010,centralized_dqn,centralized_dqn,0,5,2,7,2,2,4,0.000000,18.166700,2.201831,38,0.610919,33,0,2,0,0.610919,0.664884,0.053964,0.053964,0.610919,0.234915,5,22,1,-1,33,9,38,113.000000,70.666700,18.166700,0.353982,0.566037,2.201831,-0.025351,-0.009843,0.000038,0.000000,5,5,0,fixed,5,1,1,0,3.000000,4.000000
1010,centralized_dqn,centralized_dqn,0,5,2,8,2,2,4,0.000000,18.166700,2.201831,38,0.610919,33,0,2,0,0.610919,0.664884,0.053964,0.053964,0.610919,0.234915,5,22,1,-1,33,9,38,113.000000,70.666700,18.166700,0.353982,0.566037,2.201831,-0.025351,-0.009843,0.000038,0.000000,5,5,0,fixed,5,1,1,0,3.000000,4.000000
1010,centralized_dqn,centralized_dqn,0,5,2,9,2,2,4,0.000000,18.166700,2.201831,38,0.610919,33,0,2,0,0.610919,0.664884,0.053964,0.053964,0.610919,0.234915,5,22,1,-1,33,9,38,113.000000,70.666700,18.166700,0.353982,0.566037,2.201831,-0.025351,-0.009843,0.000038,0.000000,5,5,0,fixed,5,1,1,0,3.000000,4.000000
1010,centralized_dqn,centralized_dqn,0,5,2,10,0,0,2,2.418558,113.000000,0.302320,33,0.610919,33,0,0,0,0.610919,0.664884,0.053964,0.053964,0.610919,0.234915,5,22,1,0,33,9,38,113.000000,70.666700,18.166700,0.302423,0.401728,0.294568,0.000038,0.015263,0.014943,0.015263,5,5,0,fixed,5,1,1,0,3.000000,4.000000
1010,centralized_dqn,centralized_dqn,0,5,2,11,0,0,2,2.418581,113.000000,0.302323,33,0.610919,33,0,1,1,0.610919,0.664884,0.053964,0.053964,0.610919,0.234915,5,22,1,0,33,9,38,113.000000,70.666700,18.166700,0.302423,0.401728,0.294571,0.000038,0.015263,0.014943,0.015263,5,5,0,fixed,5,1,1,0,3.000000,4.000000
1010,centralized_dqn,centralized_dqn,0,5,2,12,0,0,2,2.418605,113.000000,0.302326,33,0.610919,33,0,0,0,0.610919,0.664884,0.053964,0.053964,0.610919,0.234915,5,22,1,0,33,9,38,113.000000,70.666700,18.166700,0.302423,0.401728,0.294574,0.000038,0.015263,0.014943,0.015263,5,5,0,fixed,5,1,1,0,3.000000,4.000000
1010,centralized_dqn,centralized_dqn,0,5,2,13,2,2,4,0.000000,18.166700,2.201831,38,0.610919,33,0,2,0,0.610919,0.664884,0.053964,0.053964,0.610919,0.234915,5,22,1,-1,33,9,38,113.000000,70.666700,18.166700,0.353982,0.566037,2.201831,-0.025351,-0.009843,0.000038,0.000000,5,5,0,fixed,5,1,1,0,3.000000,4.000000
1010,centralized_dqn,centralized_dqn,0,5,2,14,0,0,2,2.419650,113.000000,0.302456,33,0.610919,33,0,1,1,0.610919,0.664884,0.053964,0.053964,0.610919,0.234915,5,22,1,0,33,9,38,113.000000,70.666700,18.166700,0.302419,0.401728,0.294701,0.000038,0.015264,0.014951,0.015264,5,5,0,fixed,5,1,1,0,3.000000,4.000000
1010,centralized_dqn,centralized_dqn,0,5,2,15,0,0,2,2.420767,113.000000,0.302596,33,0.610919,33,0,1,1,0.610919,0.664884,0.053964,0.053964,0.610919,0.234915,5,22,1,0,33,9,38,113.000000,70.666700,18.166700,0.302414,0.401728,0.294837,0.000038,0.015264,0.014958,0.015264,5,5,0,fixed,5,1,1,0,3.000000,4.000000
1010,centralized_dqn,centralized_dqn,0,5,2,16,2,2,4,0.000000,18.166700,2.201831,38,0.610919,33,0,2,0,0.610919,0.664884,0.053964,0.053964,0.610919,0.234915,5,22,1,-1,33,9,38,113.000000,70.666700,18.166700,0.353982,0.566037,2.201831,-0.025351,-0.009843,0.000038,0.000000,5,5,0,fixed,5,1,1,0,3.000000,4.000000
1010,centralized_dqn,centralized_dqn,0,5,2,17,2,2,4,0.000000,18.166700,2.201831,38,0.610919,33,0,2,0,0.610919,0.664884,0.053964,0.053964,0.610919,0.234915,5,22,1,-1,33,9,38,113.000000,70.666700,18.166700,0.353982,0.566037,2.201831,-0.025351,-0.009843,0.000038,0.000000,5,5,0,fixed,5,1,1,0,3.000000,4.000000
1010,centralized_dqn,centralized_dqn,0,5,2,18,2,2,4,0.000000,18.166700,2.201831,38,0.610919,33,0,2,0,0.610919,0.664884,0.053964,0.053964,0.610919,0.234915,5,22,1,-1,33,9,38,113.000000,70.666700,18.166700,0.353982,0.566037,2.201831,-0.025351,-0.009843,0.000038,0.000000,5,5,0,fixed,5,1,1,0,3.000000,4.000000
1010,centralized_dqn,centralized_dqn,0,5,2,19,2,2,4,0.000000,18.166700,2.201831,38,0.610919,33,0,2,0,0.610919,0.664884,0.053964,0.053964,0.610919,0.234915,5,22,1,-1,33,9,38,113.000000,70.666700,18.166700,0.353982,0.566037,2.201831,-0.025351,-0.009843,0.000038,0.000000,5,5,0,fixed,5,1,1,0,3.000000,4.000000
1010,centralized_dqn,centralized_dqn,0,5,2,20,0,0,2,2.418558,113.000000,0.302320,33,0.610919,33,0,0,0,0.610919,0.664884,0.053964,0.053964,0.610919,0.234915,5,22,1,0,33,9,38,113.000000,70.666700,18.166700,0.302423,0.401728,0.294568,0.000038,0.015263,0.014943,0.015263,5,5,0,fixed,5,1,1,0,3.000000,4.000000
1010,centralized_dqn,centralized_dqn,0,5,2,21,2,2,4,0.000000,18.166700,2.201831,38,0.610919,33,0,2,0,0.610919,0.664884,0.053964,0.053964,0.610919,0.234915,5,22,1,-1,33,9,38,113.000000,70.666700,18.166700,0.353982,0.566037,2.201831,-0.025351,-0.009843,0.000038,0.000000,5,5,0,fixed,5,1,1,0,3.000000,4.000000
1010,centralized_dqn,centralized_dqn,0,5,2,22,2,2,3,0.000000,18.166700,5.504577,38,0.610919,33,0,2,0,0.610919,0.664884,0.053964,0.053964,0.610919,0.234915,5,22,1,1,33,9,38,113.000000,70.666700,18.166700,0.884956,1.415094,5.504577,-0.019190,-0.006265,0.000038,0.000000,5,5,0,fixed,5,1,1,0,3.000000,4.000000
1010,centralized_dqn,centralized_dqn,0,5,2,23,1,1,1,3.506128,70.666700,1.168709,9,0.610919,33,0,1,0,0.610919,0.664884,0.053964,0.053964,0.610919,0.234915,5,22,1,-1,33,9,38,113.000000,70.666700,18.166700,0.782733,1.193003,1.138742,-0.013641,0.000038,0.003355,0.003355,5,5,0,fixed,5,1,1,0,3.000000,4.000000
1010,centralized_dqn,centralized_dqn,0,5,2,24,0,0,2,2.418534,113.000000,0.302317,33,0.610919,33,0,0,0,0.610919,0.664884,0.053964,0.053964,0.610919,0.234915,5,22,1,0,33,9,38,113.000000,70.666700,18.166700,0.302423,0.401728,0.294565,0.000038,0.015263,0.014943,0.015263,5,5,0,fixed,5,1,1,0,3.000000,4.000000
1010,centralized_dqn,centralized_dqn,0,5,2,25,0,0,2,2.420755,113.000000,0.302594,33,0.610919,33,0,1,1,0.610919,0.664884,0.053964,0.053964,0.610919,0.234915,5,22,1,0,33,9,38,113.000000,70.666700,18.166700,0.302414,0.401728,0.294836,0.000038,0.015264,0.014958,0.015264,5,5,0,fixed,5,1,1,0,3.000000,4.000000
1010,centralized_dqn,centralized_dqn,0,5,2,26,2,2,3,0.000000,18.166700,5.504577,38,0.610919,33,0,2,0,0.610919,0.664884,0.053964,0.053964,0.610919,0.234915,5,22,1,1,33,9,38,113.000000,70.666700,18.166700,0.884956,1.415094,5.504577,-0.019190,-0.006265,0.000038,0.000000,5,5,0,fixed,5,1,1,0,3.000000,4.000000
1010,centralized_dqn,centralized_dqn,0,5,2,27,2,2,4,0.000000,18.166700,2.201831,38,0.610919,33,0,2,0,0.610919,0.664884,0.053964,0.053964,0.610919,0.234915,5,22,1,-1,33,9,38,113.000000,70.666700,18.166700,0.353982,0.566037,2.201831,-0.025351,-0.009843,0.000038,0.000000,5,5,0,fixed,5,1,1,0,3.000000,4.000000
1010,centralized_dqn,centralized_dqn,0,5,2,28,2,2,4,0.000000,18.166700,2.201831,38,0.610919,33,0,2,0,0.610919,0.664884,0.053964,0.053964,0.610919,0.234915,5,22,1,-1,33,9,38,113.000000,70.666700,18.166700,0.353982,0.566037,2.201831,-0.025351,-0.009843,0.000038,0.000000,5,5,0,fixed,5,1,1,0,3.000000,4.000000
1010,centralized_dqn,centralized_dqn,0,5,2,29,0,0,2,2.420744,113.000000,0.302593,33,0.610919,33,0,0,0,0.610919,0.664884,0.053964,0.053964,0.610919,0.234915,5,22,1,0,33,9,38,113.000000,70.666700,18.166700,0.302414,0.401728,0.294834,0.000038,0.015264,0.014958,0.015264,5,5,0,fixed,5,1,1,0,3.000000,4.000000
1010,centralized_dqn,centralized_dqn,0,5,2,30,2,2,3,0.000000,18.166700,5.504577,38,0.610919,33,0,2,0,0.610919,0.664884,0.053964,0.053964,0.610919,0.234915,5,22,1,1,33,9,38,113.000000,70.666700,18.166700,0.884956,1.415094,5.504577,-0.019190,-0.006265,0.000038,0.000000,5,5,0,fixed,5,1,1,0,3.000000,4.000000
1010,centralized_dqn,centralized_dqn,0,5,2,31,0,0,2,2.418545,113.000000,0.302318,33,0.610919,33,0,0,0,0.610919,0.664884,0.053964,0.053964,0.610919,0.234915,5,22,1,0,33,9,38,113.000000,70.666700,18.166700,0.302423,0.401728,0.294566,0.000038,0.015263,0.014943,0.015263,5,5,0,fixed,5,1,1,0,3.000000,4.000000
1010,centralized_dqn,centralized_dqn,0,5,2,32,2,2,4,0.000000,18.166700,2.201831,38,0.610919,33,0,2,0,0.610919,0.664884,0.053964,0.053964,0.610919,0.234915,5,22,1,-1,33,9,38,113.000000,70.666700,18.166700,0.353982,0.566037,2.201831,-0.025351,-0.009843,0.000038,0.000000,5,5,0,fixed,5,1,1,0,3.000000,4.000000
1010,centralized_dqn,centralized_dqn,0,5,2,33,1,1,1,3.768021,70.666700,1.256007,9,0.610919,33,0,1,0,0.610919,0.664884,0.053964,0.053964,0.610919,0.234915,5,22,1,-1,33,9,38,113.000000,70.666700,18.166700,0.782733,1.182091,1.223802,-0.013611,0.000038,0.003676,0.003676,5,5,0,fixed,5,1,1,0,3.000000,4.000000
1010,centralized_dqn,centralized_dqn,0,5,2,34,2,2,4,0.000000,18.166700,2.201831,38,0.610919,33,0,2,0,0.610919,0.664884,0.053964,0.053964,0.610919,0.234915,5,22,1,-1,33,9,38,113.000000,70.666700,18.166700,0.353982,0.566037,2.201831,-0.025351,-0.009843,0.000038,0.000000,5,5,0,fixed,5,1,1,0,3.000000,4.000000
1010,centralized_dqn,centralized_dqn,0,5,2,35,2,2,4,0.000000,18.166700,2.201831,38,0.610919,33,0,2,0,0.610919,0.664884,0.053964,0.053964,0.610919,0.234915,5,22,1,-1,33,9,38,113.000000,70.666700,18.166700,0.353982,0.566037,2.201831,-0.025351,-0.009843,0.000038,0.000000,5,5,0,fixed,5,1,1,0,3.000000,4.000000
1010,centralized_dqn,centralized_dqn,0,5,2,36,2,2,4,0.000000,18.166700,2.201831,38,0.610919,33,0,2,0,0.610919,0.664884,0.053964,0.053964,0.610919,0.234915,5,22,1,-1,33,9,38,113.000000,70.666700,18.166700,0.353982,0.566037,2.201831,-0.025351,-0.009843,0.000038,0.000000,5,5,0,fixed,5,1,1,0,3.000000,4.000000
1010,centralized_dqn,centralized_dqn,0,5,2,37,0,0,2,2.418558,113.000000,0.302320,33,0.610919,33,0,0,0,0.610919,0.664884,0.053964,0.053964,0.610919,0.234915,5,22,1,0,33,9,38,113.000000,70.666700,18.166700,0.302423,0.401728,0.294568,0.000038,0.015263,0.014943,0.015263,5,5,0,fixed,5,1,1,0,3.000000,4.000000
1010,centralized_dqn,centralized_dqn,0,5,2,38,0,0,2,2.418499,113.000000,0.302312,33,0.610919,33,1,0,0,0.610919,0.664884,0.053964,0.053964,0.610919,0.234915,5,22,1,0,33,9,38,113.000000,70.666700,18.166700,0.302423,0.401728,0.294561,0.000038,0.015263,0.014942,0.015263,5,5,0,fixed,5,1,1,0,3.000000,4.000000
1010,centralized_dqn,centralized_dqn,0,5,2,39,2,2,4,0.000000,18.166700,2.201831,38,0.610919,33,0,2,0,0.610919,0.664884,0.053964,0.053964,0.610919,0.234915,5,22,1,-1,33,9,38,113.000000,70.666700,18.166700,0.353982,0.566037,2.201831,-0.025351,-0.009843,0.000038,0.000000,5,5,0,fixed,5,1,1,0,3.000000,4.000000
1010,centralized_dqn,centralized_dqn,0,5,2,40,0,0,2,2.420744,113.000000,0.302593,33,0.610919,33,0,0,0,0.610919,0.664884,0.053964,0.053964,0.610919,0.234915,5,22,1,0,33,9,38,113.000000,70.666700,18.166700,0.302414,0.401728,0.294834,0.000038,0.015264,0.014958,0.015264,5,5,0,fixed,5,1,1,0,3.000000,4.000000
1010,centralized_dqn,centralized_dqn,0,5,2,41,1,1,1,3.503792,70.666700,1.167931,9,0.610919,33,0,2,1,0.610919,0.664884,0.053964,0.053964,0.610919,0.234915,5,22,1,-1,33,9,38,113.000000,70.666700,18.166700,0.782733,1.193101,1.137984,-0.013642,0.000038,0.003352,0.003352,5,5,0,fixed,5,1,1,0,3.000000,4.000000
1010,centralized_dqn,centralized_dqn,0,5,2,42,0,0,2,2.418581,113.000000,0.302323,33,0.610919,33,0,0,0,0.610919,0.664884,0.053964,0.053964,0.610919,0.234915,5,22,1,0,33,9,38,113.000000,70.666700,18.166700,0.302423,0.401728,0.294571,0.000038,0.015263,0.014943,0.015263,5,5,0,fixed,5,1,1,0,3.000000,4.000000
1010,centralized_dqn,centralized_dqn,0,5,2,43,0,0,2,2.418552,113.000000,0.302319,33,0.610919,33,0,0,0,0.610919,0.664884,0.053964,0.053964,0.610919,0.234915,5,22,1,0,33,9,38,113.000000,70.666700,18.166700,0.302423,0.401728,0.294567,0.000038,0.015263,0.014943,0.015263,5,5,0,fixed,5,1,1,0,3.000000,4.000000
1010,centralized_dqn,centralized_dqn,0,5,2,44,2,2,3,0.000000,18.166700,5.504577,38,0.610919,33,0,2,0,0.610919,0.664884,0.053964,0.053964,0.610919,0.234915,5,22,1,1,33,9,38,113.000000,70.666700,18.166700,0.884956,1.415094,5.504577,-0.019190,-0.006265,0.000038,0.000000,5,5,0,fixed,5,1,1,0,3.000000,4.000000
1010,centralized_dqn,centralized_dqn,0,5,2,45,0,0,2,2.418552,113.000000,0.302319,33,0.610919,33,0,0,0,0.610919,0.664884,0.053964,0.053964,0.610919,0.234915,5,22,1,0,33,9,38,113.000000,70.666700,18.166700,0.302423,0.401728,0.294567,0.000038,0.015263,0.014943,0.015263,5,5,0,fixed,5,1,1,0,3.000000,4.000000
1010,centralized_dqn,centralized_dqn,0,5,2,46,2,2,3,0.000000,18.166700,5.504577,38,0.610919,33,0,2,0,0.610919,0.664884,0.053964,0.053964,0.610919,0.234915,5,22,1,1,33,9,38,113.000000,70.666700,18.166700,0.884956,1.415094,5.504577,-0.019190,-0.006265,0.000038,0.000000,5,5,0,fixed,5,1,1,0,3.000000,4.000000
1010,centralized_dqn,centralized_dqn,0,5,2,47,0,0,2,2.418551,113.000000,0.302319,33,0.610919,33,0,0,0,0.610919,0.664884,0.053964,0.053964,0.610919,0.234915,5,22,1,0,33,9,38,113.000000,70.666700,18.166700,0.302423,0.401728,0.294567,0.000038,0.015263,0.014943,0.015263,5,5,0,fixed,5,1,1,0,3.000000,4.000000
1010,centralized_dqn,centralized_dqn,0,5,2,48,0,0,2,2.420732,113.000000,0.302592,33,0.610919,33,0,0,0,0.610919,0.664884,0.053964,0.053964,0.610919,0.234915,5,22,1,0,33,9,38,113.000000,70.666700,18.166700,0.302414,0.401728,0.294833,0.000038,0.015264,0.014958,0.015264,5,5,0,fixed,5,1,1,0,3.000000,4.000000
1010,centralized_dqn,centralized_dqn,0,5,2,49,0,0,2,2.418563,113.000000,0.302320,33,0.610919,33,0,0,0,0.610919,0.664884,0.053964,0.053964,0.610919,0.234915,5,22,1,0,33,9,38,113.000000,70.666700,18.166700,0.302423,0.401728,0.294569,0.000038,0.015263,0.014943,0.015263,5,5,0,fixed,5,1,1,0,3.000000,4.000000
1010,centralized_dqn,centralized_dqn,0,5,2,50,0,0,2,2.420755,113.000000,0.302594,33,0.610919,33,0,0,0,0.610919,0.664884,0.053964,0.053964,0.610919,0.234915,5,22,1,0,33,9,38,113.000000,70.666700,18.166700,0.302414,0.401728,0.294836,0.000038,0.015264,0.014958,0.015264,5,5,0,fixed,5,1,1,0,3.000000,4.000000
1010,centralized_dqn,centralized_dqn,0,5,2,51,0,0,2,2.418575,113.000000,0.302322,33,0.610919,33,0,0,0,0.610919,0.664884,0.053964,0.053964,0.610919,0.234915,5,22,1,0,33,9,38,113.000000,70.666700,18.166700,0.302423,0.401728,0.294570,0.000038,0.015263,0.014943,0.015263,5,5,0,fixed,5,1,1,0,3.000000,4.000000
1010,centralized_dqn,centralized_dqn,0,5,2,52,2,2,3,0.000000,18.166700,5.504577,38,0.610919,33,0,2,0,0.610919,0.664884,0.053964,0.053964,0.610919,0.234915,5,22,1,1,33,9,38,113.000000,70.666700,18.166700,0.884956,1.415094,5.504577,-0.019190,-0.006265,0.000038,0.000000,5,5,0,fixed,5,1,1,0,3.000000,4.000000
1010,centralized_dqn,centralized_dqn,0,5,2,53,0,0,2,2.418651,113.000000,0.302331,33,0.610919,33,0,0,0,0.610919,0.664884,0.053964,0.053964,0.610919,0.234915,5,22,1,0,33,9,38,113.000000,70.666700,18.166700,0.302422,0.401728,0.294579,0.000038,0.015263,0.014943,0.015263,5,5,0,fixed,5,1,1,0,3.000000,4.000000
1010,centralized_dqn,centralized_dqn,0,5,2,54,2,2,4,0.000000,18.166700,2.201831,38,0.610919,33,0,2,0,0.610919,0.664884,0.053964,0.053964,0.610919,0.234915,5,22,1,-1,33,9,38,113.000000,70.666700,18.166700,0.353982,0.566037,2.201831,-0.025351,-0.009843,0.000038,0.000000,5,5,0,fixed,5,1,1,0,3.000000,4.000000
1010,centralized_dqn,centralized_dqn,0,5,2,55,2,2,3,0.000000,18.166700,5.504577,38,0.610919,33,0,2,0,0.610919,0.664884,0.053964,0.053964,0.610919,0.234915,5,22,1,1,33,9,38,113.000000,70.666700,18.166700,0.884956,1.415094,5.504577,-0.019190,-0.006265,0.000038,0.000000,5,5,0,fixed,5,1,1,0,3.000000,4.000000
1010,centralized_dqn,centralized_dqn,0,5,2,56,2,2,4,0.000000,18.166700,2.201831,38,0.610919,33,0,2,0,0.610919,0.664884,0.053964,0.053964,0.610919,0.234915,5,22,1,-1,33,9,38,113.000000,70.666700,18.166700,0.353982,0.566037,2.201831,-0.025351,-0.009843,0.000038,0.000000,5,5,0,fixed,5,1,1,0,3.000000,4.000000
1010,centralized_dqn,centralized_dqn,0,5,2,57,0,0,2,2.420771,113.000000,0.302596,33,0.610919,33,0,0,0,0.610919,0.664884,0.053964,0.053964,0.610919,0.234915,5,22,1,0,33,9,38,113.000000,70.666700,18.166700,0.302414,0.401728,0.294837,0.000038,0.015264,0.014958,0.015264,5,5,0,fixed,5,1,1,0,3.000000,4.000000
1010,centralized_dqn,centralized_dqn,0,5,2,58,2,2,3,0.000000,18.166700,5.504577,38,0.610919,33,0,2,0,0.610919,0.664884,0.053964,0.053964,0.610919,0.234915,5,22,1,1,33,9,38,113.000000,70.666700,18.166700,0.884956,1.415094,5.504577,-0.019190,-0.006265,0.000038,0.000000,5,5,0,fixed,5,1,1,0,3.000000,4.000000
1010,centralized_dqn,centralized_dqn,0,5,2,59,2,2,4,0.000000,18.166700,2.201831,38,0.610919,33,0,2,0,0.610919,0.664884,0.053964,0.053964,0.610919,0.234915,5,22,1,-1,33,9,38,113.000000,70.666700,18.166700,0.353982,0.566037,2.201831,-0.025351,-0.009843,0.000038,0.000000,5,5,0,fixed,5,1,1,0,3.000000,4.000000
1010,centralized_dqn,centralized_dqn,0,5,2,60,2,2,3,0.000000,18.166700,5.504577,38,0.610919,33,0,2,0,0.610919,0.664884,0.053964,0.053964,0.610919,0.234915,5,22,1,1,33,9,38,113.000000,70.666700,18.166700,0.884956,1.415094,5.504577,-0.019190,-0.006265,0.000038,0.000000,5,5,0,fixed,5,1,1,0,3.000000,4.000000
1010,centralized_dqn,centralized_dqn,0,5,2,61,1,1,1,3.824852,70.666700,1.274951,9,0.610919,33,0,1,0,0.610919,0.664884,0.053964,0.053964,0.610919,0.234915,5,22,1,-1,33,9,38,113.000000,70.666700,18.166700,0.782733,1.179723,1.242260,-0.013604,0.000038,0.003740,0.003740,5,5,0,fixed,5,1,1,0,3.000000,4.000000
1010,centralized_dqn,centralized_dqn,0,5,2,62,1,1,1,3.505014,70.666700,1.168338,9,0.610919,33,0,1,0,0.610919,0.664884,0.053964,0.053964,0.610919,0.234915,5,22,1,-1,33,9,38,113.000000,70.666700,18.166700,0.782733,1.193050,1.138381,-0.013641,0.000038,0.003354,0.003354,5,5,0,fixed,5,1,1,0,3.000000,4.000000
1010,centralized_dqn,centralized_dqn,0,5,2,63,1,1,1,3.507242,70.666700,1.169081,9,0.610919,33,0,1,0,0.610919,0.664884,0.053964,0.053964,0.610919,0.234915,5,22,1,-1,33,9,38,113.000000,70.666700,18.166700,0.782733,1.192957,1.139104,-0.013641,0.000038,0.003357,0.003357,5,5,0,fixed,5,1,1,0,3.000000,4.000000
1010,centralized_dqn,centralized_dqn,0,5,2,64,0,0,2,2.419686,113.000000,0.302461,33,0.610919,33,0,0,0,0.610919,0.664884,0.053964,0.053964,0.610919,0.234915,5,22,1,0,33,9,38,113.000000,70.666700,18.166700,0.302418,0.401728,0.294705,0.000038,0.015264,0.014951,0.015264,5,5,0,fixed,5,1,1,0,3.000000,4.000000
1010,centralized_dqn,centralized_dqn,0,5,2,65,2,2,4,0.000000,18.166700,2.201831,38,0.610919,33,0,2,0,0.610919,0.664884,0.053964,0.053964,0.610919,0.234915,5,22,1,-1,33,9,38,113.000000,70.666700,18.166700,0.353982,0.566037,2.201831,-0.025351,-0.009843,0.000038,0.000000,5,5,0,fixed,5,1,1,0,3.000000,4.000000
1010,centralized_dqn,centralized_dqn,0,5,2,66,2,2,4,0.000000,18.166700,2.201831,38,0.610919,33,0,2,0,0.610919,0.664884,0.053964,0.053964,0.610919,0.234915,5,22,1,-1,33,9,38,113.000000,70.666700,18.166700,0.353982,0.566037,2.201831,-0.025351,-0.009843,0.000038,0.000000,5,5,0,fixed,5,1,1,0,3.000000,4.000000
1010,centralized_dqn,centralized_dqn,0,5,2,67,2,2,4,0.000000,18.166700,2.201831,38,0.610919,33,0,2,0,0.610919,0.664884,0.053964,0.053964,0.610919,0.234915,5,22,1,-1,33,9,38,113.000000,70.666700,18.166700,0.353982,0.566037,2.201831,-0.025351,-0.009843,0.000038,0.000000,5,5,0,fixed,5,1,1,0,3.000000,4.000000
1010,centralized_dqn,centralized_dqn,0,5,2,68,1,1,1,3.507242,70.666700,1.169081,9,0.610919,33,0,1,0,0.610919,0.664884,0.053964,0.053964,0.610919,0.234915,5,22,1,-1,33,9,38,113.000000,70.666700,18.166700,0.782733,1.192957,1.139104,-0.013641,0.000038,0.003357,0.003357,5,5,0,fixed,5,1,1,0,3.000000,4.000000
1010,centralized_dqn,centralized_dqn,0,5,2,69,1,1,1,3.508069,70.666700,1.169356,9,0.610919,33,0,1,0,0.610919,0.664884,0.053964,0.053964,0.610919,0.234915,5,22,1,-1,33,9,38,113.000000,70.666700,18.166700,0.782733,1.192923,1.139373,-0.013641,0.000038,0.003358,0.003358,5,5,0,fixed,5,1,1,0,3.000000,4.000000
1010,centralized_dqn,centralized_dqn,0,5,2,70,2,2,4,0.000000,18.166700,2.201831,38,0.610919,33,0,2,0,0.610919,0.664884,0.053964,0.053964,0.610919,0.234915,5,22,1,-1,33,9,38,113.000000,70.666700,18.166700,0.353982,0.566037,2.201831,-0.025351,-0.009843,0.000038,0.000000,5,5,0,fixed,5,1,1,0,3.000000,4.000000
1010,centralized_dqn,centralized_dqn,0,5,2,71,0,0,2,2.419622,113.000000,0.302453,33,0.610919,33,0,0,0,0.610919,0.664884,0.053964,0.053964,0.610919,0.234915,5,22,1,0,33,9,38,113.000000,70.666700,18.166700,0.302419,0.401728,0.294698,0.000038,0.015264,0.014950,0.015264,5,5,0,fixed,5,1,1,0,3.000000,4.000000
1010,centralized_dqn,centralized_dqn,0,5,2,72,2,2,4,0.000000,18.166700,2.201831,38,0.610919,33,0,2,0,0.610919,0.664884,0.053964,0.053964,0.610919,0.234915,5,22,1,-1,33,9,38,113.000000,70.666700,18.166700,0.353982,0.566037,2.201831,-0.025351,-0.009843,0.000038,0.000000,5,5,0,fixed,5,1,1,0,3.000000,4.000000
1010,centralized_dqn,centralized_dqn,0,5,2,73,1,1,1,3.507852,70.666700,1.169284,9,0.610919,33,0,1,0,0.610919,0.664884,0.053964,0.053964,0.610919,0.234915,5,22,1,-1,33,9,38,113.000000,70.666700,18.166700,0.782733,1.192932,1.139303,-0.013641,0.000038,0.003358,0.003358,5,5,0,fixed,5,1,1,0,3.000000,4.000000
1010,centralized_dqn,centralized_dqn,0,5,2,74,0,0,2,2.419610,113.000000,0.302451,33,0.610919,33,0,0,0,0.610919,0.664884,0.053964,0.053964,0.610919,0.234915,5,22,1,0,33,9,38,113.000000,70.666700,18.166700,0.302419,0.401728,0.294696,0.000038,0.015263,0.014950,0.015263,5,5,0,fixed,5,1,1,0,3.000000,4.000000
1010,centralized_dqn,centralized_dqn,0,5,2,75,0,0,2,2.420748,113.000000,0.302594,33,0.610919,33,0,0,0,0.610919,0.664884,0.053964,0.053964,0.610919,0.234915,5,22,1,0,33,9,38,113.000000,70.666700,18.166700,0.302414,0.401728,0.294835,0.000038,0.015264,0.014958,0.015264,5,5,0,fixed,5,1,1,0,3.000000,4.000000
1010,centralized_dqn,centralized_dqn,0,5,2,76,0,0,2,2.419622,113.000000,0.302453,33,0.610919,33,0,0,0,0.610919,0.664884,0.053964,0.053964,0.610919,0.234915,5,22,1,0,33,9,38,113.000000,70.666700,18.166700,0.302419,0.401728,0.294698,0.000038,0.015264,0.014950,0.015264,5,5,0,fixed,5,1,1,0,3.000000,4.000000
1010,centralized_dqn,centralized_dqn,0,5,2,77,0,0,2,2.418524,113.000000,0.302315,33,0.610919,33,0,0,0,0.610919,0.664884,0.053964,0.053964,0.610919,0.234915,5,22,1,0,33,9,38,113.000000,70.666700,18.166700,0.302423,0.401728,0.294564,0.000038,0.015263,0.014943,0.015263,5,5,0,fixed,5,1,1,0,3.000000,4.000000
1010,centralized_dqn,centralized_dqn,0,5,2,78,2,2,4,0.000000,18.166700,2.201831,38,0.610919,33,0,2,0,0.610919,0.664884,0.053964,0.053964,0.610919,0.234915,5,22,1,-1,33,9,38,113.000000,70.666700,18.166700,0.353982,0.566037,2.201831,-0.025351,-0.009843,0.000038,0.000000,5,5,0,fixed,5,1,1,0,3.000000,4.000000
1010,centralized_dqn,centralized_dqn,0,5,2,79,2,2,3,0.000000,18.166700,5.504577,38,0.610919,33,0,2,0,0.610919,0.664884,0.053964,0.053964,0.610919,0.234915,5,22,1,1,33,9,38,113.000000,70.666700,18.166700,0.884956,1.415094,5.504577,-0.019190,-0.006265,0.000038,0.000000,5,5,0,fixed,5,1,1,0,3.000000,4.000000
1010,centralized_dqn,centralized_dqn,0,5,2,80,2,2,4,0.000000,18.166700,2.201831,38,0.610919,33,0,2,0,0.610919,0.664884,0.053964,0.053964,0.610919,0.234915,5,22,1,-1,33,9,38,113.000000,70.666700,18.166700,0.353982,0.566037,2.201831,-0.025351,-0.009843,0.000038,0.000000,5,5,0,fixed,5,1,1,0,3.000000,4.000000
1010,centralized_dqn,centralized_dqn,0,5,3,1,0,0,2,3.027370,113.000000,0.378421,29,0.644672,33,0,0,0,0.644672,0.724348,0.079676,0.079676,0.644672,0.033752,5,45,1,0,29,12,39,113.000000,74.666700,27.000000,0.342889,0.342748,0.427699,0.000284,0.007264,0.018251,0.018251,5,5,0,fixed,5,1,1,0,3.000000,4.000000
1010,centralized_dqn,centralized_dqn,0,5,3,2,0,0,2,2.685241,113.000000,0.335655,29,0.644672,33,0,0,0,0.644672,0.724348,0.079676,0.079676,0.644672,0.033752,5,45,1,0,29,12,39,113.000000,74.666700,27.000000,0.344416,0.342748,0.427699,0.000284,0.007197,0.018182,0.018182,5,5,0,fixed,5,1,1,0,3.000000,4.000000
1010,centralized_dqn,centralized_dqn,0,5,3,3,0,0,2,2.685252,113.000000,0.335656,29,0.644672,33,0,0,0,0.644672,0.724348,0.079676,0.079676,0.644672,0.033752,5,45,1,0,29,12,39,113.000000,74.666700,27.000000,0.344416,0.342748,0.427699,0.000284,0.007197,0.018182,0.018182,5,5,0,fixed,5,1,1,0,3.000000,4.000000
1010,centralized_dqn,centralized_dqn,0,5,3,4,0,0,2,2.685239,113.000000,0.335655,29,0.644672,33,0,0,0,0.644672,0.724348,0.079676,0.079676,0.644672,0.033752,5,45,1,0,29,12,39,113.000000,74.666700,27.000000,0.344416,0.342748,0.427699,0.000284,0.007197,0.018182,0.018182,5,5,0,fixed,5,1,1,0,3.000000,4.000000
1010,centralized_dqn,centralized_dqn,0,5,3,5,2,2,3,0.000000,27.000000,3.703704,39,0.644672,33,0,2,0,0.644672,0.724348,0.079676,0.079676,0.644672,0.033752,5,45,1,1,29,12,39,113.000000,74.666700,27.000000,0.884956,1.339285,3.703704,-0.018613,-0.009603,0.000284,0.000000,5,5,0,fixed,5,1,1,0,3.000000,4.000000
1010,centralized_dqn,centralized_dqn,0,5,3,6,2,2,4,0.000000,27.000000,1.481481,39,0.644672,33,0,2,0,0.644672,0.724348,0.079676,0.079676,0.644672,0.033752,5,45,1,-1,29,12,39,113.000000,74.666700,27.000000,0.353982,0.535714,1.481481,-0.024870,-0.013187,0.000284,0.000000,5,5,0,fixed,5,1,1,0,3.000000,4.000000
1010,centralized_dqn,centralized_dqn,0,5,3,7,2,2,4,0.000000,27.000000,1.481481,39,0.644672,33,0,2,0,0.644672,0.724348,0.079676,0.079676,0.644672,0.033752,5,45,1,-1,29,12,39,113.000000,74.666700,27.000000,0.353982,0.535714,1.481481,-0.024870,-0.013187,0.000284,0.000000,5,5,0,fixed,5,1,1,0,3.000000,4.000000
1010,centralized_dqn,centralized_dqn,0,5,3,8,2,2,4,0.000000,27.000000,1.481481,39,0.644672,33,0,2,0,0.644672,0.724348,0.079676,0.079676,0.644672,0.033752,5,45,1,-1,29,12,39,113.000000,74.666700,27.000000,0.353982,0.535714,1.481481,-0.024870,-0.013187,0.000284,0.000000,5,5,0,fixed,5,1,1,0,3.000000,4.000000
1010,centralized_dqn,centralized_dqn,0,5,3,9,2,2,4,0.000000,27.000000,1.481481,39,0.644672,33,0,2,0,0.644672,0.724348,0.079676,0.079676,0.644672,0.033752,5,45,1,-1,29,12,39,113.000000,74.666700,27.000000,0.353982,0.535714,1.481481,-0.024870,-0.013187,0.000284,0.000000,5,5,0,fixed,5,1,1,0,3.000000,4.000000
1010,centralized_dqn,centralized_dqn,0,5,3,10,0,0,2,2.685252,113.000000,0.335656,29,0.644672,33,0,0,0,0.644672,0.724348,0.079676,0.079676,0.644672,0.033752,5,45,1,0,29,12,39,113.000000,74.666700,27.000000,0.344416,0.342748,0.427699,0.000284,0.007197,0.018182,0.018182,5,5,0,fixed,5,1,1,0,3.000000,4.000000
1010,centralized_dqn,centralized_dqn,0,5,3,11,1,1,2,2.971569,74.666700,0.371446,12,0.644672,33,0,1,0,0.644672,0.724348,0.079676,0.079676,0.644672,0.033752,5,45,1,0,29,12,39,113.000000,74.666700,27.000000,0.332644,0.371266,0.427699,-0.009784,0.000284,0.008633,0.008633,5,5,0,fixed,5,1,1,0,3.000000,4.000000
1010,centralized_dqn,centralized_dqn,0,5,3,12,0,0,2,2.685217,113.000000,0.335652,29,0.644672,33,0,0,0,0.644672,0.724348,0.079676,0.079676,0.644672,0.033752,5,45,1,0,29,12,39,113.000000,74.666700,27.000000,0.344416,0.342748,0.427699,0.000284,0.007197,0.018182,0.018182,5,5,0,fixed,5,1,1,0,3.000000,4.000000
1010,centralized_dqn,centralized_dqn,0,5,3,13,2,2,4,0.000000,27.000000,1.481481,39,0.644672,33,0,2,0,0.644672,0.724348,0.079676,0.079676,0.644672,0.033752,5,45,1,-1,29,12,39,113.000000,74.666700,27.000000,0.353982,0.535714,1.481481,-0.024870,-0.013187,0.000284,0.000000,5,5,0,fixed,5,1,1,0,3.000000,4.000000
1010,centralized_dqn,centralized_dqn,0,5,3,14,1,1,2,2.969389,74.666700,0.371174,12,0.644672,33,0,1,0,0.644672,0.724348,0.079676,0.079676,0.644672,0.033752,5,45,1,0,29,12,39,113.000000,74.666700,27.000000,0.332644,0.371356,0.427699,-0.009787,0.000284,0.008630,0.008630,5,5,0,fixed,5,1,1,0,3.000000,4.000000
1010,centralized_dqn,centralized_dqn,0,5,3,15,1,1,2,2.970487,74.666700,0.371311,12,0.644672,33,0,1,0,0.644672,0.724348,0.079676,0.079676,0.644672,0.033752,5,45,1,0,29,12,39,113.000000,74.666700,27.000000,0.332644,0.371311,0.427699,-0.009785,0.000284,0.008632,0.008632,5,5,0,fixed,5,1,1,0,3.000000,4.000000
1010,centralized_dqn,centralized_dqn,0,5,3,16,2,2,4,0.000000,27.000000,1.481481,39,0.644672,33,0,2,0,0.644672,0.724348,0.079676,0.079676,0.644672,0.033752,5,45,1,-1,29,12,39,113.000000,74.666700,27.000000,0.353982,0.535714,1.481481,-0.024870,-0.013187,0.000284,0.000000,5,5,0,fixed,5,1,1,0,3.000000,4.000000
1010,centralized_dqn,centralized_dqn,0,5,3,17,2,2,4,0.000000,27.000000,1.481481,39,0.644672,33,0,2,0,0.644672,0.724348,0.079676,0.079676,0.644672,0.033752,5,45,1,-1,29,12,39,113.000000,74.666700,27.000000,0.353982,0.535714,1.481481,-0.024870,-0.013187,0.000284,0.000000,5,5,0,fixed,5,1,1,0,3.000000,4.000000
1010,centralized_dqn,centralized_dqn,0,5,3,18,2,2,4,0.000000,27.000000,1.481481,39,0.644672,33,0,2,0,0.644672,0.724348,0.079676,0.079676,0.644672,0.033752,5,45,1,-1,29,12,39,113.000000,74.666700,27.000000,0.353982,0.535714,1.481481,-0.024870,-0.013187,0.000284,0.000000,5,5,0,fixed,5,1,1,0,3.000000,4.000000
1010,centralized_dqn,centralized_dqn,0,5,3,19,2,2,4,0.000000,27.000000,1.481481,39,0.644672,33,0,2,0,0.644672,0.724348,0.079676,0.079676,0.644672,0.033752,5,45,1,-1,29,12,39,113.000000,74.666700,27.000000,0.353982,0.535714,1.481481,-0.024870,-0.013187,0.000284,0.000000,5,5,0,fixed,5,1,1,0,3.000000,4.000000
1010,centralized_dqn,centralized_dqn,0,5,3,20,0,0,2,2.711490,113.000000,0.338936,29,0.644672,33,0,0,0,0.644672,0.724348,0.079676,0.079676,0.644672,0.033752,5,45,1,0,29,12,39,113.000000,74.666700,27.000000,0.344299,0.342748,0.427699,0.000284,0.007202,0.018188,0.018188,5,5,0,fixed,5,1,1,0,3.000000,4.000000
1010,centralized_dqn,centralized_dqn,0,5,3,21,2,2,4,0.000000,27.000000,1.481481,39,0.644672,33,0,2,0,0.644672,0.724348,0.079676,0.079676,0.644672,0.033752,5,45,1,-1,29,12,39,113.000000,74.666700,27.000000,0.353982,0.535714,1.481481,-0.024870,-0.013187,0.000284,0.000000,5,5,0,fixed,5,1,1,0,3.000000,4.000000
1010,centralized_dqn,centralized_dqn,0,5,3,22,2,2,3,0.000000,27.000000,3.703704,39,0.644672,33,0,2,0,0.644672,0.724348,0.079676,0.079676,0.644672,0.033752,5,45,1,1,29,12,39,113.000000,74.666700,27.000000,0.884956,1.339285,3.703704,-0.018613,-0.009603,0.000284,0.000000,5,5,0,fixed,5,1,1,0,3.000000,4.000000
1010,centralized_dqn,centralized_dqn,0,5,3,23,1,1,1,3.504403,74.666700,1.168134,12,0.644672,33,0,1,0,0.644672,0.724348,0.079676,0.079676,0.644672,0.033752,5,45,1,-1,29,12,39,113.000000,74.666700,27.000000,0.887050,1.150051,1.140530,-0.008739,0.000284,0.007512,0.007512,5,5,0,fixed,5,1,1,0,3.000000,4.000000
1010,centralized_dqn,centralized_dqn,0,5,3,24,0,0,2,2.709339,113.000000,0.338667,29,0.644672,33,0,0,0,0.644672,0.724348,0.079676,0.079676,0.644672,0.033752,5,45,1,0,29,12,39,113.000000,74.666700,27.000000,0.344309,0.342748,0.427699,0.000284,0.007202,0.018187,0.018187,5,5,0,fixed,5,1,1,0,3.000000,4.000000
1010,centralized_dqn,centralized_dqn,0,5,3,25,1,1,2,2.970499,74.666700,0.371312,12,0.644672,33,0,1,0,0.644672,0.724348,0.079676,0.079676,0.644672,0.033752,5,45,1,0,29,12,39,113.000000,74.666700,27.000000,0.332644,0.371310,0.427699,-0.009785,0.000284,0.008632,0.008632,5,5,0,fixed,5,1,1,0,3.000000,4.000000
1010,centralized_dqn,centralized_dqn,0,5,3,26,2,2,3,0.000000,27.000000,3.703704,39,0.644672,33,0,2,0,0.644672,0.724348,0.079676,0.079676,0.644672,0.033752,5,45,1,1,29,12,39,113.000000,74.666700,27.000000,0.884956,1.339285,3.703704,-0.018613,-0.009603,0.000284,0.000000,5,5,0,fixed,5,1,1,0,3.000000,4.000000
1010,centralized_dqn,centralized_dqn,0,5,3,27,2,2,4,0.000000,27.000000,1.481481,39,0.644672,33,0,2,0,0.644672,0.724348,0.079676,0.079676,0.644672,0.033752,5,45,1,-1,29,12,39,113.000000,74.666700,27.000000,0.353982,0.535714,1.481481,-0.024870,-0.013187,0.000284,0.000000,5,5,0,fixed,5,1,1,0,3.000000,4.000000
1010,centralized_dqn,centralized_dqn,0,5,3,28,2,2,4,0.000000,27.000000,1.481481,39,0.644672,33,0,2,0,0.644672,0.724348,0.079676,0.079676,0.644672,0.033752,5,45,1,-1,29,12,39,113.000000,74.666700,27.000000,0.353982,0.535714,1.481481,-0.024870,-0.013187,0.000284,0.000000,5,5,0,fixed,5,1,1,0,3.000000,4.000000
1010,centralized_dqn,centralized_dqn,0,5,3,29,0,0,2,2.756273,113.000000,0.344534,29,0.644672,33,0,0,0,0.644672,0.724348,0.079676,0.079676,0.644672,0.033752,5,45,1,0,29,12,39,113.000000,74.666700,27.000000,0.344099,0.342748,0.427699,0.000284,0.007211,0.018197,0.018197,5,5,0,fixed,5,1,1,0,3.000000,4.000000
1010,centralized_dqn,centralized_dqn,0,5,3,30,2,2,3,0.000000,27.000000,3.703704,39,0.644672,33,0,2,0,0.644672,0.724348,0.079676,0.079676,0.644672,0.033752,5,45,1,1,29,12,39,113.000000,74.666700,27.000000,0.884956,1.339285,3.703704,-0.018613,-0.009603,0.000284,0.000000,5,5,0,fixed,5,1,1,0,3.000000,4.000000
1010,centralized_dqn,centralized_dqn,0,5,3,31,0,0,2,2.709339,113.000000,0.338667,29,0.644672,33,0,0,0,0.644672,0.724348,0.079676,0.079676,0.644672,0.033752,5,45,1,0,29,12,39,113.000000,74.666700,27.000000,0.344309,0.342748,0.427699,0.000284,0.007202,0.018187,0.018187,5,5,0,fixed,5,1,1,0,3.000000,4.000000
1010,centralized_dqn,centralized_dqn,0,5,3,32,2,2,4,0.000000,27.000000,1.481481,39,0.644672,33,0,2,0,0.644672,0.724348,0.079676,0.079676,0.644672,0.033752,5,45,1,-1,29,12,39,113.000000,74.666700,27.000000,0.353982,0.535714,1.481481,-0.024870,-0.013187,0.000284,0.000000,5,5,0,fixed,5,1,1,0,3.000000,4.000000
1010,centralized_dqn,centralized_dqn,0,5,3,33,1,1,1,3.506739,74.666700,1.168913,12,0.644672,33,0,1,0,0.644672,0.724348,0.079676,0.079676,0.644672,0.033752,5,45,1,-1,29,12,39,113.000000,74.666700,27.000000,0.887050,1.149940,1.140530,-0.008739,0.000284,0.007512,0.007512,5,5,0,fixed,5,1,1,0,3.000000,4.000000
1010,centralized_dqn,centralized_dqn,0,5,3,34,2,2,4,0.000000,27.000000,1.481481,39,0.644672,33,0,2,0,0.644672,0.724348,0.079676,0.079676,0.644672,0.033752,5,45,1,-1,29,12,39,113.000000,74.666700,27.000000,0.353982,0.535714,1.481481,-0.024870,-0.013187,0.000284,0.000000,5,5,0,fixed,5,1,1,0,3.000000,4.000000
1010,centralized_dqn,centralized_dqn,0,5,3,35,2,2,4,0.000000,27.000000,1.481481,39,0.644672,33,0,2,0,0.644672,0.724348,0.079676,0.079676,0.644672,0.033752,5,45,1,-1,29,12,39,113.000000,74.666700,27.000000,0.353982,0.535714,1.481481,-0.024870,-0.013187,0.000284,0.000000,5,5,0,fixed,5,1,1,0,3.000000,4.000000
1010,centralized_dqn,centralized_dqn,0,5,3,36,2,2,4,0.000000,27.000000,1.481481,39,0.644672,33,0,2,0,0.644672,0.724348,0.079676,0.079676,0.644672,0.033752,5,45,1,-1,29,12,39,113.000000,74.666700,27.000000,0.353982,0.535714,1.481481,-0.024870,-0.013187,0.000284,0.000000,5,5,0,fixed,5,1,1,0,3.000000,4.000000
1010,centralized_dqn,centralized_dqn,0,5,3,37,0,0,2,2.709303,113.000000,0.338663,29,0.644672,33,0,0,0,0.644672,0.724348,0.079676,0.079676,0.644672,0.033752,5,45,1,0,29,12,39,113.000000,74.666700,27.000000,0.344309,0.342748,0.427699,0.000284,0.007202,0.018187,0.018187,5,5,0,fixed,5,1,1,0,3.000000,4.000000
1010,centralized_dqn,centralized_dqn,0,5,3,38,0,0,2,2.709291,113.000000,0.338661,29,0.644672,33,0,0,0,0.644672,0.724348,0.079676,0.079676,0.644672,0.033752,5,45,1,0,29,12,39,113.000000,74.666700,27.000000,0.344309,0.342748,0.427699,0.000284,0.007202,0.018187,0.018187,5,5,0,fixed,5,1,1,0,3.000000,4.000000
1010,centralized_dqn,centralized_dqn,0,5,3,39,2,2,4,0.000000,27.000000,1.481481,39,0.644672,33,0,2,0,0.644672,0.724348,0.079676,0.079676,0.644672,0.033752,5,45,1,-1,29,12,39,113.000000,74.666700,27.000000,0.353982,0.535714,1.481481,-0.024870,-0.013187,0.000284,0.000000,5,5,0,fixed,5,1,1,0,3.000000,4.000000
1010,centralized_dqn,centralized_dqn,0,5,3,40,0,0,2,2.788005,113.000000,0.348501,29,0.644672,33,0,2,1,0.644672,0.724348,0.079676,0.079676,0.644672,0.033752,5,45,1,0,29,12,39,113.000000,74.666700,27.000000,0.343958,0.342748,0.427699,0.000284,0.007217,0.018203,0.018203,5,5,0,fixed,5,1,1,0,3.000000,4.000000
1010,centralized_dqn,centralized_dqn,0,5,3,41,2,2,1,3.509324,27.000000,1.169775,39,0.644672,33,0,2,0,0.644672,0.724348,0.079676,0.079676,0.644672,0.033752,5,45,1,1,29,12,39,113.000000,74.666700,27.000000,0.887050,1.063672,1.169775,-0.015830,-0.007735,0.000284,0.000000,5,5,0,fixed,5,1,1,0,3.000000,4.000000
1010,centralized_dqn,centralized_dqn,0,5,3,42,0,0,2,2.683084,113.000000,0.335385,29,0.644672,33,1,0,0,0.644672,0.724348,0.079676,0.079676,0.644672,0.033752,5,45,1,0,29,12,39,113.000000,74.666700,27.000000,0.344426,0.342748,0.427699,0.000284,0.007197,0.018182,0.018182,5,5,0,fixed,5,1,1,0,3.000000,4.000000
1010,centralized_dqn,centralized_dqn,0,5,3,43,0,0,2,2.772544,113.000000,0.346568,29,0.644672,33,0,0,0,0.644672,0.724348,0.079676,0.079676,0.644672,0.033752,5,45,1,0,29,12,39,113.000000,74.666700,27.000000,0.344027,0.342748,0.427699,0.000284,0.007214,0.018200,0.018200,5,5,0,fixed,5,1,1,0,3.000000,4.000000
1010,centralized_dqn,centralized_dqn,0,5,3,44,2,2,3,0.000000,27.000000,3.703704,39,0.644672,33,0,2,0,0.644672,0.724348,0.079676,0.079676,0.644672,0.033752,5,45,1,1,29,12,39,113.000000,74.666700,27.000000,0.884956,1.339285,3.703704,-0.018613,-0.009603,0.000284,0.000000,5,5,0,fixed,5,1,1,0,3.000000,4.000000
1010,centralized_dqn,centralized_dqn,0,5,3,45,0,0,2,2.771504,113.000000,0.346438,29,0.644672,33,0,0,0,0.644672,0.724348,0.079676,0.079676,0.644672,0.033752,5,45,1,0,29,12,39,113.000000,74.666700,27.000000,0.344031,0.342748,0.427699,0.000284,0.007214,0.018200,0.018200,5,5,0,fixed,5,1,1,0,3.000000,4.000000
1010,centralized_dqn,centralized_dqn,0,5,3,46,2,2,3,0.000000,27.000000,3.703704,39,0.644672,33,0,2,0,0.644672,0.724348,0.079676,0.079676,0.644672,0.033752,5,45,1,1,29,12,39,113.000000,74.666700,27.000000,0.884956,1.339285,3.703704,-0.018613,-0.009603,0.000284,0.000000,5,5,0,fixed,5,1,1,0,3.000000,4.000000
1010,centralized_dqn,centralized_dqn,0,5,3,47,0,0,2,2.772532,113.000000,0.346566,29,0.644672,33,0,0,0,0.644672,0.724348,0.079676,0.079676,0.644672,0.033752,5,45,1,0,29,12,39,113.000000,74.666700,27.000000,0.344027,0.342748,0.427699,0.000284,0.007214,0.018200,0.018200,5,5,0,fixed,5,1,1,0,3.000000,4.000000
1010,centralized_dqn,centralized_dqn,0,5,3,48,0,0,2,2.786819,113.000000,0.348352,29,0.644672,33,0,2,1,0.644672,0.724348,0.079676,0.079676,0.644672,0.033752,5,45,1,0,29,12,39,113.000000,74.666700,27.000000,0.343963,0.342748,0.427699,0.000284,0.007217,0.018203,0.018203,5,5,0,fixed,5,1,1,0,3.000000,4.000000
1010,centralized_dqn,centralized_dqn,0,5,3,49,0,0,2,2.731182,113.000000,0.341398,29,0.644672,33,0,0,0,0.644672,0.724348,0.079676,0.079676,0.644672,0.033752,5,45,1,0,29,12,39,113.000000,74.666700,27.000000,0.344211,0.342748,0.427699,0.000284,0.007206,0.018192,0.018192,5,5,0,fixed,5,1,1,0,3.000000,4.000000
1010,centralized_dqn,centralized_dqn,0,5,3,50,0,0,2,2.807637,113.000000,0.350955,29,0.644672,33,0,2,1,0.644672,0.724348,0.079676,0.079676,0.644672,0.033752,5,45,1,0,29,12,39,113.000000,74.666700,27.000000,0.343870,0.342748,0.427699,0.000284,0.007221,0.018207,0.018207,5,5,0,fixed,5,1,1,0,3.000000,4.000000
1010,centralized_dqn,centralized_dqn,0,5,3,51,0,0,2,2.771522,113.000000,0.346440,29,0.644672,33,0,0,0,0.644672,0.724348,0.079676,0.079676,0.644672,0.033752,5,45,1,0,29,12,39,113.000000,74.666700,27.000000,0.344031,0.342748,0.427699,0.000284,0.007214,0.018200,0.018200,5,5,0,fixed,5,1,1,0,3.000000,4.000000
1010,centralized_dqn,centralized_dqn,0,5,3,52,2,2,3,0.000000,27.000000,3.703704,39,0.644672,33,0,2,0,0.644672,0.724348,0.079676,0.079676,0.644672,0.033752,5,45,1,1,29,12,39,113.000000,74.666700,27.000000,0.884956,1.339285,3.703704,-0.018613,-0.009603,0.000284,0.000000,5,5,0,fixed,5,1,1,0,3.000000,4.000000
1010,centralized_dqn,centralized_dqn,0,5,3,53,0,0,2,2.728979,113.000000,0.341122,29,0.644672,33,0,0,0,0.644672,0.724348,0.079676,0.079676,0.644672,0.033752,5,45,1,0,29,12,39,113.000000,74.666700,27.000000,0.344221,0.342748,0.427699,0.000284,0.007206,0.018191,0.018191,5,5,0,fixed,5,1,1,0,3.000000,4.000000
1010,centralized_dqn,centralized_dqn,0,5,3,54,2,2,4,0.000000,27.000000,1.481481,39,0.644672,33,0,2,0,0.644672,0.724348,0.079676,0.079676,0.644672,0.033752,5,45,1,-1,29,12,39,113.000000,74.666700,27.000000,0.353982,0.535714,1.481481,-0.024870,-0.013187,0.000284,0.000000,5,5,0,fixed,5,1,1,0,3.000000,4.000000
1010,centralized_dqn,centralized_dqn,0,5,3,55,2,2,3,0.000000,27.000000,3.703704,39,0.644672,33,0,2,0,0.644672,0.724348,0.079676,0.079676,0.644672,0.033752,5,45,1,1,29,12,39,113.000000,74.666700,27.000000,0.884956,1.339285,3.703704,-0.018613,-0.009603,0.000284,0.000000,5,5,0,fixed,5,1,1,0,3.000000,4.000000
1010,centralized_dqn,centralized_dqn,0,5,3,56,2,2,4,0.000000,27.000000,1.481481,39,0.644672,33,0,2,0,0.644672,0.724348,0.079676,0.079676,0.644672,0.033752,5,45,1,-1,29,12,39,113.000000,74.666700,27.000000,0.353982,0.535714,1.481481,-0.024870,-0.013187,0.000284,0.000000,5,5,0,fixed,5,1,1,0,3.000000,4.000000
1010,centralized_dqn,centralized_dqn,0,5,3,57,0,0,2,2.844756,113.000000,0.355595,29,0.644672,33,0,2,1,0.644672,0.724348,0.079676,0.079676,0.644672,0.033752,5,45,1,0,29,12,39,113.000000,74.666700,27.000000,0.343704,0.342748,0.427699,0.000284,0.007228,0.018214,0.018214,5,5,0,fixed,5,1,1,0,3.000000,4.000000
1010,centralized_dqn,centralized_dqn,0,5,3,58,2,2,3,0.000000,27.000000,3.703704,39,0.644672,33,0,2,0,0.644672,0.724348,0.079676,0.079676,0.644672,0.033752,5,45,1,1,29,12,39,113.000000,74.666700,27.000000,0.884956,1.339285,3.703704,-0.018613,-0.009603,0.000284,0.000000,5,5,0,fixed,5,1,1,0,3.000000,4.000000
1010,centralized_dqn,centralized_dqn,0,5,3,59,2,2,4,0.000000,27.000000,1.481481,39,0.644672,33,0,2,0,0.644672,0.724348,0.079676,0.079676,0.644672,0.033752,5,45,1,-1,29,12,39,113.000000,74.666700,27.000000,0.353982,0.535714,1.481481,-0.024870,-0.013187,0.000284,0.000000,5,5,0,fixed,5,1,1,0,3.000000,4.000000
1010,centralized_dqn,centralized_dqn,0,5,3,60,2,2,3,0.000000,27.000000,3.703704,39,0.644672,33,0,2,0,0.644672,0.724348,0.079676,0.079676,0.644672,0.033752,5,45,1,1,29,12,39,113.000000,74.666700,27.000000,0.884956,1.339285,3.703704,-0.018613,-0.009603,0.000284,0.000000,5,5,0,fixed,5,1,1,0,3.000000,4.000000
1010,centralized_dqn,centralized_dqn,0,5,3,61,1,1,1,3.504295,74.666700,1.168098,12,0.644672,33,0,1,0,0.644672,0.724348,0.079676,0.079676,0.644672,0.033752,5,45,1,-1,29,12,39,113.000000,74.666700,27.000000,0.887050,1.150056,1.140530,-0.008739,0.000284,0.007512,0.007512,5,5,0,fixed,5,1,1,0,3.000000,4.000000
1010,centralized_dqn,centralized_dqn,0,5,3,62,1,1,1,3.506348,74.666700,1.168783,12,0.644672,33,0,1,0,0.644672,0.724348,0.079676,0.079676,0.644672,0.033752,5,45,1,-1,29,12,39,113.000000,74.666700,27.000000,0.887050,1.149959,1.140530,-0.008739,0.000284,0.007512,0.007512,5,5,0,fixed,5,1,1,0,3.000000,4.000000
1010,centralized_dqn,centralized_dqn,0,5,3,63,1,1,1,3.468721,74.666700,1.156240,12,0.644672,33,0,1,0,0.644672,0.724348,0.079676,0.079676,0.644672,0.033752,5,45,1,-1,29,12,39,113.000000,74.666700,27.000000,0.887050,1.151750,1.140530,-0.008745,0.000284,0.007505,0.007505,5,5,0,fixed,5,1,1,0,3.000000,4.000000
1010,centralized_dqn,centralized_dqn,0,5,3,64,0,0,2,2.728979,113.000000,0.341122,29,0.644672,33,0,0,0,0.644672,0.724348,0.079676,0.079676,0.644672,0.033752,5,45,1,0,29,12,39,113.000000,74.666700,27.000000,0.344221,0.342748,0.427699,0.000284,0.007206,0.018191,0.018191,5,5,0,fixed,5,1,1,0,3.000000,4.000000
1010,centralized_dqn,centralized_dqn,0,5,3,65,2,2,4,0.000000,27.000000,1.481481,39,0.644672,33,0,2,0,0.644672,0.724348,0.079676,0.079676,0.644672,0.033752,5,45,1,-1,29,12,39,113.000000,74.666700,27.000000,0.353982,0.535714,1.481481,-0.024870,-0.013187,0.000284,0.000000,5,5,0,fixed,5,1,1,0,3.000000,4.000000
1010,centralized_dqn,centralized_dqn,0,5,3,66,2,2,4,0.000000,27.000000,1.481481,39,0.644672,33,0,2,0,0.644672,0.724348,0.079676,0.079676,0.644672,0.033752,5,45,1,-1,29,12,39,113.000000,74.666700,27.000000,0.353982,0.535714,1.481481,-0.024870,-0.013187,0.000284,0.000000,5,5,0,fixed,5,1,1,0,3.000000,4.000000
1010,centralized_dqn,centralized_dqn,0,5,3,67,2,2,4,0.000000,27.000000,1.481481,39,0.644672,33,0,2,0,0.644672,0.724348,0.079676,0.079676,0.644672,0.033752,5,45,1,-1,29,12,39,113.000000,74.666700,27.000000,0.353982,0.535714,1.481481,-0.024870,-0.013187,0.000284,0.000000,5,5,0,fixed,5,1,1,0,3.000000,4.000000
1010,centralized_dqn,centralized_dqn,0,5,3,68,1,1,1,3.505571,74.666700,1.168524,12,0.644672,33,0,1,0,0.644672,0.724348,0.079676,0.079676,0.644672,0.033752,5,45,1,-1,29,12,39,113.000000,74.666700,27.000000,0.887050,1.149996,1.140530,-0.008739,0.000284,0.007512,0.007512,5,5,0,fixed,5,1,1,0,3.000000,4.000000
1010,centralized_dqn,centralized_dqn,0,5,3,69,1,1,1,3.271958,74.666700,1.090653,12,0.644672,33,0,1,0,0.644672,0.724348,0.079676,0.079676,0.644672,0.033752,5,45,1,-1,29,12,39,113.000000,74.666700,27.000000,0.887050,1.161120,1.140530,-0.008778,0.000284,0.007471,0.007471,5,5,0,fixed,5,1,1,0,3.000000,4.000000
1010,centralized_dqn,centralized_dqn,0,5,3,70,2,2,4,0.000000,27.000000,1.481481,39,0.644672,33,0,2,0,0.644672,0.724348,0.079676,0.079676,0.644672,0.033752,5,45,1,-1,29,12,39,113.000000,74.666700,27.000000,0.353982,0.535714,1.481481,-0.024870,-0.013187,0.000284,0.000000,5,5,0,fixed,5,1,1,0,3.000000,4.000000
1010,centralized_dqn,centralized_dqn,0,5,3,71,0,0,2,2.772603,113.000000,0.346575,29,0.644672,33,0,0,0,0.644672,0.724348,0.079676,0.079676,0.644672,0.033752,5,45,1,0,29,12,39,113.000000,74.666700,27.000000,0.344026,0.342748,0.427699,0.000284,0.007214,0.018200,0.018200,5,5,0,fixed,5,1,1,0,3.000000,4.000000
1010,centralized_dqn,centralized_dqn,0,5,3,72,2,2,4,0.000000,27.000000,1.481481,39,0.644672,33,0,2,0,0.644672,0.724348,0.079676,0.079676,0.644672,0.033752,5,45,1,-1,29,12,39,113.000000,74.666700,27.000000,0.353982,0.535714,1.481481,-0.024870,-0.013187,0.000284,0.000000,5,5,0,fixed,5,1,1,0,3.000000,4.000000
1010,centralized_dqn,centralized_dqn,0,5,3,73,1,1,1,3.387445,74.666700,1.129148,12,0.644672,33,0,1,0,0.644672,0.724348,0.079676,0.079676,0.644672,0.033752,5,45,1,-1,29,12,39,113.000000,74.666700,27.000000,0.887050,1.155621,1.140530,-0.008759,0.000284,0.007491,0.007491,5,5,0,fixed,5,1,1,0,3.000000,4.000000
1010,centralized_dqn,centralized_dqn,0,5,3,74,0,0,2,2.772609,113.000000,0.346576,29,0.644672,33,0,0,0,0.644672,0.724348,0.079676,0.079676,0.644672,0.033752,5,45,1,0,29,12,39,113.000000,74.666700,27.000000,0.344026,0.342748,0.427699,0.000284,0.007214,0.018200,0.018200,5,5,0,fixed,5,1,1,0,3.000000,4.000000
1010,centralized_dqn,centralized_dqn,0,5,3,75,0,0,2,2.843716,113.000000,0.355465,29,0.644672,33,0,2,1,0.644672,0.724348,0.079676,0.079676,0.644672,0.033752,5,45,1,0,29,12,39,113.000000,74.666700,27.000000,0.343709,0.342748,0.427699,0.000284,0.007228,0.018214,0.018214,5,5,0,fixed,5,1,1,0,3.000000,4.000000
1010,centralized_dqn,centralized_dqn,0,5,3,76,0,0,2,2.772626,113.000000,0.346578,29,0.644672,33,0,0,0,0.644672,0.724348,0.079676,0.079676,0.644672,0.033752,5,45,1,0,29,12,39,113.000000,74.666700,27.000000,0.344026,0.342748,0.427699,0.000284,0.007214,0.018200,0.018200,5,5,0,fixed,5,1,1,0,3.000000,4.000000
1010,centralized_dqn,centralized_dqn,0,5,3,77,0,0,2,2.726805,113.000000,0.340851,29,0.644672,33,0,0,0,0.644672,0.724348,0.079676,0.079676,0.644672,0.033752,5,45,1,0,29,12,39,113.000000,74.666700,27.000000,0.344231,0.342748,0.427699,0.000284,0.007205,0.018191,0.018191,5,5,0,fixed,5,1,1,0,3.000000,4.000000
1010,centralized_dqn,centralized_dqn,0,5,3,78,2,2,4,0.000000,27.000000,1.481481,39,0.644672,33,0,2,0,0.644672,0.724348,0.079676,0.079676,0.644672,0.033752,5,45,1,-1,29,12,39,113.000000,74.666700,27.000000,0.353982,0.535714,1.481481,-0.024870,-0.013187,0.000284,0.000000,5,5,0,fixed,5,1,1,0,3.000000,4.000000
1010,centralized_dqn,centralized_dqn,0,5,3,79,2,2,3,0.000000,27.000000,3.703704,39,0.644672,33,0,2,0,0.644672,0.724348,0.079676,0.079676,0.644672,0.033752,5,45,1,1,29,12,39,113.000000,74.666700,27.000000,0.884956,1.339285,3.703704,-0.018613,-0.009603,0.000284,0.000000,5,5,0,fixed,5,1,1,0,3.000000,4.000000
1010,centralized_dqn,centralized_dqn,0,5,3,80,2,2,4,0.000000,27.000000,1.481481,39,0.644672,33,0,2,0,0.644672,0.724348,0.079676,0.079676,0.644672,0.033752,5,45,1,-1,29,12,39,113.000000,74.666700,27.000000,0.353982,0.535714,1.481481,-0.024870,-0.013187,0.000284,0.000000,5,5,0,fixed,5,1,1,0,3.000000,4.000000
1010,centralized_dqn,centralized_dqn,0,5,4,1,0,0,2,3.525601,113.000000,0.440700,24,0.562412,33,0,0,0,0.562412,0.573408,0.010995,0.010995,0.562412,-0.082259,2,46,1,0,24,12,44,113.000000,76.166700,67.500000,0.413270,0.397478,0.355230,-0.000393,0.002898,0.005918,0.005918,5,2,3,fixed,5,1,1,0,3.000000,4.000000
1010,centralized_dqn,centralized_dqn,0,5,4,2,0,0,2,3.241484,113.000000,0.405185,24,0.562412,33,0,0,0,0.562412,0.573408,0.010995,0.010995,0.562412,-0.082259,2,46,1,0,24,12,44,113.000000,76.166700,67.500000,0.414814,0.397478,0.355230,-0.000393,0.002864,0.005883,0.005883,5,2,3,fixed,5,1,1,0,3.000000,4.000000
1010,centralized_dqn,centralized_dqn,0,5,4,3,0,0,2,3.241484,113.000000,0.405185,24,0.562412,33,0,0,0,0.562412,0.573408,0.010995,0.010995,0.562412,-0.082259,2,46,1,0,24,12,44,113.000000,76.166700,67.500000,0.414814,0.397478,0.355230,-0.000393,0.002864,0.005883,0.005883,5,2,3,fixed,5,1,1,0,3.000000,4.000000
1010,centralized_dqn,centralized_dqn,0,5,4,4,0,0,2,3.241496,113.000000,0.405187,24,0.562412,33,0,0,0,0.562412,0.573408,0.010995,0.010995,0.562412,-0.082259,2,46,1,0,24,12,44,113.000000,76.166700,67.500000,0.414814,0.397478,0.355230,-0.000393,0.002864,0.005883,0.005883,5,2,3,fixed,5,1,1,0,3.000000,4.000000
1010,centralized_dqn,centralized_dqn,0,5,4,5,2,2,3,0.000000,67.500000,1.481481,44,0.562412,33,0,2,0,0.562412,0.573408,0.010995,0.010995,0.562412,-0.082259,2,46,1,1,24,12,44,113.000000,76.166700,67.500000,0.884956,1.312910,1.481481,-0.010215,-0.004850,-0.000393,0.000000,5,2,3,fixed,5,1,1,0,3.000000,4.000000
1010,centralized_dqn,centralized_dqn,0,5,4,6,2,2,4,0.000000,67.500000,0.592593,44,0.562412,33,0,2,0,0.562412,0.573408,0.010995,0.010995,0.562412,-0.082259,2,46,1,-1,24,12,44,113.000000,76.166700,67.500000,0.353982,0.525164,0.592593,-0.012804,-0.005355,-0.000393,0.000000,5,2,3,fixed,5,1,1,0,3.000000,4.000000
1010,centralized_dqn,centralized_dqn,0,5,4,7,2,2,4,0.000000,67.500000,0.592593,44,0.562412,33,0,2,0,0.562412,0.573408,0.010995,0.010995,0.562412,-0.082259,2,46,1,-1,24,12,44,113.000000,76.166700,67.500000,0.353982,0.525164,0.592593,-0.012804,-0.005355,-0.000393,0.000000,5,2,3,fixed,5,1,1,0,3.000000,4.000000
1010,centralized_dqn,centralized_dqn,0,5,4,8,2,2,4,0.000000,67.500000,0.592593,44,0.562412,33,0,2,0,0.562412,0.573408,0.010995,0.010995,0.562412,-0.082259,2,46,1,-1,24,12,44,113.000000,76.166700,67.500000,0.353982,0.525164,0.592593,-0.012804,-0.005355,-0.000393,0.000000,5,2,3,fixed,5,1,1,0,3.000000,4.000000
1010,centralized_dqn,centralized_dqn,0,5,4,9,2,2,4,0.000000,67.500000,0.592593,44,0.562412,33,0,2,0,0.562412,0.573408,0.010995,0.010995,0.562412,-0.082259,2,46,1,-1,24,12,44,113.000000,76.166700,67.500000,0.353982,0.525164,0.592593,-0.012804,-0.005355,-0.000393,0.000000,5,2,3,fixed,5,1,1,0,3.000000,4.000000
1010,centralized_dqn,centralized_dqn,0,5,4,10,0,0,2,3.277581,113.000000,0.409698,24,0.562412,33,0,0,0,0.562412,0.573408,0.010995,0.010995,0.562412,-0.082259,2,46,1,0,24,12,44,113.000000,76.166700,67.500000,0.414618,0.397478,0.355230,-0.000393,0.002868,0.005887,0.005887,5,2,3,fixed,5,1,1,0,3.000000,4.000000
1010,centralized_dqn,centralized_dqn,0,5,4,11,1,1,2,3.557380,76.166700,0.444672,12,0.562412,33,0,1,0,0.562412,0.573408,0.010995,0.010995,0.562412,-0.082259,2,46,1,0,24,12,44,113.000000,76.166700,67.500000,0.397837,0.425911,0.355230,-0.005817,-0.000393,0.001144,0.001144,5,2,3,fixed,5,1,1,0,3.000000,4.000000
1010,centralized_dqn,centralized_dqn,0,5,4,12,0,0,2,3.277522,113.000000,0.409690,24,0.562412,33,0,0,0,0.562412,0.573408,0.010995,0.010995,0.562412,-0.082259,2,46,1,0,24,12,44,113.000000,76.166700,67.500000,0.414618,0.397478,0.355230,-0.000393,0.002868,0.005887,0.005887,5,2,3,fixed,5,1,1,0,3.000000,4.000000
1010,centralized_dqn,centralized_dqn,0,5,4,13,2,2,4,0.000000,67.500000,0.592593,44,0.562412,33,0,2,0,0.562412,0.573408,0.010995,0.010995,0.562412,-0.082259,2,46,1,-1,24,12,44,113.000000,76.166700,67.500000,0.353982,0.525164,0.592593,-0.012804,-0.005355,-0.000393,0.000000,5,2,3,fixed,5,1,1,0,3.000000,4.000000
1010,centralized_dqn,centralized_dqn,0,5,4,14,1,1,2,3.406495,76.166700,0.425812,12,0.562412,33,0,1,0,0.562412,0.573408,0.010995,0.010995,0.562412,-0.082259,2,46,1,0,24,12,44,113.000000,76.166700,67.500000,0.397837,0.432198,0.355230,-0.005938,-0.000393,0.001020,0.001020,5,2,3,fixed,5,1,1,0,3.000000,4.000000
1010,centralized_dqn,centralized_dqn,0,5,4,15,1,1,2,3.406613,76.166700,0.425827,12,0.562412,33,0,1,0,0.562412,0.573408,0.010995,0.010995,0.562412,-0.082259,2,46,1,0,24,12,44,113.000000,76.166700,67.500000,0.397837,0.432193,0.355230,-0.005938,-0.000393,0.001020,0.001020,5,2,3,fixed,5,1,1,0,3.000000,4.000000
1010,centralized_dqn,centralized_dqn,0,5,4,16,2,2,4,0.000000,67.500000,0.592593,44,0.562412,33,0,2,0,0.562412,0.573408,0.010995,0.010995,0.562412,-0.082259,2,46,1,-1,24,12,44,113.000000,76.166700,67.500000,0.353982,0.525164,0.592593,-0.012804,-0.005355,-0.000393,0.000000,5,2,3,fixed,5,1,1,0,3.000000,4.000000
1010,centralized_dqn,centralized_dqn,0,5,4,17,2,2,4,0.000000,67.500000,0.592593,44,0.562412,33,0,2,0,0.562412,0.573408,0.010995,0.010995,0.562412,-0.082259,2,46,1,-1,24,12,44,113.000000,76.166700,67.500000,0.353982,0.525164,0.592593,-0.012804,-0.005355,-0.000393,0.000000,5,2,3,fixed,5,1,1,0,3.000000,4.000000
1010,centralized_dqn,centralized_dqn,0,5,4,18,2,2,4,0.000000,67.500000,0.592593,44,0.562412,33,0,2,0,0.562412,0.573408,0.010995,0.010995,0.562412,-0.082259,2,46,1,-1,24,12,44,113.000000,76.166700,67.500000,0.353982,0.525164,0.592593,-0.012804,-0.005355,-0.000393,0.000000,5,2,3,fixed,5,1,1,0,3.000000,4.000000
1010,centralized_dqn,centralized_dqn,0,5,4,19,2,2,4,0.000000,67.500000,0.592593,44,0.562412,33,0,2,0,0.562412,0.573408,0.010995,0.010995,0.562412,-0.082259,2,46,1,-1,24,12,44,113.000000,76.166700,67.500000,0.353982,0.525164,0.592593,-0.012804,-0.005355,-0.000393,0.000000,5,2,3,fixed,5,1,1,0,3.000000,4.000000
1010,centralized_dqn,centralized_dqn,0,5,4,20,0,0,2,3.238198,113.000000,0.404775,24,0.562412,33,0,0,0,0.562412,0.573408,0.010995,0.010995,0.562412,-0.082259,2,46,1,0,24,12,44,113.000000,76.166700,67.500000,0.414832,0.397478,0.355230,-0.000393,0.002863,0.005882,0.005882,5,2,3,fixed,5,1,1,0,3.000000,4.000000
1010,centralized_dqn,centralized_dqn,0,5,4,21,2,2,4,0.000000,67.500000,0.592593,44,0.562412,33,0,2,0,0.562412,0.573408,0.010995,0.010995,0.562412,-0.082259,2,46,1,-1,24,12,44,113.000000,76.166700,67.500000,0.353982,0.525164,0.592593,-0.012804,-0.005355,-0.000393,0.000000,5,2,3,fixed,5,1,1,0,3.000000,4.000000
1010,centralized_dqn,centralized_dqn,0,5,4,22,2,2,3,0.000000,67.500000,1.481481,44,0.562412,33,0,2,0,0.562412,0.573408,0.010995,0.010995,0.562412,-0.082259,2,46,1,1,24,12,44,113.000000,76.166700,67.500000,0.884956,1.312910,1.481481,-0.010215,-0.004850,-0.000393,0.000000,5,2,3,fixed,5,1,1,0,3.000000,4.000000
1010,centralized_dqn,centralized_dqn,0,5,4,23,1,1,1,3.364862,76.166700,1.121621,12,0.562412,33,0,1,0,0.562412,0.573408,0.010995,0.010995,0.562412,-0.082259,2,46,1,-1,24,12,44,113.000000,76.166700,67.500000,1.060898,1.082296,1.143119,-0.004786,-0.000393,0.003676,0.003676,5,2,3,fixed,5,1,1,0,3.000000,4.000000
1010,centralized_dqn,centralized_dqn,0,5,4,24,0,0,2,3.277534,113.000000,0.409692,24,0.562412,33,0,0,0,0.562412,0.573408,0.010995,0.010995,0.562412,-0.082259,2,46,1,0,24,12,44,113.000000,76.166700,67.500000,0.414618,0.397478,0.355230,-0.000393,0.002868,0.005887,0.005887,5,2,3,fixed,5,1,1,0,3.000000,4.000000
1010,centralized_dqn,centralized_dqn,0,5,4,25,1,1,2,3.408751,76.166700,0.426094,12,0.562412,33,0,1,0,0.562412,0.573408,0.010995,0.010995,0.562412,-0.082259,2,46,1,0,24,12,44,113.000000,76.166700,67.500000,0.397837,0.432104,0.355230,-0.005936,-0.000393,0.001022,0.001022,5,2,3,fixed,5,1,1,0,3.000000,4.000000
1010,centralized_dqn,centralized_dqn,0,5,4,26,2,2,3,0.000000,67.500000,1.481481,44,0.562412,33,0,2,0,0.562412,0.573408,0.010995,0.010995,0.562412,-0.082259,2,46,1,1,24,12,44,113.000000,76.166700,67.500000,0.884956,1.312910,1.481481,-0.010215,-0.004850,-0.000393,0.000000,5,2,3,fixed,5,1,1,0,3.000000,4.000000
1010,centralized_dqn,centralized_dqn,0,5,4,27,2,2,4,0.000000,67.500000,0.592593,44,0.562412,33,0,2,0,0.562412,0.573408,0.010995,0.010995,0.562412,-0.082259,2,46,1,-1,24,12,44,113.000000,76.166700,67.500000,0.353982,0.525164,0.592593,-0.012804,-0.005355,-0.000393,0.000000,5,2,3,fixed,5,1,1,0,3.000000,4.000000
1010,centralized_dqn,centralized_dqn,0,5,4,28,2,2,4,0.000000,67.500000,0.592593,44,0.562412,33,0,2,0,0.562412,0.573408,0.010995,0.010995,0.562412,-0.082259,2,46,1,-1,24,12,44,113.000000,76.166700,67.500000,0.353982,0.525164,0.592593,-0.012804,-0.005355,-0.000393,0.000000,5,2,3,fixed,5,1,1,0,3.000000,4.000000
1010,centralized_dqn,centralized_dqn,0,5,4,29,0,0,2,3.734450,113.000000,0.466806,24,0.562412,33,0,0,0,0.562412,0.573408,0.010995,0.010995,0.562412,-0.082259,2,46,1,0,24,12,44,113.000000,76.166700,67.500000,0.412135,0.397478,0.355230,-0.000393,0.002924,0.005943,0.005943,5,2,3,fixed,5,1,1,0,3.000000,4.000000
1010,centralized_dqn,centralized_dqn,0,5,4,30,2,2,3,0.000000,67.500000,1.481481,44,0.562412,33,0,2,0,0.562412,0.573408,0.010995,0.010995,0.562412,-0.082259,2,46,1,1,24,12,44,113.000000,76.166700,67.500000,0.884956,1.312910,1.481481,-0.010215,-0.004850,-0.000393,0.000000,5,2,3,fixed,5,1,1,0,3.000000,4.000000
1010,centralized_dqn,centralized_dqn,0,5,4,31,0,0,2,3.239275,113.000000,0.404909,24,0.562412,33,0,0,0,0.562412,0.573408,0.010995,0.010995,0.562412,-0.082259,2,46,1,0,24,12,44,113.000000,76.166700,67.500000,0.414826,0.397478,0.355230,-0.000393,0.002863,0.005883,0.005883,5,2,3,fixed,5,1,1,0,3.000000,4.000000
1010,centralized_dqn,centralized_dqn,0,5,4,32,2,2,4,0.000000,67.500000,0.592593,44,0.562412,33,0,2,0,0.562412,0.573408,0.010995,0.010995,0.562412,-0.082259,2,46,1,-1,24,12,44,113.000000,76.166700,67.500000,0.353982,0.525164,0.592593,-0.012804,-0.005355,-0.000393,0.000000,5,2,3,fixed,5,1,1,0,3.000000,4.000000
1010,centralized_dqn,centralized_dqn,0,5,4,33,1,1,1,3.084272,76.166700,1.028091,12,0.562412,33,0,1,0,0.562412,0.573408,0.010995,0.010995,0.562412,-0.082259,2,46,1,-1,24,12,44,113.000000,76.166700,67.500000,1.060898,1.095657,1.143119,-0.004826,-0.000393,0.003635,0.003635,5,2,3,fixed,5,1,1,0,3.000000,4.000000
1010,centralized_dqn,centralized_dqn,0,5,4,34,2,2,4,0.000000,67.500000,0.592593,44,0.562412,33,0,2,0,0.562412,0.573408,0.010995,0.010995,0.562412,-0.082259,2,46,1,-1,24,12,44,113.000000,76.166700,67.500000,0.353982,0.525164,0.592593,-0.012804,-0.005355,-0.000393,0.000000,5,2,3,fixed,5,1,1,0,3.000000,4.000000
1010,centralized_dqn,centralized_dqn,0,5,4,35,2,2,4,0.000000,67.500000,0.592593,44,0.562412,33,0,2,0,0.562412,0.573408,0.010995,0.010995,0.562412,-0.082259,2,46,1,-1,24,12,44,113.000000,76.166700,67.500000,0.353982,0.525164,0.592593,-0.012804,-0.005355,-0.000393,0.000000,5,2,3,fixed,5,1,1,0,3.000000,4.000000
1010,centralized_dqn,centralized_dqn,0,5,4,36,2,2,4,0.000000,67.500000,0.592593,44,0.562412,33,0,2,0,0.562412,0.573408,0.010995,0.010995,0.562412,-0.082259,2,46,1,-1,24,12,44,113.000000,76.166700,67.500000,0.353982,0.525164,0.592593,-0.012804,-0.005355,-0.000393,0.000000,5,2,3,fixed,5,1,1,0,3.000000,4.000000
1010,centralized_dqn,centralized_dqn,0,5,4,37,0,0,2,3.277546,113.000000,0.409693,24,0.562412,33,0,0,0,0.562412,0.573408,0.010995,0.010995,0.562412,-0.082259,2,46,1,0,24,12,44,113.000000,76.166700,67.500000,0.414618,0.397478,0.355230,-0.000393,0.002868,0.005887,0.005887,5,2,3,fixed,5,1,1,0,3.000000,4.000000
1010,centralized_dqn,centralized_dqn,0,5,4,38,0,0,2,3.277570,113.000000,0.409696,24,0.562412,33,0,0,0,0.562412,0.573408,0.010995,0.010995,0.562412,-0.082259,2,46,1,0,24,12,44,113.000000,76.166700,67.500000,0.414618,0.397478,0.355230,-0.000393,0.002868,0.005887,0.005887,5,2,3,fixed,5,1,1,0,3.000000,4.000000
1010,centralized_dqn,centralized_dqn,0,5,4,39,2,2,4,0.000000,67.500000,0.592593,44,0.562412,33,0,2,0,0.562412,0.573408,0.010995,0.010995,0.562412,-0.082259,2,46,1,-1,24,12,44,113.000000,76.166700,67.500000,0.353982,0.525164,0.592593,-0.012804,-0.005355,-0.000393,0.000000,5,2,3,fixed,5,1,1,0,3.000000,4.000000
1010,centralized_dqn,centralized_dqn,0,5,4,40,2,2,2,2.908144,67.500000,0.363518,44,0.562412,33,0,2,0,0.562412,0.573408,0.010995,0.010995,0.562412,-0.082259,2,46,1,0,24,12,44,113.000000,76.166700,67.500000,0.397837,0.397478,0.363250,-0.007796,-0.003833,-0.000393,0.000000,5,2,3,fixed,5,1,1,0,3.000000,4.000000
1010,centralized_dqn,centralized_dqn,0,5,4,41,2,2,1,3.507296,67.500000,1.169099,44,0.562412,33,0,2,0,0.562412,0.573408,0.010995,0.010995,0.562412,-0.082259,2,46,1,1,24,12,44,113.000000,76.166700,67.500000,1.060898,1.003580,0.968809,-0.008221,-0.004465,-0.000393,0.000000,5,2,3,fixed,5,1,1,0,3.000000,4.000000
1010,centralized_dqn,centralized_dqn,0,5,4,42,0,0,2,3.277570,113.000000,0.409696,24,0.562412,33,0,0,0,0.562412,0.573408,0.010995,0.010995,0.562412,-0.082259,2,46,1,0,24,12,44,113.000000,76.166700,67.500000,0.414618,0.397478,0.355230,-0.000393,0.002868,0.005887,0.005887,5,2,3,fixed,5,1,1,0,3.000000,4.000000
1010,centralized_dqn,centralized_dqn,0,5,4,43,0,0,2,3.301593,113.000000,0.412699,24,0.562412,33,0,0,0,0.562412,0.573408,0.010995,0.010995,0.562412,-0.082259,2,46,1,0,24,12,44,113.000000,76.166700,67.500000,0.414488,0.397478,0.355230,-0.000393,0.002871,0.005890,0.005890,5,2,3,fixed,5,1,1,0,3.000000,4.000000
1010,centralized_dqn,centralized_dqn,0,5,4,44,2,2,3,0.000000,67.500000,1.481481,44,0.562412,33,0,2,0,0.562412,0.573408,0.010995,0.010995,0.562412,-0.082259,2,46,1,1,24,12,44,113.000000,76.166700,67.500000,0.884956,1.312910,1.481481,-0.010215,-0.004850,-0.000393,0.000000,5,2,3,fixed,5,1,1,0,3.000000,4.000000
1010,centralized_dqn,centralized_dqn,0,5,4,45,0,0,2,3.257903,113.000000,0.407238,24,0.562412,33,0,0,0,0.562412,0.573408,0.010995,0.010995,0.562412,-0.082259,2,46,1,0,24,12,44,113.000000,76.166700,67.500000,0.414725,0.397478,0.355230,-0.000393,0.002866,0.005885,0.005885,5,2,3,fixed,5,1,1,0,3.000000,4.000000
1010,centralized_dqn,centralized_dqn,0,5,4,46,2,2,3,0.000000,67.500000,1.481481,44,0.562412,33,0,2,0,0.562412,0.573408,0.010995,0.010995,0.562412,-0.082259,2,46,1,1,24,12,44,113.000000,76.166700,67.500000,0.884956,1.312910,1.481481,-0.010215,-0.004850,-0.000393,0.000000,5,2,3,fixed,5,1,1,0,3.000000,4.000000
1010,centralized_dqn,centralized_dqn,0,5,4,47,0,0,2,3.258937,113.000000,0.407367,24,0.562412,33,0,0,0,0.562412,0.573408,0.010995,0.010995,0.562412,-0.082259,2,46,1,0,24,12,44,113.000000,76.166700,67.500000,0.414719,0.397478,0.355230,-0.000393,0.002866,0.005885,0.005885,5,2,3,fixed,5,1,1,0,3.000000,4.000000
1010,centralized_dqn,centralized_dqn,0,5,4,48,2,2,2,2.904914,67.500000,0.363114,44,0.562412,33,1,2,0,0.562412,0.573408,0.010995,0.010995,0.562412,-0.082259,2,46,1,0,24,12,44,113.000000,76.166700,67.500000,0.397837,0.397478,0.363351,-0.007799,-0.003836,-0.000393,0.000000,5,2,3,fixed,5,1,1,0,3.000000,4.000000
1010,centralized_dqn,centralized_dqn,0,5,4,49,0,0,2,3.345377,113.000000,0.418172,24,0.562412,33,0,0,0,0.562412,0.573408,0.010995,0.010995,0.562412,-0.082259,2,46,1,0,24,12,44,113.000000,76.166700,67.500000,0.414250,0.397478,0.355230,-0.000393,0.002876,0.005896,0.005896,5,2,3,fixed,5,1,1,0,3.000000,4.000000
1010,centralized_dqn,centralized_dqn,0,5,4,50,2,2,2,2.904950,67.500000,0.363119,44,0.562412,33,0,2,0,0.562412,0.573408,0.010995,0.010995,0.562412,-0.082259,2,46,1,0,24,12,44,113.000000,76.166700,67.500000,0.397837,0.397478,0.363349,-0.007799,-0.003836,-0.000393,0.000000,5,2,3,fixed,5,1,1,0,3.000000,4.000000
1010,centralized_dqn,centralized_dqn,0,5,4,51,0,0,2,3.254635,113.000000,0.406829,24,0.562412,33,0,0,0,0.562412,0.573408,0.010995,0.010995,0.562412,-0.082259,2,46,1,0,24,12,44,113.000000,76.166700,67.500000,0.414743,0.397478,0.355230,-0.000393,0.002865,0.005884,0.005884,5,2,3,fixed,5,1,1,0,3.000000,4.000000
1010,centralized_dqn,centralized_dqn,0,5,4,52,2,2,3,0.000000,67.500000,1.481481,44,0.562412,33,0,2,0,0.562412,0.573408,0.010995,0.010995,0.562412,-0.082259,2,46,1,1,24,12,44,113.000000,76.166700,67.500000,0.884956,1.312910,1.481481,-0.010215,-0.004850,-0.000393,0.000000,5,2,3,fixed,5,1,1,0,3.000000,4.000000
1010,centralized_dqn,centralized_dqn,0,5,4,53,0,0,2,3.369375,113.000000,0.421172,24,0.562412,33,0,0,0,0.562412,0.573408,0.010995,0.010995,0.562412,-0.082259,2,46,1,0,24,12,44,113.000000,76.166700,67.500000,0.414119,0.397478,0.355230,-0.000393,0.002879,0.005898,0.005898,5,2,3,fixed,5,1,1,0,3.000000,4.000000
1010,centralized_dqn,centralized_dqn,0,5,4,54,2,2,4,0.000000,67.500000,0.592593,44,0.562412,33,0,2,0,0.562412,0.573408,0.010995,0.010995,0.562412,-0.082259,2,46,1,-1,24,12,44,113.000000,76.166700,67.500000,0.353982,0.525164,0.592593,-0.012804,-0.005355,-0.000393,0.000000,5,2,3,fixed,5,1,1,0,3.000000,4.000000
1010,centralized_dqn,centralized_dqn,0,5,4,55,2,2,3,0.000000,67.500000,1.481481,44,0.562412,33,0,2,0,0.562412,0.573408,0.010995,0.010995,0.562412,-0.082259,2,46,1,1,24,12,44,113.000000,76.166700,67.500000,0.884956,1.312910,1.481481,-0.010215,-0.004850,-0.000393,0.000000,5,2,3,fixed,5,1,1,0,3.000000,4.000000
1010,centralized_dqn,centralized_dqn,0,5,4,56,2,2,4,0.000000,67.500000,0.592593,44,0.562412,33,0,2,0,0.562412,0.573408,0.010995,0.010995,0.562412,-0.082259,2,46,1,-1,24,12,44,113.000000,76.166700,67.500000,0.353982,0.525164,0.592593,-0.012804,-0.005355,-0.000393,0.000000,5,2,3,fixed,5,1,1,0,3.000000,4.000000
1010,centralized_dqn,centralized_dqn,0,5,4,57,2,2,2,2.906019,67.500000,0.363252,44,0.562412,33,0,2,0,0.562412,0.573408,0.010995,0.010995,0.562412,-0.082259,2,46,1,0,24,12,44,113.000000,76.166700,67.500000,0.397837,0.397478,0.363316,-0.007798,-0.003835,-0.000393,0.000000,5,2,3,fixed,5,1,1,0,3.000000,4.000000
1010,centralized_dqn,centralized_dqn,0,5,4,58,2,2,3,0.000000,67.500000,1.481481,44,0.562412,33,0,2,0,0.562412,0.573408,0.010995,0.010995,0.562412,-0.082259,2,46,1,1,24,12,44,113.000000,76.166700,67.500000,0.884956,1.312910,1.481481,-0.010215,-0.004850,-0.000393,0.000000,5,2,3,fixed,5,1,1,0,3.000000,4.000000
1010,centralized_dqn,centralized_dqn,0,5,4,59,2,2,4,0.000000,67.500000,0.592593,44,0.562412,33,0,2,0,0.562412,0.573408,0.010995,0.010995,0.562412,-0.082259,2,46,1,-1,24,12,44,113.000000,76.166700,67.500000,0.353982,0.525164,0.592593,-0.012804,-0.005355,-0.000393,0.000000,5,2,3,fixed,5,1,1,0,3.000000,4.000000
1010,centralized_dqn,centralized_dqn,0,5,4,60,2,2,3,0.000000,67.500000,1.481481,44,0.562412,33,0,2,0,0.562412,0.573408,0.010995,0.010995,0.562412,-0.082259,2,46,1,1,24,12,44,113.000000,76.166700,67.500000,0.884956,1.312910,1.481481,-0.010215,-0.004850,-0.000393,0.000000,5,2,3,fixed,5,1,1,0,3.000000,4.000000
1010,centralized_dqn,centralized_dqn,0,5,4,61,1,1,1,3.207090,76.166700,1.069030,12,0.562412,33,0,1,0,0.562412,0.573408,0.010995,0.010995,0.562412,-0.082259,2,46,1,-1,24,12,44,113.000000,76.166700,67.500000,1.060898,1.089809,1.143119,-0.004809,-0.000393,0.003653,0.003653,5,2,3,fixed,5,1,1,0,3.000000,4.000000
1010,centralized_dqn,centralized_dqn,0,5,4,62,1,1,1,3.387595,76.166700,1.129198,12,0.562412,33,0,1,0,0.562412,0.573408,0.010995,0.010995,0.562412,-0.082259,2,46,1,-1,24,12,44,113.000000,76.166700,67.500000,1.060898,1.081213,1.143119,-0.004783,-0.000393,0.003680,0.003680,5,2,3,fixed,5,1,1,0,3.000000,4.000000
1010,centralized_dqn,centralized_dqn,0,5,4,63,1,1,1,3.503630,76.166700,1.167877,12,0.562412,33,0,1,0,0.562412,0.573408,0.010995,0.010995,0.562412,-0.082259,2,46,1,-1,24,12,44,113.000000,76.166700,67.500000,1.060898,1.075688,1.143119,-0.004766,-0.000393,0.003697,0.003697,5,2,3,fixed,5,1,1,0,3.000000,4.000000
1010,centralized_dqn,centralized_dqn,0,5,4,64,0,0,2,3.207626,113.000000,0.400953,24,0.562412,33,0,0,0,0.562412,0.573408,0.010995,0.010995,0.562412,-0.082259,2,46,1,0,24,12,44,113.000000,76.166700,67.500000,0.414998,0.397478,0.355230,-0.000393,0.002859,0.005879,0.005879,5,2,3,fixed,5,1,1,0,3.000000,4.000000
1010,centralized_dqn,centralized_dqn,0,5,4,65,2,2,4,0.000000,67.500000,0.592593,44,0.562412,33,0,2,0,0.562412,0.573408,0.010995,0.010995,0.562412,-0.082259,2,46,1,-1,24,12,44,113.000000,76.166700,67.500000,0.353982,0.525164,0.592593,-0.012804,-0.005355,-0.000393,0.000000,5,2,3,fixed,5,1,1,0,3.000000,4.000000
1010,centralized_dqn,centralized_dqn,0,5,4,66,2,2,4,0.000000,67.500000,0.592593,44,0.562412,33,0,2,0,0.562412,0.573408,0.010995,0.010995,0.562412,-0.082259,2,46,1,-1,24,12,44,113.000000,76.166700,67.500000,0.353982,0.525164,0.592593,-0.012804,-0.005355,-0.000393,0.000000,5,2,3,fixed,5,1,1,0,3.000000,4.000000
1010,centralized_dqn,centralized_dqn,0,5,4,67,2,2,4,0.000000,67.500000,0.592593,44,0.562412,33,0,2,0,0.562412,0.573408,0.010995,0.010995,0.562412,-0.082259,2,46,1,-1,24,12,44,113.000000,76.166700,67.500000,0.353982,0.525164,0.592593,-0.012804,-0.005355,-0.000393,0.000000,5,2,3,fixed,5,1,1,0,3.000000,4.000000
1010,centralized_dqn,centralized_dqn,0,5,4,68,1,1,1,3.127780,76.166700,1.042593,12,0.562412,33,0,1,0,0.562412,0.573408,0.010995,0.010995,0.562412,-0.082259,2,46,1,-1,24,12,44,113.000000,76.166700,67.500000,1.060898,1.093585,1.143119,-0.004820,-0.000393,0.003641,0.003641,5,2,3,fixed,5,1,1,0,3.000000,4.000000
1010,centralized_dqn,centralized_dqn,0,5,4,69,1,1,1,3.219158,76.166700,1.073053,12,0.562412,33,0,1,0,0.562412,0.573408,0.010995,0.010995,0.562412,-0.082259,2,46,1,-1,24,12,44,113.000000,76.166700,67.500000,1.060898,1.089234,1.143119,-0.004807,-0.000393,0.003655,0.003655,5,2,3,fixed,5,1,1,0,3.000000,4.000000
1010,centralized_dqn,centralized_dqn,0,5,4,70,2,2,4,0.000000,67.500000,0.592593,44,0.562412,33,0,2,0,0.562412,0.573408,0.010995,0.010995,0.562412,-0.082259,2,46,1,-1,24,12,44,113.000000,76.166700,67.500000,0.353982,0.525164,0.592593,-0.012804,-0.005355,-0.000393,0.000000,5,2,3,fixed,5,1,1,0,3.000000,4.000000
1010,centralized_dqn,centralized_dqn,0,5,4,71,0,0,2,3.397798,113.000000,0.424725,24,0.562412,33,0,0,0,0.562412,0.573408,0.010995,0.010995,0.562412,-0.082259,2,46,1,0,24,12,44,113.000000,76.166700,67.500000,0.413965,0.397478,0.355230,-0.000393,0.002883,0.005902,0.005902,5,2,3,fixed,5,1,1,0,3.000000,4.000000
1010,centralized_dqn,centralized_dqn,0,5,4,72,2,2,4,0.000000,67.500000,0.592593,44,0.562412,33,0,2,0,0.562412,0.573408,0.010995,0.010995,0.562412,-0.082259,2,46,1,-1,24,12,44,113.000000,76.166700,67.500000,0.353982,0.525164,0.592593,-0.012804,-0.005355,-0.000393,0.000000,5,2,3,fixed,5,1,1,0,3.000000,4.000000
1010,centralized_dqn,centralized_dqn,0,5,4,73,1,1,1,3.198687,76.166700,1.066229,12,0.562412,33,0,1,0,0.562412,0.573408,0.010995,0.010995,0.562412,-0.082259,2,46,1,-1,24,12,44,113.000000,76.166700,67.500000,1.060898,1.090209,1.143119,-0.004810,-0.000393,0.003652,0.003652,5,2,3,fixed,5,1,1,0,3.000000,4.000000
1010,centralized_dqn,centralized_dqn,0,5,4,74,0,0,2,3.397739,113.000000,0.424717,24,0.562412,33,0,2,1,0.562412,0.573408,0.010995,0.010995,0.562412,-0.082259,2,46,1,0,24,12,44,113.000000,76.166700,67.500000,0.413965,0.397478,0.355230,-0.000393,0.002883,0.005902,0.005902,5,2,3,fixed,5,1,1,0,3.000000,4.000000
1010,centralized_dqn,centralized_dqn,0,5,4,75,2,2,2,2.908105,67.500000,0.363513,44,0.562412,33,0,2,0,0.562412,0.573408,0.010995,0.010995,0.562412,-0.082259,2,46,1,0,24,12,44,113.000000,76.166700,67.500000,0.397837,0.397478,0.363251,-0.007796,-0.003833,-0.000393,0.000000,5,2,3,fixed,5,1,1,0,3.000000,4.000000
1010,centralized_dqn,centralized_dqn,0,5,4,76,0,0,2,3.397715,113.000000,0.424714,24,0.562412,33,0,2,1,0.562412,0.573408,0.010995,0.010995,0.562412,-0.082259,2,46,1,0,24,12,44,113.000000,76.166700,67.500000,0.413965,0.397478,0.355230,-0.000393,0.002883,0.005902,0.005902,5,2,3,fixed,5,1,1,0,3.000000,4.000000
1010,centralized_dqn,centralized_dqn,0,5,4,77,0,0,2,3.251308,113.000000,0.406414,24,0.562412,33,0,0,0,0.562412,0.573408,0.010995,0.010995,0.562412,-0.082259,2,46,1,0,24,12,44,113.000000,76.166700,67.500000,0.414761,0.397478,0.355230,-0.000393,0.002865,0.005884,0.005884,5,2,3,fixed,5,1,1,0,3.000000,4.000000
1010,centralized_dqn,centralized_dqn,0,5,4,78,2,2,4,0.000000,67.500000,0.592593,44,0.562412,33,0,2,0,0.562412,0.573408,0.010995,0.010995,0.562412,-0.082259,2,46,1,-1,24,12,44,113.000000,76.166700,67.500000,0.353982,0.525164,0.592593,-0.012804,-0.005355,-0.000393,0.000000,5,2,3,fixed,5,1,1,0,3.000000,4.000000
1010,centralized_dqn,centralized_dqn,0,5,4,79,2,2,3,0.000000,67.500000,1.481481,44,0.562412,33,0,2,0,0.562412,0.573408,0.010995,0.010995,0.562412,-0.082259,2,46,1,1,24,12,44,113.000000,76.166700,67.500000,0.884956,1.312910,1.481481,-0.010215,-0.004850,-0.000393,0.000000,5,2,3,fixed,5,1,1,0,3.000000,4.000000
1010,centralized_dqn,centralized_dqn,0,5,4,80,2,2,4,0.000000,67.500000,0.592593,44,0.562412,33,0,2,0,0.562412,0.573408,0.010995,0.010995,0.562412,-0.082259,2,46,1,-1,24,12,44,113.000000,76.166700,67.500000,0.353982,0.525164,0.592593,-0.012804,-0.005355,-0.000393,0.000000,5,2,3,fixed,5,1,1,0,3.000000,4.000000
1010,centralized_dqn,centralized_dqn,0,5,5,1,0,0,2,3.742068,113.000000,0.467758,22,0.528749,32,0,0,0,0.528749,0.528749,0.000000,0.000000,0.528749,-0.033663,0,52,1,0,22,12,46,113.000000,75.166700,73.500000,0.452935,0.369322,0.254477,-0.001735,-0.001151,-0.002547,0.000000,5,0,5,fixed,5,1,1,0,3.000000,4.000000
1010,centralized_dqn,centralized_dqn,0,5,5,2,0,0,2,3.549764,113.000000,0.443721,22,0.528749,32,0,0,0,0.528749,0.528749,0.000000,0.000000,0.528749,-0.033663,0,52,1,0,22,12,46,113.000000,75.166700,73.500000,0.454080,0.369322,0.254477,-0.001735,-0.001169,-0.002565,0.000000,5,0,5,fixed,5,1,1,0,3.000000,4.000000
1010,centralized_dqn,centralized_dqn,0,5,5,3,0,0,2,3.586921,113.000000,0.448365,22,0.528749,32,0,0,0,0.528749,0.528749,0.000000,0.000000,0.528749,-0.033663,0,52,1,0,22,12,46,113.000000,75.166700,73.500000,0.453858,0.369322,0.254477,-0.001735,-0.001166,-0.002562,0.000000,5,0,5,fixed,5,1,1,0,3.000000,4.000000
1010,centralized_dqn,centralized_dqn,0,5,5,4,0,0,2,3.586932,113.000000,0.448366,22,0.528749,32,0,0,0,0.528749,0.528749,0.000000,0.000000,0.528749,-0.033663,0,52,1,0,22,12,46,113.000000,75.166700,73.500000,0.453858,0.369322,0.254477,-0.001735,-0.001166,-0.002562,0.000000,5,0,5,fixed,5,1,1,0,3.000000,4.000000
1010,centralized_dqn,centralized_dqn,0,5,5,5,2,2,3,0.000000,73.500000,1.360544,46,0.528749,32,0,2,0,0.528749,0.528749,0.000000,0.000000,0.528749,-0.033663,0,52,1,1,22,12,46,113.000000,75.166700,73.500000,0.884956,1.330376,1.360544,-0.008530,-0.004623,-0.001735,0.000000,5,0,5,fixed,5,1,1,0,3.000000,4.000000
1010,centralized_dqn,centralized_dqn,0,5,5,6,2,2,4,0.000000,73.500000,0.544218,46,0.528749,32,0,2,0,0.528749,0.528749,0.000000,0.000000,0.528749,-0.033663,0,52,1,-1,22,12,46,113.000000,75.166700,73.500000,0.353982,0.532151,0.544218,-0.010527,-0.004709,-0.001735,0.000000,5,0,5,fixed,5,1,1,0,3.000000,4.000000
1010,centralized_dqn,centralized_dqn,0,5,5,7,2,2,4,0.000000,73.500000,0.544218,46,0.528749,32,0,2,0,0.528749,0.528749,0.000000,0.000000,0.528749,-0.033663,0,52,1,-1,22,12,46,113.000000,75.166700,73.500000,0.353982,0.532151,0.544218,-0.010527,-0.004709,-0.001735,0.000000,5,0,5,fixed,5,1,1,0,3.000000,4.000000
1010,centralized_dqn,centralized_dqn,0,5,5,8,2,2,4,0.000000,73.500000,0.544218,46,0.528749,32,0,2,0,0.528749,0.528749,0.000000,0.000000,0.528749,-0.033663,0,52,1,-1,22,12,46,113.000000,75.166700,73.500000,0.353982,0.532151,0.544218,-0.010527,-0.004709,-0.001735,0.000000,5,0,5,fixed,5,1,1,0,3.000000,4.000000
1010,centralized_dqn,centralized_dqn,0,5,5,9,2,2,4,0.000000,73.500000,0.544218,46,0.528749,32,0,2,0,0.528749,0.528749,0.000000,0.000000,0.528749,-0.033663,0,52,1,-1,22,12,46,113.000000,75.166700,73.500000,0.353982,0.532151,0.544218,-0.010527,-0.004709,-0.001735,0.000000,5,0,5,fixed,5,1,1,0,3.000000,4.000000
1010,centralized_dqn,centralized_dqn,0,5,5,10,0,0,2,3.558491,113.000000,0.444811,22,0.528749,32,0,0,0,0.528749,0.528749,0.000000,0.000000,0.528749,-0.033663,0,52,1,0,22,12,46,113.000000,75.166700,73.500000,0.454028,0.369322,0.254477,-0.001735,-0.001169,-0.002564,0.000000,5,0,5,fixed,5,1,1,0,3.000000,4.000000
1010,centralized_dqn,centralized_dqn,0,5,5,11,1,1,2,3.199909,75.166700,0.399989,12,0.528749,32,0,1,0,0.528749,0.528749,0.000000,0.000000,0.528749,-0.033663,0,52,1,0,22,12,46,113.000000,75.166700,73.500000,0.433887,0.400135,0.254477,-0.004436,-0.001735,-0.004563,0.000000,5,0,5,fixed,5,1,1,0,3.000000,4.000000
1010,centralized_dqn,centralized_dqn,0,5,5,12,0,0,2,3.557375,113.000000,0.444672,22,0.528749,32,0,0,0,0.528749,0.528749,0.000000,0.000000,0.528749,-0.033663,0,52,1,0,22,12,46,113.000000,75.166700,73.500000,0.454034,0.369322,0.254477,-0.001735,-0.001169,-0.002564,0.000000,5,0,5,fixed,5,1,1,0,3.000000,4.000000
1010,centralized_dqn,centralized_dqn,0,5,5,13,2,2,4,0.000000,73.500000,0.544218,46,0.528749,32,0,2,0,0.528749,0.528749,0.000000,0.000000,0.528749,-0.033663,0,52,1,-1,22,12,46,113.000000,75.166700,73.500000,0.353982,0.532151,0.544218,-0.010527,-0.004709,-0.001735,0.000000,5,0,5,fixed,5,1,1,0,3.000000,4.000000
1010,centralized_dqn,centralized_dqn,0,5,5,14,1,1,2,3.201037,75.166700,0.400130,12,0.528749,32,0,1,0,0.528749,0.528749,0.000000,0.000000,0.528749,-0.033663,0,52,1,0,22,12,46,113.000000,75.166700,73.500000,0.433887,0.400088,0.254477,-0.004435,-0.001735,-0.004562,0.000000,5,0,5,fixed,5,1,1,0,3.000000,4.000000
1010,centralized_dqn,centralized_dqn,0,5,5,15,1,1,2,3.201100,75.166700,0.400138,12,0.528749,32,0,1,0,0.528749,0.528749,0.000000,0.000000,0.528749,-0.033663,0,52,1,0,22,12,46,113.000000,75.166700,73.500000,0.433887,0.400086,0.254477,-0.004435,-0.001735,-0.004562,0.000000,5,0,5,fixed,5,1,1,0,3.000000,4.000000
1010,centralized_dqn,centralized_dqn,0,5,5,16,2,2,4,0.000000,73.500000,0.544218,46,0.528749,32,0,2,0,0.528749,0.528749,0.000000,0.000000,0.528749,-0.033663,0,52,1,-1,22,12,46,113.000000,75.166700,73.500000,0.353982,0.532151,0.544218,-0.010527,-0.004709,-0.001735,0.000000,5,0,5,fixed,5,1,1,0,3.000000,4.000000
1010,centralized_dqn,centralized_dqn,0,5,5,17,2,2,4,0.000000,73.500000,0.544218,46,0.528749,32,0,2,0,0.528749,0.528749,0.000000,0.000000,0.528749,-0.033663,0,52,1,-1,22,12,46,113.000000,75.166700,73.500000,0.353982,0.532151,0.544218,-0.010527,-0.004709,-0.001735,0.000000,5,0,5,fixed,5,1,1,0,3.000000,4.000000
1010,centralized_dqn,centralized_dqn,0,5,5,18,2,2,4,0.000000,73.500000,0.544218,46,0.528749,32,0,2,0,0.528749,0.528749,0.000000,0.000000,0.528749,-0.033663,0,52,1,-1,22,12,46,113.000000,75.166700,73.500000,0.353982,0.532151,0.544218,-0.010527,-0.004709,-0.001735,0.000000,5,0,5,fixed,5,1,1,0,3.000000,4.000000
1010,centralized_dqn,centralized_dqn,0,5,5,19,2,2,4,0.000000,73.500000,0.544218,46,0.528749,32,0,2,0,0.528749,0.528749,0.000000,0.000000,0.528749,-0.033663,0,52,1,-1,22,12,46,113.000000,75.166700,73.500000,0.353982,0.532151,0.544218,-0.010527,-0.004709,-0.001735,0.000000,5,0,5,fixed,5,1,1,0,3.000000,4.000000
1010,centralized_dqn,centralized_dqn,0,5,5,20,0,0,2,3.631580,113.000000,0.453948,22,0.528749,32,0,0,0,0.528749,0.528749,0.000000,0.000000,0.528749,-0.033663,0,52,1,0,22,12,46,113.000000,75.166700,73.500000,0.453593,0.369322,0.254477,-0.001735,-0.001162,-0.002557,0.000000,5,0,5,fixed,5,1,1,0,3.000000,4.000000
1010,centralized_dqn,centralized_dqn,0,5,5,21,2,2,4,0.000000,73.500000,0.544218,46,0.528749,32,0,2,0,0.528749,0.528749,0.000000,0.000000,0.528749,-0.033663,0,52,1,-1,22,12,46,113.000000,75.166700,73.500000,0.353982,0.532151,0.544218,-0.010527,-0.004709,-0.001735,0.000000,5,0,5,fixed,5,1,1,0,3.000000,4.000000
1010,centralized_dqn,centralized_dqn,0,5,5,22,2,2,3,0.000000,73.500000,1.360544,46,0.528749,32,0,2,0,0.528749,0.528749,0.000000,0.000000,0.528749,-0.033663,0,52,1,1,22,12,46,113.000000,75.166700,73.500000,0.884956,1.330376,1.360544,-0.008530,-0.004623,-0.001735,0.000000,5,0,5,fixed,5,1,1,0,3.000000,4.000000
1010,centralized_dqn,centralized_dqn,0,5,5,23,1,1,1,3.436143,75.166700,1.145381,12,0.528749,32,0,1,0,0.528749,0.528749,0.000000,0.000000,0.528749,-0.033663,0,52,1,-1,22,12,46,113.000000,75.166700,73.500000,1.157031,1.099413,1.131578,-0.004493,-0.001735,0.000951,0.000951,5,0,5,fixed,5,1,1,0,3.000000,4.000000
1010,centralized_dqn,centralized_dqn,0,5,5,24,0,0,2,3.631580,113.000000,0.453948,22,0.528749,32,0,0,0,0.528749,0.528749,0.000000,0.000000,0.528749,-0.033663,0,52,1,0,22,12,46,113.000000,75.166700,73.500000,0.453593,0.369322,0.254477,-0.001735,-0.001162,-0.002557,0.000000,5,0,5,fixed,5,1,1,0,3.000000,4.000000
1010,centralized_dqn,centralized_dqn,0,5,5,25,1,1,2,3.201113,75.166700,0.400139,12,0.528749,32,0,1,0,0.528749,0.528749,0.000000,0.000000,0.528749,-0.033663,0,52,1,0,22,12,46,113.000000,75.166700,73.500000,0.433887,0.400085,0.254477,-0.004435,-0.001735,-0.004562,0.000000,5,0,5,fixed,5,1,1,0,3.000000,4.000000
1010,centralized_dqn,centralized_dqn,0,5,5,26,2,2,3,0.000000,73.500000,1.360544,46,0.528749,32,0,2,0,0.528749,0.528749,0.000000,0.000000,0.528749,-0.033663,0,52,1,1,22,12,46,113.000000,75.166700,73.500000,0.884956,1.330376,1.360544,-0.008530,-0.004623,-0.001735,0.000000,5,0,5,fixed,5,1,1,0,3.000000,4.000000
1010,centralized_dqn,centralized_dqn,0,5,5,27,2,2,4,0.000000,73.500000,0.544218,46,0.528749,32,0,2,0,0.528749,0.528749,0.000000,0.000000,0.528749,-0.033663,0,52,1,-1,22,12,46,113.000000,75.166700,73.500000,0.353982,0.532151,0.544218,-0.010527,-0.004709,-0.001735,0.000000,5,0,5,fixed,5,1,1,0,3.000000,4.000000
1010,centralized_dqn,centralized_dqn,0,5,5,28,2,2,4,0.000000,73.500000,0.544218,46,0.528749,32,0,2,0,0.528749,0.528749,0.000000,0.000000,0.528749,-0.033663,0,52,1,-1,22,12,46,113.000000,75.166700,73.500000,0.353982,0.532151,0.544218,-0.010527,-0.004709,-0.001735,0.000000,5,0,5,fixed,5,1,1,0,3.000000,4.000000
1010,centralized_dqn,centralized_dqn,0,5,5,29,0,0,2,3.846991,113.000000,0.480874,22,0.528749,32,0,0,0,0.528749,0.528749,0.000000,0.000000,0.528749,-0.033663,0,52,1,0,22,12,46,113.000000,75.166700,73.500000,0.452310,0.369322,0.254477,-0.001735,-0.001141,-0.002537,0.000000,5,0,5,fixed,5,1,1,0,3.000000,4.000000
1010,centralized_dqn,centralized_dqn,0,5,5,30,2,2,3,0.000000,73.500000,1.360544,46,0.528749,32,0,2,0,0.528749,0.528749,0.000000,0.000000,0.528749,-0.033663,0,52,1,1,22,12,46,113.000000,75.166700,73.500000,0.884956,1.330376,1.360544,-0.008530,-0.004623,-0.001735,0.000000,5,0,5,fixed,5,1,1,0,3.000000,4.000000
1010,centralized_dqn,centralized_dqn,0,5,5,31,0,0,2,4.217497,113.000000,0.527187,22,0.528749,32,0,0,0,0.528749,0.528749,0.000000,0.000000,0.528749,-0.033663,0,52,1,-1,22,12,46,113.000000,75.166700,73.500000,0.450105,0.369322,0.254477,-0.001735,-0.001105,-0.002501,0.000000,5,0,5,fixed,5,1,1,0,3.000000,4.000000
1010,centralized_dqn,centralized_dqn,0,5,5,32,2,2,4,0.000000,73.500000,0.544218,46,0.528749,32,0,2,0,0.528749,0.528749,0.000000,0.000000,0.528749,-0.033663,0,52,1,-1,22,12,46,113.000000,75.166700,73.500000,0.353982,0.532151,0.544218,-0.010527,-0.004709,-0.001735,0.000000,5,0,5,fixed,5,1,1,0,3.000000,4.000000
1010,centralized_dqn,centralized_dqn,0,5,5,33,1,1,1,3.275607,75.166700,1.091869,12,0.528749,32,0,1,0,0.528749,0.528749,0.000000,0.000000,0.528749,-0.033663,0,52,1,-1,22,12,46,113.000000,75.166700,73.500000,1.157031,1.107058,1.131578,-0.004513,-0.001735,0.000931,0.000931,5,0,5,fixed,5,1,1,0,3.000000,4.000000
1010,centralized_dqn,centralized_dqn,0,5,5,34,2,2,4,0.000000,73.500000,0.544218,46,0.528749,32,0,2,0,0.528749,0.528749,0.000000,0.000000,0.528749,-0.033663,0,52,1,-1,22,12,46,113.000000,75.166700,73.500000,0.353982,0.532151,0.544218,-0.010527,-0.004709,-0.001735,0.000000,5,0,5,fixed,5,1,1,0,3.000000,4.000000
1010,centralized_dqn,centralized_dqn,0,5,5,35,2,2,4,0.000000,73.500000,0.544218,46,0.528749,32,0,2,0,0.528749,0.528749,0.000000,0.000000,0.528749,-0.033663,0,52,1,-1,22,12,46,113.000000,75.166700,73.500000,0.353982,0.532151,0.544218,-0.010527,-0.004709,-0.001735,0.000000,5,0,5,fixed,5,1,1,0,3.000000,4.000000
1010,centralized_dqn,centralized_dqn,0,5,5,36,2,2,4,0.000000,73.500000,0.544218,46,0.528749,32,0,2,0,0.528749,0.528749,0.000000,0.000000,0.528749,-0.033663,0,52,1,-1,22,12,46,113.000000,75.166700,73.500000,0.353982,0.532151,0.544218,-0.010527,-0.004709,-0.001735,0.000000,5,0,5,fixed,5,1,1,0,3.000000,4.000000
1010,centralized_dqn,centralized_dqn,0,5,5,37,0,0,2,3.631532,113.000000,0.453942,22,0.528749,32,0,0,0,0.528749,0.528749,0.000000,0.000000,0.528749,-0.033663,0,52,1,0,22,12,46,113.000000,75.166700,73.500000,0.453593,0.369322,0.254477,-0.001735,-0.001162,-0.002557,0.000000,5,0,5,fixed,5,1,1,0,3.000000,4.000000
1010,centralized_dqn,centralized_dqn,0,5,5,38,0,0,2,3.631556,113.000000,0.453945,22,0.528749,32,0,0,0,0.528749,0.528749,0.000000,0.000000,0.528749,-0.033663,0,52,1,0,22,12,46,113.000000,75.166700,73.500000,0.453593,0.369322,0.254477,-0.001735,-0.001162,-0.002557,0.000000,5,0,5,fixed,5,1,1,0,3.000000,4.000000
1010,centralized_dqn,centralized_dqn,0,5,5,39,2,2,4,0.000000,73.500000,0.544218,46,0.528749,32,0,2,0,0.528749,0.528749,0.000000,0.000000,0.528749,-0.033663,0,52,1,-1,22,12,46,113.000000,75.166700,73.500000,0.353982,0.532151,0.544218,-0.010527,-0.004709,-0.001735,0.000000,5,0,5,fixed,5,1,1,0,3.000000,4.000000
1010,centralized_dqn,centralized_dqn,0,5,5,40,2,2,2,2.079756,73.500000,0.259969,46,0.528749,32,0,2,0,0.528749,0.528749,0.000000,0.000000,0.528749,-0.033663,0,52,1,0,22,12,46,113.000000,75.166700,73.500000,0.433887,0.369322,0.260016,-0.002187,-0.000918,-0.001735,0.000000,5,0,5,fixed,5,1,1,0,3.000000,4.000000
1010,centralized_dqn,centralized_dqn,0,5,5,41,2,2,1,3.468534,73.500000,1.156178,46,0.528749,32,0,2,0,0.528749,0.528749,0.000000,0.000000,0.528749,-0.033663,0,52,1,1,22,12,46,113.000000,75.166700,73.500000,1.157031,1.020147,0.693359,-0.005325,-0.003082,-0.001735,0.000000,5,0,5,fixed,5,1,1,0,3.000000,4.000000
1010,centralized_dqn,centralized_dqn,0,5,5,42,0,0,2,3.631532,113.000000,0.453942,22,0.528749,32,0,0,0,0.528749,0.528749,0.000000,0.000000,0.528749,-0.033663,0,52,1,0,22,12,46,113.000000,75.166700,73.500000,0.453593,0.369322,0.254477,-0.001735,-0.001162,-0.002557,0.000000,5,0,5,fixed,5,1,1,0,3.000000,4.000000
1010,centralized_dqn,centralized_dqn,0,5,5,43,0,0,2,3.554054,113.000000,0.444257,22,0.528749,32,0,0,0,0.528749,0.528749,0.000000,0.000000,0.528749,-0.033663,0,52,1,0,22,12,46,113.000000,75.166700,73.500000,0.454054,0.369322,0.254477,-0.001735,-0.001169,-0.002565,0.000000,5,0,5,fixed,5,1,1,0,3.000000,4.000000
1010,centralized_dqn,centralized_dqn,0,5,5,44,2,2,3,0.000000,73.500000,1.360544,46,0.528749,32,0,2,0,0.528749,0.528749,0.000000,0.000000,0.528749,-0.033663,0,52,1,1,22,12,46,113.000000,75.166700,73.500000,0.884956,1.330376,1.360544,-0.008530,-0.004623,-0.001735,0.000000,5,0,5,fixed,5,1,1,0,3.000000,4.000000
1010,centralized_dqn,centralized_dqn,0,5,5,45,0,0,2,3.555176,113.000000,0.444397,22,0.528749,32,0,0,0,0.528749,0.528749,0.000000,0.000000,0.528749,-0.033663,0,52,1,0,22,12,46,113.000000,75.166700,73.500000,0.454047,0.369322,0.254477,-0.001735,-0.001169,-0.002565,0.000000,5,0,5,fixed,5,1,1,0,3.000000,4.000000
1010,centralized_dqn,centralized_dqn,0,5,5,46,2,2,3,0.000000,73.500000,1.360544,46,0.528749,32,0,2,0,0.528749,0.528749,0.000000,0.000000,0.528749,-0.033663,0,52,1,1,22,12,46,113.000000,75.166700,73.500000,0.884956,1.330376,1.360544,-0.008530,-0.004623,-0.001735,0.000000,5,0,5,fixed,5,1,1,0,3.000000,4.000000
1010,centralized_dqn,centralized_dqn,0,5,5,47,0,0,2,3.555093,113.000000,0.444387,22,0.528749,32,0,0,0,0.528749,0.528749,0.000000,0.000000,0.528749,-0.033663,0,52,1,0,22,12,46,113.000000,75.166700,73.500000,0.454048,0.369322,0.254477,-0.001735,-0.001169,-0.002565,0.000000,5,0,5,fixed,5,1,1,0,3.000000,4.000000
1010,centralized_dqn,centralized_dqn,0,5,5,48,2,2,2,2.079802,73.500000,0.259975,46,0.528749,32,0,2,0,0.528749,0.528749,0.000000,0.000000,0.528749,-0.033663,0,52,1,0,22,12,46,113.000000,75.166700,73.500000,0.433887,0.369322,0.260015,-0.002187,-0.000918,-0.001735,0.000000,5,0,5,fixed,5,1,1,0,3.000000,4.000000
1010,centralized_dqn,centralized_dqn,0,5,5,49,0,0,2,3.580286,113.000000,0.447536,22,0.528749,32,0,0,0,0.528749,0.528749,0.000000,0.000000,0.528749,-0.033663,0,52,1,0,22,12,46,113.000000,75.166700,73.500000,0.453898,0.369322,0.254477,-0.001735,-0.001167,-0.002562,0.000000,5,0,5,fixed,5,1,1,0,3.000000,4.000000
1010,centralized_dqn,centralized_dqn,0,5,5,50,2,2,2,2.079730,73.500000,0.259966,46,0.528749,32,0,2,0,0.528749,0.528749,0.000000,0.000000,0.528749,-0.033663,0,52,1,0,22,12,46,113.000000,75.166700,73.500000,0.433887,0.369322,0.260017,-0.002187,-0.000918,-0.001735,0.000000,5,0,5,fixed,5,1,1,0,3.000000,4.000000
1010,centralized_dqn,centralized_dqn,0,5,5,51,0,0,2,3.551909,113.000000,0.443989,22,0.528749,32,0,0,0,0.528749,0.528749,0.000000,0.000000,0.528749,-0.033663,0,52,1,0,22,12,46,113.000000,75.166700,73.500000,0.454067,0.369322,0.254477,-0.001735,-0.001169,-0.002565,0.000000,5,0,5,fixed,5,1,1,0,3.000000,4.000000
1010,centralized_dqn,centralized_dqn,0,5,5,52,2,2,3,0.000000,73.500000,1.360544,46,0.528749,32,0,2,0,0.528749,0.528749,0.000000,0.000000,0.528749,-0.033663,0,52,1,1,22,12,46,113.000000,75.166700,73.500000,0.884956,1.330376,1.360544,-0.008530,-0.004623,-0.001735,0.000000,5,0,5,fixed,5,1,1,0,3.000000,4.000000
1010,centralized_dqn,centralized_dqn,0,5,5,53,0,0,2,3.602182,113.000000,0.450273,22,0.528749,32,0,0,0,0.528749,0.528749,0.000000,0.000000,0.528749,-0.033663,0,52,1,0,22,12,46,113.000000,75.166700,73.500000,0.453768,0.369322,0.254477,-0.001735,-0.001164,-0.002560,0.000000,5,0,5,fixed,5,1,1,0,3.000000,4.000000
1010,centralized_dqn,centralized_dqn,0,5,5,54,2,2,4,0.000000,73.500000,0.544218,46,0.528749,32,0,2,0,0.528749,0.528749,0.000000,0.000000,0.528749,-0.033663,0,52,1,-1,22,12,46,113.000000,75.166700,73.500000,0.353982,0.532151,0.544218,-0.010527,-0.004709,-0.001735,0.000000,5,0,5,fixed,5,1,1,0,3.000000,4.000000
1010,centralized_dqn,centralized_dqn,0,5,5,55,2,2,3,0.000000,73.500000,1.360544,46,0.528749,32,0,2,0,0.528749,0.528749,0.000000,0.000000,0.528749,-0.033663,0,52,1,1,22,12,46,113.000000,75.166700,73.500000,0.884956,1.330376,1.360544,-0.008530,-0.004623,-0.001735,0.000000,5,0,5,fixed,5,1,1,0,3.000000,4.000000
1010,centralized_dqn,centralized_dqn,0,5,5,56,2,2,4,0.000000,73.500000,0.544218,46,0.528749,32,0,2,0,0.528749,0.528749,0.000000,0.000000,0.528749,-0.033663,0,52,1,-1,22,12,46,113.000000,75.166700,73.500000,0.353982,0.532151,0.544218,-0.010527,-0.004709,-0.001735,0.000000,5,0,5,fixed,5,1,1,0,3.000000,4.000000
1010,centralized_dqn,centralized_dqn,0,5,5,57,2,2,2,2.080917,73.500000,0.260115,46,0.528749,32,0,2,0,0.528749,0.528749,0.000000,0.000000,0.528749,-0.033663,0,52,1,0,22,12,46,113.000000,75.166700,73.500000,0.433887,0.369322,0.259992,-0.002186,-0.000917,-0.001735,0.000000,5,0,5,fixed,5,1,1,0,3.000000,4.000000
1010,centralized_dqn,centralized_dqn,0,5,5,58,2,2,3,0.000000,73.500000,1.360544,46,0.528749,32,0,2,0,0.528749,0.528749,0.000000,0.000000,0.528749,-0.033663,0,52,1,1,22,12,46,113.000000,75.166700,73.500000,0.884956,1.330376,1.360544,-0.008530,-0.004623,-0.001735,0.000000,5,0,5,fixed,5,1,1,0,3.000000,4.000000
1010,centralized_dqn,centralized_dqn,0,5,5,59,2,2,4,0.000000,73.500000,0.544218,46,0.528749,32,0,2,0,0.528749,0.528749,0.000000,0.000000,0.528749,-0.033663,0,52,1,-1,22,12,46,113.000000,75.166700,73.500000,0.353982,0.532151,0.544218,-0.010527,-0.004709,-0.001735,0.000000,5,0,5,fixed,5,1,1,0,3.000000,4.000000
1010,centralized_dqn,centralized_dqn,0,5,5,60,2,2,3,0.000000,73.500000,1.360544,46,0.528749,32,0,2,0,0.528749,0.528749,0.000000,0.000000,0.528749,-0.033663,0,52,1,1,22,12,46,113.000000,75.166700,73.500000,0.884956,1.330376,1.360544,-0.008530,-0.004623,-0.001735,0.000000,5,0,5,fixed,5,1,1,0,3.000000,4.000000
1010,centralized_dqn,centralized_dqn,0,5,5,61,1,1,1,3.095622,75.166700,1.031874,12,0.528749,32,0,1,0,0.528749,0.528749,0.000000,0.000000,0.528749,-0.033663,0,52,1,-1,22,12,46,113.000000,75.166700,73.500000,1.157031,1.115628,1.131578,-0.004535,-0.001735,0.000909,0.000909,5,0,5,fixed,5,1,1,0,3.000000,4.000000
1010,centralized_dqn,centralized_dqn,0,5,5,62,1,1,1,3.280382,75.166700,1.093461,12,0.528749,32,0,1,0,0.528749,0.528749,0.000000,0.000000,0.528749,-0.033663,0,52,1,-1,22,12,46,113.000000,75.166700,73.500000,1.157031,1.106830,1.131578,-0.004512,-0.001735,0.000932,0.000932,5,0,5,fixed,5,1,1,0,3.000000,4.000000
1010,centralized_dqn,centralized_dqn,0,5,5,63,1,1,1,3.506971,75.166700,1.168990,12,0.528749,32,0,1,0,0.528749,0.528749,0.000000,0.000000,0.528749,-0.033663,0,52,1,-1,22,12,46,113.000000,75.166700,73.500000,1.157031,1.096040,1.131578,-0.004484,-0.001735,0.000960,0.000960,5,0,5,fixed,5,1,1,0,3.000000,4.000000
1010,centralized_dqn,centralized_dqn,0,5,5,64,0,0,2,3.549647,113.000000,0.443706,22,0.528749,32,0,0,0,0.528749,0.528749,0.000000,0.000000,0.528749,-0.033663,0,52,1,0,22,12,46,113.000000,75.166700,73.500000,0.454080,0.369322,0.254477,-0.001735,-0.001169,-0.002565,0.000000,5,0,5,fixed,5,1,1,0,3.000000,4.000000
1010,centralized_dqn,centralized_dqn,0,5,5,65,2,2,4,0.000000,73.500000,0.544218,46,0.528749,32,0,2,0,0.528749,0.528749,0.000000,0.000000,0.528749,-0.033663,0,52,1,-1,22,12,46,113.000000,75.166700,73.500000,0.353982,0.532151,0.544218,-0.010527,-0.004709,-0.001735,0.000000,5,0,5,fixed,5,1,1,0,3.000000,4.000000
1010,centralized_dqn,centralized_dqn,0,5,5,66,2,2,4,0.000000,73.500000,0.544218,46,0.528749,32,0,2,0,0.528749,0.528749,0.000000,0.000000,0.528749,-0.033663,0,52,1,-1,22,12,46,113.000000,75.166700,73.500000,0.353982,0.532151,0.544218,-0.010527,-0.004709,-0.001735,0.000000,5,0,5,fixed,5,1,1,0,3.000000,4.000000
1010,centralized_dqn,centralized_dqn,0,5,5,67,2,2,4,0.000000,73.500000,0.544218,46,0.528749,32,0,2,0,0.528749,0.528749,0.000000,0.000000,0.528749,-0.033663,0,52,1,-1,22,12,46,113.000000,75.166700,73.500000,0.353982,0.532151,0.544218,-0.010527,-0.004709,-0.001735,0.000000,5,0,5,fixed,5,1,1,0,3.000000,4.000000
1010,centralized_dqn,centralized_dqn,0,5,5,68,1,1,1,3.272091,75.166700,1.090697,12,0.528749,32,0,1,0,0.528749,0.528749,0.000000,0.000000,0.528749,-0.033663,0,52,1,-1,22,12,46,113.000000,75.166700,73.500000,1.157031,1.107225,1.131578,-0.004513,-0.001735,0.000931,0.000931,5,0,5,fixed,5,1,1,0,3.000000,4.000000
1010,centralized_dqn,centralized_dqn,0,5,5,69,1,1,1,3.319634,75.166700,1.106545,12,0.528749,32,0,1,0,0.528749,0.528749,0.000000,0.000000,0.528749,-0.033663,0,52,1,-1,22,12,46,113.000000,75.166700,73.500000,1.157031,1.104961,1.131578,-0.004508,-0.001735,0.000937,0.000937,5,0,5,fixed,5,1,1,0,3.000000,4.000000
1010,centralized_dqn,centralized_dqn,0,5,5,70,2,2,4,0.000000,73.500000,0.544218,46,0.528749,32,0,2,0,0.528749,0.528749,0.000000,0.000000,0.528749,-0.033663,0,52,1,-1,22,12,46,113.000000,75.166700,73.500000,0.353982,0.532151,0.544218,-0.010527,-0.004709,-0.001735,0.000000,5,0,5,fixed,5,1,1,0,3.000000,4.000000
1010,centralized_dqn,centralized_dqn,0,5,5,71,0,0,2,3.541989,113.000000,0.442749,22,0.528749,32,0,0,0,0.528749,0.528749,0.000000,0.000000,0.528749,-0.033663,0,52,1,0,22,12,46,113.000000,75.166700,73.500000,0.454126,0.369322,0.254477,-0.001735,-0.001170,-0.002566,0.000000,5,0,5,fixed,5,1,1,0,3.000000,4.000000
1010,centralized_dqn,centralized_dqn,0,5,5,72,2,2,4,0.000000,73.500000,0.544218,46,0.528749,32,0,2,0,0.528749,0.528749,0.000000,0.000000,0.528749,-0.033663,0,52,1,-1,22,12,46,113.000000,75.166700,73.500000,0.353982,0.532151,0.544218,-0.010527,-0.004709,-0.001735,0.000000,5,0,5,fixed,5,1,1,0,3.000000,4.000000
1010,centralized_dqn,centralized_dqn,0,5,5,73,1,1,1,3.337367,75.166700,1.112456,12,0.528749,32,0,1,0,0.528749,0.528749,0.000000,0.000000,0.528749,-0.033663,0,52,1,-1,22,12,46,113.000000,75.166700,73.500000,1.157031,1.104117,1.131578,-0.004505,-0.001735,0.000939,0.000939,5,0,5,fixed,5,1,1,0,3.000000,4.000000
1010,centralized_dqn,centralized_dqn,0,5,5,74,2,2,2,2.082000,73.500000,0.260250,46,0.528749,32,0,2,0,0.528749,0.528749,0.000000,0.000000,0.528749,-0.033663,0,52,1,0,22,12,46,113.000000,75.166700,73.500000,0.433887,0.369322,0.259969,-0.002185,-0.000916,-0.001735,0.000000,5,0,5,fixed,5,1,1,0,3.000000,4.000000
1010,centralized_dqn,centralized_dqn,0,5,5,75,2,2,2,2.079660,73.500000,0.259958,46,0.528749,32,0,2,0,0.528749,0.528749,0.000000,0.000000,0.528749,-0.033663,0,52,1,0,22,12,46,113.000000,75.166700,73.500000,0.433887,0.369322,0.260018,-0.002187,-0.000918,-0.001735,0.000000,5,0,5,fixed,5,1,1,0,3.000000,4.000000
1010,centralized_dqn,centralized_dqn,0,5,5,76,2,2,2,2.078667,73.500000,0.259833,46,0.528749,32,1,2,0,0.528749,0.528749,0.000000,0.000000,0.528749,-0.033663,0,52,1,0,22,12,46,113.000000,75.166700,73.500000,0.433887,0.369322,0.260039,-0.002188,-0.000919,-0.001735,0.000000,5,0,5,fixed,5,1,1,0,3.000000,4.000000
1010,centralized_dqn,centralized_dqn,0,5,5,77,0,0,2,3.540968,113.000000,0.442621,22,0.528749,32,0,0,0,0.528749,0.528749,0.000000,0.000000,0.528749,-0.033663,0,52,1,0,22,12,46,113.000000,75.166700,73.500000,0.454132,0.369322,0.254477,-0.001735,-0.001170,-0.002566,0.000000,5,0,5,fixed,5,1,1,0,3.000000,4.000000
1010,centralized_dqn,centralized_dqn,0,5,5,78,2,2,4,0.000000,73.500000,0.544218,46,0.528749,32,0,2,0,0.528749,0.528749,0.000000,0.000000,0.528749,-0.033663,0,52,1,-1,22,12,46,113.000000,75.166700,73.500000,0.353982,0.532151,0.544218,-0.010527,-0.004709,-0.001735,0.000000,5,0,5,fixed,5,1,1,0,3.000000,4.000000
1010,centralized_dqn,centralized_dqn,0,5,5,79,2,2,3,0.000000,73.500000,1.360544,46,0.528749,32,0,2,0,0.528749,0.528749,0.000000,0.000000,0.528749,-0.033663,0,52,1,1,22,12,46,113.000000,75.166700,73.500000,0.884956,1.330376,1.360544,-0.008530,-0.004623,-0.001735,0.000000,5,0,5,fixed,5,1,1,0,3.000000,4.000000
1010,centralized_dqn,centralized_dqn,0,5,5,80,2,2,4,0.000000,73.500000,0.544218,46,0.528749,32,0,2,0,0.528749,0.528749,0.000000,0.000000,0.528749,-0.033663,0,52,1,-1,22,12,46,113.000000,75.166700,73.500000,0.353982,0.532151,0.544218,-0.010527,-0.004709,-0.001735,0.000000,5,0,5,fixed,5,1,1,0,3.000000,4.000000
