seed,method,effective_method,bootstrap_cycle_flag,max_switches,cycle_id,ue_id,previous_bs_id,current_bs_id,app_type,tp_mbps,rtt_ms,satisfaction,num_users_on_current_bs,harmonic_mean,num_unsatisfied_users,target_ue_flag,action_selected_bs_id,switch_flag,h_before,h_after_estimated,reward,estimated_reward,h_after_measured,measured_reward,switch_count,num_degraded_users,measurement_valid,candidate_type,num_users_ap0,num_users_ap1,num_users_ap2,monitor_rtt_ap0,monitor_rtt_ap1,monitor_rtt_ap2,estimated_satisfaction_if_ap0,estimated_satisfaction_if_ap1,estimated_satisfaction_if_ap2,estimated_h_delta_if_ap0,estimated_h_delta_if_ap1,estimated_h_delta_if_ap2,best_estimated_h_delta,effective_max_switches,applied_switches_in_cycle,remaining_switch_budget,k_schedule_type,k_max,k_min,k_decay_rate,stop_action_flag,warmup_before_cycle_sec,cycle_start_offset_sec
1002,centralized_dqn,logistic_bootstrap,1,5,1,1,0,0,4,0.000000,94.000000,0.425532,30,0.310341,36,0,2,1,0.310341,0.848836,0.538495,0.538495,0.310341,0.000000,59,0,1,0,30,22,28,94.000000,80.666700,65.666700,0.425532,0.495868,0.609137,0.006703,0.006563,0.001291,0.006563,5,59,0,fixed,5,1,1,0,3.000000,4.000000
1002,centralized_dqn,logistic_bootstrap,1,5,1,2,0,0,2,6.186931,94.000000,0.773366,30,0.310341,36,0,0,0,0.310341,0.848836,0.538495,0.538495,0.310341,0.000000,59,0,1,-1,30,22,28,94.000000,80.666700,65.666700,0.707427,0.379252,0.088931,0.006703,0.004562,-0.011051,0.004562,5,59,0,fixed,5,1,1,0,3.000000,4.000000
1002,centralized_dqn,logistic_bootstrap,1,5,1,3,1,1,1,3.507798,80.666700,1.169266,22,0.310341,36,0,1,0,0.310341,0.848836,0.538495,0.538495,0.310341,0.000000,59,0,1,-1,30,22,28,94.000000,80.666700,65.666700,1.130906,1.168765,0.592033,0.007178,0.006703,-0.000081,0.007178,5,59,0,fixed,5,1,1,0,3.000000,4.000000
1002,centralized_dqn,logistic_bootstrap,1,5,1,4,1,1,2,3.822936,80.666700,0.477867,22,0.310341,36,0,0,1,0.310341,0.848836,0.538495,0.538495,0.310341,0.000000,59,0,1,0,30,22,28,94.000000,80.666700,65.666700,0.692583,0.384865,0.088931,0.008576,0.006703,-0.009295,0.008576,5,59,0,fixed,5,1,1,0,3.000000,4.000000
1002,centralized_dqn,logistic_bootstrap,1,5,1,5,2,2,1,1.857612,65.666700,0.619204,28,0.310341,36,0,1,1,0.310341,0.848836,0.538495,0.538495,0.310341,0.000000,59,0,1,-1,30,22,28,94.000000,80.666700,65.666700,1.130906,1.118069,0.611670,0.014139,0.013541,0.006703,0.014139,5,59,0,fixed,5,1,1,0,3.000000,4.000000
1002,centralized_dqn,logistic_bootstrap,1,5,1,6,0,0,3,0.000000,94.000000,1.063830,30,0.310341,36,0,2,1,0.310341,0.848836,0.538495,0.538495,0.310341,0.000000,59,0,1,1,30,22,28,94.000000,80.666700,65.666700,1.063830,1.239669,1.522842,0.006703,0.006312,0.000776,0.006312,5,59,0,fixed,5,1,1,0,3.000000,4.000000
1002,centralized_dqn,logistic_bootstrap,1,5,1,7,0,0,4,0.000000,94.000000,0.425532,30,0.310341,36,0,2,1,0.310341,0.848836,0.538495,0.538495,0.310341,0.000000,59,0,1,0,30,22,28,94.000000,80.666700,65.666700,0.425532,0.495868,0.609137,0.006703,0.006563,0.001291,0.006563,5,59,0,fixed,5,1,1,0,3.000000,4.000000
1002,centralized_dqn,logistic_bootstrap,1,5,1,8,2,2,4,0.000000,65.666700,0.609137,28,0.310341,36,0,2,0,0.310341,0.848836,0.538495,0.538495,0.310341,0.000000,59,0,1,-1,30,22,28,94.000000,80.666700,65.666700,0.425532,0.495868,0.609137,0.012306,0.012161,0.006703,0.012306,5,59,0,fixed,5,1,1,0,3.000000,4.000000
1002,centralized_dqn,logistic_bootstrap,1,5,1,9,2,2,3,0.000000,65.666700,1.522842,28,0.310341,36,0,2,0,0.310341,0.848836,0.538495,0.538495,0.310341,0.000000,59,0,1,1,30,22,28,94.000000,80.666700,65.666700,1.063830,1.239669,1.522842,0.012860,0.012454,0.006703,0.012860,5,59,0,fixed,5,1,1,0,3.000000,4.000000
1002,centralized_dqn,logistic_bootstrap,1,5,1,10,1,1,2,3.818480,80.666700,0.477310,22,0.310341,36,0,0,1,0.310341,0.848836,0.538495,0.538495,0.310341,0.000000,59,0,1,0,30,22,28,94.000000,80.666700,65.666700,0.692583,0.384945,0.088931,0.008575,0.006703,-0.009296,0.008575,5,59,0,fixed,5,1,1,0,3.000000,4.000000
1002,centralized_dqn,logistic_bootstrap,1,5,1,11,1,1,4,0.000000,80.666700,0.495868,22,0.310341,36,0,2,1,0.310341,0.848836,0.538495,0.538495,0.310341,0.000000,59,0,1,0,30,22,28,94.000000,80.666700,65.666700,0.425532,0.495868,0.609137,0.006844,0.006703,0.001427,0.006844,5,59,0,fixed,5,1,1,0,3.000000,4.000000
1002,centralized_dqn,logistic_bootstrap,1,5,1,12,1,1,2,3.821782,80.666700,0.477723,22,0.310341,36,0,0,1,0.310341,0.848836,0.538495,0.538495,0.310341,0.000000,59,0,1,0,30,22,28,94.000000,80.666700,65.666700,0.692583,0.384886,0.088931,0.008575,0.006703,-0.009296,0.008575,5,59,0,fixed,5,1,1,0,3.000000,4.000000
1002,centralized_dqn,logistic_bootstrap,1,5,1,13,0,0,4,0.000000,94.000000,0.425532,30,0.310341,36,0,2,1,0.310341,0.848836,0.538495,0.538495,0.310341,0.000000,59,0,1,0,30,22,28,94.000000,80.666700,65.666700,0.425532,0.495868,0.609137,0.006703,0.006563,0.001291,0.006563,5,59,0,fixed,5,1,1,0,3.000000,4.000000
1002,centralized_dqn,logistic_bootstrap,1,5,1,14,0,0,3,0.000000,94.000000,1.063830,30,0.310341,36,0,2,1,0.310341,0.848836,0.538495,0.538495,0.310341,0.000000,59,0,1,1,30,22,28,94.000000,80.666700,65.666700,1.063830,1.239669,1.522842,0.006703,0.006312,0.000776,0.006312,5,59,0,fixed,5,1,1,0,3.000000,4.000000
1002,centralized_dqn,logistic_bootstrap,1,5,1,15,2,2,1,1.853336,65.666700,0.617779,28,0.310341,36,0,1,1,0.310341,0.848836,0.538495,0.538495,0.310341,0.000000,59,0,1,-1,30,22,28,94.000000,80.666700,65.666700,1.130906,1.118069,0.612026,0.014138,0.013540,0.006703,0.014138,5,59,0,fixed,5,1,1,0,3.000000,4.000000
1002,centralized_dqn,logistic_bootstrap,1,5,1,16,0,0,4,0.000000,94.000000,0.425532,30,0.310341,36,0,2,1,0.310341,0.848836,0.538495,0.538495,0.310341,0.000000,59,0,1,0,30,22,28,94.000000,80.666700,65.666700,0.425532,0.495868,0.609137,0.006703,0.006563,0.001291,0.006563,5,59,0,fixed,5,1,1,0,3.000000,4.000000
1002,centralized_dqn,logistic_bootstrap,1,5,1,17,2,2,3,0.000000,65.666700,1.522842,28,0.310341,36,0,2,0,0.310341,0.848836,0.538495,0.538495,0.310341,0.000000,59,0,1,1,30,22,28,94.000000,80.666700,65.666700,1.063830,1.239669,1.522842,0.012860,0.012454,0.006703,0.012860,5,59,0,fixed,5,1,1,0,3.000000,4.000000
1002,centralized_dqn,logistic_bootstrap,1,5,1,18,0,0,1,3.505858,94.000000,1.168619,30,0.310341,36,0,1,1,0.310341,0.848836,0.538495,0.538495,0.310341,0.000000,59,0,1,1,30,22,28,94.000000,80.666700,65.666700,1.168601,1.118069,0.592033,0.006703,0.006061,-0.000603,0.006061,5,59,0,fixed,5,1,1,0,3.000000,4.000000
1002,centralized_dqn,logistic_bootstrap,1,5,1,19,2,2,2,0.736662,65.666700,0.092083,28,0.310341,36,0,0,1,0.310341,0.848836,0.538495,0.538495,0.310341,0.000000,59,0,1,0,30,22,28,94.000000,80.666700,65.666700,0.692583,0.379252,0.092109,0.025490,0.023196,0.006703,0.025490,5,59,0,fixed,5,1,1,0,3.000000,4.000000
1002,centralized_dqn,logistic_bootstrap,1,5,1,20,1,1,4,0.000000,80.666700,0.495868,22,0.310341,36,0,2,1,0.310341,0.848836,0.538495,0.538495,0.310341,0.000000,59,0,1,0,30,22,28,94.000000,80.666700,65.666700,0.425532,0.495868,0.609137,0.006844,0.006703,0.001427,0.006844,5,59,0,fixed,5,1,1,0,3.000000,4.000000
1002,centralized_dqn,logistic_bootstrap,1,5,1,21,2,2,2,0.736556,65.666700,0.092069,28,0.310341,36,1,0,1,0.310341,0.848836,0.538495,0.538495,0.310341,0.000000,59,0,1,0,30,22,28,94.000000,80.666700,65.666700,0.692583,0.379252,0.092110,0.025489,0.023196,0.006703,0.025489,5,59,0,fixed,5,1,1,0,3.000000,4.000000
1002,centralized_dqn,logistic_bootstrap,1,5,1,22,1,1,3,0.000000,80.666700,1.239669,22,0.310341,36,0,2,1,0.310341,0.848836,0.538495,0.538495,0.310341,0.000000,59,0,1,-1,30,22,28,94.000000,80.666700,65.666700,1.063830,1.239669,1.522842,0.007095,0.006703,0.001154,0.007095,5,59,0,fixed,5,1,1,0,3.000000,4.000000
1002,centralized_dqn,logistic_bootstrap,1,5,1,23,0,0,3,0.000000,94.000000,1.063830,30,0.310341,36,0,2,1,0.310341,0.848836,0.538495,0.538495,0.310341,0.000000,59,0,1,1,30,22,28,94.000000,80.666700,65.666700,1.063830,1.239669,1.522842,0.006703,0.006312,0.000776,0.006312,5,59,0,fixed,5,1,1,0,3.000000,4.000000
1002,centralized_dqn,logistic_bootstrap,1,5,1,24,1,1,1,3.507296,80.666700,1.169099,22,0.310341,36,0,1,0,0.310341,0.848836,0.538495,0.538495,0.310341,0.000000,59,0,1,-1,30,22,28,94.000000,80.666700,65.666700,1.130906,1.168821,0.592033,0.007178,0.006703,-0.000081,0.007178,5,59,0,fixed,5,1,1,0,3.000000,4.000000
1002,centralized_dqn,logistic_bootstrap,1,5,1,25,1,1,2,3.821817,80.666700,0.477727,22,0.310341,36,0,0,1,0.310341,0.848836,0.538495,0.538495,0.310341,0.000000,59,0,1,0,30,22,28,94.000000,80.666700,65.666700,0.692583,0.384885,0.088931,0.008575,0.006703,-0.009296,0.008575,5,59,0,fixed,5,1,1,0,3.000000,4.000000
1002,centralized_dqn,logistic_bootstrap,1,5,1,26,2,2,4,0.000000,65.666700,0.609137,28,0.310341,36,0,2,0,0.310341,0.848836,0.538495,0.538495,0.310341,0.000000,59,0,1,-1,30,22,28,94.000000,80.666700,65.666700,0.425532,0.495868,0.609137,0.012306,0.012161,0.006703,0.012306,5,59,0,fixed,5,1,1,0,3.000000,4.000000
1002,centralized_dqn,logistic_bootstrap,1,5,1,27,1,1,2,3.819615,80.666700,0.477452,22,0.310341,36,0,0,1,0.310341,0.848836,0.538495,0.538495,0.310341,0.000000,59,0,1,0,30,22,28,94.000000,80.666700,65.666700,0.692583,0.384925,0.088931,0.008575,0.006703,-0.009296,0.008575,5,59,0,fixed,5,1,1,0,3.000000,4.000000
1002,centralized_dqn,logistic_bootstrap,1,5,1,28,2,2,2,0.736585,65.666700,0.092073,28,0.310341,36,0,0,1,0.310341,0.848836,0.538495,0.538495,0.310341,0.000000,59,0,1,0,30,22,28,94.000000,80.666700,65.666700,0.692583,0.379252,0.092109,0.025490,0.023196,0.006703,0.025490,5,59,0,fixed,5,1,1,0,3.000000,4.000000
1002,centralized_dqn,logistic_bootstrap,1,5,1,29,2,2,2,0.736638,65.666700,0.092080,28,0.310341,36,0,0,1,0.310341,0.848836,0.538495,0.538495,0.310341,0.000000,59,0,1,0,30,22,28,94.000000,80.666700,65.666700,0.692583,0.379252,0.092109,0.025490,0.023196,0.006703,0.025490,5,59,0,fixed,5,1,1,0,3.000000,4.000000
1002,centralized_dqn,logistic_bootstrap,1,5,1,30,0,0,3,0.000000,94.000000,1.063830,30,0.310341,36,0,2,1,0.310341,0.848836,0.538495,0.538495,0.310341,0.000000,59,0,1,1,30,22,28,94.000000,80.666700,65.666700,1.063830,1.239669,1.522842,0.006703,0.006312,0.000776,0.006312,5,59,0,fixed,5,1,1,0,3.000000,4.000000
1002,centralized_dqn,logistic_bootstrap,1,5,1,31,0,0,1,3.507134,94.000000,1.169045,30,0.310341,36,0,1,1,0.310341,0.848836,0.538495,0.538495,0.310341,0.000000,59,0,1,1,30,22,28,94.000000,80.666700,65.666700,1.168547,1.118069,0.592033,0.006703,0.006061,-0.000603,0.006061,5,59,0,fixed,5,1,1,0,3.000000,4.000000
1002,centralized_dqn,logistic_bootstrap,1,5,1,32,1,1,1,3.506685,80.666700,1.168895,22,0.310341,36,0,1,0,0.310341,0.848836,0.538495,0.538495,0.310341,0.000000,59,0,1,-1,30,22,28,94.000000,80.666700,65.666700,1.130906,1.168889,0.592033,0.007178,0.006703,-0.000081,0.007178,5,59,0,fixed,5,1,1,0,3.000000,4.000000
1002,centralized_dqn,logistic_bootstrap,1,5,1,33,0,0,2,5.657872,94.000000,0.707234,30,0.310341,36,0,0,0,0.310341,0.848836,0.538495,0.538495,0.310341,0.000000,59,0,1,-1,30,22,28,94.000000,80.666700,65.666700,0.716875,0.379252,0.088931,0.006703,0.004540,-0.011071,0.004540,5,59,0,fixed,5,1,1,0,3.000000,4.000000
1002,centralized_dqn,logistic_bootstrap,1,5,1,34,2,2,2,0.736626,65.666700,0.092078,28,0.310341,36,0,0,1,0.310341,0.848836,0.538495,0.538495,0.310341,0.000000,59,0,1,0,30,22,28,94.000000,80.666700,65.666700,0.692583,0.379252,0.092109,0.025490,0.023196,0.006703,0.025490,5,59,0,fixed,5,1,1,0,3.000000,4.000000
1002,centralized_dqn,logistic_bootstrap,1,5,1,35,1,1,2,0.868816,80.666700,0.108602,22,0.310341,36,0,0,1,0.310341,0.848836,0.538495,0.538495,0.310341,0.000000,59,0,1,0,30,22,28,94.000000,80.666700,65.666700,0.692583,0.437617,0.088931,0.008196,0.006703,-0.009634,0.008196,5,59,0,fixed,5,1,1,0,3.000000,4.000000
1002,centralized_dqn,logistic_bootstrap,1,5,1,36,2,2,3,0.000000,65.666700,1.522842,28,0.310341,36,0,2,0,0.310341,0.848836,0.538495,0.538495,0.310341,0.000000,59,0,1,1,30,22,28,94.000000,80.666700,65.666700,1.063830,1.239669,1.522842,0.012860,0.012454,0.006703,0.012860,5,59,0,fixed,5,1,1,0,3.000000,4.000000
1002,centralized_dqn,logistic_bootstrap,1,5,1,37,0,0,2,5.657861,94.000000,0.707233,30,0.310341,36,0,0,0,0.310341,0.848836,0.538495,0.538495,0.310341,0.000000,59,0,1,-1,30,22,28,94.000000,80.666700,65.666700,0.716875,0.379252,0.088931,0.006703,0.004540,-0.011071,0.004540,5,59,0,fixed,5,1,1,0,3.000000,4.000000
1002,centralized_dqn,logistic_bootstrap,1,5,1,38,2,2,4,0.000000,65.666700,0.609137,28,0.310341,36,0,2,0,0.310341,0.848836,0.538495,0.538495,0.310341,0.000000,59,0,1,-1,30,22,28,94.000000,80.666700,65.666700,0.425532,0.495868,0.609137,0.012306,0.012161,0.006703,0.012306,5,59,0,fixed,5,1,1,0,3.000000,4.000000
1002,centralized_dqn,logistic_bootstrap,1,5,1,39,0,0,2,5.658942,94.000000,0.707368,30,0.310341,36,0,0,0,0.310341,0.848836,0.538495,0.538495,0.310341,0.000000,59,0,1,-1,30,22,28,94.000000,80.666700,65.666700,0.716856,0.379252,0.088931,0.006703,0.004540,-0.011071,0.004540,5,59,0,fixed,5,1,1,0,3.000000,4.000000
1002,centralized_dqn,logistic_bootstrap,1,5,1,40,2,2,4,0.000000,65.666700,0.609137,28,0.310341,36,0,2,0,0.310341,0.848836,0.538495,0.538495,0.310341,0.000000,59,0,1,-1,30,22,28,94.000000,80.666700,65.666700,0.425532,0.495868,0.609137,0.012306,0.012161,0.006703,0.012306,5,59,0,fixed,5,1,1,0,3.000000,4.000000
1002,centralized_dqn,logistic_bootstrap,1,5,1,41,0,0,4,0.000000,94.000000,0.425532,30,0.310341,36,0,2,1,0.310341,0.848836,0.538495,0.538495,0.310341,0.000000,59,0,1,0,30,22,28,94.000000,80.666700,65.666700,0.425532,0.495868,0.609137,0.006703,0.006563,0.001291,0.006563,5,59,0,fixed,5,1,1,0,3.000000,4.000000
1002,centralized_dqn,logistic_bootstrap,1,5,1,42,0,0,1,3.505858,94.000000,1.168619,30,0.310341,36,0,1,1,0.310341,0.848836,0.538495,0.538495,0.310341,0.000000,59,0,1,1,30,22,28,94.000000,80.666700,65.666700,1.168601,1.118069,0.592033,0.006703,0.006061,-0.000603,0.006061,5,59,0,fixed,5,1,1,0,3.000000,4.000000
1002,centralized_dqn,logistic_bootstrap,1,5,1,43,2,2,1,1.889380,65.666700,0.629793,28,0.310341,36,0,1,1,0.310341,0.848836,0.538495,0.538495,0.310341,0.000000,59,0,1,-1,30,22,28,94.000000,80.666700,65.666700,1.130906,1.118069,0.609022,0.014148,0.013550,0.006703,0.014148,5,59,0,fixed,5,1,1,0,3.000000,4.000000
1002,centralized_dqn,logistic_bootstrap,1,5,1,44,0,0,1,3.505247,94.000000,1.168416,30,0.310341,36,0,1,1,0.310341,0.848836,0.538495,0.538495,0.310341,0.000000,59,0,1,1,30,22,28,94.000000,80.666700,65.666700,1.168626,1.118069,0.592033,0.006703,0.006061,-0.000603,0.006061,5,59,0,fixed,5,1,1,0,3.000000,4.000000
1002,centralized_dqn,logistic_bootstrap,1,5,1,45,1,1,3,0.000000,80.666700,1.239669,22,0.310341,36,0,2,1,0.310341,0.848836,0.538495,0.538495,0.310341,0.000000,59,0,1,-1,30,22,28,94.000000,80.666700,65.666700,1.063830,1.239669,1.522842,0.007095,0.006703,0.001154,0.007095,5,59,0,fixed,5,1,1,0,3.000000,4.000000
1002,centralized_dqn,logistic_bootstrap,1,5,1,46,0,0,2,5.658954,94.000000,0.707369,30,0.310341,36,0,0,0,0.310341,0.848836,0.538495,0.538495,0.310341,0.000000,59,0,1,-1,30,22,28,94.000000,80.666700,65.666700,0.716855,0.379252,0.088931,0.006703,0.004540,-0.011071,0.004540,5,59,0,fixed,5,1,1,0,3.000000,4.000000
1002,centralized_dqn,logistic_bootstrap,1,5,1,47,0,0,4,0.000000,94.000000,0.425532,30,0.310341,36,0,2,1,0.310341,0.848836,0.538495,0.538495,0.310341,0.000000,59,0,1,0,30,22,28,94.000000,80.666700,65.666700,0.425532,0.495868,0.609137,0.006703,0.006563,0.001291,0.006563,5,59,0,fixed,5,1,1,0,3.000000,4.000000
1002,centralized_dqn,logistic_bootstrap,1,5,1,48,0,0,3,0.000000,94.000000,1.063830,30,0.310341,36,0,2,1,0.310341,0.848836,0.538495,0.538495,0.310341,0.000000,59,0,1,1,30,22,28,94.000000,80.666700,65.666700,1.063830,1.239669,1.522842,0.006703,0.006312,0.000776,0.006312,5,59,0,fixed,5,1,1,0,3.000000,4.000000
1002,centralized_dqn,logistic_bootstrap,1,5,1,49,0,0,1,3.504690,94.000000,1.168230,30,0.310341,36,0,1,1,0.310341,0.848836,0.538495,0.538495,0.310341,0.000000,59,0,1,1,30,22,28,94.000000,80.666700,65.666700,1.168649,1.118069,0.592033,0.006703,0.006061,-0.000603,0.006061,5,59,0,fixed,5,1,1,0,3.000000,4.000000
1002,centralized_dqn,logistic_bootstrap,1,5,1,50,0,0,2,5.661117,94.000000,0.707640,30,0.310341,36,0,0,0,0.310341,0.848836,0.538495,0.538495,0.310341,0.000000,59,0,1,-1,30,22,28,94.000000,80.666700,65.666700,0.716817,0.379252,0.088931,0.006703,0.004540,-0.011071,0.004540,5,59,0,fixed,5,1,1,0,3.000000,4.000000
1002,centralized_dqn,logistic_bootstrap,1,5,1,51,1,1,4,0.000000,80.666700,0.495868,22,0.310341,36,0,2,1,0.310341,0.848836,0.538495,0.538495,0.310341,0.000000,59,0,1,0,30,22,28,94.000000,80.666700,65.666700,0.425532,0.495868,0.609137,0.006844,0.006703,0.001427,0.006844,5,59,0,fixed,5,1,1,0,3.000000,4.000000
1002,centralized_dqn,logistic_bootstrap,1,5,1,52,1,1,4,0.000000,80.666700,0.495868,22,0.310341,36,0,2,1,0.310341,0.848836,0.538495,0.538495,0.310341,0.000000,59,0,1,0,30,22,28,94.000000,80.666700,65.666700,0.425532,0.495868,0.609137,0.006844,0.006703,0.001427,0.006844,5,59,0,fixed,5,1,1,0,3.000000,4.000000
1002,centralized_dqn,logistic_bootstrap,1,5,1,53,2,2,2,0.736615,65.666700,0.092077,28,0.310341,36,0,0,1,0.310341,0.848836,0.538495,0.538495,0.310341,0.000000,59,0,1,0,30,22,28,94.000000,80.666700,65.666700,0.692583,0.379252,0.092109,0.025490,0.023196,0.006703,0.025490,5,59,0,fixed,5,1,1,0,3.000000,4.000000
1002,centralized_dqn,logistic_bootstrap,1,5,1,54,2,2,2,0.736609,65.666700,0.092076,28,0.310341,36,0,0,1,0.310341,0.848836,0.538495,0.538495,0.310341,0.000000,59,0,1,0,30,22,28,94.000000,80.666700,65.666700,0.692583,0.379252,0.092109,0.025490,0.023196,0.006703,0.025490,5,59,0,fixed,5,1,1,0,3.000000,4.000000
1002,centralized_dqn,logistic_bootstrap,1,5,1,55,0,0,1,3.506469,94.000000,1.168823,30,0.310341,36,0,1,1,0.310341,0.848836,0.538495,0.538495,0.310341,0.000000,59,0,1,1,30,22,28,94.000000,80.666700,65.666700,1.168575,1.118069,0.592033,0.006703,0.006061,-0.000603,0.006061,5,59,0,fixed,5,1,1,0,3.000000,4.000000
1002,centralized_dqn,logistic_bootstrap,1,5,1,56,2,2,1,1.799576,65.666700,0.599859,28,0.310341,36,0,1,1,0.310341,0.848836,0.538495,0.538495,0.310341,0.000000,59,0,1,-1,30,22,28,94.000000,80.666700,65.666700,1.130906,1.118069,0.616506,0.014123,0.013525,0.006703,0.014123,5,59,0,fixed,5,1,1,0,3.000000,4.000000
1002,centralized_dqn,logistic_bootstrap,1,5,1,57,1,1,3,0.000000,80.666700,1.239669,22,0.310341,36,0,2,1,0.310341,0.848836,0.538495,0.538495,0.310341,0.000000,59,0,1,-1,30,22,28,94.000000,80.666700,65.666700,1.063830,1.239669,1.522842,0.007095,0.006703,0.001154,0.007095,5,59,0,fixed,5,1,1,0,3.000000,4.000000
1002,centralized_dqn,logistic_bootstrap,1,5,1,58,2,2,2,0.736626,65.666700,0.092078,28,0.310341,36,0,0,1,0.310341,0.848836,0.538495,0.538495,0.310341,0.000000,59,0,1,0,30,22,28,94.000000,80.666700,65.666700,0.692583,0.379252,0.092109,0.025490,0.023196,0.006703,0.025490,5,59,0,fixed,5,1,1,0,3.000000,4.000000
1002,centralized_dqn,logistic_bootstrap,1,5,1,59,2,2,3,0.000000,65.666700,1.522842,28,0.310341,36,0,2,0,0.310341,0.848836,0.538495,0.538495,0.310341,0.000000,59,0,1,1,30,22,28,94.000000,80.666700,65.666700,1.063830,1.239669,1.522842,0.012860,0.012454,0.006703,0.012860,5,59,0,fixed,5,1,1,0,3.000000,4.000000
1002,centralized_dqn,logistic_bootstrap,1,5,1,60,1,1,1,3.504906,80.666700,1.168302,22,0.310341,36,0,1,0,0.310341,0.848836,0.538495,0.538495,0.310341,0.000000,59,0,1,-1,30,22,28,94.000000,80.666700,65.666700,1.130906,1.169087,0.592033,0.007178,0.006703,-0.000081,0.007178,5,59,0,fixed,5,1,1,0,3.000000,4.000000
1002,centralized_dqn,logistic_bootstrap,1,5,1,61,1,1,2,2.446810,80.666700,0.305851,22,0.310341,36,0,0,1,0.310341,0.848836,0.538495,0.538495,0.310341,0.000000,59,0,1,0,30,22,28,94.000000,80.666700,65.666700,0.692583,0.409439,0.088931,0.008386,0.006703,-0.009464,0.008386,5,59,0,fixed,5,1,1,0,3.000000,4.000000
1002,centralized_dqn,logistic_bootstrap,1,5,1,62,0,0,1,3.504025,94.000000,1.168008,30,0.310341,36,0,1,1,0.310341,0.848836,0.538495,0.538495,0.310341,0.000000,59,0,1,1,30,22,28,94.000000,80.666700,65.666700,1.168677,1.118069,0.592033,0.006703,0.006061,-0.000603,0.006061,5,59,0,fixed,5,1,1,0,3.000000,4.000000
1002,centralized_dqn,logistic_bootstrap,1,5,1,63,1,1,2,2.955132,80.666700,0.369392,22,0.310341,36,0,0,1,0.310341,0.848836,0.538495,0.538495,0.310341,0.000000,59,0,1,0,30,22,28,94.000000,80.666700,65.666700,0.692583,0.400362,0.088931,0.008454,0.006703,-0.009404,0.008454,5,59,0,fixed,5,1,1,0,3.000000,4.000000
1002,centralized_dqn,logistic_bootstrap,1,5,1,64,2,2,2,0.736597,65.666700,0.092075,28,0.310341,36,0,0,1,0.310341,0.848836,0.538495,0.538495,0.310341,0.000000,59,0,1,0,30,22,28,94.000000,80.666700,65.666700,0.692583,0.379252,0.092109,0.025490,0.023196,0.006703,0.025490,5,59,0,fixed,5,1,1,0,3.000000,4.000000
1002,centralized_dqn,logistic_bootstrap,1,5,1,65,0,0,2,5.660095,94.000000,0.707512,30,0.310341,36,0,0,0,0.310341,0.848836,0.538495,0.538495,0.310341,0.000000,59,0,1,-1,30,22,28,94.000000,80.666700,65.666700,0.716835,0.379252,0.088931,0.006703,0.004540,-0.011071,0.004540,5,59,0,fixed,5,1,1,0,3.000000,4.000000
1002,centralized_dqn,logistic_bootstrap,1,5,1,66,2,2,4,0.000000,65.666700,0.609137,28,0.310341,36,0,2,0,0.310341,0.848836,0.538495,0.538495,0.310341,0.000000,59,0,1,-1,30,22,28,94.000000,80.666700,65.666700,0.425532,0.495868,0.609137,0.012306,0.012161,0.006703,0.012306,5,59,0,fixed,5,1,1,0,3.000000,4.000000
1002,centralized_dqn,logistic_bootstrap,1,5,1,67,2,2,2,0.736596,65.666700,0.092075,28,0.310341,36,0,0,1,0.310341,0.848836,0.538495,0.538495,0.310341,0.000000,59,0,1,0,30,22,28,94.000000,80.666700,65.666700,0.692583,0.379252,0.092109,0.025490,0.023196,0.006703,0.025490,5,59,0,fixed,5,1,1,0,3.000000,4.000000
1002,centralized_dqn,logistic_bootstrap,1,5,1,68,0,0,2,5.661081,94.000000,0.707635,30,0.310341,36,0,0,0,0.310341,0.848836,0.538495,0.538495,0.310341,0.000000,59,0,1,-1,30,22,28,94.000000,80.666700,65.666700,0.716817,0.379252,0.088931,0.006703,0.004540,-0.011071,0.004540,5,59,0,fixed,5,1,1,0,3.000000,4.000000
1002,centralized_dqn,logistic_bootstrap,1,5,1,69,0,0,1,3.506523,94.000000,1.168841,30,0.310341,36,0,1,1,0.310341,0.848836,0.538495,0.538495,0.310341,0.000000,59,0,1,1,30,22,28,94.000000,80.666700,65.666700,1.168573,1.118069,0.592033,0.006703,0.006061,-0.000603,0.006061,5,59,0,fixed,5,1,1,0,3.000000,4.000000
1002,centralized_dqn,logistic_bootstrap,1,5,1,70,1,1,4,0.000000,80.666700,0.495868,22,0.310341,36,0,2,1,0.310341,0.848836,0.538495,0.538495,0.310341,0.000000,59,0,1,0,30,22,28,94.000000,80.666700,65.666700,0.425532,0.495868,0.609137,0.006844,0.006703,0.001427,0.006844,5,59,0,fixed,5,1,1,0,3.000000,4.000000
1002,centralized_dqn,logistic_bootstrap,1,5,1,71,0,0,1,3.506469,94.000000,1.168823,30,0.310341,36,0,1,1,0.310341,0.848836,0.538495,0.538495,0.310341,0.000000,59,0,1,1,30,22,28,94.000000,80.666700,65.666700,1.168575,1.118069,0.592033,0.006703,0.006061,-0.000603,0.006061,5,59,0,fixed,5,1,1,0,3.000000,4.000000
1002,centralized_dqn,logistic_bootstrap,1,5,1,72,1,1,3,0.000000,80.666700,1.239669,22,0.310341,36,0,2,1,0.310341,0.848836,0.538495,0.538495,0.310341,0.000000,59,0,1,-1,30,22,28,94.000000,80.666700,65.666700,1.063830,1.239669,1.522842,0.007095,0.006703,0.001154,0.007095,5,59,0,fixed,5,1,1,0,3.000000,4.000000
1002,centralized_dqn,logistic_bootstrap,1,5,1,73,2,2,2,0.736609,65.666700,0.092076,28,0.310341,36,0,0,1,0.310341,0.848836,0.538495,0.538495,0.310341,0.000000,59,0,1,0,30,22,28,94.000000,80.666700,65.666700,0.692583,0.379252,0.092109,0.025490,0.023196,0.006703,0.025490,5,59,0,fixed,5,1,1,0,3.000000,4.000000
1002,centralized_dqn,logistic_bootstrap,1,5,1,74,0,0,4,0.000000,94.000000,0.425532,30,0.310341,36,0,2,1,0.310341,0.848836,0.538495,0.538495,0.310341,0.000000,59,0,1,0,30,22,28,94.000000,80.666700,65.666700,0.425532,0.495868,0.609137,0.006703,0.006563,0.001291,0.006563,5,59,0,fixed,5,1,1,0,3.000000,4.000000
1002,centralized_dqn,logistic_bootstrap,1,5,1,75,1,1,4,0.000000,80.666700,0.495868,22,0.310341,36,0,2,1,0.310341,0.848836,0.538495,0.538495,0.310341,0.000000,59,0,1,0,30,22,28,94.000000,80.666700,65.666700,0.425532,0.495868,0.609137,0.006844,0.006703,0.001427,0.006844,5,59,0,fixed,5,1,1,0,3.000000,4.000000
1002,centralized_dqn,logistic_bootstrap,1,5,1,76,2,2,2,0.737719,65.666700,0.092215,28,0.310341,36,0,0,1,0.310341,0.848836,0.538495,0.538495,0.310341,0.000000,59,0,1,0,30,22,28,94.000000,80.666700,65.666700,0.692583,0.379252,0.092099,0.025491,0.023198,0.006703,0.025491,5,59,0,fixed,5,1,1,0,3.000000,4.000000
1002,centralized_dqn,logistic_bootstrap,1,5,1,77,2,2,2,0.737766,65.666700,0.092221,28,0.310341,36,0,0,1,0.310341,0.848836,0.538495,0.538495,0.310341,0.000000,59,0,1,0,30,22,28,94.000000,80.666700,65.666700,0.692583,0.379252,0.092098,0.025491,0.023198,0.006703,0.025491,5,59,0,fixed,5,1,1,0,3.000000,4.000000
1002,centralized_dqn,logistic_bootstrap,1,5,1,78,2,2,1,1.797743,65.666700,0.599248,28,0.310341,36,0,1,1,0.310341,0.848836,0.538495,0.538495,0.310341,0.000000,59,0,1,-1,30,22,28,94.000000,80.666700,65.666700,1.130906,1.118069,0.616659,0.014122,0.013524,0.006703,0.014122,5,59,0,fixed,5,1,1,0,3.000000,4.000000
1002,centralized_dqn,logistic_bootstrap,1,5,1,79,2,2,2,0.737766,65.666700,0.092221,28,0.310341,36,0,0,1,0.310341,0.848836,0.538495,0.538495,0.310341,0.000000,59,0,1,0,30,22,28,94.000000,80.666700,65.666700,0.692583,0.379252,0.092098,0.025491,0.023198,0.006703,0.025491,5,59,0,fixed,5,1,1,0,3.000000,4.000000
1002,centralized_dqn,logistic_bootstrap,1,5,1,80,0,0,4,0.000000,94.000000,0.425532,30,0.310341,36,0,2,1,0.310341,0.848836,0.538495,0.538495,0.310341,0.000000,59,0,1,0,30,22,28,94.000000,80.666700,65.666700,0.425532,0.495868,0.609137,0.006703,0.006563,0.001291,0.006563,5,59,0,fixed,5,1,1,0,3.000000,4.000000
1002,centralized_dqn,centralized_dqn,0,5,2,1,2,2,4,0.000000,49.000000,0.816327,32,0.561685,30,0,2,0,0.561685,0.602468,0.040783,0.040783,0.561685,0.251345,5,27,1,-1,30,18,32,113.000000,75.166700,49.000000,0.353982,0.532151,0.816327,-0.014453,-0.003987,0.003351,0.000000,5,5,0,fixed,5,1,1,0,3.000000,4.000000
1002,centralized_dqn,centralized_dqn,0,5,2,2,0,0,2,2.600076,113.000000,0.325009,30,0.561685,30,1,1,1,0.561685,0.602468,0.040783,0.040783,0.561685,0.251345,5,27,1,0,30,18,32,113.000000,75.166700,49.000000,0.332909,0.294019,0.315161,0.003351,0.008588,0.014488,0.014488,5,5,0,fixed,5,1,1,0,3.000000,4.000000
1002,centralized_dqn,centralized_dqn,0,5,2,3,1,1,1,2.264785,75.166700,0.754928,18,0.561685,30,0,2,1,0.561685,0.602468,0.040783,0.040783,0.561685,0.251345,5,27,1,-1,30,18,32,113.000000,75.166700,49.000000,0.858440,0.831883,0.732052,-0.003849,0.003351,0.007280,0.007280,5,5,0,fixed,5,1,1,0,3.000000,4.000000
1002,centralized_dqn,centralized_dqn,0,5,2,4,0,0,2,2.663458,113.000000,0.332932,30,0.561685,30,0,0,0,0.561685,0.602468,0.040783,0.040783,0.561685,0.251345,5,27,1,0,30,18,32,113.000000,75.166700,49.000000,0.332636,0.294019,0.322843,0.003351,0.008597,0.014812,0.014812,5,5,0,fixed,5,1,1,0,3.000000,4.000000
1002,centralized_dqn,centralized_dqn,0,5,2,5,1,1,1,3.297031,75.166700,1.099010,18,0.561685,30,0,1,0,0.561685,0.602468,0.040783,0.040783,0.561685,0.251345,5,27,1,-1,30,18,32,113.000000,75.166700,49.000000,0.858440,0.811643,1.065707,-0.003739,0.003351,0.009131,0.009131,5,5,0,fixed,5,1,1,0,3.000000,4.000000
1002,centralized_dqn,centralized_dqn,0,5,2,6,2,2,3,0.000000,49.000000,2.040816,32,0.561685,30,0,2,0,0.561685,0.602468,0.040783,0.040783,0.561685,0.251345,5,27,1,1,30,18,32,113.000000,75.166700,49.000000,0.884956,1.330376,2.040816,-0.010835,-0.002456,0.003351,0.000000,5,5,0,fixed,5,1,1,0,3.000000,4.000000
1002,centralized_dqn,centralized_dqn,0,5,2,7,2,2,4,0.000000,49.000000,0.816327,32,0.561685,30,0,2,0,0.561685,0.602468,0.040783,0.040783,0.561685,0.251345,5,27,1,-1,30,18,32,113.000000,75.166700,49.000000,0.353982,0.532151,0.816327,-0.014453,-0.003987,0.003351,0.000000,5,5,0,fixed,5,1,1,0,3.000000,4.000000
1002,centralized_dqn,centralized_dqn,0,5,2,8,2,2,4,0.000000,49.000000,0.816327,32,0.561685,30,0,2,0,0.561685,0.602468,0.040783,0.040783,0.561685,0.251345,5,27,1,-1,30,18,32,113.000000,75.166700,49.000000,0.353982,0.532151,0.816327,-0.014453,-0.003987,0.003351,0.000000,5,5,0,fixed,5,1,1,0,3.000000,4.000000
1002,centralized_dqn,centralized_dqn,0,5,2,9,2,2,3,0.000000,49.000000,2.040816,32,0.561685,30,0,2,0,0.561685,0.602468,0.040783,0.040783,0.561685,0.251345,5,27,1,1,30,18,32,113.000000,75.166700,49.000000,0.884956,1.330376,2.040816,-0.010835,-0.002456,0.003351,0.000000,5,5,0,fixed,5,1,1,0,3.000000,4.000000
1002,centralized_dqn,centralized_dqn,0,5,2,10,0,0,2,2.663281,113.000000,0.332910,30,0.561685,30,0,0,0,0.561685,0.602468,0.040783,0.040783,0.561685,0.251345,5,27,1,0,30,18,32,113.000000,75.166700,49.000000,0.332636,0.294019,0.322822,0.003351,0.008597,0.014811,0.014811,5,5,0,fixed,5,1,1,0,3.000000,4.000000
1002,centralized_dqn,centralized_dqn,0,5,2,11,2,2,4,0.000000,49.000000,0.816327,32,0.561685,30,0,2,0,0.561685,0.602468,0.040783,0.040783,0.561685,0.251345,5,27,1,-1,30,18,32,113.000000,75.166700,49.000000,0.353982,0.532151,0.816327,-0.014453,-0.003987,0.003351,0.000000,5,5,0,fixed,5,1,1,0,3.000000,4.000000
1002,centralized_dqn,centralized_dqn,0,5,2,12,0,0,2,2.664374,113.000000,0.333047,30,0.561685,30,0,0,0,0.561685,0.602468,0.040783,0.040783,0.561685,0.251345,5,27,1,0,30,18,32,113.000000,75.166700,49.000000,0.332632,0.294019,0.322954,0.003351,0.008598,0.014816,0.014816,5,5,0,fixed,5,1,1,0,3.000000,4.000000
1002,centralized_dqn,centralized_dqn,0,5,2,13,2,2,4,0.000000,49.000000,0.816327,32,0.561685,30,0,2,0,0.561685,0.602468,0.040783,0.040783,0.561685,0.251345,5,27,1,-1,30,18,32,113.000000,75.166700,49.000000,0.353982,0.532151,0.816327,-0.014453,-0.003987,0.003351,0.000000,5,5,0,fixed,5,1,1,0,3.000000,4.000000
1002,centralized_dqn,centralized_dqn,0,5,2,14,2,2,3,0.000000,49.000000,2.040816,32,0.561685,30,0,2,0,0.561685,0.602468,0.040783,0.040783,0.561685,0.251345,5,27,1,1,30,18,32,113.000000,75.166700,49.000000,0.884956,1.330376,2.040816,-0.010835,-0.002456,0.003351,0.000000,5,5,0,fixed,5,1,1,0,3.000000,4.000000
1002,centralized_dqn,centralized_dqn,0,5,2,15,1,1,1,3.287925,75.166700,1.095975,18,0.561685,30,0,1,0,0.561685,0.602468,0.040783,0.040783,0.561685,0.251345,5,27,1,-1,30,18,32,113.000000,75.166700,49.000000,0.858440,0.811822,1.062764,-0.003740,0.003351,0.009119,0.009119,5,5,0,fixed,5,1,1,0,3.000000,4.000000
1002,centralized_dqn,centralized_dqn,0,5,2,16,2,2,4,0.000000,49.000000,0.816327,32,0.561685,30,0,2,0,0.561685,0.602468,0.040783,0.040783,0.561685,0.251345,5,27,1,-1,30,18,32,113.000000,75.166700,49.000000,0.353982,0.532151,0.816327,-0.014453,-0.003987,0.003351,0.000000,5,5,0,fixed,5,1,1,0,3.000000,4.000000
1002,centralized_dqn,centralized_dqn,0,5,2,17,2,2,3,0.000000,49.000000,2.040816,32,0.561685,30,0,2,0,0.561685,0.602468,0.040783,0.040783,0.561685,0.251345,5,27,1,1,30,18,32,113.000000,75.166700,49.000000,0.884956,1.330376,2.040816,-0.010835,-0.002456,0.003351,0.000000,5,5,0,fixed,5,1,1,0,3.000000,4.000000
1002,centralized_dqn,centralized_dqn,0,5,2,18,1,1,1,2.107283,75.166700,0.702428,18,0.561685,30,0,1,0,0.561685,0.602468,0.040783,0.040783,0.561685,0.251345,5,27,1,-1,30,18,32,113.000000,75.166700,49.000000,0.858440,0.834971,0.681142,-0.003865,0.003351,0.006850,0.006850,5,5,0,fixed,5,1,1,0,3.000000,4.000000
1002,centralized_dqn,centralized_dqn,0,5,2,19,0,0,2,2.664362,113.000000,0.333045,30,0.561685,30,0,0,0,0.561685,0.602468,0.040783,0.040783,0.561685,0.251345,5,27,1,0,30,18,32,113.000000,75.166700,49.000000,0.332632,0.294019,0.322953,0.003351,0.008598,0.014816,0.014816,5,5,0,fixed,5,1,1,0,3.000000,4.000000
1002,centralized_dqn,centralized_dqn,0,5,2,20,2,2,4,0.000000,49.000000,0.816327,32,0.561685,30,0,2,0,0.561685,0.602468,0.040783,0.040783,0.561685,0.251345,5,27,1,-1,30,18,32,113.000000,75.166700,49.000000,0.353982,0.532151,0.816327,-0.014453,-0.003987,0.003351,0.000000,5,5,0,fixed,5,1,1,0,3.000000,4.000000
1002,centralized_dqn,centralized_dqn,0,5,2,21,0,0,2,2.663440,113.000000,0.332930,30,0.561685,30,0,0,0,0.561685,0.602468,0.040783,0.040783,0.561685,0.251345,5,27,1,0,30,18,32,113.000000,75.166700,49.000000,0.332636,0.294019,0.322841,0.003351,0.008597,0.014812,0.014812,5,5,0,fixed,5,1,1,0,3.000000,4.000000
1002,centralized_dqn,centralized_dqn,0,5,2,22,2,2,3,0.000000,49.000000,2.040816,32,0.561685,30,0,2,0,0.561685,0.602468,0.040783,0.040783,0.561685,0.251345,5,27,1,1,30,18,32,113.000000,75.166700,49.000000,0.884956,1.330376,2.040816,-0.010835,-0.002456,0.003351,0.000000,5,5,0,fixed,5,1,1,0,3.000000,4.000000
1002,centralized_dqn,centralized_dqn,0,5,2,23,2,2,3,0.000000,49.000000,2.040816,32,0.561685,30,0,2,0,0.561685,0.602468,0.040783,0.040783,0.561685,0.251345,5,27,1,1,30,18,32,113.000000,75.166700,49.000000,0.884956,1.330376,2.040816,-0.010835,-0.002456,0.003351,0.000000,5,5,0,fixed,5,1,1,0,3.000000,4.000000
1002,centralized_dqn,centralized_dqn,0,5,2,24,1,1,1,2.233895,75.166700,0.744632,18,0.561685,30,0,1,0,0.561685,0.602468,0.040783,0.040783,0.561685,0.251345,5,27,1,-1,30,18,32,113.000000,75.166700,49.000000,0.858440,0.832489,0.722067,-0.003852,0.003351,0.007200,0.007200,5,5,0,fixed,5,1,1,0,3.000000,4.000000
1002,centralized_dqn,centralized_dqn,0,5,2,25,0,0,2,2.663421,113.000000,0.332928,30,0.561685,30,0,0,0,0.561685,0.602468,0.040783,0.040783,0.561685,0.251345,5,27,1,0,30,18,32,113.000000,75.166700,49.000000,0.332636,0.294019,0.322839,0.003351,0.008597,0.014812,0.014812,5,5,0,fixed,5,1,1,0,3.000000,4.000000
1002,centralized_dqn,centralized_dqn,0,5,2,26,2,2,4,0.000000,49.000000,0.816327,32,0.561685,30,0,2,0,0.561685,0.602468,0.040783,0.040783,0.561685,0.251345,5,27,1,-1,30,18,32,113.000000,75.166700,49.000000,0.353982,0.532151,0.816327,-0.014453,-0.003987,0.003351,0.000000,5,5,0,fixed,5,1,1,0,3.000000,4.000000
1002,centralized_dqn,centralized_dqn,0,5,2,27,0,0,2,2.663421,113.000000,0.332928,30,0.561685,30,0,0,0,0.561685,0.602468,0.040783,0.040783,0.561685,0.251345,5,27,1,0,30,18,32,113.000000,75.166700,49.000000,0.332636,0.294019,0.322839,0.003351,0.008597,0.014812,0.014812,5,5,0,fixed,5,1,1,0,3.000000,4.000000
1002,centralized_dqn,centralized_dqn,0,5,2,28,0,0,2,2.663397,113.000000,0.332925,30,0.561685,30,0,0,0,0.561685,0.602468,0.040783,0.040783,0.561685,0.251345,5,27,1,0,30,18,32,113.000000,75.166700,49.000000,0.332636,0.294019,0.322836,0.003351,0.008597,0.014811,0.014811,5,5,0,fixed,5,1,1,0,3.000000,4.000000
1002,centralized_dqn,centralized_dqn,0,5,2,29,0,0,2,2.663397,113.000000,0.332925,30,0.561685,30,0,0,0,0.561685,0.602468,0.040783,0.040783,0.561685,0.251345,5,27,1,0,30,18,32,113.000000,75.166700,49.000000,0.332636,0.294019,0.322836,0.003351,0.008597,0.014811,0.014811,5,5,0,fixed,5,1,1,0,3.000000,4.000000
1002,centralized_dqn,centralized_dqn,0,5,2,30,2,2,3,0.000000,49.000000,2.040816,32,0.561685,30,0,2,0,0.561685,0.602468,0.040783,0.040783,0.561685,0.251345,5,27,1,1,30,18,32,113.000000,75.166700,49.000000,0.884956,1.330376,2.040816,-0.010835,-0.002456,0.003351,0.000000,5,5,0,fixed,5,1,1,0,3.000000,4.000000
1002,centralized_dqn,centralized_dqn,0,5,2,31,1,1,1,2.085756,75.166700,0.695252,18,0.561685,30,0,1,0,0.561685,0.602468,0.040783,0.040783,0.561685,0.251345,5,27,1,-1,30,18,32,113.000000,75.166700,49.000000,0.858440,0.835394,0.674184,-0.003868,0.003351,0.006786,0.006786,5,5,0,fixed,5,1,1,0,3.000000,4.000000
1002,centralized_dqn,centralized_dqn,0,5,2,32,1,1,1,2.262313,75.166700,0.754104,18,0.561685,30,0,1,0,0.561685,0.602468,0.040783,0.040783,0.561685,0.251345,5,27,1,-1,30,18,32,113.000000,75.166700,49.000000,0.858440,0.831932,0.731253,-0.003849,0.003351,0.007273,0.007273,5,5,0,fixed,5,1,1,0,3.000000,4.000000
1002,centralized_dqn,centralized_dqn,0,5,2,33,0,0,2,2.663399,113.000000,0.332925,30,0.561685,30,0,2,1,0.561685,0.602468,0.040783,0.040783,0.561685,0.251345,5,27,1,0,30,18,32,113.000000,75.166700,49.000000,0.332636,0.294019,0.322836,0.003351,0.008597,0.014811,0.014811,5,5,0,fixed,5,1,1,0,3.000000,4.000000
1002,centralized_dqn,centralized_dqn,0,5,2,34,0,0,2,2.663397,113.000000,0.332925,30,0.561685,30,0,0,0,0.561685,0.602468,0.040783,0.040783,0.561685,0.251345,5,27,1,0,30,18,32,113.000000,75.166700,49.000000,0.332636,0.294019,0.322836,0.003351,0.008597,0.014811,0.014811,5,5,0,fixed,5,1,1,0,3.000000,4.000000
1002,centralized_dqn,centralized_dqn,0,5,2,35,0,0,2,2.663421,113.000000,0.332928,30,0.561685,30,0,0,0,0.561685,0.602468,0.040783,0.040783,0.561685,0.251345,5,27,1,0,30,18,32,113.000000,75.166700,49.000000,0.332636,0.294019,0.322839,0.003351,0.008597,0.014812,0.014812,5,5,0,fixed,5,1,1,0,3.000000,4.000000
1002,centralized_dqn,centralized_dqn,0,5,2,36,2,2,3,0.000000,49.000000,2.040816,32,0.561685,30,0,2,0,0.561685,0.602468,0.040783,0.040783,0.561685,0.251345,5,27,1,1,30,18,32,113.000000,75.166700,49.000000,0.884956,1.330376,2.040816,-0.010835,-0.002456,0.003351,0.000000,5,5,0,fixed,5,1,1,0,3.000000,4.000000
1002,centralized_dqn,centralized_dqn,0,5,2,37,0,0,2,2.663423,113.000000,0.332928,30,0.561685,30,0,2,1,0.561685,0.602468,0.040783,0.040783,0.561685,0.251345,5,27,1,0,30,18,32,113.000000,75.166700,49.000000,0.332636,0.294019,0.322839,0.003351,0.008597,0.014812,0.014812,5,5,0,fixed,5,1,1,0,3.000000,4.000000
1002,centralized_dqn,centralized_dqn,0,5,2,38,2,2,4,0.000000,49.000000,0.816327,32,0.561685,30,0,2,0,0.561685,0.602468,0.040783,0.040783,0.561685,0.251345,5,27,1,-1,30,18,32,113.000000,75.166700,49.000000,0.353982,0.532151,0.816327,-0.014453,-0.003987,0.003351,0.000000,5,5,0,fixed,5,1,1,0,3.000000,4.000000
1002,centralized_dqn,centralized_dqn,0,5,2,39,0,0,2,2.663346,113.000000,0.332918,30,0.561685,30,0,2,1,0.561685,0.602468,0.040783,0.040783,0.561685,0.251345,5,27,1,0,30,18,32,113.000000,75.166700,49.000000,0.332636,0.294019,0.322830,0.003351,0.008597,0.014811,0.014811,5,5,0,fixed,5,1,1,0,3.000000,4.000000
1002,centralized_dqn,centralized_dqn,0,5,2,40,2,2,4,0.000000,49.000000,0.816327,32,0.561685,30,0,2,0,0.561685,0.602468,0.040783,0.040783,0.561685,0.251345,5,27,1,-1,30,18,32,113.000000,75.166700,49.000000,0.353982,0.532151,0.816327,-0.014453,-0.003987,0.003351,0.000000,5,5,0,fixed,5,1,1,0,3.000000,4.000000
1002,centralized_dqn,centralized_dqn,0,5,2,41,2,2,4,0.000000,49.000000,0.816327,32,0.561685,30,0,2,0,0.561685,0.602468,0.040783,0.040783,0.561685,0.251345,5,27,1,-1,30,18,32,113.000000,75.166700,49.000000,0.353982,0.532151,0.816327,-0.014453,-0.003987,0.003351,0.000000,5,5,0,fixed,5,1,1,0,3.000000,4.000000
1002,centralized_dqn,centralized_dqn,0,5,2,42,1,1,1,2.139429,75.166700,0.713143,18,0.561685,30,0,1,0,0.561685,0.602468,0.040783,0.040783,0.561685,0.251345,5,27,1,-1,30,18,32,113.000000,75.166700,49.000000,0.858440,0.834341,0.691532,-0.003862,0.003351,0.006943,0.006943,5,5,0,fixed,5,1,1,0,3.000000,4.000000
1002,centralized_dqn,centralized_dqn,0,5,2,43,1,1,1,3.198275,75.166700,1.066092,18,0.561685,30,0,1,0,0.561685,0.602468,0.040783,0.040783,0.561685,0.251345,5,27,1,-1,30,18,32,113.000000,75.166700,49.000000,0.858440,0.813579,1.033786,-0.003750,0.003351,0.009002,0.009002,5,5,0,fixed,5,1,1,0,3.000000,4.000000
1002,centralized_dqn,centralized_dqn,0,5,2,44,1,1,1,2.129421,75.166700,0.709807,18,0.561685,30,0,1,0,0.561685,0.602468,0.040783,0.040783,0.561685,0.251345,5,27,1,-1,30,18,32,113.000000,75.166700,49.000000,0.858440,0.834537,0.688298,-0.003863,0.003351,0.006914,0.006914,5,5,0,fixed,5,1,1,0,3.000000,4.000000
1002,centralized_dqn,centralized_dqn,0,5,2,45,2,2,3,0.000000,49.000000,2.040816,32,0.561685,30,0,2,0,0.561685,0.602468,0.040783,0.040783,0.561685,0.251345,5,27,1,1,30,18,32,113.000000,75.166700,49.000000,0.884956,1.330376,2.040816,-0.010835,-0.002456,0.003351,0.000000,5,5,0,fixed,5,1,1,0,3.000000,4.000000
1002,centralized_dqn,centralized_dqn,0,5,2,46,0,0,2,2.663334,113.000000,0.332917,30,0.561685,30,0,0,0,0.561685,0.602468,0.040783,0.040783,0.561685,0.251345,5,27,1,0,30,18,32,113.000000,75.166700,49.000000,0.332636,0.294019,0.322828,0.003351,0.008597,0.014811,0.014811,5,5,0,fixed,5,1,1,0,3.000000,4.000000
1002,centralized_dqn,centralized_dqn,0,5,2,47,2,2,4,0.000000,49.000000,0.816327,32,0.561685,30,0,2,0,0.561685,0.602468,0.040783,0.040783,0.561685,0.251345,5,27,1,-1,30,18,32,113.000000,75.166700,49.000000,0.353982,0.532151,0.816327,-0.014453,-0.003987,0.003351,0.000000,5,5,0,fixed,5,1,1,0,3.000000,4.000000
1002,centralized_dqn,centralized_dqn,0,5,2,48,2,2,3,0.000000,49.000000,2.040816,32,0.561685,30,0,2,0,0.561685,0.602468,0.040783,0.040783,0.561685,0.251345,5,27,1,1,30,18,32,113.000000,75.166700,49.000000,0.884956,1.330376,2.040816,-0.010835,-0.002456,0.003351,0.000000,5,5,0,fixed,5,1,1,0,3.000000,4.000000
1002,centralized_dqn,centralized_dqn,0,5,2,49,1,1,1,2.116833,75.166700,0.705611,18,0.561685,30,0,1,0,0.561685,0.602468,0.040783,0.040783,0.561685,0.251345,5,27,1,-1,30,18,32,113.000000,75.166700,49.000000,0.858440,0.834784,0.684229,-0.003864,0.003351,0.006878,0.006878,5,5,0,fixed,5,1,1,0,3.000000,4.000000
1002,centralized_dqn,centralized_dqn,0,5,2,50,0,0,2,2.663411,113.000000,0.332926,30,0.561685,30,0,0,0,0.561685,0.602468,0.040783,0.040783,0.561685,0.251345,5,27,1,0,30,18,32,113.000000,75.166700,49.000000,0.332636,0.294019,0.322838,0.003351,0.008597,0.014812,0.014812,5,5,0,fixed,5,1,1,0,3.000000,4.000000
1002,centralized_dqn,centralized_dqn,0,5,2,51,2,2,4,0.000000,49.000000,0.816327,32,0.561685,30,0,2,0,0.561685,0.602468,0.040783,0.040783,0.561685,0.251345,5,27,1,-1,30,18,32,113.000000,75.166700,49.000000,0.353982,0.532151,0.816327,-0.014453,-0.003987,0.003351,0.000000,5,5,0,fixed,5,1,1,0,3.000000,4.000000
1002,centralized_dqn,centralized_dqn,0,5,2,52,2,2,4,0.000000,49.000000,0.816327,32,0.561685,30,0,2,0,0.561685,0.602468,0.040783,0.040783,0.561685,0.251345,5,27,1,-1,30,18,32,113.000000,75.166700,49.000000,0.353982,0.532151,0.816327,-0.014453,-0.003987,0.003351,0.000000,5,5,0,fixed,5,1,1,0,3.000000,4.000000
1002,centralized_dqn,centralized_dqn,0,5,2,53,0,0,2,2.663444,113.000000,0.332931,30,0.561685,30,0,0,0,0.561685,0.602468,0.040783,0.040783,0.561685,0.251345,5,27,1,0,30,18,32,113.000000,75.166700,49.000000,0.332636,0.294019,0.322842,0.003351,0.008597,0.014812,0.014812,5,5,0,fixed,5,1,1,0,3.000000,4.000000
1002,centralized_dqn,centralized_dqn,0,5,2,54,0,0,2,2.663345,113.000000,0.332918,30,0.561685,30,0,0,0,0.561685,0.602468,0.040783,0.040783,0.561685,0.251345,5,27,1,0,30,18,32,113.000000,75.166700,49.000000,0.332636,0.294019,0.322830,0.003351,0.008597,0.014811,0.014811,5,5,0,fixed,5,1,1,0,3.000000,4.000000
1002,centralized_dqn,centralized_dqn,0,5,2,55,1,1,1,2.169338,75.166700,0.723113,18,0.561685,30,0,1,0,0.561685,0.602468,0.040783,0.040783,0.561685,0.251345,5,27,1,-1,30,18,32,113.000000,75.166700,49.000000,0.858440,0.833755,0.701200,-0.003859,0.003351,0.007026,0.007026,5,5,0,fixed,5,1,1,0,3.000000,4.000000
1002,centralized_dqn,centralized_dqn,0,5,2,56,1,1,1,3.390807,75.166700,1.130269,18,0.561685,30,0,1,0,0.561685,0.602468,0.040783,0.040783,0.561685,0.251345,5,27,1,-1,30,18,32,113.000000,75.166700,49.000000,0.858440,0.809804,1.096019,-0.003729,0.003351,0.009247,0.009247,5,5,0,fixed,5,1,1,0,3.000000,4.000000
1002,centralized_dqn,centralized_dqn,0,5,2,57,2,2,3,0.000000,49.000000,2.040816,32,0.561685,30,0,2,0,0.561685,0.602468,0.040783,0.040783,0.561685,0.251345,5,27,1,1,30,18,32,113.000000,75.166700,49.000000,0.884956,1.330376,2.040816,-0.010835,-0.002456,0.003351,0.000000,5,5,0,fixed,5,1,1,0,3.000000,4.000000
1002,centralized_dqn,centralized_dqn,0,5,2,58,0,0,2,2.663381,113.000000,0.332923,30,0.561685,30,0,0,0,0.561685,0.602468,0.040783,0.040783,0.561685,0.251345,5,27,1,0,30,18,32,113.000000,75.166700,49.000000,0.332636,0.294019,0.322834,0.003351,0.008597,0.014811,0.014811,5,5,0,fixed,5,1,1,0,3.000000,4.000000
1002,centralized_dqn,centralized_dqn,0,5,2,59,2,2,3,0.000000,49.000000,2.040816,32,0.561685,30,0,2,0,0.561685,0.602468,0.040783,0.040783,0.561685,0.251345,5,27,1,1,30,18,32,113.000000,75.166700,49.000000,0.884956,1.330376,2.040816,-0.010835,-0.002456,0.003351,0.000000,5,5,0,fixed,5,1,1,0,3.000000,4.000000
1002,centralized_dqn,centralized_dqn,0,5,2,60,1,1,1,2.217247,75.166700,0.739082,18,0.561685,30,0,1,0,0.561685,0.602468,0.040783,0.040783,0.561685,0.251345,5,27,1,-1,30,18,32,113.000000,75.166700,49.000000,0.858440,0.832815,0.716686,-0.003854,0.003351,0.007156,0.007156,5,5,0,fixed,5,1,1,0,3.000000,4.000000
1002,centralized_dqn,centralized_dqn,0,5,2,61,0,0,2,2.663386,113.000000,0.332923,30,0.561685,30,0,0,0,0.561685,0.602468,0.040783,0.040783,0.561685,0.251345,5,27,1,0,30,18,32,113.000000,75.166700,49.000000,0.332636,0.294019,0.322835,0.003351,0.008597,0.014811,0.014811,5,5,0,fixed,5,1,1,0,3.000000,4.000000
1002,centralized_dqn,centralized_dqn,0,5,2,62,1,1,1,2.116197,75.166700,0.705399,18,0.561685,30,0,1,0,0.561685,0.602468,0.040783,0.040783,0.561685,0.251345,5,27,1,-1,30,18,32,113.000000,75.166700,49.000000,0.858440,0.834797,0.684023,-0.003864,0.003351,0.006876,0.006876,5,5,0,fixed,5,1,1,0,3.000000,4.000000
1002,centralized_dqn,centralized_dqn,0,5,2,63,0,0,2,2.663369,113.000000,0.332921,30,0.561685,30,0,0,0,0.561685,0.602468,0.040783,0.040783,0.561685,0.251345,5,27,1,0,30,18,32,113.000000,75.166700,49.000000,0.332636,0.294019,0.322833,0.003351,0.008597,0.014811,0.014811,5,5,0,fixed,5,1,1,0,3.000000,4.000000
1002,centralized_dqn,centralized_dqn,0,5,2,64,0,0,2,2.663381,113.000000,0.332923,30,0.561685,30,0,0,0,0.561685,0.602468,0.040783,0.040783,0.561685,0.251345,5,27,1,0,30,18,32,113.000000,75.166700,49.000000,0.332636,0.294019,0.322834,0.003351,0.008597,0.014811,0.014811,5,5,0,fixed,5,1,1,0,3.000000,4.000000
1002,centralized_dqn,centralized_dqn,0,5,2,65,0,0,2,2.663363,113.000000,0.332920,30,0.561685,30,0,0,0,0.561685,0.602468,0.040783,0.040783,0.561685,0.251345,5,27,1,0,30,18,32,113.000000,75.166700,49.000000,0.332636,0.294019,0.322832,0.003351,0.008597,0.014811,0.014811,5,5,0,fixed,5,1,1,0,3.000000,4.000000
1002,centralized_dqn,centralized_dqn,0,5,2,66,2,2,4,0.000000,49.000000,0.816327,32,0.561685,30,0,2,0,0.561685,0.602468,0.040783,0.040783,0.561685,0.251345,5,27,1,-1,30,18,32,113.000000,75.166700,49.000000,0.353982,0.532151,0.816327,-0.014453,-0.003987,0.003351,0.000000,5,5,0,fixed,5,1,1,0,3.000000,4.000000
1002,centralized_dqn,centralized_dqn,0,5,2,67,0,0,2,2.662264,113.000000,0.332783,30,0.561685,30,0,0,0,0.561685,0.602468,0.040783,0.040783,0.561685,0.251345,5,27,1,0,30,18,32,113.000000,75.166700,49.000000,0.332641,0.294019,0.322699,0.003351,0.008597,0.014806,0.014806,5,5,0,fixed,5,1,1,0,3.000000,4.000000
1002,centralized_dqn,centralized_dqn,0,5,2,68,0,0,2,2.663279,113.000000,0.332910,30,0.561685,30,0,0,0,0.561685,0.602468,0.040783,0.040783,0.561685,0.251345,5,27,1,0,30,18,32,113.000000,75.166700,49.000000,0.332636,0.294019,0.322822,0.003351,0.008597,0.014811,0.014811,5,5,0,fixed,5,1,1,0,3.000000,4.000000
1002,centralized_dqn,centralized_dqn,0,5,2,69,1,1,1,2.138593,75.166700,0.712864,18,0.561685,30,0,1,0,0.561685,0.602468,0.040783,0.040783,0.561685,0.251345,5,27,1,-1,30,18,32,113.000000,75.166700,49.000000,0.858440,0.834358,0.691262,-0.003862,0.003351,0.006940,0.006940,5,5,0,fixed,5,1,1,0,3.000000,4.000000
1002,centralized_dqn,centralized_dqn,0,5,2,70,2,2,4,0.000000,49.000000,0.816327,32,0.561685,30,0,2,0,0.561685,0.602468,0.040783,0.040783,0.561685,0.251345,5,27,1,-1,30,18,32,113.000000,75.166700,49.000000,0.353982,0.532151,0.816327,-0.014453,-0.003987,0.003351,0.000000,5,5,0,fixed,5,1,1,0,3.000000,4.000000
1002,centralized_dqn,centralized_dqn,0,5,2,71,1,1,1,2.080096,75.166700,0.693365,18,0.561685,30,0,1,0,0.561685,0.602468,0.040783,0.040783,0.561685,0.251345,5,27,1,-1,30,18,32,113.000000,75.166700,49.000000,0.858440,0.835505,0.672354,-0.003868,0.003351,0.006770,0.006770,5,5,0,fixed,5,1,1,0,3.000000,4.000000
1002,centralized_dqn,centralized_dqn,0,5,2,72,2,2,3,0.000000,49.000000,2.040816,32,0.561685,30,0,2,0,0.561685,0.602468,0.040783,0.040783,0.561685,0.251345,5,27,1,1,30,18,32,113.000000,75.166700,49.000000,0.884956,1.330376,2.040816,-0.010835,-0.002456,0.003351,0.000000,5,5,0,fixed,5,1,1,0,3.000000,4.000000
1002,centralized_dqn,centralized_dqn,0,5,2,73,0,0,2,2.662269,113.000000,0.332784,30,0.561685,30,0,0,0,0.561685,0.602468,0.040783,0.040783,0.561685,0.251345,5,27,1,0,30,18,32,113.000000,75.166700,49.000000,0.332641,0.294019,0.322699,0.003351,0.008597,0.014806,0.014806,5,5,0,fixed,5,1,1,0,3.000000,4.000000
1002,centralized_dqn,centralized_dqn,0,5,2,74,2,2,4,0.000000,49.000000,0.816327,32,0.561685,30,0,2,0,0.561685,0.602468,0.040783,0.040783,0.561685,0.251345,5,27,1,-1,30,18,32,113.000000,75.166700,49.000000,0.353982,0.532151,0.816327,-0.014453,-0.003987,0.003351,0.000000,5,5,0,fixed,5,1,1,0,3.000000,4.000000
1002,centralized_dqn,centralized_dqn,0,5,2,75,2,2,4,0.000000,49.000000,0.816327,32,0.561685,30,0,2,0,0.561685,0.602468,0.040783,0.040783,0.561685,0.251345,5,27,1,-1,30,18,32,113.000000,75.166700,49.000000,0.353982,0.532151,0.816327,-0.014453,-0.003987,0.003351,0.000000,5,5,0,fixed,5,1,1,0,3.000000,4.000000
1002,centralized_dqn,centralized_dqn,0,5,2,76,0,0,2,2.662351,113.000000,0.332794,30,0.561685,30,0,0,0,0.561685,0.602468,0.040783,0.040783,0.561685,0.251345,5,27,1,0,30,18,32,113.000000,75.166700,49.000000,0.332640,0.294019,0.322709,0.003351,0.008597,0.014806,0.014806,5,5,0,fixed,5,1,1,0,3.000000,4.000000
1002,centralized_dqn,centralized_dqn,0,5,2,77,0,0,2,2.662364,113.000000,0.332795,30,0.561685,30,0,0,0,0.561685,0.602468,0.040783,0.040783,0.561685,0.251345,5,27,1,0,30,18,32,113.000000,75.166700,49.000000,0.332640,0.294019,0.322711,0.003351,0.008597,0.014806,0.014806,5,5,0,fixed,5,1,1,0,3.000000,4.000000
1002,centralized_dqn,centralized_dqn,0,5,2,78,1,1,1,3.455601,75.166700,1.151867,18,0.561685,30,0,1,0,0.561685,0.602468,0.040783,0.040783,0.561685,0.251345,5,27,1,-1,30,18,32,113.000000,75.166700,49.000000,0.858440,0.808534,1.116962,-0.003721,0.003351,0.009325,0.009325,5,5,0,fixed,5,1,1,0,3.000000,4.000000
1002,centralized_dqn,centralized_dqn,0,5,2,79,0,0,2,2.662364,113.000000,0.332795,30,0.561685,30,0,0,0,0.561685,0.602468,0.040783,0.040783,0.561685,0.251345,5,27,1,0,30,18,32,113.000000,75.166700,49.000000,0.332640,0.294019,0.322711,0.003351,0.008597,0.014806,0.014806,5,5,0,fixed,5,1,1,0,3.000000,4.000000
1002,centralized_dqn,centralized_dqn,0,5,2,80,2,2,4,0.000000,49.000000,0.816327,32,0.561685,30,0,2,0,0.561685,0.602468,0.040783,0.040783,0.561685,0.251345,5,27,1,-1,30,18,32,113.000000,75.166700,49.000000,0.353982,0.532151,0.816327,-0.014453,-0.003987,0.003351,0.000000,5,5,0,fixed,5,1,1,0,3.000000,4.000000
1002,centralized_dqn,centralized_dqn,0,5,3,1,2,2,4,0.000000,61.166700,0.653951,36,0.542153,27,0,2,0,0.542153,0.638184,0.096030,0.096030,0.542153,-0.019532,5,41,1,-1,26,18,36,113.000000,71.666700,61.166700,0.353982,0.558139,0.653951,0.029475,0.038575,0.045214,0.038575,5,5,0,fixed,5,1,1,0,3.000000,4.000000
1002,centralized_dqn,centralized_dqn,0,5,3,2,1,1,2,0.544236,71.666700,0.068029,18,0.542153,27,1,1,0,0.542153,0.638184,0.096030,0.096030,0.542153,-0.019532,5,41,1,0,26,18,36,113.000000,71.666700,61.166700,0.369609,0.283410,0.604385,0.042926,0.045214,0.058320,0.058320,5,5,0,fixed,5,1,1,0,3.000000,4.000000
1002,centralized_dqn,centralized_dqn,0,5,3,3,2,2,1,4.279372,61.166700,1.426457,36,0.542153,27,0,2,0,0.542153,0.638184,0.096030,0.096030,0.542153,-0.019532,5,41,1,-1,26,18,36,113.000000,71.666700,61.166700,0.985625,0.715984,1.656463,0.033043,0.036277,0.045214,0.036277,5,5,0,fixed,5,1,1,0,3.000000,4.000000
1002,centralized_dqn,centralized_dqn,0,5,3,4,0,0,2,3.083999,113.000000,0.385500,26,0.542153,27,0,0,0,0.542153,0.638184,0.096030,0.096030,0.542153,-0.019532,5,41,1,0,26,18,36,113.000000,71.666700,61.166700,0.383758,0.064449,0.604385,0.045214,-0.001802,0.059824,0.059824,5,5,0,fixed,5,1,1,0,3.000000,4.000000
1002,centralized_dqn,centralized_dqn,0,5,3,5,1,1,1,2.313238,71.666700,0.771079,18,0.542153,27,0,1,0,0.542153,0.638184,0.096030,0.096030,0.542153,-0.019532,5,41,1,-1,26,18,36,113.000000,71.666700,61.166700,0.985625,0.754803,1.387905,0.041261,0.045214,0.053194,0.053194,5,5,0,fixed,5,1,1,0,3.000000,4.000000
1002,centralized_dqn,centralized_dqn,0,5,3,6,2,2,3,0.000000,61.166700,1.634876,36,0.542153,27,0,2,0,0.542153,0.638184,0.096030,0.096030,0.542153,-0.019532,5,41,1,1,26,18,36,113.000000,71.666700,61.166700,0.884956,1.395348,1.634876,0.032668,0.039239,0.045214,0.039239,5,5,0,fixed,5,1,1,0,3.000000,4.000000
1002,centralized_dqn,centralized_dqn,0,5,3,7,2,2,4,0.000000,61.166700,0.653951,36,0.542153,27,0,2,0,0.542153,0.638184,0.096030,0.096030,0.542153,-0.019532,5,41,1,-1,26,18,36,113.000000,71.666700,61.166700,0.353982,0.558139,0.653951,0.029475,0.038575,0.045214,0.038575,5,5,0,fixed,5,1,1,0,3.000000,4.000000
1002,centralized_dqn,centralized_dqn,0,5,3,8,2,2,4,0.000000,61.166700,0.653951,36,0.542153,27,0,2,0,0.542153,0.638184,0.096030,0.096030,0.542153,-0.019532,5,41,1,-1,26,18,36,113.000000,71.666700,61.166700,0.353982,0.558139,0.653951,0.029475,0.038575,0.045214,0.038575,5,5,0,fixed,5,1,1,0,3.000000,4.000000
1002,centralized_dqn,centralized_dqn,0,5,3,9,2,2,3,0.000000,61.166700,1.634876,36,0.542153,27,0,2,0,0.542153,0.638184,0.096030,0.096030,0.542153,-0.019532,5,41,1,1,26,18,36,113.000000,71.666700,61.166700,0.884956,1.395348,1.634876,0.032668,0.039239,0.045214,0.039239,5,5,0,fixed,5,1,1,0,3.000000,4.000000
1002,centralized_dqn,centralized_dqn,0,5,3,10,0,0,2,2.984604,113.000000,0.373075,26,0.542153,27,0,0,0,0.542153,0.638184,0.096030,0.096030,0.542153,-0.019532,5,41,1,0,26,18,36,113.000000,71.666700,61.166700,0.384255,0.064449,0.604385,0.045214,-0.001814,0.059809,0.059809,5,5,0,fixed,5,1,1,0,3.000000,4.000000
1002,centralized_dqn,centralized_dqn,0,5,3,11,2,2,4,0.000000,61.166700,0.653951,36,0.542153,27,0,2,0,0.542153,0.638184,0.096030,0.096030,0.542153,-0.019532,5,41,1,-1,26,18,36,113.000000,71.666700,61.166700,0.353982,0.558139,0.653951,0.029475,0.038575,0.045214,0.038575,5,5,0,fixed,5,1,1,0,3.000000,4.000000
1002,centralized_dqn,centralized_dqn,0,5,3,12,0,0,2,2.984628,113.000000,0.373078,26,0.542153,27,0,0,0,0.542153,0.638184,0.096030,0.096030,0.542153,-0.019532,5,41,1,0,26,18,36,113.000000,71.666700,61.166700,0.384255,0.064449,0.604385,0.045214,-0.001814,0.059809,0.059809,5,5,0,fixed,5,1,1,0,3.000000,4.000000
1002,centralized_dqn,centralized_dqn,0,5,3,13,2,2,4,0.000000,61.166700,0.653951,36,0.542153,27,0,2,0,0.542153,0.638184,0.096030,0.096030,0.542153,-0.019532,5,41,1,-1,26,18,36,113.000000,71.666700,61.166700,0.353982,0.558139,0.653951,0.029475,0.038575,0.045214,0.038575,5,5,0,fixed,5,1,1,0,3.000000,4.000000
1002,centralized_dqn,centralized_dqn,0,5,3,14,2,2,3,0.000000,61.166700,1.634876,36,0.542153,27,0,2,0,0.542153,0.638184,0.096030,0.096030,0.542153,-0.019532,5,41,1,1,26,18,36,113.000000,71.666700,61.166700,0.884956,1.395348,1.634876,0.032668,0.039239,0.045214,0.039239,5,5,0,fixed,5,1,1,0,3.000000,4.000000
1002,centralized_dqn,centralized_dqn,0,5,3,15,1,1,1,2.354780,71.666700,0.784927,18,0.542153,27,0,1,0,0.542153,0.638184,0.096030,0.096030,0.542153,-0.019532,5,41,1,-1,26,18,36,113.000000,71.666700,61.166700,0.985625,0.753938,1.387905,0.041267,0.045214,0.053200,0.053200,5,5,0,fixed,5,1,1,0,3.000000,4.000000
1002,centralized_dqn,centralized_dqn,0,5,3,16,2,2,4,0.000000,61.166700,0.653951,36,0.542153,27,0,2,0,0.542153,0.638184,0.096030,0.096030,0.542153,-0.019532,5,41,1,-1,26,18,36,113.000000,71.666700,61.166700,0.353982,0.558139,0.653951,0.029475,0.038575,0.045214,0.038575,5,5,0,fixed,5,1,1,0,3.000000,4.000000
1002,centralized_dqn,centralized_dqn,0,5,3,17,2,2,3,0.000000,61.166700,1.634876,36,0.542153,27,0,2,0,0.542153,0.638184,0.096030,0.096030,0.542153,-0.019532,5,41,1,1,26,18,36,113.000000,71.666700,61.166700,0.884956,1.395348,1.634876,0.032668,0.039239,0.045214,0.039239,5,5,0,fixed,5,1,1,0,3.000000,4.000000
1002,centralized_dqn,centralized_dqn,0,5,3,18,1,1,1,2.416441,71.666700,0.805480,18,0.542153,27,0,1,0,0.542153,0.638184,0.096030,0.096030,0.542153,-0.019532,5,41,1,-1,26,18,36,113.000000,71.666700,61.166700,0.985625,0.752653,1.387905,0.041276,0.045214,0.053210,0.053210,5,5,0,fixed,5,1,1,0,3.000000,4.000000
1002,centralized_dqn,centralized_dqn,0,5,3,19,0,0,2,2.984640,113.000000,0.373080,26,0.542153,27,0,0,0,0.542153,0.638184,0.096030,0.096030,0.542153,-0.019532,5,41,1,0,26,18,36,113.000000,71.666700,61.166700,0.384255,0.064449,0.604385,0.045214,-0.001814,0.059809,0.059809,5,5,0,fixed,5,1,1,0,3.000000,4.000000
1002,centralized_dqn,centralized_dqn,0,5,3,20,2,2,4,0.000000,61.166700,0.653951,36,0.542153,27,0,2,0,0.542153,0.638184,0.096030,0.096030,0.542153,-0.019532,5,41,1,-1,26,18,36,113.000000,71.666700,61.166700,0.353982,0.558139,0.653951,0.029475,0.038575,0.045214,0.038575,5,5,0,fixed,5,1,1,0,3.000000,4.000000
1002,centralized_dqn,centralized_dqn,0,5,3,21,0,0,2,2.984628,113.000000,0.373078,26,0.542153,27,0,0,0,0.542153,0.638184,0.096030,0.096030,0.542153,-0.019532,5,41,1,0,26,18,36,113.000000,71.666700,61.166700,0.384255,0.064449,0.604385,0.045214,-0.001814,0.059809,0.059809,5,5,0,fixed,5,1,1,0,3.000000,4.000000
1002,centralized_dqn,centralized_dqn,0,5,3,22,2,2,3,0.000000,61.166700,1.634876,36,0.542153,27,0,2,0,0.542153,0.638184,0.096030,0.096030,0.542153,-0.019532,5,41,1,1,26,18,36,113.000000,71.666700,61.166700,0.884956,1.395348,1.634876,0.032668,0.039239,0.045214,0.039239,5,5,0,fixed,5,1,1,0,3.000000,4.000000
1002,centralized_dqn,centralized_dqn,0,5,3,23,2,2,3,0.000000,61.166700,1.634876,36,0.542153,27,0,2,0,0.542153,0.638184,0.096030,0.096030,0.542153,-0.019532,5,41,1,1,26,18,36,113.000000,71.666700,61.166700,0.884956,1.395348,1.634876,0.032668,0.039239,0.045214,0.039239,5,5,0,fixed,5,1,1,0,3.000000,4.000000
1002,centralized_dqn,centralized_dqn,0,5,3,24,1,1,1,2.242984,71.666700,0.747661,18,0.542153,27,0,2,1,0.542153,0.638184,0.096030,0.096030,0.542153,-0.019532,5,41,1,-1,26,18,36,113.000000,71.666700,61.166700,0.985625,0.756267,1.387905,0.041250,0.045214,0.053183,0.053183,5,5,0,fixed,5,1,1,0,3.000000,4.000000
1002,centralized_dqn,centralized_dqn,0,5,3,25,0,0,2,3.064503,113.000000,0.383063,26,0.542153,27,0,0,0,0.542153,0.638184,0.096030,0.096030,0.542153,-0.019532,5,41,1,0,26,18,36,113.000000,71.666700,61.166700,0.383856,0.064449,0.604385,0.045214,-0.001804,0.059821,0.059821,5,5,0,fixed,5,1,1,0,3.000000,4.000000
1002,centralized_dqn,centralized_dqn,0,5,3,26,2,2,4,0.000000,61.166700,0.653951,36,0.542153,27,0,2,0,0.542153,0.638184,0.096030,0.096030,0.542153,-0.019532,5,41,1,-1,26,18,36,113.000000,71.666700,61.166700,0.353982,0.558139,0.653951,0.029475,0.038575,0.045214,0.038575,5,5,0,fixed,5,1,1,0,3.000000,4.000000
1002,centralized_dqn,centralized_dqn,0,5,3,27,0,0,2,3.064525,113.000000,0.383066,26,0.542153,27,0,0,0,0.542153,0.638184,0.096030,0.096030,0.542153,-0.019532,5,41,1,0,26,18,36,113.000000,71.666700,61.166700,0.383856,0.064449,0.604385,0.045214,-0.001804,0.059821,0.059821,5,5,0,fixed,5,1,1,0,3.000000,4.000000
1002,centralized_dqn,centralized_dqn,0,5,3,28,0,0,2,3.064508,113.000000,0.383064,26,0.542153,27,0,0,0,0.542153,0.638184,0.096030,0.096030,0.542153,-0.019532,5,41,1,0,26,18,36,113.000000,71.666700,61.166700,0.383856,0.064449,0.604385,0.045214,-0.001804,0.059821,0.059821,5,5,0,fixed,5,1,1,0,3.000000,4.000000
1002,centralized_dqn,centralized_dqn,0,5,3,29,0,0,2,3.063398,113.000000,0.382925,26,0.542153,27,0,0,0,0.542153,0.638184,0.096030,0.096030,0.542153,-0.019532,5,41,1,0,26,18,36,113.000000,71.666700,61.166700,0.383861,0.064449,0.604385,0.045214,-0.001804,0.059821,0.059821,5,5,0,fixed,5,1,1,0,3.000000,4.000000
1002,centralized_dqn,centralized_dqn,0,5,3,30,2,2,3,0.000000,61.166700,1.634876,36,0.542153,27,0,2,0,0.542153,0.638184,0.096030,0.096030,0.542153,-0.019532,5,41,1,1,26,18,36,113.000000,71.666700,61.166700,0.884956,1.395348,1.634876,0.032668,0.039239,0.045214,0.039239,5,5,0,fixed,5,1,1,0,3.000000,4.000000
1002,centralized_dqn,centralized_dqn,0,5,3,31,1,1,1,2.357020,71.666700,0.785673,18,0.542153,27,0,1,0,0.542153,0.638184,0.096030,0.096030,0.542153,-0.019532,5,41,1,-1,26,18,36,113.000000,71.666700,61.166700,0.985625,0.753891,1.387905,0.041267,0.045214,0.053201,0.053201,5,5,0,fixed,5,1,1,0,3.000000,4.000000
1002,centralized_dqn,centralized_dqn,0,5,3,32,1,1,1,2.187391,71.666700,0.729130,18,0.542153,27,0,2,1,0.542153,0.638184,0.096030,0.096030,0.542153,-0.019532,5,41,1,-1,26,18,36,113.000000,71.666700,61.166700,0.985625,0.757425,1.387905,0.041242,0.045214,0.053175,0.053175,5,5,0,fixed,5,1,1,0,3.000000,4.000000
1002,centralized_dqn,centralized_dqn,0,5,3,33,2,2,2,4.968238,61.166700,0.621030,36,0.542153,27,0,2,0,0.542153,0.638184,0.096030,0.096030,0.542153,-0.019532,5,41,1,-1,26,18,36,113.000000,71.666700,61.166700,0.369609,0.064449,0.621245,0.030109,-0.013915,0.045214,0.030109,5,5,0,fixed,5,1,1,0,3.000000,4.000000
1002,centralized_dqn,centralized_dqn,0,5,3,34,0,0,2,3.062323,113.000000,0.382790,26,0.542153,27,0,0,0,0.542153,0.638184,0.096030,0.096030,0.542153,-0.019532,5,41,1,0,26,18,36,113.000000,71.666700,61.166700,0.383867,0.064449,0.604385,0.045214,-0.001804,0.059820,0.059820,5,5,0,fixed,5,1,1,0,3.000000,4.000000
1002,centralized_dqn,centralized_dqn,0,5,3,35,0,0,2,3.037170,113.000000,0.379646,26,0.542153,27,0,0,0,0.542153,0.638184,0.096030,0.096030,0.542153,-0.019532,5,41,1,0,26,18,36,113.000000,71.666700,61.166700,0.383992,0.064449,0.604385,0.045214,-0.001807,0.059817,0.059817,5,5,0,fixed,5,1,1,0,3.000000,4.000000
1002,centralized_dqn,centralized_dqn,0,5,3,36,2,2,3,0.000000,61.166700,1.634876,36,0.542153,27,0,2,0,0.542153,0.638184,0.096030,0.096030,0.542153,-0.019532,5,41,1,1,26,18,36,113.000000,71.666700,61.166700,0.884956,1.395348,1.634876,0.032668,0.039239,0.045214,0.039239,5,5,0,fixed,5,1,1,0,3.000000,4.000000
1002,centralized_dqn,centralized_dqn,0,5,3,37,2,2,2,4.971624,61.166700,0.621453,36,0.542153,27,0,2,0,0.542153,0.638184,0.096030,0.096030,0.542153,-0.019532,5,41,1,-1,26,18,36,113.000000,71.666700,61.166700,0.369609,0.064449,0.621034,0.030112,-0.013913,0.045214,0.030112,5,5,0,fixed,5,1,1,0,3.000000,4.000000
1002,centralized_dqn,centralized_dqn,0,5,3,38,2,2,4,0.000000,61.166700,0.653951,36,0.542153,27,0,2,0,0.542153,0.638184,0.096030,0.096030,0.542153,-0.019532,5,41,1,-1,26,18,36,113.000000,71.666700,61.166700,0.353982,0.558139,0.653951,0.029475,0.038575,0.045214,0.038575,5,5,0,fixed,5,1,1,0,3.000000,4.000000
1002,centralized_dqn,centralized_dqn,0,5,3,39,2,2,2,4.968303,61.166700,0.621038,36,0.542153,27,0,2,0,0.542153,0.638184,0.096030,0.096030,0.542153,-0.019532,5,41,1,-1,26,18,36,113.000000,71.666700,61.166700,0.369609,0.064449,0.621241,0.030109,-0.013915,0.045214,0.030109,5,5,0,fixed,5,1,1,0,3.000000,4.000000
1002,centralized_dqn,centralized_dqn,0,5,3,40,2,2,4,0.000000,61.166700,0.653951,36,0.542153,27,0,2,0,0.542153,0.638184,0.096030,0.096030,0.542153,-0.019532,5,41,1,-1,26,18,36,113.000000,71.666700,61.166700,0.353982,0.558139,0.653951,0.029475,0.038575,0.045214,0.038575,5,5,0,fixed,5,1,1,0,3.000000,4.000000
1002,centralized_dqn,centralized_dqn,0,5,3,41,2,2,4,0.000000,61.166700,0.653951,36,0.542153,27,0,2,0,0.542153,0.638184,0.096030,0.096030,0.542153,-0.019532,5,41,1,-1,26,18,36,113.000000,71.666700,61.166700,0.353982,0.558139,0.653951,0.029475,0.038575,0.045214,0.038575,5,5,0,fixed,5,1,1,0,3.000000,4.000000
1002,centralized_dqn,centralized_dqn,0,5,3,42,1,1,1,2.346622,71.666700,0.782207,18,0.542153,27,0,1,0,0.542153,0.638184,0.096030,0.096030,0.542153,-0.019532,5,41,1,-1,26,18,36,113.000000,71.666700,61.166700,0.985625,0.754108,1.387905,0.041266,0.045214,0.053199,0.053199,5,5,0,fixed,5,1,1,0,3.000000,4.000000
1002,centralized_dqn,centralized_dqn,0,5,3,43,1,1,1,2.214271,71.666700,0.738090,18,0.542153,27,0,1,0,0.542153,0.638184,0.096030,0.096030,0.542153,-0.019532,5,41,1,-1,26,18,36,113.000000,71.666700,61.166700,0.985625,0.756865,1.387905,0.041246,0.045214,0.053179,0.053179,5,5,0,fixed,5,1,1,0,3.000000,4.000000
1002,centralized_dqn,centralized_dqn,0,5,3,44,1,1,1,2.096150,71.666700,0.698717,18,0.542153,27,0,1,0,0.542153,0.638184,0.096030,0.096030,0.542153,-0.019532,5,41,1,-1,26,18,36,113.000000,71.666700,61.166700,0.985625,0.759326,1.387905,0.041229,0.045214,0.053161,0.053161,5,5,0,fixed,5,1,1,0,3.000000,4.000000
1002,centralized_dqn,centralized_dqn,0,5,3,45,2,2,3,0.000000,61.166700,1.634876,36,0.542153,27,0,2,0,0.542153,0.638184,0.096030,0.096030,0.542153,-0.019532,5,41,1,1,26,18,36,113.000000,71.666700,61.166700,0.884956,1.395348,1.634876,0.032668,0.039239,0.045214,0.039239,5,5,0,fixed,5,1,1,0,3.000000,4.000000
1002,centralized_dqn,centralized_dqn,0,5,3,46,0,0,2,3.537695,113.000000,0.442212,26,0.542153,27,0,0,0,0.542153,0.638184,0.096030,0.096030,0.542153,-0.019532,5,41,1,0,26,18,36,113.000000,71.666700,61.166700,0.381490,0.064449,0.604385,0.045214,-0.001747,0.059891,0.059891,5,5,0,fixed,5,1,1,0,3.000000,4.000000
1002,centralized_dqn,centralized_dqn,0,5,3,47,2,2,4,0.000000,61.166700,0.653951,36,0.542153,27,0,2,0,0.542153,0.638184,0.096030,0.096030,0.542153,-0.019532,5,41,1,-1,26,18,36,113.000000,71.666700,61.166700,0.353982,0.558139,0.653951,0.029475,0.038575,0.045214,0.038575,5,5,0,fixed,5,1,1,0,3.000000,4.000000
1002,centralized_dqn,centralized_dqn,0,5,3,48,2,2,3,0.000000,61.166700,1.634876,36,0.542153,27,0,2,0,0.542153,0.638184,0.096030,0.096030,0.542153,-0.019532,5,41,1,1,26,18,36,113.000000,71.666700,61.166700,0.884956,1.395348,1.634876,0.032668,0.039239,0.045214,0.039239,5,5,0,fixed,5,1,1,0,3.000000,4.000000
1002,centralized_dqn,centralized_dqn,0,5,3,49,1,1,1,2.291678,71.666700,0.763893,18,0.542153,27,0,1,0,0.542153,0.638184,0.096030,0.096030,0.542153,-0.019532,5,41,1,-1,26,18,36,113.000000,71.666700,61.166700,0.985625,0.755252,1.387905,0.041258,0.045214,0.053191,0.053191,5,5,0,fixed,5,1,1,0,3.000000,4.000000
1002,centralized_dqn,centralized_dqn,0,5,3,50,0,0,2,3.099455,113.000000,0.387432,26,0.542153,27,0,0,0,0.542153,0.638184,0.096030,0.096030,0.542153,-0.019532,5,41,1,0,26,18,36,113.000000,71.666700,61.166700,0.383681,0.064449,0.604385,0.045214,-0.001800,0.059826,0.059826,5,5,0,fixed,5,1,1,0,3.000000,4.000000
1002,centralized_dqn,centralized_dqn,0,5,3,51,2,2,4,0.000000,61.166700,0.653951,36,0.542153,27,0,2,0,0.542153,0.638184,0.096030,0.096030,0.542153,-0.019532,5,41,1,-1,26,18,36,113.000000,71.666700,61.166700,0.353982,0.558139,0.653951,0.029475,0.038575,0.045214,0.038575,5,5,0,fixed,5,1,1,0,3.000000,4.000000
1002,centralized_dqn,centralized_dqn,0,5,3,52,2,2,4,0.000000,61.166700,0.653951,36,0.542153,27,0,2,0,0.542153,0.638184,0.096030,0.096030,0.542153,-0.019532,5,41,1,-1,26,18,36,113.000000,71.666700,61.166700,0.353982,0.558139,0.653951,0.029475,0.038575,0.045214,0.038575,5,5,0,fixed,5,1,1,0,3.000000,4.000000
1002,centralized_dqn,centralized_dqn,0,5,3,53,0,0,2,3.037153,113.000000,0.379644,26,0.542153,27,0,0,0,0.542153,0.638184,0.096030,0.096030,0.542153,-0.019532,5,41,1,0,26,18,36,113.000000,71.666700,61.166700,0.383992,0.064449,0.604385,0.045214,-0.001807,0.059817,0.059817,5,5,0,fixed,5,1,1,0,3.000000,4.000000
1002,centralized_dqn,centralized_dqn,0,5,3,54,0,0,2,3.033911,113.000000,0.379239,26,0.542153,27,0,0,0,0.542153,0.638184,0.096030,0.096030,0.542153,-0.019532,5,41,1,0,26,18,36,113.000000,71.666700,61.166700,0.384009,0.064449,0.604385,0.045214,-0.001808,0.059816,0.059816,5,5,0,fixed,5,1,1,0,3.000000,4.000000
1002,centralized_dqn,centralized_dqn,0,5,3,55,1,1,1,2.315071,71.666700,0.771690,18,0.542153,27,0,1,0,0.542153,0.638184,0.096030,0.096030,0.542153,-0.019532,5,41,1,-1,26,18,36,113.000000,71.666700,61.166700,0.985625,0.754765,1.387905,0.041261,0.045214,0.053194,0.053194,5,5,0,fixed,5,1,1,0,3.000000,4.000000
1002,centralized_dqn,centralized_dqn,0,5,3,56,1,1,1,2.296091,71.666700,0.765364,18,0.542153,27,0,1,0,0.542153,0.638184,0.096030,0.096030,0.542153,-0.019532,5,41,1,-1,26,18,36,113.000000,71.666700,61.166700,0.985625,0.755161,1.387905,0.041258,0.045214,0.053191,0.053191,5,5,0,fixed,5,1,1,0,3.000000,4.000000
1002,centralized_dqn,centralized_dqn,0,5,3,57,2,2,3,0.000000,61.166700,1.634876,36,0.542153,27,0,2,0,0.542153,0.638184,0.096030,0.096030,0.542153,-0.019532,5,41,1,1,26,18,36,113.000000,71.666700,61.166700,0.884956,1.395348,1.634876,0.032668,0.039239,0.045214,0.039239,5,5,0,fixed,5,1,1,0,3.000000,4.000000
1002,centralized_dqn,centralized_dqn,0,5,3,58,0,0,2,3.034957,113.000000,0.379370,26,0.542153,27,0,0,0,0.542153,0.638184,0.096030,0.096030,0.542153,-0.019532,5,41,1,0,26,18,36,113.000000,71.666700,61.166700,0.384003,0.064449,0.604385,0.045214,-0.001808,0.059816,0.059816,5,5,0,fixed,5,1,1,0,3.000000,4.000000
1002,centralized_dqn,centralized_dqn,0,5,3,59,2,2,3,0.000000,61.166700,1.634876,36,0.542153,27,0,2,0,0.542153,0.638184,0.096030,0.096030,0.542153,-0.019532,5,41,1,1,26,18,36,113.000000,71.666700,61.166700,0.884956,1.395348,1.634876,0.032668,0.039239,0.045214,0.039239,5,5,0,fixed,5,1,1,0,3.000000,4.000000
1002,centralized_dqn,centralized_dqn,0,5,3,60,1,1,1,2.191057,71.666700,0.730352,18,0.542153,27,0,2,1,0.542153,0.638184,0.096030,0.096030,0.542153,-0.019532,5,41,1,-1,26,18,36,113.000000,71.666700,61.166700,0.985625,0.757349,1.387905,0.041243,0.045214,0.053175,0.053175,5,5,0,fixed,5,1,1,0,3.000000,4.000000
1002,centralized_dqn,centralized_dqn,0,5,3,61,0,0,2,3.066721,113.000000,0.383340,26,0.542153,27,0,0,0,0.542153,0.638184,0.096030,0.096030,0.542153,-0.019532,5,41,1,0,26,18,36,113.000000,71.666700,61.166700,0.383845,0.064449,0.604385,0.045214,-0.001804,0.059821,0.059821,5,5,0,fixed,5,1,1,0,3.000000,4.000000
1002,centralized_dqn,centralized_dqn,0,5,3,62,1,1,1,2.250926,71.666700,0.750309,18,0.542153,27,0,1,0,0.542153,0.638184,0.096030,0.096030,0.542153,-0.019532,5,41,1,-1,26,18,36,113.000000,71.666700,61.166700,0.985625,0.756101,1.387905,0.041252,0.045214,0.053184,0.053184,5,5,0,fixed,5,1,1,0,3.000000,4.000000
1002,centralized_dqn,centralized_dqn,0,5,3,63,0,0,2,3.066668,113.000000,0.383334,26,0.542153,27,0,0,0,0.542153,0.638184,0.096030,0.096030,0.542153,-0.019532,5,41,1,0,26,18,36,113.000000,71.666700,61.166700,0.383845,0.064449,0.604385,0.045214,-0.001804,0.059821,0.059821,5,5,0,fixed,5,1,1,0,3.000000,4.000000
1002,centralized_dqn,centralized_dqn,0,5,3,64,0,0,2,3.066611,113.000000,0.383326,26,0.542153,27,0,0,0,0.542153,0.638184,0.096030,0.096030,0.542153,-0.019532,5,41,1,0,26,18,36,113.000000,71.666700,61.166700,0.383845,0.064449,0.604385,0.045214,-0.001804,0.059821,0.059821,5,5,0,fixed,5,1,1,0,3.000000,4.000000
1002,centralized_dqn,centralized_dqn,0,5,3,65,0,0,2,3.097256,113.000000,0.387157,26,0.542153,27,0,2,1,0.542153,0.638184,0.096030,0.096030,0.542153,-0.019532,5,41,1,0,26,18,36,113.000000,71.666700,61.166700,0.383692,0.064449,0.604385,0.045214,-0.001800,0.059826,0.059826,5,5,0,fixed,5,1,1,0,3.000000,4.000000
1002,centralized_dqn,centralized_dqn,0,5,3,66,2,2,4,0.000000,61.166700,0.653951,36,0.542153,27,0,2,0,0.542153,0.638184,0.096030,0.096030,0.542153,-0.019532,5,41,1,-1,26,18,36,113.000000,71.666700,61.166700,0.353982,0.558139,0.653951,0.029475,0.038575,0.045214,0.038575,5,5,0,fixed,5,1,1,0,3.000000,4.000000
1002,centralized_dqn,centralized_dqn,0,5,3,67,0,0,2,3.066635,113.000000,0.383329,26,0.542153,27,0,0,0,0.542153,0.638184,0.096030,0.096030,0.542153,-0.019532,5,41,1,0,26,18,36,113.000000,71.666700,61.166700,0.383845,0.064449,0.604385,0.045214,-0.001804,0.059821,0.059821,5,5,0,fixed,5,1,1,0,3.000000,4.000000
1002,centralized_dqn,centralized_dqn,0,5,3,68,0,0,2,3.097250,113.000000,0.387156,26,0.542153,27,0,2,1,0.542153,0.638184,0.096030,0.096030,0.542153,-0.019532,5,41,1,0,26,18,36,113.000000,71.666700,61.166700,0.383692,0.064449,0.604385,0.045214,-0.001800,0.059826,0.059826,5,5,0,fixed,5,1,1,0,3.000000,4.000000
1002,centralized_dqn,centralized_dqn,0,5,3,69,1,1,1,2.261270,71.666700,0.753757,18,0.542153,27,0,1,0,0.542153,0.638184,0.096030,0.096030,0.542153,-0.019532,5,41,1,-1,26,18,36,113.000000,71.666700,61.166700,0.985625,0.755886,1.387905,0.041253,0.045214,0.053186,0.053186,5,5,0,fixed,5,1,1,0,3.000000,4.000000
1002,centralized_dqn,centralized_dqn,0,5,3,70,2,2,4,0.000000,61.166700,0.653951,36,0.542153,27,0,2,0,0.542153,0.638184,0.096030,0.096030,0.542153,-0.019532,5,41,1,-1,26,18,36,113.000000,71.666700,61.166700,0.353982,0.558139,0.653951,0.029475,0.038575,0.045214,0.038575,5,5,0,fixed,5,1,1,0,3.000000,4.000000
1002,centralized_dqn,centralized_dqn,0,5,3,71,1,1,1,2.162157,71.666700,0.720719,18,0.542153,27,0,1,0,0.542153,0.638184,0.096030,0.096030,0.542153,-0.019532,5,41,1,-1,26,18,36,113.000000,71.666700,61.166700,0.985625,0.757951,1.387905,0.041239,0.045214,0.053171,0.053171,5,5,0,fixed,5,1,1,0,3.000000,4.000000
1002,centralized_dqn,centralized_dqn,0,5,3,72,2,2,3,0.000000,61.166700,1.634876,36,0.542153,27,0,2,0,0.542153,0.638184,0.096030,0.096030,0.542153,-0.019532,5,41,1,1,26,18,36,113.000000,71.666700,61.166700,0.884956,1.395348,1.634876,0.032668,0.039239,0.045214,0.039239,5,5,0,fixed,5,1,1,0,3.000000,4.000000
1002,centralized_dqn,centralized_dqn,0,5,3,73,0,0,2,3.062222,113.000000,0.382778,26,0.542153,27,0,0,0,0.542153,0.638184,0.096030,0.096030,0.542153,-0.019532,5,41,1,0,26,18,36,113.000000,71.666700,61.166700,0.383867,0.064449,0.604385,0.045214,-0.001804,0.059820,0.059820,5,5,0,fixed,5,1,1,0,3.000000,4.000000
1002,centralized_dqn,centralized_dqn,0,5,3,74,2,2,4,0.000000,61.166700,0.653951,36,0.542153,27,0,2,0,0.542153,0.638184,0.096030,0.096030,0.542153,-0.019532,5,41,1,-1,26,18,36,113.000000,71.666700,61.166700,0.353982,0.558139,0.653951,0.029475,0.038575,0.045214,0.038575,5,5,0,fixed,5,1,1,0,3.000000,4.000000
1002,centralized_dqn,centralized_dqn,0,5,3,75,2,2,4,0.000000,61.166700,0.653951,36,0.542153,27,0,2,0,0.542153,0.638184,0.096030,0.096030,0.542153,-0.019532,5,41,1,-1,26,18,36,113.000000,71.666700,61.166700,0.353982,0.558139,0.653951,0.029475,0.038575,0.045214,0.038575,5,5,0,fixed,5,1,1,0,3.000000,4.000000
1002,centralized_dqn,centralized_dqn,0,5,3,76,0,0,2,3.063332,113.000000,0.382916,26,0.542153,27,0,0,0,0.542153,0.638184,0.096030,0.096030,0.542153,-0.019532,5,41,1,0,26,18,36,113.000000,71.666700,61.166700,0.383862,0.064449,0.604385,0.045214,-0.001804,0.059821,0.059821,5,5,0,fixed,5,1,1,0,3.000000,4.000000
1002,centralized_dqn,centralized_dqn,0,5,3,77,0,0,2,3.063439,113.000000,0.382930,26,0.542153,27,0,0,0,0.542153,0.638184,0.096030,0.096030,0.542153,-0.019532,5,41,1,0,26,18,36,113.000000,71.666700,61.166700,0.383861,0.064449,0.604385,0.045214,-0.001804,0.059821,0.059821,5,5,0,fixed,5,1,1,0,3.000000,4.000000
1002,centralized_dqn,centralized_dqn,0,5,3,78,1,1,1,2.246649,71.666700,0.748883,18,0.542153,27,0,1,0,0.542153,0.638184,0.096030,0.096030,0.542153,-0.019532,5,41,1,-1,26,18,36,113.000000,71.666700,61.166700,0.985625,0.756191,1.387905,0.041251,0.045214,0.053184,0.053184,5,5,0,fixed,5,1,1,0,3.000000,4.000000
1002,centralized_dqn,centralized_dqn,0,5,3,79,0,0,2,3.063404,113.000000,0.382925,26,0.542153,27,0,0,0,0.542153,0.638184,0.096030,0.096030,0.542153,-0.019532,5,41,1,0,26,18,36,113.000000,71.666700,61.166700,0.383861,0.064449,0.604385,0.045214,-0.001804,0.059821,0.059821,5,5,0,fixed,5,1,1,0,3.000000,4.000000
1002,centralized_dqn,centralized_dqn,0,5,3,80,2,2,4,0.000000,61.166700,0.653951,36,0.542153,27,0,2,0,0.542153,0.638184,0.096030,0.096030,0.542153,-0.019532,5,41,1,-1,26,18,36,113.000000,71.666700,61.166700,0.353982,0.558139,0.653951,0.029475,0.038575,0.045214,0.038575,5,5,0,fixed,5,1,1,0,3.000000,4.000000
1002,centralized_dqn,centralized_dqn,0,5,4,1,2,2,4,0.000000,71.000000,0.563380,41,0.465021,30,0,2,0,0.465021,0.523210,0.058189,0.058189,0.465021,-0.077132,0,39,1,-1,24,15,41,113.000000,72.833300,71.000000,0.353982,0.549199,0.563380,0.049246,0.056293,0.058189,0.056293,5,0,5,fixed,5,1,1,0,3.000000,4.000000
1002,centralized_dqn,centralized_dqn,0,5,4,2,1,1,2,0.443753,72.833300,0.055469,15,0.465021,30,1,1,0,0.465021,0.523210,0.058189,0.058189,0.465021,-0.077132,0,39,1,0,24,15,41,113.000000,72.833300,71.000000,0.399185,0.318955,0.165502,0.055882,0.058189,0.049423,0.055882,5,0,5,fixed,5,1,1,0,3.000000,4.000000
1002,centralized_dqn,centralized_dqn,0,5,4,3,2,2,1,2.965128,71.000000,0.988376,41,0.465021,30,0,2,0,0.465021,0.523210,0.058189,0.058189,0.465021,-0.077132,0,39,1,-1,24,15,41,113.000000,72.833300,71.000000,1.064494,0.797387,1.370901,0.051979,0.054611,0.058189,0.054611,5,0,5,fixed,5,1,1,0,3.000000,4.000000
1002,centralized_dqn,centralized_dqn,0,5,4,4,0,0,2,3.354113,113.000000,0.419264,24,0.465021,30,0,0,0,0.465021,0.523210,0.058189,0.058189,0.465021,-0.077132,0,39,1,0,24,15,41,113.000000,72.833300,71.000000,0.415668,0.052002,0.165502,0.058189,0.009115,0.051008,0.051008,5,0,5,fixed,5,1,1,0,3.000000,4.000000
1002,centralized_dqn,centralized_dqn,0,5,4,5,1,1,1,2.530111,72.833300,0.843370,15,0.465021,30,0,1,0,0.465021,0.523210,0.058189,0.058189,0.465021,-0.077132,0,39,1,-1,24,15,41,113.000000,72.833300,71.000000,1.064494,0.851099,1.244906,0.054988,0.058189,0.060954,0.060954,5,0,5,fixed,5,1,1,0,3.000000,4.000000
1002,centralized_dqn,centralized_dqn,0,5,4,6,2,2,3,0.000000,71.000000,1.408451,41,0.465021,30,0,2,0,0.465021,0.523210,0.058189,0.058189,0.465021,-0.077132,0,39,1,1,24,15,41,113.000000,72.833300,71.000000,0.884956,1.372998,1.408451,0.051338,0.056386,0.058189,0.056386,5,0,5,fixed,5,1,1,0,3.000000,4.000000
1002,centralized_dqn,centralized_dqn,0,5,4,7,2,2,4,0.000000,71.000000,0.563380,41,0.465021,30,0,2,0,0.465021,0.523210,0.058189,0.058189,0.465021,-0.077132,0,39,1,-1,24,15,41,113.000000,72.833300,71.000000,0.353982,0.549199,0.563380,0.049246,0.056293,0.058189,0.056293,5,0,5,fixed,5,1,1,0,3.000000,4.000000
1002,centralized_dqn,centralized_dqn,0,5,4,8,2,2,4,0.000000,71.000000,0.563380,41,0.465021,30,0,2,0,0.465021,0.523210,0.058189,0.058189,0.465021,-0.077132,0,39,1,-1,24,15,41,113.000000,72.833300,71.000000,0.353982,0.549199,0.563380,0.049246,0.056293,0.058189,0.056293,5,0,5,fixed,5,1,1,0,3.000000,4.000000
1002,centralized_dqn,centralized_dqn,0,5,4,9,2,2,3,0.000000,71.000000,1.408451,41,0.465021,30,0,2,0,0.465021,0.523210,0.058189,0.058189,0.465021,-0.077132,0,39,1,1,24,15,41,113.000000,72.833300,71.000000,0.884956,1.372998,1.408451,0.051338,0.056386,0.058189,0.056386,5,0,5,fixed,5,1,1,0,3.000000,4.000000
1002,centralized_dqn,centralized_dqn,0,5,4,10,0,0,2,3.309312,113.000000,0.413664,24,0.465021,30,0,0,0,0.465021,0.523210,0.058189,0.058189,0.465021,-0.077132,0,39,1,0,24,15,41,113.000000,72.833300,71.000000,0.415912,0.052002,0.165502,0.058189,0.009111,0.051004,0.051004,5,0,5,fixed,5,1,1,0,3.000000,4.000000
1002,centralized_dqn,centralized_dqn,0,5,4,11,2,2,4,0.000000,71.000000,0.563380,41,0.465021,30,0,2,0,0.465021,0.523210,0.058189,0.058189,0.465021,-0.077132,0,39,1,-1,24,15,41,113.000000,72.833300,71.000000,0.353982,0.549199,0.563380,0.049246,0.056293,0.058189,0.056293,5,0,5,fixed,5,1,1,0,3.000000,4.000000
1002,centralized_dqn,centralized_dqn,0,5,4,12,0,0,2,3.310441,113.000000,0.413805,24,0.465021,30,0,0,0,0.465021,0.523210,0.058189,0.058189,0.465021,-0.077132,0,39,1,0,24,15,41,113.000000,72.833300,71.000000,0.415905,0.052002,0.165502,0.058189,0.009111,0.051004,0.051004,5,0,5,fixed,5,1,1,0,3.000000,4.000000
1002,centralized_dqn,centralized_dqn,0,5,4,13,2,2,4,0.000000,71.000000,0.563380,41,0.465021,30,0,2,0,0.465021,0.523210,0.058189,0.058189,0.465021,-0.077132,0,39,1,-1,24,15,41,113.000000,72.833300,71.000000,0.353982,0.549199,0.563380,0.049246,0.056293,0.058189,0.056293,5,0,5,fixed,5,1,1,0,3.000000,4.000000
1002,centralized_dqn,centralized_dqn,0,5,4,14,2,2,3,0.000000,71.000000,1.408451,41,0.465021,30,0,2,0,0.465021,0.523210,0.058189,0.058189,0.465021,-0.077132,0,39,1,1,24,15,41,113.000000,72.833300,71.000000,0.884956,1.372998,1.408451,0.051338,0.056386,0.058189,0.056386,5,0,5,fixed,5,1,1,0,3.000000,4.000000
1002,centralized_dqn,centralized_dqn,0,5,4,15,1,1,1,2.623618,72.833300,0.874539,15,0.465021,30,0,1,0,0.465021,0.523210,0.058189,0.058189,0.465021,-0.077132,0,39,1,-1,24,15,41,113.000000,72.833300,71.000000,1.064494,0.848701,1.244906,0.054999,0.058189,0.060965,0.060965,5,0,5,fixed,5,1,1,0,3.000000,4.000000
1002,centralized_dqn,centralized_dqn,0,5,4,16,2,2,4,0.000000,71.000000,0.563380,41,0.465021,30,0,2,0,0.465021,0.523210,0.058189,0.058189,0.465021,-0.077132,0,39,1,-1,24,15,41,113.000000,72.833300,71.000000,0.353982,0.549199,0.563380,0.049246,0.056293,0.058189,0.056293,5,0,5,fixed,5,1,1,0,3.000000,4.000000
1002,centralized_dqn,centralized_dqn,0,5,4,17,2,2,3,0.000000,71.000000,1.408451,41,0.465021,30,0,2,0,0.465021,0.523210,0.058189,0.058189,0.465021,-0.077132,0,39,1,1,24,15,41,113.000000,72.833300,71.000000,0.884956,1.372998,1.408451,0.051338,0.056386,0.058189,0.056386,5,0,5,fixed,5,1,1,0,3.000000,4.000000
1002,centralized_dqn,centralized_dqn,0,5,4,18,1,1,1,2.606475,72.833300,0.868825,15,0.465021,30,0,1,0,0.465021,0.523210,0.058189,0.058189,0.465021,-0.077132,0,39,1,-1,24,15,41,113.000000,72.833300,71.000000,1.064494,0.849141,1.244906,0.054997,0.058189,0.060963,0.060963,5,0,5,fixed,5,1,1,0,3.000000,4.000000
1002,centralized_dqn,centralized_dqn,0,5,4,19,0,0,2,3.311534,113.000000,0.413942,24,0.465021,30,0,0,0,0.465021,0.523210,0.058189,0.058189,0.465021,-0.077132,0,39,1,0,24,15,41,113.000000,72.833300,71.000000,0.415899,0.052002,0.165502,0.058189,0.009111,0.051004,0.051004,5,0,5,fixed,5,1,1,0,3.000000,4.000000
1002,centralized_dqn,centralized_dqn,0,5,4,20,2,2,4,0.000000,71.000000,0.563380,41,0.465021,30,0,2,0,0.465021,0.523210,0.058189,0.058189,0.465021,-0.077132,0,39,1,-1,24,15,41,113.000000,72.833300,71.000000,0.353982,0.549199,0.563380,0.049246,0.056293,0.058189,0.056293,5,0,5,fixed,5,1,1,0,3.000000,4.000000
1002,centralized_dqn,centralized_dqn,0,5,4,21,0,0,2,3.223895,113.000000,0.402987,24,0.465021,30,0,0,0,0.465021,0.523210,0.058189,0.058189,0.465021,-0.077132,0,39,1,0,24,15,41,113.000000,72.833300,71.000000,0.416376,0.052002,0.165502,0.058189,0.009104,0.050995,0.050995,5,0,5,fixed,5,1,1,0,3.000000,4.000000
1002,centralized_dqn,centralized_dqn,0,5,4,22,2,2,3,0.000000,71.000000,1.408451,41,0.465021,30,0,2,0,0.465021,0.523210,0.058189,0.058189,0.465021,-0.077132,0,39,1,1,24,15,41,113.000000,72.833300,71.000000,0.884956,1.372998,1.408451,0.051338,0.056386,0.058189,0.056386,5,0,5,fixed,5,1,1,0,3.000000,4.000000
1002,centralized_dqn,centralized_dqn,0,5,4,23,2,2,3,0.000000,71.000000,1.408451,41,0.465021,30,0,2,0,0.465021,0.523210,0.058189,0.058189,0.465021,-0.077132,0,39,1,1,24,15,41,113.000000,72.833300,71.000000,0.884956,1.372998,1.408451,0.051338,0.056386,0.058189,0.056386,5,0,5,fixed,5,1,1,0,3.000000,4.000000
1002,centralized_dqn,centralized_dqn,0,5,4,24,2,2,1,4.091844,71.000000,1.363948,41,0.465021,30,0,2,0,0.465021,0.523210,0.058189,0.058189,0.465021,-0.077132,0,39,1,1,24,15,41,113.000000,72.833300,71.000000,1.064494,0.797387,1.245711,0.052218,0.054853,0.058189,0.054853,5,0,5,fixed,5,1,1,0,3.000000,4.000000
1002,centralized_dqn,centralized_dqn,0,5,4,25,0,0,2,3.313592,113.000000,0.414199,24,0.465021,30,0,0,0,0.465021,0.523210,0.058189,0.058189,0.465021,-0.077132,0,39,1,0,24,15,41,113.000000,72.833300,71.000000,0.415888,0.052002,0.165502,0.058189,0.009111,0.051004,0.051004,5,0,5,fixed,5,1,1,0,3.000000,4.000000
1002,centralized_dqn,centralized_dqn,0,5,4,26,2,2,4,0.000000,71.000000,0.563380,41,0.465021,30,0,2,0,0.465021,0.523210,0.058189,0.058189,0.465021,-0.077132,0,39,1,-1,24,15,41,113.000000,72.833300,71.000000,0.353982,0.549199,0.563380,0.049246,0.056293,0.058189,0.056293,5,0,5,fixed,5,1,1,0,3.000000,4.000000
1002,centralized_dqn,centralized_dqn,0,5,4,27,0,0,2,3.252473,113.000000,0.406559,24,0.465021,30,0,0,0,0.465021,0.523210,0.058189,0.058189,0.465021,-0.077132,0,39,1,0,24,15,41,113.000000,72.833300,71.000000,0.416220,0.052002,0.165502,0.058189,0.009106,0.050998,0.050998,5,0,5,fixed,5,1,1,0,3.000000,4.000000
1002,centralized_dqn,centralized_dqn,0,5,4,28,0,0,2,3.252473,113.000000,0.406559,24,0.465021,30,0,0,0,0.465021,0.523210,0.058189,0.058189,0.465021,-0.077132,0,39,1,0,24,15,41,113.000000,72.833300,71.000000,0.416220,0.052002,0.165502,0.058189,0.009106,0.050998,0.050998,5,0,5,fixed,5,1,1,0,3.000000,4.000000
1002,centralized_dqn,centralized_dqn,0,5,4,29,0,0,2,3.313592,113.000000,0.414199,24,0.465021,30,0,0,0,0.465021,0.523210,0.058189,0.058189,0.465021,-0.077132,0,39,1,0,24,15,41,113.000000,72.833300,71.000000,0.415888,0.052002,0.165502,0.058189,0.009111,0.051004,0.051004,5,0,5,fixed,5,1,1,0,3.000000,4.000000
1002,centralized_dqn,centralized_dqn,0,5,4,30,2,2,3,0.000000,71.000000,1.408451,41,0.465021,30,0,2,0,0.465021,0.523210,0.058189,0.058189,0.465021,-0.077132,0,39,1,1,24,15,41,113.000000,72.833300,71.000000,0.884956,1.372998,1.408451,0.051338,0.056386,0.058189,0.056386,5,0,5,fixed,5,1,1,0,3.000000,4.000000
1002,centralized_dqn,centralized_dqn,0,5,4,31,1,1,1,2.499566,72.833300,0.833189,15,0.465021,30,0,1,0,0.465021,0.523210,0.058189,0.058189,0.465021,-0.077132,0,39,1,-1,24,15,41,113.000000,72.833300,71.000000,1.064494,0.851882,1.244906,0.054985,0.058189,0.060951,0.060951,5,0,5,fixed,5,1,1,0,3.000000,4.000000
1002,centralized_dqn,centralized_dqn,0,5,4,32,2,2,1,4.148276,71.000000,1.382759,41,0.465021,30,0,2,0,0.465021,0.523210,0.058189,0.058189,0.465021,-0.077132,0,39,1,1,24,15,41,113.000000,72.833300,71.000000,1.064494,0.797387,1.239440,0.052231,0.054866,0.058189,0.054866,5,0,5,fixed,5,1,1,0,3.000000,4.000000
1002,centralized_dqn,centralized_dqn,0,5,4,33,2,2,2,1.357443,71.000000,0.169680,41,0.465021,30,0,2,0,0.465021,0.523210,0.058189,0.058189,0.465021,-0.077132,0,39,1,0,24,15,41,113.000000,72.833300,71.000000,0.399185,0.052002,0.169491,0.063869,0.014347,0.058189,0.063869,5,0,5,fixed,5,1,1,0,3.000000,4.000000
1002,centralized_dqn,centralized_dqn,0,5,4,34,0,0,2,3.313592,113.000000,0.414199,24,0.465021,30,0,0,0,0.465021,0.523210,0.058189,0.058189,0.465021,-0.077132,0,39,1,0,24,15,41,113.000000,72.833300,71.000000,0.415888,0.052002,0.165502,0.058189,0.009111,0.051004,0.051004,5,0,5,fixed,5,1,1,0,3.000000,4.000000
1002,centralized_dqn,centralized_dqn,0,5,4,35,0,0,2,3.314783,113.000000,0.414348,24,0.465021,30,0,0,0,0.465021,0.523210,0.058189,0.058189,0.465021,-0.077132,0,39,1,0,24,15,41,113.000000,72.833300,71.000000,0.415882,0.052002,0.165502,0.058189,0.009112,0.051005,0.051005,5,0,5,fixed,5,1,1,0,3.000000,4.000000
1002,centralized_dqn,centralized_dqn,0,5,4,36,2,2,3,0.000000,71.000000,1.408451,41,0.465021,30,0,2,0,0.465021,0.523210,0.058189,0.058189,0.465021,-0.077132,0,39,1,1,24,15,41,113.000000,72.833300,71.000000,0.884956,1.372998,1.408451,0.051338,0.056386,0.058189,0.056386,5,0,5,fixed,5,1,1,0,3.000000,4.000000
1002,centralized_dqn,centralized_dqn,0,5,4,37,2,2,2,1.355245,71.000000,0.169406,41,0.465021,30,0,2,0,0.465021,0.523210,0.058189,0.058189,0.465021,-0.077132,0,39,1,0,24,15,41,113.000000,72.833300,71.000000,0.399185,0.052002,0.169583,0.063858,0.014338,0.058189,0.063858,5,0,5,fixed,5,1,1,0,3.000000,4.000000
1002,centralized_dqn,centralized_dqn,0,5,4,38,2,2,4,0.000000,71.000000,0.563380,41,0.465021,30,0,2,0,0.465021,0.523210,0.058189,0.058189,0.465021,-0.077132,0,39,1,-1,24,15,41,113.000000,72.833300,71.000000,0.353982,0.549199,0.563380,0.049246,0.056293,0.058189,0.056293,5,0,5,fixed,5,1,1,0,3.000000,4.000000
1002,centralized_dqn,centralized_dqn,0,5,4,39,2,2,2,1.355169,71.000000,0.169396,41,0.465021,30,0,2,0,0.465021,0.523210,0.058189,0.058189,0.465021,-0.077132,0,39,1,0,24,15,41,113.000000,72.833300,71.000000,0.399185,0.052002,0.169586,0.063858,0.014338,0.058189,0.063858,5,0,5,fixed,5,1,1,0,3.000000,4.000000
1002,centralized_dqn,centralized_dqn,0,5,4,40,2,2,4,0.000000,71.000000,0.563380,41,0.465021,30,0,2,0,0.465021,0.523210,0.058189,0.058189,0.465021,-0.077132,0,39,1,-1,24,15,41,113.000000,72.833300,71.000000,0.353982,0.549199,0.563380,0.049246,0.056293,0.058189,0.056293,5,0,5,fixed,5,1,1,0,3.000000,4.000000
1002,centralized_dqn,centralized_dqn,0,5,4,41,2,2,4,0.000000,71.000000,0.563380,41,0.465021,30,0,2,0,0.465021,0.523210,0.058189,0.058189,0.465021,-0.077132,0,39,1,-1,24,15,41,113.000000,72.833300,71.000000,0.353982,0.549199,0.563380,0.049246,0.056293,0.058189,0.056293,5,0,5,fixed,5,1,1,0,3.000000,4.000000
1002,centralized_dqn,centralized_dqn,0,5,4,42,1,1,1,2.546606,72.833300,0.848869,15,0.465021,30,0,1,0,0.465021,0.523210,0.058189,0.058189,0.465021,-0.077132,0,39,1,-1,24,15,41,113.000000,72.833300,71.000000,1.064494,0.850676,1.244906,0.054990,0.058189,0.060956,0.060956,5,0,5,fixed,5,1,1,0,3.000000,4.000000
1002,centralized_dqn,centralized_dqn,0,5,4,43,1,1,1,2.648665,72.833300,0.882888,15,0.465021,30,0,1,0,0.465021,0.523210,0.058189,0.058189,0.465021,-0.077132,0,39,1,-1,24,15,41,113.000000,72.833300,71.000000,1.064494,0.848059,1.244906,0.055001,0.058189,0.060968,0.060968,5,0,5,fixed,5,1,1,0,3.000000,4.000000
1002,centralized_dqn,centralized_dqn,0,5,4,44,1,1,1,2.430570,72.833300,0.810190,15,0.465021,30,0,1,0,0.465021,0.523210,0.058189,0.058189,0.465021,-0.077132,0,39,1,-1,24,15,41,113.000000,72.833300,71.000000,1.064494,0.853651,1.244906,0.054977,0.058189,0.060943,0.060943,5,0,5,fixed,5,1,1,0,3.000000,4.000000
1002,centralized_dqn,centralized_dqn,0,5,4,45,2,2,3,0.000000,71.000000,1.408451,41,0.465021,30,0,2,0,0.465021,0.523210,0.058189,0.058189,0.465021,-0.077132,0,39,1,1,24,15,41,113.000000,72.833300,71.000000,0.884956,1.372998,1.408451,0.051338,0.056386,0.058189,0.056386,5,0,5,fixed,5,1,1,0,3.000000,4.000000
1002,centralized_dqn,centralized_dqn,0,5,4,46,0,0,2,3.653470,113.000000,0.456684,24,0.465021,30,0,0,0,0.465021,0.523210,0.058189,0.058189,0.465021,-0.077132,0,39,1,0,24,15,41,113.000000,72.833300,71.000000,0.414041,0.052002,0.165502,0.058189,0.009140,0.051039,0.051039,5,0,5,fixed,5,1,1,0,3.000000,4.000000
1002,centralized_dqn,centralized_dqn,0,5,4,47,2,2,4,0.000000,71.000000,0.563380,41,0.465021,30,0,2,0,0.465021,0.523210,0.058189,0.058189,0.465021,-0.077132,0,39,1,-1,24,15,41,113.000000,72.833300,71.000000,0.353982,0.549199,0.563380,0.049246,0.056293,0.058189,0.056293,5,0,5,fixed,5,1,1,0,3.000000,4.000000
1002,centralized_dqn,centralized_dqn,0,5,4,48,2,2,3,0.000000,71.000000,1.408451,41,0.465021,30,0,2,0,0.465021,0.523210,0.058189,0.058189,0.465021,-0.077132,0,39,1,1,24,15,41,113.000000,72.833300,71.000000,0.884956,1.372998,1.408451,0.051338,0.056386,0.058189,0.056386,5,0,5,fixed,5,1,1,0,3.000000,4.000000
1002,centralized_dqn,centralized_dqn,0,5,4,49,1,1,1,2.674897,72.833300,0.891632,15,0.465021,30,0,1,0,0.465021,0.523210,0.058189,0.058189,0.465021,-0.077132,0,39,1,-1,24,15,41,113.000000,72.833300,71.000000,1.064494,0.847386,1.244906,0.055004,0.058189,0.060971,0.060971,5,0,5,fixed,5,1,1,0,3.000000,4.000000
1002,centralized_dqn,centralized_dqn,0,5,4,50,0,0,2,3.642620,113.000000,0.455328,24,0.465021,30,0,0,0,0.465021,0.523210,0.058189,0.058189,0.465021,-0.077132,0,39,1,0,24,15,41,113.000000,72.833300,71.000000,0.414100,0.052002,0.165502,0.058189,0.009139,0.051038,0.051038,5,0,5,fixed,5,1,1,0,3.000000,4.000000
1002,centralized_dqn,centralized_dqn,0,5,4,51,2,2,4,0.000000,71.000000,0.563380,41,0.465021,30,0,2,0,0.465021,0.523210,0.058189,0.058189,0.465021,-0.077132,0,39,1,-1,24,15,41,113.000000,72.833300,71.000000,0.353982,0.549199,0.563380,0.049246,0.056293,0.058189,0.056293,5,0,5,fixed,5,1,1,0,3.000000,4.000000
1002,centralized_dqn,centralized_dqn,0,5,4,52,2,2,4,0.000000,71.000000,0.563380,41,0.465021,30,0,2,0,0.465021,0.523210,0.058189,0.058189,0.465021,-0.077132,0,39,1,-1,24,15,41,113.000000,72.833300,71.000000,0.353982,0.549199,0.563380,0.049246,0.056293,0.058189,0.056293,5,0,5,fixed,5,1,1,0,3.000000,4.000000
1002,centralized_dqn,centralized_dqn,0,5,4,53,0,0,2,3.314772,113.000000,0.414346,24,0.465021,30,0,0,0,0.465021,0.523210,0.058189,0.058189,0.465021,-0.077132,0,39,1,0,24,15,41,113.000000,72.833300,71.000000,0.415882,0.052002,0.165502,0.058189,0.009112,0.051005,0.051005,5,0,5,fixed,5,1,1,0,3.000000,4.000000
1002,centralized_dqn,centralized_dqn,0,5,4,54,0,0,2,3.250204,113.000000,0.406275,24,0.465021,30,0,0,0,0.465021,0.523210,0.058189,0.058189,0.465021,-0.077132,0,39,1,0,24,15,41,113.000000,72.833300,71.000000,0.416233,0.052002,0.165502,0.058189,0.009106,0.050998,0.050998,5,0,5,fixed,5,1,1,0,3.000000,4.000000
1002,centralized_dqn,centralized_dqn,0,5,4,55,1,1,1,2.450730,72.833300,0.816910,15,0.465021,30,0,1,0,0.465021,0.523210,0.058189,0.058189,0.465021,-0.077132,0,39,1,-1,24,15,41,113.000000,72.833300,71.000000,1.064494,0.853134,1.244906,0.054979,0.058189,0.060945,0.060945,5,0,5,fixed,5,1,1,0,3.000000,4.000000
1002,centralized_dqn,centralized_dqn,0,5,4,56,1,1,1,2.346228,72.833300,0.782076,15,0.465021,30,0,1,0,0.465021,0.523210,0.058189,0.058189,0.465021,-0.077132,0,39,1,-1,24,15,41,113.000000,72.833300,71.000000,1.064494,0.855814,1.244906,0.054968,0.058189,0.060933,0.060933,5,0,5,fixed,5,1,1,0,3.000000,4.000000
1002,centralized_dqn,centralized_dqn,0,5,4,57,2,2,3,0.000000,71.000000,1.408451,41,0.465021,30,0,2,0,0.465021,0.523210,0.058189,0.058189,0.465021,-0.077132,0,39,1,1,24,15,41,113.000000,72.833300,71.000000,0.884956,1.372998,1.408451,0.051338,0.056386,0.058189,0.056386,5,0,5,fixed,5,1,1,0,3.000000,4.000000
1002,centralized_dqn,centralized_dqn,0,5,4,58,0,0,2,3.250191,113.000000,0.406274,24,0.465021,30,0,0,0,0.465021,0.523210,0.058189,0.058189,0.465021,-0.077132,0,39,1,0,24,15,41,113.000000,72.833300,71.000000,0.416233,0.052002,0.165502,0.058189,0.009106,0.050998,0.050998,5,0,5,fixed,5,1,1,0,3.000000,4.000000
1002,centralized_dqn,centralized_dqn,0,5,4,59,2,2,3,0.000000,71.000000,1.408451,41,0.465021,30,0,2,0,0.465021,0.523210,0.058189,0.058189,0.465021,-0.077132,0,39,1,1,24,15,41,113.000000,72.833300,71.000000,0.884956,1.372998,1.408451,0.051338,0.056386,0.058189,0.056386,5,0,5,fixed,5,1,1,0,3.000000,4.000000
1002,centralized_dqn,centralized_dqn,0,5,4,60,2,2,1,4.097991,71.000000,1.365997,41,0.465021,30,0,2,0,0.465021,0.523210,0.058189,0.058189,0.465021,-0.077132,0,39,1,1,24,15,41,113.000000,72.833300,71.000000,1.064494,0.797387,1.245028,0.052220,0.054854,0.058189,0.054854,5,0,5,fixed,5,1,1,0,3.000000,4.000000
1002,centralized_dqn,centralized_dqn,0,5,4,61,0,0,2,3.249142,113.000000,0.406143,24,0.465021,30,0,0,0,0.465021,0.523210,0.058189,0.058189,0.465021,-0.077132,0,39,1,0,24,15,41,113.000000,72.833300,71.000000,0.416239,0.052002,0.165502,0.058189,0.009106,0.050998,0.050998,5,0,5,fixed,5,1,1,0,3.000000,4.000000
1002,centralized_dqn,centralized_dqn,0,5,4,62,1,1,1,2.593683,72.833300,0.864561,15,0.465021,30,0,1,0,0.465021,0.523210,0.058189,0.058189,0.465021,-0.077132,0,39,1,-1,24,15,41,113.000000,72.833300,71.000000,1.064494,0.849469,1.244906,0.054995,0.058189,0.060962,0.060962,5,0,5,fixed,5,1,1,0,3.000000,4.000000
1002,centralized_dqn,centralized_dqn,0,5,4,63,0,0,2,3.279738,113.000000,0.409967,24,0.465021,30,0,0,0,0.465021,0.523210,0.058189,0.058189,0.465021,-0.077132,0,39,1,0,24,15,41,113.000000,72.833300,71.000000,0.416072,0.052002,0.165502,0.058189,0.009109,0.051001,0.051001,5,0,5,fixed,5,1,1,0,3.000000,4.000000
1002,centralized_dqn,centralized_dqn,0,5,4,64,0,0,2,3.321177,113.000000,0.415147,24,0.465021,30,0,0,0,0.465021,0.523210,0.058189,0.058189,0.465021,-0.077132,0,39,1,0,24,15,41,113.000000,72.833300,71.000000,0.415847,0.052002,0.165502,0.058189,0.009112,0.051005,0.051005,5,0,5,fixed,5,1,1,0,3.000000,4.000000
1002,centralized_dqn,centralized_dqn,0,5,4,65,2,2,2,1.357371,71.000000,0.169671,41,0.465021,30,0,2,0,0.465021,0.523210,0.058189,0.058189,0.465021,-0.077132,0,39,1,0,24,15,41,113.000000,72.833300,71.000000,0.399185,0.052002,0.169494,0.063869,0.014347,0.058189,0.063869,5,0,5,fixed,5,1,1,0,3.000000,4.000000
1002,centralized_dqn,centralized_dqn,0,5,4,66,2,2,4,0.000000,71.000000,0.563380,41,0.465021,30,0,2,0,0.465021,0.523210,0.058189,0.058189,0.465021,-0.077132,0,39,1,-1,24,15,41,113.000000,72.833300,71.000000,0.353982,0.549199,0.563380,0.049246,0.056293,0.058189,0.056293,5,0,5,fixed,5,1,1,0,3.000000,4.000000
1002,centralized_dqn,centralized_dqn,0,5,4,67,0,0,2,3.321214,113.000000,0.415152,24,0.465021,30,0,0,0,0.465021,0.523210,0.058189,0.058189,0.465021,-0.077132,0,39,1,0,24,15,41,113.000000,72.833300,71.000000,0.415847,0.052002,0.165502,0.058189,0.009112,0.051005,0.051005,5,0,5,fixed,5,1,1,0,3.000000,4.000000
1002,centralized_dqn,centralized_dqn,0,5,4,68,2,2,2,0.000000,71.000000,0.100000,41,0.465021,30,0,2,0,0.465021,0.523210,0.058189,0.058189,0.465021,-0.077132,0,39,0,0,24,15,41,113.000000,72.833300,71.000000,0.399185,0.052002,0.169538,0.063864,0.014342,0.058189,0.063864,5,0,5,fixed,5,1,1,0,3.000000,4.000000
1002,centralized_dqn,centralized_dqn,0,5,4,69,1,1,1,2.737209,72.833300,0.912403,15,0.465021,30,0,1,0,0.465021,0.523210,0.058189,0.058189,0.465021,-0.077132,0,39,1,-1,24,15,41,113.000000,72.833300,71.000000,1.064494,0.845788,1.244906,0.055011,0.058189,0.060978,0.060978,5,0,5,fixed,5,1,1,0,3.000000,4.000000
1002,centralized_dqn,centralized_dqn,0,5,4,70,2,2,4,0.000000,71.000000,0.563380,41,0.465021,30,0,2,0,0.465021,0.523210,0.058189,0.058189,0.465021,-0.077132,0,39,1,-1,24,15,41,113.000000,72.833300,71.000000,0.353982,0.549199,0.563380,0.049246,0.056293,0.058189,0.056293,5,0,5,fixed,5,1,1,0,3.000000,4.000000
1002,centralized_dqn,centralized_dqn,0,5,4,71,1,1,1,2.409189,72.833300,0.803063,15,0.465021,30,0,1,0,0.465021,0.523210,0.058189,0.058189,0.465021,-0.077132,0,39,1,-1,24,15,41,113.000000,72.833300,71.000000,1.064494,0.854199,1.244906,0.054975,0.058189,0.060941,0.060941,5,0,5,fixed,5,1,1,0,3.000000,4.000000
1002,centralized_dqn,centralized_dqn,0,5,4,72,2,2,3,0.000000,71.000000,1.408451,41,0.465021,30,0,2,0,0.465021,0.523210,0.058189,0.058189,0.465021,-0.077132,0,39,1,1,24,15,41,113.000000,72.833300,71.000000,0.884956,1.372998,1.408451,0.051338,0.056386,0.058189,0.056386,5,0,5,fixed,5,1,1,0,3.000000,4.000000
1002,centralized_dqn,centralized_dqn,0,5,4,73,0,0,2,3.321178,113.000000,0.415147,24,0.465021,30,0,0,0,0.465021,0.523210,0.058189,0.058189,0.465021,-0.077132,0,39,1,0,24,15,41,113.000000,72.833300,71.000000,0.415847,0.052002,0.165502,0.058189,0.009112,0.051005,0.051005,5,0,5,fixed,5,1,1,0,3.000000,4.000000
1002,centralized_dqn,centralized_dqn,0,5,4,74,2,2,4,0.000000,71.000000,0.563380,41,0.465021,30,0,2,0,0.465021,0.523210,0.058189,0.058189,0.465021,-0.077132,0,39,1,-1,24,15,41,113.000000,72.833300,71.000000,0.353982,0.549199,0.563380,0.049246,0.056293,0.058189,0.056293,5,0,5,fixed,5,1,1,0,3.000000,4.000000
1002,centralized_dqn,centralized_dqn,0,5,4,75,2,2,4,0.000000,71.000000,0.563380,41,0.465021,30,0,2,0,0.465021,0.523210,0.058189,0.058189,0.465021,-0.077132,0,39,1,-1,24,15,41,113.000000,72.833300,71.000000,0.353982,0.549199,0.563380,0.049246,0.056293,0.058189,0.056293,5,0,5,fixed,5,1,1,0,3.000000,4.000000
1002,centralized_dqn,centralized_dqn,0,5,4,76,0,0,2,3.321178,113.000000,0.415147,24,0.465021,30,0,0,0,0.465021,0.523210,0.058189,0.058189,0.465021,-0.077132,0,39,1,0,24,15,41,113.000000,72.833300,71.000000,0.415847,0.052002,0.165502,0.058189,0.009112,0.051005,0.051005,5,0,5,fixed,5,1,1,0,3.000000,4.000000
1002,centralized_dqn,centralized_dqn,0,5,4,77,0,0,2,3.321190,113.000000,0.415149,24,0.465021,30,0,0,0,0.465021,0.523210,0.058189,0.058189,0.465021,-0.077132,0,39,1,0,24,15,41,113.000000,72.833300,71.000000,0.415847,0.052002,0.165502,0.058189,0.009112,0.051005,0.051005,5,0,5,fixed,5,1,1,0,3.000000,4.000000
1002,centralized_dqn,centralized_dqn,0,5,4,78,1,1,1,2.625413,72.833300,0.875138,15,0.465021,30,0,1,0,0.465021,0.523210,0.058189,0.058189,0.465021,-0.077132,0,39,1,-1,24,15,41,113.000000,72.833300,71.000000,1.064494,0.848655,1.244906,0.054999,0.058189,0.060965,0.060965,5,0,5,fixed,5,1,1,0,3.000000,4.000000
1002,centralized_dqn,centralized_dqn,0,5,4,79,0,0,2,3.321167,113.000000,0.415146,24,0.465021,30,0,0,0,0.465021,0.523210,0.058189,0.058189,0.465021,-0.077132,0,39,1,0,24,15,41,113.000000,72.833300,71.000000,0.415847,0.052002,0.165502,0.058189,0.009112,0.051005,0.051005,5,0,5,fixed,5,1,1,0,3.000000,4.000000
1002,centralized_dqn,centralized_dqn,0,5,4,80,2,2,4,0.000000,71.000000,0.563380,41,0.465021,30,0,2,0,0.465021,0.523210,0.058189,0.058189,0.465021,-0.077132,0,39,1,-1,24,15,41,113.000000,72.833300,71.000000,0.353982,0.549199,0.563380,0.049246,0.056293,0.058189,0.056293,5,0,5,fixed,5,1,1,0,3.000000,4.000000
1002,centralized_dqn,centralized_dqn,0,5,5,1,2,2,4,0.000000,66.833300,0.598504,41,0.474772,30,0,2,0,0.474772,0.474772,0.000000,0.000000,0.474772,0.009751,0,27,1,-1,24,15,41,113.000000,140.500000,66.833300,0.353982,0.284698,0.598504,0.048368,0.050125,0.057881,0.050125,5,0,5,fixed,5,1,1,0,3.000000,4.000000
1002,centralized_dqn,centralized_dqn,0,5,5,2,1,1,2,0.468868,140.500000,0.058608,15,0.474772,30,1,1,0,0.474772,0.474772,0.000000,0.000000,0.474772,0.009751,0,27,1,0,24,15,41,113.000000,140.500000,66.833300,0.399161,0.345620,0.162262,0.054343,0.057881,0.047160,0.054343,5,0,5,fixed,5,1,1,0,3.000000,4.000000
1002,centralized_dqn,centralized_dqn,0,5,5,3,2,2,1,2.867383,66.833300,0.955794,41,0.474772,30,0,2,0,0.474772,0.474772,0.000000,0.000000,0.474772,0.009751,0,27,1,-1,24,15,41,113.000000,140.500000,66.833300,1.064428,0.864050,1.059592,0.052281,0.055712,0.057881,0.055712,5,0,5,fixed,5,1,1,0,3.000000,4.000000
1002,centralized_dqn,centralized_dqn,0,5,5,4,0,0,2,3.320232,113.000000,0.415029,24,0.474772,30,0,0,0,0.474772,0.474772,0.000000,0.000000,0.474772,0.009751,0,27,1,0,24,15,41,113.000000,140.500000,66.833300,0.415826,0.054945,0.162262,0.057881,0.010407,0.049911,0.049911,5,0,5,fixed,5,1,1,0,3.000000,4.000000
1002,centralized_dqn,centralized_dqn,0,5,5,5,1,1,1,2.738469,140.500000,0.912823,15,0.474772,30,0,1,0,0.474772,0.474772,0.000000,0.000000,0.474772,0.009751,0,27,1,-1,24,15,41,113.000000,140.500000,66.833300,1.064428,0.922333,1.009032,0.053913,0.057881,0.059297,0.059297,5,0,5,fixed,5,1,1,0,3.000000,4.000000
1002,centralized_dqn,centralized_dqn,0,5,5,6,2,2,3,0.000000,66.833300,1.496260,41,0.474772,30,0,2,0,0.474772,0.474772,0.000000,0.000000,0.474772,0.009751,0,27,1,-1,24,15,41,113.000000,140.500000,66.833300,0.884956,0.711744,1.496260,0.050747,0.053958,0.057881,0.053958,5,0,5,fixed,5,1,1,0,3.000000,4.000000
1002,centralized_dqn,centralized_dqn,0,5,5,7,2,2,4,0.000000,66.833300,0.598504,41,0.474772,30,0,2,0,0.474772,0.474772,0.000000,0.000000,0.474772,0.009751,0,27,1,-1,24,15,41,113.000000,140.500000,66.833300,0.353982,0.284698,0.598504,0.048368,0.050125,0.057881,0.050125,5,0,5,fixed,5,1,1,0,3.000000,4.000000
1002,centralized_dqn,centralized_dqn,0,5,5,8,2,2,4,0.000000,66.833300,0.598504,41,0.474772,30,0,2,0,0.474772,0.474772,0.000000,0.000000,0.474772,0.009751,0,27,1,-1,24,15,41,113.000000,140.500000,66.833300,0.353982,0.284698,0.598504,0.048368,0.050125,0.057881,0.050125,5,0,5,fixed,5,1,1,0,3.000000,4.000000
1002,centralized_dqn,centralized_dqn,0,5,5,9,2,2,3,0.000000,66.833300,1.496260,41,0.474772,30,0,2,0,0.474772,0.474772,0.000000,0.000000,0.474772,0.009751,0,27,1,-1,24,15,41,113.000000,140.500000,66.833300,0.884956,0.711744,1.496260,0.050747,0.053958,0.057881,0.053958,5,0,5,fixed,5,1,1,0,3.000000,4.000000
1002,centralized_dqn,centralized_dqn,0,5,5,10,0,0,2,3.291725,113.000000,0.411466,24,0.474772,30,0,0,0,0.474772,0.474772,0.000000,0.000000,0.474772,0.009751,0,27,1,0,24,15,41,113.000000,140.500000,66.833300,0.415980,0.054945,0.162262,0.057881,0.010405,0.049908,0.049908,5,0,5,fixed,5,1,1,0,3.000000,4.000000
1002,centralized_dqn,centralized_dqn,0,5,5,11,2,2,4,0.000000,66.833300,0.598504,41,0.474772,30,0,2,0,0.474772,0.474772,0.000000,0.000000,0.474772,0.009751,0,27,1,-1,24,15,41,113.000000,140.500000,66.833300,0.353982,0.284698,0.598504,0.048368,0.050125,0.057881,0.050125,5,0,5,fixed,5,1,1,0,3.000000,4.000000
1002,centralized_dqn,centralized_dqn,0,5,5,12,0,0,2,3.292854,113.000000,0.411607,24,0.474772,30,0,0,0,0.474772,0.474772,0.000000,0.000000,0.474772,0.009751,0,27,1,0,24,15,41,113.000000,140.500000,66.833300,0.415974,0.054945,0.162262,0.057881,0.010405,0.049908,0.049908,5,0,5,fixed,5,1,1,0,3.000000,4.000000
1002,centralized_dqn,centralized_dqn,0,5,5,13,2,2,4,0.000000,66.833300,0.598504,41,0.474772,30,0,2,0,0.474772,0.474772,0.000000,0.000000,0.474772,0.009751,0,27,1,-1,24,15,41,113.000000,140.500000,66.833300,0.353982,0.284698,0.598504,0.048368,0.050125,0.057881,0.050125,5,0,5,fixed,5,1,1,0,3.000000,4.000000
1002,centralized_dqn,centralized_dqn,0,5,5,14,2,2,3,0.000000,66.833300,1.496260,41,0.474772,30,0,2,0,0.474772,0.474772,0.000000,0.000000,0.474772,0.009751,0,27,1,-1,24,15,41,113.000000,140.500000,66.833300,0.884956,0.711744,1.496260,0.050747,0.053958,0.057881,0.053958,5,0,5,fixed,5,1,1,0,3.000000,4.000000
1002,centralized_dqn,centralized_dqn,0,5,5,15,1,1,1,2.607123,140.500000,0.869041,15,0.474772,30,0,1,0,0.474772,0.474772,0.000000,0.000000,0.474772,0.009751,0,27,1,-1,24,15,41,113.000000,140.500000,66.833300,1.064428,0.925701,1.009032,0.053901,0.057881,0.059284,0.059284,5,0,5,fixed,5,1,1,0,3.000000,4.000000
1002,centralized_dqn,centralized_dqn,0,5,5,16,2,2,4,0.000000,66.833300,0.598504,41,0.474772,30,0,2,0,0.474772,0.474772,0.000000,0.000000,0.474772,0.009751,0,27,1,-1,24,15,41,113.000000,140.500000,66.833300,0.353982,0.284698,0.598504,0.048368,0.050125,0.057881,0.050125,5,0,5,fixed,5,1,1,0,3.000000,4.000000
1002,centralized_dqn,centralized_dqn,0,5,5,17,2,2,3,0.000000,66.833300,1.496260,41,0.474772,30,0,2,0,0.474772,0.474772,0.000000,0.000000,0.474772,0.009751,0,27,1,-1,24,15,41,113.000000,140.500000,66.833300,0.884956,0.711744,1.496260,0.050747,0.053958,0.057881,0.053958,5,0,5,fixed,5,1,1,0,3.000000,4.000000
1002,centralized_dqn,centralized_dqn,0,5,5,18,1,1,1,2.823385,140.500000,0.941128,15,0.474772,30,0,1,0,0.474772,0.474772,0.000000,0.000000,0.474772,0.009751,0,27,1,-1,24,15,41,113.000000,140.500000,66.833300,1.064428,0.920156,1.009032,0.053922,0.057881,0.059306,0.059306,5,0,5,fixed,5,1,1,0,3.000000,4.000000
1002,centralized_dqn,centralized_dqn,0,5,5,19,0,0,2,3.293947,113.000000,0.411743,24,0.474772,30,0,0,0,0.474772,0.474772,0.000000,0.000000,0.474772,0.009751,0,27,1,0,24,15,41,113.000000,140.500000,66.833300,0.415968,0.054945,0.162262,0.057881,0.010405,0.049908,0.049908,5,0,5,fixed,5,1,1,0,3.000000,4.000000
1002,centralized_dqn,centralized_dqn,0,5,5,20,2,2,4,0.000000,66.833300,0.598504,41,0.474772,30,0,2,0,0.474772,0.474772,0.000000,0.000000,0.474772,0.009751,0,27,1,-1,24,15,41,113.000000,140.500000,66.833300,0.353982,0.284698,0.598504,0.048368,0.050125,0.057881,0.050125,5,0,5,fixed,5,1,1,0,3.000000,4.000000
1002,centralized_dqn,centralized_dqn,0,5,5,21,0,0,2,3.215252,113.000000,0.401906,24,0.474772,30,0,0,0,0.474772,0.474772,0.000000,0.000000,0.474772,0.009751,0,27,1,0,24,15,41,113.000000,140.500000,66.833300,0.416396,0.054945,0.162262,0.057881,0.010398,0.049900,0.049900,5,0,5,fixed,5,1,1,0,3.000000,4.000000
1002,centralized_dqn,centralized_dqn,0,5,5,22,2,2,3,0.000000,66.833300,1.496260,41,0.474772,30,0,2,0,0.474772,0.474772,0.000000,0.000000,0.474772,0.009751,0,27,1,-1,24,15,41,113.000000,140.500000,66.833300,0.884956,0.711744,1.496260,0.050747,0.053958,0.057881,0.053958,5,0,5,fixed,5,1,1,0,3.000000,4.000000
1002,centralized_dqn,centralized_dqn,0,5,5,23,2,2,3,0.000000,66.833300,1.496260,41,0.474772,30,0,2,0,0.474772,0.474772,0.000000,0.000000,0.474772,0.009751,0,27,1,-1,24,15,41,113.000000,140.500000,66.833300,0.884956,0.711744,1.496260,0.050747,0.053958,0.057881,0.053958,5,0,5,fixed,5,1,1,0,3.000000,4.000000
1002,centralized_dqn,centralized_dqn,0,5,5,24,2,2,1,3.147449,66.833300,1.049150,41,0.474772,30,0,2,0,0.474772,0.474772,0.000000,0.000000,0.474772,0.009751,0,27,1,1,24,15,41,113.000000,140.500000,66.833300,1.064428,0.864050,1.028474,0.052378,0.055810,0.057881,0.055810,5,0,5,fixed,5,1,1,0,3.000000,4.000000
1002,centralized_dqn,centralized_dqn,0,5,5,25,0,0,2,3.291785,113.000000,0.411473,24,0.474772,30,0,0,0,0.474772,0.474772,0.000000,0.000000,0.474772,0.009751,0,27,1,0,24,15,41,113.000000,140.500000,66.833300,0.415980,0.054945,0.162262,0.057881,0.010405,0.049908,0.049908,5,0,5,fixed,5,1,1,0,3.000000,4.000000
1002,centralized_dqn,centralized_dqn,0,5,5,26,2,2,4,0.000000,66.833300,0.598504,41,0.474772,30,0,2,0,0.474772,0.474772,0.000000,0.000000,0.474772,0.009751,0,27,1,-1,24,15,41,113.000000,140.500000,66.833300,0.353982,0.284698,0.598504,0.048368,0.050125,0.057881,0.050125,5,0,5,fixed,5,1,1,0,3.000000,4.000000
1002,centralized_dqn,centralized_dqn,0,5,5,27,0,0,2,3.244662,113.000000,0.405583,24,0.474772,30,0,0,0,0.474772,0.474772,0.000000,0.000000,0.474772,0.009751,0,27,1,0,24,15,41,113.000000,140.500000,66.833300,0.416236,0.054945,0.162262,0.057881,0.010401,0.049903,0.049903,5,0,5,fixed,5,1,1,0,3.000000,4.000000
1002,centralized_dqn,centralized_dqn,0,5,5,28,0,0,2,3.244650,113.000000,0.405581,24,0.474772,30,0,0,0,0.474772,0.474772,0.000000,0.000000,0.474772,0.009751,0,27,1,0,24,15,41,113.000000,140.500000,66.833300,0.416236,0.054945,0.162262,0.057881,0.010401,0.049903,0.049903,5,0,5,fixed,5,1,1,0,3.000000,4.000000
1002,centralized_dqn,centralized_dqn,0,5,5,29,0,0,2,3.322418,113.000000,0.415302,24,0.474772,30,0,0,0,0.474772,0.474772,0.000000,0.000000,0.474772,0.009751,0,27,1,0,24,15,41,113.000000,140.500000,66.833300,0.415814,0.054945,0.162262,0.057881,0.010407,0.049911,0.049911,5,0,5,fixed,5,1,1,0,3.000000,4.000000
1002,centralized_dqn,centralized_dqn,0,5,5,30,2,2,3,0.000000,66.833300,1.496260,41,0.474772,30,0,2,0,0.474772,0.474772,0.000000,0.000000,0.474772,0.009751,0,27,1,-1,24,15,41,113.000000,140.500000,66.833300,0.884956,0.711744,1.496260,0.050747,0.053958,0.057881,0.053958,5,0,5,fixed,5,1,1,0,3.000000,4.000000
1002,centralized_dqn,centralized_dqn,0,5,5,31,1,1,1,2.742782,140.500000,0.914261,15,0.474772,30,0,1,0,0.474772,0.474772,0.000000,0.000000,0.474772,0.009751,0,27,1,-1,24,15,41,113.000000,140.500000,66.833300,1.064428,0.922222,1.009032,0.053914,0.057881,0.059298,0.059298,5,0,5,fixed,5,1,1,0,3.000000,4.000000
1002,centralized_dqn,centralized_dqn,0,5,5,32,2,2,1,3.017671,66.833300,1.005890,41,0.474772,30,0,2,0,0.474772,0.474772,0.000000,0.000000,0.474772,0.009751,0,27,1,1,24,15,41,113.000000,140.500000,66.833300,1.064428,0.864050,1.042893,0.052332,0.055763,0.057881,0.055763,5,0,5,fixed,5,1,1,0,3.000000,4.000000
1002,centralized_dqn,centralized_dqn,0,5,5,33,2,2,2,1.321304,66.833300,0.165163,41,0.474772,30,0,2,0,0.474772,0.474772,0.000000,0.000000,0.474772,0.009751,0,27,1,0,24,15,41,113.000000,140.500000,66.833300,0.399161,0.054945,0.166572,0.064250,0.016290,0.057881,0.064250,5,0,5,fixed,5,1,1,0,3.000000,4.000000
1002,centralized_dqn,centralized_dqn,0,5,5,34,0,0,2,3.322418,113.000000,0.415302,24,0.474772,30,0,0,0,0.474772,0.474772,0.000000,0.000000,0.474772,0.009751,0,27,1,0,24,15,41,113.000000,140.500000,66.833300,0.415814,0.054945,0.162262,0.057881,0.010407,0.049911,0.049911,5,0,5,fixed,5,1,1,0,3.000000,4.000000
1002,centralized_dqn,centralized_dqn,0,5,5,35,0,0,2,3.319043,113.000000,0.414880,24,0.474772,30,0,0,0,0.474772,0.474772,0.000000,0.000000,0.474772,0.009751,0,27,1,0,24,15,41,113.000000,140.500000,66.833300,0.415832,0.054945,0.162262,0.057881,0.010407,0.049911,0.049911,5,0,5,fixed,5,1,1,0,3.000000,4.000000
1002,centralized_dqn,centralized_dqn,0,5,5,36,2,2,3,0.000000,66.833300,1.496260,41,0.474772,30,0,2,0,0.474772,0.474772,0.000000,0.000000,0.474772,0.009751,0,27,1,-1,24,15,41,113.000000,140.500000,66.833300,0.884956,0.711744,1.496260,0.050747,0.053958,0.057881,0.053958,5,0,5,fixed,5,1,1,0,3.000000,4.000000
1002,centralized_dqn,centralized_dqn,0,5,5,37,2,2,2,1.322433,66.833300,0.165304,41,0.474772,30,0,2,0,0.474772,0.474772,0.000000,0.000000,0.474772,0.009751,0,27,1,0,24,15,41,113.000000,140.500000,66.833300,0.399161,0.054945,0.166525,0.064256,0.016295,0.057881,0.064256,5,0,5,fixed,5,1,1,0,3.000000,4.000000
1002,centralized_dqn,centralized_dqn,0,5,5,38,2,2,4,0.000000,66.833300,0.598504,41,0.474772,30,0,2,0,0.474772,0.474772,0.000000,0.000000,0.474772,0.009751,0,27,1,-1,24,15,41,113.000000,140.500000,66.833300,0.353982,0.284698,0.598504,0.048368,0.050125,0.057881,0.050125,5,0,5,fixed,5,1,1,0,3.000000,4.000000
1002,centralized_dqn,centralized_dqn,0,5,5,39,2,2,2,1.321223,66.833300,0.165153,41,0.474772,30,0,2,0,0.474772,0.474772,0.000000,0.000000,0.474772,0.009751,0,27,1,0,24,15,41,113.000000,140.500000,66.833300,0.399161,0.054945,0.166575,0.064250,0.016290,0.057881,0.064250,5,0,5,fixed,5,1,1,0,3.000000,4.000000
1002,centralized_dqn,centralized_dqn,0,5,5,40,2,2,4,0.000000,66.833300,0.598504,41,0.474772,30,0,2,0,0.474772,0.474772,0.000000,0.000000,0.474772,0.009751,0,27,1,-1,24,15,41,113.000000,140.500000,66.833300,0.353982,0.284698,0.598504,0.048368,0.050125,0.057881,0.050125,5,0,5,fixed,5,1,1,0,3.000000,4.000000
1002,centralized_dqn,centralized_dqn,0,5,5,41,2,2,4,0.000000,66.833300,0.598504,41,0.474772,30,0,2,0,0.474772,0.474772,0.000000,0.000000,0.474772,0.009751,0,27,1,-1,24,15,41,113.000000,140.500000,66.833300,0.353982,0.284698,0.598504,0.048368,0.050125,0.057881,0.050125,5,0,5,fixed,5,1,1,0,3.000000,4.000000
1002,centralized_dqn,centralized_dqn,0,5,5,42,1,1,1,2.614491,140.500000,0.871497,15,0.474772,30,0,1,0,0.474772,0.474772,0.000000,0.000000,0.474772,0.009751,0,27,1,-1,24,15,41,113.000000,140.500000,66.833300,1.064428,0.925512,1.009032,0.053901,0.057881,0.059285,0.059285,5,0,5,fixed,5,1,1,0,3.000000,4.000000
1002,centralized_dqn,centralized_dqn,0,5,5,43,1,1,1,2.712773,140.500000,0.904258,15,0.474772,30,0,1,0,0.474772,0.474772,0.000000,0.000000,0.474772,0.009751,0,27,1,-1,24,15,41,113.000000,140.500000,66.833300,1.064428,0.922992,1.009032,0.053911,0.057881,0.059295,0.059295,5,0,5,fixed,5,1,1,0,3.000000,4.000000
1002,centralized_dqn,centralized_dqn,0,5,5,44,1,1,1,2.557639,140.500000,0.852546,15,0.474772,30,0,1,0,0.474772,0.474772,0.000000,0.000000,0.474772,0.009751,0,27,1,-1,24,15,41,113.000000,140.500000,66.833300,1.064428,0.926970,1.009032,0.053896,0.057881,0.059279,0.059279,5,0,5,fixed,5,1,1,0,3.000000,4.000000
1002,centralized_dqn,centralized_dqn,0,5,5,45,2,2,3,0.000000,66.833300,1.496260,41,0.474772,30,0,2,0,0.474772,0.474772,0.000000,0.000000,0.474772,0.009751,0,27,1,-1,24,15,41,113.000000,140.500000,66.833300,0.884956,0.711744,1.496260,0.050747,0.053958,0.057881,0.053958,5,0,5,fixed,5,1,1,0,3.000000,4.000000
1002,centralized_dqn,centralized_dqn,0,5,5,46,0,0,2,3.756216,113.000000,0.469527,24,0.474772,30,0,0,0,0.474772,0.474772,0.000000,0.000000,0.474772,0.009751,0,27,1,0,24,15,41,113.000000,140.500000,66.833300,0.413456,0.054945,0.162262,0.057881,0.010446,0.049957,0.049957,5,0,5,fixed,5,1,1,0,3.000000,4.000000
1002,centralized_dqn,centralized_dqn,0,5,5,47,2,2,4,0.000000,66.833300,0.598504,41,0.474772,30,0,2,0,0.474772,0.474772,0.000000,0.000000,0.474772,0.009751,0,27,1,-1,24,15,41,113.000000,140.500000,66.833300,0.353982,0.284698,0.598504,0.048368,0.050125,0.057881,0.050125,5,0,5,fixed,5,1,1,0,3.000000,4.000000
1002,centralized_dqn,centralized_dqn,0,5,5,48,2,2,3,0.000000,66.833300,1.496260,41,0.474772,30,0,2,0,0.474772,0.474772,0.000000,0.000000,0.474772,0.009751,0,27,1,-1,24,15,41,113.000000,140.500000,66.833300,0.884956,0.711744,1.496260,0.050747,0.053958,0.057881,0.053958,5,0,5,fixed,5,1,1,0,3.000000,4.000000
1002,centralized_dqn,centralized_dqn,0,5,5,49,1,1,1,2.745135,140.500000,0.915045,15,0.474772,30,0,1,0,0.474772,0.474772,0.000000,0.000000,0.474772,0.009751,0,27,1,-1,24,15,41,113.000000,140.500000,66.833300,1.064428,0.922162,1.009032,0.053914,0.057881,0.059298,0.059298,5,0,5,fixed,5,1,1,0,3.000000,4.000000
1002,centralized_dqn,centralized_dqn,0,5,5,50,0,0,2,3.747378,113.000000,0.468422,24,0.474772,30,0,0,0,0.474772,0.474772,0.000000,0.000000,0.474772,0.009751,0,27,1,0,24,15,41,113.000000,140.500000,66.833300,0.413504,0.054945,0.162262,0.057881,0.010445,0.049956,0.049956,5,0,5,fixed,5,1,1,0,3.000000,4.000000
1002,centralized_dqn,centralized_dqn,0,5,5,51,2,2,4,0.000000,66.833300,0.598504,41,0.474772,30,0,2,0,0.474772,0.474772,0.000000,0.000000,0.474772,0.009751,0,27,1,-1,24,15,41,113.000000,140.500000,66.833300,0.353982,0.284698,0.598504,0.048368,0.050125,0.057881,0.050125,5,0,5,fixed,5,1,1,0,3.000000,4.000000
1002,centralized_dqn,centralized_dqn,0,5,5,52,2,2,4,0.000000,66.833300,0.598504,41,0.474772,30,0,2,0,0.474772,0.474772,0.000000,0.000000,0.474772,0.009751,0,27,1,-1,24,15,41,113.000000,140.500000,66.833300,0.353982,0.284698,0.598504,0.048368,0.050125,0.057881,0.050125,5,0,5,fixed,5,1,1,0,3.000000,4.000000
1002,centralized_dqn,centralized_dqn,0,5,5,53,0,0,2,3.319043,113.000000,0.414880,24,0.474772,30,0,0,0,0.474772,0.474772,0.000000,0.000000,0.474772,0.009751,0,27,1,0,24,15,41,113.000000,140.500000,66.833300,0.415832,0.054945,0.162262,0.057881,0.010407,0.049911,0.049911,5,0,5,fixed,5,1,1,0,3.000000,4.000000
1002,centralized_dqn,centralized_dqn,0,5,5,54,0,0,2,3.241447,113.000000,0.405181,24,0.474772,30,0,0,0,0.474772,0.474772,0.000000,0.000000,0.474772,0.009751,0,27,1,0,24,15,41,113.000000,140.500000,66.833300,0.416254,0.054945,0.162262,0.057881,0.010400,0.049903,0.049903,5,0,5,fixed,5,1,1,0,3.000000,4.000000
1002,centralized_dqn,centralized_dqn,0,5,5,55,1,1,1,2.681043,140.500000,0.893681,15,0.474772,30,0,1,0,0.474772,0.474772,0.000000,0.000000,0.474772,0.009751,0,27,1,-1,24,15,41,113.000000,140.500000,66.833300,1.064428,0.923805,1.009032,0.053908,0.057881,0.059291,0.059291,5,0,5,fixed,5,1,1,0,3.000000,4.000000
1002,centralized_dqn,centralized_dqn,0,5,5,56,1,1,1,2.759888,140.500000,0.919963,15,0.474772,30,0,1,0,0.474772,0.474772,0.000000,0.000000,0.474772,0.009751,0,27,1,-1,24,15,41,113.000000,140.500000,66.833300,1.064428,0.921784,1.009032,0.053916,0.057881,0.059299,0.059299,5,0,5,fixed,5,1,1,0,3.000000,4.000000
1002,centralized_dqn,centralized_dqn,0,5,5,57,2,2,3,0.000000,66.833300,1.496260,41,0.474772,30,0,2,0,0.474772,0.474772,0.000000,0.000000,0.474772,0.009751,0,27,1,-1,24,15,41,113.000000,140.500000,66.833300,0.884956,0.711744,1.496260,0.050747,0.053958,0.057881,0.053958,5,0,5,fixed,5,1,1,0,3.000000,4.000000
1002,centralized_dqn,centralized_dqn,0,5,5,58,0,0,2,3.241459,113.000000,0.405182,24,0.474772,30,0,0,0,0.474772,0.474772,0.000000,0.000000,0.474772,0.009751,0,27,1,0,24,15,41,113.000000,140.500000,66.833300,0.416254,0.054945,0.162262,0.057881,0.010400,0.049903,0.049903,5,0,5,fixed,5,1,1,0,3.000000,4.000000
1002,centralized_dqn,centralized_dqn,0,5,5,59,2,2,3,0.000000,66.833300,1.496260,41,0.474772,30,0,2,0,0.474772,0.474772,0.000000,0.000000,0.474772,0.009751,0,27,1,-1,24,15,41,113.000000,140.500000,66.833300,0.884956,0.711744,1.496260,0.050747,0.053958,0.057881,0.053958,5,0,5,fixed,5,1,1,0,3.000000,4.000000
1002,centralized_dqn,centralized_dqn,0,5,5,60,2,2,1,3.371208,66.833300,1.123736,41,0.474772,30,0,2,0,0.474772,0.474772,0.000000,0.000000,0.474772,0.009751,0,27,1,1,24,15,41,113.000000,140.500000,66.833300,1.064428,0.864050,1.003611,0.052459,0.055892,0.057881,0.055892,5,0,5,fixed,5,1,1,0,3.000000,4.000000
1002,centralized_dqn,centralized_dqn,0,5,5,61,0,0,2,3.241435,113.000000,0.405179,24,0.474772,30,0,0,0,0.474772,0.474772,0.000000,0.000000,0.474772,0.009751,0,27,1,0,24,15,41,113.000000,140.500000,66.833300,0.416254,0.054945,0.162262,0.057881,0.010400,0.049903,0.049903,5,0,5,fixed,5,1,1,0,3.000000,4.000000
1002,centralized_dqn,centralized_dqn,0,5,5,62,1,1,1,2.698814,140.500000,0.899605,15,0.474772,30,0,1,0,0.474772,0.474772,0.000000,0.000000,0.474772,0.009751,0,27,1,-1,24,15,41,113.000000,140.500000,66.833300,1.064428,0.923350,1.009032,0.053910,0.057881,0.059293,0.059293,5,0,5,fixed,5,1,1,0,3.000000,4.000000
1002,centralized_dqn,centralized_dqn,0,5,5,63,0,0,2,3.269873,113.000000,0.408734,24,0.474772,30,0,0,0,0.474772,0.474772,0.000000,0.000000,0.474772,0.009751,0,27,1,0,24,15,41,113.000000,140.500000,66.833300,0.416099,0.054945,0.162262,0.057881,0.010403,0.049906,0.049906,5,0,5,fixed,5,1,1,0,3.000000,4.000000
1002,centralized_dqn,centralized_dqn,0,5,5,64,0,0,2,3.309206,113.000000,0.413651,24,0.474772,30,0,0,0,0.474772,0.474772,0.000000,0.000000,0.474772,0.009751,0,27,1,0,24,15,41,113.000000,140.500000,66.833300,0.415885,0.054945,0.162262,0.057881,0.010406,0.049910,0.049910,5,0,5,fixed,5,1,1,0,3.000000,4.000000
1002,centralized_dqn,centralized_dqn,0,5,5,65,2,2,2,1.354071,66.833300,0.169259,41,0.474772,30,0,2,0,0.474772,0.474772,0.000000,0.000000,0.474772,0.009751,0,27,1,0,24,15,41,113.000000,140.500000,66.833300,0.399161,0.054945,0.165207,0.064426,0.016436,0.057881,0.064426,5,0,5,fixed,5,1,1,0,3.000000,4.000000
1002,centralized_dqn,centralized_dqn,0,5,5,66,2,2,4,0.000000,66.833300,0.598504,41,0.474772,30,0,2,0,0.474772,0.474772,0.000000,0.000000,0.474772,0.009751,0,27,1,-1,24,15,41,113.000000,140.500000,66.833300,0.353982,0.284698,0.598504,0.048368,0.050125,0.057881,0.050125,5,0,5,fixed,5,1,1,0,3.000000,4.000000
1002,centralized_dqn,centralized_dqn,0,5,5,67,0,0,2,3.309219,113.000000,0.413652,24,0.474772,30,0,0,0,0.474772,0.474772,0.000000,0.000000,0.474772,0.009751,0,27,1,0,24,15,41,113.000000,140.500000,66.833300,0.415885,0.054945,0.162262,0.057881,0.010406,0.049910,0.049910,5,0,5,fixed,5,1,1,0,3.000000,4.000000
1002,centralized_dqn,centralized_dqn,0,5,5,68,2,2,2,0.000000,66.833300,0.100000,41,0.474772,30,0,2,0,0.474772,0.474772,0.000000,0.000000,0.474772,0.009751,0,27,0,0,24,15,41,113.000000,140.500000,66.833300,0.399161,0.054945,0.166220,0.064295,0.016328,0.057881,0.064295,5,0,5,fixed,5,1,1,0,3.000000,4.000000
1002,centralized_dqn,centralized_dqn,0,5,5,69,1,1,1,2.841675,140.500000,0.947225,15,0.474772,30,0,1,0,0.474772,0.474772,0.000000,0.000000,0.474772,0.009751,0,27,1,-1,24,15,41,113.000000,140.500000,66.833300,1.064428,0.919687,1.009032,0.053924,0.057881,0.059307,0.059307,5,0,5,fixed,5,1,1,0,3.000000,4.000000
1002,centralized_dqn,centralized_dqn,0,5,5,70,2,2,4,0.000000,66.833300,0.598504,41,0.474772,30,0,2,0,0.474772,0.474772,0.000000,0.000000,0.474772,0.009751,0,27,1,-1,24,15,41,113.000000,140.500000,66.833300,0.353982,0.284698,0.598504,0.048368,0.050125,0.057881,0.050125,5,0,5,fixed,5,1,1,0,3.000000,4.000000
1002,centralized_dqn,centralized_dqn,0,5,5,71,1,1,1,3.375684,140.500000,1.125228,15,0.474772,30,0,1,0,0.474772,0.474772,0.000000,0.000000,0.474772,0.009751,0,27,1,-1,24,15,41,113.000000,140.500000,66.833300,1.064428,0.905994,1.009032,0.053977,0.057881,0.059362,0.059362,5,0,5,fixed,5,1,1,0,3.000000,4.000000
1002,centralized_dqn,centralized_dqn,0,5,5,72,2,2,3,0.000000,66.833300,1.496260,41,0.474772,30,0,2,0,0.474772,0.474772,0.000000,0.000000,0.474772,0.009751,0,27,1,-1,24,15,41,113.000000,140.500000,66.833300,0.884956,0.711744,1.496260,0.050747,0.053958,0.057881,0.053958,5,0,5,fixed,5,1,1,0,3.000000,4.000000
1002,centralized_dqn,centralized_dqn,0,5,5,73,0,0,2,3.309196,113.000000,0.413649,24,0.474772,30,0,0,0,0.474772,0.474772,0.000000,0.000000,0.474772,0.009751,0,27,1,0,24,15,41,113.000000,140.500000,66.833300,0.415885,0.054945,0.162262,0.057881,0.010406,0.049910,0.049910,5,0,5,fixed,5,1,1,0,3.000000,4.000000
1002,centralized_dqn,centralized_dqn,0,5,5,74,2,2,4,0.000000,66.833300,0.598504,41,0.474772,30,0,2,0,0.474772,0.474772,0.000000,0.000000,0.474772,0.009751,0,27,1,-1,24,15,41,113.000000,140.500000,66.833300,0.353982,0.284698,0.598504,0.048368,0.050125,0.057881,0.050125,5,0,5,fixed,5,1,1,0,3.000000,4.000000
1002,centralized_dqn,centralized_dqn,0,5,5,75,2,2,4,0.000000,66.833300,0.598504,41,0.474772,30,0,2,0,0.474772,0.474772,0.000000,0.000000,0.474772,0.009751,0,27,1,-1,24,15,41,113.000000,140.500000,66.833300,0.353982,0.284698,0.598504,0.048368,0.050125,0.057881,0.050125,5,0,5,fixed,5,1,1,0,3.000000,4.000000
1002,centralized_dqn,centralized_dqn,0,5,5,76,0,0,2,3.309196,113.000000,0.413649,24,0.474772,30,0,0,0,0.474772,0.474772,0.000000,0.000000,0.474772,0.009751,0,27,1,0,24,15,41,113.000000,140.500000,66.833300,0.415885,0.054945,0.162262,0.057881,0.010406,0.049910,0.049910,5,0,5,fixed,5,1,1,0,3.000000,4.000000
1002,centralized_dqn,centralized_dqn,0,5,5,77,0,0,2,3.309172,113.000000,0.413646,24,0.474772,30,0,0,0,0.474772,0.474772,0.000000,0.000000,0.474772,0.009751,0,27,1,0,24,15,41,113.000000,140.500000,66.833300,0.415886,0.054945,0.162262,0.057881,0.010406,0.049910,0.049910,5,0,5,fixed,5,1,1,0,3.000000,4.000000
1002,centralized_dqn,centralized_dqn,0,5,5,78,1,1,1,2.810556,140.500000,0.936852,15,0.474772,30,0,1,0,0.474772,0.474772,0.000000,0.000000,0.474772,0.009751,0,27,1,-1,24,15,41,113.000000,140.500000,66.833300,1.064428,0.920485,1.009032,0.053921,0.057881,0.059304,0.059304,5,0,5,fixed,5,1,1,0,3.000000,4.000000
1002,centralized_dqn,centralized_dqn,0,5,5,79,0,0,2,3.310300,113.000000,0.413788,24,0.474772,30,0,0,0,0.474772,0.474772,0.000000,0.000000,0.474772,0.009751,0,27,1,0,24,15,41,113.000000,140.500000,66.833300,0.415879,0.054945,0.162262,0.057881,0.010406,0.049910,0.049910,5,0,5,fixed,5,1,1,0,3.000000,4.000000
1002,centralized_dqn,centralized_dqn,0,5,5,80,2,2,4,0.000000,66.833300,0.598504,41,0.474772,30,0,2,0,0.474772,0.474772,0.000000,0.000000,0.474772,0.009751,0,27,1,-1,24,15,41,113.000000,140.500000,66.833300,0.353982,0.284698,0.598504,0.048368,0.050125,0.057881,0.050125,5,0,5,fixed,5,1,1,0,3.000000,4.000000
