seed,method,max_switches,cycle_id,ue_id,previous_bs_id,current_bs_id,app_type,tp_mbps,rtt_ms,satisfaction,num_users_on_current_bs,harmonic_mean,num_unsatisfied_users,target_ue_flag,action_selected_bs_id,switch_flag,h_before,h_after_estimated,reward,estimated_reward,h_after_measured,measured_reward,switch_count,num_degraded_users,measurement_valid,candidate_type,num_users_ap0,num_users_ap1,num_users_ap2,monitor_rtt_ap0,monitor_rtt_ap1,monitor_rtt_ap2,estimated_satisfaction_if_ap0,estimated_satisfaction_if_ap1,estimated_satisfaction_if_ap2,estimated_h_delta_if_ap0,estimated_h_delta_if_ap1,estimated_h_delta_if_ap2,best_estimated_h_delta,effective_max_switches,applied_switches_in_cycle,remaining_switch_budget,k_schedule_type,k_max,k_min,k_decay_rate,stop_action_flag,warmup_before_cycle_sec,cycle_start_offset_sec
1019,all5g,8,1,1,0,0,1,3.507308,89.833300,1.169103,22,0.199512,36,0,0,0,0.199512,0.199512,0.000000,0.000000,0.199512,0.000000,58,0,1,-1,22,23,35,89.833300,78.833300,69.500000,1.174116,0.886239,0.473902,0.006953,0.006010,0.002261,0.006010,8,58,0,fixed,8,8,0,0,3.000000,4.000000
1019,all5g,8,1,2,1,1,1,2.934982,78.833300,0.978327,23,0.199512,36,0,0,1,0.199512,0.199512,0.000000,0.000000,0.199512,0.000000,58,0,1,-1,22,23,35,89.833300,78.833300,69.500000,1.122382,0.918820,0.473902,0.007815,0.006953,0.003125,0.007815,8,58,0,fixed,8,8,0,0,3.000000,4.000000
1019,all5g,8,1,3,2,2,1,1.055377,69.500000,0.351792,35,0.199512,36,0,0,1,0.199512,0.199512,0.000000,0.000000,0.199512,0.000000,58,0,1,0,22,23,35,89.833300,78.833300,69.500000,1.122382,0.886239,0.532659,0.011665,0.010721,0.006953,0.011665,8,58,0,fixed,8,8,0,0,3.000000,4.000000
1019,all5g,8,1,4,2,2,2,0.624060,69.500000,0.078008,35,0.199512,36,0,0,1,0.199512,0.199512,0.000000,0.000000,0.199512,0.000000,58,0,1,0,22,23,35,89.833300,78.833300,69.500000,0.687954,0.202958,0.077892,0.017440,0.014575,0.006953,0.017440,8,58,0,fixed,8,8,0,0,3.000000,4.000000
1019,all5g,8,1,5,0,0,3,0.000000,89.833300,1.113173,22,0.199512,36,0,0,0,0.199512,0.199512,0.000000,0.000000,0.199512,0.000000,58,0,1,-1,22,23,35,89.833300,78.833300,69.500000,1.113173,1.268499,1.438849,0.006953,0.006235,0.003028,0.006235,8,58,0,fixed,8,8,0,0,3.000000,4.000000
1019,all5g,8,1,6,2,2,2,0.622885,69.500000,0.077861,35,0.199512,36,0,0,1,0.199512,0.199512,0.000000,0.000000,0.199512,0.000000,58,0,1,0,22,23,35,89.833300,78.833300,69.500000,0.687954,0.202958,0.077899,0.017439,0.014574,0.006953,0.017439,8,58,0,fixed,8,8,0,0,3.000000,4.000000
1019,all5g,8,1,7,2,2,3,0.000000,69.500000,1.438849,35,0.199512,36,0,0,1,0.199512,0.199512,0.000000,0.000000,0.199512,0.000000,58,0,1,1,22,23,35,89.833300,78.833300,69.500000,1.113173,1.268499,1.438849,0.011033,0.010286,0.006953,0.011033,8,58,0,fixed,8,8,0,0,3.000000,4.000000
1019,all5g,8,1,8,2,2,2,0.622944,69.500000,0.077868,35,0.199512,36,0,0,1,0.199512,0.199512,0.000000,0.000000,0.199512,0.000000,58,0,1,0,22,23,35,89.833300,78.833300,69.500000,0.687954,0.202958,0.077899,0.017440,0.014574,0.006953,0.017440,8,58,0,fixed,8,8,0,0,3.000000,4.000000
1019,all5g,8,1,9,2,2,2,0.622944,69.500000,0.077868,35,0.199512,36,0,0,1,0.199512,0.199512,0.000000,0.000000,0.199512,0.000000,58,0,1,0,22,23,35,89.833300,78.833300,69.500000,0.687954,0.202958,0.077899,0.017440,0.014574,0.006953,0.017440,8,58,0,fixed,8,8,0,0,3.000000,4.000000
1019,all5g,8,1,10,2,2,2,0.622944,69.500000,0.077868,35,0.199512,36,0,0,1,0.199512,0.199512,0.000000,0.000000,0.199512,0.000000,58,0,1,0,22,23,35,89.833300,78.833300,69.500000,0.687954,0.202958,0.077899,0.017440,0.014574,0.006953,0.017440,8,58,0,fixed,8,8,0,0,3.000000,4.000000
1019,all5g,8,1,11,1,1,3,0.000000,78.833300,1.268499,23,0.199512,36,0,0,1,0.199512,0.199512,0.000000,0.000000,0.199512,0.000000,58,0,1,-1,22,23,35,89.833300,78.833300,69.500000,1.113173,1.268499,1.438849,0.007676,0.006953,0.003723,0.007676,8,58,0,fixed,8,8,0,0,3.000000,4.000000
1019,all5g,8,1,12,2,2,4,0.000000,69.500000,0.575540,35,0.199512,36,0,0,1,0.199512,0.199512,0.000000,0.000000,0.199512,0.000000,58,0,1,-1,22,23,35,89.833300,78.833300,69.500000,0.445269,0.507400,0.575540,0.010864,0.010210,0.006953,0.010864,8,58,0,fixed,8,8,0,0,3.000000,4.000000
1019,all5g,8,1,13,1,1,2,0.000000,78.833300,0.100000,23,0.199512,36,0,0,1,0.199512,0.199512,0.000000,0.000000,0.199512,0.000000,58,0,0,0,22,23,35,89.833300,78.833300,69.500000,0.687954,0.211782,0.075734,0.009392,0.006953,-0.000711,0.009392,8,58,0,fixed,8,8,0,0,3.000000,4.000000
1019,all5g,8,1,14,1,1,2,1.695046,78.833300,0.211881,23,0.199512,36,0,0,1,0.199512,0.199512,0.000000,0.000000,0.199512,0.000000,58,0,1,0,22,23,35,89.833300,78.833300,69.500000,0.687954,0.211766,0.075734,0.009393,0.006953,-0.000711,0.009393,8,58,0,fixed,8,8,0,0,3.000000,4.000000
1019,all5g,8,1,15,0,0,3,0.000000,89.833300,1.113173,22,0.199512,36,0,0,0,0.199512,0.199512,0.000000,0.000000,0.199512,0.000000,58,0,1,-1,22,23,35,89.833300,78.833300,69.500000,1.113173,1.268499,1.438849,0.006953,0.006235,0.003028,0.006235,8,58,0,fixed,8,8,0,0,3.000000,4.000000
1019,all5g,8,1,16,1,1,1,2.743663,78.833300,0.914554,23,0.199512,36,0,0,1,0.199512,0.199512,0.000000,0.000000,0.199512,0.000000,58,0,1,-1,22,23,35,89.833300,78.833300,69.500000,1.122382,0.925906,0.473902,0.007811,0.006953,0.003121,0.007811,8,58,0,fixed,8,8,0,0,3.000000,4.000000
1019,all5g,8,1,17,2,2,2,0.622944,69.500000,0.077868,35,0.199512,36,0,0,1,0.199512,0.199512,0.000000,0.000000,0.199512,0.000000,58,0,1,0,22,23,35,89.833300,78.833300,69.500000,0.687954,0.202958,0.077899,0.017440,0.014574,0.006953,0.017440,8,58,0,fixed,8,8,0,0,3.000000,4.000000
1019,all5g,8,1,18,0,0,4,0.000000,89.833300,0.445269,22,0.199512,36,0,0,0,0.199512,0.199512,0.000000,0.000000,0.199512,0.000000,58,0,1,0,22,23,35,89.833300,78.833300,69.500000,0.445269,0.507400,0.575540,0.006953,0.006322,0.003184,0.006322,8,58,0,fixed,8,8,0,0,3.000000,4.000000
1019,all5g,8,1,19,2,2,2,0.622932,69.500000,0.077866,35,0.199512,36,0,0,1,0.199512,0.199512,0.000000,0.000000,0.199512,0.000000,58,0,1,0,22,23,35,89.833300,78.833300,69.500000,0.687954,0.202958,0.077899,0.017440,0.014574,0.006953,0.017440,8,58,0,fixed,8,8,0,0,3.000000,4.000000
1019,all5g,8,1,20,0,0,3,0.000000,89.833300,1.113173,22,0.199512,36,0,0,0,0.199512,0.199512,0.000000,0.000000,0.199512,0.000000,58,0,1,-1,22,23,35,89.833300,78.833300,69.500000,1.113173,1.268499,1.438849,0.006953,0.006235,0.003028,0.006235,8,58,0,fixed,8,8,0,0,3.000000,4.000000
1019,all5g,8,1,21,2,2,2,0.622944,69.500000,0.077868,35,0.199512,36,0,0,1,0.199512,0.199512,0.000000,0.000000,0.199512,0.000000,58,0,1,0,22,23,35,89.833300,78.833300,69.500000,0.687954,0.202958,0.077899,0.017440,0.014574,0.006953,0.017440,8,58,0,fixed,8,8,0,0,3.000000,4.000000
1019,all5g,8,1,22,1,1,1,2.982246,78.833300,0.994082,23,0.199512,36,0,0,1,0.199512,0.199512,0.000000,0.000000,0.199512,0.000000,58,0,1,-1,22,23,35,89.833300,78.833300,69.500000,1.122382,0.917070,0.473902,0.007817,0.006953,0.003126,0.007817,8,58,0,fixed,8,8,0,0,3.000000,4.000000
1019,all5g,8,1,23,1,1,4,0.000000,78.833300,0.507400,23,0.199512,36,0,0,1,0.199512,0.199512,0.000000,0.000000,0.199512,0.000000,58,0,1,-1,22,23,35,89.833300,78.833300,69.500000,0.445269,0.507400,0.575540,0.007587,0.006953,0.003796,0.007587,8,58,0,fixed,8,8,0,0,3.000000,4.000000
1019,all5g,8,1,24,2,2,2,0.625130,69.500000,0.078141,35,0.199512,36,0,0,1,0.199512,0.199512,0.000000,0.000000,0.199512,0.000000,58,0,1,0,22,23,35,89.833300,78.833300,69.500000,0.687954,0.202958,0.077886,0.017441,0.014575,0.006953,0.017441,8,58,0,fixed,8,8,0,0,3.000000,4.000000
1019,all5g,8,1,25,2,2,3,0.000000,69.500000,1.438849,35,0.199512,36,0,0,1,0.199512,0.199512,0.000000,0.000000,0.199512,0.000000,58,0,1,1,22,23,35,89.833300,78.833300,69.500000,1.113173,1.268499,1.438849,0.011033,0.010286,0.006953,0.011033,8,58,0,fixed,8,8,0,0,3.000000,4.000000
1019,all5g,8,1,26,0,0,1,3.564630,89.833300,1.188210,22,0.199512,36,0,0,0,0.199512,0.199512,0.000000,0.000000,0.199512,0.000000,58,0,1,-1,22,23,35,89.833300,78.833300,69.500000,1.170931,0.886239,0.473902,0.006953,0.006011,0.002262,0.006011,8,58,0,fixed,8,8,0,0,3.000000,4.000000
1019,all5g,8,1,27,1,1,2,1.695058,78.833300,0.211882,23,0.199512,36,0,0,1,0.199512,0.199512,0.000000,0.000000,0.199512,0.000000,58,0,1,0,22,23,35,89.833300,78.833300,69.500000,0.687954,0.211766,0.075734,0.009393,0.006953,-0.000711,0.009393,8,58,0,fixed,8,8,0,0,3.000000,4.000000
1019,all5g,8,1,28,2,2,4,0.000000,69.500000,0.575540,35,0.199512,36,0,0,1,0.199512,0.199512,0.000000,0.000000,0.199512,0.000000,58,0,1,-1,22,23,35,89.833300,78.833300,69.500000,0.445269,0.507400,0.575540,0.010864,0.010210,0.006953,0.010864,8,58,0,fixed,8,8,0,0,3.000000,4.000000
1019,all5g,8,1,29,1,1,1,2.762344,78.833300,0.920781,23,0.199512,36,0,0,1,0.199512,0.199512,0.000000,0.000000,0.199512,0.000000,58,0,1,-1,22,23,35,89.833300,78.833300,69.500000,1.122382,0.925214,0.473902,0.007812,0.006953,0.003121,0.007812,8,58,0,fixed,8,8,0,0,3.000000,4.000000
1019,all5g,8,1,30,2,2,2,0.624037,69.500000,0.078005,35,0.199512,36,0,0,1,0.199512,0.199512,0.000000,0.000000,0.199512,0.000000,58,0,1,0,22,23,35,89.833300,78.833300,69.500000,0.687954,0.202958,0.077892,0.017440,0.014575,0.006953,0.017440,8,58,0,fixed,8,8,0,0,3.000000,4.000000
1019,all5g,8,1,31,0,0,2,5.652330,89.833300,0.706541,22,0.199512,36,0,0,0,0.199512,0.199512,0.000000,0.000000,0.199512,0.000000,58,0,1,-1,22,23,35,89.833300,78.833300,69.500000,0.721761,0.202958,0.075734,0.006953,0.004288,-0.002985,0.004288,8,58,0,fixed,8,8,0,0,3.000000,4.000000
1019,all5g,8,1,32,2,2,2,0.624037,69.500000,0.078005,35,0.199512,36,0,0,1,0.199512,0.199512,0.000000,0.000000,0.199512,0.000000,58,0,1,0,22,23,35,89.833300,78.833300,69.500000,0.687954,0.202958,0.077892,0.017440,0.014575,0.006953,0.017440,8,58,0,fixed,8,8,0,0,3.000000,4.000000
1019,all5g,8,1,33,2,2,2,0.624049,69.500000,0.078006,35,0.199512,36,0,0,1,0.199512,0.199512,0.000000,0.000000,0.199512,0.000000,58,0,1,0,22,23,35,89.833300,78.833300,69.500000,0.687954,0.202958,0.077892,0.017440,0.014575,0.006953,0.017440,8,58,0,fixed,8,8,0,0,3.000000,4.000000
1019,all5g,8,1,34,2,2,2,0.622884,69.500000,0.077861,35,0.199512,36,0,0,1,0.199512,0.199512,0.000000,0.000000,0.199512,0.000000,58,0,1,0,22,23,35,89.833300,78.833300,69.500000,0.687954,0.202958,0.077899,0.017439,0.014574,0.006953,0.017439,8,58,0,fixed,8,8,0,0,3.000000,4.000000
1019,all5g,8,1,35,1,1,2,1.693952,78.833300,0.211744,23,0.199512,36,0,0,1,0.199512,0.199512,0.000000,0.000000,0.199512,0.000000,58,0,1,0,22,23,35,89.833300,78.833300,69.500000,0.687954,0.211789,0.075734,0.009392,0.006953,-0.000711,0.009392,8,58,0,fixed,8,8,0,0,3.000000,4.000000
1019,all5g,8,1,36,2,2,4,0.000000,69.500000,0.575540,35,0.199512,36,0,0,1,0.199512,0.199512,0.000000,0.000000,0.199512,0.000000,58,0,1,-1,22,23,35,89.833300,78.833300,69.500000,0.445269,0.507400,0.575540,0.010864,0.010210,0.006953,0.010864,8,58,0,fixed,8,8,0,0,3.000000,4.000000
1019,all5g,8,1,37,0,0,2,5.651237,89.833300,0.706405,22,0.199512,36,0,0,0,0.199512,0.199512,0.000000,0.000000,0.199512,0.000000,58,0,1,-1,22,23,35,89.833300,78.833300,69.500000,0.721788,0.202958,0.075734,0.006953,0.004288,-0.002985,0.004288,8,58,0,fixed,8,8,0,0,3.000000,4.000000
1019,all5g,8,1,38,1,1,2,1.693906,78.833300,0.211738,23,0.199512,36,0,0,1,0.199512,0.199512,0.000000,0.000000,0.199512,0.000000,58,0,1,0,22,23,35,89.833300,78.833300,69.500000,0.687954,0.211790,0.075734,0.009392,0.006953,-0.000712,0.009392,8,58,0,fixed,8,8,0,0,3.000000,4.000000
1019,all5g,8,1,39,0,0,4,0.000000,89.833300,0.445269,22,0.199512,36,0,0,0,0.199512,0.199512,0.000000,0.000000,0.199512,0.000000,58,0,1,0,22,23,35,89.833300,78.833300,69.500000,0.445269,0.507400,0.575540,0.006953,0.006322,0.003184,0.006322,8,58,0,fixed,8,8,0,0,3.000000,4.000000
1019,all5g,8,1,40,2,2,1,1.608362,69.500000,0.536121,35,0.199512,36,0,0,1,0.199512,0.199512,0.000000,0.000000,0.199512,0.000000,58,0,1,-1,22,23,35,89.833300,78.833300,69.500000,1.122382,0.886239,0.471216,0.011797,0.010853,0.006953,0.011797,8,58,0,fixed,8,8,0,0,3.000000,4.000000
1019,all5g,8,1,41,2,2,2,0.624014,69.500000,0.078002,35,0.199512,36,0,0,1,0.199512,0.199512,0.000000,0.000000,0.199512,0.000000,58,0,1,0,22,23,35,89.833300,78.833300,69.500000,0.687954,0.202958,0.077893,0.017440,0.014575,0.006953,0.017440,8,58,0,fixed,8,8,0,0,3.000000,4.000000
1019,all5g,8,1,42,0,0,2,5.651237,89.833300,0.706405,22,0.199512,36,0,0,0,0.199512,0.199512,0.000000,0.000000,0.199512,0.000000,58,0,1,-1,22,23,35,89.833300,78.833300,69.500000,0.721788,0.202958,0.075734,0.006953,0.004288,-0.002985,0.004288,8,58,0,fixed,8,8,0,0,3.000000,4.000000
1019,all5g,8,1,43,1,1,2,1.693954,78.833300,0.211744,23,0.199512,36,0,0,1,0.199512,0.199512,0.000000,0.000000,0.199512,0.000000,58,0,1,0,22,23,35,89.833300,78.833300,69.500000,0.687954,0.211789,0.075734,0.009392,0.006953,-0.000711,0.009392,8,58,0,fixed,8,8,0,0,3.000000,4.000000
1019,all5g,8,1,44,2,2,2,0.624002,69.500000,0.078000,35,0.199512,36,0,0,1,0.199512,0.199512,0.000000,0.000000,0.199512,0.000000,58,0,1,0,22,23,35,89.833300,78.833300,69.500000,0.687954,0.202958,0.077893,0.017440,0.014575,0.006953,0.017440,8,58,0,fixed,8,8,0,0,3.000000,4.000000
1019,all5g,8,1,45,2,2,1,1.619358,69.500000,0.539786,35,0.199512,36,0,0,1,0.199512,0.199512,0.000000,0.000000,0.199512,0.000000,58,0,1,-1,22,23,35,89.833300,78.833300,69.500000,1.122382,0.886239,0.469994,0.011800,0.010856,0.006953,0.011800,8,58,0,fixed,8,8,0,0,3.000000,4.000000
1019,all5g,8,1,46,2,2,2,0.613060,69.500000,0.076632,35,0.199512,36,1,0,1,0.199512,0.199512,0.000000,0.000000,0.199512,0.000000,58,0,1,0,22,23,35,89.833300,78.833300,69.500000,0.687954,0.202958,0.077958,0.017434,0.014569,0.006953,0.017434,8,58,0,fixed,8,8,0,0,3.000000,4.000000
1019,all5g,8,1,47,0,0,1,3.506556,89.833300,1.168852,22,0.199512,36,0,0,0,0.199512,0.199512,0.000000,0.000000,0.199512,0.000000,58,0,1,-1,22,23,35,89.833300,78.833300,69.500000,1.174158,0.886239,0.473902,0.006953,0.006010,0.002261,0.006010,8,58,0,fixed,8,8,0,0,3.000000,4.000000
1019,all5g,8,1,48,1,1,2,1.693954,78.833300,0.211744,23,0.199512,36,0,0,1,0.199512,0.199512,0.000000,0.000000,0.199512,0.000000,58,0,1,0,22,23,35,89.833300,78.833300,69.500000,0.687954,0.211789,0.075734,0.009392,0.006953,-0.000711,0.009392,8,58,0,fixed,8,8,0,0,3.000000,4.000000
1019,all5g,8,1,49,1,1,1,2.539420,78.833300,0.846473,23,0.199512,36,0,0,1,0.199512,0.199512,0.000000,0.000000,0.199512,0.000000,58,0,1,-1,22,23,35,89.833300,78.833300,69.500000,1.122382,0.933471,0.473902,0.007807,0.006953,0.003117,0.007807,8,58,0,fixed,8,8,0,0,3.000000,4.000000
1019,all5g,8,1,50,2,2,1,1.566209,69.500000,0.522070,35,0.199512,36,0,0,1,0.199512,0.199512,0.000000,0.000000,0.199512,0.000000,58,0,1,-1,22,23,35,89.833300,78.833300,69.500000,1.122382,0.886239,0.475900,0.011786,0.010842,0.006953,0.011786,8,58,0,fixed,8,8,0,0,3.000000,4.000000
1019,all5g,8,1,51,2,2,3,0.000000,69.500000,1.438849,35,0.199512,36,0,0,1,0.199512,0.199512,0.000000,0.000000,0.199512,0.000000,58,0,1,1,22,23,35,89.833300,78.833300,69.500000,1.113173,1.268499,1.438849,0.011033,0.010286,0.006953,0.011033,8,58,0,fixed,8,8,0,0,3.000000,4.000000
1019,all5g,8,1,52,2,2,2,0.624049,69.500000,0.078006,35,0.199512,36,0,0,1,0.199512,0.199512,0.000000,0.000000,0.199512,0.000000,58,0,1,0,22,23,35,89.833300,78.833300,69.500000,0.687954,0.202958,0.077892,0.017440,0.014575,0.006953,0.017440,8,58,0,fixed,8,8,0,0,3.000000,4.000000
1019,all5g,8,1,53,2,2,2,0.624025,69.500000,0.078003,35,0.199512,36,0,0,1,0.199512,0.199512,0.000000,0.000000,0.199512,0.000000,58,0,1,0,22,23,35,89.833300,78.833300,69.500000,0.687954,0.202958,0.077893,0.017440,0.014575,0.006953,0.017440,8,58,0,fixed,8,8,0,0,3.000000,4.000000
1019,all5g,8,1,54,2,2,3,0.000000,69.500000,1.438849,35,0.199512,36,0,0,1,0.199512,0.199512,0.000000,0.000000,0.199512,0.000000,58,0,1,1,22,23,35,89.833300,78.833300,69.500000,1.113173,1.268499,1.438849,0.011033,0.010286,0.006953,0.011033,8,58,0,fixed,8,8,0,0,3.000000,4.000000
1019,all5g,8,1,55,0,0,3,0.000000,89.833300,1.113173,22,0.199512,36,0,0,0,0.199512,0.199512,0.000000,0.000000,0.199512,0.000000,58,0,1,-1,22,23,35,89.833300,78.833300,69.500000,1.113173,1.268499,1.438849,0.006953,0.006235,0.003028,0.006235,8,58,0,fixed,8,8,0,0,3.000000,4.000000
1019,all5g,8,1,56,0,0,2,5.856719,89.833300,0.732090,22,0.199512,36,0,0,0,0.199512,0.199512,0.000000,0.000000,0.199512,0.000000,58,0,1,-1,22,23,35,89.833300,78.833300,69.500000,0.716651,0.202958,0.075734,0.006953,0.004293,-0.002981,0.004293,8,58,0,fixed,8,8,0,0,3.000000,4.000000
1019,all5g,8,1,57,1,1,4,0.000000,78.833300,0.507400,23,0.199512,36,0,0,1,0.199512,0.199512,0.000000,0.000000,0.199512,0.000000,58,0,1,-1,22,23,35,89.833300,78.833300,69.500000,0.445269,0.507400,0.575540,0.007587,0.006953,0.003796,0.007587,8,58,0,fixed,8,8,0,0,3.000000,4.000000
1019,all5g,8,1,58,1,1,4,0.000000,78.833300,0.507400,23,0.199512,36,0,0,1,0.199512,0.199512,0.000000,0.000000,0.199512,0.000000,58,0,1,-1,22,23,35,89.833300,78.833300,69.500000,0.445269,0.507400,0.575540,0.007587,0.006953,0.003796,0.007587,8,58,0,fixed,8,8,0,0,3.000000,4.000000
1019,all5g,8,1,59,1,1,1,2.876596,78.833300,0.958865,23,0.199512,36,0,0,1,0.199512,0.199512,0.000000,0.000000,0.199512,0.000000,58,0,1,-1,22,23,35,89.833300,78.833300,69.500000,1.122382,0.920983,0.473902,0.007814,0.006953,0.003124,0.007814,8,58,0,fixed,8,8,0,0,3.000000,4.000000
1019,all5g,8,1,60,0,0,1,3.506826,89.833300,1.168942,22,0.199512,36,0,0,0,0.199512,0.199512,0.000000,0.000000,0.199512,0.000000,58,0,1,-1,22,23,35,89.833300,78.833300,69.500000,1.174143,0.886239,0.473902,0.006953,0.006010,0.002261,0.006010,8,58,0,fixed,8,8,0,0,3.000000,4.000000
1019,all5g,8,1,61,1,1,4,0.000000,78.833300,0.507400,23,0.199512,36,0,0,1,0.199512,0.199512,0.000000,0.000000,0.199512,0.000000,58,0,1,-1,22,23,35,89.833300,78.833300,69.500000,0.445269,0.507400,0.575540,0.007587,0.006953,0.003796,0.007587,8,58,0,fixed,8,8,0,0,3.000000,4.000000
1019,all5g,8,1,62,0,0,2,5.855626,89.833300,0.731953,22,0.199512,36,0,0,0,0.199512,0.199512,0.000000,0.000000,0.199512,0.000000,58,0,1,-1,22,23,35,89.833300,78.833300,69.500000,0.716679,0.202958,0.075734,0.006953,0.004293,-0.002981,0.004293,8,58,0,fixed,8,8,0,0,3.000000,4.000000
1019,all5g,8,1,63,2,2,2,0.624036,69.500000,0.078005,35,0.199512,36,0,0,1,0.199512,0.199512,0.000000,0.000000,0.199512,0.000000,58,0,1,0,22,23,35,89.833300,78.833300,69.500000,0.687954,0.202958,0.077892,0.017440,0.014575,0.006953,0.017440,8,58,0,fixed,8,8,0,0,3.000000,4.000000
1019,all5g,8,1,64,1,1,2,1.693942,78.833300,0.211743,23,0.199512,36,0,0,1,0.199512,0.199512,0.000000,0.000000,0.199512,0.000000,58,0,1,0,22,23,35,89.833300,78.833300,69.500000,0.687954,0.211789,0.075734,0.009392,0.006953,-0.000711,0.009392,8,58,0,fixed,8,8,0,0,3.000000,4.000000
1019,all5g,8,1,65,1,1,1,2.717490,78.833300,0.905830,23,0.199512,36,0,0,1,0.199512,0.199512,0.000000,0.000000,0.199512,0.000000,58,0,1,-1,22,23,35,89.833300,78.833300,69.500000,1.122382,0.926875,0.473902,0.007811,0.006953,0.003120,0.007811,8,58,0,fixed,8,8,0,0,3.000000,4.000000
1019,all5g,8,1,66,2,2,1,0.000000,69.500000,0.100000,35,0.199512,36,0,0,1,0.199512,0.199512,0.000000,0.000000,0.199512,0.000000,58,0,0,0,22,23,35,89.833300,78.833300,69.500000,1.122382,0.886239,0.487442,0.011759,0.010815,0.006953,0.011759,8,58,0,fixed,8,8,0,0,3.000000,4.000000
1019,all5g,8,1,67,0,0,1,3.506664,89.833300,1.168888,22,0.199512,36,0,0,0,0.199512,0.199512,0.000000,0.000000,0.199512,0.000000,58,0,1,-1,22,23,35,89.833300,78.833300,69.500000,1.174152,0.886239,0.473902,0.006953,0.006010,0.002261,0.006010,8,58,0,fixed,8,8,0,0,3.000000,4.000000
1019,all5g,8,1,68,0,0,2,5.855626,89.833300,0.731953,22,0.199512,36,0,0,0,0.199512,0.199512,0.000000,0.000000,0.199512,0.000000,58,0,1,-1,22,23,35,89.833300,78.833300,69.500000,0.716679,0.202958,0.075734,0.006953,0.004293,-0.002981,0.004293,8,58,0,fixed,8,8,0,0,3.000000,4.000000
1019,all5g,8,1,69,0,0,4,0.000000,89.833300,0.445269,22,0.199512,36,0,0,0,0.199512,0.199512,0.000000,0.000000,0.199512,0.000000,58,0,1,0,22,23,35,89.833300,78.833300,69.500000,0.445269,0.507400,0.575540,0.006953,0.006322,0.003184,0.006322,8,58,0,fixed,8,8,0,0,3.000000,4.000000
1019,all5g,8,1,70,0,0,4,0.000000,89.833300,0.445269,22,0.199512,36,0,0,0,0.199512,0.199512,0.000000,0.000000,0.199512,0.000000,58,0,1,0,22,23,35,89.833300,78.833300,69.500000,0.445269,0.507400,0.575540,0.006953,0.006322,0.003184,0.006322,8,58,0,fixed,8,8,0,0,3.000000,4.000000
1019,all5g,8,1,71,0,0,3,0.000000,89.833300,1.113173,22,0.199512,36,0,0,0,0.199512,0.199512,0.000000,0.000000,0.199512,0.000000,58,0,1,-1,22,23,35,89.833300,78.833300,69.500000,1.113173,1.268499,1.438849,0.006953,0.006235,0.003028,0.006235,8,58,0,fixed,8,8,0,0,3.000000,4.000000
1019,all5g,8,1,72,0,0,1,3.541540,89.833300,1.180513,22,0.199512,36,0,0,0,0.199512,0.199512,0.000000,0.000000,0.199512,0.000000,58,0,1,-1,22,23,35,89.833300,78.833300,69.500000,1.172214,0.886239,0.473902,0.006953,0.006011,0.002262,0.006011,8,58,0,fixed,8,8,0,0,3.000000,4.000000
1019,all5g,8,1,73,2,2,2,0.624012,69.500000,0.078002,35,0.199512,36,0,0,1,0.199512,0.199512,0.000000,0.000000,0.199512,0.000000,58,0,1,0,22,23,35,89.833300,78.833300,69.500000,0.687954,0.202958,0.077893,0.017440,0.014575,0.006953,0.017440,8,58,0,fixed,8,8,0,0,3.000000,4.000000
1019,all5g,8,1,74,2,2,2,0.624012,69.500000,0.078002,35,0.199512,36,0,0,1,0.199512,0.199512,0.000000,0.000000,0.199512,0.000000,58,0,1,0,22,23,35,89.833300,78.833300,69.500000,0.687954,0.202958,0.077893,0.017440,0.014575,0.006953,0.017440,8,58,0,fixed,8,8,0,0,3.000000,4.000000
1019,all5g,8,1,75,0,0,1,3.507869,89.833300,1.169290,22,0.199512,36,0,0,0,0.199512,0.199512,0.000000,0.000000,0.199512,0.000000,58,0,1,-1,22,23,35,89.833300,78.833300,69.500000,1.174085,0.886239,0.473902,0.006953,0.006010,0.002261,0.006010,8,58,0,fixed,8,8,0,0,3.000000,4.000000
1019,all5g,8,1,76,1,1,1,2.807900,78.833300,0.935967,23,0.199512,36,0,0,1,0.199512,0.199512,0.000000,0.000000,0.199512,0.000000,58,0,1,-1,22,23,35,89.833300,78.833300,69.500000,1.122382,0.923527,0.473902,0.007813,0.006953,0.003122,0.007813,8,58,0,fixed,8,8,0,0,3.000000,4.000000
1019,all5g,8,1,77,2,2,4,0.000000,69.500000,0.575540,35,0.199512,36,0,0,1,0.199512,0.199512,0.000000,0.000000,0.199512,0.000000,58,0,1,-1,22,23,35,89.833300,78.833300,69.500000,0.445269,0.507400,0.575540,0.010864,0.010210,0.006953,0.010864,8,58,0,fixed,8,8,0,0,3.000000,4.000000
1019,all5g,8,1,78,1,1,1,2.635632,78.833300,0.878544,23,0.199512,36,0,0,1,0.199512,0.199512,0.000000,0.000000,0.199512,0.000000,58,0,1,-1,22,23,35,89.833300,78.833300,69.500000,1.122382,0.929907,0.473902,0.007809,0.006953,0.003119,0.007809,8,58,0,fixed,8,8,0,0,3.000000,4.000000
1019,all5g,8,1,79,2,2,2,0.624024,69.500000,0.078003,35,0.199512,36,0,0,1,0.199512,0.199512,0.000000,0.000000,0.199512,0.000000,58,0,1,0,22,23,35,89.833300,78.833300,69.500000,0.687954,0.202958,0.077893,0.017440,0.014575,0.006953,0.017440,8,58,0,fixed,8,8,0,0,3.000000,4.000000
1019,all5g,8,1,80,1,1,1,2.742853,78.833300,0.914284,23,0.199512,36,0,0,1,0.199512,0.199512,0.000000,0.000000,0.199512,0.000000,58,0,1,-1,22,23,35,89.833300,78.833300,69.500000,1.122382,0.925936,0.473902,0.007811,0.006953,0.003121,0.007811,8,58,0,fixed,8,8,0,0,3.000000,4.000000
1019,all5g,8,2,1,0,0,1,1.574260,98.833300,0.524753,80,0.249759,51,0,0,0,0.249759,0.249759,0.000000,0.000000,0.249759,0.050247,0,0,1,-1,80,0,0,98.833300,30.000000,45.000000,0.719695,0.524753,0.524753,0.020719,0.023182,0.023182,0.023182,8,0,8,fixed,8,8,0,0,3.000000,4.000000
1019,all5g,8,2,2,0,0,1,2.187815,98.833300,0.729272,80,0.249759,51,0,0,0,0.249759,0.249759,0.000000,0.000000,0.249759,0.050247,0,0,1,-1,80,0,0,98.833300,30.000000,45.000000,0.709956,0.729272,0.729272,0.020719,0.023698,0.023698,0.023698,8,0,8,fixed,8,8,0,0,3.000000,4.000000
1019,all5g,8,2,3,0,0,1,3.914477,98.833300,1.304826,80,0.249759,51,0,0,0,0.249759,0.249759,0.000000,0.000000,0.249759,0.050247,0,0,1,1,80,0,0,98.833300,30.000000,45.000000,0.682549,1.304826,1.304826,0.020719,0.024317,0.024317,0.024317,8,0,8,fixed,8,8,0,0,3.000000,4.000000
1019,all5g,8,2,4,0,0,2,1.279793,98.833300,0.159974,80,0.249759,51,0,0,0,0.249759,0.249759,0.000000,0.000000,0.249759,0.050247,0,0,1,0,80,0,0,98.833300,30.000000,45.000000,0.159798,0.159974,0.159974,0.020719,0.023613,0.023613,0.023613,8,0,8,fixed,8,8,0,0,3.000000,4.000000
1019,all5g,8,2,5,0,0,3,0.000000,98.833300,1.011805,80,0.249759,51,0,0,0,0.249759,0.249759,0.000000,0.000000,0.249759,0.050247,0,0,1,1,80,0,0,98.833300,30.000000,45.000000,1.011805,3.333333,2.222222,0.020719,0.024325,0.024184,0.024325,8,0,8,fixed,8,8,0,0,3.000000,4.000000
1019,all5g,8,2,6,0,0,2,1.248050,98.833300,0.156006,80,0.249759,51,0,0,0,0.249759,0.249759,0.000000,0.000000,0.249759,0.050247,0,0,1,0,80,0,0,98.833300,30.000000,45.000000,0.159911,0.156006,0.156006,0.020719,0.023461,0.023461,0.023461,8,0,8,fixed,8,8,0,0,3.000000,4.000000
1019,all5g,8,2,7,0,0,3,0.000000,98.833300,1.011805,80,0.249759,51,0,0,0,0.249759,0.249759,0.000000,0.000000,0.249759,0.050247,0,0,1,1,80,0,0,98.833300,30.000000,45.000000,1.011805,3.333333,2.222222,0.020719,0.024325,0.024184,0.024325,8,0,8,fixed,8,8,0,0,3.000000,4.000000
1019,all5g,8,2,8,0,0,2,1.248050,98.833300,0.156006,80,0.249759,51,0,0,0,0.249759,0.249759,0.000000,0.000000,0.249759,0.050247,0,0,1,0,80,0,0,98.833300,30.000000,45.000000,0.159911,0.156006,0.156006,0.020719,0.023461,0.023461,0.023461,8,0,8,fixed,8,8,0,0,3.000000,4.000000
1019,all5g,8,2,9,0,0,2,1.244723,98.833300,0.155590,80,0.249759,51,0,0,0,0.249759,0.249759,0.000000,0.000000,0.249759,0.050247,0,0,1,0,80,0,0,98.833300,30.000000,45.000000,0.159923,0.155590,0.155590,0.020719,0.023444,0.023444,0.023444,8,0,8,fixed,8,8,0,0,3.000000,4.000000
1019,all5g,8,2,10,0,0,2,1.248038,98.833300,0.156005,80,0.249759,51,0,0,0,0.249759,0.249759,0.000000,0.000000,0.249759,0.050247,0,0,1,0,80,0,0,98.833300,30.000000,45.000000,0.159911,0.156005,0.156005,0.020719,0.023461,0.023461,0.023461,8,0,8,fixed,8,8,0,0,3.000000,4.000000
1019,all5g,8,2,11,0,0,3,0.000000,98.833300,1.011805,80,0.249759,51,0,0,0,0.249759,0.249759,0.000000,0.000000,0.249759,0.050247,0,0,1,1,80,0,0,98.833300,30.000000,45.000000,1.011805,3.333333,2.222222,0.020719,0.024325,0.024184,0.024325,8,0,8,fixed,8,8,0,0,3.000000,4.000000
1019,all5g,8,2,12,0,0,4,0.000000,98.833300,0.404722,80,0.249759,51,0,0,0,0.249759,0.249759,0.000000,0.000000,0.249759,0.050247,0,0,1,0,80,0,0,98.833300,30.000000,45.000000,0.404722,1.333333,0.888889,0.020719,0.025298,0.024944,0.025298,8,0,8,fixed,8,8,0,0,3.000000,4.000000
1019,all5g,8,2,13,0,0,2,1.248003,98.833300,0.156000,80,0.249759,51,0,0,0,0.249759,0.249759,0.000000,0.000000,0.249759,0.050247,0,0,1,0,80,0,0,98.833300,30.000000,45.000000,0.159912,0.156000,0.156000,0.020719,0.023461,0.023461,0.023461,8,0,8,fixed,8,8,0,0,3.000000,4.000000
1019,all5g,8,2,14,0,0,2,1.393370,98.833300,0.174171,80,0.249759,51,0,0,0,0.249759,0.249759,0.000000,0.000000,0.249759,0.050247,0,0,1,0,80,0,0,98.833300,30.000000,45.000000,0.159392,0.174171,0.174171,0.020719,0.024105,0.024105,0.024105,8,0,8,fixed,8,8,0,0,3.000000,4.000000
1019,all5g,8,2,15,0,0,3,0.000000,98.833300,1.011805,80,0.249759,51,0,0,0,0.249759,0.249759,0.000000,0.000000,0.249759,0.050247,0,0,1,1,80,0,0,98.833300,30.000000,45.000000,1.011805,3.333333,2.222222,0.020719,0.024325,0.024184,0.024325,8,0,8,fixed,8,8,0,0,3.000000,4.000000
1019,all5g,8,2,16,0,0,1,1.690755,98.833300,0.563585,80,0.249759,51,0,0,0,0.249759,0.249759,0.000000,0.000000,0.249759,0.050247,0,0,1,-1,80,0,0,98.833300,30.000000,45.000000,0.717846,0.563585,0.563585,0.020719,0.023308,0.023308,0.023308,8,0,8,fixed,8,8,0,0,3.000000,4.000000
1019,all5g,8,2,17,0,0,2,1.246991,98.833300,0.155874,80,0.249759,51,0,0,0,0.249759,0.249759,0.000000,0.000000,0.249759,0.050247,0,0,1,0,80,0,0,98.833300,30.000000,45.000000,0.159915,0.155874,0.155874,0.020719,0.023456,0.023456,0.023456,8,0,8,fixed,8,8,0,0,3.000000,4.000000
1019,all5g,8,2,18,0,0,4,0.000000,98.833300,0.404722,80,0.249759,51,0,0,0,0.249759,0.249759,0.000000,0.000000,0.249759,0.050247,0,0,1,0,80,0,0,98.833300,30.000000,45.000000,0.404722,1.333333,0.888889,0.020719,0.025298,0.024944,0.025298,8,0,8,fixed,8,8,0,0,3.000000,4.000000
1019,all5g,8,2,19,0,0,2,1.246945,98.833300,0.155868,80,0.249759,51,0,0,0,0.249759,0.249759,0.000000,0.000000,0.249759,0.050247,0,0,1,0,80,0,0,98.833300,30.000000,45.000000,0.159915,0.155868,0.155868,0.020719,0.023455,0.023455,0.023455,8,0,8,fixed,8,8,0,0,3.000000,4.000000
1019,all5g,8,2,20,0,0,3,0.000000,98.833300,1.011805,80,0.249759,51,0,0,0,0.249759,0.249759,0.000000,0.000000,0.249759,0.050247,0,0,1,1,80,0,0,98.833300,30.000000,45.000000,1.011805,3.333333,2.222222,0.020719,0.024325,0.024184,0.024325,8,0,8,fixed,8,8,0,0,3.000000,4.000000
1019,all5g,8,2,21,0,0,2,1.246991,98.833300,0.155874,80,0.249759,51,0,0,0,0.249759,0.249759,0.000000,0.000000,0.249759,0.050247,0,0,1,0,80,0,0,98.833300,30.000000,45.000000,0.159915,0.155874,0.155874,0.020719,0.023456,0.023456,0.023456,8,0,8,fixed,8,8,0,0,3.000000,4.000000
1019,all5g,8,2,22,0,0,1,2.196189,98.833300,0.732063,80,0.249759,51,0,0,0,0.249759,0.249759,0.000000,0.000000,0.249759,0.050247,0,0,1,-1,80,0,0,98.833300,30.000000,45.000000,0.709823,0.732063,0.732063,0.020719,0.023703,0.023703,0.023703,8,0,8,fixed,8,8,0,0,3.000000,4.000000
1019,all5g,8,2,23,0,0,4,0.000000,98.833300,0.404722,80,0.249759,51,0,0,0,0.249759,0.249759,0.000000,0.000000,0.249759,0.050247,0,0,1,0,80,0,0,98.833300,30.000000,45.000000,0.404722,1.333333,0.888889,0.020719,0.025298,0.024944,0.025298,8,0,8,fixed,8,8,0,0,3.000000,4.000000
1019,all5g,8,2,24,0,0,2,1.247004,98.833300,0.155875,80,0.249759,51,0,0,0,0.249759,0.249759,0.000000,0.000000,0.249759,0.050247,0,0,1,0,80,0,0,98.833300,30.000000,45.000000,0.159915,0.155875,0.155875,0.020719,0.023456,0.023456,0.023456,8,0,8,fixed,8,8,0,0,3.000000,4.000000
1019,all5g,8,2,25,0,0,3,0.000000,98.833300,1.011805,80,0.249759,51,0,0,0,0.249759,0.249759,0.000000,0.000000,0.249759,0.050247,0,0,1,1,80,0,0,98.833300,30.000000,45.000000,1.011805,3.333333,2.222222,0.020719,0.024325,0.024184,0.024325,8,0,8,fixed,8,8,0,0,3.000000,4.000000
1019,all5g,8,2,26,0,0,1,2.068007,98.833300,0.689336,80,0.249759,51,0,0,0,0.249759,0.249759,0.000000,0.000000,0.249759,0.050247,0,0,1,-1,80,0,0,98.833300,30.000000,45.000000,0.711858,0.689336,0.689336,0.020719,0.023621,0.023621,0.023621,8,0,8,fixed,8,8,0,0,3.000000,4.000000
1019,all5g,8,2,27,0,0,2,1.411963,98.833300,0.176495,80,0.249759,51,0,0,0,0.249759,0.249759,0.000000,0.000000,0.249759,0.050247,0,0,1,0,80,0,0,98.833300,30.000000,45.000000,0.159326,0.176495,0.176495,0.020719,0.024178,0.024178,0.024178,8,0,8,fixed,8,8,0,0,3.000000,4.000000
1019,all5g,8,2,28,0,0,4,0.000000,98.833300,0.404722,80,0.249759,51,0,0,0,0.249759,0.249759,0.000000,0.000000,0.249759,0.050247,0,0,1,0,80,0,0,98.833300,30.000000,45.000000,0.404722,1.333333,0.888889,0.020719,0.025298,0.024944,0.025298,8,0,8,fixed,8,8,0,0,3.000000,4.000000
1019,all5g,8,2,29,0,0,1,2.115632,98.833300,0.705211,80,0.249759,51,0,0,0,0.249759,0.249759,0.000000,0.000000,0.249759,0.050247,0,0,1,-1,80,0,0,98.833300,30.000000,45.000000,0.711102,0.705211,0.705211,0.020719,0.023653,0.023653,0.023653,8,0,8,fixed,8,8,0,0,3.000000,4.000000
1019,all5g,8,2,30,0,0,2,1.246980,98.833300,0.155872,80,0.249759,51,0,0,0,0.249759,0.249759,0.000000,0.000000,0.249759,0.050247,0,0,1,0,80,0,0,98.833300,30.000000,45.000000,0.159915,0.155872,0.155872,0.020719,0.023455,0.023455,0.023455,8,0,8,fixed,8,8,0,0,3.000000,4.000000
1019,all5g,8,2,31,0,0,2,0.949686,98.833300,0.118711,80,0.249759,51,0,0,0,0.249759,0.249759,0.000000,0.000000,0.249759,0.050247,0,0,1,0,80,0,0,98.833300,30.000000,45.000000,0.160977,0.118711,0.118711,0.020719,0.021557,0.021557,0.021557,8,0,8,fixed,8,8,0,0,3.000000,4.000000
1019,all5g,8,2,32,0,0,2,0.262317,98.833300,0.032790,80,0.249759,51,1,0,0,0.249759,0.249759,0.000000,0.000000,0.249759,0.050247,0,0,1,0,80,0,0,98.833300,30.000000,45.000000,0.163432,0.032790,0.032790,0.020719,0.002587,0.002587,0.002587,8,0,8,fixed,8,8,0,0,3.000000,4.000000
1019,all5g,8,2,33,0,0,2,1.246944,98.833300,0.155868,80,0.249759,51,0,0,0,0.249759,0.249759,0.000000,0.000000,0.249759,0.050247,0,0,1,0,80,0,0,98.833300,30.000000,45.000000,0.159915,0.155868,0.155868,0.020719,0.023455,0.023455,0.023455,8,0,8,fixed,8,8,0,0,3.000000,4.000000
1019,all5g,8,2,34,0,0,2,1.246991,98.833300,0.155874,80,0.249759,51,0,0,0,0.249759,0.249759,0.000000,0.000000,0.249759,0.050247,0,0,1,0,80,0,0,98.833300,30.000000,45.000000,0.159915,0.155874,0.155874,0.020719,0.023456,0.023456,0.023456,8,0,8,fixed,8,8,0,0,3.000000,4.000000
1019,all5g,8,2,35,0,0,2,1.411986,98.833300,0.176498,80,0.249759,51,0,0,0,0.249759,0.249759,0.000000,0.000000,0.249759,0.050247,0,0,1,0,80,0,0,98.833300,30.000000,45.000000,0.159326,0.176498,0.176498,0.020719,0.024178,0.024178,0.024178,8,0,8,fixed,8,8,0,0,3.000000,4.000000
1019,all5g,8,2,36,0,0,4,0.000000,98.833300,0.404722,80,0.249759,51,0,0,0,0.249759,0.249759,0.000000,0.000000,0.249759,0.050247,0,0,1,0,80,0,0,98.833300,30.000000,45.000000,0.404722,1.333333,0.888889,0.020719,0.025298,0.024944,0.025298,8,0,8,fixed,8,8,0,0,3.000000,4.000000
1019,all5g,8,2,37,0,0,2,1.247029,98.833300,0.155879,80,0.249759,51,0,0,0,0.249759,0.249759,0.000000,0.000000,0.249759,0.050247,0,0,1,0,80,0,0,98.833300,30.000000,45.000000,0.159915,0.155879,0.155879,0.020719,0.023456,0.023456,0.023456,8,0,8,fixed,8,8,0,0,3.000000,4.000000
1019,all5g,8,2,38,0,0,2,1.412010,98.833300,0.176501,80,0.249759,51,0,0,0,0.249759,0.249759,0.000000,0.000000,0.249759,0.050247,0,0,1,0,80,0,0,98.833300,30.000000,45.000000,0.159326,0.176501,0.176501,0.020719,0.024178,0.024178,0.024178,8,0,8,fixed,8,8,0,0,3.000000,4.000000
1019,all5g,8,2,39,0,0,4,0.000000,98.833300,0.404722,80,0.249759,51,0,0,0,0.249759,0.249759,0.000000,0.000000,0.249759,0.050247,0,0,1,0,80,0,0,98.833300,30.000000,45.000000,0.404722,1.333333,0.888889,0.020719,0.025298,0.024944,0.025298,8,0,8,fixed,8,8,0,0,3.000000,4.000000
1019,all5g,8,2,40,0,0,1,3.173548,98.833300,1.057849,80,0.249759,51,0,0,0,0.249759,0.249759,0.000000,0.000000,0.249759,0.050247,0,0,1,1,80,0,0,98.833300,30.000000,45.000000,0.694309,1.057849,1.057849,0.020719,0.024126,0.024126,0.024126,8,0,8,fixed,8,8,0,0,3.000000,4.000000
1019,all5g,8,2,41,0,0,2,1.246992,98.833300,0.155874,80,0.249759,51,0,0,0,0.249759,0.249759,0.000000,0.000000,0.249759,0.050247,0,0,1,0,80,0,0,98.833300,30.000000,45.000000,0.159915,0.155874,0.155874,0.020719,0.023456,0.023456,0.023456,8,0,8,fixed,8,8,0,0,3.000000,4.000000
1019,all5g,8,2,42,0,0,2,1.250296,98.833300,0.156287,80,0.249759,51,0,0,0,0.249759,0.249759,0.000000,0.000000,0.249759,0.050247,0,0,1,0,80,0,0,98.833300,30.000000,45.000000,0.159903,0.156287,0.156287,0.020719,0.023472,0.023472,0.023472,8,0,8,fixed,8,8,0,0,3.000000,4.000000
1019,all5g,8,2,43,0,0,2,1.395615,98.833300,0.174452,80,0.249759,51,0,0,0,0.249759,0.249759,0.000000,0.000000,0.249759,0.050247,0,0,1,0,80,0,0,98.833300,30.000000,45.000000,0.159384,0.174452,0.174452,0.020719,0.024114,0.024114,0.024114,8,0,8,fixed,8,8,0,0,3.000000,4.000000
1019,all5g,8,2,44,0,0,2,1.246980,98.833300,0.155872,80,0.249759,51,0,0,0,0.249759,0.249759,0.000000,0.000000,0.249759,0.050247,0,0,1,0,80,0,0,98.833300,30.000000,45.000000,0.159915,0.155872,0.155872,0.020719,0.023455,0.023455,0.023455,8,0,8,fixed,8,8,0,0,3.000000,4.000000
1019,all5g,8,2,45,0,0,1,3.289430,98.833300,1.096477,80,0.249759,51,0,0,0,0.249759,0.249759,0.000000,0.000000,0.249759,0.050247,0,0,1,1,80,0,0,98.833300,30.000000,45.000000,0.692470,1.096477,1.096477,0.020719,0.024161,0.024161,0.024161,8,0,8,fixed,8,8,0,0,3.000000,4.000000
1019,all5g,8,2,46,0,0,2,1.246991,98.833300,0.155874,80,0.249759,51,0,0,0,0.249759,0.249759,0.000000,0.000000,0.249759,0.050247,0,0,1,0,80,0,0,98.833300,30.000000,45.000000,0.159915,0.155874,0.155874,0.020719,0.023456,0.023456,0.023456,8,0,8,fixed,8,8,0,0,3.000000,4.000000
1019,all5g,8,2,47,0,0,1,2.079536,98.833300,0.693179,80,0.249759,51,0,0,0,0.249759,0.249759,0.000000,0.000000,0.249759,0.050247,0,0,1,-1,80,0,0,98.833300,30.000000,45.000000,0.711675,0.693179,0.693179,0.020719,0.023628,0.023628,0.023628,8,0,8,fixed,8,8,0,0,3.000000,4.000000
1019,all5g,8,2,48,0,0,2,1.620662,98.833300,0.202583,80,0.249759,51,0,0,0,0.249759,0.249759,0.000000,0.000000,0.249759,0.050247,0,0,1,0,80,0,0,98.833300,30.000000,45.000000,0.158581,0.202583,0.202583,0.020719,0.024892,0.024892,0.024892,8,0,8,fixed,8,8,0,0,3.000000,4.000000
1019,all5g,8,2,49,0,0,1,2.515708,98.833300,0.838569,80,0.249759,51,0,0,0,0.249759,0.249759,0.000000,0.000000,0.249759,0.050247,0,0,1,-1,80,0,0,98.833300,30.000000,45.000000,0.704751,0.838569,0.838569,0.020719,0.023875,0.023875,0.023875,8,0,8,fixed,8,8,0,0,3.000000,4.000000
1019,all5g,8,2,50,0,0,1,2.822310,98.833300,0.940770,80,0.249759,51,0,0,0,0.249759,0.249759,0.000000,0.000000,0.249759,0.050247,0,0,1,-1,80,0,0,98.833300,30.000000,45.000000,0.699885,0.940770,0.940770,0.020719,0.024006,0.024006,0.024006,8,0,8,fixed,8,8,0,0,3.000000,4.000000
1019,all5g,8,2,51,0,0,3,0.000000,98.833300,1.011805,80,0.249759,51,0,0,0,0.249759,0.249759,0.000000,0.000000,0.249759,0.050247,0,0,1,1,80,0,0,98.833300,30.000000,45.000000,1.011805,3.333333,2.222222,0.020719,0.024325,0.024184,0.024325,8,0,8,fixed,8,8,0,0,3.000000,4.000000
1019,all5g,8,2,52,0,0,2,1.247989,98.833300,0.155999,80,0.249759,51,0,0,0,0.249759,0.249759,0.000000,0.000000,0.249759,0.050247,0,0,1,0,80,0,0,98.833300,30.000000,45.000000,0.159912,0.155999,0.155999,0.020719,0.023460,0.023460,0.023460,8,0,8,fixed,8,8,0,0,3.000000,4.000000
1019,all5g,8,2,53,0,0,2,1.247003,98.833300,0.155875,80,0.249759,51,0,0,0,0.249759,0.249759,0.000000,0.000000,0.249759,0.050247,0,0,1,0,80,0,0,98.833300,30.000000,45.000000,0.159915,0.155875,0.155875,0.020719,0.023456,0.023456,0.023456,8,0,8,fixed,8,8,0,0,3.000000,4.000000
1019,all5g,8,2,54,0,0,3,0.000000,98.833300,1.011805,80,0.249759,51,0,0,0,0.249759,0.249759,0.000000,0.000000,0.249759,0.050247,0,0,1,1,80,0,0,98.833300,30.000000,45.000000,1.011805,3.333333,2.222222,0.020719,0.024325,0.024184,0.024325,8,0,8,fixed,8,8,0,0,3.000000,4.000000
1019,all5g,8,2,55,0,0,3,0.000000,98.833300,1.011805,80,0.249759,51,0,0,0,0.249759,0.249759,0.000000,0.000000,0.249759,0.050247,0,0,1,1,80,0,0,98.833300,30.000000,45.000000,1.011805,3.333333,2.222222,0.020719,0.024325,0.024184,0.024325,8,0,8,fixed,8,8,0,0,3.000000,4.000000
1019,all5g,8,2,56,0,0,2,1.254679,98.833300,0.156835,80,0.249759,51,0,0,0,0.249759,0.249759,0.000000,0.000000,0.249759,0.050247,0,0,1,0,80,0,0,98.833300,30.000000,45.000000,0.159888,0.156835,0.156835,0.020719,0.023493,0.023493,0.023493,8,0,8,fixed,8,8,0,0,3.000000,4.000000
1019,all5g,8,2,57,0,0,4,0.000000,98.833300,0.404722,80,0.249759,51,0,0,0,0.249759,0.249759,0.000000,0.000000,0.249759,0.050247,0,0,1,0,80,0,0,98.833300,30.000000,45.000000,0.404722,1.333333,0.888889,0.020719,0.025298,0.024944,0.025298,8,0,8,fixed,8,8,0,0,3.000000,4.000000
1019,all5g,8,2,58,0,0,4,0.000000,98.833300,0.404722,80,0.249759,51,0,0,0,0.249759,0.249759,0.000000,0.000000,0.249759,0.050247,0,0,1,0,80,0,0,98.833300,30.000000,45.000000,0.404722,1.333333,0.888889,0.020719,0.025298,0.024944,0.025298,8,0,8,fixed,8,8,0,0,3.000000,4.000000
1019,all5g,8,2,59,0,0,1,1.867296,98.833300,0.622432,80,0.249759,51,0,0,0,0.249759,0.249759,0.000000,0.000000,0.249759,0.050247,0,0,1,-1,80,0,0,98.833300,30.000000,45.000000,0.715044,0.622432,0.622432,0.020719,0.023469,0.023469,0.023469,8,0,8,fixed,8,8,0,0,3.000000,4.000000
1019,all5g,8,2,60,0,0,1,2.102663,98.833300,0.700888,80,0.249759,51,0,0,0,0.249759,0.249759,0.000000,0.000000,0.249759,0.050247,0,0,1,-1,80,0,0,98.833300,30.000000,45.000000,0.711308,0.700888,0.700888,0.020719,0.023644,0.023644,0.023644,8,0,8,fixed,8,8,0,0,3.000000,4.000000
1019,all5g,8,2,61,0,0,4,0.000000,98.833300,0.404722,80,0.249759,51,0,0,0,0.249759,0.249759,0.000000,0.000000,0.249759,0.050247,0,0,1,0,80,0,0,98.833300,30.000000,45.000000,0.404722,1.333333,0.888889,0.020719,0.025298,0.024944,0.025298,8,0,8,fixed,8,8,0,0,3.000000,4.000000
1019,all5g,8,2,62,0,0,2,1.259039,98.833300,0.157380,80,0.249759,51,0,0,0,0.249759,0.249759,0.000000,0.000000,0.249759,0.050247,0,0,1,0,80,0,0,98.833300,30.000000,45.000000,0.159872,0.157380,0.157380,0.020719,0.023514,0.023514,0.023514,8,0,8,fixed,8,8,0,0,3.000000,4.000000
1019,all5g,8,2,63,0,0,2,1.472117,98.833300,0.184015,80,0.249759,51,0,0,0,0.249759,0.249759,0.000000,0.000000,0.249759,0.050247,0,0,1,0,80,0,0,98.833300,30.000000,45.000000,0.159111,0.184015,0.184015,0.020719,0.024403,0.024403,0.024403,8,0,8,fixed,8,8,0,0,3.000000,4.000000
1019,all5g,8,2,64,0,0,2,1.677569,98.833300,0.209696,80,0.249759,51,0,0,0,0.249759,0.249759,0.000000,0.000000,0.249759,0.050247,0,0,1,0,80,0,0,98.833300,30.000000,45.000000,0.158377,0.209696,0.209696,0.020719,0.025057,0.025057,0.025057,8,0,8,fixed,8,8,0,0,3.000000,4.000000
1019,all5g,8,2,65,0,0,1,1.770436,98.833300,0.590145,80,0.249759,51,0,0,0,0.249759,0.249759,0.000000,0.000000,0.249759,0.050247,0,0,1,-1,80,0,0,98.833300,30.000000,45.000000,0.716581,0.590145,0.590145,0.020719,0.023385,0.023385,0.023385,8,0,8,fixed,8,8,0,0,3.000000,4.000000
1019,all5g,8,2,66,0,0,1,1.758256,98.833300,0.586085,80,0.249759,51,0,0,0,0.249759,0.249759,0.000000,0.000000,0.249759,0.050247,0,0,1,-1,80,0,0,98.833300,30.000000,45.000000,0.716774,0.586085,0.586085,0.020719,0.023373,0.023373,0.023373,8,0,8,fixed,8,8,0,0,3.000000,4.000000
1019,all5g,8,2,67,0,0,1,1.209776,98.833300,0.403259,80,0.249759,51,0,0,0,0.249759,0.249759,0.000000,0.000000,0.249759,0.050247,0,0,1,0,80,0,0,98.833300,30.000000,45.000000,0.725480,0.403259,0.403259,0.020719,0.022638,0.022638,0.022638,8,0,8,fixed,8,8,0,0,3.000000,4.000000
1019,all5g,8,2,68,0,0,2,1.107115,98.833300,0.138389,80,0.249759,51,0,0,0,0.249759,0.249759,0.000000,0.000000,0.249759,0.050247,0,0,1,0,80,0,0,98.833300,30.000000,45.000000,0.160415,0.138389,0.138389,0.020719,0.022683,0.022683,0.022683,8,0,8,fixed,8,8,0,0,3.000000,4.000000
1019,all5g,8,2,69,0,0,4,0.000000,98.833300,0.404722,80,0.249759,51,0,0,0,0.249759,0.249759,0.000000,0.000000,0.249759,0.050247,0,0,1,0,80,0,0,98.833300,30.000000,45.000000,0.404722,1.333333,0.888889,0.020719,0.025298,0.024944,0.025298,8,0,8,fixed,8,8,0,0,3.000000,4.000000
1019,all5g,8,2,70,0,0,4,0.000000,98.833300,0.404722,80,0.249759,51,0,0,0,0.249759,0.249759,0.000000,0.000000,0.249759,0.050247,0,0,1,0,80,0,0,98.833300,30.000000,45.000000,0.404722,1.333333,0.888889,0.020719,0.025298,0.024944,0.025298,8,0,8,fixed,8,8,0,0,3.000000,4.000000
1019,all5g,8,2,71,0,0,3,0.000000,98.833300,1.011805,80,0.249759,51,0,0,0,0.249759,0.249759,0.000000,0.000000,0.249759,0.050247,0,0,1,1,80,0,0,98.833300,30.000000,45.000000,1.011805,3.333333,2.222222,0.020719,0.024325,0.024184,0.024325,8,0,8,fixed,8,8,0,0,3.000000,4.000000
1019,all5g,8,2,72,0,0,1,1.172697,98.833300,0.390899,80,0.249759,51,0,0,0,0.249759,0.249759,0.000000,0.000000,0.249759,0.050247,0,0,1,0,80,0,0,98.833300,30.000000,45.000000,0.726069,0.390899,0.390899,0.020719,0.022565,0.022565,0.022565,8,0,8,fixed,8,8,0,0,3.000000,4.000000
1019,all5g,8,2,73,0,0,2,1.472100,98.833300,0.184012,80,0.249759,51,0,0,0,0.249759,0.249759,0.000000,0.000000,0.249759,0.050247,0,0,1,0,80,0,0,98.833300,30.000000,45.000000,0.159111,0.184012,0.184012,0.020719,0.024403,0.024403,0.024403,8,0,8,fixed,8,8,0,0,3.000000,4.000000
1019,all5g,8,2,74,0,0,2,1.472124,98.833300,0.184015,80,0.249759,51,0,0,0,0.249759,0.249759,0.000000,0.000000,0.249759,0.050247,0,0,1,0,80,0,0,98.833300,30.000000,45.000000,0.159111,0.184015,0.184015,0.020719,0.024403,0.024403,0.024403,8,0,8,fixed,8,8,0,0,3.000000,4.000000
1019,all5g,8,2,75,0,0,1,1.259870,98.833300,0.419957,80,0.249759,51,0,0,0,0.249759,0.249759,0.000000,0.000000,0.249759,0.050247,0,0,1,0,80,0,0,98.833300,30.000000,45.000000,0.724685,0.419957,0.419957,0.020719,0.022731,0.022731,0.022731,8,0,8,fixed,8,8,0,0,3.000000,4.000000
1019,all5g,8,2,76,0,0,1,2.003804,98.833300,0.667935,80,0.249759,51,0,0,0,0.249759,0.249759,0.000000,0.000000,0.249759,0.050247,0,0,1,-1,80,0,0,98.833300,30.000000,45.000000,0.712877,0.667935,0.667935,0.020719,0.023575,0.023575,0.023575,8,0,8,fixed,8,8,0,0,3.000000,4.000000
1019,all5g,8,2,77,0,0,4,0.000000,98.833300,0.404722,80,0.249759,51,0,0,0,0.249759,0.249759,0.000000,0.000000,0.249759,0.050247,0,0,1,0,80,0,0,98.833300,30.000000,45.000000,0.404722,1.333333,0.888889,0.020719,0.025298,0.024944,0.025298,8,0,8,fixed,8,8,0,0,3.000000,4.000000
1019,all5g,8,2,78,0,0,1,1.917017,98.833300,0.639006,80,0.249759,51,0,0,0,0.249759,0.249759,0.000000,0.000000,0.249759,0.050247,0,0,1,-1,80,0,0,98.833300,30.000000,45.000000,0.714254,0.639006,0.639006,0.020719,0.023510,0.023510,0.023510,8,0,8,fixed,8,8,0,0,3.000000,4.000000
1019,all5g,8,2,79,0,0,2,1.472111,98.833300,0.184014,80,0.249759,51,0,0,0,0.249759,0.249759,0.000000,0.000000,0.249759,0.050247,0,0,1,0,80,0,0,98.833300,30.000000,45.000000,0.159111,0.184014,0.184014,0.020719,0.024403,0.024403,0.024403,8,0,8,fixed,8,8,0,0,3.000000,4.000000
1019,all5g,8,2,80,0,0,1,2.225564,98.833300,0.741855,80,0.249759,51,0,0,0,0.249759,0.249759,0.000000,0.000000,0.249759,0.050247,0,0,1,-1,80,0,0,98.833300,30.000000,45.000000,0.709357,0.741855,0.741855,0.020719,0.023721,0.023721,0.023721,8,0,8,fixed,8,8,0,0,3.000000,4.000000
1019,all5g,8,3,1,0,0,1,2.098236,0.000000,0.699412,80,0.151498,36,0,0,0,0.151498,0.151498,0.000000,0.000000,0.151498,-0.098261,0,0,1,-1,80,0,0,0.000000,30.000000,17.000000,0.858213,0.699412,0.699412,0.006185,0.008005,0.008005,0.008005,8,0,8,fixed,8,8,0,0,3.000000,4.000000
1019,all5g,8,3,2,0,0,1,2.214919,0.000000,0.738306,80,0.151498,36,0,0,0,0.151498,0.151498,0.000000,0.000000,0.151498,-0.098261,0,0,1,-1,80,0,0,0.000000,30.000000,17.000000,0.856361,0.738306,0.738306,0.006185,0.008030,0.008030,0.008030,8,0,8,fixed,8,8,0,0,3.000000,4.000000
1019,all5g,8,3,3,0,0,1,2.564364,0.000000,0.854788,80,0.151498,36,0,0,0,0.151498,0.151498,0.000000,0.000000,0.151498,-0.098261,0,0,1,-1,80,0,0,0.000000,30.000000,17.000000,0.850814,0.854788,0.854788,0.006185,0.008091,0.008091,0.008091,8,0,8,fixed,8,8,0,0,3.000000,4.000000
1019,all5g,8,3,4,0,0,2,0.644745,0.000000,0.080593,80,0.151498,36,0,0,0,0.151498,0.151498,0.000000,0.000000,0.151498,-0.098261,0,0,1,0,80,0,0,0.000000,30.000000,17.000000,0.078284,0.080593,0.080593,0.006185,0.008159,0.008159,0.008159,8,0,8,fixed,8,8,0,0,3.000000,4.000000
1019,all5g,8,3,5,0,0,3,0.000000,0.000000,1.000000,80,0.151498,36,0,0,0,0.151498,0.151498,0.000000,0.000000,0.151498,-0.098261,0,0,0,1,80,0,0,0.000000,30.000000,17.000000,1.000000,3.333333,5.882353,0.006185,0.008317,0.008358,0.008358,8,0,8,fixed,8,8,0,0,3.000000,4.000000
1019,all5g,8,3,6,0,0,2,0.649165,0.000000,0.081146,80,0.151498,36,0,0,0,0.151498,0.151498,0.000000,0.000000,0.151498,-0.098261,0,0,1,0,80,0,0,0.000000,30.000000,17.000000,0.078269,0.081146,0.081146,0.006185,0.008187,0.008187,0.008187,8,0,8,fixed,8,8,0,0,3.000000,4.000000
1019,all5g,8,3,7,0,0,3,0.000000,0.000000,1.000000,80,0.151498,36,0,0,0,0.151498,0.151498,0.000000,0.000000,0.151498,-0.098261,0,0,0,1,80,0,0,0.000000,30.000000,17.000000,1.000000,3.333333,5.882353,0.006185,0.008317,0.008358,0.008358,8,0,8,fixed,8,8,0,0,3.000000,4.000000
1019,all5g,8,3,8,0,0,2,0.648036,0.000000,0.081005,80,0.151498,36,0,0,0,0.151498,0.151498,0.000000,0.000000,0.151498,-0.098261,0,0,1,0,80,0,0,0.000000,30.000000,17.000000,0.078273,0.081005,0.081005,0.006185,0.008180,0.008180,0.008180,8,0,8,fixed,8,8,0,0,3.000000,4.000000
1019,all5g,8,3,9,0,0,2,0.636061,0.000000,0.079508,80,0.151498,36,0,0,0,0.151498,0.151498,0.000000,0.000000,0.151498,-0.098261,0,0,1,0,80,0,0,0.000000,30.000000,17.000000,0.078315,0.079508,0.079508,0.006185,0.008104,0.008104,0.008104,8,0,8,fixed,8,8,0,0,3.000000,4.000000
1019,all5g,8,3,10,0,0,2,0.646943,0.000000,0.080868,80,0.151498,36,0,0,0,0.151498,0.151498,0.000000,0.000000,0.151498,-0.098261,0,0,1,0,80,0,0,0.000000,30.000000,17.000000,0.078277,0.080868,0.080868,0.006185,0.008173,0.008173,0.008173,8,0,8,fixed,8,8,0,0,3.000000,4.000000
1019,all5g,8,3,11,0,0,3,0.000000,0.000000,1.000000,80,0.151498,36,0,0,0,0.151498,0.151498,0.000000,0.000000,0.151498,-0.098261,0,0,0,1,80,0,0,0.000000,30.000000,17.000000,1.000000,3.333333,5.882353,0.006185,0.008317,0.008358,0.008358,8,0,8,fixed,8,8,0,0,3.000000,4.000000
1019,all5g,8,3,12,0,0,4,0.000000,0.000000,1.000000,80,0.151498,36,0,0,0,0.151498,0.151498,0.000000,0.000000,0.151498,-0.098261,0,0,0,1,80,0,0,0.000000,30.000000,17.000000,1.000000,1.333333,2.352941,0.006185,0.008173,0.008277,0.008277,8,0,8,fixed,8,8,0,0,3.000000,4.000000
1019,all5g,8,3,13,0,0,2,0.648012,0.000000,0.081002,80,0.151498,36,0,0,0,0.151498,0.151498,0.000000,0.000000,0.151498,-0.098261,0,0,1,0,80,0,0,0.000000,30.000000,17.000000,0.078273,0.081002,0.081002,0.006185,0.008180,0.008180,0.008180,8,0,8,fixed,8,8,0,0,3.000000,4.000000
1019,all5g,8,3,14,0,0,2,0.648048,0.000000,0.081006,80,0.151498,36,0,0,0,0.151498,0.151498,0.000000,0.000000,0.151498,-0.098261,0,0,1,0,80,0,0,0.000000,30.000000,17.000000,0.078273,0.081006,0.081006,0.006185,0.008180,0.008180,0.008180,8,0,8,fixed,8,8,0,0,3.000000,4.000000
1019,all5g,8,3,15,0,0,3,0.000000,0.000000,1.000000,80,0.151498,36,0,0,0,0.151498,0.151498,0.000000,0.000000,0.151498,-0.098261,0,0,0,1,80,0,0,0.000000,30.000000,17.000000,1.000000,3.333333,5.882353,0.006185,0.008317,0.008358,0.008358,8,0,8,fixed,8,8,0,0,3.000000,4.000000
1019,all5g,8,3,16,0,0,1,2.224029,0.000000,0.741343,80,0.151498,36,0,0,0,0.151498,0.151498,0.000000,0.000000,0.151498,-0.098261,0,0,1,-1,80,0,0,0.000000,30.000000,17.000000,0.856216,0.741343,0.741343,0.006185,0.008031,0.008031,0.008031,8,0,8,fixed,8,8,0,0,3.000000,4.000000
1019,all5g,8,3,17,0,0,2,0.645910,0.000000,0.080739,80,0.151498,36,0,0,0,0.151498,0.151498,0.000000,0.000000,0.151498,-0.098261,0,0,1,0,80,0,0,0.000000,30.000000,17.000000,0.078280,0.080739,0.080739,0.006185,0.008167,0.008167,0.008167,8,0,8,fixed,8,8,0,0,3.000000,4.000000
1019,all5g,8,3,18,0,0,4,0.000000,0.000000,1.000000,80,0.151498,36,0,0,0,0.151498,0.151498,0.000000,0.000000,0.151498,-0.098261,0,0,0,1,80,0,0,0.000000,30.000000,17.000000,1.000000,1.333333,2.352941,0.006185,0.008173,0.008277,0.008277,8,0,8,fixed,8,8,0,0,3.000000,4.000000
1019,all5g,8,3,19,0,0,2,0.645921,0.000000,0.080740,80,0.151498,36,0,0,0,0.151498,0.151498,0.000000,0.000000,0.151498,-0.098261,0,0,1,0,80,0,0,0.000000,30.000000,17.000000,0.078280,0.080740,0.080740,0.006185,0.008167,0.008167,0.008167,8,0,8,fixed,8,8,0,0,3.000000,4.000000
1019,all5g,8,3,20,0,0,3,0.000000,0.000000,1.000000,80,0.151498,36,0,0,0,0.151498,0.151498,0.000000,0.000000,0.151498,-0.098261,0,0,0,1,80,0,0,0.000000,30.000000,17.000000,1.000000,3.333333,5.882353,0.006185,0.008317,0.008358,0.008358,8,0,8,fixed,8,8,0,0,3.000000,4.000000
1019,all5g,8,3,21,0,0,2,0.645896,0.000000,0.080737,80,0.151498,36,0,0,0,0.151498,0.151498,0.000000,0.000000,0.151498,-0.098261,0,0,1,0,80,0,0,0.000000,30.000000,17.000000,0.078280,0.080737,0.080737,0.006185,0.008167,0.008167,0.008167,8,0,8,fixed,8,8,0,0,3.000000,4.000000
1019,all5g,8,3,22,0,0,1,1.974678,0.000000,0.658226,80,0.151498,36,0,0,0,0.151498,0.151498,0.000000,0.000000,0.151498,-0.098261,0,0,1,-1,80,0,0,0.000000,30.000000,17.000000,0.860174,0.658226,0.658226,0.006185,0.007976,0.007976,0.007976,8,0,8,fixed,8,8,0,0,3.000000,4.000000
1019,all5g,8,3,23,0,0,4,0.000000,0.000000,1.000000,80,0.151498,36,0,0,0,0.151498,0.151498,0.000000,0.000000,0.151498,-0.098261,0,0,0,1,80,0,0,0.000000,30.000000,17.000000,1.000000,1.333333,2.352941,0.006185,0.008173,0.008277,0.008277,8,0,8,fixed,8,8,0,0,3.000000,4.000000
1019,all5g,8,3,24,0,0,2,0.645896,0.000000,0.080737,80,0.151498,36,0,0,0,0.151498,0.151498,0.000000,0.000000,0.151498,-0.098261,0,0,1,0,80,0,0,0.000000,30.000000,17.000000,0.078280,0.080737,0.080737,0.006185,0.008167,0.008167,0.008167,8,0,8,fixed,8,8,0,0,3.000000,4.000000
1019,all5g,8,3,25,0,0,3,0.000000,0.000000,1.000000,80,0.151498,36,0,0,0,0.151498,0.151498,0.000000,0.000000,0.151498,-0.098261,0,0,0,1,80,0,0,0.000000,30.000000,17.000000,1.000000,3.333333,5.882353,0.006185,0.008317,0.008358,0.008358,8,0,8,fixed,8,8,0,0,3.000000,4.000000
1019,all5g,8,3,26,0,0,1,2.107138,0.000000,0.702379,80,0.151498,36,0,0,0,0.151498,0.151498,0.000000,0.000000,0.151498,-0.098261,0,0,1,-1,80,0,0,0.000000,30.000000,17.000000,0.858072,0.702379,0.702379,0.006185,0.008007,0.008007,0.008007,8,0,8,fixed,8,8,0,0,3.000000,4.000000
1019,all5g,8,3,27,0,0,2,0.643723,0.000000,0.080465,80,0.151498,36,0,0,0,0.151498,0.151498,0.000000,0.000000,0.151498,-0.098261,0,0,1,0,80,0,0,0.000000,30.000000,17.000000,0.078288,0.080465,0.080465,0.006185,0.008153,0.008153,0.008153,8,0,8,fixed,8,8,0,0,3.000000,4.000000
1019,all5g,8,3,28,0,0,4,0.000000,0.000000,1.000000,80,0.151498,36,0,0,0,0.151498,0.151498,0.000000,0.000000,0.151498,-0.098261,0,0,0,1,80,0,0,0.000000,30.000000,17.000000,1.000000,1.333333,2.352941,0.006185,0.008173,0.008277,0.008277,8,0,8,fixed,8,8,0,0,3.000000,4.000000
1019,all5g,8,3,29,0,0,1,2.500069,0.000000,0.833356,80,0.151498,36,0,0,0,0.151498,0.151498,0.000000,0.000000,0.151498,-0.098261,0,0,1,-1,80,0,0,0.000000,30.000000,17.000000,0.851835,0.833356,0.833356,0.006185,0.008081,0.008081,0.008081,8,0,8,fixed,8,8,0,0,3.000000,4.000000
1019,all5g,8,3,30,0,0,2,0.645921,0.000000,0.080740,80,0.151498,36,0,0,0,0.151498,0.151498,0.000000,0.000000,0.151498,-0.098261,0,0,1,0,80,0,0,0.000000,30.000000,17.000000,0.078280,0.080740,0.080740,0.006185,0.008167,0.008167,0.008167,8,0,8,fixed,8,8,0,0,3.000000,4.000000
1019,all5g,8,3,31,0,0,2,0.446985,0.000000,0.055873,80,0.151498,36,0,0,0,0.151498,0.151498,0.000000,0.000000,0.151498,-0.098261,0,0,1,0,80,0,0,0.000000,30.000000,17.000000,0.078991,0.055873,0.055873,0.006185,0.006394,0.006394,0.006394,8,0,8,fixed,8,8,0,0,3.000000,4.000000
1019,all5g,8,3,32,0,0,2,0.201098,0.000000,0.025137,80,0.151498,36,1,0,0,0.151498,0.151498,0.000000,0.000000,0.151498,-0.098261,0,0,1,0,80,0,0,0.000000,30.000000,17.000000,0.079869,0.025137,0.025137,0.006185,-0.000183,-0.000183,0.000000,8,0,8,fixed,8,8,0,0,3.000000,4.000000
1019,all5g,8,3,33,0,0,2,0.645802,0.000000,0.080725,80,0.151498,36,0,0,0,0.151498,0.151498,0.000000,0.000000,0.151498,-0.098261,0,0,1,0,80,0,0,0.000000,30.000000,17.000000,0.078281,0.080725,0.080725,0.006185,0.008166,0.008166,0.008166,8,0,8,fixed,8,8,0,0,3.000000,4.000000
1019,all5g,8,3,34,0,0,2,0.641514,0.000000,0.080189,80,0.151498,36,0,0,0,0.151498,0.151498,0.000000,0.000000,0.151498,-0.098261,0,0,1,0,80,0,0,0.000000,30.000000,17.000000,0.078296,0.080189,0.080189,0.006185,0.008139,0.008139,0.008139,8,0,8,fixed,8,8,0,0,3.000000,4.000000
1019,all5g,8,3,35,0,0,2,0.645909,0.000000,0.080739,80,0.151498,36,0,0,0,0.151498,0.151498,0.000000,0.000000,0.151498,-0.098261,0,0,1,0,80,0,0,0.000000,30.000000,17.000000,0.078280,0.080739,0.080739,0.006185,0.008167,0.008167,0.008167,8,0,8,fixed,8,8,0,0,3.000000,4.000000
1019,all5g,8,3,36,0,0,4,0.000000,0.000000,1.000000,80,0.151498,36,0,0,0,0.151498,0.151498,0.000000,0.000000,0.151498,-0.098261,0,0,0,1,80,0,0,0.000000,30.000000,17.000000,1.000000,1.333333,2.352941,0.006185,0.008173,0.008277,0.008277,8,0,8,fixed,8,8,0,0,3.000000,4.000000
1019,all5g,8,3,37,0,0,2,0.644793,0.000000,0.080599,80,0.151498,36,0,0,0,0.151498,0.151498,0.000000,0.000000,0.151498,-0.098261,0,0,1,0,80,0,0,0.000000,30.000000,17.000000,0.078284,0.080599,0.080599,0.006185,0.008160,0.008160,0.008160,8,0,8,fixed,8,8,0,0,3.000000,4.000000
1019,all5g,8,3,38,0,0,2,0.645909,0.000000,0.080739,80,0.151498,36,0,0,0,0.151498,0.151498,0.000000,0.000000,0.151498,-0.098261,0,0,1,0,80,0,0,0.000000,30.000000,17.000000,0.078280,0.080739,0.080739,0.006185,0.008167,0.008167,0.008167,8,0,8,fixed,8,8,0,0,3.000000,4.000000
1019,all5g,8,3,39,0,0,4,0.000000,0.000000,1.000000,80,0.151498,36,0,0,0,0.151498,0.151498,0.000000,0.000000,0.151498,-0.098261,0,0,0,1,80,0,0,0.000000,30.000000,17.000000,1.000000,1.333333,2.352941,0.006185,0.008173,0.008277,0.008277,8,0,8,fixed,8,8,0,0,3.000000,4.000000
1019,all5g,8,3,40,0,0,1,2.421847,0.000000,0.807282,80,0.151498,36,0,0,0,0.151498,0.151498,0.000000,0.000000,0.151498,-0.098261,0,0,1,-1,80,0,0,0.000000,30.000000,17.000000,0.853076,0.807282,0.807282,0.006185,0.008068,0.008068,0.008068,8,0,8,fixed,8,8,0,0,3.000000,4.000000
1019,all5g,8,3,41,0,0,2,0.646954,0.000000,0.080869,80,0.151498,36,0,0,0,0.151498,0.151498,0.000000,0.000000,0.151498,-0.098261,0,0,1,0,80,0,0,0.000000,30.000000,17.000000,0.078276,0.080869,0.080869,0.006185,0.008173,0.008173,0.008173,8,0,8,fixed,8,8,0,0,3.000000,4.000000
1019,all5g,8,3,42,0,0,2,0.640409,0.000000,0.080051,80,0.151498,36,0,0,0,0.151498,0.151498,0.000000,0.000000,0.151498,-0.098261,0,0,1,0,80,0,0,0.000000,30.000000,17.000000,0.078300,0.080051,0.080051,0.006185,0.008132,0.008132,0.008132,8,0,8,fixed,8,8,0,0,3.000000,4.000000
1019,all5g,8,3,43,0,0,2,0.643724,0.000000,0.080465,80,0.151498,36,0,0,0,0.151498,0.151498,0.000000,0.000000,0.151498,-0.098261,0,0,1,0,80,0,0,0.000000,30.000000,17.000000,0.078288,0.080465,0.080465,0.006185,0.008153,0.008153,0.008153,8,0,8,fixed,8,8,0,0,3.000000,4.000000
1019,all5g,8,3,44,0,0,2,0.643724,0.000000,0.080465,80,0.151498,36,0,0,0,0.151498,0.151498,0.000000,0.000000,0.151498,-0.098261,0,0,1,0,80,0,0,0.000000,30.000000,17.000000,0.078288,0.080465,0.080465,0.006185,0.008153,0.008153,0.008153,8,0,8,fixed,8,8,0,0,3.000000,4.000000
1019,all5g,8,3,45,0,0,1,2.518674,0.000000,0.839558,80,0.151498,36,0,0,0,0.151498,0.151498,0.000000,0.000000,0.151498,-0.098261,0,0,1,-1,80,0,0,0.000000,30.000000,17.000000,0.851539,0.839558,0.839558,0.006185,0.008084,0.008084,0.008084,8,0,8,fixed,8,8,0,0,3.000000,4.000000
1019,all5g,8,3,46,0,0,2,0.641525,0.000000,0.080191,80,0.151498,36,0,0,0,0.151498,0.151498,0.000000,0.000000,0.151498,-0.098261,0,0,1,0,80,0,0,0.000000,30.000000,17.000000,0.078296,0.080191,0.080191,0.006185,0.008139,0.008139,0.008139,8,0,8,fixed,8,8,0,0,3.000000,4.000000
1019,all5g,8,3,47,0,0,1,2.568046,0.000000,0.856015,80,0.151498,36,0,0,0,0.151498,0.151498,0.000000,0.000000,0.151498,-0.098261,0,0,1,-1,80,0,0,0.000000,30.000000,17.000000,0.850756,0.856015,0.856015,0.006185,0.008091,0.008091,0.008091,8,0,8,fixed,8,8,0,0,3.000000,4.000000
1019,all5g,8,3,48,0,0,2,0.641525,0.000000,0.080191,80,0.151498,36,0,0,0,0.151498,0.151498,0.000000,0.000000,0.151498,-0.098261,0,0,1,0,80,0,0,0.000000,30.000000,17.000000,0.078296,0.080191,0.080191,0.006185,0.008139,0.008139,0.008139,8,0,8,fixed,8,8,0,0,3.000000,4.000000
1019,all5g,8,3,49,0,0,1,2.408503,0.000000,0.802834,80,0.151498,36,0,0,0,0.151498,0.151498,0.000000,0.000000,0.151498,-0.098261,0,0,1,-1,80,0,0,0.000000,30.000000,17.000000,0.853288,0.802834,0.802834,0.006185,0.008066,0.008066,0.008066,8,0,8,fixed,8,8,0,0,3.000000,4.000000
1019,all5g,8,3,50,0,0,1,2.517282,0.000000,0.839094,80,0.151498,36,0,0,0,0.151498,0.151498,0.000000,0.000000,0.151498,-0.098261,0,0,1,-1,80,0,0,0.000000,30.000000,17.000000,0.851561,0.839094,0.839094,0.006185,0.008084,0.008084,0.008084,8,0,8,fixed,8,8,0,0,3.000000,4.000000
1019,all5g,8,3,51,0,0,3,0.000000,0.000000,1.000000,80,0.151498,36,0,0,0,0.151498,0.151498,0.000000,0.000000,0.151498,-0.098261,0,0,0,1,80,0,0,0.000000,30.000000,17.000000,1.000000,3.333333,5.882353,0.006185,0.008317,0.008358,0.008358,8,0,8,fixed,8,8,0,0,3.000000,4.000000
1019,all5g,8,3,52,0,0,2,0.641525,0.000000,0.080191,80,0.151498,36,0,0,0,0.151498,0.151498,0.000000,0.000000,0.151498,-0.098261,0,0,1,0,80,0,0,0.000000,30.000000,17.000000,0.078296,0.080191,0.080191,0.006185,0.008139,0.008139,0.008139,8,0,8,fixed,8,8,0,0,3.000000,4.000000
1019,all5g,8,3,53,0,0,2,0.641502,0.000000,0.080188,80,0.151498,36,0,0,0,0.151498,0.151498,0.000000,0.000000,0.151498,-0.098261,0,0,1,0,80,0,0,0.000000,30.000000,17.000000,0.078296,0.080188,0.080188,0.006185,0.008139,0.008139,0.008139,8,0,8,fixed,8,8,0,0,3.000000,4.000000
1019,all5g,8,3,54,0,0,3,0.000000,0.000000,1.000000,80,0.151498,36,0,0,0,0.151498,0.151498,0.000000,0.000000,0.151498,-0.098261,0,0,0,1,80,0,0,0.000000,30.000000,17.000000,1.000000,3.333333,5.882353,0.006185,0.008317,0.008358,0.008358,8,0,8,fixed,8,8,0,0,3.000000,4.000000
1019,all5g,8,3,55,0,0,3,0.000000,0.000000,1.000000,80,0.151498,36,0,0,0,0.151498,0.151498,0.000000,0.000000,0.151498,-0.098261,0,0,0,1,80,0,0,0.000000,30.000000,17.000000,1.000000,3.333333,5.882353,0.006185,0.008317,0.008358,0.008358,8,0,8,fixed,8,8,0,0,3.000000,4.000000
1019,all5g,8,3,56,0,0,2,0.640421,0.000000,0.080053,80,0.151498,36,0,0,0,0.151498,0.151498,0.000000,0.000000,0.151498,-0.098261,0,0,1,0,80,0,0,0.000000,30.000000,17.000000,0.078300,0.080053,0.080053,0.006185,0.008132,0.008132,0.008132,8,0,8,fixed,8,8,0,0,3.000000,4.000000
1019,all5g,8,3,57,0,0,4,0.000000,0.000000,1.000000,80,0.151498,36,0,0,0,0.151498,0.151498,0.000000,0.000000,0.151498,-0.098261,0,0,0,1,80,0,0,0.000000,30.000000,17.000000,1.000000,1.333333,2.352941,0.006185,0.008173,0.008277,0.008277,8,0,8,fixed,8,8,0,0,3.000000,4.000000
1019,all5g,8,3,58,0,0,4,0.000000,0.000000,1.000000,80,0.151498,36,0,0,0,0.151498,0.151498,0.000000,0.000000,0.151498,-0.098261,0,0,0,1,80,0,0,0.000000,30.000000,17.000000,1.000000,1.333333,2.352941,0.006185,0.008173,0.008277,0.008277,8,0,8,fixed,8,8,0,0,3.000000,4.000000
1019,all5g,8,3,59,0,0,1,2.067690,0.000000,0.689230,80,0.151498,36,0,0,0,0.151498,0.151498,0.000000,0.000000,0.151498,-0.098261,0,0,1,-1,80,0,0,0.000000,30.000000,17.000000,0.858698,0.689230,0.689230,0.006185,0.007998,0.007998,0.007998,8,0,8,fixed,8,8,0,0,3.000000,4.000000
1019,all5g,8,3,60,0,0,1,2.380655,0.000000,0.793552,80,0.151498,36,0,0,0,0.151498,0.151498,0.000000,0.000000,0.151498,-0.098261,0,0,1,-1,80,0,0,0.000000,30.000000,17.000000,0.853730,0.793552,0.793552,0.006185,0.008061,0.008061,0.008061,8,0,8,fixed,8,8,0,0,3.000000,4.000000
1019,all5g,8,3,61,0,0,4,0.000000,0.000000,1.000000,80,0.151498,36,0,0,0,0.151498,0.151498,0.000000,0.000000,0.151498,-0.098261,0,0,0,1,80,0,0,0.000000,30.000000,17.000000,1.000000,1.333333,2.352941,0.006185,0.008173,0.008277,0.008277,8,0,8,fixed,8,8,0,0,3.000000,4.000000
1019,all5g,8,3,62,0,0,2,0.644769,0.000000,0.080596,80,0.151498,36,0,0,0,0.151498,0.151498,0.000000,0.000000,0.151498,-0.098261,0,0,1,0,80,0,0,0.000000,30.000000,17.000000,0.078284,0.080596,0.080596,0.006185,0.008160,0.008160,0.008160,8,0,8,fixed,8,8,0,0,3.000000,4.000000
1019,all5g,8,3,63,0,0,2,0.645886,0.000000,0.080736,80,0.151498,36,0,0,0,0.151498,0.151498,0.000000,0.000000,0.151498,-0.098261,0,0,1,0,80,0,0,0.000000,30.000000,17.000000,0.078280,0.080736,0.080736,0.006185,0.008167,0.008167,0.008167,8,0,8,fixed,8,8,0,0,3.000000,4.000000
1019,all5g,8,3,64,0,0,2,0.641490,0.000000,0.080186,80,0.151498,36,0,0,0,0.151498,0.151498,0.000000,0.000000,0.151498,-0.098261,0,0,1,0,80,0,0,0.000000,30.000000,17.000000,0.078296,0.080186,0.080186,0.006185,0.008139,0.008139,0.008139,8,0,8,fixed,8,8,0,0,3.000000,4.000000
1019,all5g,8,3,65,0,0,1,2.660235,0.000000,0.886745,80,0.151498,36,0,0,0,0.151498,0.151498,0.000000,0.000000,0.151498,-0.098261,0,0,1,-1,80,0,0,0.000000,30.000000,17.000000,0.849292,0.886745,0.886745,0.006185,0.008105,0.008105,0.008105,8,0,8,fixed,8,8,0,0,3.000000,4.000000
1019,all5g,8,3,66,0,0,1,2.756148,0.000000,0.918716,80,0.151498,36,0,0,0,0.151498,0.151498,0.000000,0.000000,0.151498,-0.098261,0,0,1,-1,80,0,0,0.000000,30.000000,17.000000,0.847770,0.918716,0.918716,0.006185,0.008118,0.008118,0.008118,8,0,8,fixed,8,8,0,0,3.000000,4.000000
1019,all5g,8,3,67,0,0,1,3.012729,0.000000,1.004243,80,0.151498,36,0,0,0,0.151498,0.151498,0.000000,0.000000,0.151498,-0.098261,0,0,1,1,80,0,0,0.000000,30.000000,17.000000,0.843697,1.004243,1.004243,0.006185,0.008149,0.008149,0.008149,8,0,8,fixed,8,8,0,0,3.000000,4.000000
1019,all5g,8,3,68,0,0,2,0.648054,0.000000,0.081007,80,0.151498,36,0,0,0,0.151498,0.151498,0.000000,0.000000,0.151498,-0.098261,0,0,1,0,80,0,0,0.000000,30.000000,17.000000,0.078273,0.081007,0.081007,0.006185,0.008180,0.008180,0.008180,8,0,8,fixed,8,8,0,0,3.000000,4.000000
1019,all5g,8,3,69,0,0,4,0.000000,0.000000,1.000000,80,0.151498,36,0,0,0,0.151498,0.151498,0.000000,0.000000,0.151498,-0.098261,0,0,0,1,80,0,0,0.000000,30.000000,17.000000,1.000000,1.333333,2.352941,0.006185,0.008173,0.008277,0.008277,8,0,8,fixed,8,8,0,0,3.000000,4.000000
1019,all5g,8,3,70,0,0,4,0.000000,0.000000,1.000000,80,0.151498,36,0,0,0,0.151498,0.151498,0.000000,0.000000,0.151498,-0.098261,0,0,0,1,80,0,0,0.000000,30.000000,17.000000,1.000000,1.333333,2.352941,0.006185,0.008173,0.008277,0.008277,8,0,8,fixed,8,8,0,0,3.000000,4.000000
1019,all5g,8,3,71,0,0,3,0.000000,0.000000,1.000000,80,0.151498,36,0,0,0,0.151498,0.151498,0.000000,0.000000,0.151498,-0.098261,0,0,0,1,80,0,0,0.000000,30.000000,17.000000,1.000000,3.333333,5.882353,0.006185,0.008317,0.008358,0.008358,8,0,8,fixed,8,8,0,0,3.000000,4.000000
1019,all5g,8,3,72,0,0,1,3.433646,0.000000,1.144549,80,0.151498,36,0,0,0,0.151498,0.151498,0.000000,0.000000,0.151498,-0.098261,0,0,1,1,80,0,0,0.000000,30.000000,17.000000,0.837016,1.144549,1.144549,0.006185,0.008191,0.008191,0.008191,8,0,8,fixed,8,8,0,0,3.000000,4.000000
1019,all5g,8,3,73,0,0,2,0.645897,0.000000,0.080737,80,0.151498,36,0,0,0,0.151498,0.151498,0.000000,0.000000,0.151498,-0.098261,0,0,1,0,80,0,0,0.000000,30.000000,17.000000,0.078280,0.080737,0.080737,0.006185,0.008167,0.008167,0.008167,8,0,8,fixed,8,8,0,0,3.000000,4.000000
1019,all5g,8,3,74,0,0,2,0.646979,0.000000,0.080872,80,0.151498,36,0,0,0,0.151498,0.151498,0.000000,0.000000,0.151498,-0.098261,0,0,1,0,80,0,0,0.000000,30.000000,17.000000,0.078276,0.080872,0.080872,0.006185,0.008173,0.008173,0.008173,8,0,8,fixed,8,8,0,0,3.000000,4.000000
1019,all5g,8,3,75,0,0,1,3.400008,0.000000,1.133336,80,0.151498,36,0,0,0,0.151498,0.151498,0.000000,0.000000,0.151498,-0.098261,0,0,1,1,80,0,0,0.000000,30.000000,17.000000,0.837550,1.133336,1.133336,0.006185,0.008188,0.008188,0.008188,8,0,8,fixed,8,8,0,0,3.000000,4.000000
1019,all5g,8,3,76,0,0,1,2.665696,0.000000,0.888565,80,0.151498,36,0,0,0,0.151498,0.151498,0.000000,0.000000,0.151498,-0.098261,0,0,1,-1,80,0,0,0.000000,30.000000,17.000000,0.849206,0.888565,0.888565,0.006185,0.008106,0.008106,0.008106,8,0,8,fixed,8,8,0,0,3.000000,4.000000
1019,all5g,8,3,77,0,0,4,0.000000,0.000000,1.000000,80,0.151498,36,0,0,0,0.151498,0.151498,0.000000,0.000000,0.151498,-0.098261,0,0,0,1,80,0,0,0.000000,30.000000,17.000000,1.000000,1.333333,2.352941,0.006185,0.008173,0.008277,0.008277,8,0,8,fixed,8,8,0,0,3.000000,4.000000
1019,all5g,8,3,78,0,0,1,2.827586,0.000000,0.942529,80,0.151498,36,0,0,0,0.151498,0.151498,0.000000,0.000000,0.151498,-0.098261,0,0,1,-1,80,0,0,0.000000,30.000000,17.000000,0.846636,0.942529,0.942529,0.006185,0.008127,0.008127,0.008127,8,0,8,fixed,8,8,0,0,3.000000,4.000000
1019,all5g,8,3,79,0,0,2,0.643700,0.000000,0.080462,80,0.151498,36,0,0,0,0.151498,0.151498,0.000000,0.000000,0.151498,-0.098261,0,0,1,0,80,0,0,0.000000,30.000000,17.000000,0.078288,0.080462,0.080462,0.006185,0.008153,0.008153,0.008153,8,0,8,fixed,8,8,0,0,3.000000,4.000000
1019,all5g,8,3,80,0,0,1,2.843470,0.000000,0.947823,80,0.151498,36,0,0,0,0.151498,0.151498,0.000000,0.000000,0.151498,-0.098261,0,0,1,-1,80,0,0,0.000000,30.000000,17.000000,0.846384,0.947823,0.947823,0.006185,0.008129,0.008129,0.008129,8,0,8,fixed,8,8,0,0,3.000000,4.000000
1019,all5g,8,4,1,0,0,1,2.534238,88.666700,0.844746,80,0.136974,48,0,0,0,0.136974,0.136974,0.000000,0.000000,0.136974,-0.014524,0,0,1,-1,80,0,0,88.666700,30.000000,17.333300,0.881394,0.844746,0.844746,0.005358,0.007028,0.007028,0.007028,8,0,8,fixed,8,8,0,0,3.000000,4.000000
1019,all5g,8,4,2,0,0,1,2.633317,88.666700,0.877772,80,0.136974,48,0,0,0,0.136974,0.136974,0.000000,0.000000,0.136974,-0.014524,0,0,1,-1,80,0,0,88.666700,30.000000,17.333300,0.879821,0.877772,0.877772,0.005358,0.007040,0.007040,0.007040,8,0,8,fixed,8,8,0,0,3.000000,4.000000
1019,all5g,8,4,3,0,0,1,2.685856,88.666700,0.895285,80,0.136974,48,0,0,0,0.136974,0.136974,0.000000,0.000000,0.136974,-0.014524,0,0,1,-1,80,0,0,88.666700,30.000000,17.333300,0.878987,0.895285,0.895285,0.005358,0.007046,0.007046,0.007046,8,0,8,fixed,8,8,0,0,3.000000,4.000000
1019,all5g,8,4,4,0,0,2,0.585794,88.666700,0.073224,80,0.136974,48,0,0,0,0.136974,0.136974,0.000000,0.000000,0.136974,-0.014524,0,0,1,0,80,0,0,88.666700,30.000000,17.333300,0.071731,0.073224,0.073224,0.005358,0.007073,0.007073,0.007073,8,0,8,fixed,8,8,0,0,3.000000,4.000000
1019,all5g,8,4,5,0,0,3,0.000000,88.666700,1.127819,80,0.136974,48,0,0,0,0.136974,0.136974,0.000000,0.000000,0.136974,-0.014524,0,0,1,1,80,0,0,88.666700,30.000000,17.333300,1.127819,3.333333,5.769242,0.005358,0.007197,0.007230,0.007230,8,0,8,fixed,8,8,0,0,3.000000,4.000000
1019,all5g,8,4,6,0,0,2,0.584702,88.666700,0.073088,80,0.136974,48,0,0,0,0.136974,0.136974,0.000000,0.000000,0.136974,-0.014524,0,0,1,0,80,0,0,88.666700,30.000000,17.333300,0.071735,0.073088,0.073088,0.005358,0.007066,0.007066,0.007066,8,0,8,fixed,8,8,0,0,3.000000,4.000000
1019,all5g,8,4,7,0,0,3,0.000000,88.666700,1.127819,80,0.136974,48,0,0,0,0.136974,0.136974,0.000000,0.000000,0.136974,-0.014524,0,0,1,1,80,0,0,88.666700,30.000000,17.333300,1.127819,3.333333,5.769242,0.005358,0.007197,0.007230,0.007230,8,0,8,fixed,8,8,0,0,3.000000,4.000000
1019,all5g,8,4,8,0,0,2,0.584678,88.666700,0.073085,80,0.136974,48,0,0,0,0.136974,0.136974,0.000000,0.000000,0.136974,-0.014524,0,0,1,0,80,0,0,88.666700,30.000000,17.333300,0.071735,0.073085,0.073085,0.005358,0.007066,0.007066,0.007066,8,0,8,fixed,8,8,0,0,3.000000,4.000000
1019,all5g,8,4,9,0,0,2,0.584690,88.666700,0.073086,80,0.136974,48,0,0,0,0.136974,0.136974,0.000000,0.000000,0.136974,-0.014524,0,0,1,0,80,0,0,88.666700,30.000000,17.333300,0.071735,0.073086,0.073086,0.005358,0.007066,0.007066,0.007066,8,0,8,fixed,8,8,0,0,3.000000,4.000000
1019,all5g,8,4,10,0,0,2,0.580295,88.666700,0.072537,80,0.136974,48,0,0,0,0.136974,0.136974,0.000000,0.000000,0.136974,-0.014524,0,0,1,0,80,0,0,88.666700,30.000000,17.333300,0.071751,0.072537,0.072537,0.005358,0.007039,0.007039,0.007039,8,0,8,fixed,8,8,0,0,3.000000,4.000000
1019,all5g,8,4,11,0,0,3,0.000000,88.666700,1.127819,80,0.136974,48,0,0,0,0.136974,0.136974,0.000000,0.000000,0.136974,-0.014524,0,0,1,1,80,0,0,88.666700,30.000000,17.333300,1.127819,3.333333,5.769242,0.005358,0.007197,0.007230,0.007230,8,0,8,fixed,8,8,0,0,3.000000,4.000000
1019,all5g,8,4,12,0,0,4,0.000000,88.666700,0.451128,80,0.136974,48,0,0,0,0.136974,0.136974,0.000000,0.000000,0.136974,-0.014524,0,0,1,0,80,0,0,88.666700,30.000000,17.333300,0.451128,1.333333,2.307697,0.005358,0.007426,0.007508,0.007508,8,0,8,fixed,8,8,0,0,3.000000,4.000000
1019,all5g,8,4,13,0,0,2,0.593429,88.666700,0.074179,80,0.136974,48,0,0,0,0.136974,0.136974,0.000000,0.000000,0.136974,-0.014524,0,0,1,0,80,0,0,88.666700,30.000000,17.333300,0.071704,0.074179,0.074179,0.005358,0.007120,0.007120,0.007120,8,0,8,fixed,8,8,0,0,3.000000,4.000000
1019,all5g,8,4,14,0,0,2,0.593429,88.666700,0.074179,80,0.136974,48,0,0,0,0.136974,0.136974,0.000000,0.000000,0.136974,-0.014524,0,0,1,0,80,0,0,88.666700,30.000000,17.333300,0.071704,0.074179,0.074179,0.005358,0.007120,0.007120,0.007120,8,0,8,fixed,8,8,0,0,3.000000,4.000000
1019,all5g,8,4,15,0,0,3,0.000000,88.666700,1.127819,80,0.136974,48,0,0,0,0.136974,0.136974,0.000000,0.000000,0.136974,-0.014524,0,0,1,1,80,0,0,88.666700,30.000000,17.333300,1.127819,3.333333,5.769242,0.005358,0.007197,0.007230,0.007230,8,0,8,fixed,8,8,0,0,3.000000,4.000000
1019,all5g,8,4,16,0,0,1,2.373664,88.666700,0.791221,80,0.136974,48,0,0,0,0.136974,0.136974,0.000000,0.000000,0.136974,-0.014524,0,0,1,-1,80,0,0,88.666700,30.000000,17.333300,0.883942,0.791221,0.791221,0.005358,0.007006,0.007006,0.007006,8,0,8,fixed,8,8,0,0,3.000000,4.000000
1019,all5g,8,4,17,0,0,2,0.592294,88.666700,0.074037,80,0.136974,48,0,0,0,0.136974,0.136974,0.000000,0.000000,0.136974,-0.014524,0,0,1,0,80,0,0,88.666700,30.000000,17.333300,0.071708,0.074037,0.074037,0.005358,0.007113,0.007113,0.007113,8,0,8,fixed,8,8,0,0,3.000000,4.000000
1019,all5g,8,4,18,0,0,4,0.000000,88.666700,0.451128,80,0.136974,48,0,0,0,0.136974,0.136974,0.000000,0.000000,0.136974,-0.014524,0,0,1,0,80,0,0,88.666700,30.000000,17.333300,0.451128,1.333333,2.307697,0.005358,0.007426,0.007508,0.007508,8,0,8,fixed,8,8,0,0,3.000000,4.000000
1019,all5g,8,4,19,0,0,2,0.585759,88.666700,0.073220,80,0.136974,48,0,0,0,0.136974,0.136974,0.000000,0.000000,0.136974,-0.014524,0,0,1,0,80,0,0,88.666700,30.000000,17.333300,0.071731,0.073220,0.073220,0.005358,0.007073,0.007073,0.007073,8,0,8,fixed,8,8,0,0,3.000000,4.000000
1019,all5g,8,4,20,0,0,3,0.000000,88.666700,1.127819,80,0.136974,48,0,0,0,0.136974,0.136974,0.000000,0.000000,0.136974,-0.014524,0,0,1,1,80,0,0,88.666700,30.000000,17.333300,1.127819,3.333333,5.769242,0.005358,0.007197,0.007230,0.007230,8,0,8,fixed,8,8,0,0,3.000000,4.000000
1019,all5g,8,4,21,0,0,2,0.592293,88.666700,0.074037,80,0.136974,48,0,0,0,0.136974,0.136974,0.000000,0.000000,0.136974,-0.014524,0,0,1,0,80,0,0,88.666700,30.000000,17.333300,0.071708,0.074037,0.074037,0.005358,0.007113,0.007113,0.007113,8,0,8,fixed,8,8,0,0,3.000000,4.000000
1019,all5g,8,4,22,0,0,1,2.506934,88.666700,0.835645,80,0.136974,48,0,0,0,0.136974,0.136974,0.000000,0.000000,0.136974,-0.014524,0,0,1,-1,80,0,0,88.666700,30.000000,17.333300,0.881827,0.835645,0.835645,0.005358,0.007025,0.007025,0.007025,8,0,8,fixed,8,8,0,0,3.000000,4.000000
1019,all5g,8,4,23,0,0,4,0.000000,88.666700,0.451128,80,0.136974,48,0,0,0,0.136974,0.136974,0.000000,0.000000,0.136974,-0.014524,0,0,1,0,80,0,0,88.666700,30.000000,17.333300,0.451128,1.333333,2.307697,0.005358,0.007426,0.007508,0.007508,8,0,8,fixed,8,8,0,0,3.000000,4.000000
1019,all5g,8,4,24,0,0,2,0.592328,88.666700,0.074041,80,0.136974,48,0,0,0,0.136974,0.136974,0.000000,0.000000,0.136974,-0.014524,0,0,1,0,80,0,0,88.666700,30.000000,17.333300,0.071708,0.074041,0.074041,0.005358,0.007113,0.007113,0.007113,8,0,8,fixed,8,8,0,0,3.000000,4.000000
1019,all5g,8,4,25,0,0,3,0.000000,88.666700,1.127819,80,0.136974,48,0,0,0,0.136974,0.136974,0.000000,0.000000,0.136974,-0.014524,0,0,1,1,80,0,0,88.666700,30.000000,17.333300,1.127819,3.333333,5.769242,0.005358,0.007197,0.007230,0.007230,8,0,8,fixed,8,8,0,0,3.000000,4.000000
1019,all5g,8,4,26,0,0,1,2.346838,88.666700,0.782279,80,0.136974,48,0,0,0,0.136974,0.136974,0.000000,0.000000,0.136974,-0.014524,0,0,1,-1,80,0,0,88.666700,30.000000,17.333300,0.884368,0.782279,0.782279,0.005358,0.007003,0.007003,0.007003,8,0,8,fixed,8,8,0,0,3.000000,4.000000
1019,all5g,8,4,27,0,0,2,0.592352,88.666700,0.074044,80,0.136974,48,0,0,0,0.136974,0.136974,0.000000,0.000000,0.136974,-0.014524,0,0,1,0,80,0,0,88.666700,30.000000,17.333300,0.071708,0.074044,0.074044,0.005358,0.007113,0.007113,0.007113,8,0,8,fixed,8,8,0,0,3.000000,4.000000
1019,all5g,8,4,28,0,0,4,0.000000,88.666700,0.451128,80,0.136974,48,0,0,0,0.136974,0.136974,0.000000,0.000000,0.136974,-0.014524,0,0,1,0,80,0,0,88.666700,30.000000,17.333300,0.451128,1.333333,2.307697,0.005358,0.007426,0.007508,0.007508,8,0,8,fixed,8,8,0,0,3.000000,4.000000
1019,all5g,8,4,29,0,0,1,2.863630,88.666700,0.954543,80,0.136974,48,0,0,0,0.136974,0.136974,0.000000,0.000000,0.136974,-0.014524,0,0,1,-1,80,0,0,88.666700,30.000000,17.333300,0.876165,0.954543,0.954543,0.005358,0.007065,0.007065,0.007065,8,0,8,fixed,8,8,0,0,3.000000,4.000000
1019,all5g,8,4,30,0,0,2,0.592294,88.666700,0.074037,80,0.136974,48,0,0,0,0.136974,0.136974,0.000000,0.000000,0.136974,-0.014524,0,0,1,0,80,0,0,88.666700,30.000000,17.333300,0.071708,0.074037,0.074037,0.005358,0.007113,0.007113,0.007113,8,0,8,fixed,8,8,0,0,3.000000,4.000000
1019,all5g,8,4,31,0,0,2,0.402143,88.666700,0.050268,80,0.136974,48,0,0,0,0.136974,0.136974,0.000000,0.000000,0.136974,-0.014524,0,0,1,0,80,0,0,88.666700,30.000000,17.333300,0.072387,0.050268,0.050268,0.005358,0.005442,0.005442,0.005442,8,0,8,fixed,8,8,0,0,3.000000,4.000000
1019,all5g,8,4,32,0,0,2,0.185808,88.666700,0.023226,80,0.136974,48,1,0,0,0.136974,0.136974,0.000000,0.000000,0.136974,-0.014524,0,0,1,0,80,0,0,88.666700,30.000000,17.333300,0.073159,0.023226,0.023226,0.005358,-0.000232,-0.000232,0.000000,8,0,8,fixed,8,8,0,0,3.000000,4.000000
1019,all5g,8,4,33,0,0,2,0.591200,88.666700,0.073900,80,0.136974,48,0,0,0,0.136974,0.136974,0.000000,0.000000,0.136974,-0.014524,0,0,1,0,80,0,0,88.666700,30.000000,17.333300,0.071712,0.073900,0.073900,0.005358,0.007106,0.007106,0.007106,8,0,8,fixed,8,8,0,0,3.000000,4.000000
1019,all5g,8,4,34,0,0,2,0.592329,88.666700,0.074041,80,0.136974,48,0,0,0,0.136974,0.136974,0.000000,0.000000,0.136974,-0.014524,0,0,1,0,80,0,0,88.666700,30.000000,17.333300,0.071708,0.074041,0.074041,0.005358,0.007113,0.007113,0.007113,8,0,8,fixed,8,8,0,0,3.000000,4.000000
1019,all5g,8,4,35,0,0,2,0.590131,88.666700,0.073766,80,0.136974,48,0,0,0,0.136974,0.136974,0.000000,0.000000,0.136974,-0.014524,0,0,1,0,80,0,0,88.666700,30.000000,17.333300,0.071715,0.073766,0.073766,0.005358,0.007100,0.007100,0.007100,8,0,8,fixed,8,8,0,0,3.000000,4.000000
1019,all5g,8,4,36,0,0,4,0.000000,88.666700,0.451128,80,0.136974,48,0,0,0,0.136974,0.136974,0.000000,0.000000,0.136974,-0.014524,0,0,1,0,80,0,0,88.666700,30.000000,17.333300,0.451128,1.333333,2.307697,0.005358,0.007426,0.007508,0.007508,8,0,8,fixed,8,8,0,0,3.000000,4.000000
1019,all5g,8,4,37,0,0,2,0.592318,88.666700,0.074040,80,0.136974,48,0,0,0,0.136974,0.136974,0.000000,0.000000,0.136974,-0.014524,0,0,1,0,80,0,0,88.666700,30.000000,17.333300,0.071708,0.074040,0.074040,0.005358,0.007113,0.007113,0.007113,8,0,8,fixed,8,8,0,0,3.000000,4.000000
1019,all5g,8,4,38,0,0,2,0.590107,88.666700,0.073763,80,0.136974,48,0,0,0,0.136974,0.136974,0.000000,0.000000,0.136974,-0.014524,0,0,1,0,80,0,0,88.666700,30.000000,17.333300,0.071716,0.073763,0.073763,0.005358,0.007100,0.007100,0.007100,8,0,8,fixed,8,8,0,0,3.000000,4.000000
1019,all5g,8,4,39,0,0,4,0.000000,88.666700,0.451128,80,0.136974,48,0,0,0,0.136974,0.136974,0.000000,0.000000,0.136974,-0.014524,0,0,1,0,80,0,0,88.666700,30.000000,17.333300,0.451128,1.333333,2.307697,0.005358,0.007426,0.007508,0.007508,8,0,8,fixed,8,8,0,0,3.000000,4.000000
1019,all5g,8,4,40,0,0,1,2.728008,88.666700,0.909336,80,0.136974,48,0,0,0,0.136974,0.136974,0.000000,0.000000,0.136974,-0.014524,0,0,1,-1,80,0,0,88.666700,30.000000,17.333300,0.878318,0.909336,0.909336,0.005358,0.007051,0.007051,0.007051,8,0,8,fixed,8,8,0,0,3.000000,4.000000
1019,all5g,8,4,41,0,0,2,0.590096,88.666700,0.073762,80,0.136974,48,0,0,0,0.136974,0.136974,0.000000,0.000000,0.136974,-0.014524,0,0,1,0,80,0,0,88.666700,30.000000,17.333300,0.071716,0.073762,0.073762,0.005358,0.007100,0.007100,0.007100,8,0,8,fixed,8,8,0,0,3.000000,4.000000
1019,all5g,8,4,42,0,0,2,0.593492,88.666700,0.074186,80,0.136974,48,0,0,0,0.136974,0.136974,0.000000,0.000000,0.136974,-0.014524,0,0,1,0,80,0,0,88.666700,30.000000,17.333300,0.071703,0.074186,0.074186,0.005358,0.007120,0.007120,0.007120,8,0,8,fixed,8,8,0,0,3.000000,4.000000
1019,all5g,8,4,43,0,0,2,0.592365,88.666700,0.074046,80,0.136974,48,0,0,0,0.136974,0.136974,0.000000,0.000000,0.136974,-0.014524,0,0,1,0,80,0,0,88.666700,30.000000,17.333300,0.071707,0.074046,0.074046,0.005358,0.007114,0.007114,0.007114,8,0,8,fixed,8,8,0,0,3.000000,4.000000
1019,all5g,8,4,44,0,0,2,0.592388,88.666700,0.074048,80,0.136974,48,0,0,0,0.136974,0.136974,0.000000,0.000000,0.136974,-0.014524,0,0,1,0,80,0,0,88.666700,30.000000,17.333300,0.071707,0.074048,0.074048,0.005358,0.007114,0.007114,0.007114,8,0,8,fixed,8,8,0,0,3.000000,4.000000
1019,all5g,8,4,45,0,0,1,2.340136,88.666700,0.780045,80,0.136974,48,0,0,0,0.136974,0.136974,0.000000,0.000000,0.136974,-0.014524,0,0,1,-1,80,0,0,88.666700,30.000000,17.333300,0.884475,0.780045,0.780045,0.005358,0.007002,0.007002,0.007002,8,0,8,fixed,8,8,0,0,3.000000,4.000000
1019,all5g,8,4,46,0,0,2,0.592329,88.666700,0.074041,80,0.136974,48,0,0,0,0.136974,0.136974,0.000000,0.000000,0.136974,-0.014524,0,0,1,0,80,0,0,88.666700,30.000000,17.333300,0.071708,0.074041,0.074041,0.005358,0.007113,0.007113,0.007113,8,0,8,fixed,8,8,0,0,3.000000,4.000000
1019,all5g,8,4,47,0,0,1,2.415834,88.666700,0.805278,80,0.136974,48,0,0,0,0.136974,0.136974,0.000000,0.000000,0.136974,-0.014524,0,0,1,-1,80,0,0,88.666700,30.000000,17.333300,0.883273,0.805278,0.805278,0.005358,0.007012,0.007012,0.007012,8,0,8,fixed,8,8,0,0,3.000000,4.000000
1019,all5g,8,4,48,0,0,2,0.592375,88.666700,0.074047,80,0.136974,48,0,0,0,0.136974,0.136974,0.000000,0.000000,0.136974,-0.014524,0,0,1,0,80,0,0,88.666700,30.000000,17.333300,0.071707,0.074047,0.074047,0.005358,0.007114,0.007114,0.007114,8,0,8,fixed,8,8,0,0,3.000000,4.000000
1019,all5g,8,4,49,0,0,1,2.484330,88.666700,0.828110,80,0.136974,48,0,0,0,0.136974,0.136974,0.000000,0.000000,0.136974,-0.014524,0,0,1,-1,80,0,0,88.666700,30.000000,17.333300,0.882186,0.828110,0.828110,0.005358,0.007022,0.007022,0.007022,8,0,8,fixed,8,8,0,0,3.000000,4.000000
1019,all5g,8,4,50,0,0,1,3.089056,88.666700,1.029685,80,0.136974,48,0,0,0,0.136974,0.136974,0.000000,0.000000,0.136974,-0.014524,0,0,1,1,80,0,0,88.666700,30.000000,17.333300,0.872587,1.029685,1.029685,0.005358,0.007086,0.007086,0.007086,8,0,8,fixed,8,8,0,0,3.000000,4.000000
1019,all5g,8,4,51,0,0,3,0.000000,88.666700,1.127819,80,0.136974,48,0,0,0,0.136974,0.136974,0.000000,0.000000,0.136974,-0.014524,0,0,1,1,80,0,0,88.666700,30.000000,17.333300,1.127819,3.333333,5.769242,0.005358,0.007197,0.007230,0.007230,8,0,8,fixed,8,8,0,0,3.000000,4.000000
1019,all5g,8,4,52,0,0,2,0.592375,88.666700,0.074047,80,0.136974,48,0,0,0,0.136974,0.136974,0.000000,0.000000,0.136974,-0.014524,0,0,1,0,80,0,0,88.666700,30.000000,17.333300,0.071707,0.074047,0.074047,0.005358,0.007114,0.007114,0.007114,8,0,8,fixed,8,8,0,0,3.000000,4.000000
1019,all5g,8,4,53,0,0,2,0.592353,88.666700,0.074044,80,0.136974,48,0,0,0,0.136974,0.136974,0.000000,0.000000,0.136974,-0.014524,0,0,1,0,80,0,0,88.666700,30.000000,17.333300,0.071707,0.074044,0.074044,0.005358,0.007113,0.007113,0.007113,8,0,8,fixed,8,8,0,0,3.000000,4.000000
1019,all5g,8,4,54,0,0,3,0.000000,88.666700,1.127819,80,0.136974,48,0,0,0,0.136974,0.136974,0.000000,0.000000,0.136974,-0.014524,0,0,1,1,80,0,0,88.666700,30.000000,17.333300,1.127819,3.333333,5.769242,0.005358,0.007197,0.007230,0.007230,8,0,8,fixed,8,8,0,0,3.000000,4.000000
1019,all5g,8,4,55,0,0,3,0.000000,88.666700,1.127819,80,0.136974,48,0,0,0,0.136974,0.136974,0.000000,0.000000,0.136974,-0.014524,0,0,1,1,80,0,0,88.666700,30.000000,17.333300,1.127819,3.333333,5.769242,0.005358,0.007197,0.007230,0.007230,8,0,8,fixed,8,8,0,0,3.000000,4.000000
1019,all5g,8,4,56,0,0,2,0.593481,88.666700,0.074185,80,0.136974,48,0,0,0,0.136974,0.136974,0.000000,0.000000,0.136974,-0.014524,0,0,1,0,80,0,0,88.666700,30.000000,17.333300,0.071703,0.074185,0.074185,0.005358,0.007120,0.007120,0.007120,8,0,8,fixed,8,8,0,0,3.000000,4.000000
1019,all5g,8,4,57,0,0,4,0.000000,88.666700,0.451128,80,0.136974,48,0,0,0,0.136974,0.136974,0.000000,0.000000,0.136974,-0.014524,0,0,1,0,80,0,0,88.666700,30.000000,17.333300,0.451128,1.333333,2.307697,0.005358,0.007426,0.007508,0.007508,8,0,8,fixed,8,8,0,0,3.000000,4.000000
1019,all5g,8,4,58,0,0,4,0.000000,88.666700,0.451128,80,0.136974,48,0,0,0,0.136974,0.136974,0.000000,0.000000,0.136974,-0.014524,0,0,1,0,80,0,0,88.666700,30.000000,17.333300,0.451128,1.333333,2.307697,0.005358,0.007426,0.007508,0.007508,8,0,8,fixed,8,8,0,0,3.000000,4.000000
1019,all5g,8,4,59,0,0,1,2.679173,88.666700,0.893058,80,0.136974,48,0,0,0,0.136974,0.136974,0.000000,0.000000,0.136974,-0.014524,0,0,1,-1,80,0,0,88.666700,30.000000,17.333300,0.879093,0.893058,0.893058,0.005358,0.007045,0.007045,0.007045,8,0,8,fixed,8,8,0,0,3.000000,4.000000
1019,all5g,8,4,60,0,0,1,2.808075,88.666700,0.936025,80,0.136974,48,0,0,0,0.136974,0.136974,0.000000,0.000000,0.136974,-0.014524,0,0,1,-1,80,0,0,88.666700,30.000000,17.333300,0.877047,0.936025,0.936025,0.005358,0.007059,0.007059,0.007059,8,0,8,fixed,8,8,0,0,3.000000,4.000000
1019,all5g,8,4,61,0,0,4,0.000000,88.666700,0.451128,80,0.136974,48,0,0,0,0.136974,0.136974,0.000000,0.000000,0.136974,-0.014524,0,0,1,0,80,0,0,88.666700,30.000000,17.333300,0.451128,1.333333,2.307697,0.005358,0.007426,0.007508,0.007508,8,0,8,fixed,8,8,0,0,3.000000,4.000000
1019,all5g,8,4,62,0,0,2,0.593434,88.666700,0.074179,80,0.136974,48,0,0,0,0.136974,0.136974,0.000000,0.000000,0.136974,-0.014524,0,0,1,0,80,0,0,88.666700,30.000000,17.333300,0.071704,0.074179,0.074179,0.005358,0.007120,0.007120,0.007120,8,0,8,fixed,8,8,0,0,3.000000,4.000000
1019,all5g,8,4,63,0,0,2,0.590119,88.666700,0.073765,80,0.136974,48,0,0,0,0.136974,0.136974,0.000000,0.000000,0.136974,-0.014524,0,0,1,0,80,0,0,88.666700,30.000000,17.333300,0.071715,0.073765,0.073765,0.005358,0.007100,0.007100,0.007100,8,0,8,fixed,8,8,0,0,3.000000,4.000000
1019,all5g,8,4,64,0,0,2,0.592294,88.666700,0.074037,80,0.136974,48,0,0,0,0.136974,0.136974,0.000000,0.000000,0.136974,-0.014524,0,0,1,0,80,0,0,88.666700,30.000000,17.333300,0.071708,0.074037,0.074037,0.005358,0.007113,0.007113,0.007113,8,0,8,fixed,8,8,0,0,3.000000,4.000000
1019,all5g,8,4,65,0,0,1,2.672416,88.666700,0.890805,80,0.136974,48,0,0,0,0.136974,0.136974,0.000000,0.000000,0.136974,-0.014524,0,0,1,-1,80,0,0,88.666700,30.000000,17.333300,0.879200,0.890805,0.890805,0.005358,0.007045,0.007045,0.007045,8,0,8,fixed,8,8,0,0,3.000000,4.000000
1019,all5g,8,4,66,0,0,1,2.691927,88.666700,0.897309,80,0.136974,48,0,0,0,0.136974,0.136974,0.000000,0.000000,0.136974,-0.014524,0,0,1,-1,80,0,0,88.666700,30.000000,17.333300,0.878891,0.897309,0.897309,0.005358,0.007047,0.007047,0.007047,8,0,8,fixed,8,8,0,0,3.000000,4.000000
1019,all5g,8,4,67,0,0,1,2.735950,88.666700,0.911983,80,0.136974,48,0,0,0,0.136974,0.136974,0.000000,0.000000,0.136974,-0.014524,0,0,1,-1,80,0,0,88.666700,30.000000,17.333300,0.878192,0.911983,0.911983,0.005358,0.007052,0.007052,0.007052,8,0,8,fixed,8,8,0,0,3.000000,4.000000
1019,all5g,8,4,68,0,0,2,0.584714,88.666700,0.073089,80,0.136974,48,0,0,0,0.136974,0.136974,0.000000,0.000000,0.136974,-0.014524,0,0,1,0,80,0,0,88.666700,30.000000,17.333300,0.071735,0.073089,0.073089,0.005358,0.007066,0.007066,0.007066,8,0,8,fixed,8,8,0,0,3.000000,4.000000
1019,all5g,8,4,69,0,0,4,0.000000,88.666700,0.451128,80,0.136974,48,0,0,0,0.136974,0.136974,0.000000,0.000000,0.136974,-0.014524,0,0,1,0,80,0,0,88.666700,30.000000,17.333300,0.451128,1.333333,2.307697,0.005358,0.007426,0.007508,0.007508,8,0,8,fixed,8,8,0,0,3.000000,4.000000
1019,all5g,8,4,70,0,0,4,0.000000,88.666700,0.451128,80,0.136974,48,0,0,0,0.136974,0.136974,0.000000,0.000000,0.136974,-0.014524,0,0,1,0,80,0,0,88.666700,30.000000,17.333300,0.451128,1.333333,2.307697,0.005358,0.007426,0.007508,0.007508,8,0,8,fixed,8,8,0,0,3.000000,4.000000
1019,all5g,8,4,71,0,0,3,0.000000,88.666700,1.127819,80,0.136974,48,0,0,0,0.136974,0.136974,0.000000,0.000000,0.136974,-0.014524,0,0,1,1,80,0,0,88.666700,30.000000,17.333300,1.127819,3.333333,5.769242,0.005358,0.007197,0.007230,0.007230,8,0,8,fixed,8,8,0,0,3.000000,4.000000
1019,all5g,8,4,72,0,0,1,2.763441,88.666700,0.921147,80,0.136974,48,0,0,0,0.136974,0.136974,0.000000,0.000000,0.136974,-0.014524,0,0,1,-1,80,0,0,88.666700,30.000000,17.333300,0.877755,0.921147,0.921147,0.005358,0.007055,0.007055,0.007055,8,0,8,fixed,8,8,0,0,3.000000,4.000000
1019,all5g,8,4,73,0,0,2,0.593398,88.666700,0.074175,80,0.136974,48,0,0,0,0.136974,0.136974,0.000000,0.000000,0.136974,-0.014524,0,0,1,0,80,0,0,88.666700,30.000000,17.333300,0.071704,0.074175,0.074175,0.005358,0.007120,0.007120,0.007120,8,0,8,fixed,8,8,0,0,3.000000,4.000000
1019,all5g,8,4,74,0,0,2,0.593445,88.666700,0.074181,80,0.136974,48,0,0,0,0.136974,0.136974,0.000000,0.000000,0.136974,-0.014524,0,0,1,0,80,0,0,88.666700,30.000000,17.333300,0.071704,0.074181,0.074181,0.005358,0.007120,0.007120,0.007120,8,0,8,fixed,8,8,0,0,3.000000,4.000000
1019,all5g,8,4,75,0,0,1,2.679746,88.666700,0.893249,80,0.136974,48,0,0,0,0.136974,0.136974,0.000000,0.000000,0.136974,-0.014524,0,0,1,-1,80,0,0,88.666700,30.000000,17.333300,0.879084,0.893249,0.893249,0.005358,0.007045,0.007045,0.007045,8,0,8,fixed,8,8,0,0,3.000000,4.000000
1019,all5g,8,4,76,0,0,1,2.779936,88.666700,0.926645,80,0.136974,48,0,0,0,0.136974,0.136974,0.000000,0.000000,0.136974,-0.014524,0,0,1,-1,80,0,0,88.666700,30.000000,17.333300,0.877494,0.926645,0.926645,0.005358,0.007056,0.007056,0.007056,8,0,8,fixed,8,8,0,0,3.000000,4.000000
1019,all5g,8,4,77,0,0,4,0.000000,88.666700,0.451128,80,0.136974,48,0,0,0,0.136974,0.136974,0.000000,0.000000,0.136974,-0.014524,0,0,1,0,80,0,0,88.666700,30.000000,17.333300,0.451128,1.333333,2.307697,0.005358,0.007426,0.007508,0.007508,8,0,8,fixed,8,8,0,0,3.000000,4.000000
1019,all5g,8,4,78,0,0,1,2.586277,88.666700,0.862092,80,0.136974,48,0,0,0,0.136974,0.136974,0.000000,0.000000,0.136974,-0.014524,0,0,1,-1,80,0,0,88.666700,30.000000,17.333300,0.880568,0.862092,0.862092,0.005358,0.007035,0.007035,0.007035,8,0,8,fixed,8,8,0,0,3.000000,4.000000
1019,all5g,8,4,79,0,0,2,0.593421,88.666700,0.074178,80,0.136974,48,0,0,0,0.136974,0.136974,0.000000,0.000000,0.136974,-0.014524,0,0,1,0,80,0,0,88.666700,30.000000,17.333300,0.071704,0.074178,0.074178,0.005358,0.007120,0.007120,0.007120,8,0,8,fixed,8,8,0,0,3.000000,4.000000
1019,all5g,8,4,80,0,0,1,2.663252,88.666700,0.887751,80,0.136974,48,0,0,0,0.136974,0.136974,0.000000,0.000000,0.136974,-0.014524,0,0,1,-1,80,0,0,88.666700,30.000000,17.333300,0.879346,0.887751,0.887751,0.005358,0.007044,0.007044,0.007044,8,0,8,fixed,8,8,0,0,3.000000,4.000000
1019,all5g,8,5,1,0,0,1,2.086516,87.833300,0.695505,80,0.129061,48,0,0,0,0.129061,0.129061,0.000000,0.000000,0.129061,-0.007913,0,0,1,-1,80,0,0,87.833300,30.000000,17.000000,0.911318,0.695505,0.695505,0.004560,0.006070,0.006070,0.006070,8,0,8,fixed,8,8,0,0,3.000000,4.000000
1019,all5g,8,5,2,0,0,1,3.159310,87.833300,1.053103,80,0.129061,48,0,0,0,0.129061,0.129061,0.000000,0.000000,0.129061,-0.007913,0,0,1,1,80,0,0,87.833300,30.000000,17.000000,0.894289,1.053103,1.053103,0.004560,0.006187,0.006187,0.006187,8,0,8,fixed,8,8,0,0,3.000000,4.000000
1019,all5g,8,5,3,0,0,1,2.645536,87.833300,0.881845,80,0.129061,48,0,0,0,0.129061,0.129061,0.000000,0.000000,0.129061,-0.007913,0,0,1,-1,80,0,0,87.833300,30.000000,17.000000,0.902445,0.881845,0.881845,0.004560,0.006142,0.006142,0.006142,8,0,8,fixed,8,8,0,0,3.000000,4.000000
1019,all5g,8,5,4,0,0,2,0.551876,87.833300,0.068985,80,0.129061,48,0,0,0,0.129061,0.129061,0.000000,0.000000,0.129061,-0.007913,0,0,1,0,80,0,0,87.833300,30.000000,17.000000,0.066707,0.068985,0.068985,0.004560,0.006222,0.006222,0.006222,8,0,8,fixed,8,8,0,0,3.000000,4.000000
1019,all5g,8,5,5,0,0,3,0.000000,87.833300,1.138520,80,0.129061,48,0,0,0,0.129061,0.129061,0.000000,0.000000,0.129061,-0.007913,0,0,1,1,80,0,0,87.833300,30.000000,17.000000,1.138520,3.333333,5.882353,0.004560,0.006284,0.006313,0.006313,8,0,8,fixed,8,8,0,0,3.000000,4.000000
1019,all5g,8,5,6,0,0,2,0.550795,87.833300,0.068849,80,0.129061,48,0,0,0,0.129061,0.129061,0.000000,0.000000,0.129061,-0.007913,0,0,1,0,80,0,0,87.833300,30.000000,17.000000,0.066711,0.068849,0.068849,0.004560,0.006215,0.006215,0.006215,8,0,8,fixed,8,8,0,0,3.000000,4.000000
1019,all5g,8,5,7,0,0,3,0.000000,87.833300,1.138520,80,0.129061,48,0,0,0,0.129061,0.129061,0.000000,0.000000,0.129061,-0.007913,0,0,1,1,80,0,0,87.833300,30.000000,17.000000,1.138520,3.333333,5.882353,0.004560,0.006284,0.006313,0.006313,8,0,8,fixed,8,8,0,0,3.000000,4.000000
1019,all5g,8,5,8,0,0,2,0.550783,87.833300,0.068848,80,0.129061,48,0,0,0,0.129061,0.129061,0.000000,0.000000,0.129061,-0.007913,0,0,1,0,80,0,0,87.833300,30.000000,17.000000,0.066711,0.068848,0.068848,0.004560,0.006215,0.006215,0.006215,8,0,8,fixed,8,8,0,0,3.000000,4.000000
1019,all5g,8,5,9,0,0,2,0.551890,87.833300,0.068986,80,0.129061,48,0,0,0,0.129061,0.129061,0.000000,0.000000,0.129061,-0.007913,0,0,1,0,80,0,0,87.833300,30.000000,17.000000,0.066707,0.068986,0.068986,0.004560,0.006222,0.006222,0.006222,8,0,8,fixed,8,8,0,0,3.000000,4.000000
1019,all5g,8,5,10,0,0,2,0.544232,87.833300,0.068029,80,0.129061,48,0,0,0,0.129061,0.129061,0.000000,0.000000,0.129061,-0.007913,0,0,1,0,80,0,0,87.833300,30.000000,17.000000,0.066734,0.068029,0.068029,0.004560,0.006174,0.006174,0.006174,8,0,8,fixed,8,8,0,0,3.000000,4.000000
1019,all5g,8,5,11,0,0,3,0.000000,87.833300,1.138520,80,0.129061,48,0,0,0,0.129061,0.129061,0.000000,0.000000,0.129061,-0.007913,0,0,1,1,80,0,0,87.833300,30.000000,17.000000,1.138520,3.333333,5.882353,0.004560,0.006284,0.006313,0.006313,8,0,8,fixed,8,8,0,0,3.000000,4.000000
1019,all5g,8,5,12,0,0,4,0.000000,87.833300,0.455408,80,0.129061,48,0,0,0,0.129061,0.129061,0.000000,0.000000,0.129061,-0.007913,0,0,1,0,80,0,0,87.833300,30.000000,17.000000,0.455408,1.333333,2.352941,0.004560,0.006483,0.006557,0.006557,8,0,8,fixed,8,8,0,0,3.000000,4.000000
1019,all5g,8,5,13,0,0,2,0.550748,87.833300,0.068844,80,0.129061,48,0,0,0,0.129061,0.129061,0.000000,0.000000,0.129061,-0.007913,0,0,1,0,80,0,0,87.833300,30.000000,17.000000,0.066711,0.068844,0.068844,0.004560,0.006215,0.006215,0.006215,8,0,8,fixed,8,8,0,0,3.000000,4.000000
1019,all5g,8,5,14,0,0,2,0.550796,87.833300,0.068849,80,0.129061,48,0,0,0,0.129061,0.129061,0.000000,0.000000,0.129061,-0.007913,0,0,1,0,80,0,0,87.833300,30.000000,17.000000,0.066711,0.068849,0.068849,0.004560,0.006215,0.006215,0.006215,8,0,8,fixed,8,8,0,0,3.000000,4.000000
1019,all5g,8,5,15,0,0,3,0.000000,87.833300,1.138520,80,0.129061,48,0,0,0,0.129061,0.129061,0.000000,0.000000,0.129061,-0.007913,0,0,1,1,80,0,0,87.833300,30.000000,17.000000,1.138520,3.333333,5.882353,0.004560,0.006284,0.006313,0.006313,8,0,8,fixed,8,8,0,0,3.000000,4.000000
1019,all5g,8,5,16,0,0,1,2.272345,87.833300,0.757448,80,0.129061,48,0,0,0,0.129061,0.129061,0.000000,0.000000,0.129061,-0.007913,0,0,1,-1,80,0,0,87.833300,30.000000,17.000000,0.908368,0.757448,0.757448,0.004560,0.006098,0.006098,0.006098,8,0,8,fixed,8,8,0,0,3.000000,4.000000
1019,all5g,8,5,17,0,0,2,0.547458,87.833300,0.068432,80,0.129061,48,0,0,0,0.129061,0.129061,0.000000,0.000000,0.129061,-0.007913,0,0,1,0,80,0,0,87.833300,30.000000,17.000000,0.066723,0.068432,0.068432,0.004560,0.006194,0.006194,0.006194,8,0,8,fixed,8,8,0,0,3.000000,4.000000
1019,all5g,8,5,18,0,0,4,0.000000,87.833300,0.455408,80,0.129061,48,0,0,0,0.129061,0.129061,0.000000,0.000000,0.129061,-0.007913,0,0,1,0,80,0,0,87.833300,30.000000,17.000000,0.455408,1.333333,2.352941,0.004560,0.006483,0.006557,0.006557,8,0,8,fixed,8,8,0,0,3.000000,4.000000
1019,all5g,8,5,19,0,0,2,0.545355,87.833300,0.068169,80,0.129061,48,0,0,0,0.129061,0.129061,0.000000,0.000000,0.129061,-0.007913,0,0,1,0,80,0,0,87.833300,30.000000,17.000000,0.066730,0.068169,0.068169,0.004560,0.006181,0.006181,0.006181,8,0,8,fixed,8,8,0,0,3.000000,4.000000
1019,all5g,8,5,20,0,0,3,0.000000,87.833300,1.138520,80,0.129061,48,0,0,0,0.129061,0.129061,0.000000,0.000000,0.129061,-0.007913,0,0,1,1,80,0,0,87.833300,30.000000,17.000000,1.138520,3.333333,5.882353,0.004560,0.006284,0.006313,0.006313,8,0,8,fixed,8,8,0,0,3.000000,4.000000
1019,all5g,8,5,21,0,0,2,0.548634,87.833300,0.068579,80,0.129061,48,0,0,0,0.129061,0.129061,0.000000,0.000000,0.129061,-0.007913,0,0,1,0,80,0,0,87.833300,30.000000,17.000000,0.066719,0.068579,0.068579,0.004560,0.006201,0.006201,0.006201,8,0,8,fixed,8,8,0,0,3.000000,4.000000
1019,all5g,8,5,22,0,0,1,3.293062,87.833300,1.097687,80,0.129061,48,0,0,0,0.129061,0.129061,0.000000,0.000000,0.129061,-0.007913,0,0,1,1,80,0,0,87.833300,30.000000,17.000000,0.892166,1.097687,1.097687,0.004560,0.006196,0.006196,0.006196,8,0,8,fixed,8,8,0,0,3.000000,4.000000
1019,all5g,8,5,23,0,0,4,0.000000,87.833300,0.455408,80,0.129061,48,0,0,0,0.129061,0.129061,0.000000,0.000000,0.129061,-0.007913,0,0,1,0,80,0,0,87.833300,30.000000,17.000000,0.455408,1.333333,2.352941,0.004560,0.006483,0.006557,0.006557,8,0,8,fixed,8,8,0,0,3.000000,4.000000
1019,all5g,8,5,24,0,0,2,0.548611,87.833300,0.068576,80,0.129061,48,0,0,0,0.129061,0.129061,0.000000,0.000000,0.129061,-0.007913,0,0,1,0,80,0,0,87.833300,30.000000,17.000000,0.066719,0.068576,0.068576,0.004560,0.006201,0.006201,0.006201,8,0,8,fixed,8,8,0,0,3.000000,4.000000
1019,all5g,8,5,25,0,0,3,0.000000,87.833300,1.138520,80,0.129061,48,0,0,0,0.129061,0.129061,0.000000,0.000000,0.129061,-0.007913,0,0,1,1,80,0,0,87.833300,30.000000,17.000000,1.138520,3.333333,5.882353,0.004560,0.006284,0.006313,0.006313,8,0,8,fixed,8,8,0,0,3.000000,4.000000
1019,all5g,8,5,26,0,0,1,2.822126,87.833300,0.940709,80,0.129061,48,0,0,0,0.129061,0.129061,0.000000,0.000000,0.129061,-0.007913,0,0,1,-1,80,0,0,87.833300,30.000000,17.000000,0.899642,0.940709,0.940709,0.004560,0.006159,0.006159,0.006159,8,0,8,fixed,8,8,0,0,3.000000,4.000000
1019,all5g,8,5,27,0,0,2,0.551864,87.833300,0.068983,80,0.129061,48,0,0,0,0.129061,0.129061,0.000000,0.000000,0.129061,-0.007913,0,0,1,0,80,0,0,87.833300,30.000000,17.000000,0.066707,0.068983,0.068983,0.004560,0.006222,0.006222,0.006222,8,0,8,fixed,8,8,0,0,3.000000,4.000000
1019,all5g,8,5,28,0,0,4,0.000000,87.833300,0.455408,80,0.129061,48,0,0,0,0.129061,0.129061,0.000000,0.000000,0.129061,-0.007913,0,0,1,0,80,0,0,87.833300,30.000000,17.000000,0.455408,1.333333,2.352941,0.004560,0.006483,0.006557,0.006557,8,0,8,fixed,8,8,0,0,3.000000,4.000000
1019,all5g,8,5,29,0,0,1,2.762830,87.833300,0.920943,80,0.129061,48,0,0,0,0.129061,0.129061,0.000000,0.000000,0.129061,-0.007913,0,0,1,-1,80,0,0,87.833300,30.000000,17.000000,0.900583,0.920943,0.920943,0.004560,0.006154,0.006154,0.006154,8,0,8,fixed,8,8,0,0,3.000000,4.000000
1019,all5g,8,5,30,0,0,2,0.548586,87.833300,0.068573,80,0.129061,48,0,0,0,0.129061,0.129061,0.000000,0.000000,0.129061,-0.007913,0,0,1,0,80,0,0,87.833300,30.000000,17.000000,0.066719,0.068573,0.068573,0.004560,0.006201,0.006201,0.006201,8,0,8,fixed,8,8,0,0,3.000000,4.000000
1019,all5g,8,5,31,0,0,2,0.366139,87.833300,0.045767,80,0.129061,48,0,0,0,0.129061,0.129061,0.000000,0.000000,0.129061,-0.007913,0,0,1,0,80,0,0,87.833300,30.000000,17.000000,0.067370,0.045767,0.045767,0.004560,0.004527,0.004527,0.004527,8,0,8,fixed,8,8,0,0,3.000000,4.000000
1019,all5g,8,5,32,0,0,2,0.185808,87.833300,0.023226,80,0.129061,48,1,0,0,0.129061,0.129061,0.000000,0.000000,0.129061,-0.007913,0,0,1,0,80,0,0,87.833300,30.000000,17.000000,0.068014,0.023226,0.023226,0.004560,-0.000070,-0.000070,0.000000,8,0,8,fixed,8,8,0,0,3.000000,4.000000
1019,all5g,8,5,33,0,0,2,0.547529,87.833300,0.068441,80,0.129061,48,0,0,0,0.129061,0.129061,0.000000,0.000000,0.129061,-0.007913,0,0,1,0,80,0,0,87.833300,30.000000,17.000000,0.066723,0.068441,0.068441,0.004560,0.006195,0.006195,0.006195,8,0,8,fixed,8,8,0,0,3.000000,4.000000
1019,all5g,8,5,34,0,0,2,0.551852,87.833300,0.068982,80,0.129061,48,0,0,0,0.129061,0.129061,0.000000,0.000000,0.129061,-0.007913,0,0,1,0,80,0,0,87.833300,30.000000,17.000000,0.066707,0.068982,0.068982,0.004560,0.006221,0.006221,0.006221,8,0,8,fixed,8,8,0,0,3.000000,4.000000
1019,all5g,8,5,35,0,0,2,0.546471,87.833300,0.068309,80,0.129061,48,0,0,0,0.129061,0.129061,0.000000,0.000000,0.129061,-0.007913,0,0,1,0,80,0,0,87.833300,30.000000,17.000000,0.066726,0.068309,0.068309,0.004560,0.006188,0.006188,0.006188,8,0,8,fixed,8,8,0,0,3.000000,4.000000
1019,all5g,8,5,36,0,0,4,0.000000,87.833300,0.455408,80,0.129061,48,0,0,0,0.129061,0.129061,0.000000,0.000000,0.129061,-0.007913,0,0,1,0,80,0,0,87.833300,30.000000,17.000000,0.455408,1.333333,2.352941,0.004560,0.006483,0.006557,0.006557,8,0,8,fixed,8,8,0,0,3.000000,4.000000
1019,all5g,8,5,37,0,0,2,0.549702,87.833300,0.068713,80,0.129061,48,0,0,0,0.129061,0.129061,0.000000,0.000000,0.129061,-0.007913,0,0,1,0,80,0,0,87.833300,30.000000,17.000000,0.066715,0.068713,0.068713,0.004560,0.006208,0.006208,0.006208,8,0,8,fixed,8,8,0,0,3.000000,4.000000
1019,all5g,8,5,38,0,0,2,0.546442,87.833300,0.068305,80,0.129061,48,0,0,0,0.129061,0.129061,0.000000,0.000000,0.129061,-0.007913,0,0,1,0,80,0,0,87.833300,30.000000,17.000000,0.066726,0.068305,0.068305,0.004560,0.006188,0.006188,0.006188,8,0,8,fixed,8,8,0,0,3.000000,4.000000
1019,all5g,8,5,39,0,0,4,0.000000,87.833300,0.455408,80,0.129061,48,0,0,0,0.129061,0.129061,0.000000,0.000000,0.129061,-0.007913,0,0,1,0,80,0,0,87.833300,30.000000,17.000000,0.455408,1.333333,2.352941,0.004560,0.006483,0.006557,0.006557,8,0,8,fixed,8,8,0,0,3.000000,4.000000
1019,all5g,8,5,40,0,0,1,2.762905,87.833300,0.920968,80,0.129061,48,0,0,0,0.129061,0.129061,0.000000,0.000000,0.129061,-0.007913,0,0,1,-1,80,0,0,87.833300,30.000000,17.000000,0.900582,0.920968,0.920968,0.004560,0.006154,0.006154,0.006154,8,0,8,fixed,8,8,0,0,3.000000,4.000000
1019,all5g,8,5,41,0,0,2,0.546424,87.833300,0.068303,80,0.129061,48,0,0,0,0.129061,0.129061,0.000000,0.000000,0.129061,-0.007913,0,0,1,0,80,0,0,87.833300,30.000000,17.000000,0.066727,0.068303,0.068303,0.004560,0.006188,0.006188,0.006188,8,0,8,fixed,8,8,0,0,3.000000,4.000000
1019,all5g,8,5,42,0,0,2,0.547492,87.833300,0.068436,80,0.129061,48,0,0,0,0.129061,0.129061,0.000000,0.000000,0.129061,-0.007913,0,0,1,0,80,0,0,87.833300,30.000000,17.000000,0.066723,0.068436,0.068436,0.004560,0.006194,0.006194,0.006194,8,0,8,fixed,8,8,0,0,3.000000,4.000000
1019,all5g,8,5,43,0,0,2,0.550794,87.833300,0.068849,80,0.129061,48,0,0,0,0.129061,0.129061,0.000000,0.000000,0.129061,-0.007913,0,0,1,0,80,0,0,87.833300,30.000000,17.000000,0.066711,0.068849,0.068849,0.004560,0.006215,0.006215,0.006215,8,0,8,fixed,8,8,0,0,3.000000,4.000000
1019,all5g,8,5,44,0,0,2,0.549702,87.833300,0.068713,80,0.129061,48,0,0,0,0.129061,0.129061,0.000000,0.000000,0.129061,-0.007913,0,0,1,0,80,0,0,87.833300,30.000000,17.000000,0.066715,0.068713,0.068713,0.004560,0.006208,0.006208,0.006208,8,0,8,fixed,8,8,0,0,3.000000,4.000000
1019,all5g,8,5,45,0,0,1,2.322402,87.833300,0.774134,80,0.129061,48,0,0,0,0.129061,0.129061,0.000000,0.000000,0.129061,-0.007913,0,0,1,-1,80,0,0,87.833300,30.000000,17.000000,0.907574,0.774134,0.774134,0.004560,0.006105,0.006105,0.006105,8,0,8,fixed,8,8,0,0,3.000000,4.000000
1019,all5g,8,5,46,0,0,2,0.549696,87.833300,0.068712,80,0.129061,48,0,0,0,0.129061,0.129061,0.000000,0.000000,0.129061,-0.007913,0,0,1,0,80,0,0,87.833300,30.000000,17.000000,0.066715,0.068712,0.068712,0.004560,0.006208,0.006208,0.006208,8,0,8,fixed,8,8,0,0,3.000000,4.000000
1019,all5g,8,5,47,0,0,1,2.572264,87.833300,0.857421,80,0.129061,48,0,0,0,0.129061,0.129061,0.000000,0.000000,0.129061,-0.007913,0,0,1,-1,80,0,0,87.833300,30.000000,17.000000,0.903608,0.857421,0.857421,0.004560,0.006135,0.006135,0.006135,8,0,8,fixed,8,8,0,0,3.000000,4.000000
1019,all5g,8,5,48,0,0,2,0.551911,87.833300,0.068989,80,0.129061,48,0,0,0,0.129061,0.129061,0.000000,0.000000,0.129061,-0.007913,0,0,1,0,80,0,0,87.833300,30.000000,17.000000,0.066707,0.068989,0.068989,0.004560,0.006222,0.006222,0.006222,8,0,8,fixed,8,8,0,0,3.000000,4.000000
1019,all5g,8,5,49,0,0,1,2.552715,87.833300,0.850905,80,0.129061,48,0,0,0,0.129061,0.129061,0.000000,0.000000,0.129061,-0.007913,0,0,1,-1,80,0,0,87.833300,30.000000,17.000000,0.903918,0.850905,0.850905,0.004560,0.006132,0.006132,0.006132,8,0,8,fixed,8,8,0,0,3.000000,4.000000
1019,all5g,8,5,50,0,0,1,2.599069,87.833300,0.866356,80,0.129061,48,0,0,0,0.129061,0.129061,0.000000,0.000000,0.129061,-0.007913,0,0,1,-1,80,0,0,87.833300,30.000000,17.000000,0.903182,0.866356,0.866356,0.004560,0.006137,0.006137,0.006137,8,0,8,fixed,8,8,0,0,3.000000,4.000000
1019,all5g,8,5,51,0,0,3,0.000000,87.833300,1.138520,80,0.129061,48,0,0,0,0.129061,0.129061,0.000000,0.000000,0.129061,-0.007913,0,0,1,1,80,0,0,87.833300,30.000000,17.000000,1.138520,3.333333,5.882353,0.004560,0.006284,0.006313,0.006313,8,0,8,fixed,8,8,0,0,3.000000,4.000000
1019,all5g,8,5,52,0,0,2,0.551912,87.833300,0.068989,80,0.129061,48,0,0,0,0.129061,0.129061,0.000000,0.000000,0.129061,-0.007913,0,0,1,0,80,0,0,87.833300,30.000000,17.000000,0.066707,0.068989,0.068989,0.004560,0.006222,0.006222,0.006222,8,0,8,fixed,8,8,0,0,3.000000,4.000000
1019,all5g,8,5,53,0,0,2,0.549689,87.833300,0.068711,80,0.129061,48,0,0,0,0.129061,0.129061,0.000000,0.000000,0.129061,-0.007913,0,0,1,0,80,0,0,87.833300,30.000000,17.000000,0.066715,0.068711,0.068711,0.004560,0.006208,0.006208,0.006208,8,0,8,fixed,8,8,0,0,3.000000,4.000000
1019,all5g,8,5,54,0,0,3,0.000000,87.833300,1.138520,80,0.129061,48,0,0,0,0.129061,0.129061,0.000000,0.000000,0.129061,-0.007913,0,0,1,1,80,0,0,87.833300,30.000000,17.000000,1.138520,3.333333,5.882353,0.004560,0.006284,0.006313,0.006313,8,0,8,fixed,8,8,0,0,3.000000,4.000000
1019,all5g,8,5,55,0,0,3,0.000000,87.833300,1.138520,80,0.129061,48,0,0,0,0.129061,0.129061,0.000000,0.000000,0.129061,-0.007913,0,0,1,1,80,0,0,87.833300,30.000000,17.000000,1.138520,3.333333,5.882353,0.004560,0.006284,0.006313,0.006313,8,0,8,fixed,8,8,0,0,3.000000,4.000000
1019,all5g,8,5,56,0,0,2,0.549726,87.833300,0.068716,80,0.129061,48,0,0,0,0.129061,0.129061,0.000000,0.000000,0.129061,-0.007913,0,0,1,0,80,0,0,87.833300,30.000000,17.000000,0.066715,0.068716,0.068716,0.004560,0.006208,0.006208,0.006208,8,0,8,fixed,8,8,0,0,3.000000,4.000000
1019,all5g,8,5,57,0,0,4,0.000000,87.833300,0.455408,80,0.129061,48,0,0,0,0.129061,0.129061,0.000000,0.000000,0.129061,-0.007913,0,0,1,0,80,0,0,87.833300,30.000000,17.000000,0.455408,1.333333,2.352941,0.004560,0.006483,0.006557,0.006557,8,0,8,fixed,8,8,0,0,3.000000,4.000000
1019,all5g,8,5,58,0,0,4,0.000000,87.833300,0.455408,80,0.129061,48,0,0,0,0.129061,0.129061,0.000000,0.000000,0.129061,-0.007913,0,0,1,0,80,0,0,87.833300,30.000000,17.000000,0.455408,1.333333,2.352941,0.004560,0.006483,0.006557,0.006557,8,0,8,fixed,8,8,0,0,3.000000,4.000000
1019,all5g,8,5,59,0,0,1,2.890510,87.833300,0.963503,80,0.129061,48,0,0,0,0.129061,0.129061,0.000000,0.000000,0.129061,-0.007913,0,0,1,-1,80,0,0,87.833300,30.000000,17.000000,0.898556,0.963503,0.963503,0.004560,0.006165,0.006165,0.006165,8,0,8,fixed,8,8,0,0,3.000000,4.000000
1019,all5g,8,5,60,0,0,1,2.790284,87.833300,0.930095,80,0.129061,48,0,0,0,0.129061,0.129061,0.000000,0.000000,0.129061,-0.007913,0,0,1,-1,80,0,0,87.833300,30.000000,17.000000,0.900147,0.930095,0.930095,0.004560,0.006156,0.006156,0.006156,8,0,8,fixed,8,8,0,0,3.000000,4.000000
1019,all5g,8,5,61,0,0,4,0.000000,87.833300,0.455408,80,0.129061,48,0,0,0,0.129061,0.129061,0.000000,0.000000,0.129061,-0.007913,0,0,1,0,80,0,0,87.833300,30.000000,17.000000,0.455408,1.333333,2.352941,0.004560,0.006483,0.006557,0.006557,8,0,8,fixed,8,8,0,0,3.000000,4.000000
1019,all5g,8,5,62,0,0,2,0.550806,87.833300,0.068851,80,0.129061,48,0,0,0,0.129061,0.129061,0.000000,0.000000,0.129061,-0.007913,0,0,1,0,80,0,0,87.833300,30.000000,17.000000,0.066711,0.068851,0.068851,0.004560,0.006215,0.006215,0.006215,8,0,8,fixed,8,8,0,0,3.000000,4.000000
1019,all5g,8,5,63,0,0,2,0.546442,87.833300,0.068305,80,0.129061,48,0,0,0,0.129061,0.129061,0.000000,0.000000,0.129061,-0.007913,0,0,1,0,80,0,0,87.833300,30.000000,17.000000,0.066726,0.068305,0.068305,0.004560,0.006188,0.006188,0.006188,8,0,8,fixed,8,8,0,0,3.000000,4.000000
1019,all5g,8,5,64,0,0,2,0.549689,87.833300,0.068711,80,0.129061,48,0,0,0,0.129061,0.129061,0.000000,0.000000,0.129061,-0.007913,0,0,1,0,80,0,0,87.833300,30.000000,17.000000,0.066715,0.068711,0.068711,0.004560,0.006208,0.006208,0.006208,8,0,8,fixed,8,8,0,0,3.000000,4.000000
1019,all5g,8,5,65,0,0,1,3.128116,87.833300,1.042705,80,0.129061,48,0,0,0,0.129061,0.129061,0.000000,0.000000,0.129061,-0.007913,0,0,1,1,80,0,0,87.833300,30.000000,17.000000,0.894785,1.042705,1.042705,0.004560,0.006184,0.006184,0.006184,8,0,8,fixed,8,8,0,0,3.000000,4.000000
1019,all5g,8,5,66,0,0,1,2.619915,87.833300,0.873305,80,0.129061,48,0,0,0,0.129061,0.129061,0.000000,0.000000,0.129061,-0.007913,0,0,1,-1,80,0,0,87.833300,30.000000,17.000000,0.902851,0.873305,0.873305,0.004560,0.006140,0.006140,0.006140,8,0,8,fixed,8,8,0,0,3.000000,4.000000
1019,all5g,8,5,67,0,0,1,2.805594,87.833300,0.935198,80,0.129061,48,0,0,0,0.129061,0.129061,0.000000,0.000000,0.129061,-0.007913,0,0,1,-1,80,0,0,87.833300,30.000000,17.000000,0.899904,0.935198,0.935198,0.004560,0.006158,0.006158,0.006158,8,0,8,fixed,8,8,0,0,3.000000,4.000000
1019,all5g,8,5,68,0,0,2,0.546459,87.833300,0.068307,80,0.129061,48,0,0,0,0.129061,0.129061,0.000000,0.000000,0.129061,-0.007913,0,0,1,0,80,0,0,87.833300,30.000000,17.000000,0.066726,0.068307,0.068307,0.004560,0.006188,0.006188,0.006188,8,0,8,fixed,8,8,0,0,3.000000,4.000000
1019,all5g,8,5,69,0,0,4,0.000000,87.833300,0.455408,80,0.129061,48,0,0,0,0.129061,0.129061,0.000000,0.000000,0.129061,-0.007913,0,0,1,0,80,0,0,87.833300,30.000000,17.000000,0.455408,1.333333,2.352941,0.004560,0.006483,0.006557,0.006557,8,0,8,fixed,8,8,0,0,3.000000,4.000000
1019,all5g,8,5,70,0,0,4,0.000000,87.833300,0.455408,80,0.129061,48,0,0,0,0.129061,0.129061,0.000000,0.000000,0.129061,-0.007913,0,0,1,0,80,0,0,87.833300,30.000000,17.000000,0.455408,1.333333,2.352941,0.004560,0.006483,0.006557,0.006557,8,0,8,fixed,8,8,0,0,3.000000,4.000000
1019,all5g,8,5,71,0,0,3,0.000000,87.833300,1.138520,80,0.129061,48,0,0,0,0.129061,0.129061,0.000000,0.000000,0.129061,-0.007913,0,0,1,1,80,0,0,87.833300,30.000000,17.000000,1.138520,3.333333,5.882353,0.004560,0.006284,0.006313,0.006313,8,0,8,fixed,8,8,0,0,3.000000,4.000000
1019,all5g,8,5,72,0,0,1,2.390786,87.833300,0.796929,80,0.129061,48,0,0,0,0.129061,0.129061,0.000000,0.000000,0.129061,-0.007913,0,0,1,-1,80,0,0,87.833300,30.000000,17.000000,0.906488,0.796929,0.796929,0.004560,0.006113,0.006113,0.006113,8,0,8,fixed,8,8,0,0,3.000000,4.000000
1019,all5g,8,5,73,0,0,2,0.549714,87.833300,0.068714,80,0.129061,48,0,0,0,0.129061,0.129061,0.000000,0.000000,0.129061,-0.007913,0,0,1,0,80,0,0,87.833300,30.000000,17.000000,0.066715,0.068714,0.068714,0.004560,0.006208,0.006208,0.006208,8,0,8,fixed,8,8,0,0,3.000000,4.000000
1019,all5g,8,5,74,0,0,2,0.551900,87.833300,0.068988,80,0.129061,48,0,0,0,0.129061,0.129061,0.000000,0.000000,0.129061,-0.007913,0,0,1,0,80,0,0,87.833300,30.000000,17.000000,0.066707,0.068988,0.068988,0.004560,0.006222,0.006222,0.006222,8,0,8,fixed,8,8,0,0,3.000000,4.000000
1019,all5g,8,5,75,0,0,1,2.757980,87.833300,0.919327,80,0.129061,48,0,0,0,0.129061,0.129061,0.000000,0.000000,0.129061,-0.007913,0,0,1,-1,80,0,0,87.833300,30.000000,17.000000,0.900660,0.919327,0.919327,0.004560,0.006153,0.006153,0.006153,8,0,8,fixed,8,8,0,0,3.000000,4.000000
1019,all5g,8,5,76,0,0,1,2.507470,87.833300,0.835823,80,0.129061,48,0,0,0,0.129061,0.129061,0.000000,0.000000,0.129061,-0.007913,0,0,1,-1,80,0,0,87.833300,30.000000,17.000000,0.904636,0.835823,0.835823,0.004560,0.006127,0.006127,0.006127,8,0,8,fixed,8,8,0,0,3.000000,4.000000
1019,all5g,8,5,77,0,0,4,0.000000,87.833300,0.455408,80,0.129061,48,0,0,0,0.129061,0.129061,0.000000,0.000000,0.129061,-0.007913,0,0,1,0,80,0,0,87.833300,30.000000,17.000000,0.455408,1.333333,2.352941,0.004560,0.006483,0.006557,0.006557,8,0,8,fixed,8,8,0,0,3.000000,4.000000
1019,all5g,8,5,78,0,0,1,2.866685,87.833300,0.955562,80,0.129061,48,0,0,0,0.129061,0.129061,0.000000,0.000000,0.129061,-0.007913,0,0,1,-1,80,0,0,87.833300,30.000000,17.000000,0.898934,0.955562,0.955562,0.004560,0.006163,0.006163,0.006163,8,0,8,fixed,8,8,0,0,3.000000,4.000000
1019,all5g,8,5,79,0,0,2,0.551923,87.833300,0.068990,80,0.129061,48,0,0,0,0.129061,0.129061,0.000000,0.000000,0.129061,-0.007913,0,0,1,0,80,0,0,87.833300,30.000000,17.000000,0.066707,0.068990,0.068990,0.004560,0.006222,0.006222,0.006222,8,0,8,fixed,8,8,0,0,3.000000,4.000000
1019,all5g,8,5,80,0,0,1,2.891121,87.833300,0.963707,80,0.129061,48,0,0,0,0.129061,0.129061,0.000000,0.000000,0.129061,-0.007913,0,0,1,-1,80,0,0,87.833300,30.000000,17.000000,0.898546,0.963707,0.963707,0.004560,0.006165,0.006165,0.006165,8,0,8,fixed,8,8,0,0,3.000000,4.000000
