seed,method,max_switches,cycle_id,ue_id,previous_bs_id,current_bs_id,app_type,tp_mbps,rtt_ms,satisfaction,num_users_on_current_bs,harmonic_mean,num_unsatisfied_users,target_ue_flag,action_selected_bs_id,switch_flag,h_before,h_after_estimated,reward,estimated_reward,h_after_measured,measured_reward,switch_count,num_degraded_users,measurement_valid,candidate_type,num_users_ap0,num_users_ap1,num_users_ap2,monitor_rtt_ap0,monitor_rtt_ap1,monitor_rtt_ap2,estimated_satisfaction_if_ap0,estimated_satisfaction_if_ap1,estimated_satisfaction_if_ap2,estimated_h_delta_if_ap0,estimated_h_delta_if_ap1,estimated_h_delta_if_ap2,best_estimated_h_delta,effective_max_switches,applied_switches_in_cycle,remaining_switch_budget,k_schedule_type,k_max,k_min,k_decay_rate,stop_action_flag,warmup_before_cycle_sec,cycle_start_offset_sec
1010,all5g,8,1,1,2,2,2,1.058998,67.666700,0.132375,30,0.376004,39,0,0,1,0.376004,0.376004,0.000000,0.000000,0.376004,0.000000,55,0,1,0,25,25,30,100.333000,85.333300,67.666700,0.704104,0.349093,0.132124,0.015858,0.012116,0.000078,0.015858,8,55,0,fixed,8,8,0,0,3.000000,4.000000
1010,all5g,8,1,2,2,2,2,1.034881,67.666700,0.129360,30,0.376004,39,1,0,1,0.376004,0.376004,0.000000,0.000000,0.376004,0.000000,55,0,1,0,25,25,30,100.333000,85.333300,67.666700,0.704104,0.349093,0.132375,0.015832,0.012090,0.000078,0.015832,8,55,0,fixed,8,8,0,0,3.000000,4.000000
1010,all5g,8,1,3,1,1,2,2.904925,85.333300,0.363116,25,0.376004,39,0,0,1,0.376004,0.376004,0.000000,0.000000,0.376004,0.000000,55,0,1,0,25,25,30,100.333000,85.333300,67.666700,0.704104,0.363050,0.127880,0.003194,0.000078,-0.012436,0.003194,8,55,0,fixed,8,8,0,0,3.000000,4.000000
1010,all5g,8,1,4,1,1,2,2.904842,85.333300,0.363105,25,0.376004,39,0,0,1,0.376004,0.376004,0.000000,0.000000,0.376004,0.000000,55,0,1,0,25,25,30,100.333000,85.333300,67.666700,0.704104,0.363051,0.127880,0.003194,0.000078,-0.012436,0.003194,8,55,0,fixed,8,8,0,0,3.000000,4.000000
1010,all5g,8,1,5,2,2,3,0.000000,67.666700,1.477832,30,0.376004,39,0,0,1,0.376004,0.376004,0.000000,0.000000,0.376004,0.000000,55,0,1,1,25,25,30,100.333000,85.333300,67.666700,0.996681,1.171875,1.477832,0.004267,0.003592,0.000078,0.004267,8,55,0,fixed,8,8,0,0,3.000000,4.000000
1010,all5g,8,1,6,2,2,4,0.000000,67.666700,0.591133,30,0.376004,39,0,0,1,0.376004,0.376004,0.000000,0.000000,0.376004,0.000000,55,0,1,-1,25,25,30,100.333000,85.333300,67.666700,0.398672,0.468750,0.591133,0.003384,0.003116,0.000078,0.003384,8,55,0,fixed,8,8,0,0,3.000000,4.000000
1010,all5g,8,1,7,2,2,4,0.000000,67.666700,0.591133,30,0.376004,39,0,0,1,0.376004,0.376004,0.000000,0.000000,0.376004,0.000000,55,0,1,-1,25,25,30,100.333000,85.333300,67.666700,0.398672,0.468750,0.591133,0.003384,0.003116,0.000078,0.003384,8,55,0,fixed,8,8,0,0,3.000000,4.000000
1010,all5g,8,1,8,1,1,4,0.000000,85.333300,0.468750,25,0.376004,39,0,0,1,0.376004,0.376004,0.000000,0.000000,0.376004,0.000000,55,0,1,0,25,25,30,100.333000,85.333300,67.666700,0.398672,0.468750,0.591133,0.000342,0.000078,-0.002911,0.000342,8,55,0,fixed,8,8,0,0,3.000000,4.000000
1010,all5g,8,1,9,1,1,4,0.000000,85.333300,0.468750,25,0.376004,39,0,0,1,0.376004,0.376004,0.000000,0.000000,0.376004,0.000000,55,0,1,0,25,25,30,100.333000,85.333300,67.666700,0.398672,0.468750,0.591133,0.000342,0.000078,-0.002911,0.000342,8,55,0,fixed,8,8,0,0,3.000000,4.000000
1010,all5g,8,1,10,1,1,2,2.904817,85.333300,0.363102,25,0.376004,39,0,0,1,0.376004,0.376004,0.000000,0.000000,0.376004,0.000000,55,0,1,0,25,25,30,100.333000,85.333300,67.666700,0.704104,0.363051,0.127880,0.003194,0.000078,-0.012436,0.003194,8,55,0,fixed,8,8,0,0,3.000000,4.000000
1010,all5g,8,1,11,0,0,2,5.696050,100.333000,0.712006,25,0.376004,39,0,0,0,0.376004,0.376004,0.000000,0.000000,0.376004,0.000000,55,0,1,-1,25,25,30,100.333000,85.333300,67.666700,0.734519,0.349093,0.127880,0.000078,-0.003567,-0.015485,0.000000,8,55,0,fixed,8,8,0,0,3.000000,4.000000
1010,all5g,8,1,12,2,2,2,1.058939,67.666700,0.132367,30,0.376004,39,0,0,1,0.376004,0.376004,0.000000,0.000000,0.376004,0.000000,55,0,1,0,25,25,30,100.333000,85.333300,67.666700,0.704104,0.349093,0.132124,0.015858,0.012116,0.000078,0.015858,8,55,0,fixed,8,8,0,0,3.000000,4.000000
1010,all5g,8,1,13,0,0,4,0.000000,100.333000,0.398672,25,0.376004,39,0,0,0,0.376004,0.376004,0.000000,0.000000,0.376004,0.000000,55,0,1,0,25,25,30,100.333000,85.333300,67.666700,0.398672,0.468750,0.591133,0.000078,-0.000185,-0.003171,0.000000,8,55,0,fixed,8,8,0,0,3.000000,4.000000
1010,all5g,8,1,14,0,0,2,5.696086,100.333000,0.712011,25,0.376004,39,0,0,0,0.376004,0.376004,0.000000,0.000000,0.376004,0.000000,55,0,1,-1,25,25,30,100.333000,85.333300,67.666700,0.734518,0.349093,0.127880,0.000078,-0.003567,-0.015485,0.000000,8,55,0,fixed,8,8,0,0,3.000000,4.000000
1010,all5g,8,1,15,0,0,2,5.697179,100.333000,0.712147,25,0.376004,39,0,0,0,0.376004,0.376004,0.000000,0.000000,0.376004,0.000000,55,0,1,-1,25,25,30,100.333000,85.333300,67.666700,0.734503,0.349093,0.127880,0.000078,-0.003567,-0.015485,0.000000,8,55,0,fixed,8,8,0,0,3.000000,4.000000
1010,all5g,8,1,16,0,0,4,0.000000,100.333000,0.398672,25,0.376004,39,0,0,0,0.376004,0.376004,0.000000,0.000000,0.376004,0.000000,55,0,1,0,25,25,30,100.333000,85.333300,67.666700,0.398672,0.468750,0.591133,0.000078,-0.000185,-0.003171,0.000000,8,55,0,fixed,8,8,0,0,3.000000,4.000000
1010,all5g,8,1,17,1,1,4,0.000000,85.333300,0.468750,25,0.376004,39,0,0,1,0.376004,0.376004,0.000000,0.000000,0.376004,0.000000,55,0,1,0,25,25,30,100.333000,85.333300,67.666700,0.398672,0.468750,0.591133,0.000342,0.000078,-0.002911,0.000342,8,55,0,fixed,8,8,0,0,3.000000,4.000000
1010,all5g,8,1,18,2,2,4,0.000000,67.666700,0.591133,30,0.376004,39,0,0,1,0.376004,0.376004,0.000000,0.000000,0.376004,0.000000,55,0,1,-1,25,25,30,100.333000,85.333300,67.666700,0.398672,0.468750,0.591133,0.003384,0.003116,0.000078,0.003384,8,55,0,fixed,8,8,0,0,3.000000,4.000000
1010,all5g,8,1,19,0,0,4,0.000000,100.333000,0.398672,25,0.376004,39,0,0,0,0.376004,0.376004,0.000000,0.000000,0.376004,0.000000,55,0,1,0,25,25,30,100.333000,85.333300,67.666700,0.398672,0.468750,0.591133,0.000078,-0.000185,-0.003171,0.000000,8,55,0,fixed,8,8,0,0,3.000000,4.000000
1010,all5g,8,1,20,1,1,2,2.903774,85.333300,0.362972,25,0.376004,39,0,0,1,0.376004,0.376004,0.000000,0.000000,0.376004,0.000000,55,0,1,0,25,25,30,100.333000,85.333300,67.666700,0.704104,0.363066,0.127880,0.003194,0.000078,-0.012436,0.003194,8,55,0,fixed,8,8,0,0,3.000000,4.000000
1010,all5g,8,1,21,2,2,4,0.000000,67.666700,0.591133,30,0.376004,39,0,0,1,0.376004,0.376004,0.000000,0.000000,0.376004,0.000000,55,0,1,-1,25,25,30,100.333000,85.333300,67.666700,0.398672,0.468750,0.591133,0.003384,0.003116,0.000078,0.003384,8,55,0,fixed,8,8,0,0,3.000000,4.000000
1010,all5g,8,1,22,0,0,3,0.000000,100.333000,0.996681,25,0.376004,39,0,0,0,0.376004,0.376004,0.000000,0.000000,0.376004,0.000000,55,0,1,-1,25,25,30,100.333000,85.333300,67.666700,0.996681,1.171875,1.477832,0.000078,-0.000582,-0.004020,0.000000,8,55,0,fixed,8,8,0,0,3.000000,4.000000
1010,all5g,8,1,23,0,0,1,3.522119,100.333000,1.174040,25,0.376004,39,0,0,0,0.376004,0.376004,0.000000,0.000000,0.376004,0.000000,55,0,1,-1,25,25,30,100.333000,85.333300,67.666700,1.168683,1.095934,0.873462,0.000078,-0.001006,-0.005141,0.000000,8,55,0,fixed,8,8,0,0,3.000000,4.000000
1010,all5g,8,1,24,1,1,2,2.904913,85.333300,0.363114,25,0.376004,39,0,0,1,0.376004,0.376004,0.000000,0.000000,0.376004,0.000000,55,0,1,0,25,25,30,100.333000,85.333300,67.666700,0.704104,0.363050,0.127880,0.003194,0.000078,-0.012436,0.003194,8,55,0,fixed,8,8,0,0,3.000000,4.000000
1010,all5g,8,1,25,0,0,2,5.698248,100.333000,0.712281,25,0.376004,39,0,0,0,0.376004,0.376004,0.000000,0.000000,0.376004,0.000000,55,0,1,-1,25,25,30,100.333000,85.333300,67.666700,0.734488,0.349093,0.127880,0.000078,-0.003567,-0.015485,0.000000,8,55,0,fixed,8,8,0,0,3.000000,4.000000
1010,all5g,8,1,26,2,2,3,0.000000,67.666700,1.477832,30,0.376004,39,0,0,1,0.376004,0.376004,0.000000,0.000000,0.376004,0.000000,55,0,1,1,25,25,30,100.333000,85.333300,67.666700,0.996681,1.171875,1.477832,0.004267,0.003592,0.000078,0.004267,8,55,0,fixed,8,8,0,0,3.000000,4.000000
1010,all5g,8,1,27,1,1,4,0.000000,85.333300,0.468750,25,0.376004,39,0,0,1,0.376004,0.376004,0.000000,0.000000,0.376004,0.000000,55,0,1,0,25,25,30,100.333000,85.333300,67.666700,0.398672,0.468750,0.591133,0.000342,0.000078,-0.002911,0.000342,8,55,0,fixed,8,8,0,0,3.000000,4.000000
1010,all5g,8,1,28,0,0,4,0.000000,100.333000,0.398672,25,0.376004,39,0,0,0,0.376004,0.376004,0.000000,0.000000,0.376004,0.000000,55,0,1,0,25,25,30,100.333000,85.333300,67.666700,0.398672,0.468750,0.591133,0.000078,-0.000185,-0.003171,0.000000,8,55,0,fixed,8,8,0,0,3.000000,4.000000
1010,all5g,8,1,29,0,0,2,5.697155,100.333000,0.712144,25,0.376004,39,0,0,0,0.376004,0.376004,0.000000,0.000000,0.376004,0.000000,55,0,1,-1,25,25,30,100.333000,85.333300,67.666700,0.734504,0.349093,0.127880,0.000078,-0.003567,-0.015485,0.000000,8,55,0,fixed,8,8,0,0,3.000000,4.000000
1010,all5g,8,1,30,2,2,3,0.000000,67.666700,1.477832,30,0.376004,39,0,0,1,0.376004,0.376004,0.000000,0.000000,0.376004,0.000000,55,0,1,1,25,25,30,100.333000,85.333300,67.666700,0.996681,1.171875,1.477832,0.004267,0.003592,0.000078,0.004267,8,55,0,fixed,8,8,0,0,3.000000,4.000000
1010,all5g,8,1,31,2,2,2,1.058904,67.666700,0.132363,30,0.376004,39,0,0,1,0.376004,0.376004,0.000000,0.000000,0.376004,0.000000,55,0,1,0,25,25,30,100.333000,85.333300,67.666700,0.704104,0.349093,0.132125,0.015858,0.012116,0.000078,0.015858,8,55,0,fixed,8,8,0,0,3.000000,4.000000
1010,all5g,8,1,32,0,0,4,0.000000,100.333000,0.398672,25,0.376004,39,0,0,0,0.376004,0.376004,0.000000,0.000000,0.376004,0.000000,55,0,1,0,25,25,30,100.333000,85.333300,67.666700,0.398672,0.468750,0.591133,0.000078,-0.000185,-0.003171,0.000000,8,55,0,fixed,8,8,0,0,3.000000,4.000000
1010,all5g,8,1,33,2,2,1,2.639094,67.666700,0.879698,30,0.376004,39,0,0,1,0.376004,0.376004,0.000000,0.000000,0.376004,0.000000,55,0,1,-1,25,25,30,100.333000,85.333300,67.666700,1.125022,1.095934,0.925457,0.005141,0.004149,0.000078,0.005141,8,55,0,fixed,8,8,0,0,3.000000,4.000000
1010,all5g,8,1,34,2,2,4,0.000000,67.666700,0.591133,30,0.376004,39,0,0,1,0.376004,0.376004,0.000000,0.000000,0.376004,0.000000,55,0,1,-1,25,25,30,100.333000,85.333300,67.666700,0.398672,0.468750,0.591133,0.003384,0.003116,0.000078,0.003384,8,55,0,fixed,8,8,0,0,3.000000,4.000000
1010,all5g,8,1,35,2,2,4,0.000000,67.666700,0.591133,30,0.376004,39,0,0,1,0.376004,0.376004,0.000000,0.000000,0.376004,0.000000,55,0,1,-1,25,25,30,100.333000,85.333300,67.666700,0.398672,0.468750,0.591133,0.003384,0.003116,0.000078,0.003384,8,55,0,fixed,8,8,0,0,3.000000,4.000000
1010,all5g,8,1,36,2,2,4,0.000000,67.666700,0.591133,30,0.376004,39,0,0,1,0.376004,0.376004,0.000000,0.000000,0.376004,0.000000,55,0,1,-1,25,25,30,100.333000,85.333300,67.666700,0.398672,0.468750,0.591133,0.003384,0.003116,0.000078,0.003384,8,55,0,fixed,8,8,0,0,3.000000,4.000000
1010,all5g,8,1,37,2,2,2,1.058929,67.666700,0.132366,30,0.376004,39,0,0,1,0.376004,0.376004,0.000000,0.000000,0.376004,0.000000,55,0,1,0,25,25,30,100.333000,85.333300,67.666700,0.704104,0.349093,0.132124,0.015858,0.012116,0.000078,0.015858,8,55,0,fixed,8,8,0,0,3.000000,4.000000
1010,all5g,8,1,38,2,2,2,1.059010,67.666700,0.132376,30,0.376004,39,0,0,1,0.376004,0.376004,0.000000,0.000000,0.376004,0.000000,55,0,1,0,25,25,30,100.333000,85.333300,67.666700,0.704104,0.349093,0.132123,0.015858,0.012116,0.000078,0.015858,8,55,0,fixed,8,8,0,0,3.000000,4.000000
1010,all5g,8,1,39,2,2,4,0.000000,67.666700,0.591133,30,0.376004,39,0,0,1,0.376004,0.376004,0.000000,0.000000,0.376004,0.000000,55,0,1,-1,25,25,30,100.333000,85.333300,67.666700,0.398672,0.468750,0.591133,0.003384,0.003116,0.000078,0.003384,8,55,0,fixed,8,8,0,0,3.000000,4.000000
1010,all5g,8,1,40,0,0,2,5.696038,100.333000,0.712005,25,0.376004,39,0,0,0,0.376004,0.376004,0.000000,0.000000,0.376004,0.000000,55,0,1,-1,25,25,30,100.333000,85.333300,67.666700,0.734519,0.349093,0.127880,0.000078,-0.003567,-0.015485,0.000000,8,55,0,fixed,8,8,0,0,3.000000,4.000000
1010,all5g,8,1,41,1,1,1,3.506744,85.333300,1.168915,25,0.376004,39,0,0,1,0.376004,0.376004,0.000000,0.000000,0.376004,0.000000,55,0,1,-1,25,25,30,100.333000,85.333300,67.666700,1.125022,1.125200,0.873462,0.000943,0.000078,-0.004183,0.000943,8,55,0,fixed,8,8,0,0,3.000000,4.000000
1010,all5g,8,1,42,2,2,2,1.058976,67.666700,0.132372,30,0.376004,39,0,0,1,0.376004,0.376004,0.000000,0.000000,0.376004,0.000000,55,0,1,0,25,25,30,100.333000,85.333300,67.666700,0.704104,0.349093,0.132124,0.015858,0.012116,0.000078,0.015858,8,55,0,fixed,8,8,0,0,3.000000,4.000000
1010,all5g,8,1,43,2,2,2,1.059045,67.666700,0.132381,30,0.376004,39,0,0,1,0.376004,0.376004,0.000000,0.000000,0.376004,0.000000,55,0,1,0,25,25,30,100.333000,85.333300,67.666700,0.704104,0.349093,0.132123,0.015859,0.012116,0.000078,0.015859,8,55,0,fixed,8,8,0,0,3.000000,4.000000
1010,all5g,8,1,44,1,1,3,0.000000,85.333300,1.171875,25,0.376004,39,0,0,1,0.376004,0.376004,0.000000,0.000000,0.376004,0.000000,55,0,1,-1,25,25,30,100.333000,85.333300,67.666700,0.996681,1.171875,1.477832,0.000741,0.000078,-0.003372,0.000741,8,55,0,fixed,8,8,0,0,3.000000,4.000000
1010,all5g,8,1,45,1,1,2,2.902644,85.333300,0.362831,25,0.376004,39,0,0,1,0.376004,0.376004,0.000000,0.000000,0.376004,0.000000,55,0,1,0,25,25,30,100.333000,85.333300,67.666700,0.704104,0.363082,0.127880,0.003194,0.000078,-0.012436,0.003194,8,55,0,fixed,8,8,0,0,3.000000,4.000000
1010,all5g,8,1,46,0,0,3,0.000000,100.333000,0.996681,25,0.376004,39,0,0,0,0.376004,0.376004,0.000000,0.000000,0.376004,0.000000,55,0,1,-1,25,25,30,100.333000,85.333300,67.666700,0.996681,1.171875,1.477832,0.000078,-0.000582,-0.004020,0.000000,8,55,0,fixed,8,8,0,0,3.000000,4.000000
1010,all5g,8,1,47,2,2,2,1.059058,67.666700,0.132382,30,0.376004,39,0,0,1,0.376004,0.376004,0.000000,0.000000,0.376004,0.000000,55,0,1,0,25,25,30,100.333000,85.333300,67.666700,0.704104,0.349093,0.132123,0.015859,0.012116,0.000078,0.015859,8,55,0,fixed,8,8,0,0,3.000000,4.000000
1010,all5g,8,1,48,0,0,2,5.697155,100.333000,0.712144,25,0.376004,39,0,0,0,0.376004,0.376004,0.000000,0.000000,0.376004,0.000000,55,0,1,-1,25,25,30,100.333000,85.333300,67.666700,0.734504,0.349093,0.127880,0.000078,-0.003567,-0.015485,0.000000,8,55,0,fixed,8,8,0,0,3.000000,4.000000
1010,all5g,8,1,49,1,1,2,2.903842,85.333300,0.362980,25,0.376004,39,0,0,1,0.376004,0.376004,0.000000,0.000000,0.376004,0.000000,55,0,1,0,25,25,30,100.333000,85.333300,67.666700,0.704104,0.363065,0.127880,0.003194,0.000078,-0.012436,0.003194,8,55,0,fixed,8,8,0,0,3.000000,4.000000
1010,all5g,8,1,50,0,0,2,5.697131,100.333000,0.712141,25,0.376004,39,0,0,0,0.376004,0.376004,0.000000,0.000000,0.376004,0.000000,55,0,1,-1,25,25,30,100.333000,85.333300,67.666700,0.734504,0.349093,0.127880,0.000078,-0.003567,-0.015485,0.000000,8,55,0,fixed,8,8,0,0,3.000000,4.000000
1010,all5g,8,1,51,2,2,2,1.059069,67.666700,0.132384,30,0.376004,39,0,0,1,0.376004,0.376004,0.000000,0.000000,0.376004,0.000000,55,0,1,0,25,25,30,100.333000,85.333300,67.666700,0.704104,0.349093,0.132123,0.015859,0.012116,0.000078,0.015859,8,55,0,fixed,8,8,0,0,3.000000,4.000000
1010,all5g,8,1,52,1,1,3,0.000000,85.333300,1.171875,25,0.376004,39,0,0,1,0.376004,0.376004,0.000000,0.000000,0.376004,0.000000,55,0,1,-1,25,25,30,100.333000,85.333300,67.666700,0.996681,1.171875,1.477832,0.000741,0.000078,-0.003372,0.000741,8,55,0,fixed,8,8,0,0,3.000000,4.000000
1010,all5g,8,1,53,1,1,2,2.904911,85.333300,0.363114,25,0.376004,39,0,0,1,0.376004,0.376004,0.000000,0.000000,0.376004,0.000000,55,0,1,0,25,25,30,100.333000,85.333300,67.666700,0.704104,0.363050,0.127880,0.003194,0.000078,-0.012436,0.003194,8,55,0,fixed,8,8,0,0,3.000000,4.000000
1010,all5g,8,1,54,1,1,4,0.000000,85.333300,0.468750,25,0.376004,39,0,0,1,0.376004,0.376004,0.000000,0.000000,0.376004,0.000000,55,0,1,0,25,25,30,100.333000,85.333300,67.666700,0.398672,0.468750,0.591133,0.000342,0.000078,-0.002911,0.000342,8,55,0,fixed,8,8,0,0,3.000000,4.000000
1010,all5g,8,1,55,1,1,3,0.000000,85.333300,1.171875,25,0.376004,39,0,0,1,0.376004,0.376004,0.000000,0.000000,0.376004,0.000000,55,0,1,-1,25,25,30,100.333000,85.333300,67.666700,0.996681,1.171875,1.477832,0.000741,0.000078,-0.003372,0.000741,8,55,0,fixed,8,8,0,0,3.000000,4.000000
1010,all5g,8,1,56,2,2,4,0.000000,67.666700,0.591133,30,0.376004,39,0,0,1,0.376004,0.376004,0.000000,0.000000,0.376004,0.000000,55,0,1,-1,25,25,30,100.333000,85.333300,67.666700,0.398672,0.468750,0.591133,0.003384,0.003116,0.000078,0.003384,8,55,0,fixed,8,8,0,0,3.000000,4.000000
1010,all5g,8,1,57,0,0,2,6.502639,100.333000,0.812830,25,0.376004,39,0,0,0,0.376004,0.376004,0.000000,0.000000,0.376004,0.000000,55,0,1,-1,25,25,30,100.333000,85.333300,67.666700,0.723316,0.349093,0.127880,0.000078,-0.003532,-0.015453,0.000000,8,55,0,fixed,8,8,0,0,3.000000,4.000000
1010,all5g,8,1,58,2,2,3,0.000000,67.666700,1.477832,30,0.376004,39,0,0,1,0.376004,0.376004,0.000000,0.000000,0.376004,0.000000,55,0,1,1,25,25,30,100.333000,85.333300,67.666700,0.996681,1.171875,1.477832,0.004267,0.003592,0.000078,0.004267,8,55,0,fixed,8,8,0,0,3.000000,4.000000
1010,all5g,8,1,59,2,2,4,0.000000,67.666700,0.591133,30,0.376004,39,0,0,1,0.376004,0.376004,0.000000,0.000000,0.376004,0.000000,55,0,1,-1,25,25,30,100.333000,85.333300,67.666700,0.398672,0.468750,0.591133,0.003384,0.003116,0.000078,0.003384,8,55,0,fixed,8,8,0,0,3.000000,4.000000
1010,all5g,8,1,60,1,1,3,0.000000,85.333300,1.171875,25,0.376004,39,0,0,1,0.376004,0.376004,0.000000,0.000000,0.376004,0.000000,55,0,1,-1,25,25,30,100.333000,85.333300,67.666700,0.996681,1.171875,1.477832,0.000741,0.000078,-0.003372,0.000741,8,55,0,fixed,8,8,0,0,3.000000,4.000000
1010,all5g,8,1,61,2,2,1,2.776370,67.666700,0.925457,30,0.376004,39,0,0,1,0.376004,0.376004,0.000000,0.000000,0.376004,0.000000,55,0,1,-1,25,25,30,100.333000,85.333300,67.666700,1.125022,1.095934,0.879698,0.005240,0.004248,0.000078,0.005240,8,55,0,fixed,8,8,0,0,3.000000,4.000000
1010,all5g,8,1,62,1,1,1,3.504349,85.333300,1.168116,25,0.376004,39,0,0,1,0.376004,0.376004,0.000000,0.000000,0.376004,0.000000,55,0,1,-1,25,25,30,100.333000,85.333300,67.666700,1.125022,1.125599,0.873462,0.000943,0.000078,-0.004184,0.000943,8,55,0,fixed,8,8,0,0,3.000000,4.000000
1010,all5g,8,1,63,0,0,1,3.506290,100.333000,1.168763,25,0.376004,39,0,0,0,0.376004,0.376004,0.000000,0.000000,0.376004,0.000000,55,0,1,-1,25,25,30,100.333000,85.333300,67.666700,1.170442,1.095934,0.873462,0.000078,-0.001008,-0.005143,0.000000,8,55,0,fixed,8,8,0,0,3.000000,4.000000
1010,all5g,8,1,64,1,1,2,2.904912,85.333300,0.363114,25,0.376004,39,0,0,1,0.376004,0.376004,0.000000,0.000000,0.376004,0.000000,55,0,1,0,25,25,30,100.333000,85.333300,67.666700,0.704104,0.363050,0.127880,0.003194,0.000078,-0.012436,0.003194,8,55,0,fixed,8,8,0,0,3.000000,4.000000
1010,all5g,8,1,65,2,2,4,0.000000,67.666700,0.591133,30,0.376004,39,0,0,1,0.376004,0.376004,0.000000,0.000000,0.376004,0.000000,55,0,1,-1,25,25,30,100.333000,85.333300,67.666700,0.398672,0.468750,0.591133,0.003384,0.003116,0.000078,0.003384,8,55,0,fixed,8,8,0,0,3.000000,4.000000
1010,all5g,8,1,66,1,1,4,0.000000,85.333300,0.468750,25,0.376004,39,0,0,1,0.376004,0.376004,0.000000,0.000000,0.376004,0.000000,55,0,1,0,25,25,30,100.333000,85.333300,67.666700,0.398672,0.468750,0.591133,0.000342,0.000078,-0.002911,0.000342,8,55,0,fixed,8,8,0,0,3.000000,4.000000
1010,all5g,8,1,67,1,1,4,0.000000,85.333300,0.468750,25,0.376004,39,0,0,1,0.376004,0.376004,0.000000,0.000000,0.376004,0.000000,55,0,1,0,25,25,30,100.333000,85.333300,67.666700,0.398672,0.468750,0.591133,0.000342,0.000078,-0.002911,0.000342,8,55,0,fixed,8,8,0,0,3.000000,4.000000
1010,all5g,8,1,68,0,0,1,3.506290,100.333000,1.168763,25,0.376004,39,0,0,0,0.376004,0.376004,0.000000,0.000000,0.376004,0.000000,55,0,1,-1,25,25,30,100.333000,85.333300,67.666700,1.170442,1.095934,0.873462,0.000078,-0.001008,-0.005143,0.000000,8,55,0,fixed,8,8,0,0,3.000000,4.000000
1010,all5g,8,1,69,1,1,1,3.246849,85.333300,1.082283,25,0.376004,39,0,0,1,0.376004,0.376004,0.000000,0.000000,0.376004,0.000000,55,0,1,-1,25,25,30,100.333000,85.333300,67.666700,1.125022,1.168515,0.873462,0.000887,0.000078,-0.004238,0.000887,8,55,0,fixed,8,8,0,0,3.000000,4.000000
1010,all5g,8,1,70,0,0,4,0.000000,100.333000,0.398672,25,0.376004,39,0,0,0,0.376004,0.376004,0.000000,0.000000,0.376004,0.000000,55,0,1,0,25,25,30,100.333000,85.333300,67.666700,0.398672,0.468750,0.591133,0.000078,-0.000185,-0.003171,0.000000,8,55,0,fixed,8,8,0,0,3.000000,4.000000
1010,all5g,8,1,71,2,2,2,1.059022,67.666700,0.132378,30,0.376004,39,0,0,1,0.376004,0.376004,0.000000,0.000000,0.376004,0.000000,55,0,1,0,25,25,30,100.333000,85.333300,67.666700,0.704104,0.349093,0.132123,0.015859,0.012116,0.000078,0.015859,8,55,0,fixed,8,8,0,0,3.000000,4.000000
1010,all5g,8,1,72,1,1,4,0.000000,85.333300,0.468750,25,0.376004,39,0,0,1,0.376004,0.376004,0.000000,0.000000,0.376004,0.000000,55,0,1,0,25,25,30,100.333000,85.333300,67.666700,0.398672,0.468750,0.591133,0.000342,0.000078,-0.002911,0.000342,8,55,0,fixed,8,8,0,0,3.000000,4.000000
1010,all5g,8,1,73,0,0,1,3.505571,100.333000,1.168524,25,0.376004,39,0,0,0,0.376004,0.376004,0.000000,0.000000,0.376004,0.000000,55,0,1,-1,25,25,30,100.333000,85.333300,67.666700,1.170522,1.095934,0.873462,0.000078,-0.001009,-0.005143,0.000000,8,55,0,fixed,8,8,0,0,3.000000,4.000000
1010,all5g,8,1,74,1,1,2,2.904936,85.333300,0.363117,25,0.376004,39,0,0,1,0.376004,0.376004,0.000000,0.000000,0.376004,0.000000,55,0,1,0,25,25,30,100.333000,85.333300,67.666700,0.704104,0.363050,0.127880,0.003194,0.000078,-0.012436,0.003194,8,55,0,fixed,8,8,0,0,3.000000,4.000000
1010,all5g,8,1,75,0,0,2,6.503732,100.333000,0.812966,25,0.376004,39,0,0,0,0.376004,0.376004,0.000000,0.000000,0.376004,0.000000,55,0,1,-1,25,25,30,100.333000,85.333300,67.666700,0.723301,0.349093,0.127880,0.000078,-0.003531,-0.015452,0.000000,8,55,0,fixed,8,8,0,0,3.000000,4.000000
1010,all5g,8,1,76,2,2,2,1.059011,67.666700,0.132376,30,0.376004,39,0,0,1,0.376004,0.376004,0.000000,0.000000,0.376004,0.000000,55,0,1,0,25,25,30,100.333000,85.333300,67.666700,0.704104,0.349093,0.132123,0.015858,0.012116,0.000078,0.015858,8,55,0,fixed,8,8,0,0,3.000000,4.000000
1010,all5g,8,1,77,2,2,2,1.059022,67.666700,0.132378,30,0.376004,39,0,0,1,0.376004,0.376004,0.000000,0.000000,0.376004,0.000000,55,0,1,0,25,25,30,100.333000,85.333300,67.666700,0.704104,0.349093,0.132123,0.015859,0.012116,0.000078,0.015859,8,55,0,fixed,8,8,0,0,3.000000,4.000000
1010,all5g,8,1,78,0,0,4,0.000000,100.333000,0.398672,25,0.376004,39,0,0,0,0.376004,0.376004,0.000000,0.000000,0.376004,0.000000,55,0,1,0,25,25,30,100.333000,85.333300,67.666700,0.398672,0.468750,0.591133,0.000078,-0.000185,-0.003171,0.000000,8,55,0,fixed,8,8,0,0,3.000000,4.000000
1010,all5g,8,1,79,0,0,3,0.000000,100.333000,0.996681,25,0.376004,39,0,0,0,0.376004,0.376004,0.000000,0.000000,0.376004,0.000000,55,0,1,-1,25,25,30,100.333000,85.333300,67.666700,0.996681,1.171875,1.477832,0.000078,-0.000582,-0.004020,0.000000,8,55,0,fixed,8,8,0,0,3.000000,4.000000
1010,all5g,8,1,80,0,0,4,0.000000,100.333000,0.398672,25,0.376004,39,0,0,0,0.376004,0.376004,0.000000,0.000000,0.376004,0.000000,55,0,1,0,25,25,30,100.333000,85.333300,67.666700,0.398672,0.468750,0.591133,0.000078,-0.000185,-0.003171,0.000000,8,55,0,fixed,8,8,0,0,3.000000,4.000000
1010,all5g,8,2,1,0,0,2,1.546458,97.166700,0.193307,80,0.312422,60,0,0,0,0.312422,0.312422,0.000000,0.000000,0.312422,-0.063582,0,0,1,0,80,0,0,97.166700,30.000000,17.000000,0.193195,0.193307,0.193307,0.000082,0.002772,0.002772,0.002772,8,0,8,fixed,8,8,0,0,3.000000,4.000000
1010,all5g,8,2,2,0,0,2,1.546458,97.166700,0.193307,80,0.312422,60,0,0,0,0.312422,0.312422,0.000000,0.000000,0.312422,-0.063582,0,0,1,0,80,0,0,97.166700,30.000000,17.000000,0.193195,0.193307,0.193307,0.000082,0.002772,0.002772,0.002772,8,0,8,fixed,8,8,0,0,3.000000,4.000000
1010,all5g,8,2,3,0,0,2,1.545366,97.166700,0.193171,80,0.312422,60,0,0,0,0.312422,0.312422,0.000000,0.000000,0.312422,-0.063582,0,0,1,0,80,0,0,97.166700,30.000000,17.000000,0.193199,0.193171,0.193171,0.000082,0.002768,0.002768,0.002768,8,0,8,fixed,8,8,0,0,3.000000,4.000000
1010,all5g,8,2,4,0,0,2,1.545390,97.166700,0.193174,80,0.312422,60,0,0,0,0.312422,0.312422,0.000000,0.000000,0.312422,-0.063582,0,0,1,0,80,0,0,97.166700,30.000000,17.000000,0.193199,0.193174,0.193174,0.000082,0.002768,0.002768,0.002768,8,0,8,fixed,8,8,0,0,3.000000,4.000000
1010,all5g,8,2,5,0,0,3,0.000000,97.166700,1.029159,80,0.312422,60,0,0,0,0.312422,0.312422,0.000000,0.000000,0.312422,-0.063582,0,0,1,1,80,0,0,97.166700,30.000000,17.000000,1.029159,3.333333,5.882353,0.000082,0.003686,0.003848,0.003848,8,0,8,fixed,8,8,0,0,3.000000,4.000000
1010,all5g,8,2,6,0,0,4,0.000000,97.166700,0.411664,80,0.312422,60,0,0,0,0.312422,0.312422,0.000000,0.000000,0.312422,-0.063582,0,0,1,0,80,0,0,97.166700,30.000000,17.000000,0.411664,1.333333,2.352941,0.000082,0.004949,0.005359,0.005359,8,0,8,fixed,8,8,0,0,3.000000,4.000000
1010,all5g,8,2,7,0,0,4,0.000000,97.166700,0.411664,80,0.312422,60,0,0,0,0.312422,0.312422,0.000000,0.000000,0.312422,-0.063582,0,0,1,0,80,0,0,97.166700,30.000000,17.000000,0.411664,1.333333,2.352941,0.000082,0.004949,0.005359,0.005359,8,0,8,fixed,8,8,0,0,3.000000,4.000000
1010,all5g,8,2,8,0,0,4,0.000000,97.166700,0.411664,80,0.312422,60,0,0,0,0.312422,0.312422,0.000000,0.000000,0.312422,-0.063582,0,0,1,0,80,0,0,97.166700,30.000000,17.000000,0.411664,1.333333,2.352941,0.000082,0.004949,0.005359,0.005359,8,0,8,fixed,8,8,0,0,3.000000,4.000000
1010,all5g,8,2,9,0,0,4,0.000000,97.166700,0.411664,80,0.312422,60,0,0,0,0.312422,0.312422,0.000000,0.000000,0.312422,-0.063582,0,0,1,0,80,0,0,97.166700,30.000000,17.000000,0.411664,1.333333,2.352941,0.000082,0.004949,0.005359,0.005359,8,0,8,fixed,8,8,0,0,3.000000,4.000000
1010,all5g,8,2,10,0,0,2,1.545367,97.166700,0.193171,80,0.312422,60,0,0,0,0.312422,0.312422,0.000000,0.000000,0.312422,-0.063582,0,0,1,0,80,0,0,97.166700,30.000000,17.000000,0.193199,0.193171,0.193171,0.000082,0.002768,0.002768,0.002768,8,0,8,fixed,8,8,0,0,3.000000,4.000000
1010,all5g,8,2,11,0,0,2,1.535554,97.166700,0.191944,80,0.312422,60,1,0,0,0.312422,0.312422,0.000000,0.000000,0.312422,-0.063582,0,0,1,0,80,0,0,97.166700,30.000000,17.000000,0.193237,0.191944,0.191944,0.000082,0.002725,0.002725,0.002725,8,0,8,fixed,8,8,0,0,3.000000,4.000000
1010,all5g,8,2,12,0,0,2,1.546436,97.166700,0.193305,80,0.312422,60,0,0,0,0.312422,0.312422,0.000000,0.000000,0.312422,-0.063582,0,0,1,0,80,0,0,97.166700,30.000000,17.000000,0.193195,0.193305,0.193305,0.000082,0.002772,0.002772,0.002772,8,0,8,fixed,8,8,0,0,3.000000,4.000000
1010,all5g,8,2,13,0,0,4,0.000000,97.166700,0.411664,80,0.312422,60,0,0,0,0.312422,0.312422,0.000000,0.000000,0.312422,-0.063582,0,0,1,0,80,0,0,97.166700,30.000000,17.000000,0.411664,1.333333,2.352941,0.000082,0.004949,0.005359,0.005359,8,0,8,fixed,8,8,0,0,3.000000,4.000000
1010,all5g,8,2,14,0,0,2,1.546460,97.166700,0.193308,80,0.312422,60,0,0,0,0.312422,0.312422,0.000000,0.000000,0.312422,-0.063582,0,0,1,0,80,0,0,97.166700,30.000000,17.000000,0.193195,0.193308,0.193308,0.000082,0.002772,0.002772,0.002772,8,0,8,fixed,8,8,0,0,3.000000,4.000000
1010,all5g,8,2,15,0,0,2,1.546460,97.166700,0.193308,80,0.312422,60,0,0,0,0.312422,0.312422,0.000000,0.000000,0.312422,-0.063582,0,0,1,0,80,0,0,97.166700,30.000000,17.000000,0.193195,0.193308,0.193308,0.000082,0.002772,0.002772,0.002772,8,0,8,fixed,8,8,0,0,3.000000,4.000000
1010,all5g,8,2,16,0,0,4,0.000000,97.166700,0.411664,80,0.312422,60,0,0,0,0.312422,0.312422,0.000000,0.000000,0.312422,-0.063582,0,0,1,0,80,0,0,97.166700,30.000000,17.000000,0.411664,1.333333,2.352941,0.000082,0.004949,0.005359,0.005359,8,0,8,fixed,8,8,0,0,3.000000,4.000000
1010,all5g,8,2,17,0,0,4,0.000000,97.166700,0.411664,80,0.312422,60,0,0,0,0.312422,0.312422,0.000000,0.000000,0.312422,-0.063582,0,0,1,0,80,0,0,97.166700,30.000000,17.000000,0.411664,1.333333,2.352941,0.000082,0.004949,0.005359,0.005359,8,0,8,fixed,8,8,0,0,3.000000,4.000000
1010,all5g,8,2,18,0,0,4,0.000000,97.166700,0.411664,80,0.312422,60,0,0,0,0.312422,0.312422,0.000000,0.000000,0.312422,-0.063582,0,0,1,0,80,0,0,97.166700,30.000000,17.000000,0.411664,1.333333,2.352941,0.000082,0.004949,0.005359,0.005359,8,0,8,fixed,8,8,0,0,3.000000,4.000000
1010,all5g,8,2,19,0,0,4,0.000000,97.166700,0.411664,80,0.312422,60,0,0,0,0.312422,0.312422,0.000000,0.000000,0.312422,-0.063582,0,0,1,0,80,0,0,97.166700,30.000000,17.000000,0.411664,1.333333,2.352941,0.000082,0.004949,0.005359,0.005359,8,0,8,fixed,8,8,0,0,3.000000,4.000000
1010,all5g,8,2,20,0,0,2,1.547570,97.166700,0.193446,80,0.312422,60,0,0,0,0.312422,0.312422,0.000000,0.000000,0.312422,-0.063582,0,0,1,0,80,0,0,97.166700,30.000000,17.000000,0.193191,0.193446,0.193446,0.000082,0.002777,0.002777,0.002777,8,0,8,fixed,8,8,0,0,3.000000,4.000000
1010,all5g,8,2,21,0,0,4,0.000000,97.166700,0.411664,80,0.312422,60,0,0,0,0.312422,0.312422,0.000000,0.000000,0.312422,-0.063582,0,0,1,0,80,0,0,97.166700,30.000000,17.000000,0.411664,1.333333,2.352941,0.000082,0.004949,0.005359,0.005359,8,0,8,fixed,8,8,0,0,3.000000,4.000000
1010,all5g,8,2,22,0,0,3,0.000000,97.166700,1.029159,80,0.312422,60,0,0,0,0.312422,0.312422,0.000000,0.000000,0.312422,-0.063582,0,0,1,1,80,0,0,97.166700,30.000000,17.000000,1.029159,3.333333,5.882353,0.000082,0.003686,0.003848,0.003848,8,0,8,fixed,8,8,0,0,3.000000,4.000000
1010,all5g,8,2,23,0,0,1,3.070304,97.166700,1.023435,80,0.312422,60,0,0,0,0.312422,0.312422,0.000000,0.000000,0.312422,-0.063582,0,0,1,1,80,0,0,97.166700,30.000000,17.000000,1.008365,1.023435,1.023435,0.000082,0.002852,0.002852,0.002852,8,0,8,fixed,8,8,0,0,3.000000,4.000000
1010,all5g,8,2,24,0,0,2,1.547557,97.166700,0.193445,80,0.312422,60,0,0,0,0.312422,0.312422,0.000000,0.000000,0.312422,-0.063582,0,0,1,0,80,0,0,97.166700,30.000000,17.000000,0.193191,0.193445,0.193445,0.000082,0.002777,0.002777,0.002777,8,0,8,fixed,8,8,0,0,3.000000,4.000000
1010,all5g,8,2,25,0,0,2,1.546472,97.166700,0.193309,80,0.312422,60,0,0,0,0.312422,0.312422,0.000000,0.000000,0.312422,-0.063582,0,0,1,0,80,0,0,97.166700,30.000000,17.000000,0.193195,0.193309,0.193309,0.000082,0.002772,0.002772,0.002772,8,0,8,fixed,8,8,0,0,3.000000,4.000000
1010,all5g,8,2,26,0,0,3,0.000000,97.166700,1.029159,80,0.312422,60,0,0,0,0.312422,0.312422,0.000000,0.000000,0.312422,-0.063582,0,0,1,1,80,0,0,97.166700,30.000000,17.000000,1.029159,3.333333,5.882353,0.000082,0.003686,0.003848,0.003848,8,0,8,fixed,8,8,0,0,3.000000,4.000000
1010,all5g,8,2,27,0,0,4,0.000000,97.166700,0.411664,80,0.312422,60,0,0,0,0.312422,0.312422,0.000000,0.000000,0.312422,-0.063582,0,0,1,0,80,0,0,97.166700,30.000000,17.000000,0.411664,1.333333,2.352941,0.000082,0.004949,0.005359,0.005359,8,0,8,fixed,8,8,0,0,3.000000,4.000000
1010,all5g,8,2,28,0,0,4,0.000000,97.166700,0.411664,80,0.312422,60,0,0,0,0.312422,0.312422,0.000000,0.000000,0.312422,-0.063582,0,0,1,0,80,0,0,97.166700,30.000000,17.000000,0.411664,1.333333,2.352941,0.000082,0.004949,0.005359,0.005359,8,0,8,fixed,8,8,0,0,3.000000,4.000000
1010,all5g,8,2,29,0,0,2,1.546436,97.166700,0.193305,80,0.312422,60,0,0,0,0.312422,0.312422,0.000000,0.000000,0.312422,-0.063582,0,0,1,0,80,0,0,97.166700,30.000000,17.000000,0.193195,0.193305,0.193305,0.000082,0.002772,0.002772,0.002772,8,0,8,fixed,8,8,0,0,3.000000,4.000000
1010,all5g,8,2,30,0,0,3,0.000000,97.166700,1.029159,80,0.312422,60,0,0,0,0.312422,0.312422,0.000000,0.000000,0.312422,-0.063582,0,0,1,1,80,0,0,97.166700,30.000000,17.000000,1.029159,3.333333,5.882353,0.000082,0.003686,0.003848,0.003848,8,0,8,fixed,8,8,0,0,3.000000,4.000000
1010,all5g,8,2,31,0,0,2,1.547546,97.166700,0.193443,80,0.312422,60,0,0,0,0.312422,0.312422,0.000000,0.000000,0.312422,-0.063582,0,0,1,0,80,0,0,97.166700,30.000000,17.000000,0.193191,0.193443,0.193443,0.000082,0.002777,0.002777,0.002777,8,0,8,fixed,8,8,0,0,3.000000,4.000000
1010,all5g,8,2,32,0,0,4,0.000000,97.166700,0.411664,80,0.312422,60,0,0,0,0.312422,0.312422,0.000000,0.000000,0.312422,-0.063582,0,0,1,0,80,0,0,97.166700,30.000000,17.000000,0.411664,1.333333,2.352941,0.000082,0.004949,0.005359,0.005359,8,0,8,fixed,8,8,0,0,3.000000,4.000000
1010,all5g,8,2,33,0,0,1,3.283985,97.166700,1.094662,80,0.312422,60,0,0,0,0.312422,0.312422,0.000000,0.000000,0.312422,-0.063582,0,0,1,1,80,0,0,97.166700,30.000000,17.000000,0.999461,1.094662,1.094662,0.000082,0.002941,0.002941,0.002941,8,0,8,fixed,8,8,0,0,3.000000,4.000000
1010,all5g,8,2,34,0,0,4,0.000000,97.166700,0.411664,80,0.312422,60,0,0,0,0.312422,0.312422,0.000000,0.000000,0.312422,-0.063582,0,0,1,0,80,0,0,97.166700,30.000000,17.000000,0.411664,1.333333,2.352941,0.000082,0.004949,0.005359,0.005359,8,0,8,fixed,8,8,0,0,3.000000,4.000000
1010,all5g,8,2,35,0,0,4,0.000000,97.166700,0.411664,80,0.312422,60,0,0,0,0.312422,0.312422,0.000000,0.000000,0.312422,-0.063582,0,0,1,0,80,0,0,97.166700,30.000000,17.000000,0.411664,1.333333,2.352941,0.000082,0.004949,0.005359,0.005359,8,0,8,fixed,8,8,0,0,3.000000,4.000000
1010,all5g,8,2,36,0,0,4,0.000000,97.166700,0.411664,80,0.312422,60,0,0,0,0.312422,0.312422,0.000000,0.000000,0.312422,-0.063582,0,0,1,0,80,0,0,97.166700,30.000000,17.000000,0.411664,1.333333,2.352941,0.000082,0.004949,0.005359,0.005359,8,0,8,fixed,8,8,0,0,3.000000,4.000000
1010,all5g,8,2,37,0,0,2,1.537703,97.166700,0.192213,80,0.312422,60,0,0,0,0.312422,0.312422,0.000000,0.000000,0.312422,-0.063582,0,0,1,0,80,0,0,97.166700,30.000000,17.000000,0.193229,0.192213,0.192213,0.000082,0.002735,0.002735,0.002735,8,0,8,fixed,8,8,0,0,3.000000,4.000000
1010,all5g,8,2,38,0,0,2,1.546430,97.166700,0.193304,80,0.312422,60,0,0,0,0.312422,0.312422,0.000000,0.000000,0.312422,-0.063582,0,0,1,0,80,0,0,97.166700,30.000000,17.000000,0.193195,0.193304,0.193304,0.000082,0.002772,0.002772,0.002772,8,0,8,fixed,8,8,0,0,3.000000,4.000000
1010,all5g,8,2,39,0,0,4,0.000000,97.166700,0.411664,80,0.312422,60,0,0,0,0.312422,0.312422,0.000000,0.000000,0.312422,-0.063582,0,0,1,0,80,0,0,97.166700,30.000000,17.000000,0.411664,1.333333,2.352941,0.000082,0.004949,0.005359,0.005359,8,0,8,fixed,8,8,0,0,3.000000,4.000000
1010,all5g,8,2,40,0,0,2,1.546425,97.166700,0.193303,80,0.312422,60,0,0,0,0.312422,0.312422,0.000000,0.000000,0.312422,-0.063582,0,0,1,0,80,0,0,97.166700,30.000000,17.000000,0.193195,0.193303,0.193303,0.000082,0.002772,0.002772,0.002772,8,0,8,fixed,8,8,0,0,3.000000,4.000000
1010,all5g,8,2,41,0,0,1,3.183418,97.166700,1.061139,80,0.312422,60,0,0,0,0.312422,0.312422,0.000000,0.000000,0.312422,-0.063582,0,0,1,1,80,0,0,97.166700,30.000000,17.000000,1.003651,1.061139,1.061139,0.000082,0.002900,0.002900,0.002900,8,0,8,fixed,8,8,0,0,3.000000,4.000000
1010,all5g,8,2,42,0,0,2,1.546489,97.166700,0.193311,80,0.312422,60,0,0,0,0.312422,0.312422,0.000000,0.000000,0.312422,-0.063582,0,0,1,0,80,0,0,97.166700,30.000000,17.000000,0.193195,0.193311,0.193311,0.000082,0.002772,0.002772,0.002772,8,0,8,fixed,8,8,0,0,3.000000,4.000000
1010,all5g,8,2,43,0,0,2,1.546429,97.166700,0.193304,80,0.312422,60,0,0,0,0.312422,0.312422,0.000000,0.000000,0.312422,-0.063582,0,0,1,0,80,0,0,97.166700,30.000000,17.000000,0.193195,0.193304,0.193304,0.000082,0.002772,0.002772,0.002772,8,0,8,fixed,8,8,0,0,3.000000,4.000000
1010,all5g,8,2,44,0,0,3,0.000000,97.166700,1.029159,80,0.312422,60,0,0,0,0.312422,0.312422,0.000000,0.000000,0.312422,-0.063582,0,0,1,1,80,0,0,97.166700,30.000000,17.000000,1.029159,3.333333,5.882353,0.000082,0.003686,0.003848,0.003848,8,0,8,fixed,8,8,0,0,3.000000,4.000000
1010,all5g,8,2,45,0,0,2,1.537620,97.166700,0.192202,80,0.312422,60,0,0,0,0.312422,0.312422,0.000000,0.000000,0.312422,-0.063582,0,0,1,0,80,0,0,97.166700,30.000000,17.000000,0.193229,0.192202,0.192202,0.000082,0.002734,0.002734,0.002734,8,0,8,fixed,8,8,0,0,3.000000,4.000000
1010,all5g,8,2,46,0,0,3,0.000000,97.166700,1.029159,80,0.312422,60,0,0,0,0.312422,0.312422,0.000000,0.000000,0.312422,-0.063582,0,0,1,1,80,0,0,97.166700,30.000000,17.000000,1.029159,3.333333,5.882353,0.000082,0.003686,0.003848,0.003848,8,0,8,fixed,8,8,0,0,3.000000,4.000000
1010,all5g,8,2,47,0,0,2,1.546429,97.166700,0.193304,80,0.312422,60,0,0,0,0.312422,0.312422,0.000000,0.000000,0.312422,-0.063582,0,0,1,0,80,0,0,97.166700,30.000000,17.000000,0.193195,0.193304,0.193304,0.000082,0.002772,0.002772,0.002772,8,0,8,fixed,8,8,0,0,3.000000,4.000000
1010,all5g,8,2,48,0,0,2,1.546482,97.166700,0.193310,80,0.312422,60,0,0,0,0.312422,0.312422,0.000000,0.000000,0.312422,-0.063582,0,0,1,0,80,0,0,97.166700,30.000000,17.000000,0.193195,0.193310,0.193310,0.000082,0.002772,0.002772,0.002772,8,0,8,fixed,8,8,0,0,3.000000,4.000000
1010,all5g,8,2,49,0,0,2,1.546441,97.166700,0.193305,80,0.312422,60,0,0,0,0.312422,0.312422,0.000000,0.000000,0.312422,-0.063582,0,0,1,0,80,0,0,97.166700,30.000000,17.000000,0.193195,0.193305,0.193305,0.000082,0.002772,0.002772,0.002772,8,0,8,fixed,8,8,0,0,3.000000,4.000000
1010,all5g,8,2,50,0,0,2,1.546459,97.166700,0.193307,80,0.312422,60,0,0,0,0.312422,0.312422,0.000000,0.000000,0.312422,-0.063582,0,0,1,0,80,0,0,97.166700,30.000000,17.000000,0.193195,0.193307,0.193307,0.000082,0.002772,0.002772,0.002772,8,0,8,fixed,8,8,0,0,3.000000,4.000000
1010,all5g,8,2,51,0,0,2,1.546411,97.166700,0.193301,80,0.312422,60,0,0,0,0.312422,0.312422,0.000000,0.000000,0.312422,-0.063582,0,0,1,0,80,0,0,97.166700,30.000000,17.000000,0.193195,0.193301,0.193301,0.000082,0.002772,0.002772,0.002772,8,0,8,fixed,8,8,0,0,3.000000,4.000000
1010,all5g,8,2,52,0,0,3,0.000000,97.166700,1.029159,80,0.312422,60,0,0,0,0.312422,0.312422,0.000000,0.000000,0.312422,-0.063582,0,0,1,1,80,0,0,97.166700,30.000000,17.000000,1.029159,3.333333,5.882353,0.000082,0.003686,0.003848,0.003848,8,0,8,fixed,8,8,0,0,3.000000,4.000000
1010,all5g,8,2,53,0,0,2,1.546405,97.166700,0.193301,80,0.312422,60,0,0,0,0.312422,0.312422,0.000000,0.000000,0.312422,-0.063582,0,0,1,0,80,0,0,97.166700,30.000000,17.000000,0.193195,0.193301,0.193301,0.000082,0.002772,0.002772,0.002772,8,0,8,fixed,8,8,0,0,3.000000,4.000000
1010,all5g,8,2,54,0,0,4,0.000000,97.166700,0.411664,80,0.312422,60,0,0,0,0.312422,0.312422,0.000000,0.000000,0.312422,-0.063582,0,0,1,0,80,0,0,97.166700,30.000000,17.000000,0.411664,1.333333,2.352941,0.000082,0.004949,0.005359,0.005359,8,0,8,fixed,8,8,0,0,3.000000,4.000000
1010,all5g,8,2,55,0,0,3,0.000000,97.166700,1.029159,80,0.312422,60,0,0,0,0.312422,0.312422,0.000000,0.000000,0.312422,-0.063582,0,0,1,1,80,0,0,97.166700,30.000000,17.000000,1.029159,3.333333,5.882353,0.000082,0.003686,0.003848,0.003848,8,0,8,fixed,8,8,0,0,3.000000,4.000000
1010,all5g,8,2,56,0,0,4,0.000000,97.166700,0.411664,80,0.312422,60,0,0,0,0.312422,0.312422,0.000000,0.000000,0.312422,-0.063582,0,0,1,0,80,0,0,97.166700,30.000000,17.000000,0.411664,1.333333,2.352941,0.000082,0.004949,0.005359,0.005359,8,0,8,fixed,8,8,0,0,3.000000,4.000000
1010,all5g,8,2,57,0,0,2,1.546478,97.166700,0.193310,80,0.312422,60,0,0,0,0.312422,0.312422,0.000000,0.000000,0.312422,-0.063582,0,0,1,0,80,0,0,97.166700,30.000000,17.000000,0.193195,0.193310,0.193310,0.000082,0.002772,0.002772,0.002772,8,0,8,fixed,8,8,0,0,3.000000,4.000000
1010,all5g,8,2,58,0,0,3,0.000000,97.166700,1.029159,80,0.312422,60,0,0,0,0.312422,0.312422,0.000000,0.000000,0.312422,-0.063582,0,0,1,1,80,0,0,97.166700,30.000000,17.000000,1.029159,3.333333,5.882353,0.000082,0.003686,0.003848,0.003848,8,0,8,fixed,8,8,0,0,3.000000,4.000000
1010,all5g,8,2,59,0,0,4,0.000000,97.166700,0.411664,80,0.312422,60,0,0,0,0.312422,0.312422,0.000000,0.000000,0.312422,-0.063582,0,0,1,0,80,0,0,97.166700,30.000000,17.000000,0.411664,1.333333,2.352941,0.000082,0.004949,0.005359,0.005359,8,0,8,fixed,8,8,0,0,3.000000,4.000000
1010,all5g,8,2,60,0,0,3,0.000000,97.166700,1.029159,80,0.312422,60,0,0,0,0.312422,0.312422,0.000000,0.000000,0.312422,-0.063582,0,0,1,1,80,0,0,97.166700,30.000000,17.000000,1.029159,3.333333,5.882353,0.000082,0.003686,0.003848,0.003848,8,0,8,fixed,8,8,0,0,3.000000,4.000000
1010,all5g,8,2,61,0,0,1,2.547167,97.166700,0.849056,80,0.312422,60,0,0,0,0.312422,0.312422,0.000000,0.000000,0.312422,-0.063582,0,0,1,-1,80,0,0,97.166700,30.000000,17.000000,1.030162,0.849056,0.849056,0.000082,0.002577,0.002577,0.002577,8,0,8,fixed,8,8,0,0,3.000000,4.000000
1010,all5g,8,2,62,0,0,1,3.023231,97.166700,1.007744,80,0.312422,60,0,0,0,0.312422,0.312422,0.000000,0.000000,0.312422,-0.063582,0,0,1,1,80,0,0,97.166700,30.000000,17.000000,1.010326,1.007744,1.007744,0.000082,0.002830,0.002830,0.002830,8,0,8,fixed,8,8,0,0,3.000000,4.000000
1010,all5g,8,2,63,0,0,1,3.205569,97.166700,1.068523,80,0.312422,60,0,0,0,0.312422,0.312422,0.000000,0.000000,0.312422,-0.063582,0,0,1,1,80,0,0,97.166700,30.000000,17.000000,1.002728,1.068523,1.068523,0.000082,0.002910,0.002910,0.002910,8,0,8,fixed,8,8,0,0,3.000000,4.000000
1010,all5g,8,2,64,0,0,2,1.546429,97.166700,0.193304,80,0.312422,60,0,0,0,0.312422,0.312422,0.000000,0.000000,0.312422,-0.063582,0,0,1,0,80,0,0,97.166700,30.000000,17.000000,0.193195,0.193304,0.193304,0.000082,0.002772,0.002772,0.002772,8,0,8,fixed,8,8,0,0,3.000000,4.000000
1010,all5g,8,2,65,0,0,4,0.000000,97.166700,0.411664,80,0.312422,60,0,0,0,0.312422,0.312422,0.000000,0.000000,0.312422,-0.063582,0,0,1,0,80,0,0,97.166700,30.000000,17.000000,0.411664,1.333333,2.352941,0.000082,0.004949,0.005359,0.005359,8,0,8,fixed,8,8,0,0,3.000000,4.000000
1010,all5g,8,2,66,0,0,4,0.000000,97.166700,0.411664,80,0.312422,60,0,0,0,0.312422,0.312422,0.000000,0.000000,0.312422,-0.063582,0,0,1,0,80,0,0,97.166700,30.000000,17.000000,0.411664,1.333333,2.352941,0.000082,0.004949,0.005359,0.005359,8,0,8,fixed,8,8,0,0,3.000000,4.000000
1010,all5g,8,2,67,0,0,4,0.000000,97.166700,0.411664,80,0.312422,60,0,0,0,0.312422,0.312422,0.000000,0.000000,0.312422,-0.063582,0,0,1,0,80,0,0,97.166700,30.000000,17.000000,0.411664,1.333333,2.352941,0.000082,0.004949,0.005359,0.005359,8,0,8,fixed,8,8,0,0,3.000000,4.000000
1010,all5g,8,2,68,0,0,1,2.623156,97.166700,0.874385,80,0.312422,60,0,0,0,0.312422,0.312422,0.000000,0.000000,0.312422,-0.063582,0,0,1,-1,80,0,0,97.166700,30.000000,17.000000,1.026996,0.874385,0.874385,0.000082,0.002623,0.002623,0.002623,8,0,8,fixed,8,8,0,0,3.000000,4.000000
1010,all5g,8,2,69,0,0,1,3.088216,97.166700,1.029405,80,0.312422,60,0,0,0,0.312422,0.312422,0.000000,0.000000,0.312422,-0.063582,0,0,1,1,80,0,0,97.166700,30.000000,17.000000,1.007618,1.029405,1.029405,0.000082,0.002860,0.002860,0.002860,8,0,8,fixed,8,8,0,0,3.000000,4.000000
1010,all5g,8,2,70,0,0,4,0.000000,97.166700,0.411664,80,0.312422,60,0,0,0,0.312422,0.312422,0.000000,0.000000,0.312422,-0.063582,0,0,1,0,80,0,0,97.166700,30.000000,17.000000,0.411664,1.333333,2.352941,0.000082,0.004949,0.005359,0.005359,8,0,8,fixed,8,8,0,0,3.000000,4.000000
1010,all5g,8,2,71,0,0,2,1.546400,97.166700,0.193300,80,0.312422,60,0,0,0,0.312422,0.312422,0.000000,0.000000,0.312422,-0.063582,0,0,1,0,80,0,0,97.166700,30.000000,17.000000,0.193195,0.193300,0.193300,0.000082,0.002772,0.002772,0.002772,8,0,8,fixed,8,8,0,0,3.000000,4.000000
1010,all5g,8,2,72,0,0,4,0.000000,97.166700,0.411664,80,0.312422,60,0,0,0,0.312422,0.312422,0.000000,0.000000,0.312422,-0.063582,0,0,1,0,80,0,0,97.166700,30.000000,17.000000,0.411664,1.333333,2.352941,0.000082,0.004949,0.005359,0.005359,8,0,8,fixed,8,8,0,0,3.000000,4.000000
1010,all5g,8,2,73,0,0,1,3.246005,97.166700,1.082002,80,0.312422,60,0,0,0,0.312422,0.312422,0.000000,0.000000,0.312422,-0.063582,0,0,1,1,80,0,0,97.166700,30.000000,17.000000,1.001044,1.082002,1.082002,0.000082,0.002926,0.002926,0.002926,8,0,8,fixed,8,8,0,0,3.000000,4.000000
1010,all5g,8,2,74,0,0,2,1.546442,97.166700,0.193305,80,0.312422,60,0,0,0,0.312422,0.312422,0.000000,0.000000,0.312422,-0.063582,0,0,1,0,80,0,0,97.166700,30.000000,17.000000,0.193195,0.193305,0.193305,0.000082,0.002772,0.002772,0.002772,8,0,8,fixed,8,8,0,0,3.000000,4.000000
1010,all5g,8,2,75,0,0,2,1.546454,97.166700,0.193307,80,0.312422,60,0,0,0,0.312422,0.312422,0.000000,0.000000,0.312422,-0.063582,0,0,1,0,80,0,0,97.166700,30.000000,17.000000,0.193195,0.193307,0.193307,0.000082,0.002772,0.002772,0.002772,8,0,8,fixed,8,8,0,0,3.000000,4.000000
1010,all5g,8,2,76,0,0,2,1.546453,97.166700,0.193307,80,0.312422,60,0,0,0,0.312422,0.312422,0.000000,0.000000,0.312422,-0.063582,0,0,1,0,80,0,0,97.166700,30.000000,17.000000,0.193195,0.193307,0.193307,0.000082,0.002772,0.002772,0.002772,8,0,8,fixed,8,8,0,0,3.000000,4.000000
1010,all5g,8,2,77,0,0,2,1.546429,97.166700,0.193304,80,0.312422,60,0,0,0,0.312422,0.312422,0.000000,0.000000,0.312422,-0.063582,0,0,1,0,80,0,0,97.166700,30.000000,17.000000,0.193195,0.193304,0.193304,0.000082,0.002772,0.002772,0.002772,8,0,8,fixed,8,8,0,0,3.000000,4.000000
1010,all5g,8,2,78,0,0,4,0.000000,97.166700,0.411664,80,0.312422,60,0,0,0,0.312422,0.312422,0.000000,0.000000,0.312422,-0.063582,0,0,1,0,80,0,0,97.166700,30.000000,17.000000,0.411664,1.333333,2.352941,0.000082,0.004949,0.005359,0.005359,8,0,8,fixed,8,8,0,0,3.000000,4.000000
1010,all5g,8,2,79,0,0,3,0.000000,97.166700,1.029159,80,0.312422,60,0,0,0,0.312422,0.312422,0.000000,0.000000,0.312422,-0.063582,0,0,1,1,80,0,0,97.166700,30.000000,17.000000,1.029159,3.333333,5.882353,0.000082,0.003686,0.003848,0.003848,8,0,8,fixed,8,8,0,0,3.000000,4.000000
1010,all5g,8,2,80,0,0,4,0.000000,97.166700,0.411664,80,0.312422,60,0,0,0,0.312422,0.312422,0.000000,0.000000,0.312422,-0.063582,0,0,1,0,80,0,0,97.166700,30.000000,17.000000,0.411664,1.333333,2.352941,0.000082,0.004949,0.005359,0.005359,8,0,8,fixed,8,8,0,0,3.000000,4.000000
1010,all5g,8,3,1,0,0,2,1.528908,96.666700,0.191114,80,0.312796,60,0,0,0,0.312796,0.312796,0.000000,0.000000,0.312796,0.000374,0,0,1,0,80,0,0,96.666700,30.000000,17.000000,0.193490,0.191114,0.191114,0.000269,0.002884,0.002884,0.002884,8,0,8,fixed,8,8,0,0,3.000000,4.000000
1010,all5g,8,3,2,0,0,2,1.535553,96.666700,0.191944,80,0.312796,60,0,0,0,0.312796,0.312796,0.000000,0.000000,0.312796,0.000374,0,0,1,0,80,0,0,96.666700,30.000000,17.000000,0.193464,0.191944,0.191944,0.000269,0.002913,0.002913,0.002913,8,0,8,fixed,8,8,0,0,3.000000,4.000000
1010,all5g,8,3,3,0,0,2,1.550890,96.666700,0.193861,80,0.312796,60,0,0,0,0.312796,0.312796,0.000000,0.000000,0.312796,0.000374,0,0,1,0,80,0,0,96.666700,30.000000,17.000000,0.193404,0.193861,0.193861,0.000269,0.002979,0.002979,0.002979,8,0,8,fixed,8,8,0,0,3.000000,4.000000
1010,all5g,8,3,4,0,0,2,1.555139,96.666700,0.194392,80,0.312796,60,0,0,0,0.312796,0.312796,0.000000,0.000000,0.312796,0.000374,0,0,1,0,80,0,0,96.666700,30.000000,17.000000,0.193387,0.194392,0.194392,0.000269,0.002997,0.002997,0.002997,8,0,8,fixed,8,8,0,0,3.000000,4.000000
1010,all5g,8,3,5,0,0,3,0.000000,96.666700,1.034482,80,0.312796,60,0,0,0,0.312796,0.312796,0.000000,0.000000,0.312796,0.000374,0,0,1,1,80,0,0,96.666700,30.000000,17.000000,1.034482,3.333333,5.882353,0.000269,0.003878,0.004041,0.004041,8,0,8,fixed,8,8,0,0,3.000000,4.000000
1010,all5g,8,3,6,0,0,4,0.000000,96.666700,0.413793,80,0.312796,60,0,0,0,0.312796,0.312796,0.000000,0.000000,0.312796,0.000374,0,0,1,0,80,0,0,96.666700,30.000000,17.000000,0.413793,1.333333,2.352941,0.000269,0.005136,0.005548,0.005548,8,0,8,fixed,8,8,0,0,3.000000,4.000000
1010,all5g,8,3,7,0,0,4,0.000000,96.666700,0.413793,80,0.312796,60,0,0,0,0.312796,0.312796,0.000000,0.000000,0.312796,0.000374,0,0,1,0,80,0,0,96.666700,30.000000,17.000000,0.413793,1.333333,2.352941,0.000269,0.005136,0.005548,0.005548,8,0,8,fixed,8,8,0,0,3.000000,4.000000
1010,all5g,8,3,8,0,0,4,0.000000,96.666700,0.413793,80,0.312796,60,0,0,0,0.312796,0.312796,0.000000,0.000000,0.312796,0.000374,0,0,1,0,80,0,0,96.666700,30.000000,17.000000,0.413793,1.333333,2.352941,0.000269,0.005136,0.005548,0.005548,8,0,8,fixed,8,8,0,0,3.000000,4.000000
1010,all5g,8,3,9,0,0,4,0.000000,96.666700,0.413793,80,0.312796,60,0,0,0,0.312796,0.312796,0.000000,0.000000,0.312796,0.000374,0,0,1,0,80,0,0,96.666700,30.000000,17.000000,0.413793,1.333333,2.352941,0.000269,0.005136,0.005548,0.005548,8,0,8,fixed,8,8,0,0,3.000000,4.000000
1010,all5g,8,3,10,0,0,2,1.555151,96.666700,0.194394,80,0.312796,60,0,0,0,0.312796,0.312796,0.000000,0.000000,0.312796,0.000374,0,0,1,0,80,0,0,96.666700,30.000000,17.000000,0.193387,0.194394,0.194394,0.000269,0.002997,0.002997,0.002997,8,0,8,fixed,8,8,0,0,3.000000,4.000000
1010,all5g,8,3,11,0,0,2,1.492831,96.666700,0.186604,80,0.312796,60,1,0,0,0.312796,0.312796,0.000000,0.000000,0.312796,0.000374,0,0,1,0,80,0,0,96.666700,30.000000,17.000000,0.193631,0.186604,0.186604,0.000269,0.002722,0.002722,0.002722,8,0,8,fixed,8,8,0,0,3.000000,4.000000
1010,all5g,8,3,12,0,0,2,1.555163,96.666700,0.194395,80,0.312796,60,0,0,0,0.312796,0.312796,0.000000,0.000000,0.312796,0.000374,0,0,1,0,80,0,0,96.666700,30.000000,17.000000,0.193387,0.194395,0.194395,0.000269,0.002997,0.002997,0.002997,8,0,8,fixed,8,8,0,0,3.000000,4.000000
1010,all5g,8,3,13,0,0,4,0.000000,96.666700,0.413793,80,0.312796,60,0,0,0,0.312796,0.312796,0.000000,0.000000,0.312796,0.000374,0,0,1,0,80,0,0,96.666700,30.000000,17.000000,0.413793,1.333333,2.352941,0.000269,0.005136,0.005548,0.005548,8,0,8,fixed,8,8,0,0,3.000000,4.000000
1010,all5g,8,3,14,0,0,2,1.555174,96.666700,0.194397,80,0.312796,60,0,0,0,0.312796,0.312796,0.000000,0.000000,0.312796,0.000374,0,0,1,0,80,0,0,96.666700,30.000000,17.000000,0.193387,0.194397,0.194397,0.000269,0.002997,0.002997,0.002997,8,0,8,fixed,8,8,0,0,3.000000,4.000000
1010,all5g,8,3,15,0,0,2,1.555174,96.666700,0.194397,80,0.312796,60,0,0,0,0.312796,0.312796,0.000000,0.000000,0.312796,0.000374,0,0,1,0,80,0,0,96.666700,30.000000,17.000000,0.193387,0.194397,0.194397,0.000269,0.002997,0.002997,0.002997,8,0,8,fixed,8,8,0,0,3.000000,4.000000
1010,all5g,8,3,16,0,0,4,0.000000,96.666700,0.413793,80,0.312796,60,0,0,0,0.312796,0.312796,0.000000,0.000000,0.312796,0.000374,0,0,1,0,80,0,0,96.666700,30.000000,17.000000,0.413793,1.333333,2.352941,0.000269,0.005136,0.005548,0.005548,8,0,8,fixed,8,8,0,0,3.000000,4.000000
1010,all5g,8,3,17,0,0,4,0.000000,96.666700,0.413793,80,0.312796,60,0,0,0,0.312796,0.312796,0.000000,0.000000,0.312796,0.000374,0,0,1,0,80,0,0,96.666700,30.000000,17.000000,0.413793,1.333333,2.352941,0.000269,0.005136,0.005548,0.005548,8,0,8,fixed,8,8,0,0,3.000000,4.000000
1010,all5g,8,3,18,0,0,4,0.000000,96.666700,0.413793,80,0.312796,60,0,0,0,0.312796,0.312796,0.000000,0.000000,0.312796,0.000374,0,0,1,0,80,0,0,96.666700,30.000000,17.000000,0.413793,1.333333,2.352941,0.000269,0.005136,0.005548,0.005548,8,0,8,fixed,8,8,0,0,3.000000,4.000000
1010,all5g,8,3,19,0,0,4,0.000000,96.666700,0.413793,80,0.312796,60,0,0,0,0.312796,0.312796,0.000000,0.000000,0.312796,0.000374,0,0,1,0,80,0,0,96.666700,30.000000,17.000000,0.413793,1.333333,2.352941,0.000269,0.005136,0.005548,0.005548,8,0,8,fixed,8,8,0,0,3.000000,4.000000
1010,all5g,8,3,20,0,0,2,1.539849,96.666700,0.192481,80,0.312796,60,0,0,0,0.312796,0.312796,0.000000,0.000000,0.312796,0.000374,0,0,1,0,80,0,0,96.666700,30.000000,17.000000,0.193447,0.192481,0.192481,0.000269,0.002931,0.002931,0.002931,8,0,8,fixed,8,8,0,0,3.000000,4.000000
1010,all5g,8,3,21,0,0,4,0.000000,96.666700,0.413793,80,0.312796,60,0,0,0,0.312796,0.312796,0.000000,0.000000,0.312796,0.000374,0,0,1,0,80,0,0,96.666700,30.000000,17.000000,0.413793,1.333333,2.352941,0.000269,0.005136,0.005548,0.005548,8,0,8,fixed,8,8,0,0,3.000000,4.000000
1010,all5g,8,3,22,0,0,3,0.000000,96.666700,1.034482,80,0.312796,60,0,0,0,0.312796,0.312796,0.000000,0.000000,0.312796,0.000374,0,0,1,1,80,0,0,96.666700,30.000000,17.000000,1.034482,3.333333,5.882353,0.000269,0.003878,0.004041,0.004041,8,0,8,fixed,8,8,0,0,3.000000,4.000000
1010,all5g,8,3,23,0,0,1,1.988592,96.666700,0.662864,80,0.312796,60,0,0,0,0.312796,0.312796,0.000000,0.000000,0.312796,0.000374,0,0,1,-1,80,0,0,96.666700,30.000000,17.000000,1.037530,0.662864,0.662864,0.000269,0.002352,0.002352,0.002352,8,0,8,fixed,8,8,0,0,3.000000,4.000000
1010,all5g,8,3,24,0,0,2,1.556257,96.666700,0.194532,80,0.312796,60,0,0,0,0.312796,0.312796,0.000000,0.000000,0.312796,0.000374,0,0,1,0,80,0,0,96.666700,30.000000,17.000000,0.193383,0.194532,0.194532,0.000269,0.003002,0.003002,0.003002,8,0,8,fixed,8,8,0,0,3.000000,4.000000
1010,all5g,8,3,25,0,0,2,1.555174,96.666700,0.194397,80,0.312796,60,0,0,0,0.312796,0.312796,0.000000,0.000000,0.312796,0.000374,0,0,1,0,80,0,0,96.666700,30.000000,17.000000,0.193387,0.194397,0.194397,0.000269,0.002997,0.002997,0.002997,8,0,8,fixed,8,8,0,0,3.000000,4.000000
1010,all5g,8,3,26,0,0,3,0.000000,96.666700,1.034482,80,0.312796,60,0,0,0,0.312796,0.312796,0.000000,0.000000,0.312796,0.000374,0,0,1,1,80,0,0,96.666700,30.000000,17.000000,1.034482,3.333333,5.882353,0.000269,0.003878,0.004041,0.004041,8,0,8,fixed,8,8,0,0,3.000000,4.000000
1010,all5g,8,3,27,0,0,4,0.000000,96.666700,0.413793,80,0.312796,60,0,0,0,0.312796,0.312796,0.000000,0.000000,0.312796,0.000374,0,0,1,0,80,0,0,96.666700,30.000000,17.000000,0.413793,1.333333,2.352941,0.000269,0.005136,0.005548,0.005548,8,0,8,fixed,8,8,0,0,3.000000,4.000000
1010,all5g,8,3,28,0,0,4,0.000000,96.666700,0.413793,80,0.312796,60,0,0,0,0.312796,0.312796,0.000000,0.000000,0.312796,0.000374,0,0,1,0,80,0,0,96.666700,30.000000,17.000000,0.413793,1.333333,2.352941,0.000269,0.005136,0.005548,0.005548,8,0,8,fixed,8,8,0,0,3.000000,4.000000
1010,all5g,8,3,29,0,0,2,1.555174,96.666700,0.194397,80,0.312796,60,0,0,0,0.312796,0.312796,0.000000,0.000000,0.312796,0.000374,0,0,1,0,80,0,0,96.666700,30.000000,17.000000,0.193387,0.194397,0.194397,0.000269,0.002997,0.002997,0.002997,8,0,8,fixed,8,8,0,0,3.000000,4.000000
1010,all5g,8,3,30,0,0,3,0.000000,96.666700,1.034482,80,0.312796,60,0,0,0,0.312796,0.312796,0.000000,0.000000,0.312796,0.000374,0,0,1,1,80,0,0,96.666700,30.000000,17.000000,1.034482,3.333333,5.882353,0.000269,0.003878,0.004041,0.004041,8,0,8,fixed,8,8,0,0,3.000000,4.000000
1010,all5g,8,3,31,0,0,2,1.553007,96.666700,0.194126,80,0.312796,60,0,0,0,0.312796,0.312796,0.000000,0.000000,0.312796,0.000374,0,0,1,0,80,0,0,96.666700,30.000000,17.000000,0.193396,0.194126,0.194126,0.000269,0.002988,0.002988,0.002988,8,0,8,fixed,8,8,0,0,3.000000,4.000000
1010,all5g,8,3,32,0,0,4,0.000000,96.666700,0.413793,80,0.312796,60,0,0,0,0.312796,0.312796,0.000000,0.000000,0.312796,0.000374,0,0,1,0,80,0,0,96.666700,30.000000,17.000000,0.413793,1.333333,2.352941,0.000269,0.005136,0.005548,0.005548,8,0,8,fixed,8,8,0,0,3.000000,4.000000
1010,all5g,8,3,33,0,0,1,3.021311,96.666700,1.007104,80,0.312796,60,0,0,0,0.312796,0.312796,0.000000,0.000000,0.312796,0.000374,0,0,1,1,80,0,0,96.666700,30.000000,17.000000,0.994500,1.007104,1.007104,0.000269,0.003044,0.003044,0.003044,8,0,8,fixed,8,8,0,0,3.000000,4.000000
1010,all5g,8,3,34,0,0,4,0.000000,96.666700,0.413793,80,0.312796,60,0,0,0,0.312796,0.312796,0.000000,0.000000,0.312796,0.000374,0,0,1,0,80,0,0,96.666700,30.000000,17.000000,0.413793,1.333333,2.352941,0.000269,0.005136,0.005548,0.005548,8,0,8,fixed,8,8,0,0,3.000000,4.000000
1010,all5g,8,3,35,0,0,4,0.000000,96.666700,0.413793,80,0.312796,60,0,0,0,0.312796,0.312796,0.000000,0.000000,0.312796,0.000374,0,0,1,0,80,0,0,96.666700,30.000000,17.000000,0.413793,1.333333,2.352941,0.000269,0.005136,0.005548,0.005548,8,0,8,fixed,8,8,0,0,3.000000,4.000000
1010,all5g,8,3,36,0,0,4,0.000000,96.666700,0.413793,80,0.312796,60,0,0,0,0.312796,0.312796,0.000000,0.000000,0.312796,0.000374,0,0,1,0,80,0,0,96.666700,30.000000,17.000000,0.413793,1.333333,2.352941,0.000269,0.005136,0.005548,0.005548,8,0,8,fixed,8,8,0,0,3.000000,4.000000
1010,all5g,8,3,37,0,0,2,1.544249,96.666700,0.193031,80,0.312796,60,0,0,0,0.312796,0.312796,0.000000,0.000000,0.312796,0.000374,0,0,1,0,80,0,0,96.666700,30.000000,17.000000,0.193430,0.193031,0.193031,0.000269,0.002951,0.002951,0.002951,8,0,8,fixed,8,8,0,0,3.000000,4.000000
1010,all5g,8,3,38,0,0,2,1.555103,96.666700,0.194388,80,0.312796,60,0,0,0,0.312796,0.312796,0.000000,0.000000,0.312796,0.000374,0,0,1,0,80,0,0,96.666700,30.000000,17.000000,0.193387,0.194388,0.194388,0.000269,0.002997,0.002997,0.002997,8,0,8,fixed,8,8,0,0,3.000000,4.000000
1010,all5g,8,3,39,0,0,4,0.000000,96.666700,0.413793,80,0.312796,60,0,0,0,0.312796,0.312796,0.000000,0.000000,0.312796,0.000374,0,0,1,0,80,0,0,96.666700,30.000000,17.000000,0.413793,1.333333,2.352941,0.000269,0.005136,0.005548,0.005548,8,0,8,fixed,8,8,0,0,3.000000,4.000000
1010,all5g,8,3,40,0,0,2,1.555174,96.666700,0.194397,80,0.312796,60,0,0,0,0.312796,0.312796,0.000000,0.000000,0.312796,0.000374,0,0,1,0,80,0,0,96.666700,30.000000,17.000000,0.193387,0.194397,0.194397,0.000269,0.002997,0.002997,0.002997,8,0,8,fixed,8,8,0,0,3.000000,4.000000
1010,all5g,8,3,41,0,0,1,2.974429,96.666700,0.991476,80,0.312796,60,0,0,0,0.312796,0.312796,0.000000,0.000000,0.312796,0.000374,0,0,1,-1,80,0,0,96.666700,30.000000,17.000000,0.996454,0.991476,0.991476,0.000269,0.003022,0.003022,0.003022,8,0,8,fixed,8,8,0,0,3.000000,4.000000
1010,all5g,8,3,42,0,0,2,1.555127,96.666700,0.194391,80,0.312796,60,0,0,0,0.312796,0.312796,0.000000,0.000000,0.312796,0.000374,0,0,1,0,80,0,0,96.666700,30.000000,17.000000,0.193387,0.194391,0.194391,0.000269,0.002997,0.002997,0.002997,8,0,8,fixed,8,8,0,0,3.000000,4.000000
1010,all5g,8,3,43,0,0,2,1.552978,96.666700,0.194122,80,0.312796,60,0,0,0,0.312796,0.312796,0.000000,0.000000,0.312796,0.000374,0,0,1,0,80,0,0,96.666700,30.000000,17.000000,0.193396,0.194122,0.194122,0.000269,0.002988,0.002988,0.002988,8,0,8,fixed,8,8,0,0,3.000000,4.000000
1010,all5g,8,3,44,0,0,3,0.000000,96.666700,1.034482,80,0.312796,60,0,0,0,0.312796,0.312796,0.000000,0.000000,0.312796,0.000374,0,0,1,1,80,0,0,96.666700,30.000000,17.000000,1.034482,3.333333,5.882353,0.000269,0.003878,0.004041,0.004041,8,0,8,fixed,8,8,0,0,3.000000,4.000000
1010,all5g,8,3,45,0,0,2,1.530028,96.666700,0.191254,80,0.312796,60,0,0,0,0.312796,0.312796,0.000000,0.000000,0.312796,0.000374,0,0,1,0,80,0,0,96.666700,30.000000,17.000000,0.193485,0.191254,0.191254,0.000269,0.002889,0.002889,0.002889,8,0,8,fixed,8,8,0,0,3.000000,4.000000
1010,all5g,8,3,46,0,0,3,0.000000,96.666700,1.034482,80,0.312796,60,0,0,0,0.312796,0.312796,0.000000,0.000000,0.312796,0.000374,0,0,1,1,80,0,0,96.666700,30.000000,17.000000,1.034482,3.333333,5.882353,0.000269,0.003878,0.004041,0.004041,8,0,8,fixed,8,8,0,0,3.000000,4.000000
1010,all5g,8,3,47,0,0,2,1.539915,96.666700,0.192489,80,0.312796,60,0,0,0,0.312796,0.312796,0.000000,0.000000,0.312796,0.000374,0,0,1,0,80,0,0,96.666700,30.000000,17.000000,0.193447,0.192489,0.192489,0.000269,0.002932,0.002932,0.002932,8,0,8,fixed,8,8,0,0,3.000000,4.000000
1010,all5g,8,3,48,0,0,2,1.554052,96.666700,0.194256,80,0.312796,60,0,0,0,0.312796,0.312796,0.000000,0.000000,0.312796,0.000374,0,0,1,0,80,0,0,96.666700,30.000000,17.000000,0.193391,0.194256,0.194256,0.000269,0.002992,0.002992,0.002992,8,0,8,fixed,8,8,0,0,3.000000,4.000000
1010,all5g,8,3,49,0,0,2,1.547519,96.666700,0.193440,80,0.312796,60,0,0,0,0.312796,0.312796,0.000000,0.000000,0.312796,0.000374,0,0,1,0,80,0,0,96.666700,30.000000,17.000000,0.193417,0.193440,0.193440,0.000269,0.002965,0.002965,0.002965,8,0,8,fixed,8,8,0,0,3.000000,4.000000
1010,all5g,8,3,50,0,0,2,1.532168,96.666700,0.191521,80,0.312796,60,0,0,0,0.312796,0.312796,0.000000,0.000000,0.312796,0.000374,0,0,1,0,80,0,0,96.666700,30.000000,17.000000,0.193477,0.191521,0.191521,0.000269,0.002898,0.002898,0.002898,8,0,8,fixed,8,8,0,0,3.000000,4.000000
1010,all5g,8,3,51,0,0,2,1.551872,96.666700,0.193984,80,0.312796,60,0,0,0,0.312796,0.312796,0.000000,0.000000,0.312796,0.000374,0,0,1,0,80,0,0,96.666700,30.000000,17.000000,0.193400,0.193984,0.193984,0.000269,0.002983,0.002983,0.002983,8,0,8,fixed,8,8,0,0,3.000000,4.000000
1010,all5g,8,3,52,0,0,3,0.000000,96.666700,1.034482,80,0.312796,60,0,0,0,0.312796,0.312796,0.000000,0.000000,0.312796,0.000374,0,0,1,1,80,0,0,96.666700,30.000000,17.000000,1.034482,3.333333,5.882353,0.000269,0.003878,0.004041,0.004041,8,0,8,fixed,8,8,0,0,3.000000,4.000000
1010,all5g,8,3,53,0,0,2,1.551884,96.666700,0.193985,80,0.312796,60,0,0,0,0.312796,0.312796,0.000000,0.000000,0.312796,0.000374,0,0,1,0,80,0,0,96.666700,30.000000,17.000000,0.193400,0.193985,0.193985,0.000269,0.002983,0.002983,0.002983,8,0,8,fixed,8,8,0,0,3.000000,4.000000
1010,all5g,8,3,54,0,0,4,0.000000,96.666700,0.413793,80,0.312796,60,0,0,0,0.312796,0.312796,0.000000,0.000000,0.312796,0.000374,0,0,1,0,80,0,0,96.666700,30.000000,17.000000,0.413793,1.333333,2.352941,0.000269,0.005136,0.005548,0.005548,8,0,8,fixed,8,8,0,0,3.000000,4.000000
1010,all5g,8,3,55,0,0,3,0.000000,96.666700,1.034482,80,0.312796,60,0,0,0,0.312796,0.312796,0.000000,0.000000,0.312796,0.000374,0,0,1,1,80,0,0,96.666700,30.000000,17.000000,1.034482,3.333333,5.882353,0.000269,0.003878,0.004041,0.004041,8,0,8,fixed,8,8,0,0,3.000000,4.000000
1010,all5g,8,3,56,0,0,4,0.000000,96.666700,0.413793,80,0.312796,60,0,0,0,0.312796,0.312796,0.000000,0.000000,0.312796,0.000374,0,0,1,0,80,0,0,96.666700,30.000000,17.000000,0.413793,1.333333,2.352941,0.000269,0.005136,0.005548,0.005548,8,0,8,fixed,8,8,0,0,3.000000,4.000000
1010,all5g,8,3,57,0,0,2,1.554111,96.666700,0.194264,80,0.312796,60,0,0,0,0.312796,0.312796,0.000000,0.000000,0.312796,0.000374,0,0,1,0,80,0,0,96.666700,30.000000,17.000000,0.193391,0.194264,0.194264,0.000269,0.002993,0.002993,0.002993,8,0,8,fixed,8,8,0,0,3.000000,4.000000
1010,all5g,8,3,58,0,0,3,0.000000,96.666700,1.034482,80,0.312796,60,0,0,0,0.312796,0.312796,0.000000,0.000000,0.312796,0.000374,0,0,1,1,80,0,0,96.666700,30.000000,17.000000,1.034482,3.333333,5.882353,0.000269,0.003878,0.004041,0.004041,8,0,8,fixed,8,8,0,0,3.000000,4.000000
1010,all5g,8,3,59,0,0,4,0.000000,96.666700,0.413793,80,0.312796,60,0,0,0,0.312796,0.312796,0.000000,0.000000,0.312796,0.000374,0,0,1,0,80,0,0,96.666700,30.000000,17.000000,0.413793,1.333333,2.352941,0.000269,0.005136,0.005548,0.005548,8,0,8,fixed,8,8,0,0,3.000000,4.000000
1010,all5g,8,3,60,0,0,3,0.000000,96.666700,1.034482,80,0.312796,60,0,0,0,0.312796,0.312796,0.000000,0.000000,0.312796,0.000374,0,0,1,1,80,0,0,96.666700,30.000000,17.000000,1.034482,3.333333,5.882353,0.000269,0.003878,0.004041,0.004041,8,0,8,fixed,8,8,0,0,3.000000,4.000000
1010,all5g,8,3,61,0,0,1,3.033978,96.666700,1.011326,80,0.312796,60,0,0,0,0.312796,0.312796,0.000000,0.000000,0.312796,0.000374,0,0,1,1,80,0,0,96.666700,30.000000,17.000000,0.993972,1.011326,1.011326,0.000269,0.003050,0.003050,0.003050,8,0,8,fixed,8,8,0,0,3.000000,4.000000
1010,all5g,8,3,62,0,0,1,2.944565,96.666700,0.981522,80,0.312796,60,0,0,0,0.312796,0.312796,0.000000,0.000000,0.312796,0.000374,0,0,1,-1,80,0,0,96.666700,30.000000,17.000000,0.997698,0.981522,0.981522,0.000269,0.003008,0.003008,0.003008,8,0,8,fixed,8,8,0,0,3.000000,4.000000
1010,all5g,8,3,63,0,0,1,3.063177,96.666700,1.021059,80,0.312796,60,0,0,0,0.312796,0.312796,0.000000,0.000000,0.312796,0.000374,0,0,1,1,80,0,0,96.666700,30.000000,17.000000,0.992756,1.021059,1.021059,0.000269,0.003063,0.003063,0.003063,8,0,8,fixed,8,8,0,0,3.000000,4.000000
1010,all5g,8,3,64,0,0,2,1.551824,96.666700,0.193978,80,0.312796,60,0,0,0,0.312796,0.312796,0.000000,0.000000,0.312796,0.000374,0,0,1,0,80,0,0,96.666700,30.000000,17.000000,0.193400,0.193978,0.193978,0.000269,0.002983,0.002983,0.002983,8,0,8,fixed,8,8,0,0,3.000000,4.000000
1010,all5g,8,3,65,0,0,4,0.000000,96.666700,0.413793,80,0.312796,60,0,0,0,0.312796,0.312796,0.000000,0.000000,0.312796,0.000374,0,0,1,0,80,0,0,96.666700,30.000000,17.000000,0.413793,1.333333,2.352941,0.000269,0.005136,0.005548,0.005548,8,0,8,fixed,8,8,0,0,3.000000,4.000000
1010,all5g,8,3,66,0,0,4,0.000000,96.666700,0.413793,80,0.312796,60,0,0,0,0.312796,0.312796,0.000000,0.000000,0.312796,0.000374,0,0,1,0,80,0,0,96.666700,30.000000,17.000000,0.413793,1.333333,2.352941,0.000269,0.005136,0.005548,0.005548,8,0,8,fixed,8,8,0,0,3.000000,4.000000
1010,all5g,8,3,67,0,0,4,0.000000,96.666700,0.413793,80,0.312796,60,0,0,0,0.312796,0.312796,0.000000,0.000000,0.312796,0.000374,0,0,1,0,80,0,0,96.666700,30.000000,17.000000,0.413793,1.333333,2.352941,0.000269,0.005136,0.005548,0.005548,8,0,8,fixed,8,8,0,0,3.000000,4.000000
1010,all5g,8,3,68,0,0,1,3.601962,96.666700,1.200654,80,0.312796,60,0,0,0,0.312796,0.312796,0.000000,0.000000,0.312796,0.000374,0,0,1,1,80,0,0,96.666700,30.000000,17.000000,0.970306,1.200654,1.200654,0.000269,0.003275,0.003275,0.003275,8,0,8,fixed,8,8,0,0,3.000000,4.000000
1010,all5g,8,3,69,0,0,1,3.210041,96.666700,1.070014,80,0.312796,60,0,0,0,0.312796,0.312796,0.000000,0.000000,0.312796,0.000374,0,0,1,1,80,0,0,96.666700,30.000000,17.000000,0.986637,1.070014,1.070014,0.000269,0.003127,0.003127,0.003127,8,0,8,fixed,8,8,0,0,3.000000,4.000000
1010,all5g,8,3,70,0,0,4,0.000000,96.666700,0.413793,80,0.312796,60,0,0,0,0.312796,0.312796,0.000000,0.000000,0.312796,0.000374,0,0,1,0,80,0,0,96.666700,30.000000,17.000000,0.413793,1.333333,2.352941,0.000269,0.005136,0.005548,0.005548,8,0,8,fixed,8,8,0,0,3.000000,4.000000
1010,all5g,8,3,71,0,0,2,1.552917,96.666700,0.194115,80,0.312796,60,0,0,0,0.312796,0.312796,0.000000,0.000000,0.312796,0.000374,0,0,1,0,80,0,0,96.666700,30.000000,17.000000,0.193396,0.194115,0.194115,0.000269,0.002988,0.002988,0.002988,8,0,8,fixed,8,8,0,0,3.000000,4.000000
1010,all5g,8,3,72,0,0,4,0.000000,96.666700,0.413793,80,0.312796,60,0,0,0,0.312796,0.312796,0.000000,0.000000,0.312796,0.000374,0,0,1,0,80,0,0,96.666700,30.000000,17.000000,0.413793,1.333333,2.352941,0.000269,0.005136,0.005548,0.005548,8,0,8,fixed,8,8,0,0,3.000000,4.000000
1010,all5g,8,3,73,0,0,1,3.051262,96.666700,1.017087,80,0.312796,60,0,0,0,0.312796,0.312796,0.000000,0.000000,0.312796,0.000374,0,0,1,1,80,0,0,96.666700,30.000000,17.000000,0.993252,1.017087,1.017087,0.000269,0.003058,0.003058,0.003058,8,0,8,fixed,8,8,0,0,3.000000,4.000000
1010,all5g,8,3,74,0,0,2,1.551841,96.666700,0.193980,80,0.312796,60,0,0,0,0.312796,0.312796,0.000000,0.000000,0.312796,0.000374,0,0,1,0,80,0,0,96.666700,30.000000,17.000000,0.193400,0.193980,0.193980,0.000269,0.002983,0.002983,0.002983,8,0,8,fixed,8,8,0,0,3.000000,4.000000
1010,all5g,8,3,75,0,0,2,1.540994,96.666700,0.192624,80,0.312796,60,0,0,0,0.312796,0.312796,0.000000,0.000000,0.312796,0.000374,0,0,1,0,80,0,0,96.666700,30.000000,17.000000,0.193442,0.192624,0.192624,0.000269,0.002936,0.002936,0.002936,8,0,8,fixed,8,8,0,0,3.000000,4.000000
1010,all5g,8,3,76,0,0,2,1.548563,96.666700,0.193570,80,0.312796,60,0,0,0,0.312796,0.312796,0.000000,0.000000,0.312796,0.000374,0,0,1,0,80,0,0,96.666700,30.000000,17.000000,0.193413,0.193570,0.193570,0.000269,0.002969,0.002969,0.002969,8,0,8,fixed,8,8,0,0,3.000000,4.000000
1010,all5g,8,3,77,0,0,2,1.548504,96.666700,0.193563,80,0.312796,60,0,0,0,0.312796,0.312796,0.000000,0.000000,0.312796,0.000374,0,0,1,0,80,0,0,96.666700,30.000000,17.000000,0.193413,0.193563,0.193563,0.000269,0.002969,0.002969,0.002969,8,0,8,fixed,8,8,0,0,3.000000,4.000000
1010,all5g,8,3,78,0,0,4,0.000000,96.666700,0.413793,80,0.312796,60,0,0,0,0.312796,0.312796,0.000000,0.000000,0.312796,0.000374,0,0,1,0,80,0,0,96.666700,30.000000,17.000000,0.413793,1.333333,2.352941,0.000269,0.005136,0.005548,0.005548,8,0,8,fixed,8,8,0,0,3.000000,4.000000
1010,all5g,8,3,79,0,0,3,0.000000,96.666700,1.034482,80,0.312796,60,0,0,0,0.312796,0.312796,0.000000,0.000000,0.312796,0.000374,0,0,1,1,80,0,0,96.666700,30.000000,17.000000,1.034482,3.333333,5.882353,0.000269,0.003878,0.004041,0.004041,8,0,8,fixed,8,8,0,0,3.000000,4.000000
1010,all5g,8,3,80,0,0,4,0.000000,96.666700,0.413793,80,0.312796,60,0,0,0,0.312796,0.312796,0.000000,0.000000,0.312796,0.000374,0,0,1,0,80,0,0,96.666700,30.000000,17.000000,0.413793,1.333333,2.352941,0.000269,0.005136,0.005548,0.005548,8,0,8,fixed,8,8,0,0,3.000000,4.000000
1010,all5g,8,4,1,0,0,2,1.530054,97.166700,0.191257,80,0.308658,60,0,0,0,0.308658,0.308658,0.000000,0.000000,0.308658,-0.004138,0,0,1,0,80,0,0,97.166700,30.000000,17.000000,0.189468,0.191257,0.191257,0.000100,0.002828,0.002828,0.002828,8,0,8,fixed,8,8,0,0,3.000000,4.000000
1010,all5g,8,4,2,0,0,2,1.501612,97.166700,0.187702,80,0.308658,60,0,0,0,0.308658,0.308658,0.000000,0.000000,0.308658,-0.004138,0,0,1,0,80,0,0,97.166700,30.000000,17.000000,0.189580,0.187702,0.187702,0.000100,0.002704,0.002704,0.002704,8,0,8,fixed,8,8,0,0,3.000000,4.000000
1010,all5g,8,4,3,0,0,2,1.501636,97.166700,0.187705,80,0.308658,60,0,0,0,0.308658,0.308658,0.000000,0.000000,0.308658,-0.004138,0,0,1,0,80,0,0,97.166700,30.000000,17.000000,0.189579,0.187705,0.187705,0.000100,0.002704,0.002704,0.002704,8,0,8,fixed,8,8,0,0,3.000000,4.000000
1010,all5g,8,4,4,0,0,2,1.516997,97.166700,0.189625,80,0.308658,60,0,0,0,0.308658,0.308658,0.000000,0.000000,0.308658,-0.004138,0,0,1,0,80,0,0,97.166700,30.000000,17.000000,0.189519,0.189625,0.189625,0.000100,0.002771,0.002771,0.002771,8,0,8,fixed,8,8,0,0,3.000000,4.000000
1010,all5g,8,4,5,0,0,3,0.000000,97.166700,1.029159,80,0.308658,60,0,0,0,0.308658,0.308658,0.000000,0.000000,0.308658,-0.004138,0,0,1,1,80,0,0,97.166700,30.000000,17.000000,1.029159,3.333333,5.882353,0.000100,0.003665,0.003823,0.003823,8,0,8,fixed,8,8,0,0,3.000000,4.000000
1010,all5g,8,4,6,0,0,4,0.000000,97.166700,0.411664,80,0.308658,60,0,0,0,0.308658,0.308658,0.000000,0.000000,0.308658,-0.004138,0,0,1,0,80,0,0,97.166700,30.000000,17.000000,0.411664,1.333333,2.352941,0.000100,0.004898,0.005298,0.005298,8,0,8,fixed,8,8,0,0,3.000000,4.000000
1010,all5g,8,4,7,0,0,4,0.000000,97.166700,0.411664,80,0.308658,60,0,0,0,0.308658,0.308658,0.000000,0.000000,0.308658,-0.004138,0,0,1,0,80,0,0,97.166700,30.000000,17.000000,0.411664,1.333333,2.352941,0.000100,0.004898,0.005298,0.005298,8,0,8,fixed,8,8,0,0,3.000000,4.000000
1010,all5g,8,4,8,0,0,4,0.000000,97.166700,0.411664,80,0.308658,60,0,0,0,0.308658,0.308658,0.000000,0.000000,0.308658,-0.004138,0,0,1,0,80,0,0,97.166700,30.000000,17.000000,0.411664,1.333333,2.352941,0.000100,0.004898,0.005298,0.005298,8,0,8,fixed,8,8,0,0,3.000000,4.000000
1010,all5g,8,4,9,0,0,4,0.000000,97.166700,0.411664,80,0.308658,60,0,0,0,0.308658,0.308658,0.000000,0.000000,0.308658,-0.004138,0,0,1,0,80,0,0,97.166700,30.000000,17.000000,0.411664,1.333333,2.352941,0.000100,0.004898,0.005298,0.005298,8,0,8,fixed,8,8,0,0,3.000000,4.000000
1010,all5g,8,4,10,0,0,2,1.516997,97.166700,0.189625,80,0.308658,60,0,0,0,0.308658,0.308658,0.000000,0.000000,0.308658,-0.004138,0,0,1,0,80,0,0,97.166700,30.000000,17.000000,0.189519,0.189625,0.189625,0.000100,0.002771,0.002771,0.002771,8,0,8,fixed,8,8,0,0,3.000000,4.000000
1010,all5g,8,4,11,0,0,2,1.515796,97.166700,0.189475,80,0.308658,60,0,0,0,0.308658,0.308658,0.000000,0.000000,0.308658,-0.004138,0,0,1,0,80,0,0,97.166700,30.000000,17.000000,0.189524,0.189475,0.189475,0.000100,0.002766,0.002766,0.002766,8,0,8,fixed,8,8,0,0,3.000000,4.000000
1010,all5g,8,4,12,0,0,2,1.519066,97.166700,0.189883,80,0.308658,60,0,0,0,0.308658,0.308658,0.000000,0.000000,0.308658,-0.004138,0,0,1,0,80,0,0,97.166700,30.000000,17.000000,0.189511,0.189883,0.189883,0.000100,0.002780,0.002780,0.002780,8,0,8,fixed,8,8,0,0,3.000000,4.000000
1010,all5g,8,4,13,0,0,4,0.000000,97.166700,0.411664,80,0.308658,60,0,0,0,0.308658,0.308658,0.000000,0.000000,0.308658,-0.004138,0,0,1,0,80,0,0,97.166700,30.000000,17.000000,0.411664,1.333333,2.352941,0.000100,0.004898,0.005298,0.005298,8,0,8,fixed,8,8,0,0,3.000000,4.000000
1010,all5g,8,4,14,0,0,2,1.509285,97.166700,0.188661,80,0.308658,60,0,0,0,0.308658,0.308658,0.000000,0.000000,0.308658,-0.004138,0,0,1,0,80,0,0,97.166700,30.000000,17.000000,0.189550,0.188661,0.188661,0.000100,0.002738,0.002738,0.002738,8,0,8,fixed,8,8,0,0,3.000000,4.000000
1010,all5g,8,4,15,0,0,2,1.527845,97.166700,0.190981,80,0.308658,60,0,0,0,0.308658,0.308658,0.000000,0.000000,0.308658,-0.004138,0,0,1,0,80,0,0,97.166700,30.000000,17.000000,0.189477,0.190981,0.190981,0.000100,0.002818,0.002818,0.002818,8,0,8,fixed,8,8,0,0,3.000000,4.000000
1010,all5g,8,4,16,0,0,4,0.000000,97.166700,0.411664,80,0.308658,60,0,0,0,0.308658,0.308658,0.000000,0.000000,0.308658,-0.004138,0,0,1,0,80,0,0,97.166700,30.000000,17.000000,0.411664,1.333333,2.352941,0.000100,0.004898,0.005298,0.005298,8,0,8,fixed,8,8,0,0,3.000000,4.000000
1010,all5g,8,4,17,0,0,4,0.000000,97.166700,0.411664,80,0.308658,60,0,0,0,0.308658,0.308658,0.000000,0.000000,0.308658,-0.004138,0,0,1,0,80,0,0,97.166700,30.000000,17.000000,0.411664,1.333333,2.352941,0.000100,0.004898,0.005298,0.005298,8,0,8,fixed,8,8,0,0,3.000000,4.000000
1010,all5g,8,4,18,0,0,4,0.000000,97.166700,0.411664,80,0.308658,60,0,0,0,0.308658,0.308658,0.000000,0.000000,0.308658,-0.004138,0,0,1,0,80,0,0,97.166700,30.000000,17.000000,0.411664,1.333333,2.352941,0.000100,0.004898,0.005298,0.005298,8,0,8,fixed,8,8,0,0,3.000000,4.000000
1010,all5g,8,4,19,0,0,4,0.000000,97.166700,0.411664,80,0.308658,60,0,0,0,0.308658,0.308658,0.000000,0.000000,0.308658,-0.004138,0,0,1,0,80,0,0,97.166700,30.000000,17.000000,0.411664,1.333333,2.352941,0.000100,0.004898,0.005298,0.005298,8,0,8,fixed,8,8,0,0,3.000000,4.000000
1010,all5g,8,4,20,0,0,2,1.503810,97.166700,0.187976,80,0.308658,60,0,0,0,0.308658,0.308658,0.000000,0.000000,0.308658,-0.004138,0,0,1,0,80,0,0,97.166700,30.000000,17.000000,0.189571,0.187976,0.187976,0.000100,0.002714,0.002714,0.002714,8,0,8,fixed,8,8,0,0,3.000000,4.000000
1010,all5g,8,4,21,0,0,4,0.000000,97.166700,0.411664,80,0.308658,60,0,0,0,0.308658,0.308658,0.000000,0.000000,0.308658,-0.004138,0,0,1,0,80,0,0,97.166700,30.000000,17.000000,0.411664,1.333333,2.352941,0.000100,0.004898,0.005298,0.005298,8,0,8,fixed,8,8,0,0,3.000000,4.000000
1010,all5g,8,4,22,0,0,3,0.000000,97.166700,1.029159,80,0.308658,60,0,0,0,0.308658,0.308658,0.000000,0.000000,0.308658,-0.004138,0,0,1,1,80,0,0,97.166700,30.000000,17.000000,1.029159,3.333333,5.882353,0.000100,0.003665,0.003823,0.003823,8,0,8,fixed,8,8,0,0,3.000000,4.000000
1010,all5g,8,4,23,0,0,1,3.228451,97.166700,1.076150,80,0.308658,60,0,0,0,0.308658,0.308658,0.000000,0.000000,0.308658,-0.004138,0,0,1,1,80,0,0,97.166700,30.000000,17.000000,1.028713,1.076150,1.076150,0.000100,0.002885,0.002885,0.002885,8,0,8,fixed,8,8,0,0,3.000000,4.000000
1010,all5g,8,4,24,0,0,2,1.503799,97.166700,0.187975,80,0.308658,60,0,0,0,0.308658,0.308658,0.000000,0.000000,0.308658,-0.004138,0,0,1,0,80,0,0,97.166700,30.000000,17.000000,0.189571,0.187975,0.187975,0.000100,0.002714,0.002714,0.002714,8,0,8,fixed,8,8,0,0,3.000000,4.000000
1010,all5g,8,4,25,0,0,2,1.528926,97.166700,0.191116,80,0.308658,60,0,0,0,0.308658,0.308658,0.000000,0.000000,0.308658,-0.004138,0,0,1,0,80,0,0,97.166700,30.000000,17.000000,0.189473,0.191116,0.191116,0.000100,0.002823,0.002823,0.002823,8,0,8,fixed,8,8,0,0,3.000000,4.000000
1010,all5g,8,4,26,0,0,3,0.000000,97.166700,1.029159,80,0.308658,60,0,0,0,0.308658,0.308658,0.000000,0.000000,0.308658,-0.004138,0,0,1,1,80,0,0,97.166700,30.000000,17.000000,1.029159,3.333333,5.882353,0.000100,0.003665,0.003823,0.003823,8,0,8,fixed,8,8,0,0,3.000000,4.000000
1010,all5g,8,4,27,0,0,4,0.000000,97.166700,0.411664,80,0.308658,60,0,0,0,0.308658,0.308658,0.000000,0.000000,0.308658,-0.004138,0,0,1,0,80,0,0,97.166700,30.000000,17.000000,0.411664,1.333333,2.352941,0.000100,0.004898,0.005298,0.005298,8,0,8,fixed,8,8,0,0,3.000000,4.000000
1010,all5g,8,4,28,0,0,4,0.000000,97.166700,0.411664,80,0.308658,60,0,0,0,0.308658,0.308658,0.000000,0.000000,0.308658,-0.004138,0,0,1,0,80,0,0,97.166700,30.000000,17.000000,0.411664,1.333333,2.352941,0.000100,0.004898,0.005298,0.005298,8,0,8,fixed,8,8,0,0,3.000000,4.000000
1010,all5g,8,4,29,0,0,2,1.530054,97.166700,0.191257,80,0.308658,60,0,0,0,0.308658,0.308658,0.000000,0.000000,0.308658,-0.004138,0,0,1,0,80,0,0,97.166700,30.000000,17.000000,0.189468,0.191257,0.191257,0.000100,0.002828,0.002828,0.002828,8,0,8,fixed,8,8,0,0,3.000000,4.000000
1010,all5g,8,4,30,0,0,3,0.000000,97.166700,1.029159,80,0.308658,60,0,0,0,0.308658,0.308658,0.000000,0.000000,0.308658,-0.004138,0,0,1,1,80,0,0,97.166700,30.000000,17.000000,1.029159,3.333333,5.882353,0.000100,0.003665,0.003823,0.003823,8,0,8,fixed,8,8,0,0,3.000000,4.000000
1010,all5g,8,4,31,0,0,2,1.519165,97.166700,0.189896,80,0.308658,60,0,0,0,0.308658,0.308658,0.000000,0.000000,0.308658,-0.004138,0,0,1,0,80,0,0,97.166700,30.000000,17.000000,0.189511,0.189896,0.189896,0.000100,0.002781,0.002781,0.002781,8,0,8,fixed,8,8,0,0,3.000000,4.000000
1010,all5g,8,4,32,0,0,4,0.000000,97.166700,0.411664,80,0.308658,60,0,0,0,0.308658,0.308658,0.000000,0.000000,0.308658,-0.004138,0,0,1,0,80,0,0,97.166700,30.000000,17.000000,0.411664,1.333333,2.352941,0.000100,0.004898,0.005298,0.005298,8,0,8,fixed,8,8,0,0,3.000000,4.000000
1010,all5g,8,4,33,0,0,1,3.203786,97.166700,1.067929,80,0.308658,60,0,0,0,0.308658,0.308658,0.000000,0.000000,0.308658,-0.004138,0,0,1,1,80,0,0,97.166700,30.000000,17.000000,1.029741,1.067929,1.067929,0.000100,0.002875,0.002875,0.002875,8,0,8,fixed,8,8,0,0,3.000000,4.000000
1010,all5g,8,4,34,0,0,4,0.000000,97.166700,0.411664,80,0.308658,60,0,0,0,0.308658,0.308658,0.000000,0.000000,0.308658,-0.004138,0,0,1,0,80,0,0,97.166700,30.000000,17.000000,0.411664,1.333333,2.352941,0.000100,0.004898,0.005298,0.005298,8,0,8,fixed,8,8,0,0,3.000000,4.000000
1010,all5g,8,4,35,0,0,4,0.000000,97.166700,0.411664,80,0.308658,60,0,0,0,0.308658,0.308658,0.000000,0.000000,0.308658,-0.004138,0,0,1,0,80,0,0,97.166700,30.000000,17.000000,0.411664,1.333333,2.352941,0.000100,0.004898,0.005298,0.005298,8,0,8,fixed,8,8,0,0,3.000000,4.000000
1010,all5g,8,4,36,0,0,4,0.000000,97.166700,0.411664,80,0.308658,60,0,0,0,0.308658,0.308658,0.000000,0.000000,0.308658,-0.004138,0,0,1,0,80,0,0,97.166700,30.000000,17.000000,0.411664,1.333333,2.352941,0.000100,0.004898,0.005298,0.005298,8,0,8,fixed,8,8,0,0,3.000000,4.000000
1010,all5g,8,4,37,0,0,2,1.508229,97.166700,0.188529,80,0.308658,60,0,0,0,0.308658,0.308658,0.000000,0.000000,0.308658,-0.004138,0,0,1,0,80,0,0,97.166700,30.000000,17.000000,0.189554,0.188529,0.188529,0.000100,0.002733,0.002733,0.002733,8,0,8,fixed,8,8,0,0,3.000000,4.000000
1010,all5g,8,4,38,0,0,2,1.517009,97.166700,0.189626,80,0.308658,60,0,0,0,0.308658,0.308658,0.000000,0.000000,0.308658,-0.004138,0,0,1,0,80,0,0,97.166700,30.000000,17.000000,0.189519,0.189626,0.189626,0.000100,0.002771,0.002771,0.002771,8,0,8,fixed,8,8,0,0,3.000000,4.000000
1010,all5g,8,4,39,0,0,4,0.000000,97.166700,0.411664,80,0.308658,60,0,0,0,0.308658,0.308658,0.000000,0.000000,0.308658,-0.004138,0,0,1,0,80,0,0,97.166700,30.000000,17.000000,0.411664,1.333333,2.352941,0.000100,0.004898,0.005298,0.005298,8,0,8,fixed,8,8,0,0,3.000000,4.000000
1010,all5g,8,4,40,0,0,2,1.511519,97.166700,0.188940,80,0.308658,60,0,0,0,0.308658,0.308658,0.000000,0.000000,0.308658,-0.004138,0,0,1,0,80,0,0,97.166700,30.000000,17.000000,0.189541,0.188940,0.188940,0.000100,0.002748,0.002748,0.002748,8,0,8,fixed,8,8,0,0,3.000000,4.000000
1010,all5g,8,4,41,0,0,1,3.234207,97.166700,1.078069,80,0.308658,60,0,0,0,0.308658,0.308658,0.000000,0.000000,0.308658,-0.004138,0,0,1,1,80,0,0,97.166700,30.000000,17.000000,1.028473,1.078069,1.078069,0.000100,0.002887,0.002887,0.002887,8,0,8,fixed,8,8,0,0,3.000000,4.000000
1010,all5g,8,4,42,0,0,2,1.502729,97.166700,0.187841,80,0.308658,60,0,0,0,0.308658,0.308658,0.000000,0.000000,0.308658,-0.004138,0,0,1,0,80,0,0,97.166700,30.000000,17.000000,0.189575,0.187841,0.187841,0.000100,0.002709,0.002709,0.002709,8,0,8,fixed,8,8,0,0,3.000000,4.000000
1010,all5g,8,4,43,0,0,2,1.513646,97.166700,0.189206,80,0.308658,60,0,0,0,0.308658,0.308658,0.000000,0.000000,0.308658,-0.004138,0,0,1,0,80,0,0,97.166700,30.000000,17.000000,0.189533,0.189206,0.189206,0.000100,0.002757,0.002757,0.002757,8,0,8,fixed,8,8,0,0,3.000000,4.000000
1010,all5g,8,4,44,0,0,3,0.000000,97.166700,1.029159,80,0.308658,60,0,0,0,0.308658,0.308658,0.000000,0.000000,0.308658,-0.004138,0,0,1,1,80,0,0,97.166700,30.000000,17.000000,1.029159,3.333333,5.882353,0.000100,0.003665,0.003823,0.003823,8,0,8,fixed,8,8,0,0,3.000000,4.000000
1010,all5g,8,4,45,0,0,2,1.505978,97.166700,0.188247,80,0.308658,60,0,0,0,0.308658,0.308658,0.000000,0.000000,0.308658,-0.004138,0,0,1,0,80,0,0,97.166700,30.000000,17.000000,0.189563,0.188247,0.188247,0.000100,0.002723,0.002723,0.002723,8,0,8,fixed,8,8,0,0,3.000000,4.000000
1010,all5g,8,4,46,0,0,3,0.000000,97.166700,1.029159,80,0.308658,60,0,0,0,0.308658,0.308658,0.000000,0.000000,0.308658,-0.004138,0,0,1,1,80,0,0,97.166700,30.000000,17.000000,1.029159,3.333333,5.882353,0.000100,0.003665,0.003823,0.003823,8,0,8,fixed,8,8,0,0,3.000000,4.000000
1010,all5g,8,4,47,0,0,2,1.528972,97.166700,0.191122,80,0.308658,60,0,0,0,0.308658,0.308658,0.000000,0.000000,0.308658,-0.004138,0,0,1,0,80,0,0,97.166700,30.000000,17.000000,0.189473,0.191122,0.191122,0.000100,0.002823,0.002823,0.002823,8,0,8,fixed,8,8,0,0,3.000000,4.000000
1010,all5g,8,4,48,0,0,2,1.511495,97.166700,0.188937,80,0.308658,60,0,0,0,0.308658,0.308658,0.000000,0.000000,0.308658,-0.004138,0,0,1,0,80,0,0,97.166700,30.000000,17.000000,0.189541,0.188937,0.188937,0.000100,0.002747,0.002747,0.002747,8,0,8,fixed,8,8,0,0,3.000000,4.000000
1010,all5g,8,4,49,0,0,2,1.531189,97.166700,0.191399,80,0.308658,60,0,0,0,0.308658,0.308658,0.000000,0.000000,0.308658,-0.004138,0,0,1,0,80,0,0,97.166700,30.000000,17.000000,0.189464,0.191399,0.191399,0.000100,0.002833,0.002833,0.002833,8,0,8,fixed,8,8,0,0,3.000000,4.000000
1010,all5g,8,4,50,0,0,2,1.497275,97.166700,0.187159,80,0.308658,60,1,0,0,0.308658,0.308658,0.000000,0.000000,0.308658,-0.004138,0,0,1,0,80,0,0,97.166700,30.000000,17.000000,0.189597,0.187159,0.187159,0.000100,0.002685,0.002685,0.002685,8,0,8,fixed,8,8,0,0,3.000000,4.000000
1010,all5g,8,4,51,0,0,2,1.512553,97.166700,0.189069,80,0.308658,60,0,0,0,0.308658,0.308658,0.000000,0.000000,0.308658,-0.004138,0,0,1,0,80,0,0,97.166700,30.000000,17.000000,0.189537,0.189069,0.189069,0.000100,0.002752,0.002752,0.002752,8,0,8,fixed,8,8,0,0,3.000000,4.000000
1010,all5g,8,4,52,0,0,3,0.000000,97.166700,1.029159,80,0.308658,60,0,0,0,0.308658,0.308658,0.000000,0.000000,0.308658,-0.004138,0,0,1,1,80,0,0,97.166700,30.000000,17.000000,1.029159,3.333333,5.882353,0.000100,0.003665,0.003823,0.003823,8,0,8,fixed,8,8,0,0,3.000000,4.000000
1010,all5g,8,4,53,0,0,2,1.512541,97.166700,0.189068,80,0.308658,60,0,0,0,0.308658,0.308658,0.000000,0.000000,0.308658,-0.004138,0,0,1,0,80,0,0,97.166700,30.000000,17.000000,0.189537,0.189068,0.189068,0.000100,0.002752,0.002752,0.002752,8,0,8,fixed,8,8,0,0,3.000000,4.000000
1010,all5g,8,4,54,0,0,4,0.000000,97.166700,0.411664,80,0.308658,60,0,0,0,0.308658,0.308658,0.000000,0.000000,0.308658,-0.004138,0,0,1,0,80,0,0,97.166700,30.000000,17.000000,0.411664,1.333333,2.352941,0.000100,0.004898,0.005298,0.005298,8,0,8,fixed,8,8,0,0,3.000000,4.000000
1010,all5g,8,4,55,0,0,3,0.000000,97.166700,1.029159,80,0.308658,60,0,0,0,0.308658,0.308658,0.000000,0.000000,0.308658,-0.004138,0,0,1,1,80,0,0,97.166700,30.000000,17.000000,1.029159,3.333333,5.882353,0.000100,0.003665,0.003823,0.003823,8,0,8,fixed,8,8,0,0,3.000000,4.000000
1010,all5g,8,4,56,0,0,4,0.000000,97.166700,0.411664,80,0.308658,60,0,0,0,0.308658,0.308658,0.000000,0.000000,0.308658,-0.004138,0,0,1,0,80,0,0,97.166700,30.000000,17.000000,0.411664,1.333333,2.352941,0.000100,0.004898,0.005298,0.005298,8,0,8,fixed,8,8,0,0,3.000000,4.000000
1010,all5g,8,4,57,0,0,2,1.529031,97.166700,0.191129,80,0.308658,60,0,0,0,0.308658,0.308658,0.000000,0.000000,0.308658,-0.004138,0,0,1,0,80,0,0,97.166700,30.000000,17.000000,0.189472,0.191129,0.191129,0.000100,0.002823,0.002823,0.002823,8,0,8,fixed,8,8,0,0,3.000000,4.000000
1010,all5g,8,4,58,0,0,3,0.000000,97.166700,1.029159,80,0.308658,60,0,0,0,0.308658,0.308658,0.000000,0.000000,0.308658,-0.004138,0,0,1,1,80,0,0,97.166700,30.000000,17.000000,1.029159,3.333333,5.882353,0.000100,0.003665,0.003823,0.003823,8,0,8,fixed,8,8,0,0,3.000000,4.000000
1010,all5g,8,4,59,0,0,4,0.000000,97.166700,0.411664,80,0.308658,60,0,0,0,0.308658,0.308658,0.000000,0.000000,0.308658,-0.004138,0,0,1,0,80,0,0,97.166700,30.000000,17.000000,0.411664,1.333333,2.352941,0.000100,0.004898,0.005298,0.005298,8,0,8,fixed,8,8,0,0,3.000000,4.000000
1010,all5g,8,4,60,0,0,3,0.000000,97.166700,1.029159,80,0.308658,60,0,0,0,0.308658,0.308658,0.000000,0.000000,0.308658,-0.004138,0,0,1,1,80,0,0,97.166700,30.000000,17.000000,1.029159,3.333333,5.882353,0.000100,0.003665,0.003823,0.003823,8,0,8,fixed,8,8,0,0,3.000000,4.000000
1010,all5g,8,4,61,0,0,1,3.087148,97.166700,1.029049,80,0.308658,60,0,0,0,0.308658,0.308658,0.000000,0.000000,0.308658,-0.004138,0,0,1,1,80,0,0,97.166700,30.000000,17.000000,1.034601,1.029049,1.029049,0.000100,0.002827,0.002827,0.002827,8,0,8,fixed,8,8,0,0,3.000000,4.000000
1010,all5g,8,4,62,0,0,1,3.275291,97.166700,1.091764,80,0.308658,60,0,0,0,0.308658,0.308658,0.000000,0.000000,0.308658,-0.004138,0,0,1,1,80,0,0,97.166700,30.000000,17.000000,1.026762,1.091764,1.091764,0.000100,0.002903,0.002903,0.002903,8,0,8,fixed,8,8,0,0,3.000000,4.000000
1010,all5g,8,4,63,0,0,1,2.385039,97.166700,0.795013,80,0.308658,60,0,0,0,0.308658,0.308658,0.000000,0.000000,0.308658,-0.004138,0,0,1,-1,80,0,0,97.166700,30.000000,17.000000,1.063855,0.795013,0.795013,0.000100,0.002449,0.002449,0.002449,8,0,8,fixed,8,8,0,0,3.000000,4.000000
1010,all5g,8,4,64,0,0,2,1.512565,97.166700,0.189071,80,0.308658,60,0,0,0,0.308658,0.308658,0.000000,0.000000,0.308658,-0.004138,0,0,1,0,80,0,0,97.166700,30.000000,17.000000,0.189537,0.189071,0.189071,0.000100,0.002752,0.002752,0.002752,8,0,8,fixed,8,8,0,0,3.000000,4.000000
1010,all5g,8,4,65,0,0,4,0.000000,97.166700,0.411664,80,0.308658,60,0,0,0,0.308658,0.308658,0.000000,0.000000,0.308658,-0.004138,0,0,1,0,80,0,0,97.166700,30.000000,17.000000,0.411664,1.333333,2.352941,0.000100,0.004898,0.005298,0.005298,8,0,8,fixed,8,8,0,0,3.000000,4.000000
1010,all5g,8,4,66,0,0,4,0.000000,97.166700,0.411664,80,0.308658,60,0,0,0,0.308658,0.308658,0.000000,0.000000,0.308658,-0.004138,0,0,1,0,80,0,0,97.166700,30.000000,17.000000,0.411664,1.333333,2.352941,0.000100,0.004898,0.005298,0.005298,8,0,8,fixed,8,8,0,0,3.000000,4.000000
1010,all5g,8,4,67,0,0,4,0.000000,97.166700,0.411664,80,0.308658,60,0,0,0,0.308658,0.308658,0.000000,0.000000,0.308658,-0.004138,0,0,1,0,80,0,0,97.166700,30.000000,17.000000,0.411664,1.333333,2.352941,0.000100,0.004898,0.005298,0.005298,8,0,8,fixed,8,8,0,0,3.000000,4.000000
1010,all5g,8,4,68,0,0,1,3.063414,97.166700,1.021138,80,0.308658,60,0,0,0,0.308658,0.308658,0.000000,0.000000,0.308658,-0.004138,0,0,1,1,80,0,0,97.166700,30.000000,17.000000,1.035590,1.021138,1.021138,0.000100,0.002817,0.002817,0.002817,8,0,8,fixed,8,8,0,0,3.000000,4.000000
1010,all5g,8,4,69,0,0,1,3.221561,97.166700,1.073854,80,0.308658,60,0,0,0,0.308658,0.308658,0.000000,0.000000,0.308658,-0.004138,0,0,1,1,80,0,0,97.166700,30.000000,17.000000,1.029000,1.073854,1.073854,0.000100,0.002882,0.002882,0.002882,8,0,8,fixed,8,8,0,0,3.000000,4.000000
1010,all5g,8,4,70,0,0,4,0.000000,97.166700,0.411664,80,0.308658,60,0,0,0,0.308658,0.308658,0.000000,0.000000,0.308658,-0.004138,0,0,1,0,80,0,0,97.166700,30.000000,17.000000,0.411664,1.333333,2.352941,0.000100,0.004898,0.005298,0.005298,8,0,8,fixed,8,8,0,0,3.000000,4.000000
1010,all5g,8,4,71,0,0,2,1.511456,97.166700,0.188932,80,0.308658,60,0,0,0,0.308658,0.308658,0.000000,0.000000,0.308658,-0.004138,0,0,1,0,80,0,0,97.166700,30.000000,17.000000,0.189541,0.188932,0.188932,0.000100,0.002747,0.002747,0.002747,8,0,8,fixed,8,8,0,0,3.000000,4.000000
1010,all5g,8,4,72,0,0,4,0.000000,97.166700,0.411664,80,0.308658,60,0,0,0,0.308658,0.308658,0.000000,0.000000,0.308658,-0.004138,0,0,1,0,80,0,0,97.166700,30.000000,17.000000,0.411664,1.333333,2.352941,0.000100,0.004898,0.005298,0.005298,8,0,8,fixed,8,8,0,0,3.000000,4.000000
1010,all5g,8,4,73,0,0,1,3.218672,97.166700,1.072891,80,0.308658,60,0,0,0,0.308658,0.308658,0.000000,0.000000,0.308658,-0.004138,0,0,1,1,80,0,0,97.166700,30.000000,17.000000,1.029121,1.072891,1.072891,0.000100,0.002881,0.002881,0.002881,8,0,8,fixed,8,8,0,0,3.000000,4.000000
1010,all5g,8,4,74,0,0,2,1.511481,97.166700,0.188935,80,0.308658,60,0,0,0,0.308658,0.308658,0.000000,0.000000,0.308658,-0.004138,0,0,1,0,80,0,0,97.166700,30.000000,17.000000,0.189541,0.188935,0.188935,0.000100,0.002747,0.002747,0.002747,8,0,8,fixed,8,8,0,0,3.000000,4.000000
1010,all5g,8,4,75,0,0,2,1.531192,97.166700,0.191399,80,0.308658,60,0,0,0,0.308658,0.308658,0.000000,0.000000,0.308658,-0.004138,0,0,1,0,80,0,0,97.166700,30.000000,17.000000,0.189464,0.191399,0.191399,0.000100,0.002833,0.002833,0.002833,8,0,8,fixed,8,8,0,0,3.000000,4.000000
1010,all5g,8,4,76,0,0,2,1.530037,97.166700,0.191255,80,0.308658,60,0,0,0,0.308658,0.308658,0.000000,0.000000,0.308658,-0.004138,0,0,1,0,80,0,0,97.166700,30.000000,17.000000,0.189469,0.191255,0.191255,0.000100,0.002828,0.002828,0.002828,8,0,8,fixed,8,8,0,0,3.000000,4.000000
1010,all5g,8,4,77,0,0,2,1.530048,97.166700,0.191256,80,0.308658,60,0,0,0,0.308658,0.308658,0.000000,0.000000,0.308658,-0.004138,0,0,1,0,80,0,0,97.166700,30.000000,17.000000,0.189469,0.191256,0.191256,0.000100,0.002828,0.002828,0.002828,8,0,8,fixed,8,8,0,0,3.000000,4.000000
1010,all5g,8,4,78,0,0,4,0.000000,97.166700,0.411664,80,0.308658,60,0,0,0,0.308658,0.308658,0.000000,0.000000,0.308658,-0.004138,0,0,1,0,80,0,0,97.166700,30.000000,17.000000,0.411664,1.333333,2.352941,0.000100,0.004898,0.005298,0.005298,8,0,8,fixed,8,8,0,0,3.000000,4.000000
1010,all5g,8,4,79,0,0,3,0.000000,97.166700,1.029159,80,0.308658,60,0,0,0,0.308658,0.308658,0.000000,0.000000,0.308658,-0.004138,0,0,1,1,80,0,0,97.166700,30.000000,17.000000,1.029159,3.333333,5.882353,0.000100,0.003665,0.003823,0.003823,8,0,8,fixed,8,8,0,0,3.000000,4.000000
1010,all5g,8,4,80,0,0,4,0.000000,97.166700,0.411664,80,0.308658,60,0,0,0,0.308658,0.308658,0.000000,0.000000,0.308658,-0.004138,0,0,1,0,80,0,0,97.166700,30.000000,17.000000,0.411664,1.333333,2.352941,0.000100,0.004898,0.005298,0.005298,8,0,8,fixed,8,8,0,0,3.000000,4.000000
1010,all5g,8,5,1,0,0,2,1.598882,99.166700,0.199860,80,0.318797,60,0,0,0,0.318797,0.318797,0.000000,0.000000,0.318797,0.010139,0,0,1,0,80,0,0,99.166700,30.000000,17.000000,0.203007,0.199860,0.199860,0.000633,0.003229,0.003229,0.003229,8,0,8,fixed,8,8,0,0,3.000000,4.000000
1010,all5g,8,5,2,0,0,2,1.636080,99.166700,0.204510,80,0.318797,60,0,0,0,0.318797,0.318797,0.000000,0.000000,0.318797,0.010139,0,0,1,0,80,0,0,99.166700,30.000000,17.000000,0.202862,0.204510,0.204510,0.000633,0.003381,0.003381,0.003381,8,0,8,fixed,8,8,0,0,3.000000,4.000000
1010,all5g,8,5,3,0,0,2,1.632675,99.166700,0.204084,80,0.318797,60,0,0,0,0.318797,0.318797,0.000000,0.000000,0.318797,0.010139,0,0,1,0,80,0,0,99.166700,30.000000,17.000000,0.202875,0.204084,0.204084,0.000633,0.003367,0.003367,0.003367,8,0,8,fixed,8,8,0,0,3.000000,4.000000
1010,all5g,8,5,4,0,0,2,1.626254,99.166700,0.203282,80,0.318797,60,0,0,0,0.318797,0.318797,0.000000,0.000000,0.318797,0.010139,0,0,1,0,80,0,0,99.166700,30.000000,17.000000,0.202900,0.203282,0.203282,0.000633,0.003341,0.003341,0.003341,8,0,8,fixed,8,8,0,0,3.000000,4.000000
1010,all5g,8,5,5,0,0,3,0.000000,99.166700,1.008403,80,0.318797,60,0,0,0,0.318797,0.318797,0.000000,0.000000,0.318797,0.010139,0,0,1,1,80,0,0,99.166700,30.000000,17.000000,1.008403,3.333333,5.882353,0.000633,0.004309,0.004479,0.004479,8,0,8,fixed,8,8,0,0,3.000000,4.000000
1010,all5g,8,5,6,0,0,4,0.000000,99.166700,0.403361,80,0.318797,60,0,0,0,0.318797,0.318797,0.000000,0.000000,0.318797,0.010139,0,0,1,0,80,0,0,99.166700,30.000000,17.000000,0.403361,1.333333,2.352941,0.000633,0.005669,0.006097,0.006097,8,0,8,fixed,8,8,0,0,3.000000,4.000000
1010,all5g,8,5,7,0,0,4,0.000000,99.166700,0.403361,80,0.318797,60,0,0,0,0.318797,0.318797,0.000000,0.000000,0.318797,0.010139,0,0,1,0,80,0,0,99.166700,30.000000,17.000000,0.403361,1.333333,2.352941,0.000633,0.005669,0.006097,0.006097,8,0,8,fixed,8,8,0,0,3.000000,4.000000
1010,all5g,8,5,8,0,0,4,0.000000,99.166700,0.403361,80,0.318797,60,0,0,0,0.318797,0.318797,0.000000,0.000000,0.318797,0.010139,0,0,1,0,80,0,0,99.166700,30.000000,17.000000,0.403361,1.333333,2.352941,0.000633,0.005669,0.006097,0.006097,8,0,8,fixed,8,8,0,0,3.000000,4.000000
1010,all5g,8,5,9,0,0,4,0.000000,99.166700,0.403361,80,0.318797,60,0,0,0,0.318797,0.318797,0.000000,0.000000,0.318797,0.010139,0,0,1,0,80,0,0,99.166700,30.000000,17.000000,0.403361,1.333333,2.352941,0.000633,0.005669,0.006097,0.006097,8,0,8,fixed,8,8,0,0,3.000000,4.000000
1010,all5g,8,5,10,0,0,2,1.621829,99.166700,0.202729,80,0.318797,60,0,0,0,0.318797,0.318797,0.000000,0.000000,0.318797,0.010139,0,0,1,0,80,0,0,99.166700,30.000000,17.000000,0.202918,0.202729,0.202729,0.000633,0.003323,0.003323,0.003323,8,0,8,fixed,8,8,0,0,3.000000,4.000000
1010,all5g,8,5,11,0,0,2,1.610912,99.166700,0.201364,80,0.318797,60,0,0,0,0.318797,0.318797,0.000000,0.000000,0.318797,0.010139,0,0,1,0,80,0,0,99.166700,30.000000,17.000000,0.202960,0.201364,0.201364,0.000633,0.003279,0.003279,0.003279,8,0,8,fixed,8,8,0,0,3.000000,4.000000
1010,all5g,8,5,12,0,0,2,1.636121,99.166700,0.204515,80,0.318797,60,0,0,0,0.318797,0.318797,0.000000,0.000000,0.318797,0.010139,0,0,1,0,80,0,0,99.166700,30.000000,17.000000,0.202862,0.204515,0.204515,0.000633,0.003381,0.003381,0.003381,8,0,8,fixed,8,8,0,0,3.000000,4.000000
1010,all5g,8,5,13,0,0,4,0.000000,99.166700,0.403361,80,0.318797,60,0,0,0,0.318797,0.318797,0.000000,0.000000,0.318797,0.010139,0,0,1,0,80,0,0,99.166700,30.000000,17.000000,0.403361,1.333333,2.352941,0.000633,0.005669,0.006097,0.006097,8,0,8,fixed,8,8,0,0,3.000000,4.000000
1010,all5g,8,5,14,0,0,2,1.633816,99.166700,0.204227,80,0.318797,60,0,0,0,0.318797,0.318797,0.000000,0.000000,0.318797,0.010139,0,0,1,0,80,0,0,99.166700,30.000000,17.000000,0.202871,0.204227,0.204227,0.000633,0.003372,0.003372,0.003372,8,0,8,fixed,8,8,0,0,3.000000,4.000000
1010,all5g,8,5,15,0,0,2,1.630596,99.166700,0.203825,80,0.318797,60,0,0,0,0.318797,0.318797,0.000000,0.000000,0.318797,0.010139,0,0,1,0,80,0,0,99.166700,30.000000,17.000000,0.202884,0.203825,0.203825,0.000633,0.003359,0.003359,0.003359,8,0,8,fixed,8,8,0,0,3.000000,4.000000
1010,all5g,8,5,16,0,0,4,0.000000,99.166700,0.403361,80,0.318797,60,0,0,0,0.318797,0.318797,0.000000,0.000000,0.318797,0.010139,0,0,1,0,80,0,0,99.166700,30.000000,17.000000,0.403361,1.333333,2.352941,0.000633,0.005669,0.006097,0.006097,8,0,8,fixed,8,8,0,0,3.000000,4.000000
1010,all5g,8,5,17,0,0,4,0.000000,99.166700,0.403361,80,0.318797,60,0,0,0,0.318797,0.318797,0.000000,0.000000,0.318797,0.010139,0,0,1,0,80,0,0,99.166700,30.000000,17.000000,0.403361,1.333333,2.352941,0.000633,0.005669,0.006097,0.006097,8,0,8,fixed,8,8,0,0,3.000000,4.000000
1010,all5g,8,5,18,0,0,4,0.000000,99.166700,0.403361,80,0.318797,60,0,0,0,0.318797,0.318797,0.000000,0.000000,0.318797,0.010139,0,0,1,0,80,0,0,99.166700,30.000000,17.000000,0.403361,1.333333,2.352941,0.000633,0.005669,0.006097,0.006097,8,0,8,fixed,8,8,0,0,3.000000,4.000000
1010,all5g,8,5,19,0,0,4,0.000000,99.166700,0.403361,80,0.318797,60,0,0,0,0.318797,0.318797,0.000000,0.000000,0.318797,0.010139,0,0,1,0,80,0,0,99.166700,30.000000,17.000000,0.403361,1.333333,2.352941,0.000633,0.005669,0.006097,0.006097,8,0,8,fixed,8,8,0,0,3.000000,4.000000
1010,all5g,8,5,20,0,0,2,1.636061,99.166700,0.204508,80,0.318797,60,0,0,0,0.318797,0.318797,0.000000,0.000000,0.318797,0.010139,0,0,1,0,80,0,0,99.166700,30.000000,17.000000,0.202862,0.204508,0.204508,0.000633,0.003381,0.003381,0.003381,8,0,8,fixed,8,8,0,0,3.000000,4.000000
1010,all5g,8,5,21,0,0,4,0.000000,99.166700,0.403361,80,0.318797,60,0,0,0,0.318797,0.318797,0.000000,0.000000,0.318797,0.010139,0,0,1,0,80,0,0,99.166700,30.000000,17.000000,0.403361,1.333333,2.352941,0.000633,0.005669,0.006097,0.006097,8,0,8,fixed,8,8,0,0,3.000000,4.000000
1010,all5g,8,5,22,0,0,3,0.000000,99.166700,1.008403,80,0.318797,60,0,0,0,0.318797,0.318797,0.000000,0.000000,0.318797,0.010139,0,0,1,1,80,0,0,99.166700,30.000000,17.000000,1.008403,3.333333,5.882353,0.000633,0.004309,0.004479,0.004479,8,0,8,fixed,8,8,0,0,3.000000,4.000000
1010,all5g,8,5,23,0,0,1,1.643611,99.166700,0.547870,80,0.318797,60,0,0,0,0.318797,0.318797,0.000000,0.000000,0.318797,0.010139,0,0,1,-1,80,0,0,99.166700,30.000000,17.000000,0.947856,0.547870,0.547870,0.000633,0.002396,0.002396,0.002396,8,0,8,fixed,8,8,0,0,3.000000,4.000000
1010,all5g,8,5,24,0,0,2,1.636056,99.166700,0.204507,80,0.318797,60,0,0,0,0.318797,0.318797,0.000000,0.000000,0.318797,0.010139,0,0,1,0,80,0,0,99.166700,30.000000,17.000000,0.202862,0.204507,0.204507,0.000633,0.003381,0.003381,0.003381,8,0,8,fixed,8,8,0,0,3.000000,4.000000
1010,all5g,8,5,25,0,0,2,1.632757,99.166700,0.204095,80,0.318797,60,0,0,0,0.318797,0.318797,0.000000,0.000000,0.318797,0.010139,0,0,1,0,80,0,0,99.166700,30.000000,17.000000,0.202875,0.204095,0.204095,0.000633,0.003367,0.003367,0.003367,8,0,8,fixed,8,8,0,0,3.000000,4.000000
1010,all5g,8,5,26,0,0,3,0.000000,99.166700,1.008403,80,0.318797,60,0,0,0,0.318797,0.318797,0.000000,0.000000,0.318797,0.010139,0,0,1,1,80,0,0,99.166700,30.000000,17.000000,1.008403,3.333333,5.882353,0.000633,0.004309,0.004479,0.004479,8,0,8,fixed,8,8,0,0,3.000000,4.000000
1010,all5g,8,5,27,0,0,4,0.000000,99.166700,0.403361,80,0.318797,60,0,0,0,0.318797,0.318797,0.000000,0.000000,0.318797,0.010139,0,0,1,0,80,0,0,99.166700,30.000000,17.000000,0.403361,1.333333,2.352941,0.000633,0.005669,0.006097,0.006097,8,0,8,fixed,8,8,0,0,3.000000,4.000000
1010,all5g,8,5,28,0,0,4,0.000000,99.166700,0.403361,80,0.318797,60,0,0,0,0.318797,0.318797,0.000000,0.000000,0.318797,0.010139,0,0,1,0,80,0,0,99.166700,30.000000,17.000000,0.403361,1.333333,2.352941,0.000633,0.005669,0.006097,0.006097,8,0,8,fixed,8,8,0,0,3.000000,4.000000
1010,all5g,8,5,29,0,0,2,1.630562,99.166700,0.203820,80,0.318797,60,0,0,0,0.318797,0.318797,0.000000,0.000000,0.318797,0.010139,0,0,1,0,80,0,0,99.166700,30.000000,17.000000,0.202884,0.203820,0.203820,0.000633,0.003359,0.003359,0.003359,8,0,8,fixed,8,8,0,0,3.000000,4.000000
1010,all5g,8,5,30,0,0,3,0.000000,99.166700,1.008403,80,0.318797,60,0,0,0,0.318797,0.318797,0.000000,0.000000,0.318797,0.010139,0,0,1,1,80,0,0,99.166700,30.000000,17.000000,1.008403,3.333333,5.882353,0.000633,0.004309,0.004479,0.004479,8,0,8,fixed,8,8,0,0,3.000000,4.000000
1010,all5g,8,5,31,0,0,2,1.626160,99.166700,0.203270,80,0.318797,60,0,0,0,0.318797,0.318797,0.000000,0.000000,0.318797,0.010139,0,0,1,0,80,0,0,99.166700,30.000000,17.000000,0.202901,0.203270,0.203270,0.000633,0.003341,0.003341,0.003341,8,0,8,fixed,8,8,0,0,3.000000,4.000000
1010,all5g,8,5,32,0,0,4,0.000000,99.166700,0.403361,80,0.318797,60,0,0,0,0.318797,0.318797,0.000000,0.000000,0.318797,0.010139,0,0,1,0,80,0,0,99.166700,30.000000,17.000000,0.403361,1.333333,2.352941,0.000633,0.005669,0.006097,0.006097,8,0,8,fixed,8,8,0,0,3.000000,4.000000
1010,all5g,8,5,33,0,0,1,3.159273,99.166700,1.053091,80,0.318797,60,0,0,0,0.318797,0.318797,0.000000,0.000000,0.318797,0.010139,0,0,1,1,80,0,0,99.166700,30.000000,17.000000,0.884704,1.053091,1.053091,0.000633,0.003626,0.003626,0.003626,8,0,8,fixed,8,8,0,0,3.000000,4.000000
1010,all5g,8,5,34,0,0,4,0.000000,99.166700,0.403361,80,0.318797,60,0,0,0,0.318797,0.318797,0.000000,0.000000,0.318797,0.010139,0,0,1,0,80,0,0,99.166700,30.000000,17.000000,0.403361,1.333333,2.352941,0.000633,0.005669,0.006097,0.006097,8,0,8,fixed,8,8,0,0,3.000000,4.000000
1010,all5g,8,5,35,0,0,4,0.000000,99.166700,0.403361,80,0.318797,60,0,0,0,0.318797,0.318797,0.000000,0.000000,0.318797,0.010139,0,0,1,0,80,0,0,99.166700,30.000000,17.000000,0.403361,1.333333,2.352941,0.000633,0.005669,0.006097,0.006097,8,0,8,fixed,8,8,0,0,3.000000,4.000000
1010,all5g,8,5,36,0,0,4,0.000000,99.166700,0.403361,80,0.318797,60,0,0,0,0.318797,0.318797,0.000000,0.000000,0.318797,0.010139,0,0,1,0,80,0,0,99.166700,30.000000,17.000000,0.403361,1.333333,2.352941,0.000633,0.005669,0.006097,0.006097,8,0,8,fixed,8,8,0,0,3.000000,4.000000
1010,all5g,8,5,37,0,0,2,1.615294,99.166700,0.201912,80,0.318797,60,0,0,0,0.318797,0.318797,0.000000,0.000000,0.318797,0.010139,0,0,1,0,80,0,0,99.166700,30.000000,17.000000,0.202943,0.201912,0.201912,0.000633,0.003297,0.003297,0.003297,8,0,8,fixed,8,8,0,0,3.000000,4.000000
1010,all5g,8,5,38,0,0,2,1.626195,99.166700,0.203274,80,0.318797,60,0,0,0,0.318797,0.318797,0.000000,0.000000,0.318797,0.010139,0,0,1,0,80,0,0,99.166700,30.000000,17.000000,0.202901,0.203274,0.203274,0.000633,0.003341,0.003341,0.003341,8,0,8,fixed,8,8,0,0,3.000000,4.000000
1010,all5g,8,5,39,0,0,4,0.000000,99.166700,0.403361,80,0.318797,60,0,0,0,0.318797,0.318797,0.000000,0.000000,0.318797,0.010139,0,0,1,0,80,0,0,99.166700,30.000000,17.000000,0.403361,1.333333,2.352941,0.000633,0.005669,0.006097,0.006097,8,0,8,fixed,8,8,0,0,3.000000,4.000000
1010,all5g,8,5,40,0,0,2,1.583581,99.166700,0.197948,80,0.318797,60,0,0,0,0.318797,0.318797,0.000000,0.000000,0.318797,0.010139,0,0,1,0,80,0,0,99.166700,30.000000,17.000000,0.203067,0.197948,0.197948,0.000633,0.003164,0.003164,0.003164,8,0,8,fixed,8,8,0,0,3.000000,4.000000
1010,all5g,8,5,41,0,0,1,3.016773,99.166700,1.005591,80,0.318797,60,0,0,0,0.318797,0.318797,0.000000,0.000000,0.318797,0.010139,0,0,1,1,80,0,0,99.166700,30.000000,17.000000,0.890641,1.005591,1.005591,0.000633,0.003558,0.003558,0.003558,8,0,8,fixed,8,8,0,0,3.000000,4.000000
1010,all5g,8,5,42,0,0,2,1.634987,99.166700,0.204373,80,0.318797,60,0,0,0,0.318797,0.318797,0.000000,0.000000,0.318797,0.010139,0,0,1,0,80,0,0,99.166700,30.000000,17.000000,0.202866,0.204373,0.204373,0.000633,0.003376,0.003376,0.003376,8,0,8,fixed,8,8,0,0,3.000000,4.000000
1010,all5g,8,5,43,0,0,2,1.634975,99.166700,0.204372,80,0.318797,60,0,0,0,0.318797,0.318797,0.000000,0.000000,0.318797,0.010139,0,0,1,0,80,0,0,99.166700,30.000000,17.000000,0.202866,0.204372,0.204372,0.000633,0.003376,0.003376,0.003376,8,0,8,fixed,8,8,0,0,3.000000,4.000000
1010,all5g,8,5,44,0,0,3,0.000000,99.166700,1.008403,80,0.318797,60,0,0,0,0.318797,0.318797,0.000000,0.000000,0.318797,0.010139,0,0,1,1,80,0,0,99.166700,30.000000,17.000000,1.008403,3.333333,5.882353,0.000633,0.004309,0.004479,0.004479,8,0,8,fixed,8,8,0,0,3.000000,4.000000
1010,all5g,8,5,45,0,0,2,1.590179,99.166700,0.198772,80,0.318797,60,0,0,0,0.318797,0.318797,0.000000,0.000000,0.318797,0.010139,0,0,1,0,80,0,0,99.166700,30.000000,17.000000,0.203041,0.198772,0.198772,0.000633,0.003192,0.003192,0.003192,8,0,8,fixed,8,8,0,0,3.000000,4.000000
1010,all5g,8,5,46,0,0,3,0.000000,99.166700,1.008403,80,0.318797,60,0,0,0,0.318797,0.318797,0.000000,0.000000,0.318797,0.010139,0,0,1,1,80,0,0,99.166700,30.000000,17.000000,1.008403,3.333333,5.882353,0.000633,0.004309,0.004479,0.004479,8,0,8,fixed,8,8,0,0,3.000000,4.000000
1010,all5g,8,5,47,0,0,2,1.621883,99.166700,0.202735,80,0.318797,60,0,0,0,0.318797,0.318797,0.000000,0.000000,0.318797,0.010139,0,0,1,0,80,0,0,99.166700,30.000000,17.000000,0.202918,0.202735,0.202735,0.000633,0.003323,0.003323,0.003323,8,0,8,fixed,8,8,0,0,3.000000,4.000000
1010,all5g,8,5,48,0,0,2,1.582500,99.166700,0.197812,80,0.318797,60,1,0,0,0.318797,0.318797,0.000000,0.000000,0.318797,0.010139,0,0,1,0,80,0,0,99.166700,30.000000,17.000000,0.203071,0.197812,0.197812,0.000633,0.003160,0.003160,0.003160,8,0,8,fixed,8,8,0,0,3.000000,4.000000
1010,all5g,8,5,49,0,0,2,1.622834,99.166700,0.202854,80,0.318797,60,0,0,0,0.318797,0.318797,0.000000,0.000000,0.318797,0.010139,0,0,1,0,80,0,0,99.166700,30.000000,17.000000,0.202914,0.202854,0.202854,0.000633,0.003327,0.003327,0.003327,8,0,8,fixed,8,8,0,0,3.000000,4.000000
1010,all5g,8,5,50,0,0,2,1.619608,99.166700,0.202451,80,0.318797,60,0,0,0,0.318797,0.318797,0.000000,0.000000,0.318797,0.010139,0,0,1,0,80,0,0,99.166700,30.000000,17.000000,0.202926,0.202451,0.202451,0.000633,0.003314,0.003314,0.003314,8,0,8,fixed,8,8,0,0,3.000000,4.000000
1010,all5g,8,5,51,0,0,2,1.634986,99.166700,0.204373,80,0.318797,60,0,0,0,0.318797,0.318797,0.000000,0.000000,0.318797,0.010139,0,0,1,0,80,0,0,99.166700,30.000000,17.000000,0.202866,0.204373,0.204373,0.000633,0.003376,0.003376,0.003376,8,0,8,fixed,8,8,0,0,3.000000,4.000000
1010,all5g,8,5,52,0,0,3,0.000000,99.166700,1.008403,80,0.318797,60,0,0,0,0.318797,0.318797,0.000000,0.000000,0.318797,0.010139,0,0,1,1,80,0,0,99.166700,30.000000,17.000000,1.008403,3.333333,5.882353,0.000633,0.004309,0.004479,0.004479,8,0,8,fixed,8,8,0,0,3.000000,4.000000
1010,all5g,8,5,53,0,0,2,1.634997,99.166700,0.204375,80,0.318797,60,0,0,0,0.318797,0.318797,0.000000,0.000000,0.318797,0.010139,0,0,1,0,80,0,0,99.166700,30.000000,17.000000,0.202866,0.204375,0.204375,0.000633,0.003376,0.003376,0.003376,8,0,8,fixed,8,8,0,0,3.000000,4.000000
1010,all5g,8,5,54,0,0,4,0.000000,99.166700,0.403361,80,0.318797,60,0,0,0,0.318797,0.318797,0.000000,0.000000,0.318797,0.010139,0,0,1,0,80,0,0,99.166700,30.000000,17.000000,0.403361,1.333333,2.352941,0.000633,0.005669,0.006097,0.006097,8,0,8,fixed,8,8,0,0,3.000000,4.000000
1010,all5g,8,5,55,0,0,3,0.000000,99.166700,1.008403,80,0.318797,60,0,0,0,0.318797,0.318797,0.000000,0.000000,0.318797,0.010139,0,0,1,1,80,0,0,99.166700,30.000000,17.000000,1.008403,3.333333,5.882353,0.000633,0.004309,0.004479,0.004479,8,0,8,fixed,8,8,0,0,3.000000,4.000000
1010,all5g,8,5,56,0,0,4,0.000000,99.166700,0.403361,80,0.318797,60,0,0,0,0.318797,0.318797,0.000000,0.000000,0.318797,0.010139,0,0,1,0,80,0,0,99.166700,30.000000,17.000000,0.403361,1.333333,2.352941,0.000633,0.005669,0.006097,0.006097,8,0,8,fixed,8,8,0,0,3.000000,4.000000
1010,all5g,8,5,57,0,0,2,1.626247,99.166700,0.203281,80,0.318797,60,0,0,0,0.318797,0.318797,0.000000,0.000000,0.318797,0.010139,0,0,1,0,80,0,0,99.166700,30.000000,17.000000,0.202901,0.203281,0.203281,0.000633,0.003341,0.003341,0.003341,8,0,8,fixed,8,8,0,0,3.000000,4.000000
1010,all5g,8,5,58,0,0,3,0.000000,99.166700,1.008403,80,0.318797,60,0,0,0,0.318797,0.318797,0.000000,0.000000,0.318797,0.010139,0,0,1,1,80,0,0,99.166700,30.000000,17.000000,1.008403,3.333333,5.882353,0.000633,0.004309,0.004479,0.004479,8,0,8,fixed,8,8,0,0,3.000000,4.000000
1010,all5g,8,5,59,0,0,4,0.000000,99.166700,0.403361,80,0.318797,60,0,0,0,0.318797,0.318797,0.000000,0.000000,0.318797,0.010139,0,0,1,0,80,0,0,99.166700,30.000000,17.000000,0.403361,1.333333,2.352941,0.000633,0.005669,0.006097,0.006097,8,0,8,fixed,8,8,0,0,3.000000,4.000000
1010,all5g,8,5,60,0,0,3,0.000000,99.166700,1.008403,80,0.318797,60,0,0,0,0.318797,0.318797,0.000000,0.000000,0.318797,0.010139,0,0,1,1,80,0,0,99.166700,30.000000,17.000000,1.008403,3.333333,5.882353,0.000633,0.004309,0.004479,0.004479,8,0,8,fixed,8,8,0,0,3.000000,4.000000
1010,all5g,8,5,61,0,0,1,3.124846,99.166700,1.041615,80,0.318797,60,0,0,0,0.318797,0.318797,0.000000,0.000000,0.318797,0.010139,0,0,1,1,80,0,0,99.166700,30.000000,17.000000,0.886138,1.041615,1.041615,0.000633,0.003610,0.003610,0.003610,8,0,8,fixed,8,8,0,0,3.000000,4.000000
1010,all5g,8,5,62,0,0,1,2.293743,99.166700,0.764581,80,0.318797,60,0,0,0,0.318797,0.318797,0.000000,0.000000,0.318797,0.010139,0,0,1,-1,80,0,0,99.166700,30.000000,17.000000,0.920767,0.764581,0.764581,0.000633,0.003104,0.003104,0.003104,8,0,8,fixed,8,8,0,0,3.000000,4.000000
1010,all5g,8,5,63,0,0,1,2.119988,99.166700,0.706663,80,0.318797,60,0,0,0,0.318797,0.318797,0.000000,0.000000,0.318797,0.010139,0,0,1,-1,80,0,0,99.166700,30.000000,17.000000,0.928007,0.706663,0.706663,0.000633,0.002954,0.002954,0.002954,8,0,8,fixed,8,8,0,0,3.000000,4.000000
1010,all5g,8,5,64,0,0,2,1.634975,99.166700,0.204372,80,0.318797,60,0,0,0,0.318797,0.318797,0.000000,0.000000,0.318797,0.010139,0,0,1,0,80,0,0,99.166700,30.000000,17.000000,0.202866,0.204372,0.204372,0.000633,0.003376,0.003376,0.003376,8,0,8,fixed,8,8,0,0,3.000000,4.000000
1010,all5g,8,5,65,0,0,4,0.000000,99.166700,0.403361,80,0.318797,60,0,0,0,0.318797,0.318797,0.000000,0.000000,0.318797,0.010139,0,0,1,0,80,0,0,99.166700,30.000000,17.000000,0.403361,1.333333,2.352941,0.000633,0.005669,0.006097,0.006097,8,0,8,fixed,8,8,0,0,3.000000,4.000000
1010,all5g,8,5,66,0,0,4,0.000000,99.166700,0.403361,80,0.318797,60,0,0,0,0.318797,0.318797,0.000000,0.000000,0.318797,0.010139,0,0,1,0,80,0,0,99.166700,30.000000,17.000000,0.403361,1.333333,2.352941,0.000633,0.005669,0.006097,0.006097,8,0,8,fixed,8,8,0,0,3.000000,4.000000
1010,all5g,8,5,67,0,0,4,0.000000,99.166700,0.403361,80,0.318797,60,0,0,0,0.318797,0.318797,0.000000,0.000000,0.318797,0.010139,0,0,1,0,80,0,0,99.166700,30.000000,17.000000,0.403361,1.333333,2.352941,0.000633,0.005669,0.006097,0.006097,8,0,8,fixed,8,8,0,0,3.000000,4.000000
1010,all5g,8,5,68,0,0,1,3.139645,99.166700,1.046548,80,0.318797,60,0,0,0,0.318797,0.318797,0.000000,0.000000,0.318797,0.010139,0,0,1,1,80,0,0,99.166700,30.000000,17.000000,0.885522,1.046548,1.046548,0.000633,0.003616,0.003616,0.003616,8,0,8,fixed,8,8,0,0,3.000000,4.000000
1010,all5g,8,5,69,0,0,1,3.129863,99.166700,1.043288,80,0.318797,60,0,0,0,0.318797,0.318797,0.000000,0.000000,0.318797,0.010139,0,0,1,1,80,0,0,99.166700,30.000000,17.000000,0.885929,1.043288,1.043288,0.000633,0.003612,0.003612,0.003612,8,0,8,fixed,8,8,0,0,3.000000,4.000000
1010,all5g,8,5,70,0,0,4,0.000000,99.166700,0.403361,80,0.318797,60,0,0,0,0.318797,0.318797,0.000000,0.000000,0.318797,0.010139,0,0,1,0,80,0,0,99.166700,30.000000,17.000000,0.403361,1.333333,2.352941,0.000633,0.005669,0.006097,0.006097,8,0,8,fixed,8,8,0,0,3.000000,4.000000
1010,all5g,8,5,71,0,0,2,1.630643,99.166700,0.203830,80,0.318797,60,0,0,0,0.318797,0.318797,0.000000,0.000000,0.318797,0.010139,0,0,1,0,80,0,0,99.166700,30.000000,17.000000,0.202883,0.203830,0.203830,0.000633,0.003359,0.003359,0.003359,8,0,8,fixed,8,8,0,0,3.000000,4.000000
1010,all5g,8,5,72,0,0,4,0.000000,99.166700,0.403361,80,0.318797,60,0,0,0,0.318797,0.318797,0.000000,0.000000,0.318797,0.010139,0,0,1,0,80,0,0,99.166700,30.000000,17.000000,0.403361,1.333333,2.352941,0.000633,0.005669,0.006097,0.006097,8,0,8,fixed,8,8,0,0,3.000000,4.000000
1010,all5g,8,5,73,0,0,1,2.764422,99.166700,0.921474,80,0.318797,60,0,0,0,0.318797,0.318797,0.000000,0.000000,0.318797,0.010139,0,0,1,-1,80,0,0,99.166700,30.000000,17.000000,0.901156,0.921474,0.921474,0.000633,0.003423,0.003423,0.003423,8,0,8,fixed,8,8,0,0,3.000000,4.000000
1010,all5g,8,5,74,0,0,2,1.634922,99.166700,0.204365,80,0.318797,60,0,0,0,0.318797,0.318797,0.000000,0.000000,0.318797,0.010139,0,0,1,0,80,0,0,99.166700,30.000000,17.000000,0.202867,0.204365,0.204365,0.000633,0.003376,0.003376,0.003376,8,0,8,fixed,8,8,0,0,3.000000,4.000000
1010,all5g,8,5,75,0,0,2,1.622856,99.166700,0.202857,80,0.318797,60,0,0,0,0.318797,0.318797,0.000000,0.000000,0.318797,0.010139,0,0,1,0,80,0,0,99.166700,30.000000,17.000000,0.202914,0.202857,0.202857,0.000633,0.003327,0.003327,0.003327,8,0,8,fixed,8,8,0,0,3.000000,4.000000
1010,all5g,8,5,76,0,0,2,1.621888,99.166700,0.202736,80,0.318797,60,0,0,0,0.318797,0.318797,0.000000,0.000000,0.318797,0.010139,0,0,1,0,80,0,0,99.166700,30.000000,17.000000,0.202918,0.202736,0.202736,0.000633,0.003324,0.003324,0.003324,8,0,8,fixed,8,8,0,0,3.000000,4.000000
1010,all5g,8,5,77,0,0,2,1.606466,99.166700,0.200808,80,0.318797,60,0,0,0,0.318797,0.318797,0.000000,0.000000,0.318797,0.010139,0,0,1,0,80,0,0,99.166700,30.000000,17.000000,0.202978,0.200808,0.200808,0.000633,0.003260,0.003260,0.003260,8,0,8,fixed,8,8,0,0,3.000000,4.000000
1010,all5g,8,5,78,0,0,4,0.000000,99.166700,0.403361,80,0.318797,60,0,0,0,0.318797,0.318797,0.000000,0.000000,0.318797,0.010139,0,0,1,0,80,0,0,99.166700,30.000000,17.000000,0.403361,1.333333,2.352941,0.000633,0.005669,0.006097,0.006097,8,0,8,fixed,8,8,0,0,3.000000,4.000000
1010,all5g,8,5,79,0,0,3,0.000000,99.166700,1.008403,80,0.318797,60,0,0,0,0.318797,0.318797,0.000000,0.000000,0.318797,0.010139,0,0,1,1,80,0,0,99.166700,30.000000,17.000000,1.008403,3.333333,5.882353,0.000633,0.004309,0.004479,0.004479,8,0,8,fixed,8,8,0,0,3.000000,4.000000
1010,all5g,8,5,80,0,0,4,0.000000,99.166700,0.403361,80,0.318797,60,0,0,0,0.318797,0.318797,0.000000,0.000000,0.318797,0.010139,0,0,1,0,80,0,0,99.166700,30.000000,17.000000,0.403361,1.333333,2.352941,0.000633,0.005669,0.006097,0.006097,8,0,8,fixed,8,8,0,0,3.000000,4.000000
