seed,method,effective_method,bootstrap_cycle_flag,max_switches,cycle_id,ue_id,previous_bs_id,current_bs_id,app_type,tp_mbps,rtt_ms,satisfaction,num_users_on_current_bs,harmonic_mean,num_unsatisfied_users,target_ue_flag,action_selected_bs_id,switch_flag,h_before,h_after_estimated,reward,estimated_reward,h_after_measured,measured_reward,switch_count,num_degraded_users,measurement_valid,candidate_type,num_users_ap0,num_users_ap1,num_users_ap2,monitor_rtt_ap0,monitor_rtt_ap1,monitor_rtt_ap2,estimated_satisfaction_if_ap0,estimated_satisfaction_if_ap1,estimated_satisfaction_if_ap2,estimated_h_delta_if_ap0,estimated_h_delta_if_ap1,estimated_h_delta_if_ap2,best_estimated_h_delta,effective_max_switches,applied_switches_in_cycle,remaining_switch_budget,k_schedule_type,k_max,k_min,k_decay_rate,stop_action_flag,warmup_before_cycle_sec,cycle_start_offset_sec
12,centralized_dqn,logistic_bootstrap,1,4,1,1,2,2,1,1.677411,63.333300,0.559137,25,0.292850,37,0,1,1,0.292850,0.628532,0.335682,0.335682,0.292850,0.000000,49,0,1,-1,27,28,25,101.167000,80.833300,63.333300,1.146519,0.904980,0.701375,0.019312,0.016589,0.014520,0.019312,4,49,0,fixed,4,1,1,0,3.000000,4.000000
12,centralized_dqn,logistic_bootstrap,1,4,1,2,0,0,2,4.863482,101.167000,0.607935,27,0.292850,37,0,0,0,0.292850,0.628532,0.335682,0.335682,0.292850,0.000000,49,0,1,-1,27,28,25,101.167000,80.833300,63.333300,0.639418,0.170733,0.102958,0.014520,0.007172,0.001291,0.007172,4,49,0,fixed,4,1,1,0,3.000000,4.000000
12,centralized_dqn,logistic_bootstrap,1,4,1,3,2,2,4,0.000000,63.333300,0.631579,25,0.292850,37,0,2,0,0.292850,0.628532,0.335682,0.335682,0.292850,0.000000,49,0,1,-1,27,28,25,101.167000,80.833300,63.333300,0.395386,0.494846,0.631579,0.017565,0.015751,0.014520,0.017565,4,49,0,fixed,4,1,1,0,3.000000,4.000000
12,centralized_dqn,logistic_bootstrap,1,4,1,4,1,1,1,2.962535,80.833300,0.987512,28,0.292850,37,0,1,0,0.292850,0.628532,0.335682,0.335682,0.292850,0.000000,49,0,1,-1,27,28,25,101.167000,80.833300,63.333300,1.146519,0.930128,0.647046,0.017125,0.014520,0.012194,0.017125,4,49,0,fixed,4,1,1,0,3.000000,4.000000
12,centralized_dqn,logistic_bootstrap,1,4,1,5,1,1,2,1.417452,80.833300,0.177182,28,0.292850,37,0,0,1,0.292850,0.628532,0.335682,0.335682,0.292850,0.000000,49,0,1,0,27,28,25,101.167000,80.833300,63.333300,0.614246,0.176799,0.102958,0.021586,0.014520,0.007894,0.021586,4,49,0,fixed,4,1,1,0,3.000000,4.000000
12,centralized_dqn,logistic_bootstrap,1,4,1,6,2,2,1,2.087809,63.333300,0.695936,25,0.292850,37,0,1,1,0.292850,0.628532,0.335682,0.335682,0.292850,0.000000,49,0,1,-1,27,28,25,101.167000,80.833300,63.333300,1.146519,0.904980,0.667175,0.019398,0.016673,0.014520,0.019398,4,49,0,fixed,4,1,1,0,3.000000,4.000000
12,centralized_dqn,logistic_bootstrap,1,4,1,7,0,0,2,4.576964,101.167000,0.572121,27,0.292850,37,0,0,0,0.292850,0.628532,0.335682,0.335682,0.292850,0.000000,49,0,1,-1,27,28,25,101.167000,80.833300,63.333300,0.642402,0.170733,0.102958,0.014520,0.007165,0.001283,0.007165,4,49,0,fixed,4,1,1,0,3.000000,4.000000
12,centralized_dqn,logistic_bootstrap,1,4,1,8,0,0,2,0.000000,101.167000,0.100000,27,0.292850,37,1,0,0,0.292850,0.628532,0.335682,0.335682,0.292850,0.000000,49,0,0,0,27,28,25,101.167000,80.833300,63.333300,0.636996,0.170733,0.102958,0.014520,0.007179,0.001297,0.007179,4,49,0,fixed,4,1,1,0,3.000000,4.000000
12,centralized_dqn,logistic_bootstrap,1,4,1,9,0,0,2,4.855538,101.167000,0.606942,27,0.292850,37,0,0,0,0.292850,0.628532,0.335682,0.335682,0.292850,0.000000,49,0,1,-1,27,28,25,101.167000,80.833300,63.333300,0.639501,0.170733,0.102958,0.014520,0.007172,0.001291,0.007172,4,49,0,fixed,4,1,1,0,3.000000,4.000000
12,centralized_dqn,logistic_bootstrap,1,4,1,10,1,1,2,1.416417,80.833300,0.177052,28,0.292850,37,0,0,1,0.292850,0.628532,0.335682,0.335682,0.292850,0.000000,49,0,1,0,27,28,25,101.167000,80.833300,63.333300,0.614246,0.176811,0.102958,0.021586,0.014520,0.007893,0.021586,4,49,0,fixed,4,1,1,0,3.000000,4.000000
12,centralized_dqn,logistic_bootstrap,1,4,1,11,2,2,4,0.000000,63.333300,0.631579,25,0.292850,37,0,2,0,0.292850,0.628532,0.335682,0.335682,0.292850,0.000000,49,0,1,-1,27,28,25,101.167000,80.833300,63.333300,0.395386,0.494846,0.631579,0.017565,0.015751,0.014520,0.017565,4,49,0,fixed,4,1,1,0,3.000000,4.000000
12,centralized_dqn,logistic_bootstrap,1,4,1,12,2,2,2,0.859018,63.333300,0.107377,25,0.292850,37,0,0,1,0.292850,0.628532,0.335682,0.335682,0.292850,0.000000,49,0,1,0,27,28,25,101.167000,80.833300,63.333300,0.614246,0.170733,0.107046,0.027877,0.020034,0.014520,0.027877,4,49,0,fixed,4,1,1,0,3.000000,4.000000
12,centralized_dqn,logistic_bootstrap,1,4,1,13,2,2,2,0.857877,63.333300,0.107235,25,0.292850,37,0,0,1,0.292850,0.628532,0.335682,0.335682,0.292850,0.000000,49,0,1,0,27,28,25,101.167000,80.833300,63.333300,0.614246,0.170733,0.107061,0.027875,0.020033,0.014520,0.027875,4,49,0,fixed,4,1,1,0,3.000000,4.000000
12,centralized_dqn,logistic_bootstrap,1,4,1,14,0,0,2,5.145220,101.167000,0.643152,27,0.292850,37,0,0,0,0.292850,0.628532,0.335682,0.335682,0.292850,0.000000,49,0,1,-1,27,28,25,101.167000,80.833300,63.333300,0.636483,0.170733,0.102958,0.014520,0.007180,0.001299,0.007180,4,49,0,fixed,4,1,1,0,3.000000,4.000000
12,centralized_dqn,logistic_bootstrap,1,4,1,15,0,0,1,3.566092,101.167000,1.188697,27,0.292850,37,0,1,1,0.292850,0.628532,0.335682,0.335682,0.292850,0.000000,49,0,1,-1,27,28,25,101.167000,80.833300,63.333300,1.189125,0.904980,0.647046,0.014520,0.011807,0.009599,0.011807,4,49,0,fixed,4,1,1,0,3.000000,4.000000
12,centralized_dqn,logistic_bootstrap,1,4,1,16,0,0,2,5.146313,101.167000,0.643289,27,0.292850,37,0,0,0,0.292850,0.628532,0.335682,0.335682,0.292850,0.000000,49,0,1,-1,27,28,25,101.167000,80.833300,63.333300,0.636472,0.170733,0.102958,0.014520,0.007180,0.001299,0.007180,4,49,0,fixed,4,1,1,0,3.000000,4.000000
12,centralized_dqn,logistic_bootstrap,1,4,1,17,0,0,3,0.000000,101.167000,0.988465,27,0.292850,37,0,2,1,0.292850,0.628532,0.335682,0.335682,0.292850,0.000000,49,0,1,-1,27,28,25,101.167000,80.833300,63.333300,0.988465,1.237114,1.578948,0.014520,0.012386,0.010878,0.012386,4,49,0,fixed,4,1,1,0,3.000000,4.000000
12,centralized_dqn,logistic_bootstrap,1,4,1,18,0,0,4,0.000000,101.167000,0.395386,27,0.292850,37,0,2,1,0.292850,0.628532,0.335682,0.335682,0.292850,0.000000,49,0,1,0,27,28,25,101.167000,80.833300,63.333300,0.395386,0.494846,0.631579,0.014520,0.012742,0.011534,0.012742,4,49,0,fixed,4,1,1,0,3.000000,4.000000
12,centralized_dqn,logistic_bootstrap,1,4,1,19,2,2,3,0.000000,63.333300,1.578948,25,0.292850,37,0,2,0,0.292850,0.628532,0.335682,0.335682,0.292850,0.000000,49,0,1,-1,27,28,25,101.167000,80.833300,63.333300,0.988465,1.237114,1.578948,0.018250,0.016064,0.014520,0.018250,4,49,0,fixed,4,1,1,0,3.000000,4.000000
12,centralized_dqn,logistic_bootstrap,1,4,1,20,0,0,4,0.000000,101.167000,0.395386,27,0.292850,37,0,2,1,0.292850,0.628532,0.335682,0.335682,0.292850,0.000000,49,0,1,0,27,28,25,101.167000,80.833300,63.333300,0.395386,0.494846,0.631579,0.014520,0.012742,0.011534,0.012742,4,49,0,fixed,4,1,1,0,3.000000,4.000000
12,centralized_dqn,logistic_bootstrap,1,4,1,21,1,1,2,1.416335,80.833300,0.177042,28,0.292850,37,0,0,1,0.292850,0.628532,0.335682,0.335682,0.292850,0.000000,49,0,1,0,27,28,25,101.167000,80.833300,63.333300,0.614246,0.176812,0.102958,0.021586,0.014520,0.007893,0.021586,4,49,0,fixed,4,1,1,0,3.000000,4.000000
12,centralized_dqn,logistic_bootstrap,1,4,1,22,0,0,2,5.146313,101.167000,0.643289,27,0.292850,37,0,0,0,0.292850,0.628532,0.335682,0.335682,0.292850,0.000000,49,0,1,-1,27,28,25,101.167000,80.833300,63.333300,0.636472,0.170733,0.102958,0.014520,0.007180,0.001299,0.007180,4,49,0,fixed,4,1,1,0,3.000000,4.000000
12,centralized_dqn,logistic_bootstrap,1,4,1,23,1,1,2,1.416358,80.833300,0.177045,28,0.292850,37,0,0,1,0.292850,0.628532,0.335682,0.335682,0.292850,0.000000,49,0,1,0,27,28,25,101.167000,80.833300,63.333300,0.614246,0.176812,0.102958,0.021586,0.014520,0.007893,0.021586,4,49,0,fixed,4,1,1,0,3.000000,4.000000
12,centralized_dqn,logistic_bootstrap,1,4,1,24,1,1,4,0.000000,80.833300,0.494846,28,0.292850,37,0,2,1,0.292850,0.628532,0.335682,0.335682,0.292850,0.000000,49,0,1,0,27,28,25,101.167000,80.833300,63.333300,0.395386,0.494846,0.631579,0.016319,0.014520,0.013298,0.016319,4,49,0,fixed,4,1,1,0,3.000000,4.000000
12,centralized_dqn,logistic_bootstrap,1,4,1,25,1,1,2,1.416323,80.833300,0.177040,28,0.292850,37,0,0,1,0.292850,0.628532,0.335682,0.335682,0.292850,0.000000,49,0,1,0,27,28,25,101.167000,80.833300,63.333300,0.614246,0.176812,0.102958,0.021586,0.014520,0.007893,0.021586,4,49,0,fixed,4,1,1,0,3.000000,4.000000
12,centralized_dqn,logistic_bootstrap,1,4,1,26,2,2,2,0.856832,63.333300,0.107104,25,0.292850,37,0,0,1,0.292850,0.628532,0.335682,0.335682,0.292850,0.000000,49,0,1,0,27,28,25,101.167000,80.833300,63.333300,0.614246,0.170733,0.107074,0.027874,0.020032,0.014520,0.027874,4,49,0,fixed,4,1,1,0,3.000000,4.000000
12,centralized_dqn,logistic_bootstrap,1,4,1,27,0,0,3,0.000000,101.167000,0.988465,27,0.292850,37,0,2,1,0.292850,0.628532,0.335682,0.335682,0.292850,0.000000,49,0,1,-1,27,28,25,101.167000,80.833300,63.333300,0.988465,1.237114,1.578948,0.014520,0.012386,0.010878,0.012386,4,49,0,fixed,4,1,1,0,3.000000,4.000000
12,centralized_dqn,logistic_bootstrap,1,4,1,28,1,1,2,1.416406,80.833300,0.177051,28,0.292850,37,0,0,1,0.292850,0.628532,0.335682,0.335682,0.292850,0.000000,49,0,1,0,27,28,25,101.167000,80.833300,63.333300,0.614246,0.176811,0.102958,0.021586,0.014520,0.007893,0.021586,4,49,0,fixed,4,1,1,0,3.000000,4.000000
12,centralized_dqn,logistic_bootstrap,1,4,1,29,0,0,2,5.146289,101.167000,0.643286,27,0.292850,37,0,0,0,0.292850,0.628532,0.335682,0.335682,0.292850,0.000000,49,0,1,-1,27,28,25,101.167000,80.833300,63.333300,0.636472,0.170733,0.102958,0.014520,0.007180,0.001299,0.007180,4,49,0,fixed,4,1,1,0,3.000000,4.000000
12,centralized_dqn,logistic_bootstrap,1,4,1,30,1,1,2,1.416418,80.833300,0.177052,28,0.292850,37,0,0,1,0.292850,0.628532,0.335682,0.335682,0.292850,0.000000,49,0,1,0,27,28,25,101.167000,80.833300,63.333300,0.614246,0.176811,0.102958,0.021586,0.014520,0.007893,0.021586,4,49,0,fixed,4,1,1,0,3.000000,4.000000
12,centralized_dqn,logistic_bootstrap,1,4,1,31,2,2,4,0.000000,63.333300,0.631579,25,0.292850,37,0,2,0,0.292850,0.628532,0.335682,0.335682,0.292850,0.000000,49,0,1,-1,27,28,25,101.167000,80.833300,63.333300,0.395386,0.494846,0.631579,0.017565,0.015751,0.014520,0.017565,4,49,0,fixed,4,1,1,0,3.000000,4.000000
12,centralized_dqn,logistic_bootstrap,1,4,1,32,1,1,1,2.844260,80.833300,0.948087,28,0.292850,37,0,1,0,0.292850,0.628532,0.335682,0.335682,0.292850,0.000000,49,0,1,-1,27,28,25,101.167000,80.833300,63.333300,1.146519,0.935760,0.647046,0.017118,0.014520,0.012186,0.017118,4,49,0,fixed,4,1,1,0,3.000000,4.000000
12,centralized_dqn,logistic_bootstrap,1,4,1,33,1,1,4,0.000000,80.833300,0.494846,28,0.292850,37,0,2,1,0.292850,0.628532,0.335682,0.335682,0.292850,0.000000,49,0,1,0,27,28,25,101.167000,80.833300,63.333300,0.395386,0.494846,0.631579,0.016319,0.014520,0.013298,0.016319,4,49,0,fixed,4,1,1,0,3.000000,4.000000
12,centralized_dqn,logistic_bootstrap,1,4,1,34,1,1,1,2.955458,80.833300,0.985153,28,0.292850,37,0,1,0,0.292850,0.628532,0.335682,0.335682,0.292850,0.000000,49,0,1,-1,27,28,25,101.167000,80.833300,63.333300,1.146519,0.930465,0.647046,0.017125,0.014520,0.012193,0.017125,4,49,0,fixed,4,1,1,0,3.000000,4.000000
12,centralized_dqn,logistic_bootstrap,1,4,1,35,0,0,2,5.147406,101.167000,0.643426,27,0.292850,37,0,0,0,0.292850,0.628532,0.335682,0.335682,0.292850,0.000000,49,0,1,-1,27,28,25,101.167000,80.833300,63.333300,0.636460,0.170733,0.102958,0.014520,0.007180,0.001299,0.007180,4,49,0,fixed,4,1,1,0,3.000000,4.000000
12,centralized_dqn,logistic_bootstrap,1,4,1,36,0,0,2,5.144091,101.167000,0.643011,27,0.292850,37,0,0,0,0.292850,0.628532,0.335682,0.335682,0.292850,0.000000,49,0,1,-1,27,28,25,101.167000,80.833300,63.333300,0.636495,0.170733,0.102958,0.014520,0.007180,0.001298,0.007180,4,49,0,fixed,4,1,1,0,3.000000,4.000000
12,centralized_dqn,logistic_bootstrap,1,4,1,37,2,2,4,0.000000,63.333300,0.631579,25,0.292850,37,0,2,0,0.292850,0.628532,0.335682,0.335682,0.292850,0.000000,49,0,1,-1,27,28,25,101.167000,80.833300,63.333300,0.395386,0.494846,0.631579,0.017565,0.015751,0.014520,0.017565,4,49,0,fixed,4,1,1,0,3.000000,4.000000
12,centralized_dqn,logistic_bootstrap,1,4,1,38,0,0,1,3.566836,101.167000,1.188945,27,0.292850,37,0,1,1,0.292850,0.628532,0.335682,0.335682,0.292850,0.000000,49,0,1,-1,27,28,25,101.167000,80.833300,63.333300,1.189001,0.904980,0.647046,0.014520,0.011807,0.009599,0.011807,4,49,0,fixed,4,1,1,0,3.000000,4.000000
12,centralized_dqn,logistic_bootstrap,1,4,1,39,0,0,2,5.409758,101.167000,0.676220,27,0.292850,37,0,0,0,0.292850,0.628532,0.335682,0.335682,0.292850,0.000000,49,0,1,-1,27,28,25,101.167000,80.833300,63.333300,0.633728,0.170733,0.102958,0.014520,0.007188,0.001306,0.007188,4,49,0,fixed,4,1,1,0,3.000000,4.000000
12,centralized_dqn,logistic_bootstrap,1,4,1,40,0,0,4,0.000000,101.167000,0.395386,27,0.292850,37,0,2,1,0.292850,0.628532,0.335682,0.335682,0.292850,0.000000,49,0,1,0,27,28,25,101.167000,80.833300,63.333300,0.395386,0.494846,0.631579,0.014520,0.012742,0.011534,0.012742,4,49,0,fixed,4,1,1,0,3.000000,4.000000
12,centralized_dqn,logistic_bootstrap,1,4,1,41,0,0,1,3.567913,101.167000,1.189304,27,0.292850,37,0,1,1,0.292850,0.628532,0.335682,0.335682,0.292850,0.000000,49,0,1,-1,27,28,25,101.167000,80.833300,63.333300,1.188821,0.904980,0.647046,0.014520,0.011807,0.009599,0.011807,4,49,0,fixed,4,1,1,0,3.000000,4.000000
12,centralized_dqn,logistic_bootstrap,1,4,1,42,0,0,4,0.000000,101.167000,0.395386,27,0.292850,37,0,2,1,0.292850,0.628532,0.335682,0.335682,0.292850,0.000000,49,0,1,0,27,28,25,101.167000,80.833300,63.333300,0.395386,0.494846,0.631579,0.014520,0.012742,0.011534,0.012742,4,49,0,fixed,4,1,1,0,3.000000,4.000000
12,centralized_dqn,logistic_bootstrap,1,4,1,43,1,1,2,0.000000,80.833300,0.100000,28,0.292850,37,0,0,1,0.292850,0.628532,0.335682,0.335682,0.292850,0.000000,49,0,0,0,27,28,25,101.167000,80.833300,63.333300,0.614246,0.176831,0.102958,0.021585,0.014520,0.007893,0.021585,4,49,0,fixed,4,1,1,0,3.000000,4.000000
12,centralized_dqn,logistic_bootstrap,1,4,1,44,2,2,2,0.844822,63.333300,0.105603,25,0.292850,37,0,0,1,0.292850,0.628532,0.335682,0.335682,0.292850,0.000000,49,0,1,0,27,28,25,101.167000,80.833300,63.333300,0.614246,0.170733,0.107224,0.027858,0.020016,0.014520,0.027858,4,49,0,fixed,4,1,1,0,3.000000,4.000000
12,centralized_dqn,logistic_bootstrap,1,4,1,45,1,1,3,0.000000,80.833300,1.237114,28,0.292850,37,0,2,1,0.292850,0.628532,0.335682,0.335682,0.292850,0.000000,49,0,1,1,27,28,25,101.167000,80.833300,63.333300,0.988465,1.237114,1.578948,0.016684,0.014520,0.012991,0.016684,4,49,0,fixed,4,1,1,0,3.000000,4.000000
12,centralized_dqn,logistic_bootstrap,1,4,1,46,1,1,2,1.416380,80.833300,0.177048,28,0.292850,37,0,0,1,0.292850,0.628532,0.335682,0.335682,0.292850,0.000000,49,0,1,0,27,28,25,101.167000,80.833300,63.333300,0.614246,0.176811,0.102958,0.021586,0.014520,0.007893,0.021586,4,49,0,fixed,4,1,1,0,3.000000,4.000000
12,centralized_dqn,logistic_bootstrap,1,4,1,47,1,1,4,0.000000,80.833300,0.494846,28,0.292850,37,0,2,1,0.292850,0.628532,0.335682,0.335682,0.292850,0.000000,49,0,1,0,27,28,25,101.167000,80.833300,63.333300,0.395386,0.494846,0.631579,0.016319,0.014520,0.013298,0.016319,4,49,0,fixed,4,1,1,0,3.000000,4.000000
12,centralized_dqn,logistic_bootstrap,1,4,1,48,0,0,4,0.000000,101.167000,0.395386,27,0.292850,37,0,2,1,0.292850,0.628532,0.335682,0.335682,0.292850,0.000000,49,0,1,0,27,28,25,101.167000,80.833300,63.333300,0.395386,0.494846,0.631579,0.014520,0.012742,0.011534,0.012742,4,49,0,fixed,4,1,1,0,3.000000,4.000000
12,centralized_dqn,logistic_bootstrap,1,4,1,49,2,2,2,0.856832,63.333300,0.107104,25,0.292850,37,0,0,1,0.292850,0.628532,0.335682,0.335682,0.292850,0.000000,49,0,1,0,27,28,25,101.167000,80.833300,63.333300,0.614246,0.170733,0.107074,0.027874,0.020032,0.014520,0.027874,4,49,0,fixed,4,1,1,0,3.000000,4.000000
12,centralized_dqn,logistic_bootstrap,1,4,1,50,1,1,2,1.417474,80.833300,0.177184,28,0.292850,37,0,0,1,0.292850,0.628532,0.335682,0.335682,0.292850,0.000000,49,0,1,0,27,28,25,101.167000,80.833300,63.333300,0.614246,0.176799,0.102958,0.021586,0.014520,0.007894,0.021586,4,49,0,fixed,4,1,1,0,3.000000,4.000000
12,centralized_dqn,logistic_bootstrap,1,4,1,51,1,1,1,2.735136,80.833300,0.911712,28,0.292850,37,0,1,0,0.292850,0.628532,0.335682,0.335682,0.292850,0.000000,49,0,1,-1,27,28,25,101.167000,80.833300,63.333300,1.146519,0.940957,0.647046,0.017111,0.014520,0.012180,0.017111,4,49,0,fixed,4,1,1,0,3.000000,4.000000
12,centralized_dqn,logistic_bootstrap,1,4,1,52,1,1,2,1.416369,80.833300,0.177046,28,0.292850,37,0,0,1,0.292850,0.628532,0.335682,0.335682,0.292850,0.000000,49,0,1,0,27,28,25,101.167000,80.833300,63.333300,0.614246,0.176811,0.102958,0.021586,0.014520,0.007893,0.021586,4,49,0,fixed,4,1,1,0,3.000000,4.000000
12,centralized_dqn,logistic_bootstrap,1,4,1,53,2,2,1,2.095256,63.333300,0.698419,25,0.292850,37,0,1,1,0.292850,0.628532,0.335682,0.335682,0.292850,0.000000,49,0,1,-1,27,28,25,101.167000,80.833300,63.333300,1.146519,0.904980,0.666555,0.019399,0.016674,0.014520,0.019399,4,49,0,fixed,4,1,1,0,3.000000,4.000000
12,centralized_dqn,logistic_bootstrap,1,4,1,54,1,1,1,2.749045,80.833300,0.916348,28,0.292850,37,0,1,0,0.292850,0.628532,0.335682,0.335682,0.292850,0.000000,49,0,1,-1,27,28,25,101.167000,80.833300,63.333300,1.146519,0.940294,0.647046,0.017112,0.014520,0.012181,0.017112,4,49,0,fixed,4,1,1,0,3.000000,4.000000
12,centralized_dqn,logistic_bootstrap,1,4,1,55,2,2,4,0.000000,63.333300,0.631579,25,0.292850,37,0,2,0,0.292850,0.628532,0.335682,0.335682,0.292850,0.000000,49,0,1,-1,27,28,25,101.167000,80.833300,63.333300,0.395386,0.494846,0.631579,0.017565,0.015751,0.014520,0.017565,4,49,0,fixed,4,1,1,0,3.000000,4.000000
12,centralized_dqn,logistic_bootstrap,1,4,1,56,1,1,1,2.928923,80.833300,0.976308,28,0.292850,37,0,1,0,0.292850,0.628532,0.335682,0.335682,0.292850,0.000000,49,0,1,-1,27,28,25,101.167000,80.833300,63.333300,1.146519,0.931729,0.647046,0.017123,0.014520,0.012192,0.017123,4,49,0,fixed,4,1,1,0,3.000000,4.000000
12,centralized_dqn,logistic_bootstrap,1,4,1,57,2,2,2,0.857890,63.333300,0.107236,25,0.292850,37,0,0,1,0.292850,0.628532,0.335682,0.335682,0.292850,0.000000,49,0,1,0,27,28,25,101.167000,80.833300,63.333300,0.614246,0.170733,0.107060,0.027875,0.020033,0.014520,0.027875,4,49,0,fixed,4,1,1,0,3.000000,4.000000
12,centralized_dqn,logistic_bootstrap,1,4,1,58,1,1,1,2.885452,80.833300,0.961817,28,0.292850,37,0,1,0,0.292850,0.628532,0.335682,0.335682,0.292850,0.000000,49,0,1,-1,27,28,25,101.167000,80.833300,63.333300,1.146519,0.933799,0.647046,0.017120,0.014520,0.012189,0.017120,4,49,0,fixed,4,1,1,0,3.000000,4.000000
12,centralized_dqn,logistic_bootstrap,1,4,1,59,2,2,2,0.857866,63.333300,0.107233,25,0.292850,37,0,0,1,0.292850,0.628532,0.335682,0.335682,0.292850,0.000000,49,0,1,0,27,28,25,101.167000,80.833300,63.333300,0.614246,0.170733,0.107061,0.027875,0.020033,0.014520,0.027875,4,49,0,fixed,4,1,1,0,3.000000,4.000000
12,centralized_dqn,logistic_bootstrap,1,4,1,60,1,1,2,1.392336,80.833300,0.174042,28,0.292850,37,0,0,1,0.292850,0.628532,0.335682,0.335682,0.292850,0.000000,49,0,1,0,27,28,25,101.167000,80.833300,63.333300,0.614246,0.177085,0.102958,0.021575,0.014520,0.007884,0.021575,4,49,0,fixed,4,1,1,0,3.000000,4.000000
12,centralized_dqn,logistic_bootstrap,1,4,1,61,1,1,2,1.417510,80.833300,0.177189,28,0.292850,37,0,0,1,0.292850,0.628532,0.335682,0.335682,0.292850,0.000000,49,0,1,0,27,28,25,101.167000,80.833300,63.333300,0.614246,0.176799,0.102958,0.021586,0.014520,0.007894,0.021586,4,49,0,fixed,4,1,1,0,3.000000,4.000000
12,centralized_dqn,logistic_bootstrap,1,4,1,62,2,2,2,0.857912,63.333300,0.107239,25,0.292850,37,0,0,1,0.292850,0.628532,0.335682,0.335682,0.292850,0.000000,49,0,1,0,27,28,25,101.167000,80.833300,63.333300,0.614246,0.170733,0.107060,0.027875,0.020033,0.014520,0.027875,4,49,0,fixed,4,1,1,0,3.000000,4.000000
12,centralized_dqn,logistic_bootstrap,1,4,1,63,2,2,2,0.856844,63.333300,0.107105,25,0.292850,37,0,0,1,0.292850,0.628532,0.335682,0.335682,0.292850,0.000000,49,0,1,0,27,28,25,101.167000,80.833300,63.333300,0.614246,0.170733,0.107074,0.027874,0.020032,0.014520,0.027874,4,49,0,fixed,4,1,1,0,3.000000,4.000000
12,centralized_dqn,logistic_bootstrap,1,4,1,64,1,1,4,0.000000,80.833300,0.494846,28,0.292850,37,0,2,1,0.292850,0.628532,0.335682,0.335682,0.292850,0.000000,49,0,1,0,27,28,25,101.167000,80.833300,63.333300,0.395386,0.494846,0.631579,0.016319,0.014520,0.013298,0.016319,4,49,0,fixed,4,1,1,0,3.000000,4.000000
12,centralized_dqn,logistic_bootstrap,1,4,1,65,1,1,1,2.434415,80.833300,0.811472,28,0.292850,37,0,1,0,0.292850,0.628532,0.335682,0.335682,0.292850,0.000000,49,0,1,-1,27,28,25,101.167000,80.833300,63.333300,1.146519,0.955277,0.647046,0.017092,0.014520,0.012162,0.017092,4,49,0,fixed,4,1,1,0,3.000000,4.000000
12,centralized_dqn,logistic_bootstrap,1,4,1,66,1,1,4,0.000000,80.833300,0.494846,28,0.292850,37,0,2,1,0.292850,0.628532,0.335682,0.335682,0.292850,0.000000,49,0,1,0,27,28,25,101.167000,80.833300,63.333300,0.395386,0.494846,0.631579,0.016319,0.014520,0.013298,0.016319,4,49,0,fixed,4,1,1,0,3.000000,4.000000
12,centralized_dqn,logistic_bootstrap,1,4,1,67,1,1,4,0.000000,80.833300,0.494846,28,0.292850,37,0,2,1,0.292850,0.628532,0.335682,0.335682,0.292850,0.000000,49,0,1,0,27,28,25,101.167000,80.833300,63.333300,0.395386,0.494846,0.631579,0.016319,0.014520,0.013298,0.016319,4,49,0,fixed,4,1,1,0,3.000000,4.000000
12,centralized_dqn,logistic_bootstrap,1,4,1,68,2,2,1,2.143904,63.333300,0.714635,25,0.292850,37,0,1,1,0.292850,0.628532,0.335682,0.335682,0.292850,0.000000,49,0,1,-1,27,28,25,101.167000,80.833300,63.333300,1.146519,0.904980,0.662501,0.019410,0.016685,0.014520,0.019410,4,49,0,fixed,4,1,1,0,3.000000,4.000000
12,centralized_dqn,logistic_bootstrap,1,4,1,69,0,0,3,0.000000,101.167000,0.988465,27,0.292850,37,0,2,1,0.292850,0.628532,0.335682,0.335682,0.292850,0.000000,49,0,1,-1,27,28,25,101.167000,80.833300,63.333300,0.988465,1.237114,1.578948,0.014520,0.012386,0.010878,0.012386,4,49,0,fixed,4,1,1,0,3.000000,4.000000
12,centralized_dqn,logistic_bootstrap,1,4,1,70,2,2,2,0.857890,63.333300,0.107236,25,0.292850,37,0,0,1,0.292850,0.628532,0.335682,0.335682,0.292850,0.000000,49,0,1,0,27,28,25,101.167000,80.833300,63.333300,0.614246,0.170733,0.107060,0.027875,0.020033,0.014520,0.027875,4,49,0,fixed,4,1,1,0,3.000000,4.000000
12,centralized_dqn,logistic_bootstrap,1,4,1,71,2,2,1,2.089534,63.333300,0.696511,25,0.292850,37,0,1,1,0.292850,0.628532,0.335682,0.335682,0.292850,0.000000,49,0,1,-1,27,28,25,101.167000,80.833300,63.333300,1.146519,0.904980,0.667032,0.019398,0.016673,0.014520,0.019398,4,49,0,fixed,4,1,1,0,3.000000,4.000000
12,centralized_dqn,logistic_bootstrap,1,4,1,72,0,0,2,5.146276,101.167000,0.643285,27,0.292850,37,0,0,0,0.292850,0.628532,0.335682,0.335682,0.292850,0.000000,49,0,1,-1,27,28,25,101.167000,80.833300,63.333300,0.636472,0.170733,0.102958,0.014520,0.007180,0.001299,0.007180,4,49,0,fixed,4,1,1,0,3.000000,4.000000
12,centralized_dqn,logistic_bootstrap,1,4,1,73,0,0,3,0.000000,101.167000,0.988465,27,0.292850,37,0,2,1,0.292850,0.628532,0.335682,0.335682,0.292850,0.000000,49,0,1,-1,27,28,25,101.167000,80.833300,63.333300,0.988465,1.237114,1.578948,0.014520,0.012386,0.010878,0.012386,4,49,0,fixed,4,1,1,0,3.000000,4.000000
12,centralized_dqn,logistic_bootstrap,1,4,1,74,0,0,2,5.144114,101.167000,0.643014,27,0.292850,37,0,0,0,0.292850,0.628532,0.335682,0.335682,0.292850,0.000000,49,0,1,-1,27,28,25,101.167000,80.833300,63.333300,0.636495,0.170733,0.102958,0.014520,0.007180,0.001298,0.007180,4,49,0,fixed,4,1,1,0,3.000000,4.000000
12,centralized_dqn,logistic_bootstrap,1,4,1,75,2,2,4,0.000000,63.333300,0.631579,25,0.292850,37,0,2,0,0.292850,0.628532,0.335682,0.335682,0.292850,0.000000,49,0,1,-1,27,28,25,101.167000,80.833300,63.333300,0.395386,0.494846,0.631579,0.017565,0.015751,0.014520,0.017565,4,49,0,fixed,4,1,1,0,3.000000,4.000000
12,centralized_dqn,logistic_bootstrap,1,4,1,76,0,0,4,0.000000,101.167000,0.395386,27,0.292850,37,0,2,1,0.292850,0.628532,0.335682,0.335682,0.292850,0.000000,49,0,1,0,27,28,25,101.167000,80.833300,63.333300,0.395386,0.494846,0.631579,0.014520,0.012742,0.011534,0.012742,4,49,0,fixed,4,1,1,0,3.000000,4.000000
12,centralized_dqn,logistic_bootstrap,1,4,1,77,2,2,3,0.000000,63.333300,1.578948,25,0.292850,37,0,2,0,0.292850,0.628532,0.335682,0.335682,0.292850,0.000000,49,0,1,-1,27,28,25,101.167000,80.833300,63.333300,0.988465,1.237114,1.578948,0.018250,0.016064,0.014520,0.018250,4,49,0,fixed,4,1,1,0,3.000000,4.000000
12,centralized_dqn,logistic_bootstrap,1,4,1,78,2,2,3,0.000000,63.333300,1.578948,25,0.292850,37,0,2,0,0.292850,0.628532,0.335682,0.335682,0.292850,0.000000,49,0,1,-1,27,28,25,101.167000,80.833300,63.333300,0.988465,1.237114,1.578948,0.018250,0.016064,0.014520,0.018250,4,49,0,fixed,4,1,1,0,3.000000,4.000000
12,centralized_dqn,logistic_bootstrap,1,4,1,79,2,2,2,0.858946,63.333300,0.107368,25,0.292850,37,0,0,1,0.292850,0.628532,0.335682,0.335682,0.292850,0.000000,49,0,1,0,27,28,25,101.167000,80.833300,63.333300,0.614246,0.170733,0.107047,0.027877,0.020034,0.014520,0.027877,4,49,0,fixed,4,1,1,0,3.000000,4.000000
12,centralized_dqn,logistic_bootstrap,1,4,1,80,0,0,2,5.375840,101.167000,0.671980,27,0.292850,37,0,0,0,0.292850,0.628532,0.335682,0.335682,0.292850,0.000000,49,0,1,-1,27,28,25,101.167000,80.833300,63.333300,0.634081,0.170733,0.102958,0.014520,0.007187,0.001305,0.007187,4,49,0,fixed,4,1,1,0,3.000000,4.000000
12,centralized_dqn,centralized_dqn,0,4,2,1,1,1,1,3.763321,76.500000,1.254440,16,0.410363,38,0,1,0,0.410363,0.464975,0.054611,0.054611,0.410363,0.117514,4,24,1,-1,38,16,26,113.000000,76.500000,39.833300,0.682322,0.889073,1.207979,0.018619,0.025924,0.029095,0.029095,4,4,0,fixed,4,1,1,0,3.000000,4.000000
12,centralized_dqn,centralized_dqn,0,4,2,2,0,0,2,2.136642,113.000000,0.267080,38,0.410363,38,0,1,1,0.410363,0.464975,0.054611,0.054611,0.410363,0.117514,4,24,1,0,38,16,26,113.000000,76.500000,39.833300,0.262483,0.321850,0.257188,0.025924,0.033953,0.034733,0.034733,4,4,0,fixed,4,1,1,0,3.000000,4.000000
12,centralized_dqn,centralized_dqn,0,4,2,3,2,2,4,0.000000,39.833300,1.004185,26,0.410363,38,0,2,0,0.410363,0.464975,0.054611,0.054611,0.410363,0.117514,4,24,1,-1,38,16,26,113.000000,76.500000,39.833300,0.353982,0.522876,1.004185,0.012911,0.021185,0.025924,0.021185,4,4,0,fixed,4,1,1,0,3.000000,4.000000
12,centralized_dqn,centralized_dqn,0,4,2,4,1,1,1,2.438047,76.500000,0.812682,16,0.410363,38,0,1,0,0.410363,0.464975,0.054611,0.054611,0.410363,0.117514,4,24,1,-1,38,16,26,113.000000,76.500000,39.833300,0.682322,0.918523,0.782583,0.018541,0.025924,0.027930,0.027930,4,4,0,fixed,4,1,1,0,3.000000,4.000000
12,centralized_dqn,centralized_dqn,0,4,2,5,0,0,2,2.142079,113.000000,0.267760,38,0.410363,38,0,0,0,0.410363,0.464975,0.054611,0.054611,0.410363,0.117514,4,24,1,0,38,16,26,113.000000,76.500000,39.833300,0.262465,0.321850,0.257843,0.025924,0.033954,0.034758,0.034758,4,4,0,fixed,4,1,1,0,3.000000,4.000000
12,centralized_dqn,centralized_dqn,0,4,2,6,1,1,1,3.264511,76.500000,1.088170,16,0.410363,38,0,1,0,0.410363,0.464975,0.054611,0.054611,0.410363,0.117514,4,24,1,-1,38,16,26,113.000000,76.500000,39.833300,0.682322,0.900157,1.047868,0.018589,0.025924,0.028759,0.028759,4,4,0,fixed,4,1,1,0,3.000000,4.000000
12,centralized_dqn,centralized_dqn,0,4,2,7,0,0,2,2.158461,113.000000,0.269808,38,0.410363,38,0,1,1,0.410363,0.464975,0.054611,0.054611,0.410363,0.117514,4,24,1,0,38,16,26,113.000000,76.500000,39.833300,0.262410,0.321850,0.259815,0.025924,0.033956,0.034833,0.034833,4,4,0,fixed,4,1,1,0,3.000000,4.000000
12,centralized_dqn,centralized_dqn,0,4,2,8,0,0,2,0.451368,113.000000,0.056421,38,0.410363,38,1,0,0,0.410363,0.464975,0.054611,0.054611,0.410363,0.117514,4,24,1,0,38,16,26,113.000000,76.500000,39.833300,0.268177,0.321850,0.054331,0.025924,0.033759,0.001303,0.033759,4,4,0,fixed,4,1,1,0,3.000000,4.000000
12,centralized_dqn,centralized_dqn,0,4,2,9,0,0,2,2.158437,113.000000,0.269805,38,0.410363,38,0,1,1,0.410363,0.464975,0.054611,0.054611,0.410363,0.117514,4,24,1,0,38,16,26,113.000000,76.500000,39.833300,0.262410,0.321850,0.259812,0.025924,0.033956,0.034833,0.034833,4,4,0,fixed,4,1,1,0,3.000000,4.000000
12,centralized_dqn,centralized_dqn,0,4,2,10,0,0,2,2.158415,113.000000,0.269802,38,0.410363,38,0,0,0,0.410363,0.464975,0.054611,0.054611,0.410363,0.117514,4,24,1,0,38,16,26,113.000000,76.500000,39.833300,0.262410,0.321850,0.259809,0.025924,0.033956,0.034833,0.034833,4,4,0,fixed,4,1,1,0,3.000000,4.000000
12,centralized_dqn,centralized_dqn,0,4,2,11,2,2,4,0.000000,39.833300,1.004185,26,0.410363,38,0,2,0,0.410363,0.464975,0.054611,0.054611,0.410363,0.117514,4,24,1,-1,38,16,26,113.000000,76.500000,39.833300,0.353982,0.522876,1.004185,0.012911,0.021185,0.025924,0.021185,4,4,0,fixed,4,1,1,0,3.000000,4.000000
12,centralized_dqn,centralized_dqn,0,4,2,12,0,0,2,2.158450,113.000000,0.269806,38,0.410363,38,0,0,0,0.410363,0.464975,0.054611,0.054611,0.410363,0.117514,4,24,1,0,38,16,26,113.000000,76.500000,39.833300,0.262410,0.321850,0.259813,0.025924,0.033956,0.034833,0.034833,4,4,0,fixed,4,1,1,0,3.000000,4.000000
12,centralized_dqn,centralized_dqn,0,4,2,13,0,0,2,2.158455,113.000000,0.269807,38,0.410363,38,0,0,0,0.410363,0.464975,0.054611,0.054611,0.410363,0.117514,4,24,1,0,38,16,26,113.000000,76.500000,39.833300,0.262410,0.321850,0.259814,0.025924,0.033956,0.034833,0.034833,4,4,0,fixed,4,1,1,0,3.000000,4.000000
12,centralized_dqn,centralized_dqn,0,4,2,14,0,0,2,2.158426,113.000000,0.269803,38,0.410363,38,0,2,1,0.410363,0.464975,0.054611,0.054611,0.410363,0.117514,4,24,1,0,38,16,26,113.000000,76.500000,39.833300,0.262410,0.321850,0.259811,0.025924,0.033956,0.034833,0.034833,4,4,0,fixed,4,1,1,0,3.000000,4.000000
12,centralized_dqn,centralized_dqn,0,4,2,15,1,1,1,2.463314,76.500000,0.821105,16,0.410363,38,0,1,0,0.410363,0.464975,0.054611,0.054611,0.410363,0.117514,4,24,1,-1,38,16,26,113.000000,76.500000,39.833300,0.682322,0.917962,0.790693,0.018542,0.025924,0.027963,0.027963,4,4,0,fixed,4,1,1,0,3.000000,4.000000
12,centralized_dqn,centralized_dqn,0,4,2,16,0,0,2,2.158450,113.000000,0.269806,38,0.410363,38,0,0,0,0.410363,0.464975,0.054611,0.054611,0.410363,0.117514,4,24,1,0,38,16,26,113.000000,76.500000,39.833300,0.262410,0.321850,0.259813,0.025924,0.033956,0.034833,0.034833,4,4,0,fixed,4,1,1,0,3.000000,4.000000
12,centralized_dqn,centralized_dqn,0,4,2,17,2,2,3,0.000000,39.833300,2.510462,26,0.410363,38,0,2,0,0.410363,0.464975,0.054611,0.054611,0.410363,0.117514,4,24,1,-1,38,16,26,113.000000,76.500000,39.833300,0.884956,1.307190,2.510462,0.015383,0.022469,0.025924,0.022469,4,4,0,fixed,4,1,1,0,3.000000,4.000000
12,centralized_dqn,centralized_dqn,0,4,2,18,2,2,4,0.000000,39.833300,1.004185,26,0.410363,38,0,2,0,0.410363,0.464975,0.054611,0.054611,0.410363,0.117514,4,24,1,-1,38,16,26,113.000000,76.500000,39.833300,0.353982,0.522876,1.004185,0.012911,0.021185,0.025924,0.021185,4,4,0,fixed,4,1,1,0,3.000000,4.000000
12,centralized_dqn,centralized_dqn,0,4,2,19,2,2,3,0.000000,39.833300,2.510462,26,0.410363,38,0,2,0,0.410363,0.464975,0.054611,0.054611,0.410363,0.117514,4,24,1,-1,38,16,26,113.000000,76.500000,39.833300,0.884956,1.307190,2.510462,0.015383,0.022469,0.025924,0.022469,4,4,0,fixed,4,1,1,0,3.000000,4.000000
12,centralized_dqn,centralized_dqn,0,4,2,20,2,2,4,0.000000,39.833300,1.004185,26,0.410363,38,0,2,0,0.410363,0.464975,0.054611,0.054611,0.410363,0.117514,4,24,1,-1,38,16,26,113.000000,76.500000,39.833300,0.353982,0.522876,1.004185,0.012911,0.021185,0.025924,0.021185,4,4,0,fixed,4,1,1,0,3.000000,4.000000
12,centralized_dqn,centralized_dqn,0,4,2,21,0,0,2,2.158421,113.000000,0.269803,38,0.410363,38,0,0,0,0.410363,0.464975,0.054611,0.054611,0.410363,0.117514,4,24,1,0,38,16,26,113.000000,76.500000,39.833300,0.262410,0.321850,0.259810,0.025924,0.033956,0.034833,0.034833,4,4,0,fixed,4,1,1,0,3.000000,4.000000
12,centralized_dqn,centralized_dqn,0,4,2,22,0,0,2,2.158498,113.000000,0.269812,38,0.410363,38,0,0,0,0.410363,0.464975,0.054611,0.054611,0.410363,0.117514,4,24,1,0,38,16,26,113.000000,76.500000,39.833300,0.262410,0.321850,0.259819,0.025924,0.033956,0.034834,0.034834,4,4,0,fixed,4,1,1,0,3.000000,4.000000
12,centralized_dqn,centralized_dqn,0,4,2,23,0,0,2,2.158426,113.000000,0.269803,38,0.410363,38,0,0,0,0.410363,0.464975,0.054611,0.054611,0.410363,0.117514,4,24,1,0,38,16,26,113.000000,76.500000,39.833300,0.262410,0.321850,0.259811,0.025924,0.033956,0.034833,0.034833,4,4,0,fixed,4,1,1,0,3.000000,4.000000
12,centralized_dqn,centralized_dqn,0,4,2,24,2,2,4,0.000000,39.833300,1.004185,26,0.410363,38,0,2,0,0.410363,0.464975,0.054611,0.054611,0.410363,0.117514,4,24,1,-1,38,16,26,113.000000,76.500000,39.833300,0.353982,0.522876,1.004185,0.012911,0.021185,0.025924,0.021185,4,4,0,fixed,4,1,1,0,3.000000,4.000000
12,centralized_dqn,centralized_dqn,0,4,2,25,0,0,2,2.158391,113.000000,0.269799,38,0.410363,38,0,0,0,0.410363,0.464975,0.054611,0.054611,0.410363,0.117514,4,24,1,0,38,16,26,113.000000,76.500000,39.833300,0.262410,0.321850,0.259806,0.025924,0.033956,0.034833,0.034833,4,4,0,fixed,4,1,1,0,3.000000,4.000000
12,centralized_dqn,centralized_dqn,0,4,2,26,0,0,2,2.158391,113.000000,0.269799,38,0.410363,38,0,0,0,0.410363,0.464975,0.054611,0.054611,0.410363,0.117514,4,24,1,0,38,16,26,113.000000,76.500000,39.833300,0.262410,0.321850,0.259806,0.025924,0.033956,0.034833,0.034833,4,4,0,fixed,4,1,1,0,3.000000,4.000000
12,centralized_dqn,centralized_dqn,0,4,2,27,2,2,3,0.000000,39.833300,2.510462,26,0.410363,38,0,2,0,0.410363,0.464975,0.054611,0.054611,0.410363,0.117514,4,24,1,-1,38,16,26,113.000000,76.500000,39.833300,0.884956,1.307190,2.510462,0.015383,0.022469,0.025924,0.022469,4,4,0,fixed,4,1,1,0,3.000000,4.000000
12,centralized_dqn,centralized_dqn,0,4,2,28,0,0,2,2.158391,113.000000,0.269799,38,0.410363,38,0,0,0,0.410363,0.464975,0.054611,0.054611,0.410363,0.117514,4,24,1,0,38,16,26,113.000000,76.500000,39.833300,0.262410,0.321850,0.259806,0.025924,0.033956,0.034833,0.034833,4,4,0,fixed,4,1,1,0,3.000000,4.000000
12,centralized_dqn,centralized_dqn,0,4,2,29,0,0,2,2.159567,113.000000,0.269946,38,0.410363,38,0,0,0,0.410363,0.464975,0.054611,0.054611,0.410363,0.117514,4,24,1,0,38,16,26,113.000000,76.500000,39.833300,0.262406,0.321850,0.259948,0.025924,0.033956,0.034838,0.034838,4,4,0,fixed,4,1,1,0,3.000000,4.000000
12,centralized_dqn,centralized_dqn,0,4,2,30,0,0,2,2.158443,113.000000,0.269805,38,0.410363,38,0,0,0,0.410363,0.464975,0.054611,0.054611,0.410363,0.117514,4,24,1,0,38,16,26,113.000000,76.500000,39.833300,0.262410,0.321850,0.259813,0.025924,0.033956,0.034833,0.034833,4,4,0,fixed,4,1,1,0,3.000000,4.000000
12,centralized_dqn,centralized_dqn,0,4,2,31,2,2,4,0.000000,39.833300,1.004185,26,0.410363,38,0,2,0,0.410363,0.464975,0.054611,0.054611,0.410363,0.117514,4,24,1,-1,38,16,26,113.000000,76.500000,39.833300,0.353982,0.522876,1.004185,0.012911,0.021185,0.025924,0.021185,4,4,0,fixed,4,1,1,0,3.000000,4.000000
12,centralized_dqn,centralized_dqn,0,4,2,32,1,1,1,2.320295,76.500000,0.773432,16,0.410363,38,0,1,0,0.410363,0.464975,0.054611,0.054611,0.410363,0.117514,4,24,1,-1,38,16,26,113.000000,76.500000,39.833300,0.682322,0.921140,0.744786,0.018534,0.025924,0.027768,0.027768,4,4,0,fixed,4,1,1,0,3.000000,4.000000
12,centralized_dqn,centralized_dqn,0,4,2,33,2,2,4,0.000000,39.833300,1.004185,26,0.410363,38,0,2,0,0.410363,0.464975,0.054611,0.054611,0.410363,0.117514,4,24,1,-1,38,16,26,113.000000,76.500000,39.833300,0.353982,0.522876,1.004185,0.012911,0.021185,0.025924,0.021185,4,4,0,fixed,4,1,1,0,3.000000,4.000000
12,centralized_dqn,centralized_dqn,0,4,2,34,1,1,1,2.316821,76.500000,0.772274,16,0.410363,38,0,1,0,0.410363,0.464975,0.054611,0.054611,0.410363,0.117514,4,24,1,-1,38,16,26,113.000000,76.500000,39.833300,0.682322,0.921217,0.743671,0.018534,0.025924,0.027763,0.027763,4,4,0,fixed,4,1,1,0,3.000000,4.000000
12,centralized_dqn,centralized_dqn,0,4,2,35,0,0,2,2.159555,113.000000,0.269944,38,0.410363,38,0,0,0,0.410363,0.464975,0.054611,0.054611,0.410363,0.117514,4,24,1,0,38,16,26,113.000000,76.500000,39.833300,0.262406,0.321850,0.259946,0.025924,0.033956,0.034838,0.034838,4,4,0,fixed,4,1,1,0,3.000000,4.000000
12,centralized_dqn,centralized_dqn,0,4,2,36,0,0,2,2.159543,113.000000,0.269943,38,0.410363,38,0,0,0,0.410363,0.464975,0.054611,0.054611,0.410363,0.117514,4,24,1,0,38,16,26,113.000000,76.500000,39.833300,0.262406,0.321850,0.259945,0.025924,0.033956,0.034838,0.034838,4,4,0,fixed,4,1,1,0,3.000000,4.000000
12,centralized_dqn,centralized_dqn,0,4,2,37,2,2,4,0.000000,39.833300,1.004185,26,0.410363,38,0,2,0,0.410363,0.464975,0.054611,0.054611,0.410363,0.117514,4,24,1,-1,38,16,26,113.000000,76.500000,39.833300,0.353982,0.522876,1.004185,0.012911,0.021185,0.025924,0.021185,4,4,0,fixed,4,1,1,0,3.000000,4.000000
12,centralized_dqn,centralized_dqn,0,4,2,38,1,1,1,2.462367,76.500000,0.820789,16,0.410363,38,0,1,0,0.410363,0.464975,0.054611,0.054611,0.410363,0.117514,4,24,1,-1,38,16,26,113.000000,76.500000,39.833300,0.682322,0.917983,0.790389,0.018542,0.025924,0.027962,0.027962,4,4,0,fixed,4,1,1,0,3.000000,4.000000
12,centralized_dqn,centralized_dqn,0,4,2,39,0,0,2,2.159543,113.000000,0.269943,38,0.410363,38,0,0,0,0.410363,0.464975,0.054611,0.054611,0.410363,0.117514,4,24,1,0,38,16,26,113.000000,76.500000,39.833300,0.262406,0.321850,0.259945,0.025924,0.033956,0.034838,0.034838,4,4,0,fixed,4,1,1,0,3.000000,4.000000
12,centralized_dqn,centralized_dqn,0,4,2,40,2,2,4,0.000000,39.833300,1.004185,26,0.410363,38,0,2,0,0.410363,0.464975,0.054611,0.054611,0.410363,0.117514,4,24,1,-1,38,16,26,113.000000,76.500000,39.833300,0.353982,0.522876,1.004185,0.012911,0.021185,0.025924,0.021185,4,4,0,fixed,4,1,1,0,3.000000,4.000000
12,centralized_dqn,centralized_dqn,0,4,2,41,1,1,1,2.528964,76.500000,0.842988,16,0.410363,38,0,1,0,0.410363,0.464975,0.054611,0.054611,0.410363,0.117514,4,24,1,-1,38,16,26,113.000000,76.500000,39.833300,0.682322,0.916503,0.811766,0.018546,0.025924,0.028046,0.028046,4,4,0,fixed,4,1,1,0,3.000000,4.000000
12,centralized_dqn,centralized_dqn,0,4,2,42,2,2,4,0.000000,39.833300,1.004185,26,0.410363,38,0,2,0,0.410363,0.464975,0.054611,0.054611,0.410363,0.117514,4,24,1,-1,38,16,26,113.000000,76.500000,39.833300,0.353982,0.522876,1.004185,0.012911,0.021185,0.025924,0.021185,4,4,0,fixed,4,1,1,0,3.000000,4.000000
12,centralized_dqn,centralized_dqn,0,4,2,43,0,0,2,2.157281,113.000000,0.269660,38,0.410363,38,0,0,0,0.410363,0.464975,0.054611,0.054611,0.410363,0.117514,4,24,1,0,38,16,26,113.000000,76.500000,39.833300,0.262414,0.321850,0.259673,0.025924,0.033956,0.034828,0.034828,4,4,0,fixed,4,1,1,0,3.000000,4.000000
12,centralized_dqn,centralized_dqn,0,4,2,44,0,0,2,2.158431,113.000000,0.269804,38,0.410363,38,0,0,0,0.410363,0.464975,0.054611,0.054611,0.410363,0.117514,4,24,1,0,38,16,26,113.000000,76.500000,39.833300,0.262410,0.321850,0.259811,0.025924,0.033956,0.034833,0.034833,4,4,0,fixed,4,1,1,0,3.000000,4.000000
12,centralized_dqn,centralized_dqn,0,4,2,45,2,2,3,0.000000,39.833300,2.510462,26,0.410363,38,0,2,0,0.410363,0.464975,0.054611,0.054611,0.410363,0.117514,4,24,1,-1,38,16,26,113.000000,76.500000,39.833300,0.884956,1.307190,2.510462,0.015383,0.022469,0.025924,0.022469,4,4,0,fixed,4,1,1,0,3.000000,4.000000
12,centralized_dqn,centralized_dqn,0,4,2,46,0,0,2,2.158363,113.000000,0.269795,38,0.410363,38,0,0,0,0.410363,0.464975,0.054611,0.054611,0.410363,0.117514,4,24,1,0,38,16,26,113.000000,76.500000,39.833300,0.262410,0.321850,0.259803,0.025924,0.033956,0.034833,0.034833,4,4,0,fixed,4,1,1,0,3.000000,4.000000
12,centralized_dqn,centralized_dqn,0,4,2,47,2,2,4,0.000000,39.833300,1.004185,26,0.410363,38,0,2,0,0.410363,0.464975,0.054611,0.054611,0.410363,0.117514,4,24,1,-1,38,16,26,113.000000,76.500000,39.833300,0.353982,0.522876,1.004185,0.012911,0.021185,0.025924,0.021185,4,4,0,fixed,4,1,1,0,3.000000,4.000000
12,centralized_dqn,centralized_dqn,0,4,2,48,2,2,4,0.000000,39.833300,1.004185,26,0.410363,38,0,2,0,0.410363,0.464975,0.054611,0.054611,0.410363,0.117514,4,24,1,-1,38,16,26,113.000000,76.500000,39.833300,0.353982,0.522876,1.004185,0.012911,0.021185,0.025924,0.021185,4,4,0,fixed,4,1,1,0,3.000000,4.000000
12,centralized_dqn,centralized_dqn,0,4,2,49,0,0,2,2.158421,113.000000,0.269803,38,0.410363,38,0,0,0,0.410363,0.464975,0.054611,0.054611,0.410363,0.117514,4,24,1,0,38,16,26,113.000000,76.500000,39.833300,0.262410,0.321850,0.259810,0.025924,0.033956,0.034833,0.034833,4,4,0,fixed,4,1,1,0,3.000000,4.000000
12,centralized_dqn,centralized_dqn,0,4,2,50,0,0,2,2.158398,113.000000,0.269800,38,0.410363,38,0,0,0,0.410363,0.464975,0.054611,0.054611,0.410363,0.117514,4,24,1,0,38,16,26,113.000000,76.500000,39.833300,0.262410,0.321850,0.259807,0.025924,0.033956,0.034833,0.034833,4,4,0,fixed,4,1,1,0,3.000000,4.000000
12,centralized_dqn,centralized_dqn,0,4,2,51,1,1,1,2.718807,76.500000,0.906269,16,0.410363,38,0,1,0,0.410363,0.464975,0.054611,0.054611,0.410363,0.117514,4,24,1,-1,38,16,26,113.000000,76.500000,39.833300,0.682322,0.912284,0.872704,0.018557,0.025924,0.028264,0.028264,4,4,0,fixed,4,1,1,0,3.000000,4.000000
12,centralized_dqn,centralized_dqn,0,4,2,52,0,0,2,2.159590,113.000000,0.269949,38,0.410363,38,0,0,0,0.410363,0.464975,0.054611,0.054611,0.410363,0.117514,4,24,1,0,38,16,26,113.000000,76.500000,39.833300,0.262406,0.321850,0.259951,0.025924,0.033956,0.034838,0.034838,4,4,0,fixed,4,1,1,0,3.000000,4.000000
12,centralized_dqn,centralized_dqn,0,4,2,53,1,1,1,3.311443,76.500000,1.103814,16,0.410363,38,0,1,0,0.410363,0.464975,0.054611,0.054611,0.410363,0.117514,4,24,1,-1,38,16,26,113.000000,76.500000,39.833300,0.682322,0.899114,1.062932,0.018592,0.025924,0.028794,0.028794,4,4,0,fixed,4,1,1,0,3.000000,4.000000
12,centralized_dqn,centralized_dqn,0,4,2,54,1,1,1,2.385147,76.500000,0.795049,16,0.410363,38,0,1,0,0.410363,0.464975,0.054611,0.054611,0.410363,0.117514,4,24,1,-1,38,16,26,113.000000,76.500000,39.833300,0.682322,0.919699,0.765603,0.018538,0.025924,0.027859,0.027859,4,4,0,fixed,4,1,1,0,3.000000,4.000000
12,centralized_dqn,centralized_dqn,0,4,2,55,2,2,4,0.000000,39.833300,1.004185,26,0.410363,38,0,2,0,0.410363,0.464975,0.054611,0.054611,0.410363,0.117514,4,24,1,-1,38,16,26,113.000000,76.500000,39.833300,0.353982,0.522876,1.004185,0.012911,0.021185,0.025924,0.021185,4,4,0,fixed,4,1,1,0,3.000000,4.000000
12,centralized_dqn,centralized_dqn,0,4,2,56,1,1,1,2.366579,76.500000,0.788860,16,0.410363,38,0,1,0,0.410363,0.464975,0.054611,0.054611,0.410363,0.117514,4,24,1,-1,38,16,26,113.000000,76.500000,39.833300,0.682322,0.920111,0.759643,0.018537,0.025924,0.027833,0.027833,4,4,0,fixed,4,1,1,0,3.000000,4.000000
12,centralized_dqn,centralized_dqn,0,4,2,57,0,0,2,2.158474,113.000000,0.269809,38,0.410363,38,0,0,0,0.410363,0.464975,0.054611,0.054611,0.410363,0.117514,4,24,1,0,38,16,26,113.000000,76.500000,39.833300,0.262410,0.321850,0.259816,0.025924,0.033956,0.034833,0.034833,4,4,0,fixed,4,1,1,0,3.000000,4.000000
12,centralized_dqn,centralized_dqn,0,4,2,58,1,1,1,2.431663,76.500000,0.810554,16,0.410363,38,0,1,0,0.410363,0.464975,0.054611,0.054611,0.410363,0.117514,4,24,1,-1,38,16,26,113.000000,76.500000,39.833300,0.682322,0.918665,0.780534,0.018541,0.025924,0.027922,0.027922,4,4,0,fixed,4,1,1,0,3.000000,4.000000
12,centralized_dqn,centralized_dqn,0,4,2,59,0,0,2,2.158340,113.000000,0.269792,38,0.410363,38,0,0,0,0.410363,0.464975,0.054611,0.054611,0.410363,0.117514,4,24,1,0,38,16,26,113.000000,76.500000,39.833300,0.262410,0.321850,0.259800,0.025924,0.033956,0.034833,0.034833,4,4,0,fixed,4,1,1,0,3.000000,4.000000
12,centralized_dqn,centralized_dqn,0,4,2,60,0,0,2,2.158293,113.000000,0.269787,38,0.410363,38,0,0,0,0.410363,0.464975,0.054611,0.054611,0.410363,0.117514,4,24,1,0,38,16,26,113.000000,76.500000,39.833300,0.262410,0.321850,0.259795,0.025924,0.033956,0.034833,0.034833,4,4,0,fixed,4,1,1,0,3.000000,4.000000
12,centralized_dqn,centralized_dqn,0,4,2,61,0,0,2,2.158515,113.000000,0.269814,38,0.410363,38,0,0,0,0.410363,0.464975,0.054611,0.054611,0.410363,0.117514,4,24,1,0,38,16,26,113.000000,76.500000,39.833300,0.262409,0.321850,0.259821,0.025924,0.033956,0.034834,0.034834,4,4,0,fixed,4,1,1,0,3.000000,4.000000
12,centralized_dqn,centralized_dqn,0,4,2,62,0,0,2,2.158480,113.000000,0.269810,38,0.410363,38,0,0,0,0.410363,0.464975,0.054611,0.054611,0.410363,0.117514,4,24,1,0,38,16,26,113.000000,76.500000,39.833300,0.262410,0.321850,0.259817,0.025924,0.033956,0.034833,0.034833,4,4,0,fixed,4,1,1,0,3.000000,4.000000
12,centralized_dqn,centralized_dqn,0,4,2,63,0,0,2,2.158456,113.000000,0.269807,38,0.410363,38,0,0,0,0.410363,0.464975,0.054611,0.054611,0.410363,0.117514,4,24,1,0,38,16,26,113.000000,76.500000,39.833300,0.262410,0.321850,0.259814,0.025924,0.033956,0.034833,0.034833,4,4,0,fixed,4,1,1,0,3.000000,4.000000
12,centralized_dqn,centralized_dqn,0,4,2,64,2,2,4,0.000000,39.833300,1.004185,26,0.410363,38,0,2,0,0.410363,0.464975,0.054611,0.054611,0.410363,0.117514,4,24,1,-1,38,16,26,113.000000,76.500000,39.833300,0.353982,0.522876,1.004185,0.012911,0.021185,0.025924,0.021185,4,4,0,fixed,4,1,1,0,3.000000,4.000000
12,centralized_dqn,centralized_dqn,0,4,2,65,1,1,1,2.796002,76.500000,0.932001,16,0.410363,38,0,1,0,0.410363,0.464975,0.054611,0.054611,0.410363,0.117514,4,24,1,-1,38,16,26,113.000000,76.500000,39.833300,0.682322,0.910569,0.897482,0.018561,0.025924,0.028345,0.028345,4,4,0,fixed,4,1,1,0,3.000000,4.000000
12,centralized_dqn,centralized_dqn,0,4,2,66,2,2,4,0.000000,39.833300,1.004185,26,0.410363,38,0,2,0,0.410363,0.464975,0.054611,0.054611,0.410363,0.117514,4,24,1,-1,38,16,26,113.000000,76.500000,39.833300,0.353982,0.522876,1.004185,0.012911,0.021185,0.025924,0.021185,4,4,0,fixed,4,1,1,0,3.000000,4.000000
12,centralized_dqn,centralized_dqn,0,4,2,67,2,2,4,0.000000,39.833300,1.004185,26,0.410363,38,0,2,0,0.410363,0.464975,0.054611,0.054611,0.410363,0.117514,4,24,1,-1,38,16,26,113.000000,76.500000,39.833300,0.353982,0.522876,1.004185,0.012911,0.021185,0.025924,0.021185,4,4,0,fixed,4,1,1,0,3.000000,4.000000
12,centralized_dqn,centralized_dqn,0,4,2,68,1,1,1,2.848740,76.500000,0.949580,16,0.410363,38,0,1,0,0.410363,0.464975,0.054611,0.054611,0.410363,0.117514,4,24,1,-1,38,16,26,113.000000,76.500000,39.833300,0.682322,0.909397,0.914410,0.018564,0.025924,0.028398,0.028398,4,4,0,fixed,4,1,1,0,3.000000,4.000000
12,centralized_dqn,centralized_dqn,0,4,2,69,2,2,3,0.000000,39.833300,2.510462,26,0.410363,38,0,2,0,0.410363,0.464975,0.054611,0.054611,0.410363,0.117514,4,24,1,-1,38,16,26,113.000000,76.500000,39.833300,0.884956,1.307190,2.510462,0.015383,0.022469,0.025924,0.022469,4,4,0,fixed,4,1,1,0,3.000000,4.000000
12,centralized_dqn,centralized_dqn,0,4,2,70,0,0,2,2.158519,113.000000,0.269815,38,0.410363,38,0,0,0,0.410363,0.464975,0.054611,0.054611,0.410363,0.117514,4,24,1,0,38,16,26,113.000000,76.500000,39.833300,0.262409,0.321850,0.259822,0.025924,0.033956,0.034834,0.034834,4,4,0,fixed,4,1,1,0,3.000000,4.000000
12,centralized_dqn,centralized_dqn,0,4,2,71,1,1,1,3.355566,76.500000,1.118522,16,0.410363,38,0,1,0,0.410363,0.464975,0.054611,0.054611,0.410363,0.117514,4,24,1,-1,38,16,26,113.000000,76.500000,39.833300,0.682322,0.898134,1.077095,0.018594,0.025924,0.028827,0.028827,4,4,0,fixed,4,1,1,0,3.000000,4.000000
12,centralized_dqn,centralized_dqn,0,4,2,72,0,0,2,2.159579,113.000000,0.269947,38,0.410363,38,0,0,0,0.410363,0.464975,0.054611,0.054611,0.410363,0.117514,4,24,1,0,38,16,26,113.000000,76.500000,39.833300,0.262406,0.321850,0.259949,0.025924,0.033956,0.034838,0.034838,4,4,0,fixed,4,1,1,0,3.000000,4.000000
12,centralized_dqn,centralized_dqn,0,4,2,73,2,2,3,0.000000,39.833300,2.510462,26,0.410363,38,0,2,0,0.410363,0.464975,0.054611,0.054611,0.410363,0.117514,4,24,1,-1,38,16,26,113.000000,76.500000,39.833300,0.884956,1.307190,2.510462,0.015383,0.022469,0.025924,0.022469,4,4,0,fixed,4,1,1,0,3.000000,4.000000
12,centralized_dqn,centralized_dqn,0,4,2,74,0,0,2,2.159603,113.000000,0.269950,38,0.410363,38,0,0,0,0.410363,0.464975,0.054611,0.054611,0.410363,0.117514,4,24,1,0,38,16,26,113.000000,76.500000,39.833300,0.262406,0.321850,0.259952,0.025924,0.033956,0.034839,0.034839,4,4,0,fixed,4,1,1,0,3.000000,4.000000
12,centralized_dqn,centralized_dqn,0,4,2,75,2,2,4,0.000000,39.833300,1.004185,26,0.410363,38,0,2,0,0.410363,0.464975,0.054611,0.054611,0.410363,0.117514,4,24,1,-1,38,16,26,113.000000,76.500000,39.833300,0.353982,0.522876,1.004185,0.012911,0.021185,0.025924,0.021185,4,4,0,fixed,4,1,1,0,3.000000,4.000000
12,centralized_dqn,centralized_dqn,0,4,2,76,2,2,4,0.000000,39.833300,1.004185,26,0.410363,38,0,2,0,0.410363,0.464975,0.054611,0.054611,0.410363,0.117514,4,24,1,-1,38,16,26,113.000000,76.500000,39.833300,0.353982,0.522876,1.004185,0.012911,0.021185,0.025924,0.021185,4,4,0,fixed,4,1,1,0,3.000000,4.000000
12,centralized_dqn,centralized_dqn,0,4,2,77,2,2,3,0.000000,39.833300,2.510462,26,0.410363,38,0,2,0,0.410363,0.464975,0.054611,0.054611,0.410363,0.117514,4,24,1,-1,38,16,26,113.000000,76.500000,39.833300,0.884956,1.307190,2.510462,0.015383,0.022469,0.025924,0.022469,4,4,0,fixed,4,1,1,0,3.000000,4.000000
12,centralized_dqn,centralized_dqn,0,4,2,78,2,2,3,0.000000,39.833300,2.510462,26,0.410363,38,0,2,0,0.410363,0.464975,0.054611,0.054611,0.410363,0.117514,4,24,1,-1,38,16,26,113.000000,76.500000,39.833300,0.884956,1.307190,2.510462,0.015383,0.022469,0.025924,0.022469,4,4,0,fixed,4,1,1,0,3.000000,4.000000
12,centralized_dqn,centralized_dqn,0,4,2,79,0,0,2,2.158456,113.000000,0.269807,38,0.410363,38,0,0,0,0.410363,0.464975,0.054611,0.054611,0.410363,0.117514,4,24,1,0,38,16,26,113.000000,76.500000,39.833300,0.262410,0.321850,0.259814,0.025924,0.033956,0.034833,0.034833,4,4,0,fixed,4,1,1,0,3.000000,4.000000
12,centralized_dqn,centralized_dqn,0,4,2,80,0,0,2,1.708169,113.000000,0.213521,38,0.410363,38,0,0,0,0.410363,0.464975,0.054611,0.054611,0.410363,0.117514,4,24,1,0,38,16,26,113.000000,76.500000,39.833300,0.263931,0.321850,0.205613,0.025924,0.033903,0.032281,0.033903,4,4,0,fixed,4,1,1,0,3.000000,4.000000
12,centralized_dqn,centralized_dqn,0,4,3,1,1,1,1,2.151065,71.666700,0.717022,19,0.373756,37,0,1,0,0.373756,0.429367,0.055612,0.055612,0.373756,-0.036608,4,16,1,-1,34,19,27,113.000000,71.666700,37.333300,0.760344,0.804665,2.372236,0.014139,0.013912,0.022321,0.022321,4,4,0,fixed,4,1,1,0,3.000000,4.000000
12,centralized_dqn,centralized_dqn,0,4,3,2,1,1,2,0.378151,71.666700,0.047269,19,0.373756,37,0,1,0,0.373756,0.429367,0.055612,0.055612,0.373756,-0.036608,4,16,1,0,34,19,27,113.000000,71.666700,37.333300,0.285129,0.070357,0.889589,0.034104,0.013912,0.046422,0.046422,4,4,0,fixed,4,1,1,0,3.000000,4.000000
12,centralized_dqn,centralized_dqn,0,4,3,3,2,2,4,0.000000,37.333300,1.071430,27,0.373756,37,0,2,0,0.373756,0.429367,0.055612,0.055612,0.373756,-0.036608,4,16,1,-1,34,19,27,113.000000,71.666700,37.333300,0.353982,0.558139,1.071430,0.004278,0.005667,0.013912,0.005667,4,4,0,fixed,4,1,1,0,3.000000,4.000000
12,centralized_dqn,centralized_dqn,0,4,3,4,1,1,1,2.429349,71.666700,0.809783,19,0.373756,37,0,1,0,0.373756,0.429367,0.055612,0.055612,0.373756,-0.036608,4,16,1,-1,34,19,27,113.000000,71.666700,37.333300,0.760344,0.798481,2.372236,0.014156,0.013912,0.022339,0.022339,4,4,0,fixed,4,1,1,0,3.000000,4.000000
12,centralized_dqn,centralized_dqn,0,4,3,5,0,0,2,2.382436,113.000000,0.297805,34,0.373756,37,0,0,0,0.373756,0.429367,0.055612,0.055612,0.373756,-0.036608,4,16,1,0,34,19,27,113.000000,71.666700,37.333300,0.293385,0.059528,0.889589,0.013912,-0.010304,0.024628,0.024628,4,4,0,fixed,4,1,1,0,3.000000,4.000000
12,centralized_dqn,centralized_dqn,0,4,3,6,1,1,1,2.409189,71.666700,0.803063,19,0.373756,37,0,1,0,0.373756,0.429367,0.055612,0.055612,0.373756,-0.036608,4,16,1,-1,34,19,27,113.000000,71.666700,37.333300,0.760344,0.798929,2.372236,0.014155,0.013912,0.022338,0.022338,4,4,0,fixed,4,1,1,0,3.000000,4.000000
12,centralized_dqn,centralized_dqn,0,4,3,7,1,1,2,0.750835,71.666700,0.093854,19,0.373756,37,0,1,0,0.373756,0.429367,0.055612,0.055612,0.373756,-0.036608,4,16,1,0,34,19,27,113.000000,71.666700,37.333300,0.285129,0.047065,0.889589,0.048449,0.013912,0.061662,0.061662,4,4,0,fixed,4,1,1,0,3.000000,4.000000
12,centralized_dqn,centralized_dqn,0,4,3,8,0,0,2,0.893958,113.000000,0.111745,34,0.373756,37,0,0,0,0.373756,0.429367,0.055612,0.055612,0.373756,-0.036608,4,16,1,0,34,19,27,113.000000,71.666700,37.333300,0.299023,0.059528,0.889589,0.013912,-0.010407,0.024504,0.024504,4,4,0,fixed,4,1,1,0,3.000000,4.000000
12,centralized_dqn,centralized_dqn,0,4,3,9,1,1,2,0.374883,71.666700,0.046860,19,0.373756,37,1,1,0,0.373756,0.429367,0.055612,0.055612,0.373756,-0.036608,4,16,1,0,34,19,27,113.000000,71.666700,37.333300,0.285129,0.070562,0.889589,0.034023,0.013912,0.046336,0.046336,4,4,0,fixed,4,1,1,0,3.000000,4.000000
12,centralized_dqn,centralized_dqn,0,4,3,10,0,0,2,2.467778,113.000000,0.308472,34,0.373756,37,0,0,0,0.373756,0.429367,0.055612,0.055612,0.373756,-0.036608,4,16,1,0,34,19,27,113.000000,71.666700,37.333300,0.293062,0.059528,0.889589,0.013912,-0.010298,0.024635,0.024635,4,4,0,fixed,4,1,1,0,3.000000,4.000000
12,centralized_dqn,centralized_dqn,0,4,3,11,2,2,4,0.000000,37.333300,1.071430,27,0.373756,37,0,2,0,0.373756,0.429367,0.055612,0.055612,0.373756,-0.036608,4,16,1,-1,34,19,27,113.000000,71.666700,37.333300,0.353982,0.558139,1.071430,0.004278,0.005667,0.013912,0.005667,4,4,0,fixed,4,1,1,0,3.000000,4.000000
12,centralized_dqn,centralized_dqn,0,4,3,12,0,0,2,2.467778,113.000000,0.308472,34,0.373756,37,0,0,0,0.373756,0.429367,0.055612,0.055612,0.373756,-0.036608,4,16,1,0,34,19,27,113.000000,71.666700,37.333300,0.293062,0.059528,0.889589,0.013912,-0.010298,0.024635,0.024635,4,4,0,fixed,4,1,1,0,3.000000,4.000000
12,centralized_dqn,centralized_dqn,0,4,3,13,0,0,2,2.410882,113.000000,0.301360,34,0.373756,37,0,0,0,0.373756,0.429367,0.055612,0.055612,0.373756,-0.036608,4,16,1,0,34,19,27,113.000000,71.666700,37.333300,0.293277,0.059528,0.889589,0.013912,-0.010302,0.024630,0.024630,4,4,0,fixed,4,1,1,0,3.000000,4.000000
12,centralized_dqn,centralized_dqn,0,4,3,14,2,2,2,7.380291,37.333300,0.922536,27,0.373756,37,0,2,0,0.373756,0.429367,0.055612,0.055612,0.373756,-0.036608,4,16,1,-1,34,19,27,113.000000,71.666700,37.333300,0.285129,0.059528,0.922536,0.003260,-0.019371,0.013912,0.003260,4,4,0,fixed,4,1,1,0,3.000000,4.000000
12,centralized_dqn,centralized_dqn,0,4,3,15,1,1,1,2.378086,71.666700,0.792695,19,0.373756,37,0,1,0,0.373756,0.429367,0.055612,0.055612,0.373756,-0.036608,4,16,1,-1,34,19,27,113.000000,71.666700,37.333300,0.760344,0.799620,2.372236,0.014153,0.013912,0.022336,0.022336,4,4,0,fixed,4,1,1,0,3.000000,4.000000
12,centralized_dqn,centralized_dqn,0,4,3,16,0,0,2,2.480875,113.000000,0.310109,34,0.373756,37,0,2,1,0.373756,0.429367,0.055612,0.055612,0.373756,-0.036608,4,16,1,0,34,19,27,113.000000,71.666700,37.333300,0.293012,0.059528,0.889589,0.013912,-0.010297,0.024636,0.024636,4,4,0,fixed,4,1,1,0,3.000000,4.000000
12,centralized_dqn,centralized_dqn,0,4,3,17,2,2,3,0.000000,37.333300,2.678574,27,0.373756,37,0,2,0,0.373756,0.429367,0.055612,0.055612,0.373756,-0.036608,4,16,1,1,34,19,27,113.000000,71.666700,37.333300,0.884956,1.395348,2.678574,0.006317,0.006596,0.013912,0.006596,4,4,0,fixed,4,1,1,0,3.000000,4.000000
12,centralized_dqn,centralized_dqn,0,4,3,18,2,2,4,0.000000,37.333300,1.071430,27,0.373756,37,0,2,0,0.373756,0.429367,0.055612,0.055612,0.373756,-0.036608,4,16,1,-1,34,19,27,113.000000,71.666700,37.333300,0.353982,0.558139,1.071430,0.004278,0.005667,0.013912,0.005667,4,4,0,fixed,4,1,1,0,3.000000,4.000000
12,centralized_dqn,centralized_dqn,0,4,3,19,2,2,3,0.000000,37.333300,2.678574,27,0.373756,37,0,2,0,0.373756,0.429367,0.055612,0.055612,0.373756,-0.036608,4,16,1,1,34,19,27,113.000000,71.666700,37.333300,0.884956,1.395348,2.678574,0.006317,0.006596,0.013912,0.006596,4,4,0,fixed,4,1,1,0,3.000000,4.000000
12,centralized_dqn,centralized_dqn,0,4,3,20,2,2,4,0.000000,37.333300,1.071430,27,0.373756,37,0,2,0,0.373756,0.429367,0.055612,0.055612,0.373756,-0.036608,4,16,1,-1,34,19,27,113.000000,71.666700,37.333300,0.353982,0.558139,1.071430,0.004278,0.005667,0.013912,0.005667,4,4,0,fixed,4,1,1,0,3.000000,4.000000
12,centralized_dqn,centralized_dqn,0,4,3,21,0,0,2,2.466620,113.000000,0.308328,34,0.373756,37,0,0,0,0.373756,0.429367,0.055612,0.055612,0.373756,-0.036608,4,16,1,0,34,19,27,113.000000,71.666700,37.333300,0.293066,0.059528,0.889589,0.013912,-0.010298,0.024635,0.024635,4,4,0,fixed,4,1,1,0,3.000000,4.000000
12,centralized_dqn,centralized_dqn,0,4,3,22,0,0,2,2.480851,113.000000,0.310106,34,0.373756,37,0,2,1,0.373756,0.429367,0.055612,0.055612,0.373756,-0.036608,4,16,1,0,34,19,27,113.000000,71.666700,37.333300,0.293012,0.059528,0.889589,0.013912,-0.010297,0.024636,0.024636,4,4,0,fixed,4,1,1,0,3.000000,4.000000
12,centralized_dqn,centralized_dqn,0,4,3,23,0,0,2,2.410917,113.000000,0.301365,34,0.373756,37,0,0,0,0.373756,0.429367,0.055612,0.055612,0.373756,-0.036608,4,16,1,0,34,19,27,113.000000,71.666700,37.333300,0.293277,0.059528,0.889589,0.013912,-0.010302,0.024630,0.024630,4,4,0,fixed,4,1,1,0,3.000000,4.000000
12,centralized_dqn,centralized_dqn,0,4,3,24,2,2,4,0.000000,37.333300,1.071430,27,0.373756,37,0,2,0,0.373756,0.429367,0.055612,0.055612,0.373756,-0.036608,4,16,1,-1,34,19,27,113.000000,71.666700,37.333300,0.353982,0.558139,1.071430,0.004278,0.005667,0.013912,0.005667,4,4,0,fixed,4,1,1,0,3.000000,4.000000
12,centralized_dqn,centralized_dqn,0,4,3,25,0,0,2,2.410917,113.000000,0.301365,34,0.373756,37,0,0,0,0.373756,0.429367,0.055612,0.055612,0.373756,-0.036608,4,16,1,0,34,19,27,113.000000,71.666700,37.333300,0.293277,0.059528,0.889589,0.013912,-0.010302,0.024630,0.024630,4,4,0,fixed,4,1,1,0,3.000000,4.000000
12,centralized_dqn,centralized_dqn,0,4,3,26,0,0,2,2.409831,113.000000,0.301229,34,0.373756,37,0,0,0,0.373756,0.429367,0.055612,0.055612,0.373756,-0.036608,4,16,1,0,34,19,27,113.000000,71.666700,37.333300,0.293281,0.059528,0.889589,0.013912,-0.010302,0.024630,0.024630,4,4,0,fixed,4,1,1,0,3.000000,4.000000
12,centralized_dqn,centralized_dqn,0,4,3,27,2,2,3,0.000000,37.333300,2.678574,27,0.373756,37,0,2,0,0.373756,0.429367,0.055612,0.055612,0.373756,-0.036608,4,16,1,1,34,19,27,113.000000,71.666700,37.333300,0.884956,1.395348,2.678574,0.006317,0.006596,0.013912,0.006596,4,4,0,fixed,4,1,1,0,3.000000,4.000000
12,centralized_dqn,centralized_dqn,0,4,3,28,0,0,2,2.409855,113.000000,0.301232,34,0.373756,37,0,0,0,0.373756,0.429367,0.055612,0.055612,0.373756,-0.036608,4,16,1,0,34,19,27,113.000000,71.666700,37.333300,0.293281,0.059528,0.889589,0.013912,-0.010302,0.024630,0.024630,4,4,0,fixed,4,1,1,0,3.000000,4.000000
12,centralized_dqn,centralized_dqn,0,4,3,29,0,0,2,2.480799,113.000000,0.310100,34,0.373756,37,0,2,1,0.373756,0.429367,0.055612,0.055612,0.373756,-0.036608,4,16,1,0,34,19,27,113.000000,71.666700,37.333300,0.293013,0.059528,0.889589,0.013912,-0.010297,0.024636,0.024636,4,4,0,fixed,4,1,1,0,3.000000,4.000000
12,centralized_dqn,centralized_dqn,0,4,3,30,0,0,2,2.391261,113.000000,0.298908,34,0.373756,37,0,0,0,0.373756,0.429367,0.055612,0.055612,0.373756,-0.036608,4,16,1,0,34,19,27,113.000000,71.666700,37.333300,0.293352,0.059528,0.889589,0.013912,-0.010304,0.024629,0.024629,4,4,0,fixed,4,1,1,0,3.000000,4.000000
12,centralized_dqn,centralized_dqn,0,4,3,31,2,2,4,0.000000,37.333300,1.071430,27,0.373756,37,0,2,0,0.373756,0.429367,0.055612,0.055612,0.373756,-0.036608,4,16,1,-1,34,19,27,113.000000,71.666700,37.333300,0.353982,0.558139,1.071430,0.004278,0.005667,0.013912,0.005667,4,4,0,fixed,4,1,1,0,3.000000,4.000000
12,centralized_dqn,centralized_dqn,0,4,3,32,1,1,1,2.520706,71.666700,0.840235,19,0.373756,37,0,1,0,0.373756,0.429367,0.055612,0.055612,0.373756,-0.036608,4,16,1,-1,34,19,27,113.000000,71.666700,37.333300,0.760344,0.796451,2.372236,0.014162,0.013912,0.022345,0.022345,4,4,0,fixed,4,1,1,0,3.000000,4.000000
12,centralized_dqn,centralized_dqn,0,4,3,33,2,2,4,0.000000,37.333300,1.071430,27,0.373756,37,0,2,0,0.373756,0.429367,0.055612,0.055612,0.373756,-0.036608,4,16,1,-1,34,19,27,113.000000,71.666700,37.333300,0.353982,0.558139,1.071430,0.004278,0.005667,0.013912,0.005667,4,4,0,fixed,4,1,1,0,3.000000,4.000000
12,centralized_dqn,centralized_dqn,0,4,3,34,1,1,1,2.491715,71.666700,0.830572,19,0.373756,37,0,1,0,0.373756,0.429367,0.055612,0.055612,0.373756,-0.036608,4,16,1,-1,34,19,27,113.000000,71.666700,37.333300,0.760344,0.797095,2.372236,0.014160,0.013912,0.022343,0.022343,4,4,0,fixed,4,1,1,0,3.000000,4.000000
12,centralized_dqn,centralized_dqn,0,4,3,35,0,0,2,2.480916,113.000000,0.310115,34,0.373756,37,0,0,0,0.373756,0.429367,0.055612,0.055612,0.373756,-0.036608,4,16,1,0,34,19,27,113.000000,71.666700,37.333300,0.293012,0.059528,0.889589,0.013912,-0.010297,0.024636,0.024636,4,4,0,fixed,4,1,1,0,3.000000,4.000000
12,centralized_dqn,centralized_dqn,0,4,3,36,0,0,2,2.481914,113.000000,0.310239,34,0.373756,37,0,0,0,0.373756,0.429367,0.055612,0.055612,0.373756,-0.036608,4,16,1,0,34,19,27,113.000000,71.666700,37.333300,0.293008,0.059528,0.889589,0.013912,-0.010297,0.024636,0.024636,4,4,0,fixed,4,1,1,0,3.000000,4.000000
12,centralized_dqn,centralized_dqn,0,4,3,37,2,2,4,0.000000,37.333300,1.071430,27,0.373756,37,0,2,0,0.373756,0.429367,0.055612,0.055612,0.373756,-0.036608,4,16,1,-1,34,19,27,113.000000,71.666700,37.333300,0.353982,0.558139,1.071430,0.004278,0.005667,0.013912,0.005667,4,4,0,fixed,4,1,1,0,3.000000,4.000000
12,centralized_dqn,centralized_dqn,0,4,3,38,1,1,1,2.390861,71.666700,0.796954,19,0.373756,37,0,1,0,0.373756,0.429367,0.055612,0.055612,0.373756,-0.036608,4,16,1,-1,34,19,27,113.000000,71.666700,37.333300,0.760344,0.799336,2.372236,0.014154,0.013912,0.022337,0.022337,4,4,0,fixed,4,1,1,0,3.000000,4.000000
12,centralized_dqn,centralized_dqn,0,4,3,39,0,0,2,2.432780,113.000000,0.304098,34,0.373756,37,0,0,0,0.373756,0.429367,0.055612,0.055612,0.373756,-0.036608,4,16,1,0,34,19,27,113.000000,71.666700,37.333300,0.293194,0.059528,0.889589,0.013912,-0.010301,0.024632,0.024632,4,4,0,fixed,4,1,1,0,3.000000,4.000000
12,centralized_dqn,centralized_dqn,0,4,3,40,2,2,4,0.000000,37.333300,1.071430,27,0.373756,37,0,2,0,0.373756,0.429367,0.055612,0.055612,0.373756,-0.036608,4,16,1,-1,34,19,27,113.000000,71.666700,37.333300,0.353982,0.558139,1.071430,0.004278,0.005667,0.013912,0.005667,4,4,0,fixed,4,1,1,0,3.000000,4.000000
12,centralized_dqn,centralized_dqn,0,4,3,41,1,1,1,2.303501,71.666700,0.767834,19,0.373756,37,0,1,0,0.373756,0.429367,0.055612,0.055612,0.373756,-0.036608,4,16,1,-1,34,19,27,113.000000,71.666700,37.333300,0.760344,0.801278,2.372236,0.014149,0.013912,0.022331,0.022331,4,4,0,fixed,4,1,1,0,3.000000,4.000000
12,centralized_dqn,centralized_dqn,0,4,3,42,2,2,4,0.000000,37.333300,1.071430,27,0.373756,37,0,2,0,0.373756,0.429367,0.055612,0.055612,0.373756,-0.036608,4,16,1,-1,34,19,27,113.000000,71.666700,37.333300,0.353982,0.558139,1.071430,0.004278,0.005667,0.013912,0.005667,4,4,0,fixed,4,1,1,0,3.000000,4.000000
12,centralized_dqn,centralized_dqn,0,4,3,43,0,0,2,2.465579,113.000000,0.308197,34,0.373756,37,0,0,0,0.373756,0.429367,0.055612,0.055612,0.373756,-0.036608,4,16,1,0,34,19,27,113.000000,71.666700,37.333300,0.293070,0.059528,0.889589,0.013912,-0.010298,0.024635,0.024635,4,4,0,fixed,4,1,1,0,3.000000,4.000000
12,centralized_dqn,centralized_dqn,0,4,3,44,0,0,2,2.391261,113.000000,0.298908,34,0.373756,37,0,0,0,0.373756,0.429367,0.055612,0.055612,0.373756,-0.036608,4,16,1,0,34,19,27,113.000000,71.666700,37.333300,0.293352,0.059528,0.889589,0.013912,-0.010304,0.024629,0.024629,4,4,0,fixed,4,1,1,0,3.000000,4.000000
12,centralized_dqn,centralized_dqn,0,4,3,45,2,2,3,0.000000,37.333300,2.678574,27,0.373756,37,0,2,0,0.373756,0.429367,0.055612,0.055612,0.373756,-0.036608,4,16,1,1,34,19,27,113.000000,71.666700,37.333300,0.884956,1.395348,2.678574,0.006317,0.006596,0.013912,0.006596,4,4,0,fixed,4,1,1,0,3.000000,4.000000
12,centralized_dqn,centralized_dqn,0,4,3,46,0,0,2,2.376935,113.000000,0.297117,34,0.373756,37,0,0,0,0.373756,0.429367,0.055612,0.055612,0.373756,-0.036608,4,16,1,0,34,19,27,113.000000,71.666700,37.333300,0.293406,0.059528,0.889589,0.013912,-0.010305,0.024627,0.024627,4,4,0,fixed,4,1,1,0,3.000000,4.000000
12,centralized_dqn,centralized_dqn,0,4,3,47,2,2,4,0.000000,37.333300,1.071430,27,0.373756,37,0,2,0,0.373756,0.429367,0.055612,0.055612,0.373756,-0.036608,4,16,1,-1,34,19,27,113.000000,71.666700,37.333300,0.353982,0.558139,1.071430,0.004278,0.005667,0.013912,0.005667,4,4,0,fixed,4,1,1,0,3.000000,4.000000
12,centralized_dqn,centralized_dqn,0,4,3,48,2,2,4,0.000000,37.333300,1.071430,27,0.373756,37,0,2,0,0.373756,0.429367,0.055612,0.055612,0.373756,-0.036608,4,16,1,-1,34,19,27,113.000000,71.666700,37.333300,0.353982,0.558139,1.071430,0.004278,0.005667,0.013912,0.005667,4,4,0,fixed,4,1,1,0,3.000000,4.000000
12,centralized_dqn,centralized_dqn,0,4,3,49,0,0,2,2.376948,113.000000,0.297118,34,0.373756,37,0,0,0,0.373756,0.429367,0.055612,0.055612,0.373756,-0.036608,4,16,1,0,34,19,27,113.000000,71.666700,37.333300,0.293406,0.059528,0.889589,0.013912,-0.010305,0.024627,0.024627,4,4,0,fixed,4,1,1,0,3.000000,4.000000
12,centralized_dqn,centralized_dqn,0,4,3,50,0,0,2,2.376959,113.000000,0.297120,34,0.373756,37,0,0,0,0.373756,0.429367,0.055612,0.055612,0.373756,-0.036608,4,16,1,0,34,19,27,113.000000,71.666700,37.333300,0.293406,0.059528,0.889589,0.013912,-0.010305,0.024627,0.024627,4,4,0,fixed,4,1,1,0,3.000000,4.000000
12,centralized_dqn,centralized_dqn,0,4,3,51,1,1,1,2.381378,71.666700,0.793793,19,0.373756,37,0,1,0,0.373756,0.429367,0.055612,0.055612,0.373756,-0.036608,4,16,1,-1,34,19,27,113.000000,71.666700,37.333300,0.760344,0.799547,2.372236,0.014153,0.013912,0.022336,0.022336,4,4,0,fixed,4,1,1,0,3.000000,4.000000
12,centralized_dqn,centralized_dqn,0,4,3,52,0,0,2,2.379149,113.000000,0.297394,34,0.373756,37,0,0,0,0.373756,0.429367,0.055612,0.055612,0.373756,-0.036608,4,16,1,0,34,19,27,113.000000,71.666700,37.333300,0.293398,0.059528,0.889589,0.013912,-0.010305,0.024628,0.024628,4,4,0,fixed,4,1,1,0,3.000000,4.000000
12,centralized_dqn,centralized_dqn,0,4,3,53,1,1,1,2.596127,71.666700,0.865376,19,0.373756,37,0,1,0,0.373756,0.429367,0.055612,0.055612,0.373756,-0.036608,4,16,1,-1,34,19,27,113.000000,71.666700,37.333300,0.760344,0.794775,2.372236,0.014167,0.013912,0.022350,0.022350,4,4,0,fixed,4,1,1,0,3.000000,4.000000
12,centralized_dqn,centralized_dqn,0,4,3,54,1,1,1,2.258626,71.666700,0.752875,19,0.373756,37,0,2,1,0.373756,0.429367,0.055612,0.055612,0.373756,-0.036608,4,16,1,-1,34,19,27,113.000000,71.666700,37.333300,0.760344,0.802275,2.372236,0.014146,0.013912,0.022328,0.022328,4,4,0,fixed,4,1,1,0,3.000000,4.000000
12,centralized_dqn,centralized_dqn,0,4,3,55,2,2,4,0.000000,37.333300,1.071430,27,0.373756,37,0,2,0,0.373756,0.429367,0.055612,0.055612,0.373756,-0.036608,4,16,1,-1,34,19,27,113.000000,71.666700,37.333300,0.353982,0.558139,1.071430,0.004278,0.005667,0.013912,0.005667,4,4,0,fixed,4,1,1,0,3.000000,4.000000
12,centralized_dqn,centralized_dqn,0,4,3,56,1,1,1,2.381552,71.666700,0.793851,19,0.373756,37,0,1,0,0.373756,0.429367,0.055612,0.055612,0.373756,-0.036608,4,16,1,-1,34,19,27,113.000000,71.666700,37.333300,0.760344,0.799543,2.372236,0.014153,0.013912,0.022336,0.022336,4,4,0,fixed,4,1,1,0,3.000000,4.000000
12,centralized_dqn,centralized_dqn,0,4,3,57,0,0,2,2.379162,113.000000,0.297395,34,0.373756,37,0,0,0,0.373756,0.429367,0.055612,0.055612,0.373756,-0.036608,4,16,1,0,34,19,27,113.000000,71.666700,37.333300,0.293398,0.059528,0.889589,0.013912,-0.010305,0.024628,0.024628,4,4,0,fixed,4,1,1,0,3.000000,4.000000
12,centralized_dqn,centralized_dqn,0,4,3,58,1,1,1,2.546934,71.666700,0.848978,19,0.373756,37,0,1,0,0.373756,0.429367,0.055612,0.055612,0.373756,-0.036608,4,16,1,-1,34,19,27,113.000000,71.666700,37.333300,0.760344,0.795868,2.372236,0.014164,0.013912,0.022347,0.022347,4,4,0,fixed,4,1,1,0,3.000000,4.000000
12,centralized_dqn,centralized_dqn,0,4,3,59,0,0,2,2.392325,113.000000,0.299041,34,0.373756,37,0,0,0,0.373756,0.429367,0.055612,0.055612,0.373756,-0.036608,4,16,1,0,34,19,27,113.000000,71.666700,37.333300,0.293348,0.059528,0.889589,0.013912,-0.010304,0.024629,0.024629,4,4,0,fixed,4,1,1,0,3.000000,4.000000
12,centralized_dqn,centralized_dqn,0,4,3,60,0,0,2,2.378051,113.000000,0.297256,34,0.373756,37,0,0,0,0.373756,0.429367,0.055612,0.055612,0.373756,-0.036608,4,16,1,0,34,19,27,113.000000,71.666700,37.333300,0.293402,0.059528,0.889589,0.013912,-0.010305,0.024627,0.024627,4,4,0,fixed,4,1,1,0,3.000000,4.000000
12,centralized_dqn,centralized_dqn,0,4,3,61,0,0,2,2.440417,113.000000,0.305052,34,0.373756,37,0,0,0,0.373756,0.429367,0.055612,0.055612,0.373756,-0.036608,4,16,1,0,34,19,27,113.000000,71.666700,37.333300,0.293166,0.059528,0.889589,0.013912,-0.010300,0.024633,0.024633,4,4,0,fixed,4,1,1,0,3.000000,4.000000
12,centralized_dqn,centralized_dqn,0,4,3,62,0,0,2,2.437077,113.000000,0.304635,34,0.373756,37,0,0,0,0.373756,0.429367,0.055612,0.055612,0.373756,-0.036608,4,16,1,0,34,19,27,113.000000,71.666700,37.333300,0.293178,0.059528,0.889589,0.013912,-0.010300,0.024632,0.024632,4,4,0,fixed,4,1,1,0,3.000000,4.000000
12,centralized_dqn,centralized_dqn,0,4,3,63,0,0,2,2.436020,113.000000,0.304502,34,0.373756,37,0,0,0,0.373756,0.429367,0.055612,0.055612,0.373756,-0.036608,4,16,1,0,34,19,27,113.000000,71.666700,37.333300,0.293182,0.059528,0.889589,0.013912,-0.010301,0.024632,0.024632,4,4,0,fixed,4,1,1,0,3.000000,4.000000
12,centralized_dqn,centralized_dqn,0,4,3,64,2,2,4,0.000000,37.333300,1.071430,27,0.373756,37,0,2,0,0.373756,0.429367,0.055612,0.055612,0.373756,-0.036608,4,16,1,-1,34,19,27,113.000000,71.666700,37.333300,0.353982,0.558139,1.071430,0.004278,0.005667,0.013912,0.005667,4,4,0,fixed,4,1,1,0,3.000000,4.000000
12,centralized_dqn,centralized_dqn,0,4,3,65,1,1,1,2.389083,71.666700,0.796361,19,0.373756,37,0,1,0,0.373756,0.429367,0.055612,0.055612,0.373756,-0.036608,4,16,1,-1,34,19,27,113.000000,71.666700,37.333300,0.760344,0.799376,2.372236,0.014154,0.013912,0.022337,0.022337,4,4,0,fixed,4,1,1,0,3.000000,4.000000
12,centralized_dqn,centralized_dqn,0,4,3,66,2,2,4,0.000000,37.333300,1.071430,27,0.373756,37,0,2,0,0.373756,0.429367,0.055612,0.055612,0.373756,-0.036608,4,16,1,-1,34,19,27,113.000000,71.666700,37.333300,0.353982,0.558139,1.071430,0.004278,0.005667,0.013912,0.005667,4,4,0,fixed,4,1,1,0,3.000000,4.000000
12,centralized_dqn,centralized_dqn,0,4,3,67,2,2,4,0.000000,37.333300,1.071430,27,0.373756,37,0,2,0,0.373756,0.429367,0.055612,0.055612,0.373756,-0.036608,4,16,1,-1,34,19,27,113.000000,71.666700,37.333300,0.353982,0.558139,1.071430,0.004278,0.005667,0.013912,0.005667,4,4,0,fixed,4,1,1,0,3.000000,4.000000
12,centralized_dqn,centralized_dqn,0,4,3,68,1,1,1,2.399381,71.666700,0.799794,19,0.373756,37,0,1,0,0.373756,0.429367,0.055612,0.055612,0.373756,-0.036608,4,16,1,-1,34,19,27,113.000000,71.666700,37.333300,0.760344,0.799147,2.372236,0.014154,0.013912,0.022337,0.022337,4,4,0,fixed,4,1,1,0,3.000000,4.000000
12,centralized_dqn,centralized_dqn,0,4,3,69,2,2,3,0.000000,37.333300,2.678574,27,0.373756,37,0,2,0,0.373756,0.429367,0.055612,0.055612,0.373756,-0.036608,4,16,1,1,34,19,27,113.000000,71.666700,37.333300,0.884956,1.395348,2.678574,0.006317,0.006596,0.013912,0.006596,4,4,0,fixed,4,1,1,0,3.000000,4.000000
12,centralized_dqn,centralized_dqn,0,4,3,70,0,0,2,2.433799,113.000000,0.304225,34,0.373756,37,0,0,0,0.373756,0.429367,0.055612,0.055612,0.373756,-0.036608,4,16,1,0,34,19,27,113.000000,71.666700,37.333300,0.293191,0.059528,0.889589,0.013912,-0.010301,0.024632,0.024632,4,4,0,fixed,4,1,1,0,3.000000,4.000000
12,centralized_dqn,centralized_dqn,0,4,3,71,1,1,1,2.333436,71.666700,0.777812,19,0.373756,37,0,1,0,0.373756,0.429367,0.055612,0.055612,0.373756,-0.036608,4,16,1,-1,34,19,27,113.000000,71.666700,37.333300,0.760344,0.800612,2.372236,0.014150,0.013912,0.022333,0.022333,4,4,0,fixed,4,1,1,0,3.000000,4.000000
12,centralized_dqn,centralized_dqn,0,4,3,72,0,0,2,2.330021,113.000000,0.291253,34,0.373756,37,0,0,0,0.373756,0.429367,0.055612,0.055612,0.373756,-0.036608,4,16,1,0,34,19,27,113.000000,71.666700,37.333300,0.293584,0.059528,0.889589,0.013912,-0.010308,0.024623,0.024623,4,4,0,fixed,4,1,1,0,3.000000,4.000000
12,centralized_dqn,centralized_dqn,0,4,3,73,2,2,3,0.000000,37.333300,2.678574,27,0.373756,37,0,2,0,0.373756,0.429367,0.055612,0.055612,0.373756,-0.036608,4,16,1,1,34,19,27,113.000000,71.666700,37.333300,0.884956,1.395348,2.678574,0.006317,0.006596,0.013912,0.006596,4,4,0,fixed,4,1,1,0,3.000000,4.000000
12,centralized_dqn,centralized_dqn,0,4,3,74,0,0,2,2.330068,113.000000,0.291258,34,0.373756,37,0,0,0,0.373756,0.429367,0.055612,0.055612,0.373756,-0.036608,4,16,1,0,34,19,27,113.000000,71.666700,37.333300,0.293584,0.059528,0.889589,0.013912,-0.010308,0.024623,0.024623,4,4,0,fixed,4,1,1,0,3.000000,4.000000
12,centralized_dqn,centralized_dqn,0,4,3,75,2,2,4,0.000000,37.333300,1.071430,27,0.373756,37,0,2,0,0.373756,0.429367,0.055612,0.055612,0.373756,-0.036608,4,16,1,-1,34,19,27,113.000000,71.666700,37.333300,0.353982,0.558139,1.071430,0.004278,0.005667,0.013912,0.005667,4,4,0,fixed,4,1,1,0,3.000000,4.000000
12,centralized_dqn,centralized_dqn,0,4,3,76,2,2,4,0.000000,37.333300,1.071430,27,0.373756,37,0,2,0,0.373756,0.429367,0.055612,0.055612,0.373756,-0.036608,4,16,1,-1,34,19,27,113.000000,71.666700,37.333300,0.353982,0.558139,1.071430,0.004278,0.005667,0.013912,0.005667,4,4,0,fixed,4,1,1,0,3.000000,4.000000
12,centralized_dqn,centralized_dqn,0,4,3,77,2,2,3,0.000000,37.333300,2.678574,27,0.373756,37,0,2,0,0.373756,0.429367,0.055612,0.055612,0.373756,-0.036608,4,16,1,1,34,19,27,113.000000,71.666700,37.333300,0.884956,1.395348,2.678574,0.006317,0.006596,0.013912,0.006596,4,4,0,fixed,4,1,1,0,3.000000,4.000000
12,centralized_dqn,centralized_dqn,0,4,3,78,2,2,3,0.000000,37.333300,2.678574,27,0.373756,37,0,2,0,0.373756,0.429367,0.055612,0.055612,0.373756,-0.036608,4,16,1,1,34,19,27,113.000000,71.666700,37.333300,0.884956,1.395348,2.678574,0.006317,0.006596,0.013912,0.006596,4,4,0,fixed,4,1,1,0,3.000000,4.000000
12,centralized_dqn,centralized_dqn,0,4,3,79,0,0,2,2.384781,113.000000,0.298098,34,0.373756,37,0,0,0,0.373756,0.429367,0.055612,0.055612,0.373756,-0.036608,4,16,1,0,34,19,27,113.000000,71.666700,37.333300,0.293376,0.059528,0.889589,0.013912,-0.010304,0.024628,0.024628,4,4,0,fixed,4,1,1,0,3.000000,4.000000
12,centralized_dqn,centralized_dqn,0,4,3,80,0,0,2,1.567204,113.000000,0.195901,34,0.373756,37,0,0,0,0.373756,0.429367,0.055612,0.055612,0.373756,-0.036608,4,16,1,0,34,19,27,113.000000,71.666700,37.333300,0.296473,0.059528,0.889589,0.013912,-0.010361,0.024559,0.024559,4,4,0,fixed,4,1,1,0,3.000000,4.000000
12,centralized_dqn,centralized_dqn,0,4,4,1,1,1,1,2.517893,70.833300,0.839298,18,0.343480,38,0,1,0,0.343480,0.379355,0.035876,0.035876,0.343480,-0.030276,4,36,1,-1,31,18,31,113.000000,70.833300,63.500000,0.831634,0.835198,1.507311,0.013884,0.011324,0.019308,0.019308,4,4,0,fixed,4,1,1,0,3.000000,4.000000
12,centralized_dqn,centralized_dqn,0,4,4,2,1,1,2,0.271061,70.833300,0.033883,18,0.343480,38,1,1,0,0.343480,0.379355,0.035876,0.035876,0.343480,-0.030276,4,36,1,0,31,18,31,113.000000,70.833300,63.500000,0.311863,0.051365,0.458135,0.040011,0.011324,0.047187,0.047187,4,4,0,fixed,4,1,1,0,3.000000,4.000000
12,centralized_dqn,centralized_dqn,0,4,4,3,2,2,4,0.000000,63.500000,0.629921,31,0.343480,38,0,2,0,0.343480,0.379355,0.035876,0.035876,0.343480,-0.030276,4,36,1,-1,31,18,31,113.000000,70.833300,63.500000,0.353982,0.564706,0.629921,0.005071,0.004113,0.011324,0.005071,4,4,0,fixed,4,1,1,0,3.000000,4.000000
12,centralized_dqn,centralized_dqn,0,4,4,4,1,1,1,2.437216,70.833300,0.812405,18,0.343480,38,0,2,1,0.343480,0.379355,0.035876,0.035876,0.343480,-0.030276,4,36,1,-1,31,18,31,113.000000,70.833300,63.500000,0.831634,0.837118,1.507311,0.013879,0.011324,0.019303,0.019303,4,4,0,fixed,4,1,1,0,3.000000,4.000000
12,centralized_dqn,centralized_dqn,0,4,4,5,0,0,2,2.679746,113.000000,0.334968,31,0.343480,38,0,0,0,0.343480,0.379355,0.035876,0.035876,0.343480,-0.030276,4,36,1,0,31,18,31,113.000000,70.833300,63.500000,0.321488,0.043141,0.458135,0.011324,-0.020029,0.017138,0.017138,4,4,0,fixed,4,1,1,0,3.000000,4.000000
12,centralized_dqn,centralized_dqn,0,4,4,6,1,1,1,2.549623,70.833300,0.849874,18,0.343480,38,0,1,0,0.343480,0.379355,0.035876,0.035876,0.343480,-0.030276,4,36,1,-1,31,18,31,113.000000,70.833300,63.500000,0.831634,0.834442,1.507311,0.013885,0.011324,0.019309,0.019309,4,4,0,fixed,4,1,1,0,3.000000,4.000000
12,centralized_dqn,centralized_dqn,0,4,4,7,1,1,2,0.546412,70.833300,0.068302,18,0.343480,38,0,1,0,0.343480,0.379355,0.035876,0.035876,0.343480,-0.030276,4,36,1,0,31,18,31,113.000000,70.833300,63.500000,0.311863,0.034156,0.458135,0.057833,0.011324,0.065698,0.065698,4,4,0,fixed,4,1,1,0,3.000000,4.000000
12,centralized_dqn,centralized_dqn,0,4,4,8,0,0,2,1.382557,113.000000,0.172820,31,0.343480,38,0,0,0,0.343480,0.379355,0.035876,0.035876,0.343480,-0.030276,4,36,1,0,31,18,31,113.000000,70.833300,63.500000,0.326893,0.043141,0.458135,0.011324,-0.020094,0.017058,0.017058,4,4,0,fixed,4,1,1,0,3.000000,4.000000
12,centralized_dqn,centralized_dqn,0,4,4,9,1,1,2,0.275433,70.833300,0.034429,18,0.343480,38,0,1,0,0.343480,0.379355,0.035876,0.035876,0.343480,-0.030276,4,36,1,0,31,18,31,113.000000,70.833300,63.500000,0.311863,0.051092,0.458135,0.040192,0.011324,0.047375,0.047375,4,4,0,fixed,4,1,1,0,3.000000,4.000000
12,centralized_dqn,centralized_dqn,0,4,4,10,0,0,2,2.572630,113.000000,0.321579,31,0.343480,38,0,0,0,0.343480,0.379355,0.035876,0.035876,0.343480,-0.030276,4,36,1,0,31,18,31,113.000000,70.833300,63.500000,0.321934,0.043141,0.458135,0.011324,-0.020034,0.017132,0.017132,4,4,0,fixed,4,1,1,0,3.000000,4.000000
12,centralized_dqn,centralized_dqn,0,4,4,11,2,2,4,0.000000,63.500000,0.629921,31,0.343480,38,0,2,0,0.343480,0.379355,0.035876,0.035876,0.343480,-0.030276,4,36,1,-1,31,18,31,113.000000,70.833300,63.500000,0.353982,0.564706,0.629921,0.005071,0.004113,0.011324,0.005071,4,4,0,fixed,4,1,1,0,3.000000,4.000000
12,centralized_dqn,centralized_dqn,0,4,4,12,0,0,2,2.572654,113.000000,0.321582,31,0.343480,38,0,0,0,0.343480,0.379355,0.035876,0.035876,0.343480,-0.030276,4,36,1,0,31,18,31,113.000000,70.833300,63.500000,0.321934,0.043141,0.458135,0.011324,-0.020034,0.017132,0.017132,4,4,0,fixed,4,1,1,0,3.000000,4.000000
12,centralized_dqn,centralized_dqn,0,4,4,13,0,0,2,2.666634,113.000000,0.333329,31,0.343480,38,0,0,0,0.343480,0.379355,0.035876,0.035876,0.343480,-0.030276,4,36,1,0,31,18,31,113.000000,70.833300,63.500000,0.321543,0.043141,0.458135,0.011324,-0.020030,0.017138,0.017138,4,4,0,fixed,4,1,1,0,3.000000,4.000000
12,centralized_dqn,centralized_dqn,0,4,4,14,2,2,2,3.782501,63.500000,0.472813,31,0.343480,38,0,2,0,0.343480,0.379355,0.035876,0.035876,0.343480,-0.030276,4,36,1,0,31,18,31,113.000000,70.833300,63.500000,0.311863,0.043141,0.472947,0.005188,-0.024888,0.011324,0.005188,4,4,0,fixed,4,1,1,0,3.000000,4.000000
12,centralized_dqn,centralized_dqn,0,4,4,15,1,1,1,2.542903,70.833300,0.847634,18,0.343480,38,0,1,0,0.343480,0.379355,0.035876,0.035876,0.343480,-0.030276,4,36,1,-1,31,18,31,113.000000,70.833300,63.500000,0.831634,0.834602,1.507311,0.013885,0.011324,0.019309,0.019309,4,4,0,fixed,4,1,1,0,3.000000,4.000000
12,centralized_dqn,centralized_dqn,0,4,4,16,2,2,2,3.783593,63.500000,0.472949,31,0.343480,38,0,2,0,0.343480,0.379355,0.035876,0.035876,0.343480,-0.030276,4,36,1,0,31,18,31,113.000000,70.833300,63.500000,0.311863,0.043141,0.472902,0.005188,-0.024887,0.011324,0.005188,4,4,0,fixed,4,1,1,0,3.000000,4.000000
12,centralized_dqn,centralized_dqn,0,4,4,17,2,2,3,0.000000,63.500000,1.574803,31,0.343480,38,0,2,0,0.343480,0.379355,0.035876,0.035876,0.343480,-0.030276,4,36,1,1,31,18,31,113.000000,70.833300,63.500000,0.884956,1.411765,1.574803,0.006202,0.004279,0.011324,0.006202,4,4,0,fixed,4,1,1,0,3.000000,4.000000
12,centralized_dqn,centralized_dqn,0,4,4,18,2,2,4,0.000000,63.500000,0.629921,31,0.343480,38,0,2,0,0.343480,0.379355,0.035876,0.035876,0.343480,-0.030276,4,36,1,-1,31,18,31,113.000000,70.833300,63.500000,0.353982,0.564706,0.629921,0.005071,0.004113,0.011324,0.005071,4,4,0,fixed,4,1,1,0,3.000000,4.000000
12,centralized_dqn,centralized_dqn,0,4,4,19,2,2,3,0.000000,63.500000,1.574803,31,0.343480,38,0,2,0,0.343480,0.379355,0.035876,0.035876,0.343480,-0.030276,4,36,1,1,31,18,31,113.000000,70.833300,63.500000,0.884956,1.411765,1.574803,0.006202,0.004279,0.011324,0.006202,4,4,0,fixed,4,1,1,0,3.000000,4.000000
12,centralized_dqn,centralized_dqn,0,4,4,20,2,2,4,0.000000,63.500000,0.629921,31,0.343480,38,0,2,0,0.343480,0.379355,0.035876,0.035876,0.343480,-0.030276,4,36,1,-1,31,18,31,113.000000,70.833300,63.500000,0.353982,0.564706,0.629921,0.005071,0.004113,0.011324,0.005071,4,4,0,fixed,4,1,1,0,3.000000,4.000000
12,centralized_dqn,centralized_dqn,0,4,4,21,0,0,2,2.625134,113.000000,0.328142,31,0.343480,38,0,0,0,0.343480,0.379355,0.035876,0.035876,0.343480,-0.030276,4,36,1,0,31,18,31,113.000000,70.833300,63.500000,0.321716,0.043141,0.458135,0.011324,-0.020032,0.017135,0.017135,4,4,0,fixed,4,1,1,0,3.000000,4.000000
12,centralized_dqn,centralized_dqn,0,4,4,22,2,2,2,3.783557,63.500000,0.472945,31,0.343480,38,0,2,0,0.343480,0.379355,0.035876,0.035876,0.343480,-0.030276,4,36,1,0,31,18,31,113.000000,70.833300,63.500000,0.311863,0.043141,0.472903,0.005188,-0.024887,0.011324,0.005188,4,4,0,fixed,4,1,1,0,3.000000,4.000000
12,centralized_dqn,centralized_dqn,0,4,4,23,0,0,2,2.667699,113.000000,0.333462,31,0.343480,38,0,0,0,0.343480,0.379355,0.035876,0.035876,0.343480,-0.030276,4,36,1,0,31,18,31,113.000000,70.833300,63.500000,0.321538,0.043141,0.458135,0.011324,-0.020030,0.017138,0.017138,4,4,0,fixed,4,1,1,0,3.000000,4.000000
12,centralized_dqn,centralized_dqn,0,4,4,24,2,2,4,0.000000,63.500000,0.629921,31,0.343480,38,0,2,0,0.343480,0.379355,0.035876,0.035876,0.343480,-0.030276,4,36,1,-1,31,18,31,113.000000,70.833300,63.500000,0.353982,0.564706,0.629921,0.005071,0.004113,0.011324,0.005071,4,4,0,fixed,4,1,1,0,3.000000,4.000000
12,centralized_dqn,centralized_dqn,0,4,4,25,0,0,2,2.666629,113.000000,0.333329,31,0.343480,38,0,0,0,0.343480,0.379355,0.035876,0.035876,0.343480,-0.030276,4,36,1,0,31,18,31,113.000000,70.833300,63.500000,0.321543,0.043141,0.458135,0.011324,-0.020030,0.017138,0.017138,4,4,0,fixed,4,1,1,0,3.000000,4.000000
12,centralized_dqn,centralized_dqn,0,4,4,26,0,0,2,2.666605,113.000000,0.333326,31,0.343480,38,0,0,0,0.343480,0.379355,0.035876,0.035876,0.343480,-0.030276,4,36,1,0,31,18,31,113.000000,70.833300,63.500000,0.321543,0.043141,0.458135,0.011324,-0.020030,0.017138,0.017138,4,4,0,fixed,4,1,1,0,3.000000,4.000000
12,centralized_dqn,centralized_dqn,0,4,4,27,2,2,3,0.000000,63.500000,1.574803,31,0.343480,38,0,2,0,0.343480,0.379355,0.035876,0.035876,0.343480,-0.030276,4,36,1,1,31,18,31,113.000000,70.833300,63.500000,0.884956,1.411765,1.574803,0.006202,0.004279,0.011324,0.006202,4,4,0,fixed,4,1,1,0,3.000000,4.000000
12,centralized_dqn,centralized_dqn,0,4,4,28,0,0,2,2.666581,113.000000,0.333323,31,0.343480,38,0,0,0,0.343480,0.379355,0.035876,0.035876,0.343480,-0.030276,4,36,1,0,31,18,31,113.000000,70.833300,63.500000,0.321543,0.043141,0.458135,0.011324,-0.020030,0.017138,0.017138,4,4,0,fixed,4,1,1,0,3.000000,4.000000
12,centralized_dqn,centralized_dqn,0,4,4,29,2,2,2,3.783582,63.500000,0.472948,31,0.343480,38,0,2,0,0.343480,0.379355,0.035876,0.035876,0.343480,-0.030276,4,36,1,0,31,18,31,113.000000,70.833300,63.500000,0.311863,0.043141,0.472902,0.005188,-0.024887,0.011324,0.005188,4,4,0,fixed,4,1,1,0,3.000000,4.000000
12,centralized_dqn,centralized_dqn,0,4,4,30,0,0,2,2.749674,113.000000,0.343709,31,0.343480,38,0,0,0,0.343480,0.379355,0.035876,0.035876,0.343480,-0.030276,4,36,1,0,31,18,31,113.000000,70.833300,63.500000,0.321197,0.043141,0.458135,0.011324,-0.020025,0.017143,0.017143,4,4,0,fixed,4,1,1,0,3.000000,4.000000
12,centralized_dqn,centralized_dqn,0,4,4,31,2,2,4,0.000000,63.500000,0.629921,31,0.343480,38,0,2,0,0.343480,0.379355,0.035876,0.035876,0.343480,-0.030276,4,36,1,-1,31,18,31,113.000000,70.833300,63.500000,0.353982,0.564706,0.629921,0.005071,0.004113,0.011324,0.005071,4,4,0,fixed,4,1,1,0,3.000000,4.000000
12,centralized_dqn,centralized_dqn,0,4,4,32,1,1,1,2.377292,70.833300,0.792431,18,0.343480,38,0,1,0,0.343480,0.379355,0.035876,0.035876,0.343480,-0.030276,4,36,1,-1,31,18,31,113.000000,70.833300,63.500000,0.831634,0.838545,1.507311,0.013876,0.011324,0.019300,0.019300,4,4,0,fixed,4,1,1,0,3.000000,4.000000
12,centralized_dqn,centralized_dqn,0,4,4,33,2,2,4,0.000000,63.500000,0.629921,31,0.343480,38,0,2,0,0.343480,0.379355,0.035876,0.035876,0.343480,-0.030276,4,36,1,-1,31,18,31,113.000000,70.833300,63.500000,0.353982,0.564706,0.629921,0.005071,0.004113,0.011324,0.005071,4,4,0,fixed,4,1,1,0,3.000000,4.000000
12,centralized_dqn,centralized_dqn,0,4,4,34,1,1,1,2.358408,70.833300,0.786136,18,0.343480,38,0,1,0,0.343480,0.379355,0.035876,0.035876,0.343480,-0.030276,4,36,1,-1,31,18,31,113.000000,70.833300,63.500000,0.831634,0.838995,1.507311,0.013875,0.011324,0.019299,0.019299,4,4,0,fixed,4,1,1,0,3.000000,4.000000
12,centralized_dqn,centralized_dqn,0,4,4,35,0,0,2,2.742054,113.000000,0.342757,31,0.343480,38,0,2,1,0.343480,0.379355,0.035876,0.035876,0.343480,-0.030276,4,36,1,0,31,18,31,113.000000,70.833300,63.500000,0.321228,0.043141,0.458135,0.011324,-0.020026,0.017142,0.017142,4,4,0,fixed,4,1,1,0,3.000000,4.000000
12,centralized_dqn,centralized_dqn,0,4,4,36,0,0,2,2.723471,113.000000,0.340434,31,0.343480,38,0,2,1,0.343480,0.379355,0.035876,0.035876,0.343480,-0.030276,4,36,1,0,31,18,31,113.000000,70.833300,63.500000,0.321306,0.043141,0.458135,0.011324,-0.020027,0.017141,0.017141,4,4,0,fixed,4,1,1,0,3.000000,4.000000
12,centralized_dqn,centralized_dqn,0,4,4,37,2,2,4,0.000000,63.500000,0.629921,31,0.343480,38,0,2,0,0.343480,0.379355,0.035876,0.035876,0.343480,-0.030276,4,36,1,-1,31,18,31,113.000000,70.833300,63.500000,0.353982,0.564706,0.629921,0.005071,0.004113,0.011324,0.005071,4,4,0,fixed,4,1,1,0,3.000000,4.000000
12,centralized_dqn,centralized_dqn,0,4,4,38,1,1,1,2.636372,70.833300,0.878791,18,0.343480,38,0,1,0,0.343480,0.379355,0.035876,0.035876,0.343480,-0.030276,4,36,1,-1,31,18,31,113.000000,70.833300,63.500000,0.831634,0.832377,1.507311,0.013890,0.011324,0.019314,0.019314,4,4,0,fixed,4,1,1,0,3.000000,4.000000
12,centralized_dqn,centralized_dqn,0,4,4,39,0,0,2,2.731093,113.000000,0.341387,31,0.343480,38,0,0,0,0.343480,0.379355,0.035876,0.035876,0.343480,-0.030276,4,36,1,0,31,18,31,113.000000,70.833300,63.500000,0.321274,0.043141,0.458135,0.011324,-0.020026,0.017142,0.017142,4,4,0,fixed,4,1,1,0,3.000000,4.000000
12,centralized_dqn,centralized_dqn,0,4,4,40,2,2,4,0.000000,63.500000,0.629921,31,0.343480,38,0,2,0,0.343480,0.379355,0.035876,0.035876,0.343480,-0.030276,4,36,1,-1,31,18,31,113.000000,70.833300,63.500000,0.353982,0.564706,0.629921,0.005071,0.004113,0.011324,0.005071,4,4,0,fixed,4,1,1,0,3.000000,4.000000
12,centralized_dqn,centralized_dqn,0,4,4,41,1,1,1,2.511173,70.833300,0.837058,18,0.343480,38,0,1,0,0.343480,0.379355,0.035876,0.035876,0.343480,-0.030276,4,36,1,-1,31,18,31,113.000000,70.833300,63.500000,0.831634,0.835358,1.507311,0.013883,0.011324,0.019307,0.019307,4,4,0,fixed,4,1,1,0,3.000000,4.000000
12,centralized_dqn,centralized_dqn,0,4,4,42,2,2,4,0.000000,63.500000,0.629921,31,0.343480,38,0,2,0,0.343480,0.379355,0.035876,0.035876,0.343480,-0.030276,4,36,1,-1,31,18,31,113.000000,70.833300,63.500000,0.353982,0.564706,0.629921,0.005071,0.004113,0.011324,0.005071,4,4,0,fixed,4,1,1,0,3.000000,4.000000
12,centralized_dqn,centralized_dqn,0,4,4,43,0,0,2,2.622894,113.000000,0.327862,31,0.343480,38,0,0,0,0.343480,0.379355,0.035876,0.035876,0.343480,-0.030276,4,36,1,0,31,18,31,113.000000,70.833300,63.500000,0.321725,0.043141,0.458135,0.011324,-0.020032,0.017135,0.017135,4,4,0,fixed,4,1,1,0,3.000000,4.000000
12,centralized_dqn,centralized_dqn,0,4,4,44,0,0,2,2.749610,113.000000,0.343701,31,0.343480,38,0,0,0,0.343480,0.379355,0.035876,0.035876,0.343480,-0.030276,4,36,1,0,31,18,31,113.000000,70.833300,63.500000,0.321197,0.043141,0.458135,0.011324,-0.020025,0.017143,0.017143,4,4,0,fixed,4,1,1,0,3.000000,4.000000
12,centralized_dqn,centralized_dqn,0,4,4,45,2,2,3,0.000000,63.500000,1.574803,31,0.343480,38,0,2,0,0.343480,0.379355,0.035876,0.035876,0.343480,-0.030276,4,36,1,1,31,18,31,113.000000,70.833300,63.500000,0.884956,1.411765,1.574803,0.006202,0.004279,0.011324,0.006202,4,4,0,fixed,4,1,1,0,3.000000,4.000000
12,centralized_dqn,centralized_dqn,0,4,4,46,0,0,2,2.572544,113.000000,0.321568,31,0.343480,38,0,0,0,0.343480,0.379355,0.035876,0.035876,0.343480,-0.030276,4,36,1,0,31,18,31,113.000000,70.833300,63.500000,0.321935,0.043141,0.458135,0.011324,-0.020034,0.017132,0.017132,4,4,0,fixed,4,1,1,0,3.000000,4.000000
12,centralized_dqn,centralized_dqn,0,4,4,47,2,2,4,0.000000,63.500000,0.629921,31,0.343480,38,0,2,0,0.343480,0.379355,0.035876,0.035876,0.343480,-0.030276,4,36,1,-1,31,18,31,113.000000,70.833300,63.500000,0.353982,0.564706,0.629921,0.005071,0.004113,0.011324,0.005071,4,4,0,fixed,4,1,1,0,3.000000,4.000000
12,centralized_dqn,centralized_dqn,0,4,4,48,2,2,4,0.000000,63.500000,0.629921,31,0.343480,38,0,2,0,0.343480,0.379355,0.035876,0.035876,0.343480,-0.030276,4,36,1,-1,31,18,31,113.000000,70.833300,63.500000,0.353982,0.564706,0.629921,0.005071,0.004113,0.011324,0.005071,4,4,0,fixed,4,1,1,0,3.000000,4.000000
12,centralized_dqn,centralized_dqn,0,4,4,49,0,0,2,2.572544,113.000000,0.321568,31,0.343480,38,0,0,0,0.343480,0.379355,0.035876,0.035876,0.343480,-0.030276,4,36,1,0,31,18,31,113.000000,70.833300,63.500000,0.321935,0.043141,0.458135,0.011324,-0.020034,0.017132,0.017132,4,4,0,fixed,4,1,1,0,3.000000,4.000000
12,centralized_dqn,centralized_dqn,0,4,4,50,0,0,2,2.624968,113.000000,0.328121,31,0.343480,38,0,0,0,0.343480,0.379355,0.035876,0.035876,0.343480,-0.030276,4,36,1,0,31,18,31,113.000000,70.833300,63.500000,0.321716,0.043141,0.458135,0.011324,-0.020032,0.017135,0.017135,4,4,0,fixed,4,1,1,0,3.000000,4.000000
12,centralized_dqn,centralized_dqn,0,4,4,51,1,1,1,2.299761,70.833300,0.766587,18,0.343480,38,0,1,0,0.343480,0.379355,0.035876,0.035876,0.343480,-0.030276,4,36,1,-1,31,18,31,113.000000,70.833300,63.500000,0.831634,0.840391,1.507311,0.013872,0.011324,0.019296,0.019296,4,4,0,fixed,4,1,1,0,3.000000,4.000000
12,centralized_dqn,centralized_dqn,0,4,4,52,0,0,2,2.596626,113.000000,0.324578,31,0.343480,38,0,0,0,0.343480,0.379355,0.035876,0.035876,0.343480,-0.030276,4,36,1,0,31,18,31,113.000000,70.833300,63.500000,0.321834,0.043141,0.458135,0.011324,-0.020033,0.017133,0.017133,4,4,0,fixed,4,1,1,0,3.000000,4.000000
12,centralized_dqn,centralized_dqn,0,4,4,53,1,1,1,2.305259,70.833300,0.768420,18,0.343480,38,0,1,0,0.343480,0.379355,0.035876,0.035876,0.343480,-0.030276,4,36,1,-1,31,18,31,113.000000,70.833300,63.500000,0.831634,0.840260,1.507311,0.013873,0.011324,0.019296,0.019296,4,4,0,fixed,4,1,1,0,3.000000,4.000000
12,centralized_dqn,centralized_dqn,0,4,4,54,2,2,1,4.667803,63.500000,1.555934,31,0.343480,38,0,2,0,0.343480,0.379355,0.035876,0.035876,0.343480,-0.030276,4,36,1,-1,31,18,31,113.000000,70.833300,63.500000,0.831634,0.791499,1.261103,0.006293,0.003641,0.011324,0.006293,4,4,0,fixed,4,1,1,0,3.000000,4.000000
12,centralized_dqn,centralized_dqn,0,4,4,55,2,2,4,0.000000,63.500000,0.629921,31,0.343480,38,0,2,0,0.343480,0.379355,0.035876,0.035876,0.343480,-0.030276,4,36,1,-1,31,18,31,113.000000,70.833300,63.500000,0.353982,0.564706,0.629921,0.005071,0.004113,0.011324,0.005071,4,4,0,fixed,4,1,1,0,3.000000,4.000000
12,centralized_dqn,centralized_dqn,0,4,4,56,1,1,1,2.669972,70.833300,0.889991,18,0.343480,38,0,1,0,0.343480,0.379355,0.035876,0.035876,0.343480,-0.030276,4,36,1,-1,31,18,31,113.000000,70.833300,63.500000,0.831634,0.831577,1.507311,0.013891,0.011324,0.019316,0.019316,4,4,0,fixed,4,1,1,0,3.000000,4.000000
12,centralized_dqn,centralized_dqn,0,4,4,57,0,0,2,2.596597,113.000000,0.324575,31,0.343480,38,0,0,0,0.343480,0.379355,0.035876,0.035876,0.343480,-0.030276,4,36,1,0,31,18,31,113.000000,70.833300,63.500000,0.321834,0.043141,0.458135,0.011324,-0.020033,0.017133,0.017133,4,4,0,fixed,4,1,1,0,3.000000,4.000000
12,centralized_dqn,centralized_dqn,0,4,4,58,1,1,1,2.541681,70.833300,0.847227,18,0.343480,38,0,1,0,0.343480,0.379355,0.035876,0.035876,0.343480,-0.030276,4,36,1,-1,31,18,31,113.000000,70.833300,63.500000,0.831634,0.834631,1.507311,0.013885,0.011324,0.019309,0.019309,4,4,0,fixed,4,1,1,0,3.000000,4.000000
12,centralized_dqn,centralized_dqn,0,4,4,59,0,0,2,2.754015,113.000000,0.344252,31,0.343480,38,0,0,0,0.343480,0.379355,0.035876,0.035876,0.343480,-0.030276,4,36,1,0,31,18,31,113.000000,70.833300,63.500000,0.321179,0.043141,0.458135,0.011324,-0.020025,0.017143,0.017143,4,4,0,fixed,4,1,1,0,3.000000,4.000000
12,centralized_dqn,centralized_dqn,0,4,4,60,0,0,2,2.621890,113.000000,0.327736,31,0.343480,38,0,0,0,0.343480,0.379355,0.035876,0.035876,0.343480,-0.030276,4,36,1,0,31,18,31,113.000000,70.833300,63.500000,0.321729,0.043141,0.458135,0.011324,-0.020032,0.017135,0.017135,4,4,0,fixed,4,1,1,0,3.000000,4.000000
12,centralized_dqn,centralized_dqn,0,4,4,61,0,0,2,2.591115,113.000000,0.323889,31,0.343480,38,0,0,0,0.343480,0.379355,0.035876,0.035876,0.343480,-0.030276,4,36,1,0,31,18,31,113.000000,70.833300,63.500000,0.321857,0.043141,0.458135,0.011324,-0.020033,0.017133,0.017133,4,4,0,fixed,4,1,1,0,3.000000,4.000000
12,centralized_dqn,centralized_dqn,0,4,4,62,0,0,2,2.650331,113.000000,0.331291,31,0.343480,38,0,0,0,0.343480,0.379355,0.035876,0.035876,0.343480,-0.030276,4,36,1,0,31,18,31,113.000000,70.833300,63.500000,0.321611,0.043141,0.458135,0.011324,-0.020030,0.017137,0.017137,4,4,0,fixed,4,1,1,0,3.000000,4.000000
12,centralized_dqn,centralized_dqn,0,4,4,63,0,0,2,2.650308,113.000000,0.331288,31,0.343480,38,0,0,0,0.343480,0.379355,0.035876,0.035876,0.343480,-0.030276,4,36,1,0,31,18,31,113.000000,70.833300,63.500000,0.321611,0.043141,0.458135,0.011324,-0.020030,0.017137,0.017137,4,4,0,fixed,4,1,1,0,3.000000,4.000000
12,centralized_dqn,centralized_dqn,0,4,4,64,2,2,4,0.000000,63.500000,0.629921,31,0.343480,38,0,2,0,0.343480,0.379355,0.035876,0.035876,0.343480,-0.030276,4,36,1,-1,31,18,31,113.000000,70.833300,63.500000,0.353982,0.564706,0.629921,0.005071,0.004113,0.011324,0.005071,4,4,0,fixed,4,1,1,0,3.000000,4.000000
12,centralized_dqn,centralized_dqn,0,4,4,65,1,1,1,2.508081,70.833300,0.836027,18,0.343480,38,0,1,0,0.343480,0.379355,0.035876,0.035876,0.343480,-0.030276,4,36,1,-1,31,18,31,113.000000,70.833300,63.500000,0.831634,0.835431,1.507311,0.013883,0.011324,0.019307,0.019307,4,4,0,fixed,4,1,1,0,3.000000,4.000000
12,centralized_dqn,centralized_dqn,0,4,4,66,2,2,4,0.000000,63.500000,0.629921,31,0.343480,38,0,2,0,0.343480,0.379355,0.035876,0.035876,0.343480,-0.030276,4,36,1,-1,31,18,31,113.000000,70.833300,63.500000,0.353982,0.564706,0.629921,0.005071,0.004113,0.011324,0.005071,4,4,0,fixed,4,1,1,0,3.000000,4.000000
12,centralized_dqn,centralized_dqn,0,4,4,67,2,2,4,0.000000,63.500000,0.629921,31,0.343480,38,0,2,0,0.343480,0.379355,0.035876,0.035876,0.343480,-0.030276,4,36,1,-1,31,18,31,113.000000,70.833300,63.500000,0.353982,0.564706,0.629921,0.005071,0.004113,0.011324,0.005071,4,4,0,fixed,4,1,1,0,3.000000,4.000000
12,centralized_dqn,centralized_dqn,0,4,4,68,1,1,1,2.813536,70.833300,0.937845,18,0.343480,38,0,1,0,0.343480,0.379355,0.035876,0.035876,0.343480,-0.030276,4,36,1,-1,31,18,31,113.000000,70.833300,63.500000,0.831634,0.828158,1.507311,0.013899,0.011324,0.019323,0.019323,4,4,0,fixed,4,1,1,0,3.000000,4.000000
12,centralized_dqn,centralized_dqn,0,4,4,69,2,2,3,0.000000,63.500000,1.574803,31,0.343480,38,0,2,0,0.343480,0.379355,0.035876,0.035876,0.343480,-0.030276,4,36,1,1,31,18,31,113.000000,70.833300,63.500000,0.884956,1.411765,1.574803,0.006202,0.004279,0.011324,0.006202,4,4,0,fixed,4,1,1,0,3.000000,4.000000
12,centralized_dqn,centralized_dqn,0,4,4,70,0,0,2,2.651412,113.000000,0.331426,31,0.343480,38,0,0,0,0.343480,0.379355,0.035876,0.035876,0.343480,-0.030276,4,36,1,0,31,18,31,113.000000,70.833300,63.500000,0.321606,0.043141,0.458135,0.011324,-0.020030,0.017137,0.017137,4,4,0,fixed,4,1,1,0,3.000000,4.000000
12,centralized_dqn,centralized_dqn,0,4,4,71,1,1,1,2.527019,70.833300,0.842340,18,0.343480,38,0,1,0,0.343480,0.379355,0.035876,0.035876,0.343480,-0.030276,4,36,1,-1,31,18,31,113.000000,70.833300,63.500000,0.831634,0.834980,1.507311,0.013884,0.011324,0.019308,0.019308,4,4,0,fixed,4,1,1,0,3.000000,4.000000
12,centralized_dqn,centralized_dqn,0,4,4,72,0,0,2,2.720258,113.000000,0.340032,31,0.343480,38,0,2,1,0.343480,0.379355,0.035876,0.035876,0.343480,-0.030276,4,36,1,0,31,18,31,113.000000,70.833300,63.500000,0.321319,0.043141,0.458135,0.011324,-0.020027,0.017141,0.017141,4,4,0,fixed,4,1,1,0,3.000000,4.000000
12,centralized_dqn,centralized_dqn,0,4,4,73,2,2,3,0.000000,63.500000,1.574803,31,0.343480,38,0,2,0,0.343480,0.379355,0.035876,0.035876,0.343480,-0.030276,4,36,1,1,31,18,31,113.000000,70.833300,63.500000,0.884956,1.411765,1.574803,0.006202,0.004279,0.011324,0.006202,4,4,0,fixed,4,1,1,0,3.000000,4.000000
12,centralized_dqn,centralized_dqn,0,4,4,74,0,0,2,2.720258,113.000000,0.340032,31,0.343480,38,0,0,0,0.343480,0.379355,0.035876,0.035876,0.343480,-0.030276,4,36,1,0,31,18,31,113.000000,70.833300,63.500000,0.321319,0.043141,0.458135,0.011324,-0.020027,0.017141,0.017141,4,4,0,fixed,4,1,1,0,3.000000,4.000000
12,centralized_dqn,centralized_dqn,0,4,4,75,2,2,4,0.000000,63.500000,0.629921,31,0.343480,38,0,2,0,0.343480,0.379355,0.035876,0.035876,0.343480,-0.030276,4,36,1,-1,31,18,31,113.000000,70.833300,63.500000,0.353982,0.564706,0.629921,0.005071,0.004113,0.011324,0.005071,4,4,0,fixed,4,1,1,0,3.000000,4.000000
12,centralized_dqn,centralized_dqn,0,4,4,76,2,2,4,0.000000,63.500000,0.629921,31,0.343480,38,0,2,0,0.343480,0.379355,0.035876,0.035876,0.343480,-0.030276,4,36,1,-1,31,18,31,113.000000,70.833300,63.500000,0.353982,0.564706,0.629921,0.005071,0.004113,0.011324,0.005071,4,4,0,fixed,4,1,1,0,3.000000,4.000000
12,centralized_dqn,centralized_dqn,0,4,4,77,2,2,3,0.000000,63.500000,1.574803,31,0.343480,38,0,2,0,0.343480,0.379355,0.035876,0.035876,0.343480,-0.030276,4,36,1,1,31,18,31,113.000000,70.833300,63.500000,0.884956,1.411765,1.574803,0.006202,0.004279,0.011324,0.006202,4,4,0,fixed,4,1,1,0,3.000000,4.000000
12,centralized_dqn,centralized_dqn,0,4,4,78,2,2,3,0.000000,63.500000,1.574803,31,0.343480,38,0,2,0,0.343480,0.379355,0.035876,0.035876,0.343480,-0.030276,4,36,1,1,31,18,31,113.000000,70.833300,63.500000,0.884956,1.411765,1.574803,0.006202,0.004279,0.011324,0.006202,4,4,0,fixed,4,1,1,0,3.000000,4.000000
12,centralized_dqn,centralized_dqn,0,4,4,79,0,0,2,2.658927,113.000000,0.332366,31,0.343480,38,0,0,0,0.343480,0.379355,0.035876,0.035876,0.343480,-0.030276,4,36,1,0,31,18,31,113.000000,70.833300,63.500000,0.321575,0.043141,0.458135,0.011324,-0.020030,0.017137,0.017137,4,4,0,fixed,4,1,1,0,3.000000,4.000000
12,centralized_dqn,centralized_dqn,0,4,4,80,0,0,2,1.369419,113.000000,0.171177,31,0.343480,38,0,0,0,0.343480,0.379355,0.035876,0.035876,0.343480,-0.030276,4,36,1,0,31,18,31,113.000000,70.833300,63.500000,0.326948,0.043141,0.458135,0.011324,-0.020095,0.017057,0.017057,4,4,0,fixed,4,1,1,0,3.000000,4.000000
12,centralized_dqn,centralized_dqn,0,4,5,1,1,1,1,2.993105,70.666700,0.997702,17,0.323348,38,0,1,0,0.323348,0.323348,0.000000,0.000000,0.323348,-0.020132,0,14,1,-1,28,17,35,113.000000,70.666700,62.666700,0.917695,0.885105,1.281844,0.014883,0.011114,0.017978,0.017978,4,0,4,fixed,4,1,1,0,3.000000,4.000000
12,centralized_dqn,centralized_dqn,0,4,5,2,1,1,2,0.254618,70.666700,0.031827,17,0.323348,38,0,1,0,0.323348,0.323348,0.000000,0.000000,0.323348,-0.020132,0,14,1,0,28,17,35,113.000000,70.666700,62.666700,0.344136,0.044122,0.210135,0.043501,0.011114,0.043471,0.043501,4,0,4,fixed,4,1,1,0,3.000000,4.000000
12,centralized_dqn,centralized_dqn,0,4,5,3,2,2,4,0.000000,62.666700,0.638298,35,0.323348,38,0,2,0,0.323348,0.323348,0.000000,0.000000,0.323348,-0.020132,0,14,1,-1,28,17,35,113.000000,70.666700,62.666700,0.353982,0.566037,0.638298,0.006844,0.004633,0.011114,0.006844,4,0,4,fixed,4,1,1,0,3.000000,4.000000
12,centralized_dqn,centralized_dqn,0,4,5,4,2,2,1,4.763607,62.666700,1.587869,35,0.323348,38,0,2,0,0.323348,0.323348,0.000000,0.000000,0.323348,-0.020132,0,14,1,-1,28,17,35,113.000000,70.666700,62.666700,0.917695,0.843529,1.049068,0.008343,0.004553,0.011114,0.008343,4,0,4,fixed,4,1,1,0,3.000000,4.000000
12,centralized_dqn,centralized_dqn,0,4,5,5,0,0,2,2.960692,113.000000,0.370086,28,0.323348,38,0,0,0,0.323348,0.323348,0.000000,0.000000,0.323348,-0.020132,0,14,1,0,28,17,35,113.000000,70.666700,62.666700,0.355920,0.037800,0.210135,0.011114,-0.022173,0.010815,0.010815,4,0,4,fixed,4,1,1,0,3.000000,4.000000
12,centralized_dqn,centralized_dqn,0,4,5,6,1,1,1,2.499528,70.666700,0.833176,17,0.323348,38,0,1,0,0.323348,0.323348,0.000000,0.000000,0.323348,-0.020132,0,14,1,-1,28,17,35,113.000000,70.666700,62.666700,0.917695,0.897761,1.281844,0.014861,0.011114,0.017956,0.017956,4,0,4,fixed,4,1,1,0,3.000000,4.000000
12,centralized_dqn,centralized_dqn,0,4,5,7,1,1,2,0.480874,70.666700,0.060109,17,0.323348,38,0,1,0,0.323348,0.323348,0.000000,0.000000,0.323348,-0.020132,0,14,1,0,28,17,35,113.000000,70.666700,62.666700,0.344136,0.029981,0.210135,0.061244,0.011114,0.061211,0.061244,4,0,4,fixed,4,1,1,0,3.000000,4.000000
12,centralized_dqn,centralized_dqn,0,4,5,8,0,0,2,1.487460,113.000000,0.185932,28,0.323348,38,0,0,0,0.323348,0.323348,0.000000,0.000000,0.323348,-0.020132,0,14,1,0,28,17,35,113.000000,70.666700,62.666700,0.362741,0.037800,0.210135,0.011114,-0.022231,0.010744,0.010744,4,0,4,fixed,4,1,1,0,3.000000,4.000000
12,centralized_dqn,centralized_dqn,0,4,5,9,1,1,2,0.225084,70.666700,0.028135,17,0.323348,38,1,1,0,0.323348,0.323348,0.000000,0.000000,0.323348,-0.020132,0,14,1,0,28,17,35,113.000000,70.666700,62.666700,0.344136,0.045968,0.210135,0.042066,0.011114,0.042036,0.042066,4,0,4,fixed,4,1,1,0,3.000000,4.000000
12,centralized_dqn,centralized_dqn,0,4,5,10,0,0,2,2.924530,113.000000,0.365566,28,0.323348,38,0,0,0,0.323348,0.323348,0.000000,0.000000,0.323348,-0.020132,0,14,1,0,28,17,35,113.000000,70.666700,62.666700,0.356088,0.037800,0.210135,0.011114,-0.022175,0.010813,0.010813,4,0,4,fixed,4,1,1,0,3.000000,4.000000
12,centralized_dqn,centralized_dqn,0,4,5,11,2,2,4,0.000000,62.666700,0.638298,35,0.323348,38,0,2,0,0.323348,0.323348,0.000000,0.000000,0.323348,-0.020132,0,14,1,-1,28,17,35,113.000000,70.666700,62.666700,0.353982,0.566037,0.638298,0.006844,0.004633,0.011114,0.006844,4,0,4,fixed,4,1,1,0,3.000000,4.000000
12,centralized_dqn,centralized_dqn,0,4,5,12,0,0,2,2.924517,113.000000,0.365565,28,0.323348,38,0,0,0,0.323348,0.323348,0.000000,0.000000,0.323348,-0.020132,0,14,1,0,28,17,35,113.000000,70.666700,62.666700,0.356088,0.037800,0.210135,0.011114,-0.022175,0.010813,0.010813,4,0,4,fixed,4,1,1,0,3.000000,4.000000
12,centralized_dqn,centralized_dqn,0,4,5,13,0,0,2,3.034879,113.000000,0.379360,28,0.323348,38,0,0,0,0.323348,0.323348,0.000000,0.000000,0.323348,-0.020132,0,14,1,0,28,17,35,113.000000,70.666700,62.666700,0.355577,0.037800,0.210135,0.011114,-0.022170,0.010818,0.010818,4,0,4,fixed,4,1,1,0,3.000000,4.000000
12,centralized_dqn,centralized_dqn,0,4,5,14,2,2,2,1.727883,62.666700,0.215985,35,0.323348,38,0,2,0,0.323348,0.323348,0.000000,0.000000,0.323348,-0.020132,0,14,1,0,28,17,35,113.000000,70.666700,62.666700,0.344136,0.037800,0.216164,0.010769,-0.022230,0.011114,0.010769,4,0,4,fixed,4,1,1,0,3.000000,4.000000
12,centralized_dqn,centralized_dqn,0,4,5,15,1,1,1,2.817812,70.666700,0.939271,17,0.323348,38,0,1,0,0.323348,0.323348,0.000000,0.000000,0.323348,-0.020132,0,14,1,-1,28,17,35,113.000000,70.666700,62.666700,0.917695,0.889600,1.281844,0.014875,0.011114,0.017970,0.017970,4,0,4,fixed,4,1,1,0,3.000000,4.000000
12,centralized_dqn,centralized_dqn,0,4,5,16,2,2,2,1.727837,62.666700,0.215980,35,0.323348,38,0,2,0,0.323348,0.323348,0.000000,0.000000,0.323348,-0.020132,0,14,1,0,28,17,35,113.000000,70.666700,62.666700,0.344136,0.037800,0.216165,0.010769,-0.022230,0.011114,0.010769,4,0,4,fixed,4,1,1,0,3.000000,4.000000
12,centralized_dqn,centralized_dqn,0,4,5,17,2,2,3,0.000000,62.666700,1.595744,35,0.323348,38,0,2,0,0.323348,0.323348,0.000000,0.000000,0.323348,-0.020132,0,14,1,1,28,17,35,113.000000,70.666700,62.666700,0.884956,1.415094,1.595744,0.007876,0.004795,0.011114,0.007876,4,0,4,fixed,4,1,1,0,3.000000,4.000000
12,centralized_dqn,centralized_dqn,0,4,5,18,2,2,4,0.000000,62.666700,0.638298,35,0.323348,38,0,2,0,0.323348,0.323348,0.000000,0.000000,0.323348,-0.020132,0,14,1,-1,28,17,35,113.000000,70.666700,62.666700,0.353982,0.566037,0.638298,0.006844,0.004633,0.011114,0.006844,4,0,4,fixed,4,1,1,0,3.000000,4.000000
12,centralized_dqn,centralized_dqn,0,4,5,19,2,2,3,0.000000,62.666700,1.595744,35,0.323348,38,0,2,0,0.323348,0.323348,0.000000,0.000000,0.323348,-0.020132,0,14,1,1,28,17,35,113.000000,70.666700,62.666700,0.884956,1.415094,1.595744,0.007876,0.004795,0.011114,0.007876,4,0,4,fixed,4,1,1,0,3.000000,4.000000
12,centralized_dqn,centralized_dqn,0,4,5,20,2,2,4,0.000000,62.666700,0.638298,35,0.323348,38,0,2,0,0.323348,0.323348,0.000000,0.000000,0.323348,-0.020132,0,14,1,-1,28,17,35,113.000000,70.666700,62.666700,0.353982,0.566037,0.638298,0.006844,0.004633,0.011114,0.006844,4,0,4,fixed,4,1,1,0,3.000000,4.000000
12,centralized_dqn,centralized_dqn,0,4,5,21,0,0,2,2.880902,113.000000,0.360113,28,0.323348,38,0,0,0,0.323348,0.323348,0.000000,0.000000,0.323348,-0.020132,0,14,1,0,28,17,35,113.000000,70.666700,62.666700,0.356290,0.037800,0.210135,0.011114,-0.022176,0.010811,0.010811,4,0,4,fixed,4,1,1,0,3.000000,4.000000
12,centralized_dqn,centralized_dqn,0,4,5,22,2,2,2,1.727895,62.666700,0.215987,35,0.323348,38,0,2,0,0.323348,0.323348,0.000000,0.000000,0.323348,-0.020132,0,14,1,0,28,17,35,113.000000,70.666700,62.666700,0.344136,0.037800,0.216164,0.010769,-0.022230,0.011114,0.010769,4,0,4,fixed,4,1,1,0,3.000000,4.000000
12,centralized_dqn,centralized_dqn,0,4,5,23,0,0,2,3.034874,113.000000,0.379359,28,0.323348,38,0,0,0,0.323348,0.323348,0.000000,0.000000,0.323348,-0.020132,0,14,1,0,28,17,35,113.000000,70.666700,62.666700,0.355577,0.037800,0.210135,0.011114,-0.022170,0.010818,0.010818,4,0,4,fixed,4,1,1,0,3.000000,4.000000
12,centralized_dqn,centralized_dqn,0,4,5,24,2,2,4,0.000000,62.666700,0.638298,35,0.323348,38,0,2,0,0.323348,0.323348,0.000000,0.000000,0.323348,-0.020132,0,14,1,-1,28,17,35,113.000000,70.666700,62.666700,0.353982,0.566037,0.638298,0.006844,0.004633,0.011114,0.006844,4,0,4,fixed,4,1,1,0,3.000000,4.000000
12,centralized_dqn,centralized_dqn,0,4,5,25,0,0,2,3.037172,113.000000,0.379646,28,0.323348,38,0,0,0,0.323348,0.323348,0.000000,0.000000,0.323348,-0.020132,0,14,1,0,28,17,35,113.000000,70.666700,62.666700,0.355566,0.037800,0.210135,0.011114,-0.022170,0.010819,0.010819,4,0,4,fixed,4,1,1,0,3.000000,4.000000
12,centralized_dqn,centralized_dqn,0,4,5,26,0,0,2,3.037137,113.000000,0.379642,28,0.323348,38,0,0,0,0.323348,0.323348,0.000000,0.000000,0.323348,-0.020132,0,14,1,0,28,17,35,113.000000,70.666700,62.666700,0.355566,0.037800,0.210135,0.011114,-0.022170,0.010819,0.010819,4,0,4,fixed,4,1,1,0,3.000000,4.000000
12,centralized_dqn,centralized_dqn,0,4,5,27,2,2,3,0.000000,62.666700,1.595744,35,0.323348,38,0,2,0,0.323348,0.323348,0.000000,0.000000,0.323348,-0.020132,0,14,1,1,28,17,35,113.000000,70.666700,62.666700,0.884956,1.415094,1.595744,0.007876,0.004795,0.011114,0.007876,4,0,4,fixed,4,1,1,0,3.000000,4.000000
12,centralized_dqn,centralized_dqn,0,4,5,28,0,0,2,3.039363,113.000000,0.379920,28,0.323348,38,0,0,0,0.323348,0.323348,0.000000,0.000000,0.323348,-0.020132,0,14,1,0,28,17,35,113.000000,70.666700,62.666700,0.355556,0.037800,0.210135,0.011114,-0.022170,0.010819,0.010819,4,0,4,fixed,4,1,1,0,3.000000,4.000000
12,centralized_dqn,centralized_dqn,0,4,5,29,2,2,2,1.730087,62.666700,0.216261,35,0.323348,38,0,2,0,0.323348,0.323348,0.000000,0.000000,0.323348,-0.020132,0,14,1,0,28,17,35,113.000000,70.666700,62.666700,0.344136,0.037800,0.216118,0.010771,-0.022229,0.011114,0.010771,4,0,4,fixed,4,1,1,0,3.000000,4.000000
12,centralized_dqn,centralized_dqn,0,4,5,30,0,0,2,3.045816,113.000000,0.380727,28,0.323348,38,0,0,0,0.323348,0.323348,0.000000,0.000000,0.323348,-0.020132,0,14,1,0,28,17,35,113.000000,70.666700,62.666700,0.355526,0.037800,0.210135,0.011114,-0.022170,0.010819,0.010819,4,0,4,fixed,4,1,1,0,3.000000,4.000000
12,centralized_dqn,centralized_dqn,0,4,5,31,2,2,4,0.000000,62.666700,0.638298,35,0.323348,38,0,2,0,0.323348,0.323348,0.000000,0.000000,0.323348,-0.020132,0,14,1,-1,28,17,35,113.000000,70.666700,62.666700,0.353982,0.566037,0.638298,0.006844,0.004633,0.011114,0.006844,4,0,4,fixed,4,1,1,0,3.000000,4.000000
12,centralized_dqn,centralized_dqn,0,4,5,32,1,1,1,2.642518,70.666700,0.880839,17,0.323348,38,0,1,0,0.323348,0.323348,0.000000,0.000000,0.323348,-0.020132,0,14,1,-1,28,17,35,113.000000,70.666700,62.666700,0.917695,0.894095,1.281844,0.014867,0.011114,0.017962,0.017962,4,0,4,fixed,4,1,1,0,3.000000,4.000000
12,centralized_dqn,centralized_dqn,0,4,5,33,2,2,4,0.000000,62.666700,0.638298,35,0.323348,38,0,2,0,0.323348,0.323348,0.000000,0.000000,0.323348,-0.020132,0,14,1,-1,28,17,35,113.000000,70.666700,62.666700,0.353982,0.566037,0.638298,0.006844,0.004633,0.011114,0.006844,4,0,4,fixed,4,1,1,0,3.000000,4.000000
12,centralized_dqn,centralized_dqn,0,4,5,34,1,1,1,2.605199,70.666700,0.868400,17,0.323348,38,0,1,0,0.323348,0.323348,0.000000,0.000000,0.323348,-0.020132,0,14,1,-1,28,17,35,113.000000,70.666700,62.666700,0.917695,0.895052,1.281844,0.014866,0.011114,0.017960,0.017960,4,0,4,fixed,4,1,1,0,3.000000,4.000000
12,centralized_dqn,centralized_dqn,0,4,5,35,2,2,2,1.730034,62.666700,0.216254,35,0.323348,38,0,2,0,0.323348,0.323348,0.000000,0.000000,0.323348,-0.020132,0,14,1,0,28,17,35,113.000000,70.666700,62.666700,0.344136,0.037800,0.216119,0.010771,-0.022229,0.011114,0.010771,4,0,4,fixed,4,1,1,0,3.000000,4.000000
12,centralized_dqn,centralized_dqn,0,4,5,36,2,2,2,1.730047,62.666700,0.216256,35,0.323348,38,0,2,0,0.323348,0.323348,0.000000,0.000000,0.323348,-0.020132,0,14,1,0,28,17,35,113.000000,70.666700,62.666700,0.344136,0.037800,0.216119,0.010771,-0.022229,0.011114,0.010771,4,0,4,fixed,4,1,1,0,3.000000,4.000000
12,centralized_dqn,centralized_dqn,0,4,5,37,2,2,4,0.000000,62.666700,0.638298,35,0.323348,38,0,2,0,0.323348,0.323348,0.000000,0.000000,0.323348,-0.020132,0,14,1,-1,28,17,35,113.000000,70.666700,62.666700,0.353982,0.566037,0.638298,0.006844,0.004633,0.011114,0.006844,4,0,4,fixed,4,1,1,0,3.000000,4.000000
12,centralized_dqn,centralized_dqn,0,4,5,38,1,1,1,2.692613,70.666700,0.897538,17,0.323348,38,0,1,0,0.323348,0.323348,0.000000,0.000000,0.323348,-0.020132,0,14,1,-1,28,17,35,113.000000,70.666700,62.666700,0.917695,0.892810,1.281844,0.014870,0.011114,0.017964,0.017964,4,0,4,fixed,4,1,1,0,3.000000,4.000000
12,centralized_dqn,centralized_dqn,0,4,5,39,0,0,2,3.049148,113.000000,0.381144,28,0.323348,38,0,0,0,0.323348,0.323348,0.000000,0.000000,0.323348,-0.020132,0,14,1,0,28,17,35,113.000000,70.666700,62.666700,0.355511,0.037800,0.210135,0.011114,-0.022170,0.010819,0.010819,4,0,4,fixed,4,1,1,0,3.000000,4.000000
12,centralized_dqn,centralized_dqn,0,4,5,40,2,2,4,0.000000,62.666700,0.638298,35,0.323348,38,0,2,0,0.323348,0.323348,0.000000,0.000000,0.323348,-0.020132,0,14,1,-1,28,17,35,113.000000,70.666700,62.666700,0.353982,0.566037,0.638298,0.006844,0.004633,0.011114,0.006844,4,0,4,fixed,4,1,1,0,3.000000,4.000000
12,centralized_dqn,centralized_dqn,0,4,5,41,1,1,1,2.737745,70.666700,0.912582,17,0.323348,38,0,1,0,0.323348,0.323348,0.000000,0.000000,0.323348,-0.020132,0,14,1,-1,28,17,35,113.000000,70.666700,62.666700,0.917695,0.891653,1.281844,0.014871,0.011114,0.017966,0.017966,4,0,4,fixed,4,1,1,0,3.000000,4.000000
12,centralized_dqn,centralized_dqn,0,4,5,42,2,2,4,0.000000,62.666700,0.638298,35,0.323348,38,0,2,0,0.323348,0.323348,0.000000,0.000000,0.323348,-0.020132,0,14,1,-1,28,17,35,113.000000,70.666700,62.666700,0.353982,0.566037,0.638298,0.006844,0.004633,0.011114,0.006844,4,0,4,fixed,4,1,1,0,3.000000,4.000000
12,centralized_dqn,centralized_dqn,0,4,5,43,0,0,2,2.879868,113.000000,0.359984,28,0.323348,38,0,0,0,0.323348,0.323348,0.000000,0.000000,0.323348,-0.020132,0,14,1,0,28,17,35,113.000000,70.666700,62.666700,0.356294,0.037800,0.210135,0.011114,-0.022176,0.010811,0.010811,4,0,4,fixed,4,1,1,0,3.000000,4.000000
12,centralized_dqn,centralized_dqn,0,4,5,44,0,0,2,3.045816,113.000000,0.380727,28,0.323348,38,0,0,0,0.323348,0.323348,0.000000,0.000000,0.323348,-0.020132,0,14,1,0,28,17,35,113.000000,70.666700,62.666700,0.355526,0.037800,0.210135,0.011114,-0.022170,0.010819,0.010819,4,0,4,fixed,4,1,1,0,3.000000,4.000000
12,centralized_dqn,centralized_dqn,0,4,5,45,2,2,3,0.000000,62.666700,1.595744,35,0.323348,38,0,2,0,0.323348,0.323348,0.000000,0.000000,0.323348,-0.020132,0,14,1,1,28,17,35,113.000000,70.666700,62.666700,0.884956,1.415094,1.595744,0.007876,0.004795,0.011114,0.007876,4,0,4,fixed,4,1,1,0,3.000000,4.000000
12,centralized_dqn,centralized_dqn,0,4,5,46,0,0,2,2.863234,113.000000,0.357904,28,0.323348,38,0,0,0,0.323348,0.323348,0.000000,0.000000,0.323348,-0.020132,0,14,1,0,28,17,35,113.000000,70.666700,62.666700,0.356371,0.037800,0.210135,0.011114,-0.022177,0.010810,0.010810,4,0,4,fixed,4,1,1,0,3.000000,4.000000
12,centralized_dqn,centralized_dqn,0,4,5,47,2,2,4,0.000000,62.666700,0.638298,35,0.323348,38,0,2,0,0.323348,0.323348,0.000000,0.000000,0.323348,-0.020132,0,14,1,-1,28,17,35,113.000000,70.666700,62.666700,0.353982,0.566037,0.638298,0.006844,0.004633,0.011114,0.006844,4,0,4,fixed,4,1,1,0,3.000000,4.000000
12,centralized_dqn,centralized_dqn,0,4,5,48,2,2,4,0.000000,62.666700,0.638298,35,0.323348,38,0,2,0,0.323348,0.323348,0.000000,0.000000,0.323348,-0.020132,0,14,1,-1,28,17,35,113.000000,70.666700,62.666700,0.353982,0.566037,0.638298,0.006844,0.004633,0.011114,0.006844,4,0,4,fixed,4,1,1,0,3.000000,4.000000
12,centralized_dqn,centralized_dqn,0,4,5,49,0,0,2,2.863263,113.000000,0.357908,28,0.323348,38,0,0,0,0.323348,0.323348,0.000000,0.000000,0.323348,-0.020132,0,14,1,0,28,17,35,113.000000,70.666700,62.666700,0.356371,0.037800,0.210135,0.011114,-0.022177,0.010810,0.010810,4,0,4,fixed,4,1,1,0,3.000000,4.000000
12,centralized_dqn,centralized_dqn,0,4,5,50,0,0,2,2.890746,113.000000,0.361343,28,0.323348,38,0,0,0,0.323348,0.323348,0.000000,0.000000,0.323348,-0.020132,0,14,1,0,28,17,35,113.000000,70.666700,62.666700,0.356244,0.037800,0.210135,0.011114,-0.022176,0.010811,0.010811,4,0,4,fixed,4,1,1,0,3.000000,4.000000
12,centralized_dqn,centralized_dqn,0,4,5,51,1,1,1,2.633355,70.666700,0.877785,17,0.323348,38,0,1,0,0.323348,0.323348,0.000000,0.000000,0.323348,-0.020132,0,14,1,-1,28,17,35,113.000000,70.666700,62.666700,0.917695,0.894330,1.281844,0.014867,0.011114,0.017962,0.017962,4,0,4,fixed,4,1,1,0,3.000000,4.000000
12,centralized_dqn,centralized_dqn,0,4,5,52,0,0,2,2.890746,113.000000,0.361343,28,0.323348,38,0,0,0,0.323348,0.323348,0.000000,0.000000,0.323348,-0.020132,0,14,1,0,28,17,35,113.000000,70.666700,62.666700,0.356244,0.037800,0.210135,0.011114,-0.022176,0.010811,0.010811,4,0,4,fixed,4,1,1,0,3.000000,4.000000
12,centralized_dqn,centralized_dqn,0,4,5,53,1,1,1,2.760370,70.666700,0.920123,17,0.323348,38,0,1,0,0.323348,0.323348,0.000000,0.000000,0.323348,-0.020132,0,14,1,-1,28,17,35,113.000000,70.666700,62.666700,0.917695,0.891073,1.281844,0.014872,0.011114,0.017967,0.017967,4,0,4,fixed,4,1,1,0,3.000000,4.000000
12,centralized_dqn,centralized_dqn,0,4,5,54,2,2,1,3.147204,62.666700,1.049068,35,0.323348,38,0,2,0,0.323348,0.323348,0.000000,0.000000,0.323348,-0.020132,0,14,1,-1,28,17,35,113.000000,70.666700,62.666700,0.917695,0.843529,1.587869,0.007911,0.004132,0.011114,0.007911,4,0,4,fixed,4,1,1,0,3.000000,4.000000
12,centralized_dqn,centralized_dqn,0,4,5,55,2,2,4,0.000000,62.666700,0.638298,35,0.323348,38,0,2,0,0.323348,0.323348,0.000000,0.000000,0.323348,-0.020132,0,14,1,-1,28,17,35,113.000000,70.666700,62.666700,0.353982,0.566037,0.638298,0.006844,0.004633,0.011114,0.006844,4,0,4,fixed,4,1,1,0,3.000000,4.000000
12,centralized_dqn,centralized_dqn,0,4,5,56,1,1,1,2.675470,70.666700,0.891823,17,0.323348,38,0,1,0,0.323348,0.323348,0.000000,0.000000,0.323348,-0.020132,0,14,1,-1,28,17,35,113.000000,70.666700,62.666700,0.917695,0.893250,1.281844,0.014869,0.011114,0.017964,0.017964,4,0,4,fixed,4,1,1,0,3.000000,4.000000
12,centralized_dqn,centralized_dqn,0,4,5,57,0,0,2,2.890717,113.000000,0.361340,28,0.323348,38,0,0,0,0.323348,0.323348,0.000000,0.000000,0.323348,-0.020132,0,14,1,0,28,17,35,113.000000,70.666700,62.666700,0.356244,0.037800,0.210135,0.011114,-0.022176,0.010811,0.010811,4,0,4,fixed,4,1,1,0,3.000000,4.000000
12,centralized_dqn,centralized_dqn,0,4,5,58,1,1,1,2.497696,70.666700,0.832565,17,0.323348,38,0,1,0,0.323348,0.323348,0.000000,0.000000,0.323348,-0.020132,0,14,1,-1,28,17,35,113.000000,70.666700,62.666700,0.917695,0.897808,1.281844,0.014861,0.011114,0.017956,0.017956,4,0,4,fixed,4,1,1,0,3.000000,4.000000
12,centralized_dqn,centralized_dqn,0,4,5,59,0,0,2,3.067728,113.000000,0.383466,28,0.323348,38,0,0,0,0.323348,0.323348,0.000000,0.000000,0.323348,-0.020132,0,14,1,0,28,17,35,113.000000,70.666700,62.666700,0.355425,0.037800,0.210135,0.011114,-0.022169,0.010820,0.010820,4,0,4,fixed,4,1,1,0,3.000000,4.000000
12,centralized_dqn,centralized_dqn,0,4,5,60,0,0,2,2.889595,113.000000,0.361199,28,0.323348,38,0,0,0,0.323348,0.323348,0.000000,0.000000,0.323348,-0.020132,0,14,1,0,28,17,35,113.000000,70.666700,62.666700,0.356249,0.037800,0.210135,0.011114,-0.022176,0.010811,0.010811,4,0,4,fixed,4,1,1,0,3.000000,4.000000
12,centralized_dqn,centralized_dqn,0,4,5,61,0,0,2,2.883014,113.000000,0.360377,28,0.323348,38,0,0,0,0.323348,0.323348,0.000000,0.000000,0.323348,-0.020132,0,14,1,0,28,17,35,113.000000,70.666700,62.666700,0.356280,0.037800,0.210135,0.011114,-0.022176,0.010811,0.010811,4,0,4,fixed,4,1,1,0,3.000000,4.000000
12,centralized_dqn,centralized_dqn,0,4,5,62,0,0,2,2.893901,113.000000,0.361738,28,0.323348,38,0,0,0,0.323348,0.323348,0.000000,0.000000,0.323348,-0.020132,0,14,1,0,28,17,35,113.000000,70.666700,62.666700,0.356229,0.037800,0.210135,0.011114,-0.022176,0.010811,0.010811,4,0,4,fixed,4,1,1,0,3.000000,4.000000
12,centralized_dqn,centralized_dqn,0,4,5,63,0,0,2,2.925581,113.000000,0.365698,28,0.323348,38,0,0,0,0.323348,0.323348,0.000000,0.000000,0.323348,-0.020132,0,14,1,0,28,17,35,113.000000,70.666700,62.666700,0.356083,0.037800,0.210135,0.011114,-0.022175,0.010813,0.010813,4,0,4,fixed,4,1,1,0,3.000000,4.000000
12,centralized_dqn,centralized_dqn,0,4,5,64,2,2,4,0.000000,62.666700,0.638298,35,0.323348,38,0,2,0,0.323348,0.323348,0.000000,0.000000,0.323348,-0.020132,0,14,1,-1,28,17,35,113.000000,70.666700,62.666700,0.353982,0.566037,0.638298,0.006844,0.004633,0.011114,0.006844,4,0,4,fixed,4,1,1,0,3.000000,4.000000
12,centralized_dqn,centralized_dqn,0,4,5,65,1,1,1,2.633317,70.666700,0.877772,17,0.323348,38,0,1,0,0.323348,0.323348,0.000000,0.000000,0.323348,-0.020132,0,14,1,-1,28,17,35,113.000000,70.666700,62.666700,0.917695,0.894331,1.281844,0.014867,0.011114,0.017962,0.017962,4,0,4,fixed,4,1,1,0,3.000000,4.000000
12,centralized_dqn,centralized_dqn,0,4,5,66,2,2,4,0.000000,62.666700,0.638298,35,0.323348,38,0,2,0,0.323348,0.323348,0.000000,0.000000,0.323348,-0.020132,0,14,1,-1,28,17,35,113.000000,70.666700,62.666700,0.353982,0.566037,0.638298,0.006844,0.004633,0.011114,0.006844,4,0,4,fixed,4,1,1,0,3.000000,4.000000
12,centralized_dqn,centralized_dqn,0,4,5,67,2,2,4,0.000000,62.666700,0.638298,35,0.323348,38,0,2,0,0.323348,0.323348,0.000000,0.000000,0.323348,-0.020132,0,14,1,-1,28,17,35,113.000000,70.666700,62.666700,0.353982,0.566037,0.638298,0.006844,0.004633,0.011114,0.006844,4,0,4,fixed,4,1,1,0,3.000000,4.000000
12,centralized_dqn,centralized_dqn,0,4,5,68,1,1,1,2.692576,70.666700,0.897525,17,0.323348,38,0,1,0,0.323348,0.323348,0.000000,0.000000,0.323348,-0.020132,0,14,1,-1,28,17,35,113.000000,70.666700,62.666700,0.917695,0.892811,1.281844,0.014870,0.011114,0.017964,0.017964,4,0,4,fixed,4,1,1,0,3.000000,4.000000
12,centralized_dqn,centralized_dqn,0,4,5,69,2,2,3,0.000000,62.666700,1.595744,35,0.323348,38,0,2,0,0.323348,0.323348,0.000000,0.000000,0.323348,-0.020132,0,14,1,1,28,17,35,113.000000,70.666700,62.666700,0.884956,1.415094,1.595744,0.007876,0.004795,0.011114,0.007876,4,0,4,fixed,4,1,1,0,3.000000,4.000000
12,centralized_dqn,centralized_dqn,0,4,5,70,0,0,2,2.893977,113.000000,0.361747,28,0.323348,38,0,0,0,0.323348,0.323348,0.000000,0.000000,0.323348,-0.020132,0,14,1,0,28,17,35,113.000000,70.666700,62.666700,0.356229,0.037800,0.210135,0.011114,-0.022176,0.010811,0.010811,4,0,4,fixed,4,1,1,0,3.000000,4.000000
12,centralized_dqn,centralized_dqn,0,4,5,71,1,1,1,2.630911,70.666700,0.876970,17,0.323348,38,0,1,0,0.323348,0.323348,0.000000,0.000000,0.323348,-0.020132,0,14,1,-1,28,17,35,113.000000,70.666700,62.666700,0.917695,0.894392,1.281844,0.014867,0.011114,0.017962,0.017962,4,0,4,fixed,4,1,1,0,3.000000,4.000000
12,centralized_dqn,centralized_dqn,0,4,5,72,2,2,2,1.729969,62.666700,0.216246,35,0.323348,38,0,2,0,0.323348,0.323348,0.000000,0.000000,0.323348,-0.020132,0,14,1,0,28,17,35,113.000000,70.666700,62.666700,0.344136,0.037800,0.216120,0.010771,-0.022229,0.011114,0.010771,4,0,4,fixed,4,1,1,0,3.000000,4.000000
12,centralized_dqn,centralized_dqn,0,4,5,73,2,2,3,0.000000,62.666700,1.595744,35,0.323348,38,0,2,0,0.323348,0.323348,0.000000,0.000000,0.323348,-0.020132,0,14,1,1,28,17,35,113.000000,70.666700,62.666700,0.884956,1.415094,1.595744,0.007876,0.004795,0.011114,0.007876,4,0,4,fixed,4,1,1,0,3.000000,4.000000
12,centralized_dqn,centralized_dqn,0,4,5,74,0,0,2,3.028403,113.000000,0.378550,28,0.323348,38,0,0,0,0.323348,0.323348,0.000000,0.000000,0.323348,-0.020132,0,14,1,0,28,17,35,113.000000,70.666700,62.666700,0.355607,0.037800,0.210135,0.011114,-0.022171,0.010818,0.010818,4,0,4,fixed,4,1,1,0,3.000000,4.000000
12,centralized_dqn,centralized_dqn,0,4,5,75,2,2,4,0.000000,62.666700,0.638298,35,0.323348,38,0,2,0,0.323348,0.323348,0.000000,0.000000,0.323348,-0.020132,0,14,1,-1,28,17,35,113.000000,70.666700,62.666700,0.353982,0.566037,0.638298,0.006844,0.004633,0.011114,0.006844,4,0,4,fixed,4,1,1,0,3.000000,4.000000
12,centralized_dqn,centralized_dqn,0,4,5,76,2,2,4,0.000000,62.666700,0.638298,35,0.323348,38,0,2,0,0.323348,0.323348,0.000000,0.000000,0.323348,-0.020132,0,14,1,-1,28,17,35,113.000000,70.666700,62.666700,0.353982,0.566037,0.638298,0.006844,0.004633,0.011114,0.006844,4,0,4,fixed,4,1,1,0,3.000000,4.000000
12,centralized_dqn,centralized_dqn,0,4,5,77,2,2,3,0.000000,62.666700,1.595744,35,0.323348,38,0,2,0,0.323348,0.323348,0.000000,0.000000,0.323348,-0.020132,0,14,1,1,28,17,35,113.000000,70.666700,62.666700,0.884956,1.415094,1.595744,0.007876,0.004795,0.011114,0.007876,4,0,4,fixed,4,1,1,0,3.000000,4.000000
12,centralized_dqn,centralized_dqn,0,4,5,78,2,2,3,0.000000,62.666700,1.595744,35,0.323348,38,0,2,0,0.323348,0.323348,0.000000,0.000000,0.323348,-0.020132,0,14,1,1,28,17,35,113.000000,70.666700,62.666700,0.884956,1.415094,1.595744,0.007876,0.004795,0.011114,0.007876,4,0,4,fixed,4,1,1,0,3.000000,4.000000
12,centralized_dqn,centralized_dqn,0,4,5,79,0,0,2,2.895036,113.000000,0.361879,28,0.323348,38,0,0,0,0.323348,0.323348,0.000000,0.000000,0.323348,-0.020132,0,14,1,0,28,17,35,113.000000,70.666700,62.666700,0.356224,0.037800,0.210135,0.011114,-0.022176,0.010812,0.010812,4,0,4,fixed,4,1,1,0,3.000000,4.000000
12,centralized_dqn,centralized_dqn,0,4,5,80,0,0,2,1.581352,113.000000,0.197669,28,0.323348,38,0,0,0,0.323348,0.323348,0.000000,0.000000,0.323348,-0.020132,0,14,1,0,28,17,35,113.000000,70.666700,62.666700,0.362306,0.037800,0.210135,0.011114,-0.022227,0.010748,0.010748,4,0,4,fixed,4,1,1,0,3.000000,4.000000
