seed,method,effective_method,bootstrap_cycle_flag,max_switches,cycle_id,ue_id,previous_bs_id,current_bs_id,app_type,tp_mbps,rtt_ms,satisfaction,num_users_on_current_bs,harmonic_mean,num_unsatisfied_users,target_ue_flag,action_selected_bs_id,switch_flag,h_before,h_after_estimated,reward,estimated_reward,h_after_measured,measured_reward,switch_count,num_degraded_users,measurement_valid,candidate_type,num_users_ap0,num_users_ap1,num_users_ap2,monitor_rtt_ap0,monitor_rtt_ap1,monitor_rtt_ap2,estimated_satisfaction_if_ap0,estimated_satisfaction_if_ap1,estimated_satisfaction_if_ap2,estimated_h_delta_if_ap0,estimated_h_delta_if_ap1,estimated_h_delta_if_ap2,best_estimated_h_delta,effective_max_switches,applied_switches_in_cycle,remaining_switch_budget,k_schedule_type,k_max,k_min,k_decay_rate,stop_action_flag,warmup_before_cycle_sec,cycle_start_offset_sec
15,centralized_dqn,logistic_bootstrap,1,4,1,1,0,0,2,7.775917,99.166700,0.971990,28,0.358034,41,0,0,0,0.358034,0.917139,0.559105,0.559105,0.358034,0.000000,59,0,1,-1,28,26,26,99.166700,81.833300,66.500000,0.870971,0.292295,0.113711,0.000028,-0.005020,-0.017703,0.000000,4,59,0,fixed,4,1,1,0,3.000000,4.000000
15,centralized_dqn,logistic_bootstrap,1,4,1,2,0,0,4,0.000000,99.166700,0.403361,28,0.358034,41,0,2,1,0.358034,0.917139,0.559105,0.559105,0.358034,0.000000,59,0,1,0,28,26,26,99.166700,81.833300,66.500000,0.403361,0.488799,0.601504,0.000028,-0.000688,-0.004929,0.000000,4,59,0,fixed,4,1,1,0,3.000000,4.000000
15,centralized_dqn,logistic_bootstrap,1,4,1,3,1,1,1,3.501993,81.833300,1.167331,26,0.358034,41,0,1,0,0.358034,0.917139,0.559105,0.559105,0.358034,0.000000,59,0,1,-1,28,26,26,99.166700,81.833300,66.500000,1.128799,1.162610,0.774913,0.001351,0.000028,-0.005550,0.001351,4,59,0,fixed,4,1,1,0,3.000000,4.000000
15,centralized_dqn,logistic_bootstrap,1,4,1,4,2,2,2,0.945340,66.500000,0.118168,26,0.358034,41,0,0,1,0.358034,0.917139,0.559105,0.559105,0.358034,0.000000,59,0,1,0,28,26,26,99.166700,81.833300,66.500000,0.857193,0.292295,0.118077,0.018445,0.012970,0.000028,0.018445,4,59,0,fixed,4,1,1,0,3.000000,4.000000
15,centralized_dqn,logistic_bootstrap,1,4,1,5,1,1,3,0.000000,81.833300,1.221996,26,0.358034,41,0,2,1,0.358034,0.917139,0.559105,0.559105,0.358034,0.000000,59,0,1,-1,28,26,26,99.166700,81.833300,66.500000,1.008403,1.221996,1.503759,0.001166,0.000028,-0.004589,0.001166,4,59,0,fixed,4,1,1,0,3.000000,4.000000
15,centralized_dqn,logistic_bootstrap,1,4,1,6,0,0,4,0.000000,99.166700,0.403361,28,0.358034,41,0,2,1,0.358034,0.917139,0.559105,0.559105,0.358034,0.000000,59,0,1,0,28,26,26,99.166700,81.833300,66.500000,0.403361,0.488799,0.601504,0.000028,-0.000688,-0.004929,0.000000,4,59,0,fixed,4,1,1,0,3.000000,4.000000
15,centralized_dqn,logistic_bootstrap,1,4,1,7,1,1,2,2.426209,81.833300,0.303276,26,0.358034,41,0,0,1,0.358034,0.917139,0.559105,0.559105,0.358034,0.000000,59,0,1,0,28,26,26,99.166700,81.833300,66.500000,0.857193,0.303570,0.113711,0.004707,0.000028,-0.013390,0.004707,4,59,0,fixed,4,1,1,0,3.000000,4.000000
15,centralized_dqn,logistic_bootstrap,1,4,1,8,2,2,2,0.945323,66.500000,0.118165,26,0.358034,41,0,0,1,0.358034,0.917139,0.559105,0.559105,0.358034,0.000000,59,0,1,0,28,26,26,99.166700,81.833300,66.500000,0.857193,0.292295,0.118078,0.018445,0.012970,0.000028,0.018445,4,59,0,fixed,4,1,1,0,3.000000,4.000000
15,centralized_dqn,logistic_bootstrap,1,4,1,9,0,0,1,3.507852,99.166700,1.169284,28,0.358034,41,0,1,1,0.358034,0.917139,0.559105,0.559105,0.358034,0.000000,59,0,1,1,28,26,26,99.166700,81.833300,66.500000,1.169079,1.120459,0.774913,0.000028,-0.001486,-0.006916,0.000000,4,59,0,fixed,4,1,1,0,3.000000,4.000000
15,centralized_dqn,logistic_bootstrap,1,4,1,10,1,1,4,0.000000,81.833300,0.488799,26,0.358034,41,0,2,1,0.358034,0.917139,0.559105,0.559105,0.358034,0.000000,59,0,1,0,28,26,26,99.166700,81.833300,66.500000,0.403361,0.488799,0.601504,0.000747,0.000028,-0.004230,0.000747,4,59,0,fixed,4,1,1,0,3.000000,4.000000
15,centralized_dqn,logistic_bootstrap,1,4,1,11,0,0,2,6.885156,99.166700,0.860645,28,0.358034,41,0,0,0,0.358034,0.917139,0.559105,0.559105,0.358034,0.000000,59,0,1,-1,28,26,26,99.166700,81.833300,66.500000,0.893240,0.292295,0.113711,0.000028,-0.005063,-0.017743,0.000000,4,59,0,fixed,4,1,1,0,3.000000,4.000000
15,centralized_dqn,logistic_bootstrap,1,4,1,12,1,1,2,2.427384,81.833300,0.303423,26,0.358034,41,0,0,1,0.358034,0.917139,0.559105,0.559105,0.358034,0.000000,59,0,1,0,28,26,26,99.166700,81.833300,66.500000,0.857193,0.303552,0.113711,0.004707,0.000028,-0.013390,0.004707,4,59,0,fixed,4,1,1,0,3.000000,4.000000
15,centralized_dqn,logistic_bootstrap,1,4,1,13,2,2,4,0.000000,66.500000,0.601504,26,0.358034,41,0,2,0,0.358034,0.917139,0.559105,0.559105,0.358034,0.000000,59,0,1,-1,28,26,26,99.166700,81.833300,66.500000,0.403361,0.488799,0.601504,0.005126,0.004389,0.000028,0.005126,4,59,0,fixed,4,1,1,0,3.000000,4.000000
15,centralized_dqn,logistic_bootstrap,1,4,1,14,1,1,4,0.000000,81.833300,0.488799,26,0.358034,41,0,2,1,0.358034,0.917139,0.559105,0.559105,0.358034,0.000000,59,0,1,0,28,26,26,99.166700,81.833300,66.500000,0.403361,0.488799,0.601504,0.000747,0.000028,-0.004230,0.000747,4,59,0,fixed,4,1,1,0,3.000000,4.000000
15,centralized_dqn,logistic_bootstrap,1,4,1,15,0,0,2,6.885132,99.166700,0.860642,28,0.358034,41,0,0,0,0.358034,0.917139,0.559105,0.559105,0.358034,0.000000,59,0,1,-1,28,26,26,99.166700,81.833300,66.500000,0.893240,0.292295,0.113711,0.000028,-0.005063,-0.017743,0.000000,4,59,0,fixed,4,1,1,0,3.000000,4.000000
15,centralized_dqn,logistic_bootstrap,1,4,1,16,1,1,1,3.504968,81.833300,1.168323,26,0.358034,41,0,1,0,0.358034,0.917139,0.559105,0.559105,0.358034,0.000000,59,0,1,-1,28,26,26,99.166700,81.833300,66.500000,1.128799,1.162362,0.774913,0.001351,0.000028,-0.005549,0.001351,4,59,0,fixed,4,1,1,0,3.000000,4.000000
15,centralized_dqn,logistic_bootstrap,1,4,1,17,0,0,3,0.000000,99.166700,1.008403,28,0.358034,41,0,2,1,0.358034,0.917139,0.559105,0.559105,0.358034,0.000000,59,0,1,1,28,26,26,99.166700,81.833300,66.500000,1.008403,1.221996,1.503759,0.000028,-0.001102,-0.005691,0.000000,4,59,0,fixed,4,1,1,0,3.000000,4.000000
15,centralized_dqn,logistic_bootstrap,1,4,1,18,1,1,3,0.000000,81.833300,1.221996,26,0.358034,41,0,2,1,0.358034,0.917139,0.559105,0.559105,0.358034,0.000000,59,0,1,-1,28,26,26,99.166700,81.833300,66.500000,1.008403,1.221996,1.503759,0.001166,0.000028,-0.004589,0.001166,4,59,0,fixed,4,1,1,0,3.000000,4.000000
15,centralized_dqn,logistic_bootstrap,1,4,1,19,2,2,1,2.511896,66.500000,0.837299,26,0.358034,41,0,1,1,0.358034,0.917139,0.559105,0.559105,0.358034,0.000000,59,0,1,-1,28,26,26,99.166700,81.833300,66.500000,1.128799,1.120459,0.788426,0.007032,0.005560,0.000028,0.007032,4,59,0,fixed,4,1,1,0,3.000000,4.000000
15,centralized_dqn,logistic_bootstrap,1,4,1,20,2,2,3,0.000000,66.500000,1.503759,26,0.358034,41,0,2,0,0.358034,0.917139,0.559105,0.559105,0.358034,0.000000,59,0,1,-1,28,26,26,99.166700,81.833300,66.500000,1.008403,1.221996,1.503759,0.005936,0.004767,0.000028,0.005936,4,59,0,fixed,4,1,1,0,3.000000,4.000000
15,centralized_dqn,logistic_bootstrap,1,4,1,21,0,0,2,6.886225,99.166700,0.860778,28,0.358034,41,0,0,0,0.358034,0.917139,0.559105,0.559105,0.358034,0.000000,59,0,1,-1,28,26,26,99.166700,81.833300,66.500000,0.893213,0.292295,0.113711,0.000028,-0.005063,-0.017743,0.000000,4,59,0,fixed,4,1,1,0,3.000000,4.000000
15,centralized_dqn,logistic_bootstrap,1,4,1,22,0,0,2,6.885132,99.166700,0.860642,28,0.358034,41,0,0,0,0.358034,0.917139,0.559105,0.559105,0.358034,0.000000,59,0,1,-1,28,26,26,99.166700,81.833300,66.500000,0.893240,0.292295,0.113711,0.000028,-0.005063,-0.017743,0.000000,4,59,0,fixed,4,1,1,0,3.000000,4.000000
15,centralized_dqn,logistic_bootstrap,1,4,1,23,1,1,4,0.000000,81.833300,0.488799,26,0.358034,41,0,2,1,0.358034,0.917139,0.559105,0.559105,0.358034,0.000000,59,0,1,0,28,26,26,99.166700,81.833300,66.500000,0.403361,0.488799,0.601504,0.000747,0.000028,-0.004230,0.000747,4,59,0,fixed,4,1,1,0,3.000000,4.000000
15,centralized_dqn,logistic_bootstrap,1,4,1,24,1,1,2,2.429552,81.833300,0.303694,26,0.358034,41,0,0,1,0.358034,0.917139,0.559105,0.559105,0.358034,0.000000,59,0,1,0,28,26,26,99.166700,81.833300,66.500000,0.857193,0.303518,0.113711,0.004708,0.000028,-0.013389,0.004708,4,59,0,fixed,4,1,1,0,3.000000,4.000000
15,centralized_dqn,logistic_bootstrap,1,4,1,25,1,1,2,2.427366,81.833300,0.303421,26,0.358034,41,0,0,1,0.358034,0.917139,0.559105,0.559105,0.358034,0.000000,59,0,1,0,28,26,26,99.166700,81.833300,66.500000,0.857193,0.303552,0.113711,0.004707,0.000028,-0.013390,0.004707,4,59,0,fixed,4,1,1,0,3.000000,4.000000
15,centralized_dqn,logistic_bootstrap,1,4,1,26,0,0,1,3.508542,99.166700,1.169514,28,0.358034,41,0,1,1,0.358034,0.917139,0.559105,0.559105,0.358034,0.000000,59,0,1,1,28,26,26,99.166700,81.833300,66.500000,1.169033,1.120459,0.774913,0.000028,-0.001486,-0.006916,0.000000,4,59,0,fixed,4,1,1,0,3.000000,4.000000
15,centralized_dqn,logistic_bootstrap,1,4,1,27,0,0,4,0.000000,99.166700,0.403361,28,0.358034,41,0,2,1,0.358034,0.917139,0.559105,0.559105,0.358034,0.000000,59,0,1,0,28,26,26,99.166700,81.833300,66.500000,0.403361,0.488799,0.601504,0.000028,-0.000688,-0.004929,0.000000,4,59,0,fixed,4,1,1,0,3.000000,4.000000
15,centralized_dqn,logistic_bootstrap,1,4,1,28,1,1,3,0.000000,81.833300,1.221996,26,0.358034,41,0,2,1,0.358034,0.917139,0.559105,0.559105,0.358034,0.000000,59,0,1,-1,28,26,26,99.166700,81.833300,66.500000,1.008403,1.221996,1.503759,0.001166,0.000028,-0.004589,0.001166,4,59,0,fixed,4,1,1,0,3.000000,4.000000
15,centralized_dqn,logistic_bootstrap,1,4,1,29,2,2,2,0.945329,66.500000,0.118166,26,0.358034,41,0,0,1,0.358034,0.917139,0.559105,0.559105,0.358034,0.000000,59,0,1,0,28,26,26,99.166700,81.833300,66.500000,0.857193,0.292295,0.118077,0.018445,0.012970,0.000028,0.018445,4,59,0,fixed,4,1,1,0,3.000000,4.000000
15,centralized_dqn,logistic_bootstrap,1,4,1,30,1,1,1,3.507744,81.833300,1.169248,26,0.358034,41,0,1,0,0.358034,0.917139,0.559105,0.559105,0.358034,0.000000,59,0,1,-1,28,26,26,99.166700,81.833300,66.500000,1.128799,1.162131,0.774913,0.001351,0.000028,-0.005549,0.001351,4,59,0,fixed,4,1,1,0,3.000000,4.000000
15,centralized_dqn,logistic_bootstrap,1,4,1,31,0,0,4,0.000000,99.166700,0.403361,28,0.358034,41,0,2,1,0.358034,0.917139,0.559105,0.559105,0.358034,0.000000,59,0,1,0,28,26,26,99.166700,81.833300,66.500000,0.403361,0.488799,0.601504,0.000028,-0.000688,-0.004929,0.000000,4,59,0,fixed,4,1,1,0,3.000000,4.000000
15,centralized_dqn,logistic_bootstrap,1,4,1,32,1,1,2,2.426273,81.833300,0.303284,26,0.358034,41,0,0,1,0.358034,0.917139,0.559105,0.559105,0.358034,0.000000,59,0,1,0,28,26,26,99.166700,81.833300,66.500000,0.857193,0.303569,0.113711,0.004707,0.000028,-0.013390,0.004707,4,59,0,fixed,4,1,1,0,3.000000,4.000000
15,centralized_dqn,logistic_bootstrap,1,4,1,33,2,2,3,0.000000,66.500000,1.503759,26,0.358034,41,0,2,0,0.358034,0.917139,0.559105,0.559105,0.358034,0.000000,59,0,1,-1,28,26,26,99.166700,81.833300,66.500000,1.008403,1.221996,1.503759,0.005936,0.004767,0.000028,0.005936,4,59,0,fixed,4,1,1,0,3.000000,4.000000
15,centralized_dqn,logistic_bootstrap,1,4,1,34,2,2,2,0.945312,66.500000,0.118164,26,0.358034,41,0,0,1,0.358034,0.917139,0.559105,0.559105,0.358034,0.000000,59,0,1,0,28,26,26,99.166700,81.833300,66.500000,0.857193,0.292295,0.118078,0.018445,0.012970,0.000028,0.018445,4,59,0,fixed,4,1,1,0,3.000000,4.000000
15,centralized_dqn,logistic_bootstrap,1,4,1,35,1,1,3,0.000000,81.833300,1.221996,26,0.358034,41,0,2,1,0.358034,0.917139,0.559105,0.559105,0.358034,0.000000,59,0,1,-1,28,26,26,99.166700,81.833300,66.500000,1.008403,1.221996,1.503759,0.001166,0.000028,-0.004589,0.001166,4,59,0,fixed,4,1,1,0,3.000000,4.000000
15,centralized_dqn,logistic_bootstrap,1,4,1,36,0,0,3,0.000000,99.166700,1.008403,28,0.358034,41,0,2,1,0.358034,0.917139,0.559105,0.559105,0.358034,0.000000,59,0,1,1,28,26,26,99.166700,81.833300,66.500000,1.008403,1.221996,1.503759,0.000028,-0.001102,-0.005691,0.000000,4,59,0,fixed,4,1,1,0,3.000000,4.000000
15,centralized_dqn,logistic_bootstrap,1,4,1,37,2,2,4,0.000000,66.500000,0.601504,26,0.358034,41,0,2,0,0.358034,0.917139,0.559105,0.559105,0.358034,0.000000,59,0,1,-1,28,26,26,99.166700,81.833300,66.500000,0.403361,0.488799,0.601504,0.005126,0.004389,0.000028,0.005126,4,59,0,fixed,4,1,1,0,3.000000,4.000000
15,centralized_dqn,logistic_bootstrap,1,4,1,38,0,0,1,3.507906,99.166700,1.169302,28,0.358034,41,0,1,1,0.358034,0.917139,0.559105,0.559105,0.358034,0.000000,59,0,1,1,28,26,26,99.166700,81.833300,66.500000,1.169075,1.120459,0.774913,0.000028,-0.001486,-0.006916,0.000000,4,59,0,fixed,4,1,1,0,3.000000,4.000000
15,centralized_dqn,logistic_bootstrap,1,4,1,39,2,2,2,0.945340,66.500000,0.118168,26,0.358034,41,0,0,1,0.358034,0.917139,0.559105,0.559105,0.358034,0.000000,59,0,1,0,28,26,26,99.166700,81.833300,66.500000,0.857193,0.292295,0.118077,0.018445,0.012970,0.000028,0.018445,4,59,0,fixed,4,1,1,0,3.000000,4.000000
15,centralized_dqn,logistic_bootstrap,1,4,1,40,2,2,1,2.320682,66.500000,0.773561,26,0.358034,41,0,1,1,0.358034,0.917139,0.559105,0.559105,0.358034,0.000000,59,0,1,-1,28,26,26,99.166700,81.833300,66.500000,1.128799,1.120459,0.820295,0.006953,0.005481,0.000028,0.006953,4,59,0,fixed,4,1,1,0,3.000000,4.000000
15,centralized_dqn,logistic_bootstrap,1,4,1,41,1,1,4,0.000000,81.833300,0.488799,26,0.358034,41,0,2,1,0.358034,0.917139,0.559105,0.559105,0.358034,0.000000,59,0,1,0,28,26,26,99.166700,81.833300,66.500000,0.403361,0.488799,0.601504,0.000747,0.000028,-0.004230,0.000747,4,59,0,fixed,4,1,1,0,3.000000,4.000000
15,centralized_dqn,logistic_bootstrap,1,4,1,42,0,0,3,0.000000,99.166700,1.008403,28,0.358034,41,0,2,1,0.358034,0.917139,0.559105,0.559105,0.358034,0.000000,59,0,1,1,28,26,26,99.166700,81.833300,66.500000,1.008403,1.221996,1.503759,0.000028,-0.001102,-0.005691,0.000000,4,59,0,fixed,4,1,1,0,3.000000,4.000000
15,centralized_dqn,logistic_bootstrap,1,4,1,43,0,0,1,3.507237,99.166700,1.169079,28,0.358034,41,0,1,1,0.358034,0.917139,0.559105,0.559105,0.358034,0.000000,59,0,1,1,28,26,26,99.166700,81.833300,66.500000,1.169120,1.120459,0.774913,0.000028,-0.001486,-0.006916,0.000000,4,59,0,fixed,4,1,1,0,3.000000,4.000000
15,centralized_dqn,logistic_bootstrap,1,4,1,44,1,1,2,2.430611,81.833300,0.303826,26,0.358034,41,0,0,1,0.358034,0.917139,0.559105,0.559105,0.358034,0.000000,59,0,1,0,28,26,26,99.166700,81.833300,66.500000,0.857193,0.303501,0.113711,0.004708,0.000028,-0.013389,0.004708,4,59,0,fixed,4,1,1,0,3.000000,4.000000
15,centralized_dqn,logistic_bootstrap,1,4,1,45,1,1,4,0.000000,81.833300,0.488799,26,0.358034,41,0,2,1,0.358034,0.917139,0.559105,0.559105,0.358034,0.000000,59,0,1,0,28,26,26,99.166700,81.833300,66.500000,0.403361,0.488799,0.601504,0.000747,0.000028,-0.004230,0.000747,4,59,0,fixed,4,1,1,0,3.000000,4.000000
15,centralized_dqn,logistic_bootstrap,1,4,1,46,2,2,2,0.945352,66.500000,0.118169,26,0.358034,41,0,0,1,0.358034,0.917139,0.559105,0.559105,0.358034,0.000000,59,0,1,0,28,26,26,99.166700,81.833300,66.500000,0.857193,0.292295,0.118077,0.018445,0.012970,0.000028,0.018445,4,59,0,fixed,4,1,1,0,3.000000,4.000000
15,centralized_dqn,logistic_bootstrap,1,4,1,47,2,2,3,0.000000,66.500000,1.503759,26,0.358034,41,0,2,0,0.358034,0.917139,0.559105,0.559105,0.358034,0.000000,59,0,1,-1,28,26,26,99.166700,81.833300,66.500000,1.008403,1.221996,1.503759,0.005936,0.004767,0.000028,0.005936,4,59,0,fixed,4,1,1,0,3.000000,4.000000
15,centralized_dqn,logistic_bootstrap,1,4,1,48,0,0,4,0.000000,99.166700,0.403361,28,0.358034,41,0,2,1,0.358034,0.917139,0.559105,0.559105,0.358034,0.000000,59,0,1,0,28,26,26,99.166700,81.833300,66.500000,0.403361,0.488799,0.601504,0.000028,-0.000688,-0.004929,0.000000,4,59,0,fixed,4,1,1,0,3.000000,4.000000
15,centralized_dqn,logistic_bootstrap,1,4,1,49,2,2,2,0.945352,66.500000,0.118169,26,0.358034,41,0,0,1,0.358034,0.917139,0.559105,0.559105,0.358034,0.000000,59,0,1,0,28,26,26,99.166700,81.833300,66.500000,0.857193,0.292295,0.118077,0.018445,0.012970,0.000028,0.018445,4,59,0,fixed,4,1,1,0,3.000000,4.000000
15,centralized_dqn,logistic_bootstrap,1,4,1,50,0,0,4,0.000000,99.166700,0.403361,28,0.358034,41,0,2,1,0.358034,0.917139,0.559105,0.559105,0.358034,0.000000,59,0,1,0,28,26,26,99.166700,81.833300,66.500000,0.403361,0.488799,0.601504,0.000028,-0.000688,-0.004929,0.000000,4,59,0,fixed,4,1,1,0,3.000000,4.000000
15,centralized_dqn,logistic_bootstrap,1,4,1,51,0,0,4,0.000000,99.166700,0.403361,28,0.358034,41,0,2,1,0.358034,0.917139,0.559105,0.559105,0.358034,0.000000,59,0,1,0,28,26,26,99.166700,81.833300,66.500000,0.403361,0.488799,0.601504,0.000028,-0.000688,-0.004929,0.000000,4,59,0,fixed,4,1,1,0,3.000000,4.000000
15,centralized_dqn,logistic_bootstrap,1,4,1,52,1,1,2,2.428395,81.833300,0.303549,26,0.358034,41,0,0,1,0.358034,0.917139,0.559105,0.559105,0.358034,0.000000,59,0,1,0,28,26,26,99.166700,81.833300,66.500000,0.857193,0.303536,0.113711,0.004707,0.000028,-0.013390,0.004707,4,59,0,fixed,4,1,1,0,3.000000,4.000000
15,centralized_dqn,logistic_bootstrap,1,4,1,53,2,2,1,2.409874,66.500000,0.803291,26,0.358034,41,0,1,1,0.358034,0.917139,0.559105,0.559105,0.358034,0.000000,59,0,1,-1,28,26,26,99.166700,81.833300,66.500000,1.128799,1.120459,0.805430,0.006989,0.005517,0.000028,0.006989,4,59,0,fixed,4,1,1,0,3.000000,4.000000
15,centralized_dqn,logistic_bootstrap,1,4,1,54,0,0,3,0.000000,99.166700,1.008403,28,0.358034,41,0,2,1,0.358034,0.917139,0.559105,0.559105,0.358034,0.000000,59,0,1,1,28,26,26,99.166700,81.833300,66.500000,1.008403,1.221996,1.503759,0.000028,-0.001102,-0.005691,0.000000,4,59,0,fixed,4,1,1,0,3.000000,4.000000
15,centralized_dqn,logistic_bootstrap,1,4,1,55,1,1,4,0.000000,81.833300,0.488799,26,0.358034,41,0,2,1,0.358034,0.917139,0.559105,0.559105,0.358034,0.000000,59,0,1,0,28,26,26,99.166700,81.833300,66.500000,0.403361,0.488799,0.601504,0.000747,0.000028,-0.004230,0.000747,4,59,0,fixed,4,1,1,0,3.000000,4.000000
15,centralized_dqn,logistic_bootstrap,1,4,1,56,2,2,3,0.000000,66.500000,1.503759,26,0.358034,41,0,2,0,0.358034,0.917139,0.559105,0.559105,0.358034,0.000000,59,0,1,-1,28,26,26,99.166700,81.833300,66.500000,1.008403,1.221996,1.503759,0.005936,0.004767,0.000028,0.005936,4,59,0,fixed,4,1,1,0,3.000000,4.000000
15,centralized_dqn,logistic_bootstrap,1,4,1,57,0,0,1,3.506140,99.166700,1.168713,28,0.358034,41,0,1,1,0.358034,0.917139,0.559105,0.559105,0.358034,0.000000,59,0,1,1,28,26,26,99.166700,81.833300,66.500000,1.169193,1.120459,0.774913,0.000028,-0.001486,-0.006916,0.000000,4,59,0,fixed,4,1,1,0,3.000000,4.000000
15,centralized_dqn,logistic_bootstrap,1,4,1,58,1,1,1,3.463264,81.833300,1.154421,26,0.358034,41,0,1,0,0.358034,0.917139,0.559105,0.559105,0.358034,0.000000,59,0,1,-1,28,26,26,99.166700,81.833300,66.500000,1.128799,1.165837,0.774913,0.001347,0.000028,-0.005553,0.001347,4,59,0,fixed,4,1,1,0,3.000000,4.000000
15,centralized_dqn,logistic_bootstrap,1,4,1,59,0,0,4,0.000000,99.166700,0.403361,28,0.358034,41,0,2,1,0.358034,0.917139,0.559105,0.559105,0.358034,0.000000,59,0,1,0,28,26,26,99.166700,81.833300,66.500000,0.403361,0.488799,0.601504,0.000028,-0.000688,-0.004929,0.000000,4,59,0,fixed,4,1,1,0,3.000000,4.000000
15,centralized_dqn,logistic_bootstrap,1,4,1,60,1,1,2,2.429476,81.833300,0.303685,26,0.358034,41,0,0,1,0.358034,0.917139,0.559105,0.559105,0.358034,0.000000,59,0,1,0,28,26,26,99.166700,81.833300,66.500000,0.857193,0.303519,0.113711,0.004708,0.000028,-0.013389,0.004708,4,59,0,fixed,4,1,1,0,3.000000,4.000000
15,centralized_dqn,logistic_bootstrap,1,4,1,61,2,2,2,0.945294,66.500000,0.118162,26,0.358034,41,0,0,1,0.358034,0.917139,0.559105,0.559105,0.358034,0.000000,59,0,1,0,28,26,26,99.166700,81.833300,66.500000,0.857193,0.292295,0.118078,0.018445,0.012970,0.000028,0.018445,4,59,0,fixed,4,1,1,0,3.000000,4.000000
15,centralized_dqn,logistic_bootstrap,1,4,1,62,2,2,2,0.945346,66.500000,0.118168,26,0.358034,41,0,0,1,0.358034,0.917139,0.559105,0.559105,0.358034,0.000000,59,0,1,0,28,26,26,99.166700,81.833300,66.500000,0.857193,0.292295,0.118077,0.018445,0.012970,0.000028,0.018445,4,59,0,fixed,4,1,1,0,3.000000,4.000000
15,centralized_dqn,logistic_bootstrap,1,4,1,63,0,0,4,0.000000,99.166700,0.403361,28,0.358034,41,0,2,1,0.358034,0.917139,0.559105,0.559105,0.358034,0.000000,59,0,1,0,28,26,26,99.166700,81.833300,66.500000,0.403361,0.488799,0.601504,0.000028,-0.000688,-0.004929,0.000000,4,59,0,fixed,4,1,1,0,3.000000,4.000000
15,centralized_dqn,logistic_bootstrap,1,4,1,64,0,0,4,0.000000,99.166700,0.403361,28,0.358034,41,0,2,1,0.358034,0.917139,0.559105,0.559105,0.358034,0.000000,59,0,1,0,28,26,26,99.166700,81.833300,66.500000,0.403361,0.488799,0.601504,0.000028,-0.000688,-0.004929,0.000000,4,59,0,fixed,4,1,1,0,3.000000,4.000000
15,centralized_dqn,logistic_bootstrap,1,4,1,65,0,0,4,0.000000,99.166700,0.403361,28,0.358034,41,0,2,1,0.358034,0.917139,0.559105,0.559105,0.358034,0.000000,59,0,1,0,28,26,26,99.166700,81.833300,66.500000,0.403361,0.488799,0.601504,0.000028,-0.000688,-0.004929,0.000000,4,59,0,fixed,4,1,1,0,3.000000,4.000000
15,centralized_dqn,logistic_bootstrap,1,4,1,66,2,2,2,0.944224,66.500000,0.118028,26,0.358034,41,0,0,1,0.358034,0.917139,0.559105,0.559105,0.358034,0.000000,59,0,1,0,28,26,26,99.166700,81.833300,66.500000,0.857193,0.292295,0.118089,0.018444,0.012969,0.000028,0.018444,4,59,0,fixed,4,1,1,0,3.000000,4.000000
15,centralized_dqn,logistic_bootstrap,1,4,1,67,1,1,2,2.429416,81.833300,0.303677,26,0.358034,41,0,0,1,0.358034,0.917139,0.559105,0.559105,0.358034,0.000000,59,0,1,0,28,26,26,99.166700,81.833300,66.500000,0.857193,0.303520,0.113711,0.004708,0.000028,-0.013389,0.004708,4,59,0,fixed,4,1,1,0,3.000000,4.000000
15,centralized_dqn,logistic_bootstrap,1,4,1,68,2,2,4,0.000000,66.500000,0.601504,26,0.358034,41,0,2,0,0.358034,0.917139,0.559105,0.559105,0.358034,0.000000,59,0,1,-1,28,26,26,99.166700,81.833300,66.500000,0.403361,0.488799,0.601504,0.005126,0.004389,0.000028,0.005126,4,59,0,fixed,4,1,1,0,3.000000,4.000000
15,centralized_dqn,logistic_bootstrap,1,4,1,69,2,2,3,0.000000,66.500000,1.503759,26,0.358034,41,0,2,0,0.358034,0.917139,0.559105,0.559105,0.358034,0.000000,59,0,1,-1,28,26,26,99.166700,81.833300,66.500000,1.008403,1.221996,1.503759,0.005936,0.004767,0.000028,0.005936,4,59,0,fixed,4,1,1,0,3.000000,4.000000
15,centralized_dqn,logistic_bootstrap,1,4,1,70,2,2,4,0.000000,66.500000,0.601504,26,0.358034,41,0,2,0,0.358034,0.917139,0.559105,0.559105,0.358034,0.000000,59,0,1,-1,28,26,26,99.166700,81.833300,66.500000,0.403361,0.488799,0.601504,0.005126,0.004389,0.000028,0.005126,4,59,0,fixed,4,1,1,0,3.000000,4.000000
15,centralized_dqn,logistic_bootstrap,1,4,1,71,2,2,2,0.945381,66.500000,0.118173,26,0.358034,41,0,0,1,0.358034,0.917139,0.559105,0.559105,0.358034,0.000000,59,0,1,0,28,26,26,99.166700,81.833300,66.500000,0.857193,0.292295,0.118077,0.018445,0.012970,0.000028,0.018445,4,59,0,fixed,4,1,1,0,3.000000,4.000000
15,centralized_dqn,logistic_bootstrap,1,4,1,72,2,2,2,0.936678,66.500000,0.117085,26,0.358034,41,1,0,1,0.358034,0.917139,0.559105,0.559105,0.358034,0.000000,59,0,1,0,28,26,26,99.166700,81.833300,66.500000,0.857193,0.292295,0.118168,0.018434,0.012960,0.000028,0.018434,4,59,0,fixed,4,1,1,0,3.000000,4.000000
15,centralized_dqn,logistic_bootstrap,1,4,1,73,0,0,4,0.000000,99.166700,0.403361,28,0.358034,41,0,2,1,0.358034,0.917139,0.559105,0.559105,0.358034,0.000000,59,0,1,0,28,26,26,99.166700,81.833300,66.500000,0.403361,0.488799,0.601504,0.000028,-0.000688,-0.004929,0.000000,4,59,0,fixed,4,1,1,0,3.000000,4.000000
15,centralized_dqn,logistic_bootstrap,1,4,1,74,2,2,4,0.000000,66.500000,0.601504,26,0.358034,41,0,2,0,0.358034,0.917139,0.559105,0.559105,0.358034,0.000000,59,0,1,-1,28,26,26,99.166700,81.833300,66.500000,0.403361,0.488799,0.601504,0.005126,0.004389,0.000028,0.005126,4,59,0,fixed,4,1,1,0,3.000000,4.000000
15,centralized_dqn,logistic_bootstrap,1,4,1,75,1,1,3,0.000000,81.833300,1.221996,26,0.358034,41,0,2,1,0.358034,0.917139,0.559105,0.559105,0.358034,0.000000,59,0,1,-1,28,26,26,99.166700,81.833300,66.500000,1.008403,1.221996,1.503759,0.001166,0.000028,-0.004589,0.001166,4,59,0,fixed,4,1,1,0,3.000000,4.000000
15,centralized_dqn,logistic_bootstrap,1,4,1,76,2,2,2,0.946492,66.500000,0.118312,26,0.358034,41,0,0,1,0.358034,0.917139,0.559105,0.559105,0.358034,0.000000,59,0,1,0,28,26,26,99.166700,81.833300,66.500000,0.857193,0.292295,0.118065,0.018446,0.012972,0.000028,0.018446,4,59,0,fixed,4,1,1,0,3.000000,4.000000
15,centralized_dqn,logistic_bootstrap,1,4,1,77,1,1,4,0.000000,81.833300,0.488799,26,0.358034,41,0,2,1,0.358034,0.917139,0.559105,0.559105,0.358034,0.000000,59,0,1,0,28,26,26,99.166700,81.833300,66.500000,0.403361,0.488799,0.601504,0.000747,0.000028,-0.004230,0.000747,4,59,0,fixed,4,1,1,0,3.000000,4.000000
15,centralized_dqn,logistic_bootstrap,1,4,1,78,1,1,1,3.475341,81.833300,1.158447,26,0.358034,41,0,1,0,0.358034,0.917139,0.559105,0.559105,0.358034,0.000000,59,0,1,-1,28,26,26,99.166700,81.833300,66.500000,1.128799,1.164831,0.774913,0.001348,0.000028,-0.005552,0.001348,4,59,0,fixed,4,1,1,0,3.000000,4.000000
15,centralized_dqn,logistic_bootstrap,1,4,1,79,0,0,1,3.506352,99.166700,1.168784,28,0.358034,41,0,1,1,0.358034,0.917139,0.559105,0.559105,0.358034,0.000000,59,0,1,1,28,26,26,99.166700,81.833300,66.500000,1.169179,1.120459,0.774913,0.000028,-0.001486,-0.006916,0.000000,4,59,0,fixed,4,1,1,0,3.000000,4.000000
15,centralized_dqn,logistic_bootstrap,1,4,1,80,0,0,2,7.297189,99.166700,0.912149,28,0.358034,41,0,0,0,0.358034,0.917139,0.559105,0.559105,0.358034,0.000000,59,0,1,-1,28,26,26,99.166700,81.833300,66.500000,0.882939,0.292295,0.113711,0.000028,-0.005044,-0.017724,0.000000,4,59,0,fixed,4,1,1,0,3.000000,4.000000
15,centralized_dqn,centralized_dqn,0,4,2,1,0,0,2,2.957401,113.000000,0.369675,28,0.711071,28,0,1,1,0.711071,0.783675,0.072604,0.072604,0.711071,0.353037,4,18,1,0,28,14,38,113.000000,73.666700,20.166700,0.355916,0.334270,0.360196,0.028664,0.038902,0.047885,0.047885,4,4,0,fixed,4,1,1,0,3.000000,4.000000
15,centralized_dqn,centralized_dqn,0,4,2,2,2,2,4,0.000000,20.166700,1.983468,38,0.711071,28,0,2,0,0.711071,0.783675,0.072604,0.072604,0.711071,0.353037,4,18,1,-1,28,14,38,113.000000,73.666700,20.166700,0.353982,0.542986,1.983468,-0.004816,0.012705,0.028664,0.012705,4,4,0,fixed,4,1,1,0,3.000000,4.000000
15,centralized_dqn,centralized_dqn,0,4,2,3,1,1,1,2.845473,73.666700,0.948491,14,0.711071,28,0,1,0,0.711071,0.783675,0.072604,0.072604,0.711071,0.353037,4,18,1,-1,28,14,38,113.000000,73.666700,20.166700,0.917648,0.955561,0.924171,0.016046,0.028664,0.035128,0.035128,4,4,0,fixed,4,1,1,0,3.000000,4.000000
15,centralized_dqn,centralized_dqn,0,4,2,4,0,0,2,2.956261,113.000000,0.369533,28,0.711071,28,0,0,0,0.711071,0.783675,0.072604,0.072604,0.711071,0.353037,4,18,1,0,28,14,38,113.000000,73.666700,20.166700,0.355922,0.334270,0.360057,0.028664,0.038902,0.047877,0.047877,4,4,0,fixed,4,1,1,0,3.000000,4.000000
15,centralized_dqn,centralized_dqn,0,4,2,5,2,2,3,0.000000,20.166700,4.958669,38,0.711071,28,0,2,0,0.711071,0.783675,0.072604,0.072604,0.711071,0.353037,4,18,1,1,28,14,38,113.000000,73.666700,20.166700,0.884956,1.357465,4.958669,0.003974,0.017998,0.028664,0.017998,4,4,0,fixed,4,1,1,0,3.000000,4.000000
15,centralized_dqn,centralized_dqn,0,4,2,6,2,2,4,0.000000,20.166700,1.983468,38,0.711071,28,0,2,0,0.711071,0.783675,0.072604,0.072604,0.711071,0.353037,4,18,1,-1,28,14,38,113.000000,73.666700,20.166700,0.353982,0.542986,1.983468,-0.004816,0.012705,0.028664,0.012705,4,4,0,fixed,4,1,1,0,3.000000,4.000000
15,centralized_dqn,centralized_dqn,0,4,2,7,0,0,2,2.958400,113.000000,0.369800,28,0.711071,28,0,0,0,0.711071,0.783675,0.072604,0.072604,0.711071,0.353037,4,18,1,0,28,14,38,113.000000,73.666700,20.166700,0.355912,0.334270,0.360318,0.028664,0.038903,0.047892,0.047892,4,4,0,fixed,4,1,1,0,3.000000,4.000000
15,centralized_dqn,centralized_dqn,0,4,2,8,0,0,2,0.947525,113.000000,0.118441,28,0.711071,28,1,0,0,0.711071,0.783675,0.072604,0.072604,0.711071,0.353037,4,18,1,0,28,14,38,113.000000,73.666700,20.166700,0.365221,0.334270,0.115404,0.028664,0.038417,0.007281,0.038417,4,4,0,fixed,4,1,1,0,3.000000,4.000000
15,centralized_dqn,centralized_dqn,0,4,2,9,1,1,1,2.183318,73.666700,0.727773,14,0.711071,28,0,1,0,0.711071,0.783675,0.072604,0.072604,0.711071,0.353037,4,18,1,-1,28,14,38,113.000000,73.666700,20.166700,0.917648,0.972539,0.709112,0.015934,0.028664,0.032733,0.032733,4,4,0,fixed,4,1,1,0,3.000000,4.000000
15,centralized_dqn,centralized_dqn,0,4,2,10,2,2,4,0.000000,20.166700,1.983468,38,0.711071,28,0,2,0,0.711071,0.783675,0.072604,0.072604,0.711071,0.353037,4,18,1,-1,28,14,38,113.000000,73.666700,20.166700,0.353982,0.542986,1.983468,-0.004816,0.012705,0.028664,0.012705,4,4,0,fixed,4,1,1,0,3.000000,4.000000
15,centralized_dqn,centralized_dqn,0,4,2,11,0,0,2,2.957330,113.000000,0.369666,28,0.711071,28,0,1,1,0.711071,0.783675,0.072604,0.072604,0.711071,0.353037,4,18,1,0,28,14,38,113.000000,73.666700,20.166700,0.355917,0.334270,0.360188,0.028664,0.038902,0.047884,0.047884,4,4,0,fixed,4,1,1,0,3.000000,4.000000
15,centralized_dqn,centralized_dqn,0,4,2,12,0,0,2,2.957284,113.000000,0.369661,28,0.711071,28,0,0,0,0.711071,0.783675,0.072604,0.072604,0.711071,0.353037,4,18,1,0,28,14,38,113.000000,73.666700,20.166700,0.355917,0.334270,0.360182,0.028664,0.038902,0.047884,0.047884,4,4,0,fixed,4,1,1,0,3.000000,4.000000
15,centralized_dqn,centralized_dqn,0,4,2,13,2,2,4,0.000000,20.166700,1.983468,38,0.711071,28,0,2,0,0.711071,0.783675,0.072604,0.072604,0.711071,0.353037,4,18,1,-1,28,14,38,113.000000,73.666700,20.166700,0.353982,0.542986,1.983468,-0.004816,0.012705,0.028664,0.012705,4,4,0,fixed,4,1,1,0,3.000000,4.000000
15,centralized_dqn,centralized_dqn,0,4,2,14,2,2,4,0.000000,20.166700,1.983468,38,0.711071,28,0,2,0,0.711071,0.783675,0.072604,0.072604,0.711071,0.353037,4,18,1,-1,28,14,38,113.000000,73.666700,20.166700,0.353982,0.542986,1.983468,-0.004816,0.012705,0.028664,0.012705,4,4,0,fixed,4,1,1,0,3.000000,4.000000
15,centralized_dqn,centralized_dqn,0,4,2,15,0,0,2,2.957377,113.000000,0.369672,28,0.711071,28,0,2,1,0.711071,0.783675,0.072604,0.072604,0.711071,0.353037,4,18,1,0,28,14,38,113.000000,73.666700,20.166700,0.355917,0.334270,0.360193,0.028664,0.038902,0.047885,0.047885,4,4,0,fixed,4,1,1,0,3.000000,4.000000
15,centralized_dqn,centralized_dqn,0,4,2,16,1,1,1,2.794843,73.666700,0.931614,14,0.711071,28,0,1,0,0.711071,0.783675,0.072604,0.072604,0.711071,0.353037,4,18,1,-1,28,14,38,113.000000,73.666700,20.166700,0.917648,0.956859,0.907727,0.016037,0.028664,0.034982,0.034982,4,4,0,fixed,4,1,1,0,3.000000,4.000000
15,centralized_dqn,centralized_dqn,0,4,2,17,2,2,3,0.000000,20.166700,4.958669,38,0.711071,28,0,2,0,0.711071,0.783675,0.072604,0.072604,0.711071,0.353037,4,18,1,1,28,14,38,113.000000,73.666700,20.166700,0.884956,1.357465,4.958669,0.003974,0.017998,0.028664,0.017998,4,4,0,fixed,4,1,1,0,3.000000,4.000000
15,centralized_dqn,centralized_dqn,0,4,2,18,2,2,3,0.000000,20.166700,4.958669,38,0.711071,28,0,2,0,0.711071,0.783675,0.072604,0.072604,0.711071,0.353037,4,18,1,1,28,14,38,113.000000,73.666700,20.166700,0.884956,1.357465,4.958669,0.003974,0.017998,0.028664,0.017998,4,4,0,fixed,4,1,1,0,3.000000,4.000000
15,centralized_dqn,centralized_dqn,0,4,2,19,1,1,1,3.140571,73.666700,1.046857,14,0.711071,28,0,1,0,0.711071,0.783675,0.072604,0.072604,0.711071,0.353037,4,18,1,-1,28,14,38,113.000000,73.666700,20.166700,0.917648,0.947994,1.020015,0.016097,0.028664,0.035890,0.035890,4,4,0,fixed,4,1,1,0,3.000000,4.000000
15,centralized_dqn,centralized_dqn,0,4,2,20,2,2,3,0.000000,20.166700,4.958669,38,0.711071,28,0,2,0,0.711071,0.783675,0.072604,0.072604,0.711071,0.353037,4,18,1,1,28,14,38,113.000000,73.666700,20.166700,0.884956,1.357465,4.958669,0.003974,0.017998,0.028664,0.017998,4,4,0,fixed,4,1,1,0,3.000000,4.000000
15,centralized_dqn,centralized_dqn,0,4,2,21,0,0,2,2.957365,113.000000,0.369671,28,0.711071,28,0,0,0,0.711071,0.783675,0.072604,0.072604,0.711071,0.353037,4,18,1,0,28,14,38,113.000000,73.666700,20.166700,0.355917,0.334270,0.360192,0.028664,0.038902,0.047884,0.047884,4,4,0,fixed,4,1,1,0,3.000000,4.000000
15,centralized_dqn,centralized_dqn,0,4,2,22,0,0,2,2.957359,113.000000,0.369670,28,0.711071,28,0,0,0,0.711071,0.783675,0.072604,0.072604,0.711071,0.353037,4,18,1,0,28,14,38,113.000000,73.666700,20.166700,0.355917,0.334270,0.360191,0.028664,0.038902,0.047884,0.047884,4,4,0,fixed,4,1,1,0,3.000000,4.000000
15,centralized_dqn,centralized_dqn,0,4,2,23,2,2,4,0.000000,20.166700,1.983468,38,0.711071,28,0,2,0,0.711071,0.783675,0.072604,0.072604,0.711071,0.353037,4,18,1,-1,28,14,38,113.000000,73.666700,20.166700,0.353982,0.542986,1.983468,-0.004816,0.012705,0.028664,0.012705,4,4,0,fixed,4,1,1,0,3.000000,4.000000
15,centralized_dqn,centralized_dqn,0,4,2,24,0,0,2,2.956237,113.000000,0.369530,28,0.711071,28,0,0,0,0.711071,0.783675,0.072604,0.072604,0.711071,0.353037,4,18,1,0,28,14,38,113.000000,73.666700,20.166700,0.355922,0.334270,0.360054,0.028664,0.038902,0.047877,0.047877,4,4,0,fixed,4,1,1,0,3.000000,4.000000
15,centralized_dqn,centralized_dqn,0,4,2,25,0,0,2,2.009891,113.000000,0.251236,28,0.711071,28,0,0,0,0.711071,0.783675,0.072604,0.072604,0.711071,0.353037,4,18,1,0,28,14,38,113.000000,73.666700,20.166700,0.360303,0.334270,0.244794,0.028664,0.038671,0.038345,0.038671,4,4,0,fixed,4,1,1,0,3.000000,4.000000
15,centralized_dqn,centralized_dqn,0,4,2,26,1,1,1,2.796339,73.666700,0.932113,14,0.711071,28,0,1,0,0.711071,0.783675,0.072604,0.072604,0.711071,0.353037,4,18,1,-1,28,14,38,113.000000,73.666700,20.166700,0.917648,0.956821,0.908213,0.016037,0.028664,0.034986,0.034986,4,4,0,fixed,4,1,1,0,3.000000,4.000000
15,centralized_dqn,centralized_dqn,0,4,2,27,2,2,4,0.000000,20.166700,1.983468,38,0.711071,28,0,2,0,0.711071,0.783675,0.072604,0.072604,0.711071,0.353037,4,18,1,-1,28,14,38,113.000000,73.666700,20.166700,0.353982,0.542986,1.983468,-0.004816,0.012705,0.028664,0.012705,4,4,0,fixed,4,1,1,0,3.000000,4.000000
15,centralized_dqn,centralized_dqn,0,4,2,28,2,2,3,0.000000,20.166700,4.958669,38,0.711071,28,0,2,0,0.711071,0.783675,0.072604,0.072604,0.711071,0.353037,4,18,1,1,28,14,38,113.000000,73.666700,20.166700,0.884956,1.357465,4.958669,0.003974,0.017998,0.028664,0.017998,4,4,0,fixed,4,1,1,0,3.000000,4.000000
15,centralized_dqn,centralized_dqn,0,4,2,29,0,0,2,2.956225,113.000000,0.369528,28,0.711071,28,0,0,0,0.711071,0.783675,0.072604,0.072604,0.711071,0.353037,4,18,1,0,28,14,38,113.000000,73.666700,20.166700,0.355922,0.334270,0.360053,0.028664,0.038902,0.047876,0.047876,4,4,0,fixed,4,1,1,0,3.000000,4.000000
15,centralized_dqn,centralized_dqn,0,4,2,30,1,1,1,2.880362,73.666700,0.960121,14,0.711071,28,0,1,0,0.711071,0.783675,0.072604,0.072604,0.711071,0.353037,4,18,1,-1,28,14,38,113.000000,73.666700,20.166700,0.917648,0.954666,0.935502,0.016052,0.028664,0.035225,0.035225,4,4,0,fixed,4,1,1,0,3.000000,4.000000
15,centralized_dqn,centralized_dqn,0,4,2,31,2,2,4,0.000000,20.166700,1.983468,38,0.711071,28,0,2,0,0.711071,0.783675,0.072604,0.072604,0.711071,0.353037,4,18,1,-1,28,14,38,113.000000,73.666700,20.166700,0.353982,0.542986,1.983468,-0.004816,0.012705,0.028664,0.012705,4,4,0,fixed,4,1,1,0,3.000000,4.000000
15,centralized_dqn,centralized_dqn,0,4,2,32,0,0,2,2.956235,113.000000,0.369529,28,0.711071,28,0,0,0,0.711071,0.783675,0.072604,0.072604,0.711071,0.353037,4,18,1,0,28,14,38,113.000000,73.666700,20.166700,0.355922,0.334270,0.360054,0.028664,0.038902,0.047877,0.047877,4,4,0,fixed,4,1,1,0,3.000000,4.000000
15,centralized_dqn,centralized_dqn,0,4,2,33,2,2,3,0.000000,20.166700,4.958669,38,0.711071,28,0,2,0,0.711071,0.783675,0.072604,0.072604,0.711071,0.353037,4,18,1,1,28,14,38,113.000000,73.666700,20.166700,0.884956,1.357465,4.958669,0.003974,0.017998,0.028664,0.017998,4,4,0,fixed,4,1,1,0,3.000000,4.000000
15,centralized_dqn,centralized_dqn,0,4,2,34,0,0,2,2.956235,113.000000,0.369529,28,0.711071,28,0,0,0,0.711071,0.783675,0.072604,0.072604,0.711071,0.353037,4,18,1,0,28,14,38,113.000000,73.666700,20.166700,0.355922,0.334270,0.360054,0.028664,0.038902,0.047877,0.047877,4,4,0,fixed,4,1,1,0,3.000000,4.000000
15,centralized_dqn,centralized_dqn,0,4,2,35,2,2,3,0.000000,20.166700,4.958669,38,0.711071,28,0,2,0,0.711071,0.783675,0.072604,0.072604,0.711071,0.353037,4,18,1,1,28,14,38,113.000000,73.666700,20.166700,0.884956,1.357465,4.958669,0.003974,0.017998,0.028664,0.017998,4,4,0,fixed,4,1,1,0,3.000000,4.000000
15,centralized_dqn,centralized_dqn,0,4,2,36,2,2,3,0.000000,20.166700,4.958669,38,0.711071,28,0,2,0,0.711071,0.783675,0.072604,0.072604,0.711071,0.353037,4,18,1,1,28,14,38,113.000000,73.666700,20.166700,0.884956,1.357465,4.958669,0.003974,0.017998,0.028664,0.017998,4,4,0,fixed,4,1,1,0,3.000000,4.000000
15,centralized_dqn,centralized_dqn,0,4,2,37,2,2,4,0.000000,20.166700,1.983468,38,0.711071,28,0,2,0,0.711071,0.783675,0.072604,0.072604,0.711071,0.353037,4,18,1,-1,28,14,38,113.000000,73.666700,20.166700,0.353982,0.542986,1.983468,-0.004816,0.012705,0.028664,0.012705,4,4,0,fixed,4,1,1,0,3.000000,4.000000
15,centralized_dqn,centralized_dqn,0,4,2,38,1,1,1,2.883973,73.666700,0.961324,14,0.711071,28,0,1,0,0.711071,0.783675,0.072604,0.072604,0.711071,0.353037,4,18,1,-1,28,14,38,113.000000,73.666700,20.166700,0.917648,0.954574,0.936675,0.016052,0.028664,0.035235,0.035235,4,4,0,fixed,4,1,1,0,3.000000,4.000000
15,centralized_dqn,centralized_dqn,0,4,2,39,0,0,2,2.956269,113.000000,0.369534,28,0.711071,28,0,0,0,0.711071,0.783675,0.072604,0.072604,0.711071,0.353037,4,18,1,0,28,14,38,113.000000,73.666700,20.166700,0.355922,0.334270,0.360058,0.028664,0.038902,0.047877,0.047877,4,4,0,fixed,4,1,1,0,3.000000,4.000000
15,centralized_dqn,centralized_dqn,0,4,2,40,1,1,1,3.449496,73.666700,1.149832,14,0.711071,28,0,1,0,0.711071,0.783675,0.072604,0.072604,0.711071,0.353037,4,18,1,-1,28,14,38,113.000000,73.666700,20.166700,0.917648,0.940073,1.120349,0.016152,0.028664,0.036561,0.036561,4,4,0,fixed,4,1,1,0,3.000000,4.000000
15,centralized_dqn,centralized_dqn,0,4,2,41,2,2,4,0.000000,20.166700,1.983468,38,0.711071,28,0,2,0,0.711071,0.783675,0.072604,0.072604,0.711071,0.353037,4,18,1,-1,28,14,38,113.000000,73.666700,20.166700,0.353982,0.542986,1.983468,-0.004816,0.012705,0.028664,0.012705,4,4,0,fixed,4,1,1,0,3.000000,4.000000
15,centralized_dqn,centralized_dqn,0,4,2,42,2,2,3,0.000000,20.166700,4.958669,38,0.711071,28,0,2,0,0.711071,0.783675,0.072604,0.072604,0.711071,0.353037,4,18,1,1,28,14,38,113.000000,73.666700,20.166700,0.884956,1.357465,4.958669,0.003974,0.017998,0.028664,0.017998,4,4,0,fixed,4,1,1,0,3.000000,4.000000
15,centralized_dqn,centralized_dqn,0,4,2,43,1,1,1,2.861461,73.666700,0.953820,14,0.711071,28,0,1,0,0.711071,0.783675,0.072604,0.072604,0.711071,0.353037,4,18,1,-1,28,14,38,113.000000,73.666700,20.166700,0.917648,0.955151,0.929363,0.016048,0.028664,0.035173,0.035173,4,4,0,fixed,4,1,1,0,3.000000,4.000000
15,centralized_dqn,centralized_dqn,0,4,2,44,0,0,2,2.956235,113.000000,0.369529,28,0.711071,28,0,0,0,0.711071,0.783675,0.072604,0.072604,0.711071,0.353037,4,18,1,0,28,14,38,113.000000,73.666700,20.166700,0.355922,0.334270,0.360054,0.028664,0.038902,0.047877,0.047877,4,4,0,fixed,4,1,1,0,3.000000,4.000000
15,centralized_dqn,centralized_dqn,0,4,2,45,2,2,4,0.000000,20.166700,1.983468,38,0.711071,28,0,2,0,0.711071,0.783675,0.072604,0.072604,0.711071,0.353037,4,18,1,-1,28,14,38,113.000000,73.666700,20.166700,0.353982,0.542986,1.983468,-0.004816,0.012705,0.028664,0.012705,4,4,0,fixed,4,1,1,0,3.000000,4.000000
15,centralized_dqn,centralized_dqn,0,4,2,46,0,0,2,2.956246,113.000000,0.369531,28,0.711071,28,0,0,0,0.711071,0.783675,0.072604,0.072604,0.711071,0.353037,4,18,1,0,28,14,38,113.000000,73.666700,20.166700,0.355922,0.334270,0.360056,0.028664,0.038902,0.047877,0.047877,4,4,0,fixed,4,1,1,0,3.000000,4.000000
15,centralized_dqn,centralized_dqn,0,4,2,47,2,2,3,0.000000,20.166700,4.958669,38,0.711071,28,0,2,0,0.711071,0.783675,0.072604,0.072604,0.711071,0.353037,4,18,1,1,28,14,38,113.000000,73.666700,20.166700,0.884956,1.357465,4.958669,0.003974,0.017998,0.028664,0.017998,4,4,0,fixed,4,1,1,0,3.000000,4.000000
15,centralized_dqn,centralized_dqn,0,4,2,48,2,2,4,0.000000,20.166700,1.983468,38,0.711071,28,0,2,0,0.711071,0.783675,0.072604,0.072604,0.711071,0.353037,4,18,1,-1,28,14,38,113.000000,73.666700,20.166700,0.353982,0.542986,1.983468,-0.004816,0.012705,0.028664,0.012705,4,4,0,fixed,4,1,1,0,3.000000,4.000000
15,centralized_dqn,centralized_dqn,0,4,2,49,0,0,2,2.956269,113.000000,0.369534,28,0.711071,28,0,0,0,0.711071,0.783675,0.072604,0.072604,0.711071,0.353037,4,18,1,0,28,14,38,113.000000,73.666700,20.166700,0.355922,0.334270,0.360058,0.028664,0.038902,0.047877,0.047877,4,4,0,fixed,4,1,1,0,3.000000,4.000000
15,centralized_dqn,centralized_dqn,0,4,2,50,2,2,4,0.000000,20.166700,1.983468,38,0.711071,28,0,2,0,0.711071,0.783675,0.072604,0.072604,0.711071,0.353037,4,18,1,-1,28,14,38,113.000000,73.666700,20.166700,0.353982,0.542986,1.983468,-0.004816,0.012705,0.028664,0.012705,4,4,0,fixed,4,1,1,0,3.000000,4.000000
15,centralized_dqn,centralized_dqn,0,4,2,51,2,2,4,0.000000,20.166700,1.983468,38,0.711071,28,0,2,0,0.711071,0.783675,0.072604,0.072604,0.711071,0.353037,4,18,1,-1,28,14,38,113.000000,73.666700,20.166700,0.353982,0.542986,1.983468,-0.004816,0.012705,0.028664,0.012705,4,4,0,fixed,4,1,1,0,3.000000,4.000000
15,centralized_dqn,centralized_dqn,0,4,2,52,0,0,2,2.956270,113.000000,0.369534,28,0.711071,28,0,0,0,0.711071,0.783675,0.072604,0.072604,0.711071,0.353037,4,18,1,0,28,14,38,113.000000,73.666700,20.166700,0.355922,0.334270,0.360059,0.028664,0.038902,0.047877,0.047877,4,4,0,fixed,4,1,1,0,3.000000,4.000000
15,centralized_dqn,centralized_dqn,0,4,2,53,1,1,1,3.206716,73.666700,1.068905,14,0.711071,28,0,1,0,0.711071,0.783675,0.072604,0.072604,0.711071,0.353037,4,18,1,-1,28,14,38,113.000000,73.666700,20.166700,0.917648,0.946298,1.041497,0.016109,0.028664,0.036043,0.036043,4,4,0,fixed,4,1,1,0,3.000000,4.000000
15,centralized_dqn,centralized_dqn,0,4,2,54,2,2,3,0.000000,20.166700,4.958669,38,0.711071,28,0,2,0,0.711071,0.783675,0.072604,0.072604,0.711071,0.353037,4,18,1,1,28,14,38,113.000000,73.666700,20.166700,0.884956,1.357465,4.958669,0.003974,0.017998,0.028664,0.017998,4,4,0,fixed,4,1,1,0,3.000000,4.000000
15,centralized_dqn,centralized_dqn,0,4,2,55,2,2,4,0.000000,20.166700,1.983468,38,0.711071,28,0,2,0,0.711071,0.783675,0.072604,0.072604,0.711071,0.353037,4,18,1,-1,28,14,38,113.000000,73.666700,20.166700,0.353982,0.542986,1.983468,-0.004816,0.012705,0.028664,0.012705,4,4,0,fixed,4,1,1,0,3.000000,4.000000
15,centralized_dqn,centralized_dqn,0,4,2,56,2,2,3,0.000000,20.166700,4.958669,38,0.711071,28,0,2,0,0.711071,0.783675,0.072604,0.072604,0.711071,0.353037,4,18,1,1,28,14,38,113.000000,73.666700,20.166700,0.884956,1.357465,4.958669,0.003974,0.017998,0.028664,0.017998,4,4,0,fixed,4,1,1,0,3.000000,4.000000
15,centralized_dqn,centralized_dqn,0,4,2,57,1,1,1,2.937214,73.666700,0.979071,14,0.711071,28,0,1,0,0.711071,0.783675,0.072604,0.072604,0.711071,0.353037,4,18,1,-1,28,14,38,113.000000,73.666700,20.166700,0.917648,0.953209,0.953967,0.016062,0.028664,0.035380,0.035380,4,4,0,fixed,4,1,1,0,3.000000,4.000000
15,centralized_dqn,centralized_dqn,0,4,2,58,1,1,1,2.814080,73.666700,0.938027,14,0.711071,28,0,2,1,0.711071,0.783675,0.072604,0.072604,0.711071,0.353037,4,18,1,-1,28,14,38,113.000000,73.666700,20.166700,0.917648,0.956366,0.913975,0.016040,0.028664,0.035038,0.035038,4,4,0,fixed,4,1,1,0,3.000000,4.000000
15,centralized_dqn,centralized_dqn,0,4,2,59,2,2,4,0.000000,20.166700,1.983468,38,0.711071,28,0,2,0,0.711071,0.783675,0.072604,0.072604,0.711071,0.353037,4,18,1,-1,28,14,38,113.000000,73.666700,20.166700,0.353982,0.542986,1.983468,-0.004816,0.012705,0.028664,0.012705,4,4,0,fixed,4,1,1,0,3.000000,4.000000
15,centralized_dqn,centralized_dqn,0,4,2,60,0,0,2,2.956259,113.000000,0.369532,28,0.711071,28,0,0,0,0.711071,0.783675,0.072604,0.072604,0.711071,0.353037,4,18,1,0,28,14,38,113.000000,73.666700,20.166700,0.355922,0.334270,0.360057,0.028664,0.038902,0.047877,0.047877,4,4,0,fixed,4,1,1,0,3.000000,4.000000
15,centralized_dqn,centralized_dqn,0,4,2,61,0,0,2,2.956259,113.000000,0.369532,28,0.711071,28,0,0,0,0.711071,0.783675,0.072604,0.072604,0.711071,0.353037,4,18,1,0,28,14,38,113.000000,73.666700,20.166700,0.355922,0.334270,0.360057,0.028664,0.038902,0.047877,0.047877,4,4,0,fixed,4,1,1,0,3.000000,4.000000
15,centralized_dqn,centralized_dqn,0,4,2,62,0,0,2,2.956206,113.000000,0.369526,28,0.711071,28,0,0,0,0.711071,0.783675,0.072604,0.072604,0.711071,0.353037,4,18,1,0,28,14,38,113.000000,73.666700,20.166700,0.355922,0.334270,0.360051,0.028664,0.038902,0.047876,0.047876,4,4,0,fixed,4,1,1,0,3.000000,4.000000
15,centralized_dqn,centralized_dqn,0,4,2,63,2,2,4,0.000000,20.166700,1.983468,38,0.711071,28,0,2,0,0.711071,0.783675,0.072604,0.072604,0.711071,0.353037,4,18,1,-1,28,14,38,113.000000,73.666700,20.166700,0.353982,0.542986,1.983468,-0.004816,0.012705,0.028664,0.012705,4,4,0,fixed,4,1,1,0,3.000000,4.000000
15,centralized_dqn,centralized_dqn,0,4,2,64,2,2,4,0.000000,20.166700,1.983468,38,0.711071,28,0,2,0,0.711071,0.783675,0.072604,0.072604,0.711071,0.353037,4,18,1,-1,28,14,38,113.000000,73.666700,20.166700,0.353982,0.542986,1.983468,-0.004816,0.012705,0.028664,0.012705,4,4,0,fixed,4,1,1,0,3.000000,4.000000
15,centralized_dqn,centralized_dqn,0,4,2,65,2,2,4,0.000000,20.166700,1.983468,38,0.711071,28,0,2,0,0.711071,0.783675,0.072604,0.072604,0.711071,0.353037,4,18,1,-1,28,14,38,113.000000,73.666700,20.166700,0.353982,0.542986,1.983468,-0.004816,0.012705,0.028664,0.012705,4,4,0,fixed,4,1,1,0,3.000000,4.000000
15,centralized_dqn,centralized_dqn,0,4,2,66,0,0,2,2.957328,113.000000,0.369666,28,0.711071,28,0,0,0,0.711071,0.783675,0.072604,0.072604,0.711071,0.353037,4,18,1,0,28,14,38,113.000000,73.666700,20.166700,0.355917,0.334270,0.360187,0.028664,0.038902,0.047884,0.047884,4,4,0,fixed,4,1,1,0,3.000000,4.000000
15,centralized_dqn,centralized_dqn,0,4,2,67,0,0,2,2.957369,113.000000,0.369671,28,0.711071,28,0,0,0,0.711071,0.783675,0.072604,0.072604,0.711071,0.353037,4,18,1,0,28,14,38,113.000000,73.666700,20.166700,0.355917,0.334270,0.360192,0.028664,0.038902,0.047885,0.047885,4,4,0,fixed,4,1,1,0,3.000000,4.000000
15,centralized_dqn,centralized_dqn,0,4,2,68,2,2,4,0.000000,20.166700,1.983468,38,0.711071,28,0,2,0,0.711071,0.783675,0.072604,0.072604,0.711071,0.353037,4,18,1,-1,28,14,38,113.000000,73.666700,20.166700,0.353982,0.542986,1.983468,-0.004816,0.012705,0.028664,0.012705,4,4,0,fixed,4,1,1,0,3.000000,4.000000
15,centralized_dqn,centralized_dqn,0,4,2,69,2,2,3,0.000000,20.166700,4.958669,38,0.711071,28,0,2,0,0.711071,0.783675,0.072604,0.072604,0.711071,0.353037,4,18,1,1,28,14,38,113.000000,73.666700,20.166700,0.884956,1.357465,4.958669,0.003974,0.017998,0.028664,0.017998,4,4,0,fixed,4,1,1,0,3.000000,4.000000
15,centralized_dqn,centralized_dqn,0,4,2,70,2,2,4,0.000000,20.166700,1.983468,38,0.711071,28,0,2,0,0.711071,0.783675,0.072604,0.072604,0.711071,0.353037,4,18,1,-1,28,14,38,113.000000,73.666700,20.166700,0.353982,0.542986,1.983468,-0.004816,0.012705,0.028664,0.012705,4,4,0,fixed,4,1,1,0,3.000000,4.000000
15,centralized_dqn,centralized_dqn,0,4,2,71,0,0,2,2.957375,113.000000,0.369672,28,0.711071,28,0,0,0,0.711071,0.783675,0.072604,0.072604,0.711071,0.353037,4,18,1,0,28,14,38,113.000000,73.666700,20.166700,0.355917,0.334270,0.360193,0.028664,0.038902,0.047885,0.047885,4,4,0,fixed,4,1,1,0,3.000000,4.000000
15,centralized_dqn,centralized_dqn,0,4,2,72,0,0,2,2.957410,113.000000,0.369676,28,0.711071,28,0,0,0,0.711071,0.783675,0.072604,0.072604,0.711071,0.353037,4,18,1,0,28,14,38,113.000000,73.666700,20.166700,0.355916,0.334270,0.360197,0.028664,0.038902,0.047885,0.047885,4,4,0,fixed,4,1,1,0,3.000000,4.000000
15,centralized_dqn,centralized_dqn,0,4,2,73,2,2,4,0.000000,20.166700,1.983468,38,0.711071,28,0,2,0,0.711071,0.783675,0.072604,0.072604,0.711071,0.353037,4,18,1,-1,28,14,38,113.000000,73.666700,20.166700,0.353982,0.542986,1.983468,-0.004816,0.012705,0.028664,0.012705,4,4,0,fixed,4,1,1,0,3.000000,4.000000
15,centralized_dqn,centralized_dqn,0,4,2,74,2,2,4,0.000000,20.166700,1.983468,38,0.711071,28,0,2,0,0.711071,0.783675,0.072604,0.072604,0.711071,0.353037,4,18,1,-1,28,14,38,113.000000,73.666700,20.166700,0.353982,0.542986,1.983468,-0.004816,0.012705,0.028664,0.012705,4,4,0,fixed,4,1,1,0,3.000000,4.000000
15,centralized_dqn,centralized_dqn,0,4,2,75,2,2,3,0.000000,20.166700,4.958669,38,0.711071,28,0,2,0,0.711071,0.783675,0.072604,0.072604,0.711071,0.353037,4,18,1,1,28,14,38,113.000000,73.666700,20.166700,0.884956,1.357465,4.958669,0.003974,0.017998,0.028664,0.017998,4,4,0,fixed,4,1,1,0,3.000000,4.000000
15,centralized_dqn,centralized_dqn,0,4,2,76,0,0,2,2.957340,113.000000,0.369668,28,0.711071,28,0,0,0,0.711071,0.783675,0.072604,0.072604,0.711071,0.353037,4,18,1,0,28,14,38,113.000000,73.666700,20.166700,0.355917,0.334270,0.360189,0.028664,0.038902,0.047884,0.047884,4,4,0,fixed,4,1,1,0,3.000000,4.000000
15,centralized_dqn,centralized_dqn,0,4,2,77,2,2,4,0.000000,20.166700,1.983468,38,0.711071,28,0,2,0,0.711071,0.783675,0.072604,0.072604,0.711071,0.353037,4,18,1,-1,28,14,38,113.000000,73.666700,20.166700,0.353982,0.542986,1.983468,-0.004816,0.012705,0.028664,0.012705,4,4,0,fixed,4,1,1,0,3.000000,4.000000
15,centralized_dqn,centralized_dqn,0,4,2,78,1,1,1,2.788725,73.666700,0.929575,14,0.711071,28,0,1,0,0.711071,0.783675,0.072604,0.072604,0.711071,0.353037,4,18,1,-1,28,14,38,113.000000,73.666700,20.166700,0.917648,0.957016,0.905740,0.016036,0.028664,0.034964,0.034964,4,4,0,fixed,4,1,1,0,3.000000,4.000000
15,centralized_dqn,centralized_dqn,0,4,2,79,1,1,1,2.529783,73.666700,0.843261,14,0.711071,28,0,1,0,0.711071,0.783675,0.072604,0.072604,0.711071,0.353037,4,18,1,-1,28,14,38,113.000000,73.666700,20.166700,0.917648,0.963656,0.821639,0.015992,0.028664,0.034132,0.034132,4,4,0,fixed,4,1,1,0,3.000000,4.000000
15,centralized_dqn,centralized_dqn,0,4,2,80,0,0,2,2.957388,113.000000,0.369674,28,0.711071,28,0,0,0,0.711071,0.783675,0.072604,0.072604,0.711071,0.353037,4,18,1,0,28,14,38,113.000000,73.666700,20.166700,0.355916,0.334270,0.360195,0.028664,0.038902,0.047885,0.047885,4,4,0,fixed,4,1,1,0,3.000000,4.000000
15,centralized_dqn,centralized_dqn,0,4,3,1,1,1,2,2.020768,73.333300,0.252596,15,0.660660,27,0,1,0,0.660660,0.743176,0.082516,0.082516,0.660660,-0.050411,4,50,1,0,25,15,40,113.000000,73.333300,43.500000,0.383826,0.252327,0.899636,0.008849,0.008486,0.031644,0.031644,4,4,0,fixed,4,1,1,0,3.000000,4.000000
15,centralized_dqn,centralized_dqn,0,4,3,2,2,2,4,0.000000,43.500000,0.919540,40,0.660660,27,0,2,0,0.660660,0.743176,0.082516,0.082516,0.660660,-0.050411,4,50,1,-1,25,15,40,113.000000,73.333300,43.500000,0.353982,0.545455,0.919540,-0.014108,-0.003375,0.008486,0.000000,4,4,0,fixed,4,1,1,0,3.000000,4.000000
15,centralized_dqn,centralized_dqn,0,4,3,3,1,1,1,2.451969,73.333300,0.817323,15,0.660660,27,0,1,0,0.660660,0.743176,0.082516,0.082516,0.660660,-0.050411,4,50,1,-1,25,15,40,113.000000,73.333300,43.500000,1.023535,0.921979,1.192607,0.002972,0.008486,0.017480,0.017480,4,4,0,fixed,4,1,1,0,3.000000,4.000000
15,centralized_dqn,centralized_dqn,0,4,3,4,0,0,2,3.312516,113.000000,0.414065,25,0.660660,27,0,0,0,0.660660,0.743176,0.082516,0.082516,0.660660,-0.050411,4,50,1,0,25,15,40,113.000000,73.333300,43.500000,0.398559,0.236683,0.899636,0.008486,0.004107,0.030081,0.030081,4,4,0,fixed,4,1,1,0,3.000000,4.000000
15,centralized_dqn,centralized_dqn,0,4,3,5,2,2,3,0.000000,43.500000,2.298851,40,0.660660,27,0,2,0,0.660660,0.743176,0.082516,0.082516,0.660660,-0.050411,4,50,1,1,25,15,40,113.000000,73.333300,43.500000,0.884956,1.363637,2.298851,-0.008614,-0.000950,0.008486,0.000000,4,4,0,fixed,4,1,1,0,3.000000,4.000000
15,centralized_dqn,centralized_dqn,0,4,3,6,2,2,4,0.000000,43.500000,0.919540,40,0.660660,27,0,2,0,0.660660,0.743176,0.082516,0.082516,0.660660,-0.050411,4,50,1,-1,25,15,40,113.000000,73.333300,43.500000,0.353982,0.545455,0.919540,-0.014108,-0.003375,0.008486,0.000000,4,4,0,fixed,4,1,1,0,3.000000,4.000000
15,centralized_dqn,centralized_dqn,0,4,3,7,0,0,2,3.290632,113.000000,0.411329,25,0.660660,27,0,0,0,0.660660,0.743176,0.082516,0.082516,0.660660,-0.050411,4,50,1,0,25,15,40,113.000000,73.333300,43.500000,0.398672,0.236683,0.899636,0.008486,0.004103,0.030077,0.030077,4,4,0,fixed,4,1,1,0,3.000000,4.000000
15,centralized_dqn,centralized_dqn,0,4,3,8,0,0,2,1.363848,113.000000,0.170481,25,0.660660,27,1,0,0,0.660660,0.743176,0.082516,0.082516,0.660660,-0.050411,4,50,1,0,25,15,40,113.000000,73.333300,43.500000,0.408708,0.236683,0.899636,0.008486,0.003777,0.029724,0.029724,4,4,0,fixed,4,1,1,0,3.000000,4.000000
15,centralized_dqn,centralized_dqn,0,4,3,9,1,1,1,3.272503,73.333300,1.090834,15,0.660660,27,0,1,0,0.660660,0.743176,0.082516,0.082516,0.660660,-0.050411,4,50,1,-1,25,15,40,113.000000,73.333300,43.500000,1.023535,0.899186,1.192607,0.003113,0.008486,0.017628,0.017628,4,4,0,fixed,4,1,1,0,3.000000,4.000000
15,centralized_dqn,centralized_dqn,0,4,3,10,2,2,4,0.000000,43.500000,0.919540,40,0.660660,27,0,2,0,0.660660,0.743176,0.082516,0.082516,0.660660,-0.050411,4,50,1,-1,25,15,40,113.000000,73.333300,43.500000,0.353982,0.545455,0.919540,-0.014108,-0.003375,0.008486,0.000000,4,4,0,fixed,4,1,1,0,3.000000,4.000000
15,centralized_dqn,centralized_dqn,0,4,3,11,1,1,2,2.018618,73.333300,0.252327,15,0.660660,27,0,1,0,0.660660,0.743176,0.082516,0.082516,0.660660,-0.050411,4,50,1,0,25,15,40,113.000000,73.333300,43.500000,0.383826,0.252596,0.899636,0.008827,0.008486,0.031620,0.031620,4,4,0,fixed,4,1,1,0,3.000000,4.000000
15,centralized_dqn,centralized_dqn,0,4,3,12,0,0,2,3.290615,113.000000,0.411327,25,0.660660,27,0,0,0,0.660660,0.743176,0.082516,0.082516,0.660660,-0.050411,4,50,1,0,25,15,40,113.000000,73.333300,43.500000,0.398673,0.236683,0.899636,0.008486,0.004103,0.030077,0.030077,4,4,0,fixed,4,1,1,0,3.000000,4.000000
15,centralized_dqn,centralized_dqn,0,4,3,13,2,2,4,0.000000,43.500000,0.919540,40,0.660660,27,0,2,0,0.660660,0.743176,0.082516,0.082516,0.660660,-0.050411,4,50,1,-1,25,15,40,113.000000,73.333300,43.500000,0.353982,0.545455,0.919540,-0.014108,-0.003375,0.008486,0.000000,4,4,0,fixed,4,1,1,0,3.000000,4.000000
15,centralized_dqn,centralized_dqn,0,4,3,14,2,2,4,0.000000,43.500000,0.919540,40,0.660660,27,0,2,0,0.660660,0.743176,0.082516,0.082516,0.660660,-0.050411,4,50,1,-1,25,15,40,113.000000,73.333300,43.500000,0.353982,0.545455,0.919540,-0.014108,-0.003375,0.008486,0.000000,4,4,0,fixed,4,1,1,0,3.000000,4.000000
15,centralized_dqn,centralized_dqn,0,4,3,15,2,2,2,7.377012,43.500000,0.922126,40,0.660660,27,0,2,0,0.660660,0.743176,0.082516,0.082516,0.660660,-0.050411,4,50,1,-1,25,15,40,113.000000,73.333300,43.500000,0.383826,0.236683,0.458408,-0.007461,-0.010598,0.008486,0.000000,4,4,0,fixed,4,1,1,0,3.000000,4.000000
15,centralized_dqn,centralized_dqn,0,4,3,16,1,1,1,2.909577,73.333300,0.969859,15,0.660660,27,0,2,1,0.660660,0.743176,0.082516,0.082516,0.660660,-0.050411,4,50,1,-1,25,15,40,113.000000,73.333300,43.500000,1.023535,0.909267,1.192607,0.003050,0.008486,0.017562,0.017562,4,4,0,fixed,4,1,1,0,3.000000,4.000000
15,centralized_dqn,centralized_dqn,0,4,3,17,2,2,3,0.000000,43.500000,2.298851,40,0.660660,27,0,2,0,0.660660,0.743176,0.082516,0.082516,0.660660,-0.050411,4,50,1,1,25,15,40,113.000000,73.333300,43.500000,0.884956,1.363637,2.298851,-0.008614,-0.000950,0.008486,0.000000,4,4,0,fixed,4,1,1,0,3.000000,4.000000
15,centralized_dqn,centralized_dqn,0,4,3,18,2,2,3,0.000000,43.500000,2.298851,40,0.660660,27,0,2,0,0.660660,0.743176,0.082516,0.082516,0.660660,-0.050411,4,50,1,1,25,15,40,113.000000,73.333300,43.500000,0.884956,1.363637,2.298851,-0.008614,-0.000950,0.008486,0.000000,4,4,0,fixed,4,1,1,0,3.000000,4.000000
15,centralized_dqn,centralized_dqn,0,4,3,19,1,1,1,2.561899,73.333300,0.853966,15,0.660660,27,0,1,0,0.660660,0.743176,0.082516,0.082516,0.660660,-0.050411,4,50,1,-1,25,15,40,113.000000,73.333300,43.500000,1.023535,0.918925,1.192607,0.002991,0.008486,0.017499,0.017499,4,4,0,fixed,4,1,1,0,3.000000,4.000000
15,centralized_dqn,centralized_dqn,0,4,3,20,2,2,3,0.000000,43.500000,2.298851,40,0.660660,27,0,2,0,0.660660,0.743176,0.082516,0.082516,0.660660,-0.050411,4,50,1,1,25,15,40,113.000000,73.333300,43.500000,0.884956,1.363637,2.298851,-0.008614,-0.000950,0.008486,0.000000,4,4,0,fixed,4,1,1,0,3.000000,4.000000
15,centralized_dqn,centralized_dqn,0,4,3,21,0,0,2,3.364967,113.000000,0.420621,25,0.660660,27,0,2,1,0.660660,0.743176,0.082516,0.082516,0.660660,-0.050411,4,50,1,0,25,15,40,113.000000,73.333300,43.500000,0.398285,0.236683,0.899636,0.008486,0.004116,0.030091,0.030091,4,4,0,fixed,4,1,1,0,3.000000,4.000000
15,centralized_dqn,centralized_dqn,0,4,3,22,0,0,2,3.356370,113.000000,0.419546,25,0.660660,27,0,2,1,0.660660,0.743176,0.082516,0.082516,0.660660,-0.050411,4,50,1,0,25,15,40,113.000000,73.333300,43.500000,0.398330,0.236683,0.899636,0.008486,0.004115,0.030089,0.030089,4,4,0,fixed,4,1,1,0,3.000000,4.000000
15,centralized_dqn,centralized_dqn,0,4,3,23,2,2,4,0.000000,43.500000,0.919540,40,0.660660,27,0,2,0,0.660660,0.743176,0.082516,0.082516,0.660660,-0.050411,4,50,1,-1,25,15,40,113.000000,73.333300,43.500000,0.353982,0.545455,0.919540,-0.014108,-0.003375,0.008486,0.000000,4,4,0,fixed,4,1,1,0,3.000000,4.000000
15,centralized_dqn,centralized_dqn,0,4,3,24,0,0,2,3.290626,113.000000,0.411328,25,0.660660,27,0,0,0,0.660660,0.743176,0.082516,0.082516,0.660660,-0.050411,4,50,1,0,25,15,40,113.000000,73.333300,43.500000,0.398673,0.236683,0.899636,0.008486,0.004103,0.030077,0.030077,4,4,0,fixed,4,1,1,0,3.000000,4.000000
15,centralized_dqn,centralized_dqn,0,4,3,25,0,0,2,2.509281,113.000000,0.313660,25,0.660660,27,0,0,0,0.660660,0.743176,0.082516,0.082516,0.660660,-0.050411,4,50,1,0,25,15,40,113.000000,73.333300,43.500000,0.402742,0.236683,0.899636,0.008486,0.003969,0.029932,0.029932,4,4,0,fixed,4,1,1,0,3.000000,4.000000
15,centralized_dqn,centralized_dqn,0,4,3,26,1,1,1,2.646205,73.333300,0.882068,15,0.660660,27,0,1,0,0.660660,0.743176,0.082516,0.082516,0.660660,-0.050411,4,50,1,-1,25,15,40,113.000000,73.333300,43.500000,1.023535,0.916583,1.192607,0.003005,0.008486,0.017514,0.017514,4,4,0,fixed,4,1,1,0,3.000000,4.000000
15,centralized_dqn,centralized_dqn,0,4,3,27,2,2,4,0.000000,43.500000,0.919540,40,0.660660,27,0,2,0,0.660660,0.743176,0.082516,0.082516,0.660660,-0.050411,4,50,1,-1,25,15,40,113.000000,73.333300,43.500000,0.353982,0.545455,0.919540,-0.014108,-0.003375,0.008486,0.000000,4,4,0,fixed,4,1,1,0,3.000000,4.000000
15,centralized_dqn,centralized_dqn,0,4,3,28,2,2,3,0.000000,43.500000,2.298851,40,0.660660,27,0,2,0,0.660660,0.743176,0.082516,0.082516,0.660660,-0.050411,4,50,1,1,25,15,40,113.000000,73.333300,43.500000,0.884956,1.363637,2.298851,-0.008614,-0.000950,0.008486,0.000000,4,4,0,fixed,4,1,1,0,3.000000,4.000000
15,centralized_dqn,centralized_dqn,0,4,3,29,0,0,2,3.290628,113.000000,0.411328,25,0.660660,27,0,0,0,0.660660,0.743176,0.082516,0.082516,0.660660,-0.050411,4,50,1,0,25,15,40,113.000000,73.333300,43.500000,0.398673,0.236683,0.899636,0.008486,0.004103,0.030077,0.030077,4,4,0,fixed,4,1,1,0,3.000000,4.000000
15,centralized_dqn,centralized_dqn,0,4,3,30,1,1,1,2.741440,73.333300,0.913813,15,0.660660,27,0,1,0,0.660660,0.743176,0.082516,0.082516,0.660660,-0.050411,4,50,1,-1,25,15,40,113.000000,73.333300,43.500000,1.023535,0.913938,1.192607,0.003021,0.008486,0.017531,0.017531,4,4,0,fixed,4,1,1,0,3.000000,4.000000
15,centralized_dqn,centralized_dqn,0,4,3,31,2,2,4,0.000000,43.500000,0.919540,40,0.660660,27,0,2,0,0.660660,0.743176,0.082516,0.082516,0.660660,-0.050411,4,50,1,-1,25,15,40,113.000000,73.333300,43.500000,0.353982,0.545455,0.919540,-0.014108,-0.003375,0.008486,0.000000,4,4,0,fixed,4,1,1,0,3.000000,4.000000
15,centralized_dqn,centralized_dqn,0,4,3,32,0,0,2,3.289527,113.000000,0.411191,25,0.660660,27,0,0,0,0.660660,0.743176,0.082516,0.082516,0.660660,-0.050411,4,50,1,0,25,15,40,113.000000,73.333300,43.500000,0.398678,0.236683,0.899636,0.008486,0.004103,0.030077,0.030077,4,4,0,fixed,4,1,1,0,3.000000,4.000000
15,centralized_dqn,centralized_dqn,0,4,3,33,2,2,3,0.000000,43.500000,2.298851,40,0.660660,27,0,2,0,0.660660,0.743176,0.082516,0.082516,0.660660,-0.050411,4,50,1,1,25,15,40,113.000000,73.333300,43.500000,0.884956,1.363637,2.298851,-0.008614,-0.000950,0.008486,0.000000,4,4,0,fixed,4,1,1,0,3.000000,4.000000
15,centralized_dqn,centralized_dqn,0,4,3,34,0,0,2,3.289521,113.000000,0.411190,25,0.660660,27,0,0,0,0.660660,0.743176,0.082516,0.082516,0.660660,-0.050411,4,50,1,0,25,15,40,113.000000,73.333300,43.500000,0.398678,0.236683,0.899636,0.008486,0.004103,0.030077,0.030077,4,4,0,fixed,4,1,1,0,3.000000,4.000000
15,centralized_dqn,centralized_dqn,0,4,3,35,2,2,3,0.000000,43.500000,2.298851,40,0.660660,27,0,2,0,0.660660,0.743176,0.082516,0.082516,0.660660,-0.050411,4,50,1,1,25,15,40,113.000000,73.333300,43.500000,0.884956,1.363637,2.298851,-0.008614,-0.000950,0.008486,0.000000,4,4,0,fixed,4,1,1,0,3.000000,4.000000
15,centralized_dqn,centralized_dqn,0,4,3,36,2,2,3,0.000000,43.500000,2.298851,40,0.660660,27,0,2,0,0.660660,0.743176,0.082516,0.082516,0.660660,-0.050411,4,50,1,1,25,15,40,113.000000,73.333300,43.500000,0.884956,1.363637,2.298851,-0.008614,-0.000950,0.008486,0.000000,4,4,0,fixed,4,1,1,0,3.000000,4.000000
15,centralized_dqn,centralized_dqn,0,4,3,37,2,2,4,0.000000,43.500000,0.919540,40,0.660660,27,0,2,0,0.660660,0.743176,0.082516,0.082516,0.660660,-0.050411,4,50,1,-1,25,15,40,113.000000,73.333300,43.500000,0.353982,0.545455,0.919540,-0.014108,-0.003375,0.008486,0.000000,4,4,0,fixed,4,1,1,0,3.000000,4.000000
15,centralized_dqn,centralized_dqn,0,4,3,38,1,1,1,2.843420,73.333300,0.947807,15,0.660660,27,0,1,0,0.660660,0.743176,0.082516,0.082516,0.660660,-0.050411,4,50,1,-1,25,15,40,113.000000,73.333300,43.500000,1.023535,0.911105,1.192607,0.003039,0.008486,0.017550,0.017550,4,4,0,fixed,4,1,1,0,3.000000,4.000000
15,centralized_dqn,centralized_dqn,0,4,3,39,0,0,2,3.289510,113.000000,0.411189,25,0.660660,27,0,0,0,0.660660,0.743176,0.082516,0.082516,0.660660,-0.050411,4,50,1,0,25,15,40,113.000000,73.333300,43.500000,0.398678,0.236683,0.899636,0.008486,0.004103,0.030077,0.030077,4,4,0,fixed,4,1,1,0,3.000000,4.000000
15,centralized_dqn,centralized_dqn,0,4,3,40,1,1,1,2.388372,73.333300,0.796124,15,0.660660,27,0,1,0,0.660660,0.743176,0.082516,0.082516,0.660660,-0.050411,4,50,1,-1,25,15,40,113.000000,73.333300,43.500000,1.023535,0.923745,1.192607,0.002961,0.008486,0.017469,0.017469,4,4,0,fixed,4,1,1,0,3.000000,4.000000
15,centralized_dqn,centralized_dqn,0,4,3,41,2,2,4,0.000000,43.500000,0.919540,40,0.660660,27,0,2,0,0.660660,0.743176,0.082516,0.082516,0.660660,-0.050411,4,50,1,-1,25,15,40,113.000000,73.333300,43.500000,0.353982,0.545455,0.919540,-0.014108,-0.003375,0.008486,0.000000,4,4,0,fixed,4,1,1,0,3.000000,4.000000
15,centralized_dqn,centralized_dqn,0,4,3,42,2,2,3,0.000000,43.500000,2.298851,40,0.660660,27,0,2,0,0.660660,0.743176,0.082516,0.082516,0.660660,-0.050411,4,50,1,1,25,15,40,113.000000,73.333300,43.500000,0.884956,1.363637,2.298851,-0.008614,-0.000950,0.008486,0.000000,4,4,0,fixed,4,1,1,0,3.000000,4.000000
15,centralized_dqn,centralized_dqn,0,4,3,43,1,1,1,2.727061,73.333300,0.909020,15,0.660660,27,0,1,0,0.660660,0.743176,0.082516,0.082516,0.660660,-0.050411,4,50,1,-1,25,15,40,113.000000,73.333300,43.500000,1.023535,0.914337,1.192607,0.003019,0.008486,0.017529,0.017529,4,4,0,fixed,4,1,1,0,3.000000,4.000000
15,centralized_dqn,centralized_dqn,0,4,3,44,0,0,2,3.289521,113.000000,0.411190,25,0.660660,27,0,0,0,0.660660,0.743176,0.082516,0.082516,0.660660,-0.050411,4,50,1,0,25,15,40,113.000000,73.333300,43.500000,0.398678,0.236683,0.899636,0.008486,0.004103,0.030077,0.030077,4,4,0,fixed,4,1,1,0,3.000000,4.000000
15,centralized_dqn,centralized_dqn,0,4,3,45,2,2,4,0.000000,43.500000,0.919540,40,0.660660,27,0,2,0,0.660660,0.743176,0.082516,0.082516,0.660660,-0.050411,4,50,1,-1,25,15,40,113.000000,73.333300,43.500000,0.353982,0.545455,0.919540,-0.014108,-0.003375,0.008486,0.000000,4,4,0,fixed,4,1,1,0,3.000000,4.000000
15,centralized_dqn,centralized_dqn,0,4,3,46,0,0,2,3.289545,113.000000,0.411193,25,0.660660,27,0,0,0,0.660660,0.743176,0.082516,0.082516,0.660660,-0.050411,4,50,1,0,25,15,40,113.000000,73.333300,43.500000,0.398678,0.236683,0.899636,0.008486,0.004103,0.030077,0.030077,4,4,0,fixed,4,1,1,0,3.000000,4.000000
15,centralized_dqn,centralized_dqn,0,4,3,47,2,2,3,0.000000,43.500000,2.298851,40,0.660660,27,0,2,0,0.660660,0.743176,0.082516,0.082516,0.660660,-0.050411,4,50,1,1,25,15,40,113.000000,73.333300,43.500000,0.884956,1.363637,2.298851,-0.008614,-0.000950,0.008486,0.000000,4,4,0,fixed,4,1,1,0,3.000000,4.000000
15,centralized_dqn,centralized_dqn,0,4,3,48,2,2,4,0.000000,43.500000,0.919540,40,0.660660,27,0,2,0,0.660660,0.743176,0.082516,0.082516,0.660660,-0.050411,4,50,1,-1,25,15,40,113.000000,73.333300,43.500000,0.353982,0.545455,0.919540,-0.014108,-0.003375,0.008486,0.000000,4,4,0,fixed,4,1,1,0,3.000000,4.000000
15,centralized_dqn,centralized_dqn,0,4,3,49,0,0,2,3.287359,113.000000,0.410920,25,0.660660,27,0,0,0,0.660660,0.743176,0.082516,0.082516,0.660660,-0.050411,4,50,1,0,25,15,40,113.000000,73.333300,43.500000,0.398690,0.236683,0.899636,0.008486,0.004103,0.030076,0.030076,4,4,0,fixed,4,1,1,0,3.000000,4.000000
15,centralized_dqn,centralized_dqn,0,4,3,50,2,2,4,0.000000,43.500000,0.919540,40,0.660660,27,0,2,0,0.660660,0.743176,0.082516,0.082516,0.660660,-0.050411,4,50,1,-1,25,15,40,113.000000,73.333300,43.500000,0.353982,0.545455,0.919540,-0.014108,-0.003375,0.008486,0.000000,4,4,0,fixed,4,1,1,0,3.000000,4.000000
15,centralized_dqn,centralized_dqn,0,4,3,51,2,2,4,0.000000,43.500000,0.919540,40,0.660660,27,0,2,0,0.660660,0.743176,0.082516,0.082516,0.660660,-0.050411,4,50,1,-1,25,15,40,113.000000,73.333300,43.500000,0.353982,0.545455,0.919540,-0.014108,-0.003375,0.008486,0.000000,4,4,0,fixed,4,1,1,0,3.000000,4.000000
15,centralized_dqn,centralized_dqn,0,4,3,52,0,0,2,3.289545,113.000000,0.411193,25,0.660660,27,0,0,0,0.660660,0.743176,0.082516,0.082516,0.660660,-0.050411,4,50,1,0,25,15,40,113.000000,73.333300,43.500000,0.398678,0.236683,0.899636,0.008486,0.004103,0.030077,0.030077,4,4,0,fixed,4,1,1,0,3.000000,4.000000
15,centralized_dqn,centralized_dqn,0,4,3,53,1,1,1,2.841970,73.333300,0.947323,15,0.660660,27,0,1,0,0.660660,0.743176,0.082516,0.082516,0.660660,-0.050411,4,50,1,-1,25,15,40,113.000000,73.333300,43.500000,1.023535,0.911145,1.192607,0.003038,0.008486,0.017549,0.017549,4,4,0,fixed,4,1,1,0,3.000000,4.000000
15,centralized_dqn,centralized_dqn,0,4,3,54,2,2,3,0.000000,43.500000,2.298851,40,0.660660,27,0,2,0,0.660660,0.743176,0.082516,0.082516,0.660660,-0.050411,4,50,1,1,25,15,40,113.000000,73.333300,43.500000,0.884956,1.363637,2.298851,-0.008614,-0.000950,0.008486,0.000000,4,4,0,fixed,4,1,1,0,3.000000,4.000000
15,centralized_dqn,centralized_dqn,0,4,3,55,2,2,4,0.000000,43.500000,0.919540,40,0.660660,27,0,2,0,0.660660,0.743176,0.082516,0.082516,0.660660,-0.050411,4,50,1,-1,25,15,40,113.000000,73.333300,43.500000,0.353982,0.545455,0.919540,-0.014108,-0.003375,0.008486,0.000000,4,4,0,fixed,4,1,1,0,3.000000,4.000000
15,centralized_dqn,centralized_dqn,0,4,3,56,2,2,3,0.000000,43.500000,2.298851,40,0.660660,27,0,2,0,0.660660,0.743176,0.082516,0.082516,0.660660,-0.050411,4,50,1,1,25,15,40,113.000000,73.333300,43.500000,0.884956,1.363637,2.298851,-0.008614,-0.000950,0.008486,0.000000,4,4,0,fixed,4,1,1,0,3.000000,4.000000
15,centralized_dqn,centralized_dqn,0,4,3,57,1,1,1,2.786635,73.333300,0.928878,15,0.660660,27,0,1,0,0.660660,0.743176,0.082516,0.082516,0.660660,-0.050411,4,50,1,-1,25,15,40,113.000000,73.333300,43.500000,1.023535,0.912682,1.192607,0.003029,0.008486,0.017539,0.017539,4,4,0,fixed,4,1,1,0,3.000000,4.000000
15,centralized_dqn,centralized_dqn,0,4,3,58,2,2,1,3.667266,43.500000,1.222422,40,0.660660,27,0,2,0,0.660660,0.743176,0.082516,0.082516,0.660660,-0.050411,4,50,1,1,25,15,40,113.000000,73.333300,43.500000,1.023535,0.856808,2.459004,-0.008005,-0.003509,0.008486,0.000000,4,4,0,fixed,4,1,1,0,3.000000,4.000000
15,centralized_dqn,centralized_dqn,0,4,3,59,2,2,4,0.000000,43.500000,0.919540,40,0.660660,27,0,2,0,0.660660,0.743176,0.082516,0.082516,0.660660,-0.050411,4,50,1,-1,25,15,40,113.000000,73.333300,43.500000,0.353982,0.545455,0.919540,-0.014108,-0.003375,0.008486,0.000000,4,4,0,fixed,4,1,1,0,3.000000,4.000000
15,centralized_dqn,centralized_dqn,0,4,3,60,0,0,2,3.335522,113.000000,0.416940,25,0.660660,27,0,0,0,0.660660,0.743176,0.082516,0.082516,0.660660,-0.050411,4,50,1,0,25,15,40,113.000000,73.333300,43.500000,0.398439,0.236683,0.899636,0.008486,0.004111,0.030085,0.030085,4,4,0,fixed,4,1,1,0,3.000000,4.000000
15,centralized_dqn,centralized_dqn,0,4,3,61,0,0,2,3.287395,113.000000,0.410924,25,0.660660,27,0,0,0,0.660660,0.743176,0.082516,0.082516,0.660660,-0.050411,4,50,1,0,25,15,40,113.000000,73.333300,43.500000,0.398689,0.236683,0.899636,0.008486,0.004103,0.030076,0.030076,4,4,0,fixed,4,1,1,0,3.000000,4.000000
15,centralized_dqn,centralized_dqn,0,4,3,62,0,0,2,3.285154,113.000000,0.410644,25,0.660660,27,0,0,0,0.660660,0.743176,0.082516,0.082516,0.660660,-0.050411,4,50,1,0,25,15,40,113.000000,73.333300,43.500000,0.398701,0.236683,0.899636,0.008486,0.004102,0.030076,0.030076,4,4,0,fixed,4,1,1,0,3.000000,4.000000
15,centralized_dqn,centralized_dqn,0,4,3,63,2,2,4,0.000000,43.500000,0.919540,40,0.660660,27,0,2,0,0.660660,0.743176,0.082516,0.082516,0.660660,-0.050411,4,50,1,-1,25,15,40,113.000000,73.333300,43.500000,0.353982,0.545455,0.919540,-0.014108,-0.003375,0.008486,0.000000,4,4,0,fixed,4,1,1,0,3.000000,4.000000
15,centralized_dqn,centralized_dqn,0,4,3,64,2,2,4,0.000000,43.500000,0.919540,40,0.660660,27,0,2,0,0.660660,0.743176,0.082516,0.082516,0.660660,-0.050411,4,50,1,-1,25,15,40,113.000000,73.333300,43.500000,0.353982,0.545455,0.919540,-0.014108,-0.003375,0.008486,0.000000,4,4,0,fixed,4,1,1,0,3.000000,4.000000
15,centralized_dqn,centralized_dqn,0,4,3,65,2,2,4,0.000000,43.500000,0.919540,40,0.660660,27,0,2,0,0.660660,0.743176,0.082516,0.082516,0.660660,-0.050411,4,50,1,-1,25,15,40,113.000000,73.333300,43.500000,0.353982,0.545455,0.919540,-0.014108,-0.003375,0.008486,0.000000,4,4,0,fixed,4,1,1,0,3.000000,4.000000
15,centralized_dqn,centralized_dqn,0,4,3,66,0,0,2,3.285143,113.000000,0.410643,25,0.660660,27,0,0,0,0.660660,0.743176,0.082516,0.082516,0.660660,-0.050411,4,50,1,0,25,15,40,113.000000,73.333300,43.500000,0.398701,0.236683,0.899636,0.008486,0.004102,0.030076,0.030076,4,4,0,fixed,4,1,1,0,3.000000,4.000000
15,centralized_dqn,centralized_dqn,0,4,3,67,0,0,2,3.334405,113.000000,0.416801,25,0.660660,27,0,0,0,0.660660,0.743176,0.082516,0.082516,0.660660,-0.050411,4,50,1,0,25,15,40,113.000000,73.333300,43.500000,0.398445,0.236683,0.899636,0.008486,0.004111,0.030085,0.030085,4,4,0,fixed,4,1,1,0,3.000000,4.000000
15,centralized_dqn,centralized_dqn,0,4,3,68,2,2,4,0.000000,43.500000,0.919540,40,0.660660,27,0,2,0,0.660660,0.743176,0.082516,0.082516,0.660660,-0.050411,4,50,1,-1,25,15,40,113.000000,73.333300,43.500000,0.353982,0.545455,0.919540,-0.014108,-0.003375,0.008486,0.000000,4,4,0,fixed,4,1,1,0,3.000000,4.000000
15,centralized_dqn,centralized_dqn,0,4,3,69,2,2,3,0.000000,43.500000,2.298851,40,0.660660,27,0,2,0,0.660660,0.743176,0.082516,0.082516,0.660660,-0.050411,4,50,1,1,25,15,40,113.000000,73.333300,43.500000,0.884956,1.363637,2.298851,-0.008614,-0.000950,0.008486,0.000000,4,4,0,fixed,4,1,1,0,3.000000,4.000000
15,centralized_dqn,centralized_dqn,0,4,3,70,2,2,4,0.000000,43.500000,0.919540,40,0.660660,27,0,2,0,0.660660,0.743176,0.082516,0.082516,0.660660,-0.050411,4,50,1,-1,25,15,40,113.000000,73.333300,43.500000,0.353982,0.545455,0.919540,-0.014108,-0.003375,0.008486,0.000000,4,4,0,fixed,4,1,1,0,3.000000,4.000000
15,centralized_dqn,centralized_dqn,0,4,3,71,0,0,2,3.285172,113.000000,0.410646,25,0.660660,27,0,0,0,0.660660,0.743176,0.082516,0.082516,0.660660,-0.050411,4,50,1,0,25,15,40,113.000000,73.333300,43.500000,0.398701,0.236683,0.899636,0.008486,0.004102,0.030076,0.030076,4,4,0,fixed,4,1,1,0,3.000000,4.000000
15,centralized_dqn,centralized_dqn,0,4,3,72,0,0,2,3.285244,113.000000,0.410655,25,0.660660,27,0,0,0,0.660660,0.743176,0.082516,0.082516,0.660660,-0.050411,4,50,1,0,25,15,40,113.000000,73.333300,43.500000,0.398701,0.236683,0.899636,0.008486,0.004102,0.030076,0.030076,4,4,0,fixed,4,1,1,0,3.000000,4.000000
15,centralized_dqn,centralized_dqn,0,4,3,73,2,2,4,0.000000,43.500000,0.919540,40,0.660660,27,0,2,0,0.660660,0.743176,0.082516,0.082516,0.660660,-0.050411,4,50,1,-1,25,15,40,113.000000,73.333300,43.500000,0.353982,0.545455,0.919540,-0.014108,-0.003375,0.008486,0.000000,4,4,0,fixed,4,1,1,0,3.000000,4.000000
15,centralized_dqn,centralized_dqn,0,4,3,74,2,2,4,0.000000,43.500000,0.919540,40,0.660660,27,0,2,0,0.660660,0.743176,0.082516,0.082516,0.660660,-0.050411,4,50,1,-1,25,15,40,113.000000,73.333300,43.500000,0.353982,0.545455,0.919540,-0.014108,-0.003375,0.008486,0.000000,4,4,0,fixed,4,1,1,0,3.000000,4.000000
15,centralized_dqn,centralized_dqn,0,4,3,75,2,2,3,0.000000,43.500000,2.298851,40,0.660660,27,0,2,0,0.660660,0.743176,0.082516,0.082516,0.660660,-0.050411,4,50,1,1,25,15,40,113.000000,73.333300,43.500000,0.884956,1.363637,2.298851,-0.008614,-0.000950,0.008486,0.000000,4,4,0,fixed,4,1,1,0,3.000000,4.000000
15,centralized_dqn,centralized_dqn,0,4,3,76,0,0,2,3.285232,113.000000,0.410654,25,0.660660,27,0,0,0,0.660660,0.743176,0.082516,0.082516,0.660660,-0.050411,4,50,1,0,25,15,40,113.000000,73.333300,43.500000,0.398701,0.236683,0.899636,0.008486,0.004102,0.030076,0.030076,4,4,0,fixed,4,1,1,0,3.000000,4.000000
15,centralized_dqn,centralized_dqn,0,4,3,77,2,2,4,0.000000,43.500000,0.919540,40,0.660660,27,0,2,0,0.660660,0.743176,0.082516,0.082516,0.660660,-0.050411,4,50,1,-1,25,15,40,113.000000,73.333300,43.500000,0.353982,0.545455,0.919540,-0.014108,-0.003375,0.008486,0.000000,4,4,0,fixed,4,1,1,0,3.000000,4.000000
15,centralized_dqn,centralized_dqn,0,4,3,78,1,1,1,2.679227,73.333300,0.893076,15,0.660660,27,0,1,0,0.660660,0.743176,0.082516,0.082516,0.660660,-0.050411,4,50,1,-1,25,15,40,113.000000,73.333300,43.500000,1.023535,0.915666,1.192607,0.003010,0.008486,0.017520,0.017520,4,4,0,fixed,4,1,1,0,3.000000,4.000000
15,centralized_dqn,centralized_dqn,0,4,3,79,1,1,1,2.792923,73.333300,0.930974,15,0.660660,27,0,1,0,0.660660,0.743176,0.082516,0.082516,0.660660,-0.050411,4,50,1,-1,25,15,40,113.000000,73.333300,43.500000,1.023535,0.912508,1.192607,0.003030,0.008486,0.017541,0.017541,4,4,0,fixed,4,1,1,0,3.000000,4.000000
15,centralized_dqn,centralized_dqn,0,4,3,80,0,0,2,3.358473,113.000000,0.419809,25,0.660660,27,0,2,1,0.660660,0.743176,0.082516,0.082516,0.660660,-0.050411,4,50,1,0,25,15,40,113.000000,73.333300,43.500000,0.398319,0.236683,0.899636,0.008486,0.004115,0.030090,0.030090,4,4,0,fixed,4,1,1,0,3.000000,4.000000
15,centralized_dqn,centralized_dqn,0,4,4,1,1,1,2,1.983572,73.833300,0.247946,14,0.600991,28,0,1,0,0.600991,0.611908,0.010918,0.010918,0.600991,-0.059669,1,46,1,0,22,14,44,113.000000,73.833300,67.666700,0.433894,0.247949,0.338782,0.008477,0.005371,0.014367,0.014367,4,1,3,fixed,4,1,1,0,3.000000,4.000000
15,centralized_dqn,centralized_dqn,0,4,4,2,2,2,4,0.000000,67.666700,0.591133,44,0.600991,28,0,2,0,0.600991,0.611908,0.010918,0.010918,0.600991,-0.059669,1,46,1,-1,22,14,44,113.000000,73.833300,67.666700,0.353982,0.541761,0.591133,-0.008271,-0.000498,0.005371,0.000000,4,1,3,fixed,4,1,1,0,3.000000,4.000000
15,centralized_dqn,centralized_dqn,0,4,4,3,1,1,1,3.005681,73.833300,1.001894,14,0.600991,28,0,2,1,0.600991,0.611908,0.010918,0.010918,0.600991,-0.059669,1,46,1,-1,22,14,44,113.000000,73.833300,67.666700,1.157051,0.995829,1.146852,0.002172,0.005371,0.010918,0.010918,4,1,3,fixed,4,1,1,0,3.000000,4.000000
15,centralized_dqn,centralized_dqn,0,4,4,4,0,0,2,3.924536,113.000000,0.490567,22,0.600991,28,0,0,0,0.600991,0.611908,0.010918,0.010918,0.600991,-0.059669,1,46,1,0,22,14,44,113.000000,73.833300,67.666700,0.451857,0.231418,0.338782,0.005371,-0.001178,0.010302,0.010302,4,1,3,fixed,4,1,1,0,3.000000,4.000000
15,centralized_dqn,centralized_dqn,0,4,4,5,2,2,3,0.000000,67.666700,1.477832,44,0.600991,28,0,2,0,0.600991,0.611908,0.010918,0.010918,0.600991,-0.059669,1,46,1,1,22,14,44,113.000000,73.833300,67.666700,0.884956,1.354402,1.477832,-0.005270,-0.000081,0.005371,0.000000,4,1,3,fixed,4,1,1,0,3.000000,4.000000
15,centralized_dqn,centralized_dqn,0,4,4,6,2,2,4,0.000000,67.666700,0.591133,44,0.600991,28,0,2,0,0.600991,0.611908,0.010918,0.010918,0.600991,-0.059669,1,46,1,-1,22,14,44,113.000000,73.833300,67.666700,0.353982,0.541761,0.591133,-0.008271,-0.000498,0.005371,0.000000,4,1,3,fixed,4,1,1,0,3.000000,4.000000
15,centralized_dqn,centralized_dqn,0,4,4,7,0,0,2,3.715840,113.000000,0.464480,22,0.600991,28,0,0,0,0.600991,0.611908,0.010918,0.010918,0.600991,-0.059669,1,46,1,0,22,14,44,113.000000,73.833300,67.666700,0.453099,0.231418,0.338782,0.005371,-0.001204,0.010275,0.010275,4,1,3,fixed,4,1,1,0,3.000000,4.000000
15,centralized_dqn,centralized_dqn,0,4,4,8,0,0,2,1.912545,113.000000,0.239068,22,0.600991,28,1,0,0,0.600991,0.611908,0.010918,0.010918,0.600991,-0.059669,1,46,1,0,22,14,44,113.000000,73.833300,67.666700,0.463833,0.231418,0.338782,0.005371,-0.001423,0.010047,0.010047,4,1,3,fixed,4,1,1,0,3.000000,4.000000
15,centralized_dqn,centralized_dqn,0,4,4,9,1,1,1,2.996945,73.833300,0.998982,14,0.600991,28,0,1,0,0.600991,0.611908,0.010918,0.010918,0.600991,-0.059669,1,46,1,-1,22,14,44,113.000000,73.833300,67.666700,1.157051,0.996094,1.146852,0.002170,0.005371,0.010916,0.010916,4,1,3,fixed,4,1,1,0,3.000000,4.000000
15,centralized_dqn,centralized_dqn,0,4,4,10,2,2,4,0.000000,67.666700,0.591133,44,0.600991,28,0,2,0,0.600991,0.611908,0.010918,0.010918,0.600991,-0.059669,1,46,1,-1,22,14,44,113.000000,73.833300,67.666700,0.353982,0.541761,0.591133,-0.008271,-0.000498,0.005371,0.000000,4,1,3,fixed,4,1,1,0,3.000000,4.000000
15,centralized_dqn,centralized_dqn,0,4,4,11,1,1,2,1.983589,73.833300,0.247949,14,0.600991,28,0,1,0,0.600991,0.611908,0.010918,0.010918,0.600991,-0.059669,1,46,1,0,22,14,44,113.000000,73.833300,67.666700,0.433894,0.247946,0.338782,0.008477,0.005371,0.014367,0.014367,4,1,3,fixed,4,1,1,0,3.000000,4.000000
15,centralized_dqn,centralized_dqn,0,4,4,12,0,0,2,3.715797,113.000000,0.464475,22,0.600991,28,0,0,0,0.600991,0.611908,0.010918,0.010918,0.600991,-0.059669,1,46,1,0,22,14,44,113.000000,73.833300,67.666700,0.453100,0.231418,0.338782,0.005371,-0.001204,0.010275,0.010275,4,1,3,fixed,4,1,1,0,3.000000,4.000000
15,centralized_dqn,centralized_dqn,0,4,4,13,2,2,4,0.000000,67.666700,0.591133,44,0.600991,28,0,2,0,0.600991,0.611908,0.010918,0.010918,0.600991,-0.059669,1,46,1,-1,22,14,44,113.000000,73.833300,67.666700,0.353982,0.541761,0.591133,-0.008271,-0.000498,0.005371,0.000000,4,1,3,fixed,4,1,1,0,3.000000,4.000000
15,centralized_dqn,centralized_dqn,0,4,4,14,2,2,4,0.000000,67.666700,0.591133,44,0.600991,28,0,2,0,0.600991,0.611908,0.010918,0.010918,0.600991,-0.059669,1,46,1,-1,22,14,44,113.000000,73.833300,67.666700,0.353982,0.541761,0.591133,-0.008271,-0.000498,0.005371,0.000000,4,1,3,fixed,4,1,1,0,3.000000,4.000000
15,centralized_dqn,centralized_dqn,0,4,4,15,2,2,2,2.773702,67.666700,0.346713,44,0.600991,28,0,2,0,0.600991,0.611908,0.010918,0.010918,0.600991,-0.059669,1,46,1,0,22,14,44,113.000000,73.833300,67.666700,0.433894,0.231418,0.346405,-0.000937,-0.006503,0.005371,0.000000,4,1,3,fixed,4,1,1,0,3.000000,4.000000
15,centralized_dqn,centralized_dqn,0,4,4,16,2,2,1,3.529754,67.666700,1.176585,44,0.600991,28,0,2,0,0.600991,0.611908,0.010918,0.010918,0.600991,-0.059669,1,46,1,1,22,14,44,113.000000,73.833300,67.666700,1.157051,0.929912,1.169248,-0.003379,-0.000882,0.005371,0.000000,4,1,3,fixed,4,1,1,0,3.000000,4.000000
15,centralized_dqn,centralized_dqn,0,4,4,17,2,2,3,0.000000,67.666700,1.477832,44,0.600991,28,0,2,0,0.600991,0.611908,0.010918,0.010918,0.600991,-0.059669,1,46,1,1,22,14,44,113.000000,73.833300,67.666700,0.884956,1.354402,1.477832,-0.005270,-0.000081,0.005371,0.000000,4,1,3,fixed,4,1,1,0,3.000000,4.000000
15,centralized_dqn,centralized_dqn,0,4,4,18,2,2,3,0.000000,67.666700,1.477832,44,0.600991,28,0,2,0,0.600991,0.611908,0.010918,0.010918,0.600991,-0.059669,1,46,1,1,22,14,44,113.000000,73.833300,67.666700,0.884956,1.354402,1.477832,-0.005270,-0.000081,0.005371,0.000000,4,1,3,fixed,4,1,1,0,3.000000,4.000000
15,centralized_dqn,centralized_dqn,0,4,4,19,1,1,1,2.993604,73.833300,0.997868,14,0.600991,28,0,1,0,0.600991,0.611908,0.010918,0.010918,0.600991,-0.059669,1,46,1,-1,22,14,44,113.000000,73.833300,67.666700,1.157051,0.996195,1.146852,0.002170,0.005371,0.010916,0.010916,4,1,3,fixed,4,1,1,0,3.000000,4.000000
15,centralized_dqn,centralized_dqn,0,4,4,20,2,2,3,0.000000,67.666700,1.477832,44,0.600991,28,0,2,0,0.600991,0.611908,0.010918,0.010918,0.600991,-0.059669,1,46,1,1,22,14,44,113.000000,73.833300,67.666700,0.884956,1.354402,1.477832,-0.005270,-0.000081,0.005371,0.000000,4,1,3,fixed,4,1,1,0,3.000000,4.000000
15,centralized_dqn,centralized_dqn,0,4,4,21,2,2,2,2.773774,67.666700,0.346722,44,0.600991,28,0,2,0,0.600991,0.611908,0.010918,0.010918,0.600991,-0.059669,1,46,1,0,22,14,44,113.000000,73.833300,67.666700,0.433894,0.231418,0.346402,-0.000937,-0.006503,0.005371,0.000000,4,1,3,fixed,4,1,1,0,3.000000,4.000000
15,centralized_dqn,centralized_dqn,0,4,4,22,2,2,2,2.773825,67.666700,0.346728,44,0.600991,28,0,2,0,0.600991,0.611908,0.010918,0.010918,0.600991,-0.059669,1,46,1,0,22,14,44,113.000000,73.833300,67.666700,0.433894,0.231418,0.346400,-0.000937,-0.006503,0.005371,0.000000,4,1,3,fixed,4,1,1,0,3.000000,4.000000
15,centralized_dqn,centralized_dqn,0,4,4,23,2,2,4,0.000000,67.666700,0.591133,44,0.600991,28,0,2,0,0.600991,0.611908,0.010918,0.010918,0.600991,-0.059669,1,46,1,-1,22,14,44,113.000000,73.833300,67.666700,0.353982,0.541761,0.591133,-0.008271,-0.000498,0.005371,0.000000,4,1,3,fixed,4,1,1,0,3.000000,4.000000
15,centralized_dqn,centralized_dqn,0,4,4,24,0,0,2,3.715797,113.000000,0.464475,22,0.600991,28,0,0,0,0.600991,0.611908,0.010918,0.010918,0.600991,-0.059669,1,46,1,0,22,14,44,113.000000,73.833300,67.666700,0.453100,0.231418,0.338782,0.005371,-0.001204,0.010275,0.010275,4,1,3,fixed,4,1,1,0,3.000000,4.000000
15,centralized_dqn,centralized_dqn,0,4,4,25,0,0,2,2.794471,113.000000,0.349309,22,0.600991,28,0,0,0,0.600991,0.611908,0.010918,0.010918,0.600991,-0.059669,1,46,1,0,22,14,44,113.000000,73.833300,67.666700,0.458584,0.231418,0.338782,0.005371,-0.001317,0.010157,0.010157,4,1,3,fixed,4,1,1,0,3.000000,4.000000
15,centralized_dqn,centralized_dqn,0,4,4,26,1,1,1,2.950483,73.833300,0.983494,14,0.600991,28,0,1,0,0.600991,0.611908,0.010918,0.010918,0.600991,-0.059669,1,46,1,-1,22,14,44,113.000000,73.833300,67.666700,1.157051,0.997501,1.146852,0.002164,0.005371,0.010910,0.010910,4,1,3,fixed,4,1,1,0,3.000000,4.000000
15,centralized_dqn,centralized_dqn,0,4,4,27,2,2,4,0.000000,67.666700,0.591133,44,0.600991,28,0,2,0,0.600991,0.611908,0.010918,0.010918,0.600991,-0.059669,1,46,1,-1,22,14,44,113.000000,73.833300,67.666700,0.353982,0.541761,0.591133,-0.008271,-0.000498,0.005371,0.000000,4,1,3,fixed,4,1,1,0,3.000000,4.000000
15,centralized_dqn,centralized_dqn,0,4,4,28,2,2,3,0.000000,67.666700,1.477832,44,0.600991,28,0,2,0,0.600991,0.611908,0.010918,0.010918,0.600991,-0.059669,1,46,1,1,22,14,44,113.000000,73.833300,67.666700,0.884956,1.354402,1.477832,-0.005270,-0.000081,0.005371,0.000000,4,1,3,fixed,4,1,1,0,3.000000,4.000000
15,centralized_dqn,centralized_dqn,0,4,4,29,0,0,2,3.715797,113.000000,0.464475,22,0.600991,28,0,0,0,0.600991,0.611908,0.010918,0.010918,0.600991,-0.059669,1,46,1,0,22,14,44,113.000000,73.833300,67.666700,0.453100,0.231418,0.338782,0.005371,-0.001204,0.010275,0.010275,4,1,3,fixed,4,1,1,0,3.000000,4.000000
15,centralized_dqn,centralized_dqn,0,4,4,30,1,1,1,2.963429,73.833300,0.987810,14,0.600991,28,0,1,0,0.600991,0.611908,0.010918,0.010918,0.600991,-0.059669,1,46,1,-1,22,14,44,113.000000,73.833300,67.666700,1.157051,0.997109,1.146852,0.002166,0.005371,0.010912,0.010912,4,1,3,fixed,4,1,1,0,3.000000,4.000000
15,centralized_dqn,centralized_dqn,0,4,4,31,2,2,4,0.000000,67.666700,0.591133,44,0.600991,28,0,2,0,0.600991,0.611908,0.010918,0.010918,0.600991,-0.059669,1,46,1,-1,22,14,44,113.000000,73.833300,67.666700,0.353982,0.541761,0.591133,-0.008271,-0.000498,0.005371,0.000000,4,1,3,fixed,4,1,1,0,3.000000,4.000000
15,centralized_dqn,centralized_dqn,0,4,4,32,0,0,2,3.715834,113.000000,0.464479,22,0.600991,28,0,0,0,0.600991,0.611908,0.010918,0.010918,0.600991,-0.059669,1,46,1,0,22,14,44,113.000000,73.833300,67.666700,0.453100,0.231418,0.338782,0.005371,-0.001204,0.010275,0.010275,4,1,3,fixed,4,1,1,0,3.000000,4.000000
15,centralized_dqn,centralized_dqn,0,4,4,33,2,2,3,0.000000,67.666700,1.477832,44,0.600991,28,0,2,0,0.600991,0.611908,0.010918,0.010918,0.600991,-0.059669,1,46,1,1,22,14,44,113.000000,73.833300,67.666700,0.884956,1.354402,1.477832,-0.005270,-0.000081,0.005371,0.000000,4,1,3,fixed,4,1,1,0,3.000000,4.000000
15,centralized_dqn,centralized_dqn,0,4,4,34,0,0,2,3.715850,113.000000,0.464481,22,0.600991,28,0,0,0,0.600991,0.611908,0.010918,0.010918,0.600991,-0.059669,1,46,1,0,22,14,44,113.000000,73.833300,67.666700,0.453099,0.231418,0.338782,0.005371,-0.001204,0.010275,0.010275,4,1,3,fixed,4,1,1,0,3.000000,4.000000
15,centralized_dqn,centralized_dqn,0,4,4,35,2,2,3,0.000000,67.666700,1.477832,44,0.600991,28,0,2,0,0.600991,0.611908,0.010918,0.010918,0.600991,-0.059669,1,46,1,1,22,14,44,113.000000,73.833300,67.666700,0.884956,1.354402,1.477832,-0.005270,-0.000081,0.005371,0.000000,4,1,3,fixed,4,1,1,0,3.000000,4.000000
15,centralized_dqn,centralized_dqn,0,4,4,36,2,2,3,0.000000,67.666700,1.477832,44,0.600991,28,0,2,0,0.600991,0.611908,0.010918,0.010918,0.600991,-0.059669,1,46,1,1,22,14,44,113.000000,73.833300,67.666700,0.884956,1.354402,1.477832,-0.005270,-0.000081,0.005371,0.000000,4,1,3,fixed,4,1,1,0,3.000000,4.000000
15,centralized_dqn,centralized_dqn,0,4,4,37,2,2,4,0.000000,67.666700,0.591133,44,0.600991,28,0,2,0,0.600991,0.611908,0.010918,0.010918,0.600991,-0.059669,1,46,1,-1,22,14,44,113.000000,73.833300,67.666700,0.353982,0.541761,0.591133,-0.008271,-0.000498,0.005371,0.000000,4,1,3,fixed,4,1,1,0,3.000000,4.000000
15,centralized_dqn,centralized_dqn,0,4,4,38,1,1,1,2.847863,73.833300,0.949288,14,0.600991,28,0,1,0,0.600991,0.611908,0.010918,0.010918,0.600991,-0.059669,1,46,1,-1,22,14,44,113.000000,73.833300,67.666700,1.157051,1.000611,1.146852,0.002151,0.005371,0.010897,0.010897,4,1,3,fixed,4,1,1,0,3.000000,4.000000
15,centralized_dqn,centralized_dqn,0,4,4,39,0,0,2,3.715839,113.000000,0.464480,22,0.600991,28,0,0,0,0.600991,0.611908,0.010918,0.010918,0.600991,-0.059669,1,46,1,0,22,14,44,113.000000,73.833300,67.666700,0.453099,0.231418,0.338782,0.005371,-0.001204,0.010275,0.010275,4,1,3,fixed,4,1,1,0,3.000000,4.000000
15,centralized_dqn,centralized_dqn,0,4,4,40,1,1,1,2.974786,73.833300,0.991595,14,0.600991,28,0,1,0,0.600991,0.611908,0.010918,0.010918,0.600991,-0.059669,1,46,1,-1,22,14,44,113.000000,73.833300,67.666700,1.157051,0.996765,1.146852,0.002168,0.005371,0.010914,0.010914,4,1,3,fixed,4,1,1,0,3.000000,4.000000
15,centralized_dqn,centralized_dqn,0,4,4,41,2,2,4,0.000000,67.666700,0.591133,44,0.600991,28,0,2,0,0.600991,0.611908,0.010918,0.010918,0.600991,-0.059669,1,46,1,-1,22,14,44,113.000000,73.833300,67.666700,0.353982,0.541761,0.591133,-0.008271,-0.000498,0.005371,0.000000,4,1,3,fixed,4,1,1,0,3.000000,4.000000
15,centralized_dqn,centralized_dqn,0,4,4,42,2,2,3,0.000000,67.666700,1.477832,44,0.600991,28,0,2,0,0.600991,0.611908,0.010918,0.010918,0.600991,-0.059669,1,46,1,1,22,14,44,113.000000,73.833300,67.666700,0.884956,1.354402,1.477832,-0.005270,-0.000081,0.005371,0.000000,4,1,3,fixed,4,1,1,0,3.000000,4.000000
15,centralized_dqn,centralized_dqn,0,4,4,43,1,1,1,2.788123,73.833300,0.929374,14,0.600991,28,0,1,0,0.600991,0.611908,0.010918,0.010918,0.600991,-0.059669,1,46,1,-1,22,14,44,113.000000,73.833300,67.666700,1.157051,1.002421,1.146852,0.002144,0.005371,0.010889,0.010889,4,1,3,fixed,4,1,1,0,3.000000,4.000000
15,centralized_dqn,centralized_dqn,0,4,4,44,0,0,2,3.715863,113.000000,0.464483,22,0.600991,28,0,0,0,0.600991,0.611908,0.010918,0.010918,0.600991,-0.059669,1,46,1,0,22,14,44,113.000000,73.833300,67.666700,0.453099,0.231418,0.338782,0.005371,-0.001204,0.010275,0.010275,4,1,3,fixed,4,1,1,0,3.000000,4.000000
15,centralized_dqn,centralized_dqn,0,4,4,45,2,2,4,0.000000,67.666700,0.591133,44,0.600991,28,0,2,0,0.600991,0.611908,0.010918,0.010918,0.600991,-0.059669,1,46,1,-1,22,14,44,113.000000,73.833300,67.666700,0.353982,0.541761,0.591133,-0.008271,-0.000498,0.005371,0.000000,4,1,3,fixed,4,1,1,0,3.000000,4.000000
15,centralized_dqn,centralized_dqn,0,4,4,46,0,0,2,3.715831,113.000000,0.464479,22,0.600991,28,0,0,0,0.600991,0.611908,0.010918,0.010918,0.600991,-0.059669,1,46,1,0,22,14,44,113.000000,73.833300,67.666700,0.453100,0.231418,0.338782,0.005371,-0.001204,0.010275,0.010275,4,1,3,fixed,4,1,1,0,3.000000,4.000000
15,centralized_dqn,centralized_dqn,0,4,4,47,2,2,3,0.000000,67.666700,1.477832,44,0.600991,28,0,2,0,0.600991,0.611908,0.010918,0.010918,0.600991,-0.059669,1,46,1,1,22,14,44,113.000000,73.833300,67.666700,0.884956,1.354402,1.477832,-0.005270,-0.000081,0.005371,0.000000,4,1,3,fixed,4,1,1,0,3.000000,4.000000
15,centralized_dqn,centralized_dqn,0,4,4,48,2,2,4,0.000000,67.666700,0.591133,44,0.600991,28,0,2,0,0.600991,0.611908,0.010918,0.010918,0.600991,-0.059669,1,46,1,-1,22,14,44,113.000000,73.833300,67.666700,0.353982,0.541761,0.591133,-0.008271,-0.000498,0.005371,0.000000,4,1,3,fixed,4,1,1,0,3.000000,4.000000
15,centralized_dqn,centralized_dqn,0,4,4,49,0,0,2,3.714725,113.000000,0.464341,22,0.600991,28,0,0,0,0.600991,0.611908,0.010918,0.010918,0.600991,-0.059669,1,46,1,0,22,14,44,113.000000,73.833300,67.666700,0.453106,0.231418,0.338782,0.005371,-0.001204,0.010275,0.010275,4,1,3,fixed,4,1,1,0,3.000000,4.000000
15,centralized_dqn,centralized_dqn,0,4,4,50,2,2,4,0.000000,67.666700,0.591133,44,0.600991,28,0,2,0,0.600991,0.611908,0.010918,0.010918,0.600991,-0.059669,1,46,1,-1,22,14,44,113.000000,73.833300,67.666700,0.353982,0.541761,0.591133,-0.008271,-0.000498,0.005371,0.000000,4,1,3,fixed,4,1,1,0,3.000000,4.000000
15,centralized_dqn,centralized_dqn,0,4,4,51,2,2,4,0.000000,67.666700,0.591133,44,0.600991,28,0,2,0,0.600991,0.611908,0.010918,0.010918,0.600991,-0.059669,1,46,1,-1,22,14,44,113.000000,73.833300,67.666700,0.353982,0.541761,0.591133,-0.008271,-0.000498,0.005371,0.000000,4,1,3,fixed,4,1,1,0,3.000000,4.000000
15,centralized_dqn,centralized_dqn,0,4,4,52,0,0,2,3.715818,113.000000,0.464477,22,0.600991,28,0,0,0,0.600991,0.611908,0.010918,0.010918,0.600991,-0.059669,1,46,1,0,22,14,44,113.000000,73.833300,67.666700,0.453100,0.231418,0.338782,0.005371,-0.001204,0.010275,0.010275,4,1,3,fixed,4,1,1,0,3.000000,4.000000
15,centralized_dqn,centralized_dqn,0,4,4,53,1,1,1,2.982433,73.833300,0.994144,14,0.600991,28,0,1,0,0.600991,0.611908,0.010918,0.010918,0.600991,-0.059669,1,46,1,-1,22,14,44,113.000000,73.833300,67.666700,1.157051,0.996533,1.146852,0.002169,0.005371,0.010915,0.010915,4,1,3,fixed,4,1,1,0,3.000000,4.000000
15,centralized_dqn,centralized_dqn,0,4,4,54,2,2,3,0.000000,67.666700,1.477832,44,0.600991,28,0,2,0,0.600991,0.611908,0.010918,0.010918,0.600991,-0.059669,1,46,1,1,22,14,44,113.000000,73.833300,67.666700,0.884956,1.354402,1.477832,-0.005270,-0.000081,0.005371,0.000000,4,1,3,fixed,4,1,1,0,3.000000,4.000000
15,centralized_dqn,centralized_dqn,0,4,4,55,2,2,4,0.000000,67.666700,0.591133,44,0.600991,28,0,2,0,0.600991,0.611908,0.010918,0.010918,0.600991,-0.059669,1,46,1,-1,22,14,44,113.000000,73.833300,67.666700,0.353982,0.541761,0.591133,-0.008271,-0.000498,0.005371,0.000000,4,1,3,fixed,4,1,1,0,3.000000,4.000000
15,centralized_dqn,centralized_dqn,0,4,4,56,2,2,3,0.000000,67.666700,1.477832,44,0.600991,28,0,2,0,0.600991,0.611908,0.010918,0.010918,0.600991,-0.059669,1,46,1,1,22,14,44,113.000000,73.833300,67.666700,0.884956,1.354402,1.477832,-0.005270,-0.000081,0.005371,0.000000,4,1,3,fixed,4,1,1,0,3.000000,4.000000
15,centralized_dqn,centralized_dqn,0,4,4,57,1,1,1,2.792652,73.833300,0.930884,14,0.600991,28,0,1,0,0.600991,0.611908,0.010918,0.010918,0.600991,-0.059669,1,46,1,-1,22,14,44,113.000000,73.833300,67.666700,1.157051,1.002284,1.146852,0.002144,0.005371,0.010890,0.010890,4,1,3,fixed,4,1,1,0,3.000000,4.000000
15,centralized_dqn,centralized_dqn,0,4,4,58,2,2,1,3.507744,67.666700,1.169248,44,0.600991,28,0,2,0,0.600991,0.611908,0.010918,0.010918,0.600991,-0.059669,1,46,1,1,22,14,44,113.000000,73.833300,67.666700,1.157051,0.929912,1.176585,-0.003403,-0.000906,0.005371,0.000000,4,1,3,fixed,4,1,1,0,3.000000,4.000000
15,centralized_dqn,centralized_dqn,0,4,4,59,2,2,4,0.000000,67.666700,0.591133,44,0.600991,28,0,2,0,0.600991,0.611908,0.010918,0.010918,0.600991,-0.059669,1,46,1,-1,22,14,44,113.000000,73.833300,67.666700,0.353982,0.541761,0.591133,-0.008271,-0.000498,0.005371,0.000000,4,1,3,fixed,4,1,1,0,3.000000,4.000000
15,centralized_dqn,centralized_dqn,0,4,4,60,0,0,2,3.715842,113.000000,0.464480,22,0.600991,28,0,0,0,0.600991,0.611908,0.010918,0.010918,0.600991,-0.059669,1,46,1,0,22,14,44,113.000000,73.833300,67.666700,0.453099,0.231418,0.338782,0.005371,-0.001204,0.010275,0.010275,4,1,3,fixed,4,1,1,0,3.000000,4.000000
15,centralized_dqn,centralized_dqn,0,4,4,61,0,0,2,3.759573,113.000000,0.469947,22,0.600991,28,0,0,0,0.600991,0.611908,0.010918,0.010918,0.600991,-0.059669,1,46,1,0,22,14,44,113.000000,73.833300,67.666700,0.452839,0.231418,0.338782,0.005371,-0.001199,0.010281,0.010281,4,1,3,fixed,4,1,1,0,3.000000,4.000000
15,centralized_dqn,centralized_dqn,0,4,4,62,0,0,2,3.798847,113.000000,0.474856,22,0.600991,28,0,0,0,0.600991,0.611908,0.010918,0.010918,0.600991,-0.059669,1,46,1,0,22,14,44,113.000000,73.833300,67.666700,0.452605,0.231418,0.338782,0.005371,-0.001194,0.010286,0.010286,4,1,3,fixed,4,1,1,0,3.000000,4.000000
15,centralized_dqn,centralized_dqn,0,4,4,63,2,2,4,0.000000,67.666700,0.591133,44,0.600991,28,0,2,0,0.600991,0.611908,0.010918,0.010918,0.600991,-0.059669,1,46,1,-1,22,14,44,113.000000,73.833300,67.666700,0.353982,0.541761,0.591133,-0.008271,-0.000498,0.005371,0.000000,4,1,3,fixed,4,1,1,0,3.000000,4.000000
15,centralized_dqn,centralized_dqn,0,4,4,64,2,2,4,0.000000,67.666700,0.591133,44,0.600991,28,0,2,0,0.600991,0.611908,0.010918,0.010918,0.600991,-0.059669,1,46,1,-1,22,14,44,113.000000,73.833300,67.666700,0.353982,0.541761,0.591133,-0.008271,-0.000498,0.005371,0.000000,4,1,3,fixed,4,1,1,0,3.000000,4.000000
15,centralized_dqn,centralized_dqn,0,4,4,65,2,2,4,0.000000,67.666700,0.591133,44,0.600991,28,0,2,0,0.600991,0.611908,0.010918,0.010918,0.600991,-0.059669,1,46,1,-1,22,14,44,113.000000,73.833300,67.666700,0.353982,0.541761,0.591133,-0.008271,-0.000498,0.005371,0.000000,4,1,3,fixed,4,1,1,0,3.000000,4.000000
15,centralized_dqn,centralized_dqn,0,4,4,66,0,0,2,3.799892,113.000000,0.474986,22,0.600991,28,0,0,0,0.600991,0.611908,0.010918,0.010918,0.600991,-0.059669,1,46,1,0,22,14,44,113.000000,73.833300,67.666700,0.452599,0.231418,0.338782,0.005371,-0.001194,0.010286,0.010286,4,1,3,fixed,4,1,1,0,3.000000,4.000000
15,centralized_dqn,centralized_dqn,0,4,4,67,0,0,2,3.799940,113.000000,0.474992,22,0.600991,28,0,0,0,0.600991,0.611908,0.010918,0.010918,0.600991,-0.059669,1,46,1,0,22,14,44,113.000000,73.833300,67.666700,0.452599,0.231418,0.338782,0.005371,-0.001194,0.010286,0.010286,4,1,3,fixed,4,1,1,0,3.000000,4.000000
15,centralized_dqn,centralized_dqn,0,4,4,68,2,2,4,0.000000,67.666700,0.591133,44,0.600991,28,0,2,0,0.600991,0.611908,0.010918,0.010918,0.600991,-0.059669,1,46,1,-1,22,14,44,113.000000,73.833300,67.666700,0.353982,0.541761,0.591133,-0.008271,-0.000498,0.005371,0.000000,4,1,3,fixed,4,1,1,0,3.000000,4.000000
15,centralized_dqn,centralized_dqn,0,4,4,69,2,2,3,0.000000,67.666700,1.477832,44,0.600991,28,0,2,0,0.600991,0.611908,0.010918,0.010918,0.600991,-0.059669,1,46,1,1,22,14,44,113.000000,73.833300,67.666700,0.884956,1.354402,1.477832,-0.005270,-0.000081,0.005371,0.000000,4,1,3,fixed,4,1,1,0,3.000000,4.000000
15,centralized_dqn,centralized_dqn,0,4,4,70,2,2,4,0.000000,67.666700,0.591133,44,0.600991,28,0,2,0,0.600991,0.611908,0.010918,0.010918,0.600991,-0.059669,1,46,1,-1,22,14,44,113.000000,73.833300,67.666700,0.353982,0.541761,0.591133,-0.008271,-0.000498,0.005371,0.000000,4,1,3,fixed,4,1,1,0,3.000000,4.000000
15,centralized_dqn,centralized_dqn,0,4,4,71,0,0,2,3.799975,113.000000,0.474997,22,0.600991,28,0,0,0,0.600991,0.611908,0.010918,0.010918,0.600991,-0.059669,1,46,1,0,22,14,44,113.000000,73.833300,67.666700,0.452599,0.231418,0.338782,0.005371,-0.001194,0.010286,0.010286,4,1,3,fixed,4,1,1,0,3.000000,4.000000
15,centralized_dqn,centralized_dqn,0,4,4,72,0,0,2,3.859033,113.000000,0.482379,22,0.600991,28,0,0,0,0.600991,0.611908,0.010918,0.010918,0.600991,-0.059669,1,46,1,0,22,14,44,113.000000,73.833300,67.666700,0.452247,0.231418,0.338782,0.005371,-0.001186,0.010294,0.010294,4,1,3,fixed,4,1,1,0,3.000000,4.000000
15,centralized_dqn,centralized_dqn,0,4,4,73,2,2,4,0.000000,67.666700,0.591133,44,0.600991,28,0,2,0,0.600991,0.611908,0.010918,0.010918,0.600991,-0.059669,1,46,1,-1,22,14,44,113.000000,73.833300,67.666700,0.353982,0.541761,0.591133,-0.008271,-0.000498,0.005371,0.000000,4,1,3,fixed,4,1,1,0,3.000000,4.000000
15,centralized_dqn,centralized_dqn,0,4,4,74,2,2,4,0.000000,67.666700,0.591133,44,0.600991,28,0,2,0,0.600991,0.611908,0.010918,0.010918,0.600991,-0.059669,1,46,1,-1,22,14,44,113.000000,73.833300,67.666700,0.353982,0.541761,0.591133,-0.008271,-0.000498,0.005371,0.000000,4,1,3,fixed,4,1,1,0,3.000000,4.000000
15,centralized_dqn,centralized_dqn,0,4,4,75,2,2,3,0.000000,67.666700,1.477832,44,0.600991,28,0,2,0,0.600991,0.611908,0.010918,0.010918,0.600991,-0.059669,1,46,1,1,22,14,44,113.000000,73.833300,67.666700,0.884956,1.354402,1.477832,-0.005270,-0.000081,0.005371,0.000000,4,1,3,fixed,4,1,1,0,3.000000,4.000000
15,centralized_dqn,centralized_dqn,0,4,4,76,0,0,2,3.798907,113.000000,0.474863,22,0.600991,28,0,0,0,0.600991,0.611908,0.010918,0.010918,0.600991,-0.059669,1,46,1,0,22,14,44,113.000000,73.833300,67.666700,0.452605,0.231418,0.338782,0.005371,-0.001194,0.010286,0.010286,4,1,3,fixed,4,1,1,0,3.000000,4.000000
15,centralized_dqn,centralized_dqn,0,4,4,77,2,2,4,0.000000,67.666700,0.591133,44,0.600991,28,0,2,0,0.600991,0.611908,0.010918,0.010918,0.600991,-0.059669,1,46,1,-1,22,14,44,113.000000,73.833300,67.666700,0.353982,0.541761,0.591133,-0.008271,-0.000498,0.005371,0.000000,4,1,3,fixed,4,1,1,0,3.000000,4.000000
15,centralized_dqn,centralized_dqn,0,4,4,78,1,1,1,3.361604,73.833300,1.120535,14,0.600991,28,0,1,0,0.600991,0.611908,0.010918,0.010918,0.600991,-0.059669,1,46,1,-1,22,14,44,113.000000,73.833300,67.666700,1.157051,0.985043,1.146852,0.002218,0.005371,0.010965,0.010965,4,1,3,fixed,4,1,1,0,3.000000,4.000000
15,centralized_dqn,centralized_dqn,0,4,4,79,1,1,1,3.210427,73.833300,1.070142,14,0.600991,28,0,1,0,0.600991,0.611908,0.010918,0.010918,0.600991,-0.059669,1,46,1,-1,22,14,44,113.000000,73.833300,67.666700,1.157051,0.989624,1.146852,0.002198,0.005371,0.010945,0.010945,4,1,3,fixed,4,1,1,0,3.000000,4.000000
15,centralized_dqn,centralized_dqn,0,4,4,80,2,2,2,2.766114,67.666700,0.345764,44,0.600991,28,0,2,0,0.600991,0.611908,0.010918,0.010918,0.600991,-0.059669,1,46,1,0,22,14,44,113.000000,73.833300,67.666700,0.433894,0.231418,0.346721,-0.000948,-0.006515,0.005371,0.000000,4,1,3,fixed,4,1,1,0,3.000000,4.000000
15,centralized_dqn,centralized_dqn,0,4,5,1,1,1,2,2.672091,72.833300,0.334011,13,0.567522,27,0,1,0,0.567522,0.567522,0.000000,0.000000,0.567522,-0.033468,0,65,1,0,22,13,45,113.000000,72.833300,76.333300,0.433885,0.333605,0.243895,0.001107,0.003013,0.001083,0.001107,4,0,4,fixed,4,1,1,0,3.000000,4.000000
15,centralized_dqn,centralized_dqn,0,4,5,2,2,2,4,0.000000,76.333300,0.524018,45,0.567522,27,0,2,0,0.567522,0.567522,0.000000,0.000000,0.567522,-0.033468,0,65,1,-1,22,13,45,113.000000,72.833300,76.333300,0.353982,0.549199,0.524018,-0.007789,-0.000102,0.003013,0.000000,4,0,4,fixed,4,1,1,0,3.000000,4.000000
15,centralized_dqn,centralized_dqn,0,4,5,3,2,2,1,3.510209,76.333300,1.170070,45,0.567522,27,0,2,0,0.567522,0.567522,0.000000,0.000000,0.567522,-0.033468,0,65,1,1,22,13,45,113.000000,72.833300,76.333300,1.157026,0.968063,1.116866,-0.004132,-0.001086,0.003013,0.000000,4,0,4,fixed,4,1,1,0,3.000000,4.000000
15,centralized_dqn,centralized_dqn,0,4,5,4,0,0,2,4.295088,113.000000,0.536886,22,0.567522,27,0,0,0,0.567522,0.567522,0.000000,0.000000,0.567522,-0.033468,0,65,1,-1,22,13,45,113.000000,72.833300,76.333300,0.449641,0.309965,0.243895,0.003013,0.002317,0.002249,0.002317,4,0,4,fixed,4,1,1,0,3.000000,4.000000
15,centralized_dqn,centralized_dqn,0,4,5,5,2,2,3,0.000000,76.333300,1.310044,45,0.567522,27,0,2,0,0.567522,0.567522,0.000000,0.000000,0.567522,-0.033468,0,65,1,1,22,13,45,113.000000,72.833300,76.333300,0.884956,1.372998,1.310044,-0.005627,-0.000313,0.003013,0.000000,4,0,4,fixed,4,1,1,0,3.000000,4.000000
15,centralized_dqn,centralized_dqn,0,4,5,6,2,2,4,0.000000,76.333300,0.524018,45,0.567522,27,0,2,0,0.567522,0.567522,0.000000,0.000000,0.567522,-0.033468,0,65,1,-1,22,13,45,113.000000,72.833300,76.333300,0.353982,0.549199,0.524018,-0.007789,-0.000102,0.003013,0.000000,4,0,4,fixed,4,1,1,0,3.000000,4.000000
15,centralized_dqn,centralized_dqn,0,4,5,7,0,0,2,3.661226,113.000000,0.457653,22,0.567522,27,0,0,0,0.567522,0.567522,0.000000,0.000000,0.567522,-0.033468,0,65,1,0,22,13,45,113.000000,72.833300,76.333300,0.453414,0.309965,0.243895,0.003013,0.002245,0.002178,0.002245,4,0,4,fixed,4,1,1,0,3.000000,4.000000
15,centralized_dqn,centralized_dqn,0,4,5,8,0,0,2,2.170415,113.000000,0.271302,22,0.567522,27,0,0,0,0.567522,0.567522,0.000000,0.000000,0.567522,-0.033468,0,65,1,0,22,13,45,113.000000,72.833300,76.333300,0.462288,0.309965,0.243895,0.003013,0.002081,0.002014,0.002081,4,0,4,fixed,4,1,1,0,3.000000,4.000000
15,centralized_dqn,centralized_dqn,0,4,5,9,1,1,1,3.164646,72.833300,1.054882,13,0.567522,27,0,1,0,0.567522,0.567522,0.000000,0.000000,0.567522,-0.033468,0,65,1,-1,22,13,45,113.000000,72.833300,76.333300,1.157026,1.041295,1.109936,-0.000666,0.003013,0.006463,0.006463,4,0,4,fixed,4,1,1,0,3.000000,4.000000
15,centralized_dqn,centralized_dqn,0,4,5,10,2,2,4,0.000000,76.333300,0.524018,45,0.567522,27,0,2,0,0.567522,0.567522,0.000000,0.000000,0.567522,-0.033468,0,65,1,-1,22,13,45,113.000000,72.833300,76.333300,0.353982,0.549199,0.524018,-0.007789,-0.000102,0.003013,0.000000,4,0,4,fixed,4,1,1,0,3.000000,4.000000
15,centralized_dqn,centralized_dqn,0,4,5,11,1,1,2,2.668841,72.833300,0.333605,13,0.567522,27,0,1,0,0.567522,0.567522,0.000000,0.000000,0.567522,-0.033468,0,65,1,0,22,13,45,113.000000,72.833300,76.333300,0.433885,0.334011,0.243895,0.001094,0.003013,0.001069,0.001094,4,0,4,fixed,4,1,1,0,3.000000,4.000000
15,centralized_dqn,centralized_dqn,0,4,5,12,0,0,2,3.660133,113.000000,0.457517,22,0.567522,27,0,0,0,0.567522,0.567522,0.000000,0.000000,0.567522,-0.033468,0,65,1,0,22,13,45,113.000000,72.833300,76.333300,0.453421,0.309965,0.243895,0.003013,0.002245,0.002177,0.002245,4,0,4,fixed,4,1,1,0,3.000000,4.000000
15,centralized_dqn,centralized_dqn,0,4,5,13,2,2,4,0.000000,76.333300,0.524018,45,0.567522,27,0,2,0,0.567522,0.567522,0.000000,0.000000,0.567522,-0.033468,0,65,1,-1,22,13,45,113.000000,72.833300,76.333300,0.353982,0.549199,0.524018,-0.007789,-0.000102,0.003013,0.000000,4,0,4,fixed,4,1,1,0,3.000000,4.000000
15,centralized_dqn,centralized_dqn,0,4,5,14,2,2,4,0.000000,76.333300,0.524018,45,0.567522,27,0,2,0,0.567522,0.567522,0.000000,0.000000,0.567522,-0.033468,0,65,1,-1,22,13,45,113.000000,72.833300,76.333300,0.353982,0.549199,0.524018,-0.007789,-0.000102,0.003013,0.000000,4,0,4,fixed,4,1,1,0,3.000000,4.000000
15,centralized_dqn,centralized_dqn,0,4,5,15,2,2,2,1.998896,76.333300,0.249862,45,0.567522,27,0,2,0,0.567522,0.567522,0.000000,0.000000,0.567522,-0.033468,0,65,1,0,22,13,45,113.000000,72.833300,76.333300,0.433885,0.309965,0.249132,0.002325,0.002368,0.003013,0.002368,4,0,4,fixed,4,1,1,0,3.000000,4.000000
15,centralized_dqn,centralized_dqn,0,4,5,16,2,2,1,3.312644,76.333300,1.104215,45,0.567522,27,0,2,0,0.567522,0.567522,0.000000,0.000000,0.567522,-0.033468,0,65,1,1,22,13,45,113.000000,72.833300,76.333300,1.157026,0.968063,1.149794,-0.004231,-0.001187,0.003013,0.000000,4,0,4,fixed,4,1,1,0,3.000000,4.000000
15,centralized_dqn,centralized_dqn,0,4,5,17,2,2,3,0.000000,76.333300,1.310044,45,0.567522,27,0,2,0,0.567522,0.567522,0.000000,0.000000,0.567522,-0.033468,0,65,1,1,22,13,45,113.000000,72.833300,76.333300,0.884956,1.372998,1.310044,-0.005627,-0.000313,0.003013,0.000000,4,0,4,fixed,4,1,1,0,3.000000,4.000000
15,centralized_dqn,centralized_dqn,0,4,5,18,2,2,3,0.000000,76.333300,1.310044,45,0.567522,27,0,2,0,0.567522,0.567522,0.000000,0.000000,0.567522,-0.033468,0,65,1,1,22,13,45,113.000000,72.833300,76.333300,0.884956,1.372998,1.310044,-0.005627,-0.000313,0.003013,0.000000,4,0,4,fixed,4,1,1,0,3.000000,4.000000
15,centralized_dqn,centralized_dqn,0,4,5,19,1,1,1,3.156326,72.833300,1.052109,13,0.567522,27,0,1,0,0.567522,0.567522,0.000000,0.000000,0.567522,-0.033468,0,65,1,-1,22,13,45,113.000000,72.833300,76.333300,1.157026,1.041572,1.109936,-0.000666,0.003013,0.006462,0.006462,4,0,4,fixed,4,1,1,0,3.000000,4.000000
15,centralized_dqn,centralized_dqn,0,4,5,20,2,2,3,0.000000,76.333300,1.310044,45,0.567522,27,0,2,0,0.567522,0.567522,0.000000,0.000000,0.567522,-0.033468,0,65,1,1,22,13,45,113.000000,72.833300,76.333300,0.884956,1.372998,1.310044,-0.005627,-0.000313,0.003013,0.000000,4,0,4,fixed,4,1,1,0,3.000000,4.000000
15,centralized_dqn,centralized_dqn,0,4,5,21,2,2,2,1.990130,76.333300,0.248766,45,0.567522,27,1,2,0,0.567522,0.567522,0.000000,0.000000,0.567522,-0.033468,0,65,1,0,22,13,45,113.000000,72.833300,76.333300,0.433885,0.309965,0.249497,0.002301,0.002345,0.003013,0.002345,4,0,4,fixed,4,1,1,0,3.000000,4.000000
15,centralized_dqn,centralized_dqn,0,4,5,22,2,2,2,1.994561,76.333300,0.249320,45,0.567522,27,0,2,0,0.567522,0.567522,0.000000,0.000000,0.567522,-0.033468,0,65,1,0,22,13,45,113.000000,72.833300,76.333300,0.433885,0.309965,0.249313,0.002313,0.002356,0.003013,0.002356,4,0,4,fixed,4,1,1,0,3.000000,4.000000
15,centralized_dqn,centralized_dqn,0,4,5,23,2,2,4,0.000000,76.333300,0.524018,45,0.567522,27,0,2,0,0.567522,0.567522,0.000000,0.000000,0.567522,-0.033468,0,65,1,-1,22,13,45,113.000000,72.833300,76.333300,0.353982,0.549199,0.524018,-0.007789,-0.000102,0.003013,0.000000,4,0,4,fixed,4,1,1,0,3.000000,4.000000
15,centralized_dqn,centralized_dqn,0,4,5,24,0,0,2,3.660144,113.000000,0.457518,22,0.567522,27,0,0,0,0.567522,0.567522,0.000000,0.000000,0.567522,-0.033468,0,65,1,0,22,13,45,113.000000,72.833300,76.333300,0.453421,0.309965,0.243895,0.003013,0.002245,0.002177,0.002245,4,0,4,fixed,4,1,1,0,3.000000,4.000000
15,centralized_dqn,centralized_dqn,0,4,5,25,0,0,2,3.111445,113.000000,0.388931,22,0.567522,27,0,0,0,0.567522,0.567522,0.000000,0.000000,0.567522,-0.033468,0,65,1,0,22,13,45,113.000000,72.833300,76.333300,0.456687,0.309965,0.243895,0.003013,0.002184,0.002116,0.002184,4,0,4,fixed,4,1,1,0,3.000000,4.000000
15,centralized_dqn,centralized_dqn,0,4,5,26,1,1,1,3.114959,72.833300,1.038320,13,0.567522,27,0,1,0,0.567522,0.567522,0.000000,0.000000,0.567522,-0.033468,0,65,1,-1,22,13,45,113.000000,72.833300,76.333300,1.157026,1.042951,1.109936,-0.000671,0.003013,0.006457,0.006457,4,0,4,fixed,4,1,1,0,3.000000,4.000000
15,centralized_dqn,centralized_dqn,0,4,5,27,2,2,4,0.000000,76.333300,0.524018,45,0.567522,27,0,2,0,0.567522,0.567522,0.000000,0.000000,0.567522,-0.033468,0,65,1,-1,22,13,45,113.000000,72.833300,76.333300,0.353982,0.549199,0.524018,-0.007789,-0.000102,0.003013,0.000000,4,0,4,fixed,4,1,1,0,3.000000,4.000000
15,centralized_dqn,centralized_dqn,0,4,5,28,2,2,3,0.000000,76.333300,1.310044,45,0.567522,27,0,2,0,0.567522,0.567522,0.000000,0.000000,0.567522,-0.033468,0,65,1,1,22,13,45,113.000000,72.833300,76.333300,0.884956,1.372998,1.310044,-0.005627,-0.000313,0.003013,0.000000,4,0,4,fixed,4,1,1,0,3.000000,4.000000
15,centralized_dqn,centralized_dqn,0,4,5,29,0,0,2,3.661261,113.000000,0.457658,22,0.567522,27,0,0,0,0.567522,0.567522,0.000000,0.000000,0.567522,-0.033468,0,65,1,0,22,13,45,113.000000,72.833300,76.333300,0.453414,0.309965,0.243895,0.003013,0.002245,0.002178,0.002245,4,0,4,fixed,4,1,1,0,3.000000,4.000000
15,centralized_dqn,centralized_dqn,0,4,5,30,1,1,1,3.051882,72.833300,1.017294,13,0.567522,27,0,1,0,0.567522,0.567522,0.000000,0.000000,0.567522,-0.033468,0,65,1,-1,22,13,45,113.000000,72.833300,76.333300,1.157026,1.045053,1.109936,-0.000678,0.003013,0.006449,0.006449,4,0,4,fixed,4,1,1,0,3.000000,4.000000
15,centralized_dqn,centralized_dqn,0,4,5,31,2,2,4,0.000000,76.333300,0.524018,45,0.567522,27,0,2,0,0.567522,0.567522,0.000000,0.000000,0.567522,-0.033468,0,65,1,-1,22,13,45,113.000000,72.833300,76.333300,0.353982,0.549199,0.524018,-0.007789,-0.000102,0.003013,0.000000,4,0,4,fixed,4,1,1,0,3.000000,4.000000
15,centralized_dqn,centralized_dqn,0,4,5,32,0,0,2,3.661226,113.000000,0.457653,22,0.567522,27,0,0,0,0.567522,0.567522,0.000000,0.000000,0.567522,-0.033468,0,65,1,0,22,13,45,113.000000,72.833300,76.333300,0.453414,0.309965,0.243895,0.003013,0.002245,0.002178,0.002245,4,0,4,fixed,4,1,1,0,3.000000,4.000000
15,centralized_dqn,centralized_dqn,0,4,5,33,2,2,3,0.000000,76.333300,1.310044,45,0.567522,27,0,2,0,0.567522,0.567522,0.000000,0.000000,0.567522,-0.033468,0,65,1,1,22,13,45,113.000000,72.833300,76.333300,0.884956,1.372998,1.310044,-0.005627,-0.000313,0.003013,0.000000,4,0,4,fixed,4,1,1,0,3.000000,4.000000
15,centralized_dqn,centralized_dqn,0,4,5,34,0,0,2,3.661215,113.000000,0.457652,22,0.567522,27,0,0,0,0.567522,0.567522,0.000000,0.000000,0.567522,-0.033468,0,65,1,0,22,13,45,113.000000,72.833300,76.333300,0.453414,0.309965,0.243895,0.003013,0.002245,0.002178,0.002245,4,0,4,fixed,4,1,1,0,3.000000,4.000000
15,centralized_dqn,centralized_dqn,0,4,5,35,2,2,3,0.000000,76.333300,1.310044,45,0.567522,27,0,2,0,0.567522,0.567522,0.000000,0.000000,0.567522,-0.033468,0,65,1,1,22,13,45,113.000000,72.833300,76.333300,0.884956,1.372998,1.310044,-0.005627,-0.000313,0.003013,0.000000,4,0,4,fixed,4,1,1,0,3.000000,4.000000
15,centralized_dqn,centralized_dqn,0,4,5,36,2,2,3,0.000000,76.333300,1.310044,45,0.567522,27,0,2,0,0.567522,0.567522,0.000000,0.000000,0.567522,-0.033468,0,65,1,1,22,13,45,113.000000,72.833300,76.333300,0.884956,1.372998,1.310044,-0.005627,-0.000313,0.003013,0.000000,4,0,4,fixed,4,1,1,0,3.000000,4.000000
15,centralized_dqn,centralized_dqn,0,4,5,37,2,2,4,0.000000,76.333300,0.524018,45,0.567522,27,0,2,0,0.567522,0.567522,0.000000,0.000000,0.567522,-0.033468,0,65,1,-1,22,13,45,113.000000,72.833300,76.333300,0.353982,0.549199,0.524018,-0.007789,-0.000102,0.003013,0.000000,4,0,4,fixed,4,1,1,0,3.000000,4.000000
15,centralized_dqn,centralized_dqn,0,4,5,38,1,1,1,3.068077,72.833300,1.022692,13,0.567522,27,0,1,0,0.567522,0.567522,0.000000,0.000000,0.567522,-0.033468,0,65,1,-1,22,13,45,113.000000,72.833300,76.333300,1.157026,1.044514,1.109936,-0.000677,0.003013,0.006451,0.006451,4,0,4,fixed,4,1,1,0,3.000000,4.000000
15,centralized_dqn,centralized_dqn,0,4,5,39,0,0,2,3.661167,113.000000,0.457646,22,0.567522,27,0,0,0,0.567522,0.567522,0.000000,0.000000,0.567522,-0.033468,0,65,1,0,22,13,45,113.000000,72.833300,76.333300,0.453415,0.309965,0.243895,0.003013,0.002245,0.002178,0.002245,4,0,4,fixed,4,1,1,0,3.000000,4.000000
15,centralized_dqn,centralized_dqn,0,4,5,40,1,1,1,3.136445,72.833300,1.045482,13,0.567522,27,0,1,0,0.567522,0.567522,0.000000,0.000000,0.567522,-0.033468,0,65,1,-1,22,13,45,113.000000,72.833300,76.333300,1.157026,1.042235,1.109936,-0.000669,0.003013,0.006459,0.006459,4,0,4,fixed,4,1,1,0,3.000000,4.000000
15,centralized_dqn,centralized_dqn,0,4,5,41,2,2,4,0.000000,76.333300,0.524018,45,0.567522,27,0,2,0,0.567522,0.567522,0.000000,0.000000,0.567522,-0.033468,0,65,1,-1,22,13,45,113.000000,72.833300,76.333300,0.353982,0.549199,0.524018,-0.007789,-0.000102,0.003013,0.000000,4,0,4,fixed,4,1,1,0,3.000000,4.000000
15,centralized_dqn,centralized_dqn,0,4,5,42,2,2,3,0.000000,76.333300,1.310044,45,0.567522,27,0,2,0,0.567522,0.567522,0.000000,0.000000,0.567522,-0.033468,0,65,1,1,22,13,45,113.000000,72.833300,76.333300,0.884956,1.372998,1.310044,-0.005627,-0.000313,0.003013,0.000000,4,0,4,fixed,4,1,1,0,3.000000,4.000000
15,centralized_dqn,centralized_dqn,0,4,5,43,1,1,1,3.173153,72.833300,1.057718,13,0.567522,27,0,1,0,0.567522,0.567522,0.000000,0.000000,0.567522,-0.033468,0,65,1,-1,22,13,45,113.000000,72.833300,76.333300,1.157026,1.041011,1.109936,-0.000665,0.003013,0.006464,0.006464,4,0,4,fixed,4,1,1,0,3.000000,4.000000
15,centralized_dqn,centralized_dqn,0,4,5,44,0,0,2,3.661184,113.000000,0.457648,22,0.567522,27,0,0,0,0.567522,0.567522,0.000000,0.000000,0.567522,-0.033468,0,65,1,0,22,13,45,113.000000,72.833300,76.333300,0.453414,0.309965,0.243895,0.003013,0.002245,0.002178,0.002245,4,0,4,fixed,4,1,1,0,3.000000,4.000000
15,centralized_dqn,centralized_dqn,0,4,5,45,2,2,4,0.000000,76.333300,0.524018,45,0.567522,27,0,2,0,0.567522,0.567522,0.000000,0.000000,0.567522,-0.033468,0,65,1,-1,22,13,45,113.000000,72.833300,76.333300,0.353982,0.549199,0.524018,-0.007789,-0.000102,0.003013,0.000000,4,0,4,fixed,4,1,1,0,3.000000,4.000000
15,centralized_dqn,centralized_dqn,0,4,5,46,0,0,2,3.660103,113.000000,0.457513,22,0.567522,27,0,0,0,0.567522,0.567522,0.000000,0.000000,0.567522,-0.033468,0,65,1,0,22,13,45,113.000000,72.833300,76.333300,0.453421,0.309965,0.243895,0.003013,0.002245,0.002177,0.002245,4,0,4,fixed,4,1,1,0,3.000000,4.000000
15,centralized_dqn,centralized_dqn,0,4,5,47,2,2,3,0.000000,76.333300,1.310044,45,0.567522,27,0,2,0,0.567522,0.567522,0.000000,0.000000,0.567522,-0.033468,0,65,1,1,22,13,45,113.000000,72.833300,76.333300,0.884956,1.372998,1.310044,-0.005627,-0.000313,0.003013,0.000000,4,0,4,fixed,4,1,1,0,3.000000,4.000000
15,centralized_dqn,centralized_dqn,0,4,5,48,2,2,4,0.000000,76.333300,0.524018,45,0.567522,27,0,2,0,0.567522,0.567522,0.000000,0.000000,0.567522,-0.033468,0,65,1,-1,22,13,45,113.000000,72.833300,76.333300,0.353982,0.549199,0.524018,-0.007789,-0.000102,0.003013,0.000000,4,0,4,fixed,4,1,1,0,3.000000,4.000000
15,centralized_dqn,centralized_dqn,0,4,5,49,0,0,2,3.660073,113.000000,0.457509,22,0.567522,27,0,0,0,0.567522,0.567522,0.000000,0.000000,0.567522,-0.033468,0,65,1,0,22,13,45,113.000000,72.833300,76.333300,0.453421,0.309965,0.243895,0.003013,0.002245,0.002177,0.002245,4,0,4,fixed,4,1,1,0,3.000000,4.000000
15,centralized_dqn,centralized_dqn,0,4,5,50,2,2,4,0.000000,76.333300,0.524018,45,0.567522,27,0,2,0,0.567522,0.567522,0.000000,0.000000,0.567522,-0.033468,0,65,1,-1,22,13,45,113.000000,72.833300,76.333300,0.353982,0.549199,0.524018,-0.007789,-0.000102,0.003013,0.000000,4,0,4,fixed,4,1,1,0,3.000000,4.000000
15,centralized_dqn,centralized_dqn,0,4,5,51,2,2,4,0.000000,76.333300,0.524018,45,0.567522,27,0,2,0,0.567522,0.567522,0.000000,0.000000,0.567522,-0.033468,0,65,1,-1,22,13,45,113.000000,72.833300,76.333300,0.353982,0.549199,0.524018,-0.007789,-0.000102,0.003013,0.000000,4,0,4,fixed,4,1,1,0,3.000000,4.000000
15,centralized_dqn,centralized_dqn,0,4,5,52,0,0,2,3.660056,113.000000,0.457507,22,0.567522,27,0,0,0,0.567522,0.567522,0.000000,0.000000,0.567522,-0.033468,0,65,1,0,22,13,45,113.000000,72.833300,76.333300,0.453421,0.309965,0.243895,0.003013,0.002245,0.002177,0.002245,4,0,4,fixed,4,1,1,0,3.000000,4.000000
15,centralized_dqn,centralized_dqn,0,4,5,53,1,1,1,3.049475,72.833300,1.016492,13,0.567522,27,0,1,0,0.567522,0.567522,0.000000,0.000000,0.567522,-0.033468,0,65,1,-1,22,13,45,113.000000,72.833300,76.333300,1.157026,1.045134,1.109936,-0.000679,0.003013,0.006449,0.006449,4,0,4,fixed,4,1,1,0,3.000000,4.000000
15,centralized_dqn,centralized_dqn,0,4,5,54,2,2,3,0.000000,76.333300,1.310044,45,0.567522,27,0,2,0,0.567522,0.567522,0.000000,0.000000,0.567522,-0.033468,0,65,1,1,22,13,45,113.000000,72.833300,76.333300,0.884956,1.372998,1.310044,-0.005627,-0.000313,0.003013,0.000000,4,0,4,fixed,4,1,1,0,3.000000,4.000000
15,centralized_dqn,centralized_dqn,0,4,5,55,2,2,4,0.000000,76.333300,0.524018,45,0.567522,27,0,2,0,0.567522,0.567522,0.000000,0.000000,0.567522,-0.033468,0,65,1,-1,22,13,45,113.000000,72.833300,76.333300,0.353982,0.549199,0.524018,-0.007789,-0.000102,0.003013,0.000000,4,0,4,fixed,4,1,1,0,3.000000,4.000000
15,centralized_dqn,centralized_dqn,0,4,5,56,2,2,3,0.000000,76.333300,1.310044,45,0.567522,27,0,2,0,0.567522,0.567522,0.000000,0.000000,0.567522,-0.033468,0,65,1,1,22,13,45,113.000000,72.833300,76.333300,0.884956,1.372998,1.310044,-0.005627,-0.000313,0.003013,0.000000,4,0,4,fixed,4,1,1,0,3.000000,4.000000
15,centralized_dqn,centralized_dqn,0,4,5,57,1,1,1,3.402747,72.833300,1.134249,13,0.567522,27,0,1,0,0.567522,0.567522,0.000000,0.000000,0.567522,-0.033468,0,65,1,-1,22,13,45,113.000000,72.833300,76.333300,1.157026,1.033358,1.109936,-0.000638,0.003013,0.006491,0.006491,4,0,4,fixed,4,1,1,0,3.000000,4.000000
15,centralized_dqn,centralized_dqn,0,4,5,58,2,2,1,3.388555,76.333300,1.129518,45,0.567522,27,0,2,0,0.567522,0.567522,0.000000,0.000000,0.567522,-0.033468,0,65,1,1,22,13,45,113.000000,72.833300,76.333300,1.157026,0.968063,1.137142,-0.004193,-0.001149,0.003013,0.000000,4,0,4,fixed,4,1,1,0,3.000000,4.000000
15,centralized_dqn,centralized_dqn,0,4,5,59,2,2,4,0.000000,76.333300,0.524018,45,0.567522,27,0,2,0,0.567522,0.567522,0.000000,0.000000,0.567522,-0.033468,0,65,1,-1,22,13,45,113.000000,72.833300,76.333300,0.353982,0.549199,0.524018,-0.007789,-0.000102,0.003013,0.000000,4,0,4,fixed,4,1,1,0,3.000000,4.000000
15,centralized_dqn,centralized_dqn,0,4,5,60,0,0,2,3.660079,113.000000,0.457510,22,0.567522,27,0,0,0,0.567522,0.567522,0.000000,0.000000,0.567522,-0.033468,0,65,1,0,22,13,45,113.000000,72.833300,76.333300,0.453421,0.309965,0.243895,0.003013,0.002245,0.002177,0.002245,4,0,4,fixed,4,1,1,0,3.000000,4.000000
15,centralized_dqn,centralized_dqn,0,4,5,61,0,0,2,3.700543,113.000000,0.462568,22,0.567522,27,0,0,0,0.567522,0.567522,0.000000,0.000000,0.567522,-0.033468,0,65,1,0,22,13,45,113.000000,72.833300,76.333300,0.453180,0.309965,0.243895,0.003013,0.002250,0.002182,0.002250,4,0,4,fixed,4,1,1,0,3.000000,4.000000
15,centralized_dqn,centralized_dqn,0,4,5,62,0,0,2,3.784638,113.000000,0.473080,22,0.567522,27,0,0,0,0.567522,0.567522,0.000000,0.000000,0.567522,-0.033468,0,65,1,0,22,13,45,113.000000,72.833300,76.333300,0.452680,0.309965,0.243895,0.003013,0.002259,0.002191,0.002259,4,0,4,fixed,4,1,1,0,3.000000,4.000000
15,centralized_dqn,centralized_dqn,0,4,5,63,2,2,4,0.000000,76.333300,0.524018,45,0.567522,27,0,2,0,0.567522,0.567522,0.000000,0.000000,0.567522,-0.033468,0,65,1,-1,22,13,45,113.000000,72.833300,76.333300,0.353982,0.549199,0.524018,-0.007789,-0.000102,0.003013,0.000000,4,0,4,fixed,4,1,1,0,3.000000,4.000000
15,centralized_dqn,centralized_dqn,0,4,5,64,2,2,4,0.000000,76.333300,0.524018,45,0.567522,27,0,2,0,0.567522,0.567522,0.000000,0.000000,0.567522,-0.033468,0,65,1,-1,22,13,45,113.000000,72.833300,76.333300,0.353982,0.549199,0.524018,-0.007789,-0.000102,0.003013,0.000000,4,0,4,fixed,4,1,1,0,3.000000,4.000000
15,centralized_dqn,centralized_dqn,0,4,5,65,2,2,4,0.000000,76.333300,0.524018,45,0.567522,27,0,2,0,0.567522,0.567522,0.000000,0.000000,0.567522,-0.033468,0,65,1,-1,22,13,45,113.000000,72.833300,76.333300,0.353982,0.549199,0.524018,-0.007789,-0.000102,0.003013,0.000000,4,0,4,fixed,4,1,1,0,3.000000,4.000000
15,centralized_dqn,centralized_dqn,0,4,5,66,0,0,2,3.784662,113.000000,0.473083,22,0.567522,27,0,0,0,0.567522,0.567522,0.000000,0.000000,0.567522,-0.033468,0,65,1,0,22,13,45,113.000000,72.833300,76.333300,0.452680,0.309965,0.243895,0.003013,0.002259,0.002191,0.002259,4,0,4,fixed,4,1,1,0,3.000000,4.000000
15,centralized_dqn,centralized_dqn,0,4,5,67,0,0,2,3.784709,113.000000,0.473089,22,0.567522,27,0,0,0,0.567522,0.567522,0.000000,0.000000,0.567522,-0.033468,0,65,1,0,22,13,45,113.000000,72.833300,76.333300,0.452679,0.309965,0.243895,0.003013,0.002259,0.002191,0.002259,4,0,4,fixed,4,1,1,0,3.000000,4.000000
15,centralized_dqn,centralized_dqn,0,4,5,68,2,2,4,0.000000,76.333300,0.524018,45,0.567522,27,0,2,0,0.567522,0.567522,0.000000,0.000000,0.567522,-0.033468,0,65,1,-1,22,13,45,113.000000,72.833300,76.333300,0.353982,0.549199,0.524018,-0.007789,-0.000102,0.003013,0.000000,4,0,4,fixed,4,1,1,0,3.000000,4.000000
15,centralized_dqn,centralized_dqn,0,4,5,69,2,2,3,0.000000,76.333300,1.310044,45,0.567522,27,0,2,0,0.567522,0.567522,0.000000,0.000000,0.567522,-0.033468,0,65,1,1,22,13,45,113.000000,72.833300,76.333300,0.884956,1.372998,1.310044,-0.005627,-0.000313,0.003013,0.000000,4,0,4,fixed,4,1,1,0,3.000000,4.000000
15,centralized_dqn,centralized_dqn,0,4,5,70,2,2,4,0.000000,76.333300,0.524018,45,0.567522,27,0,2,0,0.567522,0.567522,0.000000,0.000000,0.567522,-0.033468,0,65,1,-1,22,13,45,113.000000,72.833300,76.333300,0.353982,0.549199,0.524018,-0.007789,-0.000102,0.003013,0.000000,4,0,4,fixed,4,1,1,0,3.000000,4.000000
15,centralized_dqn,centralized_dqn,0,4,5,71,0,0,2,3.786879,113.000000,0.473360,22,0.567522,27,0,0,0,0.567522,0.567522,0.000000,0.000000,0.567522,-0.033468,0,65,1,0,22,13,45,113.000000,72.833300,76.333300,0.452666,0.309965,0.243895,0.003013,0.002260,0.002192,0.002260,4,0,4,fixed,4,1,1,0,3.000000,4.000000
15,centralized_dqn,centralized_dqn,0,4,5,72,0,0,2,3.744299,113.000000,0.468037,22,0.567522,27,0,0,0,0.567522,0.567522,0.000000,0.000000,0.567522,-0.033468,0,65,1,0,22,13,45,113.000000,72.833300,76.333300,0.452920,0.309965,0.243895,0.003013,0.002255,0.002187,0.002255,4,0,4,fixed,4,1,1,0,3.000000,4.000000
15,centralized_dqn,centralized_dqn,0,4,5,73,2,2,4,0.000000,76.333300,0.524018,45,0.567522,27,0,2,0,0.567522,0.567522,0.000000,0.000000,0.567522,-0.033468,0,65,1,-1,22,13,45,113.000000,72.833300,76.333300,0.353982,0.549199,0.524018,-0.007789,-0.000102,0.003013,0.000000,4,0,4,fixed,4,1,1,0,3.000000,4.000000
15,centralized_dqn,centralized_dqn,0,4,5,74,2,2,4,0.000000,76.333300,0.524018,45,0.567522,27,0,2,0,0.567522,0.567522,0.000000,0.000000,0.567522,-0.033468,0,65,1,-1,22,13,45,113.000000,72.833300,76.333300,0.353982,0.549199,0.524018,-0.007789,-0.000102,0.003013,0.000000,4,0,4,fixed,4,1,1,0,3.000000,4.000000
15,centralized_dqn,centralized_dqn,0,4,5,75,2,2,3,0.000000,76.333300,1.310044,45,0.567522,27,0,2,0,0.567522,0.567522,0.000000,0.000000,0.567522,-0.033468,0,65,1,1,22,13,45,113.000000,72.833300,76.333300,0.884956,1.372998,1.310044,-0.005627,-0.000313,0.003013,0.000000,4,0,4,fixed,4,1,1,0,3.000000,4.000000
15,centralized_dqn,centralized_dqn,0,4,5,76,0,0,2,3.744275,113.000000,0.468034,22,0.567522,27,0,0,0,0.567522,0.567522,0.000000,0.000000,0.567522,-0.033468,0,65,1,0,22,13,45,113.000000,72.833300,76.333300,0.452920,0.309965,0.243895,0.003013,0.002255,0.002187,0.002255,4,0,4,fixed,4,1,1,0,3.000000,4.000000
15,centralized_dqn,centralized_dqn,0,4,5,77,2,2,4,0.000000,76.333300,0.524018,45,0.567522,27,0,2,0,0.567522,0.567522,0.000000,0.000000,0.567522,-0.033468,0,65,1,-1,22,13,45,113.000000,72.833300,76.333300,0.353982,0.549199,0.524018,-0.007789,-0.000102,0.003013,0.000000,4,0,4,fixed,4,1,1,0,3.000000,4.000000
15,centralized_dqn,centralized_dqn,0,4,5,78,1,1,1,3.108389,72.833300,1.036130,13,0.567522,27,0,1,0,0.567522,0.567522,0.000000,0.000000,0.567522,-0.033468,0,65,1,-1,22,13,45,113.000000,72.833300,76.333300,1.157026,1.043170,1.109936,-0.000672,0.003013,0.006456,0.006456,4,0,4,fixed,4,1,1,0,3.000000,4.000000
15,centralized_dqn,centralized_dqn,0,4,5,79,1,1,1,2.977384,72.833300,0.992461,13,0.567522,27,0,1,0,0.567522,0.567522,0.000000,0.000000,0.567522,-0.033468,0,65,1,-1,22,13,45,113.000000,72.833300,76.333300,1.157026,1.047537,1.109936,-0.000687,0.003013,0.006441,0.006441,4,0,4,fixed,4,1,1,0,3.000000,4.000000
15,centralized_dqn,centralized_dqn,0,4,5,80,2,2,2,1.994479,76.333300,0.249310,45,0.567522,27,0,2,0,0.567522,0.567522,0.000000,0.000000,0.567522,-0.033468,0,65,1,0,22,13,45,113.000000,72.833300,76.333300,0.433885,0.309965,0.249316,0.002313,0.002356,0.003013,0.002356,4,0,4,fixed,4,1,1,0,3.000000,4.000000
