seed,method,effective_method,bootstrap_cycle_flag,max_switches,cycle_id,ue_id,previous_bs_id,current_bs_id,app_type,tp_mbps,rtt_ms,satisfaction,num_users_on_current_bs,harmonic_mean,num_unsatisfied_users,target_ue_flag,action_selected_bs_id,switch_flag,h_before,h_after_estimated,reward,estimated_reward,h_after_measured,measured_reward,switch_count,num_degraded_users,measurement_valid,candidate_type,num_users_ap0,num_users_ap1,num_users_ap2,monitor_rtt_ap0,monitor_rtt_ap1,monitor_rtt_ap2,estimated_satisfaction_if_ap0,estimated_satisfaction_if_ap1,estimated_satisfaction_if_ap2,estimated_h_delta_if_ap0,estimated_h_delta_if_ap1,estimated_h_delta_if_ap2,best_estimated_h_delta,effective_max_switches,applied_switches_in_cycle,remaining_switch_budget,k_schedule_type,k_max,k_min,k_decay_rate,stop_action_flag,warmup_before_cycle_sec,cycle_start_offset_sec
2,centralized_dqn,logistic_bootstrap,1,4,1,1,1,1,3,0.000000,83.666700,1.195219,21,0.314149,25,0,2,1,0.314149,0.843452,0.529302,0.529302,0.314149,0.000000,56,0,1,-1,28,21,31,96.000000,83.666700,62.500000,1.041667,1.195219,1.600000,-0.000481,0.000153,-0.005895,0.000000,4,56,0,fixed,4,1,1,0,3.000000,4.000000
2,centralized_dqn,logistic_bootstrap,1,4,1,2,0,0,1,3.509623,96.000000,1.169874,28,0.314149,25,0,1,1,0.314149,0.843452,0.529302,0.529302,0.314149,0.000000,56,0,1,1,28,21,31,96.000000,83.666700,62.500000,1.170024,1.116247,0.502509,0.000153,0.000548,-0.007062,0.000548,4,56,0,fixed,4,1,1,0,3.000000,4.000000
2,centralized_dqn,logistic_bootstrap,1,4,1,3,2,2,4,0.000000,62.500000,0.640000,31,0.314149,25,0,2,0,0.314149,0.843452,0.529302,0.529302,0.314149,0.000000,56,0,1,-1,28,21,31,96.000000,83.666700,62.500000,0.416667,0.478087,0.640000,0.005142,0.006036,0.000153,0.006036,4,56,0,fixed,4,1,1,0,3.000000,4.000000
2,centralized_dqn,logistic_bootstrap,1,4,1,4,2,2,1,1.602863,62.500000,0.534288,31,0.314149,25,0,1,1,0.314149,0.843452,0.529302,0.529302,0.314149,0.000000,56,0,1,-1,28,21,31,96.000000,83.666700,62.500000,1.129655,1.116247,0.516124,0.007487,0.007980,0.000153,0.007980,4,56,0,fixed,4,1,1,0,3.000000,4.000000
2,centralized_dqn,logistic_bootstrap,1,4,1,5,2,2,4,0.000000,62.500000,0.640000,31,0.314149,25,0,2,0,0.314149,0.843452,0.529302,0.529302,0.314149,0.000000,56,0,1,-1,28,21,31,96.000000,83.666700,62.500000,0.416667,0.478087,0.640000,0.005142,0.006036,0.000153,0.006036,4,56,0,fixed,4,1,1,0,3.000000,4.000000
2,centralized_dqn,logistic_bootstrap,1,4,1,6,1,1,4,0.000000,83.666700,0.478087,21,0.314149,25,0,2,1,0.314149,0.843452,0.529302,0.529302,0.314149,0.000000,56,0,1,0,28,21,31,96.000000,83.666700,62.500000,0.416667,0.478087,0.640000,-0.000708,0.000153,-0.005517,0.000000,4,56,0,fixed,4,1,1,0,3.000000,4.000000
2,centralized_dqn,logistic_bootstrap,1,4,1,7,0,0,2,5.605443,96.000000,0.700680,28,0.314149,25,0,0,0,0.314149,0.843452,0.529302,0.529302,0.314149,0.000000,56,0,1,-1,28,21,31,96.000000,83.666700,62.500000,0.658094,0.747875,0.078800,0.000153,0.000796,-0.018478,0.000796,4,56,0,fixed,4,1,1,0,3.000000,4.000000
2,centralized_dqn,logistic_bootstrap,1,4,1,8,0,0,2,4.969288,96.000000,0.621161,28,0.314149,25,0,0,0,0.314149,0.843452,0.529302,0.529302,0.314149,0.000000,56,0,1,-1,28,21,31,96.000000,83.666700,62.500000,0.666046,0.747875,0.078800,0.000153,0.000774,-0.018497,0.000774,4,56,0,fixed,4,1,1,0,3.000000,4.000000
2,centralized_dqn,logistic_bootstrap,1,4,1,9,2,2,2,0.652444,62.500000,0.081555,31,0.314149,25,0,0,1,0.314149,0.843452,0.529302,0.529302,0.314149,0.000000,56,0,1,0,28,21,31,96.000000,83.666700,62.500000,0.639139,0.747875,0.081324,0.020044,0.020910,0.000153,0.020910,4,56,0,fixed,4,1,1,0,3.000000,4.000000
2,centralized_dqn,logistic_bootstrap,1,4,1,10,0,0,2,5.298337,96.000000,0.662292,28,0.314149,25,0,0,0,0.314149,0.843452,0.529302,0.529302,0.314149,0.000000,56,0,1,-1,28,21,31,96.000000,83.666700,62.500000,0.661933,0.747875,0.078800,0.000153,0.000785,-0.018488,0.000785,4,56,0,fixed,4,1,1,0,3.000000,4.000000
2,centralized_dqn,logistic_bootstrap,1,4,1,11,1,1,3,0.000000,83.666700,1.195219,21,0.314149,25,0,2,1,0.314149,0.843452,0.529302,0.529302,0.314149,0.000000,56,0,1,-1,28,21,31,96.000000,83.666700,62.500000,1.041667,1.195219,1.600000,-0.000481,0.000153,-0.005895,0.000000,4,56,0,fixed,4,1,1,0,3.000000,4.000000
2,centralized_dqn,logistic_bootstrap,1,4,1,12,0,0,2,5.297232,96.000000,0.662154,28,0.314149,25,0,0,0,0.314149,0.843452,0.529302,0.529302,0.314149,0.000000,56,0,1,-1,28,21,31,96.000000,83.666700,62.500000,0.661946,0.747875,0.078800,0.000153,0.000785,-0.018488,0.000785,4,56,0,fixed,4,1,1,0,3.000000,4.000000
2,centralized_dqn,logistic_bootstrap,1,4,1,13,1,1,3,0.000000,83.666700,1.195219,21,0.314149,25,0,2,1,0.314149,0.843452,0.529302,0.529302,0.314149,0.000000,56,0,1,-1,28,21,31,96.000000,83.666700,62.500000,1.041667,1.195219,1.600000,-0.000481,0.000153,-0.005895,0.000000,4,56,0,fixed,4,1,1,0,3.000000,4.000000
2,centralized_dqn,logistic_bootstrap,1,4,1,14,2,2,4,0.000000,62.500000,0.640000,31,0.314149,25,0,2,0,0.314149,0.843452,0.529302,0.529302,0.314149,0.000000,56,0,1,-1,28,21,31,96.000000,83.666700,62.500000,0.416667,0.478087,0.640000,0.005142,0.006036,0.000153,0.006036,4,56,0,fixed,4,1,1,0,3.000000,4.000000
2,centralized_dqn,logistic_bootstrap,1,4,1,15,0,0,2,5.295035,96.000000,0.661879,28,0.314149,25,0,0,0,0.314149,0.843452,0.529302,0.529302,0.314149,0.000000,56,0,1,-1,28,21,31,96.000000,83.666700,62.500000,0.661974,0.747875,0.078800,0.000153,0.000785,-0.018488,0.000785,4,56,0,fixed,4,1,1,0,3.000000,4.000000
2,centralized_dqn,logistic_bootstrap,1,4,1,16,2,2,2,0.652426,62.500000,0.081553,31,0.314149,25,0,0,1,0.314149,0.843452,0.529302,0.529302,0.314149,0.000000,56,0,1,0,28,21,31,96.000000,83.666700,62.500000,0.639139,0.747875,0.081325,0.020044,0.020910,0.000153,0.020910,4,56,0,fixed,4,1,1,0,3.000000,4.000000
2,centralized_dqn,logistic_bootstrap,1,4,1,17,2,2,2,0.652414,62.500000,0.081552,31,0.314149,25,0,0,1,0.314149,0.843452,0.529302,0.529302,0.314149,0.000000,56,0,1,0,28,21,31,96.000000,83.666700,62.500000,0.639139,0.747875,0.081325,0.020044,0.020910,0.000153,0.020910,4,56,0,fixed,4,1,1,0,3.000000,4.000000
2,centralized_dqn,logistic_bootstrap,1,4,1,18,2,2,4,0.000000,62.500000,0.640000,31,0.314149,25,0,2,0,0.314149,0.843452,0.529302,0.529302,0.314149,0.000000,56,0,1,-1,28,21,31,96.000000,83.666700,62.500000,0.416667,0.478087,0.640000,0.005142,0.006036,0.000153,0.006036,4,56,0,fixed,4,1,1,0,3.000000,4.000000
2,centralized_dqn,logistic_bootstrap,1,4,1,19,0,0,3,0.000000,96.000000,1.041667,28,0.314149,25,0,2,1,0.314149,0.843452,0.529302,0.529302,0.314149,0.000000,56,0,1,1,28,21,31,96.000000,83.666700,62.500000,1.041667,1.195219,1.600000,0.000153,0.000790,-0.005282,0.000790,4,56,0,fixed,4,1,1,0,3.000000,4.000000
2,centralized_dqn,logistic_bootstrap,1,4,1,20,0,0,1,3.510234,96.000000,1.170078,28,0.314149,25,0,1,1,0.314149,0.843452,0.529302,0.529302,0.314149,0.000000,56,0,1,1,28,21,31,96.000000,83.666700,62.500000,1.169984,1.116247,0.502509,0.000153,0.000548,-0.007062,0.000548,4,56,0,fixed,4,1,1,0,3.000000,4.000000
2,centralized_dqn,logistic_bootstrap,1,4,1,21,1,1,4,0.000000,83.666700,0.478087,21,0.314149,25,0,2,1,0.314149,0.843452,0.529302,0.529302,0.314149,0.000000,56,0,1,0,28,21,31,96.000000,83.666700,62.500000,0.416667,0.478087,0.640000,-0.000708,0.000153,-0.005517,0.000000,4,56,0,fixed,4,1,1,0,3.000000,4.000000
2,centralized_dqn,logistic_bootstrap,1,4,1,22,2,2,2,0.652401,62.500000,0.081550,31,0.314149,25,0,0,1,0.314149,0.843452,0.529302,0.529302,0.314149,0.000000,56,0,1,0,28,21,31,96.000000,83.666700,62.500000,0.639139,0.747875,0.081325,0.020044,0.020910,0.000153,0.020910,4,56,0,fixed,4,1,1,0,3.000000,4.000000
2,centralized_dqn,logistic_bootstrap,1,4,1,23,2,2,2,0.643692,62.500000,0.080462,31,0.314149,25,0,0,1,0.314149,0.843452,0.529302,0.529302,0.314149,0.000000,56,0,1,0,28,21,31,96.000000,83.666700,62.500000,0.639139,0.747875,0.081416,0.020025,0.020891,0.000153,0.020891,4,56,0,fixed,4,1,1,0,3.000000,4.000000
2,centralized_dqn,logistic_bootstrap,1,4,1,24,2,2,4,0.000000,62.500000,0.640000,31,0.314149,25,0,2,0,0.314149,0.843452,0.529302,0.529302,0.314149,0.000000,56,0,1,-1,28,21,31,96.000000,83.666700,62.500000,0.416667,0.478087,0.640000,0.005142,0.006036,0.000153,0.006036,4,56,0,fixed,4,1,1,0,3.000000,4.000000
2,centralized_dqn,logistic_bootstrap,1,4,1,25,2,2,1,1.248424,62.500000,0.416141,31,0.314149,25,0,1,1,0.314149,0.843452,0.529302,0.529302,0.314149,0.000000,56,0,1,0,28,21,31,96.000000,83.666700,62.500000,1.129655,1.116247,0.535815,0.007398,0.007891,0.000153,0.007891,4,56,0,fixed,4,1,1,0,3.000000,4.000000
2,centralized_dqn,logistic_bootstrap,1,4,1,26,2,2,2,0.652395,62.500000,0.081549,31,0.314149,25,0,0,1,0.314149,0.843452,0.529302,0.529302,0.314149,0.000000,56,0,1,0,28,21,31,96.000000,83.666700,62.500000,0.639139,0.747875,0.081325,0.020044,0.020910,0.000153,0.020910,4,56,0,fixed,4,1,1,0,3.000000,4.000000
2,centralized_dqn,logistic_bootstrap,1,4,1,27,2,2,1,1.550936,62.500000,0.516979,31,0.314149,25,0,1,1,0.314149,0.843452,0.529302,0.529302,0.314149,0.000000,56,0,1,-1,28,21,31,96.000000,83.666700,62.500000,1.129655,1.116247,0.519009,0.007474,0.007967,0.000153,0.007967,4,56,0,fixed,4,1,1,0,3.000000,4.000000
2,centralized_dqn,logistic_bootstrap,1,4,1,28,1,1,4,0.000000,83.666700,0.478087,21,0.314149,25,0,2,1,0.314149,0.843452,0.529302,0.529302,0.314149,0.000000,56,0,1,0,28,21,31,96.000000,83.666700,62.500000,0.416667,0.478087,0.640000,-0.000708,0.000153,-0.005517,0.000000,4,56,0,fixed,4,1,1,0,3.000000,4.000000
2,centralized_dqn,logistic_bootstrap,1,4,1,29,2,2,2,0.652415,62.500000,0.081552,31,0.314149,25,0,0,1,0.314149,0.843452,0.529302,0.529302,0.314149,0.000000,56,0,1,0,28,21,31,96.000000,83.666700,62.500000,0.639139,0.747875,0.081325,0.020044,0.020910,0.000153,0.020910,4,56,0,fixed,4,1,1,0,3.000000,4.000000
2,centralized_dqn,logistic_bootstrap,1,4,1,30,1,1,3,0.000000,83.666700,1.195219,21,0.314149,25,0,2,1,0.314149,0.843452,0.529302,0.529302,0.314149,0.000000,56,0,1,-1,28,21,31,96.000000,83.666700,62.500000,1.041667,1.195219,1.600000,-0.000481,0.000153,-0.005895,0.000000,4,56,0,fixed,4,1,1,0,3.000000,4.000000
2,centralized_dqn,logistic_bootstrap,1,4,1,31,2,2,3,0.000000,62.500000,1.600000,31,0.314149,25,0,2,0,0.314149,0.843452,0.529302,0.529302,0.314149,0.000000,56,0,1,1,28,21,31,96.000000,83.666700,62.500000,1.041667,1.195219,1.600000,0.005783,0.006443,0.000153,0.006443,4,56,0,fixed,4,1,1,0,3.000000,4.000000
2,centralized_dqn,logistic_bootstrap,1,4,1,32,1,1,3,0.000000,83.666700,1.195219,21,0.314149,25,0,2,1,0.314149,0.843452,0.529302,0.529302,0.314149,0.000000,56,0,1,-1,28,21,31,96.000000,83.666700,62.500000,1.041667,1.195219,1.600000,-0.000481,0.000153,-0.005895,0.000000,4,56,0,fixed,4,1,1,0,3.000000,4.000000
2,centralized_dqn,logistic_bootstrap,1,4,1,33,2,2,1,1.612027,62.500000,0.537342,31,0.314149,25,0,1,1,0.314149,0.843452,0.529302,0.529302,0.314149,0.000000,56,0,1,-1,28,21,31,96.000000,83.666700,62.500000,1.129655,1.116247,0.515615,0.007490,0.007983,0.000153,0.007983,4,56,0,fixed,4,1,1,0,3.000000,4.000000
2,centralized_dqn,logistic_bootstrap,1,4,1,34,0,0,3,0.000000,96.000000,1.041667,28,0.314149,25,0,2,1,0.314149,0.843452,0.529302,0.529302,0.314149,0.000000,56,0,1,1,28,21,31,96.000000,83.666700,62.500000,1.041667,1.195219,1.600000,0.000153,0.000790,-0.005282,0.000790,4,56,0,fixed,4,1,1,0,3.000000,4.000000
2,centralized_dqn,logistic_bootstrap,1,4,1,35,1,1,2,6.272101,83.666700,0.784013,21,0.314149,25,0,0,1,0.314149,0.843452,0.529302,0.529302,0.314149,0.000000,56,0,1,-1,28,21,31,96.000000,83.666700,62.500000,0.639139,0.783357,0.078800,-0.000758,0.000153,-0.019177,0.000000,4,56,0,fixed,4,1,1,0,3.000000,4.000000
2,centralized_dqn,logistic_bootstrap,1,4,1,36,0,0,2,5.298290,96.000000,0.662286,28,0.314149,25,0,0,0,0.314149,0.843452,0.529302,0.529302,0.314149,0.000000,56,0,1,-1,28,21,31,96.000000,83.666700,62.500000,0.661933,0.747875,0.078800,0.000153,0.000785,-0.018488,0.000785,4,56,0,fixed,4,1,1,0,3.000000,4.000000
2,centralized_dqn,logistic_bootstrap,1,4,1,37,0,0,4,0.000000,96.000000,0.416667,28,0.314149,25,0,2,1,0.314149,0.843452,0.529302,0.529302,0.314149,0.000000,56,0,1,0,28,21,31,96.000000,83.666700,62.500000,0.416667,0.478087,0.640000,0.000153,0.001020,-0.004682,0.001020,4,56,0,fixed,4,1,1,0,3.000000,4.000000
2,centralized_dqn,logistic_bootstrap,1,4,1,38,1,1,2,6.266565,83.666700,0.783321,21,0.314149,25,0,0,1,0.314149,0.843452,0.529302,0.529302,0.314149,0.000000,56,0,1,-1,28,21,31,96.000000,83.666700,62.500000,0.639139,0.783530,0.078800,-0.000758,0.000153,-0.019177,0.000000,4,56,0,fixed,4,1,1,0,3.000000,4.000000
2,centralized_dqn,logistic_bootstrap,1,4,1,39,0,0,4,0.000000,96.000000,0.416667,28,0.314149,25,0,2,1,0.314149,0.843452,0.529302,0.529302,0.314149,0.000000,56,0,1,0,28,21,31,96.000000,83.666700,62.500000,0.416667,0.478087,0.640000,0.000153,0.001020,-0.004682,0.001020,4,56,0,fixed,4,1,1,0,3.000000,4.000000
2,centralized_dqn,logistic_bootstrap,1,4,1,40,0,0,1,3.510284,96.000000,1.170095,28,0.314149,25,0,1,1,0.314149,0.843452,0.529302,0.529302,0.314149,0.000000,56,0,1,1,28,21,31,96.000000,83.666700,62.500000,1.169980,1.116247,0.502509,0.000153,0.000548,-0.007061,0.000548,4,56,0,fixed,4,1,1,0,3.000000,4.000000
2,centralized_dqn,logistic_bootstrap,1,4,1,41,1,1,2,6.267671,83.666700,0.783459,21,0.314149,25,0,0,1,0.314149,0.843452,0.529302,0.529302,0.314149,0.000000,56,0,1,-1,28,21,31,96.000000,83.666700,62.500000,0.639139,0.783495,0.078800,-0.000758,0.000153,-0.019177,0.000000,4,56,0,fixed,4,1,1,0,3.000000,4.000000
2,centralized_dqn,logistic_bootstrap,1,4,1,42,2,2,4,0.000000,62.500000,0.640000,31,0.314149,25,0,2,0,0.314149,0.843452,0.529302,0.529302,0.314149,0.000000,56,0,1,-1,28,21,31,96.000000,83.666700,62.500000,0.416667,0.478087,0.640000,0.005142,0.006036,0.000153,0.006036,4,56,0,fixed,4,1,1,0,3.000000,4.000000
2,centralized_dqn,logistic_bootstrap,1,4,1,43,2,2,1,1.623634,62.500000,0.541211,31,0.314149,25,0,1,1,0.314149,0.843452,0.529302,0.529302,0.314149,0.000000,56,0,1,-1,28,21,31,96.000000,83.666700,62.500000,1.129655,1.116247,0.514970,0.007493,0.007986,0.000153,0.007986,4,56,0,fixed,4,1,1,0,3.000000,4.000000
2,centralized_dqn,logistic_bootstrap,1,4,1,44,0,0,4,0.000000,96.000000,0.416667,28,0.314149,25,0,2,1,0.314149,0.843452,0.529302,0.529302,0.314149,0.000000,56,0,1,0,28,21,31,96.000000,83.666700,62.500000,0.416667,0.478087,0.640000,0.000153,0.001020,-0.004682,0.001020,4,56,0,fixed,4,1,1,0,3.000000,4.000000
2,centralized_dqn,logistic_bootstrap,1,4,1,45,2,2,2,0.652443,62.500000,0.081555,31,0.314149,25,0,0,1,0.314149,0.843452,0.529302,0.529302,0.314149,0.000000,56,0,1,0,28,21,31,96.000000,83.666700,62.500000,0.639139,0.747875,0.081324,0.020044,0.020910,0.000153,0.020910,4,56,0,fixed,4,1,1,0,3.000000,4.000000
2,centralized_dqn,logistic_bootstrap,1,4,1,46,2,2,1,1.663954,62.500000,0.554651,31,0.314149,25,0,1,1,0.314149,0.843452,0.529302,0.529302,0.314149,0.000000,56,0,1,-1,28,21,31,96.000000,83.666700,62.500000,1.129655,1.116247,0.512730,0.007504,0.007997,0.000153,0.007997,4,56,0,fixed,4,1,1,0,3.000000,4.000000
2,centralized_dqn,logistic_bootstrap,1,4,1,47,1,1,3,0.000000,83.666700,1.195219,21,0.314149,25,0,2,1,0.314149,0.843452,0.529302,0.529302,0.314149,0.000000,56,0,1,-1,28,21,31,96.000000,83.666700,62.500000,1.041667,1.195219,1.600000,-0.000481,0.000153,-0.005895,0.000000,4,56,0,fixed,4,1,1,0,3.000000,4.000000
2,centralized_dqn,logistic_bootstrap,1,4,1,48,1,1,4,0.000000,83.666700,0.478087,21,0.314149,25,0,2,1,0.314149,0.843452,0.529302,0.529302,0.314149,0.000000,56,0,1,0,28,21,31,96.000000,83.666700,62.500000,0.416667,0.478087,0.640000,-0.000708,0.000153,-0.005517,0.000000,4,56,0,fixed,4,1,1,0,3.000000,4.000000
2,centralized_dqn,logistic_bootstrap,1,4,1,49,0,0,2,5.298278,96.000000,0.662285,28,0.314149,25,0,0,0,0.314149,0.843452,0.529302,0.529302,0.314149,0.000000,56,0,1,-1,28,21,31,96.000000,83.666700,62.500000,0.661933,0.747875,0.078800,0.000153,0.000785,-0.018488,0.000785,4,56,0,fixed,4,1,1,0,3.000000,4.000000
2,centralized_dqn,logistic_bootstrap,1,4,1,50,1,1,3,0.000000,83.666700,1.195219,21,0.314149,25,0,2,1,0.314149,0.843452,0.529302,0.529302,0.314149,0.000000,56,0,1,-1,28,21,31,96.000000,83.666700,62.500000,1.041667,1.195219,1.600000,-0.000481,0.000153,-0.005895,0.000000,4,56,0,fixed,4,1,1,0,3.000000,4.000000
2,centralized_dqn,logistic_bootstrap,1,4,1,51,0,0,1,3.508954,96.000000,1.169651,28,0.314149,25,0,1,1,0.314149,0.843452,0.529302,0.529302,0.314149,0.000000,56,0,1,1,28,21,31,96.000000,83.666700,62.500000,1.170069,1.116247,0.502509,0.000153,0.000548,-0.007062,0.000548,4,56,0,fixed,4,1,1,0,3.000000,4.000000
2,centralized_dqn,logistic_bootstrap,1,4,1,52,2,2,2,0.652437,62.500000,0.081555,31,0.314149,25,0,0,1,0.314149,0.843452,0.529302,0.529302,0.314149,0.000000,56,0,1,0,28,21,31,96.000000,83.666700,62.500000,0.639139,0.747875,0.081324,0.020044,0.020910,0.000153,0.020910,4,56,0,fixed,4,1,1,0,3.000000,4.000000
2,centralized_dqn,logistic_bootstrap,1,4,1,53,0,0,3,0.000000,96.000000,1.041667,28,0.314149,25,0,2,1,0.314149,0.843452,0.529302,0.529302,0.314149,0.000000,56,0,1,1,28,21,31,96.000000,83.666700,62.500000,1.041667,1.195219,1.600000,0.000153,0.000790,-0.005282,0.000790,4,56,0,fixed,4,1,1,0,3.000000,4.000000
2,centralized_dqn,logistic_bootstrap,1,4,1,54,2,2,3,0.000000,62.500000,1.600000,31,0.314149,25,0,2,0,0.314149,0.843452,0.529302,0.529302,0.314149,0.000000,56,0,1,1,28,21,31,96.000000,83.666700,62.500000,1.041667,1.195219,1.600000,0.005783,0.006443,0.000153,0.006443,4,56,0,fixed,4,1,1,0,3.000000,4.000000
2,centralized_dqn,logistic_bootstrap,1,4,1,55,0,0,3,0.000000,96.000000,1.041667,28,0.314149,25,0,2,1,0.314149,0.843452,0.529302,0.529302,0.314149,0.000000,56,0,1,1,28,21,31,96.000000,83.666700,62.500000,1.041667,1.195219,1.600000,0.000153,0.000790,-0.005282,0.000790,4,56,0,fixed,4,1,1,0,3.000000,4.000000
2,centralized_dqn,logistic_bootstrap,1,4,1,56,0,0,3,0.000000,96.000000,1.041667,28,0.314149,25,0,2,1,0.314149,0.843452,0.529302,0.529302,0.314149,0.000000,56,0,1,1,28,21,31,96.000000,83.666700,62.500000,1.041667,1.195219,1.600000,0.000153,0.000790,-0.005282,0.000790,4,56,0,fixed,4,1,1,0,3.000000,4.000000
2,centralized_dqn,logistic_bootstrap,1,4,1,57,1,1,2,6.261137,83.666700,0.782642,21,0.314149,25,0,0,1,0.314149,0.843452,0.529302,0.529302,0.314149,0.000000,56,0,1,-1,28,21,31,96.000000,83.666700,62.500000,0.639139,0.783699,0.078800,-0.000759,0.000153,-0.019177,0.000000,4,56,0,fixed,4,1,1,0,3.000000,4.000000
2,centralized_dqn,logistic_bootstrap,1,4,1,58,0,0,1,3.510234,96.000000,1.170078,28,0.314149,25,0,1,1,0.314149,0.843452,0.529302,0.529302,0.314149,0.000000,56,0,1,1,28,21,31,96.000000,83.666700,62.500000,1.169984,1.116247,0.502509,0.000153,0.000548,-0.007062,0.000548,4,56,0,fixed,4,1,1,0,3.000000,4.000000
2,centralized_dqn,logistic_bootstrap,1,4,1,59,2,2,2,0.641513,62.500000,0.080189,31,0.314149,25,1,0,1,0.314149,0.843452,0.529302,0.529302,0.314149,0.000000,56,0,1,0,28,21,31,96.000000,83.666700,62.500000,0.639139,0.747875,0.081438,0.020021,0.020887,0.000153,0.020887,4,56,0,fixed,4,1,1,0,3.000000,4.000000
2,centralized_dqn,logistic_bootstrap,1,4,1,60,0,0,2,5.297231,96.000000,0.662154,28,0.314149,25,0,0,0,0.314149,0.843452,0.529302,0.529302,0.314149,0.000000,56,0,1,-1,28,21,31,96.000000,83.666700,62.500000,0.661946,0.747875,0.078800,0.000153,0.000785,-0.018488,0.000785,4,56,0,fixed,4,1,1,0,3.000000,4.000000
2,centralized_dqn,logistic_bootstrap,1,4,1,61,0,0,4,0.000000,96.000000,0.416667,28,0.314149,25,0,2,1,0.314149,0.843452,0.529302,0.529302,0.314149,0.000000,56,0,1,0,28,21,31,96.000000,83.666700,62.500000,0.416667,0.478087,0.640000,0.000153,0.001020,-0.004682,0.001020,4,56,0,fixed,4,1,1,0,3.000000,4.000000
2,centralized_dqn,logistic_bootstrap,1,4,1,62,0,0,2,5.297202,96.000000,0.662150,28,0.314149,25,0,0,0,0.314149,0.843452,0.529302,0.529302,0.314149,0.000000,56,0,1,-1,28,21,31,96.000000,83.666700,62.500000,0.661947,0.747875,0.078800,0.000153,0.000785,-0.018488,0.000785,4,56,0,fixed,4,1,1,0,3.000000,4.000000
2,centralized_dqn,logistic_bootstrap,1,4,1,63,0,0,4,0.000000,96.000000,0.416667,28,0.314149,25,0,2,1,0.314149,0.843452,0.529302,0.529302,0.314149,0.000000,56,0,1,0,28,21,31,96.000000,83.666700,62.500000,0.416667,0.478087,0.640000,0.000153,0.001020,-0.004682,0.001020,4,56,0,fixed,4,1,1,0,3.000000,4.000000
2,centralized_dqn,logistic_bootstrap,1,4,1,64,2,2,4,0.000000,62.500000,0.640000,31,0.314149,25,0,2,0,0.314149,0.843452,0.529302,0.529302,0.314149,0.000000,56,0,1,-1,28,21,31,96.000000,83.666700,62.500000,0.416667,0.478087,0.640000,0.005142,0.006036,0.000153,0.006036,4,56,0,fixed,4,1,1,0,3.000000,4.000000
2,centralized_dqn,logistic_bootstrap,1,4,1,65,0,0,1,3.510662,96.000000,1.170221,28,0.314149,25,0,1,1,0.314149,0.843452,0.529302,0.529302,0.314149,0.000000,56,0,1,1,28,21,31,96.000000,83.666700,62.500000,1.169955,1.116247,0.502509,0.000153,0.000548,-0.007061,0.000548,4,56,0,fixed,4,1,1,0,3.000000,4.000000
2,centralized_dqn,logistic_bootstrap,1,4,1,66,1,1,4,0.000000,83.666700,0.478087,21,0.314149,25,0,2,1,0.314149,0.843452,0.529302,0.529302,0.314149,0.000000,56,0,1,0,28,21,31,96.000000,83.666700,62.500000,0.416667,0.478087,0.640000,-0.000708,0.000153,-0.005517,0.000000,4,56,0,fixed,4,1,1,0,3.000000,4.000000
2,centralized_dqn,logistic_bootstrap,1,4,1,67,2,2,3,0.000000,62.500000,1.600000,31,0.314149,25,0,2,0,0.314149,0.843452,0.529302,0.529302,0.314149,0.000000,56,0,1,1,28,21,31,96.000000,83.666700,62.500000,1.041667,1.195219,1.600000,0.005783,0.006443,0.000153,0.006443,4,56,0,fixed,4,1,1,0,3.000000,4.000000
2,centralized_dqn,logistic_bootstrap,1,4,1,68,1,1,1,3.507931,83.666700,1.169310,21,0.314149,25,0,1,0,0.314149,0.843452,0.529302,0.529302,0.314149,0.000000,56,0,1,-1,28,21,31,96.000000,83.666700,62.500000,1.129655,1.169492,0.502509,-0.000416,0.000153,-0.007534,0.000000,4,56,0,fixed,4,1,1,0,3.000000,4.000000
2,centralized_dqn,logistic_bootstrap,1,4,1,69,1,1,4,0.000000,83.666700,0.478087,21,0.314149,25,0,2,1,0.314149,0.843452,0.529302,0.529302,0.314149,0.000000,56,0,1,0,28,21,31,96.000000,83.666700,62.500000,0.416667,0.478087,0.640000,-0.000708,0.000153,-0.005517,0.000000,4,56,0,fixed,4,1,1,0,3.000000,4.000000
2,centralized_dqn,logistic_bootstrap,1,4,1,70,2,2,2,0.651321,62.500000,0.081415,31,0.314149,25,0,0,1,0.314149,0.843452,0.529302,0.529302,0.314149,0.000000,56,0,1,0,28,21,31,96.000000,83.666700,62.500000,0.639139,0.747875,0.081336,0.020042,0.020908,0.000153,0.020908,4,56,0,fixed,4,1,1,0,3.000000,4.000000
2,centralized_dqn,logistic_bootstrap,1,4,1,71,1,1,2,6.272043,83.666700,0.784005,21,0.314149,25,0,0,1,0.314149,0.843452,0.529302,0.529302,0.314149,0.000000,56,0,1,-1,28,21,31,96.000000,83.666700,62.500000,0.639139,0.783359,0.078800,-0.000758,0.000153,-0.019177,0.000000,4,56,0,fixed,4,1,1,0,3.000000,4.000000
2,centralized_dqn,logistic_bootstrap,1,4,1,72,2,2,1,1.591256,62.500000,0.530419,31,0.314149,25,0,1,1,0.314149,0.843452,0.529302,0.529302,0.314149,0.000000,56,0,1,-1,28,21,31,96.000000,83.666700,62.500000,1.129655,1.116247,0.516769,0.007484,0.007977,0.000153,0.007977,4,56,0,fixed,4,1,1,0,3.000000,4.000000
2,centralized_dqn,logistic_bootstrap,1,4,1,73,1,1,1,3.508476,83.666700,1.169492,21,0.314149,25,0,1,0,0.314149,0.843452,0.529302,0.529302,0.314149,0.000000,56,0,1,-1,28,21,31,96.000000,83.666700,62.500000,1.129655,1.169310,0.502509,-0.000416,0.000153,-0.007533,0.000000,4,56,0,fixed,4,1,1,0,3.000000,4.000000
2,centralized_dqn,logistic_bootstrap,1,4,1,74,2,2,2,0.651304,62.500000,0.081413,31,0.314149,25,0,0,1,0.314149,0.843452,0.529302,0.529302,0.314149,0.000000,56,0,1,0,28,21,31,96.000000,83.666700,62.500000,0.639139,0.747875,0.081336,0.020042,0.020908,0.000153,0.020908,4,56,0,fixed,4,1,1,0,3.000000,4.000000
2,centralized_dqn,logistic_bootstrap,1,4,1,75,0,0,3,0.000000,96.000000,1.041667,28,0.314149,25,0,2,1,0.314149,0.843452,0.529302,0.529302,0.314149,0.000000,56,0,1,1,28,21,31,96.000000,83.666700,62.500000,1.041667,1.195219,1.600000,0.000153,0.000790,-0.005282,0.000790,4,56,0,fixed,4,1,1,0,3.000000,4.000000
2,centralized_dqn,logistic_bootstrap,1,4,1,76,0,0,2,5.298260,96.000000,0.662282,28,0.314149,25,0,0,0,0.314149,0.843452,0.529302,0.529302,0.314149,0.000000,56,0,1,-1,28,21,31,96.000000,83.666700,62.500000,0.661934,0.747875,0.078800,0.000153,0.000785,-0.018488,0.000785,4,56,0,fixed,4,1,1,0,3.000000,4.000000
2,centralized_dqn,logistic_bootstrap,1,4,1,77,0,0,2,5.298349,96.000000,0.662294,28,0.314149,25,0,0,0,0.314149,0.843452,0.529302,0.529302,0.314149,0.000000,56,0,1,-1,28,21,31,96.000000,83.666700,62.500000,0.661932,0.747875,0.078800,0.000153,0.000785,-0.018488,0.000785,4,56,0,fixed,4,1,1,0,3.000000,4.000000
2,centralized_dqn,logistic_bootstrap,1,4,1,78,2,2,4,0.000000,62.500000,0.640000,31,0.314149,25,0,2,0,0.314149,0.843452,0.529302,0.529302,0.314149,0.000000,56,0,1,-1,28,21,31,96.000000,83.666700,62.500000,0.416667,0.478087,0.640000,0.005142,0.006036,0.000153,0.006036,4,56,0,fixed,4,1,1,0,3.000000,4.000000
2,centralized_dqn,logistic_bootstrap,1,4,1,79,2,2,2,0.652384,62.500000,0.081548,31,0.314149,25,0,0,1,0.314149,0.843452,0.529302,0.529302,0.314149,0.000000,56,0,1,0,28,21,31,96.000000,83.666700,62.500000,0.639139,0.747875,0.081325,0.020044,0.020910,0.000153,0.020910,4,56,0,fixed,4,1,1,0,3.000000,4.000000
2,centralized_dqn,logistic_bootstrap,1,4,1,80,1,1,3,0.000000,83.666700,1.195219,21,0.314149,25,0,2,1,0.314149,0.843452,0.529302,0.529302,0.314149,0.000000,56,0,1,-1,28,21,31,96.000000,83.666700,62.500000,1.041667,1.195219,1.600000,-0.000481,0.000153,-0.005895,0.000000,4,56,0,fixed,4,1,1,0,3.000000,4.000000
2,centralized_dqn,centralized_dqn,0,4,2,1,2,2,3,0.000000,49.833300,2.006690,36,0.612646,29,0,2,0,0.612646,0.650350,0.037704,0.037704,0.612646,0.298497,3,24,1,1,29,15,36,113.000000,74.166700,49.833300,0.884956,1.348314,2.006690,-0.013302,-0.002362,0.003015,0.000000,4,3,1,fixed,4,1,1,0,3.000000,4.000000
2,centralized_dqn,centralized_dqn,0,4,2,2,1,1,1,2.565569,74.166700,0.855190,15,0.612646,29,0,1,0,0.612646,0.650350,0.037704,0.037704,0.612646,0.298497,3,24,1,-1,29,15,36,113.000000,74.166700,49.833300,0.887059,1.127435,0.832076,-0.007710,0.003015,0.005526,0.005526,4,3,1,fixed,4,1,1,0,3.000000,4.000000
2,centralized_dqn,centralized_dqn,0,4,2,3,2,2,4,0.000000,49.833300,0.802676,36,0.612646,29,0,2,0,0.612646,0.650350,0.037704,0.037704,0.612646,0.298497,3,24,1,-1,29,15,36,113.000000,74.166700,49.833300,0.353982,0.539326,0.802676,-0.017526,-0.004057,0.003015,0.000000,4,3,1,fixed,4,1,1,0,3.000000,4.000000
2,centralized_dqn,centralized_dqn,0,4,2,4,1,1,1,4.054907,74.166700,1.351636,15,0.612646,29,0,1,0,0.612646,0.650350,0.037704,0.037704,0.612646,0.298497,3,24,1,-1,29,15,36,113.000000,74.166700,49.833300,0.887059,1.091975,1.315105,-0.007587,0.003015,0.007771,0.007771,4,3,1,fixed,4,1,1,0,3.000000,4.000000
2,centralized_dqn,centralized_dqn,0,4,2,5,2,2,4,0.000000,49.833300,0.802676,36,0.612646,29,0,2,0,0.612646,0.650350,0.037704,0.037704,0.612646,0.298497,3,24,1,-1,29,15,36,113.000000,74.166700,49.833300,0.353982,0.539326,0.802676,-0.017526,-0.004057,0.003015,0.000000,4,3,1,fixed,4,1,1,0,3.000000,4.000000
2,centralized_dqn,centralized_dqn,0,4,2,6,2,2,4,0.000000,49.833300,0.802676,36,0.612646,29,0,2,0,0.612646,0.650350,0.037704,0.037704,0.612646,0.298497,3,24,1,-1,29,15,36,113.000000,74.166700,49.833300,0.353982,0.539326,0.802676,-0.017526,-0.004057,0.003015,0.000000,4,3,1,fixed,4,1,1,0,3.000000,4.000000
2,centralized_dqn,centralized_dqn,0,4,2,7,0,0,2,2.751961,113.000000,0.343995,29,0.612646,29,0,1,1,0.612646,0.650350,0.037704,0.037704,0.612646,0.298497,3,24,1,0,29,15,36,113.000000,74.166700,49.833300,0.344122,0.389983,0.334698,0.003015,0.013843,0.016198,0.016198,4,3,1,fixed,4,1,1,0,3.000000,4.000000
2,centralized_dqn,centralized_dqn,0,4,2,8,0,0,2,2.751860,113.000000,0.343982,29,0.612646,29,0,2,1,0.612646,0.650350,0.037704,0.037704,0.612646,0.298497,3,24,1,0,29,15,36,113.000000,74.166700,49.833300,0.344122,0.389983,0.334686,0.003015,0.013843,0.016197,0.016197,4,3,1,fixed,4,1,1,0,3.000000,4.000000
2,centralized_dqn,centralized_dqn,0,4,2,9,0,0,2,2.754057,113.000000,0.344257,29,0.612646,29,0,0,0,0.612646,0.650350,0.037704,0.037704,0.612646,0.298497,3,24,1,0,29,15,36,113.000000,74.166700,49.833300,0.344113,0.389983,0.334953,0.003015,0.013844,0.016210,0.016210,4,3,1,fixed,4,1,1,0,3.000000,4.000000
2,centralized_dqn,centralized_dqn,0,4,2,10,0,0,2,2.751897,113.000000,0.343987,29,0.612646,29,0,2,1,0.612646,0.650350,0.037704,0.037704,0.612646,0.298497,3,24,1,0,29,15,36,113.000000,74.166700,49.833300,0.344122,0.389983,0.334690,0.003015,0.013843,0.016198,0.016198,4,3,1,fixed,4,1,1,0,3.000000,4.000000
2,centralized_dqn,centralized_dqn,0,4,2,11,2,2,3,0.000000,49.833300,2.006690,36,0.612646,29,0,2,0,0.612646,0.650350,0.037704,0.037704,0.612646,0.298497,3,24,1,1,29,15,36,113.000000,74.166700,49.833300,0.884956,1.348314,2.006690,-0.013302,-0.002362,0.003015,0.000000,4,3,1,fixed,4,1,1,0,3.000000,4.000000
2,centralized_dqn,centralized_dqn,0,4,2,12,0,0,2,2.751897,113.000000,0.343987,29,0.612646,29,0,0,0,0.612646,0.650350,0.037704,0.037704,0.612646,0.298497,3,24,1,0,29,15,36,113.000000,74.166700,49.833300,0.344122,0.389983,0.334690,0.003015,0.013843,0.016198,0.016198,4,3,1,fixed,4,1,1,0,3.000000,4.000000
2,centralized_dqn,centralized_dqn,0,4,2,13,2,2,3,0.000000,49.833300,2.006690,36,0.612646,29,0,2,0,0.612646,0.650350,0.037704,0.037704,0.612646,0.298497,3,24,1,1,29,15,36,113.000000,74.166700,49.833300,0.884956,1.348314,2.006690,-0.013302,-0.002362,0.003015,0.000000,4,3,1,fixed,4,1,1,0,3.000000,4.000000
2,centralized_dqn,centralized_dqn,0,4,2,14,2,2,4,0.000000,49.833300,0.802676,36,0.612646,29,0,2,0,0.612646,0.650350,0.037704,0.037704,0.612646,0.298497,3,24,1,-1,29,15,36,113.000000,74.166700,49.833300,0.353982,0.539326,0.802676,-0.017526,-0.004057,0.003015,0.000000,4,3,1,fixed,4,1,1,0,3.000000,4.000000
2,centralized_dqn,centralized_dqn,0,4,2,15,0,0,2,2.754048,113.000000,0.344256,29,0.612646,29,0,0,0,0.612646,0.650350,0.037704,0.037704,0.612646,0.298497,3,24,1,0,29,15,36,113.000000,74.166700,49.833300,0.344113,0.389983,0.334952,0.003015,0.013844,0.016209,0.016209,4,3,1,fixed,4,1,1,0,3.000000,4.000000
2,centralized_dqn,centralized_dqn,0,4,2,16,0,0,2,2.752954,113.000000,0.344119,29,0.612646,29,0,0,0,0.612646,0.650350,0.037704,0.037704,0.612646,0.298497,3,24,1,0,29,15,36,113.000000,74.166700,49.833300,0.344118,0.389983,0.334819,0.003015,0.013843,0.016203,0.016203,4,3,1,fixed,4,1,1,0,3.000000,4.000000
2,centralized_dqn,centralized_dqn,0,4,2,17,0,0,2,2.752989,113.000000,0.344124,29,0.612646,29,0,0,0,0.612646,0.650350,0.037704,0.037704,0.612646,0.298497,3,24,1,0,29,15,36,113.000000,74.166700,49.833300,0.344117,0.389983,0.334823,0.003015,0.013843,0.016204,0.016204,4,3,1,fixed,4,1,1,0,3.000000,4.000000
2,centralized_dqn,centralized_dqn,0,4,2,18,2,2,4,0.000000,49.833300,0.802676,36,0.612646,29,0,2,0,0.612646,0.650350,0.037704,0.037704,0.612646,0.298497,3,24,1,-1,29,15,36,113.000000,74.166700,49.833300,0.353982,0.539326,0.802676,-0.017526,-0.004057,0.003015,0.000000,4,3,1,fixed,4,1,1,0,3.000000,4.000000
2,centralized_dqn,centralized_dqn,0,4,2,19,2,2,3,0.000000,49.833300,2.006690,36,0.612646,29,0,2,0,0.612646,0.650350,0.037704,0.037704,0.612646,0.298497,3,24,1,1,29,15,36,113.000000,74.166700,49.833300,0.884956,1.348314,2.006690,-0.013302,-0.002362,0.003015,0.000000,4,3,1,fixed,4,1,1,0,3.000000,4.000000
2,centralized_dqn,centralized_dqn,0,4,2,20,1,1,1,2.814575,74.166700,0.938192,15,0.612646,29,0,1,0,0.612646,0.650350,0.037704,0.037704,0.612646,0.298497,3,24,1,-1,29,15,36,113.000000,74.166700,49.833300,0.887059,1.121506,0.912835,-0.007690,0.003015,0.006055,0.006055,4,3,1,fixed,4,1,1,0,3.000000,4.000000
2,centralized_dqn,centralized_dqn,0,4,2,21,2,2,4,0.000000,49.833300,0.802676,36,0.612646,29,0,2,0,0.612646,0.650350,0.037704,0.037704,0.612646,0.298497,3,24,1,-1,29,15,36,113.000000,74.166700,49.833300,0.353982,0.539326,0.802676,-0.017526,-0.004057,0.003015,0.000000,4,3,1,fixed,4,1,1,0,3.000000,4.000000
2,centralized_dqn,centralized_dqn,0,4,2,22,0,0,2,2.751908,113.000000,0.343988,29,0.612646,29,0,0,0,0.612646,0.650350,0.037704,0.037704,0.612646,0.298497,3,24,1,0,29,15,36,113.000000,74.166700,49.833300,0.344122,0.389983,0.334691,0.003015,0.013843,0.016198,0.016198,4,3,1,fixed,4,1,1,0,3.000000,4.000000
2,centralized_dqn,centralized_dqn,0,4,2,23,0,0,2,2.751867,113.000000,0.343983,29,0.612646,29,0,0,0,0.612646,0.650350,0.037704,0.037704,0.612646,0.298497,3,24,1,0,29,15,36,113.000000,74.166700,49.833300,0.344122,0.389983,0.334687,0.003015,0.013843,0.016197,0.016197,4,3,1,fixed,4,1,1,0,3.000000,4.000000
2,centralized_dqn,centralized_dqn,0,4,2,24,2,2,4,0.000000,49.833300,0.802676,36,0.612646,29,0,2,0,0.612646,0.650350,0.037704,0.037704,0.612646,0.298497,3,24,1,-1,29,15,36,113.000000,74.166700,49.833300,0.353982,0.539326,0.802676,-0.017526,-0.004057,0.003015,0.000000,4,3,1,fixed,4,1,1,0,3.000000,4.000000
2,centralized_dqn,centralized_dqn,0,4,2,25,1,1,1,4.431809,74.166700,1.477270,15,0.612646,29,0,1,0,0.612646,0.650350,0.037704,0.037704,0.612646,0.298497,3,24,1,-1,29,15,36,113.000000,74.166700,49.833300,0.887059,1.083001,1.437343,-0.007554,0.003015,0.008116,0.008116,4,3,1,fixed,4,1,1,0,3.000000,4.000000
2,centralized_dqn,centralized_dqn,0,4,2,26,0,0,2,2.751901,113.000000,0.343988,29,0.612646,29,0,0,0,0.612646,0.650350,0.037704,0.037704,0.612646,0.298497,3,24,1,0,29,15,36,113.000000,74.166700,49.833300,0.344122,0.389983,0.334691,0.003015,0.013843,0.016198,0.016198,4,3,1,fixed,4,1,1,0,3.000000,4.000000
2,centralized_dqn,centralized_dqn,0,4,2,27,1,1,1,4.018635,74.166700,1.339545,15,0.612646,29,0,1,0,0.612646,0.650350,0.037704,0.037704,0.612646,0.298497,3,24,1,-1,29,15,36,113.000000,74.166700,49.833300,0.887059,1.092838,1.303341,-0.007590,0.003015,0.007735,0.007735,4,3,1,fixed,4,1,1,0,3.000000,4.000000
2,centralized_dqn,centralized_dqn,0,4,2,28,2,2,4,0.000000,49.833300,0.802676,36,0.612646,29,0,2,0,0.612646,0.650350,0.037704,0.037704,0.612646,0.298497,3,24,1,-1,29,15,36,113.000000,74.166700,49.833300,0.353982,0.539326,0.802676,-0.017526,-0.004057,0.003015,0.000000,4,3,1,fixed,4,1,1,0,3.000000,4.000000
2,centralized_dqn,centralized_dqn,0,4,2,29,0,0,2,2.751832,113.000000,0.343979,29,0.612646,29,0,0,0,0.612646,0.650350,0.037704,0.037704,0.612646,0.298497,3,24,1,0,29,15,36,113.000000,74.166700,49.833300,0.344123,0.389983,0.334682,0.003015,0.013843,0.016197,0.016197,4,3,1,fixed,4,1,1,0,3.000000,4.000000
2,centralized_dqn,centralized_dqn,0,4,2,30,2,2,3,0.000000,49.833300,2.006690,36,0.612646,29,0,2,0,0.612646,0.650350,0.037704,0.037704,0.612646,0.298497,3,24,1,1,29,15,36,113.000000,74.166700,49.833300,0.884956,1.348314,2.006690,-0.013302,-0.002362,0.003015,0.000000,4,3,1,fixed,4,1,1,0,3.000000,4.000000
2,centralized_dqn,centralized_dqn,0,4,2,31,2,2,3,0.000000,49.833300,2.006690,36,0.612646,29,0,2,0,0.612646,0.650350,0.037704,0.037704,0.612646,0.298497,3,24,1,1,29,15,36,113.000000,74.166700,49.833300,0.884956,1.348314,2.006690,-0.013302,-0.002362,0.003015,0.000000,4,3,1,fixed,4,1,1,0,3.000000,4.000000
2,centralized_dqn,centralized_dqn,0,4,2,32,2,2,3,0.000000,49.833300,2.006690,36,0.612646,29,0,2,0,0.612646,0.650350,0.037704,0.037704,0.612646,0.298497,3,24,1,1,29,15,36,113.000000,74.166700,49.833300,0.884956,1.348314,2.006690,-0.013302,-0.002362,0.003015,0.000000,4,3,1,fixed,4,1,1,0,3.000000,4.000000
2,centralized_dqn,centralized_dqn,0,4,2,33,1,1,1,3.955329,74.166700,1.318443,15,0.612646,29,0,1,0,0.612646,0.650350,0.037704,0.037704,0.612646,0.298497,3,24,1,-1,29,15,36,113.000000,74.166700,49.833300,0.887059,1.094346,1.282809,-0.007595,0.003015,0.007670,0.007670,4,3,1,fixed,4,1,1,0,3.000000,4.000000
2,centralized_dqn,centralized_dqn,0,4,2,34,2,2,3,0.000000,49.833300,2.006690,36,0.612646,29,0,2,0,0.612646,0.650350,0.037704,0.037704,0.612646,0.298497,3,24,1,1,29,15,36,113.000000,74.166700,49.833300,0.884956,1.348314,2.006690,-0.013302,-0.002362,0.003015,0.000000,4,3,1,fixed,4,1,1,0,3.000000,4.000000
2,centralized_dqn,centralized_dqn,0,4,2,35,0,0,2,2.751819,113.000000,0.343977,29,0.612646,29,1,0,0,0.612646,0.650350,0.037704,0.037704,0.612646,0.298497,3,24,1,0,29,15,36,113.000000,74.166700,49.833300,0.344123,0.389983,0.334681,0.003015,0.013843,0.016197,0.016197,4,3,1,fixed,4,1,1,0,3.000000,4.000000
2,centralized_dqn,centralized_dqn,0,4,2,36,0,0,2,2.754036,113.000000,0.344255,29,0.612646,29,0,0,0,0.612646,0.650350,0.037704,0.037704,0.612646,0.298497,3,24,1,0,29,15,36,113.000000,74.166700,49.833300,0.344113,0.389983,0.334950,0.003015,0.013844,0.016209,0.016209,4,3,1,fixed,4,1,1,0,3.000000,4.000000
2,centralized_dqn,centralized_dqn,0,4,2,37,2,2,4,0.000000,49.833300,0.802676,36,0.612646,29,0,2,0,0.612646,0.650350,0.037704,0.037704,0.612646,0.298497,3,24,1,-1,29,15,36,113.000000,74.166700,49.833300,0.353982,0.539326,0.802676,-0.017526,-0.004057,0.003015,0.000000,4,3,1,fixed,4,1,1,0,3.000000,4.000000
2,centralized_dqn,centralized_dqn,0,4,2,38,0,0,2,2.751891,113.000000,0.343986,29,0.612646,29,0,0,0,0.612646,0.650350,0.037704,0.037704,0.612646,0.298497,3,24,1,0,29,15,36,113.000000,74.166700,49.833300,0.344122,0.389983,0.334689,0.003015,0.013843,0.016198,0.016198,4,3,1,fixed,4,1,1,0,3.000000,4.000000
2,centralized_dqn,centralized_dqn,0,4,2,39,2,2,4,0.000000,49.833300,0.802676,36,0.612646,29,0,2,0,0.612646,0.650350,0.037704,0.037704,0.612646,0.298497,3,24,1,-1,29,15,36,113.000000,74.166700,49.833300,0.353982,0.539326,0.802676,-0.017526,-0.004057,0.003015,0.000000,4,3,1,fixed,4,1,1,0,3.000000,4.000000
2,centralized_dqn,centralized_dqn,0,4,2,40,1,1,1,2.591643,74.166700,0.863881,15,0.612646,29,0,1,0,0.612646,0.650350,0.037704,0.037704,0.612646,0.298497,3,24,1,-1,29,15,36,113.000000,74.166700,49.833300,0.887059,1.126814,0.840533,-0.007708,0.003015,0.005586,0.005586,4,3,1,fixed,4,1,1,0,3.000000,4.000000
2,centralized_dqn,centralized_dqn,0,4,2,41,0,0,2,2.751860,113.000000,0.343982,29,0.612646,29,0,0,0,0.612646,0.650350,0.037704,0.037704,0.612646,0.298497,3,24,1,0,29,15,36,113.000000,74.166700,49.833300,0.344122,0.389983,0.334686,0.003015,0.013843,0.016197,0.016197,4,3,1,fixed,4,1,1,0,3.000000,4.000000
2,centralized_dqn,centralized_dqn,0,4,2,42,2,2,4,0.000000,49.833300,0.802676,36,0.612646,29,0,2,0,0.612646,0.650350,0.037704,0.037704,0.612646,0.298497,3,24,1,-1,29,15,36,113.000000,74.166700,49.833300,0.353982,0.539326,0.802676,-0.017526,-0.004057,0.003015,0.000000,4,3,1,fixed,4,1,1,0,3.000000,4.000000
2,centralized_dqn,centralized_dqn,0,4,2,43,1,1,1,4.144465,74.166700,1.381488,15,0.612646,29,0,1,0,0.612646,0.650350,0.037704,0.037704,0.612646,0.298497,3,24,1,-1,29,15,36,113.000000,74.166700,49.833300,0.887059,1.089842,1.344151,-0.007579,0.003015,0.007858,0.007858,4,3,1,fixed,4,1,1,0,3.000000,4.000000
2,centralized_dqn,centralized_dqn,0,4,2,44,2,2,4,0.000000,49.833300,0.802676,36,0.612646,29,0,2,0,0.612646,0.650350,0.037704,0.037704,0.612646,0.298497,3,24,1,-1,29,15,36,113.000000,74.166700,49.833300,0.353982,0.539326,0.802676,-0.017526,-0.004057,0.003015,0.000000,4,3,1,fixed,4,1,1,0,3.000000,4.000000
2,centralized_dqn,centralized_dqn,0,4,2,45,0,0,2,2.751955,113.000000,0.343994,29,0.612646,29,0,0,0,0.612646,0.650350,0.037704,0.037704,0.612646,0.298497,3,24,1,0,29,15,36,113.000000,74.166700,49.833300,0.344122,0.389983,0.334697,0.003015,0.013843,0.016198,0.016198,4,3,1,fixed,4,1,1,0,3.000000,4.000000
2,centralized_dqn,centralized_dqn,0,4,2,46,1,1,1,3.922144,74.166700,1.307381,15,0.612646,29,0,1,0,0.612646,0.650350,0.037704,0.037704,0.612646,0.298497,3,24,1,-1,29,15,36,113.000000,74.166700,49.833300,0.887059,1.095136,1.272047,-0.007598,0.003015,0.007635,0.007635,4,3,1,fixed,4,1,1,0,3.000000,4.000000
2,centralized_dqn,centralized_dqn,0,4,2,47,2,2,3,0.000000,49.833300,2.006690,36,0.612646,29,0,2,0,0.612646,0.650350,0.037704,0.037704,0.612646,0.298497,3,24,1,1,29,15,36,113.000000,74.166700,49.833300,0.884956,1.348314,2.006690,-0.013302,-0.002362,0.003015,0.000000,4,3,1,fixed,4,1,1,0,3.000000,4.000000
2,centralized_dqn,centralized_dqn,0,4,2,48,2,2,4,0.000000,49.833300,0.802676,36,0.612646,29,0,2,0,0.612646,0.650350,0.037704,0.037704,0.612646,0.298497,3,24,1,-1,29,15,36,113.000000,74.166700,49.833300,0.353982,0.539326,0.802676,-0.017526,-0.004057,0.003015,0.000000,4,3,1,fixed,4,1,1,0,3.000000,4.000000
2,centralized_dqn,centralized_dqn,0,4,2,49,0,0,2,2.754035,113.000000,0.344254,29,0.612646,29,0,0,0,0.612646,0.650350,0.037704,0.037704,0.612646,0.298497,3,24,1,0,29,15,36,113.000000,74.166700,49.833300,0.344113,0.389983,0.334950,0.003015,0.013844,0.016209,0.016209,4,3,1,fixed,4,1,1,0,3.000000,4.000000
2,centralized_dqn,centralized_dqn,0,4,2,50,2,2,3,0.000000,49.833300,2.006690,36,0.612646,29,0,2,0,0.612646,0.650350,0.037704,0.037704,0.612646,0.298497,3,24,1,1,29,15,36,113.000000,74.166700,49.833300,0.884956,1.348314,2.006690,-0.013302,-0.002362,0.003015,0.000000,4,3,1,fixed,4,1,1,0,3.000000,4.000000
2,centralized_dqn,centralized_dqn,0,4,2,51,1,1,1,2.542375,74.166700,0.847458,15,0.612646,29,0,1,0,0.612646,0.650350,0.037704,0.037704,0.612646,0.298497,3,24,1,-1,29,15,36,113.000000,74.166700,49.833300,0.887059,1.127987,0.824554,-0.007711,0.003015,0.005472,0.005472,4,3,1,fixed,4,1,1,0,3.000000,4.000000
2,centralized_dqn,centralized_dqn,0,4,2,52,0,0,2,2.751944,113.000000,0.343993,29,0.612646,29,0,0,0,0.612646,0.650350,0.037704,0.037704,0.612646,0.298497,3,24,1,0,29,15,36,113.000000,74.166700,49.833300,0.344122,0.389983,0.334696,0.003015,0.013843,0.016198,0.016198,4,3,1,fixed,4,1,1,0,3.000000,4.000000
2,centralized_dqn,centralized_dqn,0,4,2,53,2,2,3,0.000000,49.833300,2.006690,36,0.612646,29,0,2,0,0.612646,0.650350,0.037704,0.037704,0.612646,0.298497,3,24,1,1,29,15,36,113.000000,74.166700,49.833300,0.884956,1.348314,2.006690,-0.013302,-0.002362,0.003015,0.000000,4,3,1,fixed,4,1,1,0,3.000000,4.000000
2,centralized_dqn,centralized_dqn,0,4,2,54,2,2,3,0.000000,49.833300,2.006690,36,0.612646,29,0,2,0,0.612646,0.650350,0.037704,0.037704,0.612646,0.298497,3,24,1,1,29,15,36,113.000000,74.166700,49.833300,0.884956,1.348314,2.006690,-0.013302,-0.002362,0.003015,0.000000,4,3,1,fixed,4,1,1,0,3.000000,4.000000
2,centralized_dqn,centralized_dqn,0,4,2,55,2,2,3,0.000000,49.833300,2.006690,36,0.612646,29,0,2,0,0.612646,0.650350,0.037704,0.037704,0.612646,0.298497,3,24,1,1,29,15,36,113.000000,74.166700,49.833300,0.884956,1.348314,2.006690,-0.013302,-0.002362,0.003015,0.000000,4,3,1,fixed,4,1,1,0,3.000000,4.000000
2,centralized_dqn,centralized_dqn,0,4,2,56,2,2,3,0.000000,49.833300,2.006690,36,0.612646,29,0,2,0,0.612646,0.650350,0.037704,0.037704,0.612646,0.298497,3,24,1,1,29,15,36,113.000000,74.166700,49.833300,0.884956,1.348314,2.006690,-0.013302,-0.002362,0.003015,0.000000,4,3,1,fixed,4,1,1,0,3.000000,4.000000
2,centralized_dqn,centralized_dqn,0,4,2,57,0,0,2,2.751955,113.000000,0.343994,29,0.612646,29,0,0,0,0.612646,0.650350,0.037704,0.037704,0.612646,0.298497,3,24,1,0,29,15,36,113.000000,74.166700,49.833300,0.344122,0.389983,0.334697,0.003015,0.013843,0.016198,0.016198,4,3,1,fixed,4,1,1,0,3.000000,4.000000
2,centralized_dqn,centralized_dqn,0,4,2,58,1,1,1,2.665766,74.166700,0.888589,15,0.612646,29,0,1,0,0.612646,0.650350,0.037704,0.037704,0.612646,0.298497,3,24,1,-1,29,15,36,113.000000,74.166700,49.833300,0.887059,1.125050,0.864573,-0.007702,0.003015,0.005750,0.005750,4,3,1,fixed,4,1,1,0,3.000000,4.000000
2,centralized_dqn,centralized_dqn,0,4,2,59,0,0,2,2.754099,113.000000,0.344262,29,0.612646,29,0,0,0,0.612646,0.650350,0.037704,0.037704,0.612646,0.298497,3,24,1,0,29,15,36,113.000000,74.166700,49.833300,0.344112,0.389983,0.334958,0.003015,0.013844,0.016210,0.016210,4,3,1,fixed,4,1,1,0,3.000000,4.000000
2,centralized_dqn,centralized_dqn,0,4,2,60,0,0,2,2.754042,113.000000,0.344255,29,0.612646,29,0,0,0,0.612646,0.650350,0.037704,0.037704,0.612646,0.298497,3,24,1,0,29,15,36,113.000000,74.166700,49.833300,0.344113,0.389983,0.334951,0.003015,0.013844,0.016209,0.016209,4,3,1,fixed,4,1,1,0,3.000000,4.000000
2,centralized_dqn,centralized_dqn,0,4,2,61,2,2,4,0.000000,49.833300,0.802676,36,0.612646,29,0,2,0,0.612646,0.650350,0.037704,0.037704,0.612646,0.298497,3,24,1,-1,29,15,36,113.000000,74.166700,49.833300,0.353982,0.539326,0.802676,-0.017526,-0.004057,0.003015,0.000000,4,3,1,fixed,4,1,1,0,3.000000,4.000000
2,centralized_dqn,centralized_dqn,0,4,2,62,0,0,2,2.754064,113.000000,0.344258,29,0.612646,29,0,0,0,0.612646,0.650350,0.037704,0.037704,0.612646,0.298497,3,24,1,0,29,15,36,113.000000,74.166700,49.833300,0.344113,0.389983,0.334954,0.003015,0.013844,0.016210,0.016210,4,3,1,fixed,4,1,1,0,3.000000,4.000000
2,centralized_dqn,centralized_dqn,0,4,2,63,2,2,4,0.000000,49.833300,0.802676,36,0.612646,29,0,2,0,0.612646,0.650350,0.037704,0.037704,0.612646,0.298497,3,24,1,-1,29,15,36,113.000000,74.166700,49.833300,0.353982,0.539326,0.802676,-0.017526,-0.004057,0.003015,0.000000,4,3,1,fixed,4,1,1,0,3.000000,4.000000
2,centralized_dqn,centralized_dqn,0,4,2,64,2,2,4,0.000000,49.833300,0.802676,36,0.612646,29,0,2,0,0.612646,0.650350,0.037704,0.037704,0.612646,0.298497,3,24,1,-1,29,15,36,113.000000,74.166700,49.833300,0.353982,0.539326,0.802676,-0.017526,-0.004057,0.003015,0.000000,4,3,1,fixed,4,1,1,0,3.000000,4.000000
2,centralized_dqn,centralized_dqn,0,4,2,65,1,1,1,2.689529,74.166700,0.896510,15,0.612646,29,0,1,0,0.612646,0.650350,0.037704,0.037704,0.612646,0.298497,3,24,1,-1,29,15,36,113.000000,74.166700,49.833300,0.887059,1.124484,0.872280,-0.007700,0.003015,0.005801,0.005801,4,3,1,fixed,4,1,1,0,3.000000,4.000000
2,centralized_dqn,centralized_dqn,0,4,2,66,2,2,4,0.000000,49.833300,0.802676,36,0.612646,29,0,2,0,0.612646,0.650350,0.037704,0.037704,0.612646,0.298497,3,24,1,-1,29,15,36,113.000000,74.166700,49.833300,0.353982,0.539326,0.802676,-0.017526,-0.004057,0.003015,0.000000,4,3,1,fixed,4,1,1,0,3.000000,4.000000
2,centralized_dqn,centralized_dqn,0,4,2,67,2,2,3,0.000000,49.833300,2.006690,36,0.612646,29,0,2,0,0.612646,0.650350,0.037704,0.037704,0.612646,0.298497,3,24,1,1,29,15,36,113.000000,74.166700,49.833300,0.884956,1.348314,2.006690,-0.013302,-0.002362,0.003015,0.000000,4,3,1,fixed,4,1,1,0,3.000000,4.000000
2,centralized_dqn,centralized_dqn,0,4,2,68,1,1,1,2.706676,74.166700,0.902225,15,0.612646,29,0,1,0,0.612646,0.650350,0.037704,0.037704,0.612646,0.298497,3,24,1,-1,29,15,36,113.000000,74.166700,49.833300,0.887059,1.124075,0.877841,-0.007698,0.003015,0.005837,0.005837,4,3,1,fixed,4,1,1,0,3.000000,4.000000
2,centralized_dqn,centralized_dqn,0,4,2,69,2,2,4,0.000000,49.833300,0.802676,36,0.612646,29,0,2,0,0.612646,0.650350,0.037704,0.037704,0.612646,0.298497,3,24,1,-1,29,15,36,113.000000,74.166700,49.833300,0.353982,0.539326,0.802676,-0.017526,-0.004057,0.003015,0.000000,4,3,1,fixed,4,1,1,0,3.000000,4.000000
2,centralized_dqn,centralized_dqn,0,4,2,70,0,0,2,2.754070,113.000000,0.344259,29,0.612646,29,0,0,0,0.612646,0.650350,0.037704,0.037704,0.612646,0.298497,3,24,1,0,29,15,36,113.000000,74.166700,49.833300,0.344113,0.389983,0.334954,0.003015,0.013844,0.016210,0.016210,4,3,1,fixed,4,1,1,0,3.000000,4.000000
2,centralized_dqn,centralized_dqn,0,4,2,71,0,0,2,2.754063,113.000000,0.344258,29,0.612646,29,0,0,0,0.612646,0.650350,0.037704,0.037704,0.612646,0.298497,3,24,1,0,29,15,36,113.000000,74.166700,49.833300,0.344113,0.389983,0.334954,0.003015,0.013844,0.016210,0.016210,4,3,1,fixed,4,1,1,0,3.000000,4.000000
2,centralized_dqn,centralized_dqn,0,4,2,72,1,1,1,4.080644,74.166700,1.360215,15,0.612646,29,0,1,0,0.612646,0.650350,0.037704,0.037704,0.612646,0.298497,3,24,1,-1,29,15,36,113.000000,74.166700,49.833300,0.887059,1.091362,1.323452,-0.007584,0.003015,0.007796,0.007796,4,3,1,fixed,4,1,1,0,3.000000,4.000000
2,centralized_dqn,centralized_dqn,0,4,2,73,1,1,1,2.733781,74.166700,0.911260,15,0.612646,29,0,1,0,0.612646,0.650350,0.037704,0.037704,0.612646,0.298497,3,24,1,-1,29,15,36,113.000000,74.166700,49.833300,0.887059,1.123430,0.886632,-0.007696,0.003015,0.005894,0.005894,4,3,1,fixed,4,1,1,0,3.000000,4.000000
2,centralized_dqn,centralized_dqn,0,4,2,74,0,0,2,2.754047,113.000000,0.344256,29,0.612646,29,0,0,0,0.612646,0.650350,0.037704,0.037704,0.612646,0.298497,3,24,1,0,29,15,36,113.000000,74.166700,49.833300,0.344113,0.389983,0.334952,0.003015,0.013844,0.016209,0.016209,4,3,1,fixed,4,1,1,0,3.000000,4.000000
2,centralized_dqn,centralized_dqn,0,4,2,75,2,2,3,0.000000,49.833300,2.006690,36,0.612646,29,0,2,0,0.612646,0.650350,0.037704,0.037704,0.612646,0.298497,3,24,1,1,29,15,36,113.000000,74.166700,49.833300,0.884956,1.348314,2.006690,-0.013302,-0.002362,0.003015,0.000000,4,3,1,fixed,4,1,1,0,3.000000,4.000000
2,centralized_dqn,centralized_dqn,0,4,2,76,0,0,2,2.754070,113.000000,0.344259,29,0.612646,29,0,0,0,0.612646,0.650350,0.037704,0.037704,0.612646,0.298497,3,24,1,0,29,15,36,113.000000,74.166700,49.833300,0.344113,0.389983,0.334954,0.003015,0.013844,0.016210,0.016210,4,3,1,fixed,4,1,1,0,3.000000,4.000000
2,centralized_dqn,centralized_dqn,0,4,2,77,0,0,2,2.754129,113.000000,0.344266,29,0.612646,29,0,0,0,0.612646,0.650350,0.037704,0.037704,0.612646,0.298497,3,24,1,0,29,15,36,113.000000,74.166700,49.833300,0.344112,0.389983,0.334962,0.003015,0.013844,0.016210,0.016210,4,3,1,fixed,4,1,1,0,3.000000,4.000000
2,centralized_dqn,centralized_dqn,0,4,2,78,2,2,4,0.000000,49.833300,0.802676,36,0.612646,29,0,2,0,0.612646,0.650350,0.037704,0.037704,0.612646,0.298497,3,24,1,-1,29,15,36,113.000000,74.166700,49.833300,0.353982,0.539326,0.802676,-0.017526,-0.004057,0.003015,0.000000,4,3,1,fixed,4,1,1,0,3.000000,4.000000
2,centralized_dqn,centralized_dqn,0,4,2,79,0,0,2,2.754028,113.000000,0.344254,29,0.612646,29,0,0,0,0.612646,0.650350,0.037704,0.037704,0.612646,0.298497,3,24,1,0,29,15,36,113.000000,74.166700,49.833300,0.344113,0.389983,0.334949,0.003015,0.013844,0.016209,0.016209,4,3,1,fixed,4,1,1,0,3.000000,4.000000
2,centralized_dqn,centralized_dqn,0,4,2,80,2,2,3,0.000000,49.833300,2.006690,36,0.612646,29,0,2,0,0.612646,0.650350,0.037704,0.037704,0.612646,0.298497,3,24,1,1,29,15,36,113.000000,74.166700,49.833300,0.884956,1.348314,2.006690,-0.013302,-0.002362,0.003015,0.000000,4,3,1,fixed,4,1,1,0,3.000000,4.000000
2,centralized_dqn,centralized_dqn,0,4,3,1,2,2,3,0.000000,55.166700,1.812688,38,0.612550,27,0,2,0,0.612550,0.716289,0.103740,0.103740,0.612550,-0.000097,4,51,1,1,26,16,38,113.000000,73.333300,55.166700,0.884956,1.363637,1.812688,0.007214,0.015592,0.022601,0.015592,4,4,0,fixed,4,1,1,0,3.000000,4.000000
2,centralized_dqn,centralized_dqn,0,4,3,2,1,1,1,2.625737,73.333300,0.875246,16,0.612550,27,0,1,0,0.612550,0.716289,0.103740,0.103740,0.612550,-0.000097,4,51,1,-1,26,16,38,113.000000,73.333300,55.166700,0.985647,0.861529,2.417607,0.016353,0.022601,0.032320,0.032320,4,4,0,fixed,4,1,1,0,3.000000,4.000000
2,centralized_dqn,centralized_dqn,0,4,3,3,2,2,4,0.000000,55.166700,0.725075,38,0.612550,27,0,2,0,0.612550,0.716289,0.103740,0.103740,0.612550,-0.000097,4,51,1,-1,26,16,38,113.000000,73.333300,55.166700,0.353982,0.545455,0.725075,0.003077,0.014251,0.022601,0.014251,4,4,0,fixed,4,1,1,0,3.000000,4.000000
2,centralized_dqn,centralized_dqn,0,4,3,4,1,1,1,2.765315,73.333300,0.921772,16,0.612550,27,0,1,0,0.612550,0.716289,0.103740,0.103740,0.612550,-0.000097,4,51,1,-1,26,16,38,113.000000,73.333300,55.166700,0.985647,0.858206,2.417607,0.016374,0.022601,0.032342,0.032342,4,4,0,fixed,4,1,1,0,3.000000,4.000000
2,centralized_dqn,centralized_dqn,0,4,3,5,2,2,4,0.000000,55.166700,0.725075,38,0.612550,27,0,2,0,0.612550,0.716289,0.103740,0.103740,0.612550,-0.000097,4,51,1,-1,26,16,38,113.000000,73.333300,55.166700,0.353982,0.545455,0.725075,0.003077,0.014251,0.022601,0.014251,4,4,0,fixed,4,1,1,0,3.000000,4.000000
2,centralized_dqn,centralized_dqn,0,4,3,6,2,2,4,0.000000,55.166700,0.725075,38,0.612550,27,0,2,0,0.612550,0.716289,0.103740,0.103740,0.612550,-0.000097,4,51,1,-1,26,16,38,113.000000,73.333300,55.166700,0.353982,0.545455,0.725075,0.003077,0.014251,0.022601,0.014251,4,4,0,fixed,4,1,1,0,3.000000,4.000000
2,centralized_dqn,centralized_dqn,0,4,3,7,1,1,2,1.040435,73.333300,0.130054,16,0.612550,27,1,1,0,0.612550,0.716289,0.103740,0.103740,0.612550,-0.000097,4,51,1,0,26,16,38,113.000000,73.333300,55.166700,0.369618,0.323416,0.906603,0.016945,0.022601,0.038201,0.038201,4,4,0,fixed,4,1,1,0,3.000000,4.000000
2,centralized_dqn,centralized_dqn,0,4,3,8,2,2,2,7.442604,55.166700,0.930325,38,0.612550,27,0,2,0,0.612550,0.716289,0.103740,0.103740,0.612550,-0.000097,4,51,1,-1,26,16,38,113.000000,73.333300,55.166700,0.369618,0.122404,0.930596,0.002068,-0.016875,0.022601,0.002068,4,4,0,fixed,4,1,1,0,3.000000,4.000000
2,centralized_dqn,centralized_dqn,0,4,3,9,0,0,2,3.032742,113.000000,0.379093,26,0.612550,27,0,0,0,0.612550,0.716289,0.103740,0.103740,0.612550,-0.000097,4,51,1,0,26,16,38,113.000000,73.333300,55.166700,0.384023,0.122404,0.906603,0.022601,0.001441,0.043162,0.043162,4,4,0,fixed,4,1,1,0,3.000000,4.000000
2,centralized_dqn,centralized_dqn,0,4,3,10,2,2,2,7.444766,55.166700,0.930596,38,0.612550,27,0,2,0,0.612550,0.716289,0.103740,0.103740,0.612550,-0.000097,4,51,1,-1,26,16,38,113.000000,73.333300,55.166700,0.369618,0.122404,0.930325,0.002069,-0.016873,0.022601,0.002069,4,4,0,fixed,4,1,1,0,3.000000,4.000000
2,centralized_dqn,centralized_dqn,0,4,3,11,2,2,3,0.000000,55.166700,1.812688,38,0.612550,27,0,2,0,0.612550,0.716289,0.103740,0.103740,0.612550,-0.000097,4,51,1,1,26,16,38,113.000000,73.333300,55.166700,0.884956,1.363637,1.812688,0.007214,0.015592,0.022601,0.015592,4,4,0,fixed,4,1,1,0,3.000000,4.000000
2,centralized_dqn,centralized_dqn,0,4,3,12,0,0,2,3.127830,113.000000,0.390979,26,0.612550,27,0,2,1,0.612550,0.716289,0.103740,0.103740,0.612550,-0.000097,4,51,1,0,26,16,38,113.000000,73.333300,55.166700,0.383548,0.122404,0.906603,0.022601,0.001456,0.043179,0.043179,4,4,0,fixed,4,1,1,0,3.000000,4.000000
2,centralized_dqn,centralized_dqn,0,4,3,13,2,2,3,0.000000,55.166700,1.812688,38,0.612550,27,0,2,0,0.612550,0.716289,0.103740,0.103740,0.612550,-0.000097,4,51,1,1,26,16,38,113.000000,73.333300,55.166700,0.884956,1.363637,1.812688,0.007214,0.015592,0.022601,0.015592,4,4,0,fixed,4,1,1,0,3.000000,4.000000
2,centralized_dqn,centralized_dqn,0,4,3,14,2,2,4,0.000000,55.166700,0.725075,38,0.612550,27,0,2,0,0.612550,0.716289,0.103740,0.103740,0.612550,-0.000097,4,51,1,-1,26,16,38,113.000000,73.333300,55.166700,0.353982,0.545455,0.725075,0.003077,0.014251,0.022601,0.014251,4,4,0,fixed,4,1,1,0,3.000000,4.000000
2,centralized_dqn,centralized_dqn,0,4,3,15,0,0,2,3.124575,113.000000,0.390572,26,0.612550,27,0,2,1,0.612550,0.716289,0.103740,0.103740,0.612550,-0.000097,4,51,1,0,26,16,38,113.000000,73.333300,55.166700,0.383564,0.122404,0.906603,0.022601,0.001455,0.043179,0.043179,4,4,0,fixed,4,1,1,0,3.000000,4.000000
2,centralized_dqn,centralized_dqn,0,4,3,16,0,0,2,3.038289,113.000000,0.379786,26,0.612550,27,0,0,0,0.612550,0.716289,0.103740,0.103740,0.612550,-0.000097,4,51,1,0,26,16,38,113.000000,73.333300,55.166700,0.383995,0.122404,0.906603,0.022601,0.001442,0.043163,0.043163,4,4,0,fixed,4,1,1,0,3.000000,4.000000
2,centralized_dqn,centralized_dqn,0,4,3,17,0,0,2,3.037161,113.000000,0.379645,26,0.612550,27,0,0,0,0.612550,0.716289,0.103740,0.103740,0.612550,-0.000097,4,51,1,0,26,16,38,113.000000,73.333300,55.166700,0.384001,0.122404,0.906603,0.022601,0.001442,0.043163,0.043163,4,4,0,fixed,4,1,1,0,3.000000,4.000000
2,centralized_dqn,centralized_dqn,0,4,3,18,2,2,4,0.000000,55.166700,0.725075,38,0.612550,27,0,2,0,0.612550,0.716289,0.103740,0.103740,0.612550,-0.000097,4,51,1,-1,26,16,38,113.000000,73.333300,55.166700,0.353982,0.545455,0.725075,0.003077,0.014251,0.022601,0.014251,4,4,0,fixed,4,1,1,0,3.000000,4.000000
2,centralized_dqn,centralized_dqn,0,4,3,19,2,2,3,0.000000,55.166700,1.812688,38,0.612550,27,0,2,0,0.612550,0.716289,0.103740,0.103740,0.612550,-0.000097,4,51,1,1,26,16,38,113.000000,73.333300,55.166700,0.884956,1.363637,1.812688,0.007214,0.015592,0.022601,0.015592,4,4,0,fixed,4,1,1,0,3.000000,4.000000
2,centralized_dqn,centralized_dqn,0,4,3,20,1,1,1,2.512008,73.333300,0.837336,16,0.612550,27,0,1,0,0.612550,0.716289,0.103740,0.103740,0.612550,-0.000097,4,51,1,-1,26,16,38,113.000000,73.333300,55.166700,0.985647,0.864237,2.417607,0.016336,0.022601,0.032302,0.032302,4,4,0,fixed,4,1,1,0,3.000000,4.000000
2,centralized_dqn,centralized_dqn,0,4,3,21,2,2,4,0.000000,55.166700,0.725075,38,0.612550,27,0,2,0,0.612550,0.716289,0.103740,0.103740,0.612550,-0.000097,4,51,1,-1,26,16,38,113.000000,73.333300,55.166700,0.353982,0.545455,0.725075,0.003077,0.014251,0.022601,0.014251,4,4,0,fixed,4,1,1,0,3.000000,4.000000
2,centralized_dqn,centralized_dqn,0,4,3,22,0,0,2,3.037161,113.000000,0.379645,26,0.612550,27,0,0,0,0.612550,0.716289,0.103740,0.103740,0.612550,-0.000097,4,51,1,0,26,16,38,113.000000,73.333300,55.166700,0.384001,0.122404,0.906603,0.022601,0.001442,0.043163,0.043163,4,4,0,fixed,4,1,1,0,3.000000,4.000000
2,centralized_dqn,centralized_dqn,0,4,3,23,0,0,2,3.065496,113.000000,0.383187,26,0.612550,27,0,0,0,0.612550,0.716289,0.103740,0.103740,0.612550,-0.000097,4,51,1,0,26,16,38,113.000000,73.333300,55.166700,0.383859,0.122404,0.906603,0.022601,0.001446,0.043168,0.043168,4,4,0,fixed,4,1,1,0,3.000000,4.000000
2,centralized_dqn,centralized_dqn,0,4,3,24,2,2,4,0.000000,55.166700,0.725075,38,0.612550,27,0,2,0,0.612550,0.716289,0.103740,0.103740,0.612550,-0.000097,4,51,1,-1,26,16,38,113.000000,73.333300,55.166700,0.353982,0.545455,0.725075,0.003077,0.014251,0.022601,0.014251,4,4,0,fixed,4,1,1,0,3.000000,4.000000
2,centralized_dqn,centralized_dqn,0,4,3,25,1,1,1,2.527909,73.333300,0.842636,16,0.612550,27,0,1,0,0.612550,0.716289,0.103740,0.103740,0.612550,-0.000097,4,51,1,-1,26,16,38,113.000000,73.333300,55.166700,0.985647,0.863858,2.417607,0.016338,0.022601,0.032305,0.032305,4,4,0,fixed,4,1,1,0,3.000000,4.000000
2,centralized_dqn,centralized_dqn,0,4,3,26,0,0,2,3.065472,113.000000,0.383184,26,0.612550,27,0,0,0,0.612550,0.716289,0.103740,0.103740,0.612550,-0.000097,4,51,1,0,26,16,38,113.000000,73.333300,55.166700,0.383860,0.122404,0.906603,0.022601,0.001446,0.043168,0.043168,4,4,0,fixed,4,1,1,0,3.000000,4.000000
2,centralized_dqn,centralized_dqn,0,4,3,27,1,1,1,2.688183,73.333300,0.896061,16,0.612550,27,0,1,0,0.612550,0.716289,0.103740,0.103740,0.612550,-0.000097,4,51,1,-1,26,16,38,113.000000,73.333300,55.166700,0.985647,0.860042,2.417607,0.016362,0.022601,0.032330,0.032330,4,4,0,fixed,4,1,1,0,3.000000,4.000000
2,centralized_dqn,centralized_dqn,0,4,3,28,2,2,4,0.000000,55.166700,0.725075,38,0.612550,27,0,2,0,0.612550,0.716289,0.103740,0.103740,0.612550,-0.000097,4,51,1,-1,26,16,38,113.000000,73.333300,55.166700,0.353982,0.545455,0.725075,0.003077,0.014251,0.022601,0.014251,4,4,0,fixed,4,1,1,0,3.000000,4.000000
2,centralized_dqn,centralized_dqn,0,4,3,29,0,0,2,3.036036,113.000000,0.379505,26,0.612550,27,0,0,0,0.612550,0.716289,0.103740,0.103740,0.612550,-0.000097,4,51,1,0,26,16,38,113.000000,73.333300,55.166700,0.384007,0.122404,0.906603,0.022601,0.001442,0.043163,0.043163,4,4,0,fixed,4,1,1,0,3.000000,4.000000
2,centralized_dqn,centralized_dqn,0,4,3,30,2,2,3,0.000000,55.166700,1.812688,38,0.612550,27,0,2,0,0.612550,0.716289,0.103740,0.103740,0.612550,-0.000097,4,51,1,1,26,16,38,113.000000,73.333300,55.166700,0.884956,1.363637,1.812688,0.007214,0.015592,0.022601,0.015592,4,4,0,fixed,4,1,1,0,3.000000,4.000000
2,centralized_dqn,centralized_dqn,0,4,3,31,2,2,3,0.000000,55.166700,1.812688,38,0.612550,27,0,2,0,0.612550,0.716289,0.103740,0.103740,0.612550,-0.000097,4,51,1,1,26,16,38,113.000000,73.333300,55.166700,0.884956,1.363637,1.812688,0.007214,0.015592,0.022601,0.015592,4,4,0,fixed,4,1,1,0,3.000000,4.000000
2,centralized_dqn,centralized_dqn,0,4,3,32,2,2,3,0.000000,55.166700,1.812688,38,0.612550,27,0,2,0,0.612550,0.716289,0.103740,0.103740,0.612550,-0.000097,4,51,1,1,26,16,38,113.000000,73.333300,55.166700,0.884956,1.363637,1.812688,0.007214,0.015592,0.022601,0.015592,4,4,0,fixed,4,1,1,0,3.000000,4.000000
2,centralized_dqn,centralized_dqn,0,4,3,33,1,1,1,2.705567,73.333300,0.901856,16,0.612550,27,0,1,0,0.612550,0.716289,0.103740,0.103740,0.612550,-0.000097,4,51,1,-1,26,16,38,113.000000,73.333300,55.166700,0.985647,0.859628,2.417607,0.016365,0.022601,0.032333,0.032333,4,4,0,fixed,4,1,1,0,3.000000,4.000000
2,centralized_dqn,centralized_dqn,0,4,3,34,2,2,3,0.000000,55.166700,1.812688,38,0.612550,27,0,2,0,0.612550,0.716289,0.103740,0.103740,0.612550,-0.000097,4,51,1,1,26,16,38,113.000000,73.333300,55.166700,0.884956,1.363637,1.812688,0.007214,0.015592,0.022601,0.015592,4,4,0,fixed,4,1,1,0,3.000000,4.000000
2,centralized_dqn,centralized_dqn,0,4,3,35,0,0,2,3.065490,113.000000,0.383186,26,0.612550,27,0,0,0,0.612550,0.716289,0.103740,0.103740,0.612550,-0.000097,4,51,1,0,26,16,38,113.000000,73.333300,55.166700,0.383859,0.122404,0.906603,0.022601,0.001446,0.043168,0.043168,4,4,0,fixed,4,1,1,0,3.000000,4.000000
2,centralized_dqn,centralized_dqn,0,4,3,36,0,0,2,3.124597,113.000000,0.390575,26,0.612550,27,0,2,1,0.612550,0.716289,0.103740,0.103740,0.612550,-0.000097,4,51,1,0,26,16,38,113.000000,73.333300,55.166700,0.383564,0.122404,0.906603,0.022601,0.001455,0.043179,0.043179,4,4,0,fixed,4,1,1,0,3.000000,4.000000
2,centralized_dqn,centralized_dqn,0,4,3,37,2,2,4,0.000000,55.166700,0.725075,38,0.612550,27,0,2,0,0.612550,0.716289,0.103740,0.103740,0.612550,-0.000097,4,51,1,-1,26,16,38,113.000000,73.333300,55.166700,0.353982,0.545455,0.725075,0.003077,0.014251,0.022601,0.014251,4,4,0,fixed,4,1,1,0,3.000000,4.000000
2,centralized_dqn,centralized_dqn,0,4,3,38,0,0,2,3.065472,113.000000,0.383184,26,0.612550,27,0,0,0,0.612550,0.716289,0.103740,0.103740,0.612550,-0.000097,4,51,1,0,26,16,38,113.000000,73.333300,55.166700,0.383860,0.122404,0.906603,0.022601,0.001446,0.043168,0.043168,4,4,0,fixed,4,1,1,0,3.000000,4.000000
2,centralized_dqn,centralized_dqn,0,4,3,39,2,2,4,0.000000,55.166700,0.725075,38,0.612550,27,0,2,0,0.612550,0.716289,0.103740,0.103740,0.612550,-0.000097,4,51,1,-1,26,16,38,113.000000,73.333300,55.166700,0.353982,0.545455,0.725075,0.003077,0.014251,0.022601,0.014251,4,4,0,fixed,4,1,1,0,3.000000,4.000000
2,centralized_dqn,centralized_dqn,0,4,3,40,1,1,1,2.585130,73.333300,0.861710,16,0.612550,27,0,1,0,0.612550,0.716289,0.103740,0.103740,0.612550,-0.000097,4,51,1,-1,26,16,38,113.000000,73.333300,55.166700,0.985647,0.862496,2.417607,0.016347,0.022601,0.032314,0.032314,4,4,0,fixed,4,1,1,0,3.000000,4.000000
2,centralized_dqn,centralized_dqn,0,4,3,41,0,0,2,3.065501,113.000000,0.383188,26,0.612550,27,0,0,0,0.612550,0.716289,0.103740,0.103740,0.612550,-0.000097,4,51,1,0,26,16,38,113.000000,73.333300,55.166700,0.383859,0.122404,0.906603,0.022601,0.001446,0.043168,0.043168,4,4,0,fixed,4,1,1,0,3.000000,4.000000
2,centralized_dqn,centralized_dqn,0,4,3,42,2,2,4,0.000000,55.166700,0.725075,38,0.612550,27,0,2,0,0.612550,0.716289,0.103740,0.103740,0.612550,-0.000097,4,51,1,-1,26,16,38,113.000000,73.333300,55.166700,0.353982,0.545455,0.725075,0.003077,0.014251,0.022601,0.014251,4,4,0,fixed,4,1,1,0,3.000000,4.000000
2,centralized_dqn,centralized_dqn,0,4,3,43,1,1,1,2.602194,73.333300,0.867398,16,0.612550,27,0,1,0,0.612550,0.716289,0.103740,0.103740,0.612550,-0.000097,4,51,1,-1,26,16,38,113.000000,73.333300,55.166700,0.985647,0.862090,2.417607,0.016349,0.022601,0.032316,0.032316,4,4,0,fixed,4,1,1,0,3.000000,4.000000
2,centralized_dqn,centralized_dqn,0,4,3,44,2,2,4,0.000000,55.166700,0.725075,38,0.612550,27,0,2,0,0.612550,0.716289,0.103740,0.103740,0.612550,-0.000097,4,51,1,-1,26,16,38,113.000000,73.333300,55.166700,0.353982,0.545455,0.725075,0.003077,0.014251,0.022601,0.014251,4,4,0,fixed,4,1,1,0,3.000000,4.000000
2,centralized_dqn,centralized_dqn,0,4,3,45,0,0,2,3.036084,113.000000,0.379511,26,0.612550,27,0,0,0,0.612550,0.716289,0.103740,0.103740,0.612550,-0.000097,4,51,1,0,26,16,38,113.000000,73.333300,55.166700,0.384007,0.122404,0.906603,0.022601,0.001442,0.043163,0.043163,4,4,0,fixed,4,1,1,0,3.000000,4.000000
2,centralized_dqn,centralized_dqn,0,4,3,46,1,1,1,2.574146,73.333300,0.858049,16,0.612550,27,0,1,0,0.612550,0.716289,0.103740,0.103740,0.612550,-0.000097,4,51,1,-1,26,16,38,113.000000,73.333300,55.166700,0.985647,0.862758,2.417607,0.016345,0.022601,0.032312,0.032312,4,4,0,fixed,4,1,1,0,3.000000,4.000000
2,centralized_dqn,centralized_dqn,0,4,3,47,2,2,3,0.000000,55.166700,1.812688,38,0.612550,27,0,2,0,0.612550,0.716289,0.103740,0.103740,0.612550,-0.000097,4,51,1,1,26,16,38,113.000000,73.333300,55.166700,0.884956,1.363637,1.812688,0.007214,0.015592,0.022601,0.015592,4,4,0,fixed,4,1,1,0,3.000000,4.000000
2,centralized_dqn,centralized_dqn,0,4,3,48,2,2,4,0.000000,55.166700,0.725075,38,0.612550,27,0,2,0,0.612550,0.716289,0.103740,0.103740,0.612550,-0.000097,4,51,1,-1,26,16,38,113.000000,73.333300,55.166700,0.353982,0.545455,0.725075,0.003077,0.014251,0.022601,0.014251,4,4,0,fixed,4,1,1,0,3.000000,4.000000
2,centralized_dqn,centralized_dqn,0,4,3,49,0,0,2,3.123479,113.000000,0.390435,26,0.612550,27,0,2,1,0.612550,0.716289,0.103740,0.103740,0.612550,-0.000097,4,51,1,0,26,16,38,113.000000,73.333300,55.166700,0.383570,0.122404,0.906603,0.022601,0.001455,0.043178,0.043178,4,4,0,fixed,4,1,1,0,3.000000,4.000000
2,centralized_dqn,centralized_dqn,0,4,3,50,2,2,3,0.000000,55.166700,1.812688,38,0.612550,27,0,2,0,0.612550,0.716289,0.103740,0.103740,0.612550,-0.000097,4,51,1,1,26,16,38,113.000000,73.333300,55.166700,0.884956,1.363637,1.812688,0.007214,0.015592,0.022601,0.015592,4,4,0,fixed,4,1,1,0,3.000000,4.000000
2,centralized_dqn,centralized_dqn,0,4,3,51,1,1,1,2.362344,73.333300,0.787448,16,0.612550,27,0,1,0,0.612550,0.716289,0.103740,0.103740,0.612550,-0.000097,4,51,1,-1,26,16,38,113.000000,73.333300,55.166700,0.985647,0.867800,2.417607,0.016314,0.022601,0.032279,0.032279,4,4,0,fixed,4,1,1,0,3.000000,4.000000
2,centralized_dqn,centralized_dqn,0,4,3,52,0,0,2,3.065489,113.000000,0.383186,26,0.612550,27,0,0,0,0.612550,0.716289,0.103740,0.103740,0.612550,-0.000097,4,51,1,0,26,16,38,113.000000,73.333300,55.166700,0.383859,0.122404,0.906603,0.022601,0.001446,0.043168,0.043168,4,4,0,fixed,4,1,1,0,3.000000,4.000000
2,centralized_dqn,centralized_dqn,0,4,3,53,2,2,3,0.000000,55.166700,1.812688,38,0.612550,27,0,2,0,0.612550,0.716289,0.103740,0.103740,0.612550,-0.000097,4,51,1,1,26,16,38,113.000000,73.333300,55.166700,0.884956,1.363637,1.812688,0.007214,0.015592,0.022601,0.015592,4,4,0,fixed,4,1,1,0,3.000000,4.000000
2,centralized_dqn,centralized_dqn,0,4,3,54,2,2,3,0.000000,55.166700,1.812688,38,0.612550,27,0,2,0,0.612550,0.716289,0.103740,0.103740,0.612550,-0.000097,4,51,1,1,26,16,38,113.000000,73.333300,55.166700,0.884956,1.363637,1.812688,0.007214,0.015592,0.022601,0.015592,4,4,0,fixed,4,1,1,0,3.000000,4.000000
2,centralized_dqn,centralized_dqn,0,4,3,55,2,2,3,0.000000,55.166700,1.812688,38,0.612550,27,0,2,0,0.612550,0.716289,0.103740,0.103740,0.612550,-0.000097,4,51,1,1,26,16,38,113.000000,73.333300,55.166700,0.884956,1.363637,1.812688,0.007214,0.015592,0.022601,0.015592,4,4,0,fixed,4,1,1,0,3.000000,4.000000
2,centralized_dqn,centralized_dqn,0,4,3,56,2,2,3,0.000000,55.166700,1.812688,38,0.612550,27,0,2,0,0.612550,0.716289,0.103740,0.103740,0.612550,-0.000097,4,51,1,1,26,16,38,113.000000,73.333300,55.166700,0.884956,1.363637,1.812688,0.007214,0.015592,0.022601,0.015592,4,4,0,fixed,4,1,1,0,3.000000,4.000000
2,centralized_dqn,centralized_dqn,0,4,3,57,0,0,2,3.065538,113.000000,0.383192,26,0.612550,27,0,0,0,0.612550,0.716289,0.103740,0.103740,0.612550,-0.000097,4,51,1,0,26,16,38,113.000000,73.333300,55.166700,0.383859,0.122404,0.906603,0.022601,0.001446,0.043168,0.043168,4,4,0,fixed,4,1,1,0,3.000000,4.000000
2,centralized_dqn,centralized_dqn,0,4,3,58,1,1,1,2.574346,73.333300,0.858115,16,0.612550,27,0,1,0,0.612550,0.716289,0.103740,0.103740,0.612550,-0.000097,4,51,1,-1,26,16,38,113.000000,73.333300,55.166700,0.985647,0.862753,2.417607,0.016345,0.022601,0.032312,0.032312,4,4,0,fixed,4,1,1,0,3.000000,4.000000
2,centralized_dqn,centralized_dqn,0,4,3,59,0,0,2,3.065524,113.000000,0.383191,26,0.612550,27,0,0,0,0.612550,0.716289,0.103740,0.103740,0.612550,-0.000097,4,51,1,0,26,16,38,113.000000,73.333300,55.166700,0.383859,0.122404,0.906603,0.022601,0.001446,0.043168,0.043168,4,4,0,fixed,4,1,1,0,3.000000,4.000000
2,centralized_dqn,centralized_dqn,0,4,3,60,0,0,2,3.124632,113.000000,0.390579,26,0.612550,27,0,0,0,0.612550,0.716289,0.103740,0.103740,0.612550,-0.000097,4,51,1,0,26,16,38,113.000000,73.333300,55.166700,0.383564,0.122404,0.906603,0.022601,0.001455,0.043179,0.043179,4,4,0,fixed,4,1,1,0,3.000000,4.000000
2,centralized_dqn,centralized_dqn,0,4,3,61,2,2,4,0.000000,55.166700,0.725075,38,0.612550,27,0,2,0,0.612550,0.716289,0.103740,0.103740,0.612550,-0.000097,4,51,1,-1,26,16,38,113.000000,73.333300,55.166700,0.353982,0.545455,0.725075,0.003077,0.014251,0.022601,0.014251,4,4,0,fixed,4,1,1,0,3.000000,4.000000
2,centralized_dqn,centralized_dqn,0,4,3,62,0,0,2,3.123492,113.000000,0.390436,26,0.612550,27,0,0,0,0.612550,0.716289,0.103740,0.103740,0.612550,-0.000097,4,51,1,0,26,16,38,113.000000,73.333300,55.166700,0.383569,0.122404,0.906603,0.022601,0.001455,0.043178,0.043178,4,4,0,fixed,4,1,1,0,3.000000,4.000000
2,centralized_dqn,centralized_dqn,0,4,3,63,2,2,4,0.000000,55.166700,0.725075,38,0.612550,27,0,2,0,0.612550,0.716289,0.103740,0.103740,0.612550,-0.000097,4,51,1,-1,26,16,38,113.000000,73.333300,55.166700,0.353982,0.545455,0.725075,0.003077,0.014251,0.022601,0.014251,4,4,0,fixed,4,1,1,0,3.000000,4.000000
2,centralized_dqn,centralized_dqn,0,4,3,64,2,2,4,0.000000,55.166700,0.725075,38,0.612550,27,0,2,0,0.612550,0.716289,0.103740,0.103740,0.612550,-0.000097,4,51,1,-1,26,16,38,113.000000,73.333300,55.166700,0.353982,0.545455,0.725075,0.003077,0.014251,0.022601,0.014251,4,4,0,fixed,4,1,1,0,3.000000,4.000000
2,centralized_dqn,centralized_dqn,0,4,3,65,1,1,1,2.687119,73.333300,0.895706,16,0.612550,27,0,1,0,0.612550,0.716289,0.103740,0.103740,0.612550,-0.000097,4,51,1,-1,26,16,38,113.000000,73.333300,55.166700,0.985647,0.860068,2.417607,0.016362,0.022601,0.032330,0.032330,4,4,0,fixed,4,1,1,0,3.000000,4.000000
2,centralized_dqn,centralized_dqn,0,4,3,66,2,2,4,0.000000,55.166700,0.725075,38,0.612550,27,0,2,0,0.612550,0.716289,0.103740,0.103740,0.612550,-0.000097,4,51,1,-1,26,16,38,113.000000,73.333300,55.166700,0.353982,0.545455,0.725075,0.003077,0.014251,0.022601,0.014251,4,4,0,fixed,4,1,1,0,3.000000,4.000000
2,centralized_dqn,centralized_dqn,0,4,3,67,2,2,3,0.000000,55.166700,1.812688,38,0.612550,27,0,2,0,0.612550,0.716289,0.103740,0.103740,0.612550,-0.000097,4,51,1,1,26,16,38,113.000000,73.333300,55.166700,0.884956,1.363637,1.812688,0.007214,0.015592,0.022601,0.015592,4,4,0,fixed,4,1,1,0,3.000000,4.000000
2,centralized_dqn,centralized_dqn,0,4,3,68,1,1,1,2.608299,73.333300,0.869433,16,0.612550,27,0,1,0,0.612550,0.716289,0.103740,0.103740,0.612550,-0.000097,4,51,1,-1,26,16,38,113.000000,73.333300,55.166700,0.985647,0.861944,2.417607,0.016350,0.022601,0.032317,0.032317,4,4,0,fixed,4,1,1,0,3.000000,4.000000
2,centralized_dqn,centralized_dqn,0,4,3,69,2,2,4,0.000000,55.166700,0.725075,38,0.612550,27,0,2,0,0.612550,0.716289,0.103740,0.103740,0.612550,-0.000097,4,51,1,-1,26,16,38,113.000000,73.333300,55.166700,0.353982,0.545455,0.725075,0.003077,0.014251,0.022601,0.014251,4,4,0,fixed,4,1,1,0,3.000000,4.000000
2,centralized_dqn,centralized_dqn,0,4,3,70,0,0,2,3.036125,113.000000,0.379516,26,0.612550,27,0,0,0,0.612550,0.716289,0.103740,0.103740,0.612550,-0.000097,4,51,1,0,26,16,38,113.000000,73.333300,55.166700,0.384006,0.122404,0.906603,0.022601,0.001442,0.043163,0.043163,4,4,0,fixed,4,1,1,0,3.000000,4.000000
2,centralized_dqn,centralized_dqn,0,4,3,71,0,0,2,3.063319,113.000000,0.382915,26,0.612550,27,0,0,0,0.612550,0.716289,0.103740,0.103740,0.612550,-0.000097,4,51,1,0,26,16,38,113.000000,73.333300,55.166700,0.383870,0.122404,0.906603,0.022601,0.001446,0.043168,0.043168,4,4,0,fixed,4,1,1,0,3.000000,4.000000
2,centralized_dqn,centralized_dqn,0,4,3,72,1,1,1,2.282406,73.333300,0.760802,16,0.612550,27,0,1,0,0.612550,0.716289,0.103740,0.103740,0.612550,-0.000097,4,51,1,-1,26,16,38,113.000000,73.333300,55.166700,0.985647,0.869704,2.417607,0.016302,0.022601,0.032267,0.032267,4,4,0,fixed,4,1,1,0,3.000000,4.000000
2,centralized_dqn,centralized_dqn,0,4,3,73,1,1,1,2.709257,73.333300,0.903086,16,0.612550,27,0,1,0,0.612550,0.716289,0.103740,0.103740,0.612550,-0.000097,4,51,1,-1,26,16,38,113.000000,73.333300,55.166700,0.985647,0.859541,2.417607,0.016365,0.022601,0.032333,0.032333,4,4,0,fixed,4,1,1,0,3.000000,4.000000
2,centralized_dqn,centralized_dqn,0,4,3,74,0,0,2,3.063350,113.000000,0.382919,26,0.612550,27,0,0,0,0.612550,0.716289,0.103740,0.103740,0.612550,-0.000097,4,51,1,0,26,16,38,113.000000,73.333300,55.166700,0.383870,0.122404,0.906603,0.022601,0.001446,0.043168,0.043168,4,4,0,fixed,4,1,1,0,3.000000,4.000000
2,centralized_dqn,centralized_dqn,0,4,3,75,2,2,3,0.000000,55.166700,1.812688,38,0.612550,27,0,2,0,0.612550,0.716289,0.103740,0.103740,0.612550,-0.000097,4,51,1,1,26,16,38,113.000000,73.333300,55.166700,0.884956,1.363637,1.812688,0.007214,0.015592,0.022601,0.015592,4,4,0,fixed,4,1,1,0,3.000000,4.000000
2,centralized_dqn,centralized_dqn,0,4,3,76,0,0,2,3.061099,113.000000,0.382637,26,0.612550,27,0,0,0,0.612550,0.716289,0.103740,0.103740,0.612550,-0.000097,4,51,1,0,26,16,38,113.000000,73.333300,55.166700,0.383881,0.122404,0.906603,0.022601,0.001445,0.043167,0.043167,4,4,0,fixed,4,1,1,0,3.000000,4.000000
2,centralized_dqn,centralized_dqn,0,4,3,77,0,0,2,3.060048,113.000000,0.382506,26,0.612550,27,0,0,0,0.612550,0.716289,0.103740,0.103740,0.612550,-0.000097,4,51,1,0,26,16,38,113.000000,73.333300,55.166700,0.383887,0.122404,0.906603,0.022601,0.001445,0.043167,0.043167,4,4,0,fixed,4,1,1,0,3.000000,4.000000
2,centralized_dqn,centralized_dqn,0,4,3,78,2,2,4,0.000000,55.166700,0.725075,38,0.612550,27,0,2,0,0.612550,0.716289,0.103740,0.103740,0.612550,-0.000097,4,51,1,-1,26,16,38,113.000000,73.333300,55.166700,0.353982,0.545455,0.725075,0.003077,0.014251,0.022601,0.014251,4,4,0,fixed,4,1,1,0,3.000000,4.000000
2,centralized_dqn,centralized_dqn,0,4,3,79,0,0,2,3.063385,113.000000,0.382923,26,0.612550,27,0,0,0,0.612550,0.716289,0.103740,0.103740,0.612550,-0.000097,4,51,1,0,26,16,38,113.000000,73.333300,55.166700,0.383870,0.122404,0.906603,0.022601,0.001446,0.043168,0.043168,4,4,0,fixed,4,1,1,0,3.000000,4.000000
2,centralized_dqn,centralized_dqn,0,4,3,80,2,2,3,0.000000,55.166700,1.812688,38,0.612550,27,0,2,0,0.612550,0.716289,0.103740,0.103740,0.612550,-0.000097,4,51,1,1,26,16,38,113.000000,73.333300,55.166700,0.884956,1.363637,1.812688,0.007214,0.015592,0.022601,0.015592,4,4,0,fixed,4,1,1,0,3.000000,4.000000
2,centralized_dqn,centralized_dqn,0,4,4,1,2,2,3,0.000000,68.000000,1.470588,42,0.588800,29,0,2,0,0.588800,0.622727,0.033928,0.033928,0.588800,-0.023750,0,51,1,1,22,16,42,113.000000,71.333300,68.000000,0.884956,1.401870,1.470588,0.023072,0.029455,0.033928,0.029455,4,0,4,fixed,4,1,1,0,3.000000,4.000000
2,centralized_dqn,centralized_dqn,0,4,4,2,1,1,1,2.389369,71.333300,0.796456,16,0.588800,29,0,1,0,0.588800,0.622727,0.033928,0.033928,0.588800,-0.023750,0,51,1,-1,22,16,42,113.000000,71.333300,68.000000,1.157008,0.873703,0.991262,0.030435,0.033928,0.038617,0.038617,4,0,4,fixed,4,1,1,0,3.000000,4.000000
2,centralized_dqn,centralized_dqn,0,4,4,3,2,2,4,0.000000,68.000000,0.588235,42,0.588800,29,0,2,0,0.588800,0.622727,0.033928,0.033928,0.588800,-0.023750,0,51,1,-1,22,16,42,113.000000,71.333300,68.000000,0.353982,0.560748,0.588235,0.019929,0.029217,0.033928,0.029217,4,0,4,fixed,4,1,1,0,3.000000,4.000000
2,centralized_dqn,centralized_dqn,0,4,4,4,1,1,1,2.499566,71.333300,0.833189,16,0.588800,29,0,1,0,0.588800,0.622727,0.033928,0.033928,0.588800,-0.023750,0,51,1,-1,22,16,42,113.000000,71.333300,68.000000,1.157008,0.871079,0.991262,0.030450,0.033928,0.038633,0.038633,4,0,4,fixed,4,1,1,0,3.000000,4.000000
2,centralized_dqn,centralized_dqn,0,4,4,5,2,2,4,0.000000,68.000000,0.588235,42,0.588800,29,0,2,0,0.588800,0.622727,0.033928,0.033928,0.588800,-0.023750,0,51,1,-1,22,16,42,113.000000,71.333300,68.000000,0.353982,0.560748,0.588235,0.019929,0.029217,0.033928,0.029217,4,0,4,fixed,4,1,1,0,3.000000,4.000000
2,centralized_dqn,centralized_dqn,0,4,4,6,2,2,4,0.000000,68.000000,0.588235,42,0.588800,29,0,2,0,0.588800,0.622727,0.033928,0.033928,0.588800,-0.023750,0,51,1,-1,22,16,42,113.000000,71.333300,68.000000,0.353982,0.560748,0.588235,0.019929,0.029217,0.033928,0.029217,4,0,4,fixed,4,1,1,0,3.000000,4.000000
2,centralized_dqn,centralized_dqn,0,4,4,7,1,1,2,0.768299,71.333300,0.096037,16,0.588800,29,1,1,0,0.588800,0.622727,0.033928,0.033928,0.588800,-0.023750,0,51,1,0,22,16,42,113.000000,71.333300,68.000000,0.433878,0.325707,0.371723,0.032189,0.033928,0.039227,0.039227,4,0,4,fixed,4,1,1,0,3.000000,4.000000
2,centralized_dqn,centralized_dqn,0,4,4,8,2,2,2,3.044757,68.000000,0.380595,42,0.588800,29,0,2,0,0.588800,0.622727,0.033928,0.033928,0.588800,-0.023750,0,51,1,0,22,16,42,113.000000,71.333300,68.000000,0.433878,0.090388,0.380570,0.026414,-0.008507,0.033928,0.026414,4,0,4,fixed,4,1,1,0,3.000000,4.000000
2,centralized_dqn,centralized_dqn,0,4,4,9,0,0,2,3.552935,113.000000,0.444117,22,0.588800,29,0,0,0,0.588800,0.622727,0.033928,0.033928,0.588800,-0.023750,0,51,1,0,22,16,42,113.000000,71.333300,68.000000,0.454051,0.090388,0.371723,0.033928,-0.002698,0.040003,0.040003,4,0,4,fixed,4,1,1,0,3.000000,4.000000
2,centralized_dqn,centralized_dqn,0,4,4,10,2,2,2,3.046932,68.000000,0.380866,42,0.588800,29,0,2,0,0.588800,0.622727,0.033928,0.033928,0.588800,-0.023750,0,51,1,0,22,16,42,113.000000,71.333300,68.000000,0.433878,0.090388,0.380515,0.026416,-0.008505,0.033928,0.026416,4,0,4,fixed,4,1,1,0,3.000000,4.000000
2,centralized_dqn,centralized_dqn,0,4,4,11,2,2,3,0.000000,68.000000,1.470588,42,0.588800,29,0,2,0,0.588800,0.622727,0.033928,0.033928,0.588800,-0.023750,0,51,1,1,22,16,42,113.000000,71.333300,68.000000,0.884956,1.401870,1.470588,0.023072,0.029455,0.033928,0.029455,4,0,4,fixed,4,1,1,0,3.000000,4.000000
2,centralized_dqn,centralized_dqn,0,4,4,12,2,2,2,3.045849,68.000000,0.380731,42,0.588800,29,0,2,0,0.588800,0.622727,0.033928,0.033928,0.588800,-0.023750,0,51,1,0,22,16,42,113.000000,71.333300,68.000000,0.433878,0.090388,0.380542,0.026415,-0.008506,0.033928,0.026415,4,0,4,fixed,4,1,1,0,3.000000,4.000000
2,centralized_dqn,centralized_dqn,0,4,4,13,2,2,3,0.000000,68.000000,1.470588,42,0.588800,29,0,2,0,0.588800,0.622727,0.033928,0.033928,0.588800,-0.023750,0,51,1,1,22,16,42,113.000000,71.333300,68.000000,0.884956,1.401870,1.470588,0.023072,0.029455,0.033928,0.029455,4,0,4,fixed,4,1,1,0,3.000000,4.000000
2,centralized_dqn,centralized_dqn,0,4,4,14,2,2,4,0.000000,68.000000,0.588235,42,0.588800,29,0,2,0,0.588800,0.622727,0.033928,0.033928,0.588800,-0.023750,0,51,1,-1,22,16,42,113.000000,71.333300,68.000000,0.353982,0.560748,0.588235,0.019929,0.029217,0.033928,0.029217,4,0,4,fixed,4,1,1,0,3.000000,4.000000
2,centralized_dqn,centralized_dqn,0,4,4,15,2,2,2,3.043661,68.000000,0.380458,42,0.588800,29,0,2,0,0.588800,0.622727,0.033928,0.033928,0.588800,-0.023750,0,51,1,0,22,16,42,113.000000,71.333300,68.000000,0.433878,0.090388,0.380597,0.026413,-0.008508,0.033928,0.026413,4,0,4,fixed,4,1,1,0,3.000000,4.000000
2,centralized_dqn,centralized_dqn,0,4,4,16,0,0,2,3.628367,113.000000,0.453546,22,0.588800,29,0,0,0,0.588800,0.622727,0.033928,0.033928,0.588800,-0.023750,0,51,1,0,22,16,42,113.000000,71.333300,68.000000,0.453602,0.090388,0.371723,0.033928,-0.002689,0.040014,0.040014,4,0,4,fixed,4,1,1,0,3.000000,4.000000
2,centralized_dqn,centralized_dqn,0,4,4,17,0,0,2,3.628354,113.000000,0.453544,22,0.588800,29,0,0,0,0.588800,0.622727,0.033928,0.033928,0.588800,-0.023750,0,51,1,0,22,16,42,113.000000,71.333300,68.000000,0.453602,0.090388,0.371723,0.033928,-0.002689,0.040014,0.040014,4,0,4,fixed,4,1,1,0,3.000000,4.000000
2,centralized_dqn,centralized_dqn,0,4,4,18,2,2,4,0.000000,68.000000,0.588235,42,0.588800,29,0,2,0,0.588800,0.622727,0.033928,0.033928,0.588800,-0.023750,0,51,1,-1,22,16,42,113.000000,71.333300,68.000000,0.353982,0.560748,0.588235,0.019929,0.029217,0.033928,0.029217,4,0,4,fixed,4,1,1,0,3.000000,4.000000
2,centralized_dqn,centralized_dqn,0,4,4,19,2,2,3,0.000000,68.000000,1.470588,42,0.588800,29,0,2,0,0.588800,0.622727,0.033928,0.033928,0.588800,-0.023750,0,51,1,1,22,16,42,113.000000,71.333300,68.000000,0.884956,1.401870,1.470588,0.023072,0.029455,0.033928,0.029455,4,0,4,fixed,4,1,1,0,3.000000,4.000000
2,centralized_dqn,centralized_dqn,0,4,4,20,1,1,1,2.612962,71.333300,0.870987,16,0.588800,29,0,1,0,0.588800,0.622727,0.033928,0.033928,0.588800,-0.023750,0,51,1,-1,22,16,42,113.000000,71.333300,68.000000,1.157008,0.868379,0.991262,0.030466,0.033928,0.038649,0.038649,4,0,4,fixed,4,1,1,0,3.000000,4.000000
2,centralized_dqn,centralized_dqn,0,4,4,21,2,2,4,0.000000,68.000000,0.588235,42,0.588800,29,0,2,0,0.588800,0.622727,0.033928,0.033928,0.588800,-0.023750,0,51,1,-1,22,16,42,113.000000,71.333300,68.000000,0.353982,0.560748,0.588235,0.019929,0.029217,0.033928,0.029217,4,0,4,fixed,4,1,1,0,3.000000,4.000000
2,centralized_dqn,centralized_dqn,0,4,4,22,0,0,2,3.628378,113.000000,0.453547,22,0.588800,29,0,0,0,0.588800,0.622727,0.033928,0.033928,0.588800,-0.023750,0,51,1,0,22,16,42,113.000000,71.333300,68.000000,0.453602,0.090388,0.371723,0.033928,-0.002689,0.040014,0.040014,4,0,4,fixed,4,1,1,0,3.000000,4.000000
2,centralized_dqn,centralized_dqn,0,4,4,23,0,0,2,3.628314,113.000000,0.453539,22,0.588800,29,0,0,0,0.588800,0.622727,0.033928,0.033928,0.588800,-0.023750,0,51,1,0,22,16,42,113.000000,71.333300,68.000000,0.453603,0.090388,0.371723,0.033928,-0.002689,0.040014,0.040014,4,0,4,fixed,4,1,1,0,3.000000,4.000000
2,centralized_dqn,centralized_dqn,0,4,4,24,2,2,4,0.000000,68.000000,0.588235,42,0.588800,29,0,2,0,0.588800,0.622727,0.033928,0.033928,0.588800,-0.023750,0,51,1,-1,22,16,42,113.000000,71.333300,68.000000,0.353982,0.560748,0.588235,0.019929,0.029217,0.033928,0.029217,4,0,4,fixed,4,1,1,0,3.000000,4.000000
2,centralized_dqn,centralized_dqn,0,4,4,25,1,1,1,2.693685,71.333300,0.897895,16,0.588800,29,0,1,0,0.588800,0.622727,0.033928,0.033928,0.588800,-0.023750,0,51,1,-1,22,16,42,113.000000,71.333300,68.000000,1.157008,0.866457,0.991262,0.030478,0.033928,0.038661,0.038661,4,0,4,fixed,4,1,1,0,3.000000,4.000000
2,centralized_dqn,centralized_dqn,0,4,4,26,0,0,2,3.628302,113.000000,0.453538,22,0.588800,29,0,0,0,0.588800,0.622727,0.033928,0.033928,0.588800,-0.023750,0,51,1,0,22,16,42,113.000000,71.333300,68.000000,0.453603,0.090388,0.371723,0.033928,-0.002689,0.040014,0.040014,4,0,4,fixed,4,1,1,0,3.000000,4.000000
2,centralized_dqn,centralized_dqn,0,4,4,27,1,1,1,2.544199,71.333300,0.848066,16,0.588800,29,0,1,0,0.588800,0.622727,0.033928,0.033928,0.588800,-0.023750,0,51,1,-1,22,16,42,113.000000,71.333300,68.000000,1.157008,0.870016,0.991262,0.030457,0.033928,0.038639,0.038639,4,0,4,fixed,4,1,1,0,3.000000,4.000000
2,centralized_dqn,centralized_dqn,0,4,4,28,2,2,4,0.000000,68.000000,0.588235,42,0.588800,29,0,2,0,0.588800,0.622727,0.033928,0.033928,0.588800,-0.023750,0,51,1,-1,22,16,42,113.000000,71.333300,68.000000,0.353982,0.560748,0.588235,0.019929,0.029217,0.033928,0.029217,4,0,4,fixed,4,1,1,0,3.000000,4.000000
2,centralized_dqn,centralized_dqn,0,4,4,29,0,0,2,3.628359,113.000000,0.453545,22,0.588800,29,0,0,0,0.588800,0.622727,0.033928,0.033928,0.588800,-0.023750,0,51,1,0,22,16,42,113.000000,71.333300,68.000000,0.453602,0.090388,0.371723,0.033928,-0.002689,0.040014,0.040014,4,0,4,fixed,4,1,1,0,3.000000,4.000000
2,centralized_dqn,centralized_dqn,0,4,4,30,2,2,3,0.000000,68.000000,1.470588,42,0.588800,29,0,2,0,0.588800,0.622727,0.033928,0.033928,0.588800,-0.023750,0,51,1,1,22,16,42,113.000000,71.333300,68.000000,0.884956,1.401870,1.470588,0.023072,0.029455,0.033928,0.029455,4,0,4,fixed,4,1,1,0,3.000000,4.000000
2,centralized_dqn,centralized_dqn,0,4,4,31,2,2,3,0.000000,68.000000,1.470588,42,0.588800,29,0,2,0,0.588800,0.622727,0.033928,0.033928,0.588800,-0.023750,0,51,1,1,22,16,42,113.000000,71.333300,68.000000,0.884956,1.401870,1.470588,0.023072,0.029455,0.033928,0.029455,4,0,4,fixed,4,1,1,0,3.000000,4.000000
2,centralized_dqn,centralized_dqn,0,4,4,32,2,2,3,0.000000,68.000000,1.470588,42,0.588800,29,0,2,0,0.588800,0.622727,0.033928,0.033928,0.588800,-0.023750,0,51,1,1,22,16,42,113.000000,71.333300,68.000000,0.884956,1.401870,1.470588,0.023072,0.029455,0.033928,0.029455,4,0,4,fixed,4,1,1,0,3.000000,4.000000
2,centralized_dqn,centralized_dqn,0,4,4,33,1,1,1,2.579973,71.333300,0.859991,16,0.588800,29,0,1,0,0.588800,0.622727,0.033928,0.033928,0.588800,-0.023750,0,51,1,-1,22,16,42,113.000000,71.333300,68.000000,1.157008,0.869165,0.991262,0.030462,0.033928,0.038644,0.038644,4,0,4,fixed,4,1,1,0,3.000000,4.000000
2,centralized_dqn,centralized_dqn,0,4,4,34,2,2,3,0.000000,68.000000,1.470588,42,0.588800,29,0,2,0,0.588800,0.622727,0.033928,0.033928,0.588800,-0.023750,0,51,1,1,22,16,42,113.000000,71.333300,68.000000,0.884956,1.401870,1.470588,0.023072,0.029455,0.033928,0.029455,4,0,4,fixed,4,1,1,0,3.000000,4.000000
2,centralized_dqn,centralized_dqn,0,4,4,35,0,0,2,3.566007,113.000000,0.445751,22,0.588800,29,0,0,0,0.588800,0.622727,0.033928,0.033928,0.588800,-0.023750,0,51,1,0,22,16,42,113.000000,71.333300,68.000000,0.453973,0.090388,0.371723,0.033928,-0.002696,0.040005,0.040005,4,0,4,fixed,4,1,1,0,3.000000,4.000000
2,centralized_dqn,centralized_dqn,0,4,4,36,2,2,2,3.043699,68.000000,0.380462,42,0.588800,29,0,2,0,0.588800,0.622727,0.033928,0.033928,0.588800,-0.023750,0,51,1,0,22,16,42,113.000000,71.333300,68.000000,0.433878,0.090388,0.380596,0.026413,-0.008507,0.033928,0.026413,4,0,4,fixed,4,1,1,0,3.000000,4.000000
2,centralized_dqn,centralized_dqn,0,4,4,37,2,2,4,0.000000,68.000000,0.588235,42,0.588800,29,0,2,0,0.588800,0.622727,0.033928,0.033928,0.588800,-0.023750,0,51,1,-1,22,16,42,113.000000,71.333300,68.000000,0.353982,0.560748,0.588235,0.019929,0.029217,0.033928,0.029217,4,0,4,fixed,4,1,1,0,3.000000,4.000000
2,centralized_dqn,centralized_dqn,0,4,4,38,0,0,2,3.566019,113.000000,0.445752,22,0.588800,29,0,0,0,0.588800,0.622727,0.033928,0.033928,0.588800,-0.023750,0,51,1,0,22,16,42,113.000000,71.333300,68.000000,0.453973,0.090388,0.371723,0.033928,-0.002696,0.040005,0.040005,4,0,4,fixed,4,1,1,0,3.000000,4.000000
2,centralized_dqn,centralized_dqn,0,4,4,39,2,2,4,0.000000,68.000000,0.588235,42,0.588800,29,0,2,0,0.588800,0.622727,0.033928,0.033928,0.588800,-0.023750,0,51,1,-1,22,16,42,113.000000,71.333300,68.000000,0.353982,0.560748,0.588235,0.019929,0.029217,0.033928,0.029217,4,0,4,fixed,4,1,1,0,3.000000,4.000000
2,centralized_dqn,centralized_dqn,0,4,4,40,1,1,1,2.624191,71.333300,0.874730,16,0.588800,29,0,1,0,0.588800,0.622727,0.033928,0.033928,0.588800,-0.023750,0,51,1,-1,22,16,42,113.000000,71.333300,68.000000,1.157008,0.868112,0.991262,0.030468,0.033928,0.038651,0.038651,4,0,4,fixed,4,1,1,0,3.000000,4.000000
2,centralized_dqn,centralized_dqn,0,4,4,41,0,0,2,3.628295,113.000000,0.453537,22,0.588800,29,0,0,0,0.588800,0.622727,0.033928,0.033928,0.588800,-0.023750,0,51,1,0,22,16,42,113.000000,71.333300,68.000000,0.453603,0.090388,0.371723,0.033928,-0.002689,0.040014,0.040014,4,0,4,fixed,4,1,1,0,3.000000,4.000000
2,centralized_dqn,centralized_dqn,0,4,4,42,2,2,4,0.000000,68.000000,0.588235,42,0.588800,29,0,2,0,0.588800,0.622727,0.033928,0.033928,0.588800,-0.023750,0,51,1,-1,22,16,42,113.000000,71.333300,68.000000,0.353982,0.560748,0.588235,0.019929,0.029217,0.033928,0.029217,4,0,4,fixed,4,1,1,0,3.000000,4.000000
2,centralized_dqn,centralized_dqn,0,4,4,43,1,1,1,2.702388,71.333300,0.900796,16,0.588800,29,0,1,0,0.588800,0.622727,0.033928,0.033928,0.588800,-0.023750,0,51,1,-1,22,16,42,113.000000,71.333300,68.000000,1.157008,0.866250,0.991262,0.030479,0.033928,0.038662,0.038662,4,0,4,fixed,4,1,1,0,3.000000,4.000000
2,centralized_dqn,centralized_dqn,0,4,4,44,2,2,4,0.000000,68.000000,0.588235,42,0.588800,29,0,2,0,0.588800,0.622727,0.033928,0.033928,0.588800,-0.023750,0,51,1,-1,22,16,42,113.000000,71.333300,68.000000,0.353982,0.560748,0.588235,0.019929,0.029217,0.033928,0.029217,4,0,4,fixed,4,1,1,0,3.000000,4.000000
2,centralized_dqn,centralized_dqn,0,4,4,45,0,0,2,3.628430,113.000000,0.453554,22,0.588800,29,0,0,0,0.588800,0.622727,0.033928,0.033928,0.588800,-0.023750,0,51,1,0,22,16,42,113.000000,71.333300,68.000000,0.453602,0.090388,0.371723,0.033928,-0.002689,0.040014,0.040014,4,0,4,fixed,4,1,1,0,3.000000,4.000000
2,centralized_dqn,centralized_dqn,0,4,4,46,1,1,1,2.545197,71.333300,0.848399,16,0.588800,29,0,1,0,0.588800,0.622727,0.033928,0.033928,0.588800,-0.023750,0,51,1,-1,22,16,42,113.000000,71.333300,68.000000,1.157008,0.869993,0.991262,0.030457,0.033928,0.038639,0.038639,4,0,4,fixed,4,1,1,0,3.000000,4.000000
2,centralized_dqn,centralized_dqn,0,4,4,47,2,2,3,0.000000,68.000000,1.470588,42,0.588800,29,0,2,0,0.588800,0.622727,0.033928,0.033928,0.588800,-0.023750,0,51,1,1,22,16,42,113.000000,71.333300,68.000000,0.884956,1.401870,1.470588,0.023072,0.029455,0.033928,0.029455,4,0,4,fixed,4,1,1,0,3.000000,4.000000
2,centralized_dqn,centralized_dqn,0,4,4,48,2,2,4,0.000000,68.000000,0.588235,42,0.588800,29,0,2,0,0.588800,0.622727,0.033928,0.033928,0.588800,-0.023750,0,51,1,-1,22,16,42,113.000000,71.333300,68.000000,0.353982,0.560748,0.588235,0.019929,0.029217,0.033928,0.029217,4,0,4,fixed,4,1,1,0,3.000000,4.000000
2,centralized_dqn,centralized_dqn,0,4,4,49,2,2,2,3.042648,68.000000,0.380331,42,0.588800,29,0,2,0,0.588800,0.622727,0.033928,0.033928,0.588800,-0.023750,0,51,1,0,22,16,42,113.000000,71.333300,68.000000,0.433878,0.090388,0.380622,0.026412,-0.008508,0.033928,0.026412,4,0,4,fixed,4,1,1,0,3.000000,4.000000
2,centralized_dqn,centralized_dqn,0,4,4,50,2,2,3,0.000000,68.000000,1.470588,42,0.588800,29,0,2,0,0.588800,0.622727,0.033928,0.033928,0.588800,-0.023750,0,51,1,1,22,16,42,113.000000,71.333300,68.000000,0.884956,1.401870,1.470588,0.023072,0.029455,0.033928,0.029455,4,0,4,fixed,4,1,1,0,3.000000,4.000000
2,centralized_dqn,centralized_dqn,0,4,4,51,1,1,1,2.929072,71.333300,0.976357,16,0.588800,29,0,1,0,0.588800,0.622727,0.033928,0.033928,0.588800,-0.023750,0,51,1,-1,22,16,42,113.000000,71.333300,68.000000,1.157008,0.860853,0.991262,0.030512,0.033928,0.038695,0.038695,4,0,4,fixed,4,1,1,0,3.000000,4.000000
2,centralized_dqn,centralized_dqn,0,4,4,52,0,0,2,3.628284,113.000000,0.453535,22,0.588800,29,0,0,0,0.588800,0.622727,0.033928,0.033928,0.588800,-0.023750,0,51,1,0,22,16,42,113.000000,71.333300,68.000000,0.453603,0.090388,0.371723,0.033928,-0.002689,0.040014,0.040014,4,0,4,fixed,4,1,1,0,3.000000,4.000000
2,centralized_dqn,centralized_dqn,0,4,4,53,2,2,3,0.000000,68.000000,1.470588,42,0.588800,29,0,2,0,0.588800,0.622727,0.033928,0.033928,0.588800,-0.023750,0,51,1,1,22,16,42,113.000000,71.333300,68.000000,0.884956,1.401870,1.470588,0.023072,0.029455,0.033928,0.029455,4,0,4,fixed,4,1,1,0,3.000000,4.000000
2,centralized_dqn,centralized_dqn,0,4,4,54,2,2,3,0.000000,68.000000,1.470588,42,0.588800,29,0,2,0,0.588800,0.622727,0.033928,0.033928,0.588800,-0.023750,0,51,1,1,22,16,42,113.000000,71.333300,68.000000,0.884956,1.401870,1.470588,0.023072,0.029455,0.033928,0.029455,4,0,4,fixed,4,1,1,0,3.000000,4.000000
2,centralized_dqn,centralized_dqn,0,4,4,55,2,2,3,0.000000,68.000000,1.470588,42,0.588800,29,0,2,0,0.588800,0.622727,0.033928,0.033928,0.588800,-0.023750,0,51,1,1,22,16,42,113.000000,71.333300,68.000000,0.884956,1.401870,1.470588,0.023072,0.029455,0.033928,0.029455,4,0,4,fixed,4,1,1,0,3.000000,4.000000
2,centralized_dqn,centralized_dqn,0,4,4,56,2,2,3,0.000000,68.000000,1.470588,42,0.588800,29,0,2,0,0.588800,0.622727,0.033928,0.033928,0.588800,-0.023750,0,51,1,1,22,16,42,113.000000,71.333300,68.000000,0.884956,1.401870,1.470588,0.023072,0.029455,0.033928,0.029455,4,0,4,fixed,4,1,1,0,3.000000,4.000000
2,centralized_dqn,centralized_dqn,0,4,4,57,0,0,2,3.566042,113.000000,0.445755,22,0.588800,29,0,0,0,0.588800,0.622727,0.033928,0.033928,0.588800,-0.023750,0,51,1,0,22,16,42,113.000000,71.333300,68.000000,0.453973,0.090388,0.371723,0.033928,-0.002696,0.040005,0.040005,4,0,4,fixed,4,1,1,0,3.000000,4.000000
2,centralized_dqn,centralized_dqn,0,4,4,58,1,1,1,2.599559,71.333300,0.866520,16,0.588800,29,0,1,0,0.588800,0.622727,0.033928,0.033928,0.588800,-0.023750,0,51,1,-1,22,16,42,113.000000,71.333300,68.000000,1.157008,0.868698,0.991262,0.030465,0.033928,0.038647,0.038647,4,0,4,fixed,4,1,1,0,3.000000,4.000000
2,centralized_dqn,centralized_dqn,0,4,4,59,0,0,2,3.628248,113.000000,0.453531,22,0.588800,29,0,0,0,0.588800,0.622727,0.033928,0.033928,0.588800,-0.023750,0,51,1,0,22,16,42,113.000000,71.333300,68.000000,0.453603,0.090388,0.371723,0.033928,-0.002689,0.040014,0.040014,4,0,4,fixed,4,1,1,0,3.000000,4.000000
2,centralized_dqn,centralized_dqn,0,4,4,60,0,0,2,3.772681,113.000000,0.471585,22,0.588800,29,0,0,0,0.588800,0.622727,0.033928,0.033928,0.588800,-0.023750,0,51,1,0,22,16,42,113.000000,71.333300,68.000000,0.452743,0.090388,0.371723,0.033928,-0.002671,0.040033,0.040033,4,0,4,fixed,4,1,1,0,3.000000,4.000000
2,centralized_dqn,centralized_dqn,0,4,4,61,2,2,4,0.000000,68.000000,0.588235,42,0.588800,29,0,2,0,0.588800,0.622727,0.033928,0.033928,0.588800,-0.023750,0,51,1,-1,22,16,42,113.000000,71.333300,68.000000,0.353982,0.560748,0.588235,0.019929,0.029217,0.033928,0.029217,4,0,4,fixed,4,1,1,0,3.000000,4.000000
2,centralized_dqn,centralized_dqn,0,4,4,62,0,0,2,3.773850,113.000000,0.471731,22,0.588800,29,0,0,0,0.588800,0.622727,0.033928,0.033928,0.588800,-0.023750,0,51,1,0,22,16,42,113.000000,71.333300,68.000000,0.452736,0.090388,0.371723,0.033928,-0.002671,0.040034,0.040034,4,0,4,fixed,4,1,1,0,3.000000,4.000000
2,centralized_dqn,centralized_dqn,0,4,4,63,2,2,4,0.000000,68.000000,0.588235,42,0.588800,29,0,2,0,0.588800,0.622727,0.033928,0.033928,0.588800,-0.023750,0,51,1,-1,22,16,42,113.000000,71.333300,68.000000,0.353982,0.560748,0.588235,0.019929,0.029217,0.033928,0.029217,4,0,4,fixed,4,1,1,0,3.000000,4.000000
2,centralized_dqn,centralized_dqn,0,4,4,64,2,2,4,0.000000,68.000000,0.588235,42,0.588800,29,0,2,0,0.588800,0.622727,0.033928,0.033928,0.588800,-0.023750,0,51,1,-1,22,16,42,113.000000,71.333300,68.000000,0.353982,0.560748,0.588235,0.019929,0.029217,0.033928,0.029217,4,0,4,fixed,4,1,1,0,3.000000,4.000000
2,centralized_dqn,centralized_dqn,0,4,4,65,1,1,1,2.406134,71.333300,0.802045,16,0.588800,29,0,1,0,0.588800,0.622727,0.033928,0.033928,0.588800,-0.023750,0,51,1,-1,22,16,42,113.000000,71.333300,68.000000,1.157008,0.873304,0.991262,0.030437,0.033928,0.038619,0.038619,4,0,4,fixed,4,1,1,0,3.000000,4.000000
2,centralized_dqn,centralized_dqn,0,4,4,66,2,2,4,0.000000,68.000000,0.588235,42,0.588800,29,0,2,0,0.588800,0.622727,0.033928,0.033928,0.588800,-0.023750,0,51,1,-1,22,16,42,113.000000,71.333300,68.000000,0.353982,0.560748,0.588235,0.019929,0.029217,0.033928,0.029217,4,0,4,fixed,4,1,1,0,3.000000,4.000000
2,centralized_dqn,centralized_dqn,0,4,4,67,2,2,3,0.000000,68.000000,1.470588,42,0.588800,29,0,2,0,0.588800,0.622727,0.033928,0.033928,0.588800,-0.023750,0,51,1,1,22,16,42,113.000000,71.333300,68.000000,0.884956,1.401870,1.470588,0.023072,0.029455,0.033928,0.029455,4,0,4,fixed,4,1,1,0,3.000000,4.000000
2,centralized_dqn,centralized_dqn,0,4,4,68,1,1,1,2.564700,71.333300,0.854900,16,0.588800,29,0,1,0,0.588800,0.622727,0.033928,0.033928,0.588800,-0.023750,0,51,1,-1,22,16,42,113.000000,71.333300,68.000000,1.157008,0.869528,0.991262,0.030460,0.033928,0.038642,0.038642,4,0,4,fixed,4,1,1,0,3.000000,4.000000
2,centralized_dqn,centralized_dqn,0,4,4,69,2,2,4,0.000000,68.000000,0.588235,42,0.588800,29,0,2,0,0.588800,0.622727,0.033928,0.033928,0.588800,-0.023750,0,51,1,-1,22,16,42,113.000000,71.333300,68.000000,0.353982,0.560748,0.588235,0.019929,0.029217,0.033928,0.029217,4,0,4,fixed,4,1,1,0,3.000000,4.000000
2,centralized_dqn,centralized_dqn,0,4,4,70,0,0,2,3.628396,113.000000,0.453549,22,0.588800,29,0,0,0,0.588800,0.622727,0.033928,0.033928,0.588800,-0.023750,0,51,1,0,22,16,42,113.000000,71.333300,68.000000,0.453602,0.090388,0.371723,0.033928,-0.002689,0.040014,0.040014,4,0,4,fixed,4,1,1,0,3.000000,4.000000
2,centralized_dqn,centralized_dqn,0,4,4,71,0,0,2,3.562818,113.000000,0.445352,22,0.588800,29,0,0,0,0.588800,0.622727,0.033928,0.033928,0.588800,-0.023750,0,51,1,0,22,16,42,113.000000,71.333300,68.000000,0.453992,0.090388,0.371723,0.033928,-0.002696,0.040005,0.040005,4,0,4,fixed,4,1,1,0,3.000000,4.000000
2,centralized_dqn,centralized_dqn,0,4,4,72,1,1,1,2.820634,71.333300,0.940211,16,0.588800,29,0,1,0,0.588800,0.622727,0.033928,0.033928,0.588800,-0.023750,0,51,1,-1,22,16,42,113.000000,71.333300,68.000000,1.157008,0.863435,0.991262,0.030496,0.033928,0.038679,0.038679,4,0,4,fixed,4,1,1,0,3.000000,4.000000
2,centralized_dqn,centralized_dqn,0,4,4,73,1,1,1,2.573253,71.333300,0.857751,16,0.588800,29,0,1,0,0.588800,0.622727,0.033928,0.033928,0.588800,-0.023750,0,51,1,-1,22,16,42,113.000000,71.333300,68.000000,1.157008,0.869325,0.991262,0.030461,0.033928,0.038643,0.038643,4,0,4,fixed,4,1,1,0,3.000000,4.000000
2,centralized_dqn,centralized_dqn,0,4,4,74,0,0,2,3.561699,113.000000,0.445212,22,0.588800,29,0,0,0,0.588800,0.622727,0.033928,0.033928,0.588800,-0.023750,0,51,1,0,22,16,42,113.000000,71.333300,68.000000,0.453999,0.090388,0.371723,0.033928,-0.002696,0.040005,0.040005,4,0,4,fixed,4,1,1,0,3.000000,4.000000
2,centralized_dqn,centralized_dqn,0,4,4,75,2,2,3,0.000000,68.000000,1.470588,42,0.588800,29,0,2,0,0.588800,0.622727,0.033928,0.033928,0.588800,-0.023750,0,51,1,1,22,16,42,113.000000,71.333300,68.000000,0.884956,1.401870,1.470588,0.023072,0.029455,0.033928,0.029455,4,0,4,fixed,4,1,1,0,3.000000,4.000000
2,centralized_dqn,centralized_dqn,0,4,4,76,0,0,2,3.719041,113.000000,0.464880,22,0.588800,29,0,0,0,0.588800,0.622727,0.033928,0.033928,0.588800,-0.023750,0,51,1,0,22,16,42,113.000000,71.333300,68.000000,0.453063,0.090388,0.371723,0.033928,-0.002678,0.040026,0.040026,4,0,4,fixed,4,1,1,0,3.000000,4.000000
2,centralized_dqn,centralized_dqn,0,4,4,77,0,0,2,3.719006,113.000000,0.464876,22,0.588800,29,0,0,0,0.588800,0.622727,0.033928,0.033928,0.588800,-0.023750,0,51,1,0,22,16,42,113.000000,71.333300,68.000000,0.453063,0.090388,0.371723,0.033928,-0.002678,0.040026,0.040026,4,0,4,fixed,4,1,1,0,3.000000,4.000000
2,centralized_dqn,centralized_dqn,0,4,4,78,2,2,4,0.000000,68.000000,0.588235,42,0.588800,29,0,2,0,0.588800,0.622727,0.033928,0.033928,0.588800,-0.023750,0,51,1,-1,22,16,42,113.000000,71.333300,68.000000,0.353982,0.560748,0.588235,0.019929,0.029217,0.033928,0.029217,4,0,4,fixed,4,1,1,0,3.000000,4.000000
2,centralized_dqn,centralized_dqn,0,4,4,79,0,0,2,3.561724,113.000000,0.445215,22,0.588800,29,0,0,0,0.588800,0.622727,0.033928,0.033928,0.588800,-0.023750,0,51,1,0,22,16,42,113.000000,71.333300,68.000000,0.453999,0.090388,0.371723,0.033928,-0.002696,0.040005,0.040005,4,0,4,fixed,4,1,1,0,3.000000,4.000000
2,centralized_dqn,centralized_dqn,0,4,4,80,2,2,3,0.000000,68.000000,1.470588,42,0.588800,29,0,2,0,0.588800,0.622727,0.033928,0.033928,0.588800,-0.023750,0,51,1,1,22,16,42,113.000000,71.333300,68.000000,0.884956,1.401870,1.470588,0.023072,0.029455,0.033928,0.029455,4,0,4,fixed,4,1,1,0,3.000000,4.000000
2,centralized_dqn,centralized_dqn,0,4,5,1,2,2,3,0.000000,75.500000,1.324503,42,0.563760,29,0,2,0,0.563760,0.563760,0.000000,0.000000,0.563760,-0.025040,0,55,1,1,22,16,42,113.000000,70.500000,75.500000,0.884956,1.418440,1.324503,0.026877,0.032871,0.036650,0.032871,4,0,4,fixed,4,1,1,0,3.000000,4.000000
2,centralized_dqn,centralized_dqn,0,4,5,2,1,1,1,3.065230,70.500000,1.021743,16,0.563760,29,0,1,0,0.563760,0.563760,0.000000,0.000000,0.563760,-0.025040,0,55,1,-1,22,16,42,113.000000,70.500000,75.500000,1.157038,0.859533,0.992507,0.033470,0.036650,0.041084,0.041084,4,0,4,fixed,4,1,1,0,3.000000,4.000000
2,centralized_dqn,centralized_dqn,0,4,5,3,2,2,4,0.000000,75.500000,0.529801,42,0.563760,29,0,2,0,0.563760,0.563760,0.000000,0.000000,0.563760,-0.025040,0,55,1,-1,22,16,42,113.000000,70.500000,75.500000,0.353982,0.567376,0.529801,0.024434,0.033205,0.036650,0.033205,4,0,4,fixed,4,1,1,0,3.000000,4.000000
2,centralized_dqn,centralized_dqn,0,4,5,4,1,1,1,2.706016,70.500000,0.902005,16,0.563760,29,0,1,0,0.563760,0.563760,0.000000,0.000000,0.563760,-0.025040,0,55,1,-1,22,16,42,113.000000,70.500000,75.500000,1.157038,0.868086,0.992507,0.033422,0.036650,0.041035,0.041035,4,0,4,fixed,4,1,1,0,3.000000,4.000000
2,centralized_dqn,centralized_dqn,0,4,5,5,2,2,4,0.000000,75.500000,0.529801,42,0.563760,29,0,2,0,0.563760,0.563760,0.000000,0.000000,0.563760,-0.025040,0,55,1,-1,22,16,42,113.000000,70.500000,75.500000,0.353982,0.567376,0.529801,0.024434,0.033205,0.036650,0.033205,4,0,4,fixed,4,1,1,0,3.000000,4.000000
2,centralized_dqn,centralized_dqn,0,4,5,6,2,2,4,0.000000,75.500000,0.529801,42,0.563760,29,0,2,0,0.563760,0.563760,0.000000,0.000000,0.563760,-0.025040,0,55,1,-1,22,16,42,113.000000,70.500000,75.500000,0.353982,0.567376,0.529801,0.024434,0.033205,0.036650,0.033205,4,0,4,fixed,4,1,1,0,3.000000,4.000000
2,centralized_dqn,centralized_dqn,0,4,5,7,1,1,2,0.690745,70.500000,0.086343,16,0.563760,29,1,1,0,0.563760,0.563760,0.000000,0.000000,0.563760,-0.025040,0,55,1,0,22,16,42,113.000000,70.500000,75.500000,0.433889,0.326380,0.372190,0.034995,0.036650,0.041553,0.041553,4,0,4,fixed,4,1,1,0,3.000000,4.000000
2,centralized_dqn,centralized_dqn,0,4,5,8,2,2,2,3.151881,75.500000,0.393985,42,0.563760,29,0,2,0,0.563760,0.563760,0.000000,0.000000,0.563760,-0.025040,0,55,1,0,22,16,42,113.000000,70.500000,75.500000,0.433889,0.081264,0.378465,0.029723,-0.007673,0.036650,0.029723,4,0,4,fixed,4,1,1,0,3.000000,4.000000
2,centralized_dqn,centralized_dqn,0,4,5,9,0,0,2,3.685190,113.000000,0.460649,22,0.563760,29,0,0,0,0.563760,0.563760,0.000000,0.000000,0.563760,-0.025040,0,55,1,0,22,16,42,113.000000,70.500000,75.500000,0.453276,0.081264,0.372190,0.036650,-0.002381,0.042330,0.042330,4,0,4,fixed,4,1,1,0,3.000000,4.000000
2,centralized_dqn,centralized_dqn,0,4,5,10,2,2,2,3.165005,75.500000,0.395626,42,0.563760,29,0,2,0,0.563760,0.563760,0.000000,0.000000,0.563760,-0.025040,0,55,1,0,22,16,42,113.000000,70.500000,75.500000,0.433889,0.081264,0.378137,0.029733,-0.007664,0.036650,0.029733,4,0,4,fixed,4,1,1,0,3.000000,4.000000
2,centralized_dqn,centralized_dqn,0,4,5,11,2,2,3,0.000000,75.500000,1.324503,42,0.563760,29,0,2,0,0.563760,0.563760,0.000000,0.000000,0.563760,-0.025040,0,55,1,1,22,16,42,113.000000,70.500000,75.500000,0.884956,1.418440,1.324503,0.026877,0.032871,0.036650,0.032871,4,0,4,fixed,4,1,1,0,3.000000,4.000000
2,centralized_dqn,centralized_dqn,0,4,5,12,2,2,2,3.001077,75.500000,0.375135,42,0.563760,29,0,2,0,0.563760,0.563760,0.000000,0.000000,0.563760,-0.025040,0,55,1,0,22,16,42,113.000000,70.500000,75.500000,0.433889,0.081264,0.382235,0.029611,-0.007771,0.036650,0.029611,4,0,4,fixed,4,1,1,0,3.000000,4.000000
2,centralized_dqn,centralized_dqn,0,4,5,13,2,2,3,0.000000,75.500000,1.324503,42,0.563760,29,0,2,0,0.563760,0.563760,0.000000,0.000000,0.563760,-0.025040,0,55,1,1,22,16,42,113.000000,70.500000,75.500000,0.884956,1.418440,1.324503,0.026877,0.032871,0.036650,0.032871,4,0,4,fixed,4,1,1,0,3.000000,4.000000
2,centralized_dqn,centralized_dqn,0,4,5,14,2,2,4,0.000000,75.500000,0.529801,42,0.563760,29,0,2,0,0.563760,0.563760,0.000000,0.000000,0.563760,-0.025040,0,55,1,-1,22,16,42,113.000000,70.500000,75.500000,0.353982,0.567376,0.529801,0.024434,0.033205,0.036650,0.033205,4,0,4,fixed,4,1,1,0,3.000000,4.000000
2,centralized_dqn,centralized_dqn,0,4,5,15,2,2,2,2.984647,75.500000,0.373081,42,0.563760,29,0,2,0,0.563760,0.563760,0.000000,0.000000,0.563760,-0.025040,0,55,1,0,22,16,42,113.000000,70.500000,75.500000,0.433889,0.081264,0.382646,0.029599,-0.007782,0.036650,0.029599,4,0,4,fixed,4,1,1,0,3.000000,4.000000
2,centralized_dqn,centralized_dqn,0,4,5,16,0,0,2,3.544306,113.000000,0.443038,22,0.563760,29,0,0,0,0.563760,0.563760,0.000000,0.000000,0.563760,-0.025040,0,55,1,0,22,16,42,113.000000,70.500000,75.500000,0.454115,0.081264,0.372190,0.036650,-0.002396,0.042312,0.042312,4,0,4,fixed,4,1,1,0,3.000000,4.000000
2,centralized_dqn,centralized_dqn,0,4,5,17,0,0,2,3.544305,113.000000,0.443038,22,0.563760,29,0,0,0,0.563760,0.563760,0.000000,0.000000,0.563760,-0.025040,0,55,1,0,22,16,42,113.000000,70.500000,75.500000,0.454115,0.081264,0.372190,0.036650,-0.002396,0.042312,0.042312,4,0,4,fixed,4,1,1,0,3.000000,4.000000
2,centralized_dqn,centralized_dqn,0,4,5,18,2,2,4,0.000000,75.500000,0.529801,42,0.563760,29,0,2,0,0.563760,0.563760,0.000000,0.000000,0.563760,-0.025040,0,55,1,-1,22,16,42,113.000000,70.500000,75.500000,0.353982,0.567376,0.529801,0.024434,0.033205,0.036650,0.033205,4,0,4,fixed,4,1,1,0,3.000000,4.000000
2,centralized_dqn,centralized_dqn,0,4,5,19,2,2,3,0.000000,75.500000,1.324503,42,0.563760,29,0,2,0,0.563760,0.563760,0.000000,0.000000,0.563760,-0.025040,0,55,1,1,22,16,42,113.000000,70.500000,75.500000,0.884956,1.418440,1.324503,0.026877,0.032871,0.036650,0.032871,4,0,4,fixed,4,1,1,0,3.000000,4.000000
2,centralized_dqn,centralized_dqn,0,4,5,20,1,1,1,2.718234,70.500000,0.906078,16,0.563760,29,0,1,0,0.563760,0.563760,0.000000,0.000000,0.563760,-0.025040,0,55,1,-1,22,16,42,113.000000,70.500000,75.500000,1.157038,0.867795,0.992507,0.033423,0.036650,0.041037,0.041037,4,0,4,fixed,4,1,1,0,3.000000,4.000000
2,centralized_dqn,centralized_dqn,0,4,5,21,2,2,4,0.000000,75.500000,0.529801,42,0.563760,29,0,2,0,0.563760,0.563760,0.000000,0.000000,0.563760,-0.025040,0,55,1,-1,22,16,42,113.000000,70.500000,75.500000,0.353982,0.567376,0.529801,0.024434,0.033205,0.036650,0.033205,4,0,4,fixed,4,1,1,0,3.000000,4.000000
2,centralized_dqn,centralized_dqn,0,4,5,22,0,0,2,3.544294,113.000000,0.443037,22,0.563760,29,0,0,0,0.563760,0.563760,0.000000,0.000000,0.563760,-0.025040,0,55,1,0,22,16,42,113.000000,70.500000,75.500000,0.454115,0.081264,0.372190,0.036650,-0.002396,0.042312,0.042312,4,0,4,fixed,4,1,1,0,3.000000,4.000000
2,centralized_dqn,centralized_dqn,0,4,5,23,0,0,2,3.544329,113.000000,0.443041,22,0.563760,29,0,0,0,0.563760,0.563760,0.000000,0.000000,0.563760,-0.025040,0,55,1,0,22,16,42,113.000000,70.500000,75.500000,0.454115,0.081264,0.372190,0.036650,-0.002396,0.042312,0.042312,4,0,4,fixed,4,1,1,0,3.000000,4.000000
2,centralized_dqn,centralized_dqn,0,4,5,24,2,2,4,0.000000,75.500000,0.529801,42,0.563760,29,0,2,0,0.563760,0.563760,0.000000,0.000000,0.563760,-0.025040,0,55,1,-1,22,16,42,113.000000,70.500000,75.500000,0.353982,0.567376,0.529801,0.024434,0.033205,0.036650,0.033205,4,0,4,fixed,4,1,1,0,3.000000,4.000000
2,centralized_dqn,centralized_dqn,0,4,5,25,1,1,1,2.525186,70.500000,0.841729,16,0.563760,29,0,1,0,0.563760,0.563760,0.000000,0.000000,0.563760,-0.025040,0,55,1,-1,22,16,42,113.000000,70.500000,75.500000,1.157038,0.872391,0.992507,0.033398,0.036650,0.041011,0.041011,4,0,4,fixed,4,1,1,0,3.000000,4.000000
2,centralized_dqn,centralized_dqn,0,4,5,26,0,0,2,3.642592,113.000000,0.455324,22,0.563760,29,0,0,0,0.563760,0.563760,0.000000,0.000000,0.563760,-0.025040,0,55,1,0,22,16,42,113.000000,70.500000,75.500000,0.453530,0.081264,0.372190,0.036650,-0.002386,0.042324,0.042324,4,0,4,fixed,4,1,1,0,3.000000,4.000000
2,centralized_dqn,centralized_dqn,0,4,5,27,1,1,1,2.536794,70.500000,0.845598,16,0.563760,29,0,1,0,0.563760,0.563760,0.000000,0.000000,0.563760,-0.025040,0,55,1,-1,22,16,42,113.000000,70.500000,75.500000,1.157038,0.872115,0.992507,0.033400,0.036650,0.041012,0.041012,4,0,4,fixed,4,1,1,0,3.000000,4.000000
2,centralized_dqn,centralized_dqn,0,4,5,28,2,2,4,0.000000,75.500000,0.529801,42,0.563760,29,0,2,0,0.563760,0.563760,0.000000,0.000000,0.563760,-0.025040,0,55,1,-1,22,16,42,113.000000,70.500000,75.500000,0.353982,0.567376,0.529801,0.024434,0.033205,0.036650,0.033205,4,0,4,fixed,4,1,1,0,3.000000,4.000000
2,centralized_dqn,centralized_dqn,0,4,5,29,0,0,2,3.543130,113.000000,0.442891,22,0.563760,29,0,0,0,0.563760,0.563760,0.000000,0.000000,0.563760,-0.025040,0,55,1,0,22,16,42,113.000000,70.500000,75.500000,0.454122,0.081264,0.372190,0.036650,-0.002396,0.042312,0.042312,4,0,4,fixed,4,1,1,0,3.000000,4.000000
2,centralized_dqn,centralized_dqn,0,4,5,30,2,2,3,0.000000,75.500000,1.324503,42,0.563760,29,0,2,0,0.563760,0.563760,0.000000,0.000000,0.563760,-0.025040,0,55,1,1,22,16,42,113.000000,70.500000,75.500000,0.884956,1.418440,1.324503,0.026877,0.032871,0.036650,0.032871,4,0,4,fixed,4,1,1,0,3.000000,4.000000
2,centralized_dqn,centralized_dqn,0,4,5,31,2,2,3,0.000000,75.500000,1.324503,42,0.563760,29,0,2,0,0.563760,0.563760,0.000000,0.000000,0.563760,-0.025040,0,55,1,1,22,16,42,113.000000,70.500000,75.500000,0.884956,1.418440,1.324503,0.026877,0.032871,0.036650,0.032871,4,0,4,fixed,4,1,1,0,3.000000,4.000000
2,centralized_dqn,centralized_dqn,0,4,5,32,2,2,3,0.000000,75.500000,1.324503,42,0.563760,29,0,2,0,0.563760,0.563760,0.000000,0.000000,0.563760,-0.025040,0,55,1,1,22,16,42,113.000000,70.500000,75.500000,0.884956,1.418440,1.324503,0.026877,0.032871,0.036650,0.032871,4,0,4,fixed,4,1,1,0,3.000000,4.000000
2,centralized_dqn,centralized_dqn,0,4,5,33,1,1,1,2.201999,70.500000,0.734000,16,0.563760,29,0,1,0,0.563760,0.563760,0.000000,0.000000,0.563760,-0.025040,0,55,1,-1,22,16,42,113.000000,70.500000,75.500000,1.157038,0.880086,0.992507,0.033356,0.036650,0.040968,0.040968,4,0,4,fixed,4,1,1,0,3.000000,4.000000
2,centralized_dqn,centralized_dqn,0,4,5,34,2,2,3,0.000000,75.500000,1.324503,42,0.563760,29,0,2,0,0.563760,0.563760,0.000000,0.000000,0.563760,-0.025040,0,55,1,1,22,16,42,113.000000,70.500000,75.500000,0.884956,1.418440,1.324503,0.026877,0.032871,0.036650,0.032871,4,0,4,fixed,4,1,1,0,3.000000,4.000000
2,centralized_dqn,centralized_dqn,0,4,5,35,0,0,2,3.566124,113.000000,0.445765,22,0.563760,29,0,0,0,0.563760,0.563760,0.000000,0.000000,0.563760,-0.025040,0,55,1,0,22,16,42,113.000000,70.500000,75.500000,0.453985,0.081264,0.372190,0.036650,-0.002394,0.042315,0.042315,4,0,4,fixed,4,1,1,0,3.000000,4.000000
2,centralized_dqn,centralized_dqn,0,4,5,36,2,2,2,2.983567,75.500000,0.372946,42,0.563760,29,0,2,0,0.563760,0.563760,0.000000,0.000000,0.563760,-0.025040,0,55,1,0,22,16,42,113.000000,70.500000,75.500000,0.433889,0.081264,0.382673,0.029598,-0.007783,0.036650,0.029598,4,0,4,fixed,4,1,1,0,3.000000,4.000000
2,centralized_dqn,centralized_dqn,0,4,5,37,2,2,4,0.000000,75.500000,0.529801,42,0.563760,29,0,2,0,0.563760,0.563760,0.000000,0.000000,0.563760,-0.025040,0,55,1,-1,22,16,42,113.000000,70.500000,75.500000,0.353982,0.567376,0.529801,0.024434,0.033205,0.036650,0.033205,4,0,4,fixed,4,1,1,0,3.000000,4.000000
2,centralized_dqn,centralized_dqn,0,4,5,38,0,0,2,3.566124,113.000000,0.445765,22,0.563760,29,0,0,0,0.563760,0.563760,0.000000,0.000000,0.563760,-0.025040,0,55,1,0,22,16,42,113.000000,70.500000,75.500000,0.453985,0.081264,0.372190,0.036650,-0.002394,0.042315,0.042315,4,0,4,fixed,4,1,1,0,3.000000,4.000000
2,centralized_dqn,centralized_dqn,0,4,5,39,2,2,4,0.000000,75.500000,0.529801,42,0.563760,29,0,2,0,0.563760,0.563760,0.000000,0.000000,0.563760,-0.025040,0,55,1,-1,22,16,42,113.000000,70.500000,75.500000,0.353982,0.567376,0.529801,0.024434,0.033205,0.036650,0.033205,4,0,4,fixed,4,1,1,0,3.000000,4.000000
2,centralized_dqn,centralized_dqn,0,4,5,40,1,1,1,2.659586,70.500000,0.886529,16,0.563760,29,0,1,0,0.563760,0.563760,0.000000,0.000000,0.563760,-0.025040,0,55,1,-1,22,16,42,113.000000,70.500000,75.500000,1.157038,0.869191,0.992507,0.033416,0.036650,0.041029,0.041029,4,0,4,fixed,4,1,1,0,3.000000,4.000000
2,centralized_dqn,centralized_dqn,0,4,5,41,0,0,2,3.642553,113.000000,0.455319,22,0.563760,29,0,0,0,0.563760,0.563760,0.000000,0.000000,0.563760,-0.025040,0,55,1,0,22,16,42,113.000000,70.500000,75.500000,0.453530,0.081264,0.372190,0.036650,-0.002386,0.042324,0.042324,4,0,4,fixed,4,1,1,0,3.000000,4.000000
2,centralized_dqn,centralized_dqn,0,4,5,42,2,2,4,0.000000,75.500000,0.529801,42,0.563760,29,0,2,0,0.563760,0.563760,0.000000,0.000000,0.563760,-0.025040,0,55,1,-1,22,16,42,113.000000,70.500000,75.500000,0.353982,0.567376,0.529801,0.024434,0.033205,0.036650,0.033205,4,0,4,fixed,4,1,1,0,3.000000,4.000000
2,centralized_dqn,centralized_dqn,0,4,5,43,1,1,1,2.439659,70.500000,0.813220,16,0.563760,29,0,1,0,0.563760,0.563760,0.000000,0.000000,0.563760,-0.025040,0,55,1,-1,22,16,42,113.000000,70.500000,75.500000,1.157038,0.874428,0.992507,0.033387,0.036650,0.040999,0.040999,4,0,4,fixed,4,1,1,0,3.000000,4.000000
2,centralized_dqn,centralized_dqn,0,4,5,44,2,2,4,0.000000,75.500000,0.529801,42,0.563760,29,0,2,0,0.563760,0.563760,0.000000,0.000000,0.563760,-0.025040,0,55,1,-1,22,16,42,113.000000,70.500000,75.500000,0.353982,0.567376,0.529801,0.024434,0.033205,0.036650,0.033205,4,0,4,fixed,4,1,1,0,3.000000,4.000000
2,centralized_dqn,centralized_dqn,0,4,5,45,0,0,2,3.642553,113.000000,0.455319,22,0.563760,29,0,0,0,0.563760,0.563760,0.000000,0.000000,0.563760,-0.025040,0,55,1,0,22,16,42,113.000000,70.500000,75.500000,0.453530,0.081264,0.372190,0.036650,-0.002386,0.042324,0.042324,4,0,4,fixed,4,1,1,0,3.000000,4.000000
2,centralized_dqn,centralized_dqn,0,4,5,46,1,1,1,2.514190,70.500000,0.838063,16,0.563760,29,0,1,0,0.563760,0.563760,0.000000,0.000000,0.563760,-0.025040,0,55,1,-1,22,16,42,113.000000,70.500000,75.500000,1.157038,0.872653,0.992507,0.033397,0.036650,0.041009,0.041009,4,0,4,fixed,4,1,1,0,3.000000,4.000000
2,centralized_dqn,centralized_dqn,0,4,5,47,2,2,3,0.000000,75.500000,1.324503,42,0.563760,29,0,2,0,0.563760,0.563760,0.000000,0.000000,0.563760,-0.025040,0,55,1,1,22,16,42,113.000000,70.500000,75.500000,0.884956,1.418440,1.324503,0.026877,0.032871,0.036650,0.032871,4,0,4,fixed,4,1,1,0,3.000000,4.000000
2,centralized_dqn,centralized_dqn,0,4,5,48,2,2,4,0.000000,75.500000,0.529801,42,0.563760,29,0,2,0,0.563760,0.563760,0.000000,0.000000,0.563760,-0.025040,0,55,1,-1,22,16,42,113.000000,70.500000,75.500000,0.353982,0.567376,0.529801,0.024434,0.033205,0.036650,0.033205,4,0,4,fixed,4,1,1,0,3.000000,4.000000
2,centralized_dqn,centralized_dqn,0,4,5,49,2,2,2,3.004317,75.500000,0.375540,42,0.563760,29,0,2,0,0.563760,0.563760,0.000000,0.000000,0.563760,-0.025040,0,55,1,0,22,16,42,113.000000,70.500000,75.500000,0.433889,0.081264,0.382154,0.029614,-0.007769,0.036650,0.029614,4,0,4,fixed,4,1,1,0,3.000000,4.000000
2,centralized_dqn,centralized_dqn,0,4,5,50,2,2,3,0.000000,75.500000,1.324503,42,0.563760,29,0,2,0,0.563760,0.563760,0.000000,0.000000,0.563760,-0.025040,0,55,1,1,22,16,42,113.000000,70.500000,75.500000,0.884956,1.418440,1.324503,0.026877,0.032871,0.036650,0.032871,4,0,4,fixed,4,1,1,0,3.000000,4.000000
2,centralized_dqn,centralized_dqn,0,4,5,51,1,1,1,2.477536,70.500000,0.825845,16,0.563760,29,0,1,0,0.563760,0.563760,0.000000,0.000000,0.563760,-0.025040,0,55,1,-1,22,16,42,113.000000,70.500000,75.500000,1.157038,0.873526,0.992507,0.033392,0.036650,0.041004,0.041004,4,0,4,fixed,4,1,1,0,3.000000,4.000000
2,centralized_dqn,centralized_dqn,0,4,5,52,0,0,2,3.642546,113.000000,0.455318,22,0.563760,29,0,0,0,0.563760,0.563760,0.000000,0.000000,0.563760,-0.025040,0,55,1,0,22,16,42,113.000000,70.500000,75.500000,0.453530,0.081264,0.372190,0.036650,-0.002386,0.042324,0.042324,4,0,4,fixed,4,1,1,0,3.000000,4.000000
2,centralized_dqn,centralized_dqn,0,4,5,53,2,2,3,0.000000,75.500000,1.324503,42,0.563760,29,0,2,0,0.563760,0.563760,0.000000,0.000000,0.563760,-0.025040,0,55,1,1,22,16,42,113.000000,70.500000,75.500000,0.884956,1.418440,1.324503,0.026877,0.032871,0.036650,0.032871,4,0,4,fixed,4,1,1,0,3.000000,4.000000
2,centralized_dqn,centralized_dqn,0,4,5,54,2,2,3,0.000000,75.500000,1.324503,42,0.563760,29,0,2,0,0.563760,0.563760,0.000000,0.000000,0.563760,-0.025040,0,55,1,1,22,16,42,113.000000,70.500000,75.500000,0.884956,1.418440,1.324503,0.026877,0.032871,0.036650,0.032871,4,0,4,fixed,4,1,1,0,3.000000,4.000000
2,centralized_dqn,centralized_dqn,0,4,5,55,2,2,3,0.000000,75.500000,1.324503,42,0.563760,29,0,2,0,0.563760,0.563760,0.000000,0.000000,0.563760,-0.025040,0,55,1,1,22,16,42,113.000000,70.500000,75.500000,0.884956,1.418440,1.324503,0.026877,0.032871,0.036650,0.032871,4,0,4,fixed,4,1,1,0,3.000000,4.000000
2,centralized_dqn,centralized_dqn,0,4,5,56,2,2,3,0.000000,75.500000,1.324503,42,0.563760,29,0,2,0,0.563760,0.563760,0.000000,0.000000,0.563760,-0.025040,0,55,1,1,22,16,42,113.000000,70.500000,75.500000,0.884956,1.418440,1.324503,0.026877,0.032871,0.036650,0.032871,4,0,4,fixed,4,1,1,0,3.000000,4.000000
2,centralized_dqn,centralized_dqn,0,4,5,57,0,0,2,3.566135,113.000000,0.445767,22,0.563760,29,0,0,0,0.563760,0.563760,0.000000,0.000000,0.563760,-0.025040,0,55,1,0,22,16,42,113.000000,70.500000,75.500000,0.453985,0.081264,0.372190,0.036650,-0.002394,0.042315,0.042315,4,0,4,fixed,4,1,1,0,3.000000,4.000000
2,centralized_dqn,centralized_dqn,0,4,5,58,1,1,1,2.726786,70.500000,0.908929,16,0.563760,29,0,1,0,0.563760,0.563760,0.000000,0.000000,0.563760,-0.025040,0,55,1,-1,22,16,42,113.000000,70.500000,75.500000,1.157038,0.867591,0.992507,0.033425,0.036650,0.041038,0.041038,4,0,4,fixed,4,1,1,0,3.000000,4.000000
2,centralized_dqn,centralized_dqn,0,4,5,59,0,0,2,3.544193,113.000000,0.443024,22,0.563760,29,0,0,0,0.563760,0.563760,0.000000,0.000000,0.563760,-0.025040,0,55,1,0,22,16,42,113.000000,70.500000,75.500000,0.454116,0.081264,0.372190,0.036650,-0.002396,0.042312,0.042312,4,0,4,fixed,4,1,1,0,3.000000,4.000000
2,centralized_dqn,centralized_dqn,0,4,5,60,0,0,2,3.813111,113.000000,0.476639,22,0.563760,29,0,0,0,0.563760,0.563760,0.000000,0.000000,0.563760,-0.025040,0,55,1,0,22,16,42,113.000000,70.500000,75.500000,0.452515,0.081264,0.372190,0.036650,-0.002367,0.042346,0.042346,4,0,4,fixed,4,1,1,0,3.000000,4.000000
2,centralized_dqn,centralized_dqn,0,4,5,61,2,2,4,0.000000,75.500000,0.529801,42,0.563760,29,0,2,0,0.563760,0.563760,0.000000,0.000000,0.563760,-0.025040,0,55,1,-1,22,16,42,113.000000,70.500000,75.500000,0.353982,0.567376,0.529801,0.024434,0.033205,0.036650,0.033205,4,0,4,fixed,4,1,1,0,3.000000,4.000000
2,centralized_dqn,centralized_dqn,0,4,5,62,0,0,2,3.841539,113.000000,0.480192,22,0.563760,29,0,0,0,0.563760,0.563760,0.000000,0.000000,0.563760,-0.025040,0,55,1,0,22,16,42,113.000000,70.500000,75.500000,0.452346,0.081264,0.372190,0.036650,-0.002364,0.042350,0.042350,4,0,4,fixed,4,1,1,0,3.000000,4.000000
2,centralized_dqn,centralized_dqn,0,4,5,63,2,2,4,0.000000,75.500000,0.529801,42,0.563760,29,0,2,0,0.563760,0.563760,0.000000,0.000000,0.563760,-0.025040,0,55,1,-1,22,16,42,113.000000,70.500000,75.500000,0.353982,0.567376,0.529801,0.024434,0.033205,0.036650,0.033205,4,0,4,fixed,4,1,1,0,3.000000,4.000000
2,centralized_dqn,centralized_dqn,0,4,5,64,2,2,4,0.000000,75.500000,0.529801,42,0.563760,29,0,2,0,0.563760,0.563760,0.000000,0.000000,0.563760,-0.025040,0,55,1,-1,22,16,42,113.000000,70.500000,75.500000,0.353982,0.567376,0.529801,0.024434,0.033205,0.036650,0.033205,4,0,4,fixed,4,1,1,0,3.000000,4.000000
2,centralized_dqn,centralized_dqn,0,4,5,65,1,1,1,2.758554,70.500000,0.919518,16,0.563760,29,0,1,0,0.563760,0.563760,0.000000,0.000000,0.563760,-0.025040,0,55,1,-1,22,16,42,113.000000,70.500000,75.500000,1.157038,0.866835,0.992507,0.033429,0.036650,0.041042,0.041042,4,0,4,fixed,4,1,1,0,3.000000,4.000000
2,centralized_dqn,centralized_dqn,0,4,5,66,2,2,4,0.000000,75.500000,0.529801,42,0.563760,29,0,2,0,0.563760,0.563760,0.000000,0.000000,0.563760,-0.025040,0,55,1,-1,22,16,42,113.000000,70.500000,75.500000,0.353982,0.567376,0.529801,0.024434,0.033205,0.036650,0.033205,4,0,4,fixed,4,1,1,0,3.000000,4.000000
2,centralized_dqn,centralized_dqn,0,4,5,67,2,2,3,0.000000,75.500000,1.324503,42,0.563760,29,0,2,0,0.563760,0.563760,0.000000,0.000000,0.563760,-0.025040,0,55,1,1,22,16,42,113.000000,70.500000,75.500000,0.884956,1.418440,1.324503,0.026877,0.032871,0.036650,0.032871,4,0,4,fixed,4,1,1,0,3.000000,4.000000
2,centralized_dqn,centralized_dqn,0,4,5,68,1,1,1,2.736598,70.500000,0.912199,16,0.563760,29,0,1,0,0.563760,0.563760,0.000000,0.000000,0.563760,-0.025040,0,55,1,-1,22,16,42,113.000000,70.500000,75.500000,1.157038,0.867358,0.992507,0.033426,0.036650,0.041039,0.041039,4,0,4,fixed,4,1,1,0,3.000000,4.000000
2,centralized_dqn,centralized_dqn,0,4,5,69,2,2,4,0.000000,75.500000,0.529801,42,0.563760,29,0,2,0,0.563760,0.563760,0.000000,0.000000,0.563760,-0.025040,0,55,1,-1,22,16,42,113.000000,70.500000,75.500000,0.353982,0.567376,0.529801,0.024434,0.033205,0.036650,0.033205,4,0,4,fixed,4,1,1,0,3.000000,4.000000
2,centralized_dqn,centralized_dqn,0,4,5,70,0,0,2,3.641442,113.000000,0.455180,22,0.563760,29,0,0,0,0.563760,0.563760,0.000000,0.000000,0.563760,-0.025040,0,55,1,0,22,16,42,113.000000,70.500000,75.500000,0.453537,0.081264,0.372190,0.036650,-0.002386,0.042324,0.042324,4,0,4,fixed,4,1,1,0,3.000000,4.000000
2,centralized_dqn,centralized_dqn,0,4,5,71,0,0,2,3.565019,113.000000,0.445627,22,0.563760,29,0,0,0,0.563760,0.563760,0.000000,0.000000,0.563760,-0.025040,0,55,1,0,22,16,42,113.000000,70.500000,75.500000,0.453992,0.081264,0.372190,0.036650,-0.002394,0.042314,0.042314,4,0,4,fixed,4,1,1,0,3.000000,4.000000
2,centralized_dqn,centralized_dqn,0,4,5,72,1,1,1,2.722510,70.500000,0.907503,16,0.563760,29,0,1,0,0.563760,0.563760,0.000000,0.000000,0.563760,-0.025040,0,55,1,-1,22,16,42,113.000000,70.500000,75.500000,1.157038,0.867693,0.992507,0.033424,0.036650,0.041037,0.041037,4,0,4,fixed,4,1,1,0,3.000000,4.000000
2,centralized_dqn,centralized_dqn,0,4,5,73,1,1,1,2.376736,70.500000,0.792245,16,0.563760,29,0,1,0,0.563760,0.563760,0.000000,0.000000,0.563760,-0.025040,0,55,1,-1,22,16,42,113.000000,70.500000,75.500000,1.157038,0.875926,0.992507,0.033379,0.036650,0.040991,0.040991,4,0,4,fixed,4,1,1,0,3.000000,4.000000
2,centralized_dqn,centralized_dqn,0,4,5,74,0,0,2,3.564995,113.000000,0.445624,22,0.563760,29,0,0,0,0.563760,0.563760,0.000000,0.000000,0.563760,-0.025040,0,55,1,0,22,16,42,113.000000,70.500000,75.500000,0.453992,0.081264,0.372190,0.036650,-0.002394,0.042314,0.042314,4,0,4,fixed,4,1,1,0,3.000000,4.000000
2,centralized_dqn,centralized_dqn,0,4,5,75,2,2,3,0.000000,75.500000,1.324503,42,0.563760,29,0,2,0,0.563760,0.563760,0.000000,0.000000,0.563760,-0.025040,0,55,1,1,22,16,42,113.000000,70.500000,75.500000,0.884956,1.418440,1.324503,0.026877,0.032871,0.036650,0.032871,4,0,4,fixed,4,1,1,0,3.000000,4.000000
2,centralized_dqn,centralized_dqn,0,4,5,76,0,0,2,3.813102,113.000000,0.476638,22,0.563760,29,0,0,0,0.563760,0.563760,0.000000,0.000000,0.563760,-0.025040,0,55,1,0,22,16,42,113.000000,70.500000,75.500000,0.452515,0.081264,0.372190,0.036650,-0.002367,0.042346,0.042346,4,0,4,fixed,4,1,1,0,3.000000,4.000000
2,centralized_dqn,centralized_dqn,0,4,5,77,0,0,2,3.813079,113.000000,0.476635,22,0.563760,29,0,0,0,0.563760,0.563760,0.000000,0.000000,0.563760,-0.025040,0,55,1,0,22,16,42,113.000000,70.500000,75.500000,0.452515,0.081264,0.372190,0.036650,-0.002367,0.042346,0.042346,4,0,4,fixed,4,1,1,0,3.000000,4.000000
2,centralized_dqn,centralized_dqn,0,4,5,78,2,2,4,0.000000,75.500000,0.529801,42,0.563760,29,0,2,0,0.563760,0.563760,0.000000,0.000000,0.563760,-0.025040,0,55,1,-1,22,16,42,113.000000,70.500000,75.500000,0.353982,0.567376,0.529801,0.024434,0.033205,0.036650,0.033205,4,0,4,fixed,4,1,1,0,3.000000,4.000000
2,centralized_dqn,centralized_dqn,0,4,5,79,0,0,2,3.564936,113.000000,0.445617,22,0.563760,29,0,0,0,0.563760,0.563760,0.000000,0.000000,0.563760,-0.025040,0,55,1,0,22,16,42,113.000000,70.500000,75.500000,0.453992,0.081264,0.372190,0.036650,-0.002394,0.042314,0.042314,4,0,4,fixed,4,1,1,0,3.000000,4.000000
2,centralized_dqn,centralized_dqn,0,4,5,80,2,2,3,0.000000,75.500000,1.324503,42,0.563760,29,0,2,0,0.563760,0.563760,0.000000,0.000000,0.563760,-0.025040,0,55,1,1,22,16,42,113.000000,70.500000,75.500000,0.884956,1.418440,1.324503,0.026877,0.032871,0.036650,0.032871,4,0,4,fixed,4,1,1,0,3.000000,4.000000
