seed,method,effective_method,bootstrap_cycle_flag,max_switches,cycle_id,ue_id,previous_bs_id,current_bs_id,app_type,tp_mbps,rtt_ms,satisfaction,num_users_on_current_bs,harmonic_mean,num_unsatisfied_users,target_ue_flag,action_selected_bs_id,switch_flag,h_before,h_after_estimated,reward,estimated_reward,h_after_measured,measured_reward,switch_count,num_degraded_users,measurement_valid,candidate_type,num_users_ap0,num_users_ap1,num_users_ap2,monitor_rtt_ap0,monitor_rtt_ap1,monitor_rtt_ap2,estimated_satisfaction_if_ap0,estimated_satisfaction_if_ap1,estimated_satisfaction_if_ap2,estimated_h_delta_if_ap0,estimated_h_delta_if_ap1,estimated_h_delta_if_ap2,best_estimated_h_delta,effective_max_switches,applied_switches_in_cycle,remaining_switch_budget,k_schedule_type,k_max,k_min,k_decay_rate,stop_action_flag,warmup_before_cycle_sec,cycle_start_offset_sec
1003,centralized_dqn,logistic_bootstrap,1,4,1,1,2,2,3,0.000000,66.833300,1.496260,27,0.339591,47,0,2,0,0.339591,0.563794,0.224203,0.224203,0.339591,0.000000,51,0,1,1,28,25,27,98.666700,80.500000,66.833300,1.013513,1.242236,1.496260,0.004790,0.005371,0.000199,0.005371,4,51,0,fixed,4,1,1,0,3.000000,4.000000
1003,centralized_dqn,logistic_bootstrap,1,4,1,2,1,1,3,0.000000,80.500000,1.242236,25,0.339591,47,0,2,1,0.339591,0.563794,0.224203,0.224203,0.339591,0.000000,51,0,1,-1,28,25,27,98.666700,80.500000,66.833300,1.013513,1.242236,1.496260,-0.000364,0.000199,-0.004819,0.000000,4,51,0,fixed,4,1,1,0,3.000000,4.000000
1003,centralized_dqn,logistic_bootstrap,1,4,1,3,0,0,2,3.668966,98.666700,0.458621,28,0.339591,47,0,0,0,0.339591,0.563794,0.224203,0.224203,0.339591,0.000000,51,0,1,0,28,25,27,98.666700,80.500000,66.833300,0.477675,0.331673,0.108132,0.000199,-0.000933,-0.014554,0.000000,4,51,0,fixed,4,1,1,0,3.000000,4.000000
1003,centralized_dqn,logistic_bootstrap,1,4,1,4,2,2,2,0.898313,66.833300,0.112289,27,0.339591,47,0,0,1,0.339591,0.563794,0.224203,0.224203,0.339591,0.000000,51,0,1,0,28,25,27,98.666700,80.500000,66.833300,0.459890,0.331673,0.112125,0.015069,0.014078,0.000199,0.015069,4,51,0,fixed,4,1,1,0,3.000000,4.000000
1003,centralized_dqn,logistic_bootstrap,1,4,1,5,0,0,3,0.000000,98.666700,1.013513,28,0.339591,47,0,2,1,0.339591,0.563794,0.224203,0.224203,0.339591,0.000000,51,0,1,1,28,25,27,98.666700,80.500000,66.833300,1.013513,1.242236,1.496260,0.000199,0.000764,-0.004271,0.000764,4,51,0,fixed,4,1,1,0,3.000000,4.000000
1003,centralized_dqn,logistic_bootstrap,1,4,1,6,0,0,2,3.554008,98.666700,0.444251,28,0.339591,47,0,0,0,0.339591,0.563794,0.224203,0.224203,0.339591,0.000000,51,0,1,0,28,25,27,98.666700,80.500000,66.833300,0.478781,0.331673,0.108132,0.000199,-0.000940,-0.014560,0.000000,4,51,0,fixed,4,1,1,0,3.000000,4.000000
1003,centralized_dqn,logistic_bootstrap,1,4,1,7,0,0,2,3.649049,98.666700,0.456131,28,0.339591,47,0,0,0,0.339591,0.563794,0.224203,0.224203,0.339591,0.000000,51,0,1,0,28,25,27,98.666700,80.500000,66.833300,0.477867,0.331673,0.108132,0.000199,-0.000934,-0.014555,0.000000,4,51,0,fixed,4,1,1,0,3.000000,4.000000
1003,centralized_dqn,logistic_bootstrap,1,4,1,8,1,1,2,2.770336,80.500000,0.346292,25,0.339591,47,0,0,1,0.339591,0.563794,0.224203,0.224203,0.339591,0.000000,51,0,1,0,28,25,27,98.666700,80.500000,66.833300,0.459890,0.344747,0.108132,0.000779,0.000199,-0.013817,0.000779,4,51,0,fixed,4,1,1,0,3.000000,4.000000
1003,centralized_dqn,logistic_bootstrap,1,4,1,9,2,2,4,0.000000,66.833300,0.598504,27,0.339591,47,0,2,0,0.339591,0.563794,0.224203,0.224203,0.339591,0.000000,51,0,1,-1,28,25,27,98.666700,80.500000,66.833300,0.405405,0.496894,0.598504,0.004084,0.005066,0.000199,0.005066,4,51,0,fixed,4,1,1,0,3.000000,4.000000
1003,centralized_dqn,logistic_bootstrap,1,4,1,10,2,2,2,0.898294,66.833300,0.112287,27,0.339591,47,0,0,1,0.339591,0.563794,0.224203,0.224203,0.339591,0.000000,51,0,1,0,28,25,27,98.666700,80.500000,66.833300,0.459890,0.331673,0.112126,0.015069,0.014078,0.000199,0.015069,4,51,0,fixed,4,1,1,0,3.000000,4.000000
1003,centralized_dqn,logistic_bootstrap,1,4,1,11,1,1,3,0.000000,80.500000,1.242236,25,0.339591,47,0,2,1,0.339591,0.563794,0.224203,0.224203,0.339591,0.000000,51,0,1,-1,28,25,27,98.666700,80.500000,66.833300,1.013513,1.242236,1.496260,-0.000364,0.000199,-0.004819,0.000000,4,51,0,fixed,4,1,1,0,3.000000,4.000000
1003,centralized_dqn,logistic_bootstrap,1,4,1,12,2,2,4,0.000000,66.833300,0.598504,27,0.339591,47,0,2,0,0.339591,0.563794,0.224203,0.224203,0.339591,0.000000,51,0,1,-1,28,25,27,98.666700,80.500000,66.833300,0.405405,0.496894,0.598504,0.004084,0.005066,0.000199,0.005066,4,51,0,fixed,4,1,1,0,3.000000,4.000000
1003,centralized_dqn,logistic_bootstrap,1,4,1,13,1,1,4,0.000000,80.500000,0.496894,25,0.339591,47,0,2,1,0.339591,0.563794,0.224203,0.224203,0.339591,0.000000,51,0,1,0,28,25,27,98.666700,80.500000,66.833300,0.405405,0.496894,0.598504,-0.000755,0.000199,-0.004532,0.000000,4,51,0,fixed,4,1,1,0,3.000000,4.000000
1003,centralized_dqn,logistic_bootstrap,1,4,1,14,0,0,1,3.506074,98.666700,1.168691,28,0.339591,47,0,1,1,0.339591,0.563794,0.224203,0.224203,0.339591,0.000000,51,0,1,1,28,25,27,98.666700,80.500000,66.833300,1.079331,1.098299,0.739421,0.000199,0.000476,-0.005360,0.000476,4,51,0,fixed,4,1,1,0,3.000000,4.000000
1003,centralized_dqn,logistic_bootstrap,1,4,1,15,2,2,3,0.000000,66.833300,1.496260,27,0.339591,47,0,2,0,0.339591,0.563794,0.224203,0.224203,0.339591,0.000000,51,0,1,1,28,25,27,98.666700,80.500000,66.833300,1.013513,1.242236,1.496260,0.004790,0.005371,0.000199,0.005371,4,51,0,fixed,4,1,1,0,3.000000,4.000000
1003,centralized_dqn,logistic_bootstrap,1,4,1,16,0,0,2,3.839176,98.666700,0.479897,28,0.339591,47,0,0,0,0.339591,0.563794,0.224203,0.224203,0.339591,0.000000,51,0,1,0,28,25,27,98.666700,80.500000,66.833300,0.476039,0.331673,0.108132,0.000199,-0.000923,-0.014545,0.000000,4,51,0,fixed,4,1,1,0,3.000000,4.000000
1003,centralized_dqn,logistic_bootstrap,1,4,1,17,2,2,2,0.898377,66.833300,0.112297,27,0.339591,47,0,0,1,0.339591,0.563794,0.224203,0.224203,0.339591,0.000000,51,0,1,0,28,25,27,98.666700,80.500000,66.833300,0.459890,0.331673,0.112125,0.015069,0.014078,0.000199,0.015069,4,51,0,fixed,4,1,1,0,3.000000,4.000000
1003,centralized_dqn,logistic_bootstrap,1,4,1,18,2,2,1,2.385338,66.833300,0.795113,27,0.339591,47,0,1,1,0.339591,0.563794,0.224203,0.224203,0.339591,0.000000,51,0,1,-1,28,25,27,98.666700,80.500000,66.833300,1.052897,1.098299,0.752655,0.005754,0.006124,0.000199,0.006124,4,51,0,fixed,4,1,1,0,3.000000,4.000000
1003,centralized_dqn,logistic_bootstrap,1,4,1,19,2,2,2,0.898411,66.833300,0.112301,27,0.339591,47,0,0,1,0.339591,0.563794,0.224203,0.224203,0.339591,0.000000,51,0,1,0,28,25,27,98.666700,80.500000,66.833300,0.459890,0.331673,0.112125,0.015069,0.014078,0.000199,0.015069,4,51,0,fixed,4,1,1,0,3.000000,4.000000
1003,centralized_dqn,logistic_bootstrap,1,4,1,20,2,2,2,0.898365,66.833300,0.112296,27,0.339591,47,0,0,1,0.339591,0.563794,0.224203,0.224203,0.339591,0.000000,51,0,1,0,28,25,27,98.666700,80.500000,66.833300,0.459890,0.331673,0.112125,0.015069,0.014078,0.000199,0.015069,4,51,0,fixed,4,1,1,0,3.000000,4.000000
1003,centralized_dqn,logistic_bootstrap,1,4,1,21,0,0,2,3.841426,98.666700,0.480178,28,0.339591,47,0,0,0,0.339591,0.563794,0.224203,0.224203,0.339591,0.000000,51,0,1,0,28,25,27,98.666700,80.500000,66.833300,0.476017,0.331673,0.108132,0.000199,-0.000923,-0.014545,0.000000,4,51,0,fixed,4,1,1,0,3.000000,4.000000
1003,centralized_dqn,logistic_bootstrap,1,4,1,22,2,2,2,0.896191,66.833300,0.112024,27,0.339591,47,0,0,1,0.339591,0.563794,0.224203,0.224203,0.339591,0.000000,51,0,1,0,28,25,27,98.666700,80.500000,66.833300,0.459890,0.331673,0.112146,0.015066,0.014076,0.000199,0.015066,4,51,0,fixed,4,1,1,0,3.000000,4.000000
1003,centralized_dqn,logistic_bootstrap,1,4,1,23,1,1,4,0.000000,80.500000,0.496894,25,0.339591,47,0,2,1,0.339591,0.563794,0.224203,0.224203,0.339591,0.000000,51,0,1,0,28,25,27,98.666700,80.500000,66.833300,0.405405,0.496894,0.598504,-0.000755,0.000199,-0.004532,0.000000,4,51,0,fixed,4,1,1,0,3.000000,4.000000
1003,centralized_dqn,logistic_bootstrap,1,4,1,24,0,0,4,0.000000,98.666700,0.405405,28,0.339591,47,0,2,1,0.339591,0.563794,0.224203,0.224203,0.339591,0.000000,51,0,1,0,28,25,27,98.666700,80.500000,66.833300,0.405405,0.496894,0.598504,0.000199,0.001159,-0.003599,0.001159,4,51,0,fixed,4,1,1,0,3.000000,4.000000
1003,centralized_dqn,logistic_bootstrap,1,4,1,25,1,1,2,2.771558,80.500000,0.346445,25,0.339591,47,0,0,1,0.339591,0.563794,0.224203,0.224203,0.339591,0.000000,51,0,1,0,28,25,27,98.666700,80.500000,66.833300,0.459890,0.344725,0.108132,0.000780,0.000199,-0.013816,0.000780,4,51,0,fixed,4,1,1,0,3.000000,4.000000
1003,centralized_dqn,logistic_bootstrap,1,4,1,26,1,1,2,2.770511,80.500000,0.346314,25,0.339591,47,0,0,1,0.339591,0.563794,0.224203,0.224203,0.339591,0.000000,51,0,1,0,28,25,27,98.666700,80.500000,66.833300,0.459890,0.344744,0.108132,0.000779,0.000199,-0.013817,0.000779,4,51,0,fixed,4,1,1,0,3.000000,4.000000
1003,centralized_dqn,logistic_bootstrap,1,4,1,27,2,2,2,0.896118,66.833300,0.112015,27,0.339591,47,1,0,1,0.339591,0.563794,0.224203,0.224203,0.339591,0.000000,51,0,1,0,28,25,27,98.666700,80.500000,66.833300,0.459890,0.331673,0.112147,0.015066,0.014076,0.000199,0.015066,4,51,0,fixed,4,1,1,0,3.000000,4.000000
1003,centralized_dqn,logistic_bootstrap,1,4,1,28,2,2,3,0.000000,66.833300,1.496260,27,0.339591,47,0,2,0,0.339591,0.563794,0.224203,0.224203,0.339591,0.000000,51,0,1,1,28,25,27,98.666700,80.500000,66.833300,1.013513,1.242236,1.496260,0.004790,0.005371,0.000199,0.005371,4,51,0,fixed,4,1,1,0,3.000000,4.000000
1003,centralized_dqn,logistic_bootstrap,1,4,1,29,2,2,2,0.896130,66.833300,0.112016,27,0.339591,47,0,0,1,0.339591,0.563794,0.224203,0.224203,0.339591,0.000000,51,0,1,0,28,25,27,98.666700,80.500000,66.833300,0.459890,0.331673,0.112146,0.015066,0.014076,0.000199,0.015066,4,51,0,fixed,4,1,1,0,3.000000,4.000000
1003,centralized_dqn,logistic_bootstrap,1,4,1,30,2,2,2,0.896166,66.833300,0.112021,27,0.339591,47,0,0,1,0.339591,0.563794,0.224203,0.224203,0.339591,0.000000,51,0,1,0,28,25,27,98.666700,80.500000,66.833300,0.459890,0.331673,0.112146,0.015066,0.014076,0.000199,0.015066,4,51,0,fixed,4,1,1,0,3.000000,4.000000
1003,centralized_dqn,logistic_bootstrap,1,4,1,31,1,1,2,2.771451,80.500000,0.346431,25,0.339591,47,0,0,1,0.339591,0.563794,0.224203,0.224203,0.339591,0.000000,51,0,1,0,28,25,27,98.666700,80.500000,66.833300,0.459890,0.344727,0.108132,0.000780,0.000199,-0.013816,0.000780,4,51,0,fixed,4,1,1,0,3.000000,4.000000
1003,centralized_dqn,logistic_bootstrap,1,4,1,32,2,2,1,2.286982,66.833300,0.762327,27,0.339591,47,0,1,1,0.339591,0.563794,0.224203,0.224203,0.339591,0.000000,51,0,1,-1,28,25,27,98.666700,80.500000,66.833300,1.052897,1.098299,0.769047,0.005713,0.006083,0.000199,0.006083,4,51,0,fixed,4,1,1,0,3.000000,4.000000
1003,centralized_dqn,logistic_bootstrap,1,4,1,33,1,1,1,3.461756,80.500000,1.153919,25,0.339591,47,0,1,0,0.339591,0.563794,0.224203,0.224203,0.339591,0.000000,51,0,1,-1,28,25,27,98.666700,80.500000,66.833300,1.052897,1.139309,0.739421,-0.000256,0.000199,-0.005722,0.000000,4,51,0,fixed,4,1,1,0,3.000000,4.000000
1003,centralized_dqn,logistic_bootstrap,1,4,1,34,0,0,1,2.562319,98.666700,0.854106,28,0.339591,47,0,1,1,0.339591,0.563794,0.224203,0.224203,0.339591,0.000000,51,0,1,-1,28,25,27,98.666700,80.500000,66.833300,1.124272,1.098299,0.739421,0.000199,0.000425,-0.005410,0.000425,4,51,0,fixed,4,1,1,0,3.000000,4.000000
1003,centralized_dqn,logistic_bootstrap,1,4,1,35,1,1,4,0.000000,80.500000,0.496894,25,0.339591,47,0,2,1,0.339591,0.563794,0.224203,0.224203,0.339591,0.000000,51,0,1,0,28,25,27,98.666700,80.500000,66.833300,0.405405,0.496894,0.598504,-0.000755,0.000199,-0.004532,0.000000,4,51,0,fixed,4,1,1,0,3.000000,4.000000
1003,centralized_dqn,logistic_bootstrap,1,4,1,36,2,2,2,0.896179,66.833300,0.112022,27,0.339591,47,0,0,1,0.339591,0.563794,0.224203,0.224203,0.339591,0.000000,51,0,1,0,28,25,27,98.666700,80.500000,66.833300,0.459890,0.331673,0.112146,0.015066,0.014076,0.000199,0.015066,4,51,0,fixed,4,1,1,0,3.000000,4.000000
1003,centralized_dqn,logistic_bootstrap,1,4,1,37,2,2,2,0.896166,66.833300,0.112021,27,0.339591,47,0,0,1,0.339591,0.563794,0.224203,0.224203,0.339591,0.000000,51,0,1,0,28,25,27,98.666700,80.500000,66.833300,0.459890,0.331673,0.112146,0.015066,0.014076,0.000199,0.015066,4,51,0,fixed,4,1,1,0,3.000000,4.000000
1003,centralized_dqn,logistic_bootstrap,1,4,1,38,1,1,2,2.766081,80.500000,0.345760,25,0.339591,47,0,0,1,0.339591,0.563794,0.224203,0.224203,0.339591,0.000000,51,0,1,0,28,25,27,98.666700,80.500000,66.833300,0.459890,0.344823,0.108132,0.000778,0.000199,-0.013817,0.000778,4,51,0,fixed,4,1,1,0,3.000000,4.000000
1003,centralized_dqn,logistic_bootstrap,1,4,1,39,2,2,4,0.000000,66.833300,0.598504,27,0.339591,47,0,2,0,0.339591,0.563794,0.224203,0.224203,0.339591,0.000000,51,0,1,-1,28,25,27,98.666700,80.500000,66.833300,0.405405,0.496894,0.598504,0.004084,0.005066,0.000199,0.005066,4,51,0,fixed,4,1,1,0,3.000000,4.000000
1003,centralized_dqn,logistic_bootstrap,1,4,1,40,1,1,4,0.000000,80.500000,0.496894,25,0.339591,47,0,2,1,0.339591,0.563794,0.224203,0.224203,0.339591,0.000000,51,0,1,0,28,25,27,98.666700,80.500000,66.833300,0.405405,0.496894,0.598504,-0.000755,0.000199,-0.004532,0.000000,4,51,0,fixed,4,1,1,0,3.000000,4.000000
1003,centralized_dqn,logistic_bootstrap,1,4,1,41,0,0,2,3.889577,98.666700,0.486197,28,0.339591,47,0,0,0,0.339591,0.563794,0.224203,0.224203,0.339591,0.000000,51,0,1,0,28,25,27,98.666700,80.500000,66.833300,0.475554,0.331673,0.108132,0.000199,-0.000920,-0.014542,0.000000,4,51,0,fixed,4,1,1,0,3.000000,4.000000
1003,centralized_dqn,logistic_bootstrap,1,4,1,42,1,1,1,3.507798,80.500000,1.169266,25,0.339591,47,0,1,0,0.339591,0.563794,0.224203,0.224203,0.339591,0.000000,51,0,1,-1,28,25,27,98.666700,80.500000,66.833300,1.052897,1.135472,0.739421,-0.000252,0.000199,-0.005718,0.000000,4,51,0,fixed,4,1,1,0,3.000000,4.000000
1003,centralized_dqn,logistic_bootstrap,1,4,1,43,1,1,2,2.688514,80.500000,0.336064,25,0.339591,47,0,0,1,0.339591,0.563794,0.224203,0.224203,0.339591,0.000000,51,0,1,0,28,25,27,98.666700,80.500000,66.833300,0.459890,0.346208,0.108132,0.000762,0.000199,-0.013832,0.000762,4,51,0,fixed,4,1,1,0,3.000000,4.000000
1003,centralized_dqn,logistic_bootstrap,1,4,1,44,0,0,1,3.507296,98.666700,1.169099,28,0.339591,47,0,1,1,0.339591,0.563794,0.224203,0.224203,0.339591,0.000000,51,0,1,1,28,25,27,98.666700,80.500000,66.833300,1.079273,1.098299,0.739421,0.000199,0.000477,-0.005360,0.000477,4,51,0,fixed,4,1,1,0,3.000000,4.000000
1003,centralized_dqn,logistic_bootstrap,1,4,1,45,2,2,2,0.896180,66.833300,0.112022,27,0.339591,47,0,0,1,0.339591,0.563794,0.224203,0.224203,0.339591,0.000000,51,0,1,0,28,25,27,98.666700,80.500000,66.833300,0.459890,0.331673,0.112146,0.015066,0.014076,0.000199,0.015066,4,51,0,fixed,4,1,1,0,3.000000,4.000000
1003,centralized_dqn,logistic_bootstrap,1,4,1,46,1,1,4,0.000000,80.500000,0.496894,25,0.339591,47,0,2,1,0.339591,0.563794,0.224203,0.224203,0.339591,0.000000,51,0,1,0,28,25,27,98.666700,80.500000,66.833300,0.405405,0.496894,0.598504,-0.000755,0.000199,-0.004532,0.000000,4,51,0,fixed,4,1,1,0,3.000000,4.000000
1003,centralized_dqn,logistic_bootstrap,1,4,1,47,2,2,1,2.228945,66.833300,0.742982,27,0.339591,47,0,1,1,0.339591,0.563794,0.224203,0.224203,0.339591,0.000000,51,0,1,-1,28,25,27,98.666700,80.500000,66.833300,1.052897,1.098299,0.778720,0.005690,0.006060,0.000199,0.006060,4,51,0,fixed,4,1,1,0,3.000000,4.000000
1003,centralized_dqn,logistic_bootstrap,1,4,1,48,0,0,3,0.000000,98.666700,1.013513,28,0.339591,47,0,2,1,0.339591,0.563794,0.224203,0.224203,0.339591,0.000000,51,0,1,1,28,25,27,98.666700,80.500000,66.833300,1.013513,1.242236,1.496260,0.000199,0.000764,-0.004271,0.000764,4,51,0,fixed,4,1,1,0,3.000000,4.000000
1003,centralized_dqn,logistic_bootstrap,1,4,1,49,2,2,2,0.897201,66.833300,0.112150,27,0.339591,47,0,0,1,0.339591,0.563794,0.224203,0.224203,0.339591,0.000000,51,0,1,0,28,25,27,98.666700,80.500000,66.833300,0.459890,0.331673,0.112136,0.015067,0.014077,0.000199,0.015067,4,51,0,fixed,4,1,1,0,3.000000,4.000000
1003,centralized_dqn,logistic_bootstrap,1,4,1,50,0,0,2,3.888484,98.666700,0.486061,28,0.339591,47,0,0,0,0.339591,0.563794,0.224203,0.224203,0.339591,0.000000,51,0,1,0,28,25,27,98.666700,80.500000,66.833300,0.475565,0.331673,0.108132,0.000199,-0.000920,-0.014542,0.000000,4,51,0,fixed,4,1,1,0,3.000000,4.000000
1003,centralized_dqn,logistic_bootstrap,1,4,1,51,0,0,2,3.888401,98.666700,0.486050,28,0.339591,47,0,0,0,0.339591,0.563794,0.224203,0.224203,0.339591,0.000000,51,0,1,0,28,25,27,98.666700,80.500000,66.833300,0.475565,0.331673,0.108132,0.000199,-0.000920,-0.014542,0.000000,4,51,0,fixed,4,1,1,0,3.000000,4.000000
1003,centralized_dqn,logistic_bootstrap,1,4,1,52,2,2,4,0.000000,66.833300,0.598504,27,0.339591,47,0,2,0,0.339591,0.563794,0.224203,0.224203,0.339591,0.000000,51,0,1,-1,28,25,27,98.666700,80.500000,66.833300,0.405405,0.496894,0.598504,0.004084,0.005066,0.000199,0.005066,4,51,0,fixed,4,1,1,0,3.000000,4.000000
1003,centralized_dqn,logistic_bootstrap,1,4,1,53,1,1,4,0.000000,80.500000,0.496894,25,0.339591,47,0,2,1,0.339591,0.563794,0.224203,0.224203,0.339591,0.000000,51,0,1,0,28,25,27,98.666700,80.500000,66.833300,0.405405,0.496894,0.598504,-0.000755,0.000199,-0.004532,0.000000,4,51,0,fixed,4,1,1,0,3.000000,4.000000
1003,centralized_dqn,logistic_bootstrap,1,4,1,54,0,0,1,3.507296,98.666700,1.169099,28,0.339591,47,0,1,1,0.339591,0.563794,0.224203,0.224203,0.339591,0.000000,51,0,1,1,28,25,27,98.666700,80.500000,66.833300,1.079273,1.098299,0.739421,0.000199,0.000477,-0.005360,0.000477,4,51,0,fixed,4,1,1,0,3.000000,4.000000
1003,centralized_dqn,logistic_bootstrap,1,4,1,55,1,1,2,2.768278,80.500000,0.346035,25,0.339591,47,0,0,1,0.339591,0.563794,0.224203,0.224203,0.339591,0.000000,51,0,1,0,28,25,27,98.666700,80.500000,66.833300,0.459890,0.344784,0.108132,0.000779,0.000199,-0.013817,0.000779,4,51,0,fixed,4,1,1,0,3.000000,4.000000
1003,centralized_dqn,logistic_bootstrap,1,4,1,56,0,0,4,0.000000,98.666700,0.405405,28,0.339591,47,0,2,1,0.339591,0.563794,0.224203,0.224203,0.339591,0.000000,51,0,1,0,28,25,27,98.666700,80.500000,66.833300,0.405405,0.496894,0.598504,0.000199,0.001159,-0.003599,0.001159,4,51,0,fixed,4,1,1,0,3.000000,4.000000
1003,centralized_dqn,logistic_bootstrap,1,4,1,57,1,1,2,2.769431,80.500000,0.346179,25,0.339591,47,0,0,1,0.339591,0.563794,0.224203,0.224203,0.339591,0.000000,51,0,1,0,28,25,27,98.666700,80.500000,66.833300,0.459890,0.344763,0.108132,0.000779,0.000199,-0.013817,0.000779,4,51,0,fixed,4,1,1,0,3.000000,4.000000
1003,centralized_dqn,logistic_bootstrap,1,4,1,58,0,0,2,3.888412,98.666700,0.486052,28,0.339591,47,0,0,0,0.339591,0.563794,0.224203,0.224203,0.339591,0.000000,51,0,1,0,28,25,27,98.666700,80.500000,66.833300,0.475565,0.331673,0.108132,0.000199,-0.000920,-0.014542,0.000000,4,51,0,fixed,4,1,1,0,3.000000,4.000000
1003,centralized_dqn,logistic_bootstrap,1,4,1,59,0,0,2,3.888401,98.666700,0.486050,28,0.339591,47,0,0,0,0.339591,0.563794,0.224203,0.224203,0.339591,0.000000,51,0,1,0,28,25,27,98.666700,80.500000,66.833300,0.475565,0.331673,0.108132,0.000199,-0.000920,-0.014542,0.000000,4,51,0,fixed,4,1,1,0,3.000000,4.000000
1003,centralized_dqn,logistic_bootstrap,1,4,1,60,0,0,4,0.000000,98.666700,0.405405,28,0.339591,47,0,2,1,0.339591,0.563794,0.224203,0.224203,0.339591,0.000000,51,0,1,0,28,25,27,98.666700,80.500000,66.833300,0.405405,0.496894,0.598504,0.000199,0.001159,-0.003599,0.001159,4,51,0,fixed,4,1,1,0,3.000000,4.000000
1003,centralized_dqn,logistic_bootstrap,1,4,1,61,0,0,2,3.781253,98.666700,0.472657,28,0.339591,47,0,0,0,0.339591,0.563794,0.224203,0.224203,0.339591,0.000000,51,0,1,0,28,25,27,98.666700,80.500000,66.833300,0.476596,0.331673,0.108132,0.000199,-0.000927,-0.014548,0.000000,4,51,0,fixed,4,1,1,0,3.000000,4.000000
1003,centralized_dqn,logistic_bootstrap,1,4,1,62,0,0,3,0.000000,98.666700,1.013513,28,0.339591,47,0,2,1,0.339591,0.563794,0.224203,0.224203,0.339591,0.000000,51,0,1,1,28,25,27,98.666700,80.500000,66.833300,1.013513,1.242236,1.496260,0.000199,0.000764,-0.004271,0.000764,4,51,0,fixed,4,1,1,0,3.000000,4.000000
1003,centralized_dqn,logistic_bootstrap,1,4,1,63,1,1,4,0.000000,80.500000,0.496894,25,0.339591,47,0,2,1,0.339591,0.563794,0.224203,0.224203,0.339591,0.000000,51,0,1,0,28,25,27,98.666700,80.500000,66.833300,0.405405,0.496894,0.598504,-0.000755,0.000199,-0.004532,0.000000,4,51,0,fixed,4,1,1,0,3.000000,4.000000
1003,centralized_dqn,logistic_bootstrap,1,4,1,64,0,0,2,3.842472,98.666700,0.480309,28,0.339591,47,0,0,0,0.339591,0.563794,0.224203,0.224203,0.339591,0.000000,51,0,1,0,28,25,27,98.666700,80.500000,66.833300,0.476007,0.331673,0.108132,0.000199,-0.000923,-0.014544,0.000000,4,51,0,fixed,4,1,1,0,3.000000,4.000000
1003,centralized_dqn,logistic_bootstrap,1,4,1,65,2,2,4,0.000000,66.833300,0.598504,27,0.339591,47,0,2,0,0.339591,0.563794,0.224203,0.224203,0.339591,0.000000,51,0,1,-1,28,25,27,98.666700,80.500000,66.833300,0.405405,0.496894,0.598504,0.004084,0.005066,0.000199,0.005066,4,51,0,fixed,4,1,1,0,3.000000,4.000000
1003,centralized_dqn,logistic_bootstrap,1,4,1,66,1,1,3,0.000000,80.500000,1.242236,25,0.339591,47,0,2,1,0.339591,0.563794,0.224203,0.224203,0.339591,0.000000,51,0,1,-1,28,25,27,98.666700,80.500000,66.833300,1.013513,1.242236,1.496260,-0.000364,0.000199,-0.004819,0.000000,4,51,0,fixed,4,1,1,0,3.000000,4.000000
1003,centralized_dqn,logistic_bootstrap,1,4,1,67,1,1,1,3.407917,80.500000,1.135972,25,0.339591,47,0,1,0,0.339591,0.563794,0.224203,0.224203,0.339591,0.000000,51,0,1,-1,28,25,27,98.666700,80.500000,66.833300,1.052897,1.143795,0.739421,-0.000261,0.000199,-0.005727,0.000000,4,51,0,fixed,4,1,1,0,3.000000,4.000000
1003,centralized_dqn,logistic_bootstrap,1,4,1,68,0,0,1,3.363956,98.666700,1.121319,28,0.339591,47,0,1,1,0.339591,0.563794,0.224203,0.224203,0.339591,0.000000,51,0,1,1,28,25,27,98.666700,80.500000,66.833300,1.086098,1.098299,0.739421,0.000199,0.000468,-0.005368,0.000468,4,51,0,fixed,4,1,1,0,3.000000,4.000000
1003,centralized_dqn,logistic_bootstrap,1,4,1,69,0,0,1,3.506685,98.666700,1.168895,28,0.339591,47,0,1,1,0.339591,0.563794,0.224203,0.224203,0.339591,0.000000,51,0,1,1,28,25,27,98.666700,80.500000,66.833300,1.079302,1.098299,0.739421,0.000199,0.000476,-0.005360,0.000476,4,51,0,fixed,4,1,1,0,3.000000,4.000000
1003,centralized_dqn,logistic_bootstrap,1,4,1,70,1,1,1,3.273214,80.500000,1.091071,25,0.339591,47,0,1,0,0.339591,0.563794,0.224203,0.224203,0.339591,0.000000,51,0,1,-1,28,25,27,98.666700,80.500000,66.833300,1.052897,1.155021,0.739421,-0.000273,0.000199,-0.005738,0.000000,4,51,0,fixed,4,1,1,0,3.000000,4.000000
1003,centralized_dqn,logistic_bootstrap,1,4,1,71,2,2,4,0.000000,66.833300,0.598504,27,0.339591,47,0,2,0,0.339591,0.563794,0.224203,0.224203,0.339591,0.000000,51,0,1,-1,28,25,27,98.666700,80.500000,66.833300,0.405405,0.496894,0.598504,0.004084,0.005066,0.000199,0.005066,4,51,0,fixed,4,1,1,0,3.000000,4.000000
1003,centralized_dqn,logistic_bootstrap,1,4,1,72,1,1,3,0.000000,80.500000,1.242236,25,0.339591,47,0,2,1,0.339591,0.563794,0.224203,0.224203,0.339591,0.000000,51,0,1,-1,28,25,27,98.666700,80.500000,66.833300,1.013513,1.242236,1.496260,-0.000364,0.000199,-0.004819,0.000000,4,51,0,fixed,4,1,1,0,3.000000,4.000000
1003,centralized_dqn,logistic_bootstrap,1,4,1,73,2,2,3,0.000000,66.833300,1.496260,27,0.339591,47,0,2,0,0.339591,0.563794,0.224203,0.224203,0.339591,0.000000,51,0,1,1,28,25,27,98.666700,80.500000,66.833300,1.013513,1.242236,1.496260,0.004790,0.005371,0.000199,0.005371,4,51,0,fixed,4,1,1,0,3.000000,4.000000
1003,centralized_dqn,logistic_bootstrap,1,4,1,74,0,0,1,2.712881,98.666700,0.904294,28,0.339591,47,0,1,1,0.339591,0.563794,0.224203,0.224203,0.339591,0.000000,51,0,1,-1,28,25,27,98.666700,80.500000,66.833300,1.117102,1.098299,0.739421,0.000199,0.000433,-0.005402,0.000433,4,51,0,fixed,4,1,1,0,3.000000,4.000000
1003,centralized_dqn,logistic_bootstrap,1,4,1,75,0,0,1,3.505517,98.666700,1.168506,28,0.339591,47,0,1,1,0.339591,0.563794,0.224203,0.224203,0.339591,0.000000,51,0,1,1,28,25,27,98.666700,80.500000,66.833300,1.079357,1.098299,0.739421,0.000199,0.000476,-0.005360,0.000476,4,51,0,fixed,4,1,1,0,3.000000,4.000000
1003,centralized_dqn,logistic_bootstrap,1,4,1,76,0,0,2,3.840286,98.666700,0.480036,28,0.339591,47,0,0,0,0.339591,0.563794,0.224203,0.224203,0.339591,0.000000,51,0,1,0,28,25,27,98.666700,80.500000,66.833300,0.476028,0.331673,0.108132,0.000199,-0.000923,-0.014545,0.000000,4,51,0,fixed,4,1,1,0,3.000000,4.000000
1003,centralized_dqn,logistic_bootstrap,1,4,1,77,1,1,1,3.482776,80.500000,1.160925,25,0.339591,47,0,1,0,0.339591,0.563794,0.224203,0.224203,0.339591,0.000000,51,0,1,-1,28,25,27,98.666700,80.500000,66.833300,1.052897,1.137557,0.739421,-0.000255,0.000199,-0.005721,0.000000,4,51,0,fixed,4,1,1,0,3.000000,4.000000
1003,centralized_dqn,logistic_bootstrap,1,4,1,78,2,2,2,0.897273,66.833300,0.112159,27,0.339591,47,0,0,1,0.339591,0.563794,0.224203,0.224203,0.339591,0.000000,51,0,1,0,28,25,27,98.666700,80.500000,66.833300,0.459890,0.331673,0.112135,0.015067,0.014077,0.000199,0.015067,4,51,0,fixed,4,1,1,0,3.000000,4.000000
1003,centralized_dqn,logistic_bootstrap,1,4,1,79,1,1,4,0.000000,80.500000,0.496894,25,0.339591,47,0,2,1,0.339591,0.563794,0.224203,0.224203,0.339591,0.000000,51,0,1,0,28,25,27,98.666700,80.500000,66.833300,0.405405,0.496894,0.598504,-0.000755,0.000199,-0.004532,0.000000,4,51,0,fixed,4,1,1,0,3.000000,4.000000
1003,centralized_dqn,logistic_bootstrap,1,4,1,80,0,0,2,3.887284,98.666700,0.485911,28,0.339591,47,0,0,0,0.339591,0.563794,0.224203,0.224203,0.339591,0.000000,51,0,1,0,28,25,27,98.666700,80.500000,66.833300,0.475576,0.331673,0.108132,0.000199,-0.000920,-0.014542,0.000000,4,51,0,fixed,4,1,1,0,3.000000,4.000000
1003,centralized_dqn,centralized_dqn,0,4,2,1,2,2,3,0.000000,18.500000,5.405405,28,0.503218,36,0,2,0,0.503218,0.514211,0.010993,0.010993,0.503218,0.163627,1,35,1,1,36,16,28,113.000000,71.833300,18.500000,0.884956,1.392112,5.405405,-0.013736,-0.005127,0.000290,0.000000,4,1,3,fixed,4,1,1,0,3.000000,4.000000
1003,centralized_dqn,centralized_dqn,0,4,2,2,2,2,3,0.000000,18.500000,5.405405,28,0.503218,36,0,2,0,0.503218,0.514211,0.010993,0.010993,0.503218,0.163627,1,35,1,1,36,16,28,113.000000,71.833300,18.500000,0.884956,1.392112,5.405405,-0.013736,-0.005127,0.000290,0.000000,4,1,3,fixed,4,1,1,0,3.000000,4.000000
1003,centralized_dqn,centralized_dqn,0,4,2,3,0,0,2,2.176936,113.000000,0.272117,36,0.503218,36,1,2,1,0.503218,0.514211,0.010993,0.010993,0.503218,0.163627,1,35,1,0,36,16,28,113.000000,71.833300,18.500000,0.277332,0.295487,0.262734,0.000290,0.008452,0.010993,0.010993,4,1,3,fixed,4,1,1,0,3.000000,4.000000
1003,centralized_dqn,centralized_dqn,0,4,2,4,0,0,2,2.208722,113.000000,0.276090,36,0.503218,36,0,0,0,0.503218,0.514211,0.010993,0.010993,0.503218,0.163627,1,35,1,0,36,16,28,113.000000,71.833300,18.500000,0.277218,0.295487,0.266570,0.000290,0.008457,0.011179,0.011179,4,1,3,fixed,4,1,1,0,3.000000,4.000000
1003,centralized_dqn,centralized_dqn,0,4,2,5,2,2,3,0.000000,18.500000,5.405405,28,0.503218,36,0,2,0,0.503218,0.514211,0.010993,0.010993,0.503218,0.163627,1,35,1,1,36,16,28,113.000000,71.833300,18.500000,0.884956,1.392112,5.405405,-0.013736,-0.005127,0.000290,0.000000,4,1,3,fixed,4,1,1,0,3.000000,4.000000
1003,centralized_dqn,centralized_dqn,0,4,2,6,0,0,2,2.216486,113.000000,0.277061,36,0.503218,36,0,0,0,0.503218,0.514211,0.010993,0.010993,0.503218,0.163627,1,35,1,0,36,16,28,113.000000,71.833300,18.500000,0.277190,0.295487,0.267507,0.000290,0.008458,0.011224,0.011224,4,1,3,fixed,4,1,1,0,3.000000,4.000000
1003,centralized_dqn,centralized_dqn,0,4,2,7,0,0,2,2.220740,113.000000,0.277592,36,0.503218,36,0,0,0,0.503218,0.514211,0.010993,0.010993,0.503218,0.163627,1,35,1,0,36,16,28,113.000000,71.833300,18.500000,0.277175,0.295487,0.268020,0.000290,0.008459,0.011248,0.011248,4,1,3,fixed,4,1,1,0,3.000000,4.000000
1003,centralized_dqn,centralized_dqn,0,4,2,8,0,0,2,2.220762,113.000000,0.277595,36,0.503218,36,0,0,0,0.503218,0.514211,0.010993,0.010993,0.503218,0.163627,1,35,1,0,36,16,28,113.000000,71.833300,18.500000,0.277175,0.295487,0.268023,0.000290,0.008459,0.011248,0.011248,4,1,3,fixed,4,1,1,0,3.000000,4.000000
1003,centralized_dqn,centralized_dqn,0,4,2,9,2,2,4,0.000000,18.500000,2.162162,28,0.503218,36,0,2,0,0.503218,0.514211,0.010993,0.010993,0.503218,0.163627,1,35,1,-1,36,16,28,113.000000,71.833300,18.500000,0.353982,0.556845,2.162162,-0.017944,-0.007595,0.000290,0.000000,4,1,3,fixed,4,1,1,0,3.000000,4.000000
1003,centralized_dqn,centralized_dqn,0,4,2,10,0,0,2,2.220739,113.000000,0.277592,36,0.503218,36,0,0,0,0.503218,0.514211,0.010993,0.010993,0.503218,0.163627,1,35,1,0,36,16,28,113.000000,71.833300,18.500000,0.277175,0.295487,0.268020,0.000290,0.008459,0.011248,0.011248,4,1,3,fixed,4,1,1,0,3.000000,4.000000
1003,centralized_dqn,centralized_dqn,0,4,2,11,2,2,3,0.000000,18.500000,5.405405,28,0.503218,36,0,2,0,0.503218,0.514211,0.010993,0.010993,0.503218,0.163627,1,35,1,1,36,16,28,113.000000,71.833300,18.500000,0.884956,1.392112,5.405405,-0.013736,-0.005127,0.000290,0.000000,4,1,3,fixed,4,1,1,0,3.000000,4.000000
1003,centralized_dqn,centralized_dqn,0,4,2,12,2,2,4,0.000000,18.500000,2.162162,28,0.503218,36,0,2,0,0.503218,0.514211,0.010993,0.010993,0.503218,0.163627,1,35,1,-1,36,16,28,113.000000,71.833300,18.500000,0.353982,0.556845,2.162162,-0.017944,-0.007595,0.000290,0.000000,4,1,3,fixed,4,1,1,0,3.000000,4.000000
1003,centralized_dqn,centralized_dqn,0,4,2,13,2,2,4,0.000000,18.500000,2.162162,28,0.503218,36,0,2,0,0.503218,0.514211,0.010993,0.010993,0.503218,0.163627,1,35,1,-1,36,16,28,113.000000,71.833300,18.500000,0.353982,0.556845,2.162162,-0.017944,-0.007595,0.000290,0.000000,4,1,3,fixed,4,1,1,0,3.000000,4.000000
1003,centralized_dqn,centralized_dqn,0,4,2,14,1,1,1,2.317918,71.833300,0.772639,16,0.503218,36,0,1,0,0.503218,0.514211,0.010993,0.010993,0.503218,0.163627,1,35,1,-1,36,16,28,113.000000,71.833300,18.500000,0.719188,0.841517,0.745997,-0.008092,0.000290,0.003376,0.003376,4,1,3,fixed,4,1,1,0,3.000000,4.000000
1003,centralized_dqn,centralized_dqn,0,4,2,15,2,2,3,0.000000,18.500000,5.405405,28,0.503218,36,0,2,0,0.503218,0.514211,0.010993,0.010993,0.503218,0.163627,1,35,1,1,36,16,28,113.000000,71.833300,18.500000,0.884956,1.392112,5.405405,-0.013736,-0.005127,0.000290,0.000000,4,1,3,fixed,4,1,1,0,3.000000,4.000000
1003,centralized_dqn,centralized_dqn,0,4,2,16,0,0,2,2.210877,113.000000,0.276360,36,0.503218,36,0,0,0,0.503218,0.514211,0.010993,0.010993,0.503218,0.163627,1,35,1,0,36,16,28,113.000000,71.833300,18.500000,0.277211,0.295487,0.266830,0.000290,0.008457,0.011191,0.011191,4,1,3,fixed,4,1,1,0,3.000000,4.000000
1003,centralized_dqn,centralized_dqn,0,4,2,17,0,0,2,2.219669,113.000000,0.277459,36,0.503218,36,0,0,0,0.503218,0.514211,0.010993,0.010993,0.503218,0.163627,1,35,1,0,36,16,28,113.000000,71.833300,18.500000,0.277179,0.295487,0.267891,0.000290,0.008459,0.011242,0.011242,4,1,3,fixed,4,1,1,0,3.000000,4.000000
1003,centralized_dqn,centralized_dqn,0,4,2,18,1,1,1,2.708264,71.833300,0.902755,16,0.503218,36,0,1,0,0.503218,0.514211,0.010993,0.010993,0.503218,0.163627,1,35,1,-1,36,16,28,113.000000,71.833300,18.500000,0.719188,0.832843,0.871625,-0.008056,0.000290,0.004034,0.004034,4,1,3,fixed,4,1,1,0,3.000000,4.000000
1003,centralized_dqn,centralized_dqn,0,4,2,19,0,0,2,2.219581,113.000000,0.277448,36,0.503218,36,0,0,0,0.503218,0.514211,0.010993,0.010993,0.503218,0.163627,1,35,1,0,36,16,28,113.000000,71.833300,18.500000,0.277179,0.295487,0.267881,0.000290,0.008459,0.011241,0.011241,4,1,3,fixed,4,1,1,0,3.000000,4.000000
1003,centralized_dqn,centralized_dqn,0,4,2,20,0,0,2,2.219621,113.000000,0.277453,36,0.503218,36,0,0,0,0.503218,0.514211,0.010993,0.010993,0.503218,0.163627,1,35,1,0,36,16,28,113.000000,71.833300,18.500000,0.277179,0.295487,0.267885,0.000290,0.008459,0.011242,0.011242,4,1,3,fixed,4,1,1,0,3.000000,4.000000
1003,centralized_dqn,centralized_dqn,0,4,2,21,0,0,2,2.210842,113.000000,0.276355,36,0.503218,36,0,0,0,0.503218,0.514211,0.010993,0.010993,0.503218,0.163627,1,35,1,0,36,16,28,113.000000,71.833300,18.500000,0.277211,0.295487,0.266826,0.000290,0.008457,0.011191,0.011191,4,1,3,fixed,4,1,1,0,3.000000,4.000000
1003,centralized_dqn,centralized_dqn,0,4,2,22,0,0,2,2.219609,113.000000,0.277451,36,0.503218,36,0,0,0,0.503218,0.514211,0.010993,0.010993,0.503218,0.163627,1,35,1,0,36,16,28,113.000000,71.833300,18.500000,0.277179,0.295487,0.267884,0.000290,0.008459,0.011242,0.011242,4,1,3,fixed,4,1,1,0,3.000000,4.000000
1003,centralized_dqn,centralized_dqn,0,4,2,23,2,2,4,0.000000,18.500000,2.162162,28,0.503218,36,0,2,0,0.503218,0.514211,0.010993,0.010993,0.503218,0.163627,1,35,1,-1,36,16,28,113.000000,71.833300,18.500000,0.353982,0.556845,2.162162,-0.017944,-0.007595,0.000290,0.000000,4,1,3,fixed,4,1,1,0,3.000000,4.000000
1003,centralized_dqn,centralized_dqn,0,4,2,24,2,2,4,0.000000,18.500000,2.162162,28,0.503218,36,0,2,0,0.503218,0.514211,0.010993,0.010993,0.503218,0.163627,1,35,1,-1,36,16,28,113.000000,71.833300,18.500000,0.353982,0.556845,2.162162,-0.017944,-0.007595,0.000290,0.000000,4,1,3,fixed,4,1,1,0,3.000000,4.000000
1003,centralized_dqn,centralized_dqn,0,4,2,25,0,0,2,2.219633,113.000000,0.277454,36,0.503218,36,0,0,0,0.503218,0.514211,0.010993,0.010993,0.503218,0.163627,1,35,1,0,36,16,28,113.000000,71.833300,18.500000,0.277179,0.295487,0.267887,0.000290,0.008459,0.011242,0.011242,4,1,3,fixed,4,1,1,0,3.000000,4.000000
1003,centralized_dqn,centralized_dqn,0,4,2,26,0,0,2,2.219662,113.000000,0.277458,36,0.503218,36,0,0,0,0.503218,0.514211,0.010993,0.010993,0.503218,0.163627,1,35,1,0,36,16,28,113.000000,71.833300,18.500000,0.277179,0.295487,0.267890,0.000290,0.008459,0.011242,0.011242,4,1,3,fixed,4,1,1,0,3.000000,4.000000
1003,centralized_dqn,centralized_dqn,0,4,2,27,0,0,2,2.219621,113.000000,0.277453,36,0.503218,36,0,0,0,0.503218,0.514211,0.010993,0.010993,0.503218,0.163627,1,35,1,0,36,16,28,113.000000,71.833300,18.500000,0.277179,0.295487,0.267885,0.000290,0.008459,0.011242,0.011242,4,1,3,fixed,4,1,1,0,3.000000,4.000000
1003,centralized_dqn,centralized_dqn,0,4,2,28,2,2,3,0.000000,18.500000,5.405405,28,0.503218,36,0,2,0,0.503218,0.514211,0.010993,0.010993,0.503218,0.163627,1,35,1,1,36,16,28,113.000000,71.833300,18.500000,0.884956,1.392112,5.405405,-0.013736,-0.005127,0.000290,0.000000,4,1,3,fixed,4,1,1,0,3.000000,4.000000
1003,centralized_dqn,centralized_dqn,0,4,2,29,0,0,2,2.219585,113.000000,0.277448,36,0.503218,36,0,0,0,0.503218,0.514211,0.010993,0.010993,0.503218,0.163627,1,35,1,0,36,16,28,113.000000,71.833300,18.500000,0.277179,0.295487,0.267881,0.000290,0.008459,0.011241,0.011241,4,1,3,fixed,4,1,1,0,3.000000,4.000000
1003,centralized_dqn,centralized_dqn,0,4,2,30,0,0,2,2.218539,113.000000,0.277317,36,0.503218,36,0,0,0,0.503218,0.514211,0.010993,0.010993,0.503218,0.163627,1,35,1,0,36,16,28,113.000000,71.833300,18.500000,0.277183,0.295487,0.267755,0.000290,0.008458,0.011235,0.011235,4,1,3,fixed,4,1,1,0,3.000000,4.000000
1003,centralized_dqn,centralized_dqn,0,4,2,31,0,0,2,2.218587,113.000000,0.277323,36,0.503218,36,0,0,0,0.503218,0.514211,0.010993,0.010993,0.503218,0.163627,1,35,1,0,36,16,28,113.000000,71.833300,18.500000,0.277183,0.295487,0.267761,0.000290,0.008458,0.011236,0.011236,4,1,3,fixed,4,1,1,0,3.000000,4.000000
1003,centralized_dqn,centralized_dqn,0,4,2,32,1,1,1,2.802352,71.833300,0.934117,16,0.503218,36,0,1,0,0.503218,0.514211,0.010993,0.010993,0.503218,0.163627,1,35,1,-1,36,16,28,113.000000,71.833300,18.500000,0.719188,0.830752,0.901906,-0.008047,0.000290,0.004167,0.004167,4,1,3,fixed,4,1,1,0,3.000000,4.000000
1003,centralized_dqn,centralized_dqn,0,4,2,33,1,1,1,2.553629,71.833300,0.851210,16,0.503218,36,0,1,0,0.503218,0.514211,0.010993,0.010993,0.503218,0.163627,1,35,1,-1,36,16,28,113.000000,71.833300,18.500000,0.719188,0.836279,0.821858,-0.008070,0.000290,0.003796,0.003796,4,1,3,fixed,4,1,1,0,3.000000,4.000000
1003,centralized_dqn,centralized_dqn,0,4,2,34,1,1,1,2.383343,71.833300,0.794448,16,0.503218,36,0,1,0,0.503218,0.514211,0.010993,0.010993,0.503218,0.163627,1,35,1,-1,36,16,28,113.000000,71.833300,18.500000,0.719188,0.840063,0.767053,-0.008086,0.000290,0.003501,0.003501,4,1,3,fixed,4,1,1,0,3.000000,4.000000
1003,centralized_dqn,centralized_dqn,0,4,2,35,2,2,4,0.000000,18.500000,2.162162,28,0.503218,36,0,2,0,0.503218,0.514211,0.010993,0.010993,0.503218,0.163627,1,35,1,-1,36,16,28,113.000000,71.833300,18.500000,0.353982,0.556845,2.162162,-0.017944,-0.007595,0.000290,0.000000,4,1,3,fixed,4,1,1,0,3.000000,4.000000
1003,centralized_dqn,centralized_dqn,0,4,2,36,0,0,2,2.218576,113.000000,0.277322,36,0.503218,36,0,0,0,0.503218,0.514211,0.010993,0.010993,0.503218,0.163627,1,35,1,0,36,16,28,113.000000,71.833300,18.500000,0.277183,0.295487,0.267759,0.000290,0.008458,0.011236,0.011236,4,1,3,fixed,4,1,1,0,3.000000,4.000000
1003,centralized_dqn,centralized_dqn,0,4,2,37,0,0,2,2.218552,113.000000,0.277319,36,0.503218,36,0,0,0,0.503218,0.514211,0.010993,0.010993,0.503218,0.163627,1,35,1,0,36,16,28,113.000000,71.833300,18.500000,0.277183,0.295487,0.267756,0.000290,0.008458,0.011235,0.011235,4,1,3,fixed,4,1,1,0,3.000000,4.000000
1003,centralized_dqn,centralized_dqn,0,4,2,38,0,0,2,2.218540,113.000000,0.277318,36,0.503218,36,0,0,0,0.503218,0.514211,0.010993,0.010993,0.503218,0.163627,1,35,1,0,36,16,28,113.000000,71.833300,18.500000,0.277183,0.295487,0.267755,0.000290,0.008458,0.011235,0.011235,4,1,3,fixed,4,1,1,0,3.000000,4.000000
1003,centralized_dqn,centralized_dqn,0,4,2,39,2,2,4,0.000000,18.500000,2.162162,28,0.503218,36,0,2,0,0.503218,0.514211,0.010993,0.010993,0.503218,0.163627,1,35,1,-1,36,16,28,113.000000,71.833300,18.500000,0.353982,0.556845,2.162162,-0.017944,-0.007595,0.000290,0.000000,4,1,3,fixed,4,1,1,0,3.000000,4.000000
1003,centralized_dqn,centralized_dqn,0,4,2,40,2,2,4,0.000000,18.500000,2.162162,28,0.503218,36,0,2,0,0.503218,0.514211,0.010993,0.010993,0.503218,0.163627,1,35,1,-1,36,16,28,113.000000,71.833300,18.500000,0.353982,0.556845,2.162162,-0.017944,-0.007595,0.000290,0.000000,4,1,3,fixed,4,1,1,0,3.000000,4.000000
1003,centralized_dqn,centralized_dqn,0,4,2,41,0,0,2,2.220762,113.000000,0.277595,36,0.503218,36,0,0,0,0.503218,0.514211,0.010993,0.010993,0.503218,0.163627,1,35,1,0,36,16,28,113.000000,71.833300,18.500000,0.277175,0.295487,0.268023,0.000290,0.008459,0.011248,0.011248,4,1,3,fixed,4,1,1,0,3.000000,4.000000
1003,centralized_dqn,centralized_dqn,0,4,2,42,1,1,1,2.350404,71.833300,0.783468,16,0.503218,36,0,1,0,0.503218,0.514211,0.010993,0.010993,0.503218,0.163627,1,35,1,-1,36,16,28,113.000000,71.833300,18.500000,0.719188,0.840795,0.756452,-0.008089,0.000290,0.003439,0.003439,4,1,3,fixed,4,1,1,0,3.000000,4.000000
1003,centralized_dqn,centralized_dqn,0,4,2,43,0,0,2,2.218601,113.000000,0.277325,36,0.503218,36,0,0,0,0.503218,0.514211,0.010993,0.010993,0.503218,0.163627,1,35,1,0,36,16,28,113.000000,71.833300,18.500000,0.277183,0.295487,0.267762,0.000290,0.008458,0.011236,0.011236,4,1,3,fixed,4,1,1,0,3.000000,4.000000
1003,centralized_dqn,centralized_dqn,0,4,2,44,1,1,1,2.375402,71.833300,0.791801,16,0.503218,36,0,1,0,0.503218,0.514211,0.010993,0.010993,0.503218,0.163627,1,35,1,-1,36,16,28,113.000000,71.833300,18.500000,0.719188,0.840240,0.764497,-0.008086,0.000290,0.003486,0.003486,4,1,3,fixed,4,1,1,0,3.000000,4.000000
1003,centralized_dqn,centralized_dqn,0,4,2,45,0,0,2,2.218588,113.000000,0.277324,36,0.503218,36,0,0,0,0.503218,0.514211,0.010993,0.010993,0.503218,0.163627,1,35,1,0,36,16,28,113.000000,71.833300,18.500000,0.277183,0.295487,0.267761,0.000290,0.008458,0.011236,0.011236,4,1,3,fixed,4,1,1,0,3.000000,4.000000
1003,centralized_dqn,centralized_dqn,0,4,2,46,2,2,4,0.000000,18.500000,2.162162,28,0.503218,36,0,2,0,0.503218,0.514211,0.010993,0.010993,0.503218,0.163627,1,35,1,-1,36,16,28,113.000000,71.833300,18.500000,0.353982,0.556845,2.162162,-0.017944,-0.007595,0.000290,0.000000,4,1,3,fixed,4,1,1,0,3.000000,4.000000
1003,centralized_dqn,centralized_dqn,0,4,2,47,1,1,1,2.825625,71.833300,0.941875,16,0.503218,36,0,1,0,0.503218,0.514211,0.010993,0.010993,0.503218,0.163627,1,35,1,-1,36,16,28,113.000000,71.833300,18.500000,0.719188,0.830235,0.909397,-0.008045,0.000290,0.004199,0.004199,4,1,3,fixed,4,1,1,0,3.000000,4.000000
1003,centralized_dqn,centralized_dqn,0,4,2,48,2,2,3,0.000000,18.500000,5.405405,28,0.503218,36,0,2,0,0.503218,0.514211,0.010993,0.010993,0.503218,0.163627,1,35,1,1,36,16,28,113.000000,71.833300,18.500000,0.884956,1.392112,5.405405,-0.013736,-0.005127,0.000290,0.000000,4,1,3,fixed,4,1,1,0,3.000000,4.000000
1003,centralized_dqn,centralized_dqn,0,4,2,49,0,0,2,2.220809,113.000000,0.277601,36,0.503218,36,0,0,0,0.503218,0.514211,0.010993,0.010993,0.503218,0.163627,1,35,1,0,36,16,28,113.000000,71.833300,18.500000,0.277175,0.295487,0.268029,0.000290,0.008459,0.011248,0.011248,4,1,3,fixed,4,1,1,0,3.000000,4.000000
1003,centralized_dqn,centralized_dqn,0,4,2,50,0,0,2,2.220750,113.000000,0.277594,36,0.503218,36,0,0,0,0.503218,0.514211,0.010993,0.010993,0.503218,0.163627,1,35,1,0,36,16,28,113.000000,71.833300,18.500000,0.277175,0.295487,0.268022,0.000290,0.008459,0.011248,0.011248,4,1,3,fixed,4,1,1,0,3.000000,4.000000
1003,centralized_dqn,centralized_dqn,0,4,2,51,0,0,2,2.220710,113.000000,0.277589,36,0.503218,36,0,0,0,0.503218,0.514211,0.010993,0.010993,0.503218,0.163627,1,35,1,0,36,16,28,113.000000,71.833300,18.500000,0.277175,0.295487,0.268017,0.000290,0.008459,0.011248,0.011248,4,1,3,fixed,4,1,1,0,3.000000,4.000000
1003,centralized_dqn,centralized_dqn,0,4,2,52,2,2,4,0.000000,18.500000,2.162162,28,0.503218,36,0,2,0,0.503218,0.514211,0.010993,0.010993,0.503218,0.163627,1,35,1,-1,36,16,28,113.000000,71.833300,18.500000,0.353982,0.556845,2.162162,-0.017944,-0.007595,0.000290,0.000000,4,1,3,fixed,4,1,1,0,3.000000,4.000000
1003,centralized_dqn,centralized_dqn,0,4,2,53,2,2,4,0.000000,18.500000,2.162162,28,0.503218,36,0,2,0,0.503218,0.514211,0.010993,0.010993,0.503218,0.163627,1,35,1,-1,36,16,28,113.000000,71.833300,18.500000,0.353982,0.556845,2.162162,-0.017944,-0.007595,0.000290,0.000000,4,1,3,fixed,4,1,1,0,3.000000,4.000000
1003,centralized_dqn,centralized_dqn,0,4,2,54,1,1,1,2.607825,71.833300,0.869275,16,0.503218,36,0,1,0,0.503218,0.514211,0.010993,0.010993,0.503218,0.163627,1,35,1,-1,36,16,28,113.000000,71.833300,18.500000,0.719188,0.835075,0.839300,-0.008065,0.000290,0.003883,0.003883,4,1,3,fixed,4,1,1,0,3.000000,4.000000
1003,centralized_dqn,centralized_dqn,0,4,2,55,0,0,2,2.220786,113.000000,0.277598,36,0.503218,36,0,0,0,0.503218,0.514211,0.010993,0.010993,0.503218,0.163627,1,35,1,0,36,16,28,113.000000,71.833300,18.500000,0.277175,0.295487,0.268026,0.000290,0.008459,0.011248,0.011248,4,1,3,fixed,4,1,1,0,3.000000,4.000000
1003,centralized_dqn,centralized_dqn,0,4,2,56,2,2,4,0.000000,18.500000,2.162162,28,0.503218,36,0,2,0,0.503218,0.514211,0.010993,0.010993,0.503218,0.163627,1,35,1,-1,36,16,28,113.000000,71.833300,18.500000,0.353982,0.556845,2.162162,-0.017944,-0.007595,0.000290,0.000000,4,1,3,fixed,4,1,1,0,3.000000,4.000000
1003,centralized_dqn,centralized_dqn,0,4,2,57,0,0,2,2.220775,113.000000,0.277597,36,0.503218,36,0,0,0,0.503218,0.514211,0.010993,0.010993,0.503218,0.163627,1,35,1,0,36,16,28,113.000000,71.833300,18.500000,0.277175,0.295487,0.268025,0.000290,0.008459,0.011248,0.011248,4,1,3,fixed,4,1,1,0,3.000000,4.000000
1003,centralized_dqn,centralized_dqn,0,4,2,58,0,0,2,2.220734,113.000000,0.277592,36,0.503218,36,0,0,0,0.503218,0.514211,0.010993,0.010993,0.503218,0.163627,1,35,1,0,36,16,28,113.000000,71.833300,18.500000,0.277175,0.295487,0.268020,0.000290,0.008459,0.011248,0.011248,4,1,3,fixed,4,1,1,0,3.000000,4.000000
1003,centralized_dqn,centralized_dqn,0,4,2,59,0,0,2,2.220762,113.000000,0.277595,36,0.503218,36,0,0,0,0.503218,0.514211,0.010993,0.010993,0.503218,0.163627,1,35,1,0,36,16,28,113.000000,71.833300,18.500000,0.277175,0.295487,0.268023,0.000290,0.008459,0.011248,0.011248,4,1,3,fixed,4,1,1,0,3.000000,4.000000
1003,centralized_dqn,centralized_dqn,0,4,2,60,2,2,4,0.000000,18.500000,2.162162,28,0.503218,36,0,2,0,0.503218,0.514211,0.010993,0.010993,0.503218,0.163627,1,35,1,-1,36,16,28,113.000000,71.833300,18.500000,0.353982,0.556845,2.162162,-0.017944,-0.007595,0.000290,0.000000,4,1,3,fixed,4,1,1,0,3.000000,4.000000
1003,centralized_dqn,centralized_dqn,0,4,2,61,0,0,2,2.207671,113.000000,0.275959,36,0.503218,36,0,0,0,0.503218,0.514211,0.010993,0.010993,0.503218,0.163627,1,35,1,0,36,16,28,113.000000,71.833300,18.500000,0.277222,0.295487,0.266443,0.000290,0.008457,0.011173,0.011173,4,1,3,fixed,4,1,1,0,3.000000,4.000000
1003,centralized_dqn,centralized_dqn,0,4,2,62,2,2,3,0.000000,18.500000,5.405405,28,0.503218,36,0,2,0,0.503218,0.514211,0.010993,0.010993,0.503218,0.163627,1,35,1,1,36,16,28,113.000000,71.833300,18.500000,0.884956,1.392112,5.405405,-0.013736,-0.005127,0.000290,0.000000,4,1,3,fixed,4,1,1,0,3.000000,4.000000
1003,centralized_dqn,centralized_dqn,0,4,2,63,2,2,4,0.000000,18.500000,2.162162,28,0.503218,36,0,2,0,0.503218,0.514211,0.010993,0.010993,0.503218,0.163627,1,35,1,-1,36,16,28,113.000000,71.833300,18.500000,0.353982,0.556845,2.162162,-0.017944,-0.007595,0.000290,0.000000,4,1,3,fixed,4,1,1,0,3.000000,4.000000
1003,centralized_dqn,centralized_dqn,0,4,2,64,0,0,2,2.220715,113.000000,0.277589,36,0.503218,36,0,0,0,0.503218,0.514211,0.010993,0.010993,0.503218,0.163627,1,35,1,0,36,16,28,113.000000,71.833300,18.500000,0.277175,0.295487,0.268017,0.000290,0.008459,0.011248,0.011248,4,1,3,fixed,4,1,1,0,3.000000,4.000000
1003,centralized_dqn,centralized_dqn,0,4,2,65,2,2,4,0.000000,18.500000,2.162162,28,0.503218,36,0,2,0,0.503218,0.514211,0.010993,0.010993,0.503218,0.163627,1,35,1,-1,36,16,28,113.000000,71.833300,18.500000,0.353982,0.556845,2.162162,-0.017944,-0.007595,0.000290,0.000000,4,1,3,fixed,4,1,1,0,3.000000,4.000000
1003,centralized_dqn,centralized_dqn,0,4,2,66,2,2,3,0.000000,18.500000,5.405405,28,0.503218,36,0,2,0,0.503218,0.514211,0.010993,0.010993,0.503218,0.163627,1,35,1,1,36,16,28,113.000000,71.833300,18.500000,0.884956,1.392112,5.405405,-0.013736,-0.005127,0.000290,0.000000,4,1,3,fixed,4,1,1,0,3.000000,4.000000
1003,centralized_dqn,centralized_dqn,0,4,2,67,1,1,1,2.640312,71.833300,0.880104,16,0.503218,36,0,1,0,0.503218,0.514211,0.010993,0.010993,0.503218,0.163627,1,35,1,-1,36,16,28,113.000000,71.833300,18.500000,0.719188,0.834353,0.849755,-0.008062,0.000290,0.003933,0.003933,4,1,3,fixed,4,1,1,0,3.000000,4.000000
1003,centralized_dqn,centralized_dqn,0,4,2,68,1,1,1,2.486919,71.833300,0.828973,16,0.503218,36,0,1,0,0.503218,0.514211,0.010993,0.010993,0.503218,0.163627,1,35,1,-1,36,16,28,113.000000,71.833300,18.500000,0.719188,0.837761,0.800388,-0.008076,0.000290,0.003685,0.003685,4,1,3,fixed,4,1,1,0,3.000000,4.000000
1003,centralized_dqn,centralized_dqn,0,4,2,69,1,1,1,2.207884,71.833300,0.735961,16,0.503218,36,0,1,0,0.503218,0.514211,0.010993,0.010993,0.503218,0.163627,1,35,1,-1,36,16,28,113.000000,71.833300,18.500000,0.719188,0.843962,0.710583,-0.008101,0.000290,0.003152,0.003152,4,1,3,fixed,4,1,1,0,3.000000,4.000000
1003,centralized_dqn,centralized_dqn,0,4,2,70,1,1,1,2.580999,71.833300,0.860333,16,0.503218,36,0,1,0,0.503218,0.514211,0.010993,0.010993,0.503218,0.163627,1,35,1,-1,36,16,28,113.000000,71.833300,18.500000,0.719188,0.835671,0.830666,-0.008068,0.000290,0.003840,0.003840,4,1,3,fixed,4,1,1,0,3.000000,4.000000
1003,centralized_dqn,centralized_dqn,0,4,2,71,2,2,4,0.000000,18.500000,2.162162,28,0.503218,36,0,2,0,0.503218,0.514211,0.010993,0.010993,0.503218,0.163627,1,35,1,-1,36,16,28,113.000000,71.833300,18.500000,0.353982,0.556845,2.162162,-0.017944,-0.007595,0.000290,0.000000,4,1,3,fixed,4,1,1,0,3.000000,4.000000
1003,centralized_dqn,centralized_dqn,0,4,2,72,2,2,3,0.000000,18.500000,5.405405,28,0.503218,36,0,2,0,0.503218,0.514211,0.010993,0.010993,0.503218,0.163627,1,35,1,1,36,16,28,113.000000,71.833300,18.500000,0.884956,1.392112,5.405405,-0.013736,-0.005127,0.000290,0.000000,4,1,3,fixed,4,1,1,0,3.000000,4.000000
1003,centralized_dqn,centralized_dqn,0,4,2,73,2,2,3,0.000000,18.500000,5.405405,28,0.503218,36,0,2,0,0.503218,0.514211,0.010993,0.010993,0.503218,0.163627,1,35,1,1,36,16,28,113.000000,71.833300,18.500000,0.884956,1.392112,5.405405,-0.013736,-0.005127,0.000290,0.000000,4,1,3,fixed,4,1,1,0,3.000000,4.000000
1003,centralized_dqn,centralized_dqn,0,4,2,74,1,1,1,2.329251,71.833300,0.776417,16,0.503218,36,0,1,0,0.503218,0.514211,0.010993,0.010993,0.503218,0.163627,1,35,1,-1,36,16,28,113.000000,71.833300,18.500000,0.719188,0.841265,0.749644,-0.008091,0.000290,0.003398,0.003398,4,1,3,fixed,4,1,1,0,3.000000,4.000000
1003,centralized_dqn,centralized_dqn,0,4,2,75,1,1,1,2.516746,71.833300,0.838915,16,0.503218,36,0,1,0,0.503218,0.514211,0.010993,0.010993,0.503218,0.163627,1,35,1,-1,36,16,28,113.000000,71.833300,18.500000,0.719188,0.837099,0.809987,-0.008074,0.000290,0.003735,0.003735,4,1,3,fixed,4,1,1,0,3.000000,4.000000
1003,centralized_dqn,centralized_dqn,0,4,2,76,0,0,2,2.220715,113.000000,0.277589,36,0.503218,36,0,0,0,0.503218,0.514211,0.010993,0.010993,0.503218,0.163627,1,35,1,0,36,16,28,113.000000,71.833300,18.500000,0.277175,0.295487,0.268017,0.000290,0.008459,0.011248,0.011248,4,1,3,fixed,4,1,1,0,3.000000,4.000000
1003,centralized_dqn,centralized_dqn,0,4,2,77,1,1,1,2.499312,71.833300,0.833104,16,0.503218,36,0,1,0,0.503218,0.514211,0.010993,0.010993,0.503218,0.163627,1,35,1,-1,36,16,28,113.000000,71.833300,18.500000,0.719188,0.837486,0.804376,-0.008075,0.000290,0.003706,0.003706,4,1,3,fixed,4,1,1,0,3.000000,4.000000
1003,centralized_dqn,centralized_dqn,0,4,2,78,0,0,2,2.220780,113.000000,0.277598,36,0.503218,36,0,0,0,0.503218,0.514211,0.010993,0.010993,0.503218,0.163627,1,35,1,0,36,16,28,113.000000,71.833300,18.500000,0.277175,0.295487,0.268025,0.000290,0.008459,0.011248,0.011248,4,1,3,fixed,4,1,1,0,3.000000,4.000000
1003,centralized_dqn,centralized_dqn,0,4,2,79,2,2,4,0.000000,18.500000,2.162162,28,0.503218,36,0,2,0,0.503218,0.514211,0.010993,0.010993,0.503218,0.163627,1,35,1,-1,36,16,28,113.000000,71.833300,18.500000,0.353982,0.556845,2.162162,-0.017944,-0.007595,0.000290,0.000000,4,1,3,fixed,4,1,1,0,3.000000,4.000000
1003,centralized_dqn,centralized_dqn,0,4,2,80,0,0,2,2.220785,113.000000,0.277598,36,0.503218,36,0,0,0,0.503218,0.514211,0.010993,0.010993,0.503218,0.163627,1,35,1,0,36,16,28,113.000000,71.833300,18.500000,0.277175,0.295487,0.268026,0.000290,0.008459,0.011248,0.011248,4,1,3,fixed,4,1,1,0,3.000000,4.000000
1003,centralized_dqn,centralized_dqn,0,4,3,1,2,2,3,0.000000,38.166700,2.620085,29,0.488945,35,0,2,0,0.488945,0.562799,0.073854,0.073854,0.488945,-0.014273,4,38,1,1,35,16,29,113.000000,71.166700,38.166700,0.884956,1.405152,2.620085,-0.012014,-0.004149,0.000288,0.000000,4,4,0,fixed,4,1,1,0,3.000000,4.000000
1003,centralized_dqn,centralized_dqn,0,4,3,2,2,2,3,0.000000,38.166700,2.620085,29,0.488945,35,0,2,0,0.488945,0.562799,0.073854,0.073854,0.488945,-0.014273,4,38,1,1,35,16,29,113.000000,71.166700,38.166700,0.884956,1.405152,2.620085,-0.012014,-0.004149,0.000288,0.000000,4,4,0,fixed,4,1,1,0,3.000000,4.000000
1003,centralized_dqn,centralized_dqn,0,4,3,3,2,2,2,7.381395,38.166700,0.922674,29,0.488945,35,0,2,0,0.488945,0.562799,0.073854,0.073854,0.488945,-0.014273,4,38,1,-1,35,16,29,113.000000,71.166700,38.166700,0.277208,0.293108,0.922674,-0.017113,-0.010056,0.000288,0.000000,4,4,0,fixed,4,1,1,0,3.000000,4.000000
1003,centralized_dqn,centralized_dqn,0,4,3,4,0,0,2,2.258957,113.000000,0.282370,35,0.488945,35,0,0,0,0.488945,0.562799,0.073854,0.073854,0.488945,-0.014273,4,38,1,0,35,16,29,113.000000,71.166700,38.166700,0.285210,0.293108,0.891919,0.000288,0.007260,0.018134,0.018134,4,4,0,fixed,4,1,1,0,3.000000,4.000000
1003,centralized_dqn,centralized_dqn,0,4,3,5,2,2,3,0.000000,38.166700,2.620085,29,0.488945,35,0,2,0,0.488945,0.562799,0.073854,0.073854,0.488945,-0.014273,4,38,1,1,35,16,29,113.000000,71.166700,38.166700,0.884956,1.405152,2.620085,-0.012014,-0.004149,0.000288,0.000000,4,4,0,fixed,4,1,1,0,3.000000,4.000000
1003,centralized_dqn,centralized_dqn,0,4,3,6,0,0,2,2.304793,113.000000,0.288099,35,0.488945,35,0,0,0,0.488945,0.562799,0.073854,0.073854,0.488945,-0.014273,4,38,1,0,35,16,29,113.000000,71.166700,38.166700,0.285041,0.293108,0.891919,0.000288,0.007266,0.018140,0.018140,4,4,0,fixed,4,1,1,0,3.000000,4.000000
1003,centralized_dqn,centralized_dqn,0,4,3,7,0,0,2,2.306037,113.000000,0.288255,35,0.488945,35,0,0,0,0.488945,0.562799,0.073854,0.073854,0.488945,-0.014273,4,38,1,0,35,16,29,113.000000,71.166700,38.166700,0.285037,0.293108,0.891919,0.000288,0.007266,0.018140,0.018140,4,4,0,fixed,4,1,1,0,3.000000,4.000000
1003,centralized_dqn,centralized_dqn,0,4,3,8,0,0,2,2.283123,113.000000,0.285390,35,0.488945,35,0,0,0,0.488945,0.562799,0.073854,0.073854,0.488945,-0.014273,4,38,1,0,35,16,29,113.000000,71.166700,38.166700,0.285121,0.293108,0.891919,0.000288,0.007263,0.018137,0.018137,4,4,0,fixed,4,1,1,0,3.000000,4.000000
1003,centralized_dqn,centralized_dqn,0,4,3,9,2,2,4,0.000000,38.166700,1.048034,29,0.488945,35,0,2,0,0.488945,0.562799,0.073854,0.073854,0.488945,-0.014273,4,38,1,-1,35,16,29,113.000000,71.166700,38.166700,0.353982,0.562061,1.048034,-0.015185,-0.005599,0.000288,0.000000,4,4,0,fixed,4,1,1,0,3.000000,4.000000
1003,centralized_dqn,centralized_dqn,0,4,3,10,0,0,2,2.283123,113.000000,0.285390,35,0.488945,35,0,0,0,0.488945,0.562799,0.073854,0.073854,0.488945,-0.014273,4,38,1,0,35,16,29,113.000000,71.166700,38.166700,0.285121,0.293108,0.891919,0.000288,0.007263,0.018137,0.018137,4,4,0,fixed,4,1,1,0,3.000000,4.000000
1003,centralized_dqn,centralized_dqn,0,4,3,11,2,2,3,0.000000,38.166700,2.620085,29,0.488945,35,0,2,0,0.488945,0.562799,0.073854,0.073854,0.488945,-0.014273,4,38,1,1,35,16,29,113.000000,71.166700,38.166700,0.884956,1.405152,2.620085,-0.012014,-0.004149,0.000288,0.000000,4,4,0,fixed,4,1,1,0,3.000000,4.000000
1003,centralized_dqn,centralized_dqn,0,4,3,12,2,2,4,0.000000,38.166700,1.048034,29,0.488945,35,0,2,0,0.488945,0.562799,0.073854,0.073854,0.488945,-0.014273,4,38,1,-1,35,16,29,113.000000,71.166700,38.166700,0.353982,0.562061,1.048034,-0.015185,-0.005599,0.000288,0.000000,4,4,0,fixed,4,1,1,0,3.000000,4.000000
1003,centralized_dqn,centralized_dqn,0,4,3,13,2,2,4,0.000000,38.166700,1.048034,29,0.488945,35,0,2,0,0.488945,0.562799,0.073854,0.073854,0.488945,-0.014273,4,38,1,-1,35,16,29,113.000000,71.166700,38.166700,0.353982,0.562061,1.048034,-0.015185,-0.005599,0.000288,0.000000,4,4,0,fixed,4,1,1,0,3.000000,4.000000
1003,centralized_dqn,centralized_dqn,0,4,3,14,1,1,1,2.431530,71.166700,0.810510,16,0.488945,35,0,1,0,0.488945,0.562799,0.073854,0.073854,0.488945,-0.014273,4,38,1,-1,35,16,29,113.000000,71.166700,38.166700,0.739222,0.831802,2.378450,-0.007162,0.000288,0.005958,0.005958,4,4,0,fixed,4,1,1,0,3.000000,4.000000
1003,centralized_dqn,centralized_dqn,0,4,3,15,2,2,3,0.000000,38.166700,2.620085,29,0.488945,35,0,2,0,0.488945,0.562799,0.073854,0.073854,0.488945,-0.014273,4,38,1,1,35,16,29,113.000000,71.166700,38.166700,0.884956,1.405152,2.620085,-0.012014,-0.004149,0.000288,0.000000,4,4,0,fixed,4,1,1,0,3.000000,4.000000
1003,centralized_dqn,centralized_dqn,0,4,3,16,0,0,2,2.281972,113.000000,0.285246,35,0.488945,35,0,0,0,0.488945,0.562799,0.073854,0.073854,0.488945,-0.014273,4,38,1,0,35,16,29,113.000000,71.166700,38.166700,0.285125,0.293108,0.891919,0.000288,0.007263,0.018137,0.018137,4,4,0,fixed,4,1,1,0,3.000000,4.000000
1003,centralized_dqn,centralized_dqn,0,4,3,17,0,0,2,2.240464,113.000000,0.280058,35,0.488945,35,0,0,0,0.488945,0.562799,0.073854,0.073854,0.488945,-0.014273,4,38,1,0,35,16,29,113.000000,71.166700,38.166700,0.285278,0.293108,0.891919,0.000288,0.007257,0.018131,0.018131,4,4,0,fixed,4,1,1,0,3.000000,4.000000
1003,centralized_dqn,centralized_dqn,0,4,3,18,1,1,1,2.554934,71.166700,0.851645,16,0.488945,35,0,1,0,0.488945,0.562799,0.073854,0.073854,0.488945,-0.014273,4,38,1,-1,35,16,29,113.000000,71.166700,38.166700,0.739222,0.829060,2.378450,-0.007151,0.000288,0.005970,0.005970,4,4,0,fixed,4,1,1,0,3.000000,4.000000
1003,centralized_dqn,centralized_dqn,0,4,3,19,0,0,2,2.240477,113.000000,0.280060,35,0.488945,35,0,0,0,0.488945,0.562799,0.073854,0.073854,0.488945,-0.014273,4,38,1,0,35,16,29,113.000000,71.166700,38.166700,0.285278,0.293108,0.891919,0.000288,0.007257,0.018131,0.018131,4,4,0,fixed,4,1,1,0,3.000000,4.000000
1003,centralized_dqn,centralized_dqn,0,4,3,20,0,0,2,2.284134,113.000000,0.285517,35,0.488945,35,0,0,0,0.488945,0.562799,0.073854,0.073854,0.488945,-0.014273,4,38,1,0,35,16,29,113.000000,71.166700,38.166700,0.285117,0.293108,0.891919,0.000288,0.007263,0.018137,0.018137,4,4,0,fixed,4,1,1,0,3.000000,4.000000
1003,centralized_dqn,centralized_dqn,0,4,3,21,0,0,2,2.281948,113.000000,0.285244,35,0.488945,35,0,0,0,0.488945,0.562799,0.073854,0.073854,0.488945,-0.014273,4,38,1,0,35,16,29,113.000000,71.166700,38.166700,0.285125,0.293108,0.891919,0.000288,0.007263,0.018137,0.018137,4,4,0,fixed,4,1,1,0,3.000000,4.000000
1003,centralized_dqn,centralized_dqn,0,4,3,22,0,0,2,2.284145,113.000000,0.285518,35,0.488945,35,0,0,0,0.488945,0.562799,0.073854,0.073854,0.488945,-0.014273,4,38,1,0,35,16,29,113.000000,71.166700,38.166700,0.285117,0.293108,0.891919,0.000288,0.007263,0.018137,0.018137,4,4,0,fixed,4,1,1,0,3.000000,4.000000
1003,centralized_dqn,centralized_dqn,0,4,3,23,2,2,4,0.000000,38.166700,1.048034,29,0.488945,35,0,2,0,0.488945,0.562799,0.073854,0.073854,0.488945,-0.014273,4,38,1,-1,35,16,29,113.000000,71.166700,38.166700,0.353982,0.562061,1.048034,-0.015185,-0.005599,0.000288,0.000000,4,4,0,fixed,4,1,1,0,3.000000,4.000000
1003,centralized_dqn,centralized_dqn,0,4,3,24,2,2,4,0.000000,38.166700,1.048034,29,0.488945,35,0,2,0,0.488945,0.562799,0.073854,0.073854,0.488945,-0.014273,4,38,1,-1,35,16,29,113.000000,71.166700,38.166700,0.353982,0.562061,1.048034,-0.015185,-0.005599,0.000288,0.000000,4,4,0,fixed,4,1,1,0,3.000000,4.000000
1003,centralized_dqn,centralized_dqn,0,4,3,25,0,0,2,2.280971,113.000000,0.285121,35,0.488945,35,0,0,0,0.488945,0.562799,0.073854,0.073854,0.488945,-0.014273,4,38,1,0,35,16,29,113.000000,71.166700,38.166700,0.285129,0.293108,0.891919,0.000288,0.007263,0.018137,0.018137,4,4,0,fixed,4,1,1,0,3.000000,4.000000
1003,centralized_dqn,centralized_dqn,0,4,3,26,0,0,2,2.309233,113.000000,0.288654,35,0.488945,35,0,0,0,0.488945,0.562799,0.073854,0.073854,0.488945,-0.014273,4,38,1,0,35,16,29,113.000000,71.166700,38.166700,0.285025,0.293108,0.891919,0.000288,0.007266,0.018141,0.018141,4,4,0,fixed,4,1,1,0,3.000000,4.000000
1003,centralized_dqn,centralized_dqn,0,4,3,27,0,0,2,2.284191,113.000000,0.285524,35,0.488945,35,0,0,0,0.488945,0.562799,0.073854,0.073854,0.488945,-0.014273,4,38,1,0,35,16,29,113.000000,71.166700,38.166700,0.285117,0.293108,0.891919,0.000288,0.007263,0.018137,0.018137,4,4,0,fixed,4,1,1,0,3.000000,4.000000
1003,centralized_dqn,centralized_dqn,0,4,3,28,2,2,3,0.000000,38.166700,2.620085,29,0.488945,35,0,2,0,0.488945,0.562799,0.073854,0.073854,0.488945,-0.014273,4,38,1,1,35,16,29,113.000000,71.166700,38.166700,0.884956,1.405152,2.620085,-0.012014,-0.004149,0.000288,0.000000,4,4,0,fixed,4,1,1,0,3.000000,4.000000
1003,centralized_dqn,centralized_dqn,0,4,3,29,0,0,2,2.285178,113.000000,0.285647,35,0.488945,35,0,0,0,0.488945,0.562799,0.073854,0.073854,0.488945,-0.014273,4,38,1,0,35,16,29,113.000000,71.166700,38.166700,0.285113,0.293108,0.891919,0.000288,0.007263,0.018137,0.018137,4,4,0,fixed,4,1,1,0,3.000000,4.000000
1003,centralized_dqn,centralized_dqn,0,4,3,30,0,0,2,2.299441,113.000000,0.287430,35,0.488945,35,0,0,0,0.488945,0.562799,0.073854,0.073854,0.488945,-0.014273,4,38,1,0,35,16,29,113.000000,71.166700,38.166700,0.285061,0.293108,0.891919,0.000288,0.007265,0.018139,0.018139,4,4,0,fixed,4,1,1,0,3.000000,4.000000
1003,centralized_dqn,centralized_dqn,0,4,3,31,0,0,2,2.242617,113.000000,0.280327,35,0.488945,35,0,0,0,0.488945,0.562799,0.073854,0.073854,0.488945,-0.014273,4,38,1,0,35,16,29,113.000000,71.166700,38.166700,0.285270,0.293108,0.891919,0.000288,0.007257,0.018131,0.018131,4,4,0,fixed,4,1,1,0,3.000000,4.000000
1003,centralized_dqn,centralized_dqn,0,4,3,32,1,1,1,2.507283,71.166700,0.835761,16,0.488945,35,0,1,0,0.488945,0.562799,0.073854,0.073854,0.488945,-0.014273,4,38,1,-1,35,16,29,113.000000,71.166700,38.166700,0.739222,0.830119,2.378450,-0.007155,0.000288,0.005965,0.005965,4,4,0,fixed,4,1,1,0,3.000000,4.000000
1003,centralized_dqn,centralized_dqn,0,4,3,33,1,1,1,2.238745,71.166700,0.746248,16,0.488945,35,0,1,0,0.488945,0.562799,0.073854,0.073854,0.488945,-0.014273,4,38,1,-1,35,16,29,113.000000,71.166700,38.166700,0.739222,0.836086,2.378450,-0.007179,0.000288,0.005941,0.005941,4,4,0,fixed,4,1,1,0,3.000000,4.000000
1003,centralized_dqn,centralized_dqn,0,4,3,34,1,1,1,2.536607,71.166700,0.845536,16,0.488945,35,0,1,0,0.488945,0.562799,0.073854,0.073854,0.488945,-0.014273,4,38,1,-1,35,16,29,113.000000,71.166700,38.166700,0.739222,0.829467,2.378450,-0.007153,0.000288,0.005968,0.005968,4,4,0,fixed,4,1,1,0,3.000000,4.000000
1003,centralized_dqn,centralized_dqn,0,4,3,35,2,2,4,0.000000,38.166700,1.048034,29,0.488945,35,0,2,0,0.488945,0.562799,0.073854,0.073854,0.488945,-0.014273,4,38,1,-1,35,16,29,113.000000,71.166700,38.166700,0.353982,0.562061,1.048034,-0.015185,-0.005599,0.000288,0.000000,4,4,0,fixed,4,1,1,0,3.000000,4.000000
1003,centralized_dqn,centralized_dqn,0,4,3,36,0,0,2,2.240407,113.000000,0.280051,35,0.488945,35,1,0,0,0.488945,0.562799,0.073854,0.073854,0.488945,-0.014273,4,38,1,0,35,16,29,113.000000,71.166700,38.166700,0.285278,0.293108,0.891919,0.000288,0.007257,0.018131,0.018131,4,4,0,fixed,4,1,1,0,3.000000,4.000000
1003,centralized_dqn,centralized_dqn,0,4,3,37,0,0,2,2.240443,113.000000,0.280055,35,0.488945,35,0,0,0,0.488945,0.562799,0.073854,0.073854,0.488945,-0.014273,4,38,1,0,35,16,29,113.000000,71.166700,38.166700,0.285278,0.293108,0.891919,0.000288,0.007257,0.018131,0.018131,4,4,0,fixed,4,1,1,0,3.000000,4.000000
1003,centralized_dqn,centralized_dqn,0,4,3,38,0,0,2,2.240431,113.000000,0.280054,35,0.488945,35,0,0,0,0.488945,0.562799,0.073854,0.073854,0.488945,-0.014273,4,38,1,0,35,16,29,113.000000,71.166700,38.166700,0.285278,0.293108,0.891919,0.000288,0.007257,0.018131,0.018131,4,4,0,fixed,4,1,1,0,3.000000,4.000000
1003,centralized_dqn,centralized_dqn,0,4,3,39,2,2,4,0.000000,38.166700,1.048034,29,0.488945,35,0,2,0,0.488945,0.562799,0.073854,0.073854,0.488945,-0.014273,4,38,1,-1,35,16,29,113.000000,71.166700,38.166700,0.353982,0.562061,1.048034,-0.015185,-0.005599,0.000288,0.000000,4,4,0,fixed,4,1,1,0,3.000000,4.000000
1003,centralized_dqn,centralized_dqn,0,4,3,40,2,2,4,0.000000,38.166700,1.048034,29,0.488945,35,0,2,0,0.488945,0.562799,0.073854,0.073854,0.488945,-0.014273,4,38,1,-1,35,16,29,113.000000,71.166700,38.166700,0.353982,0.562061,1.048034,-0.015185,-0.005599,0.000288,0.000000,4,4,0,fixed,4,1,1,0,3.000000,4.000000
1003,centralized_dqn,centralized_dqn,0,4,3,41,0,0,2,2.303804,113.000000,0.287975,35,0.488945,35,0,0,0,0.488945,0.562799,0.073854,0.073854,0.488945,-0.014273,4,38,1,0,35,16,29,113.000000,71.166700,38.166700,0.285045,0.293108,0.891919,0.000288,0.007266,0.018140,0.018140,4,4,0,fixed,4,1,1,0,3.000000,4.000000
1003,centralized_dqn,centralized_dqn,0,4,3,42,1,1,1,2.121409,71.166700,0.707136,16,0.488945,35,0,1,0,0.488945,0.562799,0.073854,0.073854,0.488945,-0.014273,4,38,1,-1,35,16,29,113.000000,71.166700,38.166700,0.739222,0.838694,2.378450,-0.007189,0.000288,0.005930,0.005930,4,4,0,fixed,4,1,1,0,3.000000,4.000000
1003,centralized_dqn,centralized_dqn,0,4,3,43,0,0,2,2.262231,113.000000,0.282779,35,0.488945,35,0,0,0,0.488945,0.562799,0.073854,0.073854,0.488945,-0.014273,4,38,1,0,35,16,29,113.000000,71.166700,38.166700,0.285198,0.293108,0.891919,0.000288,0.007260,0.018134,0.018134,4,4,0,fixed,4,1,1,0,3.000000,4.000000
1003,centralized_dqn,centralized_dqn,0,4,3,44,1,1,1,2.724767,71.166700,0.908256,16,0.488945,35,0,1,0,0.488945,0.562799,0.073854,0.073854,0.488945,-0.014273,4,38,1,-1,35,16,29,113.000000,71.166700,38.166700,0.739222,0.825286,2.378450,-0.007136,0.000288,0.005986,0.005986,4,4,0,fixed,4,1,1,0,3.000000,4.000000
1003,centralized_dqn,centralized_dqn,0,4,3,45,0,0,2,2.262290,113.000000,0.282786,35,0.488945,35,0,0,0,0.488945,0.562799,0.073854,0.073854,0.488945,-0.014273,4,38,1,0,35,16,29,113.000000,71.166700,38.166700,0.285197,0.293108,0.891919,0.000288,0.007260,0.018134,0.018134,4,4,0,fixed,4,1,1,0,3.000000,4.000000
1003,centralized_dqn,centralized_dqn,0,4,3,46,2,2,4,0.000000,38.166700,1.048034,29,0.488945,35,0,2,0,0.488945,0.562799,0.073854,0.073854,0.488945,-0.014273,4,38,1,-1,35,16,29,113.000000,71.166700,38.166700,0.353982,0.562061,1.048034,-0.015185,-0.005599,0.000288,0.000000,4,4,0,fixed,4,1,1,0,3.000000,4.000000
1003,centralized_dqn,centralized_dqn,0,4,3,47,1,1,1,2.488607,71.166700,0.829536,16,0.488945,35,0,1,0,0.488945,0.562799,0.073854,0.073854,0.488945,-0.014273,4,38,1,-1,35,16,29,113.000000,71.166700,38.166700,0.739222,0.830534,2.378450,-0.007157,0.000288,0.005964,0.005964,4,4,0,fixed,4,1,1,0,3.000000,4.000000
1003,centralized_dqn,centralized_dqn,0,4,3,48,2,2,3,0.000000,38.166700,2.620085,29,0.488945,35,0,2,0,0.488945,0.562799,0.073854,0.073854,0.488945,-0.014273,4,38,1,1,35,16,29,113.000000,71.166700,38.166700,0.884956,1.405152,2.620085,-0.012014,-0.004149,0.000288,0.000000,4,4,0,fixed,4,1,1,0,3.000000,4.000000
1003,centralized_dqn,centralized_dqn,0,4,3,49,0,0,2,2.261149,113.000000,0.282644,35,0.488945,35,0,0,0,0.488945,0.562799,0.073854,0.073854,0.488945,-0.014273,4,38,1,0,35,16,29,113.000000,71.166700,38.166700,0.285202,0.293108,0.891919,0.000288,0.007260,0.018134,0.018134,4,4,0,fixed,4,1,1,0,3.000000,4.000000
1003,centralized_dqn,centralized_dqn,0,4,3,50,0,0,2,2.303804,113.000000,0.287975,35,0.488945,35,0,0,0,0.488945,0.562799,0.073854,0.073854,0.488945,-0.014273,4,38,1,0,35,16,29,113.000000,71.166700,38.166700,0.285045,0.293108,0.891919,0.000288,0.007266,0.018140,0.018140,4,4,0,fixed,4,1,1,0,3.000000,4.000000
1003,centralized_dqn,centralized_dqn,0,4,3,51,0,0,2,2.303828,113.000000,0.287978,35,0.488945,35,0,0,0,0.488945,0.562799,0.073854,0.073854,0.488945,-0.014273,4,38,1,0,35,16,29,113.000000,71.166700,38.166700,0.285045,0.293108,0.891919,0.000288,0.007266,0.018140,0.018140,4,4,0,fixed,4,1,1,0,3.000000,4.000000
1003,centralized_dqn,centralized_dqn,0,4,3,52,2,2,4,0.000000,38.166700,1.048034,29,0.488945,35,0,2,0,0.488945,0.562799,0.073854,0.073854,0.488945,-0.014273,4,38,1,-1,35,16,29,113.000000,71.166700,38.166700,0.353982,0.562061,1.048034,-0.015185,-0.005599,0.000288,0.000000,4,4,0,fixed,4,1,1,0,3.000000,4.000000
1003,centralized_dqn,centralized_dqn,0,4,3,53,2,2,4,0.000000,38.166700,1.048034,29,0.488945,35,0,2,0,0.488945,0.562799,0.073854,0.073854,0.488945,-0.014273,4,38,1,-1,35,16,29,113.000000,71.166700,38.166700,0.353982,0.562061,1.048034,-0.015185,-0.005599,0.000288,0.000000,4,4,0,fixed,4,1,1,0,3.000000,4.000000
1003,centralized_dqn,centralized_dqn,0,4,3,54,1,1,1,2.424461,71.166700,0.808154,16,0.488945,35,0,1,0,0.488945,0.562799,0.073854,0.073854,0.488945,-0.014273,4,38,1,-1,35,16,29,113.000000,71.166700,38.166700,0.739222,0.831959,2.378450,-0.007163,0.000288,0.005958,0.005958,4,4,0,fixed,4,1,1,0,3.000000,4.000000
1003,centralized_dqn,centralized_dqn,0,4,3,55,0,0,2,2.285269,113.000000,0.285659,35,0.488945,35,0,0,0,0.488945,0.562799,0.073854,0.073854,0.488945,-0.014273,4,38,1,0,35,16,29,113.000000,71.166700,38.166700,0.285113,0.293108,0.891919,0.000288,0.007263,0.018137,0.018137,4,4,0,fixed,4,1,1,0,3.000000,4.000000
1003,centralized_dqn,centralized_dqn,0,4,3,56,2,2,4,0.000000,38.166700,1.048034,29,0.488945,35,0,2,0,0.488945,0.562799,0.073854,0.073854,0.488945,-0.014273,4,38,1,-1,35,16,29,113.000000,71.166700,38.166700,0.353982,0.562061,1.048034,-0.015185,-0.005599,0.000288,0.000000,4,4,0,fixed,4,1,1,0,3.000000,4.000000
1003,centralized_dqn,centralized_dqn,0,4,3,57,0,0,2,2.285233,113.000000,0.285654,35,0.488945,35,0,0,0,0.488945,0.562799,0.073854,0.073854,0.488945,-0.014273,4,38,1,0,35,16,29,113.000000,71.166700,38.166700,0.285113,0.293108,0.891919,0.000288,0.007263,0.018137,0.018137,4,4,0,fixed,4,1,1,0,3.000000,4.000000
1003,centralized_dqn,centralized_dqn,0,4,3,58,0,0,2,2.309328,113.000000,0.288666,35,0.488945,35,0,0,0,0.488945,0.562799,0.073854,0.073854,0.488945,-0.014273,4,38,1,0,35,16,29,113.000000,71.166700,38.166700,0.285024,0.293108,0.891919,0.000288,0.007266,0.018141,0.018141,4,4,0,fixed,4,1,1,0,3.000000,4.000000
1003,centralized_dqn,centralized_dqn,0,4,3,59,0,0,2,2.303839,113.000000,0.287980,35,0.488945,35,0,0,0,0.488945,0.562799,0.073854,0.073854,0.488945,-0.014273,4,38,1,0,35,16,29,113.000000,71.166700,38.166700,0.285045,0.293108,0.891919,0.000288,0.007266,0.018140,0.018140,4,4,0,fixed,4,1,1,0,3.000000,4.000000
1003,centralized_dqn,centralized_dqn,0,4,3,60,2,2,4,0.000000,38.166700,1.048034,29,0.488945,35,0,2,0,0.488945,0.562799,0.073854,0.073854,0.488945,-0.014273,4,38,1,-1,35,16,29,113.000000,71.166700,38.166700,0.353982,0.562061,1.048034,-0.015185,-0.005599,0.000288,0.000000,4,4,0,fixed,4,1,1,0,3.000000,4.000000
1003,centralized_dqn,centralized_dqn,0,4,3,61,0,0,2,2.283006,113.000000,0.285376,35,0.488945,35,0,2,1,0.488945,0.562799,0.073854,0.073854,0.488945,-0.014273,4,38,1,0,35,16,29,113.000000,71.166700,38.166700,0.285121,0.293108,0.891919,0.000288,0.007263,0.018137,0.018137,4,4,0,fixed,4,1,1,0,3.000000,4.000000
1003,centralized_dqn,centralized_dqn,0,4,3,62,2,2,3,0.000000,38.166700,2.620085,29,0.488945,35,0,2,0,0.488945,0.562799,0.073854,0.073854,0.488945,-0.014273,4,38,1,1,35,16,29,113.000000,71.166700,38.166700,0.884956,1.405152,2.620085,-0.012014,-0.004149,0.000288,0.000000,4,4,0,fixed,4,1,1,0,3.000000,4.000000
1003,centralized_dqn,centralized_dqn,0,4,3,63,2,2,4,0.000000,38.166700,1.048034,29,0.488945,35,0,2,0,0.488945,0.562799,0.073854,0.073854,0.488945,-0.014273,4,38,1,-1,35,16,29,113.000000,71.166700,38.166700,0.353982,0.562061,1.048034,-0.015185,-0.005599,0.000288,0.000000,4,4,0,fixed,4,1,1,0,3.000000,4.000000
1003,centralized_dqn,centralized_dqn,0,4,3,64,0,0,2,2.304923,113.000000,0.288115,35,0.488945,35,0,2,1,0.488945,0.562799,0.073854,0.073854,0.488945,-0.014273,4,38,1,0,35,16,29,113.000000,71.166700,38.166700,0.285041,0.293108,0.891919,0.000288,0.007266,0.018140,0.018140,4,4,0,fixed,4,1,1,0,3.000000,4.000000
1003,centralized_dqn,centralized_dqn,0,4,3,65,2,2,4,0.000000,38.166700,1.048034,29,0.488945,35,0,2,0,0.488945,0.562799,0.073854,0.073854,0.488945,-0.014273,4,38,1,-1,35,16,29,113.000000,71.166700,38.166700,0.353982,0.562061,1.048034,-0.015185,-0.005599,0.000288,0.000000,4,4,0,fixed,4,1,1,0,3.000000,4.000000
1003,centralized_dqn,centralized_dqn,0,4,3,66,2,2,3,0.000000,38.166700,2.620085,29,0.488945,35,0,2,0,0.488945,0.562799,0.073854,0.073854,0.488945,-0.014273,4,38,1,1,35,16,29,113.000000,71.166700,38.166700,0.884956,1.405152,2.620085,-0.012014,-0.004149,0.000288,0.000000,4,4,0,fixed,4,1,1,0,3.000000,4.000000
1003,centralized_dqn,centralized_dqn,0,4,3,67,1,1,1,2.573523,71.166700,0.857841,16,0.488945,35,0,1,0,0.488945,0.562799,0.073854,0.073854,0.488945,-0.014273,4,38,1,-1,35,16,29,113.000000,71.166700,38.166700,0.739222,0.828647,2.378450,-0.007150,0.000288,0.005971,0.005971,4,4,0,fixed,4,1,1,0,3.000000,4.000000
1003,centralized_dqn,centralized_dqn,0,4,3,68,1,1,1,2.563786,71.166700,0.854595,16,0.488945,35,0,1,0,0.488945,0.562799,0.073854,0.073854,0.488945,-0.014273,4,38,1,-1,35,16,29,113.000000,71.166700,38.166700,0.739222,0.828863,2.378450,-0.007150,0.000288,0.005971,0.005971,4,4,0,fixed,4,1,1,0,3.000000,4.000000
1003,centralized_dqn,centralized_dqn,0,4,3,69,1,1,1,2.659088,71.166700,0.886363,16,0.488945,35,0,1,0,0.488945,0.562799,0.073854,0.073854,0.488945,-0.014273,4,38,1,-1,35,16,29,113.000000,71.166700,38.166700,0.739222,0.826746,2.378450,-0.007142,0.000288,0.005979,0.005979,4,4,0,fixed,4,1,1,0,3.000000,4.000000
1003,centralized_dqn,centralized_dqn,0,4,3,70,1,1,1,2.439123,71.166700,0.813041,16,0.488945,35,0,1,0,0.488945,0.562799,0.073854,0.073854,0.488945,-0.014273,4,38,1,-1,35,16,29,113.000000,71.166700,38.166700,0.739222,0.831634,2.378450,-0.007161,0.000288,0.005959,0.005959,4,4,0,fixed,4,1,1,0,3.000000,4.000000
1003,centralized_dqn,centralized_dqn,0,4,3,71,2,2,4,0.000000,38.166700,1.048034,29,0.488945,35,0,2,0,0.488945,0.562799,0.073854,0.073854,0.488945,-0.014273,4,38,1,-1,35,16,29,113.000000,71.166700,38.166700,0.353982,0.562061,1.048034,-0.015185,-0.005599,0.000288,0.000000,4,4,0,fixed,4,1,1,0,3.000000,4.000000
1003,centralized_dqn,centralized_dqn,0,4,3,72,2,2,3,0.000000,38.166700,2.620085,29,0.488945,35,0,2,0,0.488945,0.562799,0.073854,0.073854,0.488945,-0.014273,4,38,1,1,35,16,29,113.000000,71.166700,38.166700,0.884956,1.405152,2.620085,-0.012014,-0.004149,0.000288,0.000000,4,4,0,fixed,4,1,1,0,3.000000,4.000000
1003,centralized_dqn,centralized_dqn,0,4,3,73,2,2,3,0.000000,38.166700,2.620085,29,0.488945,35,0,2,0,0.488945,0.562799,0.073854,0.073854,0.488945,-0.014273,4,38,1,1,35,16,29,113.000000,71.166700,38.166700,0.884956,1.405152,2.620085,-0.012014,-0.004149,0.000288,0.000000,4,4,0,fixed,4,1,1,0,3.000000,4.000000
1003,centralized_dqn,centralized_dqn,0,4,3,74,1,1,1,2.786157,71.166700,0.928719,16,0.488945,35,0,1,0,0.488945,0.562799,0.073854,0.073854,0.488945,-0.014273,4,38,1,-1,35,16,29,113.000000,71.166700,38.166700,0.739222,0.823922,2.378450,-0.007131,0.000288,0.005991,0.005991,4,4,0,fixed,4,1,1,0,3.000000,4.000000
1003,centralized_dqn,centralized_dqn,0,4,3,75,1,1,1,2.358483,71.166700,0.786161,16,0.488945,35,0,1,0,0.488945,0.562799,0.073854,0.073854,0.488945,-0.014273,4,38,1,-1,35,16,29,113.000000,71.166700,38.166700,0.739222,0.833426,2.378450,-0.007168,0.000288,0.005952,0.005952,4,4,0,fixed,4,1,1,0,3.000000,4.000000
1003,centralized_dqn,centralized_dqn,0,4,3,76,0,0,2,2.310436,113.000000,0.288805,35,0.488945,35,0,2,1,0.488945,0.562799,0.073854,0.073854,0.488945,-0.014273,4,38,1,0,35,16,29,113.000000,71.166700,38.166700,0.285020,0.293108,0.891919,0.000288,0.007267,0.018141,0.018141,4,4,0,fixed,4,1,1,0,3.000000,4.000000
1003,centralized_dqn,centralized_dqn,0,4,3,77,1,1,1,2.454134,71.166700,0.818045,16,0.488945,35,0,1,0,0.488945,0.562799,0.073854,0.073854,0.488945,-0.014273,4,38,1,-1,35,16,29,113.000000,71.166700,38.166700,0.739222,0.831300,2.378450,-0.007160,0.000288,0.005960,0.005960,4,4,0,fixed,4,1,1,0,3.000000,4.000000
1003,centralized_dqn,centralized_dqn,0,4,3,78,0,0,2,2.284168,113.000000,0.285521,35,0.488945,35,0,0,0,0.488945,0.562799,0.073854,0.073854,0.488945,-0.014273,4,38,1,0,35,16,29,113.000000,71.166700,38.166700,0.285117,0.293108,0.891919,0.000288,0.007263,0.018137,0.018137,4,4,0,fixed,4,1,1,0,3.000000,4.000000
1003,centralized_dqn,centralized_dqn,0,4,3,79,2,2,4,0.000000,38.166700,1.048034,29,0.488945,35,0,2,0,0.488945,0.562799,0.073854,0.073854,0.488945,-0.014273,4,38,1,-1,35,16,29,113.000000,71.166700,38.166700,0.353982,0.562061,1.048034,-0.015185,-0.005599,0.000288,0.000000,4,4,0,fixed,4,1,1,0,3.000000,4.000000
1003,centralized_dqn,centralized_dqn,0,4,3,80,0,0,2,2.300585,113.000000,0.287573,35,0.488945,35,0,2,1,0.488945,0.562799,0.073854,0.073854,0.488945,-0.014273,4,38,1,0,35,16,29,113.000000,71.166700,38.166700,0.285057,0.293108,0.891919,0.000288,0.007265,0.018139,0.018139,4,4,0,fixed,4,1,1,0,3.000000,4.000000
1003,centralized_dqn,centralized_dqn,0,4,4,1,2,2,3,0.000000,65.833300,1.518988,33,0.492658,36,0,2,0,0.492658,0.525522,0.032865,0.032865,0.492658,0.003713,3,37,1,1,31,16,33,112.833000,71.666700,65.833300,0.886266,1.395348,1.518988,-0.009055,-0.002029,0.000734,0.000000,4,3,1,fixed,4,1,1,0,3.000000,4.000000
1003,centralized_dqn,centralized_dqn,0,4,4,2,2,2,3,0.000000,65.833300,1.518988,33,0.492658,36,0,2,0,0.492658,0.525522,0.032865,0.032865,0.492658,0.003713,3,37,1,1,31,16,33,112.833000,71.666700,65.833300,0.886266,1.395348,1.518988,-0.009055,-0.002029,0.000734,0.000000,4,3,1,fixed,4,1,1,0,3.000000,4.000000
1003,centralized_dqn,centralized_dqn,0,4,4,3,2,2,2,3.721234,65.833300,0.465154,33,0.492658,36,0,2,0,0.492658,0.525522,0.032865,0.032865,0.492658,0.003713,3,37,1,0,31,16,33,112.833000,71.666700,65.833300,0.308712,0.298917,0.465093,-0.011047,-0.005620,0.000734,0.000000,4,3,1,fixed,4,1,1,0,3.000000,4.000000
1003,centralized_dqn,centralized_dqn,0,4,4,4,0,0,2,2.586796,112.833000,0.323349,31,0.492658,36,0,0,0,0.492658,0.525522,0.032865,0.032865,0.492658,0.003713,3,37,1,0,31,16,33,112.833000,71.666700,65.833300,0.318515,0.298917,0.451425,0.000734,0.005807,0.012050,0.012050,4,3,1,fixed,4,1,1,0,3.000000,4.000000
1003,centralized_dqn,centralized_dqn,0,4,4,5,2,2,3,0.000000,65.833300,1.518988,33,0.492658,36,0,2,0,0.492658,0.525522,0.032865,0.032865,0.492658,0.003713,3,37,1,1,31,16,33,112.833000,71.666700,65.833300,0.886266,1.395348,1.518988,-0.009055,-0.002029,0.000734,0.000000,4,3,1,fixed,4,1,1,0,3.000000,4.000000
1003,centralized_dqn,centralized_dqn,0,4,4,6,0,0,2,2.638266,112.833000,0.329783,31,0.492658,36,0,0,0,0.492658,0.525522,0.032865,0.032865,0.492658,0.003713,3,37,1,0,31,16,33,112.833000,71.666700,65.833300,0.318300,0.298917,0.451425,0.000734,0.005814,0.012057,0.012057,4,3,1,fixed,4,1,1,0,3.000000,4.000000
1003,centralized_dqn,centralized_dqn,0,4,4,7,0,0,2,2.620779,112.833000,0.327597,31,0.492658,36,0,0,0,0.492658,0.525522,0.032865,0.032865,0.492658,0.003713,3,37,1,0,31,16,33,112.833000,71.666700,65.833300,0.318373,0.298917,0.451425,0.000734,0.005812,0.012055,0.012055,4,3,1,fixed,4,1,1,0,3.000000,4.000000
1003,centralized_dqn,centralized_dqn,0,4,4,8,0,0,2,2.458999,112.833000,0.307375,31,0.492658,36,1,0,0,0.492658,0.525522,0.032865,0.032865,0.492658,0.003713,3,37,1,0,31,16,33,112.833000,71.666700,65.833300,0.319047,0.298917,0.451425,0.000734,0.005792,0.012034,0.012034,4,3,1,fixed,4,1,1,0,3.000000,4.000000
1003,centralized_dqn,centralized_dqn,0,4,4,9,2,2,4,0.000000,65.833300,0.607595,33,0.492658,36,0,2,0,0.492658,0.525522,0.032865,0.032865,0.492658,0.003713,3,37,1,-1,31,16,33,112.833000,71.666700,65.833300,0.354506,0.558139,0.607595,-0.011107,-0.002292,0.000734,0.000000,4,3,1,fixed,4,1,1,0,3.000000,4.000000
1003,centralized_dqn,centralized_dqn,0,4,4,10,0,0,2,2.459011,112.833000,0.307376,31,0.492658,36,0,0,0,0.492658,0.525522,0.032865,0.032865,0.492658,0.003713,3,37,1,0,31,16,33,112.833000,71.666700,65.833300,0.319047,0.298917,0.451425,0.000734,0.005792,0.012034,0.012034,4,3,1,fixed,4,1,1,0,3.000000,4.000000
1003,centralized_dqn,centralized_dqn,0,4,4,11,2,2,3,0.000000,65.833300,1.518988,33,0.492658,36,0,2,0,0.492658,0.525522,0.032865,0.032865,0.492658,0.003713,3,37,1,1,31,16,33,112.833000,71.666700,65.833300,0.886266,1.395348,1.518988,-0.009055,-0.002029,0.000734,0.000000,4,3,1,fixed,4,1,1,0,3.000000,4.000000
1003,centralized_dqn,centralized_dqn,0,4,4,12,2,2,4,0.000000,65.833300,0.607595,33,0.492658,36,0,2,0,0.492658,0.525522,0.032865,0.032865,0.492658,0.003713,3,37,1,-1,31,16,33,112.833000,71.666700,65.833300,0.354506,0.558139,0.607595,-0.011107,-0.002292,0.000734,0.000000,4,3,1,fixed,4,1,1,0,3.000000,4.000000
1003,centralized_dqn,centralized_dqn,0,4,4,13,2,2,4,0.000000,65.833300,0.607595,33,0.492658,36,0,2,0,0.492658,0.525522,0.032865,0.032865,0.492658,0.003713,3,37,1,-1,31,16,33,112.833000,71.666700,65.833300,0.354506,0.558139,0.607595,-0.011107,-0.002292,0.000734,0.000000,4,3,1,fixed,4,1,1,0,3.000000,4.000000
1003,centralized_dqn,centralized_dqn,0,4,4,14,1,1,1,2.514228,71.666700,0.838076,16,0.492658,36,0,1,0,0.492658,0.525522,0.032865,0.032865,0.492658,0.003713,3,37,1,-1,31,16,33,112.833000,71.666700,65.833300,0.823233,0.847522,1.203801,-0.005473,0.000734,0.004199,0.004199,4,3,1,fixed,4,1,1,0,3.000000,4.000000
1003,centralized_dqn,centralized_dqn,0,4,4,15,2,2,3,0.000000,65.833300,1.518988,33,0.492658,36,0,2,0,0.492658,0.525522,0.032865,0.032865,0.492658,0.003713,3,37,1,1,31,16,33,112.833000,71.666700,65.833300,0.886266,1.395348,1.518988,-0.009055,-0.002029,0.000734,0.000000,4,3,1,fixed,4,1,1,0,3.000000,4.000000
1003,centralized_dqn,centralized_dqn,0,4,4,16,0,0,2,2.655646,112.833000,0.331956,31,0.492658,36,0,0,0,0.492658,0.525522,0.032865,0.032865,0.492658,0.003713,3,37,1,0,31,16,33,112.833000,71.666700,65.833300,0.318228,0.298917,0.451425,0.000734,0.005816,0.012059,0.012059,4,3,1,fixed,4,1,1,0,3.000000,4.000000
1003,centralized_dqn,centralized_dqn,0,4,4,17,0,0,2,2.469903,112.833000,0.308738,31,0.492658,36,0,0,0,0.492658,0.525522,0.032865,0.032865,0.492658,0.003713,3,37,1,0,31,16,33,112.833000,71.666700,65.833300,0.319002,0.298917,0.451425,0.000734,0.005793,0.012036,0.012036,4,3,1,fixed,4,1,1,0,3.000000,4.000000
1003,centralized_dqn,centralized_dqn,0,4,4,18,1,1,1,2.664474,71.666700,0.888158,16,0.492658,36,0,1,0,0.492658,0.525522,0.032865,0.032865,0.492658,0.003713,3,37,1,-1,31,16,33,112.833000,71.666700,65.833300,0.823233,0.844183,1.203801,-0.005460,0.000734,0.004212,0.004212,4,3,1,fixed,4,1,1,0,3.000000,4.000000
1003,centralized_dqn,centralized_dqn,0,4,4,19,0,0,2,2.468836,112.833000,0.308605,31,0.492658,36,0,0,0,0.492658,0.525522,0.032865,0.032865,0.492658,0.003713,3,37,1,0,31,16,33,112.833000,71.666700,65.833300,0.319006,0.298917,0.451425,0.000734,0.005793,0.012035,0.012035,4,3,1,fixed,4,1,1,0,3.000000,4.000000
1003,centralized_dqn,centralized_dqn,0,4,4,20,0,0,2,2.459005,112.833000,0.307376,31,0.492658,36,0,0,0,0.492658,0.525522,0.032865,0.032865,0.492658,0.003713,3,37,1,0,31,16,33,112.833000,71.666700,65.833300,0.319047,0.298917,0.451425,0.000734,0.005792,0.012034,0.012034,4,3,1,fixed,4,1,1,0,3.000000,4.000000
1003,centralized_dqn,centralized_dqn,0,4,4,21,0,0,2,2.655646,112.833000,0.331956,31,0.492658,36,0,0,0,0.492658,0.525522,0.032865,0.032865,0.492658,0.003713,3,37,1,0,31,16,33,112.833000,71.666700,65.833300,0.318228,0.298917,0.451425,0.000734,0.005816,0.012059,0.012059,4,3,1,fixed,4,1,1,0,3.000000,4.000000
1003,centralized_dqn,centralized_dqn,0,4,4,22,0,0,2,2.512532,112.833000,0.314066,31,0.492658,36,0,0,0,0.492658,0.525522,0.032865,0.032865,0.492658,0.003713,3,37,1,0,31,16,33,112.833000,71.666700,65.833300,0.318824,0.298917,0.451425,0.000734,0.005798,0.012041,0.012041,4,3,1,fixed,4,1,1,0,3.000000,4.000000
1003,centralized_dqn,centralized_dqn,0,4,4,23,2,2,4,0.000000,65.833300,0.607595,33,0.492658,36,0,2,0,0.492658,0.525522,0.032865,0.032865,0.492658,0.003713,3,37,1,-1,31,16,33,112.833000,71.666700,65.833300,0.354506,0.558139,0.607595,-0.011107,-0.002292,0.000734,0.000000,4,3,1,fixed,4,1,1,0,3.000000,4.000000
1003,centralized_dqn,centralized_dqn,0,4,4,24,2,2,4,0.000000,65.833300,0.607595,33,0.492658,36,0,2,0,0.492658,0.525522,0.032865,0.032865,0.492658,0.003713,3,37,1,-1,31,16,33,112.833000,71.666700,65.833300,0.354506,0.558139,0.607595,-0.011107,-0.002292,0.000734,0.000000,4,3,1,fixed,4,1,1,0,3.000000,4.000000
1003,centralized_dqn,centralized_dqn,0,4,4,25,0,0,2,2.510346,112.833000,0.313793,31,0.492658,36,0,0,0,0.492658,0.525522,0.032865,0.032865,0.492658,0.003713,3,37,1,0,31,16,33,112.833000,71.666700,65.833300,0.318833,0.298917,0.451425,0.000734,0.005798,0.012041,0.012041,4,3,1,fixed,4,1,1,0,3.000000,4.000000
1003,centralized_dqn,centralized_dqn,0,4,4,26,0,0,2,2.516887,112.833000,0.314611,31,0.492658,36,0,0,0,0.492658,0.525522,0.032865,0.032865,0.492658,0.003713,3,37,1,0,31,16,33,112.833000,71.666700,65.833300,0.318806,0.298917,0.451425,0.000734,0.005799,0.012042,0.012042,4,3,1,fixed,4,1,1,0,3.000000,4.000000
1003,centralized_dqn,centralized_dqn,0,4,4,27,0,0,2,2.512515,112.833000,0.314064,31,0.492658,36,0,0,0,0.492658,0.525522,0.032865,0.032865,0.492658,0.003713,3,37,1,0,31,16,33,112.833000,71.666700,65.833300,0.318824,0.298917,0.451425,0.000734,0.005798,0.012041,0.012041,4,3,1,fixed,4,1,1,0,3.000000,4.000000
1003,centralized_dqn,centralized_dqn,0,4,4,28,2,2,3,0.000000,65.833300,1.518988,33,0.492658,36,0,2,0,0.492658,0.525522,0.032865,0.032865,0.492658,0.003713,3,37,1,1,31,16,33,112.833000,71.666700,65.833300,0.886266,1.395348,1.518988,-0.009055,-0.002029,0.000734,0.000000,4,3,1,fixed,4,1,1,0,3.000000,4.000000
1003,centralized_dqn,centralized_dqn,0,4,4,29,0,0,2,2.655718,112.833000,0.331965,31,0.492658,36,0,0,0,0.492658,0.525522,0.032865,0.032865,0.492658,0.003713,3,37,1,0,31,16,33,112.833000,71.666700,65.833300,0.318228,0.298917,0.451425,0.000734,0.005816,0.012059,0.012059,4,3,1,fixed,4,1,1,0,3.000000,4.000000
1003,centralized_dqn,centralized_dqn,0,4,4,30,0,0,2,2.538847,112.833000,0.317356,31,0.492658,36,0,0,0,0.492658,0.525522,0.032865,0.032865,0.492658,0.003713,3,37,1,0,31,16,33,112.833000,71.666700,65.833300,0.318715,0.298917,0.451425,0.000734,0.005801,0.012044,0.012044,4,3,1,fixed,4,1,1,0,3.000000,4.000000
1003,centralized_dqn,centralized_dqn,0,4,4,31,0,0,2,2.525706,112.833000,0.315713,31,0.492658,36,0,0,0,0.492658,0.525522,0.032865,0.032865,0.492658,0.003713,3,37,1,0,31,16,33,112.833000,71.666700,65.833300,0.318769,0.298917,0.451425,0.000734,0.005800,0.012043,0.012043,4,3,1,fixed,4,1,1,0,3.000000,4.000000
1003,centralized_dqn,centralized_dqn,0,4,4,32,1,1,1,2.614990,71.666700,0.871663,16,0.492658,36,0,1,0,0.492658,0.525522,0.032865,0.032865,0.492658,0.003713,3,37,1,-1,31,16,33,112.833000,71.666700,65.833300,0.823233,0.845283,1.203801,-0.005464,0.000734,0.004208,0.004208,4,3,1,fixed,4,1,1,0,3.000000,4.000000
1003,centralized_dqn,centralized_dqn,0,4,4,33,1,1,1,2.675508,71.666700,0.891836,16,0.492658,36,0,1,0,0.492658,0.525522,0.032865,0.032865,0.492658,0.003713,3,37,1,-1,31,16,33,112.833000,71.666700,65.833300,0.823233,0.843938,1.203801,-0.005459,0.000734,0.004213,0.004213,4,3,1,fixed,4,1,1,0,3.000000,4.000000
1003,centralized_dqn,centralized_dqn,0,4,4,34,1,1,1,3.374924,71.666700,1.124975,16,0.492658,36,0,1,0,0.492658,0.525522,0.032865,0.032865,0.492658,0.003713,3,37,1,-1,31,16,33,112.833000,71.666700,65.833300,0.823233,0.828395,1.203801,-0.005397,0.000734,0.004277,0.004277,4,3,1,fixed,4,1,1,0,3.000000,4.000000
1003,centralized_dqn,centralized_dqn,0,4,4,35,2,2,4,0.000000,65.833300,0.607595,33,0.492658,36,0,2,0,0.492658,0.525522,0.032865,0.032865,0.492658,0.003713,3,37,1,-1,31,16,33,112.833000,71.666700,65.833300,0.354506,0.558139,0.607595,-0.011107,-0.002292,0.000734,0.000000,4,3,1,fixed,4,1,1,0,3.000000,4.000000
1003,centralized_dqn,centralized_dqn,0,4,4,36,0,0,2,2.525682,112.833000,0.315710,31,0.492658,36,0,0,0,0.492658,0.525522,0.032865,0.032865,0.492658,0.003713,3,37,1,0,31,16,33,112.833000,71.666700,65.833300,0.318769,0.298917,0.451425,0.000734,0.005800,0.012043,0.012043,4,3,1,fixed,4,1,1,0,3.000000,4.000000
1003,centralized_dqn,centralized_dqn,0,4,4,37,0,0,2,2.525682,112.833000,0.315710,31,0.492658,36,0,0,0,0.492658,0.525522,0.032865,0.032865,0.492658,0.003713,3,37,1,0,31,16,33,112.833000,71.666700,65.833300,0.318769,0.298917,0.451425,0.000734,0.005800,0.012043,0.012043,4,3,1,fixed,4,1,1,0,3.000000,4.000000
1003,centralized_dqn,centralized_dqn,0,4,4,38,0,0,2,2.525730,112.833000,0.315716,31,0.492658,36,0,0,0,0.492658,0.525522,0.032865,0.032865,0.492658,0.003713,3,37,1,0,31,16,33,112.833000,71.666700,65.833300,0.318769,0.298917,0.451425,0.000734,0.005800,0.012043,0.012043,4,3,1,fixed,4,1,1,0,3.000000,4.000000
1003,centralized_dqn,centralized_dqn,0,4,4,39,2,2,4,0.000000,65.833300,0.607595,33,0.492658,36,0,2,0,0.492658,0.525522,0.032865,0.032865,0.492658,0.003713,3,37,1,-1,31,16,33,112.833000,71.666700,65.833300,0.354506,0.558139,0.607595,-0.011107,-0.002292,0.000734,0.000000,4,3,1,fixed,4,1,1,0,3.000000,4.000000
1003,centralized_dqn,centralized_dqn,0,4,4,40,2,2,4,0.000000,65.833300,0.607595,33,0.492658,36,0,2,0,0.492658,0.525522,0.032865,0.032865,0.492658,0.003713,3,37,1,-1,31,16,33,112.833000,71.666700,65.833300,0.354506,0.558139,0.607595,-0.011107,-0.002292,0.000734,0.000000,4,3,1,fixed,4,1,1,0,3.000000,4.000000
1003,centralized_dqn,centralized_dqn,0,4,4,41,0,0,2,2.640505,112.833000,0.330063,31,0.492658,36,0,0,0,0.492658,0.525522,0.032865,0.032865,0.492658,0.003713,3,37,1,0,31,16,33,112.833000,71.666700,65.833300,0.318291,0.298917,0.451425,0.000734,0.005814,0.012057,0.012057,4,3,1,fixed,4,1,1,0,3.000000,4.000000
1003,centralized_dqn,centralized_dqn,0,4,4,42,1,1,1,2.551273,71.666700,0.850424,16,0.492658,36,0,1,0,0.492658,0.525522,0.032865,0.032865,0.492658,0.003713,3,37,1,-1,31,16,33,112.833000,71.666700,65.833300,0.823233,0.846699,1.203801,-0.005469,0.000734,0.004202,0.004202,4,3,1,fixed,4,1,1,0,3.000000,4.000000
1003,centralized_dqn,centralized_dqn,0,4,4,43,0,0,2,2.521333,112.833000,0.315167,31,0.492658,36,0,0,0,0.492658,0.525522,0.032865,0.032865,0.492658,0.003713,3,37,1,0,31,16,33,112.833000,71.666700,65.833300,0.318788,0.298917,0.451425,0.000734,0.005799,0.012042,0.012042,4,3,1,fixed,4,1,1,0,3.000000,4.000000
1003,centralized_dqn,centralized_dqn,0,4,4,44,1,1,1,2.500788,71.666700,0.833596,16,0.492658,36,0,1,0,0.492658,0.525522,0.032865,0.032865,0.492658,0.003713,3,37,1,-1,31,16,33,112.833000,71.666700,65.833300,0.823233,0.847821,1.203801,-0.005474,0.000734,0.004197,0.004197,4,3,1,fixed,4,1,1,0,3.000000,4.000000
1003,centralized_dqn,centralized_dqn,0,4,4,45,0,0,2,2.521309,112.833000,0.315164,31,0.492658,36,0,0,0,0.492658,0.525522,0.032865,0.032865,0.492658,0.003713,3,37,1,0,31,16,33,112.833000,71.666700,65.833300,0.318788,0.298917,0.451425,0.000734,0.005799,0.012042,0.012042,4,3,1,fixed,4,1,1,0,3.000000,4.000000
1003,centralized_dqn,centralized_dqn,0,4,4,46,2,2,4,0.000000,65.833300,0.607595,33,0.492658,36,0,2,0,0.492658,0.525522,0.032865,0.032865,0.492658,0.003713,3,37,1,-1,31,16,33,112.833000,71.666700,65.833300,0.354506,0.558139,0.607595,-0.011107,-0.002292,0.000734,0.000000,4,3,1,fixed,4,1,1,0,3.000000,4.000000
1003,centralized_dqn,centralized_dqn,0,4,4,47,1,1,1,2.463485,71.666700,0.821162,16,0.492658,36,0,1,0,0.492658,0.525522,0.032865,0.032865,0.492658,0.003713,3,37,1,-1,31,16,33,112.833000,71.666700,65.833300,0.823233,0.848650,1.203801,-0.005477,0.000734,0.004194,0.004194,4,3,1,fixed,4,1,1,0,3.000000,4.000000
1003,centralized_dqn,centralized_dqn,0,4,4,48,2,2,3,0.000000,65.833300,1.518988,33,0.492658,36,0,2,0,0.492658,0.525522,0.032865,0.032865,0.492658,0.003713,3,37,1,1,31,16,33,112.833000,71.666700,65.833300,0.886266,1.395348,1.518988,-0.009055,-0.002029,0.000734,0.000000,4,3,1,fixed,4,1,1,0,3.000000,4.000000
1003,centralized_dqn,centralized_dqn,0,4,4,49,0,0,2,2.521298,112.833000,0.315162,31,0.492658,36,0,0,0,0.492658,0.525522,0.032865,0.032865,0.492658,0.003713,3,37,1,0,31,16,33,112.833000,71.666700,65.833300,0.318788,0.298917,0.451425,0.000734,0.005799,0.012042,0.012042,4,3,1,fixed,4,1,1,0,3.000000,4.000000
1003,centralized_dqn,centralized_dqn,0,4,4,50,0,0,2,2.640516,112.833000,0.330065,31,0.492658,36,0,0,0,0.492658,0.525522,0.032865,0.032865,0.492658,0.003713,3,37,1,0,31,16,33,112.833000,71.666700,65.833300,0.318291,0.298917,0.451425,0.000734,0.005814,0.012057,0.012057,4,3,1,fixed,4,1,1,0,3.000000,4.000000
1003,centralized_dqn,centralized_dqn,0,4,4,51,0,0,2,2.640470,112.833000,0.330059,31,0.492658,36,0,2,1,0.492658,0.525522,0.032865,0.032865,0.492658,0.003713,3,37,1,0,31,16,33,112.833000,71.666700,65.833300,0.318291,0.298917,0.451425,0.000734,0.005814,0.012057,0.012057,4,3,1,fixed,4,1,1,0,3.000000,4.000000
1003,centralized_dqn,centralized_dqn,0,4,4,52,2,2,4,0.000000,65.833300,0.607595,33,0.492658,36,0,2,0,0.492658,0.525522,0.032865,0.032865,0.492658,0.003713,3,37,1,-1,31,16,33,112.833000,71.666700,65.833300,0.354506,0.558139,0.607595,-0.011107,-0.002292,0.000734,0.000000,4,3,1,fixed,4,1,1,0,3.000000,4.000000
1003,centralized_dqn,centralized_dqn,0,4,4,53,2,2,4,0.000000,65.833300,0.607595,33,0.492658,36,0,2,0,0.492658,0.525522,0.032865,0.032865,0.492658,0.003713,3,37,1,-1,31,16,33,112.833000,71.666700,65.833300,0.354506,0.558139,0.607595,-0.011107,-0.002292,0.000734,0.000000,4,3,1,fixed,4,1,1,0,3.000000,4.000000
1003,centralized_dqn,centralized_dqn,0,4,4,54,1,1,1,2.223435,71.666700,0.741145,16,0.492658,36,0,1,0,0.492658,0.525522,0.032865,0.032865,0.492658,0.003713,3,37,1,-1,31,16,33,112.833000,71.666700,65.833300,0.823233,0.853984,1.203801,-0.005497,0.000734,0.004173,0.004173,4,3,1,fixed,4,1,1,0,3.000000,4.000000
1003,centralized_dqn,centralized_dqn,0,4,4,55,0,0,2,2.481964,112.833000,0.310245,31,0.492658,36,0,0,0,0.492658,0.525522,0.032865,0.032865,0.492658,0.003713,3,37,1,0,31,16,33,112.833000,71.666700,65.833300,0.318952,0.298917,0.451425,0.000734,0.005794,0.012037,0.012037,4,3,1,fixed,4,1,1,0,3.000000,4.000000
1003,centralized_dqn,centralized_dqn,0,4,4,56,2,2,4,0.000000,65.833300,0.607595,33,0.492658,36,0,2,0,0.492658,0.525522,0.032865,0.032865,0.492658,0.003713,3,37,1,-1,31,16,33,112.833000,71.666700,65.833300,0.354506,0.558139,0.607595,-0.011107,-0.002292,0.000734,0.000000,4,3,1,fixed,4,1,1,0,3.000000,4.000000
1003,centralized_dqn,centralized_dqn,0,4,4,57,0,0,2,2.481965,112.833000,0.310246,31,0.492658,36,0,0,0,0.492658,0.525522,0.032865,0.032865,0.492658,0.003713,3,37,1,0,31,16,33,112.833000,71.666700,65.833300,0.318952,0.298917,0.451425,0.000734,0.005794,0.012037,0.012037,4,3,1,fixed,4,1,1,0,3.000000,4.000000
1003,centralized_dqn,centralized_dqn,0,4,4,58,0,0,2,2.650277,112.833000,0.331285,31,0.492658,36,0,2,1,0.492658,0.525522,0.032865,0.032865,0.492658,0.003713,3,37,1,0,31,16,33,112.833000,71.666700,65.833300,0.318250,0.298917,0.451425,0.000734,0.005815,0.012058,0.012058,4,3,1,fixed,4,1,1,0,3.000000,4.000000
1003,centralized_dqn,centralized_dqn,0,4,4,59,0,0,2,2.626222,112.833000,0.328278,31,0.492658,36,0,2,1,0.492658,0.525522,0.032865,0.032865,0.492658,0.003713,3,37,1,0,31,16,33,112.833000,71.666700,65.833300,0.318351,0.298917,0.451425,0.000734,0.005812,0.012055,0.012055,4,3,1,fixed,4,1,1,0,3.000000,4.000000
1003,centralized_dqn,centralized_dqn,0,4,4,60,2,2,4,0.000000,65.833300,0.607595,33,0.492658,36,0,2,0,0.492658,0.525522,0.032865,0.032865,0.492658,0.003713,3,37,1,-1,31,16,33,112.833000,71.666700,65.833300,0.354506,0.558139,0.607595,-0.011107,-0.002292,0.000734,0.000000,4,3,1,fixed,4,1,1,0,3.000000,4.000000
1003,centralized_dqn,centralized_dqn,0,4,4,61,2,2,2,3.720272,65.833300,0.465034,33,0.492658,36,0,2,0,0.492658,0.525522,0.032865,0.032865,0.492658,0.003713,3,37,1,0,31,16,33,112.833000,71.666700,65.833300,0.308712,0.298917,0.465123,-0.011048,-0.005620,0.000734,0.000000,4,3,1,fixed,4,1,1,0,3.000000,4.000000
1003,centralized_dqn,centralized_dqn,0,4,4,62,2,2,3,0.000000,65.833300,1.518988,33,0.492658,36,0,2,0,0.492658,0.525522,0.032865,0.032865,0.492658,0.003713,3,37,1,1,31,16,33,112.833000,71.666700,65.833300,0.886266,1.395348,1.518988,-0.009055,-0.002029,0.000734,0.000000,4,3,1,fixed,4,1,1,0,3.000000,4.000000
1003,centralized_dqn,centralized_dqn,0,4,4,63,2,2,4,0.000000,65.833300,0.607595,33,0.492658,36,0,2,0,0.492658,0.525522,0.032865,0.032865,0.492658,0.003713,3,37,1,-1,31,16,33,112.833000,71.666700,65.833300,0.354506,0.558139,0.607595,-0.011107,-0.002292,0.000734,0.000000,4,3,1,fixed,4,1,1,0,3.000000,4.000000
1003,centralized_dqn,centralized_dqn,0,4,4,64,2,2,2,3.720164,65.833300,0.465021,33,0.492658,36,0,2,0,0.492658,0.525522,0.032865,0.032865,0.492658,0.003713,3,37,1,0,31,16,33,112.833000,71.666700,65.833300,0.308712,0.298917,0.465126,-0.011048,-0.005620,0.000734,0.000000,4,3,1,fixed,4,1,1,0,3.000000,4.000000
1003,centralized_dqn,centralized_dqn,0,4,4,65,2,2,4,0.000000,65.833300,0.607595,33,0.492658,36,0,2,0,0.492658,0.525522,0.032865,0.032865,0.492658,0.003713,3,37,1,-1,31,16,33,112.833000,71.666700,65.833300,0.354506,0.558139,0.607595,-0.011107,-0.002292,0.000734,0.000000,4,3,1,fixed,4,1,1,0,3.000000,4.000000
1003,centralized_dqn,centralized_dqn,0,4,4,66,2,2,3,0.000000,65.833300,1.518988,33,0.492658,36,0,2,0,0.492658,0.525522,0.032865,0.032865,0.492658,0.003713,3,37,1,1,31,16,33,112.833000,71.666700,65.833300,0.886266,1.395348,1.518988,-0.009055,-0.002029,0.000734,0.000000,4,3,1,fixed,4,1,1,0,3.000000,4.000000
1003,centralized_dqn,centralized_dqn,0,4,4,67,1,1,1,2.309536,71.666700,0.769845,16,0.492658,36,0,1,0,0.492658,0.525522,0.032865,0.032865,0.492658,0.003713,3,37,1,-1,31,16,33,112.833000,71.666700,65.833300,0.823233,0.852071,1.203801,-0.005490,0.000734,0.004180,0.004180,4,3,1,fixed,4,1,1,0,3.000000,4.000000
1003,centralized_dqn,centralized_dqn,0,4,4,68,1,1,1,2.324143,71.666700,0.774714,16,0.492658,36,0,1,0,0.492658,0.525522,0.032865,0.032865,0.492658,0.003713,3,37,1,-1,31,16,33,112.833000,71.666700,65.833300,0.823233,0.851746,1.203801,-0.005489,0.000734,0.004182,0.004182,4,3,1,fixed,4,1,1,0,3.000000,4.000000
1003,centralized_dqn,centralized_dqn,0,4,4,69,1,1,1,2.481775,71.666700,0.827258,16,0.492658,36,0,1,0,0.492658,0.525522,0.032865,0.032865,0.492658,0.003713,3,37,1,-1,31,16,33,112.833000,71.666700,65.833300,0.823233,0.848243,1.203801,-0.005475,0.000734,0.004196,0.004196,4,3,1,fixed,4,1,1,0,3.000000,4.000000
1003,centralized_dqn,centralized_dqn,0,4,4,70,1,1,1,2.522743,71.666700,0.840914,16,0.492658,36,0,1,0,0.492658,0.525522,0.032865,0.032865,0.492658,0.003713,3,37,1,-1,31,16,33,112.833000,71.666700,65.833300,0.823233,0.847333,1.203801,-0.005472,0.000734,0.004199,0.004199,4,3,1,fixed,4,1,1,0,3.000000,4.000000
1003,centralized_dqn,centralized_dqn,0,4,4,71,2,2,4,0.000000,65.833300,0.607595,33,0.492658,36,0,2,0,0.492658,0.525522,0.032865,0.032865,0.492658,0.003713,3,37,1,-1,31,16,33,112.833000,71.666700,65.833300,0.354506,0.558139,0.607595,-0.011107,-0.002292,0.000734,0.000000,4,3,1,fixed,4,1,1,0,3.000000,4.000000
1003,centralized_dqn,centralized_dqn,0,4,4,72,2,2,3,0.000000,65.833300,1.518988,33,0.492658,36,0,2,0,0.492658,0.525522,0.032865,0.032865,0.492658,0.003713,3,37,1,1,31,16,33,112.833000,71.666700,65.833300,0.886266,1.395348,1.518988,-0.009055,-0.002029,0.000734,0.000000,4,3,1,fixed,4,1,1,0,3.000000,4.000000
1003,centralized_dqn,centralized_dqn,0,4,4,73,2,2,3,0.000000,65.833300,1.518988,33,0.492658,36,0,2,0,0.492658,0.525522,0.032865,0.032865,0.492658,0.003713,3,37,1,1,31,16,33,112.833000,71.666700,65.833300,0.886266,1.395348,1.518988,-0.009055,-0.002029,0.000734,0.000000,4,3,1,fixed,4,1,1,0,3.000000,4.000000
1003,centralized_dqn,centralized_dqn,0,4,4,74,1,1,1,2.268605,71.666700,0.756202,16,0.492658,36,0,1,0,0.492658,0.525522,0.032865,0.032865,0.492658,0.003713,3,37,1,-1,31,16,33,112.833000,71.666700,65.833300,0.823233,0.852980,1.203801,-0.005494,0.000734,0.004177,0.004177,4,3,1,fixed,4,1,1,0,3.000000,4.000000
1003,centralized_dqn,centralized_dqn,0,4,4,75,1,1,1,2.741486,71.666700,0.913829,16,0.492658,36,0,1,0,0.492658,0.525522,0.032865,0.032865,0.492658,0.003713,3,37,1,-1,31,16,33,112.833000,71.666700,65.833300,0.823233,0.842472,1.203801,-0.005453,0.000734,0.004219,0.004219,4,3,1,fixed,4,1,1,0,3.000000,4.000000
1003,centralized_dqn,centralized_dqn,0,4,4,76,2,2,2,3.720158,65.833300,0.465020,33,0.492658,36,0,2,0,0.492658,0.525522,0.032865,0.032865,0.492658,0.003713,3,37,1,0,31,16,33,112.833000,71.666700,65.833300,0.308712,0.298917,0.465126,-0.011048,-0.005620,0.000734,0.000000,4,3,1,fixed,4,1,1,0,3.000000,4.000000
1003,centralized_dqn,centralized_dqn,0,4,4,77,1,1,1,2.421332,71.666700,0.807111,16,0.492658,36,0,1,0,0.492658,0.525522,0.032865,0.032865,0.492658,0.003713,3,37,1,-1,31,16,33,112.833000,71.666700,65.833300,0.823233,0.849586,1.203801,-0.005481,0.000734,0.004190,0.004190,4,3,1,fixed,4,1,1,0,3.000000,4.000000
1003,centralized_dqn,centralized_dqn,0,4,4,78,0,0,2,2.481952,112.833000,0.310244,31,0.492658,36,0,0,0,0.492658,0.525522,0.032865,0.032865,0.492658,0.003713,3,37,1,0,31,16,33,112.833000,71.666700,65.833300,0.318952,0.298917,0.451425,0.000734,0.005794,0.012037,0.012037,4,3,1,fixed,4,1,1,0,3.000000,4.000000
1003,centralized_dqn,centralized_dqn,0,4,4,79,2,2,4,0.000000,65.833300,0.607595,33,0.492658,36,0,2,0,0.492658,0.525522,0.032865,0.032865,0.492658,0.003713,3,37,1,-1,31,16,33,112.833000,71.666700,65.833300,0.354506,0.558139,0.607595,-0.011107,-0.002292,0.000734,0.000000,4,3,1,fixed,4,1,1,0,3.000000,4.000000
1003,centralized_dqn,centralized_dqn,0,4,4,80,2,2,2,3.722373,65.833300,0.465297,33,0.492658,36,0,2,0,0.492658,0.525522,0.032865,0.032865,0.492658,0.003713,3,37,1,0,31,16,33,112.833000,71.666700,65.833300,0.308712,0.298917,0.465057,-0.011047,-0.005619,0.000734,0.000000,4,3,1,fixed,4,1,1,0,3.000000,4.000000
1003,centralized_dqn,centralized_dqn,0,4,5,1,2,2,3,0.000000,64.166700,1.558441,36,0.500607,36,0,2,0,0.500607,0.500607,0.000000,0.000000,0.500607,0.007949,0,18,1,1,28,16,36,113.000000,70.000000,64.166700,0.884956,1.428571,1.558441,-0.007476,-0.001222,0.000335,0.000000,4,0,4,fixed,4,1,1,0,3.000000,4.000000
1003,centralized_dqn,centralized_dqn,0,4,5,2,2,2,3,0.000000,64.166700,1.558441,36,0.500607,36,0,2,0,0.500607,0.500607,0.000000,0.000000,0.500607,0.007949,0,18,1,1,28,16,36,113.000000,70.000000,64.166700,0.884956,1.428571,1.558441,-0.007476,-0.001222,0.000335,0.000000,4,0,4,fixed,4,1,1,0,3.000000,4.000000
1003,centralized_dqn,centralized_dqn,0,4,5,3,2,2,2,2.333304,64.166700,0.291663,36,0.500607,36,0,2,0,0.500607,0.500607,0.000000,0.000000,0.500607,0.007949,0,18,1,0,28,16,36,113.000000,70.000000,64.166700,0.344090,0.293029,0.290438,-0.004634,-0.001244,0.000335,0.000000,4,0,4,fixed,4,1,1,0,3.000000,4.000000
1003,centralized_dqn,centralized_dqn,0,4,5,4,0,0,2,2.856835,113.000000,0.357104,28,0.500607,36,0,0,0,0.500607,0.500607,0.000000,0.000000,0.500607,0.007949,0,18,1,0,28,16,36,113.000000,70.000000,64.166700,0.356352,0.293029,0.282737,0.000335,0.003158,0.004161,0.004161,4,0,4,fixed,4,1,1,0,3.000000,4.000000
1003,centralized_dqn,centralized_dqn,0,4,5,5,2,2,3,0.000000,64.166700,1.558441,36,0.500607,36,0,2,0,0.500607,0.500607,0.000000,0.000000,0.500607,0.007949,0,18,1,1,28,16,36,113.000000,70.000000,64.166700,0.884956,1.428571,1.558441,-0.007476,-0.001222,0.000335,0.000000,4,0,4,fixed,4,1,1,0,3.000000,4.000000
1003,centralized_dqn,centralized_dqn,0,4,5,6,0,0,2,2.946471,113.000000,0.368309,28,0.500607,36,0,0,0,0.500607,0.500607,0.000000,0.000000,0.500607,0.007949,0,18,1,0,28,16,36,113.000000,70.000000,64.166700,0.355937,0.293029,0.282737,0.000335,0.003168,0.004171,0.004171,4,0,4,fixed,4,1,1,0,3.000000,4.000000
1003,centralized_dqn,centralized_dqn,0,4,5,7,0,0,2,2.956233,113.000000,0.369529,28,0.500607,36,0,0,0,0.500607,0.500607,0.000000,0.000000,0.500607,0.007949,0,18,1,0,28,16,36,113.000000,70.000000,64.166700,0.355891,0.293029,0.282737,0.000335,0.003169,0.004172,0.004172,4,0,4,fixed,4,1,1,0,3.000000,4.000000
1003,centralized_dqn,centralized_dqn,0,4,5,8,0,0,2,2.813163,113.000000,0.351645,28,0.500607,36,0,0,0,0.500607,0.500607,0.000000,0.000000,0.500607,0.007949,0,18,1,0,28,16,36,113.000000,70.000000,64.166700,0.356554,0.293029,0.282737,0.000335,0.003153,0.004156,0.004156,4,0,4,fixed,4,1,1,0,3.000000,4.000000
1003,centralized_dqn,centralized_dqn,0,4,5,9,2,2,4,0.000000,64.166700,0.623376,36,0.500607,36,0,2,0,0.500607,0.500607,0.000000,0.000000,0.500607,0.007949,0,18,1,-1,28,16,36,113.000000,70.000000,64.166700,0.353982,0.571429,0.623376,-0.009692,-0.001495,0.000335,0.000000,4,0,4,fixed,4,1,1,0,3.000000,4.000000
1003,centralized_dqn,centralized_dqn,0,4,5,10,0,0,2,2.813098,113.000000,0.351637,28,0.500607,36,0,0,0,0.500607,0.500607,0.000000,0.000000,0.500607,0.007949,0,18,1,0,28,16,36,113.000000,70.000000,64.166700,0.356554,0.293029,0.282737,0.000335,0.003153,0.004156,0.004156,4,0,4,fixed,4,1,1,0,3.000000,4.000000
1003,centralized_dqn,centralized_dqn,0,4,5,11,2,2,3,0.000000,64.166700,1.558441,36,0.500607,36,0,2,0,0.500607,0.500607,0.000000,0.000000,0.500607,0.007949,0,18,1,1,28,16,36,113.000000,70.000000,64.166700,0.884956,1.428571,1.558441,-0.007476,-0.001222,0.000335,0.000000,4,0,4,fixed,4,1,1,0,3.000000,4.000000
1003,centralized_dqn,centralized_dqn,0,4,5,12,2,2,4,0.000000,64.166700,0.623376,36,0.500607,36,0,2,0,0.500607,0.500607,0.000000,0.000000,0.500607,0.007949,0,18,1,-1,28,16,36,113.000000,70.000000,64.166700,0.353982,0.571429,0.623376,-0.009692,-0.001495,0.000335,0.000000,4,0,4,fixed,4,1,1,0,3.000000,4.000000
1003,centralized_dqn,centralized_dqn,0,4,5,13,2,2,4,0.000000,64.166700,0.623376,36,0.500607,36,0,2,0,0.500607,0.500607,0.000000,0.000000,0.500607,0.007949,0,18,1,-1,28,16,36,113.000000,70.000000,64.166700,0.353982,0.571429,0.623376,-0.009692,-0.001495,0.000335,0.000000,4,0,4,fixed,4,1,1,0,3.000000,4.000000
1003,centralized_dqn,centralized_dqn,0,4,5,14,1,1,1,2.726138,70.000000,0.908713,16,0.500607,36,0,1,0,0.500607,0.500607,0.000000,0.000000,0.500607,0.007949,0,18,1,-1,28,16,36,113.000000,70.000000,64.166700,0.917572,0.825019,0.753966,-0.004496,0.000335,0.001120,0.001120,4,0,4,fixed,4,1,1,0,3.000000,4.000000
1003,centralized_dqn,centralized_dqn,0,4,5,15,2,2,3,0.000000,64.166700,1.558441,36,0.500607,36,0,2,0,0.500607,0.500607,0.000000,0.000000,0.500607,0.007949,0,18,1,1,28,16,36,113.000000,70.000000,64.166700,0.884956,1.428571,1.558441,-0.007476,-0.001222,0.000335,0.000000,4,0,4,fixed,4,1,1,0,3.000000,4.000000
1003,centralized_dqn,centralized_dqn,0,4,5,16,0,0,2,2.967255,113.000000,0.370907,28,0.500607,36,0,0,0,0.500607,0.500607,0.000000,0.000000,0.500607,0.007949,0,18,1,0,28,16,36,113.000000,70.000000,64.166700,0.355840,0.293029,0.282737,0.000335,0.003171,0.004173,0.004173,4,0,4,fixed,4,1,1,0,3.000000,4.000000
1003,centralized_dqn,centralized_dqn,0,4,5,17,0,0,2,2.764941,113.000000,0.345618,28,0.500607,36,0,0,0,0.500607,0.500607,0.000000,0.000000,0.500607,0.007949,0,18,1,0,28,16,36,113.000000,70.000000,64.166700,0.356777,0.293029,0.282737,0.000335,0.003148,0.004151,0.004151,4,0,4,fixed,4,1,1,0,3.000000,4.000000
1003,centralized_dqn,centralized_dqn,0,4,5,18,1,1,1,2.255165,70.000000,0.751722,16,0.500607,36,0,1,0,0.500607,0.500607,0.000000,0.000000,0.500607,0.007949,0,18,1,-1,28,16,36,113.000000,70.000000,64.166700,0.917572,0.835485,0.753966,-0.004539,0.000335,0.001075,0.001075,4,0,4,fixed,4,1,1,0,3.000000,4.000000
1003,centralized_dqn,centralized_dqn,0,4,5,19,0,0,2,2.816389,113.000000,0.352049,28,0.500607,36,0,0,0,0.500607,0.500607,0.000000,0.000000,0.500607,0.007949,0,18,1,0,28,16,36,113.000000,70.000000,64.166700,0.356539,0.293029,0.282737,0.000335,0.003154,0.004157,0.004157,4,0,4,fixed,4,1,1,0,3.000000,4.000000
1003,centralized_dqn,centralized_dqn,0,4,5,20,0,0,2,2.806563,113.000000,0.350820,28,0.500607,36,0,0,0,0.500607,0.500607,0.000000,0.000000,0.500607,0.007949,0,18,1,0,28,16,36,113.000000,70.000000,64.166700,0.356584,0.293029,0.282737,0.000335,0.003153,0.004155,0.004155,4,0,4,fixed,4,1,1,0,3.000000,4.000000
1003,centralized_dqn,centralized_dqn,0,4,5,21,0,0,2,2.945285,113.000000,0.368161,28,0.500607,36,0,0,0,0.500607,0.500607,0.000000,0.000000,0.500607,0.007949,0,18,1,0,28,16,36,113.000000,70.000000,64.166700,0.355942,0.293029,0.282737,0.000335,0.003168,0.004171,0.004171,4,0,4,fixed,4,1,1,0,3.000000,4.000000
1003,centralized_dqn,centralized_dqn,0,4,5,22,0,0,2,2.813108,113.000000,0.351638,28,0.500607,36,0,0,0,0.500607,0.500607,0.000000,0.000000,0.500607,0.007949,0,18,1,0,28,16,36,113.000000,70.000000,64.166700,0.356554,0.293029,0.282737,0.000335,0.003153,0.004156,0.004156,4,0,4,fixed,4,1,1,0,3.000000,4.000000
1003,centralized_dqn,centralized_dqn,0,4,5,23,2,2,4,0.000000,64.166700,0.623376,36,0.500607,36,0,2,0,0.500607,0.500607,0.000000,0.000000,0.500607,0.007949,0,18,1,-1,28,16,36,113.000000,70.000000,64.166700,0.353982,0.571429,0.623376,-0.009692,-0.001495,0.000335,0.000000,4,0,4,fixed,4,1,1,0,3.000000,4.000000
1003,centralized_dqn,centralized_dqn,0,4,5,24,2,2,4,0.000000,64.166700,0.623376,36,0.500607,36,0,2,0,0.500607,0.500607,0.000000,0.000000,0.500607,0.007949,0,18,1,-1,28,16,36,113.000000,70.000000,64.166700,0.353982,0.571429,0.623376,-0.009692,-0.001495,0.000335,0.000000,4,0,4,fixed,4,1,1,0,3.000000,4.000000
1003,centralized_dqn,centralized_dqn,0,4,5,25,0,0,2,2.813067,113.000000,0.351633,28,0.500607,36,0,0,0,0.500607,0.500607,0.000000,0.000000,0.500607,0.007949,0,18,1,0,28,16,36,113.000000,70.000000,64.166700,0.356554,0.293029,0.282737,0.000335,0.003153,0.004156,0.004156,4,0,4,fixed,4,1,1,0,3.000000,4.000000
1003,centralized_dqn,centralized_dqn,0,4,5,26,0,0,2,2.810898,113.000000,0.351362,28,0.500607,36,0,0,0,0.500607,0.500607,0.000000,0.000000,0.500607,0.007949,0,18,1,0,28,16,36,113.000000,70.000000,64.166700,0.356564,0.293029,0.282737,0.000335,0.003153,0.004156,0.004156,4,0,4,fixed,4,1,1,0,3.000000,4.000000
1003,centralized_dqn,centralized_dqn,0,4,5,27,0,0,2,2.813067,113.000000,0.351633,28,0.500607,36,0,0,0,0.500607,0.500607,0.000000,0.000000,0.500607,0.007949,0,18,1,0,28,16,36,113.000000,70.000000,64.166700,0.356554,0.293029,0.282737,0.000335,0.003153,0.004156,0.004156,4,0,4,fixed,4,1,1,0,3.000000,4.000000
1003,centralized_dqn,centralized_dqn,0,4,5,28,2,2,3,0.000000,64.166700,1.558441,36,0.500607,36,0,2,0,0.500607,0.500607,0.000000,0.000000,0.500607,0.007949,0,18,1,1,28,16,36,113.000000,70.000000,64.166700,0.884956,1.428571,1.558441,-0.007476,-0.001222,0.000335,0.000000,4,0,4,fixed,4,1,1,0,3.000000,4.000000
1003,centralized_dqn,centralized_dqn,0,4,5,29,0,0,2,2.977996,113.000000,0.372249,28,0.500607,36,0,0,0,0.500607,0.500607,0.000000,0.000000,0.500607,0.007949,0,18,1,0,28,16,36,113.000000,70.000000,64.166700,0.355791,0.293029,0.282737,0.000335,0.003172,0.004175,0.004175,4,0,4,fixed,4,1,1,0,3.000000,4.000000
1003,centralized_dqn,centralized_dqn,0,4,5,30,0,0,2,2.813155,113.000000,0.351644,28,0.500607,36,0,0,0,0.500607,0.500607,0.000000,0.000000,0.500607,0.007949,0,18,1,0,28,16,36,113.000000,70.000000,64.166700,0.356554,0.293029,0.282737,0.000335,0.003153,0.004156,0.004156,4,0,4,fixed,4,1,1,0,3.000000,4.000000
1003,centralized_dqn,centralized_dqn,0,4,5,31,0,0,2,2.808729,113.000000,0.351091,28,0.500607,36,0,0,0,0.500607,0.500607,0.000000,0.000000,0.500607,0.007949,0,18,1,0,28,16,36,113.000000,70.000000,64.166700,0.356574,0.293029,0.282737,0.000335,0.003153,0.004156,0.004156,4,0,4,fixed,4,1,1,0,3.000000,4.000000
1003,centralized_dqn,centralized_dqn,0,4,5,32,1,1,1,2.384677,70.000000,0.794892,16,0.500607,36,0,1,0,0.500607,0.500607,0.000000,0.000000,0.500607,0.007949,0,18,1,-1,28,16,36,113.000000,70.000000,64.166700,0.917572,0.832607,0.753966,-0.004527,0.000335,0.001087,0.001087,4,0,4,fixed,4,1,1,0,3.000000,4.000000
1003,centralized_dqn,centralized_dqn,0,4,5,33,1,1,1,2.623505,70.000000,0.874502,16,0.500607,36,0,1,0,0.500607,0.500607,0.000000,0.000000,0.500607,0.007949,0,18,1,-1,28,16,36,113.000000,70.000000,64.166700,0.917572,0.827300,0.753966,-0.004505,0.000335,0.001110,0.001110,4,0,4,fixed,4,1,1,0,3.000000,4.000000
1003,centralized_dqn,centralized_dqn,0,4,5,34,1,1,1,2.437826,70.000000,0.812609,16,0.500607,36,0,1,0,0.500607,0.500607,0.000000,0.000000,0.500607,0.007949,0,18,1,-1,28,16,36,113.000000,70.000000,64.166700,0.917572,0.831426,0.753966,-0.004522,0.000335,0.001092,0.001092,4,0,4,fixed,4,1,1,0,3.000000,4.000000
1003,centralized_dqn,centralized_dqn,0,4,5,35,2,2,4,0.000000,64.166700,0.623376,36,0.500607,36,0,2,0,0.500607,0.500607,0.000000,0.000000,0.500607,0.007949,0,18,1,-1,28,16,36,113.000000,70.000000,64.166700,0.353982,0.571429,0.623376,-0.009692,-0.001495,0.000335,0.000000,4,0,4,fixed,4,1,1,0,3.000000,4.000000
1003,centralized_dqn,centralized_dqn,0,4,5,36,0,0,2,2.807636,113.000000,0.350955,28,0.500607,36,0,0,0,0.500607,0.500607,0.000000,0.000000,0.500607,0.007949,0,18,1,0,28,16,36,113.000000,70.000000,64.166700,0.356579,0.293029,0.282737,0.000335,0.003153,0.004156,0.004156,4,0,4,fixed,4,1,1,0,3.000000,4.000000
1003,centralized_dqn,centralized_dqn,0,4,5,37,0,0,2,2.807625,113.000000,0.350953,28,0.500607,36,0,0,0,0.500607,0.500607,0.000000,0.000000,0.500607,0.007949,0,18,1,0,28,16,36,113.000000,70.000000,64.166700,0.356579,0.293029,0.282737,0.000335,0.003153,0.004156,0.004156,4,0,4,fixed,4,1,1,0,3.000000,4.000000
1003,centralized_dqn,centralized_dqn,0,4,5,38,0,0,2,2.807606,113.000000,0.350951,28,0.500607,36,0,0,0,0.500607,0.500607,0.000000,0.000000,0.500607,0.007949,0,18,1,0,28,16,36,113.000000,70.000000,64.166700,0.356580,0.293029,0.282737,0.000335,0.003153,0.004156,0.004156,4,0,4,fixed,4,1,1,0,3.000000,4.000000
1003,centralized_dqn,centralized_dqn,0,4,5,39,2,2,4,0.000000,64.166700,0.623376,36,0.500607,36,0,2,0,0.500607,0.500607,0.000000,0.000000,0.500607,0.007949,0,18,1,-1,28,16,36,113.000000,70.000000,64.166700,0.353982,0.571429,0.623376,-0.009692,-0.001495,0.000335,0.000000,4,0,4,fixed,4,1,1,0,3.000000,4.000000
1003,centralized_dqn,centralized_dqn,0,4,5,40,2,2,4,0.000000,64.166700,0.623376,36,0.500607,36,0,2,0,0.500607,0.500607,0.000000,0.000000,0.500607,0.007949,0,18,1,-1,28,16,36,113.000000,70.000000,64.166700,0.353982,0.571429,0.623376,-0.009692,-0.001495,0.000335,0.000000,4,0,4,fixed,4,1,1,0,3.000000,4.000000
1003,centralized_dqn,centralized_dqn,0,4,5,41,0,0,2,2.967132,113.000000,0.370892,28,0.500607,36,0,0,0,0.500607,0.500607,0.000000,0.000000,0.500607,0.007949,0,18,1,0,28,16,36,113.000000,70.000000,64.166700,0.355841,0.293029,0.282737,0.000335,0.003171,0.004173,0.004173,4,0,4,fixed,4,1,1,0,3.000000,4.000000
1003,centralized_dqn,centralized_dqn,0,4,5,42,1,1,1,2.488532,70.000000,0.829511,16,0.500607,36,0,1,0,0.500607,0.500607,0.000000,0.000000,0.500607,0.007949,0,18,1,-1,28,16,36,113.000000,70.000000,64.166700,0.917572,0.830299,0.753966,-0.004518,0.000335,0.001097,0.001097,4,0,4,fixed,4,1,1,0,3.000000,4.000000
1003,centralized_dqn,centralized_dqn,0,4,5,43,0,0,2,2.806610,113.000000,0.350826,28,0.500607,36,0,0,0,0.500607,0.500607,0.000000,0.000000,0.500607,0.007949,0,18,1,0,28,16,36,113.000000,70.000000,64.166700,0.356584,0.293029,0.282737,0.000335,0.003153,0.004155,0.004155,4,0,4,fixed,4,1,1,0,3.000000,4.000000
1003,centralized_dqn,centralized_dqn,0,4,5,44,1,1,1,2.462928,70.000000,0.820976,16,0.500607,36,0,1,0,0.500607,0.500607,0.000000,0.000000,0.500607,0.007949,0,18,1,-1,28,16,36,113.000000,70.000000,64.166700,0.917572,0.830868,0.753966,-0.004520,0.000335,0.001095,0.001095,4,0,4,fixed,4,1,1,0,3.000000,4.000000
1003,centralized_dqn,centralized_dqn,0,4,5,45,0,0,2,2.806610,113.000000,0.350826,28,0.500607,36,0,0,0,0.500607,0.500607,0.000000,0.000000,0.500607,0.007949,0,18,1,0,28,16,36,113.000000,70.000000,64.166700,0.356584,0.293029,0.282737,0.000335,0.003153,0.004155,0.004155,4,0,4,fixed,4,1,1,0,3.000000,4.000000
1003,centralized_dqn,centralized_dqn,0,4,5,46,2,2,4,0.000000,64.166700,0.623376,36,0.500607,36,0,2,0,0.500607,0.500607,0.000000,0.000000,0.500607,0.007949,0,18,1,-1,28,16,36,113.000000,70.000000,64.166700,0.353982,0.571429,0.623376,-0.009692,-0.001495,0.000335,0.000000,4,0,4,fixed,4,1,1,0,3.000000,4.000000
1003,centralized_dqn,centralized_dqn,0,4,5,47,1,1,1,2.351688,70.000000,0.783896,16,0.500607,36,0,1,0,0.500607,0.500607,0.000000,0.000000,0.500607,0.007949,0,18,1,-1,28,16,36,113.000000,70.000000,64.166700,0.917572,0.833340,0.753966,-0.004530,0.000335,0.001084,0.001084,4,0,4,fixed,4,1,1,0,3.000000,4.000000
1003,centralized_dqn,centralized_dqn,0,4,5,48,2,2,3,0.000000,64.166700,1.558441,36,0.500607,36,0,2,0,0.500607,0.500607,0.000000,0.000000,0.500607,0.007949,0,18,1,1,28,16,36,113.000000,70.000000,64.166700,0.884956,1.428571,1.558441,-0.007476,-0.001222,0.000335,0.000000,4,0,4,fixed,4,1,1,0,3.000000,4.000000
1003,centralized_dqn,centralized_dqn,0,4,5,49,0,0,2,2.808783,113.000000,0.351098,28,0.500607,36,0,0,0,0.500607,0.500607,0.000000,0.000000,0.500607,0.007949,0,18,1,0,28,16,36,113.000000,70.000000,64.166700,0.356574,0.293029,0.282737,0.000335,0.003153,0.004156,0.004156,4,0,4,fixed,4,1,1,0,3.000000,4.000000
1003,centralized_dqn,centralized_dqn,0,4,5,50,0,0,2,2.967121,113.000000,0.370890,28,0.500607,36,0,0,0,0.500607,0.500607,0.000000,0.000000,0.500607,0.007949,0,18,1,0,28,16,36,113.000000,70.000000,64.166700,0.355841,0.293029,0.282737,0.000335,0.003171,0.004173,0.004173,4,0,4,fixed,4,1,1,0,3.000000,4.000000
1003,centralized_dqn,centralized_dqn,0,4,5,51,2,2,2,2.333299,64.166700,0.291662,36,0.500607,36,0,2,0,0.500607,0.500607,0.000000,0.000000,0.500607,0.007949,0,18,1,0,28,16,36,113.000000,70.000000,64.166700,0.344090,0.293029,0.290438,-0.004634,-0.001244,0.000335,0.000000,4,0,4,fixed,4,1,1,0,3.000000,4.000000
1003,centralized_dqn,centralized_dqn,0,4,5,52,2,2,4,0.000000,64.166700,0.623376,36,0.500607,36,0,2,0,0.500607,0.500607,0.000000,0.000000,0.500607,0.007949,0,18,1,-1,28,16,36,113.000000,70.000000,64.166700,0.353982,0.571429,0.623376,-0.009692,-0.001495,0.000335,0.000000,4,0,4,fixed,4,1,1,0,3.000000,4.000000
1003,centralized_dqn,centralized_dqn,0,4,5,53,2,2,4,0.000000,64.166700,0.623376,36,0.500607,36,0,2,0,0.500607,0.500607,0.000000,0.000000,0.500607,0.007949,0,18,1,-1,28,16,36,113.000000,70.000000,64.166700,0.353982,0.571429,0.623376,-0.009692,-0.001495,0.000335,0.000000,4,0,4,fixed,4,1,1,0,3.000000,4.000000
1003,centralized_dqn,centralized_dqn,0,4,5,54,1,1,1,2.385974,70.000000,0.795325,16,0.500607,36,0,1,0,0.500607,0.500607,0.000000,0.000000,0.500607,0.007949,0,18,1,-1,28,16,36,113.000000,70.000000,64.166700,0.917572,0.832578,0.753966,-0.004527,0.000335,0.001087,0.001087,4,0,4,fixed,4,1,1,0,3.000000,4.000000
1003,centralized_dqn,centralized_dqn,0,4,5,55,0,0,2,2.837096,113.000000,0.354637,28,0.500607,36,0,0,0,0.500607,0.500607,0.000000,0.000000,0.500607,0.007949,0,18,1,0,28,16,36,113.000000,70.000000,64.166700,0.356443,0.293029,0.282737,0.000335,0.003156,0.004159,0.004159,4,0,4,fixed,4,1,1,0,3.000000,4.000000
1003,centralized_dqn,centralized_dqn,0,4,5,56,2,2,4,0.000000,64.166700,0.623376,36,0.500607,36,0,2,0,0.500607,0.500607,0.000000,0.000000,0.500607,0.007949,0,18,1,-1,28,16,36,113.000000,70.000000,64.166700,0.353982,0.571429,0.623376,-0.009692,-0.001495,0.000335,0.000000,4,0,4,fixed,4,1,1,0,3.000000,4.000000
1003,centralized_dqn,centralized_dqn,0,4,5,57,0,0,2,2.838154,113.000000,0.354769,28,0.500607,36,0,0,0,0.500607,0.500607,0.000000,0.000000,0.500607,0.007949,0,18,1,0,28,16,36,113.000000,70.000000,64.166700,0.356438,0.293029,0.282737,0.000335,0.003156,0.004159,0.004159,4,0,4,fixed,4,1,1,0,3.000000,4.000000
1003,centralized_dqn,centralized_dqn,0,4,5,58,2,2,2,2.331206,64.166700,0.291401,36,0.500607,36,0,2,0,0.500607,0.500607,0.000000,0.000000,0.500607,0.007949,0,18,1,0,28,16,36,113.000000,70.000000,64.166700,0.344090,0.293029,0.290475,-0.004635,-0.001245,0.000335,0.000000,4,0,4,fixed,4,1,1,0,3.000000,4.000000
1003,centralized_dqn,centralized_dqn,0,4,5,59,2,2,2,2.331136,64.166700,0.291392,36,0.500607,36,0,2,0,0.500607,0.500607,0.000000,0.000000,0.500607,0.007949,0,18,1,0,28,16,36,113.000000,70.000000,64.166700,0.344090,0.293029,0.290477,-0.004635,-0.001245,0.000335,0.000000,4,0,4,fixed,4,1,1,0,3.000000,4.000000
1003,centralized_dqn,centralized_dqn,0,4,5,60,2,2,4,0.000000,64.166700,0.623376,36,0.500607,36,0,2,0,0.500607,0.500607,0.000000,0.000000,0.500607,0.007949,0,18,1,-1,28,16,36,113.000000,70.000000,64.166700,0.353982,0.571429,0.623376,-0.009692,-0.001495,0.000335,0.000000,4,0,4,fixed,4,1,1,0,3.000000,4.000000
1003,centralized_dqn,centralized_dqn,0,4,5,61,2,2,2,2.308256,64.166700,0.288532,36,0.500607,36,0,2,0,0.500607,0.500607,0.000000,0.000000,0.500607,0.007949,0,18,1,0,28,16,36,113.000000,70.000000,64.166700,0.344090,0.293029,0.290885,-0.004650,-0.001260,0.000335,0.000000,4,0,4,fixed,4,1,1,0,3.000000,4.000000
1003,centralized_dqn,centralized_dqn,0,4,5,62,2,2,3,0.000000,64.166700,1.558441,36,0.500607,36,0,2,0,0.500607,0.500607,0.000000,0.000000,0.500607,0.007949,0,18,1,1,28,16,36,113.000000,70.000000,64.166700,0.884956,1.428571,1.558441,-0.007476,-0.001222,0.000335,0.000000,4,0,4,fixed,4,1,1,0,3.000000,4.000000
1003,centralized_dqn,centralized_dqn,0,4,5,63,2,2,4,0.000000,64.166700,0.623376,36,0.500607,36,0,2,0,0.500607,0.500607,0.000000,0.000000,0.500607,0.007949,0,18,1,-1,28,16,36,113.000000,70.000000,64.166700,0.353982,0.571429,0.623376,-0.009692,-0.001495,0.000335,0.000000,4,0,4,fixed,4,1,1,0,3.000000,4.000000
1003,centralized_dqn,centralized_dqn,0,4,5,64,2,2,2,2.304940,64.166700,0.288118,36,0.500607,36,1,2,0,0.500607,0.500607,0.000000,0.000000,0.500607,0.007949,0,18,1,0,28,16,36,113.000000,70.000000,64.166700,0.344090,0.293029,0.290944,-0.004652,-0.001262,0.000335,0.000000,4,0,4,fixed,4,1,1,0,3.000000,4.000000
1003,centralized_dqn,centralized_dqn,0,4,5,65,2,2,4,0.000000,64.166700,0.623376,36,0.500607,36,0,2,0,0.500607,0.500607,0.000000,0.000000,0.500607,0.007949,0,18,1,-1,28,16,36,113.000000,70.000000,64.166700,0.353982,0.571429,0.623376,-0.009692,-0.001495,0.000335,0.000000,4,0,4,fixed,4,1,1,0,3.000000,4.000000
1003,centralized_dqn,centralized_dqn,0,4,5,66,2,2,3,0.000000,64.166700,1.558441,36,0.500607,36,0,2,0,0.500607,0.500607,0.000000,0.000000,0.500607,0.007949,0,18,1,1,28,16,36,113.000000,70.000000,64.166700,0.884956,1.428571,1.558441,-0.007476,-0.001222,0.000335,0.000000,4,0,4,fixed,4,1,1,0,3.000000,4.000000
1003,centralized_dqn,centralized_dqn,0,4,5,67,1,1,1,2.633263,70.000000,0.877754,16,0.500607,36,0,1,0,0.500607,0.500607,0.000000,0.000000,0.500607,0.007949,0,18,1,-1,28,16,36,113.000000,70.000000,64.166700,0.917572,0.827083,0.753966,-0.004504,0.000335,0.001111,0.001111,4,0,4,fixed,4,1,1,0,3.000000,4.000000
1003,centralized_dqn,centralized_dqn,0,4,5,68,1,1,1,2.435420,70.000000,0.811807,16,0.500607,36,0,1,0,0.500607,0.500607,0.000000,0.000000,0.500607,0.007949,0,18,1,-1,28,16,36,113.000000,70.000000,64.166700,0.917572,0.831480,0.753966,-0.004523,0.000335,0.001092,0.001092,4,0,4,fixed,4,1,1,0,3.000000,4.000000
1003,centralized_dqn,centralized_dqn,0,4,5,69,1,1,1,2.296170,70.000000,0.765390,16,0.500607,36,0,1,0,0.500607,0.500607,0.000000,0.000000,0.500607,0.007949,0,18,1,-1,28,16,36,113.000000,70.000000,64.166700,0.917572,0.834574,0.753966,-0.004536,0.000335,0.001079,0.001079,4,0,4,fixed,4,1,1,0,3.000000,4.000000
1003,centralized_dqn,centralized_dqn,0,4,5,70,1,1,1,2.583223,70.000000,0.861074,16,0.500607,36,0,1,0,0.500607,0.500607,0.000000,0.000000,0.500607,0.007949,0,18,1,-1,28,16,36,113.000000,70.000000,64.166700,0.917572,0.828195,0.753966,-0.004509,0.000335,0.001106,0.001106,4,0,4,fixed,4,1,1,0,3.000000,4.000000
1003,centralized_dqn,centralized_dqn,0,4,5,71,2,2,4,0.000000,64.166700,0.623376,36,0.500607,36,0,2,0,0.500607,0.500607,0.000000,0.000000,0.500607,0.007949,0,18,1,-1,28,16,36,113.000000,70.000000,64.166700,0.353982,0.571429,0.623376,-0.009692,-0.001495,0.000335,0.000000,4,0,4,fixed,4,1,1,0,3.000000,4.000000
1003,centralized_dqn,centralized_dqn,0,4,5,72,2,2,3,0.000000,64.166700,1.558441,36,0.500607,36,0,2,0,0.500607,0.500607,0.000000,0.000000,0.500607,0.007949,0,18,1,1,28,16,36,113.000000,70.000000,64.166700,0.884956,1.428571,1.558441,-0.007476,-0.001222,0.000335,0.000000,4,0,4,fixed,4,1,1,0,3.000000,4.000000
1003,centralized_dqn,centralized_dqn,0,4,5,73,2,2,3,0.000000,64.166700,1.558441,36,0.500607,36,0,2,0,0.500607,0.500607,0.000000,0.000000,0.500607,0.007949,0,18,1,1,28,16,36,113.000000,70.000000,64.166700,0.884956,1.428571,1.558441,-0.007476,-0.001222,0.000335,0.000000,4,0,4,fixed,4,1,1,0,3.000000,4.000000
1003,centralized_dqn,centralized_dqn,0,4,5,74,1,1,1,2.781752,70.000000,0.927251,16,0.500607,36,0,1,0,0.500607,0.500607,0.000000,0.000000,0.500607,0.007949,0,18,1,-1,28,16,36,113.000000,70.000000,64.166700,0.917572,0.823783,0.753966,-0.004490,0.000335,0.001125,0.001125,4,0,4,fixed,4,1,1,0,3.000000,4.000000
1003,centralized_dqn,centralized_dqn,0,4,5,75,1,1,1,2.595404,70.000000,0.865135,16,0.500607,36,0,1,0,0.500607,0.500607,0.000000,0.000000,0.500607,0.007949,0,18,1,-1,28,16,36,113.000000,70.000000,64.166700,0.917572,0.827924,0.753966,-0.004508,0.000335,0.001107,0.001107,4,0,4,fixed,4,1,1,0,3.000000,4.000000
1003,centralized_dqn,centralized_dqn,0,4,5,76,2,2,2,2.326805,64.166700,0.290851,36,0.500607,36,0,2,0,0.500607,0.500607,0.000000,0.000000,0.500607,0.007949,0,18,1,0,28,16,36,113.000000,70.000000,64.166700,0.344090,0.293029,0.290554,-0.004638,-0.001248,0.000335,0.000000,4,0,4,fixed,4,1,1,0,3.000000,4.000000
1003,centralized_dqn,centralized_dqn,0,4,5,77,1,1,1,2.410336,70.000000,0.803445,16,0.500607,36,0,1,0,0.500607,0.500607,0.000000,0.000000,0.500607,0.007949,0,18,1,-1,28,16,36,113.000000,70.000000,64.166700,0.917572,0.832037,0.753966,-0.004525,0.000335,0.001090,0.001090,4,0,4,fixed,4,1,1,0,3.000000,4.000000
1003,centralized_dqn,centralized_dqn,0,4,5,78,0,0,2,2.838154,113.000000,0.354769,28,0.500607,36,0,0,0,0.500607,0.500607,0.000000,0.000000,0.500607,0.007949,0,18,1,0,28,16,36,113.000000,70.000000,64.166700,0.356438,0.293029,0.282737,0.000335,0.003156,0.004159,0.004159,4,0,4,fixed,4,1,1,0,3.000000,4.000000
1003,centralized_dqn,centralized_dqn,0,4,5,79,2,2,4,0.000000,64.166700,0.623376,36,0.500607,36,0,2,0,0.500607,0.500607,0.000000,0.000000,0.500607,0.007949,0,18,1,-1,28,16,36,113.000000,70.000000,64.166700,0.353982,0.571429,0.623376,-0.009692,-0.001495,0.000335,0.000000,4,0,4,fixed,4,1,1,0,3.000000,4.000000
1003,centralized_dqn,centralized_dqn,0,4,5,80,2,2,2,2.328880,64.166700,0.291110,36,0.500607,36,0,2,0,0.500607,0.500607,0.000000,0.000000,0.500607,0.007949,0,18,1,0,28,16,36,113.000000,70.000000,64.166700,0.344090,0.293029,0.290517,-0.004637,-0.001246,0.000335,0.000000,4,0,4,fixed,4,1,1,0,3.000000,4.000000
