seed,method,effective_method,bootstrap_cycle_flag,max_switches,cycle_id,ue_id,previous_bs_id,current_bs_id,app_type,tp_mbps,rtt_ms,satisfaction,num_users_on_current_bs,harmonic_mean,num_unsatisfied_users,target_ue_flag,action_selected_bs_id,switch_flag,h_before,h_after_estimated,reward,estimated_reward,h_after_measured,measured_reward,switch_count,num_degraded_users,measurement_valid,candidate_type,num_users_ap0,num_users_ap1,num_users_ap2,monitor_rtt_ap0,monitor_rtt_ap1,monitor_rtt_ap2,estimated_satisfaction_if_ap0,estimated_satisfaction_if_ap1,estimated_satisfaction_if_ap2,estimated_h_delta_if_ap0,estimated_h_delta_if_ap1,estimated_h_delta_if_ap2,best_estimated_h_delta,effective_max_switches,applied_switches_in_cycle,remaining_switch_budget,k_schedule_type,k_max,k_min,k_decay_rate,stop_action_flag,warmup_before_cycle_sec,cycle_start_offset_sec
2,centralized_dqn,logistic_bootstrap,1,4,1,1,1,1,3,0.000000,83.666700,1.195219,21,0.314149,25,0,2,1,0.314149,0.843452,0.529302,0.529302,0.314149,0.000000,56,0,1,-1,28,21,31,96.000000,83.666700,62.500000,1.041667,1.195219,1.600000,-0.000481,0.000153,-0.005895,0.000000,4,56,0,fixed,4,1,1,0,3.000000,4.000000
2,centralized_dqn,logistic_bootstrap,1,4,1,2,0,0,1,3.509623,96.000000,1.169874,28,0.314149,25,0,1,1,0.314149,0.843452,0.529302,0.529302,0.314149,0.000000,56,0,1,1,28,21,31,96.000000,83.666700,62.500000,1.170024,1.116247,0.502509,0.000153,0.000548,-0.007062,0.000548,4,56,0,fixed,4,1,1,0,3.000000,4.000000
2,centralized_dqn,logistic_bootstrap,1,4,1,3,2,2,4,0.000000,62.500000,0.640000,31,0.314149,25,0,2,0,0.314149,0.843452,0.529302,0.529302,0.314149,0.000000,56,0,1,-1,28,21,31,96.000000,83.666700,62.500000,0.416667,0.478087,0.640000,0.005142,0.006036,0.000153,0.006036,4,56,0,fixed,4,1,1,0,3.000000,4.000000
2,centralized_dqn,logistic_bootstrap,1,4,1,4,2,2,1,1.602863,62.500000,0.534288,31,0.314149,25,0,1,1,0.314149,0.843452,0.529302,0.529302,0.314149,0.000000,56,0,1,-1,28,21,31,96.000000,83.666700,62.500000,1.129655,1.116247,0.516124,0.007487,0.007980,0.000153,0.007980,4,56,0,fixed,4,1,1,0,3.000000,4.000000
2,centralized_dqn,logistic_bootstrap,1,4,1,5,2,2,4,0.000000,62.500000,0.640000,31,0.314149,25,0,2,0,0.314149,0.843452,0.529302,0.529302,0.314149,0.000000,56,0,1,-1,28,21,31,96.000000,83.666700,62.500000,0.416667,0.478087,0.640000,0.005142,0.006036,0.000153,0.006036,4,56,0,fixed,4,1,1,0,3.000000,4.000000
2,centralized_dqn,logistic_bootstrap,1,4,1,6,1,1,4,0.000000,83.666700,0.478087,21,0.314149,25,0,2,1,0.314149,0.843452,0.529302,0.529302,0.314149,0.000000,56,0,1,0,28,21,31,96.000000,83.666700,62.500000,0.416667,0.478087,0.640000,-0.000708,0.000153,-0.005517,0.000000,4,56,0,fixed,4,1,1,0,3.000000,4.000000
2,centralized_dqn,logistic_bootstrap,1,4,1,7,0,0,2,5.605443,96.000000,0.700680,28,0.314149,25,0,0,0,0.314149,0.843452,0.529302,0.529302,0.314149,0.000000,56,0,1,-1,28,21,31,96.000000,83.666700,62.500000,0.658094,0.747875,0.078800,0.000153,0.000796,-0.018478,0.000796,4,56,0,fixed,4,1,1,0,3.000000,4.000000
2,centralized_dqn,logistic_bootstrap,1,4,1,8,0,0,2,4.969288,96.000000,0.621161,28,0.314149,25,0,0,0,0.314149,0.843452,0.529302,0.529302,0.314149,0.000000,56,0,1,-1,28,21,31,96.000000,83.666700,62.500000,0.666046,0.747875,0.078800,0.000153,0.000774,-0.018497,0.000774,4,56,0,fixed,4,1,1,0,3.000000,4.000000
2,centralized_dqn,logistic_bootstrap,1,4,1,9,2,2,2,0.652444,62.500000,0.081555,31,0.314149,25,0,0,1,0.314149,0.843452,0.529302,0.529302,0.314149,0.000000,56,0,1,0,28,21,31,96.000000,83.666700,62.500000,0.639139,0.747875,0.081324,0.020044,0.020910,0.000153,0.020910,4,56,0,fixed,4,1,1,0,3.000000,4.000000
2,centralized_dqn,logistic_bootstrap,1,4,1,10,0,0,2,5.298337,96.000000,0.662292,28,0.314149,25,0,0,0,0.314149,0.843452,0.529302,0.529302,0.314149,0.000000,56,0,1,-1,28,21,31,96.000000,83.666700,62.500000,0.661933,0.747875,0.078800,0.000153,0.000785,-0.018488,0.000785,4,56,0,fixed,4,1,1,0,3.000000,4.000000
2,centralized_dqn,logistic_bootstrap,1,4,1,11,1,1,3,0.000000,83.666700,1.195219,21,0.314149,25,0,2,1,0.314149,0.843452,0.529302,0.529302,0.314149,0.000000,56,0,1,-1,28,21,31,96.000000,83.666700,62.500000,1.041667,1.195219,1.600000,-0.000481,0.000153,-0.005895,0.000000,4,56,0,fixed,4,1,1,0,3.000000,4.000000
2,centralized_dqn,logistic_bootstrap,1,4,1,12,0,0,2,5.297232,96.000000,0.662154,28,0.314149,25,0,0,0,0.314149,0.843452,0.529302,0.529302,0.314149,0.000000,56,0,1,-1,28,21,31,96.000000,83.666700,62.500000,0.661946,0.747875,0.078800,0.000153,0.000785,-0.018488,0.000785,4,56,0,fixed,4,1,1,0,3.000000,4.000000
2,centralized_dqn,logistic_bootstrap,1,4,1,13,1,1,3,0.000000,83.666700,1.195219,21,0.314149,25,0,2,1,0.314149,0.843452,0.529302,0.529302,0.314149,0.000000,56,0,1,-1,28,21,31,96.000000,83.666700,62.500000,1.041667,1.195219,1.600000,-0.000481,0.000153,-0.005895,0.000000,4,56,0,fixed,4,1,1,0,3.000000,4.000000
2,centralized_dqn,logistic_bootstrap,1,4,1,14,2,2,4,0.000000,62.500000,0.640000,31,0.314149,25,0,2,0,0.314149,0.843452,0.529302,0.529302,0.314149,0.000000,56,0,1,-1,28,21,31,96.000000,83.666700,62.500000,0.416667,0.478087,0.640000,0.005142,0.006036,0.000153,0.006036,4,56,0,fixed,4,1,1,0,3.000000,4.000000
2,centralized_dqn,logistic_bootstrap,1,4,1,15,0,0,2,5.295035,96.000000,0.661879,28,0.314149,25,0,0,0,0.314149,0.843452,0.529302,0.529302,0.314149,0.000000,56,0,1,-1,28,21,31,96.000000,83.666700,62.500000,0.661974,0.747875,0.078800,0.000153,0.000785,-0.018488,0.000785,4,56,0,fixed,4,1,1,0,3.000000,4.000000
2,centralized_dqn,logistic_bootstrap,1,4,1,16,2,2,2,0.652426,62.500000,0.081553,31,0.314149,25,0,0,1,0.314149,0.843452,0.529302,0.529302,0.314149,0.000000,56,0,1,0,28,21,31,96.000000,83.666700,62.500000,0.639139,0.747875,0.081325,0.020044,0.020910,0.000153,0.020910,4,56,0,fixed,4,1,1,0,3.000000,4.000000
2,centralized_dqn,logistic_bootstrap,1,4,1,17,2,2,2,0.652414,62.500000,0.081552,31,0.314149,25,0,0,1,0.314149,0.843452,0.529302,0.529302,0.314149,0.000000,56,0,1,0,28,21,31,96.000000,83.666700,62.500000,0.639139,0.747875,0.081325,0.020044,0.020910,0.000153,0.020910,4,56,0,fixed,4,1,1,0,3.000000,4.000000
2,centralized_dqn,logistic_bootstrap,1,4,1,18,2,2,4,0.000000,62.500000,0.640000,31,0.314149,25,0,2,0,0.314149,0.843452,0.529302,0.529302,0.314149,0.000000,56,0,1,-1,28,21,31,96.000000,83.666700,62.500000,0.416667,0.478087,0.640000,0.005142,0.006036,0.000153,0.006036,4,56,0,fixed,4,1,1,0,3.000000,4.000000
2,centralized_dqn,logistic_bootstrap,1,4,1,19,0,0,3,0.000000,96.000000,1.041667,28,0.314149,25,0,2,1,0.314149,0.843452,0.529302,0.529302,0.314149,0.000000,56,0,1,1,28,21,31,96.000000,83.666700,62.500000,1.041667,1.195219,1.600000,0.000153,0.000790,-0.005282,0.000790,4,56,0,fixed,4,1,1,0,3.000000,4.000000
2,centralized_dqn,logistic_bootstrap,1,4,1,20,0,0,1,3.510234,96.000000,1.170078,28,0.314149,25,0,1,1,0.314149,0.843452,0.529302,0.529302,0.314149,0.000000,56,0,1,1,28,21,31,96.000000,83.666700,62.500000,1.169984,1.116247,0.502509,0.000153,0.000548,-0.007062,0.000548,4,56,0,fixed,4,1,1,0,3.000000,4.000000
2,centralized_dqn,logistic_bootstrap,1,4,1,21,1,1,4,0.000000,83.666700,0.478087,21,0.314149,25,0,2,1,0.314149,0.843452,0.529302,0.529302,0.314149,0.000000,56,0,1,0,28,21,31,96.000000,83.666700,62.500000,0.416667,0.478087,0.640000,-0.000708,0.000153,-0.005517,0.000000,4,56,0,fixed,4,1,1,0,3.000000,4.000000
2,centralized_dqn,logistic_bootstrap,1,4,1,22,2,2,2,0.652401,62.500000,0.081550,31,0.314149,25,0,0,1,0.314149,0.843452,0.529302,0.529302,0.314149,0.000000,56,0,1,0,28,21,31,96.000000,83.666700,62.500000,0.639139,0.747875,0.081325,0.020044,0.020910,0.000153,0.020910,4,56,0,fixed,4,1,1,0,3.000000,4.000000
2,centralized_dqn,logistic_bootstrap,1,4,1,23,2,2,2,0.643692,62.500000,0.080462,31,0.314149,25,0,0,1,0.314149,0.843452,0.529302,0.529302,0.314149,0.000000,56,0,1,0,28,21,31,96.000000,83.666700,62.500000,0.639139,0.747875,0.081416,0.020025,0.020891,0.000153,0.020891,4,56,0,fixed,4,1,1,0,3.000000,4.000000
2,centralized_dqn,logistic_bootstrap,1,4,1,24,2,2,4,0.000000,62.500000,0.640000,31,0.314149,25,0,2,0,0.314149,0.843452,0.529302,0.529302,0.314149,0.000000,56,0,1,-1,28,21,31,96.000000,83.666700,62.500000,0.416667,0.478087,0.640000,0.005142,0.006036,0.000153,0.006036,4,56,0,fixed,4,1,1,0,3.000000,4.000000
2,centralized_dqn,logistic_bootstrap,1,4,1,25,2,2,1,1.248424,62.500000,0.416141,31,0.314149,25,0,1,1,0.314149,0.843452,0.529302,0.529302,0.314149,0.000000,56,0,1,0,28,21,31,96.000000,83.666700,62.500000,1.129655,1.116247,0.535815,0.007398,0.007891,0.000153,0.007891,4,56,0,fixed,4,1,1,0,3.000000,4.000000
2,centralized_dqn,logistic_bootstrap,1,4,1,26,2,2,2,0.652395,62.500000,0.081549,31,0.314149,25,0,0,1,0.314149,0.843452,0.529302,0.529302,0.314149,0.000000,56,0,1,0,28,21,31,96.000000,83.666700,62.500000,0.639139,0.747875,0.081325,0.020044,0.020910,0.000153,0.020910,4,56,0,fixed,4,1,1,0,3.000000,4.000000
2,centralized_dqn,logistic_bootstrap,1,4,1,27,2,2,1,1.550936,62.500000,0.516979,31,0.314149,25,0,1,1,0.314149,0.843452,0.529302,0.529302,0.314149,0.000000,56,0,1,-1,28,21,31,96.000000,83.666700,62.500000,1.129655,1.116247,0.519009,0.007474,0.007967,0.000153,0.007967,4,56,0,fixed,4,1,1,0,3.000000,4.000000
2,centralized_dqn,logistic_bootstrap,1,4,1,28,1,1,4,0.000000,83.666700,0.478087,21,0.314149,25,0,2,1,0.314149,0.843452,0.529302,0.529302,0.314149,0.000000,56,0,1,0,28,21,31,96.000000,83.666700,62.500000,0.416667,0.478087,0.640000,-0.000708,0.000153,-0.005517,0.000000,4,56,0,fixed,4,1,1,0,3.000000,4.000000
2,centralized_dqn,logistic_bootstrap,1,4,1,29,2,2,2,0.652415,62.500000,0.081552,31,0.314149,25,0,0,1,0.314149,0.843452,0.529302,0.529302,0.314149,0.000000,56,0,1,0,28,21,31,96.000000,83.666700,62.500000,0.639139,0.747875,0.081325,0.020044,0.020910,0.000153,0.020910,4,56,0,fixed,4,1,1,0,3.000000,4.000000
2,centralized_dqn,logistic_bootstrap,1,4,1,30,1,1,3,0.000000,83.666700,1.195219,21,0.314149,25,0,2,1,0.314149,0.843452,0.529302,0.529302,0.314149,0.000000,56,0,1,-1,28,21,31,96.000000,83.666700,62.500000,1.041667,1.195219,1.600000,-0.000481,0.000153,-0.005895,0.000000,4,56,0,fixed,4,1,1,0,3.000000,4.000000
2,centralized_dqn,logistic_bootstrap,1,4,1,31,2,2,3,0.000000,62.500000,1.600000,31,0.314149,25,0,2,0,0.314149,0.843452,0.529302,0.529302,0.314149,0.000000,56,0,1,1,28,21,31,96.000000,83.666700,62.500000,1.041667,1.195219,1.600000,0.005783,0.006443,0.000153,0.006443,4,56,0,fixed,4,1,1,0,3.000000,4.000000
2,centralized_dqn,logistic_bootstrap,1,4,1,32,1,1,3,0.000000,83.666700,1.195219,21,0.314149,25,0,2,1,0.314149,0.843452,0.529302,0.529302,0.314149,0.000000,56,0,1,-1,28,21,31,96.000000,83.666700,62.500000,1.041667,1.195219,1.600000,-0.000481,0.000153,-0.005895,0.000000,4,56,0,fixed,4,1,1,0,3.000000,4.000000
2,centralized_dqn,logistic_bootstrap,1,4,1,33,2,2,1,1.612027,62.500000,0.537342,31,0.314149,25,0,1,1,0.314149,0.843452,0.529302,0.529302,0.314149,0.000000,56,0,1,-1,28,21,31,96.000000,83.666700,62.500000,1.129655,1.116247,0.515615,0.007490,0.007983,0.000153,0.007983,4,56,0,fixed,4,1,1,0,3.000000,4.000000
2,centralized_dqn,logistic_bootstrap,1,4,1,34,0,0,3,0.000000,96.000000,1.041667,28,0.314149,25,0,2,1,0.314149,0.843452,0.529302,0.529302,0.314149,0.000000,56,0,1,1,28,21,31,96.000000,83.666700,62.500000,1.041667,1.195219,1.600000,0.000153,0.000790,-0.005282,0.000790,4,56,0,fixed,4,1,1,0,3.000000,4.000000
2,centralized_dqn,logistic_bootstrap,1,4,1,35,1,1,2,6.272101,83.666700,0.784013,21,0.314149,25,0,0,1,0.314149,0.843452,0.529302,0.529302,0.314149,0.000000,56,0,1,-1,28,21,31,96.000000,83.666700,62.500000,0.639139,0.783357,0.078800,-0.000758,0.000153,-0.019177,0.000000,4,56,0,fixed,4,1,1,0,3.000000,4.000000
2,centralized_dqn,logistic_bootstrap,1,4,1,36,0,0,2,5.298290,96.000000,0.662286,28,0.314149,25,0,0,0,0.314149,0.843452,0.529302,0.529302,0.314149,0.000000,56,0,1,-1,28,21,31,96.000000,83.666700,62.500000,0.661933,0.747875,0.078800,0.000153,0.000785,-0.018488,0.000785,4,56,0,fixed,4,1,1,0,3.000000,4.000000
2,centralized_dqn,logistic_bootstrap,1,4,1,37,0,0,4,0.000000,96.000000,0.416667,28,0.314149,25,0,2,1,0.314149,0.843452,0.529302,0.529302,0.314149,0.000000,56,0,1,0,28,21,31,96.000000,83.666700,62.500000,0.416667,0.478087,0.640000,0.000153,0.001020,-0.004682,0.001020,4,56,0,fixed,4,1,1,0,3.000000,4.000000
2,centralized_dqn,logistic_bootstrap,1,4,1,38,1,1,2,6.266565,83.666700,0.783321,21,0.314149,25,0,0,1,0.314149,0.843452,0.529302,0.529302,0.314149,0.000000,56,0,1,-1,28,21,31,96.000000,83.666700,62.500000,0.639139,0.783530,0.078800,-0.000758,0.000153,-0.019177,0.000000,4,56,0,fixed,4,1,1,0,3.000000,4.000000
2,centralized_dqn,logistic_bootstrap,1,4,1,39,0,0,4,0.000000,96.000000,0.416667,28,0.314149,25,0,2,1,0.314149,0.843452,0.529302,0.529302,0.314149,0.000000,56,0,1,0,28,21,31,96.000000,83.666700,62.500000,0.416667,0.478087,0.640000,0.000153,0.001020,-0.004682,0.001020,4,56,0,fixed,4,1,1,0,3.000000,4.000000
2,centralized_dqn,logistic_bootstrap,1,4,1,40,0,0,1,3.510284,96.000000,1.170095,28,0.314149,25,0,1,1,0.314149,0.843452,0.529302,0.529302,0.314149,0.000000,56,0,1,1,28,21,31,96.000000,83.666700,62.500000,1.169980,1.116247,0.502509,0.000153,0.000548,-0.007061,0.000548,4,56,0,fixed,4,1,1,0,3.000000,4.000000
2,centralized_dqn,logistic_bootstrap,1,4,1,41,1,1,2,6.267671,83.666700,0.783459,21,0.314149,25,0,0,1,0.314149,0.843452,0.529302,0.529302,0.314149,0.000000,56,0,1,-1,28,21,31,96.000000,83.666700,62.500000,0.639139,0.783495,0.078800,-0.000758,0.000153,-0.019177,0.000000,4,56,0,fixed,4,1,1,0,3.000000,4.000000
2,centralized_dqn,logistic_bootstrap,1,4,1,42,2,2,4,0.000000,62.500000,0.640000,31,0.314149,25,0,2,0,0.314149,0.843452,0.529302,0.529302,0.314149,0.000000,56,0,1,-1,28,21,31,96.000000,83.666700,62.500000,0.416667,0.478087,0.640000,0.005142,0.006036,0.000153,0.006036,4,56,0,fixed,4,1,1,0,3.000000,4.000000
2,centralized_dqn,logistic_bootstrap,1,4,1,43,2,2,1,1.623634,62.500000,0.541211,31,0.314149,25,0,1,1,0.314149,0.843452,0.529302,0.529302,0.314149,0.000000,56,0,1,-1,28,21,31,96.000000,83.666700,62.500000,1.129655,1.116247,0.514970,0.007493,0.007986,0.000153,0.007986,4,56,0,fixed,4,1,1,0,3.000000,4.000000
2,centralized_dqn,logistic_bootstrap,1,4,1,44,0,0,4,0.000000,96.000000,0.416667,28,0.314149,25,0,2,1,0.314149,0.843452,0.529302,0.529302,0.314149,0.000000,56,0,1,0,28,21,31,96.000000,83.666700,62.500000,0.416667,0.478087,0.640000,0.000153,0.001020,-0.004682,0.001020,4,56,0,fixed,4,1,1,0,3.000000,4.000000
2,centralized_dqn,logistic_bootstrap,1,4,1,45,2,2,2,0.652443,62.500000,0.081555,31,0.314149,25,0,0,1,0.314149,0.843452,0.529302,0.529302,0.314149,0.000000,56,0,1,0,28,21,31,96.000000,83.666700,62.500000,0.639139,0.747875,0.081324,0.020044,0.020910,0.000153,0.020910,4,56,0,fixed,4,1,1,0,3.000000,4.000000
2,centralized_dqn,logistic_bootstrap,1,4,1,46,2,2,1,1.663954,62.500000,0.554651,31,0.314149,25,0,1,1,0.314149,0.843452,0.529302,0.529302,0.314149,0.000000,56,0,1,-1,28,21,31,96.000000,83.666700,62.500000,1.129655,1.116247,0.512730,0.007504,0.007997,0.000153,0.007997,4,56,0,fixed,4,1,1,0,3.000000,4.000000
2,centralized_dqn,logistic_bootstrap,1,4,1,47,1,1,3,0.000000,83.666700,1.195219,21,0.314149,25,0,2,1,0.314149,0.843452,0.529302,0.529302,0.314149,0.000000,56,0,1,-1,28,21,31,96.000000,83.666700,62.500000,1.041667,1.195219,1.600000,-0.000481,0.000153,-0.005895,0.000000,4,56,0,fixed,4,1,1,0,3.000000,4.000000
2,centralized_dqn,logistic_bootstrap,1,4,1,48,1,1,4,0.000000,83.666700,0.478087,21,0.314149,25,0,2,1,0.314149,0.843452,0.529302,0.529302,0.314149,0.000000,56,0,1,0,28,21,31,96.000000,83.666700,62.500000,0.416667,0.478087,0.640000,-0.000708,0.000153,-0.005517,0.000000,4,56,0,fixed,4,1,1,0,3.000000,4.000000
2,centralized_dqn,logistic_bootstrap,1,4,1,49,0,0,2,5.298278,96.000000,0.662285,28,0.314149,25,0,0,0,0.314149,0.843452,0.529302,0.529302,0.314149,0.000000,56,0,1,-1,28,21,31,96.000000,83.666700,62.500000,0.661933,0.747875,0.078800,0.000153,0.000785,-0.018488,0.000785,4,56,0,fixed,4,1,1,0,3.000000,4.000000
2,centralized_dqn,logistic_bootstrap,1,4,1,50,1,1,3,0.000000,83.666700,1.195219,21,0.314149,25,0,2,1,0.314149,0.843452,0.529302,0.529302,0.314149,0.000000,56,0,1,-1,28,21,31,96.000000,83.666700,62.500000,1.041667,1.195219,1.600000,-0.000481,0.000153,-0.005895,0.000000,4,56,0,fixed,4,1,1,0,3.000000,4.000000
2,centralized_dqn,logistic_bootstrap,1,4,1,51,0,0,1,3.508954,96.000000,1.169651,28,0.314149,25,0,1,1,0.314149,0.843452,0.529302,0.529302,0.314149,0.000000,56,0,1,1,28,21,31,96.000000,83.666700,62.500000,1.170069,1.116247,0.502509,0.000153,0.000548,-0.007062,0.000548,4,56,0,fixed,4,1,1,0,3.000000,4.000000
2,centralized_dqn,logistic_bootstrap,1,4,1,52,2,2,2,0.652437,62.500000,0.081555,31,0.314149,25,0,0,1,0.314149,0.843452,0.529302,0.529302,0.314149,0.000000,56,0,1,0,28,21,31,96.000000,83.666700,62.500000,0.639139,0.747875,0.081324,0.020044,0.020910,0.000153,0.020910,4,56,0,fixed,4,1,1,0,3.000000,4.000000
2,centralized_dqn,logistic_bootstrap,1,4,1,53,0,0,3,0.000000,96.000000,1.041667,28,0.314149,25,0,2,1,0.314149,0.843452,0.529302,0.529302,0.314149,0.000000,56,0,1,1,28,21,31,96.000000,83.666700,62.500000,1.041667,1.195219,1.600000,0.000153,0.000790,-0.005282,0.000790,4,56,0,fixed,4,1,1,0,3.000000,4.000000
2,centralized_dqn,logistic_bootstrap,1,4,1,54,2,2,3,0.000000,62.500000,1.600000,31,0.314149,25,0,2,0,0.314149,0.843452,0.529302,0.529302,0.314149,0.000000,56,0,1,1,28,21,31,96.000000,83.666700,62.500000,1.041667,1.195219,1.600000,0.005783,0.006443,0.000153,0.006443,4,56,0,fixed,4,1,1,0,3.000000,4.000000
2,centralized_dqn,logistic_bootstrap,1,4,1,55,0,0,3,0.000000,96.000000,1.041667,28,0.314149,25,0,2,1,0.314149,0.843452,0.529302,0.529302,0.314149,0.000000,56,0,1,1,28,21,31,96.000000,83.666700,62.500000,1.041667,1.195219,1.600000,0.000153,0.000790,-0.005282,0.000790,4,56,0,fixed,4,1,1,0,3.000000,4.000000
2,centralized_dqn,logistic_bootstrap,1,4,1,56,0,0,3,0.000000,96.000000,1.041667,28,0.314149,25,0,2,1,0.314149,0.843452,0.529302,0.529302,0.314149,0.000000,56,0,1,1,28,21,31,96.000000,83.666700,62.500000,1.041667,1.195219,1.600000,0.000153,0.000790,-0.005282,0.000790,4,56,0,fixed,4,1,1,0,3.000000,4.000000
2,centralized_dqn,logistic_bootstrap,1,4,1,57,1,1,2,6.261137,83.666700,0.782642,21,0.314149,25,0,0,1,0.314149,0.843452,0.529302,0.529302,0.314149,0.000000,56,0,1,-1,28,21,31,96.000000,83.666700,62.500000,0.639139,0.783699,0.078800,-0.000759,0.000153,-0.019177,0.000000,4,56,0,fixed,4,1,1,0,3.000000,4.000000
2,centralized_dqn,logistic_bootstrap,1,4,1,58,0,0,1,3.510234,96.000000,1.170078,28,0.314149,25,0,1,1,0.314149,0.843452,0.529302,0.529302,0.314149,0.000000,56,0,1,1,28,21,31,96.000000,83.666700,62.500000,1.169984,1.116247,0.502509,0.000153,0.000548,-0.007062,0.000548,4,56,0,fixed,4,1,1,0,3.000000,4.000000
2,centralized_dqn,logistic_bootstrap,1,4,1,59,2,2,2,0.641513,62.500000,0.080189,31,0.314149,25,1,0,1,0.314149,0.843452,0.529302,0.529302,0.314149,0.000000,56,0,1,0,28,21,31,96.000000,83.666700,62.500000,0.639139,0.747875,0.081438,0.020021,0.020887,0.000153,0.020887,4,56,0,fixed,4,1,1,0,3.000000,4.000000
2,centralized_dqn,logistic_bootstrap,1,4,1,60,0,0,2,5.297231,96.000000,0.662154,28,0.314149,25,0,0,0,0.314149,0.843452,0.529302,0.529302,0.314149,0.000000,56,0,1,-1,28,21,31,96.000000,83.666700,62.500000,0.661946,0.747875,0.078800,0.000153,0.000785,-0.018488,0.000785,4,56,0,fixed,4,1,1,0,3.000000,4.000000
2,centralized_dqn,logistic_bootstrap,1,4,1,61,0,0,4,0.000000,96.000000,0.416667,28,0.314149,25,0,2,1,0.314149,0.843452,0.529302,0.529302,0.314149,0.000000,56,0,1,0,28,21,31,96.000000,83.666700,62.500000,0.416667,0.478087,0.640000,0.000153,0.001020,-0.004682,0.001020,4,56,0,fixed,4,1,1,0,3.000000,4.000000
2,centralized_dqn,logistic_bootstrap,1,4,1,62,0,0,2,5.297202,96.000000,0.662150,28,0.314149,25,0,0,0,0.314149,0.843452,0.529302,0.529302,0.314149,0.000000,56,0,1,-1,28,21,31,96.000000,83.666700,62.500000,0.661947,0.747875,0.078800,0.000153,0.000785,-0.018488,0.000785,4,56,0,fixed,4,1,1,0,3.000000,4.000000
2,centralized_dqn,logistic_bootstrap,1,4,1,63,0,0,4,0.000000,96.000000,0.416667,28,0.314149,25,0,2,1,0.314149,0.843452,0.529302,0.529302,0.314149,0.000000,56,0,1,0,28,21,31,96.000000,83.666700,62.500000,0.416667,0.478087,0.640000,0.000153,0.001020,-0.004682,0.001020,4,56,0,fixed,4,1,1,0,3.000000,4.000000
2,centralized_dqn,logistic_bootstrap,1,4,1,64,2,2,4,0.000000,62.500000,0.640000,31,0.314149,25,0,2,0,0.314149,0.843452,0.529302,0.529302,0.314149,0.000000,56,0,1,-1,28,21,31,96.000000,83.666700,62.500000,0.416667,0.478087,0.640000,0.005142,0.006036,0.000153,0.006036,4,56,0,fixed,4,1,1,0,3.000000,4.000000
2,centralized_dqn,logistic_bootstrap,1,4,1,65,0,0,1,3.510662,96.000000,1.170221,28,0.314149,25,0,1,1,0.314149,0.843452,0.529302,0.529302,0.314149,0.000000,56,0,1,1,28,21,31,96.000000,83.666700,62.500000,1.169955,1.116247,0.502509,0.000153,0.000548,-0.007061,0.000548,4,56,0,fixed,4,1,1,0,3.000000,4.000000
2,centralized_dqn,logistic_bootstrap,1,4,1,66,1,1,4,0.000000,83.666700,0.478087,21,0.314149,25,0,2,1,0.314149,0.843452,0.529302,0.529302,0.314149,0.000000,56,0,1,0,28,21,31,96.000000,83.666700,62.500000,0.416667,0.478087,0.640000,-0.000708,0.000153,-0.005517,0.000000,4,56,0,fixed,4,1,1,0,3.000000,4.000000
2,centralized_dqn,logistic_bootstrap,1,4,1,67,2,2,3,0.000000,62.500000,1.600000,31,0.314149,25,0,2,0,0.314149,0.843452,0.529302,0.529302,0.314149,0.000000,56,0,1,1,28,21,31,96.000000,83.666700,62.500000,1.041667,1.195219,1.600000,0.005783,0.006443,0.000153,0.006443,4,56,0,fixed,4,1,1,0,3.000000,4.000000
2,centralized_dqn,logistic_bootstrap,1,4,1,68,1,1,1,3.507931,83.666700,1.169310,21,0.314149,25,0,1,0,0.314149,0.843452,0.529302,0.529302,0.314149,0.000000,56,0,1,-1,28,21,31,96.000000,83.666700,62.500000,1.129655,1.169492,0.502509,-0.000416,0.000153,-0.007534,0.000000,4,56,0,fixed,4,1,1,0,3.000000,4.000000
2,centralized_dqn,logistic_bootstrap,1,4,1,69,1,1,4,0.000000,83.666700,0.478087,21,0.314149,25,0,2,1,0.314149,0.843452,0.529302,0.529302,0.314149,0.000000,56,0,1,0,28,21,31,96.000000,83.666700,62.500000,0.416667,0.478087,0.640000,-0.000708,0.000153,-0.005517,0.000000,4,56,0,fixed,4,1,1,0,3.000000,4.000000
2,centralized_dqn,logistic_bootstrap,1,4,1,70,2,2,2,0.651321,62.500000,0.081415,31,0.314149,25,0,0,1,0.314149,0.843452,0.529302,0.529302,0.314149,0.000000,56,0,1,0,28,21,31,96.000000,83.666700,62.500000,0.639139,0.747875,0.081336,0.020042,0.020908,0.000153,0.020908,4,56,0,fixed,4,1,1,0,3.000000,4.000000
2,centralized_dqn,logistic_bootstrap,1,4,1,71,1,1,2,6.272043,83.666700,0.784005,21,0.314149,25,0,0,1,0.314149,0.843452,0.529302,0.529302,0.314149,0.000000,56,0,1,-1,28,21,31,96.000000,83.666700,62.500000,0.639139,0.783359,0.078800,-0.000758,0.000153,-0.019177,0.000000,4,56,0,fixed,4,1,1,0,3.000000,4.000000
2,centralized_dqn,logistic_bootstrap,1,4,1,72,2,2,1,1.591256,62.500000,0.530419,31,0.314149,25,0,1,1,0.314149,0.843452,0.529302,0.529302,0.314149,0.000000,56,0,1,-1,28,21,31,96.000000,83.666700,62.500000,1.129655,1.116247,0.516769,0.007484,0.007977,0.000153,0.007977,4,56,0,fixed,4,1,1,0,3.000000,4.000000
2,centralized_dqn,logistic_bootstrap,1,4,1,73,1,1,1,3.508476,83.666700,1.169492,21,0.314149,25,0,1,0,0.314149,0.843452,0.529302,0.529302,0.314149,0.000000,56,0,1,-1,28,21,31,96.000000,83.666700,62.500000,1.129655,1.169310,0.502509,-0.000416,0.000153,-0.007533,0.000000,4,56,0,fixed,4,1,1,0,3.000000,4.000000
2,centralized_dqn,logistic_bootstrap,1,4,1,74,2,2,2,0.651304,62.500000,0.081413,31,0.314149,25,0,0,1,0.314149,0.843452,0.529302,0.529302,0.314149,0.000000,56,0,1,0,28,21,31,96.000000,83.666700,62.500000,0.639139,0.747875,0.081336,0.020042,0.020908,0.000153,0.020908,4,56,0,fixed,4,1,1,0,3.000000,4.000000
2,centralized_dqn,logistic_bootstrap,1,4,1,75,0,0,3,0.000000,96.000000,1.041667,28,0.314149,25,0,2,1,0.314149,0.843452,0.529302,0.529302,0.314149,0.000000,56,0,1,1,28,21,31,96.000000,83.666700,62.500000,1.041667,1.195219,1.600000,0.000153,0.000790,-0.005282,0.000790,4,56,0,fixed,4,1,1,0,3.000000,4.000000
2,centralized_dqn,logistic_bootstrap,1,4,1,76,0,0,2,5.298260,96.000000,0.662282,28,0.314149,25,0,0,0,0.314149,0.843452,0.529302,0.529302,0.314149,0.000000,56,0,1,-1,28,21,31,96.000000,83.666700,62.500000,0.661934,0.747875,0.078800,0.000153,0.000785,-0.018488,0.000785,4,56,0,fixed,4,1,1,0,3.000000,4.000000
2,centralized_dqn,logistic_bootstrap,1,4,1,77,0,0,2,5.298349,96.000000,0.662294,28,0.314149,25,0,0,0,0.314149,0.843452,0.529302,0.529302,0.314149,0.000000,56,0,1,-1,28,21,31,96.000000,83.666700,62.500000,0.661932,0.747875,0.078800,0.000153,0.000785,-0.018488,0.000785,4,56,0,fixed,4,1,1,0,3.000000,4.000000
2,centralized_dqn,logistic_bootstrap,1,4,1,78,2,2,4,0.000000,62.500000,0.640000,31,0.314149,25,0,2,0,0.314149,0.843452,0.529302,0.529302,0.314149,0.000000,56,0,1,-1,28,21,31,96.000000,83.666700,62.500000,0.416667,0.478087,0.640000,0.005142,0.006036,0.000153,0.006036,4,56,0,fixed,4,1,1,0,3.000000,4.000000
2,centralized_dqn,logistic_bootstrap,1,4,1,79,2,2,2,0.652384,62.500000,0.081548,31,0.314149,25,0,0,1,0.314149,0.843452,0.529302,0.529302,0.314149,0.000000,56,0,1,0,28,21,31,96.000000,83.666700,62.500000,0.639139,0.747875,0.081325,0.020044,0.020910,0.000153,0.020910,4,56,0,fixed,4,1,1,0,3.000000,4.000000
2,centralized_dqn,logistic_bootstrap,1,4,1,80,1,1,3,0.000000,83.666700,1.195219,21,0.314149,25,0,2,1,0.314149,0.843452,0.529302,0.529302,0.314149,0.000000,56,0,1,-1,28,21,31,96.000000,83.666700,62.500000,1.041667,1.195219,1.600000,-0.000481,0.000153,-0.005895,0.000000,4,56,0,fixed,4,1,1,0,3.000000,4.000000
2,centralized_dqn,centralized_dqn,0,4,2,1,2,2,3,0.000000,49.833300,2.006690,36,0.612646,29,0,2,0,0.612646,0.644725,0.032079,0.032079,0.612646,0.298497,4,24,1,1,29,15,36,113.000000,74.166700,49.833300,0.884956,1.348314,2.006690,-0.013302,-0.002362,0.003015,0.000000,4,4,0,fixed,4,1,1,0,3.000000,4.000000
2,centralized_dqn,centralized_dqn,0,4,2,2,1,1,1,2.565569,74.166700,0.855190,15,0.612646,29,0,1,0,0.612646,0.644725,0.032079,0.032079,0.612646,0.298497,4,24,1,-1,29,15,36,113.000000,74.166700,49.833300,0.887059,1.127435,0.832076,-0.007710,0.003015,0.005526,0.005526,4,4,0,fixed,4,1,1,0,3.000000,4.000000
2,centralized_dqn,centralized_dqn,0,4,2,3,2,2,4,0.000000,49.833300,0.802676,36,0.612646,29,0,2,0,0.612646,0.644725,0.032079,0.032079,0.612646,0.298497,4,24,1,-1,29,15,36,113.000000,74.166700,49.833300,0.353982,0.539326,0.802676,-0.017526,-0.004057,0.003015,0.000000,4,4,0,fixed,4,1,1,0,3.000000,4.000000
2,centralized_dqn,centralized_dqn,0,4,2,4,1,1,1,4.054907,74.166700,1.351636,15,0.612646,29,0,1,0,0.612646,0.644725,0.032079,0.032079,0.612646,0.298497,4,24,1,-1,29,15,36,113.000000,74.166700,49.833300,0.887059,1.091975,1.315105,-0.007587,0.003015,0.007771,0.007771,4,4,0,fixed,4,1,1,0,3.000000,4.000000
2,centralized_dqn,centralized_dqn,0,4,2,5,2,2,4,0.000000,49.833300,0.802676,36,0.612646,29,0,2,0,0.612646,0.644725,0.032079,0.032079,0.612646,0.298497,4,24,1,-1,29,15,36,113.000000,74.166700,49.833300,0.353982,0.539326,0.802676,-0.017526,-0.004057,0.003015,0.000000,4,4,0,fixed,4,1,1,0,3.000000,4.000000
2,centralized_dqn,centralized_dqn,0,4,2,6,2,2,4,0.000000,49.833300,0.802676,36,0.612646,29,0,2,0,0.612646,0.644725,0.032079,0.032079,0.612646,0.298497,4,24,1,-1,29,15,36,113.000000,74.166700,49.833300,0.353982,0.539326,0.802676,-0.017526,-0.004057,0.003015,0.000000,4,4,0,fixed,4,1,1,0,3.000000,4.000000
2,centralized_dqn,centralized_dqn,0,4,2,7,0,0,2,2.751961,113.000000,0.343995,29,0.612646,29,0,1,1,0.612646,0.644725,0.032079,0.032079,0.612646,0.298497,4,24,1,0,29,15,36,113.000000,74.166700,49.833300,0.344122,0.389983,0.334698,0.003015,0.013843,0.016198,0.016198,4,4,0,fixed,4,1,1,0,3.000000,4.000000
2,centralized_dqn,centralized_dqn,0,4,2,8,0,0,2,2.751860,113.000000,0.343982,29,0.612646,29,0,1,1,0.612646,0.644725,0.032079,0.032079,0.612646,0.298497,4,24,1,0,29,15,36,113.000000,74.166700,49.833300,0.344122,0.389983,0.334686,0.003015,0.013843,0.016197,0.016197,4,4,0,fixed,4,1,1,0,3.000000,4.000000
2,centralized_dqn,centralized_dqn,0,4,2,9,0,0,2,2.754057,113.000000,0.344257,29,0.612646,29,0,0,0,0.612646,0.644725,0.032079,0.032079,0.612646,0.298497,4,24,1,0,29,15,36,113.000000,74.166700,49.833300,0.344113,0.389983,0.334953,0.003015,0.013844,0.016210,0.016210,4,4,0,fixed,4,1,1,0,3.000000,4.000000
2,centralized_dqn,centralized_dqn,0,4,2,10,0,0,2,2.751897,113.000000,0.343987,29,0.612646,29,0,1,1,0.612646,0.644725,0.032079,0.032079,0.612646,0.298497,4,24,1,0,29,15,36,113.000000,74.166700,49.833300,0.344122,0.389983,0.334690,0.003015,0.013843,0.016198,0.016198,4,4,0,fixed,4,1,1,0,3.000000,4.000000
2,centralized_dqn,centralized_dqn,0,4,2,11,2,2,3,0.000000,49.833300,2.006690,36,0.612646,29,0,2,0,0.612646,0.644725,0.032079,0.032079,0.612646,0.298497,4,24,1,1,29,15,36,113.000000,74.166700,49.833300,0.884956,1.348314,2.006690,-0.013302,-0.002362,0.003015,0.000000,4,4,0,fixed,4,1,1,0,3.000000,4.000000
2,centralized_dqn,centralized_dqn,0,4,2,12,0,0,2,2.751897,113.000000,0.343987,29,0.612646,29,0,1,1,0.612646,0.644725,0.032079,0.032079,0.612646,0.298497,4,24,1,0,29,15,36,113.000000,74.166700,49.833300,0.344122,0.389983,0.334690,0.003015,0.013843,0.016198,0.016198,4,4,0,fixed,4,1,1,0,3.000000,4.000000
2,centralized_dqn,centralized_dqn,0,4,2,13,2,2,3,0.000000,49.833300,2.006690,36,0.612646,29,0,2,0,0.612646,0.644725,0.032079,0.032079,0.612646,0.298497,4,24,1,1,29,15,36,113.000000,74.166700,49.833300,0.884956,1.348314,2.006690,-0.013302,-0.002362,0.003015,0.000000,4,4,0,fixed,4,1,1,0,3.000000,4.000000
2,centralized_dqn,centralized_dqn,0,4,2,14,2,2,4,0.000000,49.833300,0.802676,36,0.612646,29,0,2,0,0.612646,0.644725,0.032079,0.032079,0.612646,0.298497,4,24,1,-1,29,15,36,113.000000,74.166700,49.833300,0.353982,0.539326,0.802676,-0.017526,-0.004057,0.003015,0.000000,4,4,0,fixed,4,1,1,0,3.000000,4.000000
2,centralized_dqn,centralized_dqn,0,4,2,15,0,0,2,2.754048,113.000000,0.344256,29,0.612646,29,0,0,0,0.612646,0.644725,0.032079,0.032079,0.612646,0.298497,4,24,1,0,29,15,36,113.000000,74.166700,49.833300,0.344113,0.389983,0.334952,0.003015,0.013844,0.016209,0.016209,4,4,0,fixed,4,1,1,0,3.000000,4.000000
2,centralized_dqn,centralized_dqn,0,4,2,16,0,0,2,2.752954,113.000000,0.344119,29,0.612646,29,0,0,0,0.612646,0.644725,0.032079,0.032079,0.612646,0.298497,4,24,1,0,29,15,36,113.000000,74.166700,49.833300,0.344118,0.389983,0.334819,0.003015,0.013843,0.016203,0.016203,4,4,0,fixed,4,1,1,0,3.000000,4.000000
2,centralized_dqn,centralized_dqn,0,4,2,17,0,0,2,2.752989,113.000000,0.344124,29,0.612646,29,0,0,0,0.612646,0.644725,0.032079,0.032079,0.612646,0.298497,4,24,1,0,29,15,36,113.000000,74.166700,49.833300,0.344117,0.389983,0.334823,0.003015,0.013843,0.016204,0.016204,4,4,0,fixed,4,1,1,0,3.000000,4.000000
2,centralized_dqn,centralized_dqn,0,4,2,18,2,2,4,0.000000,49.833300,0.802676,36,0.612646,29,0,2,0,0.612646,0.644725,0.032079,0.032079,0.612646,0.298497,4,24,1,-1,29,15,36,113.000000,74.166700,49.833300,0.353982,0.539326,0.802676,-0.017526,-0.004057,0.003015,0.000000,4,4,0,fixed,4,1,1,0,3.000000,4.000000
2,centralized_dqn,centralized_dqn,0,4,2,19,2,2,3,0.000000,49.833300,2.006690,36,0.612646,29,0,2,0,0.612646,0.644725,0.032079,0.032079,0.612646,0.298497,4,24,1,1,29,15,36,113.000000,74.166700,49.833300,0.884956,1.348314,2.006690,-0.013302,-0.002362,0.003015,0.000000,4,4,0,fixed,4,1,1,0,3.000000,4.000000
2,centralized_dqn,centralized_dqn,0,4,2,20,1,1,1,2.814575,74.166700,0.938192,15,0.612646,29,0,1,0,0.612646,0.644725,0.032079,0.032079,0.612646,0.298497,4,24,1,-1,29,15,36,113.000000,74.166700,49.833300,0.887059,1.121506,0.912835,-0.007690,0.003015,0.006055,0.006055,4,4,0,fixed,4,1,1,0,3.000000,4.000000
2,centralized_dqn,centralized_dqn,0,4,2,21,2,2,4,0.000000,49.833300,0.802676,36,0.612646,29,0,2,0,0.612646,0.644725,0.032079,0.032079,0.612646,0.298497,4,24,1,-1,29,15,36,113.000000,74.166700,49.833300,0.353982,0.539326,0.802676,-0.017526,-0.004057,0.003015,0.000000,4,4,0,fixed,4,1,1,0,3.000000,4.000000
2,centralized_dqn,centralized_dqn,0,4,2,22,0,0,2,2.751908,113.000000,0.343988,29,0.612646,29,0,0,0,0.612646,0.644725,0.032079,0.032079,0.612646,0.298497,4,24,1,0,29,15,36,113.000000,74.166700,49.833300,0.344122,0.389983,0.334691,0.003015,0.013843,0.016198,0.016198,4,4,0,fixed,4,1,1,0,3.000000,4.000000
2,centralized_dqn,centralized_dqn,0,4,2,23,0,0,2,2.751867,113.000000,0.343983,29,0.612646,29,0,0,0,0.612646,0.644725,0.032079,0.032079,0.612646,0.298497,4,24,1,0,29,15,36,113.000000,74.166700,49.833300,0.344122,0.389983,0.334687,0.003015,0.013843,0.016197,0.016197,4,4,0,fixed,4,1,1,0,3.000000,4.000000
2,centralized_dqn,centralized_dqn,0,4,2,24,2,2,4,0.000000,49.833300,0.802676,36,0.612646,29,0,2,0,0.612646,0.644725,0.032079,0.032079,0.612646,0.298497,4,24,1,-1,29,15,36,113.000000,74.166700,49.833300,0.353982,0.539326,0.802676,-0.017526,-0.004057,0.003015,0.000000,4,4,0,fixed,4,1,1,0,3.000000,4.000000
2,centralized_dqn,centralized_dqn,0,4,2,25,1,1,1,4.431809,74.166700,1.477270,15,0.612646,29,0,1,0,0.612646,0.644725,0.032079,0.032079,0.612646,0.298497,4,24,1,-1,29,15,36,113.000000,74.166700,49.833300,0.887059,1.083001,1.437343,-0.007554,0.003015,0.008116,0.008116,4,4,0,fixed,4,1,1,0,3.000000,4.000000
2,centralized_dqn,centralized_dqn,0,4,2,26,0,0,2,2.751901,113.000000,0.343988,29,0.612646,29,0,0,0,0.612646,0.644725,0.032079,0.032079,0.612646,0.298497,4,24,1,0,29,15,36,113.000000,74.166700,49.833300,0.344122,0.389983,0.334691,0.003015,0.013843,0.016198,0.016198,4,4,0,fixed,4,1,1,0,3.000000,4.000000
2,centralized_dqn,centralized_dqn,0,4,2,27,1,1,1,4.018635,74.166700,1.339545,15,0.612646,29,0,1,0,0.612646,0.644725,0.032079,0.032079,0.612646,0.298497,4,24,1,-1,29,15,36,113.000000,74.166700,49.833300,0.887059,1.092838,1.303341,-0.007590,0.003015,0.007735,0.007735,4,4,0,fixed,4,1,1,0,3.000000,4.000000
2,centralized_dqn,centralized_dqn,0,4,2,28,2,2,4,0.000000,49.833300,0.802676,36,0.612646,29,0,2,0,0.612646,0.644725,0.032079,0.032079,0.612646,0.298497,4,24,1,-1,29,15,36,113.000000,74.166700,49.833300,0.353982,0.539326,0.802676,-0.017526,-0.004057,0.003015,0.000000,4,4,0,fixed,4,1,1,0,3.000000,4.000000
2,centralized_dqn,centralized_dqn,0,4,2,29,0,0,2,2.751832,113.000000,0.343979,29,0.612646,29,0,0,0,0.612646,0.644725,0.032079,0.032079,0.612646,0.298497,4,24,1,0,29,15,36,113.000000,74.166700,49.833300,0.344123,0.389983,0.334682,0.003015,0.013843,0.016197,0.016197,4,4,0,fixed,4,1,1,0,3.000000,4.000000
2,centralized_dqn,centralized_dqn,0,4,2,30,2,2,3,0.000000,49.833300,2.006690,36,0.612646,29,0,2,0,0.612646,0.644725,0.032079,0.032079,0.612646,0.298497,4,24,1,1,29,15,36,113.000000,74.166700,49.833300,0.884956,1.348314,2.006690,-0.013302,-0.002362,0.003015,0.000000,4,4,0,fixed,4,1,1,0,3.000000,4.000000
2,centralized_dqn,centralized_dqn,0,4,2,31,2,2,3,0.000000,49.833300,2.006690,36,0.612646,29,0,2,0,0.612646,0.644725,0.032079,0.032079,0.612646,0.298497,4,24,1,1,29,15,36,113.000000,74.166700,49.833300,0.884956,1.348314,2.006690,-0.013302,-0.002362,0.003015,0.000000,4,4,0,fixed,4,1,1,0,3.000000,4.000000
2,centralized_dqn,centralized_dqn,0,4,2,32,2,2,3,0.000000,49.833300,2.006690,36,0.612646,29,0,2,0,0.612646,0.644725,0.032079,0.032079,0.612646,0.298497,4,24,1,1,29,15,36,113.000000,74.166700,49.833300,0.884956,1.348314,2.006690,-0.013302,-0.002362,0.003015,0.000000,4,4,0,fixed,4,1,1,0,3.000000,4.000000
2,centralized_dqn,centralized_dqn,0,4,2,33,1,1,1,3.955329,74.166700,1.318443,15,0.612646,29,0,1,0,0.612646,0.644725,0.032079,0.032079,0.612646,0.298497,4,24,1,-1,29,15,36,113.000000,74.166700,49.833300,0.887059,1.094346,1.282809,-0.007595,0.003015,0.007670,0.007670,4,4,0,fixed,4,1,1,0,3.000000,4.000000
2,centralized_dqn,centralized_dqn,0,4,2,34,2,2,3,0.000000,49.833300,2.006690,36,0.612646,29,0,2,0,0.612646,0.644725,0.032079,0.032079,0.612646,0.298497,4,24,1,1,29,15,36,113.000000,74.166700,49.833300,0.884956,1.348314,2.006690,-0.013302,-0.002362,0.003015,0.000000,4,4,0,fixed,4,1,1,0,3.000000,4.000000
2,centralized_dqn,centralized_dqn,0,4,2,35,0,0,2,2.751819,113.000000,0.343977,29,0.612646,29,1,0,0,0.612646,0.644725,0.032079,0.032079,0.612646,0.298497,4,24,1,0,29,15,36,113.000000,74.166700,49.833300,0.344123,0.389983,0.334681,0.003015,0.013843,0.016197,0.016197,4,4,0,fixed,4,1,1,0,3.000000,4.000000
2,centralized_dqn,centralized_dqn,0,4,2,36,0,0,2,2.754036,113.000000,0.344255,29,0.612646,29,0,0,0,0.612646,0.644725,0.032079,0.032079,0.612646,0.298497,4,24,1,0,29,15,36,113.000000,74.166700,49.833300,0.344113,0.389983,0.334950,0.003015,0.013844,0.016209,0.016209,4,4,0,fixed,4,1,1,0,3.000000,4.000000
2,centralized_dqn,centralized_dqn,0,4,2,37,2,2,4,0.000000,49.833300,0.802676,36,0.612646,29,0,2,0,0.612646,0.644725,0.032079,0.032079,0.612646,0.298497,4,24,1,-1,29,15,36,113.000000,74.166700,49.833300,0.353982,0.539326,0.802676,-0.017526,-0.004057,0.003015,0.000000,4,4,0,fixed,4,1,1,0,3.000000,4.000000
2,centralized_dqn,centralized_dqn,0,4,2,38,0,0,2,2.751891,113.000000,0.343986,29,0.612646,29,0,0,0,0.612646,0.644725,0.032079,0.032079,0.612646,0.298497,4,24,1,0,29,15,36,113.000000,74.166700,49.833300,0.344122,0.389983,0.334689,0.003015,0.013843,0.016198,0.016198,4,4,0,fixed,4,1,1,0,3.000000,4.000000
2,centralized_dqn,centralized_dqn,0,4,2,39,2,2,4,0.000000,49.833300,0.802676,36,0.612646,29,0,2,0,0.612646,0.644725,0.032079,0.032079,0.612646,0.298497,4,24,1,-1,29,15,36,113.000000,74.166700,49.833300,0.353982,0.539326,0.802676,-0.017526,-0.004057,0.003015,0.000000,4,4,0,fixed,4,1,1,0,3.000000,4.000000
2,centralized_dqn,centralized_dqn,0,4,2,40,1,1,1,2.591643,74.166700,0.863881,15,0.612646,29,0,1,0,0.612646,0.644725,0.032079,0.032079,0.612646,0.298497,4,24,1,-1,29,15,36,113.000000,74.166700,49.833300,0.887059,1.126814,0.840533,-0.007708,0.003015,0.005586,0.005586,4,4,0,fixed,4,1,1,0,3.000000,4.000000
2,centralized_dqn,centralized_dqn,0,4,2,41,0,0,2,2.751860,113.000000,0.343982,29,0.612646,29,0,0,0,0.612646,0.644725,0.032079,0.032079,0.612646,0.298497,4,24,1,0,29,15,36,113.000000,74.166700,49.833300,0.344122,0.389983,0.334686,0.003015,0.013843,0.016197,0.016197,4,4,0,fixed,4,1,1,0,3.000000,4.000000
2,centralized_dqn,centralized_dqn,0,4,2,42,2,2,4,0.000000,49.833300,0.802676,36,0.612646,29,0,2,0,0.612646,0.644725,0.032079,0.032079,0.612646,0.298497,4,24,1,-1,29,15,36,113.000000,74.166700,49.833300,0.353982,0.539326,0.802676,-0.017526,-0.004057,0.003015,0.000000,4,4,0,fixed,4,1,1,0,3.000000,4.000000
2,centralized_dqn,centralized_dqn,0,4,2,43,1,1,1,4.144465,74.166700,1.381488,15,0.612646,29,0,1,0,0.612646,0.644725,0.032079,0.032079,0.612646,0.298497,4,24,1,-1,29,15,36,113.000000,74.166700,49.833300,0.887059,1.089842,1.344151,-0.007579,0.003015,0.007858,0.007858,4,4,0,fixed,4,1,1,0,3.000000,4.000000
2,centralized_dqn,centralized_dqn,0,4,2,44,2,2,4,0.000000,49.833300,0.802676,36,0.612646,29,0,2,0,0.612646,0.644725,0.032079,0.032079,0.612646,0.298497,4,24,1,-1,29,15,36,113.000000,74.166700,49.833300,0.353982,0.539326,0.802676,-0.017526,-0.004057,0.003015,0.000000,4,4,0,fixed,4,1,1,0,3.000000,4.000000
2,centralized_dqn,centralized_dqn,0,4,2,45,0,0,2,2.751955,113.000000,0.343994,29,0.612646,29,0,0,0,0.612646,0.644725,0.032079,0.032079,0.612646,0.298497,4,24,1,0,29,15,36,113.000000,74.166700,49.833300,0.344122,0.389983,0.334697,0.003015,0.013843,0.016198,0.016198,4,4,0,fixed,4,1,1,0,3.000000,4.000000
2,centralized_dqn,centralized_dqn,0,4,2,46,1,1,1,3.922144,74.166700,1.307381,15,0.612646,29,0,1,0,0.612646,0.644725,0.032079,0.032079,0.612646,0.298497,4,24,1,-1,29,15,36,113.000000,74.166700,49.833300,0.887059,1.095136,1.272047,-0.007598,0.003015,0.007635,0.007635,4,4,0,fixed,4,1,1,0,3.000000,4.000000
2,centralized_dqn,centralized_dqn,0,4,2,47,2,2,3,0.000000,49.833300,2.006690,36,0.612646,29,0,2,0,0.612646,0.644725,0.032079,0.032079,0.612646,0.298497,4,24,1,1,29,15,36,113.000000,74.166700,49.833300,0.884956,1.348314,2.006690,-0.013302,-0.002362,0.003015,0.000000,4,4,0,fixed,4,1,1,0,3.000000,4.000000
2,centralized_dqn,centralized_dqn,0,4,2,48,2,2,4,0.000000,49.833300,0.802676,36,0.612646,29,0,2,0,0.612646,0.644725,0.032079,0.032079,0.612646,0.298497,4,24,1,-1,29,15,36,113.000000,74.166700,49.833300,0.353982,0.539326,0.802676,-0.017526,-0.004057,0.003015,0.000000,4,4,0,fixed,4,1,1,0,3.000000,4.000000
2,centralized_dqn,centralized_dqn,0,4,2,49,0,0,2,2.754035,113.000000,0.344254,29,0.612646,29,0,0,0,0.612646,0.644725,0.032079,0.032079,0.612646,0.298497,4,24,1,0,29,15,36,113.000000,74.166700,49.833300,0.344113,0.389983,0.334950,0.003015,0.013844,0.016209,0.016209,4,4,0,fixed,4,1,1,0,3.000000,4.000000
2,centralized_dqn,centralized_dqn,0,4,2,50,2,2,3,0.000000,49.833300,2.006690,36,0.612646,29,0,2,0,0.612646,0.644725,0.032079,0.032079,0.612646,0.298497,4,24,1,1,29,15,36,113.000000,74.166700,49.833300,0.884956,1.348314,2.006690,-0.013302,-0.002362,0.003015,0.000000,4,4,0,fixed,4,1,1,0,3.000000,4.000000
2,centralized_dqn,centralized_dqn,0,4,2,51,1,1,1,2.542375,74.166700,0.847458,15,0.612646,29,0,1,0,0.612646,0.644725,0.032079,0.032079,0.612646,0.298497,4,24,1,-1,29,15,36,113.000000,74.166700,49.833300,0.887059,1.127987,0.824554,-0.007711,0.003015,0.005472,0.005472,4,4,0,fixed,4,1,1,0,3.000000,4.000000
2,centralized_dqn,centralized_dqn,0,4,2,52,0,0,2,2.751944,113.000000,0.343993,29,0.612646,29,0,0,0,0.612646,0.644725,0.032079,0.032079,0.612646,0.298497,4,24,1,0,29,15,36,113.000000,74.166700,49.833300,0.344122,0.389983,0.334696,0.003015,0.013843,0.016198,0.016198,4,4,0,fixed,4,1,1,0,3.000000,4.000000
2,centralized_dqn,centralized_dqn,0,4,2,53,2,2,3,0.000000,49.833300,2.006690,36,0.612646,29,0,2,0,0.612646,0.644725,0.032079,0.032079,0.612646,0.298497,4,24,1,1,29,15,36,113.000000,74.166700,49.833300,0.884956,1.348314,2.006690,-0.013302,-0.002362,0.003015,0.000000,4,4,0,fixed,4,1,1,0,3.000000,4.000000
2,centralized_dqn,centralized_dqn,0,4,2,54,2,2,3,0.000000,49.833300,2.006690,36,0.612646,29,0,2,0,0.612646,0.644725,0.032079,0.032079,0.612646,0.298497,4,24,1,1,29,15,36,113.000000,74.166700,49.833300,0.884956,1.348314,2.006690,-0.013302,-0.002362,0.003015,0.000000,4,4,0,fixed,4,1,1,0,3.000000,4.000000
2,centralized_dqn,centralized_dqn,0,4,2,55,2,2,3,0.000000,49.833300,2.006690,36,0.612646,29,0,2,0,0.612646,0.644725,0.032079,0.032079,0.612646,0.298497,4,24,1,1,29,15,36,113.000000,74.166700,49.833300,0.884956,1.348314,2.006690,-0.013302,-0.002362,0.003015,0.000000,4,4,0,fixed,4,1,1,0,3.000000,4.000000
2,centralized_dqn,centralized_dqn,0,4,2,56,2,2,3,0.000000,49.833300,2.006690,36,0.612646,29,0,2,0,0.612646,0.644725,0.032079,0.032079,0.612646,0.298497,4,24,1,1,29,15,36,113.000000,74.166700,49.833300,0.884956,1.348314,2.006690,-0.013302,-0.002362,0.003015,0.000000,4,4,0,fixed,4,1,1,0,3.000000,4.000000
2,centralized_dqn,centralized_dqn,0,4,2,57,0,0,2,2.751955,113.000000,0.343994,29,0.612646,29,0,0,0,0.612646,0.644725,0.032079,0.032079,0.612646,0.298497,4,24,1,0,29,15,36,113.000000,74.166700,49.833300,0.344122,0.389983,0.334697,0.003015,0.013843,0.016198,0.016198,4,4,0,fixed,4,1,1,0,3.000000,4.000000
2,centralized_dqn,centralized_dqn,0,4,2,58,1,1,1,2.665766,74.166700,0.888589,15,0.612646,29,0,1,0,0.612646,0.644725,0.032079,0.032079,0.612646,0.298497,4,24,1,-1,29,15,36,113.000000,74.166700,49.833300,0.887059,1.125050,0.864573,-0.007702,0.003015,0.005750,0.005750,4,4,0,fixed,4,1,1,0,3.000000,4.000000
2,centralized_dqn,centralized_dqn,0,4,2,59,0,0,2,2.754099,113.000000,0.344262,29,0.612646,29,0,0,0,0.612646,0.644725,0.032079,0.032079,0.612646,0.298497,4,24,1,0,29,15,36,113.000000,74.166700,49.833300,0.344112,0.389983,0.334958,0.003015,0.013844,0.016210,0.016210,4,4,0,fixed,4,1,1,0,3.000000,4.000000
2,centralized_dqn,centralized_dqn,0,4,2,60,0,0,2,2.754042,113.000000,0.344255,29,0.612646,29,0,0,0,0.612646,0.644725,0.032079,0.032079,0.612646,0.298497,4,24,1,0,29,15,36,113.000000,74.166700,49.833300,0.344113,0.389983,0.334951,0.003015,0.013844,0.016209,0.016209,4,4,0,fixed,4,1,1,0,3.000000,4.000000
2,centralized_dqn,centralized_dqn,0,4,2,61,2,2,4,0.000000,49.833300,0.802676,36,0.612646,29,0,2,0,0.612646,0.644725,0.032079,0.032079,0.612646,0.298497,4,24,1,-1,29,15,36,113.000000,74.166700,49.833300,0.353982,0.539326,0.802676,-0.017526,-0.004057,0.003015,0.000000,4,4,0,fixed,4,1,1,0,3.000000,4.000000
2,centralized_dqn,centralized_dqn,0,4,2,62,0,0,2,2.754064,113.000000,0.344258,29,0.612646,29,0,0,0,0.612646,0.644725,0.032079,0.032079,0.612646,0.298497,4,24,1,0,29,15,36,113.000000,74.166700,49.833300,0.344113,0.389983,0.334954,0.003015,0.013844,0.016210,0.016210,4,4,0,fixed,4,1,1,0,3.000000,4.000000
2,centralized_dqn,centralized_dqn,0,4,2,63,2,2,4,0.000000,49.833300,0.802676,36,0.612646,29,0,2,0,0.612646,0.644725,0.032079,0.032079,0.612646,0.298497,4,24,1,-1,29,15,36,113.000000,74.166700,49.833300,0.353982,0.539326,0.802676,-0.017526,-0.004057,0.003015,0.000000,4,4,0,fixed,4,1,1,0,3.000000,4.000000
2,centralized_dqn,centralized_dqn,0,4,2,64,2,2,4,0.000000,49.833300,0.802676,36,0.612646,29,0,2,0,0.612646,0.644725,0.032079,0.032079,0.612646,0.298497,4,24,1,-1,29,15,36,113.000000,74.166700,49.833300,0.353982,0.539326,0.802676,-0.017526,-0.004057,0.003015,0.000000,4,4,0,fixed,4,1,1,0,3.000000,4.000000
2,centralized_dqn,centralized_dqn,0,4,2,65,1,1,1,2.689529,74.166700,0.896510,15,0.612646,29,0,1,0,0.612646,0.644725,0.032079,0.032079,0.612646,0.298497,4,24,1,-1,29,15,36,113.000000,74.166700,49.833300,0.887059,1.124484,0.872280,-0.007700,0.003015,0.005801,0.005801,4,4,0,fixed,4,1,1,0,3.000000,4.000000
2,centralized_dqn,centralized_dqn,0,4,2,66,2,2,4,0.000000,49.833300,0.802676,36,0.612646,29,0,2,0,0.612646,0.644725,0.032079,0.032079,0.612646,0.298497,4,24,1,-1,29,15,36,113.000000,74.166700,49.833300,0.353982,0.539326,0.802676,-0.017526,-0.004057,0.003015,0.000000,4,4,0,fixed,4,1,1,0,3.000000,4.000000
2,centralized_dqn,centralized_dqn,0,4,2,67,2,2,3,0.000000,49.833300,2.006690,36,0.612646,29,0,2,0,0.612646,0.644725,0.032079,0.032079,0.612646,0.298497,4,24,1,1,29,15,36,113.000000,74.166700,49.833300,0.884956,1.348314,2.006690,-0.013302,-0.002362,0.003015,0.000000,4,4,0,fixed,4,1,1,0,3.000000,4.000000
2,centralized_dqn,centralized_dqn,0,4,2,68,1,1,1,2.706676,74.166700,0.902225,15,0.612646,29,0,1,0,0.612646,0.644725,0.032079,0.032079,0.612646,0.298497,4,24,1,-1,29,15,36,113.000000,74.166700,49.833300,0.887059,1.124075,0.877841,-0.007698,0.003015,0.005837,0.005837,4,4,0,fixed,4,1,1,0,3.000000,4.000000
2,centralized_dqn,centralized_dqn,0,4,2,69,2,2,4,0.000000,49.833300,0.802676,36,0.612646,29,0,2,0,0.612646,0.644725,0.032079,0.032079,0.612646,0.298497,4,24,1,-1,29,15,36,113.000000,74.166700,49.833300,0.353982,0.539326,0.802676,-0.017526,-0.004057,0.003015,0.000000,4,4,0,fixed,4,1,1,0,3.000000,4.000000
2,centralized_dqn,centralized_dqn,0,4,2,70,0,0,2,2.754070,113.000000,0.344259,29,0.612646,29,0,0,0,0.612646,0.644725,0.032079,0.032079,0.612646,0.298497,4,24,1,0,29,15,36,113.000000,74.166700,49.833300,0.344113,0.389983,0.334954,0.003015,0.013844,0.016210,0.016210,4,4,0,fixed,4,1,1,0,3.000000,4.000000
2,centralized_dqn,centralized_dqn,0,4,2,71,0,0,2,2.754063,113.000000,0.344258,29,0.612646,29,0,0,0,0.612646,0.644725,0.032079,0.032079,0.612646,0.298497,4,24,1,0,29,15,36,113.000000,74.166700,49.833300,0.344113,0.389983,0.334954,0.003015,0.013844,0.016210,0.016210,4,4,0,fixed,4,1,1,0,3.000000,4.000000
2,centralized_dqn,centralized_dqn,0,4,2,72,1,1,1,4.080644,74.166700,1.360215,15,0.612646,29,0,1,0,0.612646,0.644725,0.032079,0.032079,0.612646,0.298497,4,24,1,-1,29,15,36,113.000000,74.166700,49.833300,0.887059,1.091362,1.323452,-0.007584,0.003015,0.007796,0.007796,4,4,0,fixed,4,1,1,0,3.000000,4.000000
2,centralized_dqn,centralized_dqn,0,4,2,73,1,1,1,2.733781,74.166700,0.911260,15,0.612646,29,0,1,0,0.612646,0.644725,0.032079,0.032079,0.612646,0.298497,4,24,1,-1,29,15,36,113.000000,74.166700,49.833300,0.887059,1.123430,0.886632,-0.007696,0.003015,0.005894,0.005894,4,4,0,fixed,4,1,1,0,3.000000,4.000000
2,centralized_dqn,centralized_dqn,0,4,2,74,0,0,2,2.754047,113.000000,0.344256,29,0.612646,29,0,0,0,0.612646,0.644725,0.032079,0.032079,0.612646,0.298497,4,24,1,0,29,15,36,113.000000,74.166700,49.833300,0.344113,0.389983,0.334952,0.003015,0.013844,0.016209,0.016209,4,4,0,fixed,4,1,1,0,3.000000,4.000000
2,centralized_dqn,centralized_dqn,0,4,2,75,2,2,3,0.000000,49.833300,2.006690,36,0.612646,29,0,2,0,0.612646,0.644725,0.032079,0.032079,0.612646,0.298497,4,24,1,1,29,15,36,113.000000,74.166700,49.833300,0.884956,1.348314,2.006690,-0.013302,-0.002362,0.003015,0.000000,4,4,0,fixed,4,1,1,0,3.000000,4.000000
2,centralized_dqn,centralized_dqn,0,4,2,76,0,0,2,2.754070,113.000000,0.344259,29,0.612646,29,0,0,0,0.612646,0.644725,0.032079,0.032079,0.612646,0.298497,4,24,1,0,29,15,36,113.000000,74.166700,49.833300,0.344113,0.389983,0.334954,0.003015,0.013844,0.016210,0.016210,4,4,0,fixed,4,1,1,0,3.000000,4.000000
2,centralized_dqn,centralized_dqn,0,4,2,77,0,0,2,2.754129,113.000000,0.344266,29,0.612646,29,0,0,0,0.612646,0.644725,0.032079,0.032079,0.612646,0.298497,4,24,1,0,29,15,36,113.000000,74.166700,49.833300,0.344112,0.389983,0.334962,0.003015,0.013844,0.016210,0.016210,4,4,0,fixed,4,1,1,0,3.000000,4.000000
2,centralized_dqn,centralized_dqn,0,4,2,78,2,2,4,0.000000,49.833300,0.802676,36,0.612646,29,0,2,0,0.612646,0.644725,0.032079,0.032079,0.612646,0.298497,4,24,1,-1,29,15,36,113.000000,74.166700,49.833300,0.353982,0.539326,0.802676,-0.017526,-0.004057,0.003015,0.000000,4,4,0,fixed,4,1,1,0,3.000000,4.000000
2,centralized_dqn,centralized_dqn,0,4,2,79,0,0,2,2.754028,113.000000,0.344254,29,0.612646,29,0,0,0,0.612646,0.644725,0.032079,0.032079,0.612646,0.298497,4,24,1,0,29,15,36,113.000000,74.166700,49.833300,0.344113,0.389983,0.334949,0.003015,0.013844,0.016209,0.016209,4,4,0,fixed,4,1,1,0,3.000000,4.000000
2,centralized_dqn,centralized_dqn,0,4,2,80,2,2,3,0.000000,49.833300,2.006690,36,0.612646,29,0,2,0,0.612646,0.644725,0.032079,0.032079,0.612646,0.298497,4,24,1,1,29,15,36,113.000000,74.166700,49.833300,0.884956,1.348314,2.006690,-0.013302,-0.002362,0.003015,0.000000,4,4,0,fixed,4,1,1,0,3.000000,4.000000
2,centralized_dqn,centralized_dqn,0,4,3,1,2,2,3,0.000000,18.333300,5.454555,36,0.623368,29,0,2,0,0.623368,0.672177,0.048809,0.048809,0.623368,0.010722,4,19,1,1,25,19,36,113.000000,73.333300,18.333300,0.884956,1.363637,5.454555,-0.015997,-0.015674,0.000349,0.000000,4,4,0,fixed,4,1,1,0,3.000000,4.000000
2,centralized_dqn,centralized_dqn,0,4,3,2,1,1,1,2.471501,73.333300,0.823834,19,0.623368,29,0,1,0,0.623368,0.672177,0.048809,0.048809,0.623368,0.010722,4,19,1,-1,25,19,36,113.000000,73.333300,18.333300,1.023503,0.803512,0.801568,0.002931,0.000349,0.014083,0.014083,4,4,0,fixed,4,1,1,0,3.000000,4.000000
2,centralized_dqn,centralized_dqn,0,4,3,3,2,2,4,0.000000,18.333300,2.181822,36,0.623368,29,0,2,0,0.623368,0.672177,0.048809,0.048809,0.623368,0.010722,4,19,1,-1,25,19,36,113.000000,73.333300,18.333300,0.353982,0.545455,2.181822,-0.022475,-0.019459,0.000349,0.000000,4,4,0,fixed,4,1,1,0,3.000000,4.000000
2,centralized_dqn,centralized_dqn,0,4,3,4,1,1,1,2.470857,73.333300,0.823619,19,0.623368,29,0,1,0,0.623368,0.672177,0.048809,0.048809,0.623368,0.010722,4,19,1,-1,25,19,36,113.000000,73.333300,18.333300,1.023503,0.803528,0.801359,0.002931,0.000349,0.014081,0.014081,4,4,0,fixed,4,1,1,0,3.000000,4.000000
2,centralized_dqn,centralized_dqn,0,4,3,5,2,2,4,0.000000,18.333300,2.181822,36,0.623368,29,0,2,0,0.623368,0.672177,0.048809,0.048809,0.623368,0.010722,4,19,1,-1,25,19,36,113.000000,73.333300,18.333300,0.353982,0.545455,2.181822,-0.022475,-0.019459,0.000349,0.000000,4,4,0,fixed,4,1,1,0,3.000000,4.000000
2,centralized_dqn,centralized_dqn,0,4,3,6,2,2,4,0.000000,18.333300,2.181822,36,0.623368,29,0,2,0,0.623368,0.672177,0.048809,0.048809,0.623368,0.010722,4,19,1,-1,25,19,36,113.000000,73.333300,18.333300,0.353982,0.545455,2.181822,-0.022475,-0.019459,0.000349,0.000000,4,4,0,fixed,4,1,1,0,3.000000,4.000000
2,centralized_dqn,centralized_dqn,0,4,3,7,1,1,2,0.910399,73.333300,0.113800,19,0.623368,29,0,1,0,0.623368,0.672177,0.048809,0.048809,0.623368,0.010722,4,19,1,0,25,19,36,113.000000,73.333300,18.333300,0.383814,0.113708,0.110724,0.031241,0.000349,0.010892,0.031241,4,4,0,fixed,4,1,1,0,3.000000,4.000000
2,centralized_dqn,centralized_dqn,0,4,3,8,1,1,2,0.907116,73.333300,0.113389,19,0.623368,29,1,1,0,0.623368,0.672177,0.048809,0.048809,0.623368,0.010722,4,19,1,0,25,19,36,113.000000,73.333300,18.333300,0.383814,0.113844,0.110325,0.031187,0.000349,0.010678,0.031187,4,4,0,fixed,4,1,1,0,3.000000,4.000000
2,centralized_dqn,centralized_dqn,0,4,3,9,0,0,2,3.168217,113.000000,0.396027,25,0.623368,29,0,0,0,0.623368,0.672177,0.048809,0.048809,0.623368,0.010722,4,19,1,0,25,19,36,113.000000,73.333300,18.333300,0.399297,0.108044,0.385324,0.000349,-0.032706,0.011809,0.011809,4,4,0,fixed,4,1,1,0,3.000000,4.000000
2,centralized_dqn,centralized_dqn,0,4,3,10,1,1,2,0.910375,73.333300,0.113797,19,0.623368,29,0,1,0,0.623368,0.672177,0.048809,0.048809,0.623368,0.010722,4,19,1,0,25,19,36,113.000000,73.333300,18.333300,0.383814,0.113709,0.110721,0.031241,0.000349,0.010891,0.031241,4,4,0,fixed,4,1,1,0,3.000000,4.000000
2,centralized_dqn,centralized_dqn,0,4,3,11,2,2,3,0.000000,18.333300,5.454555,36,0.623368,29,0,2,0,0.623368,0.672177,0.048809,0.048809,0.623368,0.010722,4,19,1,1,25,19,36,113.000000,73.333300,18.333300,0.884956,1.363637,5.454555,-0.015997,-0.015674,0.000349,0.000000,4,4,0,fixed,4,1,1,0,3.000000,4.000000
2,centralized_dqn,centralized_dqn,0,4,3,12,1,1,2,0.911492,73.333300,0.113936,19,0.623368,29,0,1,0,0.623368,0.672177,0.048809,0.048809,0.623368,0.010722,4,19,1,0,25,19,36,113.000000,73.333300,18.333300,0.383814,0.113662,0.110857,0.031259,0.000349,0.010964,0.031259,4,4,0,fixed,4,1,1,0,3.000000,4.000000
2,centralized_dqn,centralized_dqn,0,4,3,13,2,2,3,0.000000,18.333300,5.454555,36,0.623368,29,0,2,0,0.623368,0.672177,0.048809,0.048809,0.623368,0.010722,4,19,1,1,25,19,36,113.000000,73.333300,18.333300,0.884956,1.363637,5.454555,-0.015997,-0.015674,0.000349,0.000000,4,4,0,fixed,4,1,1,0,3.000000,4.000000
2,centralized_dqn,centralized_dqn,0,4,3,14,2,2,4,0.000000,18.333300,2.181822,36,0.623368,29,0,2,0,0.623368,0.672177,0.048809,0.048809,0.623368,0.010722,4,19,1,-1,25,19,36,113.000000,73.333300,18.333300,0.353982,0.545455,2.181822,-0.022475,-0.019459,0.000349,0.000000,4,4,0,fixed,4,1,1,0,3.000000,4.000000
2,centralized_dqn,centralized_dqn,0,4,3,15,0,0,2,3.296132,113.000000,0.412016,25,0.623368,29,0,0,0,0.623368,0.672177,0.048809,0.048809,0.623368,0.010722,4,19,1,0,25,19,36,113.000000,73.333300,18.333300,0.398631,0.108044,0.400881,0.000349,-0.032689,0.012338,0.012338,4,4,0,fixed,4,1,1,0,3.000000,4.000000
2,centralized_dqn,centralized_dqn,0,4,3,16,0,0,2,3.170592,113.000000,0.396324,25,0.623368,29,0,0,0,0.623368,0.672177,0.048809,0.048809,0.623368,0.010722,4,19,1,0,25,19,36,113.000000,73.333300,18.333300,0.399285,0.108044,0.385613,0.000349,-0.032706,0.011819,0.011819,4,4,0,fixed,4,1,1,0,3.000000,4.000000
2,centralized_dqn,centralized_dqn,0,4,3,17,0,0,2,3.170628,113.000000,0.396328,25,0.623368,29,0,0,0,0.623368,0.672177,0.048809,0.048809,0.623368,0.010722,4,19,1,0,25,19,36,113.000000,73.333300,18.333300,0.399285,0.108044,0.385617,0.000349,-0.032706,0.011820,0.011820,4,4,0,fixed,4,1,1,0,3.000000,4.000000
2,centralized_dqn,centralized_dqn,0,4,3,18,2,2,4,0.000000,18.333300,2.181822,36,0.623368,29,0,2,0,0.623368,0.672177,0.048809,0.048809,0.623368,0.010722,4,19,1,-1,25,19,36,113.000000,73.333300,18.333300,0.353982,0.545455,2.181822,-0.022475,-0.019459,0.000349,0.000000,4,4,0,fixed,4,1,1,0,3.000000,4.000000
2,centralized_dqn,centralized_dqn,0,4,3,19,2,2,3,0.000000,18.333300,5.454555,36,0.623368,29,0,2,0,0.623368,0.672177,0.048809,0.048809,0.623368,0.010722,4,19,1,1,25,19,36,113.000000,73.333300,18.333300,0.884956,1.363637,5.454555,-0.015997,-0.015674,0.000349,0.000000,4,4,0,fixed,4,1,1,0,3.000000,4.000000
2,centralized_dqn,centralized_dqn,0,4,3,20,1,1,1,2.302180,73.333300,0.767393,19,0.623368,29,0,1,0,0.623368,0.672177,0.048809,0.048809,0.623368,0.010722,4,19,1,-1,25,19,36,113.000000,73.333300,18.333300,1.023503,0.807544,0.746653,0.002902,0.000349,0.013587,0.013587,4,4,0,fixed,4,1,1,0,3.000000,4.000000
2,centralized_dqn,centralized_dqn,0,4,3,21,2,2,4,0.000000,18.333300,2.181822,36,0.623368,29,0,2,0,0.623368,0.672177,0.048809,0.048809,0.623368,0.010722,4,19,1,-1,25,19,36,113.000000,73.333300,18.333300,0.353982,0.545455,2.181822,-0.022475,-0.019459,0.000349,0.000000,4,4,0,fixed,4,1,1,0,3.000000,4.000000
2,centralized_dqn,centralized_dqn,0,4,3,22,0,0,2,3.170587,113.000000,0.396323,25,0.623368,29,0,0,0,0.623368,0.672177,0.048809,0.048809,0.623368,0.010722,4,19,1,0,25,19,36,113.000000,73.333300,18.333300,0.399285,0.108044,0.385612,0.000349,-0.032706,0.011819,0.011819,4,4,0,fixed,4,1,1,0,3.000000,4.000000
2,centralized_dqn,centralized_dqn,0,4,3,23,0,0,2,3.169465,113.000000,0.396183,25,0.623368,29,0,0,0,0.623368,0.672177,0.048809,0.048809,0.623368,0.010722,4,19,1,0,25,19,36,113.000000,73.333300,18.333300,0.399291,0.108044,0.385475,0.000349,-0.032706,0.011815,0.011815,4,4,0,fixed,4,1,1,0,3.000000,4.000000
2,centralized_dqn,centralized_dqn,0,4,3,24,2,2,4,0.000000,18.333300,2.181822,36,0.623368,29,0,2,0,0.623368,0.672177,0.048809,0.048809,0.623368,0.010722,4,19,1,-1,25,19,36,113.000000,73.333300,18.333300,0.353982,0.545455,2.181822,-0.022475,-0.019459,0.000349,0.000000,4,4,0,fixed,4,1,1,0,3.000000,4.000000
2,centralized_dqn,centralized_dqn,0,4,3,25,1,1,1,2.476389,73.333300,0.825463,19,0.623368,29,0,1,0,0.623368,0.672177,0.048809,0.048809,0.623368,0.010722,4,19,1,-1,25,19,36,113.000000,73.333300,18.333300,1.023503,0.803396,0.803153,0.002932,0.000349,0.014096,0.014096,4,4,0,fixed,4,1,1,0,3.000000,4.000000
2,centralized_dqn,centralized_dqn,0,4,3,26,0,0,2,3.169489,113.000000,0.396186,25,0.623368,29,0,0,0,0.623368,0.672177,0.048809,0.048809,0.623368,0.010722,4,19,1,0,25,19,36,113.000000,73.333300,18.333300,0.399291,0.108044,0.385478,0.000349,-0.032706,0.011815,0.011815,4,4,0,fixed,4,1,1,0,3.000000,4.000000
2,centralized_dqn,centralized_dqn,0,4,3,27,1,1,1,2.512997,73.333300,0.837666,19,0.623368,29,0,1,0,0.623368,0.672177,0.048809,0.048809,0.623368,0.010722,4,19,1,-1,25,19,36,113.000000,73.333300,18.333300,1.023503,0.802524,0.815026,0.002938,0.000349,0.014195,0.014195,4,4,0,fixed,4,1,1,0,3.000000,4.000000
2,centralized_dqn,centralized_dqn,0,4,3,28,2,2,4,0.000000,18.333300,2.181822,36,0.623368,29,0,2,0,0.623368,0.672177,0.048809,0.048809,0.623368,0.010722,4,19,1,-1,25,19,36,113.000000,73.333300,18.333300,0.353982,0.545455,2.181822,-0.022475,-0.019459,0.000349,0.000000,4,4,0,fixed,4,1,1,0,3.000000,4.000000
2,centralized_dqn,centralized_dqn,0,4,3,29,0,0,2,3.166132,113.000000,0.395766,25,0.623368,29,0,0,0,0.623368,0.672177,0.048809,0.048809,0.623368,0.010722,4,19,1,0,25,19,36,113.000000,73.333300,18.333300,0.399308,0.108044,0.385070,0.000349,-0.032707,0.011800,0.011800,4,4,0,fixed,4,1,1,0,3.000000,4.000000
2,centralized_dqn,centralized_dqn,0,4,3,30,2,2,3,0.000000,18.333300,5.454555,36,0.623368,29,0,2,0,0.623368,0.672177,0.048809,0.048809,0.623368,0.010722,4,19,1,1,25,19,36,113.000000,73.333300,18.333300,0.884956,1.363637,5.454555,-0.015997,-0.015674,0.000349,0.000000,4,4,0,fixed,4,1,1,0,3.000000,4.000000
2,centralized_dqn,centralized_dqn,0,4,3,31,2,2,3,0.000000,18.333300,5.454555,36,0.623368,29,0,2,0,0.623368,0.672177,0.048809,0.048809,0.623368,0.010722,4,19,1,1,25,19,36,113.000000,73.333300,18.333300,0.884956,1.363637,5.454555,-0.015997,-0.015674,0.000349,0.000000,4,4,0,fixed,4,1,1,0,3.000000,4.000000
2,centralized_dqn,centralized_dqn,0,4,3,32,2,2,3,0.000000,18.333300,5.454555,36,0.623368,29,0,2,0,0.623368,0.672177,0.048809,0.048809,0.623368,0.010722,4,19,1,1,25,19,36,113.000000,73.333300,18.333300,0.884956,1.363637,5.454555,-0.015997,-0.015674,0.000349,0.000000,4,4,0,fixed,4,1,1,0,3.000000,4.000000
2,centralized_dqn,centralized_dqn,0,4,3,33,1,1,1,2.406171,73.333300,0.802057,19,0.623368,29,0,1,0,0.623368,0.672177,0.048809,0.048809,0.623368,0.010722,4,19,1,-1,25,19,36,113.000000,73.333300,18.333300,1.023503,0.805068,0.780380,0.002920,0.000349,0.013899,0.013899,4,4,0,fixed,4,1,1,0,3.000000,4.000000
2,centralized_dqn,centralized_dqn,0,4,3,34,2,2,3,0.000000,18.333300,5.454555,36,0.623368,29,0,2,0,0.623368,0.672177,0.048809,0.048809,0.623368,0.010722,4,19,1,1,25,19,36,113.000000,73.333300,18.333300,0.884956,1.363637,5.454555,-0.015997,-0.015674,0.000349,0.000000,4,4,0,fixed,4,1,1,0,3.000000,4.000000
2,centralized_dqn,centralized_dqn,0,4,3,35,0,0,2,3.166109,113.000000,0.395764,25,0.623368,29,0,0,0,0.623368,0.672177,0.048809,0.048809,0.623368,0.010722,4,19,1,0,25,19,36,113.000000,73.333300,18.333300,0.399308,0.108044,0.385067,0.000349,-0.032707,0.011800,0.011800,4,4,0,fixed,4,1,1,0,3.000000,4.000000
2,centralized_dqn,centralized_dqn,0,4,3,36,0,0,2,3.291729,113.000000,0.411466,25,0.623368,29,0,0,0,0.623368,0.672177,0.048809,0.048809,0.623368,0.010722,4,19,1,0,25,19,36,113.000000,73.333300,18.333300,0.398654,0.108044,0.400345,0.000349,-0.032689,0.012320,0.012320,4,4,0,fixed,4,1,1,0,3.000000,4.000000
2,centralized_dqn,centralized_dqn,0,4,3,37,2,2,4,0.000000,18.333300,2.181822,36,0.623368,29,0,2,0,0.623368,0.672177,0.048809,0.048809,0.623368,0.010722,4,19,1,-1,25,19,36,113.000000,73.333300,18.333300,0.353982,0.545455,2.181822,-0.022475,-0.019459,0.000349,0.000000,4,4,0,fixed,4,1,1,0,3.000000,4.000000
2,centralized_dqn,centralized_dqn,0,4,3,38,0,0,2,3.169446,113.000000,0.396181,25,0.623368,29,0,0,0,0.623368,0.672177,0.048809,0.048809,0.623368,0.010722,4,19,1,0,25,19,36,113.000000,73.333300,18.333300,0.399291,0.108044,0.385473,0.000349,-0.032706,0.011815,0.011815,4,4,0,fixed,4,1,1,0,3.000000,4.000000
2,centralized_dqn,centralized_dqn,0,4,3,39,2,2,4,0.000000,18.333300,2.181822,36,0.623368,29,0,2,0,0.623368,0.672177,0.048809,0.048809,0.623368,0.010722,4,19,1,-1,25,19,36,113.000000,73.333300,18.333300,0.353982,0.545455,2.181822,-0.022475,-0.019459,0.000349,0.000000,4,4,0,fixed,4,1,1,0,3.000000,4.000000
2,centralized_dqn,centralized_dqn,0,4,3,40,1,1,1,2.411167,73.333300,0.803722,19,0.623368,29,0,1,0,0.623368,0.672177,0.048809,0.048809,0.623368,0.010722,4,19,1,-1,25,19,36,113.000000,73.333300,18.333300,1.023503,0.804949,0.782000,0.002920,0.000349,0.013914,0.013914,4,4,0,fixed,4,1,1,0,3.000000,4.000000
2,centralized_dqn,centralized_dqn,0,4,3,41,0,0,2,3.168365,113.000000,0.396046,25,0.623368,29,0,0,0,0.623368,0.672177,0.048809,0.048809,0.623368,0.010722,4,19,1,0,25,19,36,113.000000,73.333300,18.333300,0.399296,0.108044,0.385342,0.000349,-0.032706,0.011810,0.011810,4,4,0,fixed,4,1,1,0,3.000000,4.000000
2,centralized_dqn,centralized_dqn,0,4,3,42,2,2,4,0.000000,18.333300,2.181822,36,0.623368,29,0,2,0,0.623368,0.672177,0.048809,0.048809,0.623368,0.010722,4,19,1,-1,25,19,36,113.000000,73.333300,18.333300,0.353982,0.545455,2.181822,-0.022475,-0.019459,0.000349,0.000000,4,4,0,fixed,4,1,1,0,3.000000,4.000000
2,centralized_dqn,centralized_dqn,0,4,3,43,1,1,1,2.449945,73.333300,0.816648,19,0.623368,29,0,1,0,0.623368,0.672177,0.048809,0.048809,0.623368,0.010722,4,19,1,-1,25,19,36,113.000000,73.333300,18.333300,1.023503,0.804026,0.794577,0.002927,0.000349,0.014023,0.014023,4,4,0,fixed,4,1,1,0,3.000000,4.000000
2,centralized_dqn,centralized_dqn,0,4,3,44,2,2,4,0.000000,18.333300,2.181822,36,0.623368,29,0,2,0,0.623368,0.672177,0.048809,0.048809,0.623368,0.010722,4,19,1,-1,25,19,36,113.000000,73.333300,18.333300,0.353982,0.545455,2.181822,-0.022475,-0.019459,0.000349,0.000000,4,4,0,fixed,4,1,1,0,3.000000,4.000000
2,centralized_dqn,centralized_dqn,0,4,3,45,0,0,2,3.168359,113.000000,0.396045,25,0.623368,29,0,0,0,0.623368,0.672177,0.048809,0.048809,0.623368,0.010722,4,19,1,0,25,19,36,113.000000,73.333300,18.333300,0.399296,0.108044,0.385341,0.000349,-0.032706,0.011810,0.011810,4,4,0,fixed,4,1,1,0,3.000000,4.000000
2,centralized_dqn,centralized_dqn,0,4,3,46,1,1,1,2.520183,73.333300,0.840061,19,0.623368,29,0,1,0,0.623368,0.672177,0.048809,0.048809,0.623368,0.010722,4,19,1,-1,25,19,36,113.000000,73.333300,18.333300,1.023503,0.802353,0.817357,0.002939,0.000349,0.014214,0.014214,4,4,0,fixed,4,1,1,0,3.000000,4.000000
2,centralized_dqn,centralized_dqn,0,4,3,47,2,2,3,0.000000,18.333300,5.454555,36,0.623368,29,0,2,0,0.623368,0.672177,0.048809,0.048809,0.623368,0.010722,4,19,1,1,25,19,36,113.000000,73.333300,18.333300,0.884956,1.363637,5.454555,-0.015997,-0.015674,0.000349,0.000000,4,4,0,fixed,4,1,1,0,3.000000,4.000000
2,centralized_dqn,centralized_dqn,0,4,3,48,2,2,4,0.000000,18.333300,2.181822,36,0.623368,29,0,2,0,0.623368,0.672177,0.048809,0.048809,0.623368,0.010722,4,19,1,-1,25,19,36,113.000000,73.333300,18.333300,0.353982,0.545455,2.181822,-0.022475,-0.019459,0.000349,0.000000,4,4,0,fixed,4,1,1,0,3.000000,4.000000
2,centralized_dqn,centralized_dqn,0,4,3,49,0,0,2,3.293986,113.000000,0.411748,25,0.623368,29,0,0,0,0.623368,0.672177,0.048809,0.048809,0.623368,0.010722,4,19,1,0,25,19,36,113.000000,73.333300,18.333300,0.398642,0.108044,0.400620,0.000349,-0.032689,0.012329,0.012329,4,4,0,fixed,4,1,1,0,3.000000,4.000000
2,centralized_dqn,centralized_dqn,0,4,3,50,2,2,3,0.000000,18.333300,5.454555,36,0.623368,29,0,2,0,0.623368,0.672177,0.048809,0.048809,0.623368,0.010722,4,19,1,1,25,19,36,113.000000,73.333300,18.333300,0.884956,1.363637,5.454555,-0.015997,-0.015674,0.000349,0.000000,4,4,0,fixed,4,1,1,0,3.000000,4.000000
2,centralized_dqn,centralized_dqn,0,4,3,51,1,1,1,2.136308,73.333300,0.712103,19,0.623368,29,0,1,0,0.623368,0.672177,0.048809,0.048809,0.623368,0.010722,4,19,1,-1,25,19,36,113.000000,73.333300,18.333300,1.023503,0.811493,0.692856,0.002874,0.000349,0.013032,0.013032,4,4,0,fixed,4,1,1,0,3.000000,4.000000
2,centralized_dqn,centralized_dqn,0,4,3,52,0,0,2,3.168353,113.000000,0.396044,25,0.623368,29,0,0,0,0.623368,0.672177,0.048809,0.048809,0.623368,0.010722,4,19,1,0,25,19,36,113.000000,73.333300,18.333300,0.399296,0.108044,0.385340,0.000349,-0.032706,0.011810,0.011810,4,4,0,fixed,4,1,1,0,3.000000,4.000000
2,centralized_dqn,centralized_dqn,0,4,3,53,2,2,3,0.000000,18.333300,5.454555,36,0.623368,29,0,2,0,0.623368,0.672177,0.048809,0.048809,0.623368,0.010722,4,19,1,1,25,19,36,113.000000,73.333300,18.333300,0.884956,1.363637,5.454555,-0.015997,-0.015674,0.000349,0.000000,4,4,0,fixed,4,1,1,0,3.000000,4.000000
2,centralized_dqn,centralized_dqn,0,4,3,54,2,2,3,0.000000,18.333300,5.454555,36,0.623368,29,0,2,0,0.623368,0.672177,0.048809,0.048809,0.623368,0.010722,4,19,1,1,25,19,36,113.000000,73.333300,18.333300,0.884956,1.363637,5.454555,-0.015997,-0.015674,0.000349,0.000000,4,4,0,fixed,4,1,1,0,3.000000,4.000000
2,centralized_dqn,centralized_dqn,0,4,3,55,2,2,3,0.000000,18.333300,5.454555,36,0.623368,29,0,2,0,0.623368,0.672177,0.048809,0.048809,0.623368,0.010722,4,19,1,1,25,19,36,113.000000,73.333300,18.333300,0.884956,1.363637,5.454555,-0.015997,-0.015674,0.000349,0.000000,4,4,0,fixed,4,1,1,0,3.000000,4.000000
2,centralized_dqn,centralized_dqn,0,4,3,56,2,2,3,0.000000,18.333300,5.454555,36,0.623368,29,0,2,0,0.623368,0.672177,0.048809,0.048809,0.623368,0.010722,4,19,1,1,25,19,36,113.000000,73.333300,18.333300,0.884956,1.363637,5.454555,-0.015997,-0.015674,0.000349,0.000000,4,4,0,fixed,4,1,1,0,3.000000,4.000000
2,centralized_dqn,centralized_dqn,0,4,3,57,0,0,2,3.168324,113.000000,0.396041,25,0.623368,29,0,0,0,0.623368,0.672177,0.048809,0.048809,0.623368,0.010722,4,19,1,0,25,19,36,113.000000,73.333300,18.333300,0.399297,0.108044,0.385337,0.000349,-0.032706,0.011810,0.011810,4,4,0,fixed,4,1,1,0,3.000000,4.000000
2,centralized_dqn,centralized_dqn,0,4,3,58,1,1,1,2.564226,73.333300,0.854742,19,0.623368,29,0,1,0,0.623368,0.672177,0.048809,0.048809,0.623368,0.010722,4,19,1,-1,25,19,36,113.000000,73.333300,18.333300,1.023503,0.801305,0.831641,0.002947,0.000349,0.014329,0.014329,4,4,0,fixed,4,1,1,0,3.000000,4.000000
2,centralized_dqn,centralized_dqn,0,4,3,59,0,0,2,3.168329,113.000000,0.396041,25,0.623368,29,0,0,0,0.623368,0.672177,0.048809,0.048809,0.623368,0.010722,4,19,1,0,25,19,36,113.000000,73.333300,18.333300,0.399297,0.108044,0.385337,0.000349,-0.032706,0.011810,0.011810,4,4,0,fixed,4,1,1,0,3.000000,4.000000
2,centralized_dqn,centralized_dqn,0,4,3,60,0,0,2,3.291790,113.000000,0.411474,25,0.623368,29,0,0,0,0.623368,0.672177,0.048809,0.048809,0.623368,0.010722,4,19,1,0,25,19,36,113.000000,73.333300,18.333300,0.398654,0.108044,0.400353,0.000349,-0.032689,0.012321,0.012321,4,4,0,fixed,4,1,1,0,3.000000,4.000000
2,centralized_dqn,centralized_dqn,0,4,3,61,2,2,4,0.000000,18.333300,2.181822,36,0.623368,29,0,2,0,0.623368,0.672177,0.048809,0.048809,0.623368,0.010722,4,19,1,-1,25,19,36,113.000000,73.333300,18.333300,0.353982,0.545455,2.181822,-0.022475,-0.019459,0.000349,0.000000,4,4,0,fixed,4,1,1,0,3.000000,4.000000
2,centralized_dqn,centralized_dqn,0,4,3,62,0,0,2,3.292860,113.000000,0.411608,25,0.623368,29,0,0,0,0.623368,0.672177,0.048809,0.048809,0.623368,0.010722,4,19,1,0,25,19,36,113.000000,73.333300,18.333300,0.398648,0.108044,0.400483,0.000349,-0.032689,0.012325,0.012325,4,4,0,fixed,4,1,1,0,3.000000,4.000000
2,centralized_dqn,centralized_dqn,0,4,3,63,2,2,4,0.000000,18.333300,2.181822,36,0.623368,29,0,2,0,0.623368,0.672177,0.048809,0.048809,0.623368,0.010722,4,19,1,-1,25,19,36,113.000000,73.333300,18.333300,0.353982,0.545455,2.181822,-0.022475,-0.019459,0.000349,0.000000,4,4,0,fixed,4,1,1,0,3.000000,4.000000
2,centralized_dqn,centralized_dqn,0,4,3,64,2,2,4,0.000000,18.333300,2.181822,36,0.623368,29,0,2,0,0.623368,0.672177,0.048809,0.048809,0.623368,0.010722,4,19,1,-1,25,19,36,113.000000,73.333300,18.333300,0.353982,0.545455,2.181822,-0.022475,-0.019459,0.000349,0.000000,4,4,0,fixed,4,1,1,0,3.000000,4.000000
2,centralized_dqn,centralized_dqn,0,4,3,65,1,1,1,2.288195,73.333300,0.762732,19,0.623368,29,0,1,0,0.623368,0.672177,0.048809,0.048809,0.623368,0.010722,4,19,1,-1,25,19,36,113.000000,73.333300,18.333300,1.023503,0.807877,0.742117,0.002900,0.000349,0.013543,0.013543,4,4,0,fixed,4,1,1,0,3.000000,4.000000
2,centralized_dqn,centralized_dqn,0,4,3,66,2,2,4,0.000000,18.333300,2.181822,36,0.623368,29,0,2,0,0.623368,0.672177,0.048809,0.048809,0.623368,0.010722,4,19,1,-1,25,19,36,113.000000,73.333300,18.333300,0.353982,0.545455,2.181822,-0.022475,-0.019459,0.000349,0.000000,4,4,0,fixed,4,1,1,0,3.000000,4.000000
2,centralized_dqn,centralized_dqn,0,4,3,67,2,2,3,0.000000,18.333300,5.454555,36,0.623368,29,0,2,0,0.623368,0.672177,0.048809,0.048809,0.623368,0.010722,4,19,1,1,25,19,36,113.000000,73.333300,18.333300,0.884956,1.363637,5.454555,-0.015997,-0.015674,0.000349,0.000000,4,4,0,fixed,4,1,1,0,3.000000,4.000000
2,centralized_dqn,centralized_dqn,0,4,3,68,1,1,1,2.440012,73.333300,0.813337,19,0.623368,29,0,2,1,0.623368,0.672177,0.048809,0.048809,0.623368,0.010722,4,19,1,-1,25,19,36,113.000000,73.333300,18.333300,1.023503,0.804262,0.791355,0.002925,0.000349,0.013996,0.013996,4,4,0,fixed,4,1,1,0,3.000000,4.000000
2,centralized_dqn,centralized_dqn,0,4,3,69,2,2,4,0.000000,18.333300,2.181822,36,0.623368,29,0,2,0,0.623368,0.672177,0.048809,0.048809,0.623368,0.010722,4,19,1,-1,25,19,36,113.000000,73.333300,18.333300,0.353982,0.545455,2.181822,-0.022475,-0.019459,0.000349,0.000000,4,4,0,fixed,4,1,1,0,3.000000,4.000000
2,centralized_dqn,centralized_dqn,0,4,3,70,0,0,2,3.168329,113.000000,0.396041,25,0.623368,29,0,0,0,0.623368,0.672177,0.048809,0.048809,0.623368,0.010722,4,19,1,0,25,19,36,113.000000,73.333300,18.333300,0.399297,0.108044,0.385337,0.000349,-0.032706,0.011810,0.011810,4,4,0,fixed,4,1,1,0,3.000000,4.000000
2,centralized_dqn,centralized_dqn,0,4,3,71,0,0,2,3.168313,113.000000,0.396039,25,0.623368,29,0,0,0,0.623368,0.672177,0.048809,0.048809,0.623368,0.010722,4,19,1,0,25,19,36,113.000000,73.333300,18.333300,0.399297,0.108044,0.385335,0.000349,-0.032706,0.011810,0.011810,4,4,0,fixed,4,1,1,0,3.000000,4.000000
2,centralized_dqn,centralized_dqn,0,4,3,72,1,1,1,2.171545,73.333300,0.723848,19,0.623368,29,0,1,0,0.623368,0.672177,0.048809,0.048809,0.623368,0.010722,4,19,1,-1,25,19,36,113.000000,73.333300,18.333300,1.023503,0.810654,0.704285,0.002880,0.000349,0.013156,0.013156,4,4,0,fixed,4,1,1,0,3.000000,4.000000
2,centralized_dqn,centralized_dqn,0,4,3,73,1,1,1,2.597349,73.333300,0.865783,19,0.623368,29,0,2,1,0.623368,0.672177,0.048809,0.048809,0.623368,0.010722,4,19,1,-1,25,19,36,113.000000,73.333300,18.333300,1.023503,0.800516,0.842383,0.002952,0.000349,0.014413,0.014413,4,4,0,fixed,4,1,1,0,3.000000,4.000000
2,centralized_dqn,centralized_dqn,0,4,3,74,0,0,2,3.170487,113.000000,0.396311,25,0.623368,29,0,0,0,0.623368,0.672177,0.048809,0.048809,0.623368,0.010722,4,19,1,0,25,19,36,113.000000,73.333300,18.333300,0.399285,0.108044,0.385600,0.000349,-0.032706,0.011819,0.011819,4,4,0,fixed,4,1,1,0,3.000000,4.000000
2,centralized_dqn,centralized_dqn,0,4,3,75,2,2,3,0.000000,18.333300,5.454555,36,0.623368,29,0,2,0,0.623368,0.672177,0.048809,0.048809,0.623368,0.010722,4,19,1,1,25,19,36,113.000000,73.333300,18.333300,0.884956,1.363637,5.454555,-0.015997,-0.015674,0.000349,0.000000,4,4,0,fixed,4,1,1,0,3.000000,4.000000
2,centralized_dqn,centralized_dqn,0,4,3,76,0,0,2,3.165015,113.000000,0.395627,25,0.623368,29,0,2,1,0.623368,0.672177,0.048809,0.048809,0.623368,0.010722,4,19,1,0,25,19,36,113.000000,73.333300,18.333300,0.399314,0.108044,0.384934,0.000349,-0.032707,0.011796,0.011796,4,4,0,fixed,4,1,1,0,3.000000,4.000000
2,centralized_dqn,centralized_dqn,0,4,3,77,0,0,2,3.166085,113.000000,0.395761,25,0.623368,29,0,2,1,0.623368,0.672177,0.048809,0.048809,0.623368,0.010722,4,19,1,0,25,19,36,113.000000,73.333300,18.333300,0.399308,0.108044,0.385064,0.000349,-0.032707,0.011800,0.011800,4,4,0,fixed,4,1,1,0,3.000000,4.000000
2,centralized_dqn,centralized_dqn,0,4,3,78,2,2,4,0.000000,18.333300,2.181822,36,0.623368,29,0,2,0,0.623368,0.672177,0.048809,0.048809,0.623368,0.010722,4,19,1,-1,25,19,36,113.000000,73.333300,18.333300,0.353982,0.545455,2.181822,-0.022475,-0.019459,0.000349,0.000000,4,4,0,fixed,4,1,1,0,3.000000,4.000000
2,centralized_dqn,centralized_dqn,0,4,3,79,0,0,2,3.166149,113.000000,0.395769,25,0.623368,29,0,0,0,0.623368,0.672177,0.048809,0.048809,0.623368,0.010722,4,19,1,0,25,19,36,113.000000,73.333300,18.333300,0.399308,0.108044,0.385072,0.000349,-0.032707,0.011800,0.011800,4,4,0,fixed,4,1,1,0,3.000000,4.000000
2,centralized_dqn,centralized_dqn,0,4,3,80,2,2,3,0.000000,18.333300,5.454555,36,0.623368,29,0,2,0,0.623368,0.672177,0.048809,0.048809,0.623368,0.010722,4,19,1,1,25,19,36,113.000000,73.333300,18.333300,0.884956,1.363637,5.454555,-0.015997,-0.015674,0.000349,0.000000,4,4,0,fixed,4,1,1,0,3.000000,4.000000
2,centralized_dqn,centralized_dqn,0,4,4,1,2,2,3,0.000000,65.333300,1.530613,40,0.502112,27,0,2,0,0.502112,0.515747,0.013635,0.013635,0.502112,-0.121256,4,41,1,1,23,17,40,113.000000,71.833300,65.333300,0.884956,1.392112,1.530613,-0.008113,-0.010554,0.000182,0.000000,4,4,0,fixed,4,1,1,0,3.000000,4.000000
2,centralized_dqn,centralized_dqn,0,4,4,2,1,1,1,2.823402,71.833300,0.941134,17,0.502112,27,0,1,0,0.502112,0.515747,0.013635,0.013635,0.502112,-0.121256,4,41,1,-1,23,17,40,113.000000,71.833300,65.333300,1.108856,0.909392,1.381924,0.004473,0.000182,0.012211,0.012211,4,4,0,fixed,4,1,1,0,3.000000,4.000000
2,centralized_dqn,centralized_dqn,0,4,4,3,2,2,4,0.000000,65.333300,0.612245,40,0.502112,27,0,2,0,0.502112,0.515747,0.013635,0.013635,0.502112,-0.121256,4,41,1,-1,23,17,40,113.000000,71.833300,65.333300,0.353982,0.556845,0.612245,-0.010285,-0.010848,0.000182,0.000000,4,4,0,fixed,4,1,1,0,3.000000,4.000000
2,centralized_dqn,centralized_dqn,0,4,4,4,1,1,1,2.694446,71.833300,0.898149,17,0.502112,27,0,1,0,0.502112,0.515747,0.013635,0.013635,0.502112,-0.121256,4,41,1,-1,23,17,40,113.000000,71.833300,65.333300,1.108856,0.912975,1.381924,0.004460,0.000182,0.012198,0.012198,4,4,0,fixed,4,1,1,0,3.000000,4.000000
2,centralized_dqn,centralized_dqn,0,4,4,5,2,2,4,0.000000,65.333300,0.612245,40,0.502112,27,0,2,0,0.502112,0.515747,0.013635,0.013635,0.502112,-0.121256,4,41,1,-1,23,17,40,113.000000,71.833300,65.333300,0.353982,0.556845,0.612245,-0.010285,-0.010848,0.000182,0.000000,4,4,0,fixed,4,1,1,0,3.000000,4.000000
2,centralized_dqn,centralized_dqn,0,4,4,6,2,2,4,0.000000,65.333300,0.612245,40,0.502112,27,0,2,0,0.502112,0.515747,0.013635,0.013635,0.502112,-0.121256,4,41,1,-1,23,17,40,113.000000,71.833300,65.333300,0.353982,0.556845,0.612245,-0.010285,-0.010848,0.000182,0.000000,4,4,0,fixed,4,1,1,0,3.000000,4.000000
2,centralized_dqn,centralized_dqn,0,4,4,7,1,1,2,0.701616,71.833300,0.087702,17,0.502112,27,0,1,0,0.502112,0.515747,0.013635,0.013635,0.502112,-0.121256,4,41,1,0,23,17,40,113.000000,71.833300,65.333300,0.415821,0.087749,0.681858,0.032174,0.000182,0.043604,0.043604,4,4,0,fixed,4,1,1,0,3.000000,4.000000
2,centralized_dqn,centralized_dqn,0,4,4,8,1,1,2,0.702727,71.833300,0.087841,17,0.502112,27,0,1,0,0.502112,0.515747,0.013635,0.013635,0.502112,-0.121256,4,41,1,0,23,17,40,113.000000,71.833300,65.333300,0.415821,0.087703,0.681858,0.032194,0.000182,0.043625,0.043625,4,4,0,fixed,4,1,1,0,3.000000,4.000000
2,centralized_dqn,centralized_dqn,0,4,4,9,0,0,2,3.507049,113.000000,0.438381,23,0.502112,27,0,0,0,0.502112,0.515747,0.013635,0.013635,0.502112,-0.121256,4,41,1,0,23,17,40,113.000000,71.833300,65.333300,0.433697,0.082863,0.681858,0.000182,-0.032484,0.009618,0.009618,4,4,0,fixed,4,1,1,0,3.000000,4.000000
2,centralized_dqn,centralized_dqn,0,4,4,10,1,1,2,0.701646,71.833300,0.087706,17,0.502112,27,0,1,0,0.502112,0.515747,0.013635,0.013635,0.502112,-0.121256,4,41,1,0,23,17,40,113.000000,71.833300,65.333300,0.415821,0.087748,0.681858,0.032175,0.000182,0.043605,0.043605,4,4,0,fixed,4,1,1,0,3.000000,4.000000
2,centralized_dqn,centralized_dqn,0,4,4,11,2,2,3,0.000000,65.333300,1.530613,40,0.502112,27,0,2,0,0.502112,0.515747,0.013635,0.013635,0.502112,-0.121256,4,41,1,1,23,17,40,113.000000,71.833300,65.333300,0.884956,1.392112,1.530613,-0.008113,-0.010554,0.000182,0.000000,4,4,0,fixed,4,1,1,0,3.000000,4.000000
2,centralized_dqn,centralized_dqn,0,4,4,12,1,1,2,0.701605,71.833300,0.087701,17,0.502112,27,1,1,0,0.502112,0.515747,0.013635,0.013635,0.502112,-0.121256,4,41,1,0,23,17,40,113.000000,71.833300,65.333300,0.415821,0.087750,0.681858,0.032174,0.000182,0.043604,0.043604,4,4,0,fixed,4,1,1,0,3.000000,4.000000
2,centralized_dqn,centralized_dqn,0,4,4,13,2,2,3,0.000000,65.333300,1.530613,40,0.502112,27,0,2,0,0.502112,0.515747,0.013635,0.013635,0.502112,-0.121256,4,41,1,1,23,17,40,113.000000,71.833300,65.333300,0.884956,1.392112,1.530613,-0.008113,-0.010554,0.000182,0.000000,4,4,0,fixed,4,1,1,0,3.000000,4.000000
2,centralized_dqn,centralized_dqn,0,4,4,14,2,2,4,0.000000,65.333300,0.612245,40,0.502112,27,0,2,0,0.502112,0.515747,0.013635,0.013635,0.502112,-0.121256,4,41,1,-1,23,17,40,113.000000,71.833300,65.333300,0.353982,0.556845,0.612245,-0.010285,-0.010848,0.000182,0.000000,4,4,0,fixed,4,1,1,0,3.000000,4.000000
2,centralized_dqn,centralized_dqn,0,4,4,15,0,0,2,3.574885,113.000000,0.446861,23,0.502112,27,0,0,0,0.502112,0.515747,0.013635,0.013635,0.502112,-0.121256,4,41,1,0,23,17,40,113.000000,71.833300,65.333300,0.433311,0.082863,0.681858,0.000182,-0.032479,0.009624,0.009624,4,4,0,fixed,4,1,1,0,3.000000,4.000000
2,centralized_dqn,centralized_dqn,0,4,4,16,0,0,2,3.415299,113.000000,0.426912,23,0.502112,27,0,0,0,0.502112,0.515747,0.013635,0.013635,0.502112,-0.121256,4,41,1,0,23,17,40,113.000000,71.833300,65.333300,0.434218,0.082863,0.681858,0.000182,-0.032491,0.009609,0.009609,4,4,0,fixed,4,1,1,0,3.000000,4.000000
2,centralized_dqn,centralized_dqn,0,4,4,17,0,0,2,3.415299,113.000000,0.426912,23,0.502112,27,0,0,0,0.502112,0.515747,0.013635,0.013635,0.502112,-0.121256,4,41,1,0,23,17,40,113.000000,71.833300,65.333300,0.434218,0.082863,0.681858,0.000182,-0.032491,0.009609,0.009609,4,4,0,fixed,4,1,1,0,3.000000,4.000000
2,centralized_dqn,centralized_dqn,0,4,4,18,2,2,4,0.000000,65.333300,0.612245,40,0.502112,27,0,2,0,0.502112,0.515747,0.013635,0.013635,0.502112,-0.121256,4,41,1,-1,23,17,40,113.000000,71.833300,65.333300,0.353982,0.556845,0.612245,-0.010285,-0.010848,0.000182,0.000000,4,4,0,fixed,4,1,1,0,3.000000,4.000000
2,centralized_dqn,centralized_dqn,0,4,4,19,2,2,3,0.000000,65.333300,1.530613,40,0.502112,27,0,2,0,0.502112,0.515747,0.013635,0.013635,0.502112,-0.121256,4,41,1,1,23,17,40,113.000000,71.833300,65.333300,0.884956,1.392112,1.530613,-0.008113,-0.010554,0.000182,0.000000,4,4,0,fixed,4,1,1,0,3.000000,4.000000
2,centralized_dqn,centralized_dqn,0,4,4,20,1,1,1,2.642481,71.833300,0.880827,17,0.502112,27,0,1,0,0.502112,0.515747,0.013635,0.013635,0.502112,-0.121256,4,41,1,-1,23,17,40,113.000000,71.833300,65.333300,1.108856,0.914418,1.381924,0.004454,0.000182,0.012192,0.012192,4,4,0,fixed,4,1,1,0,3.000000,4.000000
2,centralized_dqn,centralized_dqn,0,4,4,21,2,2,4,0.000000,65.333300,0.612245,40,0.502112,27,0,2,0,0.502112,0.515747,0.013635,0.013635,0.502112,-0.121256,4,41,1,-1,23,17,40,113.000000,71.833300,65.333300,0.353982,0.556845,0.612245,-0.010285,-0.010848,0.000182,0.000000,4,4,0,fixed,4,1,1,0,3.000000,4.000000
2,centralized_dqn,centralized_dqn,0,4,4,22,0,0,2,3.415275,113.000000,0.426909,23,0.502112,27,0,0,0,0.502112,0.515747,0.013635,0.013635,0.502112,-0.121256,4,41,1,0,23,17,40,113.000000,71.833300,65.333300,0.434218,0.082863,0.681858,0.000182,-0.032491,0.009609,0.009609,4,4,0,fixed,4,1,1,0,3.000000,4.000000
2,centralized_dqn,centralized_dqn,0,4,4,23,0,0,2,3.417461,113.000000,0.427183,23,0.502112,27,0,0,0,0.502112,0.515747,0.013635,0.013635,0.502112,-0.121256,4,41,1,0,23,17,40,113.000000,71.833300,65.333300,0.434206,0.082863,0.681858,0.000182,-0.032491,0.009610,0.009610,4,4,0,fixed,4,1,1,0,3.000000,4.000000
2,centralized_dqn,centralized_dqn,0,4,4,24,2,2,4,0.000000,65.333300,0.612245,40,0.502112,27,0,2,0,0.502112,0.515747,0.013635,0.013635,0.502112,-0.121256,4,41,1,-1,23,17,40,113.000000,71.833300,65.333300,0.353982,0.556845,0.612245,-0.010285,-0.010848,0.000182,0.000000,4,4,0,fixed,4,1,1,0,3.000000,4.000000
2,centralized_dqn,centralized_dqn,0,4,4,25,1,1,1,2.713957,71.833300,0.904652,17,0.502112,27,0,1,0,0.502112,0.515747,0.013635,0.013635,0.502112,-0.121256,4,41,1,-1,23,17,40,113.000000,71.833300,65.333300,1.108856,0.912433,1.381924,0.004462,0.000182,0.012200,0.012200,4,4,0,fixed,4,1,1,0,3.000000,4.000000
2,centralized_dqn,centralized_dqn,0,4,4,26,0,0,2,3.418530,113.000000,0.427316,23,0.502112,27,0,0,0,0.502112,0.515747,0.013635,0.013635,0.502112,-0.121256,4,41,1,0,23,17,40,113.000000,71.833300,65.333300,0.434199,0.082863,0.681858,0.000182,-0.032491,0.009610,0.009610,4,4,0,fixed,4,1,1,0,3.000000,4.000000
2,centralized_dqn,centralized_dqn,0,4,4,27,1,1,1,2.729139,71.833300,0.909713,17,0.502112,27,0,1,0,0.502112,0.515747,0.013635,0.013635,0.502112,-0.121256,4,41,1,-1,23,17,40,113.000000,71.833300,65.333300,1.108856,0.912011,1.381924,0.004463,0.000182,0.012201,0.012201,4,4,0,fixed,4,1,1,0,3.000000,4.000000
2,centralized_dqn,centralized_dqn,0,4,4,28,2,2,4,0.000000,65.333300,0.612245,40,0.502112,27,0,2,0,0.502112,0.515747,0.013635,0.013635,0.502112,-0.121256,4,41,1,-1,23,17,40,113.000000,71.833300,65.333300,0.353982,0.556845,0.612245,-0.010285,-0.010848,0.000182,0.000000,4,4,0,fixed,4,1,1,0,3.000000,4.000000
2,centralized_dqn,centralized_dqn,0,4,4,29,0,0,2,3.457925,113.000000,0.432241,23,0.502112,27,0,0,0,0.502112,0.515747,0.013635,0.013635,0.502112,-0.121256,4,41,1,0,23,17,40,113.000000,71.833300,65.333300,0.433976,0.082863,0.681858,0.000182,-0.032488,0.009613,0.009613,4,4,0,fixed,4,1,1,0,3.000000,4.000000
2,centralized_dqn,centralized_dqn,0,4,4,30,2,2,3,0.000000,65.333300,1.530613,40,0.502112,27,0,2,0,0.502112,0.515747,0.013635,0.013635,0.502112,-0.121256,4,41,1,1,23,17,40,113.000000,71.833300,65.333300,0.884956,1.392112,1.530613,-0.008113,-0.010554,0.000182,0.000000,4,4,0,fixed,4,1,1,0,3.000000,4.000000
2,centralized_dqn,centralized_dqn,0,4,4,31,2,2,3,0.000000,65.333300,1.530613,40,0.502112,27,0,2,0,0.502112,0.515747,0.013635,0.013635,0.502112,-0.121256,4,41,1,1,23,17,40,113.000000,71.833300,65.333300,0.884956,1.392112,1.530613,-0.008113,-0.010554,0.000182,0.000000,4,4,0,fixed,4,1,1,0,3.000000,4.000000
2,centralized_dqn,centralized_dqn,0,4,4,32,2,2,3,0.000000,65.333300,1.530613,40,0.502112,27,0,2,0,0.502112,0.515747,0.013635,0.013635,0.502112,-0.121256,4,41,1,1,23,17,40,113.000000,71.833300,65.333300,0.884956,1.392112,1.530613,-0.008113,-0.010554,0.000182,0.000000,4,4,0,fixed,4,1,1,0,3.000000,4.000000
2,centralized_dqn,centralized_dqn,0,4,4,33,1,1,1,2.679730,71.833300,0.893243,17,0.502112,27,0,1,0,0.502112,0.515747,0.013635,0.013635,0.502112,-0.121256,4,41,1,-1,23,17,40,113.000000,71.833300,65.333300,1.108856,0.913383,1.381924,0.004458,0.000182,0.012196,0.012196,4,4,0,fixed,4,1,1,0,3.000000,4.000000
2,centralized_dqn,centralized_dqn,0,4,4,34,2,2,3,0.000000,65.333300,1.530613,40,0.502112,27,0,2,0,0.502112,0.515747,0.013635,0.013635,0.502112,-0.121256,4,41,1,1,23,17,40,113.000000,71.833300,65.333300,0.884956,1.392112,1.530613,-0.008113,-0.010554,0.000182,0.000000,4,4,0,fixed,4,1,1,0,3.000000,4.000000
2,centralized_dqn,centralized_dqn,0,4,4,35,0,0,2,3.456808,113.000000,0.432101,23,0.502112,27,0,0,0,0.502112,0.515747,0.013635,0.013635,0.502112,-0.121256,4,41,1,0,23,17,40,113.000000,71.833300,65.333300,0.433982,0.082863,0.681858,0.000182,-0.032488,0.009613,0.009613,4,4,0,fixed,4,1,1,0,3.000000,4.000000
2,centralized_dqn,centralized_dqn,0,4,4,36,0,0,2,3.617488,113.000000,0.452186,23,0.502112,27,0,0,0,0.502112,0.515747,0.013635,0.013635,0.502112,-0.121256,4,41,1,0,23,17,40,113.000000,71.833300,65.333300,0.433069,0.082863,0.681858,0.000182,-0.032475,0.009628,0.009628,4,4,0,fixed,4,1,1,0,3.000000,4.000000
2,centralized_dqn,centralized_dqn,0,4,4,37,2,2,4,0.000000,65.333300,0.612245,40,0.502112,27,0,2,0,0.502112,0.515747,0.013635,0.013635,0.502112,-0.121256,4,41,1,-1,23,17,40,113.000000,71.833300,65.333300,0.353982,0.556845,0.612245,-0.010285,-0.010848,0.000182,0.000000,4,4,0,fixed,4,1,1,0,3.000000,4.000000
2,centralized_dqn,centralized_dqn,0,4,4,38,0,0,2,3.494997,113.000000,0.436875,23,0.502112,27,0,0,0,0.502112,0.515747,0.013635,0.013635,0.502112,-0.121256,4,41,1,0,23,17,40,113.000000,71.833300,65.333300,0.433765,0.082863,0.681858,0.000182,-0.032485,0.009617,0.009617,4,4,0,fixed,4,1,1,0,3.000000,4.000000
2,centralized_dqn,centralized_dqn,0,4,4,39,2,2,4,0.000000,65.333300,0.612245,40,0.502112,27,0,2,0,0.502112,0.515747,0.013635,0.013635,0.502112,-0.121256,4,41,1,-1,23,17,40,113.000000,71.833300,65.333300,0.353982,0.556845,0.612245,-0.010285,-0.010848,0.000182,0.000000,4,4,0,fixed,4,1,1,0,3.000000,4.000000
2,centralized_dqn,centralized_dqn,0,4,4,40,1,1,1,2.887975,71.833300,0.962658,17,0.502112,27,0,1,0,0.502112,0.515747,0.013635,0.013635,0.502112,-0.121256,4,41,1,-1,23,17,40,113.000000,71.833300,65.333300,1.108856,0.907599,1.381924,0.004479,0.000182,0.012218,0.012218,4,4,0,fixed,4,1,1,0,3.000000,4.000000
2,centralized_dqn,centralized_dqn,0,4,4,41,0,0,2,3.495021,113.000000,0.436878,23,0.502112,27,0,0,0,0.502112,0.515747,0.013635,0.013635,0.502112,-0.121256,4,41,1,0,23,17,40,113.000000,71.833300,65.333300,0.433765,0.082863,0.681858,0.000182,-0.032485,0.009617,0.009617,4,4,0,fixed,4,1,1,0,3.000000,4.000000
2,centralized_dqn,centralized_dqn,0,4,4,42,2,2,4,0.000000,65.333300,0.612245,40,0.502112,27,0,2,0,0.502112,0.515747,0.013635,0.013635,0.502112,-0.121256,4,41,1,-1,23,17,40,113.000000,71.833300,65.333300,0.353982,0.556845,0.612245,-0.010285,-0.010848,0.000182,0.000000,4,4,0,fixed,4,1,1,0,3.000000,4.000000
2,centralized_dqn,centralized_dqn,0,4,4,43,1,1,1,2.684821,71.833300,0.894940,17,0.502112,27,0,1,0,0.502112,0.515747,0.013635,0.013635,0.502112,-0.121256,4,41,1,-1,23,17,40,113.000000,71.833300,65.333300,1.108856,0.913242,1.381924,0.004459,0.000182,0.012197,0.012197,4,4,0,fixed,4,1,1,0,3.000000,4.000000
2,centralized_dqn,centralized_dqn,0,4,4,44,2,2,4,0.000000,65.333300,0.612245,40,0.502112,27,0,2,0,0.502112,0.515747,0.013635,0.013635,0.502112,-0.121256,4,41,1,-1,23,17,40,113.000000,71.833300,65.333300,0.353982,0.556845,0.612245,-0.010285,-0.010848,0.000182,0.000000,4,4,0,fixed,4,1,1,0,3.000000,4.000000
2,centralized_dqn,centralized_dqn,0,4,4,45,0,0,2,3.418531,113.000000,0.427316,23,0.502112,27,0,0,0,0.502112,0.515747,0.013635,0.013635,0.502112,-0.121256,4,41,1,0,23,17,40,113.000000,71.833300,65.333300,0.434199,0.082863,0.681858,0.000182,-0.032491,0.009610,0.009610,4,4,0,fixed,4,1,1,0,3.000000,4.000000
2,centralized_dqn,centralized_dqn,0,4,4,46,1,1,1,2.674248,71.833300,0.891416,17,0.502112,27,0,0,1,0.502112,0.515747,0.013635,0.013635,0.502112,-0.121256,4,41,1,-1,23,17,40,113.000000,71.833300,65.333300,1.108856,0.913536,1.381924,0.004458,0.000182,0.012196,0.012196,4,4,0,fixed,4,1,1,0,3.000000,4.000000
2,centralized_dqn,centralized_dqn,0,4,4,47,2,2,3,0.000000,65.333300,1.530613,40,0.502112,27,0,2,0,0.502112,0.515747,0.013635,0.013635,0.502112,-0.121256,4,41,1,1,23,17,40,113.000000,71.833300,65.333300,0.884956,1.392112,1.530613,-0.008113,-0.010554,0.000182,0.000000,4,4,0,fixed,4,1,1,0,3.000000,4.000000
2,centralized_dqn,centralized_dqn,0,4,4,48,2,2,4,0.000000,65.333300,0.612245,40,0.502112,27,0,2,0,0.502112,0.515747,0.013635,0.013635,0.502112,-0.121256,4,41,1,-1,23,17,40,113.000000,71.833300,65.333300,0.353982,0.556845,0.612245,-0.010285,-0.010848,0.000182,0.000000,4,4,0,fixed,4,1,1,0,3.000000,4.000000
2,centralized_dqn,centralized_dqn,0,4,4,49,0,0,2,3.615285,113.000000,0.451911,23,0.502112,27,0,0,0,0.502112,0.515747,0.013635,0.013635,0.502112,-0.121256,4,41,1,0,23,17,40,113.000000,71.833300,65.333300,0.433082,0.082863,0.681858,0.000182,-0.032475,0.009628,0.009628,4,4,0,fixed,4,1,1,0,3.000000,4.000000
2,centralized_dqn,centralized_dqn,0,4,4,50,2,2,3,0.000000,65.333300,1.530613,40,0.502112,27,0,2,0,0.502112,0.515747,0.013635,0.013635,0.502112,-0.121256,4,41,1,1,23,17,40,113.000000,71.833300,65.333300,0.884956,1.392112,1.530613,-0.008113,-0.010554,0.000182,0.000000,4,4,0,fixed,4,1,1,0,3.000000,4.000000
2,centralized_dqn,centralized_dqn,0,4,4,51,1,1,1,2.969966,71.833300,0.989989,17,0.502112,27,0,1,0,0.502112,0.515747,0.013635,0.013635,0.502112,-0.121256,4,41,1,-1,23,17,40,113.000000,71.833300,65.333300,1.108856,0.905321,1.381924,0.004488,0.000182,0.012226,0.012226,4,4,0,fixed,4,1,1,0,3.000000,4.000000
2,centralized_dqn,centralized_dqn,0,4,4,52,0,0,2,3.418531,113.000000,0.427316,23,0.502112,27,0,0,0,0.502112,0.515747,0.013635,0.013635,0.502112,-0.121256,4,41,1,0,23,17,40,113.000000,71.833300,65.333300,0.434199,0.082863,0.681858,0.000182,-0.032491,0.009610,0.009610,4,4,0,fixed,4,1,1,0,3.000000,4.000000
2,centralized_dqn,centralized_dqn,0,4,4,53,2,2,3,0.000000,65.333300,1.530613,40,0.502112,27,0,2,0,0.502112,0.515747,0.013635,0.013635,0.502112,-0.121256,4,41,1,1,23,17,40,113.000000,71.833300,65.333300,0.884956,1.392112,1.530613,-0.008113,-0.010554,0.000182,0.000000,4,4,0,fixed,4,1,1,0,3.000000,4.000000
2,centralized_dqn,centralized_dqn,0,4,4,54,2,2,3,0.000000,65.333300,1.530613,40,0.502112,27,0,2,0,0.502112,0.515747,0.013635,0.013635,0.502112,-0.121256,4,41,1,1,23,17,40,113.000000,71.833300,65.333300,0.884956,1.392112,1.530613,-0.008113,-0.010554,0.000182,0.000000,4,4,0,fixed,4,1,1,0,3.000000,4.000000
2,centralized_dqn,centralized_dqn,0,4,4,55,2,2,3,0.000000,65.333300,1.530613,40,0.502112,27,0,2,0,0.502112,0.515747,0.013635,0.013635,0.502112,-0.121256,4,41,1,1,23,17,40,113.000000,71.833300,65.333300,0.884956,1.392112,1.530613,-0.008113,-0.010554,0.000182,0.000000,4,4,0,fixed,4,1,1,0,3.000000,4.000000
2,centralized_dqn,centralized_dqn,0,4,4,56,2,2,3,0.000000,65.333300,1.530613,40,0.502112,27,0,2,0,0.502112,0.515747,0.013635,0.013635,0.502112,-0.121256,4,41,1,1,23,17,40,113.000000,71.833300,65.333300,0.884956,1.392112,1.530613,-0.008113,-0.010554,0.000182,0.000000,4,4,0,fixed,4,1,1,0,3.000000,4.000000
2,centralized_dqn,centralized_dqn,0,4,4,57,0,0,2,3.418531,113.000000,0.427316,23,0.502112,27,0,0,0,0.502112,0.515747,0.013635,0.013635,0.502112,-0.121256,4,41,1,0,23,17,40,113.000000,71.833300,65.333300,0.434199,0.082863,0.681858,0.000182,-0.032491,0.009610,0.009610,4,4,0,fixed,4,1,1,0,3.000000,4.000000
2,centralized_dqn,centralized_dqn,0,4,4,58,1,1,1,2.532704,71.833300,0.844235,17,0.502112,27,0,0,1,0.502112,0.515747,0.013635,0.013635,0.502112,-0.121256,4,41,1,-1,23,17,40,113.000000,71.833300,65.333300,1.108856,0.917467,1.381924,0.004443,0.000182,0.012181,0.012181,4,4,0,fixed,4,1,1,0,3.000000,4.000000
2,centralized_dqn,centralized_dqn,0,4,4,59,0,0,2,3.418554,113.000000,0.427319,23,0.502112,27,0,0,0,0.502112,0.515747,0.013635,0.013635,0.502112,-0.121256,4,41,1,0,23,17,40,113.000000,71.833300,65.333300,0.434199,0.082863,0.681858,0.000182,-0.032491,0.009610,0.009610,4,4,0,fixed,4,1,1,0,3.000000,4.000000
2,centralized_dqn,centralized_dqn,0,4,4,60,0,0,2,3.574892,113.000000,0.446862,23,0.502112,27,0,0,0,0.502112,0.515747,0.013635,0.013635,0.502112,-0.121256,4,41,1,0,23,17,40,113.000000,71.833300,65.333300,0.433311,0.082863,0.681858,0.000182,-0.032479,0.009624,0.009624,4,4,0,fixed,4,1,1,0,3.000000,4.000000
2,centralized_dqn,centralized_dqn,0,4,4,61,2,2,4,0.000000,65.333300,0.612245,40,0.502112,27,0,2,0,0.502112,0.515747,0.013635,0.013635,0.502112,-0.121256,4,41,1,-1,23,17,40,113.000000,71.833300,65.333300,0.353982,0.556845,0.612245,-0.010285,-0.010848,0.000182,0.000000,4,4,0,fixed,4,1,1,0,3.000000,4.000000
2,centralized_dqn,centralized_dqn,0,4,4,62,0,0,2,3.574839,113.000000,0.446855,23,0.502112,27,0,0,0,0.502112,0.515747,0.013635,0.013635,0.502112,-0.121256,4,41,1,0,23,17,40,113.000000,71.833300,65.333300,0.433311,0.082863,0.681858,0.000182,-0.032479,0.009624,0.009624,4,4,0,fixed,4,1,1,0,3.000000,4.000000
2,centralized_dqn,centralized_dqn,0,4,4,63,2,2,4,0.000000,65.333300,0.612245,40,0.502112,27,0,2,0,0.502112,0.515747,0.013635,0.013635,0.502112,-0.121256,4,41,1,-1,23,17,40,113.000000,71.833300,65.333300,0.353982,0.556845,0.612245,-0.010285,-0.010848,0.000182,0.000000,4,4,0,fixed,4,1,1,0,3.000000,4.000000
2,centralized_dqn,centralized_dqn,0,4,4,64,2,2,4,0.000000,65.333300,0.612245,40,0.502112,27,0,2,0,0.502112,0.515747,0.013635,0.013635,0.502112,-0.121256,4,41,1,-1,23,17,40,113.000000,71.833300,65.333300,0.353982,0.556845,0.612245,-0.010285,-0.010848,0.000182,0.000000,4,4,0,fixed,4,1,1,0,3.000000,4.000000
2,centralized_dqn,centralized_dqn,0,4,4,65,1,1,1,2.531242,71.833300,0.843747,17,0.502112,27,0,0,1,0.502112,0.515747,0.013635,0.013635,0.502112,-0.121256,4,41,1,-1,23,17,40,113.000000,71.833300,65.333300,1.108856,0.917508,1.381924,0.004443,0.000182,0.012181,0.012181,4,4,0,fixed,4,1,1,0,3.000000,4.000000
2,centralized_dqn,centralized_dqn,0,4,4,66,2,2,4,0.000000,65.333300,0.612245,40,0.502112,27,0,2,0,0.502112,0.515747,0.013635,0.013635,0.502112,-0.121256,4,41,1,-1,23,17,40,113.000000,71.833300,65.333300,0.353982,0.556845,0.612245,-0.010285,-0.010848,0.000182,0.000000,4,4,0,fixed,4,1,1,0,3.000000,4.000000
2,centralized_dqn,centralized_dqn,0,4,4,67,2,2,3,0.000000,65.333300,1.530613,40,0.502112,27,0,2,0,0.502112,0.515747,0.013635,0.013635,0.502112,-0.121256,4,41,1,1,23,17,40,113.000000,71.833300,65.333300,0.884956,1.392112,1.530613,-0.008113,-0.010554,0.000182,0.000000,4,4,0,fixed,4,1,1,0,3.000000,4.000000
2,centralized_dqn,centralized_dqn,0,4,4,68,2,2,1,4.264943,65.333300,1.421648,40,0.502112,27,0,2,0,0.502112,0.515747,0.013635,0.013635,0.502112,-0.121256,4,41,1,1,23,17,40,113.000000,71.833300,65.333300,1.108856,0.861177,1.411296,-0.007301,-0.011775,0.000182,0.000000,4,4,0,fixed,4,1,1,0,3.000000,4.000000
2,centralized_dqn,centralized_dqn,0,4,4,69,2,2,4,0.000000,65.333300,0.612245,40,0.502112,27,0,2,0,0.502112,0.515747,0.013635,0.013635,0.502112,-0.121256,4,41,1,-1,23,17,40,113.000000,71.833300,65.333300,0.353982,0.556845,0.612245,-0.010285,-0.010848,0.000182,0.000000,4,4,0,fixed,4,1,1,0,3.000000,4.000000
2,centralized_dqn,centralized_dqn,0,4,4,70,0,0,2,3.418525,113.000000,0.427316,23,0.502112,27,0,0,0,0.502112,0.515747,0.013635,0.013635,0.502112,-0.121256,4,41,1,0,23,17,40,113.000000,71.833300,65.333300,0.434199,0.082863,0.681858,0.000182,-0.032491,0.009610,0.009610,4,4,0,fixed,4,1,1,0,3.000000,4.000000
2,centralized_dqn,centralized_dqn,0,4,4,71,0,0,2,3.418549,113.000000,0.427319,23,0.502112,27,0,0,0,0.502112,0.515747,0.013635,0.013635,0.502112,-0.121256,4,41,1,0,23,17,40,113.000000,71.833300,65.333300,0.434199,0.082863,0.681858,0.000182,-0.032491,0.009610,0.009610,4,4,0,fixed,4,1,1,0,3.000000,4.000000
2,centralized_dqn,centralized_dqn,0,4,4,72,1,1,1,2.997419,71.833300,0.999140,17,0.502112,27,0,0,1,0.502112,0.515747,0.013635,0.013635,0.502112,-0.121256,4,41,1,-1,23,17,40,113.000000,71.833300,65.333300,1.108856,0.904559,1.381924,0.004490,0.000182,0.012229,0.012229,4,4,0,fixed,4,1,1,0,3.000000,4.000000
2,centralized_dqn,centralized_dqn,0,4,4,73,2,2,1,4.233887,65.333300,1.411296,40,0.502112,27,0,2,0,0.502112,0.515747,0.013635,0.013635,0.502112,-0.121256,4,41,1,1,23,17,40,113.000000,71.833300,65.333300,1.108856,0.861177,1.421648,-0.007317,-0.011790,0.000182,0.000000,4,4,0,fixed,4,1,1,0,3.000000,4.000000
2,centralized_dqn,centralized_dqn,0,4,4,74,0,0,2,3.418501,113.000000,0.427313,23,0.502112,27,0,0,0,0.502112,0.515747,0.013635,0.013635,0.502112,-0.121256,4,41,1,0,23,17,40,113.000000,71.833300,65.333300,0.434200,0.082863,0.681858,0.000182,-0.032491,0.009610,0.009610,4,4,0,fixed,4,1,1,0,3.000000,4.000000
2,centralized_dqn,centralized_dqn,0,4,4,75,2,2,3,0.000000,65.333300,1.530613,40,0.502112,27,0,2,0,0.502112,0.515747,0.013635,0.013635,0.502112,-0.121256,4,41,1,1,23,17,40,113.000000,71.833300,65.333300,0.884956,1.392112,1.530613,-0.008113,-0.010554,0.000182,0.000000,4,4,0,fixed,4,1,1,0,3.000000,4.000000
2,centralized_dqn,centralized_dqn,0,4,4,76,2,2,2,5.593409,65.333300,0.699176,40,0.502112,27,0,2,0,0.502112,0.515747,0.013635,0.013635,0.502112,-0.121256,4,41,1,-1,23,17,40,113.000000,71.833300,65.333300,0.415821,0.082863,0.698632,-0.009733,-0.040632,0.000182,0.000000,4,4,0,fixed,4,1,1,0,3.000000,4.000000
2,centralized_dqn,centralized_dqn,0,4,4,77,2,2,2,5.589056,65.333300,0.698632,40,0.502112,27,0,2,0,0.502112,0.515747,0.013635,0.013635,0.502112,-0.121256,4,41,1,-1,23,17,40,113.000000,71.833300,65.333300,0.415821,0.082863,0.699176,-0.009736,-0.040635,0.000182,0.000000,4,4,0,fixed,4,1,1,0,3.000000,4.000000
2,centralized_dqn,centralized_dqn,0,4,4,78,2,2,4,0.000000,65.333300,0.612245,40,0.502112,27,0,2,0,0.502112,0.515747,0.013635,0.013635,0.502112,-0.121256,4,41,1,-1,23,17,40,113.000000,71.833300,65.333300,0.353982,0.556845,0.612245,-0.010285,-0.010848,0.000182,0.000000,4,4,0,fixed,4,1,1,0,3.000000,4.000000
2,centralized_dqn,centralized_dqn,0,4,4,79,0,0,2,3.456861,113.000000,0.432108,23,0.502112,27,0,0,0,0.502112,0.515747,0.013635,0.013635,0.502112,-0.121256,4,41,1,0,23,17,40,113.000000,71.833300,65.333300,0.433982,0.082863,0.681858,0.000182,-0.032488,0.009613,0.009613,4,4,0,fixed,4,1,1,0,3.000000,4.000000
2,centralized_dqn,centralized_dqn,0,4,4,80,2,2,3,0.000000,65.333300,1.530613,40,0.502112,27,0,2,0,0.502112,0.515747,0.013635,0.013635,0.502112,-0.121256,4,41,1,1,23,17,40,113.000000,71.833300,65.333300,0.884956,1.392112,1.530613,-0.008113,-0.010554,0.000182,0.000000,4,4,0,fixed,4,1,1,0,3.000000,4.000000
2,centralized_dqn,centralized_dqn,0,4,5,1,2,2,3,0.000000,62.833300,1.591513,40,0.527321,27,0,2,0,0.527321,0.527321,0.000000,0.000000,0.527321,0.025208,0,25,1,1,27,13,40,105.000000,70.000000,62.833300,0.952381,1.428571,1.591513,-0.009362,-0.010080,0.000162,0.000000,4,0,4,fixed,4,1,1,0,3.000000,4.000000
2,centralized_dqn,centralized_dqn,0,4,5,2,1,1,1,3.456823,70.000000,1.152274,13,0.527321,27,0,1,0,0.527321,0.527321,0.000000,0.000000,0.527321,0.025208,0,25,1,-1,27,13,40,105.000000,70.000000,62.833300,1.450213,1.182409,1.130523,0.002452,0.000162,0.010184,0.010184,4,0,4,fixed,4,1,1,0,3.000000,4.000000
2,centralized_dqn,centralized_dqn,0,4,5,3,2,2,4,0.000000,62.833300,0.636605,40,0.527321,27,0,2,0,0.527321,0.527321,0.000000,0.000000,0.527321,0.025208,0,25,1,-1,27,13,40,105.000000,70.000000,62.833300,0.380952,0.571429,0.636605,-0.011475,-0.010439,0.000162,0.000000,4,0,4,fixed,4,1,1,0,3.000000,4.000000
2,centralized_dqn,centralized_dqn,0,4,5,4,1,1,1,3.628451,70.000000,1.209484,13,0.527321,27,0,1,0,0.527321,0.527321,0.000000,0.000000,0.527321,0.025208,0,25,1,-1,27,13,40,105.000000,70.000000,62.833300,1.450213,1.175258,1.130523,0.002469,0.000162,0.010201,0.010201,4,0,4,fixed,4,1,1,0,3.000000,4.000000
2,centralized_dqn,centralized_dqn,0,4,5,5,2,2,4,0.000000,62.833300,0.636605,40,0.527321,27,0,2,0,0.527321,0.527321,0.000000,0.000000,0.527321,0.025208,0,25,1,-1,27,13,40,105.000000,70.000000,62.833300,0.380952,0.571429,0.636605,-0.011475,-0.010439,0.000162,0.000000,4,0,4,fixed,4,1,1,0,3.000000,4.000000
2,centralized_dqn,centralized_dqn,0,4,5,6,2,2,4,0.000000,62.833300,0.636605,40,0.527321,27,0,2,0,0.527321,0.527321,0.000000,0.000000,0.527321,0.025208,0,25,1,-1,27,13,40,105.000000,70.000000,62.833300,0.380952,0.571429,0.636605,-0.011475,-0.010439,0.000162,0.000000,4,0,4,fixed,4,1,1,0,3.000000,4.000000
2,centralized_dqn,centralized_dqn,0,4,5,7,1,1,2,1.007600,70.000000,0.125950,13,0.527321,27,0,1,0,0.527321,0.527321,0.000000,0.000000,0.527321,0.025208,0,25,1,0,27,13,40,105.000000,70.000000,62.833300,0.344761,0.124904,0.689984,0.018346,0.000162,0.032939,0.032939,4,0,4,fixed,4,1,1,0,3.000000,4.000000
2,centralized_dqn,centralized_dqn,0,4,5,8,1,1,2,0.994513,70.000000,0.124314,13,0.527321,27,1,1,0,0.527321,0.527321,0.000000,0.000000,0.527321,0.025208,0,25,1,0,27,13,40,105.000000,70.000000,62.833300,0.344761,0.125449,0.689984,0.018227,0.000162,0.032813,0.032813,4,0,4,fixed,4,1,1,0,3.000000,4.000000
2,centralized_dqn,centralized_dqn,0,4,5,9,0,0,2,2.945346,105.000000,0.368168,27,0.527321,27,0,0,0,0.527321,0.527321,0.000000,0.000000,0.527321,0.025208,0,25,1,0,27,13,40,105.000000,70.000000,62.833300,0.357046,0.116225,0.689984,0.000162,-0.021424,0.013042,0.013042,4,0,4,fixed,4,1,1,0,3.000000,4.000000
2,centralized_dqn,centralized_dqn,0,4,5,10,1,1,2,1.001041,70.000000,0.125130,13,0.527321,27,0,1,0,0.527321,0.527321,0.000000,0.000000,0.527321,0.025208,0,25,1,0,27,13,40,105.000000,70.000000,62.833300,0.344761,0.125177,0.689984,0.018286,0.000162,0.032875,0.032875,4,0,4,fixed,4,1,1,0,3.000000,4.000000
2,centralized_dqn,centralized_dqn,0,4,5,11,2,2,3,0.000000,62.833300,1.591513,40,0.527321,27,0,2,0,0.527321,0.527321,0.000000,0.000000,0.527321,0.025208,0,25,1,1,27,13,40,105.000000,70.000000,62.833300,0.952381,1.428571,1.591513,-0.009362,-0.010080,0.000162,0.000000,4,0,4,fixed,4,1,1,0,3.000000,4.000000
2,centralized_dqn,centralized_dqn,0,4,5,12,1,1,2,1.002134,70.000000,0.125267,13,0.527321,27,0,1,0,0.527321,0.527321,0.000000,0.000000,0.527321,0.025208,0,25,1,0,27,13,40,105.000000,70.000000,62.833300,0.344761,0.125131,0.689984,0.018296,0.000162,0.032886,0.032886,4,0,4,fixed,4,1,1,0,3.000000,4.000000
2,centralized_dqn,centralized_dqn,0,4,5,13,2,2,3,0.000000,62.833300,1.591513,40,0.527321,27,0,2,0,0.527321,0.527321,0.000000,0.000000,0.527321,0.025208,0,25,1,1,27,13,40,105.000000,70.000000,62.833300,0.952381,1.428571,1.591513,-0.009362,-0.010080,0.000162,0.000000,4,0,4,fixed,4,1,1,0,3.000000,4.000000
2,centralized_dqn,centralized_dqn,0,4,5,14,2,2,4,0.000000,62.833300,0.636605,40,0.527321,27,0,2,0,0.527321,0.527321,0.000000,0.000000,0.527321,0.025208,0,25,1,-1,27,13,40,105.000000,70.000000,62.833300,0.380952,0.571429,0.636605,-0.011475,-0.010439,0.000162,0.000000,4,0,4,fixed,4,1,1,0,3.000000,4.000000
2,centralized_dqn,centralized_dqn,0,4,5,15,0,0,2,2.892839,105.000000,0.361605,27,0.527321,27,0,0,0,0.527321,0.527321,0.000000,0.000000,0.527321,0.025208,0,25,1,0,27,13,40,105.000000,70.000000,62.833300,0.357345,0.116225,0.689984,0.000162,-0.021431,0.013034,0.013034,4,0,4,fixed,4,1,1,0,3.000000,4.000000
2,centralized_dqn,centralized_dqn,0,4,5,16,0,0,2,2.815242,105.000000,0.351905,27,0.527321,27,0,0,0,0.527321,0.527321,0.000000,0.000000,0.527321,0.025208,0,25,1,0,27,13,40,105.000000,70.000000,62.833300,0.357786,0.116225,0.689984,0.000162,-0.021442,0.013022,0.013022,4,0,4,fixed,4,1,1,0,3.000000,4.000000
2,centralized_dqn,centralized_dqn,0,4,5,17,0,0,2,2.815230,105.000000,0.351904,27,0.527321,27,0,0,0,0.527321,0.527321,0.000000,0.000000,0.527321,0.025208,0,25,1,0,27,13,40,105.000000,70.000000,62.833300,0.357786,0.116225,0.689984,0.000162,-0.021442,0.013022,0.013022,4,0,4,fixed,4,1,1,0,3.000000,4.000000
2,centralized_dqn,centralized_dqn,0,4,5,18,2,2,4,0.000000,62.833300,0.636605,40,0.527321,27,0,2,0,0.527321,0.527321,0.000000,0.000000,0.527321,0.025208,0,25,1,-1,27,13,40,105.000000,70.000000,62.833300,0.380952,0.571429,0.636605,-0.011475,-0.010439,0.000162,0.000000,4,0,4,fixed,4,1,1,0,3.000000,4.000000
2,centralized_dqn,centralized_dqn,0,4,5,19,2,2,3,0.000000,62.833300,1.591513,40,0.527321,27,0,2,0,0.527321,0.527321,0.000000,0.000000,0.527321,0.025208,0,25,1,1,27,13,40,105.000000,70.000000,62.833300,0.952381,1.428571,1.591513,-0.009362,-0.010080,0.000162,0.000000,4,0,4,fixed,4,1,1,0,3.000000,4.000000
2,centralized_dqn,centralized_dqn,0,4,5,20,1,1,1,3.602830,70.000000,1.200943,13,0.527321,27,0,1,0,0.527321,0.527321,0.000000,0.000000,0.527321,0.025208,0,25,1,-1,27,13,40,105.000000,70.000000,62.833300,1.450213,1.176326,1.130523,0.002466,0.000162,0.010199,0.010199,4,0,4,fixed,4,1,1,0,3.000000,4.000000
2,centralized_dqn,centralized_dqn,0,4,5,21,2,2,4,0.000000,62.833300,0.636605,40,0.527321,27,0,2,0,0.527321,0.527321,0.000000,0.000000,0.527321,0.025208,0,25,1,-1,27,13,40,105.000000,70.000000,62.833300,0.380952,0.571429,0.636605,-0.011475,-0.010439,0.000162,0.000000,4,0,4,fixed,4,1,1,0,3.000000,4.000000
2,centralized_dqn,centralized_dqn,0,4,5,22,0,0,2,2.815295,105.000000,0.351912,27,0.527321,27,0,0,0,0.527321,0.527321,0.000000,0.000000,0.527321,0.025208,0,25,1,0,27,13,40,105.000000,70.000000,62.833300,0.357785,0.116225,0.689984,0.000162,-0.021442,0.013022,0.013022,4,0,4,fixed,4,1,1,0,3.000000,4.000000
2,centralized_dqn,centralized_dqn,0,4,5,23,0,0,2,2.814202,105.000000,0.351775,27,0.527321,27,0,0,0,0.527321,0.527321,0.000000,0.000000,0.527321,0.025208,0,25,1,0,27,13,40,105.000000,70.000000,62.833300,0.357791,0.116225,0.689984,0.000162,-0.021442,0.013022,0.013022,4,0,4,fixed,4,1,1,0,3.000000,4.000000
2,centralized_dqn,centralized_dqn,0,4,5,24,2,2,4,0.000000,62.833300,0.636605,40,0.527321,27,0,2,0,0.527321,0.527321,0.000000,0.000000,0.527321,0.025208,0,25,1,-1,27,13,40,105.000000,70.000000,62.833300,0.380952,0.571429,0.636605,-0.011475,-0.010439,0.000162,0.000000,4,0,4,fixed,4,1,1,0,3.000000,4.000000
2,centralized_dqn,centralized_dqn,0,4,5,25,1,1,1,3.288212,70.000000,1.096071,13,0.527321,27,0,1,0,0.527321,0.527321,0.000000,0.000000,0.527321,0.025208,0,25,1,-1,27,13,40,105.000000,70.000000,62.833300,1.450213,1.189435,1.130523,0.002436,0.000162,0.010167,0.010167,4,0,4,fixed,4,1,1,0,3.000000,4.000000
2,centralized_dqn,centralized_dqn,0,4,5,26,0,0,2,2.814195,105.000000,0.351774,27,0.527321,27,0,0,0,0.527321,0.527321,0.000000,0.000000,0.527321,0.025208,0,25,1,0,27,13,40,105.000000,70.000000,62.833300,0.357791,0.116225,0.689984,0.000162,-0.021442,0.013022,0.013022,4,0,4,fixed,4,1,1,0,3.000000,4.000000
2,centralized_dqn,centralized_dqn,0,4,5,27,1,1,1,3.584503,70.000000,1.194834,13,0.527321,27,0,1,0,0.527321,0.527321,0.000000,0.000000,0.527321,0.025208,0,25,1,-1,27,13,40,105.000000,70.000000,62.833300,1.450213,1.177089,1.130523,0.002464,0.000162,0.010197,0.010197,4,0,4,fixed,4,1,1,0,3.000000,4.000000
2,centralized_dqn,centralized_dqn,0,4,5,28,2,2,4,0.000000,62.833300,0.636605,40,0.527321,27,0,2,0,0.527321,0.527321,0.000000,0.000000,0.527321,0.025208,0,25,1,-1,27,13,40,105.000000,70.000000,62.833300,0.380952,0.571429,0.636605,-0.011475,-0.010439,0.000162,0.000000,4,0,4,fixed,4,1,1,0,3.000000,4.000000
2,centralized_dqn,centralized_dqn,0,4,5,29,0,0,2,2.801139,105.000000,0.350142,27,0.527321,27,0,0,0,0.527321,0.527321,0.000000,0.000000,0.527321,0.025208,0,25,1,0,27,13,40,105.000000,70.000000,62.833300,0.357866,0.116225,0.689984,0.000162,-0.021444,0.013020,0.013020,4,0,4,fixed,4,1,1,0,3.000000,4.000000
2,centralized_dqn,centralized_dqn,0,4,5,30,2,2,3,0.000000,62.833300,1.591513,40,0.527321,27,0,2,0,0.527321,0.527321,0.000000,0.000000,0.527321,0.025208,0,25,1,1,27,13,40,105.000000,70.000000,62.833300,0.952381,1.428571,1.591513,-0.009362,-0.010080,0.000162,0.000000,4,0,4,fixed,4,1,1,0,3.000000,4.000000
2,centralized_dqn,centralized_dqn,0,4,5,31,2,2,3,0.000000,62.833300,1.591513,40,0.527321,27,0,2,0,0.527321,0.527321,0.000000,0.000000,0.527321,0.025208,0,25,1,1,27,13,40,105.000000,70.000000,62.833300,0.952381,1.428571,1.591513,-0.009362,-0.010080,0.000162,0.000000,4,0,4,fixed,4,1,1,0,3.000000,4.000000
2,centralized_dqn,centralized_dqn,0,4,5,32,2,2,3,0.000000,62.833300,1.591513,40,0.527321,27,0,2,0,0.527321,0.527321,0.000000,0.000000,0.527321,0.025208,0,25,1,1,27,13,40,105.000000,70.000000,62.833300,0.952381,1.428571,1.591513,-0.009362,-0.010080,0.000162,0.000000,4,0,4,fixed,4,1,1,0,3.000000,4.000000
2,centralized_dqn,centralized_dqn,0,4,5,33,1,1,1,3.654146,70.000000,1.218049,13,0.527321,27,0,1,0,0.527321,0.527321,0.000000,0.000000,0.527321,0.025208,0,25,1,-1,27,13,40,105.000000,70.000000,62.833300,1.450213,1.174188,1.130523,0.002471,0.000162,0.010204,0.010204,4,0,4,fixed,4,1,1,0,3.000000,4.000000
2,centralized_dqn,centralized_dqn,0,4,5,34,2,2,3,0.000000,62.833300,1.591513,40,0.527321,27,0,2,0,0.527321,0.527321,0.000000,0.000000,0.527321,0.025208,0,25,1,1,27,13,40,105.000000,70.000000,62.833300,0.952381,1.428571,1.591513,-0.009362,-0.010080,0.000162,0.000000,4,0,4,fixed,4,1,1,0,3.000000,4.000000
2,centralized_dqn,centralized_dqn,0,4,5,35,0,0,2,2.802209,105.000000,0.350276,27,0.527321,27,0,0,0,0.527321,0.527321,0.000000,0.000000,0.527321,0.025208,0,25,1,0,27,13,40,105.000000,70.000000,62.833300,0.357860,0.116225,0.689984,0.000162,-0.021443,0.013020,0.013020,4,0,4,fixed,4,1,1,0,3.000000,4.000000
2,centralized_dqn,centralized_dqn,0,4,5,36,0,0,2,2.998905,105.000000,0.374863,27,0.527321,27,0,0,0,0.527321,0.527321,0.000000,0.000000,0.527321,0.025208,0,25,1,0,27,13,40,105.000000,70.000000,62.833300,0.356742,0.116225,0.689984,0.000162,-0.021416,0.013051,0.013051,4,0,4,fixed,4,1,1,0,3.000000,4.000000
2,centralized_dqn,centralized_dqn,0,4,5,37,2,2,4,0.000000,62.833300,0.636605,40,0.527321,27,0,2,0,0.527321,0.527321,0.000000,0.000000,0.527321,0.025208,0,25,1,-1,27,13,40,105.000000,70.000000,62.833300,0.380952,0.571429,0.636605,-0.011475,-0.010439,0.000162,0.000000,4,0,4,fixed,4,1,1,0,3.000000,4.000000
2,centralized_dqn,centralized_dqn,0,4,5,38,0,0,2,2.936651,105.000000,0.367081,27,0.527321,27,0,0,0,0.527321,0.527321,0.000000,0.000000,0.527321,0.025208,0,25,1,0,27,13,40,105.000000,70.000000,62.833300,0.357096,0.116225,0.689984,0.000162,-0.021425,0.013041,0.013041,4,0,4,fixed,4,1,1,0,3.000000,4.000000
2,centralized_dqn,centralized_dqn,0,4,5,39,2,2,4,0.000000,62.833300,0.636605,40,0.527321,27,0,2,0,0.527321,0.527321,0.000000,0.000000,0.527321,0.025208,0,25,1,-1,27,13,40,105.000000,70.000000,62.833300,0.380952,0.571429,0.636605,-0.011475,-0.010439,0.000162,0.000000,4,0,4,fixed,4,1,1,0,3.000000,4.000000
2,centralized_dqn,centralized_dqn,0,4,5,40,1,1,1,3.605274,70.000000,1.201758,13,0.527321,27,0,1,0,0.527321,0.527321,0.000000,0.000000,0.527321,0.025208,0,25,1,-1,27,13,40,105.000000,70.000000,62.833300,1.450213,1.176224,1.130523,0.002466,0.000162,0.010199,0.010199,4,0,4,fixed,4,1,1,0,3.000000,4.000000
2,centralized_dqn,centralized_dqn,0,4,5,41,0,0,2,2.936640,105.000000,0.367080,27,0.527321,27,0,0,0,0.527321,0.527321,0.000000,0.000000,0.527321,0.025208,0,25,1,0,27,13,40,105.000000,70.000000,62.833300,0.357096,0.116225,0.689984,0.000162,-0.021425,0.013041,0.013041,4,0,4,fixed,4,1,1,0,3.000000,4.000000
2,centralized_dqn,centralized_dqn,0,4,5,42,2,2,4,0.000000,62.833300,0.636605,40,0.527321,27,0,2,0,0.527321,0.527321,0.000000,0.000000,0.527321,0.025208,0,25,1,-1,27,13,40,105.000000,70.000000,62.833300,0.380952,0.571429,0.636605,-0.011475,-0.010439,0.000162,0.000000,4,0,4,fixed,4,1,1,0,3.000000,4.000000
2,centralized_dqn,centralized_dqn,0,4,5,43,1,1,1,3.540517,70.000000,1.180172,13,0.527321,27,0,1,0,0.527321,0.527321,0.000000,0.000000,0.527321,0.025208,0,25,1,-1,27,13,40,105.000000,70.000000,62.833300,1.450213,1.178922,1.130523,0.002460,0.000162,0.010192,0.010192,4,0,4,fixed,4,1,1,0,3.000000,4.000000
2,centralized_dqn,centralized_dqn,0,4,5,44,2,2,4,0.000000,62.833300,0.636605,40,0.527321,27,0,2,0,0.527321,0.527321,0.000000,0.000000,0.527321,0.025208,0,25,1,-1,27,13,40,105.000000,70.000000,62.833300,0.380952,0.571429,0.636605,-0.011475,-0.010439,0.000162,0.000000,4,0,4,fixed,4,1,1,0,3.000000,4.000000
2,centralized_dqn,centralized_dqn,0,4,5,45,0,0,2,2.815271,105.000000,0.351909,27,0.527321,27,0,0,0,0.527321,0.527321,0.000000,0.000000,0.527321,0.025208,0,25,1,0,27,13,40,105.000000,70.000000,62.833300,0.357785,0.116225,0.689984,0.000162,-0.021442,0.013022,0.013022,4,0,4,fixed,4,1,1,0,3.000000,4.000000
2,centralized_dqn,centralized_dqn,0,4,5,46,0,0,1,4.409962,105.000000,1.469987,27,0.527321,27,0,0,0,0.527321,0.527321,0.000000,0.000000,0.527321,0.025208,0,25,1,1,27,13,40,105.000000,70.000000,62.833300,1.515236,1.094842,1.130523,0.000162,-0.002751,0.007634,0.007634,4,0,4,fixed,4,1,1,0,3.000000,4.000000
2,centralized_dqn,centralized_dqn,0,4,5,47,2,2,3,0.000000,62.833300,1.591513,40,0.527321,27,0,2,0,0.527321,0.527321,0.000000,0.000000,0.527321,0.025208,0,25,1,1,27,13,40,105.000000,70.000000,62.833300,0.952381,1.428571,1.591513,-0.009362,-0.010080,0.000162,0.000000,4,0,4,fixed,4,1,1,0,3.000000,4.000000
2,centralized_dqn,centralized_dqn,0,4,5,48,2,2,4,0.000000,62.833300,0.636605,40,0.527321,27,0,2,0,0.527321,0.527321,0.000000,0.000000,0.527321,0.025208,0,25,1,-1,27,13,40,105.000000,70.000000,62.833300,0.380952,0.571429,0.636605,-0.011475,-0.010439,0.000162,0.000000,4,0,4,fixed,4,1,1,0,3.000000,4.000000
2,centralized_dqn,centralized_dqn,0,4,5,49,0,0,2,2.972631,105.000000,0.371579,27,0.527321,27,0,0,0,0.527321,0.527321,0.000000,0.000000,0.527321,0.025208,0,25,1,0,27,13,40,105.000000,70.000000,62.833300,0.356891,0.116225,0.689984,0.000162,-0.021420,0.013046,0.013046,4,0,4,fixed,4,1,1,0,3.000000,4.000000
2,centralized_dqn,centralized_dqn,0,4,5,50,2,2,3,0.000000,62.833300,1.591513,40,0.527321,27,0,2,0,0.527321,0.527321,0.000000,0.000000,0.527321,0.025208,0,25,1,1,27,13,40,105.000000,70.000000,62.833300,0.952381,1.428571,1.591513,-0.009362,-0.010080,0.000162,0.000000,4,0,4,fixed,4,1,1,0,3.000000,4.000000
2,centralized_dqn,centralized_dqn,0,4,5,51,1,1,1,3.473891,70.000000,1.157964,13,0.527321,27,0,1,0,0.527321,0.527321,0.000000,0.000000,0.527321,0.025208,0,25,1,-1,27,13,40,105.000000,70.000000,62.833300,1.450213,1.181698,1.130523,0.002453,0.000162,0.010186,0.010186,4,0,4,fixed,4,1,1,0,3.000000,4.000000
2,centralized_dqn,centralized_dqn,0,4,5,52,0,0,2,2.814142,105.000000,0.351768,27,0.527321,27,0,0,0,0.527321,0.527321,0.000000,0.000000,0.527321,0.025208,0,25,1,0,27,13,40,105.000000,70.000000,62.833300,0.357792,0.116225,0.689984,0.000162,-0.021442,0.013022,0.013022,4,0,4,fixed,4,1,1,0,3.000000,4.000000
2,centralized_dqn,centralized_dqn,0,4,5,53,2,2,3,0.000000,62.833300,1.591513,40,0.527321,27,0,2,0,0.527321,0.527321,0.000000,0.000000,0.527321,0.025208,0,25,1,1,27,13,40,105.000000,70.000000,62.833300,0.952381,1.428571,1.591513,-0.009362,-0.010080,0.000162,0.000000,4,0,4,fixed,4,1,1,0,3.000000,4.000000
2,centralized_dqn,centralized_dqn,0,4,5,54,2,2,3,0.000000,62.833300,1.591513,40,0.527321,27,0,2,0,0.527321,0.527321,0.000000,0.000000,0.527321,0.025208,0,25,1,1,27,13,40,105.000000,70.000000,62.833300,0.952381,1.428571,1.591513,-0.009362,-0.010080,0.000162,0.000000,4,0,4,fixed,4,1,1,0,3.000000,4.000000
2,centralized_dqn,centralized_dqn,0,4,5,55,2,2,3,0.000000,62.833300,1.591513,40,0.527321,27,0,2,0,0.527321,0.527321,0.000000,0.000000,0.527321,0.025208,0,25,1,1,27,13,40,105.000000,70.000000,62.833300,0.952381,1.428571,1.591513,-0.009362,-0.010080,0.000162,0.000000,4,0,4,fixed,4,1,1,0,3.000000,4.000000
2,centralized_dqn,centralized_dqn,0,4,5,56,2,2,3,0.000000,62.833300,1.591513,40,0.527321,27,0,2,0,0.527321,0.527321,0.000000,0.000000,0.527321,0.025208,0,25,1,1,27,13,40,105.000000,70.000000,62.833300,0.952381,1.428571,1.591513,-0.009362,-0.010080,0.000162,0.000000,4,0,4,fixed,4,1,1,0,3.000000,4.000000
2,centralized_dqn,centralized_dqn,0,4,5,57,0,0,2,2.814154,105.000000,0.351769,27,0.527321,27,0,0,0,0.527321,0.527321,0.000000,0.000000,0.527321,0.025208,0,25,1,0,27,13,40,105.000000,70.000000,62.833300,0.357792,0.116225,0.689984,0.000162,-0.021442,0.013022,0.013022,4,0,4,fixed,4,1,1,0,3.000000,4.000000
2,centralized_dqn,centralized_dqn,0,4,5,58,0,0,1,4.381843,105.000000,1.460614,27,0.527321,27,0,0,0,0.527321,0.527321,0.000000,0.000000,0.527321,0.025208,0,25,1,1,27,13,40,105.000000,70.000000,62.833300,1.518361,1.094842,1.130523,0.000162,-0.002755,0.007629,0.007629,4,0,4,fixed,4,1,1,0,3.000000,4.000000
2,centralized_dqn,centralized_dqn,0,4,5,59,0,0,2,2.842555,105.000000,0.355319,27,0.527321,27,0,0,0,0.527321,0.527321,0.000000,0.000000,0.527321,0.025208,0,25,1,0,27,13,40,105.000000,70.000000,62.833300,0.357630,0.116225,0.689984,0.000162,-0.021438,0.013026,0.013026,4,0,4,fixed,4,1,1,0,3.000000,4.000000
2,centralized_dqn,centralized_dqn,0,4,5,60,0,0,2,2.986846,105.000000,0.373356,27,0.527321,27,0,0,0,0.527321,0.527321,0.000000,0.000000,0.527321,0.025208,0,25,1,0,27,13,40,105.000000,70.000000,62.833300,0.356811,0.116225,0.689984,0.000162,-0.021418,0.013049,0.013049,4,0,4,fixed,4,1,1,0,3.000000,4.000000
2,centralized_dqn,centralized_dqn,0,4,5,61,2,2,4,0.000000,62.833300,0.636605,40,0.527321,27,0,2,0,0.527321,0.527321,0.000000,0.000000,0.527321,0.025208,0,25,1,-1,27,13,40,105.000000,70.000000,62.833300,0.380952,0.571429,0.636605,-0.011475,-0.010439,0.000162,0.000000,4,0,4,fixed,4,1,1,0,3.000000,4.000000
2,centralized_dqn,centralized_dqn,0,4,5,62,0,0,2,2.898371,105.000000,0.362296,27,0.527321,27,0,0,0,0.527321,0.527321,0.000000,0.000000,0.527321,0.025208,0,25,1,0,27,13,40,105.000000,70.000000,62.833300,0.357313,0.116225,0.689984,0.000162,-0.021430,0.013035,0.013035,4,0,4,fixed,4,1,1,0,3.000000,4.000000
2,centralized_dqn,centralized_dqn,0,4,5,63,2,2,4,0.000000,62.833300,0.636605,40,0.527321,27,0,2,0,0.527321,0.527321,0.000000,0.000000,0.527321,0.025208,0,25,1,-1,27,13,40,105.000000,70.000000,62.833300,0.380952,0.571429,0.636605,-0.011475,-0.010439,0.000162,0.000000,4,0,4,fixed,4,1,1,0,3.000000,4.000000
2,centralized_dqn,centralized_dqn,0,4,5,64,2,2,4,0.000000,62.833300,0.636605,40,0.527321,27,0,2,0,0.527321,0.527321,0.000000,0.000000,0.527321,0.025208,0,25,1,-1,27,13,40,105.000000,70.000000,62.833300,0.380952,0.571429,0.636605,-0.011475,-0.010439,0.000162,0.000000,4,0,4,fixed,4,1,1,0,3.000000,4.000000
2,centralized_dqn,centralized_dqn,0,4,5,65,0,0,1,4.867370,105.000000,1.622457,27,0.527321,27,0,0,0,0.527321,0.527321,0.000000,0.000000,0.527321,0.025208,0,25,1,1,27,13,40,105.000000,70.000000,62.833300,1.464413,1.094842,1.130523,0.000162,-0.002675,0.007713,0.007713,4,0,4,fixed,4,1,1,0,3.000000,4.000000
2,centralized_dqn,centralized_dqn,0,4,5,66,2,2,4,0.000000,62.833300,0.636605,40,0.527321,27,0,2,0,0.527321,0.527321,0.000000,0.000000,0.527321,0.025208,0,25,1,-1,27,13,40,105.000000,70.000000,62.833300,0.380952,0.571429,0.636605,-0.011475,-0.010439,0.000162,0.000000,4,0,4,fixed,4,1,1,0,3.000000,4.000000
2,centralized_dqn,centralized_dqn,0,4,5,67,2,2,3,0.000000,62.833300,1.591513,40,0.527321,27,0,2,0,0.527321,0.527321,0.000000,0.000000,0.527321,0.025208,0,25,1,1,27,13,40,105.000000,70.000000,62.833300,0.952381,1.428571,1.591513,-0.009362,-0.010080,0.000162,0.000000,4,0,4,fixed,4,1,1,0,3.000000,4.000000
2,centralized_dqn,centralized_dqn,0,4,5,68,2,2,1,3.444251,62.833300,1.148084,40,0.527321,27,0,2,0,0.527321,0.527321,0.000000,0.000000,0.527321,0.025208,0,25,1,1,27,13,40,105.000000,70.000000,62.833300,1.450213,1.094842,1.169488,-0.007458,-0.010107,0.000162,0.000000,4,0,4,fixed,4,1,1,0,3.000000,4.000000
2,centralized_dqn,centralized_dqn,0,4,5,69,2,2,4,0.000000,62.833300,0.636605,40,0.527321,27,0,2,0,0.527321,0.527321,0.000000,0.000000,0.527321,0.025208,0,25,1,-1,27,13,40,105.000000,70.000000,62.833300,0.380952,0.571429,0.636605,-0.011475,-0.010439,0.000162,0.000000,4,0,4,fixed,4,1,1,0,3.000000,4.000000
2,centralized_dqn,centralized_dqn,0,4,5,70,0,0,2,2.816381,105.000000,0.352048,27,0.527321,27,0,0,0,0.527321,0.527321,0.000000,0.000000,0.527321,0.025208,0,25,1,0,27,13,40,105.000000,70.000000,62.833300,0.357779,0.116225,0.689984,0.000162,-0.021441,0.013022,0.013022,4,0,4,fixed,4,1,1,0,3.000000,4.000000
2,centralized_dqn,centralized_dqn,0,4,5,71,0,0,2,2.816417,105.000000,0.352052,27,0.527321,27,0,0,0,0.527321,0.527321,0.000000,0.000000,0.527321,0.025208,0,25,1,0,27,13,40,105.000000,70.000000,62.833300,0.357779,0.116225,0.689984,0.000162,-0.021441,0.013022,0.013022,4,0,4,fixed,4,1,1,0,3.000000,4.000000
2,centralized_dqn,centralized_dqn,0,4,5,72,0,0,1,4.387915,105.000000,1.462638,27,0.527321,27,0,0,0,0.527321,0.527321,0.000000,0.000000,0.527321,0.025208,0,25,1,1,27,13,40,105.000000,70.000000,62.833300,1.517686,1.094842,1.130523,0.000162,-0.002754,0.007630,0.007630,4,0,4,fixed,4,1,1,0,3.000000,4.000000
2,centralized_dqn,centralized_dqn,0,4,5,73,2,2,1,3.508463,62.833300,1.169488,40,0.527321,27,0,2,0,0.527321,0.527321,0.000000,0.000000,0.527321,0.025208,0,25,1,1,27,13,40,105.000000,70.000000,62.833300,1.450213,1.094842,1.148084,-0.007406,-0.010055,0.000162,0.000000,4,0,4,fixed,4,1,1,0,3.000000,4.000000
2,centralized_dqn,centralized_dqn,0,4,5,74,0,0,2,2.817498,105.000000,0.352187,27,0.527321,27,0,0,0,0.527321,0.527321,0.000000,0.000000,0.527321,0.025208,0,25,1,0,27,13,40,105.000000,70.000000,62.833300,0.357773,0.116225,0.689984,0.000162,-0.021441,0.013022,0.013022,4,0,4,fixed,4,1,1,0,3.000000,4.000000
2,centralized_dqn,centralized_dqn,0,4,5,75,2,2,3,0.000000,62.833300,1.591513,40,0.527321,27,0,2,0,0.527321,0.527321,0.000000,0.000000,0.527321,0.025208,0,25,1,1,27,13,40,105.000000,70.000000,62.833300,0.952381,1.428571,1.591513,-0.009362,-0.010080,0.000162,0.000000,4,0,4,fixed,4,1,1,0,3.000000,4.000000
2,centralized_dqn,centralized_dqn,0,4,5,76,2,2,2,5.720149,62.833300,0.715019,40,0.527321,27,0,2,0,0.527321,0.527321,0.000000,0.000000,0.527321,0.025208,0,25,1,-1,27,13,40,105.000000,70.000000,62.833300,0.344761,0.116225,0.699449,-0.012975,-0.032899,0.000162,0.000000,4,0,4,fixed,4,1,1,0,3.000000,4.000000
2,centralized_dqn,centralized_dqn,0,4,5,77,2,2,2,5.595595,62.833300,0.699449,40,0.527321,27,0,2,0,0.527321,0.527321,0.000000,0.000000,0.527321,0.025208,0,25,1,-1,27,13,40,105.000000,70.000000,62.833300,0.344761,0.116225,0.715019,-0.013076,-0.032992,0.000162,0.000000,4,0,4,fixed,4,1,1,0,3.000000,4.000000
2,centralized_dqn,centralized_dqn,0,4,5,78,2,2,4,0.000000,62.833300,0.636605,40,0.527321,27,0,2,0,0.527321,0.527321,0.000000,0.000000,0.527321,0.025208,0,25,1,-1,27,13,40,105.000000,70.000000,62.833300,0.380952,0.571429,0.636605,-0.011475,-0.010439,0.000162,0.000000,4,0,4,fixed,4,1,1,0,3.000000,4.000000
2,centralized_dqn,centralized_dqn,0,4,5,79,0,0,2,2.803336,105.000000,0.350417,27,0.527321,27,0,0,0,0.527321,0.527321,0.000000,0.000000,0.527321,0.025208,0,25,1,0,27,13,40,105.000000,70.000000,62.833300,0.357853,0.116225,0.689984,0.000162,-0.021443,0.013020,0.013020,4,0,4,fixed,4,1,1,0,3.000000,4.000000
2,centralized_dqn,centralized_dqn,0,4,5,80,2,2,3,0.000000,62.833300,1.591513,40,0.527321,27,0,2,0,0.527321,0.527321,0.000000,0.000000,0.527321,0.025208,0,25,1,1,27,13,40,105.000000,70.000000,62.833300,0.952381,1.428571,1.591513,-0.009362,-0.010080,0.000162,0.000000,4,0,4,fixed,4,1,1,0,3.000000,4.000000
