seed,method,effective_method,bootstrap_cycle_flag,max_switches,cycle_id,ue_id,previous_bs_id,current_bs_id,app_type,tp_mbps,rtt_ms,satisfaction,num_users_on_current_bs,harmonic_mean,num_unsatisfied_users,target_ue_flag,action_selected_bs_id,switch_flag,h_before,h_after_estimated,reward,estimated_reward,h_after_measured,measured_reward,switch_count,num_degraded_users,measurement_valid,candidate_type,num_users_ap0,num_users_ap1,num_users_ap2,monitor_rtt_ap0,monitor_rtt_ap1,monitor_rtt_ap2,estimated_satisfaction_if_ap0,estimated_satisfaction_if_ap1,estimated_satisfaction_if_ap2,estimated_h_delta_if_ap0,estimated_h_delta_if_ap1,estimated_h_delta_if_ap2,best_estimated_h_delta,effective_max_switches,applied_switches_in_cycle,remaining_switch_budget,k_schedule_type,k_max,k_min,k_decay_rate,stop_action_flag,warmup_before_cycle_sec,cycle_start_offset_sec
1002,centralized_dqn,logistic_bootstrap,1,4,1,1,0,0,4,0.000000,94.000000,0.425532,30,0.310341,36,0,2,1,0.310341,0.848836,0.538495,0.538495,0.310341,0.000000,59,0,1,0,30,22,28,94.000000,80.666700,65.666700,0.425532,0.495868,0.609137,0.006703,0.006563,0.001291,0.006563,4,59,0,fixed,4,1,1,0,3.000000,4.000000
1002,centralized_dqn,logistic_bootstrap,1,4,1,2,0,0,2,6.186931,94.000000,0.773366,30,0.310341,36,0,0,0,0.310341,0.848836,0.538495,0.538495,0.310341,0.000000,59,0,1,-1,30,22,28,94.000000,80.666700,65.666700,0.707427,0.379252,0.088931,0.006703,0.004562,-0.011051,0.004562,4,59,0,fixed,4,1,1,0,3.000000,4.000000
1002,centralized_dqn,logistic_bootstrap,1,4,1,3,1,1,1,3.507798,80.666700,1.169266,22,0.310341,36,0,1,0,0.310341,0.848836,0.538495,0.538495,0.310341,0.000000,59,0,1,-1,30,22,28,94.000000,80.666700,65.666700,1.130906,1.168765,0.592033,0.007178,0.006703,-0.000081,0.007178,4,59,0,fixed,4,1,1,0,3.000000,4.000000
1002,centralized_dqn,logistic_bootstrap,1,4,1,4,1,1,2,3.822936,80.666700,0.477867,22,0.310341,36,0,0,1,0.310341,0.848836,0.538495,0.538495,0.310341,0.000000,59,0,1,0,30,22,28,94.000000,80.666700,65.666700,0.692583,0.384865,0.088931,0.008576,0.006703,-0.009295,0.008576,4,59,0,fixed,4,1,1,0,3.000000,4.000000
1002,centralized_dqn,logistic_bootstrap,1,4,1,5,2,2,1,1.857612,65.666700,0.619204,28,0.310341,36,0,1,1,0.310341,0.848836,0.538495,0.538495,0.310341,0.000000,59,0,1,-1,30,22,28,94.000000,80.666700,65.666700,1.130906,1.118069,0.611670,0.014139,0.013541,0.006703,0.014139,4,59,0,fixed,4,1,1,0,3.000000,4.000000
1002,centralized_dqn,logistic_bootstrap,1,4,1,6,0,0,3,0.000000,94.000000,1.063830,30,0.310341,36,0,2,1,0.310341,0.848836,0.538495,0.538495,0.310341,0.000000,59,0,1,1,30,22,28,94.000000,80.666700,65.666700,1.063830,1.239669,1.522842,0.006703,0.006312,0.000776,0.006312,4,59,0,fixed,4,1,1,0,3.000000,4.000000
1002,centralized_dqn,logistic_bootstrap,1,4,1,7,0,0,4,0.000000,94.000000,0.425532,30,0.310341,36,0,2,1,0.310341,0.848836,0.538495,0.538495,0.310341,0.000000,59,0,1,0,30,22,28,94.000000,80.666700,65.666700,0.425532,0.495868,0.609137,0.006703,0.006563,0.001291,0.006563,4,59,0,fixed,4,1,1,0,3.000000,4.000000
1002,centralized_dqn,logistic_bootstrap,1,4,1,8,2,2,4,0.000000,65.666700,0.609137,28,0.310341,36,0,2,0,0.310341,0.848836,0.538495,0.538495,0.310341,0.000000,59,0,1,-1,30,22,28,94.000000,80.666700,65.666700,0.425532,0.495868,0.609137,0.012306,0.012161,0.006703,0.012306,4,59,0,fixed,4,1,1,0,3.000000,4.000000
1002,centralized_dqn,logistic_bootstrap,1,4,1,9,2,2,3,0.000000,65.666700,1.522842,28,0.310341,36,0,2,0,0.310341,0.848836,0.538495,0.538495,0.310341,0.000000,59,0,1,1,30,22,28,94.000000,80.666700,65.666700,1.063830,1.239669,1.522842,0.012860,0.012454,0.006703,0.012860,4,59,0,fixed,4,1,1,0,3.000000,4.000000
1002,centralized_dqn,logistic_bootstrap,1,4,1,10,1,1,2,3.818480,80.666700,0.477310,22,0.310341,36,0,0,1,0.310341,0.848836,0.538495,0.538495,0.310341,0.000000,59,0,1,0,30,22,28,94.000000,80.666700,65.666700,0.692583,0.384945,0.088931,0.008575,0.006703,-0.009296,0.008575,4,59,0,fixed,4,1,1,0,3.000000,4.000000
1002,centralized_dqn,logistic_bootstrap,1,4,1,11,1,1,4,0.000000,80.666700,0.495868,22,0.310341,36,0,2,1,0.310341,0.848836,0.538495,0.538495,0.310341,0.000000,59,0,1,0,30,22,28,94.000000,80.666700,65.666700,0.425532,0.495868,0.609137,0.006844,0.006703,0.001427,0.006844,4,59,0,fixed,4,1,1,0,3.000000,4.000000
1002,centralized_dqn,logistic_bootstrap,1,4,1,12,1,1,2,3.821782,80.666700,0.477723,22,0.310341,36,0,0,1,0.310341,0.848836,0.538495,0.538495,0.310341,0.000000,59,0,1,0,30,22,28,94.000000,80.666700,65.666700,0.692583,0.384886,0.088931,0.008575,0.006703,-0.009296,0.008575,4,59,0,fixed,4,1,1,0,3.000000,4.000000
1002,centralized_dqn,logistic_bootstrap,1,4,1,13,0,0,4,0.000000,94.000000,0.425532,30,0.310341,36,0,2,1,0.310341,0.848836,0.538495,0.538495,0.310341,0.000000,59,0,1,0,30,22,28,94.000000,80.666700,65.666700,0.425532,0.495868,0.609137,0.006703,0.006563,0.001291,0.006563,4,59,0,fixed,4,1,1,0,3.000000,4.000000
1002,centralized_dqn,logistic_bootstrap,1,4,1,14,0,0,3,0.000000,94.000000,1.063830,30,0.310341,36,0,2,1,0.310341,0.848836,0.538495,0.538495,0.310341,0.000000,59,0,1,1,30,22,28,94.000000,80.666700,65.666700,1.063830,1.239669,1.522842,0.006703,0.006312,0.000776,0.006312,4,59,0,fixed,4,1,1,0,3.000000,4.000000
1002,centralized_dqn,logistic_bootstrap,1,4,1,15,2,2,1,1.853336,65.666700,0.617779,28,0.310341,36,0,1,1,0.310341,0.848836,0.538495,0.538495,0.310341,0.000000,59,0,1,-1,30,22,28,94.000000,80.666700,65.666700,1.130906,1.118069,0.612026,0.014138,0.013540,0.006703,0.014138,4,59,0,fixed,4,1,1,0,3.000000,4.000000
1002,centralized_dqn,logistic_bootstrap,1,4,1,16,0,0,4,0.000000,94.000000,0.425532,30,0.310341,36,0,2,1,0.310341,0.848836,0.538495,0.538495,0.310341,0.000000,59,0,1,0,30,22,28,94.000000,80.666700,65.666700,0.425532,0.495868,0.609137,0.006703,0.006563,0.001291,0.006563,4,59,0,fixed,4,1,1,0,3.000000,4.000000
1002,centralized_dqn,logistic_bootstrap,1,4,1,17,2,2,3,0.000000,65.666700,1.522842,28,0.310341,36,0,2,0,0.310341,0.848836,0.538495,0.538495,0.310341,0.000000,59,0,1,1,30,22,28,94.000000,80.666700,65.666700,1.063830,1.239669,1.522842,0.012860,0.012454,0.006703,0.012860,4,59,0,fixed,4,1,1,0,3.000000,4.000000
1002,centralized_dqn,logistic_bootstrap,1,4,1,18,0,0,1,3.505858,94.000000,1.168619,30,0.310341,36,0,1,1,0.310341,0.848836,0.538495,0.538495,0.310341,0.000000,59,0,1,1,30,22,28,94.000000,80.666700,65.666700,1.168601,1.118069,0.592033,0.006703,0.006061,-0.000603,0.006061,4,59,0,fixed,4,1,1,0,3.000000,4.000000
1002,centralized_dqn,logistic_bootstrap,1,4,1,19,2,2,2,0.736662,65.666700,0.092083,28,0.310341,36,0,0,1,0.310341,0.848836,0.538495,0.538495,0.310341,0.000000,59,0,1,0,30,22,28,94.000000,80.666700,65.666700,0.692583,0.379252,0.092109,0.025490,0.023196,0.006703,0.025490,4,59,0,fixed,4,1,1,0,3.000000,4.000000
1002,centralized_dqn,logistic_bootstrap,1,4,1,20,1,1,4,0.000000,80.666700,0.495868,22,0.310341,36,0,2,1,0.310341,0.848836,0.538495,0.538495,0.310341,0.000000,59,0,1,0,30,22,28,94.000000,80.666700,65.666700,0.425532,0.495868,0.609137,0.006844,0.006703,0.001427,0.006844,4,59,0,fixed,4,1,1,0,3.000000,4.000000
1002,centralized_dqn,logistic_bootstrap,1,4,1,21,2,2,2,0.736556,65.666700,0.092069,28,0.310341,36,1,0,1,0.310341,0.848836,0.538495,0.538495,0.310341,0.000000,59,0,1,0,30,22,28,94.000000,80.666700,65.666700,0.692583,0.379252,0.092110,0.025489,0.023196,0.006703,0.025489,4,59,0,fixed,4,1,1,0,3.000000,4.000000
1002,centralized_dqn,logistic_bootstrap,1,4,1,22,1,1,3,0.000000,80.666700,1.239669,22,0.310341,36,0,2,1,0.310341,0.848836,0.538495,0.538495,0.310341,0.000000,59,0,1,-1,30,22,28,94.000000,80.666700,65.666700,1.063830,1.239669,1.522842,0.007095,0.006703,0.001154,0.007095,4,59,0,fixed,4,1,1,0,3.000000,4.000000
1002,centralized_dqn,logistic_bootstrap,1,4,1,23,0,0,3,0.000000,94.000000,1.063830,30,0.310341,36,0,2,1,0.310341,0.848836,0.538495,0.538495,0.310341,0.000000,59,0,1,1,30,22,28,94.000000,80.666700,65.666700,1.063830,1.239669,1.522842,0.006703,0.006312,0.000776,0.006312,4,59,0,fixed,4,1,1,0,3.000000,4.000000
1002,centralized_dqn,logistic_bootstrap,1,4,1,24,1,1,1,3.507296,80.666700,1.169099,22,0.310341,36,0,1,0,0.310341,0.848836,0.538495,0.538495,0.310341,0.000000,59,0,1,-1,30,22,28,94.000000,80.666700,65.666700,1.130906,1.168821,0.592033,0.007178,0.006703,-0.000081,0.007178,4,59,0,fixed,4,1,1,0,3.000000,4.000000
1002,centralized_dqn,logistic_bootstrap,1,4,1,25,1,1,2,3.821817,80.666700,0.477727,22,0.310341,36,0,0,1,0.310341,0.848836,0.538495,0.538495,0.310341,0.000000,59,0,1,0,30,22,28,94.000000,80.666700,65.666700,0.692583,0.384885,0.088931,0.008575,0.006703,-0.009296,0.008575,4,59,0,fixed,4,1,1,0,3.000000,4.000000
1002,centralized_dqn,logistic_bootstrap,1,4,1,26,2,2,4,0.000000,65.666700,0.609137,28,0.310341,36,0,2,0,0.310341,0.848836,0.538495,0.538495,0.310341,0.000000,59,0,1,-1,30,22,28,94.000000,80.666700,65.666700,0.425532,0.495868,0.609137,0.012306,0.012161,0.006703,0.012306,4,59,0,fixed,4,1,1,0,3.000000,4.000000
1002,centralized_dqn,logistic_bootstrap,1,4,1,27,1,1,2,3.819615,80.666700,0.477452,22,0.310341,36,0,0,1,0.310341,0.848836,0.538495,0.538495,0.310341,0.000000,59,0,1,0,30,22,28,94.000000,80.666700,65.666700,0.692583,0.384925,0.088931,0.008575,0.006703,-0.009296,0.008575,4,59,0,fixed,4,1,1,0,3.000000,4.000000
1002,centralized_dqn,logistic_bootstrap,1,4,1,28,2,2,2,0.736585,65.666700,0.092073,28,0.310341,36,0,0,1,0.310341,0.848836,0.538495,0.538495,0.310341,0.000000,59,0,1,0,30,22,28,94.000000,80.666700,65.666700,0.692583,0.379252,0.092109,0.025490,0.023196,0.006703,0.025490,4,59,0,fixed,4,1,1,0,3.000000,4.000000
1002,centralized_dqn,logistic_bootstrap,1,4,1,29,2,2,2,0.736638,65.666700,0.092080,28,0.310341,36,0,0,1,0.310341,0.848836,0.538495,0.538495,0.310341,0.000000,59,0,1,0,30,22,28,94.000000,80.666700,65.666700,0.692583,0.379252,0.092109,0.025490,0.023196,0.006703,0.025490,4,59,0,fixed,4,1,1,0,3.000000,4.000000
1002,centralized_dqn,logistic_bootstrap,1,4,1,30,0,0,3,0.000000,94.000000,1.063830,30,0.310341,36,0,2,1,0.310341,0.848836,0.538495,0.538495,0.310341,0.000000,59,0,1,1,30,22,28,94.000000,80.666700,65.666700,1.063830,1.239669,1.522842,0.006703,0.006312,0.000776,0.006312,4,59,0,fixed,4,1,1,0,3.000000,4.000000
1002,centralized_dqn,logistic_bootstrap,1,4,1,31,0,0,1,3.507134,94.000000,1.169045,30,0.310341,36,0,1,1,0.310341,0.848836,0.538495,0.538495,0.310341,0.000000,59,0,1,1,30,22,28,94.000000,80.666700,65.666700,1.168547,1.118069,0.592033,0.006703,0.006061,-0.000603,0.006061,4,59,0,fixed,4,1,1,0,3.000000,4.000000
1002,centralized_dqn,logistic_bootstrap,1,4,1,32,1,1,1,3.506685,80.666700,1.168895,22,0.310341,36,0,1,0,0.310341,0.848836,0.538495,0.538495,0.310341,0.000000,59,0,1,-1,30,22,28,94.000000,80.666700,65.666700,1.130906,1.168889,0.592033,0.007178,0.006703,-0.000081,0.007178,4,59,0,fixed,4,1,1,0,3.000000,4.000000
1002,centralized_dqn,logistic_bootstrap,1,4,1,33,0,0,2,5.657872,94.000000,0.707234,30,0.310341,36,0,0,0,0.310341,0.848836,0.538495,0.538495,0.310341,0.000000,59,0,1,-1,30,22,28,94.000000,80.666700,65.666700,0.716875,0.379252,0.088931,0.006703,0.004540,-0.011071,0.004540,4,59,0,fixed,4,1,1,0,3.000000,4.000000
1002,centralized_dqn,logistic_bootstrap,1,4,1,34,2,2,2,0.736626,65.666700,0.092078,28,0.310341,36,0,0,1,0.310341,0.848836,0.538495,0.538495,0.310341,0.000000,59,0,1,0,30,22,28,94.000000,80.666700,65.666700,0.692583,0.379252,0.092109,0.025490,0.023196,0.006703,0.025490,4,59,0,fixed,4,1,1,0,3.000000,4.000000
1002,centralized_dqn,logistic_bootstrap,1,4,1,35,1,1,2,0.868816,80.666700,0.108602,22,0.310341,36,0,0,1,0.310341,0.848836,0.538495,0.538495,0.310341,0.000000,59,0,1,0,30,22,28,94.000000,80.666700,65.666700,0.692583,0.437617,0.088931,0.008196,0.006703,-0.009634,0.008196,4,59,0,fixed,4,1,1,0,3.000000,4.000000
1002,centralized_dqn,logistic_bootstrap,1,4,1,36,2,2,3,0.000000,65.666700,1.522842,28,0.310341,36,0,2,0,0.310341,0.848836,0.538495,0.538495,0.310341,0.000000,59,0,1,1,30,22,28,94.000000,80.666700,65.666700,1.063830,1.239669,1.522842,0.012860,0.012454,0.006703,0.012860,4,59,0,fixed,4,1,1,0,3.000000,4.000000
1002,centralized_dqn,logistic_bootstrap,1,4,1,37,0,0,2,5.657861,94.000000,0.707233,30,0.310341,36,0,0,0,0.310341,0.848836,0.538495,0.538495,0.310341,0.000000,59,0,1,-1,30,22,28,94.000000,80.666700,65.666700,0.716875,0.379252,0.088931,0.006703,0.004540,-0.011071,0.004540,4,59,0,fixed,4,1,1,0,3.000000,4.000000
1002,centralized_dqn,logistic_bootstrap,1,4,1,38,2,2,4,0.000000,65.666700,0.609137,28,0.310341,36,0,2,0,0.310341,0.848836,0.538495,0.538495,0.310341,0.000000,59,0,1,-1,30,22,28,94.000000,80.666700,65.666700,0.425532,0.495868,0.609137,0.012306,0.012161,0.006703,0.012306,4,59,0,fixed,4,1,1,0,3.000000,4.000000
1002,centralized_dqn,logistic_bootstrap,1,4,1,39,0,0,2,5.658942,94.000000,0.707368,30,0.310341,36,0,0,0,0.310341,0.848836,0.538495,0.538495,0.310341,0.000000,59,0,1,-1,30,22,28,94.000000,80.666700,65.666700,0.716856,0.379252,0.088931,0.006703,0.004540,-0.011071,0.004540,4,59,0,fixed,4,1,1,0,3.000000,4.000000
1002,centralized_dqn,logistic_bootstrap,1,4,1,40,2,2,4,0.000000,65.666700,0.609137,28,0.310341,36,0,2,0,0.310341,0.848836,0.538495,0.538495,0.310341,0.000000,59,0,1,-1,30,22,28,94.000000,80.666700,65.666700,0.425532,0.495868,0.609137,0.012306,0.012161,0.006703,0.012306,4,59,0,fixed,4,1,1,0,3.000000,4.000000
1002,centralized_dqn,logistic_bootstrap,1,4,1,41,0,0,4,0.000000,94.000000,0.425532,30,0.310341,36,0,2,1,0.310341,0.848836,0.538495,0.538495,0.310341,0.000000,59,0,1,0,30,22,28,94.000000,80.666700,65.666700,0.425532,0.495868,0.609137,0.006703,0.006563,0.001291,0.006563,4,59,0,fixed,4,1,1,0,3.000000,4.000000
1002,centralized_dqn,logistic_bootstrap,1,4,1,42,0,0,1,3.505858,94.000000,1.168619,30,0.310341,36,0,1,1,0.310341,0.848836,0.538495,0.538495,0.310341,0.000000,59,0,1,1,30,22,28,94.000000,80.666700,65.666700,1.168601,1.118069,0.592033,0.006703,0.006061,-0.000603,0.006061,4,59,0,fixed,4,1,1,0,3.000000,4.000000
1002,centralized_dqn,logistic_bootstrap,1,4,1,43,2,2,1,1.889380,65.666700,0.629793,28,0.310341,36,0,1,1,0.310341,0.848836,0.538495,0.538495,0.310341,0.000000,59,0,1,-1,30,22,28,94.000000,80.666700,65.666700,1.130906,1.118069,0.609022,0.014148,0.013550,0.006703,0.014148,4,59,0,fixed,4,1,1,0,3.000000,4.000000
1002,centralized_dqn,logistic_bootstrap,1,4,1,44,0,0,1,3.505247,94.000000,1.168416,30,0.310341,36,0,1,1,0.310341,0.848836,0.538495,0.538495,0.310341,0.000000,59,0,1,1,30,22,28,94.000000,80.666700,65.666700,1.168626,1.118069,0.592033,0.006703,0.006061,-0.000603,0.006061,4,59,0,fixed,4,1,1,0,3.000000,4.000000
1002,centralized_dqn,logistic_bootstrap,1,4,1,45,1,1,3,0.000000,80.666700,1.239669,22,0.310341,36,0,2,1,0.310341,0.848836,0.538495,0.538495,0.310341,0.000000,59,0,1,-1,30,22,28,94.000000,80.666700,65.666700,1.063830,1.239669,1.522842,0.007095,0.006703,0.001154,0.007095,4,59,0,fixed,4,1,1,0,3.000000,4.000000
1002,centralized_dqn,logistic_bootstrap,1,4,1,46,0,0,2,5.658954,94.000000,0.707369,30,0.310341,36,0,0,0,0.310341,0.848836,0.538495,0.538495,0.310341,0.000000,59,0,1,-1,30,22,28,94.000000,80.666700,65.666700,0.716855,0.379252,0.088931,0.006703,0.004540,-0.011071,0.004540,4,59,0,fixed,4,1,1,0,3.000000,4.000000
1002,centralized_dqn,logistic_bootstrap,1,4,1,47,0,0,4,0.000000,94.000000,0.425532,30,0.310341,36,0,2,1,0.310341,0.848836,0.538495,0.538495,0.310341,0.000000,59,0,1,0,30,22,28,94.000000,80.666700,65.666700,0.425532,0.495868,0.609137,0.006703,0.006563,0.001291,0.006563,4,59,0,fixed,4,1,1,0,3.000000,4.000000
1002,centralized_dqn,logistic_bootstrap,1,4,1,48,0,0,3,0.000000,94.000000,1.063830,30,0.310341,36,0,2,1,0.310341,0.848836,0.538495,0.538495,0.310341,0.000000,59,0,1,1,30,22,28,94.000000,80.666700,65.666700,1.063830,1.239669,1.522842,0.006703,0.006312,0.000776,0.006312,4,59,0,fixed,4,1,1,0,3.000000,4.000000
1002,centralized_dqn,logistic_bootstrap,1,4,1,49,0,0,1,3.504690,94.000000,1.168230,30,0.310341,36,0,1,1,0.310341,0.848836,0.538495,0.538495,0.310341,0.000000,59,0,1,1,30,22,28,94.000000,80.666700,65.666700,1.168649,1.118069,0.592033,0.006703,0.006061,-0.000603,0.006061,4,59,0,fixed,4,1,1,0,3.000000,4.000000
1002,centralized_dqn,logistic_bootstrap,1,4,1,50,0,0,2,5.661117,94.000000,0.707640,30,0.310341,36,0,0,0,0.310341,0.848836,0.538495,0.538495,0.310341,0.000000,59,0,1,-1,30,22,28,94.000000,80.666700,65.666700,0.716817,0.379252,0.088931,0.006703,0.004540,-0.011071,0.004540,4,59,0,fixed,4,1,1,0,3.000000,4.000000
1002,centralized_dqn,logistic_bootstrap,1,4,1,51,1,1,4,0.000000,80.666700,0.495868,22,0.310341,36,0,2,1,0.310341,0.848836,0.538495,0.538495,0.310341,0.000000,59,0,1,0,30,22,28,94.000000,80.666700,65.666700,0.425532,0.495868,0.609137,0.006844,0.006703,0.001427,0.006844,4,59,0,fixed,4,1,1,0,3.000000,4.000000
1002,centralized_dqn,logistic_bootstrap,1,4,1,52,1,1,4,0.000000,80.666700,0.495868,22,0.310341,36,0,2,1,0.310341,0.848836,0.538495,0.538495,0.310341,0.000000,59,0,1,0,30,22,28,94.000000,80.666700,65.666700,0.425532,0.495868,0.609137,0.006844,0.006703,0.001427,0.006844,4,59,0,fixed,4,1,1,0,3.000000,4.000000
1002,centralized_dqn,logistic_bootstrap,1,4,1,53,2,2,2,0.736615,65.666700,0.092077,28,0.310341,36,0,0,1,0.310341,0.848836,0.538495,0.538495,0.310341,0.000000,59,0,1,0,30,22,28,94.000000,80.666700,65.666700,0.692583,0.379252,0.092109,0.025490,0.023196,0.006703,0.025490,4,59,0,fixed,4,1,1,0,3.000000,4.000000
1002,centralized_dqn,logistic_bootstrap,1,4,1,54,2,2,2,0.736609,65.666700,0.092076,28,0.310341,36,0,0,1,0.310341,0.848836,0.538495,0.538495,0.310341,0.000000,59,0,1,0,30,22,28,94.000000,80.666700,65.666700,0.692583,0.379252,0.092109,0.025490,0.023196,0.006703,0.025490,4,59,0,fixed,4,1,1,0,3.000000,4.000000
1002,centralized_dqn,logistic_bootstrap,1,4,1,55,0,0,1,3.506469,94.000000,1.168823,30,0.310341,36,0,1,1,0.310341,0.848836,0.538495,0.538495,0.310341,0.000000,59,0,1,1,30,22,28,94.000000,80.666700,65.666700,1.168575,1.118069,0.592033,0.006703,0.006061,-0.000603,0.006061,4,59,0,fixed,4,1,1,0,3.000000,4.000000
1002,centralized_dqn,logistic_bootstrap,1,4,1,56,2,2,1,1.799576,65.666700,0.599859,28,0.310341,36,0,1,1,0.310341,0.848836,0.538495,0.538495,0.310341,0.000000,59,0,1,-1,30,22,28,94.000000,80.666700,65.666700,1.130906,1.118069,0.616506,0.014123,0.013525,0.006703,0.014123,4,59,0,fixed,4,1,1,0,3.000000,4.000000
1002,centralized_dqn,logistic_bootstrap,1,4,1,57,1,1,3,0.000000,80.666700,1.239669,22,0.310341,36,0,2,1,0.310341,0.848836,0.538495,0.538495,0.310341,0.000000,59,0,1,-1,30,22,28,94.000000,80.666700,65.666700,1.063830,1.239669,1.522842,0.007095,0.006703,0.001154,0.007095,4,59,0,fixed,4,1,1,0,3.000000,4.000000
1002,centralized_dqn,logistic_bootstrap,1,4,1,58,2,2,2,0.736626,65.666700,0.092078,28,0.310341,36,0,0,1,0.310341,0.848836,0.538495,0.538495,0.310341,0.000000,59,0,1,0,30,22,28,94.000000,80.666700,65.666700,0.692583,0.379252,0.092109,0.025490,0.023196,0.006703,0.025490,4,59,0,fixed,4,1,1,0,3.000000,4.000000
1002,centralized_dqn,logistic_bootstrap,1,4,1,59,2,2,3,0.000000,65.666700,1.522842,28,0.310341,36,0,2,0,0.310341,0.848836,0.538495,0.538495,0.310341,0.000000,59,0,1,1,30,22,28,94.000000,80.666700,65.666700,1.063830,1.239669,1.522842,0.012860,0.012454,0.006703,0.012860,4,59,0,fixed,4,1,1,0,3.000000,4.000000
1002,centralized_dqn,logistic_bootstrap,1,4,1,60,1,1,1,3.504906,80.666700,1.168302,22,0.310341,36,0,1,0,0.310341,0.848836,0.538495,0.538495,0.310341,0.000000,59,0,1,-1,30,22,28,94.000000,80.666700,65.666700,1.130906,1.169087,0.592033,0.007178,0.006703,-0.000081,0.007178,4,59,0,fixed,4,1,1,0,3.000000,4.000000
1002,centralized_dqn,logistic_bootstrap,1,4,1,61,1,1,2,2.446810,80.666700,0.305851,22,0.310341,36,0,0,1,0.310341,0.848836,0.538495,0.538495,0.310341,0.000000,59,0,1,0,30,22,28,94.000000,80.666700,65.666700,0.692583,0.409439,0.088931,0.008386,0.006703,-0.009464,0.008386,4,59,0,fixed,4,1,1,0,3.000000,4.000000
1002,centralized_dqn,logistic_bootstrap,1,4,1,62,0,0,1,3.504025,94.000000,1.168008,30,0.310341,36,0,1,1,0.310341,0.848836,0.538495,0.538495,0.310341,0.000000,59,0,1,1,30,22,28,94.000000,80.666700,65.666700,1.168677,1.118069,0.592033,0.006703,0.006061,-0.000603,0.006061,4,59,0,fixed,4,1,1,0,3.000000,4.000000
1002,centralized_dqn,logistic_bootstrap,1,4,1,63,1,1,2,2.955132,80.666700,0.369392,22,0.310341,36,0,0,1,0.310341,0.848836,0.538495,0.538495,0.310341,0.000000,59,0,1,0,30,22,28,94.000000,80.666700,65.666700,0.692583,0.400362,0.088931,0.008454,0.006703,-0.009404,0.008454,4,59,0,fixed,4,1,1,0,3.000000,4.000000
1002,centralized_dqn,logistic_bootstrap,1,4,1,64,2,2,2,0.736597,65.666700,0.092075,28,0.310341,36,0,0,1,0.310341,0.848836,0.538495,0.538495,0.310341,0.000000,59,0,1,0,30,22,28,94.000000,80.666700,65.666700,0.692583,0.379252,0.092109,0.025490,0.023196,0.006703,0.025490,4,59,0,fixed,4,1,1,0,3.000000,4.000000
1002,centralized_dqn,logistic_bootstrap,1,4,1,65,0,0,2,5.660095,94.000000,0.707512,30,0.310341,36,0,0,0,0.310341,0.848836,0.538495,0.538495,0.310341,0.000000,59,0,1,-1,30,22,28,94.000000,80.666700,65.666700,0.716835,0.379252,0.088931,0.006703,0.004540,-0.011071,0.004540,4,59,0,fixed,4,1,1,0,3.000000,4.000000
1002,centralized_dqn,logistic_bootstrap,1,4,1,66,2,2,4,0.000000,65.666700,0.609137,28,0.310341,36,0,2,0,0.310341,0.848836,0.538495,0.538495,0.310341,0.000000,59,0,1,-1,30,22,28,94.000000,80.666700,65.666700,0.425532,0.495868,0.609137,0.012306,0.012161,0.006703,0.012306,4,59,0,fixed,4,1,1,0,3.000000,4.000000
1002,centralized_dqn,logistic_bootstrap,1,4,1,67,2,2,2,0.736596,65.666700,0.092075,28,0.310341,36,0,0,1,0.310341,0.848836,0.538495,0.538495,0.310341,0.000000,59,0,1,0,30,22,28,94.000000,80.666700,65.666700,0.692583,0.379252,0.092109,0.025490,0.023196,0.006703,0.025490,4,59,0,fixed,4,1,1,0,3.000000,4.000000
1002,centralized_dqn,logistic_bootstrap,1,4,1,68,0,0,2,5.661081,94.000000,0.707635,30,0.310341,36,0,0,0,0.310341,0.848836,0.538495,0.538495,0.310341,0.000000,59,0,1,-1,30,22,28,94.000000,80.666700,65.666700,0.716817,0.379252,0.088931,0.006703,0.004540,-0.011071,0.004540,4,59,0,fixed,4,1,1,0,3.000000,4.000000
1002,centralized_dqn,logistic_bootstrap,1,4,1,69,0,0,1,3.506523,94.000000,1.168841,30,0.310341,36,0,1,1,0.310341,0.848836,0.538495,0.538495,0.310341,0.000000,59,0,1,1,30,22,28,94.000000,80.666700,65.666700,1.168573,1.118069,0.592033,0.006703,0.006061,-0.000603,0.006061,4,59,0,fixed,4,1,1,0,3.000000,4.000000
1002,centralized_dqn,logistic_bootstrap,1,4,1,70,1,1,4,0.000000,80.666700,0.495868,22,0.310341,36,0,2,1,0.310341,0.848836,0.538495,0.538495,0.310341,0.000000,59,0,1,0,30,22,28,94.000000,80.666700,65.666700,0.425532,0.495868,0.609137,0.006844,0.006703,0.001427,0.006844,4,59,0,fixed,4,1,1,0,3.000000,4.000000
1002,centralized_dqn,logistic_bootstrap,1,4,1,71,0,0,1,3.506469,94.000000,1.168823,30,0.310341,36,0,1,1,0.310341,0.848836,0.538495,0.538495,0.310341,0.000000,59,0,1,1,30,22,28,94.000000,80.666700,65.666700,1.168575,1.118069,0.592033,0.006703,0.006061,-0.000603,0.006061,4,59,0,fixed,4,1,1,0,3.000000,4.000000
1002,centralized_dqn,logistic_bootstrap,1,4,1,72,1,1,3,0.000000,80.666700,1.239669,22,0.310341,36,0,2,1,0.310341,0.848836,0.538495,0.538495,0.310341,0.000000,59,0,1,-1,30,22,28,94.000000,80.666700,65.666700,1.063830,1.239669,1.522842,0.007095,0.006703,0.001154,0.007095,4,59,0,fixed,4,1,1,0,3.000000,4.000000
1002,centralized_dqn,logistic_bootstrap,1,4,1,73,2,2,2,0.736609,65.666700,0.092076,28,0.310341,36,0,0,1,0.310341,0.848836,0.538495,0.538495,0.310341,0.000000,59,0,1,0,30,22,28,94.000000,80.666700,65.666700,0.692583,0.379252,0.092109,0.025490,0.023196,0.006703,0.025490,4,59,0,fixed,4,1,1,0,3.000000,4.000000
1002,centralized_dqn,logistic_bootstrap,1,4,1,74,0,0,4,0.000000,94.000000,0.425532,30,0.310341,36,0,2,1,0.310341,0.848836,0.538495,0.538495,0.310341,0.000000,59,0,1,0,30,22,28,94.000000,80.666700,65.666700,0.425532,0.495868,0.609137,0.006703,0.006563,0.001291,0.006563,4,59,0,fixed,4,1,1,0,3.000000,4.000000
1002,centralized_dqn,logistic_bootstrap,1,4,1,75,1,1,4,0.000000,80.666700,0.495868,22,0.310341,36,0,2,1,0.310341,0.848836,0.538495,0.538495,0.310341,0.000000,59,0,1,0,30,22,28,94.000000,80.666700,65.666700,0.425532,0.495868,0.609137,0.006844,0.006703,0.001427,0.006844,4,59,0,fixed,4,1,1,0,3.000000,4.000000
1002,centralized_dqn,logistic_bootstrap,1,4,1,76,2,2,2,0.737719,65.666700,0.092215,28,0.310341,36,0,0,1,0.310341,0.848836,0.538495,0.538495,0.310341,0.000000,59,0,1,0,30,22,28,94.000000,80.666700,65.666700,0.692583,0.379252,0.092099,0.025491,0.023198,0.006703,0.025491,4,59,0,fixed,4,1,1,0,3.000000,4.000000
1002,centralized_dqn,logistic_bootstrap,1,4,1,77,2,2,2,0.737766,65.666700,0.092221,28,0.310341,36,0,0,1,0.310341,0.848836,0.538495,0.538495,0.310341,0.000000,59,0,1,0,30,22,28,94.000000,80.666700,65.666700,0.692583,0.379252,0.092098,0.025491,0.023198,0.006703,0.025491,4,59,0,fixed,4,1,1,0,3.000000,4.000000
1002,centralized_dqn,logistic_bootstrap,1,4,1,78,2,2,1,1.797743,65.666700,0.599248,28,0.310341,36,0,1,1,0.310341,0.848836,0.538495,0.538495,0.310341,0.000000,59,0,1,-1,30,22,28,94.000000,80.666700,65.666700,1.130906,1.118069,0.616659,0.014122,0.013524,0.006703,0.014122,4,59,0,fixed,4,1,1,0,3.000000,4.000000
1002,centralized_dqn,logistic_bootstrap,1,4,1,79,2,2,2,0.737766,65.666700,0.092221,28,0.310341,36,0,0,1,0.310341,0.848836,0.538495,0.538495,0.310341,0.000000,59,0,1,0,30,22,28,94.000000,80.666700,65.666700,0.692583,0.379252,0.092098,0.025491,0.023198,0.006703,0.025491,4,59,0,fixed,4,1,1,0,3.000000,4.000000
1002,centralized_dqn,logistic_bootstrap,1,4,1,80,0,0,4,0.000000,94.000000,0.425532,30,0.310341,36,0,2,1,0.310341,0.848836,0.538495,0.538495,0.310341,0.000000,59,0,1,0,30,22,28,94.000000,80.666700,65.666700,0.425532,0.495868,0.609137,0.006703,0.006563,0.001291,0.006563,4,59,0,fixed,4,1,1,0,3.000000,4.000000
1002,centralized_dqn,centralized_dqn,0,4,2,1,2,2,4,0.000000,49.000000,0.816327,32,0.561685,30,0,2,0,0.561685,0.586413,0.024728,0.024728,0.561685,0.251345,2,27,1,-1,30,18,32,113.000000,75.166700,49.000000,0.353982,0.532151,0.816327,-0.014453,-0.003987,0.003351,0.000000,4,2,2,fixed,4,1,1,0,3.000000,4.000000
1002,centralized_dqn,centralized_dqn,0,4,2,2,0,0,2,2.600076,113.000000,0.325009,30,0.561685,30,1,2,1,0.561685,0.586413,0.024728,0.024728,0.561685,0.251345,2,27,1,0,30,18,32,113.000000,75.166700,49.000000,0.332909,0.294019,0.315161,0.003351,0.008588,0.014488,0.014488,4,2,2,fixed,4,1,1,0,3.000000,4.000000
1002,centralized_dqn,centralized_dqn,0,4,2,3,1,1,1,2.264785,75.166700,0.754928,18,0.561685,30,0,1,0,0.561685,0.586413,0.024728,0.024728,0.561685,0.251345,2,27,1,-1,30,18,32,113.000000,75.166700,49.000000,0.858440,0.831883,0.732052,-0.003849,0.003351,0.007280,0.007280,4,2,2,fixed,4,1,1,0,3.000000,4.000000
1002,centralized_dqn,centralized_dqn,0,4,2,4,0,0,2,2.663458,113.000000,0.332932,30,0.561685,30,0,0,0,0.561685,0.586413,0.024728,0.024728,0.561685,0.251345,2,27,1,0,30,18,32,113.000000,75.166700,49.000000,0.332636,0.294019,0.322843,0.003351,0.008597,0.014812,0.014812,4,2,2,fixed,4,1,1,0,3.000000,4.000000
1002,centralized_dqn,centralized_dqn,0,4,2,5,1,1,1,3.297031,75.166700,1.099010,18,0.561685,30,0,1,0,0.561685,0.586413,0.024728,0.024728,0.561685,0.251345,2,27,1,-1,30,18,32,113.000000,75.166700,49.000000,0.858440,0.811643,1.065707,-0.003739,0.003351,0.009131,0.009131,4,2,2,fixed,4,1,1,0,3.000000,4.000000
1002,centralized_dqn,centralized_dqn,0,4,2,6,2,2,3,0.000000,49.000000,2.040816,32,0.561685,30,0,2,0,0.561685,0.586413,0.024728,0.024728,0.561685,0.251345,2,27,1,1,30,18,32,113.000000,75.166700,49.000000,0.884956,1.330376,2.040816,-0.010835,-0.002456,0.003351,0.000000,4,2,2,fixed,4,1,1,0,3.000000,4.000000
1002,centralized_dqn,centralized_dqn,0,4,2,7,2,2,4,0.000000,49.000000,0.816327,32,0.561685,30,0,2,0,0.561685,0.586413,0.024728,0.024728,0.561685,0.251345,2,27,1,-1,30,18,32,113.000000,75.166700,49.000000,0.353982,0.532151,0.816327,-0.014453,-0.003987,0.003351,0.000000,4,2,2,fixed,4,1,1,0,3.000000,4.000000
1002,centralized_dqn,centralized_dqn,0,4,2,8,2,2,4,0.000000,49.000000,0.816327,32,0.561685,30,0,2,0,0.561685,0.586413,0.024728,0.024728,0.561685,0.251345,2,27,1,-1,30,18,32,113.000000,75.166700,49.000000,0.353982,0.532151,0.816327,-0.014453,-0.003987,0.003351,0.000000,4,2,2,fixed,4,1,1,0,3.000000,4.000000
1002,centralized_dqn,centralized_dqn,0,4,2,9,2,2,3,0.000000,49.000000,2.040816,32,0.561685,30,0,2,0,0.561685,0.586413,0.024728,0.024728,0.561685,0.251345,2,27,1,1,30,18,32,113.000000,75.166700,49.000000,0.884956,1.330376,2.040816,-0.010835,-0.002456,0.003351,0.000000,4,2,2,fixed,4,1,1,0,3.000000,4.000000
1002,centralized_dqn,centralized_dqn,0,4,2,10,0,0,2,2.663281,113.000000,0.332910,30,0.561685,30,0,0,0,0.561685,0.586413,0.024728,0.024728,0.561685,0.251345,2,27,1,0,30,18,32,113.000000,75.166700,49.000000,0.332636,0.294019,0.322822,0.003351,0.008597,0.014811,0.014811,4,2,2,fixed,4,1,1,0,3.000000,4.000000
1002,centralized_dqn,centralized_dqn,0,4,2,11,2,2,4,0.000000,49.000000,0.816327,32,0.561685,30,0,2,0,0.561685,0.586413,0.024728,0.024728,0.561685,0.251345,2,27,1,-1,30,18,32,113.000000,75.166700,49.000000,0.353982,0.532151,0.816327,-0.014453,-0.003987,0.003351,0.000000,4,2,2,fixed,4,1,1,0,3.000000,4.000000
1002,centralized_dqn,centralized_dqn,0,4,2,12,0,0,2,2.664374,113.000000,0.333047,30,0.561685,30,0,0,0,0.561685,0.586413,0.024728,0.024728,0.561685,0.251345,2,27,1,0,30,18,32,113.000000,75.166700,49.000000,0.332632,0.294019,0.322954,0.003351,0.008598,0.014816,0.014816,4,2,2,fixed,4,1,1,0,3.000000,4.000000
1002,centralized_dqn,centralized_dqn,0,4,2,13,2,2,4,0.000000,49.000000,0.816327,32,0.561685,30,0,2,0,0.561685,0.586413,0.024728,0.024728,0.561685,0.251345,2,27,1,-1,30,18,32,113.000000,75.166700,49.000000,0.353982,0.532151,0.816327,-0.014453,-0.003987,0.003351,0.000000,4,2,2,fixed,4,1,1,0,3.000000,4.000000
1002,centralized_dqn,centralized_dqn,0,4,2,14,2,2,3,0.000000,49.000000,2.040816,32,0.561685,30,0,2,0,0.561685,0.586413,0.024728,0.024728,0.561685,0.251345,2,27,1,1,30,18,32,113.000000,75.166700,49.000000,0.884956,1.330376,2.040816,-0.010835,-0.002456,0.003351,0.000000,4,2,2,fixed,4,1,1,0,3.000000,4.000000
1002,centralized_dqn,centralized_dqn,0,4,2,15,1,1,1,3.287925,75.166700,1.095975,18,0.561685,30,0,1,0,0.561685,0.586413,0.024728,0.024728,0.561685,0.251345,2,27,1,-1,30,18,32,113.000000,75.166700,49.000000,0.858440,0.811822,1.062764,-0.003740,0.003351,0.009119,0.009119,4,2,2,fixed,4,1,1,0,3.000000,4.000000
1002,centralized_dqn,centralized_dqn,0,4,2,16,2,2,4,0.000000,49.000000,0.816327,32,0.561685,30,0,2,0,0.561685,0.586413,0.024728,0.024728,0.561685,0.251345,2,27,1,-1,30,18,32,113.000000,75.166700,49.000000,0.353982,0.532151,0.816327,-0.014453,-0.003987,0.003351,0.000000,4,2,2,fixed,4,1,1,0,3.000000,4.000000
1002,centralized_dqn,centralized_dqn,0,4,2,17,2,2,3,0.000000,49.000000,2.040816,32,0.561685,30,0,2,0,0.561685,0.586413,0.024728,0.024728,0.561685,0.251345,2,27,1,1,30,18,32,113.000000,75.166700,49.000000,0.884956,1.330376,2.040816,-0.010835,-0.002456,0.003351,0.000000,4,2,2,fixed,4,1,1,0,3.000000,4.000000
1002,centralized_dqn,centralized_dqn,0,4,2,18,1,1,1,2.107283,75.166700,0.702428,18,0.561685,30,0,1,0,0.561685,0.586413,0.024728,0.024728,0.561685,0.251345,2,27,1,-1,30,18,32,113.000000,75.166700,49.000000,0.858440,0.834971,0.681142,-0.003865,0.003351,0.006850,0.006850,4,2,2,fixed,4,1,1,0,3.000000,4.000000
1002,centralized_dqn,centralized_dqn,0,4,2,19,0,0,2,2.664362,113.000000,0.333045,30,0.561685,30,0,0,0,0.561685,0.586413,0.024728,0.024728,0.561685,0.251345,2,27,1,0,30,18,32,113.000000,75.166700,49.000000,0.332632,0.294019,0.322953,0.003351,0.008598,0.014816,0.014816,4,2,2,fixed,4,1,1,0,3.000000,4.000000
1002,centralized_dqn,centralized_dqn,0,4,2,20,2,2,4,0.000000,49.000000,0.816327,32,0.561685,30,0,2,0,0.561685,0.586413,0.024728,0.024728,0.561685,0.251345,2,27,1,-1,30,18,32,113.000000,75.166700,49.000000,0.353982,0.532151,0.816327,-0.014453,-0.003987,0.003351,0.000000,4,2,2,fixed,4,1,1,0,3.000000,4.000000
1002,centralized_dqn,centralized_dqn,0,4,2,21,0,0,2,2.663440,113.000000,0.332930,30,0.561685,30,0,0,0,0.561685,0.586413,0.024728,0.024728,0.561685,0.251345,2,27,1,0,30,18,32,113.000000,75.166700,49.000000,0.332636,0.294019,0.322841,0.003351,0.008597,0.014812,0.014812,4,2,2,fixed,4,1,1,0,3.000000,4.000000
1002,centralized_dqn,centralized_dqn,0,4,2,22,2,2,3,0.000000,49.000000,2.040816,32,0.561685,30,0,2,0,0.561685,0.586413,0.024728,0.024728,0.561685,0.251345,2,27,1,1,30,18,32,113.000000,75.166700,49.000000,0.884956,1.330376,2.040816,-0.010835,-0.002456,0.003351,0.000000,4,2,2,fixed,4,1,1,0,3.000000,4.000000
1002,centralized_dqn,centralized_dqn,0,4,2,23,2,2,3,0.000000,49.000000,2.040816,32,0.561685,30,0,2,0,0.561685,0.586413,0.024728,0.024728,0.561685,0.251345,2,27,1,1,30,18,32,113.000000,75.166700,49.000000,0.884956,1.330376,2.040816,-0.010835,-0.002456,0.003351,0.000000,4,2,2,fixed,4,1,1,0,3.000000,4.000000
1002,centralized_dqn,centralized_dqn,0,4,2,24,1,1,1,2.233895,75.166700,0.744632,18,0.561685,30,0,1,0,0.561685,0.586413,0.024728,0.024728,0.561685,0.251345,2,27,1,-1,30,18,32,113.000000,75.166700,49.000000,0.858440,0.832489,0.722067,-0.003852,0.003351,0.007200,0.007200,4,2,2,fixed,4,1,1,0,3.000000,4.000000
1002,centralized_dqn,centralized_dqn,0,4,2,25,0,0,2,2.663421,113.000000,0.332928,30,0.561685,30,0,0,0,0.561685,0.586413,0.024728,0.024728,0.561685,0.251345,2,27,1,0,30,18,32,113.000000,75.166700,49.000000,0.332636,0.294019,0.322839,0.003351,0.008597,0.014812,0.014812,4,2,2,fixed,4,1,1,0,3.000000,4.000000
1002,centralized_dqn,centralized_dqn,0,4,2,26,2,2,4,0.000000,49.000000,0.816327,32,0.561685,30,0,2,0,0.561685,0.586413,0.024728,0.024728,0.561685,0.251345,2,27,1,-1,30,18,32,113.000000,75.166700,49.000000,0.353982,0.532151,0.816327,-0.014453,-0.003987,0.003351,0.000000,4,2,2,fixed,4,1,1,0,3.000000,4.000000
1002,centralized_dqn,centralized_dqn,0,4,2,27,0,0,2,2.663421,113.000000,0.332928,30,0.561685,30,0,0,0,0.561685,0.586413,0.024728,0.024728,0.561685,0.251345,2,27,1,0,30,18,32,113.000000,75.166700,49.000000,0.332636,0.294019,0.322839,0.003351,0.008597,0.014812,0.014812,4,2,2,fixed,4,1,1,0,3.000000,4.000000
1002,centralized_dqn,centralized_dqn,0,4,2,28,0,0,2,2.663397,113.000000,0.332925,30,0.561685,30,0,0,0,0.561685,0.586413,0.024728,0.024728,0.561685,0.251345,2,27,1,0,30,18,32,113.000000,75.166700,49.000000,0.332636,0.294019,0.322836,0.003351,0.008597,0.014811,0.014811,4,2,2,fixed,4,1,1,0,3.000000,4.000000
1002,centralized_dqn,centralized_dqn,0,4,2,29,0,0,2,2.663397,113.000000,0.332925,30,0.561685,30,0,0,0,0.561685,0.586413,0.024728,0.024728,0.561685,0.251345,2,27,1,0,30,18,32,113.000000,75.166700,49.000000,0.332636,0.294019,0.322836,0.003351,0.008597,0.014811,0.014811,4,2,2,fixed,4,1,1,0,3.000000,4.000000
1002,centralized_dqn,centralized_dqn,0,4,2,30,2,2,3,0.000000,49.000000,2.040816,32,0.561685,30,0,2,0,0.561685,0.586413,0.024728,0.024728,0.561685,0.251345,2,27,1,1,30,18,32,113.000000,75.166700,49.000000,0.884956,1.330376,2.040816,-0.010835,-0.002456,0.003351,0.000000,4,2,2,fixed,4,1,1,0,3.000000,4.000000
1002,centralized_dqn,centralized_dqn,0,4,2,31,1,1,1,2.085756,75.166700,0.695252,18,0.561685,30,0,1,0,0.561685,0.586413,0.024728,0.024728,0.561685,0.251345,2,27,1,-1,30,18,32,113.000000,75.166700,49.000000,0.858440,0.835394,0.674184,-0.003868,0.003351,0.006786,0.006786,4,2,2,fixed,4,1,1,0,3.000000,4.000000
1002,centralized_dqn,centralized_dqn,0,4,2,32,1,1,1,2.262313,75.166700,0.754104,18,0.561685,30,0,1,0,0.561685,0.586413,0.024728,0.024728,0.561685,0.251345,2,27,1,-1,30,18,32,113.000000,75.166700,49.000000,0.858440,0.831932,0.731253,-0.003849,0.003351,0.007273,0.007273,4,2,2,fixed,4,1,1,0,3.000000,4.000000
1002,centralized_dqn,centralized_dqn,0,4,2,33,0,0,2,2.663399,113.000000,0.332925,30,0.561685,30,0,2,1,0.561685,0.586413,0.024728,0.024728,0.561685,0.251345,2,27,1,0,30,18,32,113.000000,75.166700,49.000000,0.332636,0.294019,0.322836,0.003351,0.008597,0.014811,0.014811,4,2,2,fixed,4,1,1,0,3.000000,4.000000
1002,centralized_dqn,centralized_dqn,0,4,2,34,0,0,2,2.663397,113.000000,0.332925,30,0.561685,30,0,0,0,0.561685,0.586413,0.024728,0.024728,0.561685,0.251345,2,27,1,0,30,18,32,113.000000,75.166700,49.000000,0.332636,0.294019,0.322836,0.003351,0.008597,0.014811,0.014811,4,2,2,fixed,4,1,1,0,3.000000,4.000000
1002,centralized_dqn,centralized_dqn,0,4,2,35,0,0,2,2.663421,113.000000,0.332928,30,0.561685,30,0,0,0,0.561685,0.586413,0.024728,0.024728,0.561685,0.251345,2,27,1,0,30,18,32,113.000000,75.166700,49.000000,0.332636,0.294019,0.322839,0.003351,0.008597,0.014812,0.014812,4,2,2,fixed,4,1,1,0,3.000000,4.000000
1002,centralized_dqn,centralized_dqn,0,4,2,36,2,2,3,0.000000,49.000000,2.040816,32,0.561685,30,0,2,0,0.561685,0.586413,0.024728,0.024728,0.561685,0.251345,2,27,1,1,30,18,32,113.000000,75.166700,49.000000,0.884956,1.330376,2.040816,-0.010835,-0.002456,0.003351,0.000000,4,2,2,fixed,4,1,1,0,3.000000,4.000000
1002,centralized_dqn,centralized_dqn,0,4,2,37,0,0,2,2.663423,113.000000,0.332928,30,0.561685,30,0,0,0,0.561685,0.586413,0.024728,0.024728,0.561685,0.251345,2,27,1,0,30,18,32,113.000000,75.166700,49.000000,0.332636,0.294019,0.322839,0.003351,0.008597,0.014812,0.014812,4,2,2,fixed,4,1,1,0,3.000000,4.000000
1002,centralized_dqn,centralized_dqn,0,4,2,38,2,2,4,0.000000,49.000000,0.816327,32,0.561685,30,0,2,0,0.561685,0.586413,0.024728,0.024728,0.561685,0.251345,2,27,1,-1,30,18,32,113.000000,75.166700,49.000000,0.353982,0.532151,0.816327,-0.014453,-0.003987,0.003351,0.000000,4,2,2,fixed,4,1,1,0,3.000000,4.000000
1002,centralized_dqn,centralized_dqn,0,4,2,39,0,0,2,2.663346,113.000000,0.332918,30,0.561685,30,0,0,0,0.561685,0.586413,0.024728,0.024728,0.561685,0.251345,2,27,1,0,30,18,32,113.000000,75.166700,49.000000,0.332636,0.294019,0.322830,0.003351,0.008597,0.014811,0.014811,4,2,2,fixed,4,1,1,0,3.000000,4.000000
1002,centralized_dqn,centralized_dqn,0,4,2,40,2,2,4,0.000000,49.000000,0.816327,32,0.561685,30,0,2,0,0.561685,0.586413,0.024728,0.024728,0.561685,0.251345,2,27,1,-1,30,18,32,113.000000,75.166700,49.000000,0.353982,0.532151,0.816327,-0.014453,-0.003987,0.003351,0.000000,4,2,2,fixed,4,1,1,0,3.000000,4.000000
1002,centralized_dqn,centralized_dqn,0,4,2,41,2,2,4,0.000000,49.000000,0.816327,32,0.561685,30,0,2,0,0.561685,0.586413,0.024728,0.024728,0.561685,0.251345,2,27,1,-1,30,18,32,113.000000,75.166700,49.000000,0.353982,0.532151,0.816327,-0.014453,-0.003987,0.003351,0.000000,4,2,2,fixed,4,1,1,0,3.000000,4.000000
1002,centralized_dqn,centralized_dqn,0,4,2,42,1,1,1,2.139429,75.166700,0.713143,18,0.561685,30,0,1,0,0.561685,0.586413,0.024728,0.024728,0.561685,0.251345,2,27,1,-1,30,18,32,113.000000,75.166700,49.000000,0.858440,0.834341,0.691532,-0.003862,0.003351,0.006943,0.006943,4,2,2,fixed,4,1,1,0,3.000000,4.000000
1002,centralized_dqn,centralized_dqn,0,4,2,43,1,1,1,3.198275,75.166700,1.066092,18,0.561685,30,0,1,0,0.561685,0.586413,0.024728,0.024728,0.561685,0.251345,2,27,1,-1,30,18,32,113.000000,75.166700,49.000000,0.858440,0.813579,1.033786,-0.003750,0.003351,0.009002,0.009002,4,2,2,fixed,4,1,1,0,3.000000,4.000000
1002,centralized_dqn,centralized_dqn,0,4,2,44,1,1,1,2.129421,75.166700,0.709807,18,0.561685,30,0,1,0,0.561685,0.586413,0.024728,0.024728,0.561685,0.251345,2,27,1,-1,30,18,32,113.000000,75.166700,49.000000,0.858440,0.834537,0.688298,-0.003863,0.003351,0.006914,0.006914,4,2,2,fixed,4,1,1,0,3.000000,4.000000
1002,centralized_dqn,centralized_dqn,0,4,2,45,2,2,3,0.000000,49.000000,2.040816,32,0.561685,30,0,2,0,0.561685,0.586413,0.024728,0.024728,0.561685,0.251345,2,27,1,1,30,18,32,113.000000,75.166700,49.000000,0.884956,1.330376,2.040816,-0.010835,-0.002456,0.003351,0.000000,4,2,2,fixed,4,1,1,0,3.000000,4.000000
1002,centralized_dqn,centralized_dqn,0,4,2,46,0,0,2,2.663334,113.000000,0.332917,30,0.561685,30,0,0,0,0.561685,0.586413,0.024728,0.024728,0.561685,0.251345,2,27,1,0,30,18,32,113.000000,75.166700,49.000000,0.332636,0.294019,0.322828,0.003351,0.008597,0.014811,0.014811,4,2,2,fixed,4,1,1,0,3.000000,4.000000
1002,centralized_dqn,centralized_dqn,0,4,2,47,2,2,4,0.000000,49.000000,0.816327,32,0.561685,30,0,2,0,0.561685,0.586413,0.024728,0.024728,0.561685,0.251345,2,27,1,-1,30,18,32,113.000000,75.166700,49.000000,0.353982,0.532151,0.816327,-0.014453,-0.003987,0.003351,0.000000,4,2,2,fixed,4,1,1,0,3.000000,4.000000
1002,centralized_dqn,centralized_dqn,0,4,2,48,2,2,3,0.000000,49.000000,2.040816,32,0.561685,30,0,2,0,0.561685,0.586413,0.024728,0.024728,0.561685,0.251345,2,27,1,1,30,18,32,113.000000,75.166700,49.000000,0.884956,1.330376,2.040816,-0.010835,-0.002456,0.003351,0.000000,4,2,2,fixed,4,1,1,0,3.000000,4.000000
1002,centralized_dqn,centralized_dqn,0,4,2,49,1,1,1,2.116833,75.166700,0.705611,18,0.561685,30,0,1,0,0.561685,0.586413,0.024728,0.024728,0.561685,0.251345,2,27,1,-1,30,18,32,113.000000,75.166700,49.000000,0.858440,0.834784,0.684229,-0.003864,0.003351,0.006878,0.006878,4,2,2,fixed,4,1,1,0,3.000000,4.000000
1002,centralized_dqn,centralized_dqn,0,4,2,50,0,0,2,2.663411,113.000000,0.332926,30,0.561685,30,0,0,0,0.561685,0.586413,0.024728,0.024728,0.561685,0.251345,2,27,1,0,30,18,32,113.000000,75.166700,49.000000,0.332636,0.294019,0.322838,0.003351,0.008597,0.014812,0.014812,4,2,2,fixed,4,1,1,0,3.000000,4.000000
1002,centralized_dqn,centralized_dqn,0,4,2,51,2,2,4,0.000000,49.000000,0.816327,32,0.561685,30,0,2,0,0.561685,0.586413,0.024728,0.024728,0.561685,0.251345,2,27,1,-1,30,18,32,113.000000,75.166700,49.000000,0.353982,0.532151,0.816327,-0.014453,-0.003987,0.003351,0.000000,4,2,2,fixed,4,1,1,0,3.000000,4.000000
1002,centralized_dqn,centralized_dqn,0,4,2,52,2,2,4,0.000000,49.000000,0.816327,32,0.561685,30,0,2,0,0.561685,0.586413,0.024728,0.024728,0.561685,0.251345,2,27,1,-1,30,18,32,113.000000,75.166700,49.000000,0.353982,0.532151,0.816327,-0.014453,-0.003987,0.003351,0.000000,4,2,2,fixed,4,1,1,0,3.000000,4.000000
1002,centralized_dqn,centralized_dqn,0,4,2,53,0,0,2,2.663444,113.000000,0.332931,30,0.561685,30,0,0,0,0.561685,0.586413,0.024728,0.024728,0.561685,0.251345,2,27,1,0,30,18,32,113.000000,75.166700,49.000000,0.332636,0.294019,0.322842,0.003351,0.008597,0.014812,0.014812,4,2,2,fixed,4,1,1,0,3.000000,4.000000
1002,centralized_dqn,centralized_dqn,0,4,2,54,0,0,2,2.663345,113.000000,0.332918,30,0.561685,30,0,0,0,0.561685,0.586413,0.024728,0.024728,0.561685,0.251345,2,27,1,0,30,18,32,113.000000,75.166700,49.000000,0.332636,0.294019,0.322830,0.003351,0.008597,0.014811,0.014811,4,2,2,fixed,4,1,1,0,3.000000,4.000000
1002,centralized_dqn,centralized_dqn,0,4,2,55,1,1,1,2.169338,75.166700,0.723113,18,0.561685,30,0,1,0,0.561685,0.586413,0.024728,0.024728,0.561685,0.251345,2,27,1,-1,30,18,32,113.000000,75.166700,49.000000,0.858440,0.833755,0.701200,-0.003859,0.003351,0.007026,0.007026,4,2,2,fixed,4,1,1,0,3.000000,4.000000
1002,centralized_dqn,centralized_dqn,0,4,2,56,1,1,1,3.390807,75.166700,1.130269,18,0.561685,30,0,1,0,0.561685,0.586413,0.024728,0.024728,0.561685,0.251345,2,27,1,-1,30,18,32,113.000000,75.166700,49.000000,0.858440,0.809804,1.096019,-0.003729,0.003351,0.009247,0.009247,4,2,2,fixed,4,1,1,0,3.000000,4.000000
1002,centralized_dqn,centralized_dqn,0,4,2,57,2,2,3,0.000000,49.000000,2.040816,32,0.561685,30,0,2,0,0.561685,0.586413,0.024728,0.024728,0.561685,0.251345,2,27,1,1,30,18,32,113.000000,75.166700,49.000000,0.884956,1.330376,2.040816,-0.010835,-0.002456,0.003351,0.000000,4,2,2,fixed,4,1,1,0,3.000000,4.000000
1002,centralized_dqn,centralized_dqn,0,4,2,58,0,0,2,2.663381,113.000000,0.332923,30,0.561685,30,0,0,0,0.561685,0.586413,0.024728,0.024728,0.561685,0.251345,2,27,1,0,30,18,32,113.000000,75.166700,49.000000,0.332636,0.294019,0.322834,0.003351,0.008597,0.014811,0.014811,4,2,2,fixed,4,1,1,0,3.000000,4.000000
1002,centralized_dqn,centralized_dqn,0,4,2,59,2,2,3,0.000000,49.000000,2.040816,32,0.561685,30,0,2,0,0.561685,0.586413,0.024728,0.024728,0.561685,0.251345,2,27,1,1,30,18,32,113.000000,75.166700,49.000000,0.884956,1.330376,2.040816,-0.010835,-0.002456,0.003351,0.000000,4,2,2,fixed,4,1,1,0,3.000000,4.000000
1002,centralized_dqn,centralized_dqn,0,4,2,60,1,1,1,2.217247,75.166700,0.739082,18,0.561685,30,0,1,0,0.561685,0.586413,0.024728,0.024728,0.561685,0.251345,2,27,1,-1,30,18,32,113.000000,75.166700,49.000000,0.858440,0.832815,0.716686,-0.003854,0.003351,0.007156,0.007156,4,2,2,fixed,4,1,1,0,3.000000,4.000000
1002,centralized_dqn,centralized_dqn,0,4,2,61,0,0,2,2.663386,113.000000,0.332923,30,0.561685,30,0,0,0,0.561685,0.586413,0.024728,0.024728,0.561685,0.251345,2,27,1,0,30,18,32,113.000000,75.166700,49.000000,0.332636,0.294019,0.322835,0.003351,0.008597,0.014811,0.014811,4,2,2,fixed,4,1,1,0,3.000000,4.000000
1002,centralized_dqn,centralized_dqn,0,4,2,62,1,1,1,2.116197,75.166700,0.705399,18,0.561685,30,0,1,0,0.561685,0.586413,0.024728,0.024728,0.561685,0.251345,2,27,1,-1,30,18,32,113.000000,75.166700,49.000000,0.858440,0.834797,0.684023,-0.003864,0.003351,0.006876,0.006876,4,2,2,fixed,4,1,1,0,3.000000,4.000000
1002,centralized_dqn,centralized_dqn,0,4,2,63,0,0,2,2.663369,113.000000,0.332921,30,0.561685,30,0,0,0,0.561685,0.586413,0.024728,0.024728,0.561685,0.251345,2,27,1,0,30,18,32,113.000000,75.166700,49.000000,0.332636,0.294019,0.322833,0.003351,0.008597,0.014811,0.014811,4,2,2,fixed,4,1,1,0,3.000000,4.000000
1002,centralized_dqn,centralized_dqn,0,4,2,64,0,0,2,2.663381,113.000000,0.332923,30,0.561685,30,0,0,0,0.561685,0.586413,0.024728,0.024728,0.561685,0.251345,2,27,1,0,30,18,32,113.000000,75.166700,49.000000,0.332636,0.294019,0.322834,0.003351,0.008597,0.014811,0.014811,4,2,2,fixed,4,1,1,0,3.000000,4.000000
1002,centralized_dqn,centralized_dqn,0,4,2,65,0,0,2,2.663363,113.000000,0.332920,30,0.561685,30,0,0,0,0.561685,0.586413,0.024728,0.024728,0.561685,0.251345,2,27,1,0,30,18,32,113.000000,75.166700,49.000000,0.332636,0.294019,0.322832,0.003351,0.008597,0.014811,0.014811,4,2,2,fixed,4,1,1,0,3.000000,4.000000
1002,centralized_dqn,centralized_dqn,0,4,2,66,2,2,4,0.000000,49.000000,0.816327,32,0.561685,30,0,2,0,0.561685,0.586413,0.024728,0.024728,0.561685,0.251345,2,27,1,-1,30,18,32,113.000000,75.166700,49.000000,0.353982,0.532151,0.816327,-0.014453,-0.003987,0.003351,0.000000,4,2,2,fixed,4,1,1,0,3.000000,4.000000
1002,centralized_dqn,centralized_dqn,0,4,2,67,0,0,2,2.662264,113.000000,0.332783,30,0.561685,30,0,0,0,0.561685,0.586413,0.024728,0.024728,0.561685,0.251345,2,27,1,0,30,18,32,113.000000,75.166700,49.000000,0.332641,0.294019,0.322699,0.003351,0.008597,0.014806,0.014806,4,2,2,fixed,4,1,1,0,3.000000,4.000000
1002,centralized_dqn,centralized_dqn,0,4,2,68,0,0,2,2.663279,113.000000,0.332910,30,0.561685,30,0,0,0,0.561685,0.586413,0.024728,0.024728,0.561685,0.251345,2,27,1,0,30,18,32,113.000000,75.166700,49.000000,0.332636,0.294019,0.322822,0.003351,0.008597,0.014811,0.014811,4,2,2,fixed,4,1,1,0,3.000000,4.000000
1002,centralized_dqn,centralized_dqn,0,4,2,69,1,1,1,2.138593,75.166700,0.712864,18,0.561685,30,0,1,0,0.561685,0.586413,0.024728,0.024728,0.561685,0.251345,2,27,1,-1,30,18,32,113.000000,75.166700,49.000000,0.858440,0.834358,0.691262,-0.003862,0.003351,0.006940,0.006940,4,2,2,fixed,4,1,1,0,3.000000,4.000000
1002,centralized_dqn,centralized_dqn,0,4,2,70,2,2,4,0.000000,49.000000,0.816327,32,0.561685,30,0,2,0,0.561685,0.586413,0.024728,0.024728,0.561685,0.251345,2,27,1,-1,30,18,32,113.000000,75.166700,49.000000,0.353982,0.532151,0.816327,-0.014453,-0.003987,0.003351,0.000000,4,2,2,fixed,4,1,1,0,3.000000,4.000000
1002,centralized_dqn,centralized_dqn,0,4,2,71,1,1,1,2.080096,75.166700,0.693365,18,0.561685,30,0,1,0,0.561685,0.586413,0.024728,0.024728,0.561685,0.251345,2,27,1,-1,30,18,32,113.000000,75.166700,49.000000,0.858440,0.835505,0.672354,-0.003868,0.003351,0.006770,0.006770,4,2,2,fixed,4,1,1,0,3.000000,4.000000
1002,centralized_dqn,centralized_dqn,0,4,2,72,2,2,3,0.000000,49.000000,2.040816,32,0.561685,30,0,2,0,0.561685,0.586413,0.024728,0.024728,0.561685,0.251345,2,27,1,1,30,18,32,113.000000,75.166700,49.000000,0.884956,1.330376,2.040816,-0.010835,-0.002456,0.003351,0.000000,4,2,2,fixed,4,1,1,0,3.000000,4.000000
1002,centralized_dqn,centralized_dqn,0,4,2,73,0,0,2,2.662269,113.000000,0.332784,30,0.561685,30,0,0,0,0.561685,0.586413,0.024728,0.024728,0.561685,0.251345,2,27,1,0,30,18,32,113.000000,75.166700,49.000000,0.332641,0.294019,0.322699,0.003351,0.008597,0.014806,0.014806,4,2,2,fixed,4,1,1,0,3.000000,4.000000
1002,centralized_dqn,centralized_dqn,0,4,2,74,2,2,4,0.000000,49.000000,0.816327,32,0.561685,30,0,2,0,0.561685,0.586413,0.024728,0.024728,0.561685,0.251345,2,27,1,-1,30,18,32,113.000000,75.166700,49.000000,0.353982,0.532151,0.816327,-0.014453,-0.003987,0.003351,0.000000,4,2,2,fixed,4,1,1,0,3.000000,4.000000
1002,centralized_dqn,centralized_dqn,0,4,2,75,2,2,4,0.000000,49.000000,0.816327,32,0.561685,30,0,2,0,0.561685,0.586413,0.024728,0.024728,0.561685,0.251345,2,27,1,-1,30,18,32,113.000000,75.166700,49.000000,0.353982,0.532151,0.816327,-0.014453,-0.003987,0.003351,0.000000,4,2,2,fixed,4,1,1,0,3.000000,4.000000
1002,centralized_dqn,centralized_dqn,0,4,2,76,0,0,2,2.662351,113.000000,0.332794,30,0.561685,30,0,0,0,0.561685,0.586413,0.024728,0.024728,0.561685,0.251345,2,27,1,0,30,18,32,113.000000,75.166700,49.000000,0.332640,0.294019,0.322709,0.003351,0.008597,0.014806,0.014806,4,2,2,fixed,4,1,1,0,3.000000,4.000000
1002,centralized_dqn,centralized_dqn,0,4,2,77,0,0,2,2.662364,113.000000,0.332795,30,0.561685,30,0,0,0,0.561685,0.586413,0.024728,0.024728,0.561685,0.251345,2,27,1,0,30,18,32,113.000000,75.166700,49.000000,0.332640,0.294019,0.322711,0.003351,0.008597,0.014806,0.014806,4,2,2,fixed,4,1,1,0,3.000000,4.000000
1002,centralized_dqn,centralized_dqn,0,4,2,78,1,1,1,3.455601,75.166700,1.151867,18,0.561685,30,0,1,0,0.561685,0.586413,0.024728,0.024728,0.561685,0.251345,2,27,1,-1,30,18,32,113.000000,75.166700,49.000000,0.858440,0.808534,1.116962,-0.003721,0.003351,0.009325,0.009325,4,2,2,fixed,4,1,1,0,3.000000,4.000000
1002,centralized_dqn,centralized_dqn,0,4,2,79,0,0,2,2.662364,113.000000,0.332795,30,0.561685,30,0,0,0,0.561685,0.586413,0.024728,0.024728,0.561685,0.251345,2,27,1,0,30,18,32,113.000000,75.166700,49.000000,0.332640,0.294019,0.322711,0.003351,0.008597,0.014806,0.014806,4,2,2,fixed,4,1,1,0,3.000000,4.000000
1002,centralized_dqn,centralized_dqn,0,4,2,80,2,2,4,0.000000,49.000000,0.816327,32,0.561685,30,0,2,0,0.561685,0.586413,0.024728,0.024728,0.561685,0.251345,2,27,1,-1,30,18,32,113.000000,75.166700,49.000000,0.353982,0.532151,0.816327,-0.014453,-0.003987,0.003351,0.000000,4,2,2,fixed,4,1,1,0,3.000000,4.000000
1002,centralized_dqn,centralized_dqn,0,4,3,1,2,2,4,0.000000,51.833300,0.771705,34,0.585867,28,0,2,0,0.585867,0.654875,0.069007,0.069007,0.585867,0.024182,4,40,1,-1,28,18,34,113.000000,71.000000,51.833300,0.353982,0.563380,0.771705,-0.017348,-0.007062,0.000452,0.000000,4,4,0,fixed,4,1,1,0,3.000000,4.000000
1002,centralized_dqn,centralized_dqn,0,4,3,2,2,2,2,7.488485,51.833300,0.936061,34,0.585867,28,0,2,0,0.585867,0.654875,0.069007,0.069007,0.585867,0.024182,4,40,1,-1,28,18,34,113.000000,71.000000,51.833300,0.344132,0.262214,0.933878,-0.018708,-0.016516,0.000452,0.000000,4,4,0,fixed,4,1,1,0,3.000000,4.000000
1002,centralized_dqn,centralized_dqn,0,4,3,3,1,1,1,2.137908,71.000000,0.712636,18,0.585867,28,0,2,1,0.585867,0.654875,0.069007,0.069007,0.585867,0.024182,4,40,1,-1,28,18,34,113.000000,71.000000,51.833300,0.917685,0.739580,2.422015,-0.004928,0.000452,0.009865,0.009865,4,4,0,fixed,4,1,1,0,3.000000,4.000000
1002,centralized_dqn,centralized_dqn,0,4,3,4,0,0,2,2.893955,113.000000,0.361744,28,0.585867,28,0,0,0,0.585867,0.654875,0.069007,0.069007,0.585867,0.024182,4,40,1,0,28,18,34,113.000000,71.000000,51.833300,0.356225,0.262214,0.908256,0.000452,0.001934,0.019754,0.019754,4,4,0,fixed,4,1,1,0,3.000000,4.000000
1002,centralized_dqn,centralized_dqn,0,4,3,5,1,1,1,1.974795,71.000000,0.658265,18,0.585867,28,0,1,0,0.585867,0.654875,0.069007,0.069007,0.585867,0.024182,4,40,1,-1,28,18,34,113.000000,71.000000,51.833300,0.917685,0.742778,2.422015,-0.004951,0.000452,0.009841,0.009841,4,4,0,fixed,4,1,1,0,3.000000,4.000000
1002,centralized_dqn,centralized_dqn,0,4,3,6,2,2,3,0.000000,51.833300,1.929262,34,0.585867,28,0,2,0,0.585867,0.654875,0.069007,0.069007,0.585867,0.024182,4,40,1,1,28,18,34,113.000000,71.000000,51.833300,0.884956,1.408451,1.929262,-0.013617,-0.005855,0.000452,0.000000,4,4,0,fixed,4,1,1,0,3.000000,4.000000
1002,centralized_dqn,centralized_dqn,0,4,3,7,2,2,4,0.000000,51.833300,0.771705,34,0.585867,28,0,2,0,0.585867,0.654875,0.069007,0.069007,0.585867,0.024182,4,40,1,-1,28,18,34,113.000000,71.000000,51.833300,0.353982,0.563380,0.771705,-0.017348,-0.007062,0.000452,0.000000,4,4,0,fixed,4,1,1,0,3.000000,4.000000
1002,centralized_dqn,centralized_dqn,0,4,3,8,2,2,4,0.000000,51.833300,0.771705,34,0.585867,28,0,2,0,0.585867,0.654875,0.069007,0.069007,0.585867,0.024182,4,40,1,-1,28,18,34,113.000000,71.000000,51.833300,0.353982,0.563380,0.771705,-0.017348,-0.007062,0.000452,0.000000,4,4,0,fixed,4,1,1,0,3.000000,4.000000
1002,centralized_dqn,centralized_dqn,0,4,3,9,2,2,3,0.000000,51.833300,1.929262,34,0.585867,28,0,2,0,0.585867,0.654875,0.069007,0.069007,0.585867,0.024182,4,40,1,1,28,18,34,113.000000,71.000000,51.833300,0.884956,1.408451,1.929262,-0.013617,-0.005855,0.000452,0.000000,4,4,0,fixed,4,1,1,0,3.000000,4.000000
1002,centralized_dqn,centralized_dqn,0,4,3,10,0,0,2,2.775940,113.000000,0.346992,28,0.585867,28,0,0,0,0.585867,0.654875,0.069007,0.069007,0.585867,0.024182,4,40,1,0,28,18,34,113.000000,71.000000,51.833300,0.356772,0.262214,0.908256,0.000452,0.001916,0.019735,0.019735,4,4,0,fixed,4,1,1,0,3.000000,4.000000
1002,centralized_dqn,centralized_dqn,0,4,3,11,2,2,4,0.000000,51.833300,0.771705,34,0.585867,28,0,2,0,0.585867,0.654875,0.069007,0.069007,0.585867,0.024182,4,40,1,-1,28,18,34,113.000000,71.000000,51.833300,0.353982,0.563380,0.771705,-0.017348,-0.007062,0.000452,0.000000,4,4,0,fixed,4,1,1,0,3.000000,4.000000
1002,centralized_dqn,centralized_dqn,0,4,3,12,0,0,2,2.775928,113.000000,0.346991,28,0.585867,28,0,0,0,0.585867,0.654875,0.069007,0.069007,0.585867,0.024182,4,40,1,0,28,18,34,113.000000,71.000000,51.833300,0.356772,0.262214,0.908256,0.000452,0.001916,0.019735,0.019735,4,4,0,fixed,4,1,1,0,3.000000,4.000000
1002,centralized_dqn,centralized_dqn,0,4,3,13,2,2,4,0.000000,51.833300,0.771705,34,0.585867,28,0,2,0,0.585867,0.654875,0.069007,0.069007,0.585867,0.024182,4,40,1,-1,28,18,34,113.000000,71.000000,51.833300,0.353982,0.563380,0.771705,-0.017348,-0.007062,0.000452,0.000000,4,4,0,fixed,4,1,1,0,3.000000,4.000000
1002,centralized_dqn,centralized_dqn,0,4,3,14,2,2,3,0.000000,51.833300,1.929262,34,0.585867,28,0,2,0,0.585867,0.654875,0.069007,0.069007,0.585867,0.024182,4,40,1,1,28,18,34,113.000000,71.000000,51.833300,0.884956,1.408451,1.929262,-0.013617,-0.005855,0.000452,0.000000,4,4,0,fixed,4,1,1,0,3.000000,4.000000
1002,centralized_dqn,centralized_dqn,0,4,3,15,1,1,1,2.407929,71.000000,0.802643,18,0.585867,28,0,1,0,0.585867,0.654875,0.069007,0.069007,0.585867,0.024182,4,40,1,-1,28,18,34,113.000000,71.000000,51.833300,0.917685,0.734285,2.422015,-0.004889,0.000452,0.009906,0.009906,4,4,0,fixed,4,1,1,0,3.000000,4.000000
1002,centralized_dqn,centralized_dqn,0,4,3,16,2,2,4,0.000000,51.833300,0.771705,34,0.585867,28,0,2,0,0.585867,0.654875,0.069007,0.069007,0.585867,0.024182,4,40,1,-1,28,18,34,113.000000,71.000000,51.833300,0.353982,0.563380,0.771705,-0.017348,-0.007062,0.000452,0.000000,4,4,0,fixed,4,1,1,0,3.000000,4.000000
1002,centralized_dqn,centralized_dqn,0,4,3,17,2,2,3,0.000000,51.833300,1.929262,34,0.585867,28,0,2,0,0.585867,0.654875,0.069007,0.069007,0.585867,0.024182,4,40,1,1,28,18,34,113.000000,71.000000,51.833300,0.884956,1.408451,1.929262,-0.013617,-0.005855,0.000452,0.000000,4,4,0,fixed,4,1,1,0,3.000000,4.000000
1002,centralized_dqn,centralized_dqn,0,4,3,18,1,1,1,2.146419,71.000000,0.715473,18,0.585867,28,0,1,0,0.585867,0.654875,0.069007,0.069007,0.585867,0.024182,4,40,1,-1,28,18,34,113.000000,71.000000,51.833300,0.917685,0.739413,2.422015,-0.004927,0.000452,0.009867,0.009867,4,4,0,fixed,4,1,1,0,3.000000,4.000000
1002,centralized_dqn,centralized_dqn,0,4,3,19,0,0,2,2.775951,113.000000,0.346994,28,0.585867,28,0,0,0,0.585867,0.654875,0.069007,0.069007,0.585867,0.024182,4,40,1,0,28,18,34,113.000000,71.000000,51.833300,0.356772,0.262214,0.908256,0.000452,0.001916,0.019735,0.019735,4,4,0,fixed,4,1,1,0,3.000000,4.000000
1002,centralized_dqn,centralized_dqn,0,4,3,20,2,2,4,0.000000,51.833300,0.771705,34,0.585867,28,0,2,0,0.585867,0.654875,0.069007,0.069007,0.585867,0.024182,4,40,1,-1,28,18,34,113.000000,71.000000,51.833300,0.353982,0.563380,0.771705,-0.017348,-0.007062,0.000452,0.000000,4,4,0,fixed,4,1,1,0,3.000000,4.000000
1002,centralized_dqn,centralized_dqn,0,4,3,21,0,0,2,2.774811,113.000000,0.346851,28,0.585867,28,1,0,0,0.585867,0.654875,0.069007,0.069007,0.585867,0.024182,4,40,1,0,28,18,34,113.000000,71.000000,51.833300,0.356777,0.262214,0.908256,0.000452,0.001916,0.019734,0.019734,4,4,0,fixed,4,1,1,0,3.000000,4.000000
1002,centralized_dqn,centralized_dqn,0,4,3,22,2,2,3,0.000000,51.833300,1.929262,34,0.585867,28,0,2,0,0.585867,0.654875,0.069007,0.069007,0.585867,0.024182,4,40,1,1,28,18,34,113.000000,71.000000,51.833300,0.884956,1.408451,1.929262,-0.013617,-0.005855,0.000452,0.000000,4,4,0,fixed,4,1,1,0,3.000000,4.000000
1002,centralized_dqn,centralized_dqn,0,4,3,23,2,2,3,0.000000,51.833300,1.929262,34,0.585867,28,0,2,0,0.585867,0.654875,0.069007,0.069007,0.585867,0.024182,4,40,1,1,28,18,34,113.000000,71.000000,51.833300,0.884956,1.408451,1.929262,-0.013617,-0.005855,0.000452,0.000000,4,4,0,fixed,4,1,1,0,3.000000,4.000000
1002,centralized_dqn,centralized_dqn,0,4,3,24,1,1,1,2.277806,71.000000,0.759269,18,0.585867,28,0,1,0,0.585867,0.654875,0.069007,0.069007,0.585867,0.024182,4,40,1,-1,28,18,34,113.000000,71.000000,51.833300,0.917685,0.736837,2.422015,-0.004908,0.000452,0.009886,0.009886,4,4,0,fixed,4,1,1,0,3.000000,4.000000
1002,centralized_dqn,centralized_dqn,0,4,3,25,0,0,2,2.846962,113.000000,0.355870,28,0.585867,28,0,0,0,0.585867,0.654875,0.069007,0.069007,0.585867,0.024182,4,40,1,0,28,18,34,113.000000,71.000000,51.833300,0.356443,0.262214,0.908256,0.000452,0.001927,0.019746,0.019746,4,4,0,fixed,4,1,1,0,3.000000,4.000000
1002,centralized_dqn,centralized_dqn,0,4,3,26,2,2,4,0.000000,51.833300,0.771705,34,0.585867,28,0,2,0,0.585867,0.654875,0.069007,0.069007,0.585867,0.024182,4,40,1,-1,28,18,34,113.000000,71.000000,51.833300,0.353982,0.563380,0.771705,-0.017348,-0.007062,0.000452,0.000000,4,4,0,fixed,4,1,1,0,3.000000,4.000000
1002,centralized_dqn,centralized_dqn,0,4,3,27,0,0,2,2.846950,113.000000,0.355869,28,0.585867,28,0,0,0,0.585867,0.654875,0.069007,0.069007,0.585867,0.024182,4,40,1,0,28,18,34,113.000000,71.000000,51.833300,0.356443,0.262214,0.908256,0.000452,0.001927,0.019746,0.019746,4,4,0,fixed,4,1,1,0,3.000000,4.000000
1002,centralized_dqn,centralized_dqn,0,4,3,28,0,0,2,2.845861,113.000000,0.355733,28,0.585867,28,0,0,0,0.585867,0.654875,0.069007,0.069007,0.585867,0.024182,4,40,1,0,28,18,34,113.000000,71.000000,51.833300,0.356448,0.262214,0.908256,0.000452,0.001926,0.019746,0.019746,4,4,0,fixed,4,1,1,0,3.000000,4.000000
1002,centralized_dqn,centralized_dqn,0,4,3,29,0,0,2,2.848047,113.000000,0.356006,28,0.585867,28,0,0,0,0.585867,0.654875,0.069007,0.069007,0.585867,0.024182,4,40,1,0,28,18,34,113.000000,71.000000,51.833300,0.356438,0.262214,0.908256,0.000452,0.001927,0.019746,0.019746,4,4,0,fixed,4,1,1,0,3.000000,4.000000
1002,centralized_dqn,centralized_dqn,0,4,3,30,2,2,3,0.000000,51.833300,1.929262,34,0.585867,28,0,2,0,0.585867,0.654875,0.069007,0.069007,0.585867,0.024182,4,40,1,1,28,18,34,113.000000,71.000000,51.833300,0.884956,1.408451,1.929262,-0.013617,-0.005855,0.000452,0.000000,4,4,0,fixed,4,1,1,0,3.000000,4.000000
1002,centralized_dqn,centralized_dqn,0,4,3,31,1,1,1,2.192112,71.000000,0.730704,18,0.585867,28,0,1,0,0.585867,0.654875,0.069007,0.069007,0.585867,0.024182,4,40,1,-1,28,18,34,113.000000,71.000000,51.833300,0.917685,0.738517,2.422015,-0.004920,0.000452,0.009873,0.009873,4,4,0,fixed,4,1,1,0,3.000000,4.000000
1002,centralized_dqn,centralized_dqn,0,4,3,32,1,1,1,2.328457,71.000000,0.776152,18,0.585867,28,0,1,0,0.585867,0.654875,0.069007,0.069007,0.585867,0.024182,4,40,1,-1,28,18,34,113.000000,71.000000,51.833300,0.917685,0.735844,2.422015,-0.004901,0.000452,0.009894,0.009894,4,4,0,fixed,4,1,1,0,3.000000,4.000000
1002,centralized_dqn,centralized_dqn,0,4,3,33,2,2,2,7.471021,51.833300,0.933878,34,0.585867,28,0,2,0,0.585867,0.654875,0.069007,0.069007,0.585867,0.024182,4,40,1,-1,28,18,34,113.000000,71.000000,51.833300,0.344132,0.262214,0.936061,-0.018718,-0.016526,0.000452,0.000000,4,4,0,fixed,4,1,1,0,3.000000,4.000000
1002,centralized_dqn,centralized_dqn,0,4,3,34,0,0,2,2.849186,113.000000,0.356148,28,0.585867,28,0,0,0,0.585867,0.654875,0.069007,0.069007,0.585867,0.024182,4,40,1,0,28,18,34,113.000000,71.000000,51.833300,0.356433,0.262214,0.908256,0.000452,0.001927,0.019746,0.019746,4,4,0,fixed,4,1,1,0,3.000000,4.000000
1002,centralized_dqn,centralized_dqn,0,4,3,35,0,0,2,2.852397,113.000000,0.356550,28,0.585867,28,0,0,0,0.585867,0.654875,0.069007,0.069007,0.585867,0.024182,4,40,1,0,28,18,34,113.000000,71.000000,51.833300,0.356418,0.262214,0.908256,0.000452,0.001927,0.019747,0.019747,4,4,0,fixed,4,1,1,0,3.000000,4.000000
1002,centralized_dqn,centralized_dqn,0,4,3,36,2,2,3,0.000000,51.833300,1.929262,34,0.585867,28,0,2,0,0.585867,0.654875,0.069007,0.069007,0.585867,0.024182,4,40,1,1,28,18,34,113.000000,71.000000,51.833300,0.884956,1.408451,1.929262,-0.013617,-0.005855,0.000452,0.000000,4,4,0,fixed,4,1,1,0,3.000000,4.000000
1002,centralized_dqn,centralized_dqn,0,4,3,37,0,0,2,2.805341,113.000000,0.350668,28,0.585867,28,0,0,0,0.585867,0.654875,0.069007,0.069007,0.585867,0.024182,4,40,1,0,28,18,34,113.000000,71.000000,51.833300,0.356636,0.262214,0.908256,0.000452,0.001920,0.019739,0.019739,4,4,0,fixed,4,1,1,0,3.000000,4.000000
1002,centralized_dqn,centralized_dqn,0,4,3,38,2,2,4,0.000000,51.833300,0.771705,34,0.585867,28,0,2,0,0.585867,0.654875,0.069007,0.069007,0.585867,0.024182,4,40,1,-1,28,18,34,113.000000,71.000000,51.833300,0.353982,0.563380,0.771705,-0.017348,-0.007062,0.000452,0.000000,4,4,0,fixed,4,1,1,0,3.000000,4.000000
1002,centralized_dqn,centralized_dqn,0,4,3,39,0,0,2,2.935411,113.000000,0.366926,28,0.585867,28,0,0,0,0.585867,0.654875,0.069007,0.069007,0.585867,0.024182,4,40,1,0,28,18,34,113.000000,71.000000,51.833300,0.356033,0.262214,0.908256,0.000452,0.001940,0.019760,0.019760,4,4,0,fixed,4,1,1,0,3.000000,4.000000
1002,centralized_dqn,centralized_dqn,0,4,3,40,2,2,4,0.000000,51.833300,0.771705,34,0.585867,28,0,2,0,0.585867,0.654875,0.069007,0.069007,0.585867,0.024182,4,40,1,-1,28,18,34,113.000000,71.000000,51.833300,0.353982,0.563380,0.771705,-0.017348,-0.007062,0.000452,0.000000,4,4,0,fixed,4,1,1,0,3.000000,4.000000
1002,centralized_dqn,centralized_dqn,0,4,3,41,2,2,4,0.000000,51.833300,0.771705,34,0.585867,28,0,2,0,0.585867,0.654875,0.069007,0.069007,0.585867,0.024182,4,40,1,-1,28,18,34,113.000000,71.000000,51.833300,0.353982,0.563380,0.771705,-0.017348,-0.007062,0.000452,0.000000,4,4,0,fixed,4,1,1,0,3.000000,4.000000
1002,centralized_dqn,centralized_dqn,0,4,3,42,1,1,1,2.297139,71.000000,0.765713,18,0.585867,28,0,1,0,0.585867,0.654875,0.069007,0.069007,0.585867,0.024182,4,40,1,-1,28,18,34,113.000000,71.000000,51.833300,0.917685,0.736458,2.422015,-0.004905,0.000452,0.009889,0.009889,4,4,0,fixed,4,1,1,0,3.000000,4.000000
1002,centralized_dqn,centralized_dqn,0,4,3,43,1,1,1,2.282082,71.000000,0.760694,18,0.585867,28,0,1,0,0.585867,0.654875,0.069007,0.069007,0.585867,0.024182,4,40,1,-1,28,18,34,113.000000,71.000000,51.833300,0.917685,0.736753,2.422015,-0.004907,0.000452,0.009887,0.009887,4,4,0,fixed,4,1,1,0,3.000000,4.000000
1002,centralized_dqn,centralized_dqn,0,4,3,44,1,1,1,2.353953,71.000000,0.784651,18,0.585867,28,0,1,0,0.585867,0.654875,0.069007,0.069007,0.585867,0.024182,4,40,1,-1,28,18,34,113.000000,71.000000,51.833300,0.917685,0.735344,2.422015,-0.004897,0.000452,0.009898,0.009898,4,4,0,fixed,4,1,1,0,3.000000,4.000000
1002,centralized_dqn,centralized_dqn,0,4,3,45,2,2,3,0.000000,51.833300,1.929262,34,0.585867,28,0,2,0,0.585867,0.654875,0.069007,0.069007,0.585867,0.024182,4,40,1,1,28,18,34,113.000000,71.000000,51.833300,0.884956,1.408451,1.929262,-0.013617,-0.005855,0.000452,0.000000,4,4,0,fixed,4,1,1,0,3.000000,4.000000
1002,centralized_dqn,centralized_dqn,0,4,3,46,0,0,2,2.935435,113.000000,0.366929,28,0.585867,28,0,0,0,0.585867,0.654875,0.069007,0.069007,0.585867,0.024182,4,40,1,0,28,18,34,113.000000,71.000000,51.833300,0.356033,0.262214,0.908256,0.000452,0.001940,0.019760,0.019760,4,4,0,fixed,4,1,1,0,3.000000,4.000000
1002,centralized_dqn,centralized_dqn,0,4,3,47,2,2,4,0.000000,51.833300,0.771705,34,0.585867,28,0,2,0,0.585867,0.654875,0.069007,0.069007,0.585867,0.024182,4,40,1,-1,28,18,34,113.000000,71.000000,51.833300,0.353982,0.563380,0.771705,-0.017348,-0.007062,0.000452,0.000000,4,4,0,fixed,4,1,1,0,3.000000,4.000000
1002,centralized_dqn,centralized_dqn,0,4,3,48,2,2,3,0.000000,51.833300,1.929262,34,0.585867,28,0,2,0,0.585867,0.654875,0.069007,0.069007,0.585867,0.024182,4,40,1,1,28,18,34,113.000000,71.000000,51.833300,0.884956,1.408451,1.929262,-0.013617,-0.005855,0.000452,0.000000,4,4,0,fixed,4,1,1,0,3.000000,4.000000
1002,centralized_dqn,centralized_dqn,0,4,3,49,1,1,1,2.266020,71.000000,0.755340,18,0.585867,28,0,1,0,0.585867,0.654875,0.069007,0.069007,0.585867,0.024182,4,40,1,-1,28,18,34,113.000000,71.000000,51.833300,0.917685,0.737068,2.422015,-0.004910,0.000452,0.009885,0.009885,4,4,0,fixed,4,1,1,0,3.000000,4.000000
1002,centralized_dqn,centralized_dqn,0,4,3,50,0,0,2,2.933321,113.000000,0.366665,28,0.585867,28,0,2,1,0.585867,0.654875,0.069007,0.069007,0.585867,0.024182,4,40,1,0,28,18,34,113.000000,71.000000,51.833300,0.356043,0.262214,0.908256,0.000452,0.001940,0.019760,0.019760,4,4,0,fixed,4,1,1,0,3.000000,4.000000
1002,centralized_dqn,centralized_dqn,0,4,3,51,2,2,4,0.000000,51.833300,0.771705,34,0.585867,28,0,2,0,0.585867,0.654875,0.069007,0.069007,0.585867,0.024182,4,40,1,-1,28,18,34,113.000000,71.000000,51.833300,0.353982,0.563380,0.771705,-0.017348,-0.007062,0.000452,0.000000,4,4,0,fixed,4,1,1,0,3.000000,4.000000
1002,centralized_dqn,centralized_dqn,0,4,3,52,2,2,4,0.000000,51.833300,0.771705,34,0.585867,28,0,2,0,0.585867,0.654875,0.069007,0.069007,0.585867,0.024182,4,40,1,-1,28,18,34,113.000000,71.000000,51.833300,0.353982,0.563380,0.771705,-0.017348,-0.007062,0.000452,0.000000,4,4,0,fixed,4,1,1,0,3.000000,4.000000
1002,centralized_dqn,centralized_dqn,0,4,3,53,0,0,2,2.852485,113.000000,0.356561,28,0.585867,28,0,0,0,0.585867,0.654875,0.069007,0.069007,0.585867,0.024182,4,40,1,0,28,18,34,113.000000,71.000000,51.833300,0.356417,0.262214,0.908256,0.000452,0.001927,0.019747,0.019747,4,4,0,fixed,4,1,1,0,3.000000,4.000000
1002,centralized_dqn,centralized_dqn,0,4,3,54,0,0,2,2.850211,113.000000,0.356276,28,0.585867,28,0,0,0,0.585867,0.654875,0.069007,0.069007,0.585867,0.024182,4,40,1,0,28,18,34,113.000000,71.000000,51.833300,0.356428,0.262214,0.908256,0.000452,0.001927,0.019747,0.019747,4,4,0,fixed,4,1,1,0,3.000000,4.000000
1002,centralized_dqn,centralized_dqn,0,4,3,55,1,1,1,2.181282,71.000000,0.727094,18,0.585867,28,0,1,0,0.585867,0.654875,0.069007,0.069007,0.585867,0.024182,4,40,1,-1,28,18,34,113.000000,71.000000,51.833300,0.917685,0.738729,2.422015,-0.004922,0.000452,0.009872,0.009872,4,4,0,fixed,4,1,1,0,3.000000,4.000000
1002,centralized_dqn,centralized_dqn,0,4,3,56,1,1,1,2.182462,71.000000,0.727487,18,0.585867,28,0,1,0,0.585867,0.654875,0.069007,0.069007,0.585867,0.024182,4,40,1,-1,28,18,34,113.000000,71.000000,51.833300,0.917685,0.738706,2.422015,-0.004922,0.000452,0.009872,0.009872,4,4,0,fixed,4,1,1,0,3.000000,4.000000
1002,centralized_dqn,centralized_dqn,0,4,3,57,2,2,3,0.000000,51.833300,1.929262,34,0.585867,28,0,2,0,0.585867,0.654875,0.069007,0.069007,0.585867,0.024182,4,40,1,1,28,18,34,113.000000,71.000000,51.833300,0.884956,1.408451,1.929262,-0.013617,-0.005855,0.000452,0.000000,4,4,0,fixed,4,1,1,0,3.000000,4.000000
1002,centralized_dqn,centralized_dqn,0,4,3,58,0,0,2,2.851328,113.000000,0.356416,28,0.585867,28,0,0,0,0.585867,0.654875,0.069007,0.069007,0.585867,0.024182,4,40,1,0,28,18,34,113.000000,71.000000,51.833300,0.356423,0.262214,0.908256,0.000452,0.001927,0.019747,0.019747,4,4,0,fixed,4,1,1,0,3.000000,4.000000
1002,centralized_dqn,centralized_dqn,0,4,3,59,2,2,3,0.000000,51.833300,1.929262,34,0.585867,28,0,2,0,0.585867,0.654875,0.069007,0.069007,0.585867,0.024182,4,40,1,1,28,18,34,113.000000,71.000000,51.833300,0.884956,1.408451,1.929262,-0.013617,-0.005855,0.000452,0.000000,4,4,0,fixed,4,1,1,0,3.000000,4.000000
1002,centralized_dqn,centralized_dqn,0,4,3,60,1,1,1,2.313849,71.000000,0.771283,18,0.585867,28,0,1,0,0.585867,0.654875,0.069007,0.069007,0.585867,0.024182,4,40,1,-1,28,18,34,113.000000,71.000000,51.833300,0.917685,0.736130,2.422015,-0.004903,0.000452,0.009892,0.009892,4,4,0,fixed,4,1,1,0,3.000000,4.000000
1002,centralized_dqn,centralized_dqn,0,4,3,61,0,0,2,2.850235,113.000000,0.356279,28,0.585867,28,0,0,0,0.585867,0.654875,0.069007,0.069007,0.585867,0.024182,4,40,1,0,28,18,34,113.000000,71.000000,51.833300,0.356428,0.262214,0.908256,0.000452,0.001927,0.019747,0.019747,4,4,0,fixed,4,1,1,0,3.000000,4.000000
1002,centralized_dqn,centralized_dqn,0,4,3,62,1,1,1,2.334620,71.000000,0.778207,18,0.585867,28,0,1,0,0.585867,0.654875,0.069007,0.069007,0.585867,0.024182,4,40,1,-1,28,18,34,113.000000,71.000000,51.833300,0.917685,0.735723,2.422015,-0.004900,0.000452,0.009895,0.009895,4,4,0,fixed,4,1,1,0,3.000000,4.000000
1002,centralized_dqn,centralized_dqn,0,4,3,63,0,0,2,2.850287,113.000000,0.356286,28,0.585867,28,0,0,0,0.585867,0.654875,0.069007,0.069007,0.585867,0.024182,4,40,1,0,28,18,34,113.000000,71.000000,51.833300,0.356427,0.262214,0.908256,0.000452,0.001927,0.019747,0.019747,4,4,0,fixed,4,1,1,0,3.000000,4.000000
1002,centralized_dqn,centralized_dqn,0,4,3,64,0,0,2,2.850275,113.000000,0.356284,28,0.585867,28,0,0,0,0.585867,0.654875,0.069007,0.069007,0.585867,0.024182,4,40,1,0,28,18,34,113.000000,71.000000,51.833300,0.356428,0.262214,0.908256,0.000452,0.001927,0.019747,0.019747,4,4,0,fixed,4,1,1,0,3.000000,4.000000
1002,centralized_dqn,centralized_dqn,0,4,3,65,0,0,2,2.933391,113.000000,0.366674,28,0.585867,28,0,2,1,0.585867,0.654875,0.069007,0.069007,0.585867,0.024182,4,40,1,0,28,18,34,113.000000,71.000000,51.833300,0.356043,0.262214,0.908256,0.000452,0.001940,0.019760,0.019760,4,4,0,fixed,4,1,1,0,3.000000,4.000000
1002,centralized_dqn,centralized_dqn,0,4,3,66,2,2,4,0.000000,51.833300,0.771705,34,0.585867,28,0,2,0,0.585867,0.654875,0.069007,0.069007,0.585867,0.024182,4,40,1,-1,28,18,34,113.000000,71.000000,51.833300,0.353982,0.563380,0.771705,-0.017348,-0.007062,0.000452,0.000000,4,4,0,fixed,4,1,1,0,3.000000,4.000000
1002,centralized_dqn,centralized_dqn,0,4,3,67,0,0,2,2.850270,113.000000,0.356284,28,0.585867,28,0,0,0,0.585867,0.654875,0.069007,0.069007,0.585867,0.024182,4,40,1,0,28,18,34,113.000000,71.000000,51.833300,0.356428,0.262214,0.908256,0.000452,0.001927,0.019747,0.019747,4,4,0,fixed,4,1,1,0,3.000000,4.000000
1002,centralized_dqn,centralized_dqn,0,4,3,68,0,0,2,2.865506,113.000000,0.358188,28,0.585867,28,0,2,1,0.585867,0.654875,0.069007,0.069007,0.585867,0.024182,4,40,1,0,28,18,34,113.000000,71.000000,51.833300,0.356357,0.262214,0.908256,0.000452,0.001929,0.019749,0.019749,4,4,0,fixed,4,1,1,0,3.000000,4.000000
1002,centralized_dqn,centralized_dqn,0,4,3,69,1,1,1,1.963146,71.000000,0.654382,18,0.585867,28,0,1,0,0.585867,0.654875,0.069007,0.069007,0.585867,0.024182,4,40,1,-1,28,18,34,113.000000,71.000000,51.833300,0.917685,0.743007,2.422015,-0.004953,0.000452,0.009839,0.009839,4,4,0,fixed,4,1,1,0,3.000000,4.000000
1002,centralized_dqn,centralized_dqn,0,4,3,70,2,2,4,0.000000,51.833300,0.771705,34,0.585867,28,0,2,0,0.585867,0.654875,0.069007,0.069007,0.585867,0.024182,4,40,1,-1,28,18,34,113.000000,71.000000,51.833300,0.353982,0.563380,0.771705,-0.017348,-0.007062,0.000452,0.000000,4,4,0,fixed,4,1,1,0,3.000000,4.000000
1002,centralized_dqn,centralized_dqn,0,4,3,71,1,1,1,1.985733,71.000000,0.661911,18,0.585867,28,0,1,0,0.585867,0.654875,0.069007,0.069007,0.585867,0.024182,4,40,1,-1,28,18,34,113.000000,71.000000,51.833300,0.917685,0.742564,2.422015,-0.004950,0.000452,0.009843,0.009843,4,4,0,fixed,4,1,1,0,3.000000,4.000000
1002,centralized_dqn,centralized_dqn,0,4,3,72,2,2,3,0.000000,51.833300,1.929262,34,0.585867,28,0,2,0,0.585867,0.654875,0.069007,0.069007,0.585867,0.024182,4,40,1,1,28,18,34,113.000000,71.000000,51.833300,0.884956,1.408451,1.929262,-0.013617,-0.005855,0.000452,0.000000,4,4,0,fixed,4,1,1,0,3.000000,4.000000
1002,centralized_dqn,centralized_dqn,0,4,3,73,0,0,2,2.847050,113.000000,0.355881,28,0.585867,28,0,0,0,0.585867,0.654875,0.069007,0.069007,0.585867,0.024182,4,40,1,0,28,18,34,113.000000,71.000000,51.833300,0.356442,0.262214,0.908256,0.000452,0.001927,0.019746,0.019746,4,4,0,fixed,4,1,1,0,3.000000,4.000000
1002,centralized_dqn,centralized_dqn,0,4,3,74,2,2,4,0.000000,51.833300,0.771705,34,0.585867,28,0,2,0,0.585867,0.654875,0.069007,0.069007,0.585867,0.024182,4,40,1,-1,28,18,34,113.000000,71.000000,51.833300,0.353982,0.563380,0.771705,-0.017348,-0.007062,0.000452,0.000000,4,4,0,fixed,4,1,1,0,3.000000,4.000000
1002,centralized_dqn,centralized_dqn,0,4,3,75,2,2,4,0.000000,51.833300,0.771705,34,0.585867,28,0,2,0,0.585867,0.654875,0.069007,0.069007,0.585867,0.024182,4,40,1,-1,28,18,34,113.000000,71.000000,51.833300,0.353982,0.563380,0.771705,-0.017348,-0.007062,0.000452,0.000000,4,4,0,fixed,4,1,1,0,3.000000,4.000000
1002,centralized_dqn,centralized_dqn,0,4,3,76,0,0,2,2.847019,113.000000,0.355877,28,0.585867,28,0,0,0,0.585867,0.654875,0.069007,0.069007,0.585867,0.024182,4,40,1,0,28,18,34,113.000000,71.000000,51.833300,0.356443,0.262214,0.908256,0.000452,0.001927,0.019746,0.019746,4,4,0,fixed,4,1,1,0,3.000000,4.000000
1002,centralized_dqn,centralized_dqn,0,4,3,77,0,0,2,2.847002,113.000000,0.355875,28,0.585867,28,0,0,0,0.585867,0.654875,0.069007,0.069007,0.585867,0.024182,4,40,1,0,28,18,34,113.000000,71.000000,51.833300,0.356443,0.262214,0.908256,0.000452,0.001927,0.019746,0.019746,4,4,0,fixed,4,1,1,0,3.000000,4.000000
1002,centralized_dqn,centralized_dqn,0,4,3,78,1,1,1,2.230766,71.000000,0.743589,18,0.585867,28,0,1,0,0.585867,0.654875,0.069007,0.069007,0.585867,0.024182,4,40,1,-1,28,18,34,113.000000,71.000000,51.833300,0.917685,0.737759,2.422015,-0.004915,0.000452,0.009879,0.009879,4,4,0,fixed,4,1,1,0,3.000000,4.000000
1002,centralized_dqn,centralized_dqn,0,4,3,79,0,0,2,2.848064,113.000000,0.356008,28,0.585867,28,0,0,0,0.585867,0.654875,0.069007,0.069007,0.585867,0.024182,4,40,1,0,28,18,34,113.000000,71.000000,51.833300,0.356438,0.262214,0.908256,0.000452,0.001927,0.019746,0.019746,4,4,0,fixed,4,1,1,0,3.000000,4.000000
1002,centralized_dqn,centralized_dqn,0,4,3,80,2,2,4,0.000000,51.833300,0.771705,34,0.585867,28,0,2,0,0.585867,0.654875,0.069007,0.069007,0.585867,0.024182,4,40,1,-1,28,18,34,113.000000,71.000000,51.833300,0.353982,0.563380,0.771705,-0.017348,-0.007062,0.000452,0.000000,4,4,0,fixed,4,1,1,0,3.000000,4.000000
1002,centralized_dqn,centralized_dqn,0,4,4,1,2,2,4,0.000000,66.333300,0.603015,38,0.545035,30,0,2,0,0.545035,0.573035,0.028000,0.028000,0.545035,-0.040833,0,41,1,-1,25,17,38,113.000000,71.000000,66.333300,0.353982,0.563380,0.603015,0.014797,0.023695,0.028000,0.023695,4,0,4,fixed,4,1,1,0,3.000000,4.000000
1002,centralized_dqn,centralized_dqn,0,4,4,2,2,2,2,2.983538,66.333300,0.372942,38,0.545035,30,0,2,0,0.545035,0.573035,0.028000,0.028000,0.545035,-0.040833,0,41,1,0,25,17,38,113.000000,71.000000,66.333300,0.383811,0.268434,0.372858,0.019429,0.019692,0.028000,0.019692,4,0,4,fixed,4,1,1,0,3.000000,4.000000
1002,centralized_dqn,centralized_dqn,0,4,4,3,2,2,1,4.717415,66.333300,1.572472,38,0.545035,30,0,2,0,0.545035,0.573035,0.028000,0.028000,0.545035,-0.040833,0,41,1,1,25,17,38,113.000000,71.000000,66.333300,1.023497,0.715825,0.994344,0.019414,0.022481,0.028000,0.022481,4,0,4,fixed,4,1,1,0,3.000000,4.000000
1002,centralized_dqn,centralized_dqn,0,4,4,4,0,0,2,3.375879,113.000000,0.421985,25,0.545035,30,0,0,0,0.545035,0.573035,0.028000,0.028000,0.545035,-0.040833,0,41,1,0,25,17,38,113.000000,71.000000,66.333300,0.398213,0.268434,0.363318,0.028000,0.027473,0.035419,0.035419,4,0,4,fixed,4,1,1,0,3.000000,4.000000
1002,centralized_dqn,centralized_dqn,0,4,4,5,1,1,1,1.924775,71.000000,0.641592,17,0.545035,30,0,1,0,0.545035,0.573035,0.028000,0.028000,0.545035,-0.040833,0,41,1,-1,25,17,38,113.000000,71.000000,66.333300,1.023497,0.765203,1.532152,0.024196,0.028000,0.034297,0.034297,4,0,4,fixed,4,1,1,0,3.000000,4.000000
1002,centralized_dqn,centralized_dqn,0,4,4,6,2,2,3,0.000000,66.333300,1.507538,38,0.545035,30,0,2,0,0.545035,0.573035,0.028000,0.028000,0.545035,-0.040833,0,41,1,1,25,17,38,113.000000,71.000000,66.333300,0.884956,1.408451,1.507538,0.017553,0.023979,0.028000,0.023979,4,0,4,fixed,4,1,1,0,3.000000,4.000000
1002,centralized_dqn,centralized_dqn,0,4,4,7,2,2,4,0.000000,66.333300,0.603015,38,0.545035,30,0,2,0,0.545035,0.573035,0.028000,0.028000,0.545035,-0.040833,0,41,1,-1,25,17,38,113.000000,71.000000,66.333300,0.353982,0.563380,0.603015,0.014797,0.023695,0.028000,0.023695,4,0,4,fixed,4,1,1,0,3.000000,4.000000
1002,centralized_dqn,centralized_dqn,0,4,4,8,2,2,4,0.000000,66.333300,0.603015,38,0.545035,30,0,2,0,0.545035,0.573035,0.028000,0.028000,0.545035,-0.040833,0,41,1,-1,25,17,38,113.000000,71.000000,66.333300,0.353982,0.563380,0.603015,0.014797,0.023695,0.028000,0.023695,4,0,4,fixed,4,1,1,0,3.000000,4.000000
1002,centralized_dqn,centralized_dqn,0,4,4,9,2,2,3,0.000000,66.333300,1.507538,38,0.545035,30,0,2,0,0.545035,0.573035,0.028000,0.028000,0.545035,-0.040833,0,41,1,1,25,17,38,113.000000,71.000000,66.333300,0.884956,1.408451,1.507538,0.017553,0.023979,0.028000,0.023979,4,0,4,fixed,4,1,1,0,3.000000,4.000000
1002,centralized_dqn,centralized_dqn,0,4,4,10,0,0,2,3.099466,113.000000,0.387433,25,0.545035,30,0,0,0,0.545035,0.573035,0.028000,0.028000,0.545035,-0.040833,0,41,1,0,25,17,38,113.000000,71.000000,66.333300,0.399652,0.268434,0.363318,0.028000,0.027437,0.035382,0.035382,4,0,4,fixed,4,1,1,0,3.000000,4.000000
1002,centralized_dqn,centralized_dqn,0,4,4,11,2,2,4,0.000000,66.333300,0.603015,38,0.545035,30,0,2,0,0.545035,0.573035,0.028000,0.028000,0.545035,-0.040833,0,41,1,-1,25,17,38,113.000000,71.000000,66.333300,0.353982,0.563380,0.603015,0.014797,0.023695,0.028000,0.023695,4,0,4,fixed,4,1,1,0,3.000000,4.000000
1002,centralized_dqn,centralized_dqn,0,4,4,12,0,0,2,3.099442,113.000000,0.387430,25,0.545035,30,0,0,0,0.545035,0.573035,0.028000,0.028000,0.545035,-0.040833,0,41,1,0,25,17,38,113.000000,71.000000,66.333300,0.399653,0.268434,0.363318,0.028000,0.027437,0.035382,0.035382,4,0,4,fixed,4,1,1,0,3.000000,4.000000
1002,centralized_dqn,centralized_dqn,0,4,4,13,2,2,4,0.000000,66.333300,0.603015,38,0.545035,30,0,2,0,0.545035,0.573035,0.028000,0.028000,0.545035,-0.040833,0,41,1,-1,25,17,38,113.000000,71.000000,66.333300,0.353982,0.563380,0.603015,0.014797,0.023695,0.028000,0.023695,4,0,4,fixed,4,1,1,0,3.000000,4.000000
1002,centralized_dqn,centralized_dqn,0,4,4,14,2,2,3,0.000000,66.333300,1.507538,38,0.545035,30,0,2,0,0.545035,0.573035,0.028000,0.028000,0.545035,-0.040833,0,41,1,1,25,17,38,113.000000,71.000000,66.333300,0.884956,1.408451,1.507538,0.017553,0.023979,0.028000,0.023979,4,0,4,fixed,4,1,1,0,3.000000,4.000000
1002,centralized_dqn,centralized_dqn,0,4,4,15,1,1,1,2.157494,71.000000,0.719165,17,0.545035,30,0,1,0,0.545035,0.573035,0.028000,0.028000,0.545035,-0.040833,0,41,1,-1,25,17,38,113.000000,71.000000,66.333300,1.023497,0.760355,1.532152,0.024228,0.028000,0.034330,0.034330,4,0,4,fixed,4,1,1,0,3.000000,4.000000
1002,centralized_dqn,centralized_dqn,0,4,4,16,2,2,4,0.000000,66.333300,0.603015,38,0.545035,30,0,2,0,0.545035,0.573035,0.028000,0.028000,0.545035,-0.040833,0,41,1,-1,25,17,38,113.000000,71.000000,66.333300,0.353982,0.563380,0.603015,0.014797,0.023695,0.028000,0.023695,4,0,4,fixed,4,1,1,0,3.000000,4.000000
1002,centralized_dqn,centralized_dqn,0,4,4,17,2,2,3,0.000000,66.333300,1.507538,38,0.545035,30,0,2,0,0.545035,0.573035,0.028000,0.028000,0.545035,-0.040833,0,41,1,1,25,17,38,113.000000,71.000000,66.333300,0.884956,1.408451,1.507538,0.017553,0.023979,0.028000,0.023979,4,0,4,fixed,4,1,1,0,3.000000,4.000000
1002,centralized_dqn,centralized_dqn,0,4,4,18,1,1,1,2.132522,71.000000,0.710841,17,0.545035,30,0,1,0,0.545035,0.573035,0.028000,0.028000,0.545035,-0.040833,0,41,1,-1,25,17,38,113.000000,71.000000,66.333300,1.023497,0.760875,1.532152,0.024225,0.028000,0.034326,0.034326,4,0,4,fixed,4,1,1,0,3.000000,4.000000
1002,centralized_dqn,centralized_dqn,0,4,4,19,0,0,2,3.099424,113.000000,0.387428,25,0.545035,30,0,0,0,0.545035,0.573035,0.028000,0.028000,0.545035,-0.040833,0,41,1,0,25,17,38,113.000000,71.000000,66.333300,0.399653,0.268434,0.363318,0.028000,0.027437,0.035382,0.035382,4,0,4,fixed,4,1,1,0,3.000000,4.000000
1002,centralized_dqn,centralized_dqn,0,4,4,20,2,2,4,0.000000,66.333300,0.603015,38,0.545035,30,0,2,0,0.545035,0.573035,0.028000,0.028000,0.545035,-0.040833,0,41,1,-1,25,17,38,113.000000,71.000000,66.333300,0.353982,0.563380,0.603015,0.014797,0.023695,0.028000,0.023695,4,0,4,fixed,4,1,1,0,3.000000,4.000000
1002,centralized_dqn,centralized_dqn,0,4,4,21,0,0,2,3.097302,113.000000,0.387163,25,0.545035,30,0,0,0,0.545035,0.573035,0.028000,0.028000,0.545035,-0.040833,0,41,1,0,25,17,38,113.000000,71.000000,66.333300,0.399664,0.268434,0.363318,0.028000,0.027437,0.035382,0.035382,4,0,4,fixed,4,1,1,0,3.000000,4.000000
1002,centralized_dqn,centralized_dqn,0,4,4,22,2,2,3,0.000000,66.333300,1.507538,38,0.545035,30,0,2,0,0.545035,0.573035,0.028000,0.028000,0.545035,-0.040833,0,41,1,1,25,17,38,113.000000,71.000000,66.333300,0.884956,1.408451,1.507538,0.017553,0.023979,0.028000,0.023979,4,0,4,fixed,4,1,1,0,3.000000,4.000000
1002,centralized_dqn,centralized_dqn,0,4,4,23,2,2,3,0.000000,66.333300,1.507538,38,0.545035,30,0,2,0,0.545035,0.573035,0.028000,0.028000,0.545035,-0.040833,0,41,1,1,25,17,38,113.000000,71.000000,66.333300,0.884956,1.408451,1.507538,0.017553,0.023979,0.028000,0.023979,4,0,4,fixed,4,1,1,0,3.000000,4.000000
1002,centralized_dqn,centralized_dqn,0,4,4,24,1,1,1,2.004804,71.000000,0.668268,17,0.545035,30,0,1,0,0.545035,0.573035,0.028000,0.028000,0.545035,-0.040833,0,41,1,-1,25,17,38,113.000000,71.000000,66.333300,1.023497,0.763536,1.532152,0.024207,0.028000,0.034308,0.034308,4,0,4,fixed,4,1,1,0,3.000000,4.000000
1002,centralized_dqn,centralized_dqn,0,4,4,25,0,0,2,3.206532,113.000000,0.400816,25,0.545035,30,0,0,0,0.545035,0.573035,0.028000,0.028000,0.545035,-0.040833,0,41,1,0,25,17,38,113.000000,71.000000,66.333300,0.399095,0.268434,0.363318,0.028000,0.027451,0.035396,0.035396,4,0,4,fixed,4,1,1,0,3.000000,4.000000
1002,centralized_dqn,centralized_dqn,0,4,4,26,2,2,4,0.000000,66.333300,0.603015,38,0.545035,30,0,2,0,0.545035,0.573035,0.028000,0.028000,0.545035,-0.040833,0,41,1,-1,25,17,38,113.000000,71.000000,66.333300,0.353982,0.563380,0.603015,0.014797,0.023695,0.028000,0.023695,4,0,4,fixed,4,1,1,0,3.000000,4.000000
1002,centralized_dqn,centralized_dqn,0,4,4,27,0,0,2,3.206556,113.000000,0.400819,25,0.545035,30,0,0,0,0.545035,0.573035,0.028000,0.028000,0.545035,-0.040833,0,41,1,0,25,17,38,113.000000,71.000000,66.333300,0.399095,0.268434,0.363318,0.028000,0.027451,0.035396,0.035396,4,0,4,fixed,4,1,1,0,3.000000,4.000000
1002,centralized_dqn,centralized_dqn,0,4,4,28,0,0,2,3.122465,113.000000,0.390308,25,0.545035,30,0,0,0,0.545035,0.573035,0.028000,0.028000,0.545035,-0.040833,0,41,1,0,25,17,38,113.000000,71.000000,66.333300,0.399533,0.268434,0.363318,0.028000,0.027440,0.035385,0.035385,4,0,4,fixed,4,1,1,0,3.000000,4.000000
1002,centralized_dqn,centralized_dqn,0,4,4,29,0,0,2,3.122465,113.000000,0.390308,25,0.545035,30,0,0,0,0.545035,0.573035,0.028000,0.028000,0.545035,-0.040833,0,41,1,0,25,17,38,113.000000,71.000000,66.333300,0.399533,0.268434,0.363318,0.028000,0.027440,0.035385,0.035385,4,0,4,fixed,4,1,1,0,3.000000,4.000000
1002,centralized_dqn,centralized_dqn,0,4,4,30,2,2,3,0.000000,66.333300,1.507538,38,0.545035,30,0,2,0,0.545035,0.573035,0.028000,0.028000,0.545035,-0.040833,0,41,1,1,25,17,38,113.000000,71.000000,66.333300,0.884956,1.408451,1.507538,0.017553,0.023979,0.028000,0.023979,4,0,4,fixed,4,1,1,0,3.000000,4.000000
1002,centralized_dqn,centralized_dqn,0,4,4,31,1,1,1,2.321180,71.000000,0.773727,17,0.545035,30,0,1,0,0.545035,0.573035,0.028000,0.028000,0.545035,-0.040833,0,41,1,-1,25,17,38,113.000000,71.000000,66.333300,1.023497,0.756945,1.532152,0.024251,0.028000,0.034353,0.034353,4,0,4,fixed,4,1,1,0,3.000000,4.000000
1002,centralized_dqn,centralized_dqn,0,4,4,32,1,1,1,2.434236,71.000000,0.811412,17,0.545035,30,0,1,0,0.545035,0.573035,0.028000,0.028000,0.545035,-0.040833,0,41,1,-1,25,17,38,113.000000,71.000000,66.333300,1.023497,0.754589,1.532152,0.024267,0.028000,0.034369,0.034369,4,0,4,fixed,4,1,1,0,3.000000,4.000000
1002,centralized_dqn,centralized_dqn,0,4,4,33,2,2,2,2.983633,66.333300,0.372954,38,0.545035,30,0,2,0,0.545035,0.573035,0.028000,0.028000,0.545035,-0.040833,0,41,1,0,25,17,38,113.000000,71.000000,66.333300,0.383811,0.268434,0.372854,0.019429,0.019692,0.028000,0.019692,4,0,4,fixed,4,1,1,0,3.000000,4.000000
1002,centralized_dqn,centralized_dqn,0,4,4,34,0,0,2,3.204340,113.000000,0.400542,25,0.545035,30,0,0,0,0.545035,0.573035,0.028000,0.028000,0.545035,-0.040833,0,41,1,0,25,17,38,113.000000,71.000000,66.333300,0.399106,0.268434,0.363318,0.028000,0.027450,0.035396,0.035396,4,0,4,fixed,4,1,1,0,3.000000,4.000000
1002,centralized_dqn,centralized_dqn,0,4,4,35,0,0,2,3.204376,113.000000,0.400547,25,0.545035,30,0,0,0,0.545035,0.573035,0.028000,0.028000,0.545035,-0.040833,0,41,1,0,25,17,38,113.000000,71.000000,66.333300,0.399106,0.268434,0.363318,0.028000,0.027450,0.035396,0.035396,4,0,4,fixed,4,1,1,0,3.000000,4.000000
1002,centralized_dqn,centralized_dqn,0,4,4,36,2,2,3,0.000000,66.333300,1.507538,38,0.545035,30,0,2,0,0.545035,0.573035,0.028000,0.028000,0.545035,-0.040833,0,41,1,1,25,17,38,113.000000,71.000000,66.333300,0.884956,1.408451,1.507538,0.017553,0.023979,0.028000,0.023979,4,0,4,fixed,4,1,1,0,3.000000,4.000000
1002,centralized_dqn,centralized_dqn,0,4,4,37,0,0,2,3.462368,113.000000,0.432796,25,0.545035,30,0,0,0,0.545035,0.573035,0.028000,0.028000,0.545035,-0.040833,0,41,1,0,25,17,38,113.000000,71.000000,66.333300,0.397762,0.268434,0.363318,0.028000,0.027484,0.035430,0.035430,4,0,4,fixed,4,1,1,0,3.000000,4.000000
1002,centralized_dqn,centralized_dqn,0,4,4,38,2,2,4,0.000000,66.333300,0.603015,38,0.545035,30,0,2,0,0.545035,0.573035,0.028000,0.028000,0.545035,-0.040833,0,41,1,-1,25,17,38,113.000000,71.000000,66.333300,0.353982,0.563380,0.603015,0.014797,0.023695,0.028000,0.023695,4,0,4,fixed,4,1,1,0,3.000000,4.000000
1002,centralized_dqn,centralized_dqn,0,4,4,39,0,0,2,3.538818,113.000000,0.442352,25,0.545035,30,0,0,0,0.545035,0.573035,0.028000,0.028000,0.545035,-0.040833,0,41,1,0,25,17,38,113.000000,71.000000,66.333300,0.397364,0.268434,0.363318,0.028000,0.027494,0.035441,0.035441,4,0,4,fixed,4,1,1,0,3.000000,4.000000
1002,centralized_dqn,centralized_dqn,0,4,4,40,2,2,4,0.000000,66.333300,0.603015,38,0.545035,30,0,2,0,0.545035,0.573035,0.028000,0.028000,0.545035,-0.040833,0,41,1,-1,25,17,38,113.000000,71.000000,66.333300,0.353982,0.563380,0.603015,0.014797,0.023695,0.028000,0.023695,4,0,4,fixed,4,1,1,0,3.000000,4.000000
1002,centralized_dqn,centralized_dqn,0,4,4,41,2,2,4,0.000000,66.333300,0.603015,38,0.545035,30,0,2,0,0.545035,0.573035,0.028000,0.028000,0.545035,-0.040833,0,41,1,-1,25,17,38,113.000000,71.000000,66.333300,0.353982,0.563380,0.603015,0.014797,0.023695,0.028000,0.023695,4,0,4,fixed,4,1,1,0,3.000000,4.000000
1002,centralized_dqn,centralized_dqn,0,4,4,42,1,1,1,2.428775,71.000000,0.809592,17,0.545035,30,0,1,0,0.545035,0.573035,0.028000,0.028000,0.545035,-0.040833,0,41,1,-1,25,17,38,113.000000,71.000000,66.333300,1.023497,0.754703,1.532152,0.024266,0.028000,0.034369,0.034369,4,0,4,fixed,4,1,1,0,3.000000,4.000000
1002,centralized_dqn,centralized_dqn,0,4,4,43,1,1,1,2.315109,71.000000,0.771703,17,0.545035,30,0,1,0,0.545035,0.573035,0.028000,0.028000,0.545035,-0.040833,0,41,1,-1,25,17,38,113.000000,71.000000,66.333300,1.023497,0.757071,1.532152,0.024250,0.028000,0.034352,0.034352,4,0,4,fixed,4,1,1,0,3.000000,4.000000
1002,centralized_dqn,centralized_dqn,0,4,4,44,1,1,1,2.341378,71.000000,0.780459,17,0.545035,30,0,1,0,0.545035,0.573035,0.028000,0.028000,0.545035,-0.040833,0,41,1,-1,25,17,38,113.000000,71.000000,66.333300,1.023497,0.756524,1.532152,0.024254,0.028000,0.034356,0.034356,4,0,4,fixed,4,1,1,0,3.000000,4.000000
1002,centralized_dqn,centralized_dqn,0,4,4,45,2,2,3,0.000000,66.333300,1.507538,38,0.545035,30,0,2,0,0.545035,0.573035,0.028000,0.028000,0.545035,-0.040833,0,41,1,1,25,17,38,113.000000,71.000000,66.333300,0.884956,1.408451,1.507538,0.017553,0.023979,0.028000,0.023979,4,0,4,fixed,4,1,1,0,3.000000,4.000000
1002,centralized_dqn,centralized_dqn,0,4,4,46,0,0,2,3.566155,113.000000,0.445769,25,0.545035,30,0,0,0,0.545035,0.573035,0.028000,0.028000,0.545035,-0.040833,0,41,1,0,25,17,38,113.000000,71.000000,66.333300,0.397222,0.268434,0.363318,0.028000,0.027497,0.035444,0.035444,4,0,4,fixed,4,1,1,0,3.000000,4.000000
1002,centralized_dqn,centralized_dqn,0,4,4,47,2,2,4,0.000000,66.333300,0.603015,38,0.545035,30,0,2,0,0.545035,0.573035,0.028000,0.028000,0.545035,-0.040833,0,41,1,-1,25,17,38,113.000000,71.000000,66.333300,0.353982,0.563380,0.603015,0.014797,0.023695,0.028000,0.023695,4,0,4,fixed,4,1,1,0,3.000000,4.000000
1002,centralized_dqn,centralized_dqn,0,4,4,48,2,2,3,0.000000,66.333300,1.507538,38,0.545035,30,0,2,0,0.545035,0.573035,0.028000,0.028000,0.545035,-0.040833,0,41,1,1,25,17,38,113.000000,71.000000,66.333300,0.884956,1.408451,1.507538,0.017553,0.023979,0.028000,0.023979,4,0,4,fixed,4,1,1,0,3.000000,4.000000
1002,centralized_dqn,centralized_dqn,0,4,4,49,1,1,1,2.464170,71.000000,0.821390,17,0.545035,30,0,1,0,0.545035,0.573035,0.028000,0.028000,0.545035,-0.040833,0,41,1,-1,25,17,38,113.000000,71.000000,66.333300,1.023497,0.753966,1.532152,0.024271,0.028000,0.034374,0.034374,4,0,4,fixed,4,1,1,0,3.000000,4.000000
1002,centralized_dqn,centralized_dqn,0,4,4,50,2,2,2,2.982486,66.333300,0.372811,38,0.545035,30,0,2,0,0.545035,0.573035,0.028000,0.028000,0.545035,-0.040833,0,41,1,0,25,17,38,113.000000,71.000000,66.333300,0.383811,0.268434,0.372902,0.019428,0.019691,0.028000,0.019691,4,0,4,fixed,4,1,1,0,3.000000,4.000000
1002,centralized_dqn,centralized_dqn,0,4,4,51,2,2,4,0.000000,66.333300,0.603015,38,0.545035,30,0,2,0,0.545035,0.573035,0.028000,0.028000,0.545035,-0.040833,0,41,1,-1,25,17,38,113.000000,71.000000,66.333300,0.353982,0.563380,0.603015,0.014797,0.023695,0.028000,0.023695,4,0,4,fixed,4,1,1,0,3.000000,4.000000
1002,centralized_dqn,centralized_dqn,0,4,4,52,2,2,4,0.000000,66.333300,0.603015,38,0.545035,30,0,2,0,0.545035,0.573035,0.028000,0.028000,0.545035,-0.040833,0,41,1,-1,25,17,38,113.000000,71.000000,66.333300,0.353982,0.563380,0.603015,0.014797,0.023695,0.028000,0.023695,4,0,4,fixed,4,1,1,0,3.000000,4.000000
1002,centralized_dqn,centralized_dqn,0,4,4,53,0,0,2,3.122448,113.000000,0.390306,25,0.545035,30,0,0,0,0.545035,0.573035,0.028000,0.028000,0.545035,-0.040833,0,41,1,0,25,17,38,113.000000,71.000000,66.333300,0.399533,0.268434,0.363318,0.028000,0.027440,0.035385,0.035385,4,0,4,fixed,4,1,1,0,3.000000,4.000000
1002,centralized_dqn,centralized_dqn,0,4,4,54,0,0,2,3.203358,113.000000,0.400420,25,0.545035,30,0,0,0,0.545035,0.573035,0.028000,0.028000,0.545035,-0.040833,0,41,1,0,25,17,38,113.000000,71.000000,66.333300,0.399111,0.268434,0.363318,0.028000,0.027450,0.035396,0.035396,4,0,4,fixed,4,1,1,0,3.000000,4.000000
1002,centralized_dqn,centralized_dqn,0,4,4,55,1,1,1,2.223472,71.000000,0.741157,17,0.545035,30,0,1,0,0.545035,0.573035,0.028000,0.028000,0.545035,-0.040833,0,41,1,-1,25,17,38,113.000000,71.000000,66.333300,1.023497,0.758980,1.532152,0.024237,0.028000,0.034339,0.034339,4,0,4,fixed,4,1,1,0,3.000000,4.000000
1002,centralized_dqn,centralized_dqn,0,4,4,56,1,1,1,2.478221,71.000000,0.826074,17,0.545035,30,0,1,0,0.545035,0.573035,0.028000,0.028000,0.545035,-0.040833,0,41,1,-1,25,17,38,113.000000,71.000000,66.333300,1.023497,0.753673,1.532152,0.024273,0.028000,0.034376,0.034376,4,0,4,fixed,4,1,1,0,3.000000,4.000000
1002,centralized_dqn,centralized_dqn,0,4,4,57,2,2,3,0.000000,66.333300,1.507538,38,0.545035,30,0,2,0,0.545035,0.573035,0.028000,0.028000,0.545035,-0.040833,0,41,1,1,25,17,38,113.000000,71.000000,66.333300,0.884956,1.408451,1.507538,0.017553,0.023979,0.028000,0.023979,4,0,4,fixed,4,1,1,0,3.000000,4.000000
1002,centralized_dqn,centralized_dqn,0,4,4,58,0,0,2,3.122400,113.000000,0.390300,25,0.545035,30,0,0,0,0.545035,0.573035,0.028000,0.028000,0.545035,-0.040833,0,41,1,0,25,17,38,113.000000,71.000000,66.333300,0.399533,0.268434,0.363318,0.028000,0.027440,0.035385,0.035385,4,0,4,fixed,4,1,1,0,3.000000,4.000000
1002,centralized_dqn,centralized_dqn,0,4,4,59,2,2,3,0.000000,66.333300,1.507538,38,0.545035,30,0,2,0,0.545035,0.573035,0.028000,0.028000,0.545035,-0.040833,0,41,1,1,25,17,38,113.000000,71.000000,66.333300,0.884956,1.408451,1.507538,0.017553,0.023979,0.028000,0.023979,4,0,4,fixed,4,1,1,0,3.000000,4.000000
1002,centralized_dqn,centralized_dqn,0,4,4,60,1,1,1,2.405523,71.000000,0.801841,17,0.545035,30,0,1,0,0.545035,0.573035,0.028000,0.028000,0.545035,-0.040833,0,41,1,-1,25,17,38,113.000000,71.000000,66.333300,1.023497,0.755188,1.532152,0.024263,0.028000,0.034365,0.034365,4,0,4,fixed,4,1,1,0,3.000000,4.000000
1002,centralized_dqn,centralized_dqn,0,4,4,61,0,0,2,3.122400,113.000000,0.390300,25,0.545035,30,0,0,0,0.545035,0.573035,0.028000,0.028000,0.545035,-0.040833,0,41,1,0,25,17,38,113.000000,71.000000,66.333300,0.399533,0.268434,0.363318,0.028000,0.027440,0.035385,0.035385,4,0,4,fixed,4,1,1,0,3.000000,4.000000
1002,centralized_dqn,centralized_dqn,0,4,4,62,1,1,1,2.311443,71.000000,0.770481,17,0.545035,30,0,1,0,0.545035,0.573035,0.028000,0.028000,0.545035,-0.040833,0,41,1,-1,25,17,38,113.000000,71.000000,66.333300,1.023497,0.757148,1.532152,0.024249,0.028000,0.034352,0.034352,4,0,4,fixed,4,1,1,0,3.000000,4.000000
1002,centralized_dqn,centralized_dqn,0,4,4,63,0,0,2,3.122337,113.000000,0.390292,25,0.545035,30,0,0,0,0.545035,0.573035,0.028000,0.028000,0.545035,-0.040833,0,41,1,0,25,17,38,113.000000,71.000000,66.333300,0.399533,0.268434,0.363318,0.028000,0.027440,0.035385,0.035385,4,0,4,fixed,4,1,1,0,3.000000,4.000000
1002,centralized_dqn,centralized_dqn,0,4,4,64,0,0,2,3.122372,113.000000,0.390296,25,0.545035,30,0,0,0,0.545035,0.573035,0.028000,0.028000,0.545035,-0.040833,0,41,1,0,25,17,38,113.000000,71.000000,66.333300,0.399533,0.268434,0.363318,0.028000,0.027440,0.035385,0.035385,4,0,4,fixed,4,1,1,0,3.000000,4.000000
1002,centralized_dqn,centralized_dqn,0,4,4,65,2,2,2,2.982470,66.333300,0.372809,38,0.545035,30,0,2,0,0.545035,0.573035,0.028000,0.028000,0.545035,-0.040833,0,41,1,0,25,17,38,113.000000,71.000000,66.333300,0.383811,0.268434,0.372902,0.019428,0.019691,0.028000,0.019691,4,0,4,fixed,4,1,1,0,3.000000,4.000000
1002,centralized_dqn,centralized_dqn,0,4,4,66,2,2,4,0.000000,66.333300,0.603015,38,0.545035,30,0,2,0,0.545035,0.573035,0.028000,0.028000,0.545035,-0.040833,0,41,1,-1,25,17,38,113.000000,71.000000,66.333300,0.353982,0.563380,0.603015,0.014797,0.023695,0.028000,0.023695,4,0,4,fixed,4,1,1,0,3.000000,4.000000
1002,centralized_dqn,centralized_dqn,0,4,4,67,0,0,2,3.122338,113.000000,0.390292,25,0.545035,30,0,0,0,0.545035,0.573035,0.028000,0.028000,0.545035,-0.040833,0,41,1,0,25,17,38,113.000000,71.000000,66.333300,0.399533,0.268434,0.363318,0.028000,0.027440,0.035385,0.035385,4,0,4,fixed,4,1,1,0,3.000000,4.000000
1002,centralized_dqn,centralized_dqn,0,4,4,68,2,2,2,0.000000,66.333300,0.100000,38,0.545035,30,1,2,0,0.545035,0.573035,0.028000,0.028000,0.545035,-0.040833,0,41,0,0,25,17,38,113.000000,71.000000,66.333300,0.383811,0.268434,0.372879,0.019428,0.019691,0.028000,0.019691,4,0,4,fixed,4,1,1,0,3.000000,4.000000
1002,centralized_dqn,centralized_dqn,0,4,4,69,1,1,1,2.057991,71.000000,0.685997,17,0.545035,30,0,1,0,0.545035,0.573035,0.028000,0.028000,0.545035,-0.040833,0,41,1,-1,25,17,38,113.000000,71.000000,66.333300,1.023497,0.762428,1.532152,0.024215,0.028000,0.034316,0.034316,4,0,4,fixed,4,1,1,0,3.000000,4.000000
1002,centralized_dqn,centralized_dqn,0,4,4,70,2,2,4,0.000000,66.333300,0.603015,38,0.545035,30,0,2,0,0.545035,0.573035,0.028000,0.028000,0.545035,-0.040833,0,41,1,-1,25,17,38,113.000000,71.000000,66.333300,0.353982,0.563380,0.603015,0.014797,0.023695,0.028000,0.023695,4,0,4,fixed,4,1,1,0,3.000000,4.000000
1002,centralized_dqn,centralized_dqn,0,4,4,71,1,1,1,2.327327,71.000000,0.775776,17,0.545035,30,0,1,0,0.545035,0.573035,0.028000,0.028000,0.545035,-0.040833,0,41,1,-1,25,17,38,113.000000,71.000000,66.333300,1.023497,0.756817,1.532152,0.024252,0.028000,0.034354,0.034354,4,0,4,fixed,4,1,1,0,3.000000,4.000000
1002,centralized_dqn,centralized_dqn,0,4,4,72,2,2,3,0.000000,66.333300,1.507538,38,0.545035,30,0,2,0,0.545035,0.573035,0.028000,0.028000,0.545035,-0.040833,0,41,1,1,25,17,38,113.000000,71.000000,66.333300,0.884956,1.408451,1.507538,0.017553,0.023979,0.028000,0.023979,4,0,4,fixed,4,1,1,0,3.000000,4.000000
1002,centralized_dqn,centralized_dqn,0,4,4,73,0,0,2,3.122362,113.000000,0.390295,25,0.545035,30,0,0,0,0.545035,0.573035,0.028000,0.028000,0.545035,-0.040833,0,41,1,0,25,17,38,113.000000,71.000000,66.333300,0.399533,0.268434,0.363318,0.028000,0.027440,0.035385,0.035385,4,0,4,fixed,4,1,1,0,3.000000,4.000000
1002,centralized_dqn,centralized_dqn,0,4,4,74,2,2,4,0.000000,66.333300,0.603015,38,0.545035,30,0,2,0,0.545035,0.573035,0.028000,0.028000,0.545035,-0.040833,0,41,1,-1,25,17,38,113.000000,71.000000,66.333300,0.353982,0.563380,0.603015,0.014797,0.023695,0.028000,0.023695,4,0,4,fixed,4,1,1,0,3.000000,4.000000
1002,centralized_dqn,centralized_dqn,0,4,4,75,2,2,4,0.000000,66.333300,0.603015,38,0.545035,30,0,2,0,0.545035,0.573035,0.028000,0.028000,0.545035,-0.040833,0,41,1,-1,25,17,38,113.000000,71.000000,66.333300,0.353982,0.563380,0.603015,0.014797,0.023695,0.028000,0.023695,4,0,4,fixed,4,1,1,0,3.000000,4.000000
1002,centralized_dqn,centralized_dqn,0,4,4,76,0,0,2,3.122338,113.000000,0.390292,25,0.545035,30,0,0,0,0.545035,0.573035,0.028000,0.028000,0.545035,-0.040833,0,41,1,0,25,17,38,113.000000,71.000000,66.333300,0.399533,0.268434,0.363318,0.028000,0.027440,0.035385,0.035385,4,0,4,fixed,4,1,1,0,3.000000,4.000000
1002,centralized_dqn,centralized_dqn,0,4,4,77,0,0,2,3.122421,113.000000,0.390303,25,0.545035,30,0,0,0,0.545035,0.573035,0.028000,0.028000,0.545035,-0.040833,0,41,1,0,25,17,38,113.000000,71.000000,66.333300,0.399533,0.268434,0.363318,0.028000,0.027440,0.035385,0.035385,4,0,4,fixed,4,1,1,0,3.000000,4.000000
1002,centralized_dqn,centralized_dqn,0,4,4,78,1,1,1,2.326105,71.000000,0.775368,17,0.545035,30,0,1,0,0.545035,0.573035,0.028000,0.028000,0.545035,-0.040833,0,41,1,-1,25,17,38,113.000000,71.000000,66.333300,1.023497,0.756842,1.532152,0.024252,0.028000,0.034354,0.034354,4,0,4,fixed,4,1,1,0,3.000000,4.000000
1002,centralized_dqn,centralized_dqn,0,4,4,79,0,0,2,3.122367,113.000000,0.390296,25,0.545035,30,0,0,0,0.545035,0.573035,0.028000,0.028000,0.545035,-0.040833,0,41,1,0,25,17,38,113.000000,71.000000,66.333300,0.399533,0.268434,0.363318,0.028000,0.027440,0.035385,0.035385,4,0,4,fixed,4,1,1,0,3.000000,4.000000
1002,centralized_dqn,centralized_dqn,0,4,4,80,2,2,4,0.000000,66.333300,0.603015,38,0.545035,30,0,2,0,0.545035,0.573035,0.028000,0.028000,0.545035,-0.040833,0,41,1,-1,25,17,38,113.000000,71.000000,66.333300,0.353982,0.563380,0.603015,0.014797,0.023695,0.028000,0.023695,4,0,4,fixed,4,1,1,0,3.000000,4.000000
1002,centralized_dqn,centralized_dqn,0,4,5,1,2,2,4,0.000000,62.000000,0.645161,38,0.556377,30,0,2,0,0.556377,0.556377,0.000000,0.000000,0.556377,0.011343,0,32,1,-1,25,17,38,113.000000,165.333000,62.000000,0.353982,0.241936,0.645161,0.015965,0.015613,0.030236,0.015965,4,0,4,fixed,4,1,1,0,3.000000,4.000000
1002,centralized_dqn,centralized_dqn,0,4,5,2,2,2,2,2.979254,62.000000,0.372407,38,0.556377,30,0,2,0,0.556377,0.556377,0.000000,0.000000,0.556377,0.011343,0,32,1,0,25,17,38,113.000000,165.333000,62.000000,0.383827,0.276055,0.372633,0.021266,0.022122,0.030236,0.022122,4,0,4,fixed,4,1,1,0,3.000000,4.000000
1002,centralized_dqn,centralized_dqn,0,4,5,3,2,2,1,3.607879,62.000000,1.202626,38,0.556377,30,0,2,0,0.556377,0.556377,0.000000,0.000000,0.556377,0.011343,0,32,1,1,25,17,38,113.000000,165.333000,62.000000,1.023539,0.736145,0.993538,0.021247,0.024774,0.030236,0.024774,4,0,4,fixed,4,1,1,0,3.000000,4.000000
1002,centralized_dqn,centralized_dqn,0,4,5,4,0,0,2,3.311386,113.000000,0.413923,25,0.556377,30,0,0,0,0.556377,0.556377,0.000000,0.000000,0.556377,0.011343,0,32,1,0,25,17,38,113.000000,165.333000,62.000000,0.398566,0.276055,0.363023,0.030236,0.030272,0.037992,0.037992,4,0,4,fixed,4,1,1,0,3.000000,4.000000
1002,centralized_dqn,centralized_dqn,0,4,5,5,1,1,1,2.619379,165.333000,0.873126,17,0.556377,30,0,1,0,0.556377,0.556377,0.000000,0.000000,0.556377,0.011343,0,32,1,-1,25,17,38,113.000000,165.333000,62.000000,1.023539,0.773593,1.171790,0.026040,0.030236,0.035736,0.035736,4,0,4,fixed,4,1,1,0,3.000000,4.000000
1002,centralized_dqn,centralized_dqn,0,4,5,6,2,2,3,0.000000,62.000000,1.612903,38,0.556377,30,0,2,0,0.556377,0.556377,0.000000,0.000000,0.556377,0.011343,0,32,1,-1,25,17,38,113.000000,165.333000,62.000000,0.884956,0.604840,1.612903,0.019115,0.022023,0.030236,0.022023,4,0,4,fixed,4,1,1,0,3.000000,4.000000
1002,centralized_dqn,centralized_dqn,0,4,5,7,2,2,4,0.000000,62.000000,0.645161,38,0.556377,30,0,2,0,0.556377,0.556377,0.000000,0.000000,0.556377,0.011343,0,32,1,-1,25,17,38,113.000000,165.333000,62.000000,0.353982,0.241936,0.645161,0.015965,0.015613,0.030236,0.015965,4,0,4,fixed,4,1,1,0,3.000000,4.000000
1002,centralized_dqn,centralized_dqn,0,4,5,8,2,2,4,0.000000,62.000000,0.645161,38,0.556377,30,0,2,0,0.556377,0.556377,0.000000,0.000000,0.556377,0.011343,0,32,1,-1,25,17,38,113.000000,165.333000,62.000000,0.353982,0.241936,0.645161,0.015965,0.015613,0.030236,0.015965,4,0,4,fixed,4,1,1,0,3.000000,4.000000
1002,centralized_dqn,centralized_dqn,0,4,5,9,2,2,3,0.000000,62.000000,1.612903,38,0.556377,30,0,2,0,0.556377,0.556377,0.000000,0.000000,0.556377,0.011343,0,32,1,-1,25,17,38,113.000000,165.333000,62.000000,0.884956,0.604840,1.612903,0.019115,0.022023,0.030236,0.022023,4,0,4,fixed,4,1,1,0,3.000000,4.000000
1002,centralized_dqn,centralized_dqn,0,4,5,10,0,0,2,3.090651,113.000000,0.386331,25,0.556377,30,0,0,0,0.556377,0.556377,0.000000,0.000000,0.556377,0.011343,0,32,1,0,25,17,38,113.000000,165.333000,62.000000,0.399716,0.276055,0.363023,0.030236,0.030242,0.037961,0.037961,4,0,4,fixed,4,1,1,0,3.000000,4.000000
1002,centralized_dqn,centralized_dqn,0,4,5,11,2,2,4,0.000000,62.000000,0.645161,38,0.556377,30,0,2,0,0.556377,0.556377,0.000000,0.000000,0.556377,0.011343,0,32,1,-1,25,17,38,113.000000,165.333000,62.000000,0.353982,0.241936,0.645161,0.015965,0.015613,0.030236,0.015965,4,0,4,fixed,4,1,1,0,3.000000,4.000000
1002,centralized_dqn,centralized_dqn,0,4,5,12,0,0,2,3.090651,113.000000,0.386331,25,0.556377,30,0,0,0,0.556377,0.556377,0.000000,0.000000,0.556377,0.011343,0,32,1,0,25,17,38,113.000000,165.333000,62.000000,0.399716,0.276055,0.363023,0.030236,0.030242,0.037961,0.037961,4,0,4,fixed,4,1,1,0,3.000000,4.000000
1002,centralized_dqn,centralized_dqn,0,4,5,13,2,2,4,0.000000,62.000000,0.645161,38,0.556377,30,0,2,0,0.556377,0.556377,0.000000,0.000000,0.556377,0.011343,0,32,1,-1,25,17,38,113.000000,165.333000,62.000000,0.353982,0.241936,0.645161,0.015965,0.015613,0.030236,0.015965,4,0,4,fixed,4,1,1,0,3.000000,4.000000
1002,centralized_dqn,centralized_dqn,0,4,5,14,2,2,3,0.000000,62.000000,1.612903,38,0.556377,30,0,2,0,0.556377,0.556377,0.000000,0.000000,0.556377,0.011343,0,32,1,-1,25,17,38,113.000000,165.333000,62.000000,0.884956,0.604840,1.612903,0.019115,0.022023,0.030236,0.022023,4,0,4,fixed,4,1,1,0,3.000000,4.000000
1002,centralized_dqn,centralized_dqn,0,4,5,15,1,1,1,2.214994,165.333000,0.738331,17,0.556377,30,0,1,0,0.556377,0.556377,0.000000,0.000000,0.556377,0.011343,0,32,1,-1,25,17,38,113.000000,165.333000,62.000000,1.023539,0.782018,1.171790,0.025985,0.030236,0.035678,0.035678,4,0,4,fixed,4,1,1,0,3.000000,4.000000
1002,centralized_dqn,centralized_dqn,0,4,5,16,2,2,4,0.000000,62.000000,0.645161,38,0.556377,30,0,2,0,0.556377,0.556377,0.000000,0.000000,0.556377,0.011343,0,32,1,-1,25,17,38,113.000000,165.333000,62.000000,0.353982,0.241936,0.645161,0.015965,0.015613,0.030236,0.015965,4,0,4,fixed,4,1,1,0,3.000000,4.000000
1002,centralized_dqn,centralized_dqn,0,4,5,17,2,2,3,0.000000,62.000000,1.612903,38,0.556377,30,0,2,0,0.556377,0.556377,0.000000,0.000000,0.556377,0.011343,0,32,1,-1,25,17,38,113.000000,165.333000,62.000000,0.884956,0.604840,1.612903,0.019115,0.022023,0.030236,0.022023,4,0,4,fixed,4,1,1,0,3.000000,4.000000
1002,centralized_dqn,centralized_dqn,0,4,5,18,1,1,1,2.621211,165.333000,0.873737,17,0.556377,30,0,1,0,0.556377,0.556377,0.000000,0.000000,0.556377,0.011343,0,32,1,-1,25,17,38,113.000000,165.333000,62.000000,1.023539,0.773555,1.171790,0.026041,0.030236,0.035736,0.035736,4,0,4,fixed,4,1,1,0,3.000000,4.000000
1002,centralized_dqn,centralized_dqn,0,4,5,19,0,0,2,3.090650,113.000000,0.386331,25,0.556377,30,0,0,0,0.556377,0.556377,0.000000,0.000000,0.556377,0.011343,0,32,1,0,25,17,38,113.000000,165.333000,62.000000,0.399716,0.276055,0.363023,0.030236,0.030242,0.037961,0.037961,4,0,4,fixed,4,1,1,0,3.000000,4.000000
1002,centralized_dqn,centralized_dqn,0,4,5,20,2,2,4,0.000000,62.000000,0.645161,38,0.556377,30,0,2,0,0.556377,0.556377,0.000000,0.000000,0.556377,0.011343,0,32,1,-1,25,17,38,113.000000,165.333000,62.000000,0.353982,0.241936,0.645161,0.015965,0.015613,0.030236,0.015965,4,0,4,fixed,4,1,1,0,3.000000,4.000000
1002,centralized_dqn,centralized_dqn,0,4,5,21,0,0,2,3.088448,113.000000,0.386056,25,0.556377,30,0,0,0,0.556377,0.556377,0.000000,0.000000,0.556377,0.011343,0,32,1,0,25,17,38,113.000000,165.333000,62.000000,0.399727,0.276055,0.363023,0.030236,0.030242,0.037961,0.037961,4,0,4,fixed,4,1,1,0,3.000000,4.000000
1002,centralized_dqn,centralized_dqn,0,4,5,22,2,2,3,0.000000,62.000000,1.612903,38,0.556377,30,0,2,0,0.556377,0.556377,0.000000,0.000000,0.556377,0.011343,0,32,1,-1,25,17,38,113.000000,165.333000,62.000000,0.884956,0.604840,1.612903,0.019115,0.022023,0.030236,0.022023,4,0,4,fixed,4,1,1,0,3.000000,4.000000
1002,centralized_dqn,centralized_dqn,0,4,5,23,2,2,3,0.000000,62.000000,1.612903,38,0.556377,30,0,2,0,0.556377,0.556377,0.000000,0.000000,0.556377,0.011343,0,32,1,-1,25,17,38,113.000000,165.333000,62.000000,0.884956,0.604840,1.612903,0.019115,0.022023,0.030236,0.022023,4,0,4,fixed,4,1,1,0,3.000000,4.000000
1002,centralized_dqn,centralized_dqn,0,4,5,24,1,1,1,2.578448,165.333000,0.859483,17,0.556377,30,0,1,0,0.556377,0.556377,0.000000,0.000000,0.556377,0.011343,0,32,1,-1,25,17,38,113.000000,165.333000,62.000000,1.023539,0.774446,1.171790,0.026035,0.030236,0.035730,0.035730,4,0,4,fixed,4,1,1,0,3.000000,4.000000
1002,centralized_dqn,centralized_dqn,0,4,5,25,0,0,2,3.222815,113.000000,0.402852,25,0.556377,30,0,0,0,0.556377,0.556377,0.000000,0.000000,0.556377,0.011343,0,32,1,0,25,17,38,113.000000,165.333000,62.000000,0.399027,0.276055,0.363023,0.030236,0.030260,0.037980,0.037980,4,0,4,fixed,4,1,1,0,3.000000,4.000000
1002,centralized_dqn,centralized_dqn,0,4,5,26,2,2,4,0.000000,62.000000,0.645161,38,0.556377,30,0,2,0,0.556377,0.556377,0.000000,0.000000,0.556377,0.011343,0,32,1,-1,25,17,38,113.000000,165.333000,62.000000,0.353982,0.241936,0.645161,0.015965,0.015613,0.030236,0.015965,4,0,4,fixed,4,1,1,0,3.000000,4.000000
1002,centralized_dqn,centralized_dqn,0,4,5,27,0,0,2,3.109206,113.000000,0.388651,25,0.556377,30,0,0,0,0.556377,0.556377,0.000000,0.000000,0.556377,0.011343,0,32,1,0,25,17,38,113.000000,165.333000,62.000000,0.399619,0.276055,0.363023,0.030236,0.030245,0.037964,0.037964,4,0,4,fixed,4,1,1,0,3.000000,4.000000
1002,centralized_dqn,centralized_dqn,0,4,5,28,0,0,2,3.122401,113.000000,0.390300,25,0.556377,30,0,0,0,0.556377,0.556377,0.000000,0.000000,0.556377,0.011343,0,32,1,0,25,17,38,113.000000,165.333000,62.000000,0.399550,0.276055,0.363023,0.030236,0.030247,0.037966,0.037966,4,0,4,fixed,4,1,1,0,3.000000,4.000000
1002,centralized_dqn,centralized_dqn,0,4,5,29,0,0,2,3.122401,113.000000,0.390300,25,0.556377,30,0,0,0,0.556377,0.556377,0.000000,0.000000,0.556377,0.011343,0,32,1,0,25,17,38,113.000000,165.333000,62.000000,0.399550,0.276055,0.363023,0.030236,0.030247,0.037966,0.037966,4,0,4,fixed,4,1,1,0,3.000000,4.000000
1002,centralized_dqn,centralized_dqn,0,4,5,30,2,2,3,0.000000,62.000000,1.612903,38,0.556377,30,0,2,0,0.556377,0.556377,0.000000,0.000000,0.556377,0.011343,0,32,1,-1,25,17,38,113.000000,165.333000,62.000000,0.884956,0.604840,1.612903,0.019115,0.022023,0.030236,0.022023,4,0,4,fixed,4,1,1,0,3.000000,4.000000
1002,centralized_dqn,centralized_dqn,0,4,5,31,1,1,1,2.105031,165.333000,0.701677,17,0.556377,30,0,1,0,0.556377,0.556377,0.000000,0.000000,0.556377,0.011343,0,32,1,-1,25,17,38,113.000000,165.333000,62.000000,1.023539,0.784309,1.171790,0.025970,0.030236,0.035663,0.035663,4,0,4,fixed,4,1,1,0,3.000000,4.000000
1002,centralized_dqn,centralized_dqn,0,4,5,32,1,1,1,2.318238,165.333000,0.772746,17,0.556377,30,0,1,0,0.556377,0.556377,0.000000,0.000000,0.556377,0.011343,0,32,1,-1,25,17,38,113.000000,165.333000,62.000000,1.023539,0.779867,1.171790,0.025999,0.030236,0.035693,0.035693,4,0,4,fixed,4,1,1,0,3.000000,4.000000
1002,centralized_dqn,centralized_dqn,0,4,5,33,2,2,2,2.980377,62.000000,0.372547,38,0.556377,30,0,2,0,0.556377,0.556377,0.000000,0.000000,0.556377,0.011343,0,32,1,0,25,17,38,113.000000,165.333000,62.000000,0.383827,0.276055,0.372586,0.021267,0.022124,0.030236,0.022124,4,0,4,fixed,4,1,1,0,3.000000,4.000000
1002,centralized_dqn,centralized_dqn,0,4,5,34,0,0,2,3.109190,113.000000,0.388649,25,0.556377,30,0,0,0,0.556377,0.556377,0.000000,0.000000,0.556377,0.011343,0,32,1,0,25,17,38,113.000000,165.333000,62.000000,0.399619,0.276055,0.363023,0.030236,0.030245,0.037964,0.037964,4,0,4,fixed,4,1,1,0,3.000000,4.000000
1002,centralized_dqn,centralized_dqn,0,4,5,35,0,0,2,3.109201,113.000000,0.388650,25,0.556377,30,0,0,0,0.556377,0.556377,0.000000,0.000000,0.556377,0.011343,0,32,1,0,25,17,38,113.000000,165.333000,62.000000,0.399619,0.276055,0.363023,0.030236,0.030245,0.037964,0.037964,4,0,4,fixed,4,1,1,0,3.000000,4.000000
1002,centralized_dqn,centralized_dqn,0,4,5,36,2,2,3,0.000000,62.000000,1.612903,38,0.556377,30,0,2,0,0.556377,0.556377,0.000000,0.000000,0.556377,0.011343,0,32,1,-1,25,17,38,113.000000,165.333000,62.000000,0.884956,0.604840,1.612903,0.019115,0.022023,0.030236,0.022023,4,0,4,fixed,4,1,1,0,3.000000,4.000000
1002,centralized_dqn,centralized_dqn,0,4,5,37,0,0,2,3.630564,113.000000,0.453821,25,0.556377,30,0,0,0,0.556377,0.556377,0.000000,0.000000,0.556377,0.011343,0,32,1,0,25,17,38,113.000000,165.333000,62.000000,0.396904,0.276055,0.363023,0.030236,0.030316,0.038037,0.038037,4,0,4,fixed,4,1,1,0,3.000000,4.000000
1002,centralized_dqn,centralized_dqn,0,4,5,38,2,2,4,0.000000,62.000000,0.645161,38,0.556377,30,0,2,0,0.556377,0.556377,0.000000,0.000000,0.556377,0.011343,0,32,1,-1,25,17,38,113.000000,165.333000,62.000000,0.353982,0.241936,0.645161,0.015965,0.015613,0.030236,0.015965,4,0,4,fixed,4,1,1,0,3.000000,4.000000
1002,centralized_dqn,centralized_dqn,0,4,5,39,0,0,2,3.635921,113.000000,0.454490,25,0.556377,30,0,0,0,0.556377,0.556377,0.000000,0.000000,0.556377,0.011343,0,32,1,0,25,17,38,113.000000,165.333000,62.000000,0.396876,0.276055,0.363023,0.030236,0.030316,0.038037,0.038037,4,0,4,fixed,4,1,1,0,3.000000,4.000000
1002,centralized_dqn,centralized_dqn,0,4,5,40,2,2,4,0.000000,62.000000,0.645161,38,0.556377,30,0,2,0,0.556377,0.556377,0.000000,0.000000,0.556377,0.011343,0,32,1,-1,25,17,38,113.000000,165.333000,62.000000,0.353982,0.241936,0.645161,0.015965,0.015613,0.030236,0.015965,4,0,4,fixed,4,1,1,0,3.000000,4.000000
1002,centralized_dqn,centralized_dqn,0,4,5,41,2,2,4,0.000000,62.000000,0.645161,38,0.556377,30,0,2,0,0.556377,0.556377,0.000000,0.000000,0.556377,0.011343,0,32,1,-1,25,17,38,113.000000,165.333000,62.000000,0.353982,0.241936,0.645161,0.015965,0.015613,0.030236,0.015965,4,0,4,fixed,4,1,1,0,3.000000,4.000000
1002,centralized_dqn,centralized_dqn,0,4,5,42,1,1,1,2.112308,165.333000,0.704103,17,0.556377,30,0,1,0,0.556377,0.556377,0.000000,0.000000,0.556377,0.011343,0,32,1,-1,25,17,38,113.000000,165.333000,62.000000,1.023539,0.784157,1.171790,0.025971,0.030236,0.035664,0.035664,4,0,4,fixed,4,1,1,0,3.000000,4.000000
1002,centralized_dqn,centralized_dqn,0,4,5,43,1,1,1,2.115990,165.333000,0.705330,17,0.556377,30,0,1,0,0.556377,0.556377,0.000000,0.000000,0.556377,0.011343,0,32,1,-1,25,17,38,113.000000,165.333000,62.000000,1.023539,0.784081,1.171790,0.025971,0.030236,0.035664,0.035664,4,0,4,fixed,4,1,1,0,3.000000,4.000000
1002,centralized_dqn,centralized_dqn,0,4,5,44,1,1,1,2.208274,165.333000,0.736091,17,0.556377,30,0,1,0,0.556377,0.556377,0.000000,0.000000,0.556377,0.011343,0,32,1,-1,25,17,38,113.000000,165.333000,62.000000,1.023539,0.782158,1.171790,0.025984,0.030236,0.035677,0.035677,4,0,4,fixed,4,1,1,0,3.000000,4.000000
1002,centralized_dqn,centralized_dqn,0,4,5,45,2,2,3,0.000000,62.000000,1.612903,38,0.556377,30,0,2,0,0.556377,0.556377,0.000000,0.000000,0.556377,0.011343,0,32,1,-1,25,17,38,113.000000,165.333000,62.000000,0.884956,0.604840,1.612903,0.019115,0.022023,0.030236,0.022023,4,0,4,fixed,4,1,1,0,3.000000,4.000000
1002,centralized_dqn,centralized_dqn,0,4,5,46,0,0,2,3.635957,113.000000,0.454495,25,0.556377,30,0,0,0,0.556377,0.556377,0.000000,0.000000,0.556377,0.011343,0,32,1,0,25,17,38,113.000000,165.333000,62.000000,0.396875,0.276055,0.363023,0.030236,0.030316,0.038037,0.038037,4,0,4,fixed,4,1,1,0,3.000000,4.000000
1002,centralized_dqn,centralized_dqn,0,4,5,47,2,2,4,0.000000,62.000000,0.645161,38,0.556377,30,0,2,0,0.556377,0.556377,0.000000,0.000000,0.556377,0.011343,0,32,1,-1,25,17,38,113.000000,165.333000,62.000000,0.353982,0.241936,0.645161,0.015965,0.015613,0.030236,0.015965,4,0,4,fixed,4,1,1,0,3.000000,4.000000
1002,centralized_dqn,centralized_dqn,0,4,5,48,2,2,3,0.000000,62.000000,1.612903,38,0.556377,30,0,2,0,0.556377,0.556377,0.000000,0.000000,0.556377,0.011343,0,32,1,-1,25,17,38,113.000000,165.333000,62.000000,0.884956,0.604840,1.612903,0.019115,0.022023,0.030236,0.022023,4,0,4,fixed,4,1,1,0,3.000000,4.000000
1002,centralized_dqn,centralized_dqn,0,4,5,49,1,1,1,2.401322,165.333000,0.800441,17,0.556377,30,0,1,0,0.556377,0.556377,0.000000,0.000000,0.556377,0.011343,0,32,1,-1,25,17,38,113.000000,165.333000,62.000000,1.023539,0.778136,1.171790,0.026010,0.030236,0.035704,0.035704,4,0,4,fixed,4,1,1,0,3.000000,4.000000
1002,centralized_dqn,centralized_dqn,0,4,5,50,2,2,2,2.981340,62.000000,0.372668,38,0.556377,30,0,2,0,0.556377,0.556377,0.000000,0.000000,0.556377,0.011343,0,32,1,0,25,17,38,113.000000,165.333000,62.000000,0.383827,0.276055,0.372546,0.021268,0.022125,0.030236,0.022125,4,0,4,fixed,4,1,1,0,3.000000,4.000000
1002,centralized_dqn,centralized_dqn,0,4,5,51,2,2,4,0.000000,62.000000,0.645161,38,0.556377,30,0,2,0,0.556377,0.556377,0.000000,0.000000,0.556377,0.011343,0,32,1,-1,25,17,38,113.000000,165.333000,62.000000,0.353982,0.241936,0.645161,0.015965,0.015613,0.030236,0.015965,4,0,4,fixed,4,1,1,0,3.000000,4.000000
1002,centralized_dqn,centralized_dqn,0,4,5,52,2,2,4,0.000000,62.000000,0.645161,38,0.556377,30,0,2,0,0.556377,0.556377,0.000000,0.000000,0.556377,0.011343,0,32,1,-1,25,17,38,113.000000,165.333000,62.000000,0.353982,0.241936,0.645161,0.015965,0.015613,0.030236,0.015965,4,0,4,fixed,4,1,1,0,3.000000,4.000000
1002,centralized_dqn,centralized_dqn,0,4,5,53,0,0,2,3.122412,113.000000,0.390302,25,0.556377,30,0,0,0,0.556377,0.556377,0.000000,0.000000,0.556377,0.011343,0,32,1,0,25,17,38,113.000000,165.333000,62.000000,0.399550,0.276055,0.363023,0.030236,0.030247,0.037966,0.037966,4,0,4,fixed,4,1,1,0,3.000000,4.000000
1002,centralized_dqn,centralized_dqn,0,4,5,54,0,0,2,3.222897,113.000000,0.402862,25,0.556377,30,0,0,0,0.556377,0.556377,0.000000,0.000000,0.556377,0.011343,0,32,1,0,25,17,38,113.000000,165.333000,62.000000,0.399027,0.276055,0.363023,0.030236,0.030260,0.037980,0.037980,4,0,4,fixed,4,1,1,0,3.000000,4.000000
1002,centralized_dqn,centralized_dqn,0,4,5,55,1,1,1,2.255925,165.333000,0.751975,17,0.556377,30,0,1,0,0.556377,0.556377,0.000000,0.000000,0.556377,0.011343,0,32,1,-1,25,17,38,113.000000,165.333000,62.000000,1.023539,0.781165,1.171790,0.025990,0.030236,0.035684,0.035684,4,0,4,fixed,4,1,1,0,3.000000,4.000000
1002,centralized_dqn,centralized_dqn,0,4,5,56,1,1,1,2.502084,165.333000,0.834028,17,0.556377,30,0,1,0,0.556377,0.556377,0.000000,0.000000,0.556377,0.011343,0,32,1,-1,25,17,38,113.000000,165.333000,62.000000,1.023539,0.776037,1.171790,0.026024,0.030236,0.035719,0.035719,4,0,4,fixed,4,1,1,0,3.000000,4.000000
1002,centralized_dqn,centralized_dqn,0,4,5,57,2,2,3,0.000000,62.000000,1.612903,38,0.556377,30,0,2,0,0.556377,0.556377,0.000000,0.000000,0.556377,0.011343,0,32,1,-1,25,17,38,113.000000,165.333000,62.000000,0.884956,0.604840,1.612903,0.019115,0.022023,0.030236,0.022023,4,0,4,fixed,4,1,1,0,3.000000,4.000000
1002,centralized_dqn,centralized_dqn,0,4,5,58,0,0,2,3.122372,113.000000,0.390296,25,0.556377,30,0,0,0,0.556377,0.556377,0.000000,0.000000,0.556377,0.011343,0,32,1,0,25,17,38,113.000000,165.333000,62.000000,0.399550,0.276055,0.363023,0.030236,0.030247,0.037966,0.037966,4,0,4,fixed,4,1,1,0,3.000000,4.000000
1002,centralized_dqn,centralized_dqn,0,4,5,59,2,2,3,0.000000,62.000000,1.612903,38,0.556377,30,0,2,0,0.556377,0.556377,0.000000,0.000000,0.556377,0.011343,0,32,1,-1,25,17,38,113.000000,165.333000,62.000000,0.884956,0.604840,1.612903,0.019115,0.022023,0.030236,0.022023,4,0,4,fixed,4,1,1,0,3.000000,4.000000
1002,centralized_dqn,centralized_dqn,0,4,5,60,1,1,1,2.304187,165.333000,0.768062,17,0.556377,30,0,1,0,0.556377,0.556377,0.000000,0.000000,0.556377,0.011343,0,32,1,-1,25,17,38,113.000000,165.333000,62.000000,1.023539,0.780160,1.171790,0.025997,0.030236,0.035691,0.035691,4,0,4,fixed,4,1,1,0,3.000000,4.000000
1002,centralized_dqn,centralized_dqn,0,4,5,61,0,0,2,3.121227,113.000000,0.390153,25,0.556377,30,0,0,0,0.556377,0.556377,0.000000,0.000000,0.556377,0.011343,0,32,1,0,25,17,38,113.000000,165.333000,62.000000,0.399556,0.276055,0.363023,0.030236,0.030247,0.037966,0.037966,4,0,4,fixed,4,1,1,0,3.000000,4.000000
1002,centralized_dqn,centralized_dqn,0,4,5,62,1,1,1,2.353022,165.333000,0.784341,17,0.556377,30,0,1,0,0.556377,0.556377,0.000000,0.000000,0.556377,0.011343,0,32,1,-1,25,17,38,113.000000,165.333000,62.000000,1.023539,0.779142,1.171790,0.026004,0.030236,0.035698,0.035698,4,0,4,fixed,4,1,1,0,3.000000,4.000000
1002,centralized_dqn,centralized_dqn,0,4,5,63,0,0,2,3.119156,113.000000,0.389895,25,0.556377,30,0,0,0,0.556377,0.556377,0.000000,0.000000,0.556377,0.011343,0,32,1,0,25,17,38,113.000000,165.333000,62.000000,0.399567,0.276055,0.363023,0.030236,0.030246,0.037965,0.037965,4,0,4,fixed,4,1,1,0,3.000000,4.000000
1002,centralized_dqn,centralized_dqn,0,4,5,64,0,0,2,3.119127,113.000000,0.389891,25,0.556377,30,0,0,0,0.556377,0.556377,0.000000,0.000000,0.556377,0.011343,0,32,1,0,25,17,38,113.000000,165.333000,62.000000,0.399567,0.276055,0.363023,0.030236,0.030246,0.037965,0.037965,4,0,4,fixed,4,1,1,0,3.000000,4.000000
1002,centralized_dqn,centralized_dqn,0,4,5,65,2,2,2,2.981482,62.000000,0.372685,38,0.556377,30,0,2,0,0.556377,0.556377,0.000000,0.000000,0.556377,0.011343,0,32,1,0,25,17,38,113.000000,165.333000,62.000000,0.383827,0.276055,0.372540,0.021269,0.022125,0.030236,0.022125,4,0,4,fixed,4,1,1,0,3.000000,4.000000
1002,centralized_dqn,centralized_dqn,0,4,5,66,2,2,4,0.000000,62.000000,0.645161,38,0.556377,30,0,2,0,0.556377,0.556377,0.000000,0.000000,0.556377,0.011343,0,32,1,-1,25,17,38,113.000000,165.333000,62.000000,0.353982,0.241936,0.645161,0.015965,0.015613,0.030236,0.015965,4,0,4,fixed,4,1,1,0,3.000000,4.000000
1002,centralized_dqn,centralized_dqn,0,4,5,67,0,0,2,3.119151,113.000000,0.389894,25,0.556377,30,0,0,0,0.556377,0.556377,0.000000,0.000000,0.556377,0.011343,0,32,1,0,25,17,38,113.000000,165.333000,62.000000,0.399567,0.276055,0.363023,0.030236,0.030246,0.037965,0.037965,4,0,4,fixed,4,1,1,0,3.000000,4.000000
1002,centralized_dqn,centralized_dqn,0,4,5,68,2,2,2,0.000000,62.000000,0.100000,38,0.556377,30,1,2,0,0.556377,0.556377,0.000000,0.000000,0.556377,0.011343,0,32,0,0,25,17,38,113.000000,165.333000,62.000000,0.383827,0.276055,0.372577,0.021268,0.022124,0.030236,0.022124,4,0,4,fixed,4,1,1,0,3.000000,4.000000
1002,centralized_dqn,centralized_dqn,0,4,5,69,1,1,1,2.483757,165.333000,0.827919,17,0.556377,30,0,1,0,0.556377,0.556377,0.000000,0.000000,0.556377,0.011343,0,32,1,-1,25,17,38,113.000000,165.333000,62.000000,1.023539,0.776419,1.171790,0.026022,0.030236,0.035716,0.035716,4,0,4,fixed,4,1,1,0,3.000000,4.000000
1002,centralized_dqn,centralized_dqn,0,4,5,70,2,2,4,0.000000,62.000000,0.645161,38,0.556377,30,0,2,0,0.556377,0.556377,0.000000,0.000000,0.556377,0.011343,0,32,1,-1,25,17,38,113.000000,165.333000,62.000000,0.353982,0.241936,0.645161,0.015965,0.015613,0.030236,0.015965,4,0,4,fixed,4,1,1,0,3.000000,4.000000
1002,centralized_dqn,centralized_dqn,0,4,5,71,1,1,1,2.330510,165.333000,0.776837,17,0.556377,30,0,1,0,0.556377,0.556377,0.000000,0.000000,0.556377,0.011343,0,32,1,-1,25,17,38,113.000000,165.333000,62.000000,1.023539,0.779611,1.171790,0.026001,0.030236,0.035694,0.035694,4,0,4,fixed,4,1,1,0,3.000000,4.000000
1002,centralized_dqn,centralized_dqn,0,4,5,72,2,2,3,0.000000,62.000000,1.612903,38,0.556377,30,0,2,0,0.556377,0.556377,0.000000,0.000000,0.556377,0.011343,0,32,1,-1,25,17,38,113.000000,165.333000,62.000000,0.884956,0.604840,1.612903,0.019115,0.022023,0.030236,0.022023,4,0,4,fixed,4,1,1,0,3.000000,4.000000
1002,centralized_dqn,centralized_dqn,0,4,5,73,0,0,2,3.118046,113.000000,0.389756,25,0.556377,30,0,0,0,0.556377,0.556377,0.000000,0.000000,0.556377,0.011343,0,32,1,0,25,17,38,113.000000,165.333000,62.000000,0.399573,0.276055,0.363023,0.030236,0.030246,0.037965,0.037965,4,0,4,fixed,4,1,1,0,3.000000,4.000000
1002,centralized_dqn,centralized_dqn,0,4,5,74,2,2,4,0.000000,62.000000,0.645161,38,0.556377,30,0,2,0,0.556377,0.556377,0.000000,0.000000,0.556377,0.011343,0,32,1,-1,25,17,38,113.000000,165.333000,62.000000,0.353982,0.241936,0.645161,0.015965,0.015613,0.030236,0.015965,4,0,4,fixed,4,1,1,0,3.000000,4.000000
1002,centralized_dqn,centralized_dqn,0,4,5,75,2,2,4,0.000000,62.000000,0.645161,38,0.556377,30,0,2,0,0.556377,0.556377,0.000000,0.000000,0.556377,0.011343,0,32,1,-1,25,17,38,113.000000,165.333000,62.000000,0.353982,0.241936,0.645161,0.015965,0.015613,0.030236,0.015965,4,0,4,fixed,4,1,1,0,3.000000,4.000000
1002,centralized_dqn,centralized_dqn,0,4,5,76,0,0,2,3.118058,113.000000,0.389757,25,0.556377,30,0,0,0,0.556377,0.556377,0.000000,0.000000,0.556377,0.011343,0,32,1,0,25,17,38,113.000000,165.333000,62.000000,0.399573,0.276055,0.363023,0.030236,0.030246,0.037965,0.037965,4,0,4,fixed,4,1,1,0,3.000000,4.000000
1002,centralized_dqn,centralized_dqn,0,4,5,77,0,0,2,3.118058,113.000000,0.389757,25,0.556377,30,0,0,0,0.556377,0.556377,0.000000,0.000000,0.556377,0.011343,0,32,1,0,25,17,38,113.000000,165.333000,62.000000,0.399573,0.276055,0.363023,0.030236,0.030246,0.037965,0.037965,4,0,4,fixed,4,1,1,0,3.000000,4.000000
1002,centralized_dqn,centralized_dqn,0,4,5,78,1,1,1,2.227175,165.333000,0.742392,17,0.556377,30,0,1,0,0.556377,0.556377,0.000000,0.000000,0.556377,0.011343,0,32,1,-1,25,17,38,113.000000,165.333000,62.000000,1.023539,0.781764,1.171790,0.025986,0.030236,0.035680,0.035680,4,0,4,fixed,4,1,1,0,3.000000,4.000000
1002,centralized_dqn,centralized_dqn,0,4,5,79,0,0,2,3.166103,113.000000,0.395763,25,0.556377,30,0,0,0,0.556377,0.556377,0.000000,0.000000,0.556377,0.011343,0,32,1,0,25,17,38,113.000000,165.333000,62.000000,0.399323,0.276055,0.363023,0.030236,0.030253,0.037972,0.037972,4,0,4,fixed,4,1,1,0,3.000000,4.000000
1002,centralized_dqn,centralized_dqn,0,4,5,80,2,2,4,0.000000,62.000000,0.645161,38,0.556377,30,0,2,0,0.556377,0.556377,0.000000,0.000000,0.556377,0.011343,0,32,1,-1,25,17,38,113.000000,165.333000,62.000000,0.353982,0.241936,0.645161,0.015965,0.015613,0.030236,0.015965,4,0,4,fixed,4,1,1,0,3.000000,4.000000
