seed,method,effective_method,bootstrap_cycle_flag,max_switches,cycle_id,ue_id,previous_bs_id,current_bs_id,app_type,tp_mbps,rtt_ms,satisfaction,num_users_on_current_bs,harmonic_mean,num_unsatisfied_users,target_ue_flag,action_selected_bs_id,switch_flag,h_before,h_after_estimated,reward,estimated_reward,h_after_measured,measured_reward,switch_count,num_degraded_users,measurement_valid,candidate_type,num_users_ap0,num_users_ap1,num_users_ap2,monitor_rtt_ap0,monitor_rtt_ap1,monitor_rtt_ap2,estimated_satisfaction_if_ap0,estimated_satisfaction_if_ap1,estimated_satisfaction_if_ap2,estimated_h_delta_if_ap0,estimated_h_delta_if_ap1,estimated_h_delta_if_ap2,best_estimated_h_delta,effective_max_switches,applied_switches_in_cycle,remaining_switch_budget,k_schedule_type,k_max,k_min,k_decay_rate,stop_action_flag,warmup_before_cycle_sec,cycle_start_offset_sec
7,centralized_dqn,logistic_bootstrap,1,4,1,1,2,2,4,0.000000,58.333300,0.685715,26,0.337456,37,0,2,0,0.337456,0.903181,0.565725,0.565725,0.337456,0.000000,55,0,1,-1,25,29,26,94.166700,85.166700,58.333300,0.424779,0.469667,0.685715,0.003333,0.000489,0.000184,0.003333,4,55,0,fixed,4,1,1,0,3.000000,4.000000
7,centralized_dqn,logistic_bootstrap,1,4,1,2,0,0,3,0.000000,94.166700,1.061947,25,0.337456,37,0,2,1,0.337456,0.903181,0.565725,0.565725,0.337456,0.000000,55,0,1,-1,25,29,26,94.166700,85.166700,58.333300,1.061947,1.174168,1.714287,0.000184,-0.002797,-0.003658,0.000000,4,55,0,fixed,4,1,1,0,3.000000,4.000000
7,centralized_dqn,logistic_bootstrap,1,4,1,3,1,1,4,0.000000,85.166700,0.469667,29,0.337456,37,0,2,1,0.337456,0.903181,0.565725,0.565725,0.337456,0.000000,55,0,1,0,25,29,26,94.166700,85.166700,58.333300,0.424779,0.469667,0.685715,0.003023,0.000184,-0.000121,0.003023,4,55,0,fixed,4,1,1,0,3.000000,4.000000
7,centralized_dqn,logistic_bootstrap,1,4,1,4,2,2,1,1.897932,58.333300,0.632644,26,0.337456,37,0,1,1,0.337456,0.903181,0.565725,0.565725,0.337456,0.000000,55,0,1,-1,25,29,26,94.166700,85.166700,58.333300,1.124799,0.926336,0.618695,0.005614,0.002132,0.000184,0.005614,4,55,0,fixed,4,1,1,0,3.000000,4.000000
7,centralized_dqn,logistic_bootstrap,1,4,1,5,1,1,1,2.129376,85.166700,0.709792,29,0.337456,37,0,1,0,0.337456,0.903181,0.565725,0.565725,0.337456,0.000000,55,0,1,-1,25,29,26,94.166700,85.166700,58.333300,1.124799,0.999694,0.597699,0.003461,0.000184,-0.002069,0.003461,4,55,0,fixed,4,1,1,0,3.000000,4.000000
7,centralized_dqn,logistic_bootstrap,1,4,1,6,1,1,2,1.490747,85.166700,0.186343,29,0.337456,37,0,0,1,0.337456,0.903181,0.565725,0.565725,0.337456,0.000000,55,0,1,0,25,29,26,94.166700,85.166700,58.333300,0.835703,0.186187,0.095258,0.009241,0.000184,-0.008421,0.009241,4,55,0,fixed,4,1,1,0,3.000000,4.000000
7,centralized_dqn,logistic_bootstrap,1,4,1,7,2,2,2,0.793444,58.333300,0.099181,26,0.337456,37,0,0,1,0.337456,0.903181,0.565725,0.565725,0.337456,0.000000,55,0,1,0,25,29,26,94.166700,85.166700,58.333300,0.835703,0.179992,0.098885,0.017585,0.007541,0.000184,0.017585,4,55,0,fixed,4,1,1,0,3.000000,4.000000
7,centralized_dqn,logistic_bootstrap,1,4,1,8,0,0,2,6.893876,94.166700,0.861735,25,0.337456,37,0,0,0,0.337456,0.903181,0.565725,0.565725,0.337456,0.000000,55,0,1,-1,25,29,26,94.166700,85.166700,58.333300,0.870364,0.179992,0.095258,0.000184,-0.009038,-0.016710,0.000000,4,55,0,fixed,4,1,1,0,3.000000,4.000000
7,centralized_dqn,logistic_bootstrap,1,4,1,9,1,1,4,0.000000,85.166700,0.469667,29,0.337456,37,0,2,1,0.337456,0.903181,0.565725,0.565725,0.337456,0.000000,55,0,1,0,25,29,26,94.166700,85.166700,58.333300,0.424779,0.469667,0.685715,0.003023,0.000184,-0.000121,0.003023,4,55,0,fixed,4,1,1,0,3.000000,4.000000
7,centralized_dqn,logistic_bootstrap,1,4,1,10,1,1,4,0.000000,85.166700,0.469667,29,0.337456,37,0,2,1,0.337456,0.903181,0.565725,0.565725,0.337456,0.000000,55,0,1,0,25,29,26,94.166700,85.166700,58.333300,0.424779,0.469667,0.685715,0.003023,0.000184,-0.000121,0.003023,4,55,0,fixed,4,1,1,0,3.000000,4.000000
7,centralized_dqn,logistic_bootstrap,1,4,1,11,2,2,3,0.000000,58.333300,1.714287,26,0.337456,37,0,2,0,0.337456,0.903181,0.565725,0.565725,0.337456,0.000000,55,0,1,-1,25,29,26,94.166700,85.166700,58.333300,1.061947,1.174168,1.714287,0.004115,0.001065,0.000184,0.004115,4,55,0,fixed,4,1,1,0,3.000000,4.000000
7,centralized_dqn,logistic_bootstrap,1,4,1,12,2,2,2,0.793432,58.333300,0.099179,26,0.337456,37,0,0,1,0.337456,0.903181,0.565725,0.565725,0.337456,0.000000,55,0,1,0,25,29,26,94.166700,85.166700,58.333300,0.835703,0.179992,0.098886,0.017585,0.007541,0.000184,0.017585,4,55,0,fixed,4,1,1,0,3.000000,4.000000
7,centralized_dqn,logistic_bootstrap,1,4,1,13,2,2,4,0.000000,58.333300,0.685715,26,0.337456,37,0,2,0,0.337456,0.903181,0.565725,0.565725,0.337456,0.000000,55,0,1,-1,25,29,26,94.166700,85.166700,58.333300,0.424779,0.469667,0.685715,0.003333,0.000489,0.000184,0.003333,4,55,0,fixed,4,1,1,0,3.000000,4.000000
7,centralized_dqn,logistic_bootstrap,1,4,1,14,2,2,1,1.930922,58.333300,0.643641,26,0.337456,37,0,1,1,0.337456,0.903181,0.565725,0.565725,0.337456,0.000000,55,0,1,-1,25,29,26,94.166700,85.166700,58.333300,1.124799,0.926336,0.616862,0.005621,0.002139,0.000184,0.005621,4,55,0,fixed,4,1,1,0,3.000000,4.000000
7,centralized_dqn,logistic_bootstrap,1,4,1,15,0,0,4,0.000000,94.166700,0.424779,25,0.337456,37,0,2,1,0.337456,0.903181,0.565725,0.565725,0.337456,0.000000,55,0,1,0,25,29,26,94.166700,85.166700,58.333300,0.424779,0.469667,0.685715,0.000184,-0.002608,-0.002907,0.000000,4,55,0,fixed,4,1,1,0,3.000000,4.000000
7,centralized_dqn,logistic_bootstrap,1,4,1,16,2,2,2,0.781426,58.333300,0.097678,26,0.337456,37,1,0,1,0.337456,0.903181,0.565725,0.565725,0.337456,0.000000,55,0,1,0,25,29,26,94.166700,85.166700,58.333300,0.835703,0.179992,0.099100,0.017552,0.007510,0.000184,0.017552,4,55,0,fixed,4,1,1,0,3.000000,4.000000
7,centralized_dqn,logistic_bootstrap,1,4,1,17,1,1,2,1.491765,85.166700,0.186471,29,0.337456,37,0,0,1,0.337456,0.903181,0.565725,0.565725,0.337456,0.000000,55,0,1,0,25,29,26,94.166700,85.166700,58.333300,0.835703,0.186176,0.095258,0.009241,0.000184,-0.008421,0.009241,4,55,0,fixed,4,1,1,0,3.000000,4.000000
7,centralized_dqn,logistic_bootstrap,1,4,1,18,2,2,4,0.000000,58.333300,0.685715,26,0.337456,37,0,2,0,0.337456,0.903181,0.565725,0.565725,0.337456,0.000000,55,0,1,-1,25,29,26,94.166700,85.166700,58.333300,0.424779,0.469667,0.685715,0.003333,0.000489,0.000184,0.003333,4,55,0,fixed,4,1,1,0,3.000000,4.000000
7,centralized_dqn,logistic_bootstrap,1,4,1,19,1,1,3,0.000000,85.166700,1.174168,29,0.337456,37,0,2,1,0.337456,0.903181,0.565725,0.565725,0.337456,0.000000,55,0,1,1,25,29,26,94.166700,85.166700,58.333300,1.061947,1.174168,1.714287,0.003219,0.000184,-0.000692,0.003219,4,55,0,fixed,4,1,1,0,3.000000,4.000000
7,centralized_dqn,logistic_bootstrap,1,4,1,20,1,1,1,3.052933,85.166700,1.017644,29,0.337456,37,0,1,0,0.337456,0.903181,0.565725,0.565725,0.337456,0.000000,55,0,1,1,25,29,26,94.166700,85.166700,58.333300,1.124799,0.948385,0.597699,0.003537,0.000184,-0.001996,0.003537,4,55,0,fixed,4,1,1,0,3.000000,4.000000
7,centralized_dqn,logistic_bootstrap,1,4,1,21,1,1,3,0.000000,85.166700,1.174168,29,0.337456,37,0,2,1,0.337456,0.903181,0.565725,0.565725,0.337456,0.000000,55,0,1,1,25,29,26,94.166700,85.166700,58.333300,1.061947,1.174168,1.714287,0.003219,0.000184,-0.000692,0.003219,4,55,0,fixed,4,1,1,0,3.000000,4.000000
7,centralized_dqn,logistic_bootstrap,1,4,1,22,1,1,2,1.491742,85.166700,0.186468,29,0.337456,37,0,0,1,0.337456,0.903181,0.565725,0.565725,0.337456,0.000000,55,0,1,0,25,29,26,94.166700,85.166700,58.333300,0.835703,0.186176,0.095258,0.009241,0.000184,-0.008421,0.009241,4,55,0,fixed,4,1,1,0,3.000000,4.000000
7,centralized_dqn,logistic_bootstrap,1,4,1,23,1,1,2,1.491841,85.166700,0.186480,29,0.337456,37,0,0,1,0.337456,0.903181,0.565725,0.565725,0.337456,0.000000,55,0,1,0,25,29,26,94.166700,85.166700,58.333300,0.835703,0.186175,0.095258,0.009241,0.000184,-0.008421,0.009241,4,55,0,fixed,4,1,1,0,3.000000,4.000000
7,centralized_dqn,logistic_bootstrap,1,4,1,24,1,1,2,1.473155,85.166700,0.184144,29,0.337456,37,0,0,1,0.337456,0.903181,0.565725,0.565725,0.337456,0.000000,55,0,1,0,25,29,26,94.166700,85.166700,58.333300,0.835703,0.186370,0.095258,0.009233,0.000184,-0.008428,0.009233,4,55,0,fixed,4,1,1,0,3.000000,4.000000
7,centralized_dqn,logistic_bootstrap,1,4,1,25,2,2,1,1.795911,58.333300,0.598637,26,0.337456,37,0,1,1,0.337456,0.903181,0.565725,0.565725,0.337456,0.000000,55,0,1,-1,25,29,26,94.166700,85.166700,58.333300,1.124799,0.926336,0.624363,0.005594,0.002112,0.000184,0.005594,4,55,0,fixed,4,1,1,0,3.000000,4.000000
7,centralized_dqn,logistic_bootstrap,1,4,1,26,1,1,2,1.491810,85.166700,0.186476,29,0.337456,37,0,0,1,0.337456,0.903181,0.565725,0.565725,0.337456,0.000000,55,0,1,0,25,29,26,94.166700,85.166700,58.333300,0.835703,0.186176,0.095258,0.009241,0.000184,-0.008421,0.009241,4,55,0,fixed,4,1,1,0,3.000000,4.000000
7,centralized_dqn,logistic_bootstrap,1,4,1,27,1,1,2,1.491798,85.166700,0.186475,29,0.337456,37,0,0,1,0.337456,0.903181,0.565725,0.565725,0.337456,0.000000,55,0,1,0,25,29,26,94.166700,85.166700,58.333300,0.835703,0.186176,0.095258,0.009241,0.000184,-0.008421,0.009241,4,55,0,fixed,4,1,1,0,3.000000,4.000000
7,centralized_dqn,logistic_bootstrap,1,4,1,28,0,0,1,3.509473,94.166700,1.169824,25,0.337456,37,0,1,1,0.337456,0.903181,0.565725,0.565725,0.337456,0.000000,55,0,1,-1,25,29,26,94.166700,85.166700,58.333300,1.169780,0.926336,0.597699,0.000184,-0.003285,-0.005336,0.000000,4,55,0,fixed,4,1,1,0,3.000000,4.000000
7,centralized_dqn,logistic_bootstrap,1,4,1,29,1,1,3,0.000000,85.166700,1.174168,29,0.337456,37,0,2,1,0.337456,0.903181,0.565725,0.565725,0.337456,0.000000,55,0,1,1,25,29,26,94.166700,85.166700,58.333300,1.061947,1.174168,1.714287,0.003219,0.000184,-0.000692,0.003219,4,55,0,fixed,4,1,1,0,3.000000,4.000000
7,centralized_dqn,logistic_bootstrap,1,4,1,30,2,2,1,1.883882,58.333300,0.627961,26,0.337456,37,0,1,1,0.337456,0.903181,0.565725,0.565725,0.337456,0.000000,55,0,1,-1,25,29,26,94.166700,85.166700,58.333300,1.124799,0.926336,0.619476,0.005611,0.002129,0.000184,0.005611,4,55,0,fixed,4,1,1,0,3.000000,4.000000
7,centralized_dqn,logistic_bootstrap,1,4,1,31,0,0,2,6.893876,94.166700,0.861735,25,0.337456,37,0,0,0,0.337456,0.903181,0.565725,0.565725,0.337456,0.000000,55,0,1,-1,25,29,26,94.166700,85.166700,58.333300,0.870364,0.179992,0.095258,0.000184,-0.009038,-0.016710,0.000000,4,55,0,fixed,4,1,1,0,3.000000,4.000000
7,centralized_dqn,logistic_bootstrap,1,4,1,32,0,0,4,0.000000,94.166700,0.424779,25,0.337456,37,0,2,1,0.337456,0.903181,0.565725,0.565725,0.337456,0.000000,55,0,1,0,25,29,26,94.166700,85.166700,58.333300,0.424779,0.469667,0.685715,0.000184,-0.002608,-0.002907,0.000000,4,55,0,fixed,4,1,1,0,3.000000,4.000000
7,centralized_dqn,logistic_bootstrap,1,4,1,33,0,0,1,3.509901,94.166700,1.169967,25,0.337456,37,0,1,1,0.337456,0.903181,0.565725,0.565725,0.337456,0.000000,55,0,1,-1,25,29,26,94.166700,85.166700,58.333300,1.169732,0.926336,0.597699,0.000184,-0.003285,-0.005336,0.000000,4,55,0,fixed,4,1,1,0,3.000000,4.000000
7,centralized_dqn,logistic_bootstrap,1,4,1,34,2,2,4,0.000000,58.333300,0.685715,26,0.337456,37,0,2,0,0.337456,0.903181,0.565725,0.565725,0.337456,0.000000,55,0,1,-1,25,29,26,94.166700,85.166700,58.333300,0.424779,0.469667,0.685715,0.003333,0.000489,0.000184,0.003333,4,55,0,fixed,4,1,1,0,3.000000,4.000000
7,centralized_dqn,logistic_bootstrap,1,4,1,35,0,0,4,0.000000,94.166700,0.424779,25,0.337456,37,0,2,1,0.337456,0.903181,0.565725,0.565725,0.337456,0.000000,55,0,1,0,25,29,26,94.166700,85.166700,58.333300,0.424779,0.469667,0.685715,0.000184,-0.002608,-0.002907,0.000000,4,55,0,fixed,4,1,1,0,3.000000,4.000000
7,centralized_dqn,logistic_bootstrap,1,4,1,36,0,0,2,6.893876,94.166700,0.861735,25,0.337456,37,0,0,0,0.337456,0.903181,0.565725,0.565725,0.337456,0.000000,55,0,1,-1,25,29,26,94.166700,85.166700,58.333300,0.870364,0.179992,0.095258,0.000184,-0.009038,-0.016710,0.000000,4,55,0,fixed,4,1,1,0,3.000000,4.000000
7,centralized_dqn,logistic_bootstrap,1,4,1,37,0,0,4,0.000000,94.166700,0.424779,25,0.337456,37,0,2,1,0.337456,0.903181,0.565725,0.565725,0.337456,0.000000,55,0,1,0,25,29,26,94.166700,85.166700,58.333300,0.424779,0.469667,0.685715,0.000184,-0.002608,-0.002907,0.000000,4,55,0,fixed,4,1,1,0,3.000000,4.000000
7,centralized_dqn,logistic_bootstrap,1,4,1,38,0,0,3,0.000000,94.166700,1.061947,25,0.337456,37,0,2,1,0.337456,0.903181,0.565725,0.565725,0.337456,0.000000,55,0,1,-1,25,29,26,94.166700,85.166700,58.333300,1.061947,1.174168,1.714287,0.000184,-0.002797,-0.003658,0.000000,4,55,0,fixed,4,1,1,0,3.000000,4.000000
7,centralized_dqn,logistic_bootstrap,1,4,1,39,0,0,1,3.508804,94.166700,1.169601,25,0.337456,37,0,1,1,0.337456,0.903181,0.565725,0.565725,0.337456,0.000000,55,0,1,-1,25,29,26,94.166700,85.166700,58.333300,1.169854,0.926336,0.597699,0.000184,-0.003285,-0.005336,0.000000,4,55,0,fixed,4,1,1,0,3.000000,4.000000
7,centralized_dqn,logistic_bootstrap,1,4,1,40,1,1,2,1.484072,85.166700,0.185509,29,0.337456,37,0,0,1,0.337456,0.903181,0.565725,0.565725,0.337456,0.000000,55,0,1,0,25,29,26,94.166700,85.166700,58.333300,0.835703,0.186256,0.095258,0.009238,0.000184,-0.008424,0.009238,4,55,0,fixed,4,1,1,0,3.000000,4.000000
7,centralized_dqn,logistic_bootstrap,1,4,1,41,0,0,4,0.000000,94.166700,0.424779,25,0.337456,37,0,2,1,0.337456,0.903181,0.565725,0.565725,0.337456,0.000000,55,0,1,0,25,29,26,94.166700,85.166700,58.333300,0.424779,0.469667,0.685715,0.000184,-0.002608,-0.002907,0.000000,4,55,0,fixed,4,1,1,0,3.000000,4.000000
7,centralized_dqn,logistic_bootstrap,1,4,1,42,1,1,2,1.490718,85.166700,0.186340,29,0.337456,37,0,0,1,0.337456,0.903181,0.565725,0.565725,0.337456,0.000000,55,0,1,0,25,29,26,94.166700,85.166700,58.333300,0.835703,0.186187,0.095258,0.009241,0.000184,-0.008421,0.009241,4,55,0,fixed,4,1,1,0,3.000000,4.000000
7,centralized_dqn,logistic_bootstrap,1,4,1,43,0,0,4,0.000000,94.166700,0.424779,25,0.337456,37,0,2,1,0.337456,0.903181,0.565725,0.565725,0.337456,0.000000,55,0,1,0,25,29,26,94.166700,85.166700,58.333300,0.424779,0.469667,0.685715,0.000184,-0.002608,-0.002907,0.000000,4,55,0,fixed,4,1,1,0,3.000000,4.000000
7,centralized_dqn,logistic_bootstrap,1,4,1,44,0,0,3,0.000000,94.166700,1.061947,25,0.337456,37,0,2,1,0.337456,0.903181,0.565725,0.565725,0.337456,0.000000,55,0,1,-1,25,29,26,94.166700,85.166700,58.333300,1.061947,1.174168,1.714287,0.000184,-0.002797,-0.003658,0.000000,4,55,0,fixed,4,1,1,0,3.000000,4.000000
7,centralized_dqn,logistic_bootstrap,1,4,1,45,1,1,1,3.105870,85.166700,1.035290,29,0.337456,37,0,1,0,0.337456,0.903181,0.565725,0.565725,0.337456,0.000000,55,0,1,1,25,29,26,94.166700,85.166700,58.333300,1.124799,0.945444,0.597699,0.003541,0.000184,-0.001992,0.003541,4,55,0,fixed,4,1,1,0,3.000000,4.000000
7,centralized_dqn,logistic_bootstrap,1,4,1,46,1,1,4,0.000000,85.166700,0.469667,29,0.337456,37,0,2,1,0.337456,0.903181,0.565725,0.565725,0.337456,0.000000,55,0,1,0,25,29,26,94.166700,85.166700,58.333300,0.424779,0.469667,0.685715,0.003023,0.000184,-0.000121,0.003023,4,55,0,fixed,4,1,1,0,3.000000,4.000000
7,centralized_dqn,logistic_bootstrap,1,4,1,47,0,0,2,6.893876,94.166700,0.861735,25,0.337456,37,0,0,0,0.337456,0.903181,0.565725,0.565725,0.337456,0.000000,55,0,1,-1,25,29,26,94.166700,85.166700,58.333300,0.870364,0.179992,0.095258,0.000184,-0.009038,-0.016710,0.000000,4,55,0,fixed,4,1,1,0,3.000000,4.000000
7,centralized_dqn,logistic_bootstrap,1,4,1,48,2,2,4,0.000000,58.333300,0.685715,26,0.337456,37,0,2,0,0.337456,0.903181,0.565725,0.565725,0.337456,0.000000,55,0,1,-1,25,29,26,94.166700,85.166700,58.333300,0.424779,0.469667,0.685715,0.003333,0.000489,0.000184,0.003333,4,55,0,fixed,4,1,1,0,3.000000,4.000000
7,centralized_dqn,logistic_bootstrap,1,4,1,49,1,1,1,2.934117,85.166700,0.978039,29,0.337456,37,0,1,0,0.337456,0.903181,0.565725,0.565725,0.337456,0.000000,55,0,1,-1,25,29,26,94.166700,85.166700,58.333300,1.124799,0.954986,0.597699,0.003526,0.000184,-0.002006,0.003526,4,55,0,fixed,4,1,1,0,3.000000,4.000000
7,centralized_dqn,logistic_bootstrap,1,4,1,50,0,0,4,0.000000,94.166700,0.424779,25,0.337456,37,0,2,1,0.337456,0.903181,0.565725,0.565725,0.337456,0.000000,55,0,1,0,25,29,26,94.166700,85.166700,58.333300,0.424779,0.469667,0.685715,0.000184,-0.002608,-0.002907,0.000000,4,55,0,fixed,4,1,1,0,3.000000,4.000000
7,centralized_dqn,logistic_bootstrap,1,4,1,51,2,2,1,1.791023,58.333300,0.597008,26,0.337456,37,0,1,1,0.337456,0.903181,0.565725,0.565725,0.337456,0.000000,55,0,1,-1,25,29,26,94.166700,85.166700,58.333300,1.124799,0.926336,0.624634,0.005593,0.002111,0.000184,0.005593,4,55,0,fixed,4,1,1,0,3.000000,4.000000
7,centralized_dqn,logistic_bootstrap,1,4,1,52,1,1,3,0.000000,85.166700,1.174168,29,0.337456,37,0,2,1,0.337456,0.903181,0.565725,0.565725,0.337456,0.000000,55,0,1,1,25,29,26,94.166700,85.166700,58.333300,1.061947,1.174168,1.714287,0.003219,0.000184,-0.000692,0.003219,4,55,0,fixed,4,1,1,0,3.000000,4.000000
7,centralized_dqn,logistic_bootstrap,1,4,1,53,0,0,2,6.893876,94.166700,0.861735,25,0.337456,37,0,0,0,0.337456,0.903181,0.565725,0.565725,0.337456,0.000000,55,0,1,-1,25,29,26,94.166700,85.166700,58.333300,0.870364,0.179992,0.095258,0.000184,-0.009038,-0.016710,0.000000,4,55,0,fixed,4,1,1,0,3.000000,4.000000
7,centralized_dqn,logistic_bootstrap,1,4,1,54,0,0,4,0.000000,94.166700,0.424779,25,0.337456,37,0,2,1,0.337456,0.903181,0.565725,0.565725,0.337456,0.000000,55,0,1,0,25,29,26,94.166700,85.166700,58.333300,0.424779,0.469667,0.685715,0.000184,-0.002608,-0.002907,0.000000,4,55,0,fixed,4,1,1,0,3.000000,4.000000
7,centralized_dqn,logistic_bootstrap,1,4,1,55,0,0,2,6.891690,94.166700,0.861461,25,0.337456,37,0,0,0,0.337456,0.903181,0.565725,0.565725,0.337456,0.000000,55,0,1,-1,25,29,26,94.166700,85.166700,58.333300,0.870410,0.179992,0.095258,0.000184,-0.009038,-0.016710,0.000000,4,55,0,fixed,4,1,1,0,3.000000,4.000000
7,centralized_dqn,logistic_bootstrap,1,4,1,56,2,2,4,0.000000,58.333300,0.685715,26,0.337456,37,0,2,0,0.337456,0.903181,0.565725,0.565725,0.337456,0.000000,55,0,1,-1,25,29,26,94.166700,85.166700,58.333300,0.424779,0.469667,0.685715,0.003333,0.000489,0.000184,0.003333,4,55,0,fixed,4,1,1,0,3.000000,4.000000
7,centralized_dqn,logistic_bootstrap,1,4,1,57,2,2,2,0.793432,58.333300,0.099179,26,0.337456,37,0,0,1,0.337456,0.903181,0.565725,0.565725,0.337456,0.000000,55,0,1,0,25,29,26,94.166700,85.166700,58.333300,0.835703,0.179992,0.098886,0.017585,0.007541,0.000184,0.017585,4,55,0,fixed,4,1,1,0,3.000000,4.000000
7,centralized_dqn,logistic_bootstrap,1,4,1,58,1,1,1,2.768407,85.166700,0.922802,29,0.337456,37,0,1,0,0.337456,0.903181,0.565725,0.565725,0.337456,0.000000,55,0,1,-1,25,29,26,94.166700,85.166700,58.333300,1.124799,0.964192,0.597699,0.003512,0.000184,-0.002019,0.003512,4,55,0,fixed,4,1,1,0,3.000000,4.000000
7,centralized_dqn,logistic_bootstrap,1,4,1,59,2,2,2,0.792332,58.333300,0.099042,26,0.337456,37,0,0,1,0.337456,0.903181,0.565725,0.565725,0.337456,0.000000,55,0,1,0,25,29,26,94.166700,85.166700,58.333300,0.835703,0.179992,0.098905,0.017582,0.007538,0.000184,0.017582,4,55,0,fixed,4,1,1,0,3.000000,4.000000
7,centralized_dqn,logistic_bootstrap,1,4,1,60,1,1,4,0.000000,85.166700,0.469667,29,0.337456,37,0,2,1,0.337456,0.903181,0.565725,0.565725,0.337456,0.000000,55,0,1,0,25,29,26,94.166700,85.166700,58.333300,0.424779,0.469667,0.685715,0.003023,0.000184,-0.000121,0.003023,4,55,0,fixed,4,1,1,0,3.000000,4.000000
7,centralized_dqn,logistic_bootstrap,1,4,1,61,2,2,3,0.000000,58.333300,1.714287,26,0.337456,37,0,2,0,0.337456,0.903181,0.565725,0.565725,0.337456,0.000000,55,0,1,-1,25,29,26,94.166700,85.166700,58.333300,1.061947,1.174168,1.714287,0.004115,0.001065,0.000184,0.004115,4,55,0,fixed,4,1,1,0,3.000000,4.000000
7,centralized_dqn,logistic_bootstrap,1,4,1,62,1,1,2,1.491764,85.166700,0.186471,29,0.337456,37,0,0,1,0.337456,0.903181,0.565725,0.565725,0.337456,0.000000,55,0,1,0,25,29,26,94.166700,85.166700,58.333300,0.835703,0.186176,0.095258,0.009241,0.000184,-0.008421,0.009241,4,55,0,fixed,4,1,1,0,3.000000,4.000000
7,centralized_dqn,logistic_bootstrap,1,4,1,63,1,1,2,1.491716,85.166700,0.186465,29,0.337456,37,0,0,1,0.337456,0.903181,0.565725,0.565725,0.337456,0.000000,55,0,1,0,25,29,26,94.166700,85.166700,58.333300,0.835703,0.186177,0.095258,0.009241,0.000184,-0.008421,0.009241,4,55,0,fixed,4,1,1,0,3.000000,4.000000
7,centralized_dqn,logistic_bootstrap,1,4,1,64,0,0,4,0.000000,94.166700,0.424779,25,0.337456,37,0,2,1,0.337456,0.903181,0.565725,0.565725,0.337456,0.000000,55,0,1,0,25,29,26,94.166700,85.166700,58.333300,0.424779,0.469667,0.685715,0.000184,-0.002608,-0.002907,0.000000,4,55,0,fixed,4,1,1,0,3.000000,4.000000
7,centralized_dqn,logistic_bootstrap,1,4,1,65,2,2,1,1.925423,58.333300,0.641808,26,0.337456,37,0,1,1,0.337456,0.903181,0.565725,0.565725,0.337456,0.000000,55,0,1,-1,25,29,26,94.166700,85.166700,58.333300,1.124799,0.926336,0.617168,0.005620,0.002138,0.000184,0.005620,4,55,0,fixed,4,1,1,0,3.000000,4.000000
7,centralized_dqn,logistic_bootstrap,1,4,1,66,2,2,2,0.792296,58.333300,0.099037,26,0.337456,37,0,0,1,0.337456,0.903181,0.565725,0.565725,0.337456,0.000000,55,0,1,0,25,29,26,94.166700,85.166700,58.333300,0.835703,0.179992,0.098906,0.017582,0.007538,0.000184,0.017582,4,55,0,fixed,4,1,1,0,3.000000,4.000000
7,centralized_dqn,logistic_bootstrap,1,4,1,67,2,2,3,0.000000,58.333300,1.714287,26,0.337456,37,0,2,0,0.337456,0.903181,0.565725,0.565725,0.337456,0.000000,55,0,1,-1,25,29,26,94.166700,85.166700,58.333300,1.061947,1.174168,1.714287,0.004115,0.001065,0.000184,0.004115,4,55,0,fixed,4,1,1,0,3.000000,4.000000
7,centralized_dqn,logistic_bootstrap,1,4,1,68,2,2,1,1.809351,58.333300,0.603117,26,0.337456,37,0,1,1,0.337456,0.903181,0.565725,0.565725,0.337456,0.000000,55,0,1,-1,25,29,26,94.166700,85.166700,58.333300,1.124799,0.926336,0.623616,0.005596,0.002115,0.000184,0.005596,4,55,0,fixed,4,1,1,0,3.000000,4.000000
7,centralized_dqn,logistic_bootstrap,1,4,1,69,0,0,4,0.000000,94.166700,0.424779,25,0.337456,37,0,2,1,0.337456,0.903181,0.565725,0.565725,0.337456,0.000000,55,0,1,0,25,29,26,94.166700,85.166700,58.333300,0.424779,0.469667,0.685715,0.000184,-0.002608,-0.002907,0.000000,4,55,0,fixed,4,1,1,0,3.000000,4.000000
7,centralized_dqn,logistic_bootstrap,1,4,1,70,2,2,4,0.000000,58.333300,0.685715,26,0.337456,37,0,2,0,0.337456,0.903181,0.565725,0.565725,0.337456,0.000000,55,0,1,-1,25,29,26,94.166700,85.166700,58.333300,0.424779,0.469667,0.685715,0.003333,0.000489,0.000184,0.003333,4,55,0,fixed,4,1,1,0,3.000000,4.000000
7,centralized_dqn,logistic_bootstrap,1,4,1,71,0,0,4,0.000000,94.166700,0.424779,25,0.337456,37,0,2,1,0.337456,0.903181,0.565725,0.565725,0.337456,0.000000,55,0,1,0,25,29,26,94.166700,85.166700,58.333300,0.424779,0.469667,0.685715,0.000184,-0.002608,-0.002907,0.000000,4,55,0,fixed,4,1,1,0,3.000000,4.000000
7,centralized_dqn,logistic_bootstrap,1,4,1,72,0,0,1,3.509311,94.166700,1.169770,25,0.337456,37,0,1,1,0.337456,0.903181,0.565725,0.565725,0.337456,0.000000,55,0,1,-1,25,29,26,94.166700,85.166700,58.333300,1.169798,0.926336,0.597699,0.000184,-0.003285,-0.005336,0.000000,4,55,0,fixed,4,1,1,0,3.000000,4.000000
7,centralized_dqn,logistic_bootstrap,1,4,1,73,0,0,2,7.310293,94.166700,0.913787,25,0.337456,37,0,0,0,0.337456,0.903181,0.565725,0.565725,0.337456,0.000000,55,0,1,-1,25,29,26,94.166700,85.166700,58.333300,0.861689,0.179992,0.095258,0.000184,-0.009023,-0.016696,0.000000,4,55,0,fixed,4,1,1,0,3.000000,4.000000
7,centralized_dqn,logistic_bootstrap,1,4,1,74,1,1,2,1.491763,85.166700,0.186470,29,0.337456,37,0,0,1,0.337456,0.903181,0.565725,0.565725,0.337456,0.000000,55,0,1,0,25,29,26,94.166700,85.166700,58.333300,0.835703,0.186176,0.095258,0.009241,0.000184,-0.008421,0.009241,4,55,0,fixed,4,1,1,0,3.000000,4.000000
7,centralized_dqn,logistic_bootstrap,1,4,1,75,2,2,2,0.792369,58.333300,0.099046,26,0.337456,37,0,0,1,0.337456,0.903181,0.565725,0.565725,0.337456,0.000000,55,0,1,0,25,29,26,94.166700,85.166700,58.333300,0.835703,0.179992,0.098905,0.017582,0.007538,0.000184,0.017582,4,55,0,fixed,4,1,1,0,3.000000,4.000000
7,centralized_dqn,logistic_bootstrap,1,4,1,76,1,1,1,3.064885,85.166700,1.021628,29,0.337456,37,0,1,0,0.337456,0.903181,0.565725,0.565725,0.337456,0.000000,55,0,1,1,25,29,26,94.166700,85.166700,58.333300,1.124799,0.947721,0.597699,0.003538,0.000184,-0.001995,0.003538,4,55,0,fixed,4,1,1,0,3.000000,4.000000
7,centralized_dqn,logistic_bootstrap,1,4,1,77,1,1,1,3.068272,85.166700,1.022757,29,0.337456,37,0,1,0,0.337456,0.903181,0.565725,0.565725,0.337456,0.000000,55,0,1,1,25,29,26,94.166700,85.166700,58.333300,1.124799,0.947533,0.597699,0.003538,0.000184,-0.001995,0.003538,4,55,0,fixed,4,1,1,0,3.000000,4.000000
7,centralized_dqn,logistic_bootstrap,1,4,1,78,1,1,2,1.491769,85.166700,0.186471,29,0.337456,37,0,0,1,0.337456,0.903181,0.565725,0.565725,0.337456,0.000000,55,0,1,0,25,29,26,94.166700,85.166700,58.333300,0.835703,0.186176,0.095258,0.009241,0.000184,-0.008421,0.009241,4,55,0,fixed,4,1,1,0,3.000000,4.000000
7,centralized_dqn,logistic_bootstrap,1,4,1,79,2,2,4,0.000000,58.333300,0.685715,26,0.337456,37,0,2,0,0.337456,0.903181,0.565725,0.565725,0.337456,0.000000,55,0,1,-1,25,29,26,94.166700,85.166700,58.333300,0.424779,0.469667,0.685715,0.003333,0.000489,0.000184,0.003333,4,55,0,fixed,4,1,1,0,3.000000,4.000000
7,centralized_dqn,logistic_bootstrap,1,4,1,80,2,2,2,0.792291,58.333300,0.099036,26,0.337456,37,0,0,1,0.337456,0.903181,0.565725,0.565725,0.337456,0.000000,55,0,1,0,25,29,26,94.166700,85.166700,58.333300,0.835703,0.179992,0.098906,0.017582,0.007538,0.000184,0.017582,4,55,0,fixed,4,1,1,0,3.000000,4.000000
7,centralized_dqn,centralized_dqn,0,4,2,1,2,2,4,0.000000,51.500000,0.776699,34,0.563022,28,0,2,0,0.563022,0.627539,0.064518,0.064518,0.563022,0.225565,3,18,1,-1,28,18,34,113.000000,77.833300,51.500000,0.353982,0.513919,0.776699,0.011594,0.022274,0.030066,0.022274,4,3,1,fixed,4,1,1,0,3.000000,4.000000
7,centralized_dqn,centralized_dqn,0,4,2,2,2,2,3,0.000000,51.500000,1.941748,34,0.563022,28,0,2,0,0.563022,0.627539,0.064518,0.064518,0.563022,0.225565,3,18,1,1,28,18,34,113.000000,77.833300,51.500000,0.884956,1.284797,1.941748,0.015427,0.023970,0.030066,0.023970,4,3,1,fixed,4,1,1,0,3.000000,4.000000
7,centralized_dqn,centralized_dqn,0,4,2,3,2,2,4,0.000000,51.500000,0.776699,34,0.563022,28,0,2,0,0.563022,0.627539,0.064518,0.064518,0.563022,0.225565,3,18,1,-1,28,18,34,113.000000,77.833300,51.500000,0.353982,0.513919,0.776699,0.011594,0.022274,0.030066,0.022274,4,3,1,fixed,4,1,1,0,3.000000,4.000000
7,centralized_dqn,centralized_dqn,0,4,2,4,1,1,1,3.370277,77.833300,1.123426,18,0.563022,28,0,1,0,0.563022,0.627539,0.064518,0.064518,0.563022,0.225565,3,18,1,-1,28,18,34,113.000000,77.833300,51.500000,0.920014,0.864953,1.091328,0.022872,0.030066,0.035896,0.035896,4,3,1,fixed,4,1,1,0,3.000000,4.000000
7,centralized_dqn,centralized_dqn,0,4,2,5,1,1,1,2.778439,77.833300,0.926146,18,0.563022,28,0,1,0,0.563022,0.627539,0.064518,0.064518,0.563022,0.225565,3,18,1,-1,28,18,34,113.000000,77.833300,51.500000,0.920014,0.876557,0.899685,0.022810,0.030066,0.034958,0.034958,4,3,1,fixed,4,1,1,0,3.000000,4.000000
7,centralized_dqn,centralized_dqn,0,4,2,6,0,0,2,3.070959,113.000000,0.383870,28,0.563022,28,0,0,0,0.563022,0.627539,0.064518,0.064518,0.563022,0.225565,3,18,1,0,28,18,34,113.000000,77.833300,51.500000,0.356344,0.312387,0.372902,0.030066,0.035238,0.042744,0.042744,4,3,1,fixed,4,1,1,0,3.000000,4.000000
7,centralized_dqn,centralized_dqn,0,4,2,7,0,0,2,3.092845,113.000000,0.386606,28,0.563022,28,0,0,0,0.563022,0.627539,0.064518,0.064518,0.563022,0.225565,3,18,1,0,28,18,34,113.000000,77.833300,51.500000,0.356243,0.312387,0.375560,0.030066,0.035242,0.042835,0.042835,4,3,1,fixed,4,1,1,0,3.000000,4.000000
7,centralized_dqn,centralized_dqn,0,4,2,8,0,0,2,3.069932,113.000000,0.383742,28,0.563022,28,0,2,1,0.563022,0.627539,0.064518,0.064518,0.563022,0.225565,3,18,1,0,28,18,34,113.000000,77.833300,51.500000,0.356349,0.312387,0.372778,0.030066,0.035238,0.042740,0.042740,4,3,1,fixed,4,1,1,0,3.000000,4.000000
7,centralized_dqn,centralized_dqn,0,4,2,9,2,2,4,0.000000,51.500000,0.776699,34,0.563022,28,0,2,0,0.563022,0.627539,0.064518,0.064518,0.563022,0.225565,3,18,1,-1,28,18,34,113.000000,77.833300,51.500000,0.353982,0.513919,0.776699,0.011594,0.022274,0.030066,0.022274,4,3,1,fixed,4,1,1,0,3.000000,4.000000
7,centralized_dqn,centralized_dqn,0,4,2,10,2,2,4,0.000000,51.500000,0.776699,34,0.563022,28,0,2,0,0.563022,0.627539,0.064518,0.064518,0.563022,0.225565,3,18,1,-1,28,18,34,113.000000,77.833300,51.500000,0.353982,0.513919,0.776699,0.011594,0.022274,0.030066,0.022274,4,3,1,fixed,4,1,1,0,3.000000,4.000000
7,centralized_dqn,centralized_dqn,0,4,2,11,2,2,3,0.000000,51.500000,1.941748,34,0.563022,28,0,2,0,0.563022,0.627539,0.064518,0.064518,0.563022,0.225565,3,18,1,1,28,18,34,113.000000,77.833300,51.500000,0.884956,1.284797,1.941748,0.015427,0.023970,0.030066,0.023970,4,3,1,fixed,4,1,1,0,3.000000,4.000000
7,centralized_dqn,centralized_dqn,0,4,2,12,0,0,2,3.099345,113.000000,0.387418,28,0.563022,28,0,0,0,0.563022,0.627539,0.064518,0.064518,0.563022,0.225565,3,18,1,0,28,18,34,113.000000,77.833300,51.500000,0.356212,0.312387,0.376349,0.030066,0.035243,0.042862,0.042862,4,3,1,fixed,4,1,1,0,3.000000,4.000000
7,centralized_dqn,centralized_dqn,0,4,2,13,2,2,4,0.000000,51.500000,0.776699,34,0.563022,28,0,2,0,0.563022,0.627539,0.064518,0.064518,0.563022,0.225565,3,18,1,-1,28,18,34,113.000000,77.833300,51.500000,0.353982,0.513919,0.776699,0.011594,0.022274,0.030066,0.022274,4,3,1,fixed,4,1,1,0,3.000000,4.000000
7,centralized_dqn,centralized_dqn,0,4,2,14,1,1,1,3.182454,77.833300,1.060818,18,0.563022,28,0,1,0,0.563022,0.627539,0.064518,0.064518,0.563022,0.225565,3,18,1,-1,28,18,34,113.000000,77.833300,51.500000,0.920014,0.868635,1.030509,0.022852,0.030066,0.035633,0.035633,4,3,1,fixed,4,1,1,0,3.000000,4.000000
7,centralized_dqn,centralized_dqn,0,4,2,15,2,2,4,0.000000,51.500000,0.776699,34,0.563022,28,0,2,0,0.563022,0.627539,0.064518,0.064518,0.563022,0.225565,3,18,1,-1,28,18,34,113.000000,77.833300,51.500000,0.353982,0.513919,0.776699,0.011594,0.022274,0.030066,0.022274,4,3,1,fixed,4,1,1,0,3.000000,4.000000
7,centralized_dqn,centralized_dqn,0,4,2,16,0,0,2,1.126712,113.000000,0.140839,28,0.563022,28,1,0,0,0.563022,0.627539,0.064518,0.064518,0.563022,0.225565,3,18,1,0,28,18,34,113.000000,77.833300,51.500000,0.365345,0.312387,0.136815,0.030066,0.034940,0.021952,0.034940,4,3,1,fixed,4,1,1,0,3.000000,4.000000
7,centralized_dqn,centralized_dqn,0,4,2,17,0,0,2,3.072097,113.000000,0.384012,28,0.563022,28,0,0,0,0.563022,0.627539,0.064518,0.064518,0.563022,0.225565,3,18,1,0,28,18,34,113.000000,77.833300,51.500000,0.356339,0.312387,0.373040,0.030066,0.035239,0.042749,0.042749,4,3,1,fixed,4,1,1,0,3.000000,4.000000
7,centralized_dqn,centralized_dqn,0,4,2,18,2,2,4,0.000000,51.500000,0.776699,34,0.563022,28,0,2,0,0.563022,0.627539,0.064518,0.064518,0.563022,0.225565,3,18,1,-1,28,18,34,113.000000,77.833300,51.500000,0.353982,0.513919,0.776699,0.011594,0.022274,0.030066,0.022274,4,3,1,fixed,4,1,1,0,3.000000,4.000000
7,centralized_dqn,centralized_dqn,0,4,2,19,2,2,3,0.000000,51.500000,1.941748,34,0.563022,28,0,2,0,0.563022,0.627539,0.064518,0.064518,0.563022,0.225565,3,18,1,1,28,18,34,113.000000,77.833300,51.500000,0.884956,1.284797,1.941748,0.015427,0.023970,0.030066,0.023970,4,3,1,fixed,4,1,1,0,3.000000,4.000000
7,centralized_dqn,centralized_dqn,0,4,2,20,1,1,1,1.912931,77.833300,0.637644,18,0.563022,28,0,1,0,0.563022,0.627539,0.064518,0.064518,0.563022,0.225565,3,18,1,-1,28,18,34,113.000000,77.833300,51.500000,0.920014,0.893528,0.619425,0.022722,0.030066,0.032627,0.032627,4,3,1,fixed,4,1,1,0,3.000000,4.000000
7,centralized_dqn,centralized_dqn,0,4,2,21,2,2,3,0.000000,51.500000,1.941748,34,0.563022,28,0,2,0,0.563022,0.627539,0.064518,0.064518,0.563022,0.225565,3,18,1,1,28,18,34,113.000000,77.833300,51.500000,0.884956,1.284797,1.941748,0.015427,0.023970,0.030066,0.023970,4,3,1,fixed,4,1,1,0,3.000000,4.000000
7,centralized_dqn,centralized_dqn,0,4,2,22,0,0,2,3.069916,113.000000,0.383739,28,0.563022,28,0,0,0,0.563022,0.627539,0.064518,0.064518,0.563022,0.225565,3,18,1,0,28,18,34,113.000000,77.833300,51.500000,0.356349,0.312387,0.372775,0.030066,0.035238,0.042740,0.042740,4,3,1,fixed,4,1,1,0,3.000000,4.000000
7,centralized_dqn,centralized_dqn,0,4,2,23,0,0,2,3.069881,113.000000,0.383735,28,0.563022,28,0,0,0,0.563022,0.627539,0.064518,0.064518,0.563022,0.225565,3,18,1,0,28,18,34,113.000000,77.833300,51.500000,0.356349,0.312387,0.372771,0.030066,0.035238,0.042740,0.042740,4,3,1,fixed,4,1,1,0,3.000000,4.000000
7,centralized_dqn,centralized_dqn,0,4,2,24,0,0,2,3.069833,113.000000,0.383729,28,0.563022,28,0,0,0,0.563022,0.627539,0.064518,0.064518,0.563022,0.225565,3,18,1,0,28,18,34,113.000000,77.833300,51.500000,0.356349,0.312387,0.372765,0.030066,0.035238,0.042740,0.042740,4,3,1,fixed,4,1,1,0,3.000000,4.000000
7,centralized_dqn,centralized_dqn,0,4,2,25,1,1,1,3.188160,77.833300,1.062720,18,0.563022,28,0,1,0,0.563022,0.627539,0.064518,0.064518,0.563022,0.225565,3,18,1,-1,28,18,34,113.000000,77.833300,51.500000,0.920014,0.868524,1.032357,0.022852,0.030066,0.035641,0.035641,4,3,1,fixed,4,1,1,0,3.000000,4.000000
7,centralized_dqn,centralized_dqn,0,4,2,26,0,0,2,3.069875,113.000000,0.383734,28,0.563022,28,0,0,0,0.563022,0.627539,0.064518,0.064518,0.563022,0.225565,3,18,1,0,28,18,34,113.000000,77.833300,51.500000,0.356349,0.312387,0.372771,0.030066,0.035238,0.042740,0.042740,4,3,1,fixed,4,1,1,0,3.000000,4.000000
7,centralized_dqn,centralized_dqn,0,4,2,27,0,0,2,3.069874,113.000000,0.383734,28,0.563022,28,0,0,0,0.563022,0.627539,0.064518,0.064518,0.563022,0.225565,3,18,1,0,28,18,34,113.000000,77.833300,51.500000,0.356349,0.312387,0.372770,0.030066,0.035238,0.042740,0.042740,4,3,1,fixed,4,1,1,0,3.000000,4.000000
7,centralized_dqn,centralized_dqn,0,4,2,28,1,1,1,2.268430,77.833300,0.756143,18,0.563022,28,0,1,0,0.563022,0.627539,0.064518,0.064518,0.563022,0.225565,3,18,1,-1,28,18,34,113.000000,77.833300,51.500000,0.920014,0.886558,0.734539,0.022758,0.030066,0.033789,0.033789,4,3,1,fixed,4,1,1,0,3.000000,4.000000
7,centralized_dqn,centralized_dqn,0,4,2,29,2,2,3,0.000000,51.500000,1.941748,34,0.563022,28,0,2,0,0.563022,0.627539,0.064518,0.064518,0.563022,0.225565,3,18,1,1,28,18,34,113.000000,77.833300,51.500000,0.884956,1.284797,1.941748,0.015427,0.023970,0.030066,0.023970,4,3,1,fixed,4,1,1,0,3.000000,4.000000
7,centralized_dqn,centralized_dqn,0,4,2,30,1,1,1,3.199298,77.833300,1.066433,18,0.563022,28,0,1,0,0.563022,0.627539,0.064518,0.064518,0.563022,0.225565,3,18,1,-1,28,18,34,113.000000,77.833300,51.500000,0.920014,0.868305,1.035963,0.022854,0.030066,0.035658,0.035658,4,3,1,fixed,4,1,1,0,3.000000,4.000000
7,centralized_dqn,centralized_dqn,0,4,2,31,0,0,2,3.069920,113.000000,0.383740,28,0.563022,28,0,2,1,0.563022,0.627539,0.064518,0.064518,0.563022,0.225565,3,18,1,0,28,18,34,113.000000,77.833300,51.500000,0.356349,0.312387,0.372776,0.030066,0.035238,0.042740,0.042740,4,3,1,fixed,4,1,1,0,3.000000,4.000000
7,centralized_dqn,centralized_dqn,0,4,2,32,2,2,4,0.000000,51.500000,0.776699,34,0.563022,28,0,2,0,0.563022,0.627539,0.064518,0.064518,0.563022,0.225565,3,18,1,-1,28,18,34,113.000000,77.833300,51.500000,0.353982,0.513919,0.776699,0.011594,0.022274,0.030066,0.022274,4,3,1,fixed,4,1,1,0,3.000000,4.000000
7,centralized_dqn,centralized_dqn,0,4,2,33,1,1,1,2.185446,77.833300,0.728482,18,0.563022,28,0,1,0,0.563022,0.627539,0.064518,0.064518,0.563022,0.225565,3,18,1,-1,28,18,34,113.000000,77.833300,51.500000,0.920014,0.888185,0.707668,0.022749,0.030066,0.033550,0.033550,4,3,1,fixed,4,1,1,0,3.000000,4.000000
7,centralized_dqn,centralized_dqn,0,4,2,34,2,2,4,0.000000,51.500000,0.776699,34,0.563022,28,0,2,0,0.563022,0.627539,0.064518,0.064518,0.563022,0.225565,3,18,1,-1,28,18,34,113.000000,77.833300,51.500000,0.353982,0.513919,0.776699,0.011594,0.022274,0.030066,0.022274,4,3,1,fixed,4,1,1,0,3.000000,4.000000
7,centralized_dqn,centralized_dqn,0,4,2,35,2,2,4,0.000000,51.500000,0.776699,34,0.563022,28,0,2,0,0.563022,0.627539,0.064518,0.064518,0.563022,0.225565,3,18,1,-1,28,18,34,113.000000,77.833300,51.500000,0.353982,0.513919,0.776699,0.011594,0.022274,0.030066,0.022274,4,3,1,fixed,4,1,1,0,3.000000,4.000000
7,centralized_dqn,centralized_dqn,0,4,2,36,0,0,2,3.069943,113.000000,0.383743,28,0.563022,28,0,2,1,0.563022,0.627539,0.064518,0.064518,0.563022,0.225565,3,18,1,0,28,18,34,113.000000,77.833300,51.500000,0.356349,0.312387,0.372779,0.030066,0.035238,0.042740,0.042740,4,3,1,fixed,4,1,1,0,3.000000,4.000000
7,centralized_dqn,centralized_dqn,0,4,2,37,2,2,4,0.000000,51.500000,0.776699,34,0.563022,28,0,2,0,0.563022,0.627539,0.064518,0.064518,0.563022,0.225565,3,18,1,-1,28,18,34,113.000000,77.833300,51.500000,0.353982,0.513919,0.776699,0.011594,0.022274,0.030066,0.022274,4,3,1,fixed,4,1,1,0,3.000000,4.000000
7,centralized_dqn,centralized_dqn,0,4,2,38,2,2,3,0.000000,51.500000,1.941748,34,0.563022,28,0,2,0,0.563022,0.627539,0.064518,0.064518,0.563022,0.225565,3,18,1,1,28,18,34,113.000000,77.833300,51.500000,0.884956,1.284797,1.941748,0.015427,0.023970,0.030066,0.023970,4,3,1,fixed,4,1,1,0,3.000000,4.000000
7,centralized_dqn,centralized_dqn,0,4,2,39,1,1,1,2.015065,77.833300,0.671688,18,0.563022,28,0,1,0,0.563022,0.627539,0.064518,0.064518,0.563022,0.225565,3,18,1,-1,28,18,34,113.000000,77.833300,51.500000,0.920014,0.891525,0.652497,0.022732,0.030066,0.033001,0.033001,4,3,1,fixed,4,1,1,0,3.000000,4.000000
7,centralized_dqn,centralized_dqn,0,4,2,40,0,0,2,1.139785,113.000000,0.142473,28,0.563022,28,0,0,0,0.563022,0.627539,0.064518,0.064518,0.563022,0.225565,3,18,1,0,28,18,34,113.000000,77.833300,51.500000,0.365284,0.312387,0.138402,0.030066,0.034942,0.022312,0.034942,4,3,1,fixed,4,1,1,0,3.000000,4.000000
7,centralized_dqn,centralized_dqn,0,4,2,41,2,2,4,0.000000,51.500000,0.776699,34,0.563022,28,0,2,0,0.563022,0.627539,0.064518,0.064518,0.563022,0.225565,3,18,1,-1,28,18,34,113.000000,77.833300,51.500000,0.353982,0.513919,0.776699,0.011594,0.022274,0.030066,0.022274,4,3,1,fixed,4,1,1,0,3.000000,4.000000
7,centralized_dqn,centralized_dqn,0,4,2,42,0,0,2,3.069844,113.000000,0.383731,28,0.563022,28,0,0,0,0.563022,0.627539,0.064518,0.064518,0.563022,0.225565,3,18,1,0,28,18,34,113.000000,77.833300,51.500000,0.356349,0.312387,0.372767,0.030066,0.035238,0.042740,0.042740,4,3,1,fixed,4,1,1,0,3.000000,4.000000
7,centralized_dqn,centralized_dqn,0,4,2,43,2,2,4,0.000000,51.500000,0.776699,34,0.563022,28,0,2,0,0.563022,0.627539,0.064518,0.064518,0.563022,0.225565,3,18,1,-1,28,18,34,113.000000,77.833300,51.500000,0.353982,0.513919,0.776699,0.011594,0.022274,0.030066,0.022274,4,3,1,fixed,4,1,1,0,3.000000,4.000000
7,centralized_dqn,centralized_dqn,0,4,2,44,2,2,3,0.000000,51.500000,1.941748,34,0.563022,28,0,2,0,0.563022,0.627539,0.064518,0.064518,0.563022,0.225565,3,18,1,1,28,18,34,113.000000,77.833300,51.500000,0.884956,1.284797,1.941748,0.015427,0.023970,0.030066,0.023970,4,3,1,fixed,4,1,1,0,3.000000,4.000000
7,centralized_dqn,centralized_dqn,0,4,2,45,1,1,1,2.196463,77.833300,0.732154,18,0.563022,28,0,1,0,0.563022,0.627539,0.064518,0.064518,0.563022,0.225565,3,18,1,-1,28,18,34,113.000000,77.833300,51.500000,0.920014,0.887969,0.711236,0.022750,0.030066,0.033582,0.033582,4,3,1,fixed,4,1,1,0,3.000000,4.000000
7,centralized_dqn,centralized_dqn,0,4,2,46,2,2,4,0.000000,51.500000,0.776699,34,0.563022,28,0,2,0,0.563022,0.627539,0.064518,0.064518,0.563022,0.225565,3,18,1,-1,28,18,34,113.000000,77.833300,51.500000,0.353982,0.513919,0.776699,0.011594,0.022274,0.030066,0.022274,4,3,1,fixed,4,1,1,0,3.000000,4.000000
7,centralized_dqn,centralized_dqn,0,4,2,47,0,0,2,3.069967,113.000000,0.383746,28,0.563022,28,0,0,0,0.563022,0.627539,0.064518,0.064518,0.563022,0.225565,3,18,1,0,28,18,34,113.000000,77.833300,51.500000,0.356348,0.312387,0.372782,0.030066,0.035238,0.042740,0.042740,4,3,1,fixed,4,1,1,0,3.000000,4.000000
7,centralized_dqn,centralized_dqn,0,4,2,48,2,2,4,0.000000,51.500000,0.776699,34,0.563022,28,0,2,0,0.563022,0.627539,0.064518,0.064518,0.563022,0.225565,3,18,1,-1,28,18,34,113.000000,77.833300,51.500000,0.353982,0.513919,0.776699,0.011594,0.022274,0.030066,0.022274,4,3,1,fixed,4,1,1,0,3.000000,4.000000
7,centralized_dqn,centralized_dqn,0,4,2,49,1,1,1,2.226169,77.833300,0.742056,18,0.563022,28,0,1,0,0.563022,0.627539,0.064518,0.064518,0.563022,0.225565,3,18,1,-1,28,18,34,113.000000,77.833300,51.500000,0.920014,0.887386,0.720855,0.022753,0.030066,0.033669,0.033669,4,3,1,fixed,4,1,1,0,3.000000,4.000000
7,centralized_dqn,centralized_dqn,0,4,2,50,2,2,4,0.000000,51.500000,0.776699,34,0.563022,28,0,2,0,0.563022,0.627539,0.064518,0.064518,0.563022,0.225565,3,18,1,-1,28,18,34,113.000000,77.833300,51.500000,0.353982,0.513919,0.776699,0.011594,0.022274,0.030066,0.022274,4,3,1,fixed,4,1,1,0,3.000000,4.000000
7,centralized_dqn,centralized_dqn,0,4,2,51,1,1,1,3.466373,77.833300,1.155458,18,0.563022,28,0,1,0,0.563022,0.627539,0.064518,0.064518,0.563022,0.225565,3,18,1,-1,28,18,34,113.000000,77.833300,51.500000,0.920014,0.863068,1.122445,0.022882,0.030066,0.036021,0.036021,4,3,1,fixed,4,1,1,0,3.000000,4.000000
7,centralized_dqn,centralized_dqn,0,4,2,52,2,2,3,0.000000,51.500000,1.941748,34,0.563022,28,0,2,0,0.563022,0.627539,0.064518,0.064518,0.563022,0.225565,3,18,1,1,28,18,34,113.000000,77.833300,51.500000,0.884956,1.284797,1.941748,0.015427,0.023970,0.030066,0.023970,4,3,1,fixed,4,1,1,0,3.000000,4.000000
7,centralized_dqn,centralized_dqn,0,4,2,53,0,0,2,3.069908,113.000000,0.383738,28,0.563022,28,0,0,0,0.563022,0.627539,0.064518,0.064518,0.563022,0.225565,3,18,1,0,28,18,34,113.000000,77.833300,51.500000,0.356349,0.312387,0.372774,0.030066,0.035238,0.042740,0.042740,4,3,1,fixed,4,1,1,0,3.000000,4.000000
7,centralized_dqn,centralized_dqn,0,4,2,54,2,2,4,0.000000,51.500000,0.776699,34,0.563022,28,0,2,0,0.563022,0.627539,0.064518,0.064518,0.563022,0.225565,3,18,1,-1,28,18,34,113.000000,77.833300,51.500000,0.353982,0.513919,0.776699,0.011594,0.022274,0.030066,0.022274,4,3,1,fixed,4,1,1,0,3.000000,4.000000
7,centralized_dqn,centralized_dqn,0,4,2,55,0,0,2,3.069931,113.000000,0.383741,28,0.563022,28,0,0,0,0.563022,0.627539,0.064518,0.064518,0.563022,0.225565,3,18,1,0,28,18,34,113.000000,77.833300,51.500000,0.356349,0.312387,0.372777,0.030066,0.035238,0.042740,0.042740,4,3,1,fixed,4,1,1,0,3.000000,4.000000
7,centralized_dqn,centralized_dqn,0,4,2,56,2,2,4,0.000000,51.500000,0.776699,34,0.563022,28,0,2,0,0.563022,0.627539,0.064518,0.064518,0.563022,0.225565,3,18,1,-1,28,18,34,113.000000,77.833300,51.500000,0.353982,0.513919,0.776699,0.011594,0.022274,0.030066,0.022274,4,3,1,fixed,4,1,1,0,3.000000,4.000000
7,centralized_dqn,centralized_dqn,0,4,2,57,0,0,2,3.096029,113.000000,0.387004,28,0.563022,28,0,0,0,0.563022,0.627539,0.064518,0.064518,0.563022,0.225565,3,18,1,0,28,18,34,113.000000,77.833300,51.500000,0.356228,0.312387,0.375946,0.030066,0.035242,0.042848,0.042848,4,3,1,fixed,4,1,1,0,3.000000,4.000000
7,centralized_dqn,centralized_dqn,0,4,2,58,1,1,1,2.237876,77.833300,0.745959,18,0.563022,28,0,1,0,0.563022,0.627539,0.064518,0.064518,0.563022,0.225565,3,18,1,-1,28,18,34,113.000000,77.833300,51.500000,0.920014,0.887157,0.724646,0.022755,0.030066,0.033703,0.033703,4,3,1,fixed,4,1,1,0,3.000000,4.000000
7,centralized_dqn,centralized_dqn,0,4,2,59,0,0,2,1.956258,113.000000,0.244532,28,0.563022,28,0,0,0,0.563022,0.627539,0.064518,0.064518,0.563022,0.225565,3,18,1,0,28,18,34,113.000000,77.833300,51.500000,0.361504,0.312387,0.237546,0.030066,0.035066,0.035642,0.035642,4,3,1,fixed,4,1,1,0,3.000000,4.000000
7,centralized_dqn,centralized_dqn,0,4,2,60,2,2,4,0.000000,51.500000,0.776699,34,0.563022,28,0,2,0,0.563022,0.627539,0.064518,0.064518,0.563022,0.225565,3,18,1,-1,28,18,34,113.000000,77.833300,51.500000,0.353982,0.513919,0.776699,0.011594,0.022274,0.030066,0.022274,4,3,1,fixed,4,1,1,0,3.000000,4.000000
7,centralized_dqn,centralized_dqn,0,4,2,61,2,2,3,0.000000,51.500000,1.941748,34,0.563022,28,0,2,0,0.563022,0.627539,0.064518,0.064518,0.563022,0.225565,3,18,1,1,28,18,34,113.000000,77.833300,51.500000,0.884956,1.284797,1.941748,0.015427,0.023970,0.030066,0.023970,4,3,1,fixed,4,1,1,0,3.000000,4.000000
7,centralized_dqn,centralized_dqn,0,4,2,62,0,0,2,3.069900,113.000000,0.383738,28,0.563022,28,0,0,0,0.563022,0.627539,0.064518,0.064518,0.563022,0.225565,3,18,1,0,28,18,34,113.000000,77.833300,51.500000,0.356349,0.312387,0.372774,0.030066,0.035238,0.042740,0.042740,4,3,1,fixed,4,1,1,0,3.000000,4.000000
7,centralized_dqn,centralized_dqn,0,4,2,63,0,0,2,3.069877,113.000000,0.383735,28,0.563022,28,0,0,0,0.563022,0.627539,0.064518,0.064518,0.563022,0.225565,3,18,1,0,28,18,34,113.000000,77.833300,51.500000,0.356349,0.312387,0.372771,0.030066,0.035238,0.042740,0.042740,4,3,1,fixed,4,1,1,0,3.000000,4.000000
7,centralized_dqn,centralized_dqn,0,4,2,64,2,2,4,0.000000,51.500000,0.776699,34,0.563022,28,0,2,0,0.563022,0.627539,0.064518,0.064518,0.563022,0.225565,3,18,1,-1,28,18,34,113.000000,77.833300,51.500000,0.353982,0.513919,0.776699,0.011594,0.022274,0.030066,0.022274,4,3,1,fixed,4,1,1,0,3.000000,4.000000
7,centralized_dqn,centralized_dqn,0,4,2,65,1,1,1,3.311418,77.833300,1.103806,18,0.563022,28,0,1,0,0.563022,0.627539,0.064518,0.064518,0.563022,0.225565,3,18,1,-1,28,18,34,113.000000,77.833300,51.500000,0.920014,0.866107,1.072269,0.022866,0.030066,0.035816,0.035816,4,3,1,fixed,4,1,1,0,3.000000,4.000000
7,centralized_dqn,centralized_dqn,0,4,2,66,0,0,2,3.090644,113.000000,0.386331,28,0.563022,28,0,0,0,0.563022,0.627539,0.064518,0.064518,0.563022,0.225565,3,18,1,0,28,18,34,113.000000,77.833300,51.500000,0.356253,0.312387,0.375293,0.030066,0.035241,0.042826,0.042826,4,3,1,fixed,4,1,1,0,3.000000,4.000000
7,centralized_dqn,centralized_dqn,0,4,2,67,2,2,3,0.000000,51.500000,1.941748,34,0.563022,28,0,2,0,0.563022,0.627539,0.064518,0.064518,0.563022,0.225565,3,18,1,1,28,18,34,113.000000,77.833300,51.500000,0.884956,1.284797,1.941748,0.015427,0.023970,0.030066,0.023970,4,3,1,fixed,4,1,1,0,3.000000,4.000000
7,centralized_dqn,centralized_dqn,0,4,2,68,1,1,1,3.364393,77.833300,1.121464,18,0.563022,28,0,1,0,0.563022,0.627539,0.064518,0.064518,0.563022,0.225565,3,18,1,-1,28,18,34,113.000000,77.833300,51.500000,0.920014,0.865068,1.089422,0.022871,0.030066,0.035888,0.035888,4,3,1,fixed,4,1,1,0,3.000000,4.000000
7,centralized_dqn,centralized_dqn,0,4,2,69,2,2,4,0.000000,51.500000,0.776699,34,0.563022,28,0,2,0,0.563022,0.627539,0.064518,0.064518,0.563022,0.225565,3,18,1,-1,28,18,34,113.000000,77.833300,51.500000,0.353982,0.513919,0.776699,0.011594,0.022274,0.030066,0.022274,4,3,1,fixed,4,1,1,0,3.000000,4.000000
7,centralized_dqn,centralized_dqn,0,4,2,70,2,2,4,0.000000,51.500000,0.776699,34,0.563022,28,0,2,0,0.563022,0.627539,0.064518,0.064518,0.563022,0.225565,3,18,1,-1,28,18,34,113.000000,77.833300,51.500000,0.353982,0.513919,0.776699,0.011594,0.022274,0.030066,0.022274,4,3,1,fixed,4,1,1,0,3.000000,4.000000
7,centralized_dqn,centralized_dqn,0,4,2,71,2,2,4,0.000000,51.500000,0.776699,34,0.563022,28,0,2,0,0.563022,0.627539,0.064518,0.064518,0.563022,0.225565,3,18,1,-1,28,18,34,113.000000,77.833300,51.500000,0.353982,0.513919,0.776699,0.011594,0.022274,0.030066,0.022274,4,3,1,fixed,4,1,1,0,3.000000,4.000000
7,centralized_dqn,centralized_dqn,0,4,2,72,1,1,1,2.242261,77.833300,0.747420,18,0.563022,28,0,1,0,0.563022,0.627539,0.064518,0.064518,0.563022,0.225565,3,18,1,-1,28,18,34,113.000000,77.833300,51.500000,0.920014,0.887071,0.726065,0.022755,0.030066,0.033715,0.033715,4,3,1,fixed,4,1,1,0,3.000000,4.000000
7,centralized_dqn,centralized_dqn,0,4,2,73,0,0,2,3.072165,113.000000,0.384021,28,0.563022,28,0,0,0,0.563022,0.627539,0.064518,0.064518,0.563022,0.225565,3,18,1,0,28,18,34,113.000000,77.833300,51.500000,0.356338,0.312387,0.373049,0.030066,0.035239,0.042749,0.042749,4,3,1,fixed,4,1,1,0,3.000000,4.000000
7,centralized_dqn,centralized_dqn,0,4,2,74,0,0,2,1.966106,113.000000,0.245763,28,0.563022,28,0,0,0,0.563022,0.627539,0.064518,0.064518,0.563022,0.225565,3,18,1,0,28,18,34,113.000000,77.833300,51.500000,0.361459,0.312387,0.238741,0.030066,0.035067,0.035738,0.035738,4,3,1,fixed,4,1,1,0,3.000000,4.000000
7,centralized_dqn,centralized_dqn,0,4,2,75,0,0,2,3.104882,113.000000,0.388110,28,0.563022,28,0,0,0,0.563022,0.627539,0.064518,0.064518,0.563022,0.225565,3,18,1,0,28,18,34,113.000000,77.833300,51.500000,0.356187,0.312387,0.377021,0.030066,0.035244,0.042884,0.042884,4,3,1,fixed,4,1,1,0,3.000000,4.000000
7,centralized_dqn,centralized_dqn,0,4,2,76,1,1,1,2.226830,77.833300,0.742277,18,0.563022,28,0,1,0,0.563022,0.627539,0.064518,0.064518,0.563022,0.225565,3,18,1,-1,28,18,34,113.000000,77.833300,51.500000,0.920014,0.887373,0.721069,0.022753,0.030066,0.033671,0.033671,4,3,1,fixed,4,1,1,0,3.000000,4.000000
7,centralized_dqn,centralized_dqn,0,4,2,77,1,1,1,2.110579,77.833300,0.703526,18,0.563022,28,0,1,0,0.563022,0.627539,0.064518,0.064518,0.563022,0.225565,3,18,1,-1,28,18,34,113.000000,77.833300,51.500000,0.920014,0.889653,0.683425,0.022742,0.030066,0.033319,0.033319,4,3,1,fixed,4,1,1,0,3.000000,4.000000
7,centralized_dqn,centralized_dqn,0,4,2,78,0,0,2,3.071017,113.000000,0.383877,28,0.563022,28,0,0,0,0.563022,0.627539,0.064518,0.064518,0.563022,0.225565,3,18,1,0,28,18,34,113.000000,77.833300,51.500000,0.356344,0.312387,0.372909,0.030066,0.035238,0.042745,0.042745,4,3,1,fixed,4,1,1,0,3.000000,4.000000
7,centralized_dqn,centralized_dqn,0,4,2,79,2,2,4,0.000000,51.500000,0.776699,34,0.563022,28,0,2,0,0.563022,0.627539,0.064518,0.064518,0.563022,0.225565,3,18,1,-1,28,18,34,113.000000,77.833300,51.500000,0.353982,0.513919,0.776699,0.011594,0.022274,0.030066,0.022274,4,3,1,fixed,4,1,1,0,3.000000,4.000000
7,centralized_dqn,centralized_dqn,0,4,2,80,0,0,2,3.103784,113.000000,0.387973,28,0.563022,28,0,0,0,0.563022,0.627539,0.064518,0.064518,0.563022,0.225565,3,18,1,0,28,18,34,113.000000,77.833300,51.500000,0.356192,0.312387,0.376888,0.030066,0.035244,0.042880,0.042880,4,3,1,fixed,4,1,1,0,3.000000,4.000000
7,centralized_dqn,centralized_dqn,0,4,3,1,2,2,4,0.000000,70.500000,0.567376,37,0.554499,25,0,2,0,0.554499,0.624110,0.069611,0.069611,0.554499,-0.008523,4,47,1,-1,25,18,37,113.000000,72.000000,70.500000,0.353982,0.555556,0.567376,0.001763,0.010305,0.015477,0.010305,4,4,0,fixed,4,1,1,0,3.000000,4.000000
7,centralized_dqn,centralized_dqn,0,4,3,2,2,2,3,0.000000,70.500000,1.418440,37,0.554499,25,0,2,0,0.554499,0.624110,0.069611,0.069611,0.554499,-0.008523,4,47,1,1,25,18,37,113.000000,72.000000,70.500000,0.884956,1.388889,1.418440,0.004240,0.010395,0.015477,0.010395,4,4,0,fixed,4,1,1,0,3.000000,4.000000
7,centralized_dqn,centralized_dqn,0,4,3,3,2,2,4,0.000000,70.500000,0.567376,37,0.554499,25,0,2,0,0.554499,0.624110,0.069611,0.069611,0.554499,-0.008523,4,47,1,-1,25,18,37,113.000000,72.000000,70.500000,0.353982,0.555556,0.567376,0.001763,0.010305,0.015477,0.010305,4,4,0,fixed,4,1,1,0,3.000000,4.000000
7,centralized_dqn,centralized_dqn,0,4,3,4,1,1,1,2.268031,72.000000,0.756010,18,0.554499,25,0,1,0,0.554499,0.624110,0.069611,0.069611,0.554499,-0.008523,4,47,1,-1,25,18,37,113.000000,72.000000,70.500000,1.023533,0.736812,1.957275,0.012065,0.015477,0.023793,0.023793,4,4,0,fixed,4,1,1,0,3.000000,4.000000
7,centralized_dqn,centralized_dqn,0,4,3,5,1,1,1,2.009671,72.000000,0.669890,18,0.554499,25,0,1,0,0.554499,0.624110,0.069611,0.069611,0.554499,-0.008523,4,47,1,-1,25,18,37,113.000000,72.000000,70.500000,1.023533,0.741877,1.957275,0.012029,0.015477,0.023757,0.023757,4,4,0,fixed,4,1,1,0,3.000000,4.000000
7,centralized_dqn,centralized_dqn,0,4,3,6,0,0,2,3.432734,113.000000,0.429092,25,0.554499,25,0,0,0,0.554499,0.624110,0.069611,0.069611,0.554499,-0.008523,4,47,1,0,25,18,37,113.000000,72.000000,70.500000,0.397931,0.262141,0.733978,0.015477,0.014454,0.029830,0.029830,4,4,0,fixed,4,1,1,0,3.000000,4.000000
7,centralized_dqn,centralized_dqn,0,4,3,7,0,0,2,3.401049,113.000000,0.425131,25,0.554499,25,0,0,0,0.554499,0.624110,0.069611,0.069611,0.554499,-0.008523,4,47,1,0,25,18,37,113.000000,72.000000,70.500000,0.398096,0.262141,0.733978,0.015477,0.014450,0.029826,0.029826,4,4,0,fixed,4,1,1,0,3.000000,4.000000
7,centralized_dqn,centralized_dqn,0,4,3,8,2,2,2,6.000989,70.500000,0.750124,37,0.554499,25,0,2,0,0.554499,0.624110,0.069611,0.069611,0.554499,-0.008523,4,47,1,-1,25,18,37,113.000000,72.000000,70.500000,0.383825,0.262141,0.755661,0.000777,0.000549,0.015477,0.000777,4,4,0,fixed,4,1,1,0,3.000000,4.000000
7,centralized_dqn,centralized_dqn,0,4,3,9,2,2,4,0.000000,70.500000,0.567376,37,0.554499,25,0,2,0,0.554499,0.624110,0.069611,0.069611,0.554499,-0.008523,4,47,1,-1,25,18,37,113.000000,72.000000,70.500000,0.353982,0.555556,0.567376,0.001763,0.010305,0.015477,0.010305,4,4,0,fixed,4,1,1,0,3.000000,4.000000
7,centralized_dqn,centralized_dqn,0,4,3,10,2,2,4,0.000000,70.500000,0.567376,37,0.554499,25,0,2,0,0.554499,0.624110,0.069611,0.069611,0.554499,-0.008523,4,47,1,-1,25,18,37,113.000000,72.000000,70.500000,0.353982,0.555556,0.567376,0.001763,0.010305,0.015477,0.010305,4,4,0,fixed,4,1,1,0,3.000000,4.000000
7,centralized_dqn,centralized_dqn,0,4,3,11,2,2,3,0.000000,70.500000,1.418440,37,0.554499,25,0,2,0,0.554499,0.624110,0.069611,0.069611,0.554499,-0.008523,4,47,1,1,25,18,37,113.000000,72.000000,70.500000,0.884956,1.388889,1.418440,0.004240,0.010395,0.015477,0.010395,4,4,0,fixed,4,1,1,0,3.000000,4.000000
7,centralized_dqn,centralized_dqn,0,4,3,12,0,0,2,3.401061,113.000000,0.425133,25,0.554499,25,0,0,0,0.554499,0.624110,0.069611,0.069611,0.554499,-0.008523,4,47,1,0,25,18,37,113.000000,72.000000,70.500000,0.398096,0.262141,0.733978,0.015477,0.014450,0.029826,0.029826,4,4,0,fixed,4,1,1,0,3.000000,4.000000
7,centralized_dqn,centralized_dqn,0,4,3,13,2,2,4,0.000000,70.500000,0.567376,37,0.554499,25,0,2,0,0.554499,0.624110,0.069611,0.069611,0.554499,-0.008523,4,47,1,-1,25,18,37,113.000000,72.000000,70.500000,0.353982,0.555556,0.567376,0.001763,0.010305,0.015477,0.010305,4,4,0,fixed,4,1,1,0,3.000000,4.000000
7,centralized_dqn,centralized_dqn,0,4,3,14,1,1,1,2.225874,72.000000,0.741958,18,0.554499,25,0,1,0,0.554499,0.624110,0.069611,0.069611,0.554499,-0.008523,4,47,1,-1,25,18,37,113.000000,72.000000,70.500000,1.023533,0.737638,1.957275,0.012059,0.015477,0.023787,0.023787,4,4,0,fixed,4,1,1,0,3.000000,4.000000
7,centralized_dqn,centralized_dqn,0,4,3,15,2,2,4,0.000000,70.500000,0.567376,37,0.554499,25,0,2,0,0.554499,0.624110,0.069611,0.069611,0.554499,-0.008523,4,47,1,-1,25,18,37,113.000000,72.000000,70.500000,0.353982,0.555556,0.567376,0.001763,0.010305,0.015477,0.010305,4,4,0,fixed,4,1,1,0,3.000000,4.000000
7,centralized_dqn,centralized_dqn,0,4,3,16,0,0,2,1.671095,113.000000,0.208887,25,0.554499,25,0,0,0,0.554499,0.624110,0.069611,0.069611,0.554499,-0.008523,4,47,1,0,25,18,37,113.000000,72.000000,70.500000,0.407107,0.262141,0.733978,0.015477,0.014234,0.029598,0.029598,4,4,0,fixed,4,1,1,0,3.000000,4.000000
7,centralized_dqn,centralized_dqn,0,4,3,17,0,0,2,3.401025,113.000000,0.425128,25,0.554499,25,0,0,0,0.554499,0.624110,0.069611,0.069611,0.554499,-0.008523,4,47,1,0,25,18,37,113.000000,72.000000,70.500000,0.398097,0.262141,0.733978,0.015477,0.014450,0.029826,0.029826,4,4,0,fixed,4,1,1,0,3.000000,4.000000
7,centralized_dqn,centralized_dqn,0,4,3,18,2,2,4,0.000000,70.500000,0.567376,37,0.554499,25,0,2,0,0.554499,0.624110,0.069611,0.069611,0.554499,-0.008523,4,47,1,-1,25,18,37,113.000000,72.000000,70.500000,0.353982,0.555556,0.567376,0.001763,0.010305,0.015477,0.010305,4,4,0,fixed,4,1,1,0,3.000000,4.000000
7,centralized_dqn,centralized_dqn,0,4,3,19,2,2,3,0.000000,70.500000,1.418440,37,0.554499,25,0,2,0,0.554499,0.624110,0.069611,0.069611,0.554499,-0.008523,4,47,1,1,25,18,37,113.000000,72.000000,70.500000,0.884956,1.388889,1.418440,0.004240,0.010395,0.015477,0.010395,4,4,0,fixed,4,1,1,0,3.000000,4.000000
7,centralized_dqn,centralized_dqn,0,4,3,20,1,1,1,2.538701,72.000000,0.846234,18,0.554499,25,0,1,0,0.554499,0.624110,0.069611,0.069611,0.554499,-0.008523,4,47,1,-1,25,18,37,113.000000,72.000000,70.500000,1.023533,0.731504,1.957275,0.012102,0.015477,0.023832,0.023832,4,4,0,fixed,4,1,1,0,3.000000,4.000000
7,centralized_dqn,centralized_dqn,0,4,3,21,2,2,3,0.000000,70.500000,1.418440,37,0.554499,25,0,2,0,0.554499,0.624110,0.069611,0.069611,0.554499,-0.008523,4,47,1,1,25,18,37,113.000000,72.000000,70.500000,0.884956,1.388889,1.418440,0.004240,0.010395,0.015477,0.010395,4,4,0,fixed,4,1,1,0,3.000000,4.000000
7,centralized_dqn,centralized_dqn,0,4,3,22,0,0,2,3.402095,113.000000,0.425262,25,0.554499,25,0,0,0,0.554499,0.624110,0.069611,0.069611,0.554499,-0.008523,4,47,1,0,25,18,37,113.000000,72.000000,70.500000,0.398091,0.262141,0.733978,0.015477,0.014450,0.029826,0.029826,4,4,0,fixed,4,1,1,0,3.000000,4.000000
7,centralized_dqn,centralized_dqn,0,4,3,23,0,0,2,3.401037,113.000000,0.425130,25,0.554499,25,0,0,0,0.554499,0.624110,0.069611,0.069611,0.554499,-0.008523,4,47,1,0,25,18,37,113.000000,72.000000,70.500000,0.398096,0.262141,0.733978,0.015477,0.014450,0.029826,0.029826,4,4,0,fixed,4,1,1,0,3.000000,4.000000
7,centralized_dqn,centralized_dqn,0,4,3,24,0,0,2,3.401042,113.000000,0.425130,25,0.554499,25,0,0,0,0.554499,0.624110,0.069611,0.069611,0.554499,-0.008523,4,47,1,0,25,18,37,113.000000,72.000000,70.500000,0.398096,0.262141,0.733978,0.015477,0.014450,0.029826,0.029826,4,4,0,fixed,4,1,1,0,3.000000,4.000000
7,centralized_dqn,centralized_dqn,0,4,3,25,1,1,1,2.150201,72.000000,0.716734,18,0.554499,25,0,1,0,0.554499,0.624110,0.069611,0.069611,0.554499,-0.008523,4,47,1,-1,25,18,37,113.000000,72.000000,70.500000,1.023533,0.739122,1.957275,0.012049,0.015477,0.023777,0.023777,4,4,0,fixed,4,1,1,0,3.000000,4.000000
7,centralized_dqn,centralized_dqn,0,4,3,26,0,0,2,3.403291,113.000000,0.425411,25,0.554499,25,0,0,0,0.554499,0.624110,0.069611,0.069611,0.554499,-0.008523,4,47,1,0,25,18,37,113.000000,72.000000,70.500000,0.398085,0.262141,0.733978,0.015477,0.014450,0.029826,0.029826,4,4,0,fixed,4,1,1,0,3.000000,4.000000
7,centralized_dqn,centralized_dqn,0,4,3,27,0,0,2,3.441475,113.000000,0.430184,25,0.554499,25,0,0,0,0.554499,0.624110,0.069611,0.069611,0.554499,-0.008523,4,47,1,0,25,18,37,113.000000,72.000000,70.500000,0.397886,0.262141,0.733978,0.015477,0.014455,0.029831,0.029831,4,4,0,fixed,4,1,1,0,3.000000,4.000000
7,centralized_dqn,centralized_dqn,0,4,3,28,1,1,1,2.243595,72.000000,0.747865,18,0.554499,25,0,1,0,0.554499,0.624110,0.069611,0.069611,0.554499,-0.008523,4,47,1,-1,25,18,37,113.000000,72.000000,70.500000,1.023533,0.737291,1.957275,0.012061,0.015477,0.023790,0.023790,4,4,0,fixed,4,1,1,0,3.000000,4.000000
7,centralized_dqn,centralized_dqn,0,4,3,29,2,2,3,0.000000,70.500000,1.418440,37,0.554499,25,0,2,0,0.554499,0.624110,0.069611,0.069611,0.554499,-0.008523,4,47,1,1,25,18,37,113.000000,72.000000,70.500000,0.884956,1.388889,1.418440,0.004240,0.010395,0.015477,0.010395,4,4,0,fixed,4,1,1,0,3.000000,4.000000
7,centralized_dqn,centralized_dqn,0,4,3,30,1,1,1,2.163001,72.000000,0.721000,18,0.554499,25,0,1,0,0.554499,0.624110,0.069611,0.069611,0.554499,-0.008523,4,47,1,-1,25,18,37,113.000000,72.000000,70.500000,1.023533,0.738871,1.957275,0.012050,0.015477,0.023778,0.023778,4,4,0,fixed,4,1,1,0,3.000000,4.000000
7,centralized_dqn,centralized_dqn,0,4,3,31,2,2,2,6.045811,70.500000,0.755726,37,0.554499,25,0,2,0,0.554499,0.624110,0.069611,0.069611,0.554499,-0.008523,4,47,1,-1,25,18,37,113.000000,72.000000,70.500000,0.383825,0.262141,0.752860,0.000796,0.000567,0.015477,0.000796,4,4,0,fixed,4,1,1,0,3.000000,4.000000
7,centralized_dqn,centralized_dqn,0,4,3,32,2,2,4,0.000000,70.500000,0.567376,37,0.554499,25,0,2,0,0.554499,0.624110,0.069611,0.069611,0.554499,-0.008523,4,47,1,-1,25,18,37,113.000000,72.000000,70.500000,0.353982,0.555556,0.567376,0.001763,0.010305,0.015477,0.010305,4,4,0,fixed,4,1,1,0,3.000000,4.000000
7,centralized_dqn,centralized_dqn,0,4,3,33,1,1,1,2.148904,72.000000,0.716301,18,0.554499,25,0,1,0,0.554499,0.624110,0.069611,0.069611,0.554499,-0.008523,4,47,1,-1,25,18,37,113.000000,72.000000,70.500000,1.023533,0.739147,1.957275,0.012048,0.015477,0.023776,0.023776,4,4,0,fixed,4,1,1,0,3.000000,4.000000
7,centralized_dqn,centralized_dqn,0,4,3,34,2,2,4,0.000000,70.500000,0.567376,37,0.554499,25,0,2,0,0.554499,0.624110,0.069611,0.069611,0.554499,-0.008523,4,47,1,-1,25,18,37,113.000000,72.000000,70.500000,0.353982,0.555556,0.567376,0.001763,0.010305,0.015477,0.010305,4,4,0,fixed,4,1,1,0,3.000000,4.000000
7,centralized_dqn,centralized_dqn,0,4,3,35,2,2,4,0.000000,70.500000,0.567376,37,0.554499,25,0,2,0,0.554499,0.624110,0.069611,0.069611,0.554499,-0.008523,4,47,1,-1,25,18,37,113.000000,72.000000,70.500000,0.353982,0.555556,0.567376,0.001763,0.010305,0.015477,0.010305,4,4,0,fixed,4,1,1,0,3.000000,4.000000
7,centralized_dqn,centralized_dqn,0,4,3,36,2,2,2,6.044771,70.500000,0.755596,37,0.554499,25,0,2,0,0.554499,0.624110,0.069611,0.069611,0.554499,-0.008523,4,47,1,-1,25,18,37,113.000000,72.000000,70.500000,0.383825,0.262141,0.752925,0.000795,0.000567,0.015477,0.000795,4,4,0,fixed,4,1,1,0,3.000000,4.000000
7,centralized_dqn,centralized_dqn,0,4,3,37,2,2,4,0.000000,70.500000,0.567376,37,0.554499,25,0,2,0,0.554499,0.624110,0.069611,0.069611,0.554499,-0.008523,4,47,1,-1,25,18,37,113.000000,72.000000,70.500000,0.353982,0.555556,0.567376,0.001763,0.010305,0.015477,0.010305,4,4,0,fixed,4,1,1,0,3.000000,4.000000
7,centralized_dqn,centralized_dqn,0,4,3,38,2,2,3,0.000000,70.500000,1.418440,37,0.554499,25,0,2,0,0.554499,0.624110,0.069611,0.069611,0.554499,-0.008523,4,47,1,1,25,18,37,113.000000,72.000000,70.500000,0.884956,1.388889,1.418440,0.004240,0.010395,0.015477,0.010395,4,4,0,fixed,4,1,1,0,3.000000,4.000000
7,centralized_dqn,centralized_dqn,0,4,3,39,1,1,1,2.389029,72.000000,0.796343,18,0.554499,25,0,1,0,0.554499,0.624110,0.069611,0.069611,0.554499,-0.008523,4,47,1,-1,25,18,37,113.000000,72.000000,70.500000,1.023533,0.734439,1.957275,0.012081,0.015477,0.023811,0.023811,4,4,0,fixed,4,1,1,0,3.000000,4.000000
7,centralized_dqn,centralized_dqn,0,4,3,40,0,0,2,1.568285,113.000000,0.196036,25,0.554499,25,1,0,0,0.554499,0.624110,0.069611,0.069611,0.554499,-0.008523,4,47,1,0,25,18,37,113.000000,72.000000,70.500000,0.407642,0.262141,0.733978,0.015477,0.014222,0.029585,0.029585,4,4,0,fixed,4,1,1,0,3.000000,4.000000
7,centralized_dqn,centralized_dqn,0,4,3,41,2,2,4,0.000000,70.500000,0.567376,37,0.554499,25,0,2,0,0.554499,0.624110,0.069611,0.069611,0.554499,-0.008523,4,47,1,-1,25,18,37,113.000000,72.000000,70.500000,0.353982,0.555556,0.567376,0.001763,0.010305,0.015477,0.010305,4,4,0,fixed,4,1,1,0,3.000000,4.000000
7,centralized_dqn,centralized_dqn,0,4,3,42,0,0,2,3.441464,113.000000,0.430183,25,0.554499,25,0,0,0,0.554499,0.624110,0.069611,0.069611,0.554499,-0.008523,4,47,1,0,25,18,37,113.000000,72.000000,70.500000,0.397886,0.262141,0.733978,0.015477,0.014455,0.029831,0.029831,4,4,0,fixed,4,1,1,0,3.000000,4.000000
7,centralized_dqn,centralized_dqn,0,4,3,43,2,2,4,0.000000,70.500000,0.567376,37,0.554499,25,0,2,0,0.554499,0.624110,0.069611,0.069611,0.554499,-0.008523,4,47,1,-1,25,18,37,113.000000,72.000000,70.500000,0.353982,0.555556,0.567376,0.001763,0.010305,0.015477,0.010305,4,4,0,fixed,4,1,1,0,3.000000,4.000000
7,centralized_dqn,centralized_dqn,0,4,3,44,2,2,3,0.000000,70.500000,1.418440,37,0.554499,25,0,2,0,0.554499,0.624110,0.069611,0.069611,0.554499,-0.008523,4,47,1,1,25,18,37,113.000000,72.000000,70.500000,0.884956,1.388889,1.418440,0.004240,0.010395,0.015477,0.010395,4,4,0,fixed,4,1,1,0,3.000000,4.000000
7,centralized_dqn,centralized_dqn,0,4,3,45,1,1,1,2.285137,72.000000,0.761712,18,0.554499,25,0,1,0,0.554499,0.624110,0.069611,0.069611,0.554499,-0.008523,4,47,1,-1,25,18,37,113.000000,72.000000,70.500000,1.023533,0.736476,1.957275,0.012067,0.015477,0.023796,0.023796,4,4,0,fixed,4,1,1,0,3.000000,4.000000
7,centralized_dqn,centralized_dqn,0,4,3,46,2,2,4,0.000000,70.500000,0.567376,37,0.554499,25,0,2,0,0.554499,0.624110,0.069611,0.069611,0.554499,-0.008523,4,47,1,-1,25,18,37,113.000000,72.000000,70.500000,0.353982,0.555556,0.567376,0.001763,0.010305,0.015477,0.010305,4,4,0,fixed,4,1,1,0,3.000000,4.000000
7,centralized_dqn,centralized_dqn,0,4,3,47,0,0,2,3.640378,113.000000,0.455047,25,0.554499,25,0,2,1,0.554499,0.624110,0.069611,0.069611,0.554499,-0.008523,4,47,1,0,25,18,37,113.000000,72.000000,70.500000,0.396850,0.262141,0.733978,0.015477,0.014481,0.029858,0.029858,4,4,0,fixed,4,1,1,0,3.000000,4.000000
7,centralized_dqn,centralized_dqn,0,4,3,48,2,2,4,0.000000,70.500000,0.567376,37,0.554499,25,0,2,0,0.554499,0.624110,0.069611,0.069611,0.554499,-0.008523,4,47,1,-1,25,18,37,113.000000,72.000000,70.500000,0.353982,0.555556,0.567376,0.001763,0.010305,0.015477,0.010305,4,4,0,fixed,4,1,1,0,3.000000,4.000000
7,centralized_dqn,centralized_dqn,0,4,3,49,1,1,1,2.330344,72.000000,0.776781,18,0.554499,25,0,1,0,0.554499,0.624110,0.069611,0.069611,0.554499,-0.008523,4,47,1,-1,25,18,37,113.000000,72.000000,70.500000,1.023533,0.735590,1.957275,0.012073,0.015477,0.023802,0.023802,4,4,0,fixed,4,1,1,0,3.000000,4.000000
7,centralized_dqn,centralized_dqn,0,4,3,50,2,2,4,0.000000,70.500000,0.567376,37,0.554499,25,0,2,0,0.554499,0.624110,0.069611,0.069611,0.554499,-0.008523,4,47,1,-1,25,18,37,113.000000,72.000000,70.500000,0.353982,0.555556,0.567376,0.001763,0.010305,0.015477,0.010305,4,4,0,fixed,4,1,1,0,3.000000,4.000000
7,centralized_dqn,centralized_dqn,0,4,3,51,1,1,1,2.219212,72.000000,0.739737,18,0.554499,25,0,1,0,0.554499,0.624110,0.069611,0.069611,0.554499,-0.008523,4,47,1,-1,25,18,37,113.000000,72.000000,70.500000,1.023533,0.737769,1.957275,0.012058,0.015477,0.023786,0.023786,4,4,0,fixed,4,1,1,0,3.000000,4.000000
7,centralized_dqn,centralized_dqn,0,4,3,52,2,2,3,0.000000,70.500000,1.418440,37,0.554499,25,0,2,0,0.554499,0.624110,0.069611,0.069611,0.554499,-0.008523,4,47,1,1,25,18,37,113.000000,72.000000,70.500000,0.884956,1.388889,1.418440,0.004240,0.010395,0.015477,0.010395,4,4,0,fixed,4,1,1,0,3.000000,4.000000
7,centralized_dqn,centralized_dqn,0,4,3,53,0,0,2,3.640471,113.000000,0.455059,25,0.554499,25,0,2,1,0.554499,0.624110,0.069611,0.069611,0.554499,-0.008523,4,47,1,0,25,18,37,113.000000,72.000000,70.500000,0.396849,0.262141,0.733978,0.015477,0.014481,0.029858,0.029858,4,4,0,fixed,4,1,1,0,3.000000,4.000000
7,centralized_dqn,centralized_dqn,0,4,3,54,2,2,4,0.000000,70.500000,0.567376,37,0.554499,25,0,2,0,0.554499,0.624110,0.069611,0.069611,0.554499,-0.008523,4,47,1,-1,25,18,37,113.000000,72.000000,70.500000,0.353982,0.555556,0.567376,0.001763,0.010305,0.015477,0.010305,4,4,0,fixed,4,1,1,0,3.000000,4.000000
7,centralized_dqn,centralized_dqn,0,4,3,55,0,0,2,3.523550,113.000000,0.440444,25,0.554499,25,0,2,1,0.554499,0.624110,0.069611,0.069611,0.554499,-0.008523,4,47,1,0,25,18,37,113.000000,72.000000,70.500000,0.397458,0.262141,0.733978,0.015477,0.014466,0.029842,0.029842,4,4,0,fixed,4,1,1,0,3.000000,4.000000
7,centralized_dqn,centralized_dqn,0,4,3,56,2,2,4,0.000000,70.500000,0.567376,37,0.554499,25,0,2,0,0.554499,0.624110,0.069611,0.069611,0.554499,-0.008523,4,47,1,-1,25,18,37,113.000000,72.000000,70.500000,0.353982,0.555556,0.567376,0.001763,0.010305,0.015477,0.010305,4,4,0,fixed,4,1,1,0,3.000000,4.000000
7,centralized_dqn,centralized_dqn,0,4,3,57,0,0,2,3.441464,113.000000,0.430183,25,0.554499,25,0,0,0,0.554499,0.624110,0.069611,0.069611,0.554499,-0.008523,4,47,1,0,25,18,37,113.000000,72.000000,70.500000,0.397886,0.262141,0.733978,0.015477,0.014455,0.029831,0.029831,4,4,0,fixed,4,1,1,0,3.000000,4.000000
7,centralized_dqn,centralized_dqn,0,4,3,58,1,1,1,2.148293,72.000000,0.716098,18,0.554499,25,0,1,0,0.554499,0.624110,0.069611,0.069611,0.554499,-0.008523,4,47,1,-1,25,18,37,113.000000,72.000000,70.500000,1.023533,0.739159,1.957275,0.012048,0.015477,0.023776,0.023776,4,4,0,fixed,4,1,1,0,3.000000,4.000000
7,centralized_dqn,centralized_dqn,0,4,3,59,0,0,2,2.079831,113.000000,0.259979,25,0.554499,25,0,0,0,0.554499,0.624110,0.069611,0.069611,0.554499,-0.008523,4,47,1,0,25,18,37,113.000000,72.000000,70.500000,0.404978,0.262141,0.733978,0.015477,0.014284,0.029651,0.029651,4,4,0,fixed,4,1,1,0,3.000000,4.000000
7,centralized_dqn,centralized_dqn,0,4,3,60,2,2,4,0.000000,70.500000,0.567376,37,0.554499,25,0,2,0,0.554499,0.624110,0.069611,0.069611,0.554499,-0.008523,4,47,1,-1,25,18,37,113.000000,72.000000,70.500000,0.353982,0.555556,0.567376,0.001763,0.010305,0.015477,0.010305,4,4,0,fixed,4,1,1,0,3.000000,4.000000
7,centralized_dqn,centralized_dqn,0,4,3,61,2,2,3,0.000000,70.500000,1.418440,37,0.554499,25,0,2,0,0.554499,0.624110,0.069611,0.069611,0.554499,-0.008523,4,47,1,1,25,18,37,113.000000,72.000000,70.500000,0.884956,1.388889,1.418440,0.004240,0.010395,0.015477,0.010395,4,4,0,fixed,4,1,1,0,3.000000,4.000000
7,centralized_dqn,centralized_dqn,0,4,3,62,0,0,2,3.403291,113.000000,0.425411,25,0.554499,25,0,0,0,0.554499,0.624110,0.069611,0.069611,0.554499,-0.008523,4,47,1,0,25,18,37,113.000000,72.000000,70.500000,0.398085,0.262141,0.733978,0.015477,0.014450,0.029826,0.029826,4,4,0,fixed,4,1,1,0,3.000000,4.000000
7,centralized_dqn,centralized_dqn,0,4,3,63,0,0,2,3.440412,113.000000,0.430052,25,0.554499,25,0,0,0,0.554499,0.624110,0.069611,0.069611,0.554499,-0.008523,4,47,1,0,25,18,37,113.000000,72.000000,70.500000,0.397891,0.262141,0.733978,0.015477,0.014455,0.029831,0.029831,4,4,0,fixed,4,1,1,0,3.000000,4.000000
7,centralized_dqn,centralized_dqn,0,4,3,64,2,2,4,0.000000,70.500000,0.567376,37,0.554499,25,0,2,0,0.554499,0.624110,0.069611,0.069611,0.554499,-0.008523,4,47,1,-1,25,18,37,113.000000,72.000000,70.500000,0.353982,0.555556,0.567376,0.001763,0.010305,0.015477,0.010305,4,4,0,fixed,4,1,1,0,3.000000,4.000000
7,centralized_dqn,centralized_dqn,0,4,3,65,1,1,1,2.252148,72.000000,0.750716,18,0.554499,25,0,1,0,0.554499,0.624110,0.069611,0.069611,0.554499,-0.008523,4,47,1,-1,25,18,37,113.000000,72.000000,70.500000,1.023533,0.737123,1.957275,0.012062,0.015477,0.023791,0.023791,4,4,0,fixed,4,1,1,0,3.000000,4.000000
7,centralized_dqn,centralized_dqn,0,4,3,66,0,0,2,3.439356,113.000000,0.429919,25,0.554499,25,0,0,0,0.554499,0.624110,0.069611,0.069611,0.554499,-0.008523,4,47,1,0,25,18,37,113.000000,72.000000,70.500000,0.397897,0.262141,0.733978,0.015477,0.014455,0.029831,0.029831,4,4,0,fixed,4,1,1,0,3.000000,4.000000
7,centralized_dqn,centralized_dqn,0,4,3,67,2,2,3,0.000000,70.500000,1.418440,37,0.554499,25,0,2,0,0.554499,0.624110,0.069611,0.069611,0.554499,-0.008523,4,47,1,1,25,18,37,113.000000,72.000000,70.500000,0.884956,1.388889,1.418440,0.004240,0.010395,0.015477,0.010395,4,4,0,fixed,4,1,1,0,3.000000,4.000000
7,centralized_dqn,centralized_dqn,0,4,3,68,1,1,1,1.869145,72.000000,0.623048,18,0.554499,25,0,1,0,0.554499,0.624110,0.069611,0.069611,0.554499,-0.008523,4,47,1,-1,25,18,37,113.000000,72.000000,70.500000,1.023533,0.744633,1.957275,0.012011,0.015477,0.023737,0.023737,4,4,0,fixed,4,1,1,0,3.000000,4.000000
7,centralized_dqn,centralized_dqn,0,4,3,69,2,2,4,0.000000,70.500000,0.567376,37,0.554499,25,0,2,0,0.554499,0.624110,0.069611,0.069611,0.554499,-0.008523,4,47,1,-1,25,18,37,113.000000,72.000000,70.500000,0.353982,0.555556,0.567376,0.001763,0.010305,0.015477,0.010305,4,4,0,fixed,4,1,1,0,3.000000,4.000000
7,centralized_dqn,centralized_dqn,0,4,3,70,2,2,4,0.000000,70.500000,0.567376,37,0.554499,25,0,2,0,0.554499,0.624110,0.069611,0.069611,0.554499,-0.008523,4,47,1,-1,25,18,37,113.000000,72.000000,70.500000,0.353982,0.555556,0.567376,0.001763,0.010305,0.015477,0.010305,4,4,0,fixed,4,1,1,0,3.000000,4.000000
7,centralized_dqn,centralized_dqn,0,4,3,71,2,2,4,0.000000,70.500000,0.567376,37,0.554499,25,0,2,0,0.554499,0.624110,0.069611,0.069611,0.554499,-0.008523,4,47,1,-1,25,18,37,113.000000,72.000000,70.500000,0.353982,0.555556,0.567376,0.001763,0.010305,0.015477,0.010305,4,4,0,fixed,4,1,1,0,3.000000,4.000000
7,centralized_dqn,centralized_dqn,0,4,3,72,1,1,1,2.059046,72.000000,0.686349,18,0.554499,25,0,1,0,0.554499,0.624110,0.069611,0.069611,0.554499,-0.008523,4,47,1,-1,25,18,37,113.000000,72.000000,70.500000,1.023533,0.740909,1.957275,0.012036,0.015477,0.023764,0.023764,4,4,0,fixed,4,1,1,0,3.000000,4.000000
7,centralized_dqn,centralized_dqn,0,4,3,73,0,0,2,3.639354,113.000000,0.454919,25,0.554499,25,0,2,1,0.554499,0.624110,0.069611,0.069611,0.554499,-0.008523,4,47,1,0,25,18,37,113.000000,72.000000,70.500000,0.396855,0.262141,0.733978,0.015477,0.014481,0.029858,0.029858,4,4,0,fixed,4,1,1,0,3.000000,4.000000
7,centralized_dqn,centralized_dqn,0,4,3,74,0,0,2,1.978164,113.000000,0.247271,25,0.554499,25,0,0,0,0.554499,0.624110,0.069611,0.069611,0.554499,-0.008523,4,47,1,0,25,18,37,113.000000,72.000000,70.500000,0.405507,0.262141,0.733978,0.015477,0.014272,0.029638,0.029638,4,4,0,fixed,4,1,1,0,3.000000,4.000000
7,centralized_dqn,centralized_dqn,0,4,3,75,0,0,2,3.402145,113.000000,0.425268,25,0.554499,25,0,0,0,0.554499,0.624110,0.069611,0.069611,0.554499,-0.008523,4,47,1,0,25,18,37,113.000000,72.000000,70.500000,0.398091,0.262141,0.733978,0.015477,0.014450,0.029826,0.029826,4,4,0,fixed,4,1,1,0,3.000000,4.000000
7,centralized_dqn,centralized_dqn,0,4,3,76,1,1,1,2.177405,72.000000,0.725802,18,0.554499,25,0,1,0,0.554499,0.624110,0.069611,0.069611,0.554499,-0.008523,4,47,1,-1,25,18,37,113.000000,72.000000,70.500000,1.023533,0.738589,1.957275,0.012052,0.015477,0.023781,0.023781,4,4,0,fixed,4,1,1,0,3.000000,4.000000
7,centralized_dqn,centralized_dqn,0,4,3,77,1,1,1,2.367684,72.000000,0.789228,18,0.554499,25,0,1,0,0.554499,0.624110,0.069611,0.069611,0.554499,-0.008523,4,47,1,-1,25,18,37,113.000000,72.000000,70.500000,1.023533,0.734858,1.957275,0.012078,0.015477,0.023808,0.023808,4,4,0,fixed,4,1,1,0,3.000000,4.000000
7,centralized_dqn,centralized_dqn,0,4,3,78,0,0,2,3.402157,113.000000,0.425270,25,0.554499,25,0,0,0,0.554499,0.624110,0.069611,0.069611,0.554499,-0.008523,4,47,1,0,25,18,37,113.000000,72.000000,70.500000,0.398091,0.262141,0.733978,0.015477,0.014450,0.029826,0.029826,4,4,0,fixed,4,1,1,0,3.000000,4.000000
7,centralized_dqn,centralized_dqn,0,4,3,79,2,2,4,0.000000,70.500000,0.567376,37,0.554499,25,0,2,0,0.554499,0.624110,0.069611,0.069611,0.554499,-0.008523,4,47,1,-1,25,18,37,113.000000,72.000000,70.500000,0.353982,0.555556,0.567376,0.001763,0.010305,0.015477,0.010305,4,4,0,fixed,4,1,1,0,3.000000,4.000000
7,centralized_dqn,centralized_dqn,0,4,3,80,0,0,2,3.439337,113.000000,0.429917,25,0.554499,25,0,0,0,0.554499,0.624110,0.069611,0.069611,0.554499,-0.008523,4,47,1,0,25,18,37,113.000000,72.000000,70.500000,0.397897,0.262141,0.733978,0.015477,0.014455,0.029831,0.029831,4,4,0,fixed,4,1,1,0,3.000000,4.000000
7,centralized_dqn,centralized_dqn,0,4,4,1,2,2,4,0.000000,68.833300,0.581114,41,0.563406,11,0,2,0,0.563406,0.577660,0.014253,0.014253,0.563406,0.008908,0,16,1,-1,21,18,41,113.000000,71.833300,68.833300,0.353982,0.556845,0.581114,0.003222,0.010498,0.014253,0.010498,4,0,4,fixed,4,1,1,0,3.000000,4.000000
7,centralized_dqn,centralized_dqn,0,4,4,2,2,2,3,0.000000,68.833300,1.452785,41,0.563406,11,0,2,0,0.563406,0.577660,0.014253,0.014253,0.563406,0.008908,0,16,1,1,21,18,41,113.000000,71.833300,68.833300,0.884956,1.392112,1.452785,0.005893,0.010683,0.014253,0.010683,4,0,4,fixed,4,1,1,0,3.000000,4.000000
7,centralized_dqn,centralized_dqn,0,4,4,3,2,2,4,0.000000,68.833300,0.581114,41,0.563406,11,0,2,0,0.563406,0.577660,0.014253,0.014253,0.563406,0.008908,0,16,1,-1,21,18,41,113.000000,71.833300,68.833300,0.353982,0.556845,0.581114,0.003222,0.010498,0.014253,0.010498,4,0,4,fixed,4,1,1,0,3.000000,4.000000
7,centralized_dqn,centralized_dqn,0,4,4,4,1,1,1,2.223472,71.833300,0.741157,18,0.563406,11,0,1,0,0.563406,0.577660,0.014253,0.014253,0.563406,0.008908,0,16,1,-1,21,18,41,113.000000,71.833300,68.833300,1.203161,0.737743,0.848314,0.012956,0.014253,0.018170,0.018170,4,0,4,fixed,4,1,1,0,3.000000,4.000000
7,centralized_dqn,centralized_dqn,0,4,4,5,1,1,1,2.105567,71.833300,0.701856,18,0.563406,11,0,1,0,0.563406,0.577660,0.014253,0.014253,0.563406,0.008908,0,16,1,-1,21,18,41,113.000000,71.833300,68.833300,1.203161,0.740055,0.848314,0.012940,0.014253,0.018153,0.018153,4,0,4,fixed,4,1,1,0,3.000000,4.000000
7,centralized_dqn,centralized_dqn,0,4,4,6,0,0,2,4.278629,113.000000,0.534829,21,0.563406,11,0,0,0,0.563406,0.577660,0.014253,0.014253,0.563406,0.008908,0,16,1,-1,21,18,41,113.000000,71.833300,68.833300,0.469562,0.262160,0.318118,0.014253,0.010007,0.016248,0.016248,4,0,4,fixed,4,1,1,0,3.000000,4.000000
7,centralized_dqn,centralized_dqn,0,4,4,7,0,0,2,4.076466,113.000000,0.509558,21,0.563406,11,0,0,0,0.563406,0.577660,0.014253,0.014253,0.563406,0.008908,0,16,1,-1,21,18,41,113.000000,71.833300,68.833300,0.470826,0.262160,0.318118,0.014253,0.009985,0.016226,0.016226,4,0,4,fixed,4,1,1,0,3.000000,4.000000
7,centralized_dqn,centralized_dqn,0,4,4,8,2,2,2,2.607679,68.833300,0.325960,41,0.563406,11,0,2,0,0.563406,0.577660,0.014253,0.014253,0.563406,0.008908,0,16,1,0,21,18,41,113.000000,71.833300,68.833300,0.451185,0.262160,0.325863,0.010876,0.007445,0.014253,0.010876,4,0,4,fixed,4,1,1,0,3.000000,4.000000
7,centralized_dqn,centralized_dqn,0,4,4,9,2,2,4,0.000000,68.833300,0.581114,41,0.563406,11,0,2,0,0.563406,0.577660,0.014253,0.014253,0.563406,0.008908,0,16,1,-1,21,18,41,113.000000,71.833300,68.833300,0.353982,0.556845,0.581114,0.003222,0.010498,0.014253,0.010498,4,0,4,fixed,4,1,1,0,3.000000,4.000000
7,centralized_dqn,centralized_dqn,0,4,4,10,2,2,4,0.000000,68.833300,0.581114,41,0.563406,11,0,2,0,0.563406,0.577660,0.014253,0.014253,0.563406,0.008908,0,16,1,-1,21,18,41,113.000000,71.833300,68.833300,0.353982,0.556845,0.581114,0.003222,0.010498,0.014253,0.010498,4,0,4,fixed,4,1,1,0,3.000000,4.000000
7,centralized_dqn,centralized_dqn,0,4,4,11,2,2,3,0.000000,68.833300,1.452785,41,0.563406,11,0,2,0,0.563406,0.577660,0.014253,0.014253,0.563406,0.008908,0,16,1,1,21,18,41,113.000000,71.833300,68.833300,0.884956,1.392112,1.452785,0.005893,0.010683,0.014253,0.010683,4,0,4,fixed,4,1,1,0,3.000000,4.000000
7,centralized_dqn,centralized_dqn,0,4,4,12,0,0,2,4.076466,113.000000,0.509558,21,0.563406,11,0,0,0,0.563406,0.577660,0.014253,0.014253,0.563406,0.008908,0,16,1,-1,21,18,41,113.000000,71.833300,68.833300,0.470826,0.262160,0.318118,0.014253,0.009985,0.016226,0.016226,4,0,4,fixed,4,1,1,0,3.000000,4.000000
7,centralized_dqn,centralized_dqn,0,4,4,13,2,2,4,0.000000,68.833300,0.581114,41,0.563406,11,0,2,0,0.563406,0.577660,0.014253,0.014253,0.563406,0.008908,0,16,1,-1,21,18,41,113.000000,71.833300,68.833300,0.353982,0.556845,0.581114,0.003222,0.010498,0.014253,0.010498,4,0,4,fixed,4,1,1,0,3.000000,4.000000
7,centralized_dqn,centralized_dqn,0,4,4,14,1,1,1,1.908817,71.833300,0.636272,18,0.563406,11,0,1,0,0.563406,0.577660,0.014253,0.014253,0.563406,0.008908,0,16,1,-1,21,18,41,113.000000,71.833300,68.833300,1.203161,0.743913,0.848314,0.012912,0.014253,0.018125,0.018125,4,0,4,fixed,4,1,1,0,3.000000,4.000000
7,centralized_dqn,centralized_dqn,0,4,4,15,2,2,4,0.000000,68.833300,0.581114,41,0.563406,11,0,2,0,0.563406,0.577660,0.014253,0.014253,0.563406,0.008908,0,16,1,-1,21,18,41,113.000000,71.833300,68.833300,0.353982,0.556845,0.581114,0.003222,0.010498,0.014253,0.010498,4,0,4,fixed,4,1,1,0,3.000000,4.000000
7,centralized_dqn,centralized_dqn,0,4,4,16,0,0,2,1.793450,113.000000,0.224181,21,0.563406,11,0,0,0,0.563406,0.577660,0.014253,0.014253,0.563406,0.008908,0,16,1,0,21,18,41,113.000000,71.833300,68.833300,0.485095,0.262160,0.318118,0.014253,0.009740,0.015976,0.015976,4,0,4,fixed,4,1,1,0,3.000000,4.000000
7,centralized_dqn,centralized_dqn,0,4,4,17,0,0,2,4.110373,113.000000,0.513797,21,0.563406,11,0,0,0,0.563406,0.577660,0.014253,0.014253,0.563406,0.008908,0,16,1,-1,21,18,41,113.000000,71.833300,68.833300,0.470614,0.262160,0.318118,0.014253,0.009988,0.016229,0.016229,4,0,4,fixed,4,1,1,0,3.000000,4.000000
7,centralized_dqn,centralized_dqn,0,4,4,18,2,2,4,0.000000,68.833300,0.581114,41,0.563406,11,0,2,0,0.563406,0.577660,0.014253,0.014253,0.563406,0.008908,0,16,1,-1,21,18,41,113.000000,71.833300,68.833300,0.353982,0.556845,0.581114,0.003222,0.010498,0.014253,0.010498,4,0,4,fixed,4,1,1,0,3.000000,4.000000
7,centralized_dqn,centralized_dqn,0,4,4,19,2,2,3,0.000000,68.833300,1.452785,41,0.563406,11,0,2,0,0.563406,0.577660,0.014253,0.014253,0.563406,0.008908,0,16,1,1,21,18,41,113.000000,71.833300,68.833300,0.884956,1.392112,1.452785,0.005893,0.010683,0.014253,0.010683,4,0,4,fixed,4,1,1,0,3.000000,4.000000
7,centralized_dqn,centralized_dqn,0,4,4,20,1,1,1,2.409151,71.833300,0.803050,18,0.563406,11,0,1,0,0.563406,0.577660,0.014253,0.014253,0.563406,0.008908,0,16,1,-1,21,18,41,113.000000,71.833300,68.833300,1.203161,0.734102,0.848314,0.012982,0.014253,0.018197,0.018197,4,0,4,fixed,4,1,1,0,3.000000,4.000000
7,centralized_dqn,centralized_dqn,0,4,4,21,2,2,3,0.000000,68.833300,1.452785,41,0.563406,11,0,2,0,0.563406,0.577660,0.014253,0.014253,0.563406,0.008908,0,16,1,1,21,18,41,113.000000,71.833300,68.833300,0.884956,1.392112,1.452785,0.005893,0.010683,0.014253,0.010683,4,0,4,fixed,4,1,1,0,3.000000,4.000000
7,centralized_dqn,centralized_dqn,0,4,4,22,0,0,2,4.197771,113.000000,0.524721,21,0.563406,11,0,0,0,0.563406,0.577660,0.014253,0.014253,0.563406,0.008908,0,16,1,-1,21,18,41,113.000000,71.833300,68.833300,0.470068,0.262160,0.318118,0.014253,0.009998,0.016239,0.016239,4,0,4,fixed,4,1,1,0,3.000000,4.000000
7,centralized_dqn,centralized_dqn,0,4,4,23,0,0,2,4.197771,113.000000,0.524721,21,0.563406,11,0,0,0,0.563406,0.577660,0.014253,0.014253,0.563406,0.008908,0,16,1,-1,21,18,41,113.000000,71.833300,68.833300,0.470068,0.262160,0.318118,0.014253,0.009998,0.016239,0.016239,4,0,4,fixed,4,1,1,0,3.000000,4.000000
7,centralized_dqn,centralized_dqn,0,4,4,24,0,0,2,4.145366,113.000000,0.518171,21,0.563406,11,0,0,0,0.563406,0.577660,0.014253,0.014253,0.563406,0.008908,0,16,1,-1,21,18,41,113.000000,71.833300,68.833300,0.470395,0.262160,0.318118,0.014253,0.009992,0.016233,0.016233,4,0,4,fixed,4,1,1,0,3.000000,4.000000
7,centralized_dqn,centralized_dqn,0,4,4,25,1,1,1,2.092089,71.833300,0.697363,18,0.563406,11,0,1,0,0.563406,0.577660,0.014253,0.014253,0.563406,0.008908,0,16,1,-1,21,18,41,113.000000,71.833300,68.833300,1.203161,0.740319,0.848314,0.012938,0.014253,0.018151,0.018151,4,0,4,fixed,4,1,1,0,3.000000,4.000000
7,centralized_dqn,centralized_dqn,0,4,4,26,0,0,2,4.147517,113.000000,0.518440,21,0.563406,11,0,0,0,0.563406,0.577660,0.014253,0.014253,0.563406,0.008908,0,16,1,-1,21,18,41,113.000000,71.833300,68.833300,0.470382,0.262160,0.318118,0.014253,0.009993,0.016234,0.016234,4,0,4,fixed,4,1,1,0,3.000000,4.000000
7,centralized_dqn,centralized_dqn,0,4,4,27,0,0,2,4.146435,113.000000,0.518304,21,0.563406,11,0,0,0,0.563406,0.577660,0.014253,0.014253,0.563406,0.008908,0,16,1,-1,21,18,41,113.000000,71.833300,68.833300,0.470389,0.262160,0.318118,0.014253,0.009992,0.016233,0.016233,4,0,4,fixed,4,1,1,0,3.000000,4.000000
7,centralized_dqn,centralized_dqn,0,4,4,28,1,1,1,2.310832,71.833300,0.770277,18,0.563406,11,0,1,0,0.563406,0.577660,0.014253,0.014253,0.563406,0.008908,0,16,1,-1,21,18,41,113.000000,71.833300,68.833300,1.203161,0.736030,0.848314,0.012969,0.014253,0.018182,0.018182,4,0,4,fixed,4,1,1,0,3.000000,4.000000
7,centralized_dqn,centralized_dqn,0,4,4,29,2,2,3,0.000000,68.833300,1.452785,41,0.563406,11,0,2,0,0.563406,0.577660,0.014253,0.014253,0.563406,0.008908,0,16,1,1,21,18,41,113.000000,71.833300,68.833300,0.884956,1.392112,1.452785,0.005893,0.010683,0.014253,0.010683,4,0,4,fixed,4,1,1,0,3.000000,4.000000
7,centralized_dqn,centralized_dqn,0,4,4,30,1,1,1,2.484941,71.833300,0.828314,18,0.563406,11,0,1,0,0.563406,0.577660,0.014253,0.014253,0.563406,0.008908,0,16,1,-1,21,18,41,113.000000,71.833300,68.833300,1.203161,0.732616,0.848314,0.012993,0.014253,0.018208,0.018208,4,0,4,fixed,4,1,1,0,3.000000,4.000000
7,centralized_dqn,centralized_dqn,0,4,4,31,2,2,2,2.606621,68.833300,0.325828,41,0.563406,11,0,2,0,0.563406,0.577660,0.014253,0.014253,0.563406,0.008908,0,16,1,0,21,18,41,113.000000,71.833300,68.833300,0.451185,0.262160,0.325885,0.010875,0.007444,0.014253,0.010875,4,0,4,fixed,4,1,1,0,3.000000,4.000000
7,centralized_dqn,centralized_dqn,0,4,4,32,2,2,4,0.000000,68.833300,0.581114,41,0.563406,11,0,2,0,0.563406,0.577660,0.014253,0.014253,0.563406,0.008908,0,16,1,-1,21,18,41,113.000000,71.833300,68.833300,0.353982,0.556845,0.581114,0.003222,0.010498,0.014253,0.010498,4,0,4,fixed,4,1,1,0,3.000000,4.000000
7,centralized_dqn,centralized_dqn,0,4,4,33,1,1,1,2.328586,71.833300,0.776195,18,0.563406,11,0,1,0,0.563406,0.577660,0.014253,0.014253,0.563406,0.008908,0,16,1,-1,21,18,41,113.000000,71.833300,68.833300,1.203161,0.735682,0.848314,0.012971,0.014253,0.018185,0.018185,4,0,4,fixed,4,1,1,0,3.000000,4.000000
7,centralized_dqn,centralized_dqn,0,4,4,34,2,2,4,0.000000,68.833300,0.581114,41,0.563406,11,0,2,0,0.563406,0.577660,0.014253,0.014253,0.563406,0.008908,0,16,1,-1,21,18,41,113.000000,71.833300,68.833300,0.353982,0.556845,0.581114,0.003222,0.010498,0.014253,0.010498,4,0,4,fixed,4,1,1,0,3.000000,4.000000
7,centralized_dqn,centralized_dqn,0,4,4,35,2,2,4,0.000000,68.833300,0.581114,41,0.563406,11,0,2,0,0.563406,0.577660,0.014253,0.014253,0.563406,0.008908,0,16,1,-1,21,18,41,113.000000,71.833300,68.833300,0.353982,0.556845,0.581114,0.003222,0.010498,0.014253,0.010498,4,0,4,fixed,4,1,1,0,3.000000,4.000000
7,centralized_dqn,centralized_dqn,0,4,4,36,2,2,2,2.607586,68.833300,0.325948,41,0.563406,11,0,2,0,0.563406,0.577660,0.014253,0.014253,0.563406,0.008908,0,16,1,0,21,18,41,113.000000,71.833300,68.833300,0.451185,0.262160,0.325865,0.010876,0.007445,0.014253,0.010876,4,0,4,fixed,4,1,1,0,3.000000,4.000000
7,centralized_dqn,centralized_dqn,0,4,4,37,2,2,4,0.000000,68.833300,0.581114,41,0.563406,11,0,2,0,0.563406,0.577660,0.014253,0.014253,0.563406,0.008908,0,16,1,-1,21,18,41,113.000000,71.833300,68.833300,0.353982,0.556845,0.581114,0.003222,0.010498,0.014253,0.010498,4,0,4,fixed,4,1,1,0,3.000000,4.000000
7,centralized_dqn,centralized_dqn,0,4,4,38,2,2,3,0.000000,68.833300,1.452785,41,0.563406,11,0,2,0,0.563406,0.577660,0.014253,0.014253,0.563406,0.008908,0,16,1,1,21,18,41,113.000000,71.833300,68.833300,0.884956,1.392112,1.452785,0.005893,0.010683,0.014253,0.010683,4,0,4,fixed,4,1,1,0,3.000000,4.000000
7,centralized_dqn,centralized_dqn,0,4,4,39,1,1,1,2.132376,71.833300,0.710792,18,0.563406,11,0,1,0,0.563406,0.577660,0.014253,0.014253,0.563406,0.008908,0,16,1,-1,21,18,41,113.000000,71.833300,68.833300,1.203161,0.739529,0.848314,0.012943,0.014253,0.018157,0.018157,4,0,4,fixed,4,1,1,0,3.000000,4.000000
7,centralized_dqn,centralized_dqn,0,4,4,40,0,0,2,1.767120,113.000000,0.220890,21,0.563406,11,1,0,0,0.563406,0.577660,0.014253,0.014253,0.563406,0.008908,0,16,1,0,21,18,41,113.000000,71.833300,68.833300,0.485259,0.262160,0.318118,0.014253,0.009737,0.015973,0.015973,4,0,4,fixed,4,1,1,0,3.000000,4.000000
7,centralized_dqn,centralized_dqn,0,4,4,41,2,2,4,0.000000,68.833300,0.581114,41,0.563406,11,0,2,0,0.563406,0.577660,0.014253,0.014253,0.563406,0.008908,0,16,1,-1,21,18,41,113.000000,71.833300,68.833300,0.353982,0.556845,0.581114,0.003222,0.010498,0.014253,0.010498,4,0,4,fixed,4,1,1,0,3.000000,4.000000
7,centralized_dqn,centralized_dqn,0,4,4,42,0,0,2,4.146447,113.000000,0.518306,21,0.563406,11,0,0,0,0.563406,0.577660,0.014253,0.014253,0.563406,0.008908,0,16,1,-1,21,18,41,113.000000,71.833300,68.833300,0.470389,0.262160,0.318118,0.014253,0.009992,0.016233,0.016233,4,0,4,fixed,4,1,1,0,3.000000,4.000000
7,centralized_dqn,centralized_dqn,0,4,4,43,2,2,4,0.000000,68.833300,0.581114,41,0.563406,11,0,2,0,0.563406,0.577660,0.014253,0.014253,0.563406,0.008908,0,16,1,-1,21,18,41,113.000000,71.833300,68.833300,0.353982,0.556845,0.581114,0.003222,0.010498,0.014253,0.010498,4,0,4,fixed,4,1,1,0,3.000000,4.000000
7,centralized_dqn,centralized_dqn,0,4,4,44,2,2,3,0.000000,68.833300,1.452785,41,0.563406,11,0,2,0,0.563406,0.577660,0.014253,0.014253,0.563406,0.008908,0,16,1,1,21,18,41,113.000000,71.833300,68.833300,0.884956,1.392112,1.452785,0.005893,0.010683,0.014253,0.010683,4,0,4,fixed,4,1,1,0,3.000000,4.000000
7,centralized_dqn,centralized_dqn,0,4,4,45,1,1,1,2.198425,71.833300,0.732808,18,0.563406,11,0,1,0,0.563406,0.577660,0.014253,0.014253,0.563406,0.008908,0,16,1,-1,21,18,41,113.000000,71.833300,68.833300,1.203161,0.738234,0.848314,0.012953,0.014253,0.018166,0.018166,4,0,4,fixed,4,1,1,0,3.000000,4.000000
7,centralized_dqn,centralized_dqn,0,4,4,46,2,2,4,0.000000,68.833300,0.581114,41,0.563406,11,0,2,0,0.563406,0.577660,0.014253,0.014253,0.563406,0.008908,0,16,1,-1,21,18,41,113.000000,71.833300,68.833300,0.353982,0.556845,0.581114,0.003222,0.010498,0.014253,0.010498,4,0,4,fixed,4,1,1,0,3.000000,4.000000
7,centralized_dqn,centralized_dqn,0,4,4,47,2,2,2,2.607625,68.833300,0.325953,41,0.563406,11,0,2,0,0.563406,0.577660,0.014253,0.014253,0.563406,0.008908,0,16,1,0,21,18,41,113.000000,71.833300,68.833300,0.451185,0.262160,0.325864,0.010876,0.007445,0.014253,0.010876,4,0,4,fixed,4,1,1,0,3.000000,4.000000
7,centralized_dqn,centralized_dqn,0,4,4,48,2,2,4,0.000000,68.833300,0.581114,41,0.563406,11,0,2,0,0.563406,0.577660,0.014253,0.014253,0.563406,0.008908,0,16,1,-1,21,18,41,113.000000,71.833300,68.833300,0.353982,0.556845,0.581114,0.003222,0.010498,0.014253,0.010498,4,0,4,fixed,4,1,1,0,3.000000,4.000000
7,centralized_dqn,centralized_dqn,0,4,4,49,1,1,1,2.323050,71.833300,0.774350,18,0.563406,11,0,1,0,0.563406,0.577660,0.014253,0.014253,0.563406,0.008908,0,16,1,-1,21,18,41,113.000000,71.833300,68.833300,1.203161,0.735790,0.848314,0.012970,0.014253,0.018184,0.018184,4,0,4,fixed,4,1,1,0,3.000000,4.000000
7,centralized_dqn,centralized_dqn,0,4,4,50,2,2,4,0.000000,68.833300,0.581114,41,0.563406,11,0,2,0,0.563406,0.577660,0.014253,0.014253,0.563406,0.008908,0,16,1,-1,21,18,41,113.000000,71.833300,68.833300,0.353982,0.556845,0.581114,0.003222,0.010498,0.014253,0.010498,4,0,4,fixed,4,1,1,0,3.000000,4.000000
7,centralized_dqn,centralized_dqn,0,4,4,51,1,1,1,2.076281,71.833300,0.692094,18,0.563406,11,0,1,0,0.563406,0.577660,0.014253,0.014253,0.563406,0.008908,0,16,1,-1,21,18,41,113.000000,71.833300,68.833300,1.203161,0.740629,0.848314,0.012935,0.014253,0.018149,0.018149,4,0,4,fixed,4,1,1,0,3.000000,4.000000
7,centralized_dqn,centralized_dqn,0,4,4,52,2,2,3,0.000000,68.833300,1.452785,41,0.563406,11,0,2,0,0.563406,0.577660,0.014253,0.014253,0.563406,0.008908,0,16,1,1,21,18,41,113.000000,71.833300,68.833300,0.884956,1.392112,1.452785,0.005893,0.010683,0.014253,0.010683,4,0,4,fixed,4,1,1,0,3.000000,4.000000
7,centralized_dqn,centralized_dqn,0,4,4,53,2,2,2,2.606534,68.833300,0.325817,41,0.563406,11,0,2,0,0.563406,0.577660,0.014253,0.014253,0.563406,0.008908,0,16,1,0,21,18,41,113.000000,71.833300,68.833300,0.451185,0.262160,0.325887,0.010875,0.007444,0.014253,0.010875,4,0,4,fixed,4,1,1,0,3.000000,4.000000
7,centralized_dqn,centralized_dqn,0,4,4,54,2,2,4,0.000000,68.833300,0.581114,41,0.563406,11,0,2,0,0.563406,0.577660,0.014253,0.014253,0.563406,0.008908,0,16,1,-1,21,18,41,113.000000,71.833300,68.833300,0.353982,0.556845,0.581114,0.003222,0.010498,0.014253,0.010498,4,0,4,fixed,4,1,1,0,3.000000,4.000000
7,centralized_dqn,centralized_dqn,0,4,4,55,2,2,2,2.607569,68.833300,0.325946,41,0.563406,11,0,2,0,0.563406,0.577660,0.014253,0.014253,0.563406,0.008908,0,16,1,0,21,18,41,113.000000,71.833300,68.833300,0.451185,0.262160,0.325865,0.010876,0.007445,0.014253,0.010876,4,0,4,fixed,4,1,1,0,3.000000,4.000000
7,centralized_dqn,centralized_dqn,0,4,4,56,2,2,4,0.000000,68.833300,0.581114,41,0.563406,11,0,2,0,0.563406,0.577660,0.014253,0.014253,0.563406,0.008908,0,16,1,-1,21,18,41,113.000000,71.833300,68.833300,0.353982,0.556845,0.581114,0.003222,0.010498,0.014253,0.010498,4,0,4,fixed,4,1,1,0,3.000000,4.000000
7,centralized_dqn,centralized_dqn,0,4,4,57,0,0,2,4.146435,113.000000,0.518304,21,0.563406,11,0,0,0,0.563406,0.577660,0.014253,0.014253,0.563406,0.008908,0,16,1,-1,21,18,41,113.000000,71.833300,68.833300,0.470389,0.262160,0.318118,0.014253,0.009992,0.016233,0.016233,4,0,4,fixed,4,1,1,0,3.000000,4.000000
7,centralized_dqn,centralized_dqn,0,4,4,58,1,1,1,1.968150,71.833300,0.656050,18,0.563406,11,0,1,0,0.563406,0.577660,0.014253,0.014253,0.563406,0.008908,0,16,1,-1,21,18,41,113.000000,71.833300,68.833300,1.203161,0.742749,0.848314,0.012920,0.014253,0.018133,0.018133,4,0,4,fixed,4,1,1,0,3.000000,4.000000
7,centralized_dqn,centralized_dqn,0,4,4,59,0,0,2,2.651328,113.000000,0.331416,21,0.563406,11,0,0,0,0.563406,0.577660,0.014253,0.014253,0.563406,0.008908,0,16,1,0,21,18,41,113.000000,71.833300,68.833300,0.479733,0.262160,0.318118,0.014253,0.009830,0.016068,0.016068,4,0,4,fixed,4,1,1,0,3.000000,4.000000
7,centralized_dqn,centralized_dqn,0,4,4,60,2,2,4,0.000000,68.833300,0.581114,41,0.563406,11,0,2,0,0.563406,0.577660,0.014253,0.014253,0.563406,0.008908,0,16,1,-1,21,18,41,113.000000,71.833300,68.833300,0.353982,0.556845,0.581114,0.003222,0.010498,0.014253,0.010498,4,0,4,fixed,4,1,1,0,3.000000,4.000000
7,centralized_dqn,centralized_dqn,0,4,4,61,2,2,3,0.000000,68.833300,1.452785,41,0.563406,11,0,2,0,0.563406,0.577660,0.014253,0.014253,0.563406,0.008908,0,16,1,1,21,18,41,113.000000,71.833300,68.833300,0.884956,1.392112,1.452785,0.005893,0.010683,0.014253,0.010683,4,0,4,fixed,4,1,1,0,3.000000,4.000000
7,centralized_dqn,centralized_dqn,0,4,4,62,0,0,2,4.147611,113.000000,0.518451,21,0.563406,11,0,0,0,0.563406,0.577660,0.014253,0.014253,0.563406,0.008908,0,16,1,-1,21,18,41,113.000000,71.833300,68.833300,0.470381,0.262160,0.318118,0.014253,0.009993,0.016234,0.016234,4,0,4,fixed,4,1,1,0,3.000000,4.000000
7,centralized_dqn,centralized_dqn,0,4,4,63,0,0,2,4.146471,113.000000,0.518309,21,0.563406,11,0,0,0,0.563406,0.577660,0.014253,0.014253,0.563406,0.008908,0,16,1,-1,21,18,41,113.000000,71.833300,68.833300,0.470388,0.262160,0.318118,0.014253,0.009992,0.016233,0.016233,4,0,4,fixed,4,1,1,0,3.000000,4.000000
7,centralized_dqn,centralized_dqn,0,4,4,64,2,2,4,0.000000,68.833300,0.581114,41,0.563406,11,0,2,0,0.563406,0.577660,0.014253,0.014253,0.563406,0.008908,0,16,1,-1,21,18,41,113.000000,71.833300,68.833300,0.353982,0.556845,0.581114,0.003222,0.010498,0.014253,0.010498,4,0,4,fixed,4,1,1,0,3.000000,4.000000
7,centralized_dqn,centralized_dqn,0,4,4,65,1,1,1,2.273567,71.833300,0.757856,18,0.563406,11,0,1,0,0.563406,0.577660,0.014253,0.014253,0.563406,0.008908,0,16,1,-1,21,18,41,113.000000,71.833300,68.833300,1.203161,0.736761,0.848314,0.012963,0.014253,0.018177,0.018177,4,0,4,fixed,4,1,1,0,3.000000,4.000000
7,centralized_dqn,centralized_dqn,0,4,4,66,0,0,2,4.146481,113.000000,0.518310,21,0.563406,11,0,0,0,0.563406,0.577660,0.014253,0.014253,0.563406,0.008908,0,16,1,-1,21,18,41,113.000000,71.833300,68.833300,0.470388,0.262160,0.318118,0.014253,0.009992,0.016233,0.016233,4,0,4,fixed,4,1,1,0,3.000000,4.000000
7,centralized_dqn,centralized_dqn,0,4,4,67,2,2,3,0.000000,68.833300,1.452785,41,0.563406,11,0,2,0,0.563406,0.577660,0.014253,0.014253,0.563406,0.008908,0,16,1,1,21,18,41,113.000000,71.833300,68.833300,0.884956,1.392112,1.452785,0.005893,0.010683,0.014253,0.010683,4,0,4,fixed,4,1,1,0,3.000000,4.000000
7,centralized_dqn,centralized_dqn,0,4,4,68,1,1,1,2.059749,71.833300,0.686583,18,0.563406,11,0,1,0,0.563406,0.577660,0.014253,0.014253,0.563406,0.008908,0,16,1,-1,21,18,41,113.000000,71.833300,68.833300,1.203161,0.740953,0.848314,0.012933,0.014253,0.018146,0.018146,4,0,4,fixed,4,1,1,0,3.000000,4.000000
7,centralized_dqn,centralized_dqn,0,4,4,69,2,2,4,0.000000,68.833300,0.581114,41,0.563406,11,0,2,0,0.563406,0.577660,0.014253,0.014253,0.563406,0.008908,0,16,1,-1,21,18,41,113.000000,71.833300,68.833300,0.353982,0.556845,0.581114,0.003222,0.010498,0.014253,0.010498,4,0,4,fixed,4,1,1,0,3.000000,4.000000
7,centralized_dqn,centralized_dqn,0,4,4,70,2,2,4,0.000000,68.833300,0.581114,41,0.563406,11,0,2,0,0.563406,0.577660,0.014253,0.014253,0.563406,0.008908,0,16,1,-1,21,18,41,113.000000,71.833300,68.833300,0.353982,0.556845,0.581114,0.003222,0.010498,0.014253,0.010498,4,0,4,fixed,4,1,1,0,3.000000,4.000000
7,centralized_dqn,centralized_dqn,0,4,4,71,2,2,4,0.000000,68.833300,0.581114,41,0.563406,11,0,2,0,0.563406,0.577660,0.014253,0.014253,0.563406,0.008908,0,16,1,-1,21,18,41,113.000000,71.833300,68.833300,0.353982,0.556845,0.581114,0.003222,0.010498,0.014253,0.010498,4,0,4,fixed,4,1,1,0,3.000000,4.000000
7,centralized_dqn,centralized_dqn,0,4,4,72,1,1,1,2.113546,71.833300,0.704515,18,0.563406,11,0,1,0,0.563406,0.577660,0.014253,0.014253,0.563406,0.008908,0,16,1,-1,21,18,41,113.000000,71.833300,68.833300,1.203161,0.739898,0.848314,0.012941,0.014253,0.018154,0.018154,4,0,4,fixed,4,1,1,0,3.000000,4.000000
7,centralized_dqn,centralized_dqn,0,4,4,73,2,2,2,2.605488,68.833300,0.325686,41,0.563406,11,0,2,0,0.563406,0.577660,0.014253,0.014253,0.563406,0.008908,0,16,1,0,21,18,41,113.000000,71.833300,68.833300,0.451185,0.262160,0.325909,0.010874,0.007443,0.014253,0.010874,4,0,4,fixed,4,1,1,0,3.000000,4.000000
7,centralized_dqn,centralized_dqn,0,4,4,74,0,0,2,2.644794,113.000000,0.330599,21,0.563406,11,0,0,0,0.563406,0.577660,0.014253,0.014253,0.563406,0.008908,0,16,1,0,21,18,41,113.000000,71.833300,68.833300,0.479774,0.262160,0.318118,0.014253,0.009830,0.016067,0.016067,4,0,4,fixed,4,1,1,0,3.000000,4.000000
7,centralized_dqn,centralized_dqn,0,4,4,75,0,0,2,4.147611,113.000000,0.518451,21,0.563406,11,0,0,0,0.563406,0.577660,0.014253,0.014253,0.563406,0.008908,0,16,1,-1,21,18,41,113.000000,71.833300,68.833300,0.470381,0.262160,0.318118,0.014253,0.009993,0.016234,0.016234,4,0,4,fixed,4,1,1,0,3.000000,4.000000
7,centralized_dqn,centralized_dqn,0,4,4,76,1,1,1,2.417741,71.833300,0.805914,18,0.563406,11,0,1,0,0.563406,0.577660,0.014253,0.014253,0.563406,0.008908,0,16,1,-1,21,18,41,113.000000,71.833300,68.833300,1.203161,0.733934,0.848314,0.012984,0.014253,0.018198,0.018198,4,0,4,fixed,4,1,1,0,3.000000,4.000000
7,centralized_dqn,centralized_dqn,0,4,4,77,1,1,1,2.422018,71.833300,0.807339,18,0.563406,11,0,1,0,0.563406,0.577660,0.014253,0.014253,0.563406,0.008908,0,16,1,-1,21,18,41,113.000000,71.833300,68.833300,1.203161,0.733850,0.848314,0.012984,0.014253,0.018198,0.018198,4,0,4,fixed,4,1,1,0,3.000000,4.000000
7,centralized_dqn,centralized_dqn,0,4,4,78,0,0,2,4.147589,113.000000,0.518449,21,0.563406,11,0,0,0,0.563406,0.577660,0.014253,0.014253,0.563406,0.008908,0,16,1,-1,21,18,41,113.000000,71.833300,68.833300,0.470381,0.262160,0.318118,0.014253,0.009993,0.016234,0.016234,4,0,4,fixed,4,1,1,0,3.000000,4.000000
7,centralized_dqn,centralized_dqn,0,4,4,79,2,2,4,0.000000,68.833300,0.581114,41,0.563406,11,0,2,0,0.563406,0.577660,0.014253,0.014253,0.563406,0.008908,0,16,1,-1,21,18,41,113.000000,71.833300,68.833300,0.353982,0.556845,0.581114,0.003222,0.010498,0.014253,0.010498,4,0,4,fixed,4,1,1,0,3.000000,4.000000
7,centralized_dqn,centralized_dqn,0,4,4,80,0,0,2,4.146483,113.000000,0.518310,21,0.563406,11,0,0,0,0.563406,0.577660,0.014253,0.014253,0.563406,0.008908,0,16,1,-1,21,18,41,113.000000,71.833300,68.833300,0.470388,0.262160,0.318118,0.014253,0.009992,0.016233,0.016233,4,0,4,fixed,4,1,1,0,3.000000,4.000000
7,centralized_dqn,centralized_dqn,0,4,5,1,2,2,4,0.000000,67.000000,0.597015,41,0.567800,11,0,2,0,0.567800,0.567800,0.000000,0.000000,0.567800,0.004394,0,27,1,-1,21,18,41,113.000000,72.000000,67.000000,0.353982,0.555556,0.597015,0.004872,0.012240,0.016289,0.012240,4,0,4,fixed,4,1,1,0,3.000000,4.000000
7,centralized_dqn,centralized_dqn,0,4,5,2,2,2,3,0.000000,67.000000,1.492537,41,0.567800,11,0,2,0,0.567800,0.567800,0.000000,0.000000,0.567800,0.004394,0,27,1,1,21,18,41,113.000000,72.000000,67.000000,0.884956,1.388889,1.492537,0.007714,0.012555,0.016289,0.012555,4,0,4,fixed,4,1,1,0,3.000000,4.000000
7,centralized_dqn,centralized_dqn,0,4,5,3,2,2,4,0.000000,67.000000,0.597015,41,0.567800,11,0,2,0,0.567800,0.567800,0.000000,0.000000,0.567800,0.004394,0,27,1,-1,21,18,41,113.000000,72.000000,67.000000,0.353982,0.555556,0.597015,0.004872,0.012240,0.016289,0.012240,4,0,4,fixed,4,1,1,0,3.000000,4.000000
7,centralized_dqn,centralized_dqn,0,4,5,4,1,1,1,2.094645,72.000000,0.698215,18,0.567800,11,0,1,0,0.567800,0.567800,0.000000,0.000000,0.567800,0.004394,0,27,1,-1,21,18,41,113.000000,72.000000,67.000000,1.209638,0.740337,0.848371,0.015010,0.016289,0.020274,0.020274,4,0,4,fixed,4,1,1,0,3.000000,4.000000
7,centralized_dqn,centralized_dqn,0,4,5,5,1,1,1,2.556455,72.000000,0.852152,18,0.567800,11,0,1,0,0.567800,0.567800,0.000000,0.000000,0.567800,0.004394,0,27,1,-1,21,18,41,113.000000,72.000000,67.000000,1.209638,0.731282,0.848371,0.015077,0.016289,0.020342,0.020342,4,0,4,fixed,4,1,1,0,3.000000,4.000000
7,centralized_dqn,centralized_dqn,0,4,5,6,0,0,2,4.329047,113.000000,0.541131,21,0.567800,11,0,0,0,0.567800,0.567800,0.000000,0.000000,0.567800,0.004394,0,27,1,-1,21,18,41,113.000000,72.000000,67.000000,0.471919,0.262183,0.318139,0.016289,0.011860,0.018238,0.018238,4,0,4,fixed,4,1,1,0,3.000000,4.000000
7,centralized_dqn,centralized_dqn,0,4,5,7,0,0,2,4.321291,113.000000,0.540161,21,0.567800,11,0,0,0,0.567800,0.567800,0.000000,0.000000,0.567800,0.004394,0,27,1,-1,21,18,41,113.000000,72.000000,67.000000,0.471968,0.262183,0.318139,0.016289,0.011859,0.018237,0.018237,4,0,4,fixed,4,1,1,0,3.000000,4.000000
7,centralized_dqn,centralized_dqn,0,4,5,8,2,2,2,2.592348,67.000000,0.324044,41,0.567800,11,0,2,0,0.567800,0.567800,0.000000,0.000000,0.567800,0.004394,0,27,1,0,21,18,41,113.000000,72.000000,67.000000,0.453614,0.262183,0.326208,0.012921,0.009317,0.016289,0.012921,4,0,4,fixed,4,1,1,0,3.000000,4.000000
7,centralized_dqn,centralized_dqn,0,4,5,9,2,2,4,0.000000,67.000000,0.597015,41,0.567800,11,0,2,0,0.567800,0.567800,0.000000,0.000000,0.567800,0.004394,0,27,1,-1,21,18,41,113.000000,72.000000,67.000000,0.353982,0.555556,0.597015,0.004872,0.012240,0.016289,0.012240,4,0,4,fixed,4,1,1,0,3.000000,4.000000
7,centralized_dqn,centralized_dqn,0,4,5,10,2,2,4,0.000000,67.000000,0.597015,41,0.567800,11,0,2,0,0.567800,0.567800,0.000000,0.000000,0.567800,0.004394,0,27,1,-1,21,18,41,113.000000,72.000000,67.000000,0.353982,0.555556,0.597015,0.004872,0.012240,0.016289,0.012240,4,0,4,fixed,4,1,1,0,3.000000,4.000000
7,centralized_dqn,centralized_dqn,0,4,5,11,2,2,3,0.000000,67.000000,1.492537,41,0.567800,11,0,2,0,0.567800,0.567800,0.000000,0.000000,0.567800,0.004394,0,27,1,1,21,18,41,113.000000,72.000000,67.000000,0.884956,1.388889,1.492537,0.007714,0.012555,0.016289,0.012555,4,0,4,fixed,4,1,1,0,3.000000,4.000000
7,centralized_dqn,centralized_dqn,0,4,5,12,0,0,2,4.320091,113.000000,0.540011,21,0.567800,11,0,0,0,0.567800,0.567800,0.000000,0.000000,0.567800,0.004394,0,27,1,-1,21,18,41,113.000000,72.000000,67.000000,0.471975,0.262183,0.318139,0.016289,0.011859,0.018237,0.018237,4,0,4,fixed,4,1,1,0,3.000000,4.000000
7,centralized_dqn,centralized_dqn,0,4,5,13,2,2,4,0.000000,67.000000,0.597015,41,0.567800,11,0,2,0,0.567800,0.567800,0.000000,0.000000,0.567800,0.004394,0,27,1,-1,21,18,41,113.000000,72.000000,67.000000,0.353982,0.555556,0.597015,0.004872,0.012240,0.016289,0.012240,4,0,4,fixed,4,1,1,0,3.000000,4.000000
7,centralized_dqn,centralized_dqn,0,4,5,14,1,1,1,2.277307,72.000000,0.759102,18,0.567800,11,0,1,0,0.567800,0.567800,0.000000,0.000000,0.567800,0.004394,0,27,1,-1,21,18,41,113.000000,72.000000,67.000000,1.209638,0.736756,0.848371,0.015037,0.016289,0.020301,0.020301,4,0,4,fixed,4,1,1,0,3.000000,4.000000
7,centralized_dqn,centralized_dqn,0,4,5,15,2,2,4,0.000000,67.000000,0.597015,41,0.567800,11,0,2,0,0.567800,0.567800,0.000000,0.000000,0.567800,0.004394,0,27,1,-1,21,18,41,113.000000,72.000000,67.000000,0.353982,0.555556,0.597015,0.004872,0.012240,0.016289,0.012240,4,0,4,fixed,4,1,1,0,3.000000,4.000000
7,centralized_dqn,centralized_dqn,0,4,5,16,0,0,2,1.668892,113.000000,0.208612,21,0.567800,11,1,0,0,0.567800,0.567800,0.000000,0.000000,0.567800,0.004394,0,27,1,0,21,18,41,113.000000,72.000000,67.000000,0.488545,0.262183,0.318139,0.016289,0.011572,0.017943,0.017943,4,0,4,fixed,4,1,1,0,3.000000,4.000000
7,centralized_dqn,centralized_dqn,0,4,5,17,0,0,2,4.320143,113.000000,0.540018,21,0.567800,11,0,0,0,0.567800,0.567800,0.000000,0.000000,0.567800,0.004394,0,27,1,-1,21,18,41,113.000000,72.000000,67.000000,0.471975,0.262183,0.318139,0.016289,0.011859,0.018237,0.018237,4,0,4,fixed,4,1,1,0,3.000000,4.000000
7,centralized_dqn,centralized_dqn,0,4,5,18,2,2,4,0.000000,67.000000,0.597015,41,0.567800,11,0,2,0,0.567800,0.567800,0.000000,0.000000,0.567800,0.004394,0,27,1,-1,21,18,41,113.000000,72.000000,67.000000,0.353982,0.555556,0.597015,0.004872,0.012240,0.016289,0.012240,4,0,4,fixed,4,1,1,0,3.000000,4.000000
7,centralized_dqn,centralized_dqn,0,4,5,19,2,2,3,0.000000,67.000000,1.492537,41,0.567800,11,0,2,0,0.567800,0.567800,0.000000,0.000000,0.567800,0.004394,0,27,1,1,21,18,41,113.000000,72.000000,67.000000,0.884956,1.388889,1.492537,0.007714,0.012555,0.016289,0.012555,4,0,4,fixed,4,1,1,0,3.000000,4.000000
7,centralized_dqn,centralized_dqn,0,4,5,20,1,1,1,2.151460,72.000000,0.717153,18,0.567800,11,0,1,0,0.567800,0.567800,0.000000,0.000000,0.567800,0.004394,0,27,1,-1,21,18,41,113.000000,72.000000,67.000000,1.209638,0.739223,0.848371,0.015018,0.016289,0.020282,0.020282,4,0,4,fixed,4,1,1,0,3.000000,4.000000
7,centralized_dqn,centralized_dqn,0,4,5,21,2,2,3,0.000000,67.000000,1.492537,41,0.567800,11,0,2,0,0.567800,0.567800,0.000000,0.000000,0.567800,0.004394,0,27,1,1,21,18,41,113.000000,72.000000,67.000000,0.884956,1.388889,1.492537,0.007714,0.012555,0.016289,0.012555,4,0,4,fixed,4,1,1,0,3.000000,4.000000
7,centralized_dqn,centralized_dqn,0,4,5,22,0,0,2,4.126726,113.000000,0.515841,21,0.567800,11,0,0,0,0.567800,0.567800,0.000000,0.000000,0.567800,0.004394,0,27,1,-1,21,18,41,113.000000,72.000000,67.000000,0.473184,0.262183,0.318139,0.016289,0.011837,0.018215,0.018215,4,0,4,fixed,4,1,1,0,3.000000,4.000000
7,centralized_dqn,centralized_dqn,0,4,5,23,0,0,2,4.127819,113.000000,0.515977,21,0.567800,11,0,0,0,0.567800,0.567800,0.000000,0.000000,0.567800,0.004394,0,27,1,-1,21,18,41,113.000000,72.000000,67.000000,0.473177,0.262183,0.318139,0.016289,0.011837,0.018215,0.018215,4,0,4,fixed,4,1,1,0,3.000000,4.000000
7,centralized_dqn,centralized_dqn,0,4,5,24,0,0,2,4.128912,113.000000,0.516114,21,0.567800,11,0,0,0,0.567800,0.567800,0.000000,0.000000,0.567800,0.004394,0,27,1,-1,21,18,41,113.000000,72.000000,67.000000,0.473170,0.262183,0.318139,0.016289,0.011838,0.018215,0.018215,4,0,4,fixed,4,1,1,0,3.000000,4.000000
7,centralized_dqn,centralized_dqn,0,4,5,25,1,1,1,1.869718,72.000000,0.623239,18,0.567800,11,0,1,0,0.567800,0.567800,0.000000,0.000000,0.567800,0.004394,0,27,1,-1,21,18,41,113.000000,72.000000,67.000000,1.209638,0.744747,0.848371,0.014978,0.016289,0.020241,0.020241,4,0,4,fixed,4,1,1,0,3.000000,4.000000
7,centralized_dqn,centralized_dqn,0,4,5,26,0,0,2,4.128924,113.000000,0.516115,21,0.567800,11,0,0,0,0.567800,0.567800,0.000000,0.000000,0.567800,0.004394,0,27,1,-1,21,18,41,113.000000,72.000000,67.000000,0.473170,0.262183,0.318139,0.016289,0.011838,0.018215,0.018215,4,0,4,fixed,4,1,1,0,3.000000,4.000000
7,centralized_dqn,centralized_dqn,0,4,5,27,0,0,2,4.127837,113.000000,0.515980,21,0.567800,11,0,0,0,0.567800,0.567800,0.000000,0.000000,0.567800,0.004394,0,27,1,-1,21,18,41,113.000000,72.000000,67.000000,0.473177,0.262183,0.318139,0.016289,0.011837,0.018215,0.018215,4,0,4,fixed,4,1,1,0,3.000000,4.000000
7,centralized_dqn,centralized_dqn,0,4,5,28,1,1,1,2.075670,72.000000,0.691890,18,0.567800,11,0,1,0,0.567800,0.567800,0.000000,0.000000,0.567800,0.004394,0,27,1,-1,21,18,41,113.000000,72.000000,67.000000,1.209638,0.740709,0.848371,0.015008,0.016289,0.020271,0.020271,4,0,4,fixed,4,1,1,0,3.000000,4.000000
7,centralized_dqn,centralized_dqn,0,4,5,29,2,2,3,0.000000,67.000000,1.492537,41,0.567800,11,0,2,0,0.567800,0.567800,0.000000,0.000000,0.567800,0.004394,0,27,1,1,21,18,41,113.000000,72.000000,67.000000,0.884956,1.388889,1.492537,0.007714,0.012555,0.016289,0.012555,4,0,4,fixed,4,1,1,0,3.000000,4.000000
7,centralized_dqn,centralized_dqn,0,4,5,30,1,1,1,2.206367,72.000000,0.735456,18,0.567800,11,0,1,0,0.567800,0.567800,0.000000,0.000000,0.567800,0.004394,0,27,1,-1,21,18,41,113.000000,72.000000,67.000000,1.209638,0.738147,0.848371,0.015026,0.016289,0.020290,0.020290,4,0,4,fixed,4,1,1,0,3.000000,4.000000
7,centralized_dqn,centralized_dqn,0,4,5,31,2,2,2,2.630651,67.000000,0.328831,41,0.567800,11,0,2,0,0.567800,0.567800,0.000000,0.000000,0.567800,0.004394,0,27,1,0,21,18,41,113.000000,72.000000,67.000000,0.453614,0.262183,0.325410,0.012952,0.009348,0.016289,0.012952,4,0,4,fixed,4,1,1,0,3.000000,4.000000
7,centralized_dqn,centralized_dqn,0,4,5,32,2,2,4,0.000000,67.000000,0.597015,41,0.567800,11,0,2,0,0.567800,0.567800,0.000000,0.000000,0.567800,0.004394,0,27,1,-1,21,18,41,113.000000,72.000000,67.000000,0.353982,0.555556,0.597015,0.004872,0.012240,0.016289,0.012240,4,0,4,fixed,4,1,1,0,3.000000,4.000000
7,centralized_dqn,centralized_dqn,0,4,5,33,1,1,1,2.419038,72.000000,0.806346,18,0.567800,11,0,1,0,0.567800,0.567800,0.000000,0.000000,0.567800,0.004394,0,27,1,-1,21,18,41,113.000000,72.000000,67.000000,1.209638,0.733977,0.848371,0.015057,0.016289,0.020322,0.020322,4,0,4,fixed,4,1,1,0,3.000000,4.000000
7,centralized_dqn,centralized_dqn,0,4,5,34,2,2,4,0.000000,67.000000,0.597015,41,0.567800,11,0,2,0,0.567800,0.567800,0.000000,0.000000,0.567800,0.004394,0,27,1,-1,21,18,41,113.000000,72.000000,67.000000,0.353982,0.555556,0.597015,0.004872,0.012240,0.016289,0.012240,4,0,4,fixed,4,1,1,0,3.000000,4.000000
7,centralized_dqn,centralized_dqn,0,4,5,35,2,2,4,0.000000,67.000000,0.597015,41,0.567800,11,0,2,0,0.567800,0.567800,0.000000,0.000000,0.567800,0.004394,0,27,1,-1,21,18,41,113.000000,72.000000,67.000000,0.353982,0.555556,0.597015,0.004872,0.012240,0.016289,0.012240,4,0,4,fixed,4,1,1,0,3.000000,4.000000
7,centralized_dqn,centralized_dqn,0,4,5,36,2,2,2,2.614175,67.000000,0.326772,41,0.567800,11,0,2,0,0.567800,0.567800,0.000000,0.000000,0.567800,0.004394,0,27,1,0,21,18,41,113.000000,72.000000,67.000000,0.453614,0.262183,0.325753,0.012938,0.009335,0.016289,0.012938,4,0,4,fixed,4,1,1,0,3.000000,4.000000
7,centralized_dqn,centralized_dqn,0,4,5,37,2,2,4,0.000000,67.000000,0.597015,41,0.567800,11,0,2,0,0.567800,0.567800,0.000000,0.000000,0.567800,0.004394,0,27,1,-1,21,18,41,113.000000,72.000000,67.000000,0.353982,0.555556,0.597015,0.004872,0.012240,0.016289,0.012240,4,0,4,fixed,4,1,1,0,3.000000,4.000000
7,centralized_dqn,centralized_dqn,0,4,5,38,2,2,3,0.000000,67.000000,1.492537,41,0.567800,11,0,2,0,0.567800,0.567800,0.000000,0.000000,0.567800,0.004394,0,27,1,1,21,18,41,113.000000,72.000000,67.000000,0.884956,1.388889,1.492537,0.007714,0.012555,0.016289,0.012555,4,0,4,fixed,4,1,1,0,3.000000,4.000000
7,centralized_dqn,centralized_dqn,0,4,5,39,1,1,1,2.155699,72.000000,0.718566,18,0.567800,11,0,1,0,0.567800,0.567800,0.000000,0.000000,0.567800,0.004394,0,27,1,-1,21,18,41,113.000000,72.000000,67.000000,1.209638,0.739140,0.848371,0.015019,0.016289,0.020283,0.020283,4,0,4,fixed,4,1,1,0,3.000000,4.000000
7,centralized_dqn,centralized_dqn,0,4,5,40,0,0,2,1.696211,113.000000,0.212026,21,0.567800,11,0,0,0,0.567800,0.567800,0.000000,0.000000,0.567800,0.004394,0,27,1,0,21,18,41,113.000000,72.000000,67.000000,0.488375,0.262183,0.318139,0.016289,0.011575,0.017946,0.017946,4,0,4,fixed,4,1,1,0,3.000000,4.000000
7,centralized_dqn,centralized_dqn,0,4,5,41,2,2,4,0.000000,67.000000,0.597015,41,0.567800,11,0,2,0,0.567800,0.567800,0.000000,0.000000,0.567800,0.004394,0,27,1,-1,21,18,41,113.000000,72.000000,67.000000,0.353982,0.555556,0.597015,0.004872,0.012240,0.016289,0.012240,4,0,4,fixed,4,1,1,0,3.000000,4.000000
7,centralized_dqn,centralized_dqn,0,4,5,42,0,0,2,4.127825,113.000000,0.515978,21,0.567800,11,0,0,0,0.567800,0.567800,0.000000,0.000000,0.567800,0.004394,0,27,1,-1,21,18,41,113.000000,72.000000,67.000000,0.473177,0.262183,0.318139,0.016289,0.011837,0.018215,0.018215,4,0,4,fixed,4,1,1,0,3.000000,4.000000
7,centralized_dqn,centralized_dqn,0,4,5,43,2,2,4,0.000000,67.000000,0.597015,41,0.567800,11,0,2,0,0.567800,0.567800,0.000000,0.000000,0.567800,0.004394,0,27,1,-1,21,18,41,113.000000,72.000000,67.000000,0.353982,0.555556,0.597015,0.004872,0.012240,0.016289,0.012240,4,0,4,fixed,4,1,1,0,3.000000,4.000000
7,centralized_dqn,centralized_dqn,0,4,5,44,2,2,3,0.000000,67.000000,1.492537,41,0.567800,11,0,2,0,0.567800,0.567800,0.000000,0.000000,0.567800,0.004394,0,27,1,1,21,18,41,113.000000,72.000000,67.000000,0.884956,1.388889,1.492537,0.007714,0.012555,0.016289,0.012555,4,0,4,fixed,4,1,1,0,3.000000,4.000000
7,centralized_dqn,centralized_dqn,0,4,5,45,1,1,1,2.172193,72.000000,0.724064,18,0.567800,11,0,1,0,0.567800,0.567800,0.000000,0.000000,0.567800,0.004394,0,27,1,-1,21,18,41,113.000000,72.000000,67.000000,1.209638,0.738817,0.848371,0.015021,0.016289,0.020285,0.020285,4,0,4,fixed,4,1,1,0,3.000000,4.000000
7,centralized_dqn,centralized_dqn,0,4,5,46,2,2,4,0.000000,67.000000,0.597015,41,0.567800,11,0,2,0,0.567800,0.567800,0.000000,0.000000,0.567800,0.004394,0,27,1,-1,21,18,41,113.000000,72.000000,67.000000,0.353982,0.555556,0.597015,0.004872,0.012240,0.016289,0.012240,4,0,4,fixed,4,1,1,0,3.000000,4.000000
7,centralized_dqn,centralized_dqn,0,4,5,47,2,2,2,2.594594,67.000000,0.324324,41,0.567800,11,0,2,0,0.567800,0.567800,0.000000,0.000000,0.567800,0.004394,0,27,1,0,21,18,41,113.000000,72.000000,67.000000,0.453614,0.262183,0.326161,0.012923,0.009319,0.016289,0.012923,4,0,4,fixed,4,1,1,0,3.000000,4.000000
7,centralized_dqn,centralized_dqn,0,4,5,48,2,2,4,0.000000,67.000000,0.597015,41,0.567800,11,0,2,0,0.567800,0.567800,0.000000,0.000000,0.567800,0.004394,0,27,1,-1,21,18,41,113.000000,72.000000,67.000000,0.353982,0.555556,0.597015,0.004872,0.012240,0.016289,0.012240,4,0,4,fixed,4,1,1,0,3.000000,4.000000
7,centralized_dqn,centralized_dqn,0,4,5,49,1,1,1,2.190521,72.000000,0.730174,18,0.567800,11,0,1,0,0.567800,0.567800,0.000000,0.000000,0.567800,0.004394,0,27,1,-1,21,18,41,113.000000,72.000000,67.000000,1.209638,0.738457,0.848371,0.015024,0.016289,0.020288,0.020288,4,0,4,fixed,4,1,1,0,3.000000,4.000000
7,centralized_dqn,centralized_dqn,0,4,5,50,2,2,4,0.000000,67.000000,0.597015,41,0.567800,11,0,2,0,0.567800,0.567800,0.000000,0.000000,0.567800,0.004394,0,27,1,-1,21,18,41,113.000000,72.000000,67.000000,0.353982,0.555556,0.597015,0.004872,0.012240,0.016289,0.012240,4,0,4,fixed,4,1,1,0,3.000000,4.000000
7,centralized_dqn,centralized_dqn,0,4,5,51,1,1,1,2.248519,72.000000,0.749506,18,0.567800,11,0,1,0,0.567800,0.567800,0.000000,0.000000,0.567800,0.004394,0,27,1,-1,21,18,41,113.000000,72.000000,67.000000,1.209638,0.737320,0.848371,0.015032,0.016289,0.020297,0.020297,4,0,4,fixed,4,1,1,0,3.000000,4.000000
7,centralized_dqn,centralized_dqn,0,4,5,52,2,2,3,0.000000,67.000000,1.492537,41,0.567800,11,0,2,0,0.567800,0.567800,0.000000,0.000000,0.567800,0.004394,0,27,1,1,21,18,41,113.000000,72.000000,67.000000,0.884956,1.388889,1.492537,0.007714,0.012555,0.016289,0.012555,4,0,4,fixed,4,1,1,0,3.000000,4.000000
7,centralized_dqn,centralized_dqn,0,4,5,53,2,2,2,2.592283,67.000000,0.324035,41,0.567800,11,0,2,0,0.567800,0.567800,0.000000,0.000000,0.567800,0.004394,0,27,1,0,21,18,41,113.000000,72.000000,67.000000,0.453614,0.262183,0.326209,0.012921,0.009317,0.016289,0.012921,4,0,4,fixed,4,1,1,0,3.000000,4.000000
7,centralized_dqn,centralized_dqn,0,4,5,54,2,2,4,0.000000,67.000000,0.597015,41,0.567800,11,0,2,0,0.567800,0.567800,0.000000,0.000000,0.567800,0.004394,0,27,1,-1,21,18,41,113.000000,72.000000,67.000000,0.353982,0.555556,0.597015,0.004872,0.012240,0.016289,0.012240,4,0,4,fixed,4,1,1,0,3.000000,4.000000
7,centralized_dqn,centralized_dqn,0,4,5,55,2,2,2,2.613156,67.000000,0.326645,41,0.567800,11,0,2,0,0.567800,0.567800,0.000000,0.000000,0.567800,0.004394,0,27,1,0,21,18,41,113.000000,72.000000,67.000000,0.453614,0.262183,0.325774,0.012937,0.009334,0.016289,0.012937,4,0,4,fixed,4,1,1,0,3.000000,4.000000
7,centralized_dqn,centralized_dqn,0,4,5,56,2,2,4,0.000000,67.000000,0.597015,41,0.567800,11,0,2,0,0.567800,0.567800,0.000000,0.000000,0.567800,0.004394,0,27,1,-1,21,18,41,113.000000,72.000000,67.000000,0.353982,0.555556,0.597015,0.004872,0.012240,0.016289,0.012240,4,0,4,fixed,4,1,1,0,3.000000,4.000000
7,centralized_dqn,centralized_dqn,0,4,5,57,0,0,2,4.127914,113.000000,0.515989,21,0.567800,11,0,0,0,0.567800,0.567800,0.000000,0.000000,0.567800,0.004394,0,27,1,-1,21,18,41,113.000000,72.000000,67.000000,0.473176,0.262183,0.318139,0.016289,0.011837,0.018215,0.018215,4,0,4,fixed,4,1,1,0,3.000000,4.000000
7,centralized_dqn,centralized_dqn,0,4,5,58,1,1,1,2.097143,72.000000,0.699048,18,0.567800,11,0,1,0,0.567800,0.567800,0.000000,0.000000,0.567800,0.004394,0,27,1,-1,21,18,41,113.000000,72.000000,67.000000,1.209638,0.740288,0.848371,0.015011,0.016289,0.020274,0.020274,4,0,4,fixed,4,1,1,0,3.000000,4.000000
7,centralized_dqn,centralized_dqn,0,4,5,59,0,0,2,2.654649,113.000000,0.331831,21,0.567800,11,0,0,0,0.567800,0.567800,0.000000,0.000000,0.567800,0.004394,0,27,1,0,21,18,41,113.000000,72.000000,67.000000,0.482384,0.262183,0.318139,0.016289,0.011676,0.018050,0.018050,4,0,4,fixed,4,1,1,0,3.000000,4.000000
7,centralized_dqn,centralized_dqn,0,4,5,60,2,2,4,0.000000,67.000000,0.597015,41,0.567800,11,0,2,0,0.567800,0.567800,0.000000,0.000000,0.567800,0.004394,0,27,1,-1,21,18,41,113.000000,72.000000,67.000000,0.353982,0.555556,0.597015,0.004872,0.012240,0.016289,0.012240,4,0,4,fixed,4,1,1,0,3.000000,4.000000
7,centralized_dqn,centralized_dqn,0,4,5,61,2,2,3,0.000000,67.000000,1.492537,41,0.567800,11,0,2,0,0.567800,0.567800,0.000000,0.000000,0.567800,0.004394,0,27,1,1,21,18,41,113.000000,72.000000,67.000000,0.884956,1.388889,1.492537,0.007714,0.012555,0.016289,0.012555,4,0,4,fixed,4,1,1,0,3.000000,4.000000
7,centralized_dqn,centralized_dqn,0,4,5,62,0,0,2,4.127914,113.000000,0.515989,21,0.567800,11,0,0,0,0.567800,0.567800,0.000000,0.000000,0.567800,0.004394,0,27,1,-1,21,18,41,113.000000,72.000000,67.000000,0.473176,0.262183,0.318139,0.016289,0.011837,0.018215,0.018215,4,0,4,fixed,4,1,1,0,3.000000,4.000000
7,centralized_dqn,centralized_dqn,0,4,5,63,0,0,2,4.127943,113.000000,0.515993,21,0.567800,11,0,0,0,0.567800,0.567800,0.000000,0.000000,0.567800,0.004394,0,27,1,-1,21,18,41,113.000000,72.000000,67.000000,0.473176,0.262183,0.318139,0.016289,0.011837,0.018215,0.018215,4,0,4,fixed,4,1,1,0,3.000000,4.000000
7,centralized_dqn,centralized_dqn,0,4,5,64,2,2,4,0.000000,67.000000,0.597015,41,0.567800,11,0,2,0,0.567800,0.567800,0.000000,0.000000,0.567800,0.004394,0,27,1,-1,21,18,41,113.000000,72.000000,67.000000,0.353982,0.555556,0.597015,0.004872,0.012240,0.016289,0.012240,4,0,4,fixed,4,1,1,0,3.000000,4.000000
7,centralized_dqn,centralized_dqn,0,4,5,65,1,1,1,2.185671,72.000000,0.728557,18,0.567800,11,0,1,0,0.567800,0.567800,0.000000,0.000000,0.567800,0.004394,0,27,1,-1,21,18,41,113.000000,72.000000,67.000000,1.209638,0.738552,0.848371,0.015023,0.016289,0.020287,0.020287,4,0,4,fixed,4,1,1,0,3.000000,4.000000
7,centralized_dqn,centralized_dqn,0,4,5,66,0,0,2,4.127943,113.000000,0.515993,21,0.567800,11,0,0,0,0.567800,0.567800,0.000000,0.000000,0.567800,0.004394,0,27,1,-1,21,18,41,113.000000,72.000000,67.000000,0.473176,0.262183,0.318139,0.016289,0.011837,0.018215,0.018215,4,0,4,fixed,4,1,1,0,3.000000,4.000000
7,centralized_dqn,centralized_dqn,0,4,5,67,2,2,3,0.000000,67.000000,1.492537,41,0.567800,11,0,2,0,0.567800,0.567800,0.000000,0.000000,0.567800,0.004394,0,27,1,1,21,18,41,113.000000,72.000000,67.000000,0.884956,1.388889,1.492537,0.007714,0.012555,0.016289,0.012555,4,0,4,fixed,4,1,1,0,3.000000,4.000000
7,centralized_dqn,centralized_dqn,0,4,5,68,1,1,1,2.255314,72.000000,0.751771,18,0.567800,11,0,1,0,0.567800,0.567800,0.000000,0.000000,0.567800,0.004394,0,27,1,-1,21,18,41,113.000000,72.000000,67.000000,1.209638,0.737187,0.848371,0.015033,0.016289,0.020298,0.020298,4,0,4,fixed,4,1,1,0,3.000000,4.000000
7,centralized_dqn,centralized_dqn,0,4,5,69,2,2,4,0.000000,67.000000,0.597015,41,0.567800,11,0,2,0,0.567800,0.567800,0.000000,0.000000,0.567800,0.004394,0,27,1,-1,21,18,41,113.000000,72.000000,67.000000,0.353982,0.555556,0.597015,0.004872,0.012240,0.016289,0.012240,4,0,4,fixed,4,1,1,0,3.000000,4.000000
7,centralized_dqn,centralized_dqn,0,4,5,70,2,2,4,0.000000,67.000000,0.597015,41,0.567800,11,0,2,0,0.567800,0.567800,0.000000,0.000000,0.567800,0.004394,0,27,1,-1,21,18,41,113.000000,72.000000,67.000000,0.353982,0.555556,0.597015,0.004872,0.012240,0.016289,0.012240,4,0,4,fixed,4,1,1,0,3.000000,4.000000
7,centralized_dqn,centralized_dqn,0,4,5,71,2,2,4,0.000000,67.000000,0.597015,41,0.567800,11,0,2,0,0.567800,0.567800,0.000000,0.000000,0.567800,0.004394,0,27,1,-1,21,18,41,113.000000,72.000000,67.000000,0.353982,0.555556,0.597015,0.004872,0.012240,0.016289,0.012240,4,0,4,fixed,4,1,1,0,3.000000,4.000000
7,centralized_dqn,centralized_dqn,0,4,5,72,1,1,1,2.281026,72.000000,0.760342,18,0.567800,11,0,1,0,0.567800,0.567800,0.000000,0.000000,0.567800,0.004394,0,27,1,-1,21,18,41,113.000000,72.000000,67.000000,1.209638,0.736683,0.848371,0.015037,0.016289,0.020301,0.020301,4,0,4,fixed,4,1,1,0,3.000000,4.000000
7,centralized_dqn,centralized_dqn,0,4,5,73,2,2,2,2.613117,67.000000,0.326640,41,0.567800,11,0,2,0,0.567800,0.567800,0.000000,0.000000,0.567800,0.004394,0,27,1,0,21,18,41,113.000000,72.000000,67.000000,0.453614,0.262183,0.325775,0.012937,0.009334,0.016289,0.012937,4,0,4,fixed,4,1,1,0,3.000000,4.000000
7,centralized_dqn,centralized_dqn,0,4,5,74,0,0,2,2.681998,113.000000,0.335250,21,0.567800,11,0,0,0,0.567800,0.567800,0.000000,0.000000,0.567800,0.004394,0,27,1,0,21,18,41,113.000000,72.000000,67.000000,0.482213,0.262183,0.318139,0.016289,0.011679,0.018053,0.018053,4,0,4,fixed,4,1,1,0,3.000000,4.000000
7,centralized_dqn,centralized_dqn,0,4,5,75,0,0,2,4.127954,113.000000,0.515994,21,0.567800,11,0,0,0,0.567800,0.567800,0.000000,0.000000,0.567800,0.004394,0,27,1,-1,21,18,41,113.000000,72.000000,67.000000,0.473176,0.262183,0.318139,0.016289,0.011837,0.018215,0.018215,4,0,4,fixed,4,1,1,0,3.000000,4.000000
7,centralized_dqn,centralized_dqn,0,4,5,76,1,1,1,2.333511,72.000000,0.777837,18,0.567800,11,0,1,0,0.567800,0.567800,0.000000,0.000000,0.567800,0.004394,0,27,1,-1,21,18,41,113.000000,72.000000,67.000000,1.209638,0.735654,0.848371,0.015045,0.016289,0.020309,0.020309,4,0,4,fixed,4,1,1,0,3.000000,4.000000
7,centralized_dqn,centralized_dqn,0,4,5,77,1,1,1,2.281583,72.000000,0.760528,18,0.567800,11,0,1,0,0.567800,0.567800,0.000000,0.000000,0.567800,0.004394,0,27,1,-1,21,18,41,113.000000,72.000000,67.000000,1.209638,0.736672,0.848371,0.015037,0.016289,0.020301,0.020301,4,0,4,fixed,4,1,1,0,3.000000,4.000000
7,centralized_dqn,centralized_dqn,0,4,5,78,0,0,2,4.310329,113.000000,0.538791,21,0.567800,11,0,0,0,0.567800,0.567800,0.000000,0.000000,0.567800,0.004394,0,27,1,-1,21,18,41,113.000000,72.000000,67.000000,0.472036,0.262183,0.318139,0.016289,0.011858,0.018236,0.018236,4,0,4,fixed,4,1,1,0,3.000000,4.000000
7,centralized_dqn,centralized_dqn,0,4,5,79,2,2,4,0.000000,67.000000,0.597015,41,0.567800,11,0,2,0,0.567800,0.567800,0.000000,0.000000,0.567800,0.004394,0,27,1,-1,21,18,41,113.000000,72.000000,67.000000,0.353982,0.555556,0.597015,0.004872,0.012240,0.016289,0.012240,4,0,4,fixed,4,1,1,0,3.000000,4.000000
7,centralized_dqn,centralized_dqn,0,4,5,80,0,0,2,4.125768,113.000000,0.515721,21,0.567800,11,0,0,0,0.567800,0.567800,0.000000,0.000000,0.567800,0.004394,0,27,1,-1,21,18,41,113.000000,72.000000,67.000000,0.473190,0.262183,0.318139,0.016289,0.011837,0.018215,0.018215,4,0,4,fixed,4,1,1,0,3.000000,4.000000
