seed,method,effective_method,bootstrap_cycle_flag,max_switches,cycle_id,ue_id,previous_bs_id,current_bs_id,app_type,tp_mbps,rtt_ms,satisfaction,num_users_on_current_bs,harmonic_mean,num_unsatisfied_users,target_ue_flag,action_selected_bs_id,switch_flag,h_before,h_after_estimated,reward,estimated_reward,h_after_measured,measured_reward,switch_count,num_degraded_users,measurement_valid,candidate_type,num_users_ap0,num_users_ap1,num_users_ap2,monitor_rtt_ap0,monitor_rtt_ap1,monitor_rtt_ap2,estimated_satisfaction_if_ap0,estimated_satisfaction_if_ap1,estimated_satisfaction_if_ap2,estimated_h_delta_if_ap0,estimated_h_delta_if_ap1,estimated_h_delta_if_ap2,best_estimated_h_delta,effective_max_switches,applied_switches_in_cycle,remaining_switch_budget,k_schedule_type,k_max,k_min,k_decay_rate,stop_action_flag,assignment_compute_ms,warmup_before_cycle_sec,cycle_start_offset_sec
1002,random,random,0,8,1,1,0,0,4,0.000000,94.000000,0.425532,30,0.310341,36,0,2,1,0.310341,0.310341,0.000000,0.000000,0.310341,0.000000,52,0,1,0,30,22,28,94.000000,80.666700,65.666700,0.425532,0.495868,0.609137,0.006703,0.006563,0.001291,0.006563,8,52,0,fixed,8,8,0,0,7.705378,3.000000,4.000000
1002,random,random,0,8,1,2,0,0,2,6.186931,94.000000,0.773366,30,0.310341,36,0,1,1,0.310341,0.310341,0.000000,0.000000,0.310341,0.000000,52,0,1,-1,30,22,28,94.000000,80.666700,65.666700,0.707427,0.379252,0.088931,0.006703,0.004562,-0.011051,0.004562,8,52,0,fixed,8,8,0,0,7.705378,3.000000,4.000000
1002,random,random,0,8,1,3,1,1,1,3.507798,80.666700,1.169266,22,0.310341,36,0,1,0,0.310341,0.310341,0.000000,0.000000,0.310341,0.000000,52,0,1,-1,30,22,28,94.000000,80.666700,65.666700,1.130906,1.168765,0.592033,0.007178,0.006703,-0.000081,0.007178,8,52,0,fixed,8,8,0,0,7.705378,3.000000,4.000000
1002,random,random,0,8,1,4,1,1,2,3.822936,80.666700,0.477867,22,0.310341,36,0,1,0,0.310341,0.310341,0.000000,0.000000,0.310341,0.000000,52,0,1,0,30,22,28,94.000000,80.666700,65.666700,0.692583,0.384865,0.088931,0.008576,0.006703,-0.009295,0.008576,8,52,0,fixed,8,8,0,0,7.705378,3.000000,4.000000
1002,random,random,0,8,1,5,2,2,1,1.857612,65.666700,0.619204,28,0.310341,36,0,0,1,0.310341,0.310341,0.000000,0.000000,0.310341,0.000000,52,0,1,-1,30,22,28,94.000000,80.666700,65.666700,1.130906,1.118069,0.611670,0.014139,0.013541,0.006703,0.014139,8,52,0,fixed,8,8,0,0,7.705378,3.000000,4.000000
1002,random,random,0,8,1,6,0,0,3,0.000000,94.000000,1.063830,30,0.310341,36,0,0,0,0.310341,0.310341,0.000000,0.000000,0.310341,0.000000,52,0,1,1,30,22,28,94.000000,80.666700,65.666700,1.063830,1.239669,1.522842,0.006703,0.006312,0.000776,0.006312,8,52,0,fixed,8,8,0,0,7.705378,3.000000,4.000000
1002,random,random,0,8,1,7,0,0,4,0.000000,94.000000,0.425532,30,0.310341,36,0,1,1,0.310341,0.310341,0.000000,0.000000,0.310341,0.000000,52,0,1,0,30,22,28,94.000000,80.666700,65.666700,0.425532,0.495868,0.609137,0.006703,0.006563,0.001291,0.006563,8,52,0,fixed,8,8,0,0,7.705378,3.000000,4.000000
1002,random,random,0,8,1,8,2,2,4,0.000000,65.666700,0.609137,28,0.310341,36,0,0,1,0.310341,0.310341,0.000000,0.000000,0.310341,0.000000,52,0,1,-1,30,22,28,94.000000,80.666700,65.666700,0.425532,0.495868,0.609137,0.012306,0.012161,0.006703,0.012306,8,52,0,fixed,8,8,0,0,7.705378,3.000000,4.000000
1002,random,random,0,8,1,9,2,2,3,0.000000,65.666700,1.522842,28,0.310341,36,0,2,0,0.310341,0.310341,0.000000,0.000000,0.310341,0.000000,52,0,1,1,30,22,28,94.000000,80.666700,65.666700,1.063830,1.239669,1.522842,0.012860,0.012454,0.006703,0.012860,8,52,0,fixed,8,8,0,0,7.705378,3.000000,4.000000
1002,random,random,0,8,1,10,1,1,2,3.818480,80.666700,0.477310,22,0.310341,36,0,0,1,0.310341,0.310341,0.000000,0.000000,0.310341,0.000000,52,0,1,0,30,22,28,94.000000,80.666700,65.666700,0.692583,0.384945,0.088931,0.008575,0.006703,-0.009296,0.008575,8,52,0,fixed,8,8,0,0,7.705378,3.000000,4.000000
1002,random,random,0,8,1,11,1,1,4,0.000000,80.666700,0.495868,22,0.310341,36,0,1,0,0.310341,0.310341,0.000000,0.000000,0.310341,0.000000,52,0,1,0,30,22,28,94.000000,80.666700,65.666700,0.425532,0.495868,0.609137,0.006844,0.006703,0.001427,0.006844,8,52,0,fixed,8,8,0,0,7.705378,3.000000,4.000000
1002,random,random,0,8,1,12,1,1,2,3.821782,80.666700,0.477723,22,0.310341,36,0,1,0,0.310341,0.310341,0.000000,0.000000,0.310341,0.000000,52,0,1,0,30,22,28,94.000000,80.666700,65.666700,0.692583,0.384886,0.088931,0.008575,0.006703,-0.009296,0.008575,8,52,0,fixed,8,8,0,0,7.705378,3.000000,4.000000
1002,random,random,0,8,1,13,0,0,4,0.000000,94.000000,0.425532,30,0.310341,36,0,1,1,0.310341,0.310341,0.000000,0.000000,0.310341,0.000000,52,0,1,0,30,22,28,94.000000,80.666700,65.666700,0.425532,0.495868,0.609137,0.006703,0.006563,0.001291,0.006563,8,52,0,fixed,8,8,0,0,7.705378,3.000000,4.000000
1002,random,random,0,8,1,14,0,0,3,0.000000,94.000000,1.063830,30,0.310341,36,0,0,0,0.310341,0.310341,0.000000,0.000000,0.310341,0.000000,52,0,1,1,30,22,28,94.000000,80.666700,65.666700,1.063830,1.239669,1.522842,0.006703,0.006312,0.000776,0.006312,8,52,0,fixed,8,8,0,0,7.705378,3.000000,4.000000
1002,random,random,0,8,1,15,2,2,1,1.853336,65.666700,0.617779,28,0.310341,36,0,2,0,0.310341,0.310341,0.000000,0.000000,0.310341,0.000000,52,0,1,-1,30,22,28,94.000000,80.666700,65.666700,1.130906,1.118069,0.612026,0.014138,0.013540,0.006703,0.014138,8,52,0,fixed,8,8,0,0,7.705378,3.000000,4.000000
1002,random,random,0,8,1,16,0,0,4,0.000000,94.000000,0.425532,30,0.310341,36,0,0,0,0.310341,0.310341,0.000000,0.000000,0.310341,0.000000,52,0,1,0,30,22,28,94.000000,80.666700,65.666700,0.425532,0.495868,0.609137,0.006703,0.006563,0.001291,0.006563,8,52,0,fixed,8,8,0,0,7.705378,3.000000,4.000000
1002,random,random,0,8,1,17,2,2,3,0.000000,65.666700,1.522842,28,0.310341,36,0,2,0,0.310341,0.310341,0.000000,0.000000,0.310341,0.000000,52,0,1,1,30,22,28,94.000000,80.666700,65.666700,1.063830,1.239669,1.522842,0.012860,0.012454,0.006703,0.012860,8,52,0,fixed,8,8,0,0,7.705378,3.000000,4.000000
1002,random,random,0,8,1,18,0,0,1,3.505858,94.000000,1.168619,30,0.310341,36,0,1,1,0.310341,0.310341,0.000000,0.000000,0.310341,0.000000,52,0,1,1,30,22,28,94.000000,80.666700,65.666700,1.168601,1.118069,0.592033,0.006703,0.006061,-0.000603,0.006061,8,52,0,fixed,8,8,0,0,7.705378,3.000000,4.000000
1002,random,random,0,8,1,19,2,2,2,0.736662,65.666700,0.092083,28,0.310341,36,0,1,1,0.310341,0.310341,0.000000,0.000000,0.310341,0.000000,52,0,1,0,30,22,28,94.000000,80.666700,65.666700,0.692583,0.379252,0.092109,0.025490,0.023196,0.006703,0.025490,8,52,0,fixed,8,8,0,0,7.705378,3.000000,4.000000
1002,random,random,0,8,1,20,1,1,4,0.000000,80.666700,0.495868,22,0.310341,36,0,1,0,0.310341,0.310341,0.000000,0.000000,0.310341,0.000000,52,0,1,0,30,22,28,94.000000,80.666700,65.666700,0.425532,0.495868,0.609137,0.006844,0.006703,0.001427,0.006844,8,52,0,fixed,8,8,0,0,7.705378,3.000000,4.000000
1002,random,random,0,8,1,21,2,2,2,0.736556,65.666700,0.092069,28,0.310341,36,1,0,1,0.310341,0.310341,0.000000,0.000000,0.310341,0.000000,52,0,1,0,30,22,28,94.000000,80.666700,65.666700,0.692583,0.379252,0.092110,0.025489,0.023196,0.006703,0.025489,8,52,0,fixed,8,8,0,0,7.705378,3.000000,4.000000
1002,random,random,0,8,1,22,1,1,3,0.000000,80.666700,1.239669,22,0.310341,36,0,2,1,0.310341,0.310341,0.000000,0.000000,0.310341,0.000000,52,0,1,-1,30,22,28,94.000000,80.666700,65.666700,1.063830,1.239669,1.522842,0.007095,0.006703,0.001154,0.007095,8,52,0,fixed,8,8,0,0,7.705378,3.000000,4.000000
1002,random,random,0,8,1,23,0,0,3,0.000000,94.000000,1.063830,30,0.310341,36,0,1,1,0.310341,0.310341,0.000000,0.000000,0.310341,0.000000,52,0,1,1,30,22,28,94.000000,80.666700,65.666700,1.063830,1.239669,1.522842,0.006703,0.006312,0.000776,0.006312,8,52,0,fixed,8,8,0,0,7.705378,3.000000,4.000000
1002,random,random,0,8,1,24,1,1,1,3.507296,80.666700,1.169099,22,0.310341,36,0,0,1,0.310341,0.310341,0.000000,0.000000,0.310341,0.000000,52,0,1,-1,30,22,28,94.000000,80.666700,65.666700,1.130906,1.168821,0.592033,0.007178,0.006703,-0.000081,0.007178,8,52,0,fixed,8,8,0,0,7.705378,3.000000,4.000000
1002,random,random,0,8,1,25,1,1,2,3.821817,80.666700,0.477727,22,0.310341,36,0,0,1,0.310341,0.310341,0.000000,0.000000,0.310341,0.000000,52,0,1,0,30,22,28,94.000000,80.666700,65.666700,0.692583,0.384885,0.088931,0.008575,0.006703,-0.009296,0.008575,8,52,0,fixed,8,8,0,0,7.705378,3.000000,4.000000
1002,random,random,0,8,1,26,2,2,4,0.000000,65.666700,0.609137,28,0.310341,36,0,1,1,0.310341,0.310341,0.000000,0.000000,0.310341,0.000000,52,0,1,-1,30,22,28,94.000000,80.666700,65.666700,0.425532,0.495868,0.609137,0.012306,0.012161,0.006703,0.012306,8,52,0,fixed,8,8,0,0,7.705378,3.000000,4.000000
1002,random,random,0,8,1,27,1,1,2,3.819615,80.666700,0.477452,22,0.310341,36,0,1,0,0.310341,0.310341,0.000000,0.000000,0.310341,0.000000,52,0,1,0,30,22,28,94.000000,80.666700,65.666700,0.692583,0.384925,0.088931,0.008575,0.006703,-0.009296,0.008575,8,52,0,fixed,8,8,0,0,7.705378,3.000000,4.000000
1002,random,random,0,8,1,28,2,2,2,0.736585,65.666700,0.092073,28,0.310341,36,0,1,1,0.310341,0.310341,0.000000,0.000000,0.310341,0.000000,52,0,1,0,30,22,28,94.000000,80.666700,65.666700,0.692583,0.379252,0.092109,0.025490,0.023196,0.006703,0.025490,8,52,0,fixed,8,8,0,0,7.705378,3.000000,4.000000
1002,random,random,0,8,1,29,2,2,2,0.736638,65.666700,0.092080,28,0.310341,36,0,1,1,0.310341,0.310341,0.000000,0.000000,0.310341,0.000000,52,0,1,0,30,22,28,94.000000,80.666700,65.666700,0.692583,0.379252,0.092109,0.025490,0.023196,0.006703,0.025490,8,52,0,fixed,8,8,0,0,7.705378,3.000000,4.000000
1002,random,random,0,8,1,30,0,0,3,0.000000,94.000000,1.063830,30,0.310341,36,0,0,0,0.310341,0.310341,0.000000,0.000000,0.310341,0.000000,52,0,1,1,30,22,28,94.000000,80.666700,65.666700,1.063830,1.239669,1.522842,0.006703,0.006312,0.000776,0.006312,8,52,0,fixed,8,8,0,0,7.705378,3.000000,4.000000
1002,random,random,0,8,1,31,0,0,1,3.507134,94.000000,1.169045,30,0.310341,36,0,0,0,0.310341,0.310341,0.000000,0.000000,0.310341,0.000000,52,0,1,1,30,22,28,94.000000,80.666700,65.666700,1.168547,1.118069,0.592033,0.006703,0.006061,-0.000603,0.006061,8,52,0,fixed,8,8,0,0,7.705378,3.000000,4.000000
1002,random,random,0,8,1,32,1,1,1,3.506685,80.666700,1.168895,22,0.310341,36,0,0,1,0.310341,0.310341,0.000000,0.000000,0.310341,0.000000,52,0,1,-1,30,22,28,94.000000,80.666700,65.666700,1.130906,1.168889,0.592033,0.007178,0.006703,-0.000081,0.007178,8,52,0,fixed,8,8,0,0,7.705378,3.000000,4.000000
1002,random,random,0,8,1,33,0,0,2,5.657872,94.000000,0.707234,30,0.310341,36,0,0,0,0.310341,0.310341,0.000000,0.000000,0.310341,0.000000,52,0,1,-1,30,22,28,94.000000,80.666700,65.666700,0.716875,0.379252,0.088931,0.006703,0.004540,-0.011071,0.004540,8,52,0,fixed,8,8,0,0,7.705378,3.000000,4.000000
1002,random,random,0,8,1,34,2,2,2,0.736626,65.666700,0.092078,28,0.310341,36,0,1,1,0.310341,0.310341,0.000000,0.000000,0.310341,0.000000,52,0,1,0,30,22,28,94.000000,80.666700,65.666700,0.692583,0.379252,0.092109,0.025490,0.023196,0.006703,0.025490,8,52,0,fixed,8,8,0,0,7.705378,3.000000,4.000000
1002,random,random,0,8,1,35,1,1,2,0.868816,80.666700,0.108602,22,0.310341,36,0,1,0,0.310341,0.310341,0.000000,0.000000,0.310341,0.000000,52,0,1,0,30,22,28,94.000000,80.666700,65.666700,0.692583,0.437617,0.088931,0.008196,0.006703,-0.009634,0.008196,8,52,0,fixed,8,8,0,0,7.705378,3.000000,4.000000
1002,random,random,0,8,1,36,2,2,3,0.000000,65.666700,1.522842,28,0.310341,36,0,2,0,0.310341,0.310341,0.000000,0.000000,0.310341,0.000000,52,0,1,1,30,22,28,94.000000,80.666700,65.666700,1.063830,1.239669,1.522842,0.012860,0.012454,0.006703,0.012860,8,52,0,fixed,8,8,0,0,7.705378,3.000000,4.000000
1002,random,random,0,8,1,37,0,0,2,5.657861,94.000000,0.707233,30,0.310341,36,0,0,0,0.310341,0.310341,0.000000,0.000000,0.310341,0.000000,52,0,1,-1,30,22,28,94.000000,80.666700,65.666700,0.716875,0.379252,0.088931,0.006703,0.004540,-0.011071,0.004540,8,52,0,fixed,8,8,0,0,7.705378,3.000000,4.000000
1002,random,random,0,8,1,38,2,2,4,0.000000,65.666700,0.609137,28,0.310341,36,0,2,0,0.310341,0.310341,0.000000,0.000000,0.310341,0.000000,52,0,1,-1,30,22,28,94.000000,80.666700,65.666700,0.425532,0.495868,0.609137,0.012306,0.012161,0.006703,0.012306,8,52,0,fixed,8,8,0,0,7.705378,3.000000,4.000000
1002,random,random,0,8,1,39,0,0,2,5.658942,94.000000,0.707368,30,0.310341,36,0,1,1,0.310341,0.310341,0.000000,0.000000,0.310341,0.000000,52,0,1,-1,30,22,28,94.000000,80.666700,65.666700,0.716856,0.379252,0.088931,0.006703,0.004540,-0.011071,0.004540,8,52,0,fixed,8,8,0,0,7.705378,3.000000,4.000000
1002,random,random,0,8,1,40,2,2,4,0.000000,65.666700,0.609137,28,0.310341,36,0,1,1,0.310341,0.310341,0.000000,0.000000,0.310341,0.000000,52,0,1,-1,30,22,28,94.000000,80.666700,65.666700,0.425532,0.495868,0.609137,0.012306,0.012161,0.006703,0.012306,8,52,0,fixed,8,8,0,0,7.705378,3.000000,4.000000
1002,random,random,0,8,1,41,0,0,4,0.000000,94.000000,0.425532,30,0.310341,36,0,1,1,0.310341,0.310341,0.000000,0.000000,0.310341,0.000000,52,0,1,0,30,22,28,94.000000,80.666700,65.666700,0.425532,0.495868,0.609137,0.006703,0.006563,0.001291,0.006563,8,52,0,fixed,8,8,0,0,7.705378,3.000000,4.000000
1002,random,random,0,8,1,42,0,0,1,3.505858,94.000000,1.168619,30,0.310341,36,0,1,1,0.310341,0.310341,0.000000,0.000000,0.310341,0.000000,52,0,1,1,30,22,28,94.000000,80.666700,65.666700,1.168601,1.118069,0.592033,0.006703,0.006061,-0.000603,0.006061,8,52,0,fixed,8,8,0,0,7.705378,3.000000,4.000000
1002,random,random,0,8,1,43,2,2,1,1.889380,65.666700,0.629793,28,0.310341,36,0,2,0,0.310341,0.310341,0.000000,0.000000,0.310341,0.000000,52,0,1,-1,30,22,28,94.000000,80.666700,65.666700,1.130906,1.118069,0.609022,0.014148,0.013550,0.006703,0.014148,8,52,0,fixed,8,8,0,0,7.705378,3.000000,4.000000
1002,random,random,0,8,1,44,0,0,1,3.505247,94.000000,1.168416,30,0.310341,36,0,0,0,0.310341,0.310341,0.000000,0.000000,0.310341,0.000000,52,0,1,1,30,22,28,94.000000,80.666700,65.666700,1.168626,1.118069,0.592033,0.006703,0.006061,-0.000603,0.006061,8,52,0,fixed,8,8,0,0,7.705378,3.000000,4.000000
1002,random,random,0,8,1,45,1,1,3,0.000000,80.666700,1.239669,22,0.310341,36,0,2,1,0.310341,0.310341,0.000000,0.000000,0.310341,0.000000,52,0,1,-1,30,22,28,94.000000,80.666700,65.666700,1.063830,1.239669,1.522842,0.007095,0.006703,0.001154,0.007095,8,52,0,fixed,8,8,0,0,7.705378,3.000000,4.000000
1002,random,random,0,8,1,46,0,0,2,5.658954,94.000000,0.707369,30,0.310341,36,0,2,1,0.310341,0.310341,0.000000,0.000000,0.310341,0.000000,52,0,1,-1,30,22,28,94.000000,80.666700,65.666700,0.716855,0.379252,0.088931,0.006703,0.004540,-0.011071,0.004540,8,52,0,fixed,8,8,0,0,7.705378,3.000000,4.000000
1002,random,random,0,8,1,47,0,0,4,0.000000,94.000000,0.425532,30,0.310341,36,0,1,1,0.310341,0.310341,0.000000,0.000000,0.310341,0.000000,52,0,1,0,30,22,28,94.000000,80.666700,65.666700,0.425532,0.495868,0.609137,0.006703,0.006563,0.001291,0.006563,8,52,0,fixed,8,8,0,0,7.705378,3.000000,4.000000
1002,random,random,0,8,1,48,0,0,3,0.000000,94.000000,1.063830,30,0.310341,36,0,1,1,0.310341,0.310341,0.000000,0.000000,0.310341,0.000000,52,0,1,1,30,22,28,94.000000,80.666700,65.666700,1.063830,1.239669,1.522842,0.006703,0.006312,0.000776,0.006312,8,52,0,fixed,8,8,0,0,7.705378,3.000000,4.000000
1002,random,random,0,8,1,49,0,0,1,3.504690,94.000000,1.168230,30,0.310341,36,0,0,0,0.310341,0.310341,0.000000,0.000000,0.310341,0.000000,52,0,1,1,30,22,28,94.000000,80.666700,65.666700,1.168649,1.118069,0.592033,0.006703,0.006061,-0.000603,0.006061,8,52,0,fixed,8,8,0,0,7.705378,3.000000,4.000000
1002,random,random,0,8,1,50,0,0,2,5.661117,94.000000,0.707640,30,0.310341,36,0,1,1,0.310341,0.310341,0.000000,0.000000,0.310341,0.000000,52,0,1,-1,30,22,28,94.000000,80.666700,65.666700,0.716817,0.379252,0.088931,0.006703,0.004540,-0.011071,0.004540,8,52,0,fixed,8,8,0,0,7.705378,3.000000,4.000000
1002,random,random,0,8,1,51,1,1,4,0.000000,80.666700,0.495868,22,0.310341,36,0,2,1,0.310341,0.310341,0.000000,0.000000,0.310341,0.000000,52,0,1,0,30,22,28,94.000000,80.666700,65.666700,0.425532,0.495868,0.609137,0.006844,0.006703,0.001427,0.006844,8,52,0,fixed,8,8,0,0,7.705378,3.000000,4.000000
1002,random,random,0,8,1,52,1,1,4,0.000000,80.666700,0.495868,22,0.310341,36,0,2,1,0.310341,0.310341,0.000000,0.000000,0.310341,0.000000,52,0,1,0,30,22,28,94.000000,80.666700,65.666700,0.425532,0.495868,0.609137,0.006844,0.006703,0.001427,0.006844,8,52,0,fixed,8,8,0,0,7.705378,3.000000,4.000000
1002,random,random,0,8,1,53,2,2,2,0.736615,65.666700,0.092077,28,0.310341,36,0,1,1,0.310341,0.310341,0.000000,0.000000,0.310341,0.000000,52,0,1,0,30,22,28,94.000000,80.666700,65.666700,0.692583,0.379252,0.092109,0.025490,0.023196,0.006703,0.025490,8,52,0,fixed,8,8,0,0,7.705378,3.000000,4.000000
1002,random,random,0,8,1,54,2,2,2,0.736609,65.666700,0.092076,28,0.310341,36,0,2,0,0.310341,0.310341,0.000000,0.000000,0.310341,0.000000,52,0,1,0,30,22,28,94.000000,80.666700,65.666700,0.692583,0.379252,0.092109,0.025490,0.023196,0.006703,0.025490,8,52,0,fixed,8,8,0,0,7.705378,3.000000,4.000000
1002,random,random,0,8,1,55,0,0,1,3.506469,94.000000,1.168823,30,0.310341,36,0,2,1,0.310341,0.310341,0.000000,0.000000,0.310341,0.000000,52,0,1,1,30,22,28,94.000000,80.666700,65.666700,1.168575,1.118069,0.592033,0.006703,0.006061,-0.000603,0.006061,8,52,0,fixed,8,8,0,0,7.705378,3.000000,4.000000
1002,random,random,0,8,1,56,2,2,1,1.799576,65.666700,0.599859,28,0.310341,36,0,0,1,0.310341,0.310341,0.000000,0.000000,0.310341,0.000000,52,0,1,-1,30,22,28,94.000000,80.666700,65.666700,1.130906,1.118069,0.616506,0.014123,0.013525,0.006703,0.014123,8,52,0,fixed,8,8,0,0,7.705378,3.000000,4.000000
1002,random,random,0,8,1,57,1,1,3,0.000000,80.666700,1.239669,22,0.310341,36,0,0,1,0.310341,0.310341,0.000000,0.000000,0.310341,0.000000,52,0,1,-1,30,22,28,94.000000,80.666700,65.666700,1.063830,1.239669,1.522842,0.007095,0.006703,0.001154,0.007095,8,52,0,fixed,8,8,0,0,7.705378,3.000000,4.000000
1002,random,random,0,8,1,58,2,2,2,0.736626,65.666700,0.092078,28,0.310341,36,0,2,0,0.310341,0.310341,0.000000,0.000000,0.310341,0.000000,52,0,1,0,30,22,28,94.000000,80.666700,65.666700,0.692583,0.379252,0.092109,0.025490,0.023196,0.006703,0.025490,8,52,0,fixed,8,8,0,0,7.705378,3.000000,4.000000
1002,random,random,0,8,1,59,2,2,3,0.000000,65.666700,1.522842,28,0.310341,36,0,0,1,0.310341,0.310341,0.000000,0.000000,0.310341,0.000000,52,0,1,1,30,22,28,94.000000,80.666700,65.666700,1.063830,1.239669,1.522842,0.012860,0.012454,0.006703,0.012860,8,52,0,fixed,8,8,0,0,7.705378,3.000000,4.000000
1002,random,random,0,8,1,60,1,1,1,3.504906,80.666700,1.168302,22,0.310341,36,0,0,1,0.310341,0.310341,0.000000,0.000000,0.310341,0.000000,52,0,1,-1,30,22,28,94.000000,80.666700,65.666700,1.130906,1.169087,0.592033,0.007178,0.006703,-0.000081,0.007178,8,52,0,fixed,8,8,0,0,7.705378,3.000000,4.000000
1002,random,random,0,8,1,61,1,1,2,2.446810,80.666700,0.305851,22,0.310341,36,0,2,1,0.310341,0.310341,0.000000,0.000000,0.310341,0.000000,52,0,1,0,30,22,28,94.000000,80.666700,65.666700,0.692583,0.409439,0.088931,0.008386,0.006703,-0.009464,0.008386,8,52,0,fixed,8,8,0,0,7.705378,3.000000,4.000000
1002,random,random,0,8,1,62,0,0,1,3.504025,94.000000,1.168008,30,0.310341,36,0,1,1,0.310341,0.310341,0.000000,0.000000,0.310341,0.000000,52,0,1,1,30,22,28,94.000000,80.666700,65.666700,1.168677,1.118069,0.592033,0.006703,0.006061,-0.000603,0.006061,8,52,0,fixed,8,8,0,0,7.705378,3.000000,4.000000
1002,random,random,0,8,1,63,1,1,2,2.955132,80.666700,0.369392,22,0.310341,36,0,2,1,0.310341,0.310341,0.000000,0.000000,0.310341,0.000000,52,0,1,0,30,22,28,94.000000,80.666700,65.666700,0.692583,0.400362,0.088931,0.008454,0.006703,-0.009404,0.008454,8,52,0,fixed,8,8,0,0,7.705378,3.000000,4.000000
1002,random,random,0,8,1,64,2,2,2,0.736597,65.666700,0.092075,28,0.310341,36,0,1,1,0.310341,0.310341,0.000000,0.000000,0.310341,0.000000,52,0,1,0,30,22,28,94.000000,80.666700,65.666700,0.692583,0.379252,0.092109,0.025490,0.023196,0.006703,0.025490,8,52,0,fixed,8,8,0,0,7.705378,3.000000,4.000000
1002,random,random,0,8,1,65,0,0,2,5.660095,94.000000,0.707512,30,0.310341,36,0,2,1,0.310341,0.310341,0.000000,0.000000,0.310341,0.000000,52,0,1,-1,30,22,28,94.000000,80.666700,65.666700,0.716835,0.379252,0.088931,0.006703,0.004540,-0.011071,0.004540,8,52,0,fixed,8,8,0,0,7.705378,3.000000,4.000000
1002,random,random,0,8,1,66,2,2,4,0.000000,65.666700,0.609137,28,0.310341,36,0,0,1,0.310341,0.310341,0.000000,0.000000,0.310341,0.000000,52,0,1,-1,30,22,28,94.000000,80.666700,65.666700,0.425532,0.495868,0.609137,0.012306,0.012161,0.006703,0.012306,8,52,0,fixed,8,8,0,0,7.705378,3.000000,4.000000
1002,random,random,0,8,1,67,2,2,2,0.736596,65.666700,0.092075,28,0.310341,36,0,1,1,0.310341,0.310341,0.000000,0.000000,0.310341,0.000000,52,0,1,0,30,22,28,94.000000,80.666700,65.666700,0.692583,0.379252,0.092109,0.025490,0.023196,0.006703,0.025490,8,52,0,fixed,8,8,0,0,7.705378,3.000000,4.000000
1002,random,random,0,8,1,68,0,0,2,5.661081,94.000000,0.707635,30,0.310341,36,0,0,0,0.310341,0.310341,0.000000,0.000000,0.310341,0.000000,52,0,1,-1,30,22,28,94.000000,80.666700,65.666700,0.716817,0.379252,0.088931,0.006703,0.004540,-0.011071,0.004540,8,52,0,fixed,8,8,0,0,7.705378,3.000000,4.000000
1002,random,random,0,8,1,69,0,0,1,3.506523,94.000000,1.168841,30,0.310341,36,0,2,1,0.310341,0.310341,0.000000,0.000000,0.310341,0.000000,52,0,1,1,30,22,28,94.000000,80.666700,65.666700,1.168573,1.118069,0.592033,0.006703,0.006061,-0.000603,0.006061,8,52,0,fixed,8,8,0,0,7.705378,3.000000,4.000000
1002,random,random,0,8,1,70,1,1,4,0.000000,80.666700,0.495868,22,0.310341,36,0,0,1,0.310341,0.310341,0.000000,0.000000,0.310341,0.000000,52,0,1,0,30,22,28,94.000000,80.666700,65.666700,0.425532,0.495868,0.609137,0.006844,0.006703,0.001427,0.006844,8,52,0,fixed,8,8,0,0,7.705378,3.000000,4.000000
1002,random,random,0,8,1,71,0,0,1,3.506469,94.000000,1.168823,30,0.310341,36,0,2,1,0.310341,0.310341,0.000000,0.000000,0.310341,0.000000,52,0,1,1,30,22,28,94.000000,80.666700,65.666700,1.168575,1.118069,0.592033,0.006703,0.006061,-0.000603,0.006061,8,52,0,fixed,8,8,0,0,7.705378,3.000000,4.000000
1002,random,random,0,8,1,72,1,1,3,0.000000,80.666700,1.239669,22,0.310341,36,0,1,0,0.310341,0.310341,0.000000,0.000000,0.310341,0.000000,52,0,1,-1,30,22,28,94.000000,80.666700,65.666700,1.063830,1.239669,1.522842,0.007095,0.006703,0.001154,0.007095,8,52,0,fixed,8,8,0,0,7.705378,3.000000,4.000000
1002,random,random,0,8,1,73,2,2,2,0.736609,65.666700,0.092076,28,0.310341,36,0,1,1,0.310341,0.310341,0.000000,0.000000,0.310341,0.000000,52,0,1,0,30,22,28,94.000000,80.666700,65.666700,0.692583,0.379252,0.092109,0.025490,0.023196,0.006703,0.025490,8,52,0,fixed,8,8,0,0,7.705378,3.000000,4.000000
1002,random,random,0,8,1,74,0,0,4,0.000000,94.000000,0.425532,30,0.310341,36,0,0,0,0.310341,0.310341,0.000000,0.000000,0.310341,0.000000,52,0,1,0,30,22,28,94.000000,80.666700,65.666700,0.425532,0.495868,0.609137,0.006703,0.006563,0.001291,0.006563,8,52,0,fixed,8,8,0,0,7.705378,3.000000,4.000000
1002,random,random,0,8,1,75,1,1,4,0.000000,80.666700,0.495868,22,0.310341,36,0,0,1,0.310341,0.310341,0.000000,0.000000,0.310341,0.000000,52,0,1,0,30,22,28,94.000000,80.666700,65.666700,0.425532,0.495868,0.609137,0.006844,0.006703,0.001427,0.006844,8,52,0,fixed,8,8,0,0,7.705378,3.000000,4.000000
1002,random,random,0,8,1,76,2,2,2,0.737719,65.666700,0.092215,28,0.310341,36,0,2,0,0.310341,0.310341,0.000000,0.000000,0.310341,0.000000,52,0,1,0,30,22,28,94.000000,80.666700,65.666700,0.692583,0.379252,0.092099,0.025491,0.023198,0.006703,0.025491,8,52,0,fixed,8,8,0,0,7.705378,3.000000,4.000000
1002,random,random,0,8,1,77,2,2,2,0.737766,65.666700,0.092221,28,0.310341,36,0,1,1,0.310341,0.310341,0.000000,0.000000,0.310341,0.000000,52,0,1,0,30,22,28,94.000000,80.666700,65.666700,0.692583,0.379252,0.092098,0.025491,0.023198,0.006703,0.025491,8,52,0,fixed,8,8,0,0,7.705378,3.000000,4.000000
1002,random,random,0,8,1,78,2,2,1,1.797743,65.666700,0.599248,28,0.310341,36,0,1,1,0.310341,0.310341,0.000000,0.000000,0.310341,0.000000,52,0,1,-1,30,22,28,94.000000,80.666700,65.666700,1.130906,1.118069,0.616659,0.014122,0.013524,0.006703,0.014122,8,52,0,fixed,8,8,0,0,7.705378,3.000000,4.000000
1002,random,random,0,8,1,79,2,2,2,0.737766,65.666700,0.092221,28,0.310341,36,0,1,1,0.310341,0.310341,0.000000,0.000000,0.310341,0.000000,52,0,1,0,30,22,28,94.000000,80.666700,65.666700,0.692583,0.379252,0.092098,0.025491,0.023198,0.006703,0.025491,8,52,0,fixed,8,8,0,0,7.705378,3.000000,4.000000
1002,random,random,0,8,1,80,0,0,4,0.000000,94.000000,0.425532,30,0.310341,36,0,2,1,0.310341,0.310341,0.000000,0.000000,0.310341,0.000000,52,0,1,0,30,22,28,94.000000,80.666700,65.666700,0.425532,0.495868,0.609137,0.006703,0.006563,0.001291,0.006563,8,52,0,fixed,8,8,0,0,7.705378,3.000000,4.000000
1002,random,random,0,8,2,1,2,2,4,0.000000,85.666700,0.466926,22,0.209986,44,0,1,1,0.209986,0.209986,0.000000,0.000000,0.209986,-0.100355,56,53,1,0,25,33,22,133.000000,74.000000,85.666700,0.300752,0.540541,0.466926,0.006759,0.007198,0.001912,0.007198,8,56,0,fixed,8,8,0,0,8.193907,3.000000,4.000000
1002,random,random,0,8,2,2,1,1,2,2.532277,74.000000,0.316535,33,0.209986,44,0,1,0,0.209986,0.209986,0.000000,0.000000,0.209986,-0.100355,56,53,1,0,25,33,22,133.000000,74.000000,85.666700,0.312166,0.314489,0.030558,0.002254,0.001912,-0.017714,0.002254,8,56,0,fixed,8,8,0,0,8.193907,3.000000,4.000000
1002,random,random,0,8,2,3,1,1,1,3.484596,74.000000,1.161532,33,0.209986,44,0,0,1,0.209986,0.209986,0.000000,0.000000,0.209986,-0.100355,56,53,1,1,25,33,22,133.000000,74.000000,85.666700,1.025671,1.170088,0.312725,0.002239,0.001912,-0.004228,0.002239,8,56,0,fixed,8,8,0,0,8.193907,3.000000,4.000000
1002,random,random,0,8,2,4,1,1,2,2.481915,74.000000,0.310239,33,0.209986,44,0,2,1,0.209986,0.209986,0.000000,0.000000,0.209986,-0.100355,56,53,1,0,25,33,22,133.000000,74.000000,85.666700,0.312166,0.314882,0.030558,0.002252,0.001912,-0.017716,0.002252,8,56,0,fixed,8,8,0,0,8.193907,3.000000,4.000000
1002,random,random,0,8,2,5,0,0,1,3.971370,133.000000,1.323790,25,0.209986,44,0,0,0,0.209986,0.209986,0.000000,0.000000,0.209986,-0.100355,56,53,1,-1,25,33,22,133.000000,74.000000,85.666700,1.029970,1.134013,0.312725,0.001912,0.001532,-0.004558,0.001532,8,56,0,fixed,8,8,0,0,8.193907,3.000000,4.000000
1002,random,random,0,8,2,6,0,0,3,0.000000,133.000000,0.751880,25,0.209986,44,0,1,1,0.209986,0.209986,0.000000,0.000000,0.209986,-0.100355,56,53,1,-1,25,33,22,133.000000,74.000000,85.666700,0.751880,1.351351,1.167315,0.001912,0.001835,-0.003103,0.001835,8,56,0,fixed,8,8,0,0,8.193907,3.000000,4.000000
1002,random,random,0,8,2,7,1,1,4,0.000000,74.000000,0.540541,33,0.209986,44,0,0,1,0.209986,0.209986,0.000000,0.000000,0.209986,-0.100355,56,53,1,-1,25,33,22,133.000000,74.000000,85.666700,0.300752,0.540541,0.466926,0.001494,0.001912,-0.003123,0.001494,8,56,0,fixed,8,8,0,0,8.193907,3.000000,4.000000
1002,random,random,0,8,2,8,0,0,4,0.000000,133.000000,0.300752,25,0.209986,44,0,2,1,0.209986,0.209986,0.000000,0.000000,0.209986,-0.100355,56,53,1,0,25,33,22,133.000000,74.000000,85.666700,0.300752,0.540541,0.466926,0.001912,0.002332,-0.002722,0.002332,8,56,0,fixed,8,8,0,0,8.193907,3.000000,4.000000
1002,random,random,0,8,2,9,2,2,3,0.000000,85.666700,1.167315,22,0.209986,44,0,2,0,0.209986,0.209986,0.000000,0.000000,0.209986,-0.100355,56,53,1,-1,25,33,22,133.000000,74.000000,85.666700,0.751880,1.351351,1.167315,0.007176,0.007095,0.001912,0.007176,8,56,0,fixed,8,8,0,0,8.193907,3.000000,4.000000
1002,random,random,0,8,2,10,0,0,2,2.623992,133.000000,0.327999,25,0.209986,44,0,0,0,0.209986,0.209986,0.000000,0.000000,0.209986,-0.100355,56,53,1,0,25,33,22,133.000000,74.000000,85.666700,0.323984,0.305356,0.030558,0.001912,0.001330,-0.018106,0.001330,8,56,0,fixed,8,8,0,0,8.193907,3.000000,4.000000
1002,random,random,0,8,2,11,1,1,4,0.000000,74.000000,0.540541,33,0.209986,44,0,1,0,0.209986,0.209986,0.000000,0.000000,0.209986,-0.100355,56,53,1,-1,25,33,22,133.000000,74.000000,85.666700,0.300752,0.540541,0.466926,0.001494,0.001912,-0.003123,0.001494,8,56,0,fixed,8,8,0,0,8.193907,3.000000,4.000000
1002,random,random,0,8,2,12,1,1,2,2.480817,74.000000,0.310102,33,0.209986,44,0,1,0,0.209986,0.209986,0.000000,0.000000,0.209986,-0.100355,56,53,1,0,25,33,22,133.000000,74.000000,85.666700,0.312166,0.314891,0.030558,0.002252,0.001912,-0.017716,0.002252,8,56,0,fixed,8,8,0,0,8.193907,3.000000,4.000000
1002,random,random,0,8,2,13,1,1,4,0.000000,74.000000,0.540541,33,0.209986,44,0,2,1,0.209986,0.209986,0.000000,0.000000,0.209986,-0.100355,56,53,1,-1,25,33,22,133.000000,74.000000,85.666700,0.300752,0.540541,0.466926,0.001494,0.001912,-0.003123,0.001494,8,56,0,fixed,8,8,0,0,8.193907,3.000000,4.000000
1002,random,random,0,8,2,14,0,0,3,0.000000,133.000000,0.751880,25,0.209986,44,0,0,0,0.209986,0.209986,0.000000,0.000000,0.209986,-0.100355,56,53,1,-1,25,33,22,133.000000,74.000000,85.666700,0.751880,1.351351,1.167315,0.001912,0.001835,-0.003103,0.001835,8,56,0,fixed,8,8,0,0,8.193907,3.000000,4.000000
1002,random,random,0,8,2,15,2,2,1,1.559451,85.666700,0.519817,22,0.209986,44,0,1,1,0.209986,0.209986,0.000000,0.000000,0.209986,-0.100355,56,53,1,-1,25,33,22,133.000000,74.000000,85.666700,1.025671,1.134013,0.278721,0.008913,0.008534,0.001912,0.008913,8,56,0,fixed,8,8,0,0,8.193907,3.000000,4.000000
1002,random,random,0,8,2,16,0,0,4,0.000000,133.000000,0.300752,25,0.209986,44,0,0,0,0.209986,0.209986,0.000000,0.000000,0.209986,-0.100355,56,53,1,0,25,33,22,133.000000,74.000000,85.666700,0.300752,0.540541,0.466926,0.001912,0.002332,-0.002722,0.002332,8,56,0,fixed,8,8,0,0,8.193907,3.000000,4.000000
1002,random,random,0,8,2,17,2,2,3,0.000000,85.666700,1.167315,22,0.209986,44,0,1,1,0.209986,0.209986,0.000000,0.000000,0.209986,-0.100355,56,53,1,-1,25,33,22,133.000000,74.000000,85.666700,0.751880,1.351351,1.167315,0.007176,0.007095,0.001912,0.007176,8,56,0,fixed,8,8,0,0,8.193907,3.000000,4.000000
1002,random,random,0,8,2,18,1,1,1,3.505409,74.000000,1.168470,33,0.209986,44,0,1,0,0.209986,0.209986,0.000000,0.000000,0.209986,-0.100355,56,53,1,1,25,33,22,133.000000,74.000000,85.666700,1.025671,1.168354,0.312725,0.002240,0.001912,-0.004227,0.002240,8,56,0,fixed,8,8,0,0,8.193907,3.000000,4.000000
1002,random,random,0,8,2,19,1,1,2,2.537687,74.000000,0.317211,33,0.209986,44,0,2,1,0.209986,0.209986,0.000000,0.000000,0.209986,-0.100355,56,53,1,0,25,33,22,133.000000,74.000000,85.666700,0.312166,0.314446,0.030558,0.002254,0.001912,-0.017714,0.002254,8,56,0,fixed,8,8,0,0,8.193907,3.000000,4.000000
1002,random,random,0,8,2,20,1,1,4,0.000000,74.000000,0.540541,33,0.209986,44,0,0,1,0.209986,0.209986,0.000000,0.000000,0.209986,-0.100355,56,53,1,-1,25,33,22,133.000000,74.000000,85.666700,0.300752,0.540541,0.466926,0.001494,0.001912,-0.003123,0.001494,8,56,0,fixed,8,8,0,0,8.193907,3.000000,4.000000
1002,random,random,0,8,2,21,0,0,2,2.623963,133.000000,0.327995,25,0.209986,44,0,0,0,0.209986,0.209986,0.000000,0.000000,0.209986,-0.100355,56,53,1,0,25,33,22,133.000000,74.000000,85.666700,0.323985,0.305356,0.030558,0.001912,0.001330,-0.018106,0.001330,8,56,0,fixed,8,8,0,0,8.193907,3.000000,4.000000
1002,random,random,0,8,2,22,2,2,3,0.000000,85.666700,1.167315,22,0.209986,44,0,2,0,0.209986,0.209986,0.000000,0.000000,0.209986,-0.100355,56,53,1,-1,25,33,22,133.000000,74.000000,85.666700,0.751880,1.351351,1.167315,0.007176,0.007095,0.001912,0.007176,8,56,0,fixed,8,8,0,0,8.193907,3.000000,4.000000
1002,random,random,0,8,2,23,1,1,3,0.000000,74.000000,1.351351,33,0.209986,44,0,1,0,0.209986,0.209986,0.000000,0.000000,0.209986,-0.100355,56,53,1,1,25,33,22,133.000000,74.000000,85.666700,0.751880,1.351351,1.167315,0.001990,0.001912,-0.003029,0.001990,8,56,0,fixed,8,8,0,0,8.193907,3.000000,4.000000
1002,random,random,0,8,2,24,0,0,1,2.838974,133.000000,0.946325,25,0.209986,44,0,0,0,0.209986,0.209986,0.000000,0.000000,0.209986,-0.100355,56,53,1,-1,25,33,22,133.000000,74.000000,85.666700,1.083894,1.134013,0.312725,0.001912,0.001506,-0.004582,0.001506,8,56,0,fixed,8,8,0,0,8.193907,3.000000,4.000000
1002,random,random,0,8,2,25,0,0,2,2.625020,133.000000,0.328128,25,0.209986,44,0,0,0,0.209986,0.209986,0.000000,0.000000,0.209986,-0.100355,56,53,1,0,25,33,22,133.000000,74.000000,85.666700,0.323958,0.305356,0.030558,0.001912,0.001330,-0.018106,0.001330,8,56,0,fixed,8,8,0,0,8.193907,3.000000,4.000000
1002,random,random,0,8,2,26,1,1,4,0.000000,74.000000,0.540541,33,0.209986,44,0,2,1,0.209986,0.209986,0.000000,0.000000,0.209986,-0.100355,56,53,1,-1,25,33,22,133.000000,74.000000,85.666700,0.300752,0.540541,0.466926,0.001494,0.001912,-0.003123,0.001494,8,56,0,fixed,8,8,0,0,8.193907,3.000000,4.000000
1002,random,random,0,8,2,27,1,1,2,2.476519,74.000000,0.309565,33,0.209986,44,0,1,0,0.209986,0.209986,0.000000,0.000000,0.209986,-0.100355,56,53,1,0,25,33,22,133.000000,74.000000,85.666700,0.312166,0.314924,0.030558,0.002251,0.001912,-0.017716,0.002251,8,56,0,fixed,8,8,0,0,8.193907,3.000000,4.000000
1002,random,random,0,8,2,28,1,1,2,2.510368,74.000000,0.313796,33,0.209986,44,0,1,0,0.209986,0.209986,0.000000,0.000000,0.209986,-0.100355,56,53,1,0,25,33,22,133.000000,74.000000,85.666700,0.312166,0.314660,0.030558,0.002253,0.001912,-0.017715,0.002253,8,56,0,fixed,8,8,0,0,8.193907,3.000000,4.000000
1002,random,random,0,8,2,29,1,1,2,2.537716,74.000000,0.317215,33,0.209986,44,0,0,1,0.209986,0.209986,0.000000,0.000000,0.209986,-0.100355,56,53,1,0,25,33,22,133.000000,74.000000,85.666700,0.312166,0.314446,0.030558,0.002254,0.001912,-0.017714,0.002254,8,56,0,fixed,8,8,0,0,8.193907,3.000000,4.000000
1002,random,random,0,8,2,30,0,0,3,0.000000,133.000000,0.751880,25,0.209986,44,0,0,0,0.209986,0.209986,0.000000,0.000000,0.209986,-0.100355,56,53,1,-1,25,33,22,133.000000,74.000000,85.666700,0.751880,1.351351,1.167315,0.001912,0.001835,-0.003103,0.001835,8,56,0,fixed,8,8,0,0,8.193907,3.000000,4.000000
1002,random,random,0,8,2,31,0,0,1,2.929916,133.000000,0.976639,25,0.209986,44,0,1,1,0.209986,0.209986,0.000000,0.000000,0.209986,-0.100355,56,53,1,-1,25,33,22,133.000000,74.000000,85.666700,1.079563,1.134013,0.312725,0.001912,0.001508,-0.004581,0.001508,8,56,0,fixed,8,8,0,0,8.193907,3.000000,4.000000
1002,random,random,0,8,2,32,0,0,1,2.969712,133.000000,0.989904,25,0.209986,44,0,1,1,0.209986,0.209986,0.000000,0.000000,0.209986,-0.100355,56,53,1,-1,25,33,22,133.000000,74.000000,85.666700,1.077668,1.134013,0.312725,0.001912,0.001509,-0.004580,0.001509,8,56,0,fixed,8,8,0,0,8.193907,3.000000,4.000000
1002,random,random,0,8,2,33,0,0,2,2.569389,133.000000,0.321174,25,0.209986,44,0,1,1,0.209986,0.209986,0.000000,0.000000,0.209986,-0.100355,56,53,1,0,25,33,22,133.000000,74.000000,85.666700,0.325349,0.305356,0.030558,0.001912,0.001323,-0.018111,0.001323,8,56,0,fixed,8,8,0,0,8.193907,3.000000,4.000000
1002,random,random,0,8,2,34,1,1,2,2.537677,74.000000,0.317210,33,0.209986,44,0,2,1,0.209986,0.209986,0.000000,0.000000,0.209986,-0.100355,56,53,1,0,25,33,22,133.000000,74.000000,85.666700,0.312166,0.314446,0.030558,0.002254,0.001912,-0.017714,0.002254,8,56,0,fixed,8,8,0,0,8.193907,3.000000,4.000000
1002,random,random,0,8,2,35,1,1,2,2.449168,74.000000,0.306146,33,0.209986,44,0,2,1,0.209986,0.209986,0.000000,0.000000,0.209986,-0.100355,56,53,1,0,25,33,22,133.000000,74.000000,85.666700,0.312166,0.315138,0.030558,0.002250,0.001912,-0.017717,0.002250,8,56,0,fixed,8,8,0,0,8.193907,3.000000,4.000000
1002,random,random,0,8,2,36,2,2,3,0.000000,85.666700,1.167315,22,0.209986,44,0,2,0,0.209986,0.209986,0.000000,0.000000,0.209986,-0.100355,56,53,1,-1,25,33,22,133.000000,74.000000,85.666700,0.751880,1.351351,1.167315,0.007176,0.007095,0.001912,0.007176,8,56,0,fixed,8,8,0,0,8.193907,3.000000,4.000000
1002,random,random,0,8,2,37,0,0,2,2.569401,133.000000,0.321175,25,0.209986,44,0,2,1,0.209986,0.209986,0.000000,0.000000,0.209986,-0.100355,56,53,1,0,25,33,22,133.000000,74.000000,85.666700,0.325349,0.305356,0.030558,0.001912,0.001323,-0.018111,0.001323,8,56,0,fixed,8,8,0,0,8.193907,3.000000,4.000000
1002,random,random,0,8,2,38,2,2,4,0.000000,85.666700,0.466926,22,0.209986,44,0,0,1,0.209986,0.209986,0.000000,0.000000,0.209986,-0.100355,56,53,1,0,25,33,22,133.000000,74.000000,85.666700,0.300752,0.540541,0.466926,0.006759,0.007198,0.001912,0.007198,8,56,0,fixed,8,8,0,0,8.193907,3.000000,4.000000
1002,random,random,0,8,2,39,1,1,2,2.532224,74.000000,0.316528,33,0.209986,44,0,0,1,0.209986,0.209986,0.000000,0.000000,0.209986,-0.100355,56,53,1,0,25,33,22,133.000000,74.000000,85.666700,0.312166,0.314489,0.030558,0.002254,0.001912,-0.017714,0.002254,8,56,0,fixed,8,8,0,0,8.193907,3.000000,4.000000
1002,random,random,0,8,2,40,1,1,4,0.000000,74.000000,0.540541,33,0.209986,44,0,0,1,0.209986,0.209986,0.000000,0.000000,0.209986,-0.100355,56,53,1,-1,25,33,22,133.000000,74.000000,85.666700,0.300752,0.540541,0.466926,0.001494,0.001912,-0.003123,0.001494,8,56,0,fixed,8,8,0,0,8.193907,3.000000,4.000000
1002,random,random,0,8,2,41,1,1,4,0.000000,74.000000,0.540541,33,0.209986,44,0,2,1,0.209986,0.209986,0.000000,0.000000,0.209986,-0.100355,56,53,1,-1,25,33,22,133.000000,74.000000,85.666700,0.300752,0.540541,0.466926,0.001494,0.001912,-0.003123,0.001494,8,56,0,fixed,8,8,0,0,8.193907,3.000000,4.000000
1002,random,random,0,8,2,42,1,1,1,3.507242,74.000000,1.169081,33,0.209986,44,0,0,1,0.209986,0.209986,0.000000,0.000000,0.209986,-0.100355,56,53,1,1,25,33,22,133.000000,74.000000,85.666700,1.025671,1.168201,0.312725,0.002240,0.001912,-0.004227,0.002240,8,56,0,fixed,8,8,0,0,8.193907,3.000000,4.000000
1002,random,random,0,8,2,43,2,2,1,1.506913,85.666700,0.502304,22,0.209986,44,0,0,1,0.209986,0.209986,0.000000,0.000000,0.209986,-0.100355,56,53,1,-1,25,33,22,133.000000,74.000000,85.666700,1.025671,1.134013,0.283099,0.008882,0.008502,0.001912,0.008882,8,56,0,fixed,8,8,0,0,8.193907,3.000000,4.000000
1002,random,random,0,8,2,44,0,0,1,3.015535,133.000000,1.005178,25,0.209986,44,0,1,1,0.209986,0.209986,0.000000,0.000000,0.209986,-0.100355,56,53,1,-1,25,33,22,133.000000,74.000000,85.666700,1.075486,1.134013,0.312725,0.001912,0.001510,-0.004579,0.001510,8,56,0,fixed,8,8,0,0,8.193907,3.000000,4.000000
1002,random,random,0,8,2,45,2,2,3,0.000000,85.666700,1.167315,22,0.209986,44,0,1,1,0.209986,0.209986,0.000000,0.000000,0.209986,-0.100355,56,53,1,-1,25,33,22,133.000000,74.000000,85.666700,0.751880,1.351351,1.167315,0.007176,0.007095,0.001912,0.007176,8,56,0,fixed,8,8,0,0,8.193907,3.000000,4.000000
1002,random,random,0,8,2,46,2,2,2,0.256828,85.666700,0.032104,22,0.209986,44,0,1,1,0.209986,0.209986,0.000000,0.000000,0.209986,-0.100355,56,53,1,0,25,33,22,133.000000,74.000000,85.666700,0.312166,0.305356,0.031921,0.024470,0.023922,0.001912,0.024470,8,56,0,fixed,8,8,0,0,8.193907,3.000000,4.000000
1002,random,random,0,8,2,47,1,1,4,0.000000,74.000000,0.540541,33,0.209986,44,0,1,0,0.209986,0.209986,0.000000,0.000000,0.209986,-0.100355,56,53,1,-1,25,33,22,133.000000,74.000000,85.666700,0.300752,0.540541,0.466926,0.001494,0.001912,-0.003123,0.001494,8,56,0,fixed,8,8,0,0,8.193907,3.000000,4.000000
1002,random,random,0,8,2,48,1,1,3,0.000000,74.000000,1.351351,33,0.209986,44,0,1,0,0.209986,0.209986,0.000000,0.000000,0.209986,-0.100355,56,53,1,1,25,33,22,133.000000,74.000000,85.666700,0.751880,1.351351,1.167315,0.001990,0.001912,-0.003029,0.001990,8,56,0,fixed,8,8,0,0,8.193907,3.000000,4.000000
1002,random,random,0,8,2,49,0,0,1,2.993151,133.000000,0.997717,25,0.209986,44,0,1,1,0.209986,0.209986,0.000000,0.000000,0.209986,-0.100355,56,53,1,-1,25,33,22,133.000000,74.000000,85.666700,1.076552,1.134013,0.312725,0.001912,0.001510,-0.004579,0.001510,8,56,0,fixed,8,8,0,0,8.193907,3.000000,4.000000
1002,random,random,0,8,2,50,1,1,2,2.532230,74.000000,0.316529,33,0.209986,44,0,2,1,0.209986,0.209986,0.000000,0.000000,0.209986,-0.100355,56,53,1,0,25,33,22,133.000000,74.000000,85.666700,0.312166,0.314489,0.030558,0.002254,0.001912,-0.017714,0.002254,8,56,0,fixed,8,8,0,0,8.193907,3.000000,4.000000
1002,random,random,0,8,2,51,2,2,4,0.000000,85.666700,0.466926,22,0.209986,44,0,0,1,0.209986,0.209986,0.000000,0.000000,0.209986,-0.100355,56,53,1,0,25,33,22,133.000000,74.000000,85.666700,0.300752,0.540541,0.466926,0.006759,0.007198,0.001912,0.007198,8,56,0,fixed,8,8,0,0,8.193907,3.000000,4.000000
1002,random,random,0,8,2,52,2,2,4,0.000000,85.666700,0.466926,22,0.209986,44,0,1,1,0.209986,0.209986,0.000000,0.000000,0.209986,-0.100355,56,53,1,0,25,33,22,133.000000,74.000000,85.666700,0.300752,0.540541,0.466926,0.006759,0.007198,0.001912,0.007198,8,56,0,fixed,8,8,0,0,8.193907,3.000000,4.000000
1002,random,random,0,8,2,53,1,1,2,2.506004,74.000000,0.313251,33,0.209986,44,0,2,1,0.209986,0.209986,0.000000,0.000000,0.209986,-0.100355,56,53,1,0,25,33,22,133.000000,74.000000,85.666700,0.312166,0.314694,0.030558,0.002253,0.001912,-0.017715,0.002253,8,56,0,fixed,8,8,0,0,8.193907,3.000000,4.000000
1002,random,random,0,8,2,54,2,2,2,0.251363,85.666700,0.031420,22,0.209986,44,1,1,1,0.209986,0.209986,0.000000,0.000000,0.209986,-0.100355,56,53,1,0,25,33,22,133.000000,74.000000,85.666700,0.312166,0.305356,0.032035,0.024397,0.023850,0.001912,0.024397,8,56,0,fixed,8,8,0,0,8.193907,3.000000,4.000000
1002,random,random,0,8,2,55,2,2,1,0.596696,85.666700,0.198899,22,0.209986,44,0,2,0,0.209986,0.209986,0.000000,0.000000,0.209986,-0.100355,56,53,1,0,25,33,22,133.000000,74.000000,85.666700,1.025671,1.134013,0.358951,0.008456,0.008078,0.001912,0.008456,8,56,0,fixed,8,8,0,0,8.193907,3.000000,4.000000
1002,random,random,0,8,2,56,0,0,1,4.058843,133.000000,1.352948,25,0.209986,44,0,1,1,0.209986,0.209986,0.000000,0.000000,0.209986,-0.100355,56,53,1,-1,25,33,22,133.000000,74.000000,85.666700,1.025805,1.134013,0.312725,0.001912,0.001535,-0.004556,0.001535,8,56,0,fixed,8,8,0,0,8.193907,3.000000,4.000000
1002,random,random,0,8,2,57,0,0,3,0.000000,133.000000,0.751880,25,0.209986,44,0,2,1,0.209986,0.209986,0.000000,0.000000,0.209986,-0.100355,56,53,1,-1,25,33,22,133.000000,74.000000,85.666700,0.751880,1.351351,1.167315,0.001912,0.001835,-0.003103,0.001835,8,56,0,fixed,8,8,0,0,8.193907,3.000000,4.000000
1002,random,random,0,8,2,58,2,2,2,0.255687,85.666700,0.031961,22,0.209986,44,0,0,1,0.209986,0.209986,0.000000,0.000000,0.209986,-0.100355,56,53,1,0,25,33,22,133.000000,74.000000,85.666700,0.312166,0.305356,0.031945,0.024455,0.023907,0.001912,0.024455,8,56,0,fixed,8,8,0,0,8.193907,3.000000,4.000000
1002,random,random,0,8,2,59,0,0,3,0.000000,133.000000,0.751880,25,0.209986,44,0,2,1,0.209986,0.209986,0.000000,0.000000,0.209986,-0.100355,56,53,1,-1,25,33,22,133.000000,74.000000,85.666700,0.751880,1.351351,1.167315,0.001912,0.001835,-0.003103,0.001835,8,56,0,fixed,8,8,0,0,8.193907,3.000000,4.000000
1002,random,random,0,8,2,60,0,0,1,2.823239,133.000000,0.941080,25,0.209986,44,0,1,1,0.209986,0.209986,0.000000,0.000000,0.209986,-0.100355,56,53,1,-1,25,33,22,133.000000,74.000000,85.666700,1.084643,1.134013,0.312725,0.001912,0.001506,-0.004583,0.001506,8,56,0,fixed,8,8,0,0,8.193907,3.000000,4.000000
1002,random,random,0,8,2,61,2,2,2,0.256852,85.666700,0.032106,22,0.209986,44,0,1,1,0.209986,0.209986,0.000000,0.000000,0.209986,-0.100355,56,53,1,0,25,33,22,133.000000,74.000000,85.666700,0.312166,0.305356,0.031921,0.024471,0.023923,0.001912,0.024471,8,56,0,fixed,8,8,0,0,8.193907,3.000000,4.000000
1002,random,random,0,8,2,62,1,1,1,2.580812,74.000000,0.860271,33,0.209986,44,0,1,0,0.209986,0.209986,0.000000,0.000000,0.209986,-0.100355,56,53,1,-1,25,33,22,133.000000,74.000000,85.666700,1.025671,1.245403,0.312725,0.002211,0.001912,-0.004254,0.002211,8,56,0,fixed,8,8,0,0,8.193907,3.000000,4.000000
1002,random,random,0,8,2,63,2,2,2,0.255759,85.666700,0.031970,22,0.209986,44,0,1,1,0.209986,0.209986,0.000000,0.000000,0.209986,-0.100355,56,53,1,0,25,33,22,133.000000,74.000000,85.666700,0.312166,0.305356,0.031943,0.024456,0.023908,0.001912,0.024456,8,56,0,fixed,8,8,0,0,8.193907,3.000000,4.000000
1002,random,random,0,8,2,64,1,1,2,2.534404,74.000000,0.316801,33,0.209986,44,0,0,1,0.209986,0.209986,0.000000,0.000000,0.209986,-0.100355,56,53,1,0,25,33,22,133.000000,74.000000,85.666700,0.312166,0.314472,0.030558,0.002254,0.001912,-0.017714,0.002254,8,56,0,fixed,8,8,0,0,8.193907,3.000000,4.000000
1002,random,random,0,8,2,65,2,2,2,0.255724,85.666700,0.031965,22,0.209986,44,0,0,1,0.209986,0.209986,0.000000,0.000000,0.209986,-0.100355,56,53,1,0,25,33,22,133.000000,74.000000,85.666700,0.312166,0.305356,0.031944,0.024456,0.023908,0.001912,0.024456,8,56,0,fixed,8,8,0,0,8.193907,3.000000,4.000000
1002,random,random,0,8,2,66,0,0,4,0.000000,133.000000,0.300752,25,0.209986,44,0,2,1,0.209986,0.209986,0.000000,0.000000,0.209986,-0.100355,56,53,1,0,25,33,22,133.000000,74.000000,85.666700,0.300752,0.540541,0.466926,0.001912,0.002332,-0.002722,0.002332,8,56,0,fixed,8,8,0,0,8.193907,3.000000,4.000000
1002,random,random,0,8,2,67,1,1,2,2.534385,74.000000,0.316798,33,0.209986,44,0,2,1,0.209986,0.209986,0.000000,0.000000,0.209986,-0.100355,56,53,1,0,25,33,22,133.000000,74.000000,85.666700,0.312166,0.314472,0.030558,0.002254,0.001912,-0.017714,0.002254,8,56,0,fixed,8,8,0,0,8.193907,3.000000,4.000000
1002,random,random,0,8,2,68,0,0,2,2.571582,133.000000,0.321448,25,0.209986,44,0,1,1,0.209986,0.209986,0.000000,0.000000,0.209986,-0.100355,56,53,1,0,25,33,22,133.000000,74.000000,85.666700,0.325294,0.305356,0.030558,0.001912,0.001323,-0.018111,0.001323,8,56,0,fixed,8,8,0,0,8.193907,3.000000,4.000000
1002,random,random,0,8,2,69,2,2,1,0.574703,85.666700,0.191568,22,0.209986,44,0,0,1,0.209986,0.209986,0.000000,0.000000,0.209986,-0.100355,56,53,1,0,25,33,22,133.000000,74.000000,85.666700,1.025671,1.134013,0.360783,0.008448,0.008070,0.001912,0.008448,8,56,0,fixed,8,8,0,0,8.193907,3.000000,4.000000
1002,random,random,0,8,2,70,0,0,4,0.000000,133.000000,0.300752,25,0.209986,44,0,2,1,0.209986,0.209986,0.000000,0.000000,0.209986,-0.100355,56,53,1,0,25,33,22,133.000000,74.000000,85.666700,0.300752,0.540541,0.466926,0.001912,0.002332,-0.002722,0.002332,8,56,0,fixed,8,8,0,0,8.193907,3.000000,4.000000
1002,random,random,0,8,2,71,2,2,1,0.666340,85.666700,0.222113,22,0.209986,44,0,0,1,0.209986,0.209986,0.000000,0.000000,0.209986,-0.100355,56,53,1,0,25,33,22,133.000000,74.000000,85.666700,1.025671,1.134013,0.353147,0.008482,0.008104,0.001912,0.008482,8,56,0,fixed,8,8,0,0,8.193907,3.000000,4.000000
1002,random,random,0,8,2,72,1,1,3,0.000000,74.000000,1.351351,33,0.209986,44,0,0,1,0.209986,0.209986,0.000000,0.000000,0.209986,-0.100355,56,53,1,1,25,33,22,133.000000,74.000000,85.666700,0.751880,1.351351,1.167315,0.001990,0.001912,-0.003029,0.001990,8,56,0,fixed,8,8,0,0,8.193907,3.000000,4.000000
1002,random,random,0,8,2,73,1,1,2,2.534508,74.000000,0.316814,33,0.209986,44,0,1,0,0.209986,0.209986,0.000000,0.000000,0.209986,-0.100355,56,53,1,0,25,33,22,133.000000,74.000000,85.666700,0.312166,0.314471,0.030558,0.002254,0.001912,-0.017714,0.002254,8,56,0,fixed,8,8,0,0,8.193907,3.000000,4.000000
1002,random,random,0,8,2,74,0,0,4,0.000000,133.000000,0.300752,25,0.209986,44,0,1,1,0.209986,0.209986,0.000000,0.000000,0.209986,-0.100355,56,53,1,0,25,33,22,133.000000,74.000000,85.666700,0.300752,0.540541,0.466926,0.001912,0.002332,-0.002722,0.002332,8,56,0,fixed,8,8,0,0,8.193907,3.000000,4.000000
1002,random,random,0,8,2,75,0,0,4,0.000000,133.000000,0.300752,25,0.209986,44,0,2,1,0.209986,0.209986,0.000000,0.000000,0.209986,-0.100355,56,53,1,0,25,33,22,133.000000,74.000000,85.666700,0.300752,0.540541,0.466926,0.001912,0.002332,-0.002722,0.002332,8,56,0,fixed,8,8,0,0,8.193907,3.000000,4.000000
1002,random,random,0,8,2,76,2,2,2,0.256828,85.666700,0.032104,22,0.209986,44,0,1,1,0.209986,0.209986,0.000000,0.000000,0.209986,-0.100355,56,53,1,0,25,33,22,133.000000,74.000000,85.666700,0.312166,0.305356,0.031921,0.024470,0.023922,0.001912,0.024470,8,56,0,fixed,8,8,0,0,8.193907,3.000000,4.000000
1002,random,random,0,8,2,77,1,1,2,2.534508,74.000000,0.316814,33,0.209986,44,0,0,1,0.209986,0.209986,0.000000,0.000000,0.209986,-0.100355,56,53,1,0,25,33,22,133.000000,74.000000,85.666700,0.312166,0.314471,0.030558,0.002254,0.001912,-0.017714,0.002254,8,56,0,fixed,8,8,0,0,8.193907,3.000000,4.000000
1002,random,random,0,8,2,78,1,1,1,4.447593,74.000000,1.482531,33,0.209986,44,0,1,0,0.209986,0.209986,0.000000,0.000000,0.209986,-0.100355,56,53,1,1,25,33,22,133.000000,74.000000,85.666700,1.025671,1.089838,0.312725,0.002273,0.001912,-0.004196,0.002273,8,56,0,fixed,8,8,0,0,8.193907,3.000000,4.000000
1002,random,random,0,8,2,79,1,1,2,2.534409,74.000000,0.316801,33,0.209986,44,0,0,1,0.209986,0.209986,0.000000,0.000000,0.209986,-0.100355,56,53,1,0,25,33,22,133.000000,74.000000,85.666700,0.312166,0.314472,0.030558,0.002254,0.001912,-0.017714,0.002254,8,56,0,fixed,8,8,0,0,8.193907,3.000000,4.000000
1002,random,random,0,8,2,80,2,2,4,0.000000,85.666700,0.466926,22,0.209986,44,0,1,1,0.209986,0.209986,0.000000,0.000000,0.209986,-0.100355,56,53,1,0,25,33,22,133.000000,74.000000,85.666700,0.300752,0.540541,0.466926,0.006759,0.007198,0.001912,0.007198,8,56,0,fixed,8,8,0,0,8.193907,3.000000,4.000000
1002,random,random,0,8,3,1,1,1,4,0.000000,74.000000,0.540541,33,0.210532,43,0,1,0,0.210532,0.210532,0.000000,0.000000,0.210532,0.000546,47,42,1,-1,26,33,21,136.167000,74.000000,85.000000,0.293757,0.540541,0.470588,-0.000761,0.000363,-0.004517,0.000000,8,47,0,fixed,8,8,0,0,11.042200,3.000000,4.000000
1002,random,random,0,8,3,2,1,1,2,2.135469,74.000000,0.266934,33,0.210532,43,0,1,0,0.210532,0.210532,0.000000,0.000000,0.210532,0.000546,47,42,1,0,26,33,21,136.167000,74.000000,85.000000,0.204286,0.276066,0.037082,-0.000666,0.000363,-0.016121,0.000000,8,47,0,fixed,8,8,0,0,11.042200,3.000000,4.000000
1002,random,random,0,8,3,3,0,0,1,2.916476,136.167000,0.972159,26,0.210532,43,0,2,1,0.210532,0.210532,0.000000,0.000000,0.210532,0.000546,47,42,1,-1,26,33,21,136.167000,74.000000,85.000000,1.179456,1.180801,0.526136,0.000363,0.000611,-0.004693,0.000611,8,47,0,fixed,8,8,0,0,11.042200,3.000000,4.000000
1002,random,random,0,8,3,4,2,2,2,0.280898,85.000000,0.035112,21,0.210532,43,0,1,1,0.210532,0.210532,0.000000,0.000000,0.210532,0.000546,47,42,1,0,26,33,21,136.167000,74.000000,85.000000,0.204286,0.267208,0.039382,0.016859,0.017918,0.000363,0.017918,8,47,0,fixed,8,8,0,0,11.042200,3.000000,4.000000
1002,random,random,0,8,3,5,0,0,1,3.407647,136.167000,1.135882,26,0.210532,43,0,0,0,0.210532,0.210532,0.000000,0.000000,0.210532,0.000546,47,42,1,-1,26,33,21,136.167000,74.000000,85.000000,1.152169,1.180801,0.526136,0.000363,0.000621,-0.004683,0.000621,8,47,0,fixed,8,8,0,0,11.042200,3.000000,4.000000
1002,random,random,0,8,3,6,1,1,3,0.000000,74.000000,1.351351,33,0.210532,43,0,1,0,0.210532,0.210532,0.000000,0.000000,0.210532,0.000546,47,42,1,1,26,33,21,136.167000,74.000000,85.000000,0.734392,1.351351,1.176471,-0.000247,0.000363,-0.004429,0.000000,8,47,0,fixed,8,8,0,0,11.042200,3.000000,4.000000
1002,random,random,0,8,3,7,0,0,4,0.000000,136.167000,0.293757,26,0.210532,43,0,0,0,0.210532,0.210532,0.000000,0.000000,0.210532,0.000546,47,42,1,0,26,33,21,136.167000,74.000000,85.000000,0.293757,0.540541,0.470588,0.000363,0.001498,-0.003433,0.001498,8,47,0,fixed,8,8,0,0,11.042200,3.000000,4.000000
1002,random,random,0,8,3,8,2,2,4,0.000000,85.000000,0.470588,21,0.210532,43,0,1,1,0.210532,0.210532,0.000000,0.000000,0.210532,0.000546,47,42,1,0,26,33,21,136.167000,74.000000,85.000000,0.293757,0.540541,0.470588,0.004300,0.005479,0.000363,0.005479,8,47,0,fixed,8,8,0,0,11.042200,3.000000,4.000000
1002,random,random,0,8,3,9,2,2,3,0.000000,85.000000,1.176471,21,0.210532,43,0,1,1,0.210532,0.210532,0.000000,0.000000,0.210532,0.000546,47,42,1,-1,26,33,21,136.167000,74.000000,85.000000,0.734392,1.351351,1.176471,0.004744,0.005382,0.000363,0.005382,8,47,0,fixed,8,8,0,0,11.042200,3.000000,4.000000
1002,random,random,0,8,3,10,0,0,2,1.695137,136.167000,0.211892,26,0.210532,43,0,2,1,0.210532,0.210532,0.000000,0.000000,0.210532,0.000546,47,42,1,0,26,33,21,136.167000,74.000000,85.000000,0.212171,0.267208,0.037082,0.000363,0.001069,-0.015412,0.001069,8,47,0,fixed,8,8,0,0,11.042200,3.000000,4.000000
1002,random,random,0,8,3,11,1,1,4,0.000000,74.000000,0.540541,33,0.210532,43,0,1,0,0.210532,0.210532,0.000000,0.000000,0.210532,0.000546,47,42,1,-1,26,33,21,136.167000,74.000000,85.000000,0.293757,0.540541,0.470588,-0.000761,0.000363,-0.004517,0.000000,8,47,0,fixed,8,8,0,0,11.042200,3.000000,4.000000
1002,random,random,0,8,3,12,1,1,2,2.143219,74.000000,0.267902,33,0.210532,43,0,2,1,0.210532,0.210532,0.000000,0.000000,0.210532,0.000546,47,42,1,0,26,33,21,136.167000,74.000000,85.000000,0.204286,0.275978,0.037082,-0.000666,0.000363,-0.016121,0.000000,8,47,0,fixed,8,8,0,0,11.042200,3.000000,4.000000
1002,random,random,0,8,3,13,2,2,4,0.000000,85.000000,0.470588,21,0.210532,43,0,0,1,0.210532,0.210532,0.000000,0.000000,0.210532,0.000546,47,42,1,0,26,33,21,136.167000,74.000000,85.000000,0.293757,0.540541,0.470588,0.004300,0.005479,0.000363,0.005479,8,47,0,fixed,8,8,0,0,11.042200,3.000000,4.000000
1002,random,random,0,8,3,14,0,0,3,0.000000,136.167000,0.734392,26,0.210532,43,0,1,1,0.210532,0.210532,0.000000,0.000000,0.210532,0.000546,47,42,1,-1,26,33,21,136.167000,74.000000,85.000000,0.734392,1.351351,1.176471,0.000363,0.000975,-0.003844,0.000975,8,47,0,fixed,8,8,0,0,11.042200,3.000000,4.000000
1002,random,random,0,8,3,15,1,1,1,4.783410,74.000000,1.594470,33,0.210532,43,0,0,1,0.210532,0.210532,0.000000,0.000000,0.210532,0.000546,47,42,1,1,26,33,21,136.167000,74.000000,85.000000,1.107255,1.174596,0.526136,0.000055,0.000363,-0.004940,0.000055,8,47,0,fixed,8,8,0,0,11.042200,3.000000,4.000000
1002,random,random,0,8,3,16,0,0,4,0.000000,136.167000,0.293757,26,0.210532,43,0,0,0,0.210532,0.210532,0.000000,0.000000,0.210532,0.000546,47,42,1,0,26,33,21,136.167000,74.000000,85.000000,0.293757,0.540541,0.470588,0.000363,0.001498,-0.003433,0.001498,8,47,0,fixed,8,8,0,0,11.042200,3.000000,4.000000
1002,random,random,0,8,3,17,1,1,3,0.000000,74.000000,1.351351,33,0.210532,43,0,1,0,0.210532,0.210532,0.000000,0.000000,0.210532,0.000546,47,42,1,1,26,33,21,136.167000,74.000000,85.000000,0.734392,1.351351,1.176471,-0.000247,0.000363,-0.004429,0.000000,8,47,0,fixed,8,8,0,0,11.042200,3.000000,4.000000
1002,random,random,0,8,3,18,1,1,1,3.374732,74.000000,1.124911,33,0.210532,43,0,2,1,0.210532,0.210532,0.000000,0.000000,0.210532,0.000546,47,42,1,1,26,33,21,136.167000,74.000000,85.000000,1.107255,1.226769,0.526136,0.000035,0.000363,-0.004959,0.000035,8,47,0,fixed,8,8,0,0,11.042200,3.000000,4.000000
1002,random,random,0,8,3,19,2,2,2,0.280869,85.000000,0.035109,21,0.210532,43,0,2,0,0.210532,0.210532,0.000000,0.000000,0.210532,0.000546,47,42,1,0,26,33,21,136.167000,74.000000,85.000000,0.204286,0.267208,0.039382,0.016859,0.017918,0.000363,0.017918,8,47,0,fixed,8,8,0,0,11.042200,3.000000,4.000000
1002,random,random,0,8,3,20,0,0,4,0.000000,136.167000,0.293757,26,0.210532,43,0,0,0,0.210532,0.210532,0.000000,0.000000,0.210532,0.000546,47,42,1,0,26,33,21,136.167000,74.000000,85.000000,0.293757,0.540541,0.470588,0.000363,0.001498,-0.003433,0.001498,8,47,0,fixed,8,8,0,0,11.042200,3.000000,4.000000
1002,random,random,0,8,3,21,0,0,2,1.695084,136.167000,0.211885,26,0.210532,43,0,0,0,0.210532,0.210532,0.000000,0.000000,0.210532,0.000546,47,42,1,0,26,33,21,136.167000,74.000000,85.000000,0.212171,0.267208,0.037082,0.000363,0.001069,-0.015412,0.001069,8,47,0,fixed,8,8,0,0,11.042200,3.000000,4.000000
1002,random,random,0,8,3,22,2,2,3,0.000000,85.000000,1.176471,21,0.210532,43,0,2,0,0.210532,0.210532,0.000000,0.000000,0.210532,0.000546,47,42,1,-1,26,33,21,136.167000,74.000000,85.000000,0.734392,1.351351,1.176471,0.004744,0.005382,0.000363,0.005382,8,47,0,fixed,8,8,0,0,11.042200,3.000000,4.000000
1002,random,random,0,8,3,23,1,1,3,0.000000,74.000000,1.351351,33,0.210532,43,0,1,0,0.210532,0.210532,0.000000,0.000000,0.210532,0.000546,47,42,1,1,26,33,21,136.167000,74.000000,85.000000,0.734392,1.351351,1.176471,-0.000247,0.000363,-0.004429,0.000000,8,47,0,fixed,8,8,0,0,11.042200,3.000000,4.000000
1002,random,random,0,8,3,24,0,0,1,3.189984,136.167000,1.063328,26,0.210532,43,0,2,1,0.210532,0.210532,0.000000,0.000000,0.210532,0.000546,47,42,1,-1,26,33,21,136.167000,74.000000,85.000000,1.164261,1.180801,0.526136,0.000363,0.000617,-0.004688,0.000617,8,47,0,fixed,8,8,0,0,11.042200,3.000000,4.000000
1002,random,random,0,8,3,25,0,0,2,1.694978,136.167000,0.211872,26,0.210532,43,0,2,1,0.210532,0.210532,0.000000,0.000000,0.210532,0.000546,47,42,1,0,26,33,21,136.167000,74.000000,85.000000,0.212173,0.267208,0.037082,0.000363,0.001069,-0.015412,0.001069,8,47,0,fixed,8,8,0,0,11.042200,3.000000,4.000000
1002,random,random,0,8,3,26,2,2,4,0.000000,85.000000,0.470588,21,0.210532,43,0,0,1,0.210532,0.210532,0.000000,0.000000,0.210532,0.000546,47,42,1,0,26,33,21,136.167000,74.000000,85.000000,0.293757,0.540541,0.470588,0.004300,0.005479,0.000363,0.005479,8,47,0,fixed,8,8,0,0,11.042200,3.000000,4.000000
1002,random,random,0,8,3,27,1,1,2,2.091795,74.000000,0.261474,33,0.210532,43,0,1,0,0.210532,0.210532,0.000000,0.000000,0.210532,0.000546,47,42,1,0,26,33,21,136.167000,74.000000,85.000000,0.204286,0.276563,0.037082,-0.000670,0.000363,-0.016124,0.000000,8,47,0,fixed,8,8,0,0,11.042200,3.000000,4.000000
1002,random,random,0,8,3,28,1,1,2,2.103779,74.000000,0.262972,33,0.210532,43,0,2,1,0.210532,0.210532,0.000000,0.000000,0.210532,0.000546,47,42,1,0,26,33,21,136.167000,74.000000,85.000000,0.204286,0.276427,0.037082,-0.000669,0.000363,-0.016123,0.000000,8,47,0,fixed,8,8,0,0,11.042200,3.000000,4.000000
1002,random,random,0,8,3,29,0,0,2,1.697172,136.167000,0.212146,26,0.210532,43,0,2,1,0.210532,0.210532,0.000000,0.000000,0.210532,0.000546,47,42,1,0,26,33,21,136.167000,74.000000,85.000000,0.212142,0.267208,0.037082,0.000363,0.001070,-0.015411,0.001070,8,47,0,fixed,8,8,0,0,11.042200,3.000000,4.000000
1002,random,random,0,8,3,30,0,0,3,0.000000,136.167000,0.734392,26,0.210532,43,0,1,1,0.210532,0.210532,0.000000,0.000000,0.210532,0.000546,47,42,1,-1,26,33,21,136.167000,74.000000,85.000000,0.734392,1.351351,1.176471,0.000363,0.000975,-0.003844,0.000975,8,47,0,fixed,8,8,0,0,11.042200,3.000000,4.000000
1002,random,random,0,8,3,31,1,1,1,2.504706,74.000000,0.834902,33,0.210532,43,0,0,1,0.210532,0.210532,0.000000,0.000000,0.210532,0.000546,47,42,1,-1,26,33,21,136.167000,74.000000,85.000000,1.107255,1.258992,0.526136,0.000024,0.000363,-0.004969,0.000024,8,47,0,fixed,8,8,0,0,11.042200,3.000000,4.000000
1002,random,random,0,8,3,32,1,1,1,3.630496,74.000000,1.210165,33,0.210532,43,0,1,0,0.210532,0.210532,0.000000,0.000000,0.210532,0.000546,47,42,1,1,26,33,21,136.167000,74.000000,85.000000,1.107255,1.217296,0.526136,0.000039,0.000363,-0.004955,0.000039,8,47,0,fixed,8,8,0,0,11.042200,3.000000,4.000000
1002,random,random,0,8,3,33,1,1,2,2.414174,74.000000,0.301772,33,0.210532,43,0,0,1,0.210532,0.210532,0.000000,0.000000,0.210532,0.000546,47,42,1,0,26,33,21,136.167000,74.000000,85.000000,0.204286,0.272899,0.037082,-0.000644,0.000363,-0.016102,0.000000,8,47,0,fixed,8,8,0,0,11.042200,3.000000,4.000000
1002,random,random,0,8,3,34,2,2,2,0.280862,85.000000,0.035108,21,0.210532,43,1,2,0,0.210532,0.210532,0.000000,0.000000,0.210532,0.000546,47,42,1,0,26,33,21,136.167000,74.000000,85.000000,0.204286,0.267208,0.039382,0.016859,0.017918,0.000363,0.017918,8,47,0,fixed,8,8,0,0,11.042200,3.000000,4.000000
1002,random,random,0,8,3,35,2,2,2,0.280874,85.000000,0.035109,21,0.210532,43,0,0,1,0.210532,0.210532,0.000000,0.000000,0.210532,0.000546,47,42,1,0,26,33,21,136.167000,74.000000,85.000000,0.204286,0.267208,0.039382,0.016859,0.017918,0.000363,0.017918,8,47,0,fixed,8,8,0,0,11.042200,3.000000,4.000000
1002,random,random,0,8,3,36,2,2,3,0.000000,85.000000,1.176471,21,0.210532,43,0,0,1,0.210532,0.210532,0.000000,0.000000,0.210532,0.000546,47,42,1,-1,26,33,21,136.167000,74.000000,85.000000,0.734392,1.351351,1.176471,0.004744,0.005382,0.000363,0.005382,8,47,0,fixed,8,8,0,0,11.042200,3.000000,4.000000
1002,random,random,0,8,3,37,2,2,2,0.513634,85.000000,0.064204,21,0.210532,43,0,2,0,0.210532,0.210532,0.000000,0.000000,0.210532,0.000546,47,42,1,0,26,33,21,136.167000,74.000000,85.000000,0.204286,0.267208,0.035226,0.018719,0.019794,0.000363,0.019794,8,47,0,fixed,8,8,0,0,11.042200,3.000000,4.000000
1002,random,random,0,8,3,38,0,0,4,0.000000,136.167000,0.293757,26,0.210532,43,0,0,0,0.210532,0.210532,0.000000,0.000000,0.210532,0.000546,47,42,1,0,26,33,21,136.167000,74.000000,85.000000,0.293757,0.540541,0.470588,0.000363,0.001498,-0.003433,0.001498,8,47,0,fixed,8,8,0,0,11.042200,3.000000,4.000000
1002,random,random,0,8,3,39,0,0,2,1.696234,136.167000,0.212029,26,0.210532,43,0,0,0,0.210532,0.210532,0.000000,0.000000,0.210532,0.000546,47,42,1,0,26,33,21,136.167000,74.000000,85.000000,0.212156,0.267208,0.037082,0.000363,0.001069,-0.015411,0.001069,8,47,0,fixed,8,8,0,0,11.042200,3.000000,4.000000
1002,random,random,0,8,3,40,0,0,4,0.000000,136.167000,0.293757,26,0.210532,43,0,1,1,0.210532,0.210532,0.000000,0.000000,0.210532,0.000546,47,42,1,0,26,33,21,136.167000,74.000000,85.000000,0.293757,0.540541,0.470588,0.000363,0.001498,-0.003433,0.001498,8,47,0,fixed,8,8,0,0,11.042200,3.000000,4.000000
1002,random,random,0,8,3,41,2,2,4,0.000000,85.000000,0.470588,21,0.210532,43,0,2,0,0.210532,0.210532,0.000000,0.000000,0.210532,0.000546,47,42,1,0,26,33,21,136.167000,74.000000,85.000000,0.293757,0.540541,0.470588,0.004300,0.005479,0.000363,0.005479,8,47,0,fixed,8,8,0,0,11.042200,3.000000,4.000000
1002,random,random,0,8,3,42,0,0,1,2.782055,136.167000,0.927352,26,0.210532,43,0,2,1,0.210532,0.210532,0.000000,0.000000,0.210532,0.000546,47,42,1,-1,26,33,21,136.167000,74.000000,85.000000,1.186924,1.180801,0.526136,0.000363,0.000608,-0.004696,0.000608,8,47,0,fixed,8,8,0,0,11.042200,3.000000,4.000000
1002,random,random,0,8,3,43,0,0,1,3.934363,136.167000,1.311454,26,0.210532,43,0,0,0,0.210532,0.210532,0.000000,0.000000,0.210532,0.000546,47,42,1,-1,26,33,21,136.167000,74.000000,85.000000,1.122907,1.180801,0.526136,0.000363,0.000634,-0.004671,0.000634,8,47,0,fixed,8,8,0,0,11.042200,3.000000,4.000000
1002,random,random,0,8,3,44,1,1,1,3.451204,74.000000,1.150401,33,0.210532,43,0,0,1,0.210532,0.210532,0.000000,0.000000,0.210532,0.000546,47,42,1,1,26,33,21,136.167000,74.000000,85.000000,1.107255,1.223937,0.526136,0.000036,0.000363,-0.004958,0.000036,8,47,0,fixed,8,8,0,0,11.042200,3.000000,4.000000
1002,random,random,0,8,3,45,1,1,3,0.000000,74.000000,1.351351,33,0.210532,43,0,1,0,0.210532,0.210532,0.000000,0.000000,0.210532,0.000546,47,42,1,1,26,33,21,136.167000,74.000000,85.000000,0.734392,1.351351,1.176471,-0.000247,0.000363,-0.004429,0.000000,8,47,0,fixed,8,8,0,0,11.042200,3.000000,4.000000
1002,random,random,0,8,3,46,1,1,2,2.215310,74.000000,0.276914,33,0.210532,43,0,0,1,0.210532,0.210532,0.000000,0.000000,0.210532,0.000546,47,42,1,0,26,33,21,136.167000,74.000000,85.000000,0.204286,0.275159,0.037082,-0.000660,0.000363,-0.016116,0.000000,8,47,0,fixed,8,8,0,0,11.042200,3.000000,4.000000
1002,random,random,0,8,3,47,1,1,4,0.000000,74.000000,0.540541,33,0.210532,43,0,1,0,0.210532,0.210532,0.000000,0.000000,0.210532,0.000546,47,42,1,-1,26,33,21,136.167000,74.000000,85.000000,0.293757,0.540541,0.470588,-0.000761,0.000363,-0.004517,0.000000,8,47,0,fixed,8,8,0,0,11.042200,3.000000,4.000000
1002,random,random,0,8,3,48,1,1,3,0.000000,74.000000,1.351351,33,0.210532,43,0,2,1,0.210532,0.210532,0.000000,0.000000,0.210532,0.000546,47,42,1,1,26,33,21,136.167000,74.000000,85.000000,0.734392,1.351351,1.176471,-0.000247,0.000363,-0.004429,0.000000,8,47,0,fixed,8,8,0,0,11.042200,3.000000,4.000000
1002,random,random,0,8,3,49,1,1,1,3.730361,74.000000,1.243454,33,0.210532,43,0,0,1,0.210532,0.210532,0.000000,0.000000,0.210532,0.000546,47,42,1,1,26,33,21,136.167000,74.000000,85.000000,1.107255,1.213598,0.526136,0.000040,0.000363,-0.004954,0.000040,8,47,0,fixed,8,8,0,0,11.042200,3.000000,4.000000
1002,random,random,0,8,3,50,2,2,2,0.283055,85.000000,0.035382,21,0.210532,43,0,0,1,0.210532,0.210532,0.000000,0.000000,0.210532,0.000546,47,42,1,0,26,33,21,136.167000,74.000000,85.000000,0.204286,0.267208,0.039343,0.016875,0.017933,0.000363,0.017933,8,47,0,fixed,8,8,0,0,11.042200,3.000000,4.000000
1002,random,random,0,8,3,51,0,0,4,0.000000,136.167000,0.293757,26,0.210532,43,0,2,1,0.210532,0.210532,0.000000,0.000000,0.210532,0.000546,47,42,1,0,26,33,21,136.167000,74.000000,85.000000,0.293757,0.540541,0.470588,0.000363,0.001498,-0.003433,0.001498,8,47,0,fixed,8,8,0,0,11.042200,3.000000,4.000000
1002,random,random,0,8,3,52,1,1,4,0.000000,74.000000,0.540541,33,0.210532,43,0,2,1,0.210532,0.210532,0.000000,0.000000,0.210532,0.000546,47,42,1,-1,26,33,21,136.167000,74.000000,85.000000,0.293757,0.540541,0.470588,-0.000761,0.000363,-0.004517,0.000000,8,47,0,fixed,8,8,0,0,11.042200,3.000000,4.000000
1002,random,random,0,8,3,53,2,2,2,0.283084,85.000000,0.035385,21,0.210532,43,0,1,1,0.210532,0.210532,0.000000,0.000000,0.210532,0.000546,47,42,1,0,26,33,21,136.167000,74.000000,85.000000,0.204286,0.267208,0.039343,0.016875,0.017933,0.000363,0.017933,8,47,0,fixed,8,8,0,0,11.042200,3.000000,4.000000
1002,random,random,0,8,3,54,1,1,2,2.181414,74.000000,0.272677,33,0.210532,43,0,2,1,0.210532,0.210532,0.000000,0.000000,0.210532,0.000546,47,42,1,0,26,33,21,136.167000,74.000000,85.000000,0.204286,0.275544,0.037082,-0.000663,0.000363,-0.016118,0.000000,8,47,0,fixed,8,8,0,0,11.042200,3.000000,4.000000
1002,random,random,0,8,3,55,2,2,1,1.653569,85.000000,0.551190,21,0.210532,43,0,0,1,0.210532,0.210532,0.000000,0.000000,0.210532,0.000546,47,42,1,-1,26,33,21,136.167000,74.000000,85.000000,1.107255,1.180801,0.103595,0.009966,0.010291,0.000363,0.010291,8,47,0,fixed,8,8,0,0,11.042200,3.000000,4.000000
1002,random,random,0,8,3,56,1,1,1,3.713791,74.000000,1.237930,33,0.210532,43,0,0,1,0.210532,0.210532,0.000000,0.000000,0.210532,0.000546,47,42,1,1,26,33,21,136.167000,74.000000,85.000000,1.107255,1.214211,0.526136,0.000040,0.000363,-0.004954,0.000040,8,47,0,fixed,8,8,0,0,11.042200,3.000000,4.000000
1002,random,random,0,8,3,57,2,2,3,0.000000,85.000000,1.176471,21,0.210532,43,0,0,1,0.210532,0.210532,0.000000,0.000000,0.210532,0.000546,47,42,1,-1,26,33,21,136.167000,74.000000,85.000000,0.734392,1.351351,1.176471,0.004744,0.005382,0.000363,0.005382,8,47,0,fixed,8,8,0,0,11.042200,3.000000,4.000000
1002,random,random,0,8,3,58,0,0,2,1.696198,136.167000,0.212025,26,0.210532,43,0,1,1,0.210532,0.210532,0.000000,0.000000,0.210532,0.000546,47,42,1,0,26,33,21,136.167000,74.000000,85.000000,0.212156,0.267208,0.037082,0.000363,0.001069,-0.015411,0.001069,8,47,0,fixed,8,8,0,0,11.042200,3.000000,4.000000
1002,random,random,0,8,3,59,2,2,3,0.000000,85.000000,1.176471,21,0.210532,43,0,1,1,0.210532,0.210532,0.000000,0.000000,0.210532,0.000546,47,42,1,-1,26,33,21,136.167000,74.000000,85.000000,0.734392,1.351351,1.176471,0.004744,0.005382,0.000363,0.005382,8,47,0,fixed,8,8,0,0,11.042200,3.000000,4.000000
1002,random,random,0,8,3,60,1,1,1,3.543601,74.000000,1.181200,33,0.210532,43,0,2,1,0.210532,0.210532,0.000000,0.000000,0.210532,0.000546,47,42,1,1,26,33,21,136.167000,74.000000,85.000000,1.107255,1.220515,0.526136,0.000037,0.000363,-0.004957,0.000037,8,47,0,fixed,8,8,0,0,11.042200,3.000000,4.000000
1002,random,random,0,8,3,61,1,1,2,2.215245,74.000000,0.276906,33,0.210532,43,0,1,0,0.210532,0.210532,0.000000,0.000000,0.210532,0.000546,47,42,1,0,26,33,21,136.167000,74.000000,85.000000,0.204286,0.275160,0.037082,-0.000660,0.000363,-0.016116,0.000000,8,47,0,fixed,8,8,0,0,11.042200,3.000000,4.000000
1002,random,random,0,8,3,62,1,1,1,4.202178,74.000000,1.400726,33,0.210532,43,0,1,0,0.210532,0.210532,0.000000,0.000000,0.210532,0.000546,47,42,1,1,26,33,21,136.167000,74.000000,85.000000,1.107255,1.196123,0.526136,0.000046,0.000363,-0.004948,0.000046,8,47,0,fixed,8,8,0,0,11.042200,3.000000,4.000000
1002,random,random,0,8,3,63,1,1,2,2.214168,74.000000,0.276771,33,0.210532,43,0,1,0,0.210532,0.210532,0.000000,0.000000,0.210532,0.000546,47,42,1,0,26,33,21,136.167000,74.000000,85.000000,0.204286,0.275172,0.037082,-0.000660,0.000363,-0.016116,0.000000,8,47,0,fixed,8,8,0,0,11.042200,3.000000,4.000000
1002,random,random,0,8,3,64,0,0,2,1.696163,136.167000,0.212020,26,0.210532,43,0,1,1,0.210532,0.210532,0.000000,0.000000,0.210532,0.000546,47,42,1,0,26,33,21,136.167000,74.000000,85.000000,0.212156,0.267208,0.037082,0.000363,0.001069,-0.015411,0.001069,8,47,0,fixed,8,8,0,0,11.042200,3.000000,4.000000
1002,random,random,0,8,3,65,0,0,2,1.730010,136.167000,0.216251,26,0.210532,43,0,1,1,0.210532,0.210532,0.000000,0.000000,0.210532,0.000546,47,42,1,0,26,33,21,136.167000,74.000000,85.000000,0.211686,0.267208,0.037082,0.000363,0.001075,-0.015407,0.001075,8,47,0,fixed,8,8,0,0,11.042200,3.000000,4.000000
1002,random,random,0,8,3,66,2,2,4,0.000000,85.000000,0.470588,21,0.210532,43,0,1,1,0.210532,0.210532,0.000000,0.000000,0.210532,0.000546,47,42,1,0,26,33,21,136.167000,74.000000,85.000000,0.293757,0.540541,0.470588,0.004300,0.005479,0.000363,0.005479,8,47,0,fixed,8,8,0,0,11.042200,3.000000,4.000000
1002,random,random,0,8,3,67,2,2,2,0.283002,85.000000,0.035375,21,0.210532,43,0,0,1,0.210532,0.210532,0.000000,0.000000,0.210532,0.000546,47,42,1,0,26,33,21,136.167000,74.000000,85.000000,0.204286,0.267208,0.039344,0.016874,0.017933,0.000363,0.017933,8,47,0,fixed,8,8,0,0,11.042200,3.000000,4.000000
1002,random,random,0,8,3,68,1,1,2,2.398896,74.000000,0.299862,33,0.210532,43,0,1,0,0.210532,0.210532,0.000000,0.000000,0.210532,0.000546,47,42,1,0,26,33,21,136.167000,74.000000,85.000000,0.204286,0.273073,0.037082,-0.000645,0.000363,-0.016103,0.000000,8,47,0,fixed,8,8,0,0,11.042200,3.000000,4.000000
1002,random,random,0,8,3,69,0,0,1,4.000229,136.167000,1.333410,26,0.210532,43,0,2,1,0.210532,0.210532,0.000000,0.000000,0.210532,0.000546,47,42,1,-1,26,33,21,136.167000,74.000000,85.000000,1.119247,1.180801,0.526136,0.000363,0.000635,-0.004670,0.000635,8,47,0,fixed,8,8,0,0,11.042200,3.000000,4.000000
1002,random,random,0,8,3,70,2,2,4,0.000000,85.000000,0.470588,21,0.210532,43,0,2,0,0.210532,0.210532,0.000000,0.000000,0.210532,0.000546,47,42,1,0,26,33,21,136.167000,74.000000,85.000000,0.293757,0.540541,0.470588,0.004300,0.005479,0.000363,0.005479,8,47,0,fixed,8,8,0,0,11.042200,3.000000,4.000000
1002,random,random,0,8,3,71,0,0,1,3.915927,136.167000,1.305309,26,0.210532,43,0,2,1,0.210532,0.210532,0.000000,0.000000,0.210532,0.000546,47,42,1,-1,26,33,21,136.167000,74.000000,85.000000,1.123931,1.180801,0.526136,0.000363,0.000633,-0.004672,0.000633,8,47,0,fixed,8,8,0,0,11.042200,3.000000,4.000000
1002,random,random,0,8,3,72,0,0,3,0.000000,136.167000,0.734392,26,0.210532,43,0,1,1,0.210532,0.210532,0.000000,0.000000,0.210532,0.000546,47,42,1,-1,26,33,21,136.167000,74.000000,85.000000,0.734392,1.351351,1.176471,0.000363,0.000975,-0.003844,0.000975,8,47,0,fixed,8,8,0,0,11.042200,3.000000,4.000000
1002,random,random,0,8,3,73,1,1,2,2.132256,74.000000,0.266532,33,0.210532,43,0,1,0,0.210532,0.210532,0.000000,0.000000,0.210532,0.000546,47,42,1,0,26,33,21,136.167000,74.000000,85.000000,0.204286,0.276103,0.037082,-0.000667,0.000363,-0.016121,0.000000,8,47,0,fixed,8,8,0,0,11.042200,3.000000,4.000000
1002,random,random,0,8,3,74,1,1,4,0.000000,74.000000,0.540541,33,0.210532,43,0,1,0,0.210532,0.210532,0.000000,0.000000,0.210532,0.000546,47,42,1,-1,26,33,21,136.167000,74.000000,85.000000,0.293757,0.540541,0.470588,-0.000761,0.000363,-0.004517,0.000000,8,47,0,fixed,8,8,0,0,11.042200,3.000000,4.000000
1002,random,random,0,8,3,75,2,2,4,0.000000,85.000000,0.470588,21,0.210532,43,0,0,1,0.210532,0.210532,0.000000,0.000000,0.210532,0.000546,47,42,1,0,26,33,21,136.167000,74.000000,85.000000,0.293757,0.540541,0.470588,0.004300,0.005479,0.000363,0.005479,8,47,0,fixed,8,8,0,0,11.042200,3.000000,4.000000
1002,random,random,0,8,3,76,1,1,2,2.183590,74.000000,0.272949,33,0.210532,43,0,1,0,0.210532,0.210532,0.000000,0.000000,0.210532,0.000546,47,42,1,0,26,33,21,136.167000,74.000000,85.000000,0.204286,0.275520,0.037082,-0.000662,0.000363,-0.016118,0.000000,8,47,0,fixed,8,8,0,0,11.042200,3.000000,4.000000
1002,random,random,0,8,3,77,0,0,2,1.696105,136.167000,0.212013,26,0.210532,43,0,1,1,0.210532,0.210532,0.000000,0.000000,0.210532,0.000546,47,42,1,0,26,33,21,136.167000,74.000000,85.000000,0.212157,0.267208,0.037082,0.000363,0.001069,-0.015412,0.001069,8,47,0,fixed,8,8,0,0,11.042200,3.000000,4.000000
1002,random,random,0,8,3,78,1,1,1,3.563021,74.000000,1.187674,33,0.210532,43,0,1,0,0.210532,0.210532,0.000000,0.000000,0.210532,0.000546,47,42,1,1,26,33,21,136.167000,74.000000,85.000000,1.107255,1.219796,0.526136,0.000038,0.000363,-0.004956,0.000038,8,47,0,fixed,8,8,0,0,11.042200,3.000000,4.000000
1002,random,random,0,8,3,79,0,0,2,1.674350,136.167000,0.209294,26,0.210532,43,0,1,1,0.210532,0.210532,0.000000,0.000000,0.210532,0.000546,47,42,1,0,26,33,21,136.167000,74.000000,85.000000,0.212459,0.267208,0.037082,0.000363,0.001066,-0.015415,0.001066,8,47,0,fixed,8,8,0,0,11.042200,3.000000,4.000000
1002,random,random,0,8,3,80,1,1,4,0.000000,74.000000,0.540541,33,0.210532,43,0,1,0,0.210532,0.210532,0.000000,0.000000,0.210532,0.000546,47,42,1,-1,26,33,21,136.167000,74.000000,85.000000,0.293757,0.540541,0.470588,-0.000761,0.000363,-0.004517,0.000000,8,47,0,fixed,8,8,0,0,11.042200,3.000000,4.000000
1002,random,random,0,8,4,1,1,1,4,0.000000,83.166700,0.480962,34,0.419602,38,0,0,1,0.419602,0.419602,0.000000,0.000000,0.419602,0.209070,48,36,1,0,24,34,22,94.333300,83.166700,47.500000,0.424028,0.480962,0.842105,0.003122,0.001422,-0.000296,0.003122,8,48,0,fixed,8,8,0,0,8.367120,3.000000,4.000000
1002,random,random,0,8,4,2,1,1,2,2.091861,83.166700,0.261483,34,0.419602,38,0,0,1,0.419602,0.419602,0.000000,0.000000,0.419602,0.209070,48,36,1,0,24,34,22,94.333300,83.166700,47.500000,0.797745,0.266309,0.129912,0.009172,0.001422,-0.010888,0.009172,8,48,0,fixed,8,8,0,0,8.367120,3.000000,4.000000
1002,random,random,0,8,4,3,2,2,1,3.038421,47.500000,1.012807,22,0.419602,38,0,0,1,0.419602,0.419602,0.000000,0.000000,0.419602,0.209070,48,36,1,-1,24,34,22,94.333300,83.166700,47.500000,1.383489,1.097818,1.137829,0.007787,0.004993,0.001422,0.007787,8,48,0,fixed,8,8,0,0,8.367120,3.000000,4.000000
1002,random,random,0,8,4,4,1,1,2,2.145329,83.166700,0.268166,34,0.419602,38,0,2,1,0.419602,0.419602,0.000000,0.000000,0.419602,0.209070,48,36,1,0,24,34,22,94.333300,83.166700,47.500000,0.797745,0.265795,0.129912,0.009188,0.001422,-0.010874,0.009188,8,48,0,fixed,8,8,0,0,8.367120,3.000000,4.000000
1002,random,random,0,8,4,5,0,0,1,3.507404,94.333300,1.169135,24,0.419602,38,0,2,1,0.419602,0.419602,0.000000,0.000000,0.419602,0.209070,48,36,1,-1,24,34,22,94.333300,83.166700,47.500000,1.479991,1.097818,1.071274,0.001422,-0.001455,-0.005122,0.000000,8,48,0,fixed,8,8,0,0,8.367120,3.000000,4.000000
1002,random,random,0,8,4,6,1,1,3,0.000000,83.166700,1.202404,34,0.419602,38,0,0,1,0.419602,0.419602,0.000000,0.000000,0.419602,0.209070,48,36,1,1,24,34,22,94.333300,83.166700,47.500000,1.060071,1.202404,2.105263,0.003497,0.001422,-0.001469,0.003497,8,48,0,fixed,8,8,0,0,8.367120,3.000000,4.000000
1002,random,random,0,8,4,7,0,0,4,0.000000,94.333300,0.424028,24,0.419602,38,0,1,1,0.419602,0.419602,0.000000,0.000000,0.419602,0.209070,48,36,1,0,24,34,22,94.333300,83.166700,47.500000,0.424028,0.480962,0.842105,0.001422,-0.000265,-0.001969,0.000000,8,48,0,fixed,8,8,0,0,8.367120,3.000000,4.000000
1002,random,random,0,8,4,8,1,1,4,0.000000,83.166700,0.480962,34,0.419602,38,0,0,1,0.419602,0.419602,0.000000,0.000000,0.419602,0.209070,48,36,1,0,24,34,22,94.333300,83.166700,47.500000,0.424028,0.480962,0.842105,0.003122,0.001422,-0.000296,0.003122,8,48,0,fixed,8,8,0,0,8.367120,3.000000,4.000000
1002,random,random,0,8,4,9,1,1,3,0.000000,83.166700,1.202404,34,0.419602,38,0,1,0,0.419602,0.419602,0.000000,0.000000,0.419602,0.209070,48,36,1,1,24,34,22,94.333300,83.166700,47.500000,1.060071,1.202404,2.105263,0.003497,0.001422,-0.001469,0.003497,8,48,0,fixed,8,8,0,0,8.367120,3.000000,4.000000
1002,random,random,0,8,4,10,2,2,2,1.074272,47.500000,0.134284,22,0.419602,38,0,1,1,0.419602,0.419602,0.000000,0.000000,0.419602,0.209070,48,36,1,0,24,34,22,94.333300,83.166700,47.500000,0.797745,0.258365,0.136009,0.021085,0.012375,0.001422,0.021085,8,48,0,fixed,8,8,0,0,8.367120,3.000000,4.000000
1002,random,random,0,8,4,11,1,1,4,0.000000,83.166700,0.480962,34,0.419602,38,0,2,1,0.419602,0.419602,0.000000,0.000000,0.419602,0.209070,48,36,1,0,24,34,22,94.333300,83.166700,47.500000,0.424028,0.480962,0.842105,0.003122,0.001422,-0.000296,0.003122,8,48,0,fixed,8,8,0,0,8.367120,3.000000,4.000000
1002,random,random,0,8,4,12,2,2,2,1.072044,47.500000,0.134005,22,0.419602,38,0,2,0,0.419602,0.419602,0.000000,0.000000,0.419602,0.209070,48,36,1,0,24,34,22,94.333300,83.166700,47.500000,0.797745,0.258365,0.136044,0.021081,0.012370,0.001422,0.021081,8,48,0,fixed,8,8,0,0,8.367120,3.000000,4.000000
1002,random,random,0,8,4,13,0,0,4,0.000000,94.333300,0.424028,24,0.419602,38,0,2,1,0.419602,0.419602,0.000000,0.000000,0.419602,0.209070,48,36,1,0,24,34,22,94.333300,83.166700,47.500000,0.424028,0.480962,0.842105,0.001422,-0.000265,-0.001969,0.000000,8,48,0,fixed,8,8,0,0,8.367120,3.000000,4.000000
1002,random,random,0,8,4,14,1,1,3,0.000000,83.166700,1.202404,34,0.419602,38,0,0,1,0.419602,0.419602,0.000000,0.000000,0.419602,0.209070,48,36,1,1,24,34,22,94.333300,83.166700,47.500000,1.060071,1.202404,2.105263,0.003497,0.001422,-0.001469,0.003497,8,48,0,fixed,8,8,0,0,8.367120,3.000000,4.000000
1002,random,random,0,8,4,15,0,0,1,4.685698,94.333300,1.561899,24,0.419602,38,0,0,0,0.419602,0.419602,0.000000,0.000000,0.419602,0.209070,48,36,1,-1,24,34,22,94.333300,83.166700,47.500000,1.423882,1.097818,1.071274,0.001422,-0.001399,-0.005067,0.000000,8,48,0,fixed,8,8,0,0,8.367120,3.000000,4.000000
1002,random,random,0,8,4,16,0,0,4,0.000000,94.333300,0.424028,24,0.419602,38,0,0,0,0.419602,0.419602,0.000000,0.000000,0.419602,0.209070,48,36,1,0,24,34,22,94.333300,83.166700,47.500000,0.424028,0.480962,0.842105,0.001422,-0.000265,-0.001969,0.000000,8,48,0,fixed,8,8,0,0,8.367120,3.000000,4.000000
1002,random,random,0,8,4,17,1,1,3,0.000000,83.166700,1.202404,34,0.419602,38,0,2,1,0.419602,0.419602,0.000000,0.000000,0.419602,0.209070,48,36,1,1,24,34,22,94.333300,83.166700,47.500000,1.060071,1.202404,2.105263,0.003497,0.001422,-0.001469,0.003497,8,48,0,fixed,8,8,0,0,8.367120,3.000000,4.000000
1002,random,random,0,8,4,18,2,2,1,3.100509,47.500000,1.033503,22,0.419602,38,0,2,0,0.419602,0.419602,0.000000,0.000000,0.419602,0.209070,48,36,1,-1,24,34,22,94.333300,83.166700,47.500000,1.383489,1.097818,1.134380,0.007792,0.004998,0.001422,0.007792,8,48,0,fixed,8,8,0,0,8.367120,3.000000,4.000000
1002,random,random,0,8,4,19,2,2,2,1.075406,47.500000,0.134426,22,0.419602,38,0,0,1,0.419602,0.419602,0.000000,0.000000,0.419602,0.209070,48,36,1,0,24,34,22,94.333300,83.166700,47.500000,0.797745,0.258365,0.135991,0.021087,0.012377,0.001422,0.021087,8,48,0,fixed,8,8,0,0,8.367120,3.000000,4.000000
1002,random,random,0,8,4,20,0,0,4,0.000000,94.333300,0.424028,24,0.419602,38,0,0,0,0.419602,0.419602,0.000000,0.000000,0.419602,0.209070,48,36,1,0,24,34,22,94.333300,83.166700,47.500000,0.424028,0.480962,0.842105,0.001422,-0.000265,-0.001969,0.000000,8,48,0,fixed,8,8,0,0,8.367120,3.000000,4.000000
1002,random,random,0,8,4,21,0,0,2,6.771570,94.333300,0.846446,24,0.419602,38,0,1,1,0.419602,0.419602,0.000000,0.000000,0.419602,0.209070,48,36,1,-1,24,34,22,94.333300,83.166700,47.500000,0.828407,0.258365,0.129912,0.001422,-0.006742,-0.018131,0.000000,8,48,0,fixed,8,8,0,0,8.367120,3.000000,4.000000
1002,random,random,0,8,4,22,2,2,3,0.000000,47.500000,2.105263,22,0.419602,38,0,0,1,0.419602,0.419602,0.000000,0.000000,0.419602,0.209070,48,36,1,-1,24,34,22,94.333300,83.166700,47.500000,1.060071,1.202404,2.105263,0.006456,0.004352,0.001422,0.006456,8,48,0,fixed,8,8,0,0,8.367120,3.000000,4.000000
1002,random,random,0,8,4,23,1,1,3,0.000000,83.166700,1.202404,34,0.419602,38,0,1,0,0.419602,0.419602,0.000000,0.000000,0.419602,0.209070,48,36,1,1,24,34,22,94.333300,83.166700,47.500000,1.060071,1.202404,2.105263,0.003497,0.001422,-0.001469,0.003497,8,48,0,fixed,8,8,0,0,8.367120,3.000000,4.000000
1002,random,random,0,8,4,24,2,2,1,3.005469,47.500000,1.001823,22,0.419602,38,0,1,1,0.419602,0.419602,0.000000,0.000000,0.419602,0.209070,48,36,1,-1,24,34,22,94.333300,83.166700,47.500000,1.383489,1.097818,1.139660,0.007784,0.004990,0.001422,0.007784,8,48,0,fixed,8,8,0,0,8.367120,3.000000,4.000000
1002,random,random,0,8,4,25,2,2,2,1.072066,47.500000,0.134008,22,0.419602,38,0,0,1,0.419602,0.419602,0.000000,0.000000,0.419602,0.209070,48,36,1,0,24,34,22,94.333300,83.166700,47.500000,0.797745,0.258365,0.136043,0.021081,0.012370,0.001422,0.021081,8,48,0,fixed,8,8,0,0,8.367120,3.000000,4.000000
1002,random,random,0,8,4,26,0,0,4,0.000000,94.333300,0.424028,24,0.419602,38,0,0,0,0.419602,0.419602,0.000000,0.000000,0.419602,0.209070,48,36,1,0,24,34,22,94.333300,83.166700,47.500000,0.424028,0.480962,0.842105,0.001422,-0.000265,-0.001969,0.000000,8,48,0,fixed,8,8,0,0,8.367120,3.000000,4.000000
1002,random,random,0,8,4,27,1,1,2,2.090722,83.166700,0.261340,34,0.419602,38,0,2,1,0.419602,0.419602,0.000000,0.000000,0.419602,0.209070,48,36,1,0,24,34,22,94.333300,83.166700,47.500000,0.797745,0.266320,0.129912,0.009172,0.001422,-0.010889,0.009172,8,48,0,fixed,8,8,0,0,8.367120,3.000000,4.000000
1002,random,random,0,8,4,28,2,2,2,1.072061,47.500000,0.134008,22,0.419602,38,0,2,0,0.419602,0.419602,0.000000,0.000000,0.419602,0.209070,48,36,1,0,24,34,22,94.333300,83.166700,47.500000,0.797745,0.258365,0.136043,0.021081,0.012370,0.001422,0.021081,8,48,0,fixed,8,8,0,0,8.367120,3.000000,4.000000
1002,random,random,0,8,4,29,2,2,2,1.191226,47.500000,0.148903,22,0.419602,38,0,1,1,0.419602,0.419602,0.000000,0.000000,0.419602,0.209070,48,36,1,0,24,34,22,94.333300,83.166700,47.500000,0.797745,0.258365,0.134181,0.021317,0.012598,0.001422,0.021317,8,48,0,fixed,8,8,0,0,8.367120,3.000000,4.000000
1002,random,random,0,8,4,30,1,1,3,0.000000,83.166700,1.202404,34,0.419602,38,0,1,0,0.419602,0.419602,0.000000,0.000000,0.419602,0.209070,48,36,1,1,24,34,22,94.333300,83.166700,47.500000,1.060071,1.202404,2.105263,0.003497,0.001422,-0.001469,0.003497,8,48,0,fixed,8,8,0,0,8.367120,3.000000,4.000000
1002,random,random,0,8,4,31,0,0,1,3.507009,94.333300,1.169003,24,0.419602,38,0,1,1,0.419602,0.419602,0.000000,0.000000,0.419602,0.209070,48,36,1,-1,24,34,22,94.333300,83.166700,47.500000,1.480010,1.097818,1.071274,0.001422,-0.001455,-0.005122,0.000000,8,48,0,fixed,8,8,0,0,8.367120,3.000000,4.000000
1002,random,random,0,8,4,32,1,1,1,3.288395,83.166700,1.096132,34,0.419602,38,0,0,1,0.419602,0.419602,0.000000,0.000000,0.419602,0.209070,48,36,1,1,24,34,22,94.333300,83.166700,47.500000,1.383489,1.147095,1.071274,0.004023,0.001422,-0.002437,0.004023,8,48,0,fixed,8,8,0,0,8.367120,3.000000,4.000000
1002,random,random,0,8,4,33,0,0,2,6.660036,94.333300,0.832505,24,0.419602,38,0,0,0,0.419602,0.419602,0.000000,0.000000,0.419602,0.209070,48,36,1,-1,24,34,22,94.333300,83.166700,47.500000,0.830731,0.258365,0.129912,0.001422,-0.006749,-0.018138,0.000000,8,48,0,fixed,8,8,0,0,8.367120,3.000000,4.000000
1002,random,random,0,8,4,34,2,2,2,1.074348,47.500000,0.134294,22,0.419602,38,0,0,1,0.419602,0.419602,0.000000,0.000000,0.419602,0.209070,48,36,1,0,24,34,22,94.333300,83.166700,47.500000,0.797745,0.258365,0.136008,0.021085,0.012375,0.001422,0.021085,8,48,0,fixed,8,8,0,0,8.367120,3.000000,4.000000
1002,random,random,0,8,4,35,0,0,2,6.720176,94.333300,0.840022,24,0.419602,38,0,1,1,0.419602,0.419602,0.000000,0.000000,0.419602,0.209070,48,36,1,-1,24,34,22,94.333300,83.166700,47.500000,0.829478,0.258365,0.129912,0.001422,-0.006745,-0.018134,0.000000,8,48,0,fixed,8,8,0,0,8.367120,3.000000,4.000000
1002,random,random,0,8,4,36,0,0,3,0.000000,94.333300,1.060071,24,0.419602,38,0,2,1,0.419602,0.419602,0.000000,0.000000,0.419602,0.209070,48,36,1,-1,24,34,22,94.333300,83.166700,47.500000,1.060071,1.202404,2.105263,0.001422,-0.000633,-0.003495,0.000000,8,48,0,fixed,8,8,0,0,8.367120,3.000000,4.000000
1002,random,random,0,8,4,37,2,2,2,1.075381,47.500000,0.134423,22,0.419602,38,0,1,1,0.419602,0.419602,0.000000,0.000000,0.419602,0.209070,48,36,1,0,24,34,22,94.333300,83.166700,47.500000,0.797745,0.258365,0.135991,0.021087,0.012377,0.001422,0.021087,8,48,0,fixed,8,8,0,0,8.367120,3.000000,4.000000
1002,random,random,0,8,4,38,0,0,4,0.000000,94.333300,0.424028,24,0.419602,38,0,0,0,0.419602,0.419602,0.000000,0.000000,0.419602,0.209070,48,36,1,0,24,34,22,94.333300,83.166700,47.500000,0.424028,0.480962,0.842105,0.001422,-0.000265,-0.001969,0.000000,8,48,0,fixed,8,8,0,0,8.367120,3.000000,4.000000
1002,random,random,0,8,4,39,0,0,2,6.268800,94.333300,0.783600,24,0.419602,38,0,0,0,0.419602,0.419602,0.000000,0.000000,0.419602,0.209070,48,36,1,-1,24,34,22,94.333300,83.166700,47.500000,0.838881,0.258365,0.129912,0.001422,-0.006773,-0.018161,0.000000,8,48,0,fixed,8,8,0,0,8.367120,3.000000,4.000000
1002,random,random,0,8,4,40,1,1,4,0.000000,83.166700,0.480962,34,0.419602,38,0,2,1,0.419602,0.419602,0.000000,0.000000,0.419602,0.209070,48,36,1,0,24,34,22,94.333300,83.166700,47.500000,0.424028,0.480962,0.842105,0.003122,0.001422,-0.000296,0.003122,8,48,0,fixed,8,8,0,0,8.367120,3.000000,4.000000
1002,random,random,0,8,4,41,2,2,4,0.000000,47.500000,0.842105,22,0.419602,38,0,2,0,0.419602,0.419602,0.000000,0.000000,0.419602,0.209070,48,36,1,-1,24,34,22,94.333300,83.166700,47.500000,0.424028,0.480962,0.842105,0.004868,0.003154,0.001422,0.004868,8,48,0,fixed,8,8,0,0,8.367120,3.000000,4.000000
1002,random,random,0,8,4,42,2,2,1,3.025795,47.500000,1.008598,22,0.419602,38,0,0,1,0.419602,0.419602,0.000000,0.000000,0.419602,0.209070,48,36,1,-1,24,34,22,94.333300,83.166700,47.500000,1.383489,1.097818,1.138530,0.007785,0.004992,0.001422,0.007785,8,48,0,fixed,8,8,0,0,8.367120,3.000000,4.000000
1002,random,random,0,8,4,43,0,0,1,5.223717,94.333300,1.741239,24,0.419602,38,0,2,1,0.419602,0.419602,0.000000,0.000000,0.419602,0.209070,48,36,1,-1,24,34,22,94.333300,83.166700,47.500000,1.398262,1.097818,1.071274,0.001422,-0.001372,-0.005040,0.000000,8,48,0,fixed,8,8,0,0,8.367120,3.000000,4.000000
1002,random,random,0,8,4,44,0,0,1,3.507030,94.333300,1.169010,24,0.419602,38,0,0,0,0.419602,0.419602,0.000000,0.000000,0.419602,0.209070,48,36,1,-1,24,34,22,94.333300,83.166700,47.500000,1.480009,1.097818,1.071274,0.001422,-0.001455,-0.005122,0.000000,8,48,0,fixed,8,8,0,0,8.367120,3.000000,4.000000
1002,random,random,0,8,4,45,1,1,3,0.000000,83.166700,1.202404,34,0.419602,38,0,0,1,0.419602,0.419602,0.000000,0.000000,0.419602,0.209070,48,36,1,1,24,34,22,94.333300,83.166700,47.500000,1.060071,1.202404,2.105263,0.003497,0.001422,-0.001469,0.003497,8,48,0,fixed,8,8,0,0,8.367120,3.000000,4.000000
1002,random,random,0,8,4,46,0,0,2,6.685188,94.333300,0.835648,24,0.419602,38,0,1,1,0.419602,0.419602,0.000000,0.000000,0.419602,0.209070,48,36,1,-1,24,34,22,94.333300,83.166700,47.500000,0.830207,0.258365,0.129912,0.001422,-0.006747,-0.018137,0.000000,8,48,0,fixed,8,8,0,0,8.367120,3.000000,4.000000
1002,random,random,0,8,4,47,1,1,4,0.000000,83.166700,0.480962,34,0.419602,38,0,2,1,0.419602,0.419602,0.000000,0.000000,0.419602,0.209070,48,36,1,0,24,34,22,94.333300,83.166700,47.500000,0.424028,0.480962,0.842105,0.003122,0.001422,-0.000296,0.003122,8,48,0,fixed,8,8,0,0,8.367120,3.000000,4.000000
1002,random,random,0,8,4,48,2,2,3,0.000000,47.500000,2.105263,22,0.419602,38,0,0,1,0.419602,0.419602,0.000000,0.000000,0.419602,0.209070,48,36,1,-1,24,34,22,94.333300,83.166700,47.500000,1.060071,1.202404,2.105263,0.006456,0.004352,0.001422,0.006456,8,48,0,fixed,8,8,0,0,8.367120,3.000000,4.000000
1002,random,random,0,8,4,49,0,0,1,3.507458,94.333300,1.169153,24,0.419602,38,0,0,0,0.419602,0.419602,0.000000,0.000000,0.419602,0.209070,48,36,1,-1,24,34,22,94.333300,83.166700,47.500000,1.479989,1.097818,1.071274,0.001422,-0.001455,-0.005122,0.000000,8,48,0,fixed,8,8,0,0,8.367120,3.000000,4.000000
1002,random,random,0,8,4,50,0,0,2,6.714662,94.333300,0.839333,24,0.419602,38,0,1,1,0.419602,0.419602,0.000000,0.000000,0.419602,0.209070,48,36,1,-1,24,34,22,94.333300,83.166700,47.500000,0.829593,0.258365,0.129912,0.001422,-0.006746,-0.018135,0.000000,8,48,0,fixed,8,8,0,0,8.367120,3.000000,4.000000
1002,random,random,0,8,4,51,2,2,4,0.000000,47.500000,0.842105,22,0.419602,38,0,2,0,0.419602,0.419602,0.000000,0.000000,0.419602,0.209070,48,36,1,-1,24,34,22,94.333300,83.166700,47.500000,0.424028,0.480962,0.842105,0.004868,0.003154,0.001422,0.004868,8,48,0,fixed,8,8,0,0,8.367120,3.000000,4.000000
1002,random,random,0,8,4,52,2,2,4,0.000000,47.500000,0.842105,22,0.419602,38,0,2,0,0.419602,0.419602,0.000000,0.000000,0.419602,0.209070,48,36,1,-1,24,34,22,94.333300,83.166700,47.500000,0.424028,0.480962,0.842105,0.004868,0.003154,0.001422,0.004868,8,48,0,fixed,8,8,0,0,8.367120,3.000000,4.000000
1002,random,random,0,8,4,53,1,1,2,2.148720,83.166700,0.268590,34,0.419602,38,0,1,0,0.419602,0.419602,0.000000,0.000000,0.419602,0.209070,48,36,1,0,24,34,22,94.333300,83.166700,47.500000,0.797745,0.265762,0.129912,0.009189,0.001422,-0.010873,0.009189,8,48,0,fixed,8,8,0,0,8.367120,3.000000,4.000000
1002,random,random,0,8,4,54,2,2,2,1.072032,47.500000,0.134004,22,0.419602,38,1,2,0,0.419602,0.419602,0.000000,0.000000,0.419602,0.209070,48,36,1,0,24,34,22,94.333300,83.166700,47.500000,0.797745,0.258365,0.136044,0.021081,0.012370,0.001422,0.021081,8,48,0,fixed,8,8,0,0,8.367120,3.000000,4.000000
1002,random,random,0,8,4,55,0,0,1,7.140779,94.333300,2.380260,24,0.419602,38,0,2,1,0.419602,0.419602,0.000000,0.000000,0.419602,0.209070,48,36,1,-1,24,34,22,94.333300,83.166700,47.500000,1.306973,1.097818,1.071274,0.001422,-0.001267,-0.004937,0.000000,8,48,0,fixed,8,8,0,0,8.367120,3.000000,4.000000
1002,random,random,0,8,4,56,0,0,1,3.508123,94.333300,1.169374,24,0.419602,38,0,0,0,0.419602,0.419602,0.000000,0.000000,0.419602,0.209070,48,36,1,-1,24,34,22,94.333300,83.166700,47.500000,1.479957,1.097818,1.071274,0.001422,-0.001454,-0.005121,0.000000,8,48,0,fixed,8,8,0,0,8.367120,3.000000,4.000000
1002,random,random,0,8,4,57,0,0,3,0.000000,94.333300,1.060071,24,0.419602,38,0,2,1,0.419602,0.419602,0.000000,0.000000,0.419602,0.209070,48,36,1,-1,24,34,22,94.333300,83.166700,47.500000,1.060071,1.202404,2.105263,0.001422,-0.000633,-0.003495,0.000000,8,48,0,fixed,8,8,0,0,8.367120,3.000000,4.000000
1002,random,random,0,8,4,58,1,1,2,2.207648,83.166700,0.275956,34,0.419602,38,0,1,0,0.419602,0.419602,0.000000,0.000000,0.419602,0.209070,48,36,1,0,24,34,22,94.333300,83.166700,47.500000,0.797745,0.265196,0.129912,0.009207,0.001422,-0.010856,0.009207,8,48,0,fixed,8,8,0,0,8.367120,3.000000,4.000000
1002,random,random,0,8,4,59,1,1,3,0.000000,83.166700,1.202404,34,0.419602,38,0,1,0,0.419602,0.419602,0.000000,0.000000,0.419602,0.209070,48,36,1,1,24,34,22,94.333300,83.166700,47.500000,1.060071,1.202404,2.105263,0.003497,0.001422,-0.001469,0.003497,8,48,0,fixed,8,8,0,0,8.367120,3.000000,4.000000
1002,random,random,0,8,4,60,2,2,1,3.117344,47.500000,1.039115,22,0.419602,38,0,0,1,0.419602,0.419602,0.000000,0.000000,0.419602,0.209070,48,36,1,-1,24,34,22,94.333300,83.166700,47.500000,1.383489,1.097818,1.133444,0.007794,0.005000,0.001422,0.007794,8,48,0,fixed,8,8,0,0,8.367120,3.000000,4.000000
1002,random,random,0,8,4,61,1,1,2,2.006473,83.166700,0.250809,34,0.419602,38,0,1,0,0.419602,0.419602,0.000000,0.000000,0.419602,0.209070,48,36,1,0,24,34,22,94.333300,83.166700,47.500000,0.797745,0.267130,0.129912,0.009146,0.001422,-0.010912,0.009146,8,48,0,fixed,8,8,0,0,8.367120,3.000000,4.000000
1002,random,random,0,8,4,62,1,1,1,3.377322,83.166700,1.125774,34,0.419602,38,0,2,1,0.419602,0.419602,0.000000,0.000000,0.419602,0.209070,48,36,1,1,24,34,22,94.333300,83.166700,47.500000,1.383489,1.132274,1.071274,0.004048,0.001422,-0.002413,0.004048,8,48,0,fixed,8,8,0,0,8.367120,3.000000,4.000000
1002,random,random,0,8,4,63,1,1,2,2.007712,83.166700,0.250964,34,0.419602,38,0,0,1,0.419602,0.419602,0.000000,0.000000,0.419602,0.209070,48,36,1,0,24,34,22,94.333300,83.166700,47.500000,0.797745,0.267118,0.129912,0.009147,0.001422,-0.010911,0.009147,8,48,0,fixed,8,8,0,0,8.367120,3.000000,4.000000
1002,random,random,0,8,4,64,1,1,2,2.248110,83.166700,0.281014,34,0.419602,38,0,1,0,0.419602,0.419602,0.000000,0.000000,0.419602,0.209070,48,36,1,0,24,34,22,94.333300,83.166700,47.500000,0.797745,0.264807,0.129912,0.009220,0.001422,-0.010845,0.009220,8,48,0,fixed,8,8,0,0,8.367120,3.000000,4.000000
1002,random,random,0,8,4,65,1,1,2,2.248062,83.166700,0.281008,34,0.419602,38,0,1,0,0.419602,0.419602,0.000000,0.000000,0.419602,0.209070,48,36,1,0,24,34,22,94.333300,83.166700,47.500000,0.797745,0.264807,0.129912,0.009220,0.001422,-0.010845,0.009220,8,48,0,fixed,8,8,0,0,8.367120,3.000000,4.000000
1002,random,random,0,8,4,66,1,1,4,0.000000,83.166700,0.480962,34,0.419602,38,0,2,1,0.419602,0.419602,0.000000,0.000000,0.419602,0.209070,48,36,1,0,24,34,22,94.333300,83.166700,47.500000,0.424028,0.480962,0.842105,0.003122,0.001422,-0.000296,0.003122,8,48,0,fixed,8,8,0,0,8.367120,3.000000,4.000000
1002,random,random,0,8,4,67,0,0,2,6.714674,94.333300,0.839334,24,0.419602,38,0,2,1,0.419602,0.419602,0.000000,0.000000,0.419602,0.209070,48,36,1,-1,24,34,22,94.333300,83.166700,47.500000,0.829592,0.258365,0.129912,0.001422,-0.006746,-0.018135,0.000000,8,48,0,fixed,8,8,0,0,8.367120,3.000000,4.000000
1002,random,random,0,8,4,68,1,1,2,2.007712,83.166700,0.250964,34,0.419602,38,0,2,1,0.419602,0.419602,0.000000,0.000000,0.419602,0.209070,48,36,1,0,24,34,22,94.333300,83.166700,47.500000,0.797745,0.267118,0.129912,0.009147,0.001422,-0.010911,0.009147,8,48,0,fixed,8,8,0,0,8.367120,3.000000,4.000000
1002,random,random,0,8,4,69,2,2,1,4.128839,47.500000,1.376280,22,0.419602,38,0,2,0,0.419602,0.419602,0.000000,0.000000,0.419602,0.209070,48,36,1,-1,24,34,22,94.333300,83.166700,47.500000,1.383489,1.097818,1.077250,0.007894,0.005099,0.001422,0.007894,8,48,0,fixed,8,8,0,0,8.367120,3.000000,4.000000
1002,random,random,0,8,4,70,2,2,4,0.000000,47.500000,0.842105,22,0.419602,38,0,2,0,0.419602,0.419602,0.000000,0.000000,0.419602,0.209070,48,36,1,-1,24,34,22,94.333300,83.166700,47.500000,0.424028,0.480962,0.842105,0.004868,0.003154,0.001422,0.004868,8,48,0,fixed,8,8,0,0,8.367120,3.000000,4.000000
1002,random,random,0,8,4,71,2,2,1,4.102965,47.500000,1.367655,22,0.419602,38,0,0,1,0.419602,0.419602,0.000000,0.000000,0.419602,0.209070,48,36,1,-1,24,34,22,94.333300,83.166700,47.500000,1.383489,1.097818,1.078688,0.007892,0.005096,0.001422,0.007892,8,48,0,fixed,8,8,0,0,8.367120,3.000000,4.000000
1002,random,random,0,8,4,72,1,1,3,0.000000,83.166700,1.202404,34,0.419602,38,0,2,1,0.419602,0.419602,0.000000,0.000000,0.419602,0.209070,48,36,1,1,24,34,22,94.333300,83.166700,47.500000,1.060071,1.202404,2.105263,0.003497,0.001422,-0.001469,0.003497,8,48,0,fixed,8,8,0,0,8.367120,3.000000,4.000000
1002,random,random,0,8,4,73,1,1,2,2.089573,83.166700,0.261197,34,0.419602,38,0,2,1,0.419602,0.419602,0.000000,0.000000,0.419602,0.209070,48,36,1,0,24,34,22,94.333300,83.166700,47.500000,0.797745,0.266331,0.129912,0.009171,0.001422,-0.010889,0.009171,8,48,0,fixed,8,8,0,0,8.367120,3.000000,4.000000
1002,random,random,0,8,4,74,1,1,4,0.000000,83.166700,0.480962,34,0.419602,38,0,1,0,0.419602,0.419602,0.000000,0.000000,0.419602,0.209070,48,36,1,0,24,34,22,94.333300,83.166700,47.500000,0.424028,0.480962,0.842105,0.003122,0.001422,-0.000296,0.003122,8,48,0,fixed,8,8,0,0,8.367120,3.000000,4.000000
1002,random,random,0,8,4,75,0,0,4,0.000000,94.333300,0.424028,24,0.419602,38,0,0,0,0.419602,0.419602,0.000000,0.000000,0.419602,0.209070,48,36,1,0,24,34,22,94.333300,83.166700,47.500000,0.424028,0.480962,0.842105,0.001422,-0.000265,-0.001969,0.000000,8,48,0,fixed,8,8,0,0,8.367120,3.000000,4.000000
1002,random,random,0,8,4,76,1,1,2,2.000984,83.166700,0.250123,34,0.419602,38,0,0,1,0.419602,0.419602,0.000000,0.000000,0.419602,0.209070,48,36,1,0,24,34,22,94.333300,83.166700,47.500000,0.797745,0.267183,0.129912,0.009145,0.001422,-0.010913,0.009145,8,48,0,fixed,8,8,0,0,8.367120,3.000000,4.000000
1002,random,random,0,8,4,77,1,1,2,2.248075,83.166700,0.281009,34,0.419602,38,0,0,1,0.419602,0.419602,0.000000,0.000000,0.419602,0.209070,48,36,1,0,24,34,22,94.333300,83.166700,47.500000,0.797745,0.264807,0.129912,0.009220,0.001422,-0.010845,0.009220,8,48,0,fixed,8,8,0,0,8.367120,3.000000,4.000000
1002,random,random,0,8,4,78,1,1,1,3.505247,83.166700,1.168416,34,0.419602,38,0,1,0,0.419602,0.419602,0.000000,0.000000,0.419602,0.209070,48,36,1,1,24,34,22,94.333300,83.166700,47.500000,1.383489,1.110953,1.071274,0.004085,0.001422,-0.002377,0.004085,8,48,0,fixed,8,8,0,0,8.367120,3.000000,4.000000
1002,random,random,0,8,4,79,1,1,2,2.247030,83.166700,0.280879,34,0.419602,38,0,0,1,0.419602,0.419602,0.000000,0.000000,0.419602,0.209070,48,36,1,0,24,34,22,94.333300,83.166700,47.500000,0.797745,0.264817,0.129912,0.009219,0.001422,-0.010846,0.009219,8,48,0,fixed,8,8,0,0,8.367120,3.000000,4.000000
1002,random,random,0,8,4,80,1,1,4,0.000000,83.166700,0.480962,34,0.419602,38,0,1,0,0.419602,0.419602,0.000000,0.000000,0.419602,0.209070,48,36,1,0,24,34,22,94.333300,83.166700,47.500000,0.424028,0.480962,0.842105,0.003122,0.001422,-0.000296,0.003122,8,48,0,fixed,8,8,0,0,8.367120,3.000000,4.000000
1002,random,random,0,8,5,1,0,0,4,0.000000,92.666700,0.431655,31,0.531355,30,0,0,0,0.531355,0.531355,0.000000,0.000000,0.531355,0.111753,0,28,1,0,31,22,27,92.666700,83.000000,48.500000,0.431655,0.481928,0.824742,0.023707,0.020293,0.026115,0.026115,8,0,8,fixed,8,8,0,0,0.000159,3.000000,4.000000
1002,random,random,0,8,5,2,0,0,2,4.763903,92.666700,0.595488,31,0.531355,30,0,0,0,0.531355,0.531355,0.000000,0.000000,0.531355,0.111753,0,28,1,-1,31,22,27,92.666700,83.000000,48.500000,0.602043,0.288446,0.264990,0.023707,0.012415,0.013693,0.013693,8,0,8,fixed,8,8,0,0,0.000159,3.000000,4.000000
1002,random,random,0,8,5,3,0,0,1,3.387100,92.666700,1.129033,31,0.531355,30,0,0,0,0.531355,0.531355,0.000000,0.000000,0.531355,0.111753,0,28,1,1,31,22,27,92.666700,83.000000,48.500000,1.163809,1.171868,1.126975,0.023707,0.019293,0.021645,0.021645,8,0,8,fixed,8,8,0,0,0.000159,3.000000,4.000000
1002,random,random,0,8,5,4,2,2,2,2.198860,48.500000,0.274858,27,0.531355,30,0,2,0,0.531355,0.531355,0.000000,0.000000,0.531355,0.111753,0,28,1,0,31,22,27,92.666700,83.000000,48.500000,0.582594,0.288446,0.274795,0.032587,0.021351,0.023707,0.032587,8,0,8,fixed,8,8,0,0,0.000159,3.000000,4.000000
1002,random,random,0,8,5,5,2,2,1,3.505247,48.500000,1.168416,27,0.531355,30,0,2,0,0.531355,0.531355,0.000000,0.000000,0.531355,0.111753,0,28,1,1,31,22,27,92.666700,83.000000,48.500000,1.123697,1.171868,1.168775,0.025313,0.021095,0.023707,0.025313,8,0,8,fixed,8,8,0,0,0.000159,3.000000,4.000000
1002,random,random,0,8,5,6,0,0,3,0.000000,92.666700,1.079136,31,0.531355,30,0,0,0,0.531355,0.531355,0.000000,0.000000,0.531355,0.111753,0,28,1,1,31,22,27,92.666700,83.000000,48.500000,1.079136,1.204819,2.061856,0.023707,0.019742,0.023553,0.023553,8,0,8,fixed,8,8,0,0,0.000159,3.000000,4.000000
1002,random,random,0,8,5,7,1,1,4,0.000000,83.000000,0.481928,22,0.531355,30,0,1,0,0.531355,0.531355,0.000000,0.000000,0.531355,0.111753,0,28,1,0,31,22,27,92.666700,83.000000,48.500000,0.431655,0.481928,0.824742,0.027164,0.023707,0.029602,0.029602,8,0,8,fixed,8,8,0,0,0.000159,3.000000,4.000000
1002,random,random,0,8,5,8,0,0,4,0.000000,92.666700,0.431655,31,0.531355,30,0,0,0,0.531355,0.531355,0.000000,0.000000,0.531355,0.111753,0,28,1,0,31,22,27,92.666700,83.000000,48.500000,0.431655,0.481928,0.824742,0.023707,0.020293,0.026115,0.026115,8,0,8,fixed,8,8,0,0,0.000159,3.000000,4.000000
1002,random,random,0,8,5,9,1,1,3,0.000000,83.000000,1.204819,22,0.531355,30,0,1,0,0.531355,0.531355,0.000000,0.000000,0.531355,0.111753,0,28,1,-1,31,22,27,92.666700,83.000000,48.500000,1.079136,1.204819,2.061856,0.027730,0.023707,0.027574,0.027730,8,0,8,fixed,8,8,0,0,0.000159,3.000000,4.000000
1002,random,random,0,8,5,10,1,1,2,2.611974,83.000000,0.326497,22,0.531355,30,0,1,0,0.531355,0.531355,0.000000,0.000000,0.531355,0.111753,0,28,1,0,31,22,27,92.666700,83.000000,48.500000,0.582594,0.299290,0.264990,0.033931,0.023707,0.023968,0.033931,8,0,8,fixed,8,8,0,0,0.000159,3.000000,4.000000
1002,random,random,0,8,5,11,2,2,4,0.000000,48.500000,0.824742,27,0.531355,30,0,2,0,0.531355,0.531355,0.000000,0.000000,0.531355,0.111753,0,28,1,-1,31,22,27,92.666700,83.000000,48.500000,0.431655,0.481928,0.824742,0.021320,0.017935,0.023707,0.021320,8,0,8,fixed,8,8,0,0,0.000159,3.000000,4.000000
1002,random,random,0,8,5,12,2,2,2,2.198841,48.500000,0.274855,27,0.531355,30,0,2,0,0.531355,0.531355,0.000000,0.000000,0.531355,0.111753,0,28,1,0,31,22,27,92.666700,83.000000,48.500000,0.582594,0.288446,0.274796,0.032587,0.021351,0.023707,0.032587,8,0,8,fixed,8,8,0,0,0.000159,3.000000,4.000000
1002,random,random,0,8,5,13,2,2,4,0.000000,48.500000,0.824742,27,0.531355,30,0,2,0,0.531355,0.531355,0.000000,0.000000,0.531355,0.111753,0,28,1,-1,31,22,27,92.666700,83.000000,48.500000,0.431655,0.481928,0.824742,0.021320,0.017935,0.023707,0.021320,8,0,8,fixed,8,8,0,0,0.000159,3.000000,4.000000
1002,random,random,0,8,5,14,0,0,3,0.000000,92.666700,1.079136,31,0.531355,30,0,0,0,0.531355,0.531355,0.000000,0.000000,0.531355,0.111753,0,28,1,1,31,22,27,92.666700,83.000000,48.500000,1.079136,1.204819,2.061856,0.023707,0.019742,0.023553,0.023553,8,0,8,fixed,8,8,0,0,0.000159,3.000000,4.000000
1002,random,random,0,8,5,15,0,0,1,3.388268,92.666700,1.129423,31,0.531355,30,0,0,0,0.531355,0.531355,0.000000,0.000000,0.531355,0.111753,0,28,1,1,31,22,27,92.666700,83.000000,48.500000,1.163760,1.171868,1.126975,0.023707,0.019293,0.021645,0.021645,8,0,8,fixed,8,8,0,0,0.000159,3.000000,4.000000
1002,random,random,0,8,5,16,0,0,4,0.000000,92.666700,0.431655,31,0.531355,30,0,0,0,0.531355,0.531355,0.000000,0.000000,0.531355,0.111753,0,28,1,0,31,22,27,92.666700,83.000000,48.500000,0.431655,0.481928,0.824742,0.023707,0.020293,0.026115,0.026115,8,0,8,fixed,8,8,0,0,0.000159,3.000000,4.000000
1002,random,random,0,8,5,17,2,2,3,0.000000,48.500000,2.061856,27,0.531355,30,0,2,0,0.531355,0.531355,0.000000,0.000000,0.531355,0.111753,0,28,1,1,31,22,27,92.666700,83.000000,48.500000,1.079136,1.204819,2.061856,0.023861,0.019894,0.023707,0.023861,8,0,8,fixed,8,8,0,0,0.000159,3.000000,4.000000
1002,random,random,0,8,5,18,2,2,1,3.507636,48.500000,1.169212,27,0.531355,30,0,2,0,0.531355,0.531355,0.000000,0.000000,0.531355,0.111753,0,28,1,1,31,22,27,92.666700,83.000000,48.500000,1.123697,1.171868,1.168616,0.025313,0.021096,0.023707,0.025313,8,0,8,fixed,8,8,0,0,0.000159,3.000000,4.000000
1002,random,random,0,8,5,19,0,0,2,4.740969,92.666700,0.592621,31,0.531355,30,0,0,0,0.531355,0.531355,0.000000,0.000000,0.531355,0.111753,0,28,1,-1,31,22,27,92.666700,83.000000,48.500000,0.602361,0.288446,0.264990,0.023707,0.012412,0.013690,0.013690,8,0,8,fixed,8,8,0,0,0.000159,3.000000,4.000000
1002,random,random,0,8,5,20,0,0,4,0.000000,92.666700,0.431655,31,0.531355,30,0,0,0,0.531355,0.531355,0.000000,0.000000,0.531355,0.111753,0,28,1,0,31,22,27,92.666700,83.000000,48.500000,0.431655,0.481928,0.824742,0.023707,0.020293,0.026115,0.026115,8,0,8,fixed,8,8,0,0,0.000159,3.000000,4.000000
1002,random,random,0,8,5,21,1,1,2,2.397777,83.000000,0.299722,22,0.531355,30,0,1,0,0.531355,0.531355,0.000000,0.000000,0.531355,0.111753,0,28,1,0,31,22,27,92.666700,83.000000,48.500000,0.582594,0.301724,0.264990,0.033828,0.023707,0.023869,0.033828,8,0,8,fixed,8,8,0,0,0.000159,3.000000,4.000000
1002,random,random,0,8,5,22,0,0,3,0.000000,92.666700,1.079136,31,0.531355,30,0,0,0,0.531355,0.531355,0.000000,0.000000,0.531355,0.111753,0,28,1,1,31,22,27,92.666700,83.000000,48.500000,1.079136,1.204819,2.061856,0.023707,0.019742,0.023553,0.023553,8,0,8,fixed,8,8,0,0,0.000159,3.000000,4.000000
1002,random,random,0,8,5,23,1,1,3,0.000000,83.000000,1.204819,22,0.531355,30,0,1,0,0.531355,0.531355,0.000000,0.000000,0.531355,0.111753,0,28,1,-1,31,22,27,92.666700,83.000000,48.500000,1.079136,1.204819,2.061856,0.027730,0.023707,0.027574,0.027730,8,0,8,fixed,8,8,0,0,0.000159,3.000000,4.000000
1002,random,random,0,8,5,24,1,1,1,3.505130,83.000000,1.168377,22,0.531355,30,0,1,0,0.531355,0.531355,0.000000,0.000000,0.531355,0.111753,0,28,1,-1,31,22,27,92.666700,83.000000,48.500000,1.123697,1.253513,1.126975,0.027606,0.023707,0.025741,0.027606,8,0,8,fixed,8,8,0,0,0.000159,3.000000,4.000000
1002,random,random,0,8,5,25,0,0,2,5.012940,92.666700,0.626618,31,0.531355,30,0,0,0,0.531355,0.531355,0.000000,0.000000,0.531355,0.111753,0,28,1,-1,31,22,27,92.666700,83.000000,48.500000,0.598584,0.288446,0.264990,0.023707,0.012449,0.013728,0.013728,8,0,8,fixed,8,8,0,0,0.000159,3.000000,4.000000
1002,random,random,0,8,5,26,0,0,4,0.000000,92.666700,0.431655,31,0.531355,30,0,0,0,0.531355,0.531355,0.000000,0.000000,0.531355,0.111753,0,28,1,0,31,22,27,92.666700,83.000000,48.500000,0.431655,0.481928,0.824742,0.023707,0.020293,0.026115,0.026115,8,0,8,fixed,8,8,0,0,0.000159,3.000000,4.000000
1002,random,random,0,8,5,27,2,2,2,2.198890,48.500000,0.274861,27,0.531355,30,0,2,0,0.531355,0.531355,0.000000,0.000000,0.531355,0.111753,0,28,1,0,31,22,27,92.666700,83.000000,48.500000,0.582594,0.288446,0.274795,0.032587,0.021351,0.023707,0.032587,8,0,8,fixed,8,8,0,0,0.000159,3.000000,4.000000
1002,random,random,0,8,5,28,2,2,2,2.195671,48.500000,0.274459,27,0.531355,30,0,2,0,0.531355,0.531355,0.000000,0.000000,0.531355,0.111753,0,28,1,0,31,22,27,92.666700,83.000000,48.500000,0.582594,0.288446,0.274862,0.032584,0.021347,0.023707,0.032584,8,0,8,fixed,8,8,0,0,0.000159,3.000000,4.000000
1002,random,random,0,8,5,29,1,1,2,2.587993,83.000000,0.323499,22,0.531355,30,0,1,0,0.531355,0.531355,0.000000,0.000000,0.531355,0.111753,0,28,1,0,31,22,27,92.666700,83.000000,48.500000,0.582594,0.299562,0.264990,0.033919,0.023707,0.023957,0.033919,8,0,8,fixed,8,8,0,0,0.000159,3.000000,4.000000
1002,random,random,0,8,5,30,1,1,3,0.000000,83.000000,1.204819,22,0.531355,30,0,1,0,0.531355,0.531355,0.000000,0.000000,0.531355,0.111753,0,28,1,-1,31,22,27,92.666700,83.000000,48.500000,1.079136,1.204819,2.061856,0.027730,0.023707,0.027574,0.027730,8,0,8,fixed,8,8,0,0,0.000159,3.000000,4.000000
1002,random,random,0,8,5,31,1,1,1,4.140351,83.000000,1.380117,22,0.531355,30,0,1,0,0.531355,0.531355,0.000000,0.000000,0.531355,0.111753,0,28,1,-1,31,22,27,92.666700,83.000000,48.500000,1.123697,1.147643,1.126975,0.027880,0.023707,0.026014,0.027880,8,0,8,fixed,8,8,0,0,0.000159,3.000000,4.000000
1002,random,random,0,8,5,32,0,0,1,3.508069,92.666700,1.169356,31,0.531355,30,0,0,0,0.531355,0.531355,0.000000,0.000000,0.531355,0.111753,0,28,1,1,31,22,27,92.666700,83.000000,48.500000,1.158768,1.171868,1.126975,0.023707,0.019306,0.021659,0.021659,8,0,8,fixed,8,8,0,0,0.000159,3.000000,4.000000
1002,random,random,0,8,5,33,0,0,2,4.872045,92.666700,0.609006,31,0.531355,30,0,0,0,0.531355,0.531355,0.000000,0.000000,0.531355,0.111753,0,28,1,-1,31,22,27,92.666700,83.000000,48.500000,0.600541,0.288446,0.264990,0.023707,0.012430,0.013708,0.013708,8,0,8,fixed,8,8,0,0,0.000159,3.000000,4.000000
1002,random,random,0,8,5,34,0,0,2,4.800994,92.666700,0.600124,31,0.531355,30,0,0,0,0.531355,0.531355,0.000000,0.000000,0.531355,0.111753,0,28,1,-1,31,22,27,92.666700,83.000000,48.500000,0.601528,0.288446,0.264990,0.023707,0.012420,0.013699,0.013699,8,0,8,fixed,8,8,0,0,0.000159,3.000000,4.000000
1002,random,random,0,8,5,35,1,1,2,2.397799,83.000000,0.299725,22,0.531355,30,0,1,0,0.531355,0.531355,0.000000,0.000000,0.531355,0.111753,0,28,1,0,31,22,27,92.666700,83.000000,48.500000,0.582594,0.301724,0.264990,0.033828,0.023707,0.023869,0.033828,8,0,8,fixed,8,8,0,0,0.000159,3.000000,4.000000
1002,random,random,0,8,5,36,2,2,3,0.000000,48.500000,2.061856,27,0.531355,30,0,2,0,0.531355,0.531355,0.000000,0.000000,0.531355,0.111753,0,28,1,1,31,22,27,92.666700,83.000000,48.500000,1.079136,1.204819,2.061856,0.023861,0.019894,0.023707,0.023861,8,0,8,fixed,8,8,0,0,0.000159,3.000000,4.000000
1002,random,random,0,8,5,37,1,1,2,2.397797,83.000000,0.299725,22,0.531355,30,0,1,0,0.531355,0.531355,0.000000,0.000000,0.531355,0.111753,0,28,1,0,31,22,27,92.666700,83.000000,48.500000,0.582594,0.301724,0.264990,0.033828,0.023707,0.023869,0.033828,8,0,8,fixed,8,8,0,0,0.000159,3.000000,4.000000
1002,random,random,0,8,5,38,0,0,4,0.000000,92.666700,0.431655,31,0.531355,30,0,0,0,0.531355,0.531355,0.000000,0.000000,0.531355,0.111753,0,28,1,0,31,22,27,92.666700,83.000000,48.500000,0.431655,0.481928,0.824742,0.023707,0.020293,0.026115,0.026115,8,0,8,fixed,8,8,0,0,0.000159,3.000000,4.000000
1002,random,random,0,8,5,39,0,0,2,4.711527,92.666700,0.588941,31,0.531355,30,0,0,0,0.531355,0.531355,0.000000,0.000000,0.531355,0.111753,0,28,1,-1,31,22,27,92.666700,83.000000,48.500000,0.602770,0.288446,0.264990,0.023707,0.012408,0.013686,0.013686,8,0,8,fixed,8,8,0,0,0.000159,3.000000,4.000000
1002,random,random,0,8,5,40,2,2,4,0.000000,48.500000,0.824742,27,0.531355,30,0,2,0,0.531355,0.531355,0.000000,0.000000,0.531355,0.111753,0,28,1,-1,31,22,27,92.666700,83.000000,48.500000,0.431655,0.481928,0.824742,0.021320,0.017935,0.023707,0.021320,8,0,8,fixed,8,8,0,0,0.000159,3.000000,4.000000
1002,random,random,0,8,5,41,2,2,4,0.000000,48.500000,0.824742,27,0.531355,30,0,2,0,0.531355,0.531355,0.000000,0.000000,0.531355,0.111753,0,28,1,-1,31,22,27,92.666700,83.000000,48.500000,0.431655,0.481928,0.824742,0.021320,0.017935,0.023707,0.021320,8,0,8,fixed,8,8,0,0,0.000159,3.000000,4.000000
1002,random,random,0,8,5,42,0,0,1,3.504677,92.666700,1.168226,31,0.531355,30,0,0,0,0.531355,0.531355,0.000000,0.000000,0.531355,0.111753,0,28,1,1,31,22,27,92.666700,83.000000,48.500000,1.158910,1.171868,1.126975,0.023707,0.019306,0.021659,0.021659,8,0,8,fixed,8,8,0,0,0.000159,3.000000,4.000000
1002,random,random,0,8,5,43,2,2,1,3.505301,48.500000,1.168434,27,0.531355,30,0,2,0,0.531355,0.531355,0.000000,0.000000,0.531355,0.111753,0,28,1,1,31,22,27,92.666700,83.000000,48.500000,1.123697,1.171868,1.168771,0.025313,0.021095,0.023707,0.025313,8,0,8,fixed,8,8,0,0,0.000159,3.000000,4.000000
1002,random,random,0,8,5,44,0,0,1,3.502234,92.666700,1.167411,31,0.531355,30,0,0,0,0.531355,0.531355,0.000000,0.000000,0.531355,0.111753,0,28,1,1,31,22,27,92.666700,83.000000,48.500000,1.159012,1.171868,1.126975,0.023707,0.019306,0.021658,0.021658,8,0,8,fixed,8,8,0,0,0.000159,3.000000,4.000000
1002,random,random,0,8,5,45,0,0,3,0.000000,92.666700,1.079136,31,0.531355,30,0,0,0,0.531355,0.531355,0.000000,0.000000,0.531355,0.111753,0,28,1,1,31,22,27,92.666700,83.000000,48.500000,1.079136,1.204819,2.061856,0.023707,0.019742,0.023553,0.023553,8,0,8,fixed,8,8,0,0,0.000159,3.000000,4.000000
1002,random,random,0,8,5,46,1,1,2,2.397792,83.000000,0.299724,22,0.531355,30,0,1,0,0.531355,0.531355,0.000000,0.000000,0.531355,0.111753,0,28,1,0,31,22,27,92.666700,83.000000,48.500000,0.582594,0.301724,0.264990,0.033828,0.023707,0.023869,0.033828,8,0,8,fixed,8,8,0,0,0.000159,3.000000,4.000000
1002,random,random,0,8,5,47,2,2,4,0.000000,48.500000,0.824742,27,0.531355,30,0,2,0,0.531355,0.531355,0.000000,0.000000,0.531355,0.111753,0,28,1,-1,31,22,27,92.666700,83.000000,48.500000,0.431655,0.481928,0.824742,0.021320,0.017935,0.023707,0.021320,8,0,8,fixed,8,8,0,0,0.000159,3.000000,4.000000
1002,random,random,0,8,5,48,0,0,3,0.000000,92.666700,1.079136,31,0.531355,30,0,0,0,0.531355,0.531355,0.000000,0.000000,0.531355,0.111753,0,28,1,1,31,22,27,92.666700,83.000000,48.500000,1.079136,1.204819,2.061856,0.023707,0.019742,0.023553,0.023553,8,0,8,fixed,8,8,0,0,0.000159,3.000000,4.000000
1002,random,random,0,8,5,49,0,0,1,3.507404,92.666700,1.169135,31,0.531355,30,0,0,0,0.531355,0.531355,0.000000,0.000000,0.531355,0.111753,0,28,1,1,31,22,27,92.666700,83.000000,48.500000,1.158796,1.171868,1.126975,0.023707,0.019306,0.021659,0.021659,8,0,8,fixed,8,8,0,0,0.000159,3.000000,4.000000
1002,random,random,0,8,5,50,1,1,2,2.396687,83.000000,0.299586,22,0.531355,30,0,1,0,0.531355,0.531355,0.000000,0.000000,0.531355,0.111753,0,28,1,0,31,22,27,92.666700,83.000000,48.500000,0.582594,0.301736,0.264990,0.033827,0.023707,0.023868,0.033827,8,0,8,fixed,8,8,0,0,0.000159,3.000000,4.000000
1002,random,random,0,8,5,51,2,2,4,0.000000,48.500000,0.824742,27,0.531355,30,0,2,0,0.531355,0.531355,0.000000,0.000000,0.531355,0.111753,0,28,1,-1,31,22,27,92.666700,83.000000,48.500000,0.431655,0.481928,0.824742,0.021320,0.017935,0.023707,0.021320,8,0,8,fixed,8,8,0,0,0.000159,3.000000,4.000000
1002,random,random,0,8,5,52,2,2,4,0.000000,48.500000,0.824742,27,0.531355,30,0,2,0,0.531355,0.531355,0.000000,0.000000,0.531355,0.111753,0,28,1,-1,31,22,27,92.666700,83.000000,48.500000,0.431655,0.481928,0.824742,0.021320,0.017935,0.023707,0.021320,8,0,8,fixed,8,8,0,0,0.000159,3.000000,4.000000
1002,random,random,0,8,5,53,1,1,2,2.337699,83.000000,0.292212,22,0.531355,30,0,1,0,0.531355,0.531355,0.000000,0.000000,0.531355,0.111753,0,28,1,0,31,22,27,92.666700,83.000000,48.500000,0.582594,0.302407,0.264990,0.033799,0.023707,0.023841,0.033799,8,0,8,fixed,8,8,0,0,0.000159,3.000000,4.000000
1002,random,random,0,8,5,54,2,2,2,2.198986,48.500000,0.274873,27,0.531355,30,0,2,0,0.531355,0.531355,0.000000,0.000000,0.531355,0.111753,0,28,1,0,31,22,27,92.666700,83.000000,48.500000,0.582594,0.288446,0.274793,0.032587,0.021351,0.023707,0.032587,8,0,8,fixed,8,8,0,0,0.000159,3.000000,4.000000
1002,random,random,0,8,5,55,2,2,1,3.505858,48.500000,1.168619,27,0.531355,30,0,2,0,0.531355,0.531355,0.000000,0.000000,0.531355,0.111753,0,28,1,1,31,22,27,92.666700,83.000000,48.500000,1.123697,1.171868,1.168734,0.025313,0.021095,0.023707,0.025313,8,0,8,fixed,8,8,0,0,0.000159,3.000000,4.000000
1002,random,random,0,8,5,56,0,0,1,3.508123,92.666700,1.169374,31,0.531355,30,0,0,0,0.531355,0.531355,0.000000,0.000000,0.531355,0.111753,0,28,1,1,31,22,27,92.666700,83.000000,48.500000,1.158766,1.171868,1.126975,0.023707,0.019306,0.021659,0.021659,8,0,8,fixed,8,8,0,0,0.000159,3.000000,4.000000
1002,random,random,0,8,5,57,2,2,3,0.000000,48.500000,2.061856,27,0.531355,30,0,2,0,0.531355,0.531355,0.000000,0.000000,0.531355,0.111753,0,28,1,1,31,22,27,92.666700,83.000000,48.500000,1.079136,1.204819,2.061856,0.023861,0.019894,0.023707,0.023861,8,0,8,fixed,8,8,0,0,0.000159,3.000000,4.000000
1002,random,random,0,8,5,58,1,1,2,2.350834,83.000000,0.293854,22,0.531355,30,0,1,0,0.531355,0.531355,0.000000,0.000000,0.531355,0.111753,0,28,1,0,31,22,27,92.666700,83.000000,48.500000,0.582594,0.302257,0.264990,0.033805,0.023707,0.023847,0.033805,8,0,8,fixed,8,8,0,0,0.000159,3.000000,4.000000
1002,random,random,0,8,5,59,1,1,3,0.000000,83.000000,1.204819,22,0.531355,30,0,1,0,0.531355,0.531355,0.000000,0.000000,0.531355,0.111753,0,28,1,-1,31,22,27,92.666700,83.000000,48.500000,1.079136,1.204819,2.061856,0.027730,0.023707,0.027574,0.027730,8,0,8,fixed,8,8,0,0,0.000159,3.000000,4.000000
1002,random,random,0,8,5,60,0,0,1,3.506456,92.666700,1.168819,31,0.531355,30,0,0,0,0.531355,0.531355,0.000000,0.000000,0.531355,0.111753,0,28,1,1,31,22,27,92.666700,83.000000,48.500000,1.158836,1.171868,1.126975,0.023707,0.019306,0.021659,0.021659,8,0,8,fixed,8,8,0,0,0.000159,3.000000,4.000000
1002,random,random,0,8,5,61,1,1,2,2.396698,83.000000,0.299587,22,0.531355,30,0,1,0,0.531355,0.531355,0.000000,0.000000,0.531355,0.111753,0,28,1,0,31,22,27,92.666700,83.000000,48.500000,0.582594,0.301736,0.264990,0.033827,0.023707,0.023868,0.033827,8,0,8,fixed,8,8,0,0,0.000159,3.000000,4.000000
1002,random,random,0,8,5,62,2,2,1,3.505858,48.500000,1.168619,27,0.531355,30,0,2,0,0.531355,0.531355,0.000000,0.000000,0.531355,0.111753,0,28,1,1,31,22,27,92.666700,83.000000,48.500000,1.123697,1.171868,1.168734,0.025313,0.021095,0.023707,0.025313,8,0,8,fixed,8,8,0,0,0.000159,3.000000,4.000000
1002,random,random,0,8,5,63,0,0,2,4.802123,92.666700,0.600265,31,0.531355,30,0,0,0,0.531355,0.531355,0.000000,0.000000,0.531355,0.111753,0,28,1,-1,31,22,27,92.666700,83.000000,48.500000,0.601512,0.288446,0.264990,0.023707,0.012420,0.013699,0.013699,8,0,8,fixed,8,8,0,0,0.000159,3.000000,4.000000
1002,random,random,0,8,5,64,1,1,2,2.337670,83.000000,0.292209,22,0.531355,30,0,1,0,0.531355,0.531355,0.000000,0.000000,0.531355,0.111753,0,28,1,0,31,22,27,92.666700,83.000000,48.500000,0.582594,0.302407,0.264990,0.033799,0.023707,0.023841,0.033799,8,0,8,fixed,8,8,0,0,0.000159,3.000000,4.000000
1002,random,random,0,8,5,65,1,1,2,2.338752,83.000000,0.292344,22,0.531355,30,0,1,0,0.531355,0.531355,0.000000,0.000000,0.531355,0.111753,0,28,1,0,31,22,27,92.666700,83.000000,48.500000,0.582594,0.302395,0.264990,0.033800,0.023707,0.023842,0.033800,8,0,8,fixed,8,8,0,0,0.000159,3.000000,4.000000
1002,random,random,0,8,5,66,2,2,4,0.000000,48.500000,0.824742,27,0.531355,30,0,2,0,0.531355,0.531355,0.000000,0.000000,0.531355,0.111753,0,28,1,-1,31,22,27,92.666700,83.000000,48.500000,0.431655,0.481928,0.824742,0.021320,0.017935,0.023707,0.021320,8,0,8,fixed,8,8,0,0,0.000159,3.000000,4.000000
1002,random,random,0,8,5,67,2,2,2,2.198925,48.500000,0.274866,27,0.531355,30,0,2,0,0.531355,0.531355,0.000000,0.000000,0.531355,0.111753,0,28,1,0,31,22,27,92.666700,83.000000,48.500000,0.582594,0.288446,0.274794,0.032587,0.021351,0.023707,0.032587,8,0,8,fixed,8,8,0,0,0.000159,3.000000,4.000000
1002,random,random,0,8,5,68,2,2,2,0.000000,48.500000,0.100000,27,0.531355,30,1,2,0,0.531355,0.531355,0.000000,0.000000,0.531355,0.111753,0,28,0,0,31,22,27,92.666700,83.000000,48.500000,0.582594,0.288446,0.274804,0.032587,0.021350,0.023707,0.032587,8,0,8,fixed,8,8,0,0,0.000159,3.000000,4.000000
1002,random,random,0,8,5,69,2,2,1,3.506971,48.500000,1.168990,27,0.531355,30,0,2,0,0.531355,0.531355,0.000000,0.000000,0.531355,0.111753,0,28,1,1,31,22,27,92.666700,83.000000,48.500000,1.123697,1.171868,1.168660,0.025313,0.021096,0.023707,0.025313,8,0,8,fixed,8,8,0,0,0.000159,3.000000,4.000000
1002,random,random,0,8,5,70,2,2,4,0.000000,48.500000,0.824742,27,0.531355,30,0,2,0,0.531355,0.531355,0.000000,0.000000,0.531355,0.111753,0,28,1,-1,31,22,27,92.666700,83.000000,48.500000,0.431655,0.481928,0.824742,0.021320,0.017935,0.023707,0.021320,8,0,8,fixed,8,8,0,0,0.000159,3.000000,4.000000
1002,random,random,0,8,5,71,0,0,1,3.506182,92.666700,1.168727,31,0.531355,30,0,0,0,0.531355,0.531355,0.000000,0.000000,0.531355,0.111753,0,28,1,1,31,22,27,92.666700,83.000000,48.500000,1.158847,1.171868,1.126975,0.023707,0.019306,0.021659,0.021659,8,0,8,fixed,8,8,0,0,0.000159,3.000000,4.000000
1002,random,random,0,8,5,72,2,2,3,0.000000,48.500000,2.061856,27,0.531355,30,0,2,0,0.531355,0.531355,0.000000,0.000000,0.531355,0.111753,0,28,1,1,31,22,27,92.666700,83.000000,48.500000,1.079136,1.204819,2.061856,0.023861,0.019894,0.023707,0.023861,8,0,8,fixed,8,8,0,0,0.000159,3.000000,4.000000
1002,random,random,0,8,5,73,2,2,2,2.198866,48.500000,0.274858,27,0.531355,30,0,2,0,0.531355,0.531355,0.000000,0.000000,0.531355,0.111753,0,28,1,0,31,22,27,92.666700,83.000000,48.500000,0.582594,0.288446,0.274795,0.032587,0.021351,0.023707,0.032587,8,0,8,fixed,8,8,0,0,0.000159,3.000000,4.000000
1002,random,random,0,8,5,74,1,1,4,0.000000,83.000000,0.481928,22,0.531355,30,0,1,0,0.531355,0.531355,0.000000,0.000000,0.531355,0.111753,0,28,1,0,31,22,27,92.666700,83.000000,48.500000,0.431655,0.481928,0.824742,0.027164,0.023707,0.029602,0.029602,8,0,8,fixed,8,8,0,0,0.000159,3.000000,4.000000
1002,random,random,0,8,5,75,0,0,4,0.000000,92.666700,0.431655,31,0.531355,30,0,0,0,0.531355,0.531355,0.000000,0.000000,0.531355,0.111753,0,28,1,0,31,22,27,92.666700,83.000000,48.500000,0.431655,0.481928,0.824742,0.023707,0.020293,0.026115,0.026115,8,0,8,fixed,8,8,0,0,0.000159,3.000000,4.000000
1002,random,random,0,8,5,76,0,0,2,4.802123,92.666700,0.600265,31,0.531355,30,0,0,0,0.531355,0.531355,0.000000,0.000000,0.531355,0.111753,0,28,1,-1,31,22,27,92.666700,83.000000,48.500000,0.601512,0.288446,0.264990,0.023707,0.012420,0.013699,0.013699,8,0,8,fixed,8,8,0,0,0.000159,3.000000,4.000000
1002,random,random,0,8,5,77,0,0,2,4.802170,92.666700,0.600271,31,0.531355,30,0,0,0,0.531355,0.531355,0.000000,0.000000,0.531355,0.111753,0,28,1,-1,31,22,27,92.666700,83.000000,48.500000,0.601511,0.288446,0.264990,0.023707,0.012420,0.013699,0.013699,8,0,8,fixed,8,8,0,0,0.000159,3.000000,4.000000
1002,random,random,0,8,5,78,1,1,1,3.380729,83.000000,1.126910,22,0.531355,30,0,1,0,0.531355,0.531355,0.000000,0.000000,0.531355,0.111753,0,28,1,-1,31,22,27,92.666700,83.000000,48.500000,1.123697,1.274247,1.126975,0.027557,0.023707,0.025693,0.027557,8,0,8,fixed,8,8,0,0,0.000159,3.000000,4.000000
1002,random,random,0,8,5,79,0,0,2,4.802183,92.666700,0.600273,31,0.531355,30,0,0,0,0.531355,0.531355,0.000000,0.000000,0.531355,0.111753,0,28,1,-1,31,22,27,92.666700,83.000000,48.500000,0.601511,0.288446,0.264990,0.023707,0.012420,0.013699,0.013699,8,0,8,fixed,8,8,0,0,0.000159,3.000000,4.000000
1002,random,random,0,8,5,80,1,1,4,0.000000,83.000000,0.481928,22,0.531355,30,0,1,0,0.531355,0.531355,0.000000,0.000000,0.531355,0.111753,0,28,1,0,31,22,27,92.666700,83.000000,48.500000,0.431655,0.481928,0.824742,0.027164,0.023707,0.029602,0.029602,8,0,8,fixed,8,8,0,0,0.000159,3.000000,4.000000
