seed,method,max_switches,cycle_id,ue_id,previous_bs_id,current_bs_id,app_type,tp_mbps,rtt_ms,satisfaction,num_users_on_current_bs,harmonic_mean,num_unsatisfied_users,target_ue_flag,action_selected_bs_id,switch_flag,h_before,h_after_estimated,reward,estimated_reward,h_after_measured,measured_reward,switch_count,num_degraded_users,measurement_valid,candidate_type,num_users_ap0,num_users_ap1,num_users_ap2,monitor_rtt_ap0,monitor_rtt_ap1,monitor_rtt_ap2,estimated_satisfaction_if_ap0,estimated_satisfaction_if_ap1,estimated_satisfaction_if_ap2,estimated_h_delta_if_ap0,estimated_h_delta_if_ap1,estimated_h_delta_if_ap2,best_estimated_h_delta,effective_max_switches,applied_switches_in_cycle,remaining_switch_budget,k_schedule_type,k_max,k_min,k_decay_rate,stop_action_flag,warmup_before_cycle_sec,cycle_start_offset_sec
1,multi_greedy,4,1,1,2,2,4,0.000000,94.833300,0.421793,24,0.376814,33,0,2,0,0.376814,0.434643,0.057829,0.057829,0.376814,0.000000,4,0,1,0,20,36,24,69.833300,84.666700,94.833300,0.572793,0.472441,0.421793,0.004029,-0.000816,0.000086,0.004029,4,4,0,fixed,4,4,0,0,3.000000,4.000000
1,multi_greedy,4,1,2,1,1,2,1.290666,84.666700,0.161333,36,0.376814,33,0,1,0,0.376814,0.434643,0.057829,0.057829,0.376814,0.000000,4,0,1,0,20,36,24,69.833300,84.666700,94.833300,0.875479,0.161389,0.126739,0.013353,0.000086,-0.001863,0.013353,4,4,0,fixed,4,4,0,0,3.000000,4.000000
1,multi_greedy,4,1,3,1,1,2,1.291792,84.666700,0.161474,36,0.376814,33,0,1,0,0.376814,0.434643,0.057829,0.057829,0.376814,0.000000,4,0,1,0,20,36,24,69.833300,84.666700,94.833300,0.875479,0.161378,0.126739,0.013353,0.000086,-0.001862,0.013353,4,4,0,fixed,4,4,0,0,3.000000,4.000000
1,multi_greedy,4,1,4,1,1,1,2.746776,84.666700,0.915592,36,0.376814,33,0,1,0,0.376814,0.434643,0.057829,0.057829,0.376814,0.000000,4,0,1,-1,20,36,24,69.833300,84.666700,94.833300,2.334611,0.876284,0.747950,0.005520,0.000086,0.001039,0.005520,4,4,0,fixed,4,4,0,0,3.000000,4.000000
1,multi_greedy,4,1,5,1,1,2,1.291816,84.666700,0.161477,36,0.376814,33,0,0,1,0.376814,0.434643,0.057829,0.057829,0.376814,0.000000,4,0,1,0,20,36,24,69.833300,84.666700,94.833300,0.875479,0.161378,0.126739,0.013353,0.000086,-0.001862,0.013353,4,4,0,fixed,4,4,0,0,3.000000,4.000000
1,multi_greedy,4,1,6,2,2,4,0.000000,94.833300,0.421793,24,0.376814,33,0,2,0,0.376814,0.434643,0.057829,0.057829,0.376814,0.000000,4,0,1,0,20,36,24,69.833300,84.666700,94.833300,0.572793,0.472441,0.421793,0.004029,-0.000816,0.000086,0.004029,4,4,0,fixed,4,4,0,0,3.000000,4.000000
1,multi_greedy,4,1,7,0,0,3,0.000000,69.833300,1.431982,20,0.376814,33,0,0,0,0.376814,0.434643,0.057829,0.057829,0.376814,0.000000,4,0,1,-1,20,36,24,69.833300,84.666700,94.833300,1.431982,1.181102,1.054482,0.000086,-0.004274,-0.003123,0.000000,4,4,0,fixed,4,4,0,0,3.000000,4.000000
1,multi_greedy,4,1,8,1,1,3,0.000000,84.666700,1.181102,36,0.376814,33,0,1,0,0.376814,0.434643,0.057829,0.057829,0.376814,0.000000,4,0,1,1,20,36,24,69.833300,84.666700,94.833300,1.431982,1.181102,1.054482,0.004548,0.000086,0.001264,0.004548,4,4,0,fixed,4,4,0,0,3.000000,4.000000
1,multi_greedy,4,1,9,2,2,2,1.060070,94.833300,0.132509,24,0.376814,33,0,0,1,0.376814,0.434643,0.057829,0.057829,0.376814,0.000000,4,0,1,0,20,36,24,69.833300,84.666700,94.833300,0.875479,0.157023,0.131897,0.014266,0.000324,0.000086,0.014266,4,4,0,fixed,4,4,0,0,3.000000,4.000000
1,multi_greedy,4,1,10,1,1,1,2.758055,84.666700,0.919352,36,0.376814,33,0,1,0,0.376814,0.434643,0.057829,0.057829,0.376814,0.000000,4,0,1,-1,20,36,24,69.833300,84.666700,94.833300,2.334611,0.875747,0.747950,0.005521,0.000086,0.001040,0.005521,4,4,0,fixed,4,4,0,0,3.000000,4.000000
1,multi_greedy,4,1,11,2,2,4,0.000000,94.833300,0.421793,24,0.376814,33,0,2,0,0.376814,0.434643,0.057829,0.057829,0.376814,0.000000,4,0,1,0,20,36,24,69.833300,84.666700,94.833300,0.572793,0.472441,0.421793,0.004029,-0.000816,0.000086,0.004029,4,4,0,fixed,4,4,0,0,3.000000,4.000000
1,multi_greedy,4,1,12,1,1,3,0.000000,84.666700,1.181102,36,0.376814,33,0,1,0,0.376814,0.434643,0.057829,0.057829,0.376814,0.000000,4,0,1,1,20,36,24,69.833300,84.666700,94.833300,1.431982,1.181102,1.054482,0.004548,0.000086,0.001264,0.004548,4,4,0,fixed,4,4,0,0,3.000000,4.000000
1,multi_greedy,4,1,13,0,0,4,0.000000,69.833300,0.572793,20,0.376814,33,0,0,0,0.376814,0.434643,0.057829,0.057829,0.376814,0.000000,4,0,1,-1,20,36,24,69.833300,84.666700,94.833300,0.572793,0.472441,0.421793,0.000086,-0.004659,-0.003776,0.000000,4,4,0,fixed,4,4,0,0,3.000000,4.000000
1,multi_greedy,4,1,14,2,2,2,1.044796,94.833300,0.130599,24,0.376814,33,1,2,0,0.376814,0.434643,0.057829,0.057829,0.376814,0.000000,4,0,1,0,20,36,24,69.833300,84.666700,94.833300,0.875479,0.157023,0.132375,0.014215,0.000278,0.000086,0.014215,4,4,0,fixed,4,4,0,0,3.000000,4.000000
1,multi_greedy,4,1,15,0,0,3,0.000000,69.833300,1.431982,20,0.376814,33,0,0,0,0.376814,0.434643,0.057829,0.057829,0.376814,0.000000,4,0,1,-1,20,36,24,69.833300,84.666700,94.833300,1.431982,1.181102,1.054482,0.000086,-0.004274,-0.003123,0.000000,4,4,0,fixed,4,4,0,0,3.000000,4.000000
1,multi_greedy,4,1,16,2,2,3,0.000000,94.833300,1.054482,24,0.376814,33,0,2,0,0.376814,0.434643,0.057829,0.057829,0.376814,0.000000,4,0,1,-1,20,36,24,69.833300,84.666700,94.833300,1.431982,1.181102,1.054482,0.003350,-0.001085,0.000086,0.003350,4,4,0,fixed,4,4,0,0,3.000000,4.000000
1,multi_greedy,4,1,17,2,2,3,0.000000,94.833300,1.054482,24,0.376814,33,0,2,0,0.376814,0.434643,0.057829,0.057829,0.376814,0.000000,4,0,1,-1,20,36,24,69.833300,84.666700,94.833300,1.431982,1.181102,1.054482,0.003350,-0.001085,0.000086,0.003350,4,4,0,fixed,4,4,0,0,3.000000,4.000000
1,multi_greedy,4,1,18,2,2,4,0.000000,94.833300,0.421793,24,0.376814,33,0,2,0,0.376814,0.434643,0.057829,0.057829,0.376814,0.000000,4,0,1,0,20,36,24,69.833300,84.666700,94.833300,0.572793,0.472441,0.421793,0.004029,-0.000816,0.000086,0.004029,4,4,0,fixed,4,4,0,0,3.000000,4.000000
1,multi_greedy,4,1,19,0,0,4,0.000000,69.833300,0.572793,20,0.376814,33,0,0,0,0.376814,0.434643,0.057829,0.057829,0.376814,0.000000,4,0,1,-1,20,36,24,69.833300,84.666700,94.833300,0.572793,0.472441,0.421793,0.000086,-0.004659,-0.003776,0.000000,4,4,0,fixed,4,4,0,0,3.000000,4.000000
1,multi_greedy,4,1,20,1,1,2,1.290700,84.666700,0.161338,36,0.376814,33,0,1,0,0.376814,0.434643,0.057829,0.057829,0.376814,0.000000,4,0,1,0,20,36,24,69.833300,84.666700,94.833300,0.875479,0.161389,0.126739,0.013353,0.000086,-0.001863,0.013353,4,4,0,fixed,4,4,0,0,3.000000,4.000000
1,multi_greedy,4,1,21,0,0,4,0.000000,69.833300,0.572793,20,0.376814,33,0,0,0,0.376814,0.434643,0.057829,0.057829,0.376814,0.000000,4,0,1,-1,20,36,24,69.833300,84.666700,94.833300,0.572793,0.472441,0.421793,0.000086,-0.004659,-0.003776,0.000000,4,4,0,fixed,4,4,0,0,3.000000,4.000000
1,multi_greedy,4,1,22,1,1,3,0.000000,84.666700,1.181102,36,0.376814,33,0,1,0,0.376814,0.434643,0.057829,0.057829,0.376814,0.000000,4,0,1,1,20,36,24,69.833300,84.666700,94.833300,1.431982,1.181102,1.054482,0.004548,0.000086,0.001264,0.004548,4,4,0,fixed,4,4,0,0,3.000000,4.000000
1,multi_greedy,4,1,23,1,1,1,2.633646,84.666700,0.877882,36,0.376814,33,0,1,0,0.376814,0.434643,0.057829,0.057829,0.376814,0.000000,4,0,1,-1,20,36,24,69.833300,84.666700,94.833300,2.334611,0.881671,0.747950,0.005507,0.000086,0.001027,0.005507,4,4,0,fixed,4,4,0,0,3.000000,4.000000
1,multi_greedy,4,1,24,1,1,4,0.000000,84.666700,0.472441,36,0.376814,33,0,1,0,0.376814,0.434643,0.057829,0.057829,0.376814,0.000000,4,0,1,0,20,36,24,69.833300,84.666700,94.833300,0.572793,0.472441,0.421793,0.004953,0.000086,0.000991,0.004953,4,4,0,fixed,4,4,0,0,3.000000,4.000000
1,multi_greedy,4,1,25,2,2,1,2.345101,94.833300,0.781700,24,0.376814,33,0,2,0,0.376814,0.434643,0.057829,0.057829,0.376814,0.000000,4,0,1,-1,20,36,24,69.833300,84.666700,94.833300,2.334611,0.857382,0.778598,0.004351,-0.001150,0.000086,0.004351,4,4,0,fixed,4,4,0,0,3.000000,4.000000
1,multi_greedy,4,1,26,1,1,3,0.000000,84.666700,1.181102,36,0.376814,33,0,1,0,0.376814,0.434643,0.057829,0.057829,0.376814,0.000000,4,0,1,1,20,36,24,69.833300,84.666700,94.833300,1.431982,1.181102,1.054482,0.004548,0.000086,0.001264,0.004548,4,4,0,fixed,4,4,0,0,3.000000,4.000000
1,multi_greedy,4,1,27,1,1,1,2.767435,84.666700,0.922478,36,0.376814,33,0,1,0,0.376814,0.434643,0.057829,0.057829,0.376814,0.000000,4,0,1,-1,20,36,24,69.833300,84.666700,94.833300,2.334611,0.875301,0.747950,0.005522,0.000086,0.001041,0.005522,4,4,0,fixed,4,4,0,0,3.000000,4.000000
1,multi_greedy,4,1,28,0,0,2,7.354024,69.833300,0.919253,20,0.376814,33,0,0,0,0.376814,0.434643,0.057829,0.057829,0.376814,0.000000,4,0,1,-1,20,36,24,69.833300,84.666700,94.833300,0.919253,0.157023,0.126739,0.000086,-0.013060,-0.014310,0.000000,4,4,0,fixed,4,4,0,0,3.000000,4.000000
1,multi_greedy,4,1,29,2,2,1,2.298498,94.833300,0.766166,24,0.376814,33,0,2,0,0.376814,0.434643,0.057829,0.057829,0.376814,0.000000,4,0,1,-1,20,36,24,69.833300,84.666700,94.833300,2.334611,0.857382,0.781705,0.004342,-0.001159,0.000086,0.004342,4,4,0,fixed,4,4,0,0,3.000000,4.000000
1,multi_greedy,4,1,30,2,2,4,0.000000,94.833300,0.421793,24,0.376814,33,0,2,0,0.376814,0.434643,0.057829,0.057829,0.376814,0.000000,4,0,1,0,20,36,24,69.833300,84.666700,94.833300,0.572793,0.472441,0.421793,0.004029,-0.000816,0.000086,0.004029,4,4,0,fixed,4,4,0,0,3.000000,4.000000
1,multi_greedy,4,1,31,1,1,2,1.290712,84.666700,0.161339,36,0.376814,33,0,1,0,0.376814,0.434643,0.057829,0.057829,0.376814,0.000000,4,0,1,0,20,36,24,69.833300,84.666700,94.833300,0.875479,0.161389,0.126739,0.013353,0.000086,-0.001863,0.013353,4,4,0,fixed,4,4,0,0,3.000000,4.000000
1,multi_greedy,4,1,32,0,0,4,0.000000,69.833300,0.572793,20,0.376814,33,0,0,0,0.376814,0.434643,0.057829,0.057829,0.376814,0.000000,4,0,1,-1,20,36,24,69.833300,84.666700,94.833300,0.572793,0.472441,0.421793,0.000086,-0.004659,-0.003776,0.000000,4,4,0,fixed,4,4,0,0,3.000000,4.000000
1,multi_greedy,4,1,33,1,1,2,1.290713,84.666700,0.161339,36,0.376814,33,0,1,0,0.376814,0.434643,0.057829,0.057829,0.376814,0.000000,4,0,1,0,20,36,24,69.833300,84.666700,94.833300,0.875479,0.161389,0.126739,0.013353,0.000086,-0.001863,0.013353,4,4,0,fixed,4,4,0,0,3.000000,4.000000
1,multi_greedy,4,1,34,0,0,4,0.000000,69.833300,0.572793,20,0.376814,33,0,0,0,0.376814,0.434643,0.057829,0.057829,0.376814,0.000000,4,0,1,-1,20,36,24,69.833300,84.666700,94.833300,0.572793,0.472441,0.421793,0.000086,-0.004659,-0.003776,0.000000,4,4,0,fixed,4,4,0,0,3.000000,4.000000
1,multi_greedy,4,1,35,2,2,3,0.000000,94.833300,1.054482,24,0.376814,33,0,2,0,0.376814,0.434643,0.057829,0.057829,0.376814,0.000000,4,0,1,-1,20,36,24,69.833300,84.666700,94.833300,1.431982,1.181102,1.054482,0.003350,-0.001085,0.000086,0.003350,4,4,0,fixed,4,4,0,0,3.000000,4.000000
1,multi_greedy,4,1,36,0,0,4,0.000000,69.833300,0.572793,20,0.376814,33,0,0,0,0.376814,0.434643,0.057829,0.057829,0.376814,0.000000,4,0,1,-1,20,36,24,69.833300,84.666700,94.833300,0.572793,0.472441,0.421793,0.000086,-0.004659,-0.003776,0.000000,4,4,0,fixed,4,4,0,0,3.000000,4.000000
1,multi_greedy,4,1,37,1,1,4,0.000000,84.666700,0.472441,36,0.376814,33,0,1,0,0.376814,0.434643,0.057829,0.057829,0.376814,0.000000,4,0,1,0,20,36,24,69.833300,84.666700,94.833300,0.572793,0.472441,0.421793,0.004953,0.000086,0.000991,0.004953,4,4,0,fixed,4,4,0,0,3.000000,4.000000
1,multi_greedy,4,1,38,2,2,3,0.000000,94.833300,1.054482,24,0.376814,33,0,2,0,0.376814,0.434643,0.057829,0.057829,0.376814,0.000000,4,0,1,-1,20,36,24,69.833300,84.666700,94.833300,1.431982,1.181102,1.054482,0.003350,-0.001085,0.000086,0.003350,4,4,0,fixed,4,4,0,0,3.000000,4.000000
1,multi_greedy,4,1,39,1,1,2,1.290700,84.666700,0.161338,36,0.376814,33,0,1,0,0.376814,0.434643,0.057829,0.057829,0.376814,0.000000,4,0,1,0,20,36,24,69.833300,84.666700,94.833300,0.875479,0.161389,0.126739,0.013353,0.000086,-0.001863,0.013353,4,4,0,fixed,4,4,0,0,3.000000,4.000000
1,multi_greedy,4,1,40,1,1,1,2.460131,84.666700,0.820044,36,0.376814,33,0,1,0,0.376814,0.434643,0.057829,0.057829,0.376814,0.000000,4,0,1,-1,20,36,24,69.833300,84.666700,94.833300,2.334611,0.889934,0.747950,0.005488,0.000086,0.001009,0.005488,4,4,0,fixed,4,4,0,0,3.000000,4.000000
1,multi_greedy,4,1,41,0,0,2,7.354024,69.833300,0.919253,20,0.376814,33,0,0,0,0.376814,0.434643,0.057829,0.057829,0.376814,0.000000,4,0,1,-1,20,36,24,69.833300,84.666700,94.833300,0.919253,0.157023,0.126739,0.000086,-0.013060,-0.014310,0.000000,4,4,0,fixed,4,4,0,0,3.000000,4.000000
1,multi_greedy,4,1,42,1,1,4,0.000000,84.666700,0.472441,36,0.376814,33,0,1,0,0.376814,0.434643,0.057829,0.057829,0.376814,0.000000,4,0,1,0,20,36,24,69.833300,84.666700,94.833300,0.572793,0.472441,0.421793,0.004953,0.000086,0.000991,0.004953,4,4,0,fixed,4,4,0,0,3.000000,4.000000
1,multi_greedy,4,1,43,2,2,2,1.060092,94.833300,0.132512,24,0.376814,33,0,0,1,0.376814,0.434643,0.057829,0.057829,0.376814,0.000000,4,0,1,0,20,36,24,69.833300,84.666700,94.833300,0.875479,0.157023,0.131897,0.014266,0.000324,0.000086,0.014266,4,4,0,fixed,4,4,0,0,3.000000,4.000000
1,multi_greedy,4,1,44,0,0,4,0.000000,69.833300,0.572793,20,0.376814,33,0,0,0,0.376814,0.434643,0.057829,0.057829,0.376814,0.000000,4,0,1,-1,20,36,24,69.833300,84.666700,94.833300,0.572793,0.472441,0.421793,0.000086,-0.004659,-0.003776,0.000000,4,4,0,fixed,4,4,0,0,3.000000,4.000000
1,multi_greedy,4,1,45,1,1,3,0.000000,84.666700,1.181102,36,0.376814,33,0,1,0,0.376814,0.434643,0.057829,0.057829,0.376814,0.000000,4,0,1,1,20,36,24,69.833300,84.666700,94.833300,1.431982,1.181102,1.054482,0.004548,0.000086,0.001264,0.004548,4,4,0,fixed,4,4,0,0,3.000000,4.000000
1,multi_greedy,4,1,46,1,1,2,1.290712,84.666700,0.161339,36,0.376814,33,0,1,0,0.376814,0.434643,0.057829,0.057829,0.376814,0.000000,4,0,1,0,20,36,24,69.833300,84.666700,94.833300,0.875479,0.161389,0.126739,0.013353,0.000086,-0.001863,0.013353,4,4,0,fixed,4,4,0,0,3.000000,4.000000
1,multi_greedy,4,1,47,2,2,2,1.057919,94.833300,0.132240,24,0.376814,33,0,2,0,0.376814,0.434643,0.057829,0.057829,0.376814,0.000000,4,0,1,0,20,36,24,69.833300,84.666700,94.833300,0.875479,0.157023,0.131964,0.014258,0.000318,0.000086,0.014258,4,4,0,fixed,4,4,0,0,3.000000,4.000000
1,multi_greedy,4,1,48,0,0,4,0.000000,69.833300,0.572793,20,0.376814,33,0,0,0,0.376814,0.434643,0.057829,0.057829,0.376814,0.000000,4,0,1,-1,20,36,24,69.833300,84.666700,94.833300,0.572793,0.472441,0.421793,0.000086,-0.004659,-0.003776,0.000000,4,4,0,fixed,4,4,0,0,3.000000,4.000000
1,multi_greedy,4,1,49,1,1,2,1.290637,84.666700,0.161330,36,0.376814,33,0,1,0,0.376814,0.434643,0.057829,0.057829,0.376814,0.000000,4,0,1,0,20,36,24,69.833300,84.666700,94.833300,0.875479,0.161389,0.126739,0.013352,0.000086,-0.001863,0.013352,4,4,0,fixed,4,4,0,0,3.000000,4.000000
1,multi_greedy,4,1,50,0,0,4,0.000000,69.833300,0.572793,20,0.376814,33,0,0,0,0.376814,0.434643,0.057829,0.057829,0.376814,0.000000,4,0,1,-1,20,36,24,69.833300,84.666700,94.833300,0.572793,0.472441,0.421793,0.000086,-0.004659,-0.003776,0.000000,4,4,0,fixed,4,4,0,0,3.000000,4.000000
1,multi_greedy,4,1,51,1,1,2,1.290607,84.666700,0.161326,36,0.376814,33,0,1,0,0.376814,0.434643,0.057829,0.057829,0.376814,0.000000,4,0,1,0,20,36,24,69.833300,84.666700,94.833300,0.875479,0.161390,0.126739,0.013352,0.000086,-0.001863,0.013352,4,4,0,fixed,4,4,0,0,3.000000,4.000000
1,multi_greedy,4,1,52,1,1,1,2.867125,84.666700,0.955708,36,0.376814,33,0,1,0,0.376814,0.434643,0.057829,0.057829,0.376814,0.000000,4,0,1,-1,20,36,24,69.833300,84.666700,94.833300,2.334611,0.870553,0.747950,0.005533,0.000086,0.001052,0.005533,4,4,0,fixed,4,4,0,0,3.000000,4.000000
1,multi_greedy,4,1,53,1,1,2,1.290683,84.666700,0.161335,36,0.376814,33,0,1,0,0.376814,0.434643,0.057829,0.057829,0.376814,0.000000,4,0,1,0,20,36,24,69.833300,84.666700,94.833300,0.875479,0.161389,0.126739,0.013353,0.000086,-0.001863,0.013353,4,4,0,fixed,4,4,0,0,3.000000,4.000000
1,multi_greedy,4,1,54,1,1,4,0.000000,84.666700,0.472441,36,0.376814,33,0,1,0,0.376814,0.434643,0.057829,0.057829,0.376814,0.000000,4,0,1,0,20,36,24,69.833300,84.666700,94.833300,0.572793,0.472441,0.421793,0.004953,0.000086,0.000991,0.004953,4,4,0,fixed,4,4,0,0,3.000000,4.000000
1,multi_greedy,4,1,55,0,0,2,7.354024,69.833300,0.919253,20,0.376814,33,0,0,0,0.376814,0.434643,0.057829,0.057829,0.376814,0.000000,4,0,1,-1,20,36,24,69.833300,84.666700,94.833300,0.919253,0.157023,0.126739,0.000086,-0.013060,-0.014310,0.000000,4,4,0,fixed,4,4,0,0,3.000000,4.000000
1,multi_greedy,4,1,56,0,0,4,0.000000,69.833300,0.572793,20,0.376814,33,0,0,0,0.376814,0.434643,0.057829,0.057829,0.376814,0.000000,4,0,1,-1,20,36,24,69.833300,84.666700,94.833300,0.572793,0.472441,0.421793,0.000086,-0.004659,-0.003776,0.000000,4,4,0,fixed,4,4,0,0,3.000000,4.000000
1,multi_greedy,4,1,57,2,2,3,0.000000,94.833300,1.054482,24,0.376814,33,0,2,0,0.376814,0.434643,0.057829,0.057829,0.376814,0.000000,4,0,1,-1,20,36,24,69.833300,84.666700,94.833300,1.431982,1.181102,1.054482,0.003350,-0.001085,0.000086,0.003350,4,4,0,fixed,4,4,0,0,3.000000,4.000000
1,multi_greedy,4,1,58,1,1,1,2.271144,84.666700,0.757048,36,0.376814,33,0,1,0,0.376814,0.434643,0.057829,0.057829,0.376814,0.000000,4,0,1,-1,20,36,24,69.833300,84.666700,94.833300,2.334611,0.898933,0.747950,0.005468,0.000086,0.000989,0.005468,4,4,0,fixed,4,4,0,0,3.000000,4.000000
1,multi_greedy,4,1,59,1,1,4,0.000000,84.666700,0.472441,36,0.376814,33,0,1,0,0.376814,0.434643,0.057829,0.057829,0.376814,0.000000,4,0,1,0,20,36,24,69.833300,84.666700,94.833300,0.572793,0.472441,0.421793,0.004953,0.000086,0.000991,0.004953,4,4,0,fixed,4,4,0,0,3.000000,4.000000
1,multi_greedy,4,1,60,1,1,3,0.000000,84.666700,1.181102,36,0.376814,33,0,1,0,0.376814,0.434643,0.057829,0.057829,0.376814,0.000000,4,0,1,1,20,36,24,69.833300,84.666700,94.833300,1.431982,1.181102,1.054482,0.004548,0.000086,0.001264,0.004548,4,4,0,fixed,4,4,0,0,3.000000,4.000000
1,multi_greedy,4,1,61,1,1,4,0.000000,84.666700,0.472441,36,0.376814,33,0,1,0,0.376814,0.434643,0.057829,0.057829,0.376814,0.000000,4,0,1,0,20,36,24,69.833300,84.666700,94.833300,0.572793,0.472441,0.421793,0.004953,0.000086,0.000991,0.004953,4,4,0,fixed,4,4,0,0,3.000000,4.000000
1,multi_greedy,4,1,62,0,0,3,0.000000,69.833300,1.431982,20,0.376814,33,0,0,0,0.376814,0.434643,0.057829,0.057829,0.376814,0.000000,4,0,1,-1,20,36,24,69.833300,84.666700,94.833300,1.431982,1.181102,1.054482,0.000086,-0.004274,-0.003123,0.000000,4,4,0,fixed,4,4,0,0,3.000000,4.000000
1,multi_greedy,4,1,63,0,0,2,7.354024,69.833300,0.919253,20,0.376814,33,0,0,0,0.376814,0.434643,0.057829,0.057829,0.376814,0.000000,4,0,1,-1,20,36,24,69.833300,84.666700,94.833300,0.919253,0.157023,0.126739,0.000086,-0.013060,-0.014310,0.000000,4,4,0,fixed,4,4,0,0,3.000000,4.000000
1,multi_greedy,4,1,64,1,1,4,0.000000,84.666700,0.472441,36,0.376814,33,0,1,0,0.376814,0.434643,0.057829,0.057829,0.376814,0.000000,4,0,1,0,20,36,24,69.833300,84.666700,94.833300,0.572793,0.472441,0.421793,0.004953,0.000086,0.000991,0.004953,4,4,0,fixed,4,4,0,0,3.000000,4.000000
1,multi_greedy,4,1,65,1,1,2,1.291799,84.666700,0.161475,36,0.376814,33,0,1,0,0.376814,0.434643,0.057829,0.057829,0.376814,0.000000,4,0,1,0,20,36,24,69.833300,84.666700,94.833300,0.875479,0.161378,0.126739,0.013353,0.000086,-0.001862,0.013353,4,4,0,fixed,4,4,0,0,3.000000,4.000000
1,multi_greedy,4,1,66,2,2,4,0.000000,94.833300,0.421793,24,0.376814,33,0,2,0,0.376814,0.434643,0.057829,0.057829,0.376814,0.000000,4,0,1,0,20,36,24,69.833300,84.666700,94.833300,0.572793,0.472441,0.421793,0.004029,-0.000816,0.000086,0.004029,4,4,0,fixed,4,4,0,0,3.000000,4.000000
1,multi_greedy,4,1,67,2,2,4,0.000000,94.833300,0.421793,24,0.376814,33,0,2,0,0.376814,0.434643,0.057829,0.057829,0.376814,0.000000,4,0,1,0,20,36,24,69.833300,84.666700,94.833300,0.572793,0.472441,0.421793,0.004029,-0.000816,0.000086,0.004029,4,4,0,fixed,4,4,0,0,3.000000,4.000000
1,multi_greedy,4,1,68,0,0,2,7.354024,69.833300,0.919253,20,0.376814,33,0,0,0,0.376814,0.434643,0.057829,0.057829,0.376814,0.000000,4,0,1,-1,20,36,24,69.833300,84.666700,94.833300,0.919253,0.157023,0.126739,0.000086,-0.013060,-0.014310,0.000000,4,4,0,fixed,4,4,0,0,3.000000,4.000000
1,multi_greedy,4,1,69,0,0,4,0.000000,69.833300,0.572793,20,0.376814,33,0,0,0,0.376814,0.434643,0.057829,0.057829,0.376814,0.000000,4,0,1,-1,20,36,24,69.833300,84.666700,94.833300,0.572793,0.472441,0.421793,0.000086,-0.004659,-0.003776,0.000000,4,4,0,fixed,4,4,0,0,3.000000,4.000000
1,multi_greedy,4,1,70,2,2,1,2.311938,94.833300,0.770646,24,0.376814,33,0,2,0,0.376814,0.434643,0.057829,0.057829,0.376814,0.000000,4,0,1,-1,20,36,24,69.833300,84.666700,94.833300,2.334611,0.857382,0.780809,0.004344,-0.001157,0.000086,0.004344,4,4,0,fixed,4,4,0,0,3.000000,4.000000
1,multi_greedy,4,1,71,2,2,3,0.000000,94.833300,1.054482,24,0.376814,33,0,2,0,0.376814,0.434643,0.057829,0.057829,0.376814,0.000000,4,0,1,-1,20,36,24,69.833300,84.666700,94.833300,1.431982,1.181102,1.054482,0.003350,-0.001085,0.000086,0.003350,4,4,0,fixed,4,4,0,0,3.000000,4.000000
1,multi_greedy,4,1,72,2,2,1,2.419632,94.833300,0.806544,24,0.376814,33,0,2,0,0.376814,0.434643,0.057829,0.057829,0.376814,0.000000,4,0,1,-1,20,36,24,69.833300,84.666700,94.833300,2.334611,0.857382,0.773629,0.004365,-0.001137,0.000086,0.004365,4,4,0,fixed,4,4,0,0,3.000000,4.000000
1,multi_greedy,4,1,73,2,2,1,2.351011,94.833300,0.783670,24,0.376814,33,0,2,0,0.376814,0.434643,0.057829,0.057829,0.376814,0.000000,4,0,1,-1,20,36,24,69.833300,84.666700,94.833300,2.334611,0.857382,0.778204,0.004352,-0.001149,0.000086,0.004352,4,4,0,fixed,4,4,0,0,3.000000,4.000000
1,multi_greedy,4,1,74,2,2,1,2.297887,94.833300,0.765962,24,0.376814,33,0,2,0,0.376814,0.434643,0.057829,0.057829,0.376814,0.000000,4,0,1,-1,20,36,24,69.833300,84.666700,94.833300,2.334611,0.857382,0.781745,0.004342,-0.001159,0.000086,0.004342,4,4,0,fixed,4,4,0,0,3.000000,4.000000
1,multi_greedy,4,1,75,1,1,2,1.291723,84.666700,0.161465,36,0.376814,33,0,1,0,0.376814,0.434643,0.057829,0.057829,0.376814,0.000000,4,0,1,0,20,36,24,69.833300,84.666700,94.833300,0.875479,0.161379,0.126739,0.013353,0.000086,-0.001862,0.013353,4,4,0,fixed,4,4,0,0,3.000000,4.000000
1,multi_greedy,4,1,76,1,1,1,2.644434,84.666700,0.881478,36,0.376814,33,0,1,0,0.376814,0.434643,0.057829,0.057829,0.376814,0.000000,4,0,1,-1,20,36,24,69.833300,84.666700,94.833300,2.334611,0.881158,0.747950,0.005508,0.000086,0.001028,0.005508,4,4,0,fixed,4,4,0,0,3.000000,4.000000
1,multi_greedy,4,1,77,1,1,3,0.000000,84.666700,1.181102,36,0.376814,33,0,1,0,0.376814,0.434643,0.057829,0.057829,0.376814,0.000000,4,0,1,1,20,36,24,69.833300,84.666700,94.833300,1.431982,1.181102,1.054482,0.004548,0.000086,0.001264,0.004548,4,4,0,fixed,4,4,0,0,3.000000,4.000000
1,multi_greedy,4,1,78,2,2,2,1.057905,94.833300,0.132238,24,0.376814,33,0,2,0,0.376814,0.434643,0.057829,0.057829,0.376814,0.000000,4,0,1,0,20,36,24,69.833300,84.666700,94.833300,0.875479,0.157023,0.131965,0.014258,0.000318,0.000086,0.014258,4,4,0,fixed,4,4,0,0,3.000000,4.000000
1,multi_greedy,4,1,79,1,1,2,1.291863,84.666700,0.161483,36,0.376814,33,0,0,1,0.376814,0.434643,0.057829,0.057829,0.376814,0.000000,4,0,1,0,20,36,24,69.833300,84.666700,94.833300,0.875479,0.161377,0.126739,0.013353,0.000086,-0.001862,0.013353,4,4,0,fixed,4,4,0,0,3.000000,4.000000
1,multi_greedy,4,1,80,0,0,2,7.354024,69.833300,0.919253,20,0.376814,33,0,0,0,0.376814,0.434643,0.057829,0.057829,0.376814,0.000000,4,0,1,-1,20,36,24,69.833300,84.666700,94.833300,0.919253,0.157023,0.126739,0.000086,-0.013060,-0.014310,0.000000,4,4,0,fixed,4,4,0,0,3.000000,4.000000
1,multi_greedy,4,2,1,2,2,4,0.000000,54.333300,0.736197,22,0.407978,33,0,2,0,0.407978,0.484600,0.076622,0.076622,0.407978,0.031164,4,29,1,-1,24,34,22,105.833000,81.666700,54.333300,0.377954,0.489796,0.736197,-0.000212,-0.003272,0.000127,0.000000,4,4,0,fixed,4,4,0,0,3.000000,4.000000
1,multi_greedy,4,2,2,1,1,2,1.293951,81.666700,0.161744,34,0.407978,33,0,0,1,0.407978,0.484600,0.076622,0.076622,0.407978,0.031164,4,29,1,0,24,34,22,105.833000,81.666700,54.333300,0.907811,0.152858,0.102971,0.015992,0.000127,-0.004807,0.015992,4,4,0,fixed,4,4,0,0,3.000000,4.000000
1,multi_greedy,4,2,3,1,1,2,1.225157,81.666700,0.153145,34,0.407978,33,0,1,0,0.407978,0.484600,0.076622,0.076622,0.407978,0.031164,4,29,1,0,24,34,22,105.833000,81.666700,54.333300,0.907811,0.153639,0.102971,0.015920,0.000127,-0.004873,0.015920,4,4,0,fixed,4,4,0,0,3.000000,4.000000
1,multi_greedy,4,2,4,1,1,1,3.041654,81.666700,1.013885,34,0.407978,33,0,1,0,0.407978,0.484600,0.076622,0.076622,0.407978,0.031164,4,29,1,1,24,34,22,105.833000,81.666700,54.333300,2.420830,1.022019,0.873879,0.005664,0.000127,0.001733,0.005664,4,4,0,fixed,4,4,0,0,3.000000,4.000000
1,multi_greedy,4,2,5,0,0,2,7.409790,105.833000,0.926224,24,0.407978,33,0,0,0,0.407978,0.484600,0.076622,0.076622,0.407978,0.031164,4,29,1,-1,24,34,22,105.833000,81.666700,54.333300,0.947794,0.149210,0.102971,0.000127,-0.015449,-0.019351,0.000000,4,4,0,fixed,4,4,0,0,3.000000,4.000000
1,multi_greedy,4,2,6,2,2,4,0.000000,54.333300,0.736197,22,0.407978,33,0,2,0,0.407978,0.484600,0.076622,0.076622,0.407978,0.031164,4,29,1,-1,24,34,22,105.833000,81.666700,54.333300,0.377954,0.489796,0.736197,-0.000212,-0.003272,0.000127,0.000000,4,4,0,fixed,4,4,0,0,3.000000,4.000000
1,multi_greedy,4,2,7,0,0,3,0.000000,105.833000,0.944885,24,0.407978,33,0,0,0,0.407978,0.484600,0.076622,0.076622,0.407978,0.031164,4,29,1,-1,24,34,22,105.833000,81.666700,54.333300,0.944885,1.224489,1.840492,0.000127,-0.003681,-0.001139,0.000000,4,4,0,fixed,4,4,0,0,3.000000,4.000000
1,multi_greedy,4,2,8,1,1,3,0.000000,81.666700,1.224489,34,0.407978,33,0,1,0,0.407978,0.484600,0.076622,0.076622,0.407978,0.031164,4,29,1,1,24,34,22,105.833000,81.666700,54.333300,0.944885,1.224489,1.840492,0.004006,0.000127,0.002717,0.004006,4,4,0,fixed,4,4,0,0,3.000000,4.000000
1,multi_greedy,4,2,9,0,0,2,7.537634,105.833000,0.942204,24,0.407978,33,0,0,0,0.407978,0.484600,0.076622,0.076622,0.407978,0.031164,4,29,1,-1,24,34,22,105.833000,81.666700,54.333300,0.946018,0.149210,0.102971,0.000127,-0.015446,-0.019348,0.000000,4,4,0,fixed,4,4,0,0,3.000000,4.000000
1,multi_greedy,4,2,10,1,1,1,3.005070,81.666700,1.001690,34,0.407978,33,0,1,0,0.407978,0.484600,0.076622,0.076622,0.407978,0.031164,4,29,1,1,24,34,22,105.833000,81.666700,54.333300,2.420830,1.023762,0.873879,0.005661,0.000127,0.001729,0.005661,4,4,0,fixed,4,4,0,0,3.000000,4.000000
1,multi_greedy,4,2,11,2,2,4,0.000000,54.333300,0.736197,22,0.407978,33,0,2,0,0.407978,0.484600,0.076622,0.076622,0.407978,0.031164,4,29,1,-1,24,34,22,105.833000,81.666700,54.333300,0.377954,0.489796,0.736197,-0.000212,-0.003272,0.000127,0.000000,4,4,0,fixed,4,4,0,0,3.000000,4.000000
1,multi_greedy,4,2,12,1,1,3,0.000000,81.666700,1.224489,34,0.407978,33,0,1,0,0.407978,0.484600,0.076622,0.076622,0.407978,0.031164,4,29,1,1,24,34,22,105.833000,81.666700,54.333300,0.944885,1.224489,1.840492,0.004006,0.000127,0.002717,0.004006,4,4,0,fixed,4,4,0,0,3.000000,4.000000
1,multi_greedy,4,2,13,0,0,4,0.000000,105.833000,0.377954,24,0.407978,33,0,0,0,0.407978,0.484600,0.076622,0.076622,0.407978,0.031164,4,29,1,0,24,34,22,105.833000,81.666700,54.333300,0.377954,0.489796,0.736197,0.000127,-0.002939,0.000466,0.000466,4,4,0,fixed,4,4,0,0,3.000000,4.000000
1,multi_greedy,4,2,14,2,2,2,0.862320,54.333300,0.107790,22,0.407978,33,0,0,1,0.407978,0.484600,0.076622,0.076622,0.407978,0.031164,4,29,1,0,24,34,22,105.833000,81.666700,54.333300,0.907811,0.149210,0.107583,0.019527,0.002656,0.000127,0.019527,4,4,0,fixed,4,4,0,0,3.000000,4.000000
1,multi_greedy,4,2,15,0,0,3,0.000000,105.833000,0.944885,24,0.407978,33,0,0,0,0.407978,0.484600,0.076622,0.076622,0.407978,0.031164,4,29,1,-1,24,34,22,105.833000,81.666700,54.333300,0.944885,1.224489,1.840492,0.000127,-0.003681,-0.001139,0.000000,4,4,0,fixed,4,4,0,0,3.000000,4.000000
1,multi_greedy,4,2,16,2,2,3,0.000000,54.333300,1.840492,22,0.407978,33,0,2,0,0.407978,0.484600,0.076622,0.076622,0.407978,0.031164,4,29,1,-1,24,34,22,105.833000,81.666700,54.333300,0.944885,1.224489,1.840492,0.001400,-0.002431,0.000127,0.001400,4,4,0,fixed,4,4,0,0,3.000000,4.000000
1,multi_greedy,4,2,17,2,2,3,0.000000,54.333300,1.840492,22,0.407978,33,0,2,0,0.407978,0.484600,0.076622,0.076622,0.407978,0.031164,4,29,1,-1,24,34,22,105.833000,81.666700,54.333300,0.944885,1.224489,1.840492,0.001400,-0.002431,0.000127,0.001400,4,4,0,fixed,4,4,0,0,3.000000,4.000000
1,multi_greedy,4,2,18,2,2,4,0.000000,54.333300,0.736197,22,0.407978,33,0,2,0,0.407978,0.484600,0.076622,0.076622,0.407978,0.031164,4,29,1,-1,24,34,22,105.833000,81.666700,54.333300,0.377954,0.489796,0.736197,-0.000212,-0.003272,0.000127,0.000000,4,4,0,fixed,4,4,0,0,3.000000,4.000000
1,multi_greedy,4,2,19,0,0,4,0.000000,105.833000,0.377954,24,0.407978,33,0,0,0,0.407978,0.484600,0.076622,0.076622,0.407978,0.031164,4,29,1,0,24,34,22,105.833000,81.666700,54.333300,0.377954,0.489796,0.736197,0.000127,-0.002939,0.000466,0.000466,4,4,0,fixed,4,4,0,0,3.000000,4.000000
1,multi_greedy,4,2,20,1,1,2,1.225127,81.666700,0.153141,34,0.407978,33,0,1,0,0.407978,0.484600,0.076622,0.076622,0.407978,0.031164,4,29,1,0,24,34,22,105.833000,81.666700,54.333300,0.907811,0.153640,0.102971,0.015920,0.000127,-0.004873,0.015920,4,4,0,fixed,4,4,0,0,3.000000,4.000000
1,multi_greedy,4,2,21,0,0,4,0.000000,105.833000,0.377954,24,0.407978,33,0,0,0,0.407978,0.484600,0.076622,0.076622,0.407978,0.031164,4,29,1,0,24,34,22,105.833000,81.666700,54.333300,0.377954,0.489796,0.736197,0.000127,-0.002939,0.000466,0.000466,4,4,0,fixed,4,4,0,0,3.000000,4.000000
1,multi_greedy,4,2,22,1,1,3,0.000000,81.666700,1.224489,34,0.407978,33,0,1,0,0.407978,0.484600,0.076622,0.076622,0.407978,0.031164,4,29,1,1,24,34,22,105.833000,81.666700,54.333300,0.944885,1.224489,1.840492,0.004006,0.000127,0.002717,0.004006,4,4,0,fixed,4,4,0,0,3.000000,4.000000
1,multi_greedy,4,2,23,1,1,1,2.983015,81.666700,0.994338,34,0.407978,33,0,1,0,0.407978,0.484600,0.076622,0.076622,0.407978,0.031164,4,29,1,-1,24,34,22,105.833000,81.666700,54.333300,2.420830,1.024812,0.873879,0.005659,0.000127,0.001727,0.005659,4,4,0,fixed,4,4,0,0,3.000000,4.000000
1,multi_greedy,4,2,24,1,1,4,0.000000,81.666700,0.489796,34,0.407978,33,0,1,0,0.407978,0.484600,0.076622,0.076622,0.407978,0.031164,4,29,1,0,24,34,22,105.833000,81.666700,54.333300,0.377954,0.489796,0.736197,0.003239,0.000127,0.003583,0.003583,4,4,0,fixed,4,4,0,0,3.000000,4.000000
1,multi_greedy,4,2,25,2,2,1,2.778843,54.333300,0.926281,22,0.407978,33,0,2,0,0.407978,0.484600,0.076622,0.076622,0.407978,0.031164,4,29,1,-1,24,34,22,105.833000,81.666700,54.333300,2.420830,0.991831,0.911065,0.003822,-0.001787,0.000127,0.003822,4,4,0,fixed,4,4,0,0,3.000000,4.000000
1,multi_greedy,4,2,26,1,1,3,0.000000,81.666700,1.224489,34,0.407978,33,0,1,0,0.407978,0.484600,0.076622,0.076622,0.407978,0.031164,4,29,1,1,24,34,22,105.833000,81.666700,54.333300,0.944885,1.224489,1.840492,0.004006,0.000127,0.002717,0.004006,4,4,0,fixed,4,4,0,0,3.000000,4.000000
1,multi_greedy,4,2,27,1,1,1,3.029598,81.666700,1.009866,34,0.407978,33,0,1,0,0.407978,0.484600,0.076622,0.076622,0.407978,0.031164,4,29,1,1,24,34,22,105.833000,81.666700,54.333300,2.420830,1.022594,0.873879,0.005663,0.000127,0.001731,0.005663,4,4,0,fixed,4,4,0,0,3.000000,4.000000
1,multi_greedy,4,2,28,0,0,2,7.630567,105.833000,0.953821,24,0.407978,33,0,0,0,0.407978,0.484600,0.076622,0.076622,0.407978,0.031164,4,29,1,-1,24,34,22,105.833000,81.666700,54.333300,0.944727,0.149210,0.102971,0.000127,-0.015443,-0.019345,0.000000,4,4,0,fixed,4,4,0,0,3.000000,4.000000
1,multi_greedy,4,2,29,2,2,1,2.746464,54.333300,0.915488,22,0.407978,33,0,2,0,0.407978,0.484600,0.076622,0.076622,0.407978,0.031164,4,29,1,-1,24,34,22,105.833000,81.666700,54.333300,2.420830,0.991831,0.913224,0.003817,-0.001792,0.000127,0.003817,4,4,0,fixed,4,4,0,0,3.000000,4.000000
1,multi_greedy,4,2,30,2,2,4,0.000000,54.333300,0.736197,22,0.407978,33,0,2,0,0.407978,0.484600,0.076622,0.076622,0.407978,0.031164,4,29,1,-1,24,34,22,105.833000,81.666700,54.333300,0.377954,0.489796,0.736197,-0.000212,-0.003272,0.000127,0.000000,4,4,0,fixed,4,4,0,0,3.000000,4.000000
1,multi_greedy,4,2,31,1,1,2,1.225151,81.666700,0.153144,34,0.407978,33,0,1,0,0.407978,0.484600,0.076622,0.076622,0.407978,0.031164,4,29,1,0,24,34,22,105.833000,81.666700,54.333300,0.907811,0.153639,0.102971,0.015920,0.000127,-0.004873,0.015920,4,4,0,fixed,4,4,0,0,3.000000,4.000000
1,multi_greedy,4,2,32,0,0,4,0.000000,105.833000,0.377954,24,0.407978,33,0,0,0,0.407978,0.484600,0.076622,0.076622,0.407978,0.031164,4,29,1,0,24,34,22,105.833000,81.666700,54.333300,0.377954,0.489796,0.736197,0.000127,-0.002939,0.000466,0.000466,4,4,0,fixed,4,4,0,0,3.000000,4.000000
1,multi_greedy,4,2,33,1,1,2,1.224010,81.666700,0.153001,34,0.407978,33,0,1,0,0.407978,0.484600,0.076622,0.076622,0.407978,0.031164,4,29,1,0,24,34,22,105.833000,81.666700,54.333300,0.907811,0.153652,0.102971,0.015919,0.000127,-0.004874,0.015919,4,4,0,fixed,4,4,0,0,3.000000,4.000000
1,multi_greedy,4,2,34,0,0,4,0.000000,105.833000,0.377954,24,0.407978,33,0,0,0,0.407978,0.484600,0.076622,0.076622,0.407978,0.031164,4,29,1,0,24,34,22,105.833000,81.666700,54.333300,0.377954,0.489796,0.736197,0.000127,-0.002939,0.000466,0.000466,4,4,0,fixed,4,4,0,0,3.000000,4.000000
1,multi_greedy,4,2,35,2,2,3,0.000000,54.333300,1.840492,22,0.407978,33,0,2,0,0.407978,0.484600,0.076622,0.076622,0.407978,0.031164,4,29,1,-1,24,34,22,105.833000,81.666700,54.333300,0.944885,1.224489,1.840492,0.001400,-0.002431,0.000127,0.001400,4,4,0,fixed,4,4,0,0,3.000000,4.000000
1,multi_greedy,4,2,36,0,0,4,0.000000,105.833000,0.377954,24,0.407978,33,0,0,0,0.407978,0.484600,0.076622,0.076622,0.407978,0.031164,4,29,1,0,24,34,22,105.833000,81.666700,54.333300,0.377954,0.489796,0.736197,0.000127,-0.002939,0.000466,0.000466,4,4,0,fixed,4,4,0,0,3.000000,4.000000
1,multi_greedy,4,2,37,1,1,4,0.000000,81.666700,0.489796,34,0.407978,33,0,1,0,0.407978,0.484600,0.076622,0.076622,0.407978,0.031164,4,29,1,0,24,34,22,105.833000,81.666700,54.333300,0.377954,0.489796,0.736197,0.003239,0.000127,0.003583,0.003583,4,4,0,fixed,4,4,0,0,3.000000,4.000000
1,multi_greedy,4,2,38,2,2,3,0.000000,54.333300,1.840492,22,0.407978,33,0,2,0,0.407978,0.484600,0.076622,0.076622,0.407978,0.031164,4,29,1,-1,24,34,22,105.833000,81.666700,54.333300,0.944885,1.224489,1.840492,0.001400,-0.002431,0.000127,0.001400,4,4,0,fixed,4,4,0,0,3.000000,4.000000
1,multi_greedy,4,2,39,1,1,2,1.224070,81.666700,0.153009,34,0.407978,33,0,1,0,0.407978,0.484600,0.076622,0.076622,0.407978,0.031164,4,29,1,0,24,34,22,105.833000,81.666700,54.333300,0.907811,0.153652,0.102971,0.015919,0.000127,-0.004874,0.015919,4,4,0,fixed,4,4,0,0,3.000000,4.000000
1,multi_greedy,4,2,40,1,1,1,3.358616,81.666700,1.119539,34,0.407978,33,0,1,0,0.407978,0.484600,0.076622,0.076622,0.407978,0.031164,4,29,1,1,24,34,22,105.833000,81.666700,54.333300,2.420830,1.006926,0.873879,0.005695,0.000127,0.001762,0.005695,4,4,0,fixed,4,4,0,0,3.000000,4.000000
1,multi_greedy,4,2,41,0,0,2,7.630591,105.833000,0.953824,24,0.407978,33,0,0,0,0.407978,0.484600,0.076622,0.076622,0.407978,0.031164,4,29,1,-1,24,34,22,105.833000,81.666700,54.333300,0.944727,0.149210,0.102971,0.000127,-0.015443,-0.019345,0.000000,4,4,0,fixed,4,4,0,0,3.000000,4.000000
1,multi_greedy,4,2,42,1,1,4,0.000000,81.666700,0.489796,34,0.407978,33,0,1,0,0.407978,0.484600,0.076622,0.076622,0.407978,0.031164,4,29,1,0,24,34,22,105.833000,81.666700,54.333300,0.377954,0.489796,0.736197,0.003239,0.000127,0.003583,0.003583,4,4,0,fixed,4,4,0,0,3.000000,4.000000
1,multi_greedy,4,2,43,0,0,2,7.535437,105.833000,0.941930,24,0.407978,33,0,0,0,0.407978,0.484600,0.076622,0.076622,0.407978,0.031164,4,29,1,-1,24,34,22,105.833000,81.666700,54.333300,0.946049,0.149210,0.102971,0.000127,-0.015446,-0.019348,0.000000,4,4,0,fixed,4,4,0,0,3.000000,4.000000
1,multi_greedy,4,2,44,0,0,4,0.000000,105.833000,0.377954,24,0.407978,33,0,0,0,0.407978,0.484600,0.076622,0.076622,0.407978,0.031164,4,29,1,0,24,34,22,105.833000,81.666700,54.333300,0.377954,0.489796,0.736197,0.000127,-0.002939,0.000466,0.000466,4,4,0,fixed,4,4,0,0,3.000000,4.000000
1,multi_greedy,4,2,45,1,1,3,0.000000,81.666700,1.224489,34,0.407978,33,0,1,0,0.407978,0.484600,0.076622,0.076622,0.407978,0.031164,4,29,1,1,24,34,22,105.833000,81.666700,54.333300,0.944885,1.224489,1.840492,0.004006,0.000127,0.002717,0.004006,4,4,0,fixed,4,4,0,0,3.000000,4.000000
1,multi_greedy,4,2,46,1,1,2,1.224063,81.666700,0.153008,34,0.407978,33,0,1,0,0.407978,0.484600,0.076622,0.076622,0.407978,0.031164,4,29,1,0,24,34,22,105.833000,81.666700,54.333300,0.907811,0.153652,0.102971,0.015919,0.000127,-0.004874,0.015919,4,4,0,fixed,4,4,0,0,3.000000,4.000000
1,multi_greedy,4,2,47,2,2,2,0.860123,54.333300,0.107515,22,0.407978,33,1,0,1,0.407978,0.484600,0.076622,0.076622,0.407978,0.031164,4,29,1,0,24,34,22,105.833000,81.666700,54.333300,0.907811,0.149210,0.107720,0.019501,0.002632,0.000127,0.019501,4,4,0,fixed,4,4,0,0,3.000000,4.000000
1,multi_greedy,4,2,48,0,0,4,0.000000,105.833000,0.377954,24,0.407978,33,0,0,0,0.407978,0.484600,0.076622,0.076622,0.407978,0.031164,4,29,1,0,24,34,22,105.833000,81.666700,54.333300,0.377954,0.489796,0.736197,0.000127,-0.002939,0.000466,0.000466,4,4,0,fixed,4,4,0,0,3.000000,4.000000
1,multi_greedy,4,2,49,1,1,2,1.224063,81.666700,0.153008,34,0.407978,33,0,1,0,0.407978,0.484600,0.076622,0.076622,0.407978,0.031164,4,29,1,0,24,34,22,105.833000,81.666700,54.333300,0.907811,0.153652,0.102971,0.015919,0.000127,-0.004874,0.015919,4,4,0,fixed,4,4,0,0,3.000000,4.000000
1,multi_greedy,4,2,50,0,0,4,0.000000,105.833000,0.377954,24,0.407978,33,0,0,0,0.407978,0.484600,0.076622,0.076622,0.407978,0.031164,4,29,1,0,24,34,22,105.833000,81.666700,54.333300,0.377954,0.489796,0.736197,0.000127,-0.002939,0.000466,0.000466,4,4,0,fixed,4,4,0,0,3.000000,4.000000
1,multi_greedy,4,2,51,1,1,2,1.221866,81.666700,0.152733,34,0.407978,33,0,1,0,0.407978,0.484600,0.076622,0.076622,0.407978,0.031164,4,29,1,0,24,34,22,105.833000,81.666700,54.333300,0.907811,0.153677,0.102971,0.015916,0.000127,-0.004876,0.015916,4,4,0,fixed,4,4,0,0,3.000000,4.000000
1,multi_greedy,4,2,52,1,1,1,2.727755,81.666700,0.909252,34,0.407978,33,0,1,0,0.407978,0.484600,0.076622,0.076622,0.407978,0.031164,4,29,1,-1,24,34,22,105.833000,81.666700,54.333300,2.420830,1.036967,0.873879,0.005635,0.000127,0.001704,0.005635,4,4,0,fixed,4,4,0,0,3.000000,4.000000
1,multi_greedy,4,2,53,1,1,2,1.210959,81.666700,0.151370,34,0.407978,33,0,1,0,0.407978,0.484600,0.076622,0.076622,0.407978,0.031164,4,29,1,0,24,34,22,105.833000,81.666700,54.333300,0.907811,0.153801,0.102971,0.015905,0.000127,-0.004886,0.015905,4,4,0,fixed,4,4,0,0,3.000000,4.000000
1,multi_greedy,4,2,54,1,1,4,0.000000,81.666700,0.489796,34,0.407978,33,0,1,0,0.407978,0.484600,0.076622,0.076622,0.407978,0.031164,4,29,1,0,24,34,22,105.833000,81.666700,54.333300,0.377954,0.489796,0.736197,0.003239,0.000127,0.003583,0.003583,4,4,0,fixed,4,4,0,0,3.000000,4.000000
1,multi_greedy,4,2,55,0,0,2,7.630567,105.833000,0.953821,24,0.407978,33,0,0,0,0.407978,0.484600,0.076622,0.076622,0.407978,0.031164,4,29,1,-1,24,34,22,105.833000,81.666700,54.333300,0.944727,0.149210,0.102971,0.000127,-0.015443,-0.019345,0.000000,4,4,0,fixed,4,4,0,0,3.000000,4.000000
1,multi_greedy,4,2,56,0,0,4,0.000000,105.833000,0.377954,24,0.407978,33,0,0,0,0.407978,0.484600,0.076622,0.076622,0.407978,0.031164,4,29,1,0,24,34,22,105.833000,81.666700,54.333300,0.377954,0.489796,0.736197,0.000127,-0.002939,0.000466,0.000466,4,4,0,fixed,4,4,0,0,3.000000,4.000000
1,multi_greedy,4,2,57,2,2,3,0.000000,54.333300,1.840492,22,0.407978,33,0,2,0,0.407978,0.484600,0.076622,0.076622,0.407978,0.031164,4,29,1,-1,24,34,22,105.833000,81.666700,54.333300,0.944885,1.224489,1.840492,0.001400,-0.002431,0.000127,0.001400,4,4,0,fixed,4,4,0,0,3.000000,4.000000
1,multi_greedy,4,2,58,1,1,1,3.205922,81.666700,1.068641,34,0.407978,33,0,1,0,0.407978,0.484600,0.076622,0.076622,0.407978,0.031164,4,29,1,1,24,34,22,105.833000,81.666700,54.333300,2.420830,1.014197,0.873879,0.005680,0.000127,0.001748,0.005680,4,4,0,fixed,4,4,0,0,3.000000,4.000000
1,multi_greedy,4,2,59,1,1,4,0.000000,81.666700,0.489796,34,0.407978,33,0,1,0,0.407978,0.484600,0.076622,0.076622,0.407978,0.031164,4,29,1,0,24,34,22,105.833000,81.666700,54.333300,0.377954,0.489796,0.736197,0.003239,0.000127,0.003583,0.003583,4,4,0,fixed,4,4,0,0,3.000000,4.000000
1,multi_greedy,4,2,60,1,1,3,0.000000,81.666700,1.224489,34,0.407978,33,0,1,0,0.407978,0.484600,0.076622,0.076622,0.407978,0.031164,4,29,1,1,24,34,22,105.833000,81.666700,54.333300,0.944885,1.224489,1.840492,0.004006,0.000127,0.002717,0.004006,4,4,0,fixed,4,4,0,0,3.000000,4.000000
1,multi_greedy,4,2,61,1,1,4,0.000000,81.666700,0.489796,34,0.407978,33,0,1,0,0.407978,0.484600,0.076622,0.076622,0.407978,0.031164,4,29,1,0,24,34,22,105.833000,81.666700,54.333300,0.377954,0.489796,0.736197,0.003239,0.000127,0.003583,0.003583,4,4,0,fixed,4,4,0,0,3.000000,4.000000
1,multi_greedy,4,2,62,0,0,3,0.000000,105.833000,0.944885,24,0.407978,33,0,0,0,0.407978,0.484600,0.076622,0.076622,0.407978,0.031164,4,29,1,-1,24,34,22,105.833000,81.666700,54.333300,0.944885,1.224489,1.840492,0.000127,-0.003681,-0.001139,0.000000,4,4,0,fixed,4,4,0,0,3.000000,4.000000
1,multi_greedy,4,2,63,0,0,2,7.628381,105.833000,0.953548,24,0.407978,33,0,0,0,0.407978,0.484600,0.076622,0.076622,0.407978,0.031164,4,29,1,-1,24,34,22,105.833000,81.666700,54.333300,0.944758,0.149210,0.102971,0.000127,-0.015443,-0.019345,0.000000,4,4,0,fixed,4,4,0,0,3.000000,4.000000
1,multi_greedy,4,2,64,1,1,4,0.000000,81.666700,0.489796,34,0.407978,33,0,1,0,0.407978,0.484600,0.076622,0.076622,0.407978,0.031164,4,29,1,0,24,34,22,105.833000,81.666700,54.333300,0.377954,0.489796,0.736197,0.003239,0.000127,0.003583,0.003583,4,4,0,fixed,4,4,0,0,3.000000,4.000000
1,multi_greedy,4,2,65,1,1,2,1.224051,81.666700,0.153006,34,0.407978,33,0,1,0,0.407978,0.484600,0.076622,0.076622,0.407978,0.031164,4,29,1,0,24,34,22,105.833000,81.666700,54.333300,0.907811,0.153652,0.102971,0.015919,0.000127,-0.004874,0.015919,4,4,0,fixed,4,4,0,0,3.000000,4.000000
1,multi_greedy,4,2,66,2,2,4,0.000000,54.333300,0.736197,22,0.407978,33,0,2,0,0.407978,0.484600,0.076622,0.076622,0.407978,0.031164,4,29,1,-1,24,34,22,105.833000,81.666700,54.333300,0.377954,0.489796,0.736197,-0.000212,-0.003272,0.000127,0.000000,4,4,0,fixed,4,4,0,0,3.000000,4.000000
1,multi_greedy,4,2,67,2,2,4,0.000000,54.333300,0.736197,22,0.407978,33,0,2,0,0.407978,0.484600,0.076622,0.076622,0.407978,0.031164,4,29,1,-1,24,34,22,105.833000,81.666700,54.333300,0.377954,0.489796,0.736197,-0.000212,-0.003272,0.000127,0.000000,4,4,0,fixed,4,4,0,0,3.000000,4.000000
1,multi_greedy,4,2,68,0,0,2,7.628381,105.833000,0.953548,24,0.407978,33,0,0,0,0.407978,0.484600,0.076622,0.076622,0.407978,0.031164,4,29,1,-1,24,34,22,105.833000,81.666700,54.333300,0.944758,0.149210,0.102971,0.000127,-0.015443,-0.019345,0.000000,4,4,0,fixed,4,4,0,0,3.000000,4.000000
1,multi_greedy,4,2,69,0,0,4,0.000000,105.833000,0.377954,24,0.407978,33,0,0,0,0.407978,0.484600,0.076622,0.076622,0.407978,0.031164,4,29,1,0,24,34,22,105.833000,81.666700,54.333300,0.377954,0.489796,0.736197,0.000127,-0.002939,0.000466,0.000466,4,4,0,fixed,4,4,0,0,3.000000,4.000000
1,multi_greedy,4,2,70,2,2,1,2.825791,54.333300,0.941930,22,0.407978,33,0,2,0,0.407978,0.484600,0.076622,0.076622,0.407978,0.031164,4,29,1,-1,24,34,22,105.833000,81.666700,54.333300,2.420830,0.991831,0.907935,0.003830,-0.001780,0.000127,0.003830,4,4,0,fixed,4,4,0,0,3.000000,4.000000
1,multi_greedy,4,2,71,2,2,3,0.000000,54.333300,1.840492,22,0.407978,33,0,2,0,0.407978,0.484600,0.076622,0.076622,0.407978,0.031164,4,29,1,-1,24,34,22,105.833000,81.666700,54.333300,0.944885,1.224489,1.840492,0.001400,-0.002431,0.000127,0.001400,4,4,0,fixed,4,4,0,0,3.000000,4.000000
1,multi_greedy,4,2,72,2,2,1,2.565544,54.333300,0.855181,22,0.407978,33,0,2,0,0.407978,0.484600,0.076622,0.076622,0.407978,0.031164,4,29,1,-1,24,34,22,105.833000,81.666700,54.333300,2.420830,0.991831,0.925285,0.003788,-0.001820,0.000127,0.003788,4,4,0,fixed,4,4,0,0,3.000000,4.000000
1,multi_greedy,4,2,73,2,2,1,2.942475,54.333300,0.980825,22,0.407978,33,0,2,0,0.407978,0.484600,0.076622,0.076622,0.407978,0.031164,4,29,1,-1,24,34,22,105.833000,81.666700,54.333300,2.420830,0.991831,0.900156,0.003849,-0.001761,0.000127,0.003849,4,4,0,fixed,4,4,0,0,3.000000,4.000000
1,multi_greedy,4,2,74,2,2,1,2.585704,54.333300,0.861901,22,0.407978,33,0,2,0,0.407978,0.484600,0.076622,0.076622,0.407978,0.031164,4,29,1,-1,24,34,22,105.833000,81.666700,54.333300,2.420830,0.991831,0.923941,0.003791,-0.001817,0.000127,0.003791,4,4,0,fixed,4,4,0,0,3.000000,4.000000
1,multi_greedy,4,2,75,1,1,2,1.222946,81.666700,0.152868,34,0.407978,33,0,1,0,0.407978,0.484600,0.076622,0.076622,0.407978,0.031164,4,29,1,0,24,34,22,105.833000,81.666700,54.333300,0.907811,0.153664,0.102971,0.015917,0.000127,-0.004875,0.015917,4,4,0,fixed,4,4,0,0,3.000000,4.000000
1,multi_greedy,4,2,76,1,1,1,3.152432,81.666700,1.050811,34,0.407978,33,0,1,0,0.407978,0.484600,0.076622,0.076622,0.407978,0.031164,4,29,1,1,24,34,22,105.833000,81.666700,54.333300,2.420830,1.016744,0.873879,0.005675,0.000127,0.001743,0.005675,4,4,0,fixed,4,4,0,0,3.000000,4.000000
1,multi_greedy,4,2,77,1,1,3,0.000000,81.666700,1.224489,34,0.407978,33,0,1,0,0.407978,0.484600,0.076622,0.076622,0.407978,0.031164,4,29,1,1,24,34,22,105.833000,81.666700,54.333300,0.944885,1.224489,1.840492,0.004006,0.000127,0.002717,0.004006,4,4,0,fixed,4,4,0,0,3.000000,4.000000
1,multi_greedy,4,2,78,2,2,2,0.861203,54.333300,0.107650,22,0.407978,33,0,0,1,0.407978,0.484600,0.076622,0.076622,0.407978,0.031164,4,29,1,0,24,34,22,105.833000,81.666700,54.333300,0.907811,0.149210,0.107653,0.019514,0.002644,0.000127,0.019514,4,4,0,fixed,4,4,0,0,3.000000,4.000000
1,multi_greedy,4,2,79,0,0,2,7.391209,105.833000,0.923901,24,0.407978,33,0,0,0,0.407978,0.484600,0.076622,0.076622,0.407978,0.031164,4,29,1,-1,24,34,22,105.833000,81.666700,54.333300,0.948052,0.149210,0.102971,0.000127,-0.015450,-0.019352,0.000000,4,4,0,fixed,4,4,0,0,3.000000,4.000000
1,multi_greedy,4,2,80,0,0,2,7.628381,105.833000,0.953548,24,0.407978,33,0,0,0,0.407978,0.484600,0.076622,0.076622,0.407978,0.031164,4,29,1,-1,24,34,22,105.833000,81.666700,54.333300,0.944758,0.149210,0.102971,0.000127,-0.015443,-0.019345,0.000000,4,4,0,fixed,4,4,0,0,3.000000,4.000000
1,multi_greedy,4,3,1,2,2,4,0.000000,52.000000,0.769231,19,0.497724,22,0,2,0,0.497724,0.564557,0.066833,0.066833,0.497724,0.089746,4,29,1,-1,28,33,19,110.000000,79.833300,52.000000,0.363636,0.501044,0.769231,-0.005477,-0.007477,0.000216,0.000000,4,4,0,fixed,4,4,0,0,3.000000,4.000000
1,multi_greedy,4,3,2,0,0,2,6.044706,110.000000,0.755588,28,0.497724,22,0,0,0,0.497724,0.564557,0.066833,0.066833,0.497724,0.089746,4,29,1,-1,28,33,19,110.000000,79.833300,52.000000,0.706597,0.172996,0.380364,0.000216,-0.017228,-0.002423,0.000000,4,4,0,fixed,4,4,0,0,3.000000,4.000000
1,multi_greedy,4,3,3,1,1,2,1.429446,79.833300,0.178681,33,0.497724,22,0,1,0,0.497724,0.564557,0.066833,0.066833,0.497724,0.089746,4,29,1,0,28,33,19,110.000000,79.833300,52.000000,0.685610,0.178195,0.380364,0.017535,0.000216,0.015018,0.017535,4,4,0,fixed,4,4,0,0,3.000000,4.000000
1,multi_greedy,4,3,4,1,1,1,2.938647,79.833300,0.979549,33,0.497724,22,0,1,0,0.497724,0.564557,0.066833,0.066833,0.497724,0.089746,4,29,1,-1,28,33,19,110.000000,79.833300,52.000000,1.828294,0.964123,1.014305,0.006099,0.000216,0.006002,0.006099,4,4,0,fixed,4,4,0,0,3.000000,4.000000
1,multi_greedy,4,3,5,0,0,2,5.646912,110.000000,0.705864,28,0.497724,22,0,0,0,0.497724,0.564557,0.066833,0.066833,0.497724,0.089746,4,29,1,-1,28,33,19,110.000000,79.833300,52.000000,0.710422,0.172996,0.380364,0.000216,-0.017249,-0.002445,0.000000,4,4,0,fixed,4,4,0,0,3.000000,4.000000
1,multi_greedy,4,3,6,2,2,4,0.000000,52.000000,0.769231,19,0.497724,22,0,2,0,0.497724,0.564557,0.066833,0.066833,0.497724,0.089746,4,29,1,-1,28,33,19,110.000000,79.833300,52.000000,0.363636,0.501044,0.769231,-0.005477,-0.007477,0.000216,0.000000,4,4,0,fixed,4,4,0,0,3.000000,4.000000
1,multi_greedy,4,3,7,0,0,3,0.000000,110.000000,0.909091,28,0.497724,22,0,0,0,0.497724,0.564557,0.066833,0.066833,0.497724,0.089746,4,29,1,-1,28,33,19,110.000000,79.833300,52.000000,0.909091,1.252610,1.923077,0.000216,-0.003217,0.003298,0.003298,4,4,0,fixed,4,4,0,0,3.000000,4.000000
1,multi_greedy,4,3,8,1,1,3,0.000000,79.833300,1.252610,33,0.497724,22,0,1,0,0.497724,0.564557,0.066833,0.066833,0.497724,0.089746,4,29,1,1,28,33,19,110.000000,79.833300,52.000000,0.909091,1.252610,1.923077,0.003697,0.000216,0.006823,0.006823,4,4,0,fixed,4,4,0,0,3.000000,4.000000
1,multi_greedy,4,3,9,0,0,2,5.653464,110.000000,0.706683,28,0.497724,22,0,0,0,0.497724,0.564557,0.066833,0.066833,0.497724,0.089746,4,29,1,-1,28,33,19,110.000000,79.833300,52.000000,0.710359,0.172996,0.380364,0.000216,-0.017249,-0.002445,0.000000,4,4,0,fixed,4,4,0,0,3.000000,4.000000
1,multi_greedy,4,3,10,1,1,1,3.085216,79.833300,1.028405,33,0.497724,22,0,1,0,0.497724,0.564557,0.066833,0.066833,0.497724,0.089746,4,29,1,1,28,33,19,110.000000,79.833300,52.000000,1.828294,0.957143,1.014305,0.006122,0.000216,0.006025,0.006122,4,4,0,fixed,4,4,0,0,3.000000,4.000000
1,multi_greedy,4,3,11,2,2,4,0.000000,52.000000,0.769231,19,0.497724,22,0,2,0,0.497724,0.564557,0.066833,0.066833,0.497724,0.089746,4,29,1,-1,28,33,19,110.000000,79.833300,52.000000,0.363636,0.501044,0.769231,-0.005477,-0.007477,0.000216,0.000000,4,4,0,fixed,4,4,0,0,3.000000,4.000000
1,multi_greedy,4,3,12,1,1,3,0.000000,79.833300,1.252610,33,0.497724,22,0,1,0,0.497724,0.564557,0.066833,0.066833,0.497724,0.089746,4,29,1,1,28,33,19,110.000000,79.833300,52.000000,0.909091,1.252610,1.923077,0.003697,0.000216,0.006823,0.006823,4,4,0,fixed,4,4,0,0,3.000000,4.000000
1,multi_greedy,4,3,13,0,0,4,0.000000,110.000000,0.363636,28,0.497724,22,0,0,0,0.497724,0.564557,0.066833,0.066833,0.497724,0.089746,4,29,1,0,28,33,19,110.000000,79.833300,52.000000,0.363636,0.501044,0.769231,0.000216,-0.001830,0.006043,0.006043,4,4,0,fixed,4,4,0,0,3.000000,4.000000
1,multi_greedy,4,3,14,0,0,2,5.755154,110.000000,0.719394,28,0.497724,22,0,0,0,0.497724,0.564557,0.066833,0.066833,0.497724,0.089746,4,29,1,-1,28,33,19,110.000000,79.833300,52.000000,0.709381,0.172996,0.380364,0.000216,-0.017243,-0.002439,0.000000,4,4,0,fixed,4,4,0,0,3.000000,4.000000
1,multi_greedy,4,3,15,0,0,3,0.000000,110.000000,0.909091,28,0.497724,22,0,0,0,0.497724,0.564557,0.066833,0.066833,0.497724,0.089746,4,29,1,-1,28,33,19,110.000000,79.833300,52.000000,0.909091,1.252610,1.923077,0.000216,-0.003217,0.003298,0.003298,4,4,0,fixed,4,4,0,0,3.000000,4.000000
1,multi_greedy,4,3,16,2,2,3,0.000000,52.000000,1.923077,19,0.497724,22,0,2,0,0.497724,0.564557,0.066833,0.066833,0.497724,0.089746,4,29,1,-1,28,33,19,110.000000,79.833300,52.000000,0.909091,1.252610,1.923077,-0.002828,-0.006219,0.000216,0.000000,4,4,0,fixed,4,4,0,0,3.000000,4.000000
1,multi_greedy,4,3,17,2,2,3,0.000000,52.000000,1.923077,19,0.497724,22,0,2,0,0.497724,0.564557,0.066833,0.066833,0.497724,0.089746,4,29,1,-1,28,33,19,110.000000,79.833300,52.000000,0.909091,1.252610,1.923077,-0.002828,-0.006219,0.000216,0.000000,4,4,0,fixed,4,4,0,0,3.000000,4.000000
1,multi_greedy,4,3,18,2,2,4,0.000000,52.000000,0.769231,19,0.497724,22,0,2,0,0.497724,0.564557,0.066833,0.066833,0.497724,0.089746,4,29,1,-1,28,33,19,110.000000,79.833300,52.000000,0.363636,0.501044,0.769231,-0.005477,-0.007477,0.000216,0.000000,4,4,0,fixed,4,4,0,0,3.000000,4.000000
1,multi_greedy,4,3,19,0,0,4,0.000000,110.000000,0.363636,28,0.497724,22,0,0,0,0.497724,0.564557,0.066833,0.066833,0.497724,0.089746,4,29,1,0,28,33,19,110.000000,79.833300,52.000000,0.363636,0.501044,0.769231,0.000216,-0.001830,0.006043,0.006043,4,4,0,fixed,4,4,0,0,3.000000,4.000000
1,multi_greedy,4,3,20,1,1,2,1.430614,79.833300,0.178827,33,0.497724,22,0,0,1,0.497724,0.564557,0.066833,0.066833,0.497724,0.089746,4,29,1,0,28,33,19,110.000000,79.833300,52.000000,0.685610,0.178180,0.380364,0.017537,0.000216,0.015020,0.017537,4,4,0,fixed,4,4,0,0,3.000000,4.000000
1,multi_greedy,4,3,21,0,0,4,0.000000,110.000000,0.363636,28,0.497724,22,0,0,0,0.497724,0.564557,0.066833,0.066833,0.497724,0.089746,4,29,1,0,28,33,19,110.000000,79.833300,52.000000,0.363636,0.501044,0.769231,0.000216,-0.001830,0.006043,0.006043,4,4,0,fixed,4,4,0,0,3.000000,4.000000
1,multi_greedy,4,3,22,1,1,3,0.000000,79.833300,1.252610,33,0.497724,22,0,1,0,0.497724,0.564557,0.066833,0.066833,0.497724,0.089746,4,29,1,1,28,33,19,110.000000,79.833300,52.000000,0.909091,1.252610,1.923077,0.003697,0.000216,0.006823,0.006823,4,4,0,fixed,4,4,0,0,3.000000,4.000000
1,multi_greedy,4,3,23,1,1,1,3.021739,79.833300,1.007246,33,0.497724,22,0,1,0,0.497724,0.564557,0.066833,0.066833,0.497724,0.089746,4,29,1,1,28,33,19,110.000000,79.833300,52.000000,1.828294,0.960166,1.014305,0.006112,0.000216,0.006015,0.006112,4,4,0,fixed,4,4,0,0,3.000000,4.000000
1,multi_greedy,4,3,24,1,1,4,0.000000,79.833300,0.501044,33,0.497724,22,0,1,0,0.497724,0.564557,0.066833,0.066833,0.497724,0.089746,4,29,1,-1,28,33,19,110.000000,79.833300,52.000000,0.363636,0.501044,0.769231,0.002279,0.000216,0.008155,0.008155,4,4,0,fixed,4,4,0,0,3.000000,4.000000
1,multi_greedy,4,3,25,2,2,1,3.173361,52.000000,1.057787,19,0.497724,22,0,2,0,0.497724,0.564557,0.066833,0.066833,0.497724,0.089746,4,29,1,-1,28,33,19,110.000000,79.833300,52.000000,1.828294,0.937638,1.069670,0.000001,-0.005925,0.000216,0.000001,4,4,0,fixed,4,4,0,0,3.000000,4.000000
1,multi_greedy,4,3,26,1,1,3,0.000000,79.833300,1.252610,33,0.497724,22,0,1,0,0.497724,0.564557,0.066833,0.066833,0.497724,0.089746,4,29,1,1,28,33,19,110.000000,79.833300,52.000000,0.909091,1.252610,1.923077,0.003697,0.000216,0.006823,0.006823,4,4,0,fixed,4,4,0,0,3.000000,4.000000
1,multi_greedy,4,3,27,1,1,1,3.054201,79.833300,1.018067,33,0.497724,22,0,1,0,0.497724,0.564557,0.066833,0.066833,0.497724,0.089746,4,29,1,1,28,33,19,110.000000,79.833300,52.000000,1.828294,0.958620,1.014305,0.006117,0.000216,0.006020,0.006117,4,4,0,fixed,4,4,0,0,3.000000,4.000000
1,multi_greedy,4,3,28,0,0,2,5.598929,110.000000,0.699866,28,0.497724,22,0,0,0,0.497724,0.564557,0.066833,0.066833,0.497724,0.089746,4,29,1,-1,28,33,19,110.000000,79.833300,52.000000,0.710883,0.172996,0.380364,0.000216,-0.017252,-0.002448,0.000000,4,4,0,fixed,4,4,0,0,3.000000,4.000000
1,multi_greedy,4,3,29,2,2,1,3.193214,52.000000,1.064405,19,0.497724,22,0,2,0,0.497724,0.564557,0.066833,0.066833,0.497724,0.089746,4,29,1,-1,28,33,19,110.000000,79.833300,52.000000,1.828294,0.937638,1.068346,0.000004,-0.005921,0.000216,0.000004,4,4,0,fixed,4,4,0,0,3.000000,4.000000
1,multi_greedy,4,3,30,2,2,4,0.000000,52.000000,0.769231,19,0.497724,22,0,2,0,0.497724,0.564557,0.066833,0.066833,0.497724,0.089746,4,29,1,-1,28,33,19,110.000000,79.833300,52.000000,0.363636,0.501044,0.769231,-0.005477,-0.007477,0.000216,0.000000,4,4,0,fixed,4,4,0,0,3.000000,4.000000
1,multi_greedy,4,3,31,1,1,2,1.430484,79.833300,0.178811,33,0.497724,22,0,0,1,0.497724,0.564557,0.066833,0.066833,0.497724,0.089746,4,29,1,0,28,33,19,110.000000,79.833300,52.000000,0.685610,0.178182,0.380364,0.017537,0.000216,0.015020,0.017537,4,4,0,fixed,4,4,0,0,3.000000,4.000000
1,multi_greedy,4,3,32,0,0,4,0.000000,110.000000,0.363636,28,0.497724,22,0,0,0,0.497724,0.564557,0.066833,0.066833,0.497724,0.089746,4,29,1,0,28,33,19,110.000000,79.833300,52.000000,0.363636,0.501044,0.769231,0.000216,-0.001830,0.006043,0.006043,4,4,0,fixed,4,4,0,0,3.000000,4.000000
1,multi_greedy,4,3,33,1,1,2,1.429420,79.833300,0.178678,33,0.497724,22,0,1,0,0.497724,0.564557,0.066833,0.066833,0.497724,0.089746,4,29,1,0,28,33,19,110.000000,79.833300,52.000000,0.685610,0.178195,0.380364,0.017535,0.000216,0.015018,0.017535,4,4,0,fixed,4,4,0,0,3.000000,4.000000
1,multi_greedy,4,3,34,0,0,4,0.000000,110.000000,0.363636,28,0.497724,22,0,0,0,0.497724,0.564557,0.066833,0.066833,0.497724,0.089746,4,29,1,0,28,33,19,110.000000,79.833300,52.000000,0.363636,0.501044,0.769231,0.000216,-0.001830,0.006043,0.006043,4,4,0,fixed,4,4,0,0,3.000000,4.000000
1,multi_greedy,4,3,35,2,2,3,0.000000,52.000000,1.923077,19,0.497724,22,0,2,0,0.497724,0.564557,0.066833,0.066833,0.497724,0.089746,4,29,1,-1,28,33,19,110.000000,79.833300,52.000000,0.909091,1.252610,1.923077,-0.002828,-0.006219,0.000216,0.000000,4,4,0,fixed,4,4,0,0,3.000000,4.000000
1,multi_greedy,4,3,36,0,0,4,0.000000,110.000000,0.363636,28,0.497724,22,0,0,0,0.497724,0.564557,0.066833,0.066833,0.497724,0.089746,4,29,1,0,28,33,19,110.000000,79.833300,52.000000,0.363636,0.501044,0.769231,0.000216,-0.001830,0.006043,0.006043,4,4,0,fixed,4,4,0,0,3.000000,4.000000
1,multi_greedy,4,3,37,1,1,4,0.000000,79.833300,0.501044,33,0.497724,22,0,1,0,0.497724,0.564557,0.066833,0.066833,0.497724,0.089746,4,29,1,-1,28,33,19,110.000000,79.833300,52.000000,0.363636,0.501044,0.769231,0.002279,0.000216,0.008155,0.008155,4,4,0,fixed,4,4,0,0,3.000000,4.000000
1,multi_greedy,4,3,38,2,2,3,0.000000,52.000000,1.923077,19,0.497724,22,0,2,0,0.497724,0.564557,0.066833,0.066833,0.497724,0.089746,4,29,1,-1,28,33,19,110.000000,79.833300,52.000000,0.909091,1.252610,1.923077,-0.002828,-0.006219,0.000216,0.000000,4,4,0,fixed,4,4,0,0,3.000000,4.000000
1,multi_greedy,4,3,39,1,1,2,1.429468,79.833300,0.178684,33,0.497724,22,0,1,0,0.497724,0.564557,0.066833,0.066833,0.497724,0.089746,4,29,1,0,28,33,19,110.000000,79.833300,52.000000,0.685610,0.178194,0.380364,0.017535,0.000216,0.015018,0.017535,4,4,0,fixed,4,4,0,0,3.000000,4.000000
1,multi_greedy,4,3,40,1,1,1,2.878861,79.833300,0.959620,33,0.497724,22,0,1,0,0.497724,0.564557,0.066833,0.066833,0.497724,0.089746,4,29,1,-1,28,33,19,110.000000,79.833300,52.000000,1.828294,0.966970,1.014305,0.006089,0.000216,0.005992,0.006089,4,4,0,fixed,4,4,0,0,3.000000,4.000000
1,multi_greedy,4,3,41,0,0,2,5.600033,110.000000,0.700004,28,0.497724,22,0,0,0,0.497724,0.564557,0.066833,0.066833,0.497724,0.089746,4,29,1,-1,28,33,19,110.000000,79.833300,52.000000,0.710873,0.172996,0.380364,0.000216,-0.017252,-0.002448,0.000000,4,4,0,fixed,4,4,0,0,3.000000,4.000000
1,multi_greedy,4,3,42,1,1,4,0.000000,79.833300,0.501044,33,0.497724,22,0,1,0,0.497724,0.564557,0.066833,0.066833,0.497724,0.089746,4,29,1,-1,28,33,19,110.000000,79.833300,52.000000,0.363636,0.501044,0.769231,0.002279,0.000216,0.008155,0.008155,4,4,0,fixed,4,4,0,0,3.000000,4.000000
1,multi_greedy,4,3,43,0,0,2,5.660101,110.000000,0.707513,28,0.497724,22,0,0,0,0.497724,0.564557,0.066833,0.066833,0.497724,0.089746,4,29,1,-1,28,33,19,110.000000,79.833300,52.000000,0.710295,0.172996,0.380364,0.000216,-0.017248,-0.002445,0.000000,4,4,0,fixed,4,4,0,0,3.000000,4.000000
1,multi_greedy,4,3,44,0,0,4,0.000000,110.000000,0.363636,28,0.497724,22,0,0,0,0.497724,0.564557,0.066833,0.066833,0.497724,0.089746,4,29,1,0,28,33,19,110.000000,79.833300,52.000000,0.363636,0.501044,0.769231,0.000216,-0.001830,0.006043,0.006043,4,4,0,fixed,4,4,0,0,3.000000,4.000000
1,multi_greedy,4,3,45,1,1,3,0.000000,79.833300,1.252610,33,0.497724,22,0,1,0,0.497724,0.564557,0.066833,0.066833,0.497724,0.089746,4,29,1,1,28,33,19,110.000000,79.833300,52.000000,0.909091,1.252610,1.923077,0.003697,0.000216,0.006823,0.006823,4,4,0,fixed,4,4,0,0,3.000000,4.000000
1,multi_greedy,4,3,46,1,1,2,1.428475,79.833300,0.178559,33,0.497724,22,0,1,0,0.497724,0.564557,0.066833,0.066833,0.497724,0.089746,4,29,1,0,28,33,19,110.000000,79.833300,52.000000,0.685610,0.178207,0.380364,0.017534,0.000216,0.015017,0.017534,4,4,0,fixed,4,4,0,0,3.000000,4.000000
1,multi_greedy,4,3,47,0,0,2,5.755154,110.000000,0.719394,28,0.497724,22,0,0,0,0.497724,0.564557,0.066833,0.066833,0.497724,0.089746,4,29,1,-1,28,33,19,110.000000,79.833300,52.000000,0.709381,0.172996,0.380364,0.000216,-0.017243,-0.002439,0.000000,4,4,0,fixed,4,4,0,0,3.000000,4.000000
1,multi_greedy,4,3,48,0,0,4,0.000000,110.000000,0.363636,28,0.497724,22,0,0,0,0.497724,0.564557,0.066833,0.066833,0.497724,0.089746,4,29,1,0,28,33,19,110.000000,79.833300,52.000000,0.363636,0.501044,0.769231,0.000216,-0.001830,0.006043,0.006043,4,4,0,fixed,4,4,0,0,3.000000,4.000000
1,multi_greedy,4,3,49,1,1,2,1.428410,79.833300,0.178551,33,0.497724,22,0,1,0,0.497724,0.564557,0.066833,0.066833,0.497724,0.089746,4,29,1,0,28,33,19,110.000000,79.833300,52.000000,0.685610,0.178208,0.380364,0.017534,0.000216,0.015017,0.017534,4,4,0,fixed,4,4,0,0,3.000000,4.000000
1,multi_greedy,4,3,50,0,0,4,0.000000,110.000000,0.363636,28,0.497724,22,0,0,0,0.497724,0.564557,0.066833,0.066833,0.497724,0.089746,4,29,1,0,28,33,19,110.000000,79.833300,52.000000,0.363636,0.501044,0.769231,0.000216,-0.001830,0.006043,0.006043,4,4,0,fixed,4,4,0,0,3.000000,4.000000
1,multi_greedy,4,3,51,1,1,2,1.391278,79.833300,0.173910,33,0.497724,22,1,1,0,0.497724,0.564557,0.066833,0.066833,0.497724,0.089746,4,29,1,0,28,33,19,110.000000,79.833300,52.000000,0.685610,0.178672,0.380364,0.017487,0.000216,0.014971,0.017487,4,4,0,fixed,4,4,0,0,3.000000,4.000000
1,multi_greedy,4,3,52,1,1,1,2.416461,79.833300,0.805487,33,0.497724,22,0,1,0,0.497724,0.564557,0.066833,0.066833,0.497724,0.089746,4,29,1,-1,28,33,19,110.000000,79.833300,52.000000,1.828294,0.988989,1.014305,0.006018,0.000216,0.005921,0.006018,4,4,0,fixed,4,4,0,0,3.000000,4.000000
1,multi_greedy,4,3,53,1,1,2,1.427341,79.833300,0.178418,33,0.497724,22,0,1,0,0.497724,0.564557,0.066833,0.066833,0.497724,0.089746,4,29,1,0,28,33,19,110.000000,79.833300,52.000000,0.685610,0.178221,0.380364,0.017533,0.000216,0.015016,0.017533,4,4,0,fixed,4,4,0,0,3.000000,4.000000
1,multi_greedy,4,3,54,1,1,4,0.000000,79.833300,0.501044,33,0.497724,22,0,1,0,0.497724,0.564557,0.066833,0.066833,0.497724,0.089746,4,29,1,-1,28,33,19,110.000000,79.833300,52.000000,0.363636,0.501044,0.769231,0.002279,0.000216,0.008155,0.008155,4,4,0,fixed,4,4,0,0,3.000000,4.000000
1,multi_greedy,4,3,55,0,0,2,5.601138,110.000000,0.700142,28,0.497724,22,0,0,0,0.497724,0.564557,0.066833,0.066833,0.497724,0.089746,4,29,1,-1,28,33,19,110.000000,79.833300,52.000000,0.710862,0.172996,0.380364,0.000216,-0.017252,-0.002448,0.000000,4,4,0,fixed,4,4,0,0,3.000000,4.000000
1,multi_greedy,4,3,56,0,0,4,0.000000,110.000000,0.363636,28,0.497724,22,0,0,0,0.497724,0.564557,0.066833,0.066833,0.497724,0.089746,4,29,1,0,28,33,19,110.000000,79.833300,52.000000,0.363636,0.501044,0.769231,0.000216,-0.001830,0.006043,0.006043,4,4,0,fixed,4,4,0,0,3.000000,4.000000
1,multi_greedy,4,3,57,2,2,3,0.000000,52.000000,1.923077,19,0.497724,22,0,2,0,0.497724,0.564557,0.066833,0.066833,0.497724,0.089746,4,29,1,-1,28,33,19,110.000000,79.833300,52.000000,0.909091,1.252610,1.923077,-0.002828,-0.006219,0.000216,0.000000,4,4,0,fixed,4,4,0,0,3.000000,4.000000
1,multi_greedy,4,3,58,1,1,1,3.010730,79.833300,1.003577,33,0.497724,22,0,1,0,0.497724,0.564557,0.066833,0.066833,0.497724,0.089746,4,29,1,1,28,33,19,110.000000,79.833300,52.000000,1.828294,0.960690,1.014305,0.006110,0.000216,0.006013,0.006110,4,4,0,fixed,4,4,0,0,3.000000,4.000000
1,multi_greedy,4,3,59,1,1,4,0.000000,79.833300,0.501044,33,0.497724,22,0,1,0,0.497724,0.564557,0.066833,0.066833,0.497724,0.089746,4,29,1,-1,28,33,19,110.000000,79.833300,52.000000,0.363636,0.501044,0.769231,0.002279,0.000216,0.008155,0.008155,4,4,0,fixed,4,4,0,0,3.000000,4.000000
1,multi_greedy,4,3,60,1,1,3,0.000000,79.833300,1.252610,33,0.497724,22,0,1,0,0.497724,0.564557,0.066833,0.066833,0.497724,0.089746,4,29,1,1,28,33,19,110.000000,79.833300,52.000000,0.909091,1.252610,1.923077,0.003697,0.000216,0.006823,0.006823,4,4,0,fixed,4,4,0,0,3.000000,4.000000
1,multi_greedy,4,3,61,1,1,4,0.000000,79.833300,0.501044,33,0.497724,22,0,1,0,0.497724,0.564557,0.066833,0.066833,0.497724,0.089746,4,29,1,-1,28,33,19,110.000000,79.833300,52.000000,0.363636,0.501044,0.769231,0.002279,0.000216,0.008155,0.008155,4,4,0,fixed,4,4,0,0,3.000000,4.000000
1,multi_greedy,4,3,62,0,0,3,0.000000,110.000000,0.909091,28,0.497724,22,0,0,0,0.497724,0.564557,0.066833,0.066833,0.497724,0.089746,4,29,1,-1,28,33,19,110.000000,79.833300,52.000000,0.909091,1.252610,1.923077,0.000216,-0.003217,0.003298,0.003298,4,4,0,fixed,4,4,0,0,3.000000,4.000000
1,multi_greedy,4,3,63,0,0,2,5.601126,110.000000,0.700141,28,0.497724,22,0,0,0,0.497724,0.564557,0.066833,0.066833,0.497724,0.089746,4,29,1,-1,28,33,19,110.000000,79.833300,52.000000,0.710862,0.172996,0.380364,0.000216,-0.017252,-0.002448,0.000000,4,4,0,fixed,4,4,0,0,3.000000,4.000000
1,multi_greedy,4,3,64,1,1,4,0.000000,79.833300,0.501044,33,0.497724,22,0,1,0,0.497724,0.564557,0.066833,0.066833,0.497724,0.089746,4,29,1,-1,28,33,19,110.000000,79.833300,52.000000,0.363636,0.501044,0.769231,0.002279,0.000216,0.008155,0.008155,4,4,0,fixed,4,4,0,0,3.000000,4.000000
1,multi_greedy,4,3,65,1,1,2,1.429481,79.833300,0.178685,33,0.497724,22,0,0,1,0.497724,0.564557,0.066833,0.066833,0.497724,0.089746,4,29,1,0,28,33,19,110.000000,79.833300,52.000000,0.685610,0.178194,0.380364,0.017535,0.000216,0.015018,0.017535,4,4,0,fixed,4,4,0,0,3.000000,4.000000
1,multi_greedy,4,3,66,2,2,4,0.000000,52.000000,0.769231,19,0.497724,22,0,2,0,0.497724,0.564557,0.066833,0.066833,0.497724,0.089746,4,29,1,-1,28,33,19,110.000000,79.833300,52.000000,0.363636,0.501044,0.769231,-0.005477,-0.007477,0.000216,0.000000,4,4,0,fixed,4,4,0,0,3.000000,4.000000
1,multi_greedy,4,3,67,2,2,4,0.000000,52.000000,0.769231,19,0.497724,22,0,2,0,0.497724,0.564557,0.066833,0.066833,0.497724,0.089746,4,29,1,-1,28,33,19,110.000000,79.833300,52.000000,0.363636,0.501044,0.769231,-0.005477,-0.007477,0.000216,0.000000,4,4,0,fixed,4,4,0,0,3.000000,4.000000
1,multi_greedy,4,3,68,0,0,2,5.599944,110.000000,0.699993,28,0.497724,22,0,0,0,0.497724,0.564557,0.066833,0.066833,0.497724,0.089746,4,29,1,-1,28,33,19,110.000000,79.833300,52.000000,0.710873,0.172996,0.380364,0.000216,-0.017252,-0.002448,0.000000,4,4,0,fixed,4,4,0,0,3.000000,4.000000
1,multi_greedy,4,3,69,0,0,4,0.000000,110.000000,0.363636,28,0.497724,22,0,0,0,0.497724,0.564557,0.066833,0.066833,0.497724,0.089746,4,29,1,0,28,33,19,110.000000,79.833300,52.000000,0.363636,0.501044,0.769231,0.000216,-0.001830,0.006043,0.006043,4,4,0,fixed,4,4,0,0,3.000000,4.000000
1,multi_greedy,4,3,70,2,2,1,3.079372,52.000000,1.026457,19,0.497724,22,0,2,0,0.497724,0.564557,0.066833,0.066833,0.497724,0.089746,4,29,1,-1,28,33,19,110.000000,79.833300,52.000000,1.828294,0.937638,1.075936,-0.000015,-0.005940,0.000216,0.000000,4,4,0,fixed,4,4,0,0,3.000000,4.000000
1,multi_greedy,4,3,71,2,2,3,0.000000,52.000000,1.923077,19,0.497724,22,0,2,0,0.497724,0.564557,0.066833,0.066833,0.497724,0.089746,4,29,1,-1,28,33,19,110.000000,79.833300,52.000000,0.909091,1.252610,1.923077,-0.002828,-0.006219,0.000216,0.000000,4,4,0,fixed,4,4,0,0,3.000000,4.000000
1,multi_greedy,4,3,72,2,2,1,3.409172,52.000000,1.136391,19,0.497724,22,0,2,0,0.497724,0.564557,0.066833,0.066833,0.497724,0.089746,4,29,1,-1,28,33,19,110.000000,79.833300,52.000000,1.828294,0.937638,1.053949,0.000041,-0.005885,0.000216,0.000041,4,4,0,fixed,4,4,0,0,3.000000,4.000000
1,multi_greedy,4,3,73,2,2,1,2.979129,52.000000,0.993043,19,0.497724,22,0,2,0,0.497724,0.564557,0.066833,0.066833,0.497724,0.089746,4,29,1,-1,28,33,19,110.000000,79.833300,52.000000,1.828294,0.937638,1.082619,-0.000032,-0.005957,0.000216,0.000000,4,4,0,fixed,4,4,0,0,3.000000,4.000000
1,multi_greedy,4,3,74,2,2,1,3.384162,52.000000,1.128054,19,0.497724,22,0,2,0,0.497724,0.564557,0.066833,0.066833,0.497724,0.089746,4,29,1,-1,28,33,19,110.000000,79.833300,52.000000,1.828294,0.937638,1.055617,0.000037,-0.005889,0.000216,0.000037,4,4,0,fixed,4,4,0,0,3.000000,4.000000
1,multi_greedy,4,3,75,1,1,2,1.430597,79.833300,0.178825,33,0.497724,22,0,0,1,0.497724,0.564557,0.066833,0.066833,0.497724,0.089746,4,29,1,0,28,33,19,110.000000,79.833300,52.000000,0.685610,0.178180,0.380364,0.017537,0.000216,0.015020,0.017537,4,4,0,fixed,4,4,0,0,3.000000,4.000000
1,multi_greedy,4,3,76,1,1,1,2.779370,79.833300,0.926457,33,0.497724,22,0,1,0,0.497724,0.564557,0.066833,0.066833,0.497724,0.089746,4,29,1,-1,28,33,19,110.000000,79.833300,52.000000,1.828294,0.971707,1.014305,0.006074,0.000216,0.005977,0.006074,4,4,0,fixed,4,4,0,0,3.000000,4.000000
1,multi_greedy,4,3,77,1,1,3,0.000000,79.833300,1.252610,33,0.497724,22,0,1,0,0.497724,0.564557,0.066833,0.066833,0.497724,0.089746,4,29,1,1,28,33,19,110.000000,79.833300,52.000000,0.909091,1.252610,1.923077,0.003697,0.000216,0.006823,0.006823,4,4,0,fixed,4,4,0,0,3.000000,4.000000
1,multi_greedy,4,3,78,0,0,2,5.754061,110.000000,0.719258,28,0.497724,22,0,0,0,0.497724,0.564557,0.066833,0.066833,0.497724,0.089746,4,29,1,-1,28,33,19,110.000000,79.833300,52.000000,0.709392,0.172996,0.380364,0.000216,-0.017243,-0.002439,0.000000,4,4,0,fixed,4,4,0,0,3.000000,4.000000
1,multi_greedy,4,3,79,0,0,2,5.661194,110.000000,0.707649,28,0.497724,22,0,0,0,0.497724,0.564557,0.066833,0.066833,0.497724,0.089746,4,29,1,-1,28,33,19,110.000000,79.833300,52.000000,0.710285,0.172996,0.380364,0.000216,-0.017248,-0.002445,0.000000,4,4,0,fixed,4,4,0,0,3.000000,4.000000
1,multi_greedy,4,3,80,0,0,2,5.598868,110.000000,0.699858,28,0.497724,22,0,0,0,0.497724,0.564557,0.066833,0.066833,0.497724,0.089746,4,29,1,-1,28,33,19,110.000000,79.833300,52.000000,0.710884,0.172996,0.380364,0.000216,-0.017252,-0.002448,0.000000,4,4,0,fixed,4,4,0,0,3.000000,4.000000
1,multi_greedy,4,4,1,2,2,4,0.000000,53.166700,0.752351,19,0.574361,18,0,2,0,0.574361,0.613975,0.039613,0.039613,0.574361,0.076638,4,44,1,-1,32,29,19,110.333000,75.833300,53.166700,0.362539,0.527473,0.752351,-0.008654,-0.006087,0.000115,0.000000,4,4,0,fixed,4,4,0,0,3.000000,4.000000
1,multi_greedy,4,4,2,0,0,2,4.333306,110.333000,0.541663,32,0.574361,18,0,0,0,0.574361,0.613975,0.039613,0.039613,0.574361,0.076638,4,44,1,-1,32,29,19,110.333000,75.833300,53.166700,0.549849,0.236116,0.382341,0.000115,-0.010799,-0.000396,0.000000,4,4,0,fixed,4,4,0,0,3.000000,4.000000
1,multi_greedy,4,4,3,1,1,2,1.841530,75.833300,0.230191,29,0.574361,18,1,1,0,0.574361,0.613975,0.039613,0.039613,0.574361,0.076638,4,44,1,0,32,29,19,110.333000,75.833300,53.166700,0.532746,0.246602,0.382341,0.009600,0.000115,0.009563,0.009600,4,4,0,fixed,4,4,0,0,3.000000,4.000000
1,multi_greedy,4,4,4,1,1,1,3.160262,75.833300,1.053421,29,0.574361,18,0,1,0,0.574361,0.613975,0.039613,0.039613,0.574361,0.076638,4,44,1,1,32,29,19,110.333000,75.833300,53.166700,1.420656,1.065404,1.019575,0.001878,0.000115,0.003763,0.003763,4,4,0,fixed,4,4,0,0,3.000000,4.000000
1,multi_greedy,4,4,5,0,0,2,4.457931,110.333000,0.557241,32,0.574361,18,0,0,0,0.574361,0.613975,0.039613,0.039613,0.574361,0.076638,4,44,1,-1,32,29,19,110.333000,75.833300,53.166700,0.548933,0.236116,0.382341,0.000115,-0.010788,-0.000384,0.000000,4,4,0,fixed,4,4,0,0,3.000000,4.000000
1,multi_greedy,4,4,6,2,2,4,0.000000,53.166700,0.752351,19,0.574361,18,0,2,0,0.574361,0.613975,0.039613,0.039613,0.574361,0.076638,4,44,1,-1,32,29,19,110.333000,75.833300,53.166700,0.362539,0.527473,0.752351,-0.008654,-0.006087,0.000115,0.000000,4,4,0,fixed,4,4,0,0,3.000000,4.000000
1,multi_greedy,4,4,7,0,0,3,0.000000,110.333000,0.906347,32,0.574361,18,0,0,0,0.574361,0.613975,0.039613,0.039613,0.574361,0.076638,4,44,1,-1,32,29,19,110.333000,75.833300,53.166700,0.906347,1.318682,1.880877,0.000115,0.000616,0.005534,0.005534,4,4,0,fixed,4,4,0,0,3.000000,4.000000
1,multi_greedy,4,4,8,1,1,3,0.000000,75.833300,1.318682,29,0.574361,18,0,1,0,0.574361,0.613975,0.039613,0.039613,0.574361,0.076638,4,44,1,1,32,29,19,110.333000,75.833300,53.166700,0.906347,1.318682,1.880877,-0.000385,0.000115,0.005025,0.005025,4,4,0,fixed,4,4,0,0,3.000000,4.000000
1,multi_greedy,4,4,9,0,0,2,4.456820,110.333000,0.557102,32,0.574361,18,0,0,0,0.574361,0.613975,0.039613,0.039613,0.574361,0.076638,4,44,1,-1,32,29,19,110.333000,75.833300,53.166700,0.548941,0.236116,0.382341,0.000115,-0.010788,-0.000384,0.000000,4,4,0,fixed,4,4,0,0,3.000000,4.000000
1,multi_greedy,4,4,10,1,1,1,3.279385,75.833300,1.093128,29,0.574361,18,0,1,0,0.574361,0.613975,0.039613,0.039613,0.574361,0.076638,4,44,1,1,32,29,19,110.333000,75.833300,53.166700,1.420656,1.059731,1.019575,0.001898,0.000115,0.003784,0.003784,4,4,0,fixed,4,4,0,0,3.000000,4.000000
1,multi_greedy,4,4,11,2,2,4,0.000000,53.166700,0.752351,19,0.574361,18,0,2,0,0.574361,0.613975,0.039613,0.039613,0.574361,0.076638,4,44,1,-1,32,29,19,110.333000,75.833300,53.166700,0.362539,0.527473,0.752351,-0.008654,-0.006087,0.000115,0.000000,4,4,0,fixed,4,4,0,0,3.000000,4.000000
1,multi_greedy,4,4,12,1,1,3,0.000000,75.833300,1.318682,29,0.574361,18,0,1,0,0.574361,0.613975,0.039613,0.039613,0.574361,0.076638,4,44,1,1,32,29,19,110.333000,75.833300,53.166700,0.906347,1.318682,1.880877,-0.000385,0.000115,0.005025,0.005025,4,4,0,fixed,4,4,0,0,3.000000,4.000000
1,multi_greedy,4,4,13,0,0,4,0.000000,110.333000,0.362539,32,0.574361,18,0,2,1,0.574361,0.613975,0.039613,0.039613,0.574361,0.076638,4,44,1,0,32,29,19,110.333000,75.833300,53.166700,0.362539,0.527473,0.752351,0.000115,0.002763,0.009161,0.009161,4,4,0,fixed,4,4,0,0,3.000000,4.000000
1,multi_greedy,4,4,14,0,0,2,4.332179,110.333000,0.541522,32,0.574361,18,0,0,0,0.574361,0.613975,0.039613,0.039613,0.574361,0.076638,4,44,1,-1,32,29,19,110.333000,75.833300,53.166700,0.549857,0.236116,0.382341,0.000115,-0.010799,-0.000396,0.000000,4,4,0,fixed,4,4,0,0,3.000000,4.000000
1,multi_greedy,4,4,15,0,0,3,0.000000,110.333000,0.906347,32,0.574361,18,0,0,0,0.574361,0.613975,0.039613,0.039613,0.574361,0.076638,4,44,1,-1,32,29,19,110.333000,75.833300,53.166700,0.906347,1.318682,1.880877,0.000115,0.000616,0.005534,0.005534,4,4,0,fixed,4,4,0,0,3.000000,4.000000
1,multi_greedy,4,4,16,2,2,3,0.000000,53.166700,1.880877,19,0.574361,18,0,2,0,0.574361,0.613975,0.039613,0.039613,0.574361,0.076638,4,44,1,-1,32,29,19,110.333000,75.833300,53.166700,0.906347,1.318682,1.880877,-0.005203,-0.004711,0.000115,0.000000,4,4,0,fixed,4,4,0,0,3.000000,4.000000
1,multi_greedy,4,4,17,2,2,3,0.000000,53.166700,1.880877,19,0.574361,18,0,2,0,0.574361,0.613975,0.039613,0.039613,0.574361,0.076638,4,44,1,-1,32,29,19,110.333000,75.833300,53.166700,0.906347,1.318682,1.880877,-0.005203,-0.004711,0.000115,0.000000,4,4,0,fixed,4,4,0,0,3.000000,4.000000
1,multi_greedy,4,4,18,2,2,4,0.000000,53.166700,0.752351,19,0.574361,18,0,2,0,0.574361,0.613975,0.039613,0.039613,0.574361,0.076638,4,44,1,-1,32,29,19,110.333000,75.833300,53.166700,0.362539,0.527473,0.752351,-0.008654,-0.006087,0.000115,0.000000,4,4,0,fixed,4,4,0,0,3.000000,4.000000
1,multi_greedy,4,4,19,0,0,4,0.000000,110.333000,0.362539,32,0.574361,18,0,0,0,0.574361,0.613975,0.039613,0.039613,0.574361,0.076638,4,44,1,0,32,29,19,110.333000,75.833300,53.166700,0.362539,0.527473,0.752351,0.000115,0.002763,0.009161,0.009161,4,4,0,fixed,4,4,0,0,3.000000,4.000000
1,multi_greedy,4,4,20,0,0,2,4.456863,110.333000,0.557108,32,0.574361,18,0,0,0,0.574361,0.613975,0.039613,0.039613,0.574361,0.076638,4,44,1,-1,32,29,19,110.333000,75.833300,53.166700,0.548941,0.236116,0.382341,0.000115,-0.010788,-0.000384,0.000000,4,4,0,fixed,4,4,0,0,3.000000,4.000000
1,multi_greedy,4,4,21,0,0,4,0.000000,110.333000,0.362539,32,0.574361,18,0,0,0,0.574361,0.613975,0.039613,0.039613,0.574361,0.076638,4,44,1,0,32,29,19,110.333000,75.833300,53.166700,0.362539,0.527473,0.752351,0.000115,0.002763,0.009161,0.009161,4,4,0,fixed,4,4,0,0,3.000000,4.000000
1,multi_greedy,4,4,22,1,1,3,0.000000,75.833300,1.318682,29,0.574361,18,0,1,0,0.574361,0.613975,0.039613,0.039613,0.574361,0.076638,4,44,1,1,32,29,19,110.333000,75.833300,53.166700,0.906347,1.318682,1.880877,-0.000385,0.000115,0.005025,0.005025,4,4,0,fixed,4,4,0,0,3.000000,4.000000
1,multi_greedy,4,4,23,1,1,1,3.319950,75.833300,1.106650,29,0.574361,18,0,1,0,0.574361,0.613975,0.039613,0.039613,0.574361,0.076638,4,44,1,1,32,29,19,110.333000,75.833300,53.166700,1.420656,1.057799,1.019575,0.001905,0.000115,0.003791,0.003791,4,4,0,fixed,4,4,0,0,3.000000,4.000000
1,multi_greedy,4,4,24,1,1,4,0.000000,75.833300,0.527473,29,0.574361,18,0,1,0,0.574361,0.613975,0.039613,0.039613,0.574361,0.076638,4,44,1,-1,32,29,19,110.333000,75.833300,53.166700,0.362539,0.527473,0.752351,-0.002508,0.000115,0.006455,0.006455,4,4,0,fixed,4,4,0,0,3.000000,4.000000
1,multi_greedy,4,4,25,2,2,1,3.182167,53.166700,1.060722,19,0.574361,18,0,2,0,0.574361,0.613975,0.039613,0.039613,0.574361,0.076638,4,44,1,-1,32,29,19,110.333000,75.833300,53.166700,1.420656,1.028442,1.075740,-0.002156,-0.004163,0.000115,0.000000,4,4,0,fixed,4,4,0,0,3.000000,4.000000
1,multi_greedy,4,4,26,1,1,3,0.000000,75.833300,1.318682,29,0.574361,18,0,1,0,0.574361,0.613975,0.039613,0.039613,0.574361,0.076638,4,44,1,1,32,29,19,110.333000,75.833300,53.166700,0.906347,1.318682,1.880877,-0.000385,0.000115,0.005025,0.005025,4,4,0,fixed,4,4,0,0,3.000000,4.000000
1,multi_greedy,4,4,27,1,1,1,3.159738,75.833300,1.053246,29,0.574361,18,0,1,0,0.574361,0.613975,0.039613,0.039613,0.574361,0.076638,4,44,1,1,32,29,19,110.333000,75.833300,53.166700,1.420656,1.065429,1.019575,0.001878,0.000115,0.003763,0.003763,4,4,0,fixed,4,4,0,0,3.000000,4.000000
1,multi_greedy,4,4,28,0,0,2,4.354095,110.333000,0.544262,32,0.574361,18,0,0,0,0.574361,0.613975,0.039613,0.039613,0.574361,0.076638,4,44,1,-1,32,29,19,110.333000,75.833300,53.166700,0.549696,0.236116,0.382341,0.000115,-0.010797,-0.000394,0.000000,4,4,0,fixed,4,4,0,0,3.000000,4.000000
1,multi_greedy,4,4,29,2,2,1,3.156979,53.166700,1.052326,19,0.574361,18,0,2,0,0.574361,0.613975,0.039613,0.039613,0.574361,0.076638,4,44,1,-1,32,29,19,110.333000,75.833300,53.166700,1.420656,1.028442,1.077419,-0.002162,-0.004169,0.000115,0.000000,4,4,0,fixed,4,4,0,0,3.000000,4.000000
1,multi_greedy,4,4,30,2,2,4,0.000000,53.166700,0.752351,19,0.574361,18,0,2,0,0.574361,0.613975,0.039613,0.039613,0.574361,0.076638,4,44,1,-1,32,29,19,110.333000,75.833300,53.166700,0.362539,0.527473,0.752351,-0.008654,-0.006087,0.000115,0.000000,4,4,0,fixed,4,4,0,0,3.000000,4.000000
1,multi_greedy,4,4,31,0,0,2,4.457919,110.333000,0.557240,32,0.574361,18,0,0,0,0.574361,0.613975,0.039613,0.039613,0.574361,0.076638,4,44,1,-1,32,29,19,110.333000,75.833300,53.166700,0.548933,0.236116,0.382341,0.000115,-0.010788,-0.000384,0.000000,4,4,0,fixed,4,4,0,0,3.000000,4.000000
1,multi_greedy,4,4,32,0,0,4,0.000000,110.333000,0.362539,32,0.574361,18,0,2,1,0.574361,0.613975,0.039613,0.039613,0.574361,0.076638,4,44,1,0,32,29,19,110.333000,75.833300,53.166700,0.362539,0.527473,0.752351,0.000115,0.002763,0.009161,0.009161,4,4,0,fixed,4,4,0,0,3.000000,4.000000
1,multi_greedy,4,4,33,1,1,2,1.968254,75.833300,0.246032,29,0.574361,18,0,1,0,0.574361,0.613975,0.039613,0.039613,0.574361,0.076638,4,44,1,0,32,29,19,110.333000,75.833300,53.166700,0.532746,0.243962,0.382341,0.009781,0.000115,0.009743,0.009781,4,4,0,fixed,4,4,0,0,3.000000,4.000000
1,multi_greedy,4,4,34,0,0,4,0.000000,110.333000,0.362539,32,0.574361,18,0,0,0,0.574361,0.613975,0.039613,0.039613,0.574361,0.076638,4,44,1,0,32,29,19,110.333000,75.833300,53.166700,0.362539,0.527473,0.752351,0.000115,0.002763,0.009161,0.009161,4,4,0,fixed,4,4,0,0,3.000000,4.000000
1,multi_greedy,4,4,35,2,2,3,0.000000,53.166700,1.880877,19,0.574361,18,0,2,0,0.574361,0.613975,0.039613,0.039613,0.574361,0.076638,4,44,1,-1,32,29,19,110.333000,75.833300,53.166700,0.906347,1.318682,1.880877,-0.005203,-0.004711,0.000115,0.000000,4,4,0,fixed,4,4,0,0,3.000000,4.000000
1,multi_greedy,4,4,36,0,0,4,0.000000,110.333000,0.362539,32,0.574361,18,0,0,0,0.574361,0.613975,0.039613,0.039613,0.574361,0.076638,4,44,1,0,32,29,19,110.333000,75.833300,53.166700,0.362539,0.527473,0.752351,0.000115,0.002763,0.009161,0.009161,4,4,0,fixed,4,4,0,0,3.000000,4.000000
1,multi_greedy,4,4,37,1,1,4,0.000000,75.833300,0.527473,29,0.574361,18,0,1,0,0.574361,0.613975,0.039613,0.039613,0.574361,0.076638,4,44,1,-1,32,29,19,110.333000,75.833300,53.166700,0.362539,0.527473,0.752351,-0.002508,0.000115,0.006455,0.006455,4,4,0,fixed,4,4,0,0,3.000000,4.000000
1,multi_greedy,4,4,38,2,2,3,0.000000,53.166700,1.880877,19,0.574361,18,0,2,0,0.574361,0.613975,0.039613,0.039613,0.574361,0.076638,4,44,1,-1,32,29,19,110.333000,75.833300,53.166700,0.906347,1.318682,1.880877,-0.005203,-0.004711,0.000115,0.000000,4,4,0,fixed,4,4,0,0,3.000000,4.000000
1,multi_greedy,4,4,39,1,1,2,1.990112,75.833300,0.248764,29,0.574361,18,0,0,1,0.574361,0.613975,0.039613,0.039613,0.574361,0.076638,4,44,1,0,32,29,19,110.333000,75.833300,53.166700,0.532746,0.243507,0.382341,0.009813,0.000115,0.009775,0.009813,4,4,0,fixed,4,4,0,0,3.000000,4.000000
1,multi_greedy,4,4,40,1,1,1,3.240993,75.833300,1.080331,29,0.574361,18,0,1,0,0.574361,0.613975,0.039613,0.039613,0.574361,0.076638,4,44,1,1,32,29,19,110.333000,75.833300,53.166700,1.420656,1.061559,1.019575,0.001892,0.000115,0.003777,0.003777,4,4,0,fixed,4,4,0,0,3.000000,4.000000
1,multi_greedy,4,4,41,0,0,2,4.354059,110.333000,0.544257,32,0.574361,18,0,0,0,0.574361,0.613975,0.039613,0.039613,0.574361,0.076638,4,44,1,-1,32,29,19,110.333000,75.833300,53.166700,0.549696,0.236116,0.382341,0.000115,-0.010797,-0.000394,0.000000,4,4,0,fixed,4,4,0,0,3.000000,4.000000
1,multi_greedy,4,4,42,1,1,4,0.000000,75.833300,0.527473,29,0.574361,18,0,1,0,0.574361,0.613975,0.039613,0.039613,0.574361,0.076638,4,44,1,-1,32,29,19,110.333000,75.833300,53.166700,0.362539,0.527473,0.752351,-0.002508,0.000115,0.006455,0.006455,4,4,0,fixed,4,4,0,0,3.000000,4.000000
1,multi_greedy,4,4,43,0,0,2,4.456844,110.333000,0.557105,32,0.574361,18,0,0,0,0.574361,0.613975,0.039613,0.039613,0.574361,0.076638,4,44,1,-1,32,29,19,110.333000,75.833300,53.166700,0.548941,0.236116,0.382341,0.000115,-0.010788,-0.000384,0.000000,4,4,0,fixed,4,4,0,0,3.000000,4.000000
1,multi_greedy,4,4,44,0,0,4,0.000000,110.333000,0.362539,32,0.574361,18,0,2,1,0.574361,0.613975,0.039613,0.039613,0.574361,0.076638,4,44,1,0,32,29,19,110.333000,75.833300,53.166700,0.362539,0.527473,0.752351,0.000115,0.002763,0.009161,0.009161,4,4,0,fixed,4,4,0,0,3.000000,4.000000
1,multi_greedy,4,4,45,1,1,3,0.000000,75.833300,1.318682,29,0.574361,18,0,1,0,0.574361,0.613975,0.039613,0.039613,0.574361,0.076638,4,44,1,1,32,29,19,110.333000,75.833300,53.166700,0.906347,1.318682,1.880877,-0.000385,0.000115,0.005025,0.005025,4,4,0,fixed,4,4,0,0,3.000000,4.000000
1,multi_greedy,4,4,46,1,1,2,1.981391,75.833300,0.247674,29,0.574361,18,0,1,0,0.574361,0.613975,0.039613,0.039613,0.574361,0.076638,4,44,1,0,32,29,19,110.333000,75.833300,53.166700,0.532746,0.243688,0.382341,0.009800,0.000115,0.009762,0.009800,4,4,0,fixed,4,4,0,0,3.000000,4.000000
1,multi_greedy,4,4,47,0,0,2,4.332258,110.333000,0.541532,32,0.574361,18,0,0,0,0.574361,0.613975,0.039613,0.039613,0.574361,0.076638,4,44,1,-1,32,29,19,110.333000,75.833300,53.166700,0.549857,0.236116,0.382341,0.000115,-0.010799,-0.000396,0.000000,4,4,0,fixed,4,4,0,0,3.000000,4.000000
1,multi_greedy,4,4,48,0,0,4,0.000000,110.333000,0.362539,32,0.574361,18,0,0,0,0.574361,0.613975,0.039613,0.039613,0.574361,0.076638,4,44,1,0,32,29,19,110.333000,75.833300,53.166700,0.362539,0.527473,0.752351,0.000115,0.002763,0.009161,0.009161,4,4,0,fixed,4,4,0,0,3.000000,4.000000
1,multi_greedy,4,4,49,1,1,2,1.963941,75.833300,0.245493,29,0.574361,18,0,1,0,0.574361,0.613975,0.039613,0.039613,0.574361,0.076638,4,44,1,0,32,29,19,110.333000,75.833300,53.166700,0.532746,0.244052,0.382341,0.009775,0.000115,0.009737,0.009775,4,4,0,fixed,4,4,0,0,3.000000,4.000000
1,multi_greedy,4,4,50,0,0,4,0.000000,110.333000,0.362539,32,0.574361,18,0,0,0,0.574361,0.613975,0.039613,0.039613,0.574361,0.076638,4,44,1,0,32,29,19,110.333000,75.833300,53.166700,0.362539,0.527473,0.752351,0.000115,0.002763,0.009161,0.009161,4,4,0,fixed,4,4,0,0,3.000000,4.000000
1,multi_greedy,4,4,51,1,1,2,1.968206,75.833300,0.246026,29,0.574361,18,0,1,0,0.574361,0.613975,0.039613,0.039613,0.574361,0.076638,4,44,1,0,32,29,19,110.333000,75.833300,53.166700,0.532746,0.243963,0.382341,0.009781,0.000115,0.009743,0.009781,4,4,0,fixed,4,4,0,0,3.000000,4.000000
1,multi_greedy,4,4,52,1,1,1,3.134936,75.833300,1.044979,29,0.574361,18,0,1,0,0.574361,0.613975,0.039613,0.039613,0.574361,0.076638,4,44,1,1,32,29,19,110.333000,75.833300,53.166700,1.420656,1.066610,1.019575,0.001874,0.000115,0.003759,0.003759,4,4,0,fixed,4,4,0,0,3.000000,4.000000
1,multi_greedy,4,4,53,1,1,2,1.964997,75.833300,0.245625,29,0.574361,18,0,1,0,0.574361,0.613975,0.039613,0.039613,0.574361,0.076638,4,44,1,0,32,29,19,110.333000,75.833300,53.166700,0.532746,0.244030,0.382341,0.009776,0.000115,0.009739,0.009776,4,4,0,fixed,4,4,0,0,3.000000,4.000000
1,multi_greedy,4,4,54,1,1,4,0.000000,75.833300,0.527473,29,0.574361,18,0,1,0,0.574361,0.613975,0.039613,0.039613,0.574361,0.076638,4,44,1,-1,32,29,19,110.333000,75.833300,53.166700,0.362539,0.527473,0.752351,-0.002508,0.000115,0.006455,0.006455,4,4,0,fixed,4,4,0,0,3.000000,4.000000
1,multi_greedy,4,4,55,0,0,2,4.354163,110.333000,0.544270,32,0.574361,18,0,0,0,0.574361,0.613975,0.039613,0.039613,0.574361,0.076638,4,44,1,-1,32,29,19,110.333000,75.833300,53.166700,0.549696,0.236116,0.382341,0.000115,-0.010797,-0.000394,0.000000,4,4,0,fixed,4,4,0,0,3.000000,4.000000
1,multi_greedy,4,4,56,0,0,4,0.000000,110.333000,0.362539,32,0.574361,18,0,0,0,0.574361,0.613975,0.039613,0.039613,0.574361,0.076638,4,44,1,0,32,29,19,110.333000,75.833300,53.166700,0.362539,0.527473,0.752351,0.000115,0.002763,0.009161,0.009161,4,4,0,fixed,4,4,0,0,3.000000,4.000000
1,multi_greedy,4,4,57,2,2,3,0.000000,53.166700,1.880877,19,0.574361,18,0,2,0,0.574361,0.613975,0.039613,0.039613,0.574361,0.076638,4,44,1,-1,32,29,19,110.333000,75.833300,53.166700,0.906347,1.318682,1.880877,-0.005203,-0.004711,0.000115,0.000000,4,4,0,fixed,4,4,0,0,3.000000,4.000000
1,multi_greedy,4,4,58,1,1,1,3.136262,75.833300,1.045421,29,0.574361,18,0,1,0,0.574361,0.613975,0.039613,0.039613,0.574361,0.076638,4,44,1,1,32,29,19,110.333000,75.833300,53.166700,1.420656,1.066547,1.019575,0.001874,0.000115,0.003759,0.003759,4,4,0,fixed,4,4,0,0,3.000000,4.000000
1,multi_greedy,4,4,59,1,1,4,0.000000,75.833300,0.527473,29,0.574361,18,0,1,0,0.574361,0.613975,0.039613,0.039613,0.574361,0.076638,4,44,1,-1,32,29,19,110.333000,75.833300,53.166700,0.362539,0.527473,0.752351,-0.002508,0.000115,0.006455,0.006455,4,4,0,fixed,4,4,0,0,3.000000,4.000000
1,multi_greedy,4,4,60,1,1,3,0.000000,75.833300,1.318682,29,0.574361,18,0,1,0,0.574361,0.613975,0.039613,0.039613,0.574361,0.076638,4,44,1,1,32,29,19,110.333000,75.833300,53.166700,0.906347,1.318682,1.880877,-0.000385,0.000115,0.005025,0.005025,4,4,0,fixed,4,4,0,0,3.000000,4.000000
1,multi_greedy,4,4,61,1,1,4,0.000000,75.833300,0.527473,29,0.574361,18,0,1,0,0.574361,0.613975,0.039613,0.039613,0.574361,0.076638,4,44,1,-1,32,29,19,110.333000,75.833300,53.166700,0.362539,0.527473,0.752351,-0.002508,0.000115,0.006455,0.006455,4,4,0,fixed,4,4,0,0,3.000000,4.000000
1,multi_greedy,4,4,62,0,0,3,0.000000,110.333000,0.906347,32,0.574361,18,0,0,0,0.574361,0.613975,0.039613,0.039613,0.574361,0.076638,4,44,1,-1,32,29,19,110.333000,75.833300,53.166700,0.906347,1.318682,1.880877,0.000115,0.000616,0.005534,0.005534,4,4,0,fixed,4,4,0,0,3.000000,4.000000
1,multi_greedy,4,4,63,0,0,2,4.354192,110.333000,0.544274,32,0.574361,18,0,0,0,0.574361,0.613975,0.039613,0.039613,0.574361,0.076638,4,44,1,-1,32,29,19,110.333000,75.833300,53.166700,0.549695,0.236116,0.382341,0.000115,-0.010797,-0.000394,0.000000,4,4,0,fixed,4,4,0,0,3.000000,4.000000
1,multi_greedy,4,4,64,1,1,4,0.000000,75.833300,0.527473,29,0.574361,18,0,1,0,0.574361,0.613975,0.039613,0.039613,0.574361,0.076638,4,44,1,-1,32,29,19,110.333000,75.833300,53.166700,0.362539,0.527473,0.752351,-0.002508,0.000115,0.006455,0.006455,4,4,0,fixed,4,4,0,0,3.000000,4.000000
1,multi_greedy,4,4,65,0,0,2,4.457943,110.333000,0.557243,32,0.574361,18,0,0,0,0.574361,0.613975,0.039613,0.039613,0.574361,0.076638,4,44,1,-1,32,29,19,110.333000,75.833300,53.166700,0.548933,0.236116,0.382341,0.000115,-0.010788,-0.000384,0.000000,4,4,0,fixed,4,4,0,0,3.000000,4.000000
1,multi_greedy,4,4,66,2,2,4,0.000000,53.166700,0.752351,19,0.574361,18,0,2,0,0.574361,0.613975,0.039613,0.039613,0.574361,0.076638,4,44,1,-1,32,29,19,110.333000,75.833300,53.166700,0.362539,0.527473,0.752351,-0.008654,-0.006087,0.000115,0.000000,4,4,0,fixed,4,4,0,0,3.000000,4.000000
1,multi_greedy,4,4,67,2,2,4,0.000000,53.166700,0.752351,19,0.574361,18,0,2,0,0.574361,0.613975,0.039613,0.039613,0.574361,0.076638,4,44,1,-1,32,29,19,110.333000,75.833300,53.166700,0.362539,0.527473,0.752351,-0.008654,-0.006087,0.000115,0.000000,4,4,0,fixed,4,4,0,0,3.000000,4.000000
1,multi_greedy,4,4,68,0,0,2,4.354181,110.333000,0.544273,32,0.574361,18,0,0,0,0.574361,0.613975,0.039613,0.039613,0.574361,0.076638,4,44,1,-1,32,29,19,110.333000,75.833300,53.166700,0.549696,0.236116,0.382341,0.000115,-0.010797,-0.000394,0.000000,4,4,0,fixed,4,4,0,0,3.000000,4.000000
1,multi_greedy,4,4,69,0,0,4,0.000000,110.333000,0.362539,32,0.574361,18,0,0,0,0.574361,0.613975,0.039613,0.039613,0.574361,0.076638,4,44,1,0,32,29,19,110.333000,75.833300,53.166700,0.362539,0.527473,0.752351,0.000115,0.002763,0.009161,0.009161,4,4,0,fixed,4,4,0,0,3.000000,4.000000
1,multi_greedy,4,4,70,2,2,1,3.326699,53.166700,1.108900,19,0.574361,18,0,2,0,0.574361,0.613975,0.039613,0.039613,0.574361,0.076638,4,44,1,-1,32,29,19,110.333000,75.833300,53.166700,1.420656,1.028442,1.066105,-0.002124,-0.004131,0.000115,0.000000,4,4,0,fixed,4,4,0,0,3.000000,4.000000
1,multi_greedy,4,4,71,2,2,3,0.000000,53.166700,1.880877,19,0.574361,18,0,2,0,0.574361,0.613975,0.039613,0.039613,0.574361,0.076638,4,44,1,-1,32,29,19,110.333000,75.833300,53.166700,0.906347,1.318682,1.880877,-0.005203,-0.004711,0.000115,0.000000,4,4,0,fixed,4,4,0,0,3.000000,4.000000
1,multi_greedy,4,4,72,2,2,1,3.181099,53.166700,1.060366,19,0.574361,18,0,2,0,0.574361,0.613975,0.039613,0.039613,0.574361,0.076638,4,44,1,-1,32,29,19,110.333000,75.833300,53.166700,1.420656,1.028442,1.075811,-0.002157,-0.004164,0.000115,0.000000,4,4,0,fixed,4,4,0,0,3.000000,4.000000
1,multi_greedy,4,4,73,2,2,1,3.186801,53.166700,1.062267,19,0.574361,18,0,2,0,0.574361,0.613975,0.039613,0.039613,0.574361,0.076638,4,44,1,-1,32,29,19,110.333000,75.833300,53.166700,1.420656,1.028442,1.075431,-0.002155,-0.004162,0.000115,0.000000,4,4,0,fixed,4,4,0,0,3.000000,4.000000
1,multi_greedy,4,4,74,2,2,1,3.284526,53.166700,1.094842,19,0.574361,18,0,2,0,0.574361,0.613975,0.039613,0.039613,0.574361,0.076638,4,44,1,-1,32,29,19,110.333000,75.833300,53.166700,1.420656,1.028442,1.068916,-0.002133,-0.004141,0.000115,0.000000,4,4,0,fixed,4,4,0,0,3.000000,4.000000
1,multi_greedy,4,4,75,0,0,2,4.457931,110.333000,0.557241,32,0.574361,18,0,0,0,0.574361,0.613975,0.039613,0.039613,0.574361,0.076638,4,44,1,-1,32,29,19,110.333000,75.833300,53.166700,0.548933,0.236116,0.382341,0.000115,-0.010788,-0.000384,0.000000,4,4,0,fixed,4,4,0,0,3.000000,4.000000
1,multi_greedy,4,4,76,1,1,1,3.102213,75.833300,1.034071,29,0.574361,18,0,1,0,0.574361,0.613975,0.039613,0.039613,0.574361,0.076638,4,44,1,1,32,29,19,110.333000,75.833300,53.166700,1.420656,1.068168,1.019575,0.001868,0.000115,0.003754,0.003754,4,4,0,fixed,4,4,0,0,3.000000,4.000000
1,multi_greedy,4,4,77,1,1,3,0.000000,75.833300,1.318682,29,0.574361,18,0,1,0,0.574361,0.613975,0.039613,0.039613,0.574361,0.076638,4,44,1,1,32,29,19,110.333000,75.833300,53.166700,0.906347,1.318682,1.880877,-0.000385,0.000115,0.005025,0.005025,4,4,0,fixed,4,4,0,0,3.000000,4.000000
1,multi_greedy,4,4,78,0,0,2,4.332258,110.333000,0.541532,32,0.574361,18,0,0,0,0.574361,0.613975,0.039613,0.039613,0.574361,0.076638,4,44,1,-1,32,29,19,110.333000,75.833300,53.166700,0.549857,0.236116,0.382341,0.000115,-0.010799,-0.000396,0.000000,4,4,0,fixed,4,4,0,0,3.000000,4.000000
1,multi_greedy,4,4,79,0,0,2,4.457948,110.333000,0.557244,32,0.574361,18,0,0,0,0.574361,0.613975,0.039613,0.039613,0.574361,0.076638,4,44,1,-1,32,29,19,110.333000,75.833300,53.166700,0.548933,0.236116,0.382341,0.000115,-0.010788,-0.000384,0.000000,4,4,0,fixed,4,4,0,0,3.000000,4.000000
1,multi_greedy,4,4,80,0,0,2,4.351887,110.333000,0.543986,32,0.574361,18,0,0,0,0.574361,0.613975,0.039613,0.039613,0.574361,0.076638,4,44,1,-1,32,29,19,110.333000,75.833300,53.166700,0.549712,0.236116,0.382341,0.000115,-0.010798,-0.000394,0.000000,4,4,0,fixed,4,4,0,0,3.000000,4.000000
1,multi_greedy,4,5,1,2,2,4,0.000000,51.333300,0.779221,22,0.606825,14,0,2,0,0.606825,0.606825,0.000000,0.000000,0.606825,0.032463,0,37,1,-1,30,28,22,111.000000,75.833300,51.333300,0.360360,0.527473,0.779221,-0.010989,-0.006371,0.000059,0.000000,4,0,4,fixed,4,4,0,0,3.000000,4.000000
1,multi_greedy,4,5,2,0,0,2,4.206603,111.000000,0.525825,30,0.606825,14,0,0,0,0.606825,0.606825,0.000000,0.000000,0.606825,0.032463,0,37,1,-1,30,28,22,111.000000,75.833300,51.333300,0.521839,0.259096,0.375354,0.000059,-0.008357,0.000708,0.000708,4,0,4,fixed,4,4,0,0,3.000000,4.000000
1,multi_greedy,4,5,3,1,1,2,2.135521,75.833300,0.266940,28,0.606825,14,1,1,0,0.606825,0.606825,0.000000,0.000000,0.606825,0.032463,0,37,1,0,30,28,22,111.000000,75.833300,51.333300,0.505208,0.268632,0.375354,0.006840,0.000059,0.008103,0.008103,4,0,4,fixed,4,4,0,0,3.000000,4.000000
1,multi_greedy,4,5,4,1,1,1,3.286068,75.833300,1.095356,28,0.606825,14,0,1,0,0.606825,0.606825,0.000000,0.000000,0.606825,0.032463,0,37,1,1,30,28,22,111.000000,75.833300,51.333300,1.347222,1.094113,1.000945,-0.000008,0.000059,0.003211,0.003211,4,0,4,fixed,4,4,0,0,3.000000,4.000000
1,multi_greedy,4,5,5,0,0,2,4.256860,111.000000,0.532108,30,0.606825,14,0,0,0,0.606825,0.606825,0.000000,0.000000,0.606825,0.032463,0,37,1,-1,30,28,22,111.000000,75.833300,51.333300,0.521490,0.259096,0.375354,0.000059,-0.008351,0.000713,0.000713,4,0,4,fixed,4,4,0,0,3.000000,4.000000
1,multi_greedy,4,5,6,2,2,4,0.000000,51.333300,0.779221,22,0.606825,14,0,2,0,0.606825,0.606825,0.000000,0.000000,0.606825,0.032463,0,37,1,-1,30,28,22,111.000000,75.833300,51.333300,0.360360,0.527473,0.779221,-0.010989,-0.006371,0.000059,0.000000,4,0,4,fixed,4,4,0,0,3.000000,4.000000
1,multi_greedy,4,5,7,0,0,3,0.000000,111.000000,0.900901,30,0.606825,14,0,0,0,0.606825,0.606825,0.000000,0.000000,0.606825,0.032463,0,37,1,-1,30,28,22,111.000000,75.833300,51.333300,0.900901,1.318682,1.948053,0.000059,0.002393,0.007276,0.007276,4,0,4,fixed,4,4,0,0,3.000000,4.000000
1,multi_greedy,4,5,8,1,1,3,0.000000,75.833300,1.318682,28,0.606825,14,0,1,0,0.606825,0.606825,0.000000,0.000000,0.606825,0.032463,0,37,1,1,30,28,22,111.000000,75.833300,51.333300,0.900901,1.318682,1.948053,-0.002258,0.000059,0.004903,0.004903,4,0,4,fixed,4,4,0,0,3.000000,4.000000
1,multi_greedy,4,5,9,0,0,2,4.256744,111.000000,0.532093,30,0.606825,14,0,0,0,0.606825,0.606825,0.000000,0.000000,0.606825,0.032463,0,37,1,-1,30,28,22,111.000000,75.833300,51.333300,0.521490,0.259096,0.375354,0.000059,-0.008351,0.000713,0.000713,4,0,4,fixed,4,4,0,0,3.000000,4.000000
1,multi_greedy,4,5,10,1,1,1,3.265135,75.833300,1.088378,28,0.606825,14,0,1,0,0.606825,0.606825,0.000000,0.000000,0.606825,0.032463,0,37,1,1,30,28,22,111.000000,75.833300,51.333300,1.347222,1.095109,1.000945,-0.000012,0.000059,0.003208,0.003208,4,0,4,fixed,4,4,0,0,3.000000,4.000000
1,multi_greedy,4,5,11,2,2,4,0.000000,51.333300,0.779221,22,0.606825,14,0,2,0,0.606825,0.606825,0.000000,0.000000,0.606825,0.032463,0,37,1,-1,30,28,22,111.000000,75.833300,51.333300,0.360360,0.527473,0.779221,-0.010989,-0.006371,0.000059,0.000000,4,0,4,fixed,4,4,0,0,3.000000,4.000000
1,multi_greedy,4,5,12,1,1,3,0.000000,75.833300,1.318682,28,0.606825,14,0,1,0,0.606825,0.606825,0.000000,0.000000,0.606825,0.032463,0,37,1,1,30,28,22,111.000000,75.833300,51.333300,0.900901,1.318682,1.948053,-0.002258,0.000059,0.004903,0.004903,4,0,4,fixed,4,4,0,0,3.000000,4.000000
1,multi_greedy,4,5,13,2,2,4,0.000000,51.333300,0.779221,22,0.606825,14,0,2,0,0.606825,0.606825,0.000000,0.000000,0.606825,0.032463,0,37,1,-1,30,28,22,111.000000,75.833300,51.333300,0.360360,0.527473,0.779221,-0.010989,-0.006371,0.000059,0.000000,4,0,4,fixed,4,4,0,0,3.000000,4.000000
1,multi_greedy,4,5,14,0,0,2,4.201109,111.000000,0.525139,30,0.606825,14,0,0,0,0.606825,0.606825,0.000000,0.000000,0.606825,0.032463,0,37,1,-1,30,28,22,111.000000,75.833300,51.333300,0.521877,0.259096,0.375354,0.000059,-0.008357,0.000707,0.000707,4,0,4,fixed,4,4,0,0,3.000000,4.000000
1,multi_greedy,4,5,15,0,0,3,0.000000,111.000000,0.900901,30,0.606825,14,0,0,0,0.606825,0.606825,0.000000,0.000000,0.606825,0.032463,0,37,1,-1,30,28,22,111.000000,75.833300,51.333300,0.900901,1.318682,1.948053,0.000059,0.002393,0.007276,0.007276,4,0,4,fixed,4,4,0,0,3.000000,4.000000
1,multi_greedy,4,5,16,2,2,3,0.000000,51.333300,1.948053,22,0.606825,14,0,2,0,0.606825,0.606825,0.000000,0.000000,0.606825,0.032463,0,37,1,-1,30,28,22,111.000000,75.833300,51.333300,0.900901,1.318682,1.948053,-0.006991,-0.004710,0.000059,0.000000,4,0,4,fixed,4,4,0,0,3.000000,4.000000
1,multi_greedy,4,5,17,2,2,3,0.000000,51.333300,1.948053,22,0.606825,14,0,2,0,0.606825,0.606825,0.000000,0.000000,0.606825,0.032463,0,37,1,-1,30,28,22,111.000000,75.833300,51.333300,0.900901,1.318682,1.948053,-0.006991,-0.004710,0.000059,0.000000,4,0,4,fixed,4,4,0,0,3.000000,4.000000
1,multi_greedy,4,5,18,2,2,4,0.000000,51.333300,0.779221,22,0.606825,14,0,2,0,0.606825,0.606825,0.000000,0.000000,0.606825,0.032463,0,37,1,-1,30,28,22,111.000000,75.833300,51.333300,0.360360,0.527473,0.779221,-0.010989,-0.006371,0.000059,0.000000,4,0,4,fixed,4,4,0,0,3.000000,4.000000
1,multi_greedy,4,5,19,0,0,4,0.000000,111.000000,0.360360,30,0.606825,14,0,0,0,0.606825,0.606825,0.000000,0.000000,0.606825,0.032463,0,37,1,0,30,28,22,111.000000,75.833300,51.333300,0.360360,0.527473,0.779221,0.000059,0.004851,0.011524,0.011524,4,0,4,fixed,4,4,0,0,3.000000,4.000000
1,multi_greedy,4,5,20,0,0,2,4.125669,111.000000,0.515709,30,0.606825,14,0,0,0,0.606825,0.606825,0.000000,0.000000,0.606825,0.032463,0,37,1,-1,30,28,22,111.000000,75.833300,51.333300,0.522401,0.259096,0.375354,0.000059,-0.008366,0.000698,0.000698,4,0,4,fixed,4,4,0,0,3.000000,4.000000
1,multi_greedy,4,5,21,0,0,4,0.000000,111.000000,0.360360,30,0.606825,14,0,0,0,0.606825,0.606825,0.000000,0.000000,0.606825,0.032463,0,37,1,0,30,28,22,111.000000,75.833300,51.333300,0.360360,0.527473,0.779221,0.000059,0.004851,0.011524,0.011524,4,0,4,fixed,4,4,0,0,3.000000,4.000000
1,multi_greedy,4,5,22,1,1,3,0.000000,75.833300,1.318682,28,0.606825,14,0,1,0,0.606825,0.606825,0.000000,0.000000,0.606825,0.032463,0,37,1,1,30,28,22,111.000000,75.833300,51.333300,0.900901,1.318682,1.948053,-0.002258,0.000059,0.004903,0.004903,4,0,4,fixed,4,4,0,0,3.000000,4.000000
1,multi_greedy,4,5,23,1,1,1,3.318703,75.833300,1.106234,28,0.606825,14,0,1,0,0.606825,0.606825,0.000000,0.000000,0.606825,0.032463,0,37,1,1,30,28,22,111.000000,75.833300,51.333300,1.347222,1.092559,1.000945,-0.000002,0.000059,0.003217,0.003217,4,0,4,fixed,4,4,0,0,3.000000,4.000000
1,multi_greedy,4,5,24,1,1,4,0.000000,75.833300,0.527473,28,0.606825,14,0,1,0,0.606825,0.606825,0.000000,0.000000,0.606825,0.032463,0,37,1,-1,30,28,22,111.000000,75.833300,51.333300,0.360360,0.527473,0.779221,-0.004659,0.000059,0.006627,0.006627,4,0,4,fixed,4,4,0,0,3.000000,4.000000
1,multi_greedy,4,5,25,2,2,1,3.184424,51.333300,1.061475,22,0.606825,14,0,2,0,0.606825,0.606825,0.000000,0.000000,0.606825,0.032463,0,37,1,-1,30,28,22,111.000000,75.833300,51.333300,1.347222,1.056535,1.043436,-0.003511,-0.003742,0.000059,0.000000,4,0,4,fixed,4,4,0,0,3.000000,4.000000
1,multi_greedy,4,5,26,1,1,3,0.000000,75.833300,1.318682,28,0.606825,14,0,1,0,0.606825,0.606825,0.000000,0.000000,0.606825,0.032463,0,37,1,1,30,28,22,111.000000,75.833300,51.333300,0.900901,1.318682,1.948053,-0.002258,0.000059,0.004903,0.004903,4,0,4,fixed,4,4,0,0,3.000000,4.000000
1,multi_greedy,4,5,27,1,1,1,3.323246,75.833300,1.107749,28,0.606825,14,0,1,0,0.606825,0.606825,0.000000,0.000000,0.606825,0.032463,0,37,1,1,30,28,22,111.000000,75.833300,51.333300,1.347222,1.092342,1.000945,-0.000001,0.000059,0.003218,0.003218,4,0,4,fixed,4,4,0,0,3.000000,4.000000
1,multi_greedy,4,5,28,0,0,2,4.106019,111.000000,0.513252,30,0.606825,14,0,0,0,0.606825,0.606825,0.000000,0.000000,0.606825,0.032463,0,37,1,-1,30,28,22,111.000000,75.833300,51.333300,0.522537,0.259096,0.375354,0.000059,-0.008368,0.000696,0.000696,4,0,4,fixed,4,4,0,0,3.000000,4.000000
1,multi_greedy,4,5,29,2,2,1,3.148139,51.333300,1.049380,22,0.606825,14,0,2,0,0.606825,0.606825,0.000000,0.000000,0.606825,0.032463,0,37,1,-1,30,28,22,111.000000,75.833300,51.333300,1.347222,1.056535,1.045855,-0.003521,-0.003751,0.000059,0.000000,4,0,4,fixed,4,4,0,0,3.000000,4.000000
1,multi_greedy,4,5,30,2,2,4,0.000000,51.333300,0.779221,22,0.606825,14,0,2,0,0.606825,0.606825,0.000000,0.000000,0.606825,0.032463,0,37,1,-1,30,28,22,111.000000,75.833300,51.333300,0.360360,0.527473,0.779221,-0.010989,-0.006371,0.000059,0.000000,4,0,4,fixed,4,4,0,0,3.000000,4.000000
1,multi_greedy,4,5,31,0,0,2,4.124563,111.000000,0.515570,30,0.606825,14,0,0,0,0.606825,0.606825,0.000000,0.000000,0.606825,0.032463,0,37,1,-1,30,28,22,111.000000,75.833300,51.333300,0.522408,0.259096,0.375354,0.000059,-0.008366,0.000698,0.000698,4,0,4,fixed,4,4,0,0,3.000000,4.000000
1,multi_greedy,4,5,32,2,2,4,0.000000,51.333300,0.779221,22,0.606825,14,0,2,0,0.606825,0.606825,0.000000,0.000000,0.606825,0.032463,0,37,1,-1,30,28,22,111.000000,75.833300,51.333300,0.360360,0.527473,0.779221,-0.010989,-0.006371,0.000059,0.000000,4,0,4,fixed,4,4,0,0,3.000000,4.000000
1,multi_greedy,4,5,33,1,1,2,2.149726,75.833300,0.268716,28,0.606825,14,0,1,0,0.606825,0.606825,0.000000,0.000000,0.606825,0.032463,0,37,1,0,30,28,22,111.000000,75.833300,51.333300,0.505208,0.268276,0.375354,0.006862,0.000059,0.008126,0.008126,4,0,4,fixed,4,4,0,0,3.000000,4.000000
1,multi_greedy,4,5,34,0,0,4,0.000000,111.000000,0.360360,30,0.606825,14,0,0,0,0.606825,0.606825,0.000000,0.000000,0.606825,0.032463,0,37,1,0,30,28,22,111.000000,75.833300,51.333300,0.360360,0.527473,0.779221,0.000059,0.004851,0.011524,0.011524,4,0,4,fixed,4,4,0,0,3.000000,4.000000
1,multi_greedy,4,5,35,2,2,3,0.000000,51.333300,1.948053,22,0.606825,14,0,2,0,0.606825,0.606825,0.000000,0.000000,0.606825,0.032463,0,37,1,-1,30,28,22,111.000000,75.833300,51.333300,0.900901,1.318682,1.948053,-0.006991,-0.004710,0.000059,0.000000,4,0,4,fixed,4,4,0,0,3.000000,4.000000
1,multi_greedy,4,5,36,0,0,4,0.000000,111.000000,0.360360,30,0.606825,14,0,0,0,0.606825,0.606825,0.000000,0.000000,0.606825,0.032463,0,37,1,0,30,28,22,111.000000,75.833300,51.333300,0.360360,0.527473,0.779221,0.000059,0.004851,0.011524,0.011524,4,0,4,fixed,4,4,0,0,3.000000,4.000000
1,multi_greedy,4,5,37,1,1,4,0.000000,75.833300,0.527473,28,0.606825,14,0,1,0,0.606825,0.606825,0.000000,0.000000,0.606825,0.032463,0,37,1,-1,30,28,22,111.000000,75.833300,51.333300,0.360360,0.527473,0.779221,-0.004659,0.000059,0.006627,0.006627,4,0,4,fixed,4,4,0,0,3.000000,4.000000
1,multi_greedy,4,5,38,2,2,3,0.000000,51.333300,1.948053,22,0.606825,14,0,2,0,0.606825,0.606825,0.000000,0.000000,0.606825,0.032463,0,37,1,-1,30,28,22,111.000000,75.833300,51.333300,0.900901,1.318682,1.948053,-0.006991,-0.004710,0.000059,0.000000,4,0,4,fixed,4,4,0,0,3.000000,4.000000
1,multi_greedy,4,5,39,0,0,2,4.322324,111.000000,0.540291,30,0.606825,14,0,0,0,0.606825,0.606825,0.000000,0.000000,0.606825,0.032463,0,37,1,-1,30,28,22,111.000000,75.833300,51.333300,0.521035,0.259096,0.375354,0.000059,-0.008344,0.000721,0.000721,4,0,4,fixed,4,4,0,0,3.000000,4.000000
1,multi_greedy,4,5,40,1,1,1,3.173328,75.833300,1.057776,28,0.606825,14,0,1,0,0.606825,0.606825,0.000000,0.000000,0.606825,0.032463,0,37,1,1,30,28,22,111.000000,75.833300,51.333300,1.347222,1.099481,1.000945,-0.000028,0.000059,0.003191,0.003191,4,0,4,fixed,4,4,0,0,3.000000,4.000000
1,multi_greedy,4,5,41,0,0,2,4.104890,111.000000,0.513111,30,0.606825,14,0,0,0,0.606825,0.606825,0.000000,0.000000,0.606825,0.032463,0,37,1,-1,30,28,22,111.000000,75.833300,51.333300,0.522545,0.259096,0.375354,0.000059,-0.008368,0.000696,0.000696,4,0,4,fixed,4,4,0,0,3.000000,4.000000
1,multi_greedy,4,5,42,1,1,4,0.000000,75.833300,0.527473,28,0.606825,14,0,1,0,0.606825,0.606825,0.000000,0.000000,0.606825,0.032463,0,37,1,-1,30,28,22,111.000000,75.833300,51.333300,0.360360,0.527473,0.779221,-0.004659,0.000059,0.006627,0.006627,4,0,4,fixed,4,4,0,0,3.000000,4.000000
1,multi_greedy,4,5,43,0,0,2,4.256720,111.000000,0.532090,30,0.606825,14,0,0,0,0.606825,0.606825,0.000000,0.000000,0.606825,0.032463,0,37,1,-1,30,28,22,111.000000,75.833300,51.333300,0.521491,0.259096,0.375354,0.000059,-0.008351,0.000713,0.000713,4,0,4,fixed,4,4,0,0,3.000000,4.000000
1,multi_greedy,4,5,44,2,2,4,0.000000,51.333300,0.779221,22,0.606825,14,0,2,0,0.606825,0.606825,0.000000,0.000000,0.606825,0.032463,0,37,1,-1,30,28,22,111.000000,75.833300,51.333300,0.360360,0.527473,0.779221,-0.010989,-0.006371,0.000059,0.000000,4,0,4,fixed,4,4,0,0,3.000000,4.000000
1,multi_greedy,4,5,45,1,1,3,0.000000,75.833300,1.318682,28,0.606825,14,0,1,0,0.606825,0.606825,0.000000,0.000000,0.606825,0.032463,0,37,1,1,30,28,22,111.000000,75.833300,51.333300,0.900901,1.318682,1.948053,-0.002258,0.000059,0.004903,0.004903,4,0,4,fixed,4,4,0,0,3.000000,4.000000
1,multi_greedy,4,5,46,1,1,2,2.149678,75.833300,0.268710,28,0.606825,14,0,1,0,0.606825,0.606825,0.000000,0.000000,0.606825,0.032463,0,37,1,0,30,28,22,111.000000,75.833300,51.333300,0.505208,0.268278,0.375354,0.006862,0.000059,0.008125,0.008125,4,0,4,fixed,4,4,0,0,3.000000,4.000000
1,multi_greedy,4,5,47,0,0,2,4.201109,111.000000,0.525139,30,0.606825,14,0,0,0,0.606825,0.606825,0.000000,0.000000,0.606825,0.032463,0,37,1,-1,30,28,22,111.000000,75.833300,51.333300,0.521877,0.259096,0.375354,0.000059,-0.008357,0.000707,0.000707,4,0,4,fixed,4,4,0,0,3.000000,4.000000
1,multi_greedy,4,5,48,0,0,4,0.000000,111.000000,0.360360,30,0.606825,14,0,0,0,0.606825,0.606825,0.000000,0.000000,0.606825,0.032463,0,37,1,0,30,28,22,111.000000,75.833300,51.333300,0.360360,0.527473,0.779221,0.000059,0.004851,0.011524,0.011524,4,0,4,fixed,4,4,0,0,3.000000,4.000000
1,multi_greedy,4,5,49,1,1,2,2.149701,75.833300,0.268713,28,0.606825,14,0,1,0,0.606825,0.606825,0.000000,0.000000,0.606825,0.032463,0,37,1,0,30,28,22,111.000000,75.833300,51.333300,0.505208,0.268277,0.375354,0.006862,0.000059,0.008125,0.008125,4,0,4,fixed,4,4,0,0,3.000000,4.000000
1,multi_greedy,4,5,50,0,0,4,0.000000,111.000000,0.360360,30,0.606825,14,0,0,0,0.606825,0.606825,0.000000,0.000000,0.606825,0.032463,0,37,1,0,30,28,22,111.000000,75.833300,51.333300,0.360360,0.527473,0.779221,0.000059,0.004851,0.011524,0.011524,4,0,4,fixed,4,4,0,0,3.000000,4.000000
1,multi_greedy,4,5,51,1,1,2,2.148686,75.833300,0.268586,28,0.606825,14,0,1,0,0.606825,0.606825,0.000000,0.000000,0.606825,0.032463,0,37,1,0,30,28,22,111.000000,75.833300,51.333300,0.505208,0.268302,0.375354,0.006861,0.000059,0.008124,0.008124,4,0,4,fixed,4,4,0,0,3.000000,4.000000
1,multi_greedy,4,5,52,1,1,1,3.352328,75.833300,1.117443,28,0.606825,14,0,1,0,0.606825,0.606825,0.000000,0.000000,0.606825,0.032463,0,37,1,1,30,28,22,111.000000,75.833300,51.333300,1.347222,1.090957,1.000945,0.000004,0.000059,0.003223,0.003223,4,0,4,fixed,4,4,0,0,3.000000,4.000000
1,multi_greedy,4,5,53,1,1,2,2.147473,75.833300,0.268434,28,0.606825,14,0,1,0,0.606825,0.606825,0.000000,0.000000,0.606825,0.032463,0,37,1,0,30,28,22,111.000000,75.833300,51.333300,0.505208,0.268333,0.375354,0.006859,0.000059,0.008122,0.008122,4,0,4,fixed,4,4,0,0,3.000000,4.000000
1,multi_greedy,4,5,54,1,1,4,0.000000,75.833300,0.527473,28,0.606825,14,0,1,0,0.606825,0.606825,0.000000,0.000000,0.606825,0.032463,0,37,1,-1,30,28,22,111.000000,75.833300,51.333300,0.360360,0.527473,0.779221,-0.004659,0.000059,0.006627,0.006627,4,0,4,fixed,4,4,0,0,3.000000,4.000000
1,multi_greedy,4,5,55,0,0,2,4.101553,111.000000,0.512694,30,0.606825,14,0,0,0,0.606825,0.606825,0.000000,0.000000,0.606825,0.032463,0,37,1,-1,30,28,22,111.000000,75.833300,51.333300,0.522568,0.259096,0.375354,0.000059,-0.008368,0.000696,0.000696,4,0,4,fixed,4,4,0,0,3.000000,4.000000
1,multi_greedy,4,5,56,0,0,4,0.000000,111.000000,0.360360,30,0.606825,14,0,0,0,0.606825,0.606825,0.000000,0.000000,0.606825,0.032463,0,37,1,0,30,28,22,111.000000,75.833300,51.333300,0.360360,0.527473,0.779221,0.000059,0.004851,0.011524,0.011524,4,0,4,fixed,4,4,0,0,3.000000,4.000000
1,multi_greedy,4,5,57,2,2,3,0.000000,51.333300,1.948053,22,0.606825,14,0,2,0,0.606825,0.606825,0.000000,0.000000,0.606825,0.032463,0,37,1,-1,30,28,22,111.000000,75.833300,51.333300,0.900901,1.318682,1.948053,-0.006991,-0.004710,0.000059,0.000000,4,0,4,fixed,4,4,0,0,3.000000,4.000000
1,multi_greedy,4,5,58,1,1,1,3.315956,75.833300,1.105319,28,0.606825,14,0,1,0,0.606825,0.606825,0.000000,0.000000,0.606825,0.032463,0,37,1,1,30,28,22,111.000000,75.833300,51.333300,1.347222,1.092689,1.000945,-0.000003,0.000059,0.003217,0.003217,4,0,4,fixed,4,4,0,0,3.000000,4.000000
1,multi_greedy,4,5,59,1,1,4,0.000000,75.833300,0.527473,28,0.606825,14,0,1,0,0.606825,0.606825,0.000000,0.000000,0.606825,0.032463,0,37,1,-1,30,28,22,111.000000,75.833300,51.333300,0.360360,0.527473,0.779221,-0.004659,0.000059,0.006627,0.006627,4,0,4,fixed,4,4,0,0,3.000000,4.000000
1,multi_greedy,4,5,60,1,1,3,0.000000,75.833300,1.318682,28,0.606825,14,0,1,0,0.606825,0.606825,0.000000,0.000000,0.606825,0.032463,0,37,1,1,30,28,22,111.000000,75.833300,51.333300,0.900901,1.318682,1.948053,-0.002258,0.000059,0.004903,0.004903,4,0,4,fixed,4,4,0,0,3.000000,4.000000
1,multi_greedy,4,5,61,1,1,4,0.000000,75.833300,0.527473,28,0.606825,14,0,1,0,0.606825,0.606825,0.000000,0.000000,0.606825,0.032463,0,37,1,-1,30,28,22,111.000000,75.833300,51.333300,0.360360,0.527473,0.779221,-0.004659,0.000059,0.006627,0.006627,4,0,4,fixed,4,4,0,0,3.000000,4.000000
1,multi_greedy,4,5,62,0,0,3,0.000000,111.000000,0.900901,30,0.606825,14,0,0,0,0.606825,0.606825,0.000000,0.000000,0.606825,0.032463,0,37,1,-1,30,28,22,111.000000,75.833300,51.333300,0.900901,1.318682,1.948053,0.000059,0.002393,0.007276,0.007276,4,0,4,fixed,4,4,0,0,3.000000,4.000000
1,multi_greedy,4,5,63,0,0,2,4.103816,111.000000,0.512977,30,0.606825,14,0,0,0,0.606825,0.606825,0.000000,0.000000,0.606825,0.032463,0,37,1,-1,30,28,22,111.000000,75.833300,51.333300,0.522552,0.259096,0.375354,0.000059,-0.008368,0.000696,0.000696,4,0,4,fixed,4,4,0,0,3.000000,4.000000
1,multi_greedy,4,5,64,1,1,4,0.000000,75.833300,0.527473,28,0.606825,14,0,1,0,0.606825,0.606825,0.000000,0.000000,0.606825,0.032463,0,37,1,-1,30,28,22,111.000000,75.833300,51.333300,0.360360,0.527473,0.779221,-0.004659,0.000059,0.006627,0.006627,4,0,4,fixed,4,4,0,0,3.000000,4.000000
1,multi_greedy,4,5,65,0,0,2,4.124587,111.000000,0.515573,30,0.606825,14,0,0,0,0.606825,0.606825,0.000000,0.000000,0.606825,0.032463,0,37,1,-1,30,28,22,111.000000,75.833300,51.333300,0.522408,0.259096,0.375354,0.000059,-0.008366,0.000698,0.000698,4,0,4,fixed,4,4,0,0,3.000000,4.000000
1,multi_greedy,4,5,66,2,2,4,0.000000,51.333300,0.779221,22,0.606825,14,0,2,0,0.606825,0.606825,0.000000,0.000000,0.606825,0.032463,0,37,1,-1,30,28,22,111.000000,75.833300,51.333300,0.360360,0.527473,0.779221,-0.010989,-0.006371,0.000059,0.000000,4,0,4,fixed,4,4,0,0,3.000000,4.000000
1,multi_greedy,4,5,67,2,2,4,0.000000,51.333300,0.779221,22,0.606825,14,0,2,0,0.606825,0.606825,0.000000,0.000000,0.606825,0.032463,0,37,1,-1,30,28,22,111.000000,75.833300,51.333300,0.360360,0.527473,0.779221,-0.010989,-0.006371,0.000059,0.000000,4,0,4,fixed,4,4,0,0,3.000000,4.000000
1,multi_greedy,4,5,68,0,0,2,4.103792,111.000000,0.512974,30,0.606825,14,0,0,0,0.606825,0.606825,0.000000,0.000000,0.606825,0.032463,0,37,1,-1,30,28,22,111.000000,75.833300,51.333300,0.522553,0.259096,0.375354,0.000059,-0.008368,0.000696,0.000696,4,0,4,fixed,4,4,0,0,3.000000,4.000000
1,multi_greedy,4,5,69,0,0,4,0.000000,111.000000,0.360360,30,0.606825,14,0,0,0,0.606825,0.606825,0.000000,0.000000,0.606825,0.032463,0,37,1,0,30,28,22,111.000000,75.833300,51.333300,0.360360,0.527473,0.779221,0.000059,0.004851,0.011524,0.011524,4,0,4,fixed,4,4,0,0,3.000000,4.000000
1,multi_greedy,4,5,70,2,2,1,3.079144,51.333300,1.026381,22,0.606825,14,0,2,0,0.606825,0.606825,0.000000,0.000000,0.606825,0.032463,0,37,1,-1,30,28,22,111.000000,75.833300,51.333300,1.347222,1.056535,1.050455,-0.003539,-0.003770,0.000059,0.000000,4,0,4,fixed,4,4,0,0,3.000000,4.000000
1,multi_greedy,4,5,71,2,2,3,0.000000,51.333300,1.948053,22,0.606825,14,0,2,0,0.606825,0.606825,0.000000,0.000000,0.606825,0.032463,0,37,1,-1,30,28,22,111.000000,75.833300,51.333300,0.900901,1.318682,1.948053,-0.006991,-0.004710,0.000059,0.000000,4,0,4,fixed,4,4,0,0,3.000000,4.000000
1,multi_greedy,4,5,72,2,2,1,3.148372,51.333300,1.049457,22,0.606825,14,0,2,0,0.606825,0.606825,0.000000,0.000000,0.606825,0.032463,0,37,1,-1,30,28,22,111.000000,75.833300,51.333300,1.347222,1.056535,1.045840,-0.003521,-0.003751,0.000059,0.000000,4,0,4,fixed,4,4,0,0,3.000000,4.000000
1,multi_greedy,4,5,73,2,2,1,3.111065,51.333300,1.037022,22,0.606825,14,0,2,0,0.606825,0.606825,0.000000,0.000000,0.606825,0.032463,0,37,1,-1,30,28,22,111.000000,75.833300,51.333300,1.347222,1.056535,1.048327,-0.003531,-0.003761,0.000059,0.000000,4,0,4,fixed,4,4,0,0,3.000000,4.000000
1,multi_greedy,4,5,74,2,2,1,3.164825,51.333300,1.054942,22,0.606825,14,0,2,0,0.606825,0.606825,0.000000,0.000000,0.606825,0.032463,0,37,1,-1,30,28,22,111.000000,75.833300,51.333300,1.347222,1.056535,1.044743,-0.003517,-0.003747,0.000059,0.000000,4,0,4,fixed,4,4,0,0,3.000000,4.000000
1,multi_greedy,4,5,75,0,0,2,4.122338,111.000000,0.515292,30,0.606825,14,0,0,0,0.606825,0.606825,0.000000,0.000000,0.606825,0.032463,0,37,1,-1,30,28,22,111.000000,75.833300,51.333300,0.522424,0.259096,0.375354,0.000059,-0.008366,0.000698,0.000698,4,0,4,fixed,4,4,0,0,3.000000,4.000000
1,multi_greedy,4,5,76,1,1,1,3.227670,75.833300,1.075890,28,0.606825,14,0,1,0,0.606825,0.606825,0.000000,0.000000,0.606825,0.032463,0,37,1,1,30,28,22,111.000000,75.833300,51.333300,1.347222,1.096894,1.000945,-0.000018,0.000059,0.003201,0.003201,4,0,4,fixed,4,4,0,0,3.000000,4.000000
1,multi_greedy,4,5,77,1,1,3,0.000000,75.833300,1.318682,28,0.606825,14,0,1,0,0.606825,0.606825,0.000000,0.000000,0.606825,0.032463,0,37,1,1,30,28,22,111.000000,75.833300,51.333300,0.900901,1.318682,1.948053,-0.002258,0.000059,0.004903,0.004903,4,0,4,fixed,4,4,0,0,3.000000,4.000000
1,multi_greedy,4,5,78,0,0,2,4.236056,111.000000,0.529507,30,0.606825,14,0,0,0,0.606825,0.606825,0.000000,0.000000,0.606825,0.032463,0,37,1,-1,30,28,22,111.000000,75.833300,51.333300,0.521634,0.259096,0.375354,0.000059,-0.008354,0.000711,0.000711,4,0,4,fixed,4,4,0,0,3.000000,4.000000
1,multi_greedy,4,5,79,0,0,2,4.255651,111.000000,0.531956,30,0.606825,14,0,0,0,0.606825,0.606825,0.000000,0.000000,0.606825,0.032463,0,37,1,-1,30,28,22,111.000000,75.833300,51.333300,0.521498,0.259096,0.375354,0.000059,-0.008351,0.000713,0.000713,4,0,4,fixed,4,4,0,0,3.000000,4.000000
1,multi_greedy,4,5,80,0,0,2,4.140964,111.000000,0.517621,30,0.606825,14,0,0,0,0.606825,0.606825,0.000000,0.000000,0.606825,0.032463,0,37,1,-1,30,28,22,111.000000,75.833300,51.333300,0.522294,0.259096,0.375354,0.000059,-0.008364,0.000700,0.000700,4,0,4,fixed,4,4,0,0,3.000000,4.000000
