seed,method,max_switches,cycle_id,ue_id,previous_bs_id,current_bs_id,app_type,tp_mbps,rtt_ms,satisfaction,num_users_on_current_bs,harmonic_mean,num_unsatisfied_users,target_ue_flag,action_selected_bs_id,switch_flag,h_before,h_after_estimated,reward,estimated_reward,h_after_measured,measured_reward,switch_count,num_degraded_users,measurement_valid,candidate_type,num_users_ap0,num_users_ap1,num_users_ap2,monitor_rtt_ap0,monitor_rtt_ap1,monitor_rtt_ap2,estimated_satisfaction_if_ap0,estimated_satisfaction_if_ap1,estimated_satisfaction_if_ap2,estimated_h_delta_if_ap0,estimated_h_delta_if_ap1,estimated_h_delta_if_ap2,best_estimated_h_delta,effective_max_switches,applied_switches_in_cycle,remaining_switch_budget,k_schedule_type,k_max,k_min,k_decay_rate,stop_action_flag
1,multi_greedy,4,1,1,2,2,4,0.000000,217.667000,0.183767,24,0.324643,39,0,2,0,0.324643,0.374013,0.049370,0.049370,0.324643,0.000000,4,0,1,0,20,36,24,59.000000,82.666700,217.667000,0.677966,0.483871,0.183767,0.011471,0.007114,0.003894,0.011471,4,4,0,fixed,4,4,0,0
1,multi_greedy,4,1,2,1,1,2,1.246981,82.666700,0.155873,36,0.324643,39,0,1,0,0.324643,0.374013,0.049370,0.049370,0.324643,0.000000,4,0,1,0,20,36,24,59.000000,82.666700,217.667000,0.868343,0.148609,0.133036,0.014945,0.003894,0.003943,0.014945,4,4,0,fixed,4,4,0,0
1,multi_greedy,4,1,3,1,1,2,1.313635,82.666700,0.164204,36,0.324643,39,0,0,1,0.324643,0.374013,0.049370,0.049370,0.324643,0.000000,4,0,1,0,20,36,24,59.000000,82.666700,217.667000,0.868343,0.147968,0.133036,0.014986,0.003894,0.003982,0.014986,4,4,0,fixed,4,4,0,0
1,multi_greedy,4,1,4,1,1,1,2.554042,82.666700,0.851347,36,0.324643,39,0,1,0,0.324643,0.374013,0.049370,0.049370,0.324643,0.000000,4,0,1,-1,20,36,24,59.000000,82.666700,217.667000,2.315581,0.873183,0.694423,0.008290,0.003894,0.004820,0.008290,4,4,0,fixed,4,4,0,0
1,multi_greedy,4,1,5,1,1,2,1.311426,82.666700,0.163928,36,0.324643,39,0,1,0,0.324643,0.374013,0.049370,0.049370,0.324643,0.000000,4,0,1,0,20,36,24,59.000000,82.666700,217.667000,0.868343,0.147989,0.133036,0.014985,0.003894,0.003980,0.014985,4,4,0,fixed,4,4,0,0
1,multi_greedy,4,1,6,2,2,4,0.000000,217.667000,0.183767,24,0.324643,39,0,2,0,0.324643,0.374013,0.049370,0.049370,0.324643,0.000000,4,0,1,0,20,36,24,59.000000,82.666700,217.667000,0.677966,0.483871,0.183767,0.011471,0.007114,0.003894,0.011471,4,4,0,fixed,4,4,0,0
1,multi_greedy,4,1,7,0,0,3,0.000000,59.000000,1.694915,20,0.324643,39,0,0,0,0.324643,0.374013,0.049370,0.049370,0.324643,0.000000,4,0,1,-1,20,36,24,59.000000,82.666700,217.667000,1.694915,1.209677,0.459417,0.003894,0.000197,-0.000249,0.000197,4,4,0,fixed,4,4,0,0
1,multi_greedy,4,1,8,1,1,3,0.000000,82.666700,1.209677,36,0.324643,39,0,1,0,0.324643,0.374013,0.049370,0.049370,0.324643,0.000000,4,0,1,1,20,36,24,59.000000,82.666700,217.667000,1.694915,1.209677,0.459417,0.007675,0.003894,0.003437,0.007675,4,4,0,fixed,4,4,0,0
1,multi_greedy,4,1,9,2,2,2,0.878679,217.667000,0.109835,24,0.324643,39,1,2,0,0.324643,0.374013,0.049370,0.049370,0.324643,0.000000,4,0,1,0,20,36,24,59.000000,82.666700,217.667000,0.868343,0.145097,0.145765,0.013540,0.002110,0.003894,0.013540,4,4,0,fixed,4,4,0,0
1,multi_greedy,4,1,10,1,1,1,2.827703,82.666700,0.942568,36,0.324643,39,0,1,0,0.324643,0.374013,0.049370,0.049370,0.324643,0.000000,4,0,1,-1,20,36,24,59.000000,82.666700,217.667000,2.315581,0.860151,0.694423,0.008314,0.003894,0.004843,0.008314,4,4,0,fixed,4,4,0,0
1,multi_greedy,4,1,11,2,2,4,0.000000,217.667000,0.183767,24,0.324643,39,0,2,0,0.324643,0.374013,0.049370,0.049370,0.324643,0.000000,4,0,1,0,20,36,24,59.000000,82.666700,217.667000,0.677966,0.483871,0.183767,0.011471,0.007114,0.003894,0.011471,4,4,0,fixed,4,4,0,0
1,multi_greedy,4,1,12,1,1,3,0.000000,82.666700,1.209677,36,0.324643,39,0,1,0,0.324643,0.374013,0.049370,0.049370,0.324643,0.000000,4,0,1,1,20,36,24,59.000000,82.666700,217.667000,1.694915,1.209677,0.459417,0.007675,0.003894,0.003437,0.007675,4,4,0,fixed,4,4,0,0
1,multi_greedy,4,1,13,0,0,4,0.000000,59.000000,0.677966,20,0.324643,39,0,0,0,0.324643,0.374013,0.049370,0.049370,0.324643,0.000000,4,0,1,-1,20,36,24,59.000000,82.666700,217.667000,0.677966,0.483871,0.183767,0.003894,-0.000271,-0.003350,0.000000,4,4,0,fixed,4,4,0,0
1,multi_greedy,4,1,14,2,2,2,0.883076,217.667000,0.110385,24,0.324643,39,0,2,0,0.324643,0.374013,0.049370,0.049370,0.324643,0.000000,4,0,1,0,20,36,24,59.000000,82.666700,217.667000,0.868343,0.145097,0.145628,0.013549,0.002119,0.003894,0.013549,4,4,0,fixed,4,4,0,0
1,multi_greedy,4,1,15,0,0,3,0.000000,59.000000,1.694915,20,0.324643,39,0,0,0,0.324643,0.374013,0.049370,0.049370,0.324643,0.000000,4,0,1,-1,20,36,24,59.000000,82.666700,217.667000,1.694915,1.209677,0.459417,0.003894,0.000197,-0.000249,0.000197,4,4,0,fixed,4,4,0,0
1,multi_greedy,4,1,16,2,2,3,0.000000,217.667000,0.459417,24,0.324643,39,0,2,0,0.324643,0.374013,0.049370,0.049370,0.324643,0.000000,4,0,1,0,20,36,24,59.000000,82.666700,217.667000,1.694915,1.209677,0.459417,0.008143,0.004351,0.003894,0.008143,4,4,0,fixed,4,4,0,0
1,multi_greedy,4,1,17,2,2,3,0.000000,217.667000,0.459417,24,0.324643,39,0,2,0,0.324643,0.374013,0.049370,0.049370,0.324643,0.000000,4,0,1,0,20,36,24,59.000000,82.666700,217.667000,1.694915,1.209677,0.459417,0.008143,0.004351,0.003894,0.008143,4,4,0,fixed,4,4,0,0
1,multi_greedy,4,1,18,2,2,4,0.000000,217.667000,0.183767,24,0.324643,39,0,2,0,0.324643,0.374013,0.049370,0.049370,0.324643,0.000000,4,0,1,0,20,36,24,59.000000,82.666700,217.667000,0.677966,0.483871,0.183767,0.011471,0.007114,0.003894,0.011471,4,4,0,fixed,4,4,0,0
1,multi_greedy,4,1,19,0,0,4,0.000000,59.000000,0.677966,20,0.324643,39,0,0,0,0.324643,0.374013,0.049370,0.049370,0.324643,0.000000,4,0,1,-1,20,36,24,59.000000,82.666700,217.667000,0.677966,0.483871,0.183767,0.003894,-0.000271,-0.003350,0.000000,4,4,0,fixed,4,4,0,0
1,multi_greedy,4,1,20,1,1,2,1.313571,82.666700,0.164196,36,0.324643,39,0,1,0,0.324643,0.374013,0.049370,0.049370,0.324643,0.000000,4,0,1,0,20,36,24,59.000000,82.666700,217.667000,0.868343,0.147969,0.133036,0.014986,0.003894,0.003981,0.014986,4,4,0,fixed,4,4,0,0
1,multi_greedy,4,1,21,0,0,4,0.000000,59.000000,0.677966,20,0.324643,39,0,0,0,0.324643,0.374013,0.049370,0.049370,0.324643,0.000000,4,0,1,-1,20,36,24,59.000000,82.666700,217.667000,0.677966,0.483871,0.183767,0.003894,-0.000271,-0.003350,0.000000,4,4,0,fixed,4,4,0,0
1,multi_greedy,4,1,22,1,1,3,0.000000,82.666700,1.209677,36,0.324643,39,0,1,0,0.324643,0.374013,0.049370,0.049370,0.324643,0.000000,4,0,1,1,20,36,24,59.000000,82.666700,217.667000,1.694915,1.209677,0.459417,0.007675,0.003894,0.003437,0.007675,4,4,0,fixed,4,4,0,0
1,multi_greedy,4,1,23,1,1,1,2.759231,82.666700,0.919744,36,0.324643,39,0,1,0,0.324643,0.374013,0.049370,0.049370,0.324643,0.000000,4,0,1,-1,20,36,24,59.000000,82.666700,217.667000,2.315581,0.863412,0.694423,0.008308,0.003894,0.004837,0.008308,4,4,0,fixed,4,4,0,0
1,multi_greedy,4,1,24,1,1,4,0.000000,82.666700,0.483871,36,0.324643,39,0,1,0,0.324643,0.374013,0.049370,0.049370,0.324643,0.000000,4,0,1,0,20,36,24,59.000000,82.666700,217.667000,0.677966,0.483871,0.183767,0.008166,0.003894,0.000735,0.008166,4,4,0,fixed,4,4,0,0
1,multi_greedy,4,1,25,2,2,1,1.675854,217.667000,0.558618,24,0.324643,39,0,2,0,0.324643,0.374013,0.049370,0.049370,0.324643,0.000000,4,0,1,-1,20,36,24,59.000000,82.666700,217.667000,2.315581,0.846928,0.756305,0.007106,0.002650,0.003894,0.007106,4,4,0,fixed,4,4,0,0
1,multi_greedy,4,1,26,1,1,3,0.000000,82.666700,1.209677,36,0.324643,39,0,1,0,0.324643,0.374013,0.049370,0.049370,0.324643,0.000000,4,0,1,1,20,36,24,59.000000,82.666700,217.667000,1.694915,1.209677,0.459417,0.007675,0.003894,0.003437,0.007675,4,4,0,fixed,4,4,0,0
1,multi_greedy,4,1,27,1,1,1,2.711227,82.666700,0.903742,36,0.324643,39,0,1,0,0.324643,0.374013,0.049370,0.049370,0.324643,0.000000,4,0,1,-1,20,36,24,59.000000,82.666700,217.667000,2.315581,0.865698,0.694423,0.008304,0.003894,0.004833,0.008304,4,4,0,fixed,4,4,0,0
1,multi_greedy,4,1,28,0,0,2,7.292805,59.000000,0.911601,20,0.324643,39,0,0,0,0.324643,0.374013,0.049370,0.049370,0.324643,0.000000,4,0,1,-1,20,36,24,59.000000,82.666700,217.667000,0.911792,0.145097,0.133036,0.003894,-0.007042,-0.006554,0.000000,4,4,0,fixed,4,4,0,0
1,multi_greedy,4,1,29,2,2,1,1.835459,217.667000,0.611820,24,0.324643,39,0,2,0,0.324643,0.374013,0.049370,0.049370,0.324643,0.000000,4,0,1,-1,20,36,24,59.000000,82.666700,217.667000,2.315581,0.846928,0.745665,0.007131,0.002674,0.003894,0.007131,4,4,0,fixed,4,4,0,0
1,multi_greedy,4,1,30,2,2,4,0.000000,217.667000,0.183767,24,0.324643,39,0,2,0,0.324643,0.374013,0.049370,0.049370,0.324643,0.000000,4,0,1,0,20,36,24,59.000000,82.666700,217.667000,0.677966,0.483871,0.183767,0.011471,0.007114,0.003894,0.011471,4,4,0,fixed,4,4,0,0
1,multi_greedy,4,1,31,1,1,2,1.232695,82.666700,0.154087,36,0.324643,39,0,1,0,0.324643,0.374013,0.049370,0.049370,0.324643,0.000000,4,0,1,0,20,36,24,59.000000,82.666700,217.667000,0.868343,0.148747,0.133036,0.014937,0.003894,0.003935,0.014937,4,4,0,fixed,4,4,0,0
1,multi_greedy,4,1,32,0,0,4,0.000000,59.000000,0.677966,20,0.324643,39,0,0,0,0.324643,0.374013,0.049370,0.049370,0.324643,0.000000,4,0,1,-1,20,36,24,59.000000,82.666700,217.667000,0.677966,0.483871,0.183767,0.003894,-0.000271,-0.003350,0.000000,4,4,0,fixed,4,4,0,0
1,multi_greedy,4,1,33,1,1,2,1.069847,82.666700,0.133731,36,0.324643,39,0,1,0,0.324643,0.374013,0.049370,0.049370,0.324643,0.000000,4,0,1,0,20,36,24,59.000000,82.666700,217.667000,0.868343,0.150312,0.133036,0.014839,0.003894,0.003843,0.014839,4,4,0,fixed,4,4,0,0
1,multi_greedy,4,1,34,0,0,4,0.000000,59.000000,0.677966,20,0.324643,39,0,0,0,0.324643,0.374013,0.049370,0.049370,0.324643,0.000000,4,0,1,-1,20,36,24,59.000000,82.666700,217.667000,0.677966,0.483871,0.183767,0.003894,-0.000271,-0.003350,0.000000,4,4,0,fixed,4,4,0,0
1,multi_greedy,4,1,35,2,2,3,0.000000,217.667000,0.459417,24,0.324643,39,0,2,0,0.324643,0.374013,0.049370,0.049370,0.324643,0.000000,4,0,1,0,20,36,24,59.000000,82.666700,217.667000,1.694915,1.209677,0.459417,0.008143,0.004351,0.003894,0.008143,4,4,0,fixed,4,4,0,0
1,multi_greedy,4,1,36,0,0,4,0.000000,59.000000,0.677966,20,0.324643,39,0,0,0,0.324643,0.374013,0.049370,0.049370,0.324643,0.000000,4,0,1,-1,20,36,24,59.000000,82.666700,217.667000,0.677966,0.483871,0.183767,0.003894,-0.000271,-0.003350,0.000000,4,4,0,fixed,4,4,0,0
1,multi_greedy,4,1,37,1,1,4,0.000000,82.666700,0.483871,36,0.324643,39,0,1,0,0.324643,0.374013,0.049370,0.049370,0.324643,0.000000,4,0,1,0,20,36,24,59.000000,82.666700,217.667000,0.677966,0.483871,0.183767,0.008166,0.003894,0.000735,0.008166,4,4,0,fixed,4,4,0,0
1,multi_greedy,4,1,38,2,2,3,0.000000,217.667000,0.459417,24,0.324643,39,0,2,0,0.324643,0.374013,0.049370,0.049370,0.324643,0.000000,4,0,1,0,20,36,24,59.000000,82.666700,217.667000,1.694915,1.209677,0.459417,0.008143,0.004351,0.003894,0.008143,4,4,0,fixed,4,4,0,0
1,multi_greedy,4,1,39,1,1,2,1.313611,82.666700,0.164201,36,0.324643,39,0,0,1,0.324643,0.374013,0.049370,0.049370,0.324643,0.000000,4,0,1,0,20,36,24,59.000000,82.666700,217.667000,0.868343,0.147968,0.133036,0.014986,0.003894,0.003981,0.014986,4,4,0,fixed,4,4,0,0
1,multi_greedy,4,1,40,1,1,1,2.774239,82.666700,0.924746,36,0.324643,39,0,1,0,0.324643,0.374013,0.049370,0.049370,0.324643,0.000000,4,0,1,-1,20,36,24,59.000000,82.666700,217.667000,2.315581,0.862697,0.694423,0.008309,0.003894,0.004838,0.008309,4,4,0,fixed,4,4,0,0
1,multi_greedy,4,1,41,0,0,2,7.292805,59.000000,0.911601,20,0.324643,39,0,0,0,0.324643,0.374013,0.049370,0.049370,0.324643,0.000000,4,0,1,-1,20,36,24,59.000000,82.666700,217.667000,0.911792,0.145097,0.133036,0.003894,-0.007042,-0.006554,0.000000,4,4,0,fixed,4,4,0,0
1,multi_greedy,4,1,42,1,1,4,0.000000,82.666700,0.483871,36,0.324643,39,0,1,0,0.324643,0.374013,0.049370,0.049370,0.324643,0.000000,4,0,1,0,20,36,24,59.000000,82.666700,217.667000,0.677966,0.483871,0.183767,0.008166,0.003894,0.000735,0.008166,4,4,0,fixed,4,4,0,0
1,multi_greedy,4,1,43,2,2,2,1.261220,217.667000,0.157652,24,0.324643,39,0,0,1,0.324643,0.374013,0.049370,0.049370,0.324643,0.000000,4,0,1,0,20,36,24,59.000000,82.666700,217.667000,0.868343,0.145097,0.133811,0.014382,0.002896,0.003894,0.014382,4,4,0,fixed,4,4,0,0
1,multi_greedy,4,1,44,0,0,4,0.000000,59.000000,0.677966,20,0.324643,39,0,0,0,0.324643,0.374013,0.049370,0.049370,0.324643,0.000000,4,0,1,-1,20,36,24,59.000000,82.666700,217.667000,0.677966,0.483871,0.183767,0.003894,-0.000271,-0.003350,0.000000,4,4,0,fixed,4,4,0,0
1,multi_greedy,4,1,45,1,1,3,0.000000,82.666700,1.209677,36,0.324643,39,0,1,0,0.324643,0.374013,0.049370,0.049370,0.324643,0.000000,4,0,1,1,20,36,24,59.000000,82.666700,217.667000,1.694915,1.209677,0.459417,0.007675,0.003894,0.003437,0.007675,4,4,0,fixed,4,4,0,0
1,multi_greedy,4,1,46,1,1,2,1.020774,82.666700,0.127597,36,0.324643,39,0,1,0,0.324643,0.374013,0.049370,0.049370,0.324643,0.000000,4,0,1,0,20,36,24,59.000000,82.666700,217.667000,0.868343,0.150784,0.133036,0.014809,0.003894,0.003816,0.014809,4,4,0,fixed,4,4,0,0
1,multi_greedy,4,1,47,2,2,2,1.260103,217.667000,0.157513,24,0.324643,39,0,2,0,0.324643,0.374013,0.049370,0.049370,0.324643,0.000000,4,0,1,0,20,36,24,59.000000,82.666700,217.667000,0.868343,0.145097,0.133846,0.014379,0.002894,0.003894,0.014379,4,4,0,fixed,4,4,0,0
1,multi_greedy,4,1,48,0,0,4,0.000000,59.000000,0.677966,20,0.324643,39,0,0,0,0.324643,0.374013,0.049370,0.049370,0.324643,0.000000,4,0,1,-1,20,36,24,59.000000,82.666700,217.667000,0.677966,0.483871,0.183767,0.003894,-0.000271,-0.003350,0.000000,4,4,0,fixed,4,4,0,0
1,multi_greedy,4,1,49,1,1,2,1.311502,82.666700,0.163938,36,0.324643,39,0,1,0,0.324643,0.374013,0.049370,0.049370,0.324643,0.000000,4,0,1,0,20,36,24,59.000000,82.666700,217.667000,0.868343,0.147989,0.133036,0.014985,0.003894,0.003980,0.014985,4,4,0,fixed,4,4,0,0
1,multi_greedy,4,1,50,0,0,4,0.000000,59.000000,0.677966,20,0.324643,39,0,0,0,0.324643,0.374013,0.049370,0.049370,0.324643,0.000000,4,0,1,-1,20,36,24,59.000000,82.666700,217.667000,0.677966,0.483871,0.183767,0.003894,-0.000271,-0.003350,0.000000,4,4,0,fixed,4,4,0,0
1,multi_greedy,4,1,51,1,1,2,1.308218,82.666700,0.163527,36,0.324643,39,0,1,0,0.324643,0.374013,0.049370,0.049370,0.324643,0.000000,4,0,1,0,20,36,24,59.000000,82.666700,217.667000,0.868343,0.148020,0.133036,0.014983,0.003894,0.003978,0.014983,4,4,0,fixed,4,4,0,0
1,multi_greedy,4,1,52,1,1,1,2.598155,82.666700,0.866052,36,0.324643,39,0,1,0,0.324643,0.374013,0.049370,0.049370,0.324643,0.000000,4,0,1,-1,20,36,24,59.000000,82.666700,217.667000,2.315581,0.871082,0.694423,0.008294,0.003894,0.004824,0.008294,4,4,0,fixed,4,4,0,0
1,multi_greedy,4,1,53,1,1,2,1.097265,82.666700,0.137158,36,0.324643,39,0,1,0,0.324643,0.374013,0.049370,0.049370,0.324643,0.000000,4,0,1,0,20,36,24,59.000000,82.666700,217.667000,0.868343,0.150049,0.133036,0.014855,0.003894,0.003859,0.014855,4,4,0,fixed,4,4,0,0
1,multi_greedy,4,1,54,1,1,4,0.000000,82.666700,0.483871,36,0.324643,39,0,1,0,0.324643,0.374013,0.049370,0.049370,0.324643,0.000000,4,0,1,0,20,36,24,59.000000,82.666700,217.667000,0.677966,0.483871,0.183767,0.008166,0.003894,0.000735,0.008166,4,4,0,fixed,4,4,0,0
1,multi_greedy,4,1,55,0,0,2,7.293898,59.000000,0.911737,20,0.324643,39,0,0,0,0.324643,0.374013,0.049370,0.049370,0.324643,0.000000,4,0,1,-1,20,36,24,59.000000,82.666700,217.667000,0.911765,0.145097,0.133036,0.003894,-0.007042,-0.006554,0.000000,4,4,0,fixed,4,4,0,0
1,multi_greedy,4,1,56,0,0,4,0.000000,59.000000,0.677966,20,0.324643,39,0,0,0,0.324643,0.374013,0.049370,0.049370,0.324643,0.000000,4,0,1,-1,20,36,24,59.000000,82.666700,217.667000,0.677966,0.483871,0.183767,0.003894,-0.000271,-0.003350,0.000000,4,4,0,fixed,4,4,0,0
1,multi_greedy,4,1,57,2,2,3,0.000000,217.667000,0.459417,24,0.324643,39,0,2,0,0.324643,0.374013,0.049370,0.049370,0.324643,0.000000,4,0,1,0,20,36,24,59.000000,82.666700,217.667000,1.694915,1.209677,0.459417,0.008143,0.004351,0.003894,0.008143,4,4,0,fixed,4,4,0,0
1,multi_greedy,4,1,58,1,1,1,2.066985,82.666700,0.688995,36,0.324643,39,0,1,0,0.324643,0.374013,0.049370,0.049370,0.324643,0.000000,4,0,1,-1,20,36,24,59.000000,82.666700,217.667000,2.315581,0.896376,0.694423,0.008250,0.003894,0.004781,0.008250,4,4,0,fixed,4,4,0,0
1,multi_greedy,4,1,59,1,1,4,0.000000,82.666700,0.483871,36,0.324643,39,0,1,0,0.324643,0.374013,0.049370,0.049370,0.324643,0.000000,4,0,1,0,20,36,24,59.000000,82.666700,217.667000,0.677966,0.483871,0.183767,0.008166,0.003894,0.000735,0.008166,4,4,0,fixed,4,4,0,0
1,multi_greedy,4,1,60,1,1,3,0.000000,82.666700,1.209677,36,0.324643,39,0,1,0,0.324643,0.374013,0.049370,0.049370,0.324643,0.000000,4,0,1,1,20,36,24,59.000000,82.666700,217.667000,1.694915,1.209677,0.459417,0.007675,0.003894,0.003437,0.007675,4,4,0,fixed,4,4,0,0
1,multi_greedy,4,1,61,1,1,4,0.000000,82.666700,0.483871,36,0.324643,39,0,1,0,0.324643,0.374013,0.049370,0.049370,0.324643,0.000000,4,0,1,0,20,36,24,59.000000,82.666700,217.667000,0.677966,0.483871,0.183767,0.008166,0.003894,0.000735,0.008166,4,4,0,fixed,4,4,0,0
1,multi_greedy,4,1,62,0,0,3,0.000000,59.000000,1.694915,20,0.324643,39,0,0,0,0.324643,0.374013,0.049370,0.049370,0.324643,0.000000,4,0,1,-1,20,36,24,59.000000,82.666700,217.667000,1.694915,1.209677,0.459417,0.003894,0.000197,-0.000249,0.000197,4,4,0,fixed,4,4,0,0
1,multi_greedy,4,1,63,0,0,2,7.293898,59.000000,0.911737,20,0.324643,39,0,0,0,0.324643,0.374013,0.049370,0.049370,0.324643,0.000000,4,0,1,-1,20,36,24,59.000000,82.666700,217.667000,0.911765,0.145097,0.133036,0.003894,-0.007042,-0.006554,0.000000,4,4,0,fixed,4,4,0,0
1,multi_greedy,4,1,64,1,1,4,0.000000,82.666700,0.483871,36,0.324643,39,0,1,0,0.324643,0.374013,0.049370,0.049370,0.324643,0.000000,4,0,1,0,20,36,24,59.000000,82.666700,217.667000,0.677966,0.483871,0.183767,0.008166,0.003894,0.000735,0.008166,4,4,0,fixed,4,4,0,0
1,multi_greedy,4,1,65,1,1,2,0.925672,82.666700,0.115709,36,0.324643,39,0,1,0,0.324643,0.374013,0.049370,0.049370,0.324643,0.000000,4,0,1,0,20,36,24,59.000000,82.666700,217.667000,0.868343,0.151699,0.133036,0.014753,0.003894,0.003764,0.014753,4,4,0,fixed,4,4,0,0
1,multi_greedy,4,1,66,2,2,4,0.000000,217.667000,0.183767,24,0.324643,39,0,2,0,0.324643,0.374013,0.049370,0.049370,0.324643,0.000000,4,0,1,0,20,36,24,59.000000,82.666700,217.667000,0.677966,0.483871,0.183767,0.011471,0.007114,0.003894,0.011471,4,4,0,fixed,4,4,0,0
1,multi_greedy,4,1,67,2,2,4,0.000000,217.667000,0.183767,24,0.324643,39,0,2,0,0.324643,0.374013,0.049370,0.049370,0.324643,0.000000,4,0,1,0,20,36,24,59.000000,82.666700,217.667000,0.677966,0.483871,0.183767,0.011471,0.007114,0.003894,0.011471,4,4,0,fixed,4,4,0,0
1,multi_greedy,4,1,68,0,0,2,7.294991,59.000000,0.911874,20,0.324643,39,0,0,0,0.324643,0.374013,0.049370,0.049370,0.324643,0.000000,4,0,1,-1,20,36,24,59.000000,82.666700,217.667000,0.911737,0.145097,0.133036,0.003894,-0.007042,-0.006554,0.000000,4,4,0,fixed,4,4,0,0
1,multi_greedy,4,1,69,0,0,4,0.000000,59.000000,0.677966,20,0.324643,39,0,0,0,0.324643,0.374013,0.049370,0.049370,0.324643,0.000000,4,0,1,-1,20,36,24,59.000000,82.666700,217.667000,0.677966,0.483871,0.183767,0.003894,-0.000271,-0.003350,0.000000,4,4,0,fixed,4,4,0,0
1,multi_greedy,4,1,70,2,2,1,2.352266,217.667000,0.784089,24,0.324643,39,0,2,0,0.324643,0.374013,0.049370,0.049370,0.324643,0.000000,4,0,1,-1,20,36,24,59.000000,82.666700,217.667000,2.315581,0.846928,0.711211,0.007217,0.002758,0.003894,0.007217,4,4,0,fixed,4,4,0,0
1,multi_greedy,4,1,71,2,2,3,0.000000,217.667000,0.459417,24,0.324643,39,0,2,0,0.324643,0.374013,0.049370,0.049370,0.324643,0.000000,4,0,1,0,20,36,24,59.000000,82.666700,217.667000,1.694915,1.209677,0.459417,0.008143,0.004351,0.003894,0.008143,4,4,0,fixed,4,4,0,0
1,multi_greedy,4,1,72,2,2,1,2.471971,217.667000,0.823990,24,0.324643,39,0,2,0,0.324643,0.374013,0.049370,0.049370,0.324643,0.000000,4,0,1,-1,20,36,24,59.000000,82.666700,217.667000,2.315581,0.846928,0.703231,0.007238,0.002778,0.003894,0.007238,4,4,0,fixed,4,4,0,0
1,multi_greedy,4,1,73,2,2,1,2.399756,217.667000,0.799919,24,0.324643,39,0,2,0,0.324643,0.374013,0.049370,0.049370,0.324643,0.000000,4,0,1,-1,20,36,24,59.000000,82.666700,217.667000,2.315581,0.846928,0.708045,0.007225,0.002766,0.003894,0.007225,4,4,0,fixed,4,4,0,0
1,multi_greedy,4,1,74,2,2,1,2.285125,217.667000,0.761708,24,0.324643,39,0,2,0,0.324643,0.374013,0.049370,0.049370,0.324643,0.000000,4,0,1,-1,20,36,24,59.000000,82.666700,217.667000,2.315581,0.846928,0.715687,0.007205,0.002746,0.003894,0.007205,4,4,0,fixed,4,4,0,0
1,multi_greedy,4,1,75,1,1,2,1.313682,82.666700,0.164210,36,0.324643,39,0,0,1,0.324643,0.374013,0.049370,0.049370,0.324643,0.000000,4,0,1,0,20,36,24,59.000000,82.666700,217.667000,0.868343,0.147968,0.133036,0.014986,0.003894,0.003982,0.014986,4,4,0,fixed,4,4,0,0
1,multi_greedy,4,1,76,1,1,1,2.599302,82.666700,0.866434,36,0.324643,39,0,1,0,0.324643,0.374013,0.049370,0.049370,0.324643,0.000000,4,0,1,-1,20,36,24,59.000000,82.666700,217.667000,2.315581,0.871028,0.694423,0.008294,0.003894,0.004824,0.008294,4,4,0,fixed,4,4,0,0
1,multi_greedy,4,1,77,1,1,3,0.000000,82.666700,1.209677,36,0.324643,39,0,1,0,0.324643,0.374013,0.049370,0.049370,0.324643,0.000000,4,0,1,1,20,36,24,59.000000,82.666700,217.667000,1.694915,1.209677,0.459417,0.007675,0.003894,0.003437,0.007675,4,4,0,fixed,4,4,0,0
1,multi_greedy,4,1,78,2,2,2,1.260091,217.667000,0.157511,24,0.324643,39,0,2,0,0.324643,0.374013,0.049370,0.049370,0.324643,0.000000,4,0,1,0,20,36,24,59.000000,82.666700,217.667000,0.868343,0.145097,0.133846,0.014379,0.002893,0.003894,0.014379,4,4,0,fixed,4,4,0,0
1,multi_greedy,4,1,79,1,1,2,0.923450,82.666700,0.115431,36,0.324643,39,0,1,0,0.324643,0.374013,0.049370,0.049370,0.324643,0.000000,4,0,1,0,20,36,24,59.000000,82.666700,217.667000,0.868343,0.151720,0.133036,0.014752,0.003894,0.003762,0.014752,4,4,0,fixed,4,4,0,0
1,multi_greedy,4,1,80,0,0,2,7.296084,59.000000,0.912011,20,0.324643,39,0,0,0,0.324643,0.374013,0.049370,0.049370,0.324643,0.000000,4,0,1,-1,20,36,24,59.000000,82.666700,217.667000,0.911710,0.145097,0.133036,0.003894,-0.007042,-0.006554,0.000000,4,4,0,fixed,4,4,0,0
1,multi_greedy,4,2,1,2,2,4,0.000000,54.166700,0.738461,23,0.406865,26,0,2,0,0.406865,0.506808,0.099943,0.099943,0.406865,0.082222,4,23,1,-1,24,33,23,90.666700,78.666700,54.166700,0.441176,0.508474,0.738461,0.002090,-0.001135,0.000302,0.002090,4,4,0,fixed,4,4,0,0
1,multi_greedy,4,2,2,1,1,2,1.296236,78.666700,0.162029,33,0.406865,26,0,1,0,0.406865,0.506808,0.099943,0.099943,0.406865,0.082222,4,23,1,0,24,33,23,90.666700,78.666700,54.166700,0.917319,0.162007,0.086930,0.014788,0.000302,-0.010656,0.014788,4,4,0,fixed,4,4,0,0
1,multi_greedy,4,2,3,0,0,2,7.632748,90.666700,0.954094,24,0.406865,26,0,0,0,0.406865,0.506808,0.099943,0.099943,0.406865,0.082222,4,23,1,-1,24,33,23,90.666700,78.666700,54.166700,0.955701,0.157244,0.086930,0.000302,-0.014113,-0.023634,0.000000,4,4,0,fixed,4,4,0,0
1,multi_greedy,4,2,4,1,1,1,3.248661,78.666700,1.082887,33,0.406865,26,0,1,0,0.406865,0.506808,0.099943,0.099943,0.406865,0.082222,4,23,1,1,24,33,23,90.666700,78.666700,54.166700,2.446183,1.033604,0.862798,0.005304,0.000302,0.000018,0.005304,4,4,0,fixed,4,4,0,0
1,multi_greedy,4,2,5,1,1,2,1.296107,78.666700,0.162013,33,0.406865,26,0,1,0,0.406865,0.506808,0.099943,0.099943,0.406865,0.082222,4,23,1,0,24,33,23,90.666700,78.666700,54.166700,0.917319,0.162008,0.086930,0.014788,0.000302,-0.010656,0.014788,4,4,0,fixed,4,4,0,0
1,multi_greedy,4,2,6,2,2,4,0.000000,54.166700,0.738461,23,0.406865,26,0,2,0,0.406865,0.506808,0.099943,0.099943,0.406865,0.082222,4,23,1,-1,24,33,23,90.666700,78.666700,54.166700,0.441176,0.508474,0.738461,0.002090,-0.001135,0.000302,0.002090,4,4,0,fixed,4,4,0,0
1,multi_greedy,4,2,7,0,0,3,0.000000,90.666700,1.102941,24,0.406865,26,0,0,0,0.406865,0.506808,0.099943,0.099943,0.406865,0.082222,4,23,1,-1,24,33,23,90.666700,78.666700,54.166700,1.102941,1.271186,1.846153,0.000302,-0.003261,-0.002591,0.000000,4,4,0,fixed,4,4,0,0
1,multi_greedy,4,2,8,1,1,3,0.000000,78.666700,1.271186,33,0.406865,26,0,1,0,0.406865,0.506808,0.099943,0.099943,0.406865,0.082222,4,23,1,1,24,33,23,90.666700,78.666700,54.166700,1.102941,1.271186,1.846153,0.003929,0.000302,0.000984,0.003929,4,4,0,fixed,4,4,0,0
1,multi_greedy,4,2,9,2,2,2,0.715877,54.166700,0.089485,23,0.406865,26,1,0,1,0.406865,0.506808,0.099943,0.099943,0.406865,0.082222,4,23,1,0,24,33,23,90.666700,78.666700,54.166700,0.917319,0.157244,0.091118,0.024866,0.008882,0.000302,0.024866,4,4,0,fixed,4,4,0,0
1,multi_greedy,4,2,10,1,1,1,3.141282,78.666700,1.047094,33,0.406865,26,0,1,0,0.406865,0.506808,0.099943,0.099943,0.406865,0.082222,4,23,1,1,24,33,23,90.666700,78.666700,54.166700,2.446183,1.038717,0.862798,0.005294,0.000302,0.000008,0.005294,4,4,0,fixed,4,4,0,0
1,multi_greedy,4,2,11,2,2,4,0.000000,54.166700,0.738461,23,0.406865,26,0,2,0,0.406865,0.506808,0.099943,0.099943,0.406865,0.082222,4,23,1,-1,24,33,23,90.666700,78.666700,54.166700,0.441176,0.508474,0.738461,0.002090,-0.001135,0.000302,0.002090,4,4,0,fixed,4,4,0,0
1,multi_greedy,4,2,12,1,1,3,0.000000,78.666700,1.271186,33,0.406865,26,0,1,0,0.406865,0.506808,0.099943,0.099943,0.406865,0.082222,4,23,1,1,24,33,23,90.666700,78.666700,54.166700,1.102941,1.271186,1.846153,0.003929,0.000302,0.000984,0.003929,4,4,0,fixed,4,4,0,0
1,multi_greedy,4,2,13,0,0,4,0.000000,90.666700,0.441176,24,0.406865,26,0,0,0,0.406865,0.506808,0.099943,0.099943,0.406865,0.082222,4,23,1,0,24,33,23,90.666700,78.666700,54.166700,0.441176,0.508474,0.738461,0.000302,-0.002894,-0.001469,0.000000,4,4,0,fixed,4,4,0,0
1,multi_greedy,4,2,14,2,2,2,0.728969,54.166700,0.091121,23,0.406865,26,0,0,1,0.406865,0.506808,0.099943,0.099943,0.406865,0.082222,4,23,1,0,24,33,23,90.666700,78.666700,54.166700,0.917319,0.157244,0.090573,0.025013,0.009018,0.000302,0.025013,4,4,0,fixed,4,4,0,0
1,multi_greedy,4,2,15,0,0,3,0.000000,90.666700,1.102941,24,0.406865,26,0,0,0,0.406865,0.506808,0.099943,0.099943,0.406865,0.082222,4,23,1,-1,24,33,23,90.666700,78.666700,54.166700,1.102941,1.271186,1.846153,0.000302,-0.003261,-0.002591,0.000000,4,4,0,fixed,4,4,0,0
1,multi_greedy,4,2,16,2,2,3,0.000000,54.166700,1.846153,23,0.406865,26,0,2,0,0.406865,0.506808,0.099943,0.099943,0.406865,0.082222,4,23,1,-1,24,33,23,90.666700,78.666700,54.166700,1.102941,1.271186,1.846153,0.003238,-0.000377,0.000302,0.003238,4,4,0,fixed,4,4,0,0
1,multi_greedy,4,2,17,2,2,3,0.000000,54.166700,1.846153,23,0.406865,26,0,2,0,0.406865,0.506808,0.099943,0.099943,0.406865,0.082222,4,23,1,-1,24,33,23,90.666700,78.666700,54.166700,1.102941,1.271186,1.846153,0.003238,-0.000377,0.000302,0.003238,4,4,0,fixed,4,4,0,0
1,multi_greedy,4,2,18,2,2,4,0.000000,54.166700,0.738461,23,0.406865,26,0,2,0,0.406865,0.506808,0.099943,0.099943,0.406865,0.082222,4,23,1,-1,24,33,23,90.666700,78.666700,54.166700,0.441176,0.508474,0.738461,0.002090,-0.001135,0.000302,0.002090,4,4,0,fixed,4,4,0,0
1,multi_greedy,4,2,19,0,0,4,0.000000,90.666700,0.441176,24,0.406865,26,0,0,0,0.406865,0.506808,0.099943,0.099943,0.406865,0.082222,4,23,1,0,24,33,23,90.666700,78.666700,54.166700,0.441176,0.508474,0.738461,0.000302,-0.002894,-0.001469,0.000000,4,4,0,fixed,4,4,0,0
1,multi_greedy,4,2,20,1,1,2,1.296283,78.666700,0.162035,33,0.406865,26,0,1,0,0.406865,0.506808,0.099943,0.099943,0.406865,0.082222,4,23,1,0,24,33,23,90.666700,78.666700,54.166700,0.917319,0.162006,0.086930,0.014788,0.000302,-0.010656,0.014788,4,4,0,fixed,4,4,0,0
1,multi_greedy,4,2,21,0,0,4,0.000000,90.666700,0.441176,24,0.406865,26,0,0,0,0.406865,0.506808,0.099943,0.099943,0.406865,0.082222,4,23,1,0,24,33,23,90.666700,78.666700,54.166700,0.441176,0.508474,0.738461,0.000302,-0.002894,-0.001469,0.000000,4,4,0,fixed,4,4,0,0
1,multi_greedy,4,2,22,1,1,3,0.000000,78.666700,1.271186,33,0.406865,26,0,1,0,0.406865,0.506808,0.099943,0.099943,0.406865,0.082222,4,23,1,1,24,33,23,90.666700,78.666700,54.166700,1.102941,1.271186,1.846153,0.003929,0.000302,0.000984,0.003929,4,4,0,fixed,4,4,0,0
1,multi_greedy,4,2,23,1,1,1,2.830080,78.666700,0.943360,33,0.406865,26,0,1,0,0.406865,0.506808,0.099943,0.099943,0.406865,0.082222,4,23,1,-1,24,33,23,90.666700,78.666700,54.166700,2.446183,1.053536,0.862798,0.005266,0.000302,-0.000019,0.005266,4,4,0,fixed,4,4,0,0
1,multi_greedy,4,2,24,1,1,4,0.000000,78.666700,0.508474,33,0.406865,26,0,1,0,0.406865,0.506808,0.099943,0.099943,0.406865,0.082222,4,23,1,-1,24,33,23,90.666700,78.666700,54.166700,0.441176,0.508474,0.738461,0.003550,0.000302,0.001750,0.003550,4,4,0,fixed,4,4,0,0
1,multi_greedy,4,2,25,2,2,1,3.224050,54.166700,1.074683,23,0.406865,26,0,2,0,0.406865,0.506808,0.099943,0.099943,0.406865,0.082222,4,23,1,-1,24,33,23,90.666700,78.666700,54.166700,2.446183,1.009183,0.865437,0.005481,0.000366,0.000302,0.005481,4,4,0,fixed,4,4,0,0
1,multi_greedy,4,2,26,1,1,3,0.000000,78.666700,1.271186,33,0.406865,26,0,1,0,0.406865,0.506808,0.099943,0.099943,0.406865,0.082222,4,23,1,1,24,33,23,90.666700,78.666700,54.166700,1.102941,1.271186,1.846153,0.003929,0.000302,0.000984,0.003929,4,4,0,fixed,4,4,0,0
1,multi_greedy,4,2,27,1,1,1,3.039418,78.666700,1.013139,33,0.406865,26,0,1,0,0.406865,0.506808,0.099943,0.099943,0.406865,0.082222,4,23,1,1,24,33,23,90.666700,78.666700,54.166700,2.446183,1.043567,0.862798,0.005285,0.000302,-0.000001,0.005285,4,4,0,fixed,4,4,0,0
1,multi_greedy,4,2,28,0,0,2,7.629457,90.666700,0.953682,24,0.406865,26,0,0,0,0.406865,0.506808,0.099943,0.099943,0.406865,0.082222,4,23,1,-1,24,33,23,90.666700,78.666700,54.166700,0.955747,0.157244,0.086930,0.000302,-0.014113,-0.023634,0.000000,4,4,0,fixed,4,4,0,0
1,multi_greedy,4,2,29,2,2,1,3.105376,54.166700,1.035125,23,0.406865,26,0,2,0,0.406865,0.506808,0.099943,0.099943,0.406865,0.082222,4,23,1,-1,24,33,23,90.666700,78.666700,54.166700,2.446183,1.009183,0.873348,0.005460,0.000346,0.000302,0.005460,4,4,0,fixed,4,4,0,0
1,multi_greedy,4,2,30,2,2,4,0.000000,54.166700,0.738461,23,0.406865,26,0,2,0,0.406865,0.506808,0.099943,0.099943,0.406865,0.082222,4,23,1,-1,24,33,23,90.666700,78.666700,54.166700,0.441176,0.508474,0.738461,0.002090,-0.001135,0.000302,0.002090,4,4,0,fixed,4,4,0,0
1,multi_greedy,4,2,31,1,1,2,1.296141,78.666700,0.162018,33,0.406865,26,0,1,0,0.406865,0.506808,0.099943,0.099943,0.406865,0.082222,4,23,1,0,24,33,23,90.666700,78.666700,54.166700,0.917319,0.162008,0.086930,0.014788,0.000302,-0.010656,0.014788,4,4,0,fixed,4,4,0,0
1,multi_greedy,4,2,32,0,0,4,0.000000,90.666700,0.441176,24,0.406865,26,0,0,0,0.406865,0.506808,0.099943,0.099943,0.406865,0.082222,4,23,1,0,24,33,23,90.666700,78.666700,54.166700,0.441176,0.508474,0.738461,0.000302,-0.002894,-0.001469,0.000000,4,4,0,fixed,4,4,0,0
1,multi_greedy,4,2,33,1,1,2,1.298303,78.666700,0.162288,33,0.406865,26,0,1,0,0.406865,0.506808,0.099943,0.099943,0.406865,0.082222,4,23,1,0,24,33,23,90.666700,78.666700,54.166700,0.917319,0.161981,0.086930,0.014790,0.000302,-0.010654,0.014790,4,4,0,fixed,4,4,0,0
1,multi_greedy,4,2,34,0,0,4,0.000000,90.666700,0.441176,24,0.406865,26,0,0,0,0.406865,0.506808,0.099943,0.099943,0.406865,0.082222,4,23,1,0,24,33,23,90.666700,78.666700,54.166700,0.441176,0.508474,0.738461,0.000302,-0.002894,-0.001469,0.000000,4,4,0,fixed,4,4,0,0
1,multi_greedy,4,2,35,2,2,3,0.000000,54.166700,1.846153,23,0.406865,26,0,2,0,0.406865,0.506808,0.099943,0.099943,0.406865,0.082222,4,23,1,-1,24,33,23,90.666700,78.666700,54.166700,1.102941,1.271186,1.846153,0.003238,-0.000377,0.000302,0.003238,4,4,0,fixed,4,4,0,0
1,multi_greedy,4,2,36,0,0,4,0.000000,90.666700,0.441176,24,0.406865,26,0,0,0,0.406865,0.506808,0.099943,0.099943,0.406865,0.082222,4,23,1,0,24,33,23,90.666700,78.666700,54.166700,0.441176,0.508474,0.738461,0.000302,-0.002894,-0.001469,0.000000,4,4,0,fixed,4,4,0,0
1,multi_greedy,4,2,37,1,1,4,0.000000,78.666700,0.508474,33,0.406865,26,0,1,0,0.406865,0.506808,0.099943,0.099943,0.406865,0.082222,4,23,1,-1,24,33,23,90.666700,78.666700,54.166700,0.441176,0.508474,0.738461,0.003550,0.000302,0.001750,0.003550,4,4,0,fixed,4,4,0,0
1,multi_greedy,4,2,38,2,2,3,0.000000,54.166700,1.846153,23,0.406865,26,0,2,0,0.406865,0.506808,0.099943,0.099943,0.406865,0.082222,4,23,1,-1,24,33,23,90.666700,78.666700,54.166700,1.102941,1.271186,1.846153,0.003238,-0.000377,0.000302,0.003238,4,4,0,fixed,4,4,0,0
1,multi_greedy,4,2,39,0,0,2,7.609771,90.666700,0.951221,24,0.406865,26,0,0,0,0.406865,0.506808,0.099943,0.099943,0.406865,0.082222,4,23,1,-1,24,33,23,90.666700,78.666700,54.166700,0.956020,0.157244,0.086930,0.000302,-0.014113,-0.023634,0.000000,4,4,0,fixed,4,4,0,0
1,multi_greedy,4,2,40,1,1,1,2.831468,78.666700,0.943823,33,0.406865,26,0,1,0,0.406865,0.506808,0.099943,0.099943,0.406865,0.082222,4,23,1,-1,24,33,23,90.666700,78.666700,54.166700,2.446183,1.053470,0.862798,0.005266,0.000302,-0.000019,0.005266,4,4,0,fixed,4,4,0,0
1,multi_greedy,4,2,41,0,0,2,7.629457,90.666700,0.953682,24,0.406865,26,0,0,0,0.406865,0.506808,0.099943,0.099943,0.406865,0.082222,4,23,1,-1,24,33,23,90.666700,78.666700,54.166700,0.955747,0.157244,0.086930,0.000302,-0.014113,-0.023634,0.000000,4,4,0,fixed,4,4,0,0
1,multi_greedy,4,2,42,1,1,4,0.000000,78.666700,0.508474,33,0.406865,26,0,1,0,0.406865,0.506808,0.099943,0.099943,0.406865,0.082222,4,23,1,-1,24,33,23,90.666700,78.666700,54.166700,0.441176,0.508474,0.738461,0.003550,0.000302,0.001750,0.003550,4,4,0,fixed,4,4,0,0
1,multi_greedy,4,2,43,0,0,2,7.815242,90.666700,0.976905,24,0.406865,26,0,0,0,0.406865,0.506808,0.099943,0.099943,0.406865,0.082222,4,23,1,-1,24,33,23,90.666700,78.666700,54.166700,0.953166,0.157244,0.086930,0.000302,-0.014108,-0.023629,0.000000,4,4,0,fixed,4,4,0,0
1,multi_greedy,4,2,44,0,0,4,0.000000,90.666700,0.441176,24,0.406865,26,0,0,0,0.406865,0.506808,0.099943,0.099943,0.406865,0.082222,4,23,1,0,24,33,23,90.666700,78.666700,54.166700,0.441176,0.508474,0.738461,0.000302,-0.002894,-0.001469,0.000000,4,4,0,fixed,4,4,0,0
1,multi_greedy,4,2,45,1,1,3,0.000000,78.666700,1.271186,33,0.406865,26,0,1,0,0.406865,0.506808,0.099943,0.099943,0.406865,0.082222,4,23,1,1,24,33,23,90.666700,78.666700,54.166700,1.102941,1.271186,1.846153,0.003929,0.000302,0.000984,0.003929,4,4,0,fixed,4,4,0,0
1,multi_greedy,4,2,46,1,1,2,1.298380,78.666700,0.162298,33,0.406865,26,0,1,0,0.406865,0.506808,0.099943,0.099943,0.406865,0.082222,4,23,1,0,24,33,23,90.666700,78.666700,54.166700,0.917319,0.161980,0.086930,0.014791,0.000302,-0.010654,0.014791,4,4,0,fixed,4,4,0,0
1,multi_greedy,4,2,47,2,2,2,0.728963,54.166700,0.091120,23,0.406865,26,0,0,1,0.406865,0.506808,0.099943,0.099943,0.406865,0.082222,4,23,1,0,24,33,23,90.666700,78.666700,54.166700,0.917319,0.157244,0.090573,0.025013,0.009018,0.000302,0.025013,4,4,0,fixed,4,4,0,0
1,multi_greedy,4,2,48,0,0,4,0.000000,90.666700,0.441176,24,0.406865,26,0,0,0,0.406865,0.506808,0.099943,0.099943,0.406865,0.082222,4,23,1,0,24,33,23,90.666700,78.666700,54.166700,0.441176,0.508474,0.738461,0.000302,-0.002894,-0.001469,0.000000,4,4,0,fixed,4,4,0,0
1,multi_greedy,4,2,49,1,1,2,1.298334,78.666700,0.162292,33,0.406865,26,0,1,0,0.406865,0.506808,0.099943,0.099943,0.406865,0.082222,4,23,1,0,24,33,23,90.666700,78.666700,54.166700,0.917319,0.161980,0.086930,0.014791,0.000302,-0.010654,0.014791,4,4,0,fixed,4,4,0,0
1,multi_greedy,4,2,50,0,0,4,0.000000,90.666700,0.441176,24,0.406865,26,0,0,0,0.406865,0.506808,0.099943,0.099943,0.406865,0.082222,4,23,1,0,24,33,23,90.666700,78.666700,54.166700,0.441176,0.508474,0.738461,0.000302,-0.002894,-0.001469,0.000000,4,4,0,fixed,4,4,0,0
1,multi_greedy,4,2,51,1,1,2,1.283037,78.666700,0.160380,33,0.406865,26,0,1,0,0.406865,0.506808,0.099943,0.099943,0.406865,0.082222,4,23,1,0,24,33,23,90.666700,78.666700,54.166700,0.917319,0.162172,0.086930,0.014775,0.000302,-0.010668,0.014775,4,4,0,fixed,4,4,0,0
1,multi_greedy,4,2,52,1,1,1,3.121854,78.666700,1.040618,33,0.406865,26,0,1,0,0.406865,0.506808,0.099943,0.099943,0.406865,0.082222,4,23,1,1,24,33,23,90.666700,78.666700,54.166700,2.446183,1.039642,0.862798,0.005292,0.000302,0.000007,0.005292,4,4,0,fixed,4,4,0,0
1,multi_greedy,4,2,53,1,1,2,1.298409,78.666700,0.162301,33,0.406865,26,0,1,0,0.406865,0.506808,0.099943,0.099943,0.406865,0.082222,4,23,1,0,24,33,23,90.666700,78.666700,54.166700,0.917319,0.161980,0.086930,0.014791,0.000302,-0.010654,0.014791,4,4,0,fixed,4,4,0,0
1,multi_greedy,4,2,54,1,1,4,0.000000,78.666700,0.508474,33,0.406865,26,0,1,0,0.406865,0.506808,0.099943,0.099943,0.406865,0.082222,4,23,1,-1,24,33,23,90.666700,78.666700,54.166700,0.441176,0.508474,0.738461,0.003550,0.000302,0.001750,0.003550,4,4,0,fixed,4,4,0,0
1,multi_greedy,4,2,55,0,0,2,7.628364,90.666700,0.953545,24,0.406865,26,0,0,0,0.406865,0.506808,0.099943,0.099943,0.406865,0.082222,4,23,1,-1,24,33,23,90.666700,78.666700,54.166700,0.955762,0.157244,0.086930,0.000302,-0.014113,-0.023634,0.000000,4,4,0,fixed,4,4,0,0
1,multi_greedy,4,2,56,0,0,4,0.000000,90.666700,0.441176,24,0.406865,26,0,0,0,0.406865,0.506808,0.099943,0.099943,0.406865,0.082222,4,23,1,0,24,33,23,90.666700,78.666700,54.166700,0.441176,0.508474,0.738461,0.000302,-0.002894,-0.001469,0.000000,4,4,0,fixed,4,4,0,0
1,multi_greedy,4,2,57,2,2,3,0.000000,54.166700,1.846153,23,0.406865,26,0,2,0,0.406865,0.506808,0.099943,0.099943,0.406865,0.082222,4,23,1,-1,24,33,23,90.666700,78.666700,54.166700,1.102941,1.271186,1.846153,0.003238,-0.000377,0.000302,0.003238,4,4,0,fixed,4,4,0,0
1,multi_greedy,4,2,58,1,1,1,3.554115,78.666700,1.184705,33,0.406865,26,0,1,0,0.406865,0.506808,0.099943,0.099943,0.406865,0.082222,4,23,1,1,24,33,23,90.666700,78.666700,54.166700,2.446183,1.019058,0.862798,0.005332,0.000302,0.000046,0.005332,4,4,0,fixed,4,4,0,0
1,multi_greedy,4,2,59,1,1,4,0.000000,78.666700,0.508474,33,0.406865,26,0,1,0,0.406865,0.506808,0.099943,0.099943,0.406865,0.082222,4,23,1,-1,24,33,23,90.666700,78.666700,54.166700,0.441176,0.508474,0.738461,0.003550,0.000302,0.001750,0.003550,4,4,0,fixed,4,4,0,0
1,multi_greedy,4,2,60,1,1,3,0.000000,78.666700,1.271186,33,0.406865,26,0,1,0,0.406865,0.506808,0.099943,0.099943,0.406865,0.082222,4,23,1,1,24,33,23,90.666700,78.666700,54.166700,1.102941,1.271186,1.846153,0.003929,0.000302,0.000984,0.003929,4,4,0,fixed,4,4,0,0
1,multi_greedy,4,2,61,1,1,4,0.000000,78.666700,0.508474,33,0.406865,26,0,1,0,0.406865,0.506808,0.099943,0.099943,0.406865,0.082222,4,23,1,-1,24,33,23,90.666700,78.666700,54.166700,0.441176,0.508474,0.738461,0.003550,0.000302,0.001750,0.003550,4,4,0,fixed,4,4,0,0
1,multi_greedy,4,2,62,0,0,3,0.000000,90.666700,1.102941,24,0.406865,26,0,0,0,0.406865,0.506808,0.099943,0.099943,0.406865,0.082222,4,23,1,-1,24,33,23,90.666700,78.666700,54.166700,1.102941,1.271186,1.846153,0.000302,-0.003261,-0.002591,0.000000,4,4,0,fixed,4,4,0,0
1,multi_greedy,4,2,63,0,0,2,7.628364,90.666700,0.953545,24,0.406865,26,0,0,0,0.406865,0.506808,0.099943,0.099943,0.406865,0.082222,4,23,1,-1,24,33,23,90.666700,78.666700,54.166700,0.955762,0.157244,0.086930,0.000302,-0.014113,-0.023634,0.000000,4,4,0,fixed,4,4,0,0
1,multi_greedy,4,2,64,1,1,4,0.000000,78.666700,0.508474,33,0.406865,26,0,1,0,0.406865,0.506808,0.099943,0.099943,0.406865,0.082222,4,23,1,-1,24,33,23,90.666700,78.666700,54.166700,0.441176,0.508474,0.738461,0.003550,0.000302,0.001750,0.003550,4,4,0,fixed,4,4,0,0
1,multi_greedy,4,2,65,1,1,2,1.298352,78.666700,0.162294,33,0.406865,26,0,1,0,0.406865,0.506808,0.099943,0.099943,0.406865,0.082222,4,23,1,0,24,33,23,90.666700,78.666700,54.166700,0.917319,0.161980,0.086930,0.014791,0.000302,-0.010654,0.014791,4,4,0,fixed,4,4,0,0
1,multi_greedy,4,2,66,2,2,4,0.000000,54.166700,0.738461,23,0.406865,26,0,2,0,0.406865,0.506808,0.099943,0.099943,0.406865,0.082222,4,23,1,-1,24,33,23,90.666700,78.666700,54.166700,0.441176,0.508474,0.738461,0.002090,-0.001135,0.000302,0.002090,4,4,0,fixed,4,4,0,0
1,multi_greedy,4,2,67,2,2,4,0.000000,54.166700,0.738461,23,0.406865,26,0,2,0,0.406865,0.506808,0.099943,0.099943,0.406865,0.082222,4,23,1,-1,24,33,23,90.666700,78.666700,54.166700,0.441176,0.508474,0.738461,0.002090,-0.001135,0.000302,0.002090,4,4,0,fixed,4,4,0,0
1,multi_greedy,4,2,68,0,0,2,7.628364,90.666700,0.953545,24,0.406865,26,0,0,0,0.406865,0.506808,0.099943,0.099943,0.406865,0.082222,4,23,1,-1,24,33,23,90.666700,78.666700,54.166700,0.955762,0.157244,0.086930,0.000302,-0.014113,-0.023634,0.000000,4,4,0,fixed,4,4,0,0
1,multi_greedy,4,2,69,0,0,4,0.000000,90.666700,0.441176,24,0.406865,26,0,0,0,0.406865,0.506808,0.099943,0.099943,0.406865,0.082222,4,23,1,0,24,33,23,90.666700,78.666700,54.166700,0.441176,0.508474,0.738461,0.000302,-0.002894,-0.001469,0.000000,4,4,0,fixed,4,4,0,0
1,multi_greedy,4,2,70,2,2,1,2.685486,54.166700,0.895162,23,0.406865,26,0,2,0,0.406865,0.506808,0.099943,0.099943,0.406865,0.082222,4,23,1,-1,24,33,23,90.666700,78.666700,54.166700,2.446183,1.009183,0.901341,0.005388,0.000275,0.000302,0.005388,4,4,0,fixed,4,4,0,0
1,multi_greedy,4,2,71,2,2,3,0.000000,54.166700,1.846153,23,0.406865,26,0,2,0,0.406865,0.506808,0.099943,0.099943,0.406865,0.082222,4,23,1,-1,24,33,23,90.666700,78.666700,54.166700,1.102941,1.271186,1.846153,0.003238,-0.000377,0.000302,0.003238,4,4,0,fixed,4,4,0,0
1,multi_greedy,4,2,72,2,2,1,2.346265,54.166700,0.782088,23,0.406865,26,0,2,0,0.406865,0.506808,0.099943,0.099943,0.406865,0.082222,4,23,1,-1,24,33,23,90.666700,78.666700,54.166700,2.446183,1.009183,0.923956,0.005332,0.000221,0.000302,0.005332,4,4,0,fixed,4,4,0,0
1,multi_greedy,4,2,73,2,2,1,2.535535,54.166700,0.845178,23,0.406865,26,0,2,0,0.406865,0.506808,0.099943,0.099943,0.406865,0.082222,4,23,1,-1,24,33,23,90.666700,78.666700,54.166700,2.446183,1.009183,0.911338,0.005363,0.000251,0.000302,0.005363,4,4,0,fixed,4,4,0,0
1,multi_greedy,4,2,74,2,2,1,2.308887,54.166700,0.769629,23,0.406865,26,0,2,0,0.406865,0.506808,0.099943,0.099943,0.406865,0.082222,4,23,1,-1,24,33,23,90.666700,78.666700,54.166700,2.446183,1.009183,0.926447,0.005327,0.000216,0.000302,0.005327,4,4,0,fixed,4,4,0,0
1,multi_greedy,4,2,75,0,0,2,7.610876,90.666700,0.951359,24,0.406865,26,0,0,0,0.406865,0.506808,0.099943,0.099943,0.406865,0.082222,4,23,1,-1,24,33,23,90.666700,78.666700,54.166700,0.956005,0.157244,0.086930,0.000302,-0.014113,-0.023634,0.000000,4,4,0,fixed,4,4,0,0
1,multi_greedy,4,2,76,1,1,1,3.187458,78.666700,1.062486,33,0.406865,26,0,1,0,0.406865,0.506808,0.099943,0.099943,0.406865,0.082222,4,23,1,1,24,33,23,90.666700,78.666700,54.166700,2.446183,1.036518,0.862798,0.005298,0.000302,0.000013,0.005298,4,4,0,fixed,4,4,0,0
1,multi_greedy,4,2,77,1,1,3,0.000000,78.666700,1.271186,33,0.406865,26,0,1,0,0.406865,0.506808,0.099943,0.099943,0.406865,0.082222,4,23,1,1,24,33,23,90.666700,78.666700,54.166700,1.102941,1.271186,1.846153,0.003929,0.000302,0.000984,0.003929,4,4,0,fixed,4,4,0,0
1,multi_greedy,4,2,78,2,2,2,0.728911,54.166700,0.091114,23,0.406865,26,0,0,1,0.406865,0.506808,0.099943,0.099943,0.406865,0.082222,4,23,1,0,24,33,23,90.666700,78.666700,54.166700,0.917319,0.157244,0.090575,0.025012,0.009018,0.000302,0.025012,4,4,0,fixed,4,4,0,0
1,multi_greedy,4,2,79,1,1,2,1.297188,78.666700,0.162148,33,0.406865,26,0,1,0,0.406865,0.506808,0.099943,0.099943,0.406865,0.082222,4,23,1,0,24,33,23,90.666700,78.666700,54.166700,0.917319,0.161995,0.086930,0.014789,0.000302,-0.010655,0.014789,4,4,0,fixed,4,4,0,0
1,multi_greedy,4,2,80,0,0,2,7.630574,90.666700,0.953822,24,0.406865,26,0,0,0,0.406865,0.506808,0.099943,0.099943,0.406865,0.082222,4,23,1,-1,24,33,23,90.666700,78.666700,54.166700,0.955731,0.157244,0.086930,0.000302,-0.014113,-0.023634,0.000000,4,4,0,fixed,4,4,0,0
1,multi_greedy,4,3,1,2,2,4,0.000000,54.500000,0.733945,19,0.487016,29,0,2,0,0.487016,0.555590,0.068574,0.068574,0.487016,0.080151,4,59,1,-1,28,33,19,110.333000,80.833300,54.500000,0.362539,0.494846,0.733945,-0.005035,-0.007218,0.000245,0.000000,4,4,0,fixed,4,4,0,0
1,multi_greedy,4,3,2,1,1,2,1.382506,80.833300,0.172813,33,0.487016,29,0,0,1,0.487016,0.555590,0.068574,0.068574,0.487016,0.080151,4,59,1,0,28,33,19,110.333000,80.833300,54.500000,0.685862,0.170173,0.373404,0.017875,0.000245,0.015283,0.017875,4,4,0,fixed,4,4,0,0
1,multi_greedy,4,3,3,0,0,2,5.662297,110.333000,0.707787,28,0.487016,29,0,0,0,0.487016,0.555590,0.068574,0.068574,0.487016,0.080151,4,59,1,-1,28,33,19,110.333000,80.833300,54.500000,0.710555,0.165401,0.373404,0.000245,-0.017435,-0.002466,0.000000,4,4,0,fixed,4,4,0,0
1,multi_greedy,4,3,4,1,1,1,3.072790,80.833300,1.024263,33,0.487016,29,0,1,0,0.487016,0.555590,0.068574,0.068574,0.487016,0.080151,4,59,1,1,28,33,19,110.333000,80.833300,54.500000,1.828966,1.005666,0.995745,0.005980,0.000245,0.005813,0.005980,4,4,0,fixed,4,4,0,0
1,multi_greedy,4,3,5,1,1,2,1.379216,80.833300,0.172402,33,0.487016,29,0,1,0,0.487016,0.555590,0.068574,0.068574,0.487016,0.080151,4,59,1,0,28,33,19,110.333000,80.833300,54.500000,0.685862,0.170214,0.373404,0.017870,0.000245,0.015279,0.017870,4,4,0,fixed,4,4,0,0
1,multi_greedy,4,3,6,2,2,4,0.000000,54.500000,0.733945,19,0.487016,29,0,2,0,0.487016,0.555590,0.068574,0.068574,0.487016,0.080151,4,59,1,-1,28,33,19,110.333000,80.833300,54.500000,0.362539,0.494846,0.733945,-0.005035,-0.007218,0.000245,0.000000,4,4,0,fixed,4,4,0,0
1,multi_greedy,4,3,7,0,0,3,0.000000,110.333000,0.906347,28,0.487016,29,0,0,0,0.487016,0.555590,0.068574,0.068574,0.487016,0.080151,4,59,1,-1,28,33,19,110.333000,80.833300,54.500000,0.906347,1.237114,1.834862,0.000245,-0.003284,0.003113,0.003113,4,4,0,fixed,4,4,0,0
1,multi_greedy,4,3,8,1,1,3,0.000000,80.833300,1.237114,33,0.487016,29,0,1,0,0.487016,0.555590,0.068574,0.068574,0.487016,0.080151,4,59,1,1,28,33,19,110.333000,80.833300,54.500000,0.906347,1.237114,1.834862,0.003825,0.000245,0.006736,0.006736,4,4,0,fixed,4,4,0,0
1,multi_greedy,4,3,9,0,0,2,5.696032,110.333000,0.712004,28,0.487016,29,0,0,0,0.487016,0.555590,0.068574,0.068574,0.487016,0.080151,4,59,1,-1,28,33,19,110.333000,80.833300,54.500000,0.710231,0.165401,0.373404,0.000245,-0.017433,-0.002464,0.000000,4,4,0,fixed,4,4,0,0
1,multi_greedy,4,3,10,1,1,1,3.111185,80.833300,1.037062,33,0.487016,29,0,1,0,0.487016,0.555590,0.068574,0.068574,0.487016,0.080151,4,59,1,1,28,33,19,110.333000,80.833300,54.500000,1.828966,1.003837,0.995745,0.005986,0.000245,0.005819,0.005986,4,4,0,fixed,4,4,0,0
1,multi_greedy,4,3,11,2,2,4,0.000000,54.500000,0.733945,19,0.487016,29,0,2,0,0.487016,0.555590,0.068574,0.068574,0.487016,0.080151,4,59,1,-1,28,33,19,110.333000,80.833300,54.500000,0.362539,0.494846,0.733945,-0.005035,-0.007218,0.000245,0.000000,4,4,0,fixed,4,4,0,0
1,multi_greedy,4,3,12,1,1,3,0.000000,80.833300,1.237114,33,0.487016,29,0,1,0,0.487016,0.555590,0.068574,0.068574,0.487016,0.080151,4,59,1,1,28,33,19,110.333000,80.833300,54.500000,0.906347,1.237114,1.834862,0.003825,0.000245,0.006736,0.006736,4,4,0,fixed,4,4,0,0
1,multi_greedy,4,3,13,0,0,4,0.000000,110.333000,0.362539,28,0.487016,29,0,0,0,0.487016,0.555590,0.068574,0.068574,0.487016,0.080151,4,59,1,0,28,33,19,110.333000,80.833300,54.500000,0.362539,0.494846,0.733945,0.000245,-0.001986,0.005641,0.005641,4,4,0,fixed,4,4,0,0
1,multi_greedy,4,3,14,0,0,2,5.747467,110.333000,0.718433,28,0.487016,29,0,0,0,0.487016,0.555590,0.068574,0.068574,0.487016,0.080151,4,59,1,-1,28,33,19,110.333000,80.833300,54.500000,0.709736,0.165401,0.373404,0.000245,-0.017431,-0.002461,0.000000,4,4,0,fixed,4,4,0,0
1,multi_greedy,4,3,15,0,0,3,0.000000,110.333000,0.906347,28,0.487016,29,0,0,0,0.487016,0.555590,0.068574,0.068574,0.487016,0.080151,4,59,1,-1,28,33,19,110.333000,80.833300,54.500000,0.906347,1.237114,1.834862,0.000245,-0.003284,0.003113,0.003113,4,4,0,fixed,4,4,0,0
1,multi_greedy,4,3,16,2,2,3,0.000000,54.500000,1.834862,19,0.487016,29,0,2,0,0.487016,0.555590,0.068574,0.068574,0.487016,0.080151,4,59,1,-1,28,33,19,110.333000,80.833300,54.500000,0.906347,1.237114,1.834862,-0.002590,-0.006078,0.000245,0.000000,4,4,0,fixed,4,4,0,0
1,multi_greedy,4,3,17,2,2,3,0.000000,54.500000,1.834862,19,0.487016,29,0,2,0,0.487016,0.555590,0.068574,0.068574,0.487016,0.080151,4,59,1,-1,28,33,19,110.333000,80.833300,54.500000,0.906347,1.237114,1.834862,-0.002590,-0.006078,0.000245,0.000000,4,4,0,fixed,4,4,0,0
1,multi_greedy,4,3,18,2,2,4,0.000000,54.500000,0.733945,19,0.487016,29,0,2,0,0.487016,0.555590,0.068574,0.068574,0.487016,0.080151,4,59,1,-1,28,33,19,110.333000,80.833300,54.500000,0.362539,0.494846,0.733945,-0.005035,-0.007218,0.000245,0.000000,4,4,0,fixed,4,4,0,0
1,multi_greedy,4,3,19,0,0,4,0.000000,110.333000,0.362539,28,0.487016,29,0,0,0,0.487016,0.555590,0.068574,0.068574,0.487016,0.080151,4,59,1,0,28,33,19,110.333000,80.833300,54.500000,0.362539,0.494846,0.733945,0.000245,-0.001986,0.005641,0.005641,4,4,0,fixed,4,4,0,0
1,multi_greedy,4,3,20,1,1,2,1.380273,80.833300,0.172534,33,0.487016,29,0,1,0,0.487016,0.555590,0.068574,0.068574,0.487016,0.080151,4,59,1,0,28,33,19,110.333000,80.833300,54.500000,0.685862,0.170201,0.373404,0.017872,0.000245,0.015280,0.017872,4,4,0,fixed,4,4,0,0
1,multi_greedy,4,3,21,0,0,4,0.000000,110.333000,0.362539,28,0.487016,29,0,0,0,0.487016,0.555590,0.068574,0.068574,0.487016,0.080151,4,59,1,0,28,33,19,110.333000,80.833300,54.500000,0.362539,0.494846,0.733945,0.000245,-0.001986,0.005641,0.005641,4,4,0,fixed,4,4,0,0
1,multi_greedy,4,3,22,1,1,3,0.000000,80.833300,1.237114,33,0.487016,29,0,1,0,0.487016,0.555590,0.068574,0.068574,0.487016,0.080151,4,59,1,1,28,33,19,110.333000,80.833300,54.500000,0.906347,1.237114,1.834862,0.003825,0.000245,0.006736,0.006736,4,4,0,fixed,4,4,0,0
1,multi_greedy,4,3,23,1,1,1,3.271402,80.833300,1.090467,33,0.487016,29,0,1,0,0.487016,0.555590,0.068574,0.068574,0.487016,0.080151,4,59,1,1,28,33,19,110.333000,80.833300,54.500000,1.828966,0.996208,0.995745,0.006008,0.000245,0.005841,0.006008,4,4,0,fixed,4,4,0,0
1,multi_greedy,4,3,24,1,1,4,0.000000,80.833300,0.494846,33,0.487016,29,0,1,0,0.487016,0.555590,0.068574,0.068574,0.487016,0.080151,4,59,1,0,28,33,19,110.333000,80.833300,54.500000,0.362539,0.494846,0.733945,0.002496,0.000245,0.007943,0.007943,4,4,0,fixed,4,4,0,0
1,multi_greedy,4,3,25,2,2,1,3.166641,54.500000,1.055547,19,0.487016,29,0,2,0,0.487016,0.555590,0.068574,0.068574,0.487016,0.080151,4,59,1,-1,28,33,19,110.333000,80.833300,54.500000,1.828966,0.978344,1.046673,0.000114,-0.005655,0.000245,0.000114,4,4,0,fixed,4,4,0,0
1,multi_greedy,4,3,26,1,1,3,0.000000,80.833300,1.237114,33,0.487016,29,0,1,0,0.487016,0.555590,0.068574,0.068574,0.487016,0.080151,4,59,1,1,28,33,19,110.333000,80.833300,54.500000,0.906347,1.237114,1.834862,0.003825,0.000245,0.006736,0.006736,4,4,0,fixed,4,4,0,0
1,multi_greedy,4,3,27,1,1,1,2.963229,80.833300,0.987743,33,0.487016,29,0,1,0,0.487016,0.555590,0.068574,0.068574,0.487016,0.080151,4,59,1,-1,28,33,19,110.333000,80.833300,54.500000,1.828966,1.010883,0.995745,0.005965,0.000245,0.005798,0.005965,4,4,0,fixed,4,4,0,0
1,multi_greedy,4,3,28,0,0,2,5.662278,110.333000,0.707785,28,0.487016,29,0,0,0,0.487016,0.555590,0.068574,0.068574,0.487016,0.080151,4,59,1,-1,28,33,19,110.333000,80.833300,54.500000,0.710555,0.165401,0.373404,0.000245,-0.017435,-0.002466,0.000000,4,4,0,fixed,4,4,0,0
1,multi_greedy,4,3,29,2,2,1,2.986423,54.500000,0.995474,19,0.487016,29,0,2,0,0.487016,0.555590,0.068574,0.068574,0.487016,0.080151,4,59,1,-1,28,33,19,110.333000,80.833300,54.500000,1.828966,0.978344,1.058688,0.000083,-0.005685,0.000245,0.000083,4,4,0,fixed,4,4,0,0
1,multi_greedy,4,3,30,2,2,4,0.000000,54.500000,0.733945,19,0.487016,29,0,2,0,0.487016,0.555590,0.068574,0.068574,0.487016,0.080151,4,59,1,-1,28,33,19,110.333000,80.833300,54.500000,0.362539,0.494846,0.733945,-0.005035,-0.007218,0.000245,0.000000,4,4,0,fixed,4,4,0,0
1,multi_greedy,4,3,31,1,1,2,1.383558,80.833300,0.172945,33,0.487016,29,0,0,1,0.487016,0.555590,0.068574,0.068574,0.487016,0.080151,4,59,1,0,28,33,19,110.333000,80.833300,54.500000,0.685862,0.170160,0.373404,0.017876,0.000245,0.015284,0.017876,4,4,0,fixed,4,4,0,0
1,multi_greedy,4,3,32,0,0,4,0.000000,110.333000,0.362539,28,0.487016,29,0,0,0,0.487016,0.555590,0.068574,0.068574,0.487016,0.080151,4,59,1,0,28,33,19,110.333000,80.833300,54.500000,0.362539,0.494846,0.733945,0.000245,-0.001986,0.005641,0.005641,4,4,0,fixed,4,4,0,0
1,multi_greedy,4,3,33,1,1,2,1.383639,80.833300,0.172955,33,0.487016,29,0,0,1,0.487016,0.555590,0.068574,0.068574,0.487016,0.080151,4,59,1,0,28,33,19,110.333000,80.833300,54.500000,0.685862,0.170159,0.373404,0.017876,0.000245,0.015285,0.017876,4,4,0,fixed,4,4,0,0
1,multi_greedy,4,3,34,0,0,4,0.000000,110.333000,0.362539,28,0.487016,29,0,0,0,0.487016,0.555590,0.068574,0.068574,0.487016,0.080151,4,59,1,0,28,33,19,110.333000,80.833300,54.500000,0.362539,0.494846,0.733945,0.000245,-0.001986,0.005641,0.005641,4,4,0,fixed,4,4,0,0
1,multi_greedy,4,3,35,2,2,3,0.000000,54.500000,1.834862,19,0.487016,29,0,2,0,0.487016,0.555590,0.068574,0.068574,0.487016,0.080151,4,59,1,-1,28,33,19,110.333000,80.833300,54.500000,0.906347,1.237114,1.834862,-0.002590,-0.006078,0.000245,0.000000,4,4,0,fixed,4,4,0,0
1,multi_greedy,4,3,36,0,0,4,0.000000,110.333000,0.362539,28,0.487016,29,0,0,0,0.487016,0.555590,0.068574,0.068574,0.487016,0.080151,4,59,1,0,28,33,19,110.333000,80.833300,54.500000,0.362539,0.494846,0.733945,0.000245,-0.001986,0.005641,0.005641,4,4,0,fixed,4,4,0,0
1,multi_greedy,4,3,37,1,1,4,0.000000,80.833300,0.494846,33,0.487016,29,0,1,0,0.487016,0.555590,0.068574,0.068574,0.487016,0.080151,4,59,1,0,28,33,19,110.333000,80.833300,54.500000,0.362539,0.494846,0.733945,0.002496,0.000245,0.007943,0.007943,4,4,0,fixed,4,4,0,0
1,multi_greedy,4,3,38,2,2,3,0.000000,54.500000,1.834862,19,0.487016,29,0,2,0,0.487016,0.555590,0.068574,0.068574,0.487016,0.080151,4,59,1,-1,28,33,19,110.333000,80.833300,54.500000,0.906347,1.237114,1.834862,-0.002590,-0.006078,0.000245,0.000000,4,4,0,fixed,4,4,0,0
1,multi_greedy,4,3,39,0,0,2,5.661226,110.333000,0.707653,28,0.487016,29,0,0,0,0.487016,0.555590,0.068574,0.068574,0.487016,0.080151,4,59,1,-1,28,33,19,110.333000,80.833300,54.500000,0.710566,0.165401,0.373404,0.000245,-0.017435,-0.002466,0.000000,4,4,0,fixed,4,4,0,0
1,multi_greedy,4,3,40,1,1,1,3.193409,80.833300,1.064470,33,0.487016,29,0,1,0,0.487016,0.555590,0.068574,0.068574,0.487016,0.080151,4,59,1,1,28,33,19,110.333000,80.833300,54.500000,1.828966,0.999922,0.995745,0.005997,0.000245,0.005830,0.005997,4,4,0,fixed,4,4,0,0
1,multi_greedy,4,3,41,0,0,2,5.662255,110.333000,0.707782,28,0.487016,29,0,0,0,0.487016,0.555590,0.068574,0.068574,0.487016,0.080151,4,59,1,-1,28,33,19,110.333000,80.833300,54.500000,0.710556,0.165401,0.373404,0.000245,-0.017435,-0.002466,0.000000,4,4,0,fixed,4,4,0,0
1,multi_greedy,4,3,42,1,1,4,0.000000,80.833300,0.494846,33,0.487016,29,0,1,0,0.487016,0.555590,0.068574,0.068574,0.487016,0.080151,4,59,1,0,28,33,19,110.333000,80.833300,54.500000,0.362539,0.494846,0.733945,0.002496,0.000245,0.007943,0.007943,4,4,0,fixed,4,4,0,0
1,multi_greedy,4,3,43,0,0,2,5.661115,110.333000,0.707639,28,0.487016,29,0,0,0,0.487016,0.555590,0.068574,0.068574,0.487016,0.080151,4,59,1,-1,28,33,19,110.333000,80.833300,54.500000,0.710567,0.165401,0.373404,0.000245,-0.017435,-0.002466,0.000000,4,4,0,fixed,4,4,0,0
1,multi_greedy,4,3,44,0,0,4,0.000000,110.333000,0.362539,28,0.487016,29,0,0,0,0.487016,0.555590,0.068574,0.068574,0.487016,0.080151,4,59,1,0,28,33,19,110.333000,80.833300,54.500000,0.362539,0.494846,0.733945,0.000245,-0.001986,0.005641,0.005641,4,4,0,fixed,4,4,0,0
1,multi_greedy,4,3,45,1,1,3,0.000000,80.833300,1.237114,33,0.487016,29,0,1,0,0.487016,0.555590,0.068574,0.068574,0.487016,0.080151,4,59,1,1,28,33,19,110.333000,80.833300,54.500000,0.906347,1.237114,1.834862,0.003825,0.000245,0.006736,0.006736,4,4,0,fixed,4,4,0,0
1,multi_greedy,4,3,46,1,1,2,1.381394,80.833300,0.172674,33,0.487016,29,0,0,1,0.487016,0.555590,0.068574,0.068574,0.487016,0.080151,4,59,1,0,28,33,19,110.333000,80.833300,54.500000,0.685862,0.170187,0.373404,0.017873,0.000245,0.015282,0.017873,4,4,0,fixed,4,4,0,0
1,multi_greedy,4,3,47,0,0,2,5.747479,110.333000,0.718435,28,0.487016,29,0,0,0,0.487016,0.555590,0.068574,0.068574,0.487016,0.080151,4,59,1,-1,28,33,19,110.333000,80.833300,54.500000,0.709736,0.165401,0.373404,0.000245,-0.017431,-0.002461,0.000000,4,4,0,fixed,4,4,0,0
1,multi_greedy,4,3,48,0,0,4,0.000000,110.333000,0.362539,28,0.487016,29,0,0,0,0.487016,0.555590,0.068574,0.068574,0.487016,0.080151,4,59,1,0,28,33,19,110.333000,80.833300,54.500000,0.362539,0.494846,0.733945,0.000245,-0.001986,0.005641,0.005641,4,4,0,fixed,4,4,0,0
1,multi_greedy,4,3,49,1,1,2,1.339761,80.833300,0.167470,33,0.487016,29,0,1,0,0.487016,0.555590,0.068574,0.068574,0.487016,0.080151,4,59,1,0,28,33,19,110.333000,80.833300,54.500000,0.685862,0.170708,0.373404,0.017818,0.000245,0.015227,0.017818,4,4,0,fixed,4,4,0,0
1,multi_greedy,4,3,50,0,0,4,0.000000,110.333000,0.362539,28,0.487016,29,0,0,0,0.487016,0.555590,0.068574,0.068574,0.487016,0.080151,4,59,1,0,28,33,19,110.333000,80.833300,54.500000,0.362539,0.494846,0.733945,0.000245,-0.001986,0.005641,0.005641,4,4,0,fixed,4,4,0,0
1,multi_greedy,4,3,51,1,1,2,1.338727,80.833300,0.167341,33,0.487016,29,0,1,0,0.487016,0.555590,0.068574,0.068574,0.487016,0.080151,4,59,1,0,28,33,19,110.333000,80.833300,54.500000,0.685862,0.170720,0.373404,0.017816,0.000245,0.015225,0.017816,4,4,0,fixed,4,4,0,0
1,multi_greedy,4,3,52,1,1,1,2.506232,80.833300,0.835411,33,0.487016,29,0,1,0,0.487016,0.555590,0.068574,0.068574,0.487016,0.080151,4,59,1,-1,28,33,19,110.333000,80.833300,54.500000,1.828966,1.032645,0.995745,0.005904,0.000245,0.005737,0.005904,4,4,0,fixed,4,4,0,0
1,multi_greedy,4,3,53,1,1,2,1.339820,80.833300,0.167478,33,0.487016,29,0,1,0,0.487016,0.555590,0.068574,0.068574,0.487016,0.080151,4,59,1,0,28,33,19,110.333000,80.833300,54.500000,0.685862,0.170707,0.373404,0.017818,0.000245,0.015227,0.017818,4,4,0,fixed,4,4,0,0
1,multi_greedy,4,3,54,1,1,4,0.000000,80.833300,0.494846,33,0.487016,29,0,1,0,0.487016,0.555590,0.068574,0.068574,0.487016,0.080151,4,59,1,0,28,33,19,110.333000,80.833300,54.500000,0.362539,0.494846,0.733945,0.002496,0.000245,0.007943,0.007943,4,4,0,fixed,4,4,0,0
1,multi_greedy,4,3,55,0,0,2,5.662243,110.333000,0.707780,28,0.487016,29,0,0,0,0.487016,0.555590,0.068574,0.068574,0.487016,0.080151,4,59,1,-1,28,33,19,110.333000,80.833300,54.500000,0.710556,0.165401,0.373404,0.000245,-0.017435,-0.002466,0.000000,4,4,0,fixed,4,4,0,0
1,multi_greedy,4,3,56,0,0,4,0.000000,110.333000,0.362539,28,0.487016,29,0,0,0,0.487016,0.555590,0.068574,0.068574,0.487016,0.080151,4,59,1,0,28,33,19,110.333000,80.833300,54.500000,0.362539,0.494846,0.733945,0.000245,-0.001986,0.005641,0.005641,4,4,0,fixed,4,4,0,0
1,multi_greedy,4,3,57,2,2,3,0.000000,54.500000,1.834862,19,0.487016,29,0,2,0,0.487016,0.555590,0.068574,0.068574,0.487016,0.080151,4,59,1,-1,28,33,19,110.333000,80.833300,54.500000,0.906347,1.237114,1.834862,-0.002590,-0.006078,0.000245,0.000000,4,4,0,fixed,4,4,0,0
1,multi_greedy,4,3,58,1,1,1,3.010198,80.833300,1.003399,33,0.487016,29,0,1,0,0.487016,0.555590,0.068574,0.068574,0.487016,0.080151,4,59,1,1,28,33,19,110.333000,80.833300,54.500000,1.828966,1.008646,0.995745,0.005972,0.000245,0.005805,0.005972,4,4,0,fixed,4,4,0,0
1,multi_greedy,4,3,59,1,1,4,0.000000,80.833300,0.494846,33,0.487016,29,0,1,0,0.487016,0.555590,0.068574,0.068574,0.487016,0.080151,4,59,1,0,28,33,19,110.333000,80.833300,54.500000,0.362539,0.494846,0.733945,0.002496,0.000245,0.007943,0.007943,4,4,0,fixed,4,4,0,0
1,multi_greedy,4,3,60,1,1,3,0.000000,80.833300,1.237114,33,0.487016,29,0,1,0,0.487016,0.555590,0.068574,0.068574,0.487016,0.080151,4,59,1,1,28,33,19,110.333000,80.833300,54.500000,0.906347,1.237114,1.834862,0.003825,0.000245,0.006736,0.006736,4,4,0,fixed,4,4,0,0
1,multi_greedy,4,3,61,1,1,4,0.000000,80.833300,0.494846,33,0.487016,29,0,1,0,0.487016,0.555590,0.068574,0.068574,0.487016,0.080151,4,59,1,0,28,33,19,110.333000,80.833300,54.500000,0.362539,0.494846,0.733945,0.002496,0.000245,0.007943,0.007943,4,4,0,fixed,4,4,0,0
1,multi_greedy,4,3,62,0,0,3,0.000000,110.333000,0.906347,28,0.487016,29,0,0,0,0.487016,0.555590,0.068574,0.068574,0.487016,0.080151,4,59,1,-1,28,33,19,110.333000,80.833300,54.500000,0.906347,1.237114,1.834862,0.000245,-0.003284,0.003113,0.003113,4,4,0,fixed,4,4,0,0
1,multi_greedy,4,3,63,0,0,2,5.661168,110.333000,0.707646,28,0.487016,29,0,0,0,0.487016,0.555590,0.068574,0.068574,0.487016,0.080151,4,59,1,-1,28,33,19,110.333000,80.833300,54.500000,0.710566,0.165401,0.373404,0.000245,-0.017435,-0.002466,0.000000,4,4,0,fixed,4,4,0,0
1,multi_greedy,4,3,64,1,1,4,0.000000,80.833300,0.494846,33,0.487016,29,0,1,0,0.487016,0.555590,0.068574,0.068574,0.487016,0.080151,4,59,1,0,28,33,19,110.333000,80.833300,54.500000,0.362539,0.494846,0.733945,0.002496,0.000245,0.007943,0.007943,4,4,0,fixed,4,4,0,0
1,multi_greedy,4,3,65,1,1,2,1.380337,80.833300,0.172542,33,0.487016,29,0,1,0,0.487016,0.555590,0.068574,0.068574,0.487016,0.080151,4,59,1,0,28,33,19,110.333000,80.833300,54.500000,0.685862,0.170200,0.373404,0.017872,0.000245,0.015280,0.017872,4,4,0,fixed,4,4,0,0
1,multi_greedy,4,3,66,2,2,4,0.000000,54.500000,0.733945,19,0.487016,29,0,2,0,0.487016,0.555590,0.068574,0.068574,0.487016,0.080151,4,59,1,-1,28,33,19,110.333000,80.833300,54.500000,0.362539,0.494846,0.733945,-0.005035,-0.007218,0.000245,0.000000,4,4,0,fixed,4,4,0,0
1,multi_greedy,4,3,67,2,2,4,0.000000,54.500000,0.733945,19,0.487016,29,0,2,0,0.487016,0.555590,0.068574,0.068574,0.487016,0.080151,4,59,1,-1,28,33,19,110.333000,80.833300,54.500000,0.362539,0.494846,0.733945,-0.005035,-0.007218,0.000245,0.000000,4,4,0,fixed,4,4,0,0
1,multi_greedy,4,3,68,0,0,2,5.661145,110.333000,0.707643,28,0.487016,29,0,0,0,0.487016,0.555590,0.068574,0.068574,0.487016,0.080151,4,59,1,-1,28,33,19,110.333000,80.833300,54.500000,0.710566,0.165401,0.373404,0.000245,-0.017435,-0.002466,0.000000,4,4,0,fixed,4,4,0,0
1,multi_greedy,4,3,69,0,0,4,0.000000,110.333000,0.362539,28,0.487016,29,0,0,0,0.487016,0.555590,0.068574,0.068574,0.487016,0.080151,4,59,1,0,28,33,19,110.333000,80.833300,54.500000,0.362539,0.494846,0.733945,0.000245,-0.001986,0.005641,0.005641,4,4,0,fixed,4,4,0,0
1,multi_greedy,4,3,70,2,2,1,2.966263,54.500000,0.988754,19,0.487016,29,0,2,0,0.487016,0.555590,0.068574,0.068574,0.487016,0.080151,4,59,1,-1,28,33,19,110.333000,80.833300,54.500000,1.828966,0.978344,1.060032,0.000080,-0.005688,0.000245,0.000080,4,4,0,fixed,4,4,0,0
1,multi_greedy,4,3,71,2,2,3,0.000000,54.500000,1.834862,19,0.487016,29,0,2,0,0.487016,0.555590,0.068574,0.068574,0.487016,0.080151,4,59,1,-1,28,33,19,110.333000,80.833300,54.500000,0.906347,1.237114,1.834862,-0.002590,-0.006078,0.000245,0.000000,4,4,0,fixed,4,4,0,0
1,multi_greedy,4,3,72,2,2,1,3.445864,54.500000,1.148621,19,0.487016,29,0,2,0,0.487016,0.555590,0.068574,0.068574,0.487016,0.080151,4,59,1,-1,28,33,19,110.333000,80.833300,54.500000,1.828966,0.978344,1.028059,0.000162,-0.005607,0.000245,0.000162,4,4,0,fixed,4,4,0,0
1,multi_greedy,4,3,73,2,2,1,3.100663,54.500000,1.033554,19,0.487016,29,0,2,0,0.487016,0.555590,0.068574,0.068574,0.487016,0.080151,4,59,1,-1,28,33,19,110.333000,80.833300,54.500000,1.828966,0.978344,1.051072,0.000102,-0.005666,0.000245,0.000102,4,4,0,fixed,4,4,0,0
1,multi_greedy,4,3,74,2,2,1,3.200889,54.500000,1.066963,19,0.487016,29,0,2,0,0.487016,0.555590,0.068574,0.068574,0.487016,0.080151,4,59,1,-1,28,33,19,110.333000,80.833300,54.500000,1.828966,0.978344,1.044390,0.000119,-0.005649,0.000245,0.000119,4,4,0,fixed,4,4,0,0
1,multi_greedy,4,3,75,0,0,2,5.661249,110.333000,0.707656,28,0.487016,29,0,0,0,0.487016,0.555590,0.068574,0.068574,0.487016,0.080151,4,59,1,-1,28,33,19,110.333000,80.833300,54.500000,0.710565,0.165401,0.373404,0.000245,-0.017435,-0.002466,0.000000,4,4,0,fixed,4,4,0,0
1,multi_greedy,4,3,76,1,1,1,3.063323,80.833300,1.021108,33,0.487016,29,0,1,0,0.487016,0.555590,0.068574,0.068574,0.487016,0.080151,4,59,1,1,28,33,19,110.333000,80.833300,54.500000,1.828966,1.006116,0.995745,0.005979,0.000245,0.005812,0.005979,4,4,0,fixed,4,4,0,0
1,multi_greedy,4,3,77,1,1,3,0.000000,80.833300,1.237114,33,0.487016,29,0,1,0,0.487016,0.555590,0.068574,0.068574,0.487016,0.080151,4,59,1,1,28,33,19,110.333000,80.833300,54.500000,0.906347,1.237114,1.834862,0.003825,0.000245,0.006736,0.006736,4,4,0,fixed,4,4,0,0
1,multi_greedy,4,3,78,0,0,2,5.752943,110.333000,0.719118,28,0.487016,29,0,0,0,0.487016,0.555590,0.068574,0.068574,0.487016,0.080151,4,59,1,-1,28,33,19,110.333000,80.833300,54.500000,0.709684,0.165401,0.373404,0.000245,-0.017430,-0.002461,0.000000,4,4,0,fixed,4,4,0,0
1,multi_greedy,4,3,79,1,1,2,1.307131,80.833300,0.163391,33,0.487016,29,1,1,0,0.487016,0.555590,0.068574,0.068574,0.487016,0.080151,4,59,1,0,28,33,19,110.333000,80.833300,54.500000,0.685862,0.171115,0.373404,0.017775,0.000245,0.015184,0.017775,4,4,0,fixed,4,4,0,0
1,multi_greedy,4,3,80,0,0,2,5.661145,110.333000,0.707643,28,0.487016,29,0,0,0,0.487016,0.555590,0.068574,0.068574,0.487016,0.080151,4,59,1,-1,28,33,19,110.333000,80.833300,54.500000,0.710566,0.165401,0.373404,0.000245,-0.017435,-0.002466,0.000000,4,4,0,fixed,4,4,0,0
1,multi_greedy,4,4,1,2,2,4,0.000000,53.500000,0.747664,19,0.566531,25,0,2,0,0.566531,0.605430,0.038899,0.038899,0.566531,0.079515,4,45,1,-1,32,29,19,110.500000,81.000000,53.500000,0.361991,0.493827,0.747664,-0.008421,-0.006486,0.000096,0.000000,4,4,0,fixed,4,4,0,0
1,multi_greedy,4,4,2,0,0,2,4.423990,110.500000,0.552999,32,0.566531,25,0,0,0,0.566531,0.605430,0.038899,0.038899,0.566531,0.079515,4,45,1,-1,32,29,19,110.500000,81.000000,53.500000,0.549213,0.231104,0.382313,0.000096,-0.010943,-0.000394,0.000000,4,4,0,fixed,4,4,0,0
1,multi_greedy,4,4,3,0,0,2,4.426141,110.500000,0.553268,32,0.566531,25,0,0,0,0.566531,0.605430,0.038899,0.038899,0.566531,0.079515,4,45,1,-1,32,29,19,110.500000,81.000000,53.500000,0.549197,0.231104,0.382313,0.000096,-0.010943,-0.000394,0.000000,4,4,0,fixed,4,4,0,0
1,multi_greedy,4,4,4,1,1,1,3.345891,81.000000,1.115297,29,0.566531,25,0,1,0,0.566531,0.605430,0.038899,0.038899,0.566531,0.079515,4,45,1,1,32,29,19,110.500000,81.000000,53.500000,1.420731,1.070602,1.019500,0.001868,0.000096,0.003702,0.003702,4,4,0,fixed,4,4,0,0
1,multi_greedy,4,4,5,1,1,2,1.910378,81.000000,0.238797,29,0.566531,25,0,1,0,0.566531,0.605430,0.038899,0.038899,0.566531,0.079515,4,45,1,0,32,29,19,110.500000,81.000000,53.500000,0.532774,0.239120,0.382313,0.009907,0.000096,0.009869,0.009907,4,4,0,fixed,4,4,0,0
1,multi_greedy,4,4,6,2,2,4,0.000000,53.500000,0.747664,19,0.566531,25,0,2,0,0.566531,0.605430,0.038899,0.038899,0.566531,0.079515,4,45,1,-1,32,29,19,110.500000,81.000000,53.500000,0.361991,0.493827,0.747664,-0.008421,-0.006486,0.000096,0.000000,4,4,0,fixed,4,4,0,0
1,multi_greedy,4,4,7,0,0,3,0.000000,110.500000,0.904977,32,0.566531,25,0,0,0,0.566531,0.605430,0.038899,0.038899,0.566531,0.079515,4,45,1,-1,32,29,19,110.500000,81.000000,53.500000,0.904977,1.234568,1.869159,0.000096,0.000308,0.005360,0.005360,4,4,0,fixed,4,4,0,0
1,multi_greedy,4,4,8,1,1,3,0.000000,81.000000,1.234568,29,0.566531,25,0,1,0,0.566531,0.605430,0.038899,0.038899,0.566531,0.079515,4,45,1,1,32,29,19,110.500000,81.000000,53.500000,0.904977,1.234568,1.869159,-0.000116,0.000096,0.005144,0.005144,4,4,0,fixed,4,4,0,0
1,multi_greedy,4,4,9,0,0,2,4.310361,110.500000,0.538795,32,0.566531,25,0,0,0,0.566531,0.605430,0.038899,0.038899,0.566531,0.079515,4,45,1,-1,32,29,19,110.500000,81.000000,53.500000,0.550049,0.231104,0.382313,0.000096,-0.010954,-0.000405,0.000000,4,4,0,fixed,4,4,0,0
1,multi_greedy,4,4,10,1,1,1,3.141959,81.000000,1.047320,29,0.566531,25,0,1,0,0.566531,0.605430,0.038899,0.038899,0.566531,0.079515,4,45,1,1,32,29,19,110.500000,81.000000,53.500000,1.420731,1.080313,1.019500,0.001835,0.000096,0.003669,0.003669,4,4,0,fixed,4,4,0,0
1,multi_greedy,4,4,11,2,2,4,0.000000,53.500000,0.747664,19,0.566531,25,0,2,0,0.566531,0.605430,0.038899,0.038899,0.566531,0.079515,4,45,1,-1,32,29,19,110.500000,81.000000,53.500000,0.361991,0.493827,0.747664,-0.008421,-0.006486,0.000096,0.000000,4,4,0,fixed,4,4,0,0
1,multi_greedy,4,4,12,1,1,3,0.000000,81.000000,1.234568,29,0.566531,25,0,1,0,0.566531,0.605430,0.038899,0.038899,0.566531,0.079515,4,45,1,1,32,29,19,110.500000,81.000000,53.500000,0.904977,1.234568,1.869159,-0.000116,0.000096,0.005144,0.005144,4,4,0,fixed,4,4,0,0
1,multi_greedy,4,4,13,0,0,4,0.000000,110.500000,0.361991,32,0.566531,25,0,2,1,0.566531,0.605430,0.038899,0.038899,0.566531,0.079515,4,45,1,0,32,29,19,110.500000,81.000000,53.500000,0.361991,0.493827,0.747664,0.000096,0.002091,0.008877,0.008877,4,4,0,fixed,4,4,0,0
1,multi_greedy,4,4,14,0,0,2,4.346472,110.500000,0.543309,32,0.566531,25,0,0,0,0.566531,0.605430,0.038899,0.038899,0.566531,0.079515,4,45,1,-1,32,29,19,110.500000,81.000000,53.500000,0.549783,0.231104,0.382313,0.000096,-0.010950,-0.000401,0.000000,4,4,0,fixed,4,4,0,0
1,multi_greedy,4,4,15,0,0,3,0.000000,110.500000,0.904977,32,0.566531,25,0,0,0,0.566531,0.605430,0.038899,0.038899,0.566531,0.079515,4,45,1,-1,32,29,19,110.500000,81.000000,53.500000,0.904977,1.234568,1.869159,0.000096,0.000308,0.005360,0.005360,4,4,0,fixed,4,4,0,0
1,multi_greedy,4,4,16,2,2,3,0.000000,53.500000,1.869159,19,0.566531,25,0,2,0,0.566531,0.605430,0.038899,0.038899,0.566531,0.079515,4,45,1,-1,32,29,19,110.500000,81.000000,53.500000,0.904977,1.234568,1.869159,-0.005072,-0.004864,0.000096,0.000000,4,4,0,fixed,4,4,0,0
1,multi_greedy,4,4,17,2,2,3,0.000000,53.500000,1.869159,19,0.566531,25,0,2,0,0.566531,0.605430,0.038899,0.038899,0.566531,0.079515,4,45,1,-1,32,29,19,110.500000,81.000000,53.500000,0.904977,1.234568,1.869159,-0.005072,-0.004864,0.000096,0.000000,4,4,0,fixed,4,4,0,0
1,multi_greedy,4,4,18,2,2,4,0.000000,53.500000,0.747664,19,0.566531,25,0,2,0,0.566531,0.605430,0.038899,0.038899,0.566531,0.079515,4,45,1,-1,32,29,19,110.500000,81.000000,53.500000,0.361991,0.493827,0.747664,-0.008421,-0.006486,0.000096,0.000000,4,4,0,fixed,4,4,0,0
1,multi_greedy,4,4,19,0,0,4,0.000000,110.500000,0.361991,32,0.566531,25,0,2,1,0.566531,0.605430,0.038899,0.038899,0.566531,0.079515,4,45,1,0,32,29,19,110.500000,81.000000,53.500000,0.361991,0.493827,0.747664,0.000096,0.002091,0.008877,0.008877,4,4,0,fixed,4,4,0,0
1,multi_greedy,4,4,20,1,1,2,1.943261,81.000000,0.242908,29,0.566531,25,0,0,1,0.566531,0.605430,0.038899,0.038899,0.566531,0.079515,4,45,1,0,32,29,19,110.500000,81.000000,53.500000,0.532774,0.238435,0.382313,0.009955,0.000096,0.009917,0.009955,4,4,0,fixed,4,4,0,0
1,multi_greedy,4,4,21,0,0,4,0.000000,110.500000,0.361991,32,0.566531,25,0,2,1,0.566531,0.605430,0.038899,0.038899,0.566531,0.079515,4,45,1,0,32,29,19,110.500000,81.000000,53.500000,0.361991,0.493827,0.747664,0.000096,0.002091,0.008877,0.008877,4,4,0,fixed,4,4,0,0
1,multi_greedy,4,4,22,1,1,3,0.000000,81.000000,1.234568,29,0.566531,25,0,1,0,0.566531,0.605430,0.038899,0.038899,0.566531,0.079515,4,45,1,1,32,29,19,110.500000,81.000000,53.500000,0.904977,1.234568,1.869159,-0.000116,0.000096,0.005144,0.005144,4,4,0,fixed,4,4,0,0
1,multi_greedy,4,4,23,1,1,1,3.435807,81.000000,1.145269,29,0.566531,25,0,1,0,0.566531,0.605430,0.038899,0.038899,0.566531,0.079515,4,45,1,1,32,29,19,110.500000,81.000000,53.500000,1.420731,1.066321,1.019500,0.001883,0.000096,0.003716,0.003716,4,4,0,fixed,4,4,0,0
1,multi_greedy,4,4,24,1,1,4,0.000000,81.000000,0.493827,29,0.566531,25,0,1,0,0.566531,0.605430,0.038899,0.038899,0.566531,0.079515,4,45,1,0,32,29,19,110.500000,81.000000,53.500000,0.361991,0.493827,0.747664,-0.001885,0.000096,0.006834,0.006834,4,4,0,fixed,4,4,0,0
1,multi_greedy,4,4,25,2,2,1,3.165814,53.500000,1.055271,19,0.566531,25,0,2,0,0.566531,0.605430,0.038899,0.038899,0.566531,0.079515,4,45,1,-1,32,29,19,110.500000,81.000000,53.500000,1.420731,1.040316,1.076736,-0.002117,-0.004099,0.000096,0.000000,4,4,0,fixed,4,4,0,0
1,multi_greedy,4,4,26,1,1,3,0.000000,81.000000,1.234568,29,0.566531,25,0,1,0,0.566531,0.605430,0.038899,0.038899,0.566531,0.079515,4,45,1,1,32,29,19,110.500000,81.000000,53.500000,0.904977,1.234568,1.869159,-0.000116,0.000096,0.005144,0.005144,4,4,0,fixed,4,4,0,0
1,multi_greedy,4,4,27,1,1,1,3.079526,81.000000,1.026509,29,0.566531,25,0,1,0,0.566531,0.605430,0.038899,0.038899,0.566531,0.079515,4,45,1,1,32,29,19,110.500000,81.000000,53.500000,1.420731,1.083286,1.019500,0.001826,0.000096,0.003659,0.003659,4,4,0,fixed,4,4,0,0
1,multi_greedy,4,4,28,0,0,2,4.425123,110.500000,0.553140,32,0.566531,25,0,0,0,0.566531,0.605430,0.038899,0.038899,0.566531,0.079515,4,45,1,-1,32,29,19,110.500000,81.000000,53.500000,0.549205,0.231104,0.382313,0.000096,-0.010943,-0.000394,0.000000,4,4,0,fixed,4,4,0,0
1,multi_greedy,4,4,29,2,2,1,3.238612,53.500000,1.079537,19,0.566531,25,0,2,0,0.566531,0.605430,0.038899,0.038899,0.566531,0.079515,4,45,1,-1,32,29,19,110.500000,81.000000,53.500000,1.420731,1.040316,1.071883,-0.002101,-0.004083,0.000096,0.000000,4,4,0,fixed,4,4,0,0
1,multi_greedy,4,4,30,2,2,4,0.000000,53.500000,0.747664,19,0.566531,25,0,2,0,0.566531,0.605430,0.038899,0.038899,0.566531,0.079515,4,45,1,-1,32,29,19,110.500000,81.000000,53.500000,0.361991,0.493827,0.747664,-0.008421,-0.006486,0.000096,0.000000,4,4,0,fixed,4,4,0,0
1,multi_greedy,4,4,31,0,0,2,4.424065,110.500000,0.553008,32,0.566531,25,0,0,0,0.566531,0.605430,0.038899,0.038899,0.566531,0.079515,4,45,1,-1,32,29,19,110.500000,81.000000,53.500000,0.549213,0.231104,0.382313,0.000096,-0.010943,-0.000394,0.000000,4,4,0,fixed,4,4,0,0
1,multi_greedy,4,4,32,0,0,4,0.000000,110.500000,0.361991,32,0.566531,25,0,0,0,0.566531,0.605430,0.038899,0.038899,0.566531,0.079515,4,45,1,0,32,29,19,110.500000,81.000000,53.500000,0.361991,0.493827,0.747664,0.000096,0.002091,0.008877,0.008877,4,4,0,fixed,4,4,0,0
1,multi_greedy,4,4,33,0,0,2,4.423942,110.500000,0.552993,32,0.566531,25,0,0,0,0.566531,0.605430,0.038899,0.038899,0.566531,0.079515,4,45,1,-1,32,29,19,110.500000,81.000000,53.500000,0.549213,0.231104,0.382313,0.000096,-0.010943,-0.000394,0.000000,4,4,0,fixed,4,4,0,0
1,multi_greedy,4,4,34,0,0,4,0.000000,110.500000,0.361991,32,0.566531,25,0,0,0,0.566531,0.605430,0.038899,0.038899,0.566531,0.079515,4,45,1,0,32,29,19,110.500000,81.000000,53.500000,0.361991,0.493827,0.747664,0.000096,0.002091,0.008877,0.008877,4,4,0,fixed,4,4,0,0
1,multi_greedy,4,4,35,2,2,3,0.000000,53.500000,1.869159,19,0.566531,25,0,2,0,0.566531,0.605430,0.038899,0.038899,0.566531,0.079515,4,45,1,-1,32,29,19,110.500000,81.000000,53.500000,0.904977,1.234568,1.869159,-0.005072,-0.004864,0.000096,0.000000,4,4,0,fixed,4,4,0,0
1,multi_greedy,4,4,36,0,0,4,0.000000,110.500000,0.361991,32,0.566531,25,0,0,0,0.566531,0.605430,0.038899,0.038899,0.566531,0.079515,4,45,1,0,32,29,19,110.500000,81.000000,53.500000,0.361991,0.493827,0.747664,0.000096,0.002091,0.008877,0.008877,4,4,0,fixed,4,4,0,0
1,multi_greedy,4,4,37,1,1,4,0.000000,81.000000,0.493827,29,0.566531,25,0,1,0,0.566531,0.605430,0.038899,0.038899,0.566531,0.079515,4,45,1,0,32,29,19,110.500000,81.000000,53.500000,0.361991,0.493827,0.747664,-0.001885,0.000096,0.006834,0.006834,4,4,0,fixed,4,4,0,0
1,multi_greedy,4,4,38,2,2,3,0.000000,53.500000,1.869159,19,0.566531,25,0,2,0,0.566531,0.605430,0.038899,0.038899,0.566531,0.079515,4,45,1,-1,32,29,19,110.500000,81.000000,53.500000,0.904977,1.234568,1.869159,-0.005072,-0.004864,0.000096,0.000000,4,4,0,fixed,4,4,0,0
1,multi_greedy,4,4,39,0,0,2,4.426191,110.500000,0.553274,32,0.566531,25,0,0,0,0.566531,0.605430,0.038899,0.038899,0.566531,0.079515,4,45,1,-1,32,29,19,110.500000,81.000000,53.500000,0.549197,0.231104,0.382313,0.000096,-0.010943,-0.000394,0.000000,4,4,0,fixed,4,4,0,0
1,multi_greedy,4,4,40,1,1,1,2.983065,81.000000,0.994355,29,0.566531,25,0,1,0,0.566531,0.605430,0.038899,0.038899,0.566531,0.079515,4,45,1,-1,32,29,19,110.500000,81.000000,53.500000,1.420731,1.087880,1.019500,0.001810,0.000096,0.003643,0.003643,4,4,0,fixed,4,4,0,0
1,multi_greedy,4,4,41,0,0,2,4.424088,110.500000,0.553011,32,0.566531,25,0,0,0,0.566531,0.605430,0.038899,0.038899,0.566531,0.079515,4,45,1,-1,32,29,19,110.500000,81.000000,53.500000,0.549212,0.231104,0.382313,0.000096,-0.010943,-0.000394,0.000000,4,4,0,fixed,4,4,0,0
1,multi_greedy,4,4,42,1,1,4,0.000000,81.000000,0.493827,29,0.566531,25,0,1,0,0.566531,0.605430,0.038899,0.038899,0.566531,0.079515,4,45,1,0,32,29,19,110.500000,81.000000,53.500000,0.361991,0.493827,0.747664,-0.001885,0.000096,0.006834,0.006834,4,4,0,fixed,4,4,0,0
1,multi_greedy,4,4,43,0,0,2,4.289593,110.500000,0.536199,32,0.566531,25,0,0,0,0.566531,0.605430,0.038899,0.038899,0.566531,0.079515,4,45,1,-1,32,29,19,110.500000,81.000000,53.500000,0.550201,0.231104,0.382313,0.000096,-0.010956,-0.000407,0.000000,4,4,0,fixed,4,4,0,0
1,multi_greedy,4,4,44,0,0,4,0.000000,110.500000,0.361991,32,0.566531,25,0,0,0,0.566531,0.605430,0.038899,0.038899,0.566531,0.079515,4,45,1,0,32,29,19,110.500000,81.000000,53.500000,0.361991,0.493827,0.747664,0.000096,0.002091,0.008877,0.008877,4,4,0,fixed,4,4,0,0
1,multi_greedy,4,4,45,1,1,3,0.000000,81.000000,1.234568,29,0.566531,25,0,1,0,0.566531,0.605430,0.038899,0.038899,0.566531,0.079515,4,45,1,1,32,29,19,110.500000,81.000000,53.500000,0.904977,1.234568,1.869159,-0.000116,0.000096,0.005144,0.005144,4,4,0,fixed,4,4,0,0
1,multi_greedy,4,4,46,0,0,2,4.425135,110.500000,0.553142,32,0.566531,25,0,0,0,0.566531,0.605430,0.038899,0.038899,0.566531,0.079515,4,45,1,-1,32,29,19,110.500000,81.000000,53.500000,0.549205,0.231104,0.382313,0.000096,-0.010943,-0.000394,0.000000,4,4,0,fixed,4,4,0,0
1,multi_greedy,4,4,47,0,0,2,4.346473,110.500000,0.543309,32,0.566531,25,0,0,0,0.566531,0.605430,0.038899,0.038899,0.566531,0.079515,4,45,1,-1,32,29,19,110.500000,81.000000,53.500000,0.549783,0.231104,0.382313,0.000096,-0.010950,-0.000401,0.000000,4,4,0,fixed,4,4,0,0
1,multi_greedy,4,4,48,0,0,4,0.000000,110.500000,0.361991,32,0.566531,25,0,0,0,0.566531,0.605430,0.038899,0.038899,0.566531,0.079515,4,45,1,0,32,29,19,110.500000,81.000000,53.500000,0.361991,0.493827,0.747664,0.000096,0.002091,0.008877,0.008877,4,4,0,fixed,4,4,0,0
1,multi_greedy,4,4,49,1,1,2,1.907158,81.000000,0.238395,29,0.566531,25,0,1,0,0.566531,0.605430,0.038899,0.038899,0.566531,0.079515,4,45,1,0,32,29,19,110.500000,81.000000,53.500000,0.532774,0.239187,0.382313,0.009902,0.000096,0.009864,0.009902,4,4,0,fixed,4,4,0,0
1,multi_greedy,4,4,50,0,0,4,0.000000,110.500000,0.361991,32,0.566531,25,0,0,0,0.566531,0.605430,0.038899,0.038899,0.566531,0.079515,4,45,1,0,32,29,19,110.500000,81.000000,53.500000,0.361991,0.493827,0.747664,0.000096,0.002091,0.008877,0.008877,4,4,0,fixed,4,4,0,0
1,multi_greedy,4,4,51,1,1,2,1.911494,81.000000,0.238937,29,0.566531,25,0,1,0,0.566531,0.605430,0.038899,0.038899,0.566531,0.079515,4,45,1,0,32,29,19,110.500000,81.000000,53.500000,0.532774,0.239096,0.382313,0.009909,0.000096,0.009871,0.009909,4,4,0,fixed,4,4,0,0
1,multi_greedy,4,4,52,1,1,1,3.240004,81.000000,1.080001,29,0.566531,25,0,1,0,0.566531,0.605430,0.038899,0.038899,0.566531,0.079515,4,45,1,1,32,29,19,110.500000,81.000000,53.500000,1.420731,1.075644,1.019500,0.001851,0.000096,0.003684,0.003684,4,4,0,fixed,4,4,0,0
1,multi_greedy,4,4,53,1,1,2,1.904887,81.000000,0.238111,29,0.566531,25,0,1,0,0.566531,0.605430,0.038899,0.038899,0.566531,0.079515,4,45,1,0,32,29,19,110.500000,81.000000,53.500000,0.532774,0.239234,0.382313,0.009899,0.000096,0.009861,0.009899,4,4,0,fixed,4,4,0,0
1,multi_greedy,4,4,54,1,1,4,0.000000,81.000000,0.493827,29,0.566531,25,0,1,0,0.566531,0.605430,0.038899,0.038899,0.566531,0.079515,4,45,1,0,32,29,19,110.500000,81.000000,53.500000,0.361991,0.493827,0.747664,-0.001885,0.000096,0.006834,0.006834,4,4,0,fixed,4,4,0,0
1,multi_greedy,4,4,55,0,0,2,4.424113,110.500000,0.553014,32,0.566531,25,0,0,0,0.566531,0.605430,0.038899,0.038899,0.566531,0.079515,4,45,1,-1,32,29,19,110.500000,81.000000,53.500000,0.549212,0.231104,0.382313,0.000096,-0.010943,-0.000394,0.000000,4,4,0,fixed,4,4,0,0
1,multi_greedy,4,4,56,0,0,4,0.000000,110.500000,0.361991,32,0.566531,25,0,0,0,0.566531,0.605430,0.038899,0.038899,0.566531,0.079515,4,45,1,0,32,29,19,110.500000,81.000000,53.500000,0.361991,0.493827,0.747664,0.000096,0.002091,0.008877,0.008877,4,4,0,fixed,4,4,0,0
1,multi_greedy,4,4,57,2,2,3,0.000000,53.500000,1.869159,19,0.566531,25,0,2,0,0.566531,0.605430,0.038899,0.038899,0.566531,0.079515,4,45,1,-1,32,29,19,110.500000,81.000000,53.500000,0.904977,1.234568,1.869159,-0.005072,-0.004864,0.000096,0.000000,4,4,0,fixed,4,4,0,0
1,multi_greedy,4,4,58,1,1,1,3.367742,81.000000,1.122581,29,0.566531,25,0,1,0,0.566531,0.605430,0.038899,0.038899,0.566531,0.079515,4,45,1,1,32,29,19,110.500000,81.000000,53.500000,1.420731,1.069562,1.019500,0.001872,0.000096,0.003705,0.003705,4,4,0,fixed,4,4,0,0
1,multi_greedy,4,4,59,1,1,4,0.000000,81.000000,0.493827,29,0.566531,25,0,1,0,0.566531,0.605430,0.038899,0.038899,0.566531,0.079515,4,45,1,0,32,29,19,110.500000,81.000000,53.500000,0.361991,0.493827,0.747664,-0.001885,0.000096,0.006834,0.006834,4,4,0,fixed,4,4,0,0
1,multi_greedy,4,4,60,1,1,3,0.000000,81.000000,1.234568,29,0.566531,25,0,1,0,0.566531,0.605430,0.038899,0.038899,0.566531,0.079515,4,45,1,1,32,29,19,110.500000,81.000000,53.500000,0.904977,1.234568,1.869159,-0.000116,0.000096,0.005144,0.005144,4,4,0,fixed,4,4,0,0
1,multi_greedy,4,4,61,1,1,4,0.000000,81.000000,0.493827,29,0.566531,25,0,1,0,0.566531,0.605430,0.038899,0.038899,0.566531,0.079515,4,45,1,0,32,29,19,110.500000,81.000000,53.500000,0.361991,0.493827,0.747664,-0.001885,0.000096,0.006834,0.006834,4,4,0,fixed,4,4,0,0
1,multi_greedy,4,4,62,0,0,3,0.000000,110.500000,0.904977,32,0.566531,25,0,0,0,0.566531,0.605430,0.038899,0.038899,0.566531,0.079515,4,45,1,-1,32,29,19,110.500000,81.000000,53.500000,0.904977,1.234568,1.869159,0.000096,0.000308,0.005360,0.005360,4,4,0,fixed,4,4,0,0
1,multi_greedy,4,4,63,0,0,2,4.424125,110.500000,0.553016,32,0.566531,25,0,0,0,0.566531,0.605430,0.038899,0.038899,0.566531,0.079515,4,45,1,-1,32,29,19,110.500000,81.000000,53.500000,0.549212,0.231104,0.382313,0.000096,-0.010943,-0.000394,0.000000,4,4,0,fixed,4,4,0,0
1,multi_greedy,4,4,64,1,1,4,0.000000,81.000000,0.493827,29,0.566531,25,0,1,0,0.566531,0.605430,0.038899,0.038899,0.566531,0.079515,4,45,1,0,32,29,19,110.500000,81.000000,53.500000,0.361991,0.493827,0.747664,-0.001885,0.000096,0.006834,0.006834,4,4,0,fixed,4,4,0,0
1,multi_greedy,4,4,65,1,1,2,1.907094,81.000000,0.238387,29,0.566531,25,0,1,0,0.566531,0.605430,0.038899,0.038899,0.566531,0.079515,4,45,1,0,32,29,19,110.500000,81.000000,53.500000,0.532774,0.239188,0.382313,0.009902,0.000096,0.009864,0.009902,4,4,0,fixed,4,4,0,0
1,multi_greedy,4,4,66,2,2,4,0.000000,53.500000,0.747664,19,0.566531,25,0,2,0,0.566531,0.605430,0.038899,0.038899,0.566531,0.079515,4,45,1,-1,32,29,19,110.500000,81.000000,53.500000,0.361991,0.493827,0.747664,-0.008421,-0.006486,0.000096,0.000000,4,4,0,fixed,4,4,0,0
1,multi_greedy,4,4,67,2,2,4,0.000000,53.500000,0.747664,19,0.566531,25,0,2,0,0.566531,0.605430,0.038899,0.038899,0.566531,0.079515,4,45,1,-1,32,29,19,110.500000,81.000000,53.500000,0.361991,0.493827,0.747664,-0.008421,-0.006486,0.000096,0.000000,4,4,0,fixed,4,4,0,0
1,multi_greedy,4,4,68,0,0,2,4.424125,110.500000,0.553016,32,0.566531,25,0,0,0,0.566531,0.605430,0.038899,0.038899,0.566531,0.079515,4,45,1,-1,32,29,19,110.500000,81.000000,53.500000,0.549212,0.231104,0.382313,0.000096,-0.010943,-0.000394,0.000000,4,4,0,fixed,4,4,0,0
1,multi_greedy,4,4,69,0,0,4,0.000000,110.500000,0.361991,32,0.566531,25,0,0,0,0.566531,0.605430,0.038899,0.038899,0.566531,0.079515,4,45,1,0,32,29,19,110.500000,81.000000,53.500000,0.361991,0.493827,0.747664,0.000096,0.002091,0.008877,0.008877,4,4,0,fixed,4,4,0,0
1,multi_greedy,4,4,70,2,2,1,3.242390,53.500000,1.080797,19,0.566531,25,0,2,0,0.566531,0.605430,0.038899,0.038899,0.566531,0.079515,4,45,1,-1,32,29,19,110.500000,81.000000,53.500000,1.420731,1.040316,1.071631,-0.002100,-0.004082,0.000096,0.000000,4,4,0,fixed,4,4,0,0
1,multi_greedy,4,4,71,2,2,3,0.000000,53.500000,1.869159,19,0.566531,25,0,2,0,0.566531,0.605430,0.038899,0.038899,0.566531,0.079515,4,45,1,-1,32,29,19,110.500000,81.000000,53.500000,0.904977,1.234568,1.869159,-0.005072,-0.004864,0.000096,0.000000,4,4,0,fixed,4,4,0,0
1,multi_greedy,4,4,72,2,2,1,3.138996,53.500000,1.046332,19,0.566531,25,0,2,0,0.566531,0.605430,0.038899,0.038899,0.566531,0.079515,4,45,1,-1,32,29,19,110.500000,81.000000,53.500000,1.420731,1.040316,1.078524,-0.002123,-0.004105,0.000096,0.000000,4,4,0,fixed,4,4,0,0
1,multi_greedy,4,4,73,2,2,1,3.139632,53.500000,1.046544,19,0.566531,25,0,2,0,0.566531,0.605430,0.038899,0.038899,0.566531,0.079515,4,45,1,-1,32,29,19,110.500000,81.000000,53.500000,1.420731,1.040316,1.078481,-0.002122,-0.004105,0.000096,0.000000,4,4,0,fixed,4,4,0,0
1,multi_greedy,4,4,74,2,2,1,3.391406,53.500000,1.130469,19,0.566531,25,0,2,0,0.566531,0.605430,0.038899,0.038899,0.566531,0.079515,4,45,1,-1,32,29,19,110.500000,81.000000,53.500000,1.420731,1.040316,1.061696,-0.002067,-0.004050,0.000096,0.000000,4,4,0,fixed,4,4,0,0
1,multi_greedy,4,4,75,0,0,2,4.426187,110.500000,0.553273,32,0.566531,25,0,0,0,0.566531,0.605430,0.038899,0.038899,0.566531,0.079515,4,45,1,-1,32,29,19,110.500000,81.000000,53.500000,0.549197,0.231104,0.382313,0.000096,-0.010943,-0.000394,0.000000,4,4,0,fixed,4,4,0,0
1,multi_greedy,4,4,76,1,1,1,3.234543,81.000000,1.078181,29,0.566531,25,0,1,0,0.566531,0.605430,0.038899,0.038899,0.566531,0.079515,4,45,1,1,32,29,19,110.500000,81.000000,53.500000,1.420731,1.075905,1.019500,0.001850,0.000096,0.003684,0.003684,4,4,0,fixed,4,4,0,0
1,multi_greedy,4,4,77,1,1,3,0.000000,81.000000,1.234568,29,0.566531,25,0,1,0,0.566531,0.605430,0.038899,0.038899,0.566531,0.079515,4,45,1,1,32,29,19,110.500000,81.000000,53.500000,0.904977,1.234568,1.869159,-0.000116,0.000096,0.005144,0.005144,4,4,0,fixed,4,4,0,0
1,multi_greedy,4,4,78,0,0,2,4.302728,110.500000,0.537841,32,0.566531,25,0,0,0,0.566531,0.605430,0.038899,0.038899,0.566531,0.079515,4,45,1,-1,32,29,19,110.500000,81.000000,53.500000,0.550105,0.231104,0.382313,0.000096,-0.010954,-0.000406,0.000000,4,4,0,fixed,4,4,0,0
1,multi_greedy,4,4,79,1,1,2,1.903849,81.000000,0.237981,29,0.566531,25,1,1,0,0.566531,0.605430,0.038899,0.038899,0.566531,0.079515,4,45,1,0,32,29,19,110.500000,81.000000,53.500000,0.532774,0.239256,0.382313,0.009898,0.000096,0.009860,0.009898,4,4,0,fixed,4,4,0,0
1,multi_greedy,4,4,80,0,0,2,4.424125,110.500000,0.553016,32,0.566531,25,0,0,0,0.566531,0.605430,0.038899,0.038899,0.566531,0.079515,4,45,1,-1,32,29,19,110.500000,81.000000,53.500000,0.549212,0.231104,0.382313,0.000096,-0.010943,-0.000394,0.000000,4,4,0,fixed,4,4,0,0
1,multi_greedy,4,5,1,2,2,4,0.000000,48.333300,0.827587,22,0.616412,14,0,2,0,0.616412,0.616412,0.000000,0.000000,0.616412,0.049882,0,39,1,-1,30,28,22,110.833000,78.166700,48.333300,0.360903,0.511727,0.827587,-0.011689,-0.006948,0.000052,0.000000,4,0,4,fixed,4,4,0,0
1,multi_greedy,4,5,2,0,0,2,4.115785,110.833000,0.514473,30,0.616412,14,0,0,0,0.616412,0.616412,0.000000,0.000000,0.616412,0.049882,0,39,1,-1,30,28,22,110.833000,78.166700,48.333300,0.521961,0.283916,0.380139,0.000052,-0.006797,0.000900,0.000900,4,0,4,fixed,4,4,0,0
1,multi_greedy,4,5,3,0,0,2,4.216396,110.833000,0.527049,30,0.616412,14,0,0,0,0.616412,0.616412,0.000000,0.000000,0.616412,0.049882,0,39,1,-1,30,28,22,110.833000,78.166700,48.333300,0.521262,0.283916,0.380139,0.000052,-0.006786,0.000912,0.000912,4,0,4,fixed,4,4,0,0
1,multi_greedy,4,5,4,1,1,1,3.053261,78.166700,1.017754,28,0.616412,14,0,1,0,0.616412,0.616412,0.000000,0.000000,0.616412,0.049882,0,39,1,1,30,28,22,110.833000,78.166700,48.333300,1.345979,1.049451,1.013705,-0.000121,0.000052,0.003285,0.003285,4,0,4,fixed,4,4,0,0
1,multi_greedy,4,5,5,1,1,2,2.353014,78.166700,0.294127,28,0.616412,14,0,1,0,0.616412,0.616412,0.000000,0.000000,0.616412,0.049882,0,39,1,0,30,28,22,110.833000,78.166700,48.333300,0.504742,0.294041,0.380139,0.005254,0.000052,0.006743,0.006743,4,0,4,fixed,4,4,0,0
1,multi_greedy,4,5,6,2,2,4,0.000000,48.333300,0.827587,22,0.616412,14,0,2,0,0.616412,0.616412,0.000000,0.000000,0.616412,0.049882,0,39,1,-1,30,28,22,110.833000,78.166700,48.333300,0.360903,0.511727,0.827587,-0.011689,-0.006948,0.000052,0.000000,4,0,4,fixed,4,4,0,0
1,multi_greedy,4,5,7,0,0,3,0.000000,110.833000,0.902258,30,0.616412,14,0,0,0,0.616412,0.616412,0.000000,0.000000,0.616412,0.049882,0,39,1,-1,30,28,22,110.833000,78.166700,48.333300,0.902258,1.279317,2.068967,0.000052,0.002622,0.007659,0.007659,4,0,4,fixed,4,4,0,0
1,multi_greedy,4,5,8,1,1,3,0.000000,78.166700,1.279317,28,0.616412,14,0,1,0,0.616412,0.616412,0.000000,0.000000,0.616412,0.049882,0,39,1,1,30,28,22,110.833000,78.166700,48.333300,0.902258,1.279317,2.068967,-0.002498,0.000052,0.005046,0.005046,4,0,4,fixed,4,4,0,0
1,multi_greedy,4,5,9,0,0,2,4.146395,110.833000,0.518299,30,0.616412,14,0,0,0,0.616412,0.616412,0.000000,0.000000,0.616412,0.049882,0,39,1,-1,30,28,22,110.833000,78.166700,48.333300,0.521748,0.283916,0.380139,0.000052,-0.006794,0.000903,0.000903,4,0,4,fixed,4,4,0,0
1,multi_greedy,4,5,10,1,1,1,3.115258,78.166700,1.038419,28,0.616412,14,0,1,0,0.616412,0.616412,0.000000,0.000000,0.616412,0.049882,0,39,1,1,30,28,22,110.833000,78.166700,48.333300,1.345979,1.046499,1.013705,-0.000109,0.000052,0.003297,0.003297,4,0,4,fixed,4,4,0,0
1,multi_greedy,4,5,11,2,2,4,0.000000,48.333300,0.827587,22,0.616412,14,0,2,0,0.616412,0.616412,0.000000,0.000000,0.616412,0.049882,0,39,1,-1,30,28,22,110.833000,78.166700,48.333300,0.360903,0.511727,0.827587,-0.011689,-0.006948,0.000052,0.000000,4,0,4,fixed,4,4,0,0
1,multi_greedy,4,5,12,1,1,3,0.000000,78.166700,1.279317,28,0.616412,14,0,1,0,0.616412,0.616412,0.000000,0.000000,0.616412,0.049882,0,39,1,1,30,28,22,110.833000,78.166700,48.333300,0.902258,1.279317,2.068967,-0.002498,0.000052,0.005046,0.005046,4,0,4,fixed,4,4,0,0
1,multi_greedy,4,5,13,2,2,4,0.000000,48.333300,0.827587,22,0.616412,14,0,2,0,0.616412,0.616412,0.000000,0.000000,0.616412,0.049882,0,39,1,-1,30,28,22,110.833000,78.166700,48.333300,0.360903,0.511727,0.827587,-0.011689,-0.006948,0.000052,0.000000,4,0,4,fixed,4,4,0,0
1,multi_greedy,4,5,14,0,0,2,4.121226,110.833000,0.515153,30,0.616412,14,0,0,0,0.616412,0.616412,0.000000,0.000000,0.616412,0.049882,0,39,1,-1,30,28,22,110.833000,78.166700,48.333300,0.521923,0.283916,0.380139,0.000052,-0.006796,0.000900,0.000900,4,0,4,fixed,4,4,0,0
1,multi_greedy,4,5,15,0,0,3,0.000000,110.833000,0.902258,30,0.616412,14,0,0,0,0.616412,0.616412,0.000000,0.000000,0.616412,0.049882,0,39,1,-1,30,28,22,110.833000,78.166700,48.333300,0.902258,1.279317,2.068967,0.000052,0.002622,0.007659,0.007659,4,0,4,fixed,4,4,0,0
1,multi_greedy,4,5,16,2,2,3,0.000000,48.333300,2.068967,22,0.616412,14,0,2,0,0.616412,0.616412,0.000000,0.000000,0.616412,0.049882,0,39,1,-1,30,28,22,110.833000,78.166700,48.333300,0.902258,1.279317,2.068967,-0.007373,-0.004864,0.000052,0.000000,4,0,4,fixed,4,4,0,0
1,multi_greedy,4,5,17,2,2,3,0.000000,48.333300,2.068967,22,0.616412,14,0,2,0,0.616412,0.616412,0.000000,0.000000,0.616412,0.049882,0,39,1,-1,30,28,22,110.833000,78.166700,48.333300,0.902258,1.279317,2.068967,-0.007373,-0.004864,0.000052,0.000000,4,0,4,fixed,4,4,0,0
1,multi_greedy,4,5,18,2,2,4,0.000000,48.333300,0.827587,22,0.616412,14,0,2,0,0.616412,0.616412,0.000000,0.000000,0.616412,0.049882,0,39,1,-1,30,28,22,110.833000,78.166700,48.333300,0.360903,0.511727,0.827587,-0.011689,-0.006948,0.000052,0.000000,4,0,4,fixed,4,4,0,0
1,multi_greedy,4,5,19,2,2,4,0.000000,48.333300,0.827587,22,0.616412,14,0,2,0,0.616412,0.616412,0.000000,0.000000,0.616412,0.049882,0,39,1,-1,30,28,22,110.833000,78.166700,48.333300,0.360903,0.511727,0.827587,-0.011689,-0.006948,0.000052,0.000000,4,0,4,fixed,4,4,0,0
1,multi_greedy,4,5,20,0,0,2,4.217502,110.833000,0.527188,30,0.616412,14,0,0,0,0.616412,0.616412,0.000000,0.000000,0.616412,0.049882,0,39,1,-1,30,28,22,110.833000,78.166700,48.333300,0.521254,0.283916,0.380139,0.000052,-0.006785,0.000912,0.000912,4,0,4,fixed,4,4,0,0
1,multi_greedy,4,5,21,2,2,4,0.000000,48.333300,0.827587,22,0.616412,14,0,2,0,0.616412,0.616412,0.000000,0.000000,0.616412,0.049882,0,39,1,-1,30,28,22,110.833000,78.166700,48.333300,0.360903,0.511727,0.827587,-0.011689,-0.006948,0.000052,0.000000,4,0,4,fixed,4,4,0,0
1,multi_greedy,4,5,22,1,1,3,0.000000,78.166700,1.279317,28,0.616412,14,0,1,0,0.616412,0.616412,0.000000,0.000000,0.616412,0.049882,0,39,1,1,30,28,22,110.833000,78.166700,48.333300,0.902258,1.279317,2.068967,-0.002498,0.000052,0.005046,0.005046,4,0,4,fixed,4,4,0,0
1,multi_greedy,4,5,23,1,1,1,3.186718,78.166700,1.062239,28,0.616412,14,0,1,0,0.616412,0.616412,0.000000,0.000000,0.616412,0.049882,0,39,1,1,30,28,22,110.833000,78.166700,48.333300,1.345979,1.043096,1.013705,-0.000095,0.000052,0.003311,0.003311,4,0,4,fixed,4,4,0,0
1,multi_greedy,4,5,24,1,1,4,0.000000,78.166700,0.511727,28,0.616412,14,0,1,0,0.616412,0.616412,0.000000,0.000000,0.616412,0.049882,0,39,1,-1,30,28,22,110.833000,78.166700,48.333300,0.360903,0.511727,0.827587,-0.004798,0.000052,0.007214,0.007214,4,0,4,fixed,4,4,0,0
1,multi_greedy,4,5,25,2,2,1,3.202739,48.333300,1.067580,22,0.616412,14,0,2,0,0.616412,0.616412,0.000000,0.000000,0.616412,0.049882,0,39,1,-1,30,28,22,110.833000,78.166700,48.333300,1.345979,1.009438,1.058223,-0.003715,-0.003882,0.000052,0.000000,4,0,4,fixed,4,4,0,0
1,multi_greedy,4,5,26,1,1,3,0.000000,78.166700,1.279317,28,0.616412,14,0,1,0,0.616412,0.616412,0.000000,0.000000,0.616412,0.049882,0,39,1,1,30,28,22,110.833000,78.166700,48.333300,0.902258,1.279317,2.068967,-0.002498,0.000052,0.005046,0.005046,4,0,4,fixed,4,4,0,0
1,multi_greedy,4,5,27,1,1,1,3.050552,78.166700,1.016851,28,0.616412,14,0,1,0,0.616412,0.616412,0.000000,0.000000,0.616412,0.049882,0,39,1,1,30,28,22,110.833000,78.166700,48.333300,1.345979,1.049580,1.013705,-0.000122,0.000052,0.003284,0.003284,4,0,4,fixed,4,4,0,0
1,multi_greedy,4,5,28,0,0,2,4.168295,110.833000,0.521037,30,0.616412,14,0,0,0,0.616412,0.616412,0.000000,0.000000,0.616412,0.049882,0,39,1,-1,30,28,22,110.833000,78.166700,48.333300,0.521596,0.283916,0.380139,0.000052,-0.006791,0.000906,0.000906,4,0,4,fixed,4,4,0,0
1,multi_greedy,4,5,29,2,2,1,3.041550,48.333300,1.013850,22,0.616412,14,0,2,0,0.616412,0.616412,0.000000,0.000000,0.616412,0.049882,0,39,1,-1,30,28,22,110.833000,78.166700,48.333300,1.345979,1.009438,1.068968,-0.003758,-0.003924,0.000052,0.000000,4,0,4,fixed,4,4,0,0
1,multi_greedy,4,5,30,2,2,4,0.000000,48.333300,0.827587,22,0.616412,14,0,2,0,0.616412,0.616412,0.000000,0.000000,0.616412,0.049882,0,39,1,-1,30,28,22,110.833000,78.166700,48.333300,0.360903,0.511727,0.827587,-0.011689,-0.006948,0.000052,0.000000,4,0,4,fixed,4,4,0,0
1,multi_greedy,4,5,31,0,0,2,4.110302,110.833000,0.513788,30,0.616412,14,0,0,0,0.616412,0.616412,0.000000,0.000000,0.616412,0.049882,0,39,1,-1,30,28,22,110.833000,78.166700,48.333300,0.521999,0.283916,0.380139,0.000052,-0.006798,0.000899,0.000899,4,0,4,fixed,4,4,0,0
1,multi_greedy,4,5,32,0,0,4,0.000000,110.833000,0.360903,30,0.616412,14,0,0,0,0.616412,0.616412,0.000000,0.000000,0.616412,0.049882,0,39,1,0,30,28,22,110.833000,78.166700,48.333300,0.360903,0.511727,0.827587,0.000052,0.004978,0.012257,0.012257,4,0,4,fixed,4,4,0,0
1,multi_greedy,4,5,33,0,0,2,4.110291,110.833000,0.513786,30,0.616412,14,0,0,0,0.616412,0.616412,0.000000,0.000000,0.616412,0.049882,0,39,1,-1,30,28,22,110.833000,78.166700,48.333300,0.521999,0.283916,0.380139,0.000052,-0.006798,0.000899,0.000899,4,0,4,fixed,4,4,0,0
1,multi_greedy,4,5,34,0,0,4,0.000000,110.833000,0.360903,30,0.616412,14,0,0,0,0.616412,0.616412,0.000000,0.000000,0.616412,0.049882,0,39,1,0,30,28,22,110.833000,78.166700,48.333300,0.360903,0.511727,0.827587,0.000052,0.004978,0.012257,0.012257,4,0,4,fixed,4,4,0,0
1,multi_greedy,4,5,35,2,2,3,0.000000,48.333300,2.068967,22,0.616412,14,0,2,0,0.616412,0.616412,0.000000,0.000000,0.616412,0.049882,0,39,1,-1,30,28,22,110.833000,78.166700,48.333300,0.902258,1.279317,2.068967,-0.007373,-0.004864,0.000052,0.000000,4,0,4,fixed,4,4,0,0
1,multi_greedy,4,5,36,0,0,4,0.000000,110.833000,0.360903,30,0.616412,14,0,0,0,0.616412,0.616412,0.000000,0.000000,0.616412,0.049882,0,39,1,0,30,28,22,110.833000,78.166700,48.333300,0.360903,0.511727,0.827587,0.000052,0.004978,0.012257,0.012257,4,0,4,fixed,4,4,0,0
1,multi_greedy,4,5,37,1,1,4,0.000000,78.166700,0.511727,28,0.616412,14,0,1,0,0.616412,0.616412,0.000000,0.000000,0.616412,0.049882,0,39,1,-1,30,28,22,110.833000,78.166700,48.333300,0.360903,0.511727,0.827587,-0.004798,0.000052,0.007214,0.007214,4,0,4,fixed,4,4,0,0
1,multi_greedy,4,5,38,2,2,3,0.000000,48.333300,2.068967,22,0.616412,14,0,2,0,0.616412,0.616412,0.000000,0.000000,0.616412,0.049882,0,39,1,-1,30,28,22,110.833000,78.166700,48.333300,0.902258,1.279317,2.068967,-0.007373,-0.004864,0.000052,0.000000,4,0,4,fixed,4,4,0,0
1,multi_greedy,4,5,39,0,0,2,4.215300,110.833000,0.526912,30,0.616412,14,0,0,0,0.616412,0.616412,0.000000,0.000000,0.616412,0.049882,0,39,1,-1,30,28,22,110.833000,78.166700,48.333300,0.521270,0.283916,0.380139,0.000052,-0.006786,0.000911,0.000911,4,0,4,fixed,4,4,0,0
1,multi_greedy,4,5,40,1,1,1,3.138157,78.166700,1.046052,28,0.616412,14,0,1,0,0.616412,0.616412,0.000000,0.000000,0.616412,0.049882,0,39,1,1,30,28,22,110.833000,78.166700,48.333300,1.345979,1.045408,1.013705,-0.000104,0.000052,0.003302,0.003302,4,0,4,fixed,4,4,0,0
1,multi_greedy,4,5,41,0,0,2,4.217478,110.833000,0.527185,30,0.616412,14,0,0,0,0.616412,0.616412,0.000000,0.000000,0.616412,0.049882,0,39,1,-1,30,28,22,110.833000,78.166700,48.333300,0.521255,0.283916,0.380139,0.000052,-0.006785,0.000912,0.000912,4,0,4,fixed,4,4,0,0
1,multi_greedy,4,5,42,1,1,4,0.000000,78.166700,0.511727,28,0.616412,14,0,1,0,0.616412,0.616412,0.000000,0.000000,0.616412,0.049882,0,39,1,-1,30,28,22,110.833000,78.166700,48.333300,0.360903,0.511727,0.827587,-0.004798,0.000052,0.007214,0.007214,4,0,4,fixed,4,4,0,0
1,multi_greedy,4,5,43,0,0,2,4.213148,110.833000,0.526644,30,0.616412,14,0,0,0,0.616412,0.616412,0.000000,0.000000,0.616412,0.049882,0,39,1,-1,30,28,22,110.833000,78.166700,48.333300,0.521285,0.283916,0.380139,0.000052,-0.006786,0.000911,0.000911,4,0,4,fixed,4,4,0,0
1,multi_greedy,4,5,44,0,0,4,0.000000,110.833000,0.360903,30,0.616412,14,0,0,0,0.616412,0.616412,0.000000,0.000000,0.616412,0.049882,0,39,1,0,30,28,22,110.833000,78.166700,48.333300,0.360903,0.511727,0.827587,0.000052,0.004978,0.012257,0.012257,4,0,4,fixed,4,4,0,0
1,multi_greedy,4,5,45,1,1,3,0.000000,78.166700,1.279317,28,0.616412,14,0,1,0,0.616412,0.616412,0.000000,0.000000,0.616412,0.049882,0,39,1,1,30,28,22,110.833000,78.166700,48.333300,0.902258,1.279317,2.068967,-0.002498,0.000052,0.005046,0.005046,4,0,4,fixed,4,4,0,0
1,multi_greedy,4,5,46,0,0,2,4.110291,110.833000,0.513786,30,0.616412,14,0,0,0,0.616412,0.616412,0.000000,0.000000,0.616412,0.049882,0,39,1,-1,30,28,22,110.833000,78.166700,48.333300,0.521999,0.283916,0.380139,0.000052,-0.006798,0.000899,0.000899,4,0,4,fixed,4,4,0,0
1,multi_greedy,4,5,47,0,0,2,4.120231,110.833000,0.515029,30,0.616412,14,0,0,0,0.616412,0.616412,0.000000,0.000000,0.616412,0.049882,0,39,1,-1,30,28,22,110.833000,78.166700,48.333300,0.521930,0.283916,0.380139,0.000052,-0.006797,0.000900,0.000900,4,0,4,fixed,4,4,0,0
1,multi_greedy,4,5,48,0,0,4,0.000000,110.833000,0.360903,30,0.616412,14,0,0,0,0.616412,0.616412,0.000000,0.000000,0.616412,0.049882,0,39,1,0,30,28,22,110.833000,78.166700,48.333300,0.360903,0.511727,0.827587,0.000052,0.004978,0.012257,0.012257,4,0,4,fixed,4,4,0,0
1,multi_greedy,4,5,49,1,1,2,2.352942,78.166700,0.294118,28,0.616412,14,0,1,0,0.616412,0.616412,0.000000,0.000000,0.616412,0.049882,0,39,1,0,30,28,22,110.833000,78.166700,48.333300,0.504742,0.294043,0.380139,0.005254,0.000052,0.006743,0.006743,4,0,4,fixed,4,4,0,0
1,multi_greedy,4,5,50,0,0,4,0.000000,110.833000,0.360903,30,0.616412,14,0,0,0,0.616412,0.616412,0.000000,0.000000,0.616412,0.049882,0,39,1,0,30,28,22,110.833000,78.166700,48.333300,0.360903,0.511727,0.827587,0.000052,0.004978,0.012257,0.012257,4,0,4,fixed,4,4,0,0
1,multi_greedy,4,5,51,1,1,2,2.349766,78.166700,0.293721,28,0.616412,14,1,1,0,0.616412,0.616412,0.000000,0.000000,0.616412,0.049882,0,39,1,0,30,28,22,110.833000,78.166700,48.333300,0.504742,0.294123,0.380139,0.005249,0.000052,0.006738,0.006738,4,0,4,fixed,4,4,0,0
1,multi_greedy,4,5,52,1,1,1,3.132488,78.166700,1.044163,28,0.616412,14,0,1,0,0.616412,0.616412,0.000000,0.000000,0.616412,0.049882,0,39,1,1,30,28,22,110.833000,78.166700,48.333300,1.345979,1.045678,1.013705,-0.000106,0.000052,0.003300,0.003300,4,0,4,fixed,4,4,0,0
1,multi_greedy,4,5,53,1,1,2,2.350834,78.166700,0.293854,28,0.616412,14,0,1,0,0.616412,0.616412,0.000000,0.000000,0.616412,0.049882,0,39,1,0,30,28,22,110.833000,78.166700,48.333300,0.504742,0.294096,0.380139,0.005251,0.000052,0.006740,0.006740,4,0,4,fixed,4,4,0,0
1,multi_greedy,4,5,54,1,1,4,0.000000,78.166700,0.511727,28,0.616412,14,0,1,0,0.616412,0.616412,0.000000,0.000000,0.616412,0.049882,0,39,1,-1,30,28,22,110.833000,78.166700,48.333300,0.360903,0.511727,0.827587,-0.004798,0.000052,0.007214,0.007214,4,0,4,fixed,4,4,0,0
1,multi_greedy,4,5,55,0,0,2,4.217481,110.833000,0.527185,30,0.616412,14,0,0,0,0.616412,0.616412,0.000000,0.000000,0.616412,0.049882,0,39,1,-1,30,28,22,110.833000,78.166700,48.333300,0.521255,0.283916,0.380139,0.000052,-0.006785,0.000912,0.000912,4,0,4,fixed,4,4,0,0
1,multi_greedy,4,5,56,0,0,4,0.000000,110.833000,0.360903,30,0.616412,14,0,0,0,0.616412,0.616412,0.000000,0.000000,0.616412,0.049882,0,39,1,0,30,28,22,110.833000,78.166700,48.333300,0.360903,0.511727,0.827587,0.000052,0.004978,0.012257,0.012257,4,0,4,fixed,4,4,0,0
1,multi_greedy,4,5,57,2,2,3,0.000000,48.333300,2.068967,22,0.616412,14,0,2,0,0.616412,0.616412,0.000000,0.000000,0.616412,0.049882,0,39,1,-1,30,28,22,110.833000,78.166700,48.333300,0.902258,1.279317,2.068967,-0.007373,-0.004864,0.000052,0.000000,4,0,4,fixed,4,4,0,0
1,multi_greedy,4,5,58,1,1,1,3.202407,78.166700,1.067469,28,0.616412,14,0,1,0,0.616412,0.616412,0.000000,0.000000,0.616412,0.049882,0,39,1,1,30,28,22,110.833000,78.166700,48.333300,1.345979,1.042349,1.013705,-0.000092,0.000052,0.003315,0.003315,4,0,4,fixed,4,4,0,0
1,multi_greedy,4,5,59,1,1,4,0.000000,78.166700,0.511727,28,0.616412,14,0,1,0,0.616412,0.616412,0.000000,0.000000,0.616412,0.049882,0,39,1,-1,30,28,22,110.833000,78.166700,48.333300,0.360903,0.511727,0.827587,-0.004798,0.000052,0.007214,0.007214,4,0,4,fixed,4,4,0,0
1,multi_greedy,4,5,60,1,1,3,0.000000,78.166700,1.279317,28,0.616412,14,0,1,0,0.616412,0.616412,0.000000,0.000000,0.616412,0.049882,0,39,1,1,30,28,22,110.833000,78.166700,48.333300,0.902258,1.279317,2.068967,-0.002498,0.000052,0.005046,0.005046,4,0,4,fixed,4,4,0,0
1,multi_greedy,4,5,61,1,1,4,0.000000,78.166700,0.511727,28,0.616412,14,0,1,0,0.616412,0.616412,0.000000,0.000000,0.616412,0.049882,0,39,1,-1,30,28,22,110.833000,78.166700,48.333300,0.360903,0.511727,0.827587,-0.004798,0.000052,0.007214,0.007214,4,0,4,fixed,4,4,0,0
1,multi_greedy,4,5,62,0,0,3,0.000000,110.833000,0.902258,30,0.616412,14,0,0,0,0.616412,0.616412,0.000000,0.000000,0.616412,0.049882,0,39,1,-1,30,28,22,110.833000,78.166700,48.333300,0.902258,1.279317,2.068967,0.000052,0.002622,0.007659,0.007659,4,0,4,fixed,4,4,0,0
1,multi_greedy,4,5,63,0,0,2,4.215295,110.833000,0.526912,30,0.616412,14,0,0,0,0.616412,0.616412,0.000000,0.000000,0.616412,0.049882,0,39,1,-1,30,28,22,110.833000,78.166700,48.333300,0.521270,0.283916,0.380139,0.000052,-0.006786,0.000911,0.000911,4,0,4,fixed,4,4,0,0
1,multi_greedy,4,5,64,1,1,4,0.000000,78.166700,0.511727,28,0.616412,14,0,1,0,0.616412,0.616412,0.000000,0.000000,0.616412,0.049882,0,39,1,-1,30,28,22,110.833000,78.166700,48.333300,0.360903,0.511727,0.827587,-0.004798,0.000052,0.007214,0.007214,4,0,4,fixed,4,4,0,0
1,multi_greedy,4,5,65,1,1,2,2.352952,78.166700,0.294119,28,0.616412,14,0,1,0,0.616412,0.616412,0.000000,0.000000,0.616412,0.049882,0,39,1,0,30,28,22,110.833000,78.166700,48.333300,0.504742,0.294043,0.380139,0.005254,0.000052,0.006743,0.006743,4,0,4,fixed,4,4,0,0
1,multi_greedy,4,5,66,2,2,4,0.000000,48.333300,0.827587,22,0.616412,14,0,2,0,0.616412,0.616412,0.000000,0.000000,0.616412,0.049882,0,39,1,-1,30,28,22,110.833000,78.166700,48.333300,0.360903,0.511727,0.827587,-0.011689,-0.006948,0.000052,0.000000,4,0,4,fixed,4,4,0,0
1,multi_greedy,4,5,67,2,2,4,0.000000,48.333300,0.827587,22,0.616412,14,0,2,0,0.616412,0.616412,0.000000,0.000000,0.616412,0.049882,0,39,1,-1,30,28,22,110.833000,78.166700,48.333300,0.360903,0.511727,0.827587,-0.011689,-0.006948,0.000052,0.000000,4,0,4,fixed,4,4,0,0
1,multi_greedy,4,5,68,0,0,2,4.215295,110.833000,0.526912,30,0.616412,14,0,0,0,0.616412,0.616412,0.000000,0.000000,0.616412,0.049882,0,39,1,-1,30,28,22,110.833000,78.166700,48.333300,0.521270,0.283916,0.380139,0.000052,-0.006786,0.000911,0.000911,4,0,4,fixed,4,4,0,0
1,multi_greedy,4,5,69,0,0,4,0.000000,110.833000,0.360903,30,0.616412,14,0,0,0,0.616412,0.616412,0.000000,0.000000,0.616412,0.049882,0,39,1,0,30,28,22,110.833000,78.166700,48.333300,0.360903,0.511727,0.827587,0.000052,0.004978,0.012257,0.012257,4,0,4,fixed,4,4,0,0
1,multi_greedy,4,5,70,2,2,1,3.139869,48.333300,1.046623,22,0.616412,14,0,2,0,0.616412,0.616412,0.000000,0.000000,0.616412,0.049882,0,39,1,-1,30,28,22,110.833000,78.166700,48.333300,1.345979,1.009438,1.062414,-0.003732,-0.003898,0.000052,0.000000,4,0,4,fixed,4,4,0,0
1,multi_greedy,4,5,71,2,2,3,0.000000,48.333300,2.068967,22,0.616412,14,0,2,0,0.616412,0.616412,0.000000,0.000000,0.616412,0.049882,0,39,1,-1,30,28,22,110.833000,78.166700,48.333300,0.902258,1.279317,2.068967,-0.007373,-0.004864,0.000052,0.000000,4,0,4,fixed,4,4,0,0
1,multi_greedy,4,5,72,2,2,1,3.178938,48.333300,1.059646,22,0.616412,14,0,2,0,0.616412,0.616412,0.000000,0.000000,0.616412,0.049882,0,39,1,-1,30,28,22,110.833000,78.166700,48.333300,1.345979,1.009438,1.059809,-0.003722,-0.003888,0.000052,0.000000,4,0,4,fixed,4,4,0,0
1,multi_greedy,4,5,73,2,2,1,3.308983,48.333300,1.102994,22,0.616412,14,0,2,0,0.616412,0.616412,0.000000,0.000000,0.616412,0.049882,0,39,1,-1,30,28,22,110.833000,78.166700,48.333300,1.345979,1.009438,1.051140,-0.003687,-0.003853,0.000052,0.000000,4,0,4,fixed,4,4,0,0
1,multi_greedy,4,5,74,2,2,1,3.203998,48.333300,1.067999,22,0.616412,14,0,2,0,0.616412,0.616412,0.000000,0.000000,0.616412,0.049882,0,39,1,-1,30,28,22,110.833000,78.166700,48.333300,1.345979,1.009438,1.058139,-0.003715,-0.003881,0.000052,0.000000,4,0,4,fixed,4,4,0,0
1,multi_greedy,4,5,75,0,0,2,4.216282,110.833000,0.527035,30,0.616412,14,0,0,0,0.616412,0.616412,0.000000,0.000000,0.616412,0.049882,0,39,1,-1,30,28,22,110.833000,78.166700,48.333300,0.521263,0.283916,0.380139,0.000052,-0.006786,0.000912,0.000912,4,0,4,fixed,4,4,0,0
1,multi_greedy,4,5,76,1,1,1,3.212891,78.166700,1.070964,28,0.616412,14,0,1,0,0.616412,0.616412,0.000000,0.000000,0.616412,0.049882,0,39,1,1,30,28,22,110.833000,78.166700,48.333300,1.345979,1.041850,1.013705,-0.000089,0.000052,0.003317,0.003317,4,0,4,fixed,4,4,0,0
1,multi_greedy,4,5,77,1,1,3,0.000000,78.166700,1.279317,28,0.616412,14,0,1,0,0.616412,0.616412,0.000000,0.000000,0.616412,0.049882,0,39,1,1,30,28,22,110.833000,78.166700,48.333300,0.902258,1.279317,2.068967,-0.002498,0.000052,0.005046,0.005046,4,0,4,fixed,4,4,0,0
1,multi_greedy,4,5,78,0,0,2,4.115825,110.833000,0.514478,30,0.616412,14,0,0,0,0.616412,0.616412,0.000000,0.000000,0.616412,0.049882,0,39,1,-1,30,28,22,110.833000,78.166700,48.333300,0.521961,0.283916,0.380139,0.000052,-0.006797,0.000900,0.000900,4,0,4,fixed,4,4,0,0
1,multi_greedy,4,5,79,1,1,2,2.355165,78.166700,0.294396,28,0.616412,14,0,1,0,0.616412,0.616412,0.000000,0.000000,0.616412,0.049882,0,39,1,0,30,28,22,110.833000,78.166700,48.333300,0.504742,0.293988,0.380139,0.005256,0.000052,0.006746,0.006746,4,0,4,fixed,4,4,0,0
1,multi_greedy,4,5,80,0,0,2,4.215330,110.833000,0.526916,30,0.616412,14,0,0,0,0.616412,0.616412,0.000000,0.000000,0.616412,0.049882,0,39,1,-1,30,28,22,110.833000,78.166700,48.333300,0.521270,0.283916,0.380139,0.000052,-0.006786,0.000911,0.000911,4,0,4,fixed,4,4,0,0
