seed,method,effective_method,bootstrap_cycle_flag,max_switches,cycle_id,ue_id,previous_bs_id,current_bs_id,app_type,tp_mbps,rtt_ms,satisfaction,num_users_on_current_bs,harmonic_mean,num_unsatisfied_users,target_ue_flag,action_selected_bs_id,switch_flag,h_before,h_after_estimated,reward,estimated_reward,h_after_measured,measured_reward,switch_count,num_degraded_users,measurement_valid,candidate_type,num_users_ap0,num_users_ap1,num_users_ap2,monitor_rtt_ap0,monitor_rtt_ap1,monitor_rtt_ap2,estimated_satisfaction_if_ap0,estimated_satisfaction_if_ap1,estimated_satisfaction_if_ap2,estimated_h_delta_if_ap0,estimated_h_delta_if_ap1,estimated_h_delta_if_ap2,best_estimated_h_delta,effective_max_switches,applied_switches_in_cycle,remaining_switch_budget,k_schedule_type,k_max,k_min,k_decay_rate,stop_action_flag,assignment_compute_ms,warmup_before_cycle_sec,cycle_start_offset_sec
1002,logistic,logistic,0,8,1,1,0,0,4,0.000000,92.166700,0.433996,35,0.175316,46,0,2,1,0.175316,0.764386,0.589070,0.589070,0.175316,0.000000,72,0,1,0,35,31,34,92.166700,81.000000,65.833300,0.433996,0.493827,0.607595,0.098591,0.097998,0.094790,0.097998,8,72,0,fixed,8,8,0,0,43.454409,3.000000,4.000000
1002,logistic,logistic,0,8,1,2,0,0,2,5.393415,92.166700,0.674177,35,0.175316,46,0,0,0,0.175316,0.764386,0.589070,0.589070,0.175316,0.000000,72,0,1,-1,35,31,34,92.166700,81.000000,65.833300,0.588970,0.203524,0.078171,0.098591,0.095377,0.086446,0.095377,8,72,0,fixed,8,8,0,0,43.454409,3.000000,4.000000
1002,logistic,logistic,0,8,1,3,1,1,1,3.164247,81.000000,1.054749,31,0.175316,46,0,1,0,0.175316,0.764386,0.589070,0.589070,0.175316,0.000000,72,0,1,-1,35,31,34,92.166700,81.000000,65.833300,1.108534,1.068824,0.543591,0.099399,0.098591,0.094409,0.099399,8,72,0,fixed,8,8,0,0,43.454409,3.000000,4.000000
1002,logistic,logistic,0,8,1,4,1,1,2,2.058940,81.000000,0.257368,31,0.175316,46,0,0,1,0.175316,0.764386,0.589070,0.589070,0.175316,0.000000,72,0,1,0,35,31,34,92.166700,81.000000,65.833300,0.581814,0.204836,0.078171,0.101683,0.098591,0.089317,0.101683,8,72,0,fixed,8,8,0,0,43.454409,3.000000,4.000000
1002,logistic,logistic,0,8,1,5,2,2,1,1.662122,65.833300,0.554041,34,0.175316,46,0,1,1,0.175316,0.764386,0.589070,0.589070,0.175316,0.000000,72,0,1,-1,35,31,34,92.166700,81.000000,65.833300,1.108534,1.033476,0.560964,0.103652,0.102771,0.098591,0.103652,8,72,0,fixed,8,8,0,0,43.454409,3.000000,4.000000
1002,logistic,logistic,0,8,1,6,0,0,3,0.000000,92.166700,1.084991,35,0.175316,46,0,2,1,0.175316,0.764386,0.589070,0.589070,0.175316,0.000000,72,0,1,1,35,31,34,92.166700,81.000000,65.833300,1.084991,1.234568,1.518988,0.098591,0.097873,0.094502,0.097873,8,72,0,fixed,8,8,0,0,43.454409,3.000000,4.000000
1002,logistic,logistic,0,8,1,7,0,0,4,0.000000,92.166700,0.433996,35,0.175316,46,0,2,1,0.175316,0.764386,0.589070,0.589070,0.175316,0.000000,72,0,1,0,35,31,34,92.166700,81.000000,65.833300,0.433996,0.493827,0.607595,0.098591,0.097998,0.094790,0.097998,8,72,0,fixed,8,8,0,0,43.454409,3.000000,4.000000
1002,logistic,logistic,0,8,1,8,2,2,4,0.000000,65.833300,0.607595,34,0.175316,46,0,2,0,0.175316,0.764386,0.589070,0.589070,0.175316,0.000000,72,0,1,-1,35,31,34,92.166700,81.000000,65.833300,0.433996,0.493827,0.607595,0.102500,0.101891,0.098591,0.102500,8,72,0,fixed,8,8,0,0,43.454409,3.000000,4.000000
1002,logistic,logistic,0,8,1,9,2,2,3,0.000000,65.833300,1.518988,34,0.175316,46,0,2,0,0.175316,0.764386,0.589070,0.589070,0.175316,0.000000,72,0,1,1,35,31,34,92.166700,81.000000,65.833300,1.084991,1.234568,1.518988,0.102805,0.102066,0.098591,0.102805,8,72,0,fixed,8,8,0,0,43.454409,3.000000,4.000000
1002,logistic,logistic,0,8,1,10,1,1,2,2.060033,81.000000,0.257504,31,0.175316,46,0,0,1,0.175316,0.764386,0.589070,0.589070,0.175316,0.000000,72,0,1,0,35,31,34,92.166700,81.000000,65.833300,0.581814,0.204821,0.078171,0.101683,0.098591,0.089317,0.101683,8,72,0,fixed,8,8,0,0,43.454409,3.000000,4.000000
1002,logistic,logistic,0,8,1,11,1,1,4,0.000000,81.000000,0.493827,31,0.175316,46,0,2,1,0.175316,0.764386,0.589070,0.589070,0.175316,0.000000,72,0,1,0,35,31,34,92.166700,81.000000,65.833300,0.433996,0.493827,0.607595,0.099186,0.098591,0.095368,0.099186,8,72,0,fixed,8,8,0,0,43.454409,3.000000,4.000000
1002,logistic,logistic,0,8,1,12,1,1,2,2.060069,81.000000,0.257509,31,0.175316,46,0,0,1,0.175316,0.764386,0.589070,0.589070,0.175316,0.000000,72,0,1,0,35,31,34,92.166700,81.000000,65.833300,0.581814,0.204821,0.078171,0.101683,0.098591,0.089317,0.101683,8,72,0,fixed,8,8,0,0,43.454409,3.000000,4.000000
1002,logistic,logistic,0,8,1,13,0,0,4,0.000000,92.166700,0.433996,35,0.175316,46,0,2,1,0.175316,0.764386,0.589070,0.589070,0.175316,0.000000,72,0,1,0,35,31,34,92.166700,81.000000,65.833300,0.433996,0.493827,0.607595,0.098591,0.097998,0.094790,0.097998,8,72,0,fixed,8,8,0,0,43.454409,3.000000,4.000000
1002,logistic,logistic,0,8,1,14,0,0,3,0.000000,92.166700,1.084991,35,0.175316,46,0,2,1,0.175316,0.764386,0.589070,0.589070,0.175316,0.000000,72,0,1,1,35,31,34,92.166700,81.000000,65.833300,1.084991,1.234568,1.518988,0.098591,0.097873,0.094502,0.097873,8,72,0,fixed,8,8,0,0,43.454409,3.000000,4.000000
1002,logistic,logistic,0,8,1,15,2,2,1,1.649292,65.833300,0.549764,34,0.175316,46,0,1,1,0.175316,0.764386,0.589070,0.589070,0.175316,0.000000,72,0,1,-1,35,31,34,92.166700,81.000000,65.833300,1.108534,1.033476,0.562033,0.103650,0.102769,0.098591,0.103650,8,72,0,fixed,8,8,0,0,43.454409,3.000000,4.000000
1002,logistic,logistic,0,8,1,16,0,0,4,0.000000,92.166700,0.433996,35,0.175316,46,0,2,1,0.175316,0.764386,0.589070,0.589070,0.175316,0.000000,72,0,1,0,35,31,34,92.166700,81.000000,65.833300,0.433996,0.493827,0.607595,0.098591,0.097998,0.094790,0.097998,8,72,0,fixed,8,8,0,0,43.454409,3.000000,4.000000
1002,logistic,logistic,0,8,1,17,2,2,3,0.000000,65.833300,1.518988,34,0.175316,46,0,2,0,0.175316,0.764386,0.589070,0.589070,0.175316,0.000000,72,0,1,1,35,31,34,92.166700,81.000000,65.833300,1.084991,1.234568,1.518988,0.102805,0.102066,0.098591,0.102805,8,72,0,fixed,8,8,0,0,43.454409,3.000000,4.000000
1002,logistic,logistic,0,8,1,18,0,0,1,3.505966,92.166700,1.168655,35,0.175316,46,0,1,1,0.175316,0.764386,0.589070,0.589070,0.175316,0.000000,72,0,1,1,35,31,34,92.166700,81.000000,65.833300,1.137046,1.033476,0.543591,0.098591,0.097706,0.093596,0.097706,8,72,0,fixed,8,8,0,0,43.454409,3.000000,4.000000
1002,logistic,logistic,0,8,1,19,2,2,2,0.634966,65.833300,0.079371,34,0.175316,46,0,0,1,0.175316,0.764386,0.589070,0.589070,0.175316,0.000000,72,0,1,0,35,31,34,92.166700,81.000000,65.833300,0.581814,0.203524,0.080539,0.111250,0.107790,0.098591,0.111250,8,72,0,fixed,8,8,0,0,43.454409,3.000000,4.000000
1002,logistic,logistic,0,8,1,20,1,1,4,0.000000,81.000000,0.493827,31,0.175316,46,0,2,1,0.175316,0.764386,0.589070,0.589070,0.175316,0.000000,72,0,1,0,35,31,34,92.166700,81.000000,65.833300,0.433996,0.493827,0.607595,0.099186,0.098591,0.095368,0.099186,8,72,0,fixed,8,8,0,0,43.454409,3.000000,4.000000
1002,logistic,logistic,0,8,1,21,2,2,2,0.643734,65.833300,0.080467,34,0.175316,46,0,0,1,0.175316,0.764386,0.589070,0.589070,0.175316,0.000000,72,0,1,0,35,31,34,92.166700,81.000000,65.833300,0.581814,0.203524,0.080471,0.111259,0.107798,0.098591,0.111259,8,72,0,fixed,8,8,0,0,43.454409,3.000000,4.000000
1002,logistic,logistic,0,8,1,22,1,1,3,0.000000,81.000000,1.234568,31,0.175316,46,0,2,1,0.175316,0.764386,0.589070,0.589070,0.175316,0.000000,72,0,1,-1,35,31,34,92.166700,81.000000,65.833300,1.084991,1.234568,1.518988,0.099312,0.098591,0.095201,0.099312,8,72,0,fixed,8,8,0,0,43.454409,3.000000,4.000000
1002,logistic,logistic,0,8,1,23,0,0,3,0.000000,92.166700,1.084991,35,0.175316,46,0,2,1,0.175316,0.764386,0.589070,0.589070,0.175316,0.000000,72,0,1,1,35,31,34,92.166700,81.000000,65.833300,1.084991,1.234568,1.518988,0.098591,0.097873,0.094502,0.097873,8,72,0,fixed,8,8,0,0,43.454409,3.000000,4.000000
1002,logistic,logistic,0,8,1,24,1,1,1,3.231156,81.000000,1.077052,31,0.175316,46,0,1,0,0.175316,0.764386,0.589070,0.589070,0.175316,0.000000,72,0,1,-1,35,31,34,92.166700,81.000000,65.833300,1.108534,1.065107,0.543591,0.099401,0.098591,0.094411,0.099401,8,72,0,fixed,8,8,0,0,43.454409,3.000000,4.000000
1002,logistic,logistic,0,8,1,25,1,1,2,2.060068,81.000000,0.257508,31,0.175316,46,0,0,1,0.175316,0.764386,0.589070,0.589070,0.175316,0.000000,72,0,1,0,35,31,34,92.166700,81.000000,65.833300,0.581814,0.204821,0.078171,0.101683,0.098591,0.089317,0.101683,8,72,0,fixed,8,8,0,0,43.454409,3.000000,4.000000
1002,logistic,logistic,0,8,1,26,2,2,4,0.000000,65.833300,0.607595,34,0.175316,46,0,2,0,0.175316,0.764386,0.589070,0.589070,0.175316,0.000000,72,0,1,-1,35,31,34,92.166700,81.000000,65.833300,0.433996,0.493827,0.607595,0.102500,0.101891,0.098591,0.102500,8,72,0,fixed,8,8,0,0,43.454409,3.000000,4.000000
1002,logistic,logistic,0,8,1,27,1,1,2,2.059998,81.000000,0.257500,31,0.175316,46,0,0,1,0.175316,0.764386,0.589070,0.589070,0.175316,0.000000,72,0,1,0,35,31,34,92.166700,81.000000,65.833300,0.581814,0.204822,0.078171,0.101683,0.098591,0.089317,0.101683,8,72,0,fixed,8,8,0,0,43.454409,3.000000,4.000000
1002,logistic,logistic,0,8,1,28,2,2,2,0.643699,65.833300,0.080462,34,0.175316,46,0,0,1,0.175316,0.764386,0.589070,0.589070,0.175316,0.000000,72,0,1,0,35,31,34,92.166700,81.000000,65.833300,0.581814,0.203524,0.080471,0.111259,0.107798,0.098591,0.111259,8,72,0,fixed,8,8,0,0,43.454409,3.000000,4.000000
1002,logistic,logistic,0,8,1,29,2,2,2,0.643723,65.833300,0.080465,34,0.175316,46,0,0,1,0.175316,0.764386,0.589070,0.589070,0.175316,0.000000,72,0,1,0,35,31,34,92.166700,81.000000,65.833300,0.581814,0.203524,0.080471,0.111259,0.107798,0.098591,0.111259,8,72,0,fixed,8,8,0,0,43.454409,3.000000,4.000000
1002,logistic,logistic,0,8,1,30,0,0,3,0.000000,92.166700,1.084991,35,0.175316,46,0,2,1,0.175316,0.764386,0.589070,0.589070,0.175316,0.000000,72,0,1,1,35,31,34,92.166700,81.000000,65.833300,1.084991,1.234568,1.518988,0.098591,0.097873,0.094502,0.097873,8,72,0,fixed,8,8,0,0,43.454409,3.000000,4.000000
1002,logistic,logistic,0,8,1,31,0,0,1,3.504798,92.166700,1.168266,35,0.175316,46,0,1,1,0.175316,0.764386,0.589070,0.589070,0.175316,0.000000,72,0,1,1,35,31,34,92.166700,81.000000,65.833300,1.137089,1.033476,0.543591,0.098591,0.097706,0.093596,0.097706,8,72,0,fixed,8,8,0,0,43.454409,3.000000,4.000000
1002,logistic,logistic,0,8,1,32,1,1,1,3.359277,81.000000,1.119759,31,0.175316,46,0,1,0,0.175316,0.764386,0.589070,0.589070,0.175316,0.000000,72,0,1,-1,35,31,34,92.166700,81.000000,65.833300,1.108534,1.057989,0.543591,0.099406,0.098591,0.094416,0.099406,8,72,0,fixed,8,8,0,0,43.454409,3.000000,4.000000
1002,logistic,logistic,0,8,1,33,0,0,2,4.640272,92.166700,0.580034,35,0.175316,46,0,0,0,0.175316,0.764386,0.589070,0.589070,0.175316,0.000000,72,0,1,-1,35,31,34,92.166700,81.000000,65.833300,0.600738,0.203524,0.078171,0.098591,0.095353,0.086424,0.095353,8,72,0,fixed,8,8,0,0,43.454409,3.000000,4.000000
1002,logistic,logistic,0,8,1,34,2,2,2,0.643686,65.833300,0.080461,34,0.175316,46,0,0,1,0.175316,0.764386,0.589070,0.589070,0.175316,0.000000,72,0,1,0,35,31,34,92.166700,81.000000,65.833300,0.581814,0.203524,0.080471,0.111259,0.107798,0.098591,0.111259,8,72,0,fixed,8,8,0,0,43.454409,3.000000,4.000000
1002,logistic,logistic,0,8,1,35,1,1,2,0.040411,81.000000,0.005051,31,0.175316,46,1,0,1,0.175316,0.764386,0.589070,0.589070,0.175316,0.000000,72,0,1,0,35,31,34,92.166700,81.000000,65.833300,0.581814,0.232871,0.078171,0.101247,0.098591,0.088920,0.101247,8,72,0,fixed,8,8,0,0,43.454409,3.000000,4.000000
1002,logistic,logistic,0,8,1,36,2,2,3,0.000000,65.833300,1.518988,34,0.175316,46,0,2,0,0.175316,0.764386,0.589070,0.589070,0.175316,0.000000,72,0,1,1,35,31,34,92.166700,81.000000,65.833300,1.084991,1.234568,1.518988,0.102805,0.102066,0.098591,0.102805,8,72,0,fixed,8,8,0,0,43.454409,3.000000,4.000000
1002,logistic,logistic,0,8,1,37,0,0,2,4.640248,92.166700,0.580031,35,0.175316,46,0,0,0,0.175316,0.764386,0.589070,0.589070,0.175316,0.000000,72,0,1,-1,35,31,34,92.166700,81.000000,65.833300,0.600738,0.203524,0.078171,0.098591,0.095353,0.086424,0.095353,8,72,0,fixed,8,8,0,0,43.454409,3.000000,4.000000
1002,logistic,logistic,0,8,1,38,2,2,4,0.000000,65.833300,0.607595,34,0.175316,46,0,2,0,0.175316,0.764386,0.589070,0.589070,0.175316,0.000000,72,0,1,-1,35,31,34,92.166700,81.000000,65.833300,0.433996,0.493827,0.607595,0.102500,0.101891,0.098591,0.102500,8,72,0,fixed,8,8,0,0,43.454409,3.000000,4.000000
1002,logistic,logistic,0,8,1,39,0,0,2,4.640260,92.166700,0.580032,35,0.175316,46,0,0,0,0.175316,0.764386,0.589070,0.589070,0.175316,0.000000,72,0,1,-1,35,31,34,92.166700,81.000000,65.833300,0.600738,0.203524,0.078171,0.098591,0.095353,0.086424,0.095353,8,72,0,fixed,8,8,0,0,43.454409,3.000000,4.000000
1002,logistic,logistic,0,8,1,40,2,2,4,0.000000,65.833300,0.607595,34,0.175316,46,0,2,0,0.175316,0.764386,0.589070,0.589070,0.175316,0.000000,72,0,1,-1,35,31,34,92.166700,81.000000,65.833300,0.433996,0.493827,0.607595,0.102500,0.101891,0.098591,0.102500,8,72,0,fixed,8,8,0,0,43.454409,3.000000,4.000000
1002,logistic,logistic,0,8,1,41,0,0,4,0.000000,92.166700,0.433996,35,0.175316,46,0,2,1,0.175316,0.764386,0.589070,0.589070,0.175316,0.000000,72,0,1,0,35,31,34,92.166700,81.000000,65.833300,0.433996,0.493827,0.607595,0.098591,0.097998,0.094790,0.097998,8,72,0,fixed,8,8,0,0,43.454409,3.000000,4.000000
1002,logistic,logistic,0,8,1,42,0,0,1,3.504133,92.166700,1.168044,35,0.175316,46,0,1,1,0.175316,0.764386,0.589070,0.589070,0.175316,0.000000,72,0,1,1,35,31,34,92.166700,81.000000,65.833300,1.137114,1.033476,0.543591,0.098591,0.097706,0.093596,0.097706,8,72,0,fixed,8,8,0,0,43.454409,3.000000,4.000000
1002,logistic,logistic,0,8,1,43,2,2,1,1.724434,65.833300,0.574811,34,0.175316,46,0,1,1,0.175316,0.764386,0.589070,0.589070,0.175316,0.000000,72,0,1,-1,35,31,34,92.166700,81.000000,65.833300,1.108534,1.033476,0.555771,0.103665,0.102784,0.098591,0.103665,8,72,0,fixed,8,8,0,0,43.454409,3.000000,4.000000
1002,logistic,logistic,0,8,1,44,0,0,1,3.505912,92.166700,1.168637,35,0.175316,46,0,1,1,0.175316,0.764386,0.589070,0.589070,0.175316,0.000000,72,0,1,1,35,31,34,92.166700,81.000000,65.833300,1.137048,1.033476,0.543591,0.098591,0.097706,0.093596,0.097706,8,72,0,fixed,8,8,0,0,43.454409,3.000000,4.000000
1002,logistic,logistic,0,8,1,45,1,1,3,0.000000,81.000000,1.234568,31,0.175316,46,0,2,1,0.175316,0.764386,0.589070,0.589070,0.175316,0.000000,72,0,1,-1,35,31,34,92.166700,81.000000,65.833300,1.084991,1.234568,1.518988,0.099312,0.098591,0.095201,0.099312,8,72,0,fixed,8,8,0,0,43.454409,3.000000,4.000000
1002,logistic,logistic,0,8,1,46,0,0,2,4.640272,92.166700,0.580034,35,0.175316,46,0,0,0,0.175316,0.764386,0.589070,0.589070,0.175316,0.000000,72,0,1,-1,35,31,34,92.166700,81.000000,65.833300,0.600738,0.203524,0.078171,0.098591,0.095353,0.086424,0.095353,8,72,0,fixed,8,8,0,0,43.454409,3.000000,4.000000
1002,logistic,logistic,0,8,1,47,0,0,4,0.000000,92.166700,0.433996,35,0.175316,46,0,2,1,0.175316,0.764386,0.589070,0.589070,0.175316,0.000000,72,0,1,0,35,31,34,92.166700,81.000000,65.833300,0.433996,0.493827,0.607595,0.098591,0.097998,0.094790,0.097998,8,72,0,fixed,8,8,0,0,43.454409,3.000000,4.000000
1002,logistic,logistic,0,8,1,48,0,0,3,0.000000,92.166700,1.084991,35,0.175316,46,0,2,1,0.175316,0.764386,0.589070,0.589070,0.175316,0.000000,72,0,1,1,35,31,34,92.166700,81.000000,65.833300,1.084991,1.234568,1.518988,0.098591,0.097873,0.094502,0.097873,8,72,0,fixed,8,8,0,0,43.454409,3.000000,4.000000
1002,logistic,logistic,0,8,1,49,0,0,1,3.505966,92.166700,1.168655,35,0.175316,46,0,1,1,0.175316,0.764386,0.589070,0.589070,0.175316,0.000000,72,0,1,1,35,31,34,92.166700,81.000000,65.833300,1.137046,1.033476,0.543591,0.098591,0.097706,0.093596,0.097706,8,72,0,fixed,8,8,0,0,43.454409,3.000000,4.000000
1002,logistic,logistic,0,8,1,50,0,0,2,4.656700,92.166700,0.582088,35,0.175316,46,0,0,0,0.175316,0.764386,0.589070,0.589070,0.175316,0.000000,72,0,1,-1,35,31,34,92.166700,81.000000,65.833300,0.600481,0.203524,0.078171,0.098591,0.095354,0.086424,0.095354,8,72,0,fixed,8,8,0,0,43.454409,3.000000,4.000000
1002,logistic,logistic,0,8,1,51,1,1,4,0.000000,81.000000,0.493827,31,0.175316,46,0,2,1,0.175316,0.764386,0.589070,0.589070,0.175316,0.000000,72,0,1,0,35,31,34,92.166700,81.000000,65.833300,0.433996,0.493827,0.607595,0.099186,0.098591,0.095368,0.099186,8,72,0,fixed,8,8,0,0,43.454409,3.000000,4.000000
1002,logistic,logistic,0,8,1,52,1,1,4,0.000000,81.000000,0.493827,31,0.175316,46,0,2,1,0.175316,0.764386,0.589070,0.589070,0.175316,0.000000,72,0,1,0,35,31,34,92.166700,81.000000,65.833300,0.433996,0.493827,0.607595,0.099186,0.098591,0.095368,0.099186,8,72,0,fixed,8,8,0,0,43.454409,3.000000,4.000000
1002,logistic,logistic,0,8,1,53,2,2,2,0.644793,65.833300,0.080599,34,0.175316,46,0,0,1,0.175316,0.764386,0.589070,0.589070,0.175316,0.000000,72,0,1,0,35,31,34,92.166700,81.000000,65.833300,0.581814,0.203524,0.080462,0.111260,0.107799,0.098591,0.111260,8,72,0,fixed,8,8,0,0,43.454409,3.000000,4.000000
1002,logistic,logistic,0,8,1,54,2,2,2,0.644767,65.833300,0.080596,34,0.175316,46,0,0,1,0.175316,0.764386,0.589070,0.589070,0.175316,0.000000,72,0,1,0,35,31,34,92.166700,81.000000,65.833300,0.581814,0.203524,0.080463,0.111260,0.107799,0.098591,0.111260,8,72,0,fixed,8,8,0,0,43.454409,3.000000,4.000000
1002,logistic,logistic,0,8,1,55,0,0,1,2.654899,92.166700,0.884966,35,0.175316,46,0,1,1,0.175316,0.764386,0.589070,0.589070,0.175316,0.000000,72,0,1,-1,35,31,34,92.166700,81.000000,65.833300,1.168567,1.033476,0.543591,0.098591,0.097688,0.093579,0.097688,8,72,0,fixed,8,8,0,0,43.454409,3.000000,4.000000
1002,logistic,logistic,0,8,1,56,2,2,1,1.727489,65.833300,0.575830,34,0.175316,46,0,1,1,0.175316,0.764386,0.589070,0.589070,0.175316,0.000000,72,0,1,-1,35,31,34,92.166700,81.000000,65.833300,1.108534,1.033476,0.555517,0.103665,0.102784,0.098591,0.103665,8,72,0,fixed,8,8,0,0,43.454409,3.000000,4.000000
1002,logistic,logistic,0,8,1,57,1,1,3,0.000000,81.000000,1.234568,31,0.175316,46,0,2,1,0.175316,0.764386,0.589070,0.589070,0.175316,0.000000,72,0,1,-1,35,31,34,92.166700,81.000000,65.833300,1.084991,1.234568,1.518988,0.099312,0.098591,0.095201,0.099312,8,72,0,fixed,8,8,0,0,43.454409,3.000000,4.000000
1002,logistic,logistic,0,8,1,58,2,2,2,0.644768,65.833300,0.080596,34,0.175316,46,0,0,1,0.175316,0.764386,0.589070,0.589070,0.175316,0.000000,72,0,1,0,35,31,34,92.166700,81.000000,65.833300,0.581814,0.203524,0.080463,0.111260,0.107799,0.098591,0.111260,8,72,0,fixed,8,8,0,0,43.454409,3.000000,4.000000
1002,logistic,logistic,0,8,1,59,2,2,3,0.000000,65.833300,1.518988,34,0.175316,46,0,2,0,0.175316,0.764386,0.589070,0.589070,0.175316,0.000000,72,0,1,1,35,31,34,92.166700,81.000000,65.833300,1.084991,1.234568,1.518988,0.102805,0.102066,0.098591,0.102805,8,72,0,fixed,8,8,0,0,43.454409,3.000000,4.000000
1002,logistic,logistic,0,8,1,60,1,1,1,2.972455,81.000000,0.990818,31,0.175316,46,0,1,0,0.175316,0.764386,0.589070,0.589070,0.175316,0.000000,72,0,1,-1,35,31,34,92.166700,81.000000,65.833300,1.108534,1.079479,0.543591,0.099392,0.098591,0.094403,0.099392,8,72,0,fixed,8,8,0,0,43.454409,3.000000,4.000000
1002,logistic,logistic,0,8,1,61,1,1,2,0.336553,81.000000,0.042069,31,0.175316,46,0,0,1,0.175316,0.764386,0.589070,0.589070,0.175316,0.000000,72,0,1,0,35,31,34,92.166700,81.000000,65.833300,0.581814,0.228758,0.078171,0.101305,0.098591,0.088972,0.101305,8,72,0,fixed,8,8,0,0,43.454409,3.000000,4.000000
1002,logistic,logistic,0,8,1,62,0,0,1,3.506020,92.166700,1.168673,35,0.175316,46,0,1,1,0.175316,0.764386,0.589070,0.589070,0.175316,0.000000,72,0,1,1,35,31,34,92.166700,81.000000,65.833300,1.137044,1.033476,0.543591,0.098591,0.097706,0.093596,0.097706,8,72,0,fixed,8,8,0,0,43.454409,3.000000,4.000000
1002,logistic,logistic,0,8,1,63,1,1,2,2.016374,81.000000,0.252047,31,0.175316,46,0,0,1,0.175316,0.764386,0.589070,0.589070,0.175316,0.000000,72,0,1,0,35,31,34,92.166700,81.000000,65.833300,0.581814,0.205428,0.078171,0.101673,0.098591,0.089308,0.101673,8,72,0,fixed,8,8,0,0,43.454409,3.000000,4.000000
1002,logistic,logistic,0,8,1,64,2,2,2,0.644779,65.833300,0.080597,34,0.175316,46,0,0,1,0.175316,0.764386,0.589070,0.589070,0.175316,0.000000,72,0,1,0,35,31,34,92.166700,81.000000,65.833300,0.581814,0.203524,0.080462,0.111260,0.107799,0.098591,0.111260,8,72,0,fixed,8,8,0,0,43.454409,3.000000,4.000000
1002,logistic,logistic,0,8,1,65,0,0,2,4.649122,92.166700,0.581140,35,0.175316,46,0,0,0,0.175316,0.764386,0.589070,0.589070,0.175316,0.000000,72,0,1,-1,35,31,34,92.166700,81.000000,65.833300,0.600599,0.203524,0.078171,0.098591,0.095354,0.086424,0.095354,8,72,0,fixed,8,8,0,0,43.454409,3.000000,4.000000
1002,logistic,logistic,0,8,1,66,2,2,4,0.000000,65.833300,0.607595,34,0.175316,46,0,2,0,0.175316,0.764386,0.589070,0.589070,0.175316,0.000000,72,0,1,-1,35,31,34,92.166700,81.000000,65.833300,0.433996,0.493827,0.607595,0.102500,0.101891,0.098591,0.102500,8,72,0,fixed,8,8,0,0,43.454409,3.000000,4.000000
1002,logistic,logistic,0,8,1,67,2,2,2,0.643723,65.833300,0.080465,34,0.175316,46,0,0,1,0.175316,0.764386,0.589070,0.589070,0.175316,0.000000,72,0,1,0,35,31,34,92.166700,81.000000,65.833300,0.581814,0.203524,0.080471,0.111259,0.107798,0.098591,0.111259,8,72,0,fixed,8,8,0,0,43.454409,3.000000,4.000000
1002,logistic,logistic,0,8,1,68,0,0,2,4.651285,92.166700,0.581411,35,0.175316,46,0,0,0,0.175316,0.764386,0.589070,0.589070,0.175316,0.000000,72,0,1,-1,35,31,34,92.166700,81.000000,65.833300,0.600566,0.203524,0.078171,0.098591,0.095354,0.086424,0.095354,8,72,0,fixed,8,8,0,0,43.454409,3.000000,4.000000
1002,logistic,logistic,0,8,1,69,0,0,1,3.505355,92.166700,1.168452,35,0.175316,46,0,1,1,0.175316,0.764386,0.589070,0.589070,0.175316,0.000000,72,0,1,1,35,31,34,92.166700,81.000000,65.833300,1.137068,1.033476,0.543591,0.098591,0.097706,0.093596,0.097706,8,72,0,fixed,8,8,0,0,43.454409,3.000000,4.000000
1002,logistic,logistic,0,8,1,70,1,1,4,0.000000,81.000000,0.493827,31,0.175316,46,0,2,1,0.175316,0.764386,0.589070,0.589070,0.175316,0.000000,72,0,1,0,35,31,34,92.166700,81.000000,65.833300,0.433996,0.493827,0.607595,0.099186,0.098591,0.095368,0.099186,8,72,0,fixed,8,8,0,0,43.454409,3.000000,4.000000
1002,logistic,logistic,0,8,1,71,0,0,1,3.506577,92.166700,1.168859,35,0.175316,46,0,1,1,0.175316,0.764386,0.589070,0.589070,0.175316,0.000000,72,0,1,1,35,31,34,92.166700,81.000000,65.833300,1.137023,1.033476,0.543591,0.098591,0.097706,0.093596,0.097706,8,72,0,fixed,8,8,0,0,43.454409,3.000000,4.000000
1002,logistic,logistic,0,8,1,72,1,1,3,0.000000,81.000000,1.234568,31,0.175316,46,0,2,1,0.175316,0.764386,0.589070,0.589070,0.175316,0.000000,72,0,1,-1,35,31,34,92.166700,81.000000,65.833300,1.084991,1.234568,1.518988,0.099312,0.098591,0.095201,0.099312,8,72,0,fixed,8,8,0,0,43.454409,3.000000,4.000000
1002,logistic,logistic,0,8,1,73,2,2,2,0.644791,65.833300,0.080599,34,0.175316,46,0,0,1,0.175316,0.764386,0.589070,0.589070,0.175316,0.000000,72,0,1,0,35,31,34,92.166700,81.000000,65.833300,0.581814,0.203524,0.080462,0.111260,0.107799,0.098591,0.111260,8,72,0,fixed,8,8,0,0,43.454409,3.000000,4.000000
1002,logistic,logistic,0,8,1,74,0,0,4,0.000000,92.166700,0.433996,35,0.175316,46,0,2,1,0.175316,0.764386,0.589070,0.589070,0.175316,0.000000,72,0,1,0,35,31,34,92.166700,81.000000,65.833300,0.433996,0.493827,0.607595,0.098591,0.097998,0.094790,0.097998,8,72,0,fixed,8,8,0,0,43.454409,3.000000,4.000000
1002,logistic,logistic,0,8,1,75,1,1,4,0.000000,81.000000,0.493827,31,0.175316,46,0,2,1,0.175316,0.764386,0.589070,0.589070,0.175316,0.000000,72,0,1,0,35,31,34,92.166700,81.000000,65.833300,0.433996,0.493827,0.607595,0.099186,0.098591,0.095368,0.099186,8,72,0,fixed,8,8,0,0,43.454409,3.000000,4.000000
1002,logistic,logistic,0,8,1,76,2,2,2,0.644779,65.833300,0.080597,34,0.175316,46,0,0,1,0.175316,0.764386,0.589070,0.589070,0.175316,0.000000,72,0,1,0,35,31,34,92.166700,81.000000,65.833300,0.581814,0.203524,0.080462,0.111260,0.107799,0.098591,0.111260,8,72,0,fixed,8,8,0,0,43.454409,3.000000,4.000000
1002,logistic,logistic,0,8,1,77,2,2,2,0.644779,65.833300,0.080597,34,0.175316,46,0,0,1,0.175316,0.764386,0.589070,0.589070,0.175316,0.000000,72,0,1,0,35,31,34,92.166700,81.000000,65.833300,0.581814,0.203524,0.080462,0.111260,0.107799,0.098591,0.111260,8,72,0,fixed,8,8,0,0,43.454409,3.000000,4.000000
1002,logistic,logistic,0,8,1,78,2,2,1,1.630354,65.833300,0.543451,34,0.175316,46,0,1,1,0.175316,0.764386,0.589070,0.589070,0.175316,0.000000,72,0,1,-1,35,31,34,92.166700,81.000000,65.833300,1.108534,1.033476,0.563611,0.103646,0.102765,0.098591,0.103646,8,72,0,fixed,8,8,0,0,43.454409,3.000000,4.000000
1002,logistic,logistic,0,8,1,79,2,2,2,0.644803,65.833300,0.080600,34,0.175316,46,0,0,1,0.175316,0.764386,0.589070,0.589070,0.175316,0.000000,72,0,1,0,35,31,34,92.166700,81.000000,65.833300,0.581814,0.203524,0.080462,0.111260,0.107799,0.098591,0.111260,8,72,0,fixed,8,8,0,0,43.454409,3.000000,4.000000
1002,logistic,logistic,0,8,1,80,0,0,4,0.000000,92.166700,0.433996,35,0.175316,46,0,2,1,0.175316,0.764386,0.589070,0.589070,0.175316,0.000000,72,0,1,0,35,31,34,92.166700,81.000000,65.833300,0.433996,0.493827,0.607595,0.098591,0.097998,0.094790,0.097998,8,72,0,fixed,8,8,0,0,43.454409,3.000000,4.000000
1002,logistic,logistic,0,8,1,81,1,1,3,0.000000,81.000000,1.234568,31,0.175316,46,0,2,1,0.175316,0.764386,0.589070,0.589070,0.175316,0.000000,72,0,1,-1,35,31,34,92.166700,81.000000,65.833300,1.084991,1.234568,1.518988,0.099312,0.098591,0.095201,0.099312,8,72,0,fixed,8,8,0,0,43.454409,3.000000,4.000000
1002,logistic,logistic,0,8,1,82,0,0,4,0.000000,92.166700,0.433996,35,0.175316,46,0,2,1,0.175316,0.764386,0.589070,0.589070,0.175316,0.000000,72,0,1,0,35,31,34,92.166700,81.000000,65.833300,0.433996,0.493827,0.607595,0.098591,0.097998,0.094790,0.097998,8,72,0,fixed,8,8,0,0,43.454409,3.000000,4.000000
1002,logistic,logistic,0,8,1,83,2,2,4,0.000000,65.833300,0.607595,34,0.175316,46,0,2,0,0.175316,0.764386,0.589070,0.589070,0.175316,0.000000,72,0,1,-1,35,31,34,92.166700,81.000000,65.833300,0.433996,0.493827,0.607595,0.102500,0.101891,0.098591,0.102500,8,72,0,fixed,8,8,0,0,43.454409,3.000000,4.000000
1002,logistic,logistic,0,8,1,84,2,2,4,0.000000,65.833300,0.607595,34,0.175316,46,0,2,0,0.175316,0.764386,0.589070,0.589070,0.175316,0.000000,72,0,1,-1,35,31,34,92.166700,81.000000,65.833300,0.433996,0.493827,0.607595,0.102500,0.101891,0.098591,0.102500,8,72,0,fixed,8,8,0,0,43.454409,3.000000,4.000000
1002,logistic,logistic,0,8,1,85,2,2,2,0.644780,65.833300,0.080598,34,0.175316,46,0,0,1,0.175316,0.764386,0.589070,0.589070,0.175316,0.000000,72,0,1,0,35,31,34,92.166700,81.000000,65.833300,0.581814,0.203524,0.080462,0.111260,0.107799,0.098591,0.111260,8,72,0,fixed,8,8,0,0,43.454409,3.000000,4.000000
1002,logistic,logistic,0,8,1,86,2,2,2,0.643699,65.833300,0.080462,34,0.175316,46,0,0,1,0.175316,0.764386,0.589070,0.589070,0.175316,0.000000,72,0,1,0,35,31,34,92.166700,81.000000,65.833300,0.581814,0.203524,0.080471,0.111259,0.107798,0.098591,0.111259,8,72,0,fixed,8,8,0,0,43.454409,3.000000,4.000000
1002,logistic,logistic,0,8,1,87,2,2,4,0.000000,65.833300,0.607595,34,0.175316,46,0,2,0,0.175316,0.764386,0.589070,0.589070,0.175316,0.000000,72,0,1,-1,35,31,34,92.166700,81.000000,65.833300,0.433996,0.493827,0.607595,0.102500,0.101891,0.098591,0.102500,8,72,0,fixed,8,8,0,0,43.454409,3.000000,4.000000
1002,logistic,logistic,0,8,1,88,0,0,4,0.000000,92.166700,0.433996,35,0.175316,46,0,2,1,0.175316,0.764386,0.589070,0.589070,0.175316,0.000000,72,0,1,0,35,31,34,92.166700,81.000000,65.833300,0.433996,0.493827,0.607595,0.098591,0.097998,0.094790,0.097998,8,72,0,fixed,8,8,0,0,43.454409,3.000000,4.000000
1002,logistic,logistic,0,8,1,89,1,1,2,2.057872,81.000000,0.257234,31,0.175316,46,0,0,1,0.175316,0.764386,0.589070,0.589070,0.175316,0.000000,72,0,1,0,35,31,34,92.166700,81.000000,65.833300,0.581814,0.204851,0.078171,0.101683,0.098591,0.089317,0.101683,8,72,0,fixed,8,8,0,0,43.454409,3.000000,4.000000
1002,logistic,logistic,0,8,1,90,1,1,1,3.245910,81.000000,1.081970,31,0.175316,46,0,1,0,0.175316,0.764386,0.589070,0.589070,0.175316,0.000000,72,0,1,-1,35,31,34,92.166700,81.000000,65.833300,1.108534,1.064287,0.543591,0.099401,0.098591,0.094412,0.099401,8,72,0,fixed,8,8,0,0,43.454409,3.000000,4.000000
1002,logistic,logistic,0,8,1,91,1,1,3,0.000000,81.000000,1.234568,31,0.175316,46,0,2,1,0.175316,0.764386,0.589070,0.589070,0.175316,0.000000,72,0,1,-1,35,31,34,92.166700,81.000000,65.833300,1.084991,1.234568,1.518988,0.099312,0.098591,0.095201,0.099312,8,72,0,fixed,8,8,0,0,43.454409,3.000000,4.000000
1002,logistic,logistic,0,8,1,92,1,1,4,0.000000,81.000000,0.493827,31,0.175316,46,0,2,1,0.175316,0.764386,0.589070,0.589070,0.175316,0.000000,72,0,1,0,35,31,34,92.166700,81.000000,65.833300,0.433996,0.493827,0.607595,0.099186,0.098591,0.095368,0.099186,8,72,0,fixed,8,8,0,0,43.454409,3.000000,4.000000
1002,logistic,logistic,0,8,1,93,1,1,2,2.056837,81.000000,0.257105,31,0.175316,46,0,0,1,0.175316,0.764386,0.589070,0.589070,0.175316,0.000000,72,0,1,0,35,31,34,92.166700,81.000000,65.833300,0.581814,0.204866,0.078171,0.101683,0.098591,0.089317,0.101683,8,72,0,fixed,8,8,0,0,43.454409,3.000000,4.000000
1002,logistic,logistic,0,8,1,94,1,1,1,3.282065,81.000000,1.094022,31,0.175316,46,0,1,0,0.175316,0.764386,0.589070,0.589070,0.175316,0.000000,72,0,1,-1,35,31,34,92.166700,81.000000,65.833300,1.108534,1.062279,0.543591,0.099403,0.098591,0.094413,0.099403,8,72,0,fixed,8,8,0,0,43.454409,3.000000,4.000000
1002,logistic,logistic,0,8,1,95,2,2,2,0.643710,65.833300,0.080464,34,0.175316,46,0,0,1,0.175316,0.764386,0.589070,0.589070,0.175316,0.000000,72,0,1,0,35,31,34,92.166700,81.000000,65.833300,0.581814,0.203524,0.080471,0.111259,0.107798,0.098591,0.111259,8,72,0,fixed,8,8,0,0,43.454409,3.000000,4.000000
1002,logistic,logistic,0,8,1,96,1,1,1,3.147973,81.000000,1.049324,31,0.175316,46,0,1,0,0.175316,0.764386,0.589070,0.589070,0.175316,0.000000,72,0,1,-1,35,31,34,92.166700,81.000000,65.833300,1.108534,1.069728,0.543591,0.099398,0.098591,0.094409,0.099398,8,72,0,fixed,8,8,0,0,43.454409,3.000000,4.000000
1002,logistic,logistic,0,8,1,97,0,0,2,5.175905,92.166700,0.646988,35,0.175316,46,0,0,0,0.175316,0.764386,0.589070,0.589070,0.175316,0.000000,72,0,1,-1,35,31,34,92.166700,81.000000,65.833300,0.592368,0.203524,0.078171,0.098591,0.095370,0.086439,0.095370,8,72,0,fixed,8,8,0,0,43.454409,3.000000,4.000000
1002,logistic,logistic,0,8,1,98,1,1,4,0.000000,81.000000,0.493827,31,0.175316,46,0,2,1,0.175316,0.764386,0.589070,0.589070,0.175316,0.000000,72,0,1,0,35,31,34,92.166700,81.000000,65.833300,0.433996,0.493827,0.607595,0.099186,0.098591,0.095368,0.099186,8,72,0,fixed,8,8,0,0,43.454409,3.000000,4.000000
1002,logistic,logistic,0,8,1,99,0,0,4,0.000000,92.166700,0.433996,35,0.175316,46,0,2,1,0.175316,0.764386,0.589070,0.589070,0.175316,0.000000,72,0,1,0,35,31,34,92.166700,81.000000,65.833300,0.433996,0.493827,0.607595,0.098591,0.097998,0.094790,0.097998,8,72,0,fixed,8,8,0,0,43.454409,3.000000,4.000000
1002,logistic,logistic,0,8,1,100,0,0,1,3.506577,92.166700,1.168859,35,0.175316,46,0,1,1,0.175316,0.764386,0.589070,0.589070,0.175316,0.000000,72,0,1,1,35,31,34,92.166700,81.000000,65.833300,1.137023,1.033476,0.543591,0.098591,0.097706,0.093596,0.097706,8,72,0,fixed,8,8,0,0,43.454409,3.000000,4.000000
1002,logistic,logistic,0,8,2,1,2,2,4,0.000000,59.833300,0.668524,42,0.469036,38,0,2,0,0.469036,0.469036,0.000000,0.000000,0.469036,0.293720,0,26,1,-1,36,22,42,113.000000,76.666700,59.833300,0.353982,0.521739,0.668524,-0.006012,0.000664,0.004819,0.000664,8,0,8,fixed,8,8,0,0,0.404476,3.000000,4.000000
1002,logistic,logistic,0,8,2,2,0,0,2,2.210848,113.000000,0.276356,36,0.469036,38,0,0,0,0.469036,0.469036,0.000000,0.000000,0.469036,0.293720,0,26,1,0,36,22,42,113.000000,76.666700,59.833300,0.277231,0.248157,0.269929,0.004819,0.008528,0.012600,0.012600,8,0,8,fixed,8,8,0,0,0.404476,3.000000,4.000000
1002,logistic,logistic,0,8,2,3,1,1,1,1.867599,76.666700,0.622533,22,0.469036,38,0,1,0,0.469036,0.469036,0.000000,0.000000,0.469036,0.293720,0,26,1,-1,36,22,42,113.000000,76.666700,59.833300,0.719238,0.695133,0.608055,-0.000024,0.004819,0.007470,0.007470,8,0,8,fixed,8,8,0,0,0.404476,3.000000,4.000000
1002,logistic,logistic,0,8,2,4,0,0,2,2.210767,113.000000,0.276346,36,0.469036,38,1,0,0,0.469036,0.469036,0.000000,0.000000,0.469036,0.293720,0,26,1,0,36,22,42,113.000000,76.666700,59.833300,0.277231,0.248157,0.269919,0.004819,0.008528,0.012600,0.012600,8,0,8,fixed,8,8,0,0,0.404476,3.000000,4.000000
1002,logistic,logistic,0,8,2,5,1,1,1,3.024931,76.666700,1.008310,22,0.469036,38,0,1,0,0.469036,0.469036,0.000000,0.000000,0.469036,0.293720,0,26,1,-1,36,22,42,113.000000,76.666700,59.833300,0.719238,0.676763,0.984861,0.000058,0.004819,0.008988,0.008988,8,0,8,fixed,8,8,0,0,0.404476,3.000000,4.000000
1002,logistic,logistic,0,8,2,6,2,2,3,0.000000,59.833300,1.671310,42,0.469036,38,0,2,0,0.469036,0.469036,0.000000,0.000000,0.469036,0.293720,0,26,1,1,36,22,42,113.000000,76.666700,59.833300,0.884956,1.304347,1.671310,-0.004296,0.001222,0.004819,0.001222,8,0,8,fixed,8,8,0,0,0.404476,3.000000,4.000000
1002,logistic,logistic,0,8,2,7,2,2,4,0.000000,59.833300,0.668524,42,0.469036,38,0,2,0,0.469036,0.469036,0.000000,0.000000,0.469036,0.293720,0,26,1,-1,36,22,42,113.000000,76.666700,59.833300,0.353982,0.521739,0.668524,-0.006012,0.000664,0.004819,0.000664,8,0,8,fixed,8,8,0,0,0.404476,3.000000,4.000000
1002,logistic,logistic,0,8,2,8,2,2,4,0.000000,59.833300,0.668524,42,0.469036,38,0,2,0,0.469036,0.469036,0.000000,0.000000,0.469036,0.293720,0,26,1,-1,36,22,42,113.000000,76.666700,59.833300,0.353982,0.521739,0.668524,-0.006012,0.000664,0.004819,0.000664,8,0,8,fixed,8,8,0,0,0.404476,3.000000,4.000000
1002,logistic,logistic,0,8,2,9,2,2,3,0.000000,59.833300,1.671310,42,0.469036,38,0,2,0,0.469036,0.469036,0.000000,0.000000,0.469036,0.293720,0,26,1,1,36,22,42,113.000000,76.666700,59.833300,0.884956,1.304347,1.671310,-0.004296,0.001222,0.004819,0.001222,8,0,8,fixed,8,8,0,0,0.404476,3.000000,4.000000
1002,logistic,logistic,0,8,2,10,0,0,2,2.217411,113.000000,0.277176,36,0.469036,38,0,0,0,0.469036,0.469036,0.000000,0.000000,0.469036,0.293720,0,26,1,0,36,22,42,113.000000,76.666700,59.833300,0.277207,0.248157,0.270730,0.004819,0.008528,0.012627,0.012627,8,0,8,fixed,8,8,0,0,0.404476,3.000000,4.000000
1002,logistic,logistic,0,8,2,11,2,2,4,0.000000,59.833300,0.668524,42,0.469036,38,0,2,0,0.469036,0.469036,0.000000,0.000000,0.469036,0.293720,0,26,1,-1,36,22,42,113.000000,76.666700,59.833300,0.353982,0.521739,0.668524,-0.006012,0.000664,0.004819,0.000664,8,0,8,fixed,8,8,0,0,0.404476,3.000000,4.000000
1002,logistic,logistic,0,8,2,12,0,0,2,2.217411,113.000000,0.277176,36,0.469036,38,0,0,0,0.469036,0.469036,0.000000,0.000000,0.469036,0.293720,0,26,1,0,36,22,42,113.000000,76.666700,59.833300,0.277207,0.248157,0.270730,0.004819,0.008528,0.012627,0.012627,8,0,8,fixed,8,8,0,0,0.404476,3.000000,4.000000
1002,logistic,logistic,0,8,2,13,2,2,4,0.000000,59.833300,0.668524,42,0.469036,38,0,2,0,0.469036,0.469036,0.000000,0.000000,0.469036,0.293720,0,26,1,-1,36,22,42,113.000000,76.666700,59.833300,0.353982,0.521739,0.668524,-0.006012,0.000664,0.004819,0.000664,8,0,8,fixed,8,8,0,0,0.404476,3.000000,4.000000
1002,logistic,logistic,0,8,2,14,2,2,3,0.000000,59.833300,1.671310,42,0.469036,38,0,2,0,0.469036,0.469036,0.000000,0.000000,0.469036,0.293720,0,26,1,1,36,22,42,113.000000,76.666700,59.833300,0.884956,1.304347,1.671310,-0.004296,0.001222,0.004819,0.001222,8,0,8,fixed,8,8,0,0,0.404476,3.000000,4.000000
1002,logistic,logistic,0,8,2,15,1,1,1,2.951327,76.666700,0.983776,22,0.469036,38,0,1,0,0.469036,0.469036,0.000000,0.000000,0.469036,0.293720,0,26,1,-1,36,22,42,113.000000,76.666700,59.833300,0.719238,0.677931,0.960897,0.000053,0.004819,0.008925,0.008925,8,0,8,fixed,8,8,0,0,0.404476,3.000000,4.000000
1002,logistic,logistic,0,8,2,16,2,2,4,0.000000,59.833300,0.668524,42,0.469036,38,0,2,0,0.469036,0.469036,0.000000,0.000000,0.469036,0.293720,0,26,1,-1,36,22,42,113.000000,76.666700,59.833300,0.353982,0.521739,0.668524,-0.006012,0.000664,0.004819,0.000664,8,0,8,fixed,8,8,0,0,0.404476,3.000000,4.000000
1002,logistic,logistic,0,8,2,17,2,2,3,0.000000,59.833300,1.671310,42,0.469036,38,0,2,0,0.469036,0.469036,0.000000,0.000000,0.469036,0.293720,0,26,1,1,36,22,42,113.000000,76.666700,59.833300,0.884956,1.304347,1.671310,-0.004296,0.001222,0.004819,0.001222,8,0,8,fixed,8,8,0,0,0.404476,3.000000,4.000000
1002,logistic,logistic,0,8,2,18,1,1,1,1.674651,76.666700,0.558217,22,0.469036,38,0,1,0,0.469036,0.469036,0.000000,0.000000,0.469036,0.293720,0,26,1,-1,36,22,42,113.000000,76.666700,59.833300,0.719238,0.698196,0.545235,-0.000037,0.004819,0.007027,0.007027,8,0,8,fixed,8,8,0,0,0.404476,3.000000,4.000000
1002,logistic,logistic,0,8,2,19,0,0,2,2.217435,113.000000,0.277179,36,0.469036,38,0,0,0,0.469036,0.469036,0.000000,0.000000,0.469036,0.293720,0,26,1,0,36,22,42,113.000000,76.666700,59.833300,0.277207,0.248157,0.270733,0.004819,0.008528,0.012627,0.012627,8,0,8,fixed,8,8,0,0,0.404476,3.000000,4.000000
1002,logistic,logistic,0,8,2,20,2,2,4,0.000000,59.833300,0.668524,42,0.469036,38,0,2,0,0.469036,0.469036,0.000000,0.000000,0.469036,0.293720,0,26,1,-1,36,22,42,113.000000,76.666700,59.833300,0.353982,0.521739,0.668524,-0.006012,0.000664,0.004819,0.000664,8,0,8,fixed,8,8,0,0,0.404476,3.000000,4.000000
1002,logistic,logistic,0,8,2,21,0,0,2,2.217493,113.000000,0.277187,36,0.469036,38,0,0,0,0.469036,0.469036,0.000000,0.000000,0.469036,0.293720,0,26,1,0,36,22,42,113.000000,76.666700,59.833300,0.277207,0.248157,0.270740,0.004819,0.008528,0.012627,0.012627,8,0,8,fixed,8,8,0,0,0.404476,3.000000,4.000000
1002,logistic,logistic,0,8,2,22,2,2,3,0.000000,59.833300,1.671310,42,0.469036,38,0,2,0,0.469036,0.469036,0.000000,0.000000,0.469036,0.293720,0,26,1,1,36,22,42,113.000000,76.666700,59.833300,0.884956,1.304347,1.671310,-0.004296,0.001222,0.004819,0.001222,8,0,8,fixed,8,8,0,0,0.404476,3.000000,4.000000
1002,logistic,logistic,0,8,2,23,2,2,3,0.000000,59.833300,1.671310,42,0.469036,38,0,2,0,0.469036,0.469036,0.000000,0.000000,0.469036,0.293720,0,26,1,1,36,22,42,113.000000,76.666700,59.833300,0.884956,1.304347,1.671310,-0.004296,0.001222,0.004819,0.001222,8,0,8,fixed,8,8,0,0,0.404476,3.000000,4.000000
1002,logistic,logistic,0,8,2,24,1,1,1,1.931728,76.666700,0.643909,22,0.469036,38,0,1,0,0.469036,0.469036,0.000000,0.000000,0.469036,0.293720,0,26,1,-1,36,22,42,113.000000,76.666700,59.833300,0.719238,0.694115,0.628935,-0.000019,0.004819,0.007599,0.007599,8,0,8,fixed,8,8,0,0,0.404476,3.000000,4.000000
1002,logistic,logistic,0,8,2,25,0,0,2,2.218563,113.000000,0.277320,36,0.469036,38,0,0,0,0.469036,0.469036,0.000000,0.000000,0.469036,0.293720,0,26,1,0,36,22,42,113.000000,76.666700,59.833300,0.277203,0.248157,0.270871,0.004819,0.008528,0.012631,0.012631,8,0,8,fixed,8,8,0,0,0.404476,3.000000,4.000000
1002,logistic,logistic,0,8,2,26,2,2,4,0.000000,59.833300,0.668524,42,0.469036,38,0,2,0,0.469036,0.469036,0.000000,0.000000,0.469036,0.293720,0,26,1,-1,36,22,42,113.000000,76.666700,59.833300,0.353982,0.521739,0.668524,-0.006012,0.000664,0.004819,0.000664,8,0,8,fixed,8,8,0,0,0.404476,3.000000,4.000000
1002,logistic,logistic,0,8,2,27,0,0,2,2.218505,113.000000,0.277313,36,0.469036,38,0,0,0,0.469036,0.469036,0.000000,0.000000,0.469036,0.293720,0,26,1,0,36,22,42,113.000000,76.666700,59.833300,0.277203,0.248157,0.270864,0.004819,0.008528,0.012631,0.012631,8,0,8,fixed,8,8,0,0,0.404476,3.000000,4.000000
1002,logistic,logistic,0,8,2,28,0,0,2,2.218516,113.000000,0.277315,36,0.469036,38,0,0,0,0.469036,0.469036,0.000000,0.000000,0.469036,0.293720,0,26,1,0,36,22,42,113.000000,76.666700,59.833300,0.277203,0.248157,0.270865,0.004819,0.008528,0.012631,0.012631,8,0,8,fixed,8,8,0,0,0.404476,3.000000,4.000000
1002,logistic,logistic,0,8,2,29,0,0,2,2.218659,113.000000,0.277332,36,0.469036,38,0,0,0,0.469036,0.469036,0.000000,0.000000,0.469036,0.293720,0,26,1,0,36,22,42,113.000000,76.666700,59.833300,0.277203,0.248157,0.270883,0.004819,0.008528,0.012632,0.012632,8,0,8,fixed,8,8,0,0,0.404476,3.000000,4.000000
1002,logistic,logistic,0,8,2,30,2,2,3,0.000000,59.833300,1.671310,42,0.469036,38,0,2,0,0.469036,0.469036,0.000000,0.000000,0.469036,0.293720,0,26,1,1,36,22,42,113.000000,76.666700,59.833300,0.884956,1.304347,1.671310,-0.004296,0.001222,0.004819,0.001222,8,0,8,fixed,8,8,0,0,0.404476,3.000000,4.000000
1002,logistic,logistic,0,8,2,31,1,1,1,1.812559,76.666700,0.604186,22,0.469036,38,0,1,0,0.469036,0.469036,0.000000,0.000000,0.469036,0.293720,0,26,1,-1,36,22,42,113.000000,76.666700,59.833300,0.719238,0.696007,0.590135,-0.000027,0.004819,0.007353,0.007353,8,0,8,fixed,8,8,0,0,0.404476,3.000000,4.000000
1002,logistic,logistic,0,8,2,32,1,1,1,1.933174,76.666700,0.644391,22,0.469036,38,0,1,0,0.469036,0.469036,0.000000,0.000000,0.469036,0.293720,0,26,1,-1,36,22,42,113.000000,76.666700,59.833300,0.719238,0.694092,0.629405,-0.000019,0.004819,0.007602,0.007602,8,0,8,fixed,8,8,0,0,0.404476,3.000000,4.000000
1002,logistic,logistic,0,8,2,33,0,0,2,2.219645,113.000000,0.277456,36,0.469036,38,0,0,0,0.469036,0.469036,0.000000,0.000000,0.469036,0.293720,0,26,1,0,36,22,42,113.000000,76.666700,59.833300,0.277199,0.248157,0.271003,0.004819,0.008528,0.012635,0.012635,8,0,8,fixed,8,8,0,0,0.404476,3.000000,4.000000
1002,logistic,logistic,0,8,2,34,0,0,2,2.217506,113.000000,0.277188,36,0.469036,38,0,0,0,0.469036,0.469036,0.000000,0.000000,0.469036,0.293720,0,26,1,0,36,22,42,113.000000,76.666700,59.833300,0.277207,0.248157,0.270742,0.004819,0.008528,0.012627,0.012627,8,0,8,fixed,8,8,0,0,0.404476,3.000000,4.000000
1002,logistic,logistic,0,8,2,35,0,0,2,2.217471,113.000000,0.277184,36,0.469036,38,0,0,0,0.469036,0.469036,0.000000,0.000000,0.469036,0.293720,0,26,1,0,36,22,42,113.000000,76.666700,59.833300,0.277207,0.248157,0.270738,0.004819,0.008528,0.012627,0.012627,8,0,8,fixed,8,8,0,0,0.404476,3.000000,4.000000
1002,logistic,logistic,0,8,2,36,2,2,3,0.000000,59.833300,1.671310,42,0.469036,38,0,2,0,0.469036,0.469036,0.000000,0.000000,0.469036,0.293720,0,26,1,1,36,22,42,113.000000,76.666700,59.833300,0.884956,1.304347,1.671310,-0.004296,0.001222,0.004819,0.001222,8,0,8,fixed,8,8,0,0,0.404476,3.000000,4.000000
1002,logistic,logistic,0,8,2,37,0,0,2,2.219598,113.000000,0.277450,36,0.469036,38,0,0,0,0.469036,0.469036,0.000000,0.000000,0.469036,0.293720,0,26,1,0,36,22,42,113.000000,76.666700,59.833300,0.277199,0.248157,0.270997,0.004819,0.008528,0.012635,0.012635,8,0,8,fixed,8,8,0,0,0.404476,3.000000,4.000000
1002,logistic,logistic,0,8,2,38,2,2,4,0.000000,59.833300,0.668524,42,0.469036,38,0,2,0,0.469036,0.469036,0.000000,0.000000,0.469036,0.293720,0,26,1,-1,36,22,42,113.000000,76.666700,59.833300,0.353982,0.521739,0.668524,-0.006012,0.000664,0.004819,0.000664,8,0,8,fixed,8,8,0,0,0.404476,3.000000,4.000000
1002,logistic,logistic,0,8,2,39,0,0,2,2.219575,113.000000,0.277447,36,0.469036,38,0,0,0,0.469036,0.469036,0.000000,0.000000,0.469036,0.293720,0,26,1,0,36,22,42,113.000000,76.666700,59.833300,0.277199,0.248157,0.270995,0.004819,0.008528,0.012635,0.012635,8,0,8,fixed,8,8,0,0,0.404476,3.000000,4.000000
1002,logistic,logistic,0,8,2,40,2,2,4,0.000000,59.833300,0.668524,42,0.469036,38,0,2,0,0.469036,0.469036,0.000000,0.000000,0.469036,0.293720,0,26,1,-1,36,22,42,113.000000,76.666700,59.833300,0.353982,0.521739,0.668524,-0.006012,0.000664,0.004819,0.000664,8,0,8,fixed,8,8,0,0,0.404476,3.000000,4.000000
1002,logistic,logistic,0,8,2,41,2,2,4,0.000000,59.833300,0.668524,42,0.469036,38,0,2,0,0.469036,0.469036,0.000000,0.000000,0.469036,0.293720,0,26,1,-1,36,22,42,113.000000,76.666700,59.833300,0.353982,0.521739,0.668524,-0.006012,0.000664,0.004819,0.000664,8,0,8,fixed,8,8,0,0,0.404476,3.000000,4.000000
1002,logistic,logistic,0,8,2,42,1,1,1,1.781403,76.666700,0.593801,22,0.469036,38,0,1,0,0.469036,0.469036,0.000000,0.000000,0.469036,0.293720,0,26,1,-1,36,22,42,113.000000,76.666700,59.833300,0.719238,0.696501,0.579992,-0.000030,0.004819,0.007284,0.007284,8,0,8,fixed,8,8,0,0,0.404476,3.000000,4.000000
1002,logistic,logistic,0,8,2,43,1,1,1,3.131973,76.666700,1.043991,22,0.469036,38,0,1,0,0.469036,0.469036,0.000000,0.000000,0.469036,0.293720,0,26,1,-1,36,22,42,113.000000,76.666700,59.833300,0.719238,0.675064,1.019712,0.000066,0.004819,0.009076,0.009076,8,0,8,fixed,8,8,0,0,0.404476,3.000000,4.000000
1002,logistic,logistic,0,8,2,44,1,1,1,1.825571,76.666700,0.608524,22,0.469036,38,0,1,0,0.469036,0.469036,0.000000,0.000000,0.469036,0.293720,0,26,1,-1,36,22,42,113.000000,76.666700,59.833300,0.719238,0.695800,0.594372,-0.000027,0.004819,0.007381,0.007381,8,0,8,fixed,8,8,0,0,0.404476,3.000000,4.000000
1002,logistic,logistic,0,8,2,45,2,2,3,0.000000,59.833300,1.671310,42,0.469036,38,0,2,0,0.469036,0.469036,0.000000,0.000000,0.469036,0.293720,0,26,1,1,36,22,42,113.000000,76.666700,59.833300,0.884956,1.304347,1.671310,-0.004296,0.001222,0.004819,0.001222,8,0,8,fixed,8,8,0,0,0.404476,3.000000,4.000000
1002,logistic,logistic,0,8,2,46,0,0,2,2.219563,113.000000,0.277445,36,0.469036,38,0,0,0,0.469036,0.469036,0.000000,0.000000,0.469036,0.293720,0,26,1,0,36,22,42,113.000000,76.666700,59.833300,0.277199,0.248157,0.270993,0.004819,0.008528,0.012635,0.012635,8,0,8,fixed,8,8,0,0,0.404476,3.000000,4.000000
1002,logistic,logistic,0,8,2,47,2,2,4,0.000000,59.833300,0.668524,42,0.469036,38,0,2,0,0.469036,0.469036,0.000000,0.000000,0.469036,0.293720,0,26,1,-1,36,22,42,113.000000,76.666700,59.833300,0.353982,0.521739,0.668524,-0.006012,0.000664,0.004819,0.000664,8,0,8,fixed,8,8,0,0,0.404476,3.000000,4.000000
1002,logistic,logistic,0,8,2,48,2,2,3,0.000000,59.833300,1.671310,42,0.469036,38,0,2,0,0.469036,0.469036,0.000000,0.000000,0.469036,0.293720,0,26,1,1,36,22,42,113.000000,76.666700,59.833300,0.884956,1.304347,1.671310,-0.004296,0.001222,0.004819,0.001222,8,0,8,fixed,8,8,0,0,0.404476,3.000000,4.000000
1002,logistic,logistic,0,8,2,49,1,1,1,1.374109,76.666700,0.458036,22,0.469036,38,0,1,0,0.469036,0.469036,0.000000,0.000000,0.469036,0.293720,0,26,1,0,36,22,42,113.000000,76.666700,59.833300,0.719238,0.702966,0.447384,-0.000057,0.004819,0.006098,0.006098,8,0,8,fixed,8,8,0,0,0.404476,3.000000,4.000000
1002,logistic,logistic,0,8,2,50,0,0,2,2.219610,113.000000,0.277451,36,0.469036,38,0,0,0,0.469036,0.469036,0.000000,0.000000,0.469036,0.293720,0,26,1,0,36,22,42,113.000000,76.666700,59.833300,0.277199,0.248157,0.270999,0.004819,0.008528,0.012635,0.012635,8,0,8,fixed,8,8,0,0,0.404476,3.000000,4.000000
1002,logistic,logistic,0,8,2,51,2,2,4,0.000000,59.833300,0.668524,42,0.469036,38,0,2,0,0.469036,0.469036,0.000000,0.000000,0.469036,0.293720,0,26,1,-1,36,22,42,113.000000,76.666700,59.833300,0.353982,0.521739,0.668524,-0.006012,0.000664,0.004819,0.000664,8,0,8,fixed,8,8,0,0,0.404476,3.000000,4.000000
1002,logistic,logistic,0,8,2,52,2,2,4,0.000000,59.833300,0.668524,42,0.469036,38,0,2,0,0.469036,0.469036,0.000000,0.000000,0.469036,0.293720,0,26,1,-1,36,22,42,113.000000,76.666700,59.833300,0.353982,0.521739,0.668524,-0.006012,0.000664,0.004819,0.000664,8,0,8,fixed,8,8,0,0,0.404476,3.000000,4.000000
1002,logistic,logistic,0,8,2,53,0,0,2,2.217506,113.000000,0.277188,36,0.469036,38,0,0,0,0.469036,0.469036,0.000000,0.000000,0.469036,0.293720,0,26,1,0,36,22,42,113.000000,76.666700,59.833300,0.277207,0.248157,0.270742,0.004819,0.008528,0.012627,0.012627,8,0,8,fixed,8,8,0,0,0.404476,3.000000,4.000000
1002,logistic,logistic,0,8,2,54,0,0,2,2.217495,113.000000,0.277187,36,0.469036,38,0,0,0,0.469036,0.469036,0.000000,0.000000,0.469036,0.293720,0,26,1,0,36,22,42,113.000000,76.666700,59.833300,0.277207,0.248157,0.270741,0.004819,0.008528,0.012627,0.012627,8,0,8,fixed,8,8,0,0,0.404476,3.000000,4.000000
1002,logistic,logistic,0,8,2,55,1,1,1,1.471464,76.666700,0.490488,22,0.469036,38,0,1,0,0.469036,0.469036,0.000000,0.000000,0.469036,0.293720,0,26,1,0,36,22,42,113.000000,76.666700,59.833300,0.719238,0.701421,0.479081,-0.000051,0.004819,0.006439,0.006439,8,0,8,fixed,8,8,0,0,0.404476,3.000000,4.000000
1002,logistic,logistic,0,8,2,56,1,1,1,3.363212,76.666700,1.121071,22,0.469036,38,0,1,0,0.469036,0.469036,0.000000,0.000000,0.469036,0.293720,0,26,1,-1,36,22,42,113.000000,76.666700,59.833300,0.719238,0.671393,1.094999,0.000083,0.004819,0.009248,0.009248,8,0,8,fixed,8,8,0,0,0.404476,3.000000,4.000000
1002,logistic,logistic,0,8,2,57,2,2,3,0.000000,59.833300,1.671310,42,0.469036,38,0,2,0,0.469036,0.469036,0.000000,0.000000,0.469036,0.293720,0,26,1,1,36,22,42,113.000000,76.666700,59.833300,0.884956,1.304347,1.671310,-0.004296,0.001222,0.004819,0.001222,8,0,8,fixed,8,8,0,0,0.404476,3.000000,4.000000
1002,logistic,logistic,0,8,2,58,0,0,2,2.217542,113.000000,0.277193,36,0.469036,38,0,0,0,0.469036,0.469036,0.000000,0.000000,0.469036,0.293720,0,26,1,0,36,22,42,113.000000,76.666700,59.833300,0.277207,0.248157,0.270746,0.004819,0.008528,0.012627,0.012627,8,0,8,fixed,8,8,0,0,0.404476,3.000000,4.000000
1002,logistic,logistic,0,8,2,59,2,2,3,0.000000,59.833300,1.671310,42,0.469036,38,0,2,0,0.469036,0.469036,0.000000,0.000000,0.469036,0.293720,0,26,1,1,36,22,42,113.000000,76.666700,59.833300,0.884956,1.304347,1.671310,-0.004296,0.001222,0.004819,0.001222,8,0,8,fixed,8,8,0,0,0.404476,3.000000,4.000000
1002,logistic,logistic,0,8,2,60,1,1,1,1.812006,76.666700,0.604002,22,0.469036,38,0,1,0,0.469036,0.469036,0.000000,0.000000,0.469036,0.293720,0,26,1,-1,36,22,42,113.000000,76.666700,59.833300,0.719238,0.696015,0.589956,-0.000028,0.004819,0.007352,0.007352,8,0,8,fixed,8,8,0,0,0.404476,3.000000,4.000000
1002,logistic,logistic,0,8,2,61,0,0,2,2.217553,113.000000,0.277194,36,0.469036,38,0,0,0,0.469036,0.469036,0.000000,0.000000,0.469036,0.293720,0,26,1,0,36,22,42,113.000000,76.666700,59.833300,0.277207,0.248157,0.270748,0.004819,0.008528,0.012627,0.012627,8,0,8,fixed,8,8,0,0,0.404476,3.000000,4.000000
1002,logistic,logistic,0,8,2,62,1,1,1,1.843104,76.666700,0.614368,22,0.469036,38,0,1,0,0.469036,0.469036,0.000000,0.000000,0.469036,0.293720,0,26,1,-1,36,22,42,113.000000,76.666700,59.833300,0.719238,0.695522,0.600081,-0.000025,0.004819,0.007419,0.007419,8,0,8,fixed,8,8,0,0,0.404476,3.000000,4.000000
1002,logistic,logistic,0,8,2,63,0,0,2,2.217506,113.000000,0.277188,36,0.469036,38,0,0,0,0.469036,0.469036,0.000000,0.000000,0.469036,0.293720,0,26,1,0,36,22,42,113.000000,76.666700,59.833300,0.277207,0.248157,0.270742,0.004819,0.008528,0.012627,0.012627,8,0,8,fixed,8,8,0,0,0.404476,3.000000,4.000000
1002,logistic,logistic,0,8,2,64,0,0,2,2.218636,113.000000,0.277329,36,0.469036,38,0,0,0,0.469036,0.469036,0.000000,0.000000,0.469036,0.293720,0,26,1,0,36,22,42,113.000000,76.666700,59.833300,0.277203,0.248157,0.270880,0.004819,0.008528,0.012631,0.012631,8,0,8,fixed,8,8,0,0,0.404476,3.000000,4.000000
1002,logistic,logistic,0,8,2,65,0,0,2,2.219574,113.000000,0.277447,36,0.469036,38,0,0,0,0.469036,0.469036,0.000000,0.000000,0.469036,0.293720,0,26,1,0,36,22,42,113.000000,76.666700,59.833300,0.277199,0.248157,0.270995,0.004819,0.008528,0.012635,0.012635,8,0,8,fixed,8,8,0,0,0.404476,3.000000,4.000000
1002,logistic,logistic,0,8,2,66,2,2,4,0.000000,59.833300,0.668524,42,0.469036,38,0,2,0,0.469036,0.469036,0.000000,0.000000,0.469036,0.293720,0,26,1,-1,36,22,42,113.000000,76.666700,59.833300,0.353982,0.521739,0.668524,-0.006012,0.000664,0.004819,0.000664,8,0,8,fixed,8,8,0,0,0.404476,3.000000,4.000000
1002,logistic,logistic,0,8,2,67,0,0,2,2.216425,113.000000,0.277053,36,0.469036,38,0,0,0,0.469036,0.469036,0.000000,0.000000,0.469036,0.293720,0,26,1,0,36,22,42,113.000000,76.666700,59.833300,0.277211,0.248157,0.270610,0.004819,0.008528,0.012623,0.012623,8,0,8,fixed,8,8,0,0,0.404476,3.000000,4.000000
1002,logistic,logistic,0,8,2,68,0,0,2,2.219622,113.000000,0.277453,36,0.469036,38,0,0,0,0.469036,0.469036,0.000000,0.000000,0.469036,0.293720,0,26,1,0,36,22,42,113.000000,76.666700,59.833300,0.277199,0.248157,0.271000,0.004819,0.008528,0.012635,0.012635,8,0,8,fixed,8,8,0,0,0.404476,3.000000,4.000000
1002,logistic,logistic,0,8,2,69,1,1,1,1.630691,76.666700,0.543564,22,0.469036,38,0,1,0,0.469036,0.469036,0.000000,0.000000,0.469036,0.293720,0,26,1,-1,36,22,42,113.000000,76.666700,59.833300,0.719238,0.698893,0.530923,-0.000040,0.004819,0.006912,0.006912,8,0,8,fixed,8,8,0,0,0.404476,3.000000,4.000000
1002,logistic,logistic,0,8,2,70,2,2,4,0.000000,59.833300,0.668524,42,0.469036,38,0,2,0,0.469036,0.469036,0.000000,0.000000,0.469036,0.293720,0,26,1,-1,36,22,42,113.000000,76.666700,59.833300,0.353982,0.521739,0.668524,-0.006012,0.000664,0.004819,0.000664,8,0,8,fixed,8,8,0,0,0.404476,3.000000,4.000000
1002,logistic,logistic,0,8,2,71,1,1,1,1.708887,76.666700,0.569629,22,0.469036,38,0,1,0,0.469036,0.469036,0.000000,0.000000,0.469036,0.293720,0,26,1,-1,36,22,42,113.000000,76.666700,59.833300,0.719238,0.697652,0.556382,-0.000035,0.004819,0.007112,0.007112,8,0,8,fixed,8,8,0,0,0.404476,3.000000,4.000000
1002,logistic,logistic,0,8,2,72,2,2,3,0.000000,59.833300,1.671310,42,0.469036,38,0,2,0,0.469036,0.469036,0.000000,0.000000,0.469036,0.293720,0,26,1,1,36,22,42,113.000000,76.666700,59.833300,0.884956,1.304347,1.671310,-0.004296,0.001222,0.004819,0.001222,8,0,8,fixed,8,8,0,0,0.404476,3.000000,4.000000
1002,logistic,logistic,0,8,2,73,0,0,2,2.216384,113.000000,0.277048,36,0.469036,38,0,0,0,0.469036,0.469036,0.000000,0.000000,0.469036,0.293720,0,26,1,0,36,22,42,113.000000,76.666700,59.833300,0.277211,0.248157,0.270605,0.004819,0.008528,0.012622,0.012622,8,0,8,fixed,8,8,0,0,0.404476,3.000000,4.000000
1002,logistic,logistic,0,8,2,74,2,2,4,0.000000,59.833300,0.668524,42,0.469036,38,0,2,0,0.469036,0.469036,0.000000,0.000000,0.469036,0.293720,0,26,1,-1,36,22,42,113.000000,76.666700,59.833300,0.353982,0.521739,0.668524,-0.006012,0.000664,0.004819,0.000664,8,0,8,fixed,8,8,0,0,0.404476,3.000000,4.000000
1002,logistic,logistic,0,8,2,75,2,2,4,0.000000,59.833300,0.668524,42,0.469036,38,0,2,0,0.469036,0.469036,0.000000,0.000000,0.469036,0.293720,0,26,1,-1,36,22,42,113.000000,76.666700,59.833300,0.353982,0.521739,0.668524,-0.006012,0.000664,0.004819,0.000664,8,0,8,fixed,8,8,0,0,0.404476,3.000000,4.000000
1002,logistic,logistic,0,8,2,76,0,0,2,2.217495,113.000000,0.277187,36,0.469036,38,0,0,0,0.469036,0.469036,0.000000,0.000000,0.469036,0.293720,0,26,1,0,36,22,42,113.000000,76.666700,59.833300,0.277207,0.248157,0.270741,0.004819,0.008528,0.012627,0.012627,8,0,8,fixed,8,8,0,0,0.404476,3.000000,4.000000
1002,logistic,logistic,0,8,2,77,0,0,2,2.217506,113.000000,0.277188,36,0.469036,38,0,0,0,0.469036,0.469036,0.000000,0.000000,0.469036,0.293720,0,26,1,0,36,22,42,113.000000,76.666700,59.833300,0.277207,0.248157,0.270742,0.004819,0.008528,0.012627,0.012627,8,0,8,fixed,8,8,0,0,0.404476,3.000000,4.000000
1002,logistic,logistic,0,8,2,78,1,1,1,3.221943,76.666700,1.073981,22,0.469036,38,0,1,0,0.469036,0.469036,0.000000,0.000000,0.469036,0.293720,0,26,1,-1,36,22,42,113.000000,76.666700,59.833300,0.719238,0.673635,1.049005,0.000073,0.004819,0.009145,0.009145,8,0,8,fixed,8,8,0,0,0.404476,3.000000,4.000000
1002,logistic,logistic,0,8,2,79,0,0,2,2.217506,113.000000,0.277188,36,0.469036,38,0,0,0,0.469036,0.469036,0.000000,0.000000,0.469036,0.293720,0,26,1,0,36,22,42,113.000000,76.666700,59.833300,0.277207,0.248157,0.270742,0.004819,0.008528,0.012627,0.012627,8,0,8,fixed,8,8,0,0,0.404476,3.000000,4.000000
1002,logistic,logistic,0,8,2,80,2,2,4,0.000000,59.833300,0.668524,42,0.469036,38,0,2,0,0.469036,0.469036,0.000000,0.000000,0.469036,0.293720,0,26,1,-1,36,22,42,113.000000,76.666700,59.833300,0.353982,0.521739,0.668524,-0.006012,0.000664,0.004819,0.000664,8,0,8,fixed,8,8,0,0,0.404476,3.000000,4.000000
1002,logistic,logistic,0,8,2,81,2,2,3,0.000000,59.833300,1.671310,42,0.469036,38,0,2,0,0.469036,0.469036,0.000000,0.000000,0.469036,0.293720,0,26,1,1,36,22,42,113.000000,76.666700,59.833300,0.884956,1.304347,1.671310,-0.004296,0.001222,0.004819,0.001222,8,0,8,fixed,8,8,0,0,0.404476,3.000000,4.000000
1002,logistic,logistic,0,8,2,82,2,2,4,0.000000,59.833300,0.668524,42,0.469036,38,0,2,0,0.469036,0.469036,0.000000,0.000000,0.469036,0.293720,0,26,1,-1,36,22,42,113.000000,76.666700,59.833300,0.353982,0.521739,0.668524,-0.006012,0.000664,0.004819,0.000664,8,0,8,fixed,8,8,0,0,0.404476,3.000000,4.000000
1002,logistic,logistic,0,8,2,83,2,2,4,0.000000,59.833300,0.668524,42,0.469036,38,0,2,0,0.469036,0.469036,0.000000,0.000000,0.469036,0.293720,0,26,1,-1,36,22,42,113.000000,76.666700,59.833300,0.353982,0.521739,0.668524,-0.006012,0.000664,0.004819,0.000664,8,0,8,fixed,8,8,0,0,0.404476,3.000000,4.000000
1002,logistic,logistic,0,8,2,84,2,2,4,0.000000,59.833300,0.668524,42,0.469036,38,0,2,0,0.469036,0.469036,0.000000,0.000000,0.469036,0.293720,0,26,1,-1,36,22,42,113.000000,76.666700,59.833300,0.353982,0.521739,0.668524,-0.006012,0.000664,0.004819,0.000664,8,0,8,fixed,8,8,0,0,0.404476,3.000000,4.000000
1002,logistic,logistic,0,8,2,85,0,0,2,2.217483,113.000000,0.277185,36,0.469036,38,0,0,0,0.469036,0.469036,0.000000,0.000000,0.469036,0.293720,0,26,1,0,36,22,42,113.000000,76.666700,59.833300,0.277207,0.248157,0.270739,0.004819,0.008528,0.012627,0.012627,8,0,8,fixed,8,8,0,0,0.404476,3.000000,4.000000
1002,logistic,logistic,0,8,2,86,0,0,2,2.217494,113.000000,0.277187,36,0.469036,38,0,0,0,0.469036,0.469036,0.000000,0.000000,0.469036,0.293720,0,26,1,0,36,22,42,113.000000,76.666700,59.833300,0.277207,0.248157,0.270741,0.004819,0.008528,0.012627,0.012627,8,0,8,fixed,8,8,0,0,0.404476,3.000000,4.000000
1002,logistic,logistic,0,8,2,87,2,2,4,0.000000,59.833300,0.668524,42,0.469036,38,0,2,0,0.469036,0.469036,0.000000,0.000000,0.469036,0.293720,0,26,1,-1,36,22,42,113.000000,76.666700,59.833300,0.353982,0.521739,0.668524,-0.006012,0.000664,0.004819,0.000664,8,0,8,fixed,8,8,0,0,0.404476,3.000000,4.000000
1002,logistic,logistic,0,8,2,88,2,2,4,0.000000,59.833300,0.668524,42,0.469036,38,0,2,0,0.469036,0.469036,0.000000,0.000000,0.469036,0.293720,0,26,1,-1,36,22,42,113.000000,76.666700,59.833300,0.353982,0.521739,0.668524,-0.006012,0.000664,0.004819,0.000664,8,0,8,fixed,8,8,0,0,0.404476,3.000000,4.000000
1002,logistic,logistic,0,8,2,89,0,0,2,2.217504,113.000000,0.277188,36,0.469036,38,0,0,0,0.469036,0.469036,0.000000,0.000000,0.469036,0.293720,0,26,1,0,36,22,42,113.000000,76.666700,59.833300,0.277207,0.248157,0.270742,0.004819,0.008528,0.012627,0.012627,8,0,8,fixed,8,8,0,0,0.404476,3.000000,4.000000
1002,logistic,logistic,0,8,2,90,1,1,1,1.692376,76.666700,0.564125,22,0.469036,38,0,1,0,0.469036,0.469036,0.000000,0.000000,0.469036,0.293720,0,26,1,-1,36,22,42,113.000000,76.666700,59.833300,0.719238,0.697914,0.551006,-0.000036,0.004819,0.007072,0.007072,8,0,8,fixed,8,8,0,0,0.404476,3.000000,4.000000
1002,logistic,logistic,0,8,2,91,2,2,3,0.000000,59.833300,1.671310,42,0.469036,38,0,2,0,0.469036,0.469036,0.000000,0.000000,0.469036,0.293720,0,26,1,1,36,22,42,113.000000,76.666700,59.833300,0.884956,1.304347,1.671310,-0.004296,0.001222,0.004819,0.001222,8,0,8,fixed,8,8,0,0,0.404476,3.000000,4.000000
1002,logistic,logistic,0,8,2,92,2,2,4,0.000000,59.833300,0.668524,42,0.469036,38,0,2,0,0.469036,0.469036,0.000000,0.000000,0.469036,0.293720,0,26,1,-1,36,22,42,113.000000,76.666700,59.833300,0.353982,0.521739,0.668524,-0.006012,0.000664,0.004819,0.000664,8,0,8,fixed,8,8,0,0,0.404476,3.000000,4.000000
1002,logistic,logistic,0,8,2,93,0,0,2,2.217505,113.000000,0.277188,36,0.469036,38,0,0,0,0.469036,0.469036,0.000000,0.000000,0.469036,0.293720,0,26,1,0,36,22,42,113.000000,76.666700,59.833300,0.277207,0.248157,0.270742,0.004819,0.008528,0.012627,0.012627,8,0,8,fixed,8,8,0,0,0.404476,3.000000,4.000000
1002,logistic,logistic,0,8,2,94,1,1,1,1.883499,76.666700,0.627833,22,0.469036,38,0,1,0,0.469036,0.469036,0.000000,0.000000,0.469036,0.293720,0,26,1,-1,36,22,42,113.000000,76.666700,59.833300,0.719238,0.694881,0.613232,-0.000023,0.004819,0.007503,0.007503,8,0,8,fixed,8,8,0,0,0.404476,3.000000,4.000000
1002,logistic,logistic,0,8,2,95,0,0,2,2.217435,113.000000,0.277179,36,0.469036,38,0,0,0,0.469036,0.469036,0.000000,0.000000,0.469036,0.293720,0,26,1,0,36,22,42,113.000000,76.666700,59.833300,0.277207,0.248157,0.270733,0.004819,0.008528,0.012627,0.012627,8,0,8,fixed,8,8,0,0,0.404476,3.000000,4.000000
1002,logistic,logistic,0,8,2,96,1,1,1,1.750766,76.666700,0.583589,22,0.469036,38,0,1,0,0.469036,0.469036,0.000000,0.000000,0.469036,0.293720,0,26,1,-1,36,22,42,113.000000,76.666700,59.833300,0.719238,0.696988,0.570017,-0.000032,0.004819,0.007213,0.007213,8,0,8,fixed,8,8,0,0,0.404476,3.000000,4.000000
1002,logistic,logistic,0,8,2,97,0,0,2,2.218658,113.000000,0.277332,36,0.469036,38,0,0,0,0.469036,0.469036,0.000000,0.000000,0.469036,0.293720,0,26,1,0,36,22,42,113.000000,76.666700,59.833300,0.277203,0.248157,0.270883,0.004819,0.008528,0.012632,0.012632,8,0,8,fixed,8,8,0,0,0.404476,3.000000,4.000000
1002,logistic,logistic,0,8,2,98,2,2,4,0.000000,59.833300,0.668524,42,0.469036,38,0,2,0,0.469036,0.469036,0.000000,0.000000,0.469036,0.293720,0,26,1,-1,36,22,42,113.000000,76.666700,59.833300,0.353982,0.521739,0.668524,-0.006012,0.000664,0.004819,0.000664,8,0,8,fixed,8,8,0,0,0.404476,3.000000,4.000000
1002,logistic,logistic,0,8,2,99,2,2,4,0.000000,59.833300,0.668524,42,0.469036,38,0,2,0,0.469036,0.469036,0.000000,0.000000,0.469036,0.293720,0,26,1,-1,36,22,42,113.000000,76.666700,59.833300,0.353982,0.521739,0.668524,-0.006012,0.000664,0.004819,0.000664,8,0,8,fixed,8,8,0,0,0.404476,3.000000,4.000000
1002,logistic,logistic,0,8,2,100,1,1,1,1.974005,76.666700,0.658002,22,0.469036,38,0,1,0,0.469036,0.469036,0.000000,0.000000,0.469036,0.293720,0,26,1,-1,36,22,42,113.000000,76.666700,59.833300,0.719238,0.693444,0.642699,-0.000016,0.004819,0.007679,0.007679,8,0,8,fixed,8,8,0,0,0.404476,3.000000,4.000000
1002,logistic,logistic,0,8,3,1,2,2,4,0.000000,18.666700,2.142853,42,0.549653,36,0,2,0,0.549653,0.549653,0.000000,0.000000,0.549653,0.080617,0,35,1,-1,36,22,42,113.000000,72.500000,18.666700,0.353982,0.551724,2.142853,-0.016827,-0.008278,0.000666,0.000000,8,0,8,fixed,8,8,0,0,0.011598,3.000000,4.000000
1002,logistic,logistic,0,8,3,2,0,0,2,2.248064,113.000000,0.281008,36,0.549653,36,0,0,0,0.549653,0.549653,0.000000,0.000000,0.549653,0.080617,0,35,1,0,36,22,42,113.000000,72.500000,18.666700,0.277089,0.216551,0.274473,0.000666,0.003228,0.011389,0.011389,8,0,8,fixed,8,8,0,0,0.011598,3.000000,4.000000
1002,logistic,logistic,0,8,3,3,1,1,1,1.807950,72.500000,0.602650,22,0.549653,36,0,1,0,0.549653,0.549653,0.000000,0.000000,0.549653,0.080617,0,35,1,-1,36,22,42,113.000000,72.500000,18.666700,0.719215,0.603768,0.588635,-0.004614,0.000666,0.005366,0.005366,8,0,8,fixed,8,8,0,0,0.011598,3.000000,4.000000
1002,logistic,logistic,0,8,3,4,0,0,2,2.227318,113.000000,0.278415,36,0.549653,36,0,0,0,0.549653,0.549653,0.000000,0.000000,0.549653,0.080617,0,35,1,0,36,22,42,113.000000,72.500000,18.666700,0.277163,0.216551,0.271940,0.000666,0.003225,0.011279,0.011279,8,0,8,fixed,8,8,0,0,0.011598,3.000000,4.000000
1002,logistic,logistic,0,8,3,5,1,1,1,1.693290,72.500000,0.564430,22,0.549653,36,0,1,0,0.549653,0.549653,0.000000,0.000000,0.549653,0.080617,0,35,1,-1,36,22,42,113.000000,72.500000,18.666700,0.719215,0.605587,0.551304,-0.004628,0.000666,0.004997,0.004997,8,0,8,fixed,8,8,0,0,0.011598,3.000000,4.000000
1002,logistic,logistic,0,8,3,6,2,2,3,0.000000,18.666700,5.357133,42,0.549653,36,0,2,0,0.549653,0.549653,0.000000,0.000000,0.549653,0.080617,0,35,1,1,36,22,42,113.000000,72.500000,18.666700,0.884956,1.379310,5.357133,-0.012779,-0.005901,0.000666,0.000000,8,0,8,fixed,8,8,0,0,0.011598,3.000000,4.000000
1002,logistic,logistic,0,8,3,7,2,2,4,0.000000,18.666700,2.142853,42,0.549653,36,0,2,0,0.549653,0.549653,0.000000,0.000000,0.549653,0.080617,0,35,1,-1,36,22,42,113.000000,72.500000,18.666700,0.353982,0.551724,2.142853,-0.016827,-0.008278,0.000666,0.000000,8,0,8,fixed,8,8,0,0,0.011598,3.000000,4.000000
1002,logistic,logistic,0,8,3,8,2,2,4,0.000000,18.666700,2.142853,42,0.549653,36,0,2,0,0.549653,0.549653,0.000000,0.000000,0.549653,0.080617,0,35,1,-1,36,22,42,113.000000,72.500000,18.666700,0.353982,0.551724,2.142853,-0.016827,-0.008278,0.000666,0.000000,8,0,8,fixed,8,8,0,0,0.011598,3.000000,4.000000
1002,logistic,logistic,0,8,3,9,2,2,3,0.000000,18.666700,5.357133,42,0.549653,36,0,2,0,0.549653,0.549653,0.000000,0.000000,0.549653,0.080617,0,35,1,1,36,22,42,113.000000,72.500000,18.666700,0.884956,1.379310,5.357133,-0.012779,-0.005901,0.000666,0.000000,8,0,8,fixed,8,8,0,0,0.011598,3.000000,4.000000
1002,logistic,logistic,0,8,3,10,0,0,2,2.243669,113.000000,0.280459,36,0.549653,36,0,0,0,0.549653,0.549653,0.000000,0.000000,0.549653,0.080617,0,35,1,0,36,22,42,113.000000,72.500000,18.666700,0.277104,0.216551,0.273936,0.000666,0.003227,0.011366,0.011366,8,0,8,fixed,8,8,0,0,0.011598,3.000000,4.000000
1002,logistic,logistic,0,8,3,11,2,2,4,0.000000,18.666700,2.142853,42,0.549653,36,0,2,0,0.549653,0.549653,0.000000,0.000000,0.549653,0.080617,0,35,1,-1,36,22,42,113.000000,72.500000,18.666700,0.353982,0.551724,2.142853,-0.016827,-0.008278,0.000666,0.000000,8,0,8,fixed,8,8,0,0,0.011598,3.000000,4.000000
1002,logistic,logistic,0,8,3,12,0,0,2,2.234924,113.000000,0.279365,36,0.549653,36,0,0,0,0.549653,0.549653,0.000000,0.000000,0.549653,0.080617,0,35,1,0,36,22,42,113.000000,72.500000,18.666700,0.277135,0.216551,0.272869,0.000666,0.003226,0.011320,0.011320,8,0,8,fixed,8,8,0,0,0.011598,3.000000,4.000000
1002,logistic,logistic,0,8,3,13,2,2,4,0.000000,18.666700,2.142853,42,0.549653,36,0,2,0,0.549653,0.549653,0.000000,0.000000,0.549653,0.080617,0,35,1,-1,36,22,42,113.000000,72.500000,18.666700,0.353982,0.551724,2.142853,-0.016827,-0.008278,0.000666,0.000000,8,0,8,fixed,8,8,0,0,0.011598,3.000000,4.000000
1002,logistic,logistic,0,8,3,14,2,2,3,0.000000,18.666700,5.357133,42,0.549653,36,0,2,0,0.549653,0.549653,0.000000,0.000000,0.549653,0.080617,0,35,1,1,36,22,42,113.000000,72.500000,18.666700,0.884956,1.379310,5.357133,-0.012779,-0.005901,0.000666,0.000000,8,0,8,fixed,8,8,0,0,0.011598,3.000000,4.000000
1002,logistic,logistic,0,8,3,15,1,1,1,1.899728,72.500000,0.633243,22,0.549653,36,0,1,0,0.549653,0.549653,0.000000,0.000000,0.549653,0.080617,0,35,1,-1,36,22,42,113.000000,72.500000,18.666700,0.719215,0.602311,0.618516,-0.004603,0.000666,0.005630,0.005630,8,0,8,fixed,8,8,0,0,0.011598,3.000000,4.000000
1002,logistic,logistic,0,8,3,16,2,2,4,0.000000,18.666700,2.142853,42,0.549653,36,0,2,0,0.549653,0.549653,0.000000,0.000000,0.549653,0.080617,0,35,1,-1,36,22,42,113.000000,72.500000,18.666700,0.353982,0.551724,2.142853,-0.016827,-0.008278,0.000666,0.000000,8,0,8,fixed,8,8,0,0,0.011598,3.000000,4.000000
1002,logistic,logistic,0,8,3,17,2,2,3,0.000000,18.666700,5.357133,42,0.549653,36,0,2,0,0.549653,0.549653,0.000000,0.000000,0.549653,0.080617,0,35,1,1,36,22,42,113.000000,72.500000,18.666700,0.884956,1.379310,5.357133,-0.012779,-0.005901,0.000666,0.000000,8,0,8,fixed,8,8,0,0,0.011598,3.000000,4.000000
1002,logistic,logistic,0,8,3,18,1,1,1,1.540272,72.500000,0.513424,22,0.549653,36,0,1,0,0.549653,0.549653,0.000000,0.000000,0.549653,0.080617,0,35,1,-1,36,22,42,113.000000,72.500000,18.666700,0.719215,0.608016,0.501484,-0.004647,0.000666,0.004424,0.004424,8,0,8,fixed,8,8,0,0,0.011598,3.000000,4.000000
1002,logistic,logistic,0,8,3,19,0,0,2,2.182424,113.000000,0.272803,36,0.549653,36,0,0,0,0.549653,0.549653,0.000000,0.000000,0.549653,0.080617,0,35,1,0,36,22,42,113.000000,72.500000,18.666700,0.277323,0.216551,0.266459,0.000666,0.003219,0.011035,0.011035,8,0,8,fixed,8,8,0,0,0.011598,3.000000,4.000000
1002,logistic,logistic,0,8,3,20,2,2,4,0.000000,18.666700,2.142853,42,0.549653,36,0,2,0,0.549653,0.549653,0.000000,0.000000,0.549653,0.080617,0,35,1,-1,36,22,42,113.000000,72.500000,18.666700,0.353982,0.551724,2.142853,-0.016827,-0.008278,0.000666,0.000000,8,0,8,fixed,8,8,0,0,0.011598,3.000000,4.000000
1002,logistic,logistic,0,8,3,21,0,0,2,2.182436,113.000000,0.272805,36,0.549653,36,0,0,0,0.549653,0.549653,0.000000,0.000000,0.549653,0.080617,0,35,1,0,36,22,42,113.000000,72.500000,18.666700,0.277323,0.216551,0.266460,0.000666,0.003219,0.011035,0.011035,8,0,8,fixed,8,8,0,0,0.011598,3.000000,4.000000
1002,logistic,logistic,0,8,3,22,2,2,3,0.000000,18.666700,5.357133,42,0.549653,36,0,2,0,0.549653,0.549653,0.000000,0.000000,0.549653,0.080617,0,35,1,1,36,22,42,113.000000,72.500000,18.666700,0.884956,1.379310,5.357133,-0.012779,-0.005901,0.000666,0.000000,8,0,8,fixed,8,8,0,0,0.011598,3.000000,4.000000
1002,logistic,logistic,0,8,3,23,2,2,3,0.000000,18.666700,5.357133,42,0.549653,36,0,2,0,0.549653,0.549653,0.000000,0.000000,0.549653,0.080617,0,35,1,1,36,22,42,113.000000,72.500000,18.666700,0.884956,1.379310,5.357133,-0.012779,-0.005901,0.000666,0.000000,8,0,8,fixed,8,8,0,0,0.011598,3.000000,4.000000
1002,logistic,logistic,0,8,3,24,1,1,1,1.945978,72.500000,0.648659,22,0.549653,36,0,1,0,0.549653,0.549653,0.000000,0.000000,0.549653,0.080617,0,35,1,-1,36,22,42,113.000000,72.500000,18.666700,0.719215,0.601577,0.633574,-0.004597,0.000666,0.005755,0.005755,8,0,8,fixed,8,8,0,0,0.011598,3.000000,4.000000
1002,logistic,logistic,0,8,3,25,0,0,2,2.183505,113.000000,0.272938,36,0.549653,36,0,0,0,0.549653,0.549653,0.000000,0.000000,0.549653,0.080617,0,35,1,0,36,22,42,113.000000,72.500000,18.666700,0.277319,0.216551,0.266591,0.000666,0.003219,0.011041,0.011041,8,0,8,fixed,8,8,0,0,0.011598,3.000000,4.000000
1002,logistic,logistic,0,8,3,26,2,2,4,0.000000,18.666700,2.142853,42,0.549653,36,0,2,0,0.549653,0.549653,0.000000,0.000000,0.549653,0.080617,0,35,1,-1,36,22,42,113.000000,72.500000,18.666700,0.353982,0.551724,2.142853,-0.016827,-0.008278,0.000666,0.000000,8,0,8,fixed,8,8,0,0,0.011598,3.000000,4.000000
1002,logistic,logistic,0,8,3,27,0,0,2,2.183505,113.000000,0.272938,36,0.549653,36,0,0,0,0.549653,0.549653,0.000000,0.000000,0.549653,0.080617,0,35,1,0,36,22,42,113.000000,72.500000,18.666700,0.277319,0.216551,0.266591,0.000666,0.003219,0.011041,0.011041,8,0,8,fixed,8,8,0,0,0.011598,3.000000,4.000000
1002,logistic,logistic,0,8,3,28,0,0,2,2.205390,113.000000,0.275674,36,0.549653,36,0,0,0,0.549653,0.549653,0.000000,0.000000,0.549653,0.080617,0,35,1,0,36,22,42,113.000000,72.500000,18.666700,0.277241,0.216551,0.269263,0.000666,0.003222,0.011161,0.011161,8,0,8,fixed,8,8,0,0,0.011598,3.000000,4.000000
1002,logistic,logistic,0,8,3,29,0,0,2,2.204315,113.000000,0.275539,36,0.549653,36,0,0,0,0.549653,0.549653,0.000000,0.000000,0.549653,0.080617,0,35,1,0,36,22,42,113.000000,72.500000,18.666700,0.277245,0.216551,0.269131,0.000666,0.003222,0.011155,0.011155,8,0,8,fixed,8,8,0,0,0.011598,3.000000,4.000000
1002,logistic,logistic,0,8,3,30,2,2,3,0.000000,18.666700,5.357133,42,0.549653,36,0,2,0,0.549653,0.549653,0.000000,0.000000,0.549653,0.080617,0,35,1,1,36,22,42,113.000000,72.500000,18.666700,0.884956,1.379310,5.357133,-0.012779,-0.005901,0.000666,0.000000,8,0,8,fixed,8,8,0,0,0.011598,3.000000,4.000000
1002,logistic,logistic,0,8,3,31,1,1,1,1.537986,72.500000,0.512662,22,0.549653,36,0,1,0,0.549653,0.549653,0.000000,0.000000,0.549653,0.080617,0,35,1,-1,36,22,42,113.000000,72.500000,18.666700,0.719215,0.608053,0.500740,-0.004647,0.000666,0.004414,0.004414,8,0,8,fixed,8,8,0,0,0.011598,3.000000,4.000000
1002,logistic,logistic,0,8,3,32,1,1,1,1.685506,72.500000,0.561835,22,0.549653,36,0,1,0,0.549653,0.549653,0.000000,0.000000,0.549653,0.080617,0,35,1,-1,36,22,42,113.000000,72.500000,18.666700,0.719215,0.605711,0.548770,-0.004629,0.000666,0.004970,0.004970,8,0,8,fixed,8,8,0,0,0.011598,3.000000,4.000000
1002,logistic,logistic,0,8,3,33,0,0,2,2.215208,113.000000,0.276901,36,0.549653,36,0,0,0,0.549653,0.549653,0.000000,0.000000,0.549653,0.080617,0,35,1,0,36,22,42,113.000000,72.500000,18.666700,0.277206,0.216551,0.270461,0.000666,0.003223,0.011214,0.011214,8,0,8,fixed,8,8,0,0,0.011598,3.000000,4.000000
1002,logistic,logistic,0,8,3,34,0,0,2,2.204326,113.000000,0.275541,36,0.549653,36,0,0,0,0.549653,0.549653,0.000000,0.000000,0.549653,0.080617,0,35,1,0,36,22,42,113.000000,72.500000,18.666700,0.277245,0.216551,0.269133,0.000666,0.003222,0.011155,0.011155,8,0,8,fixed,8,8,0,0,0.011598,3.000000,4.000000
1002,logistic,logistic,0,8,3,35,0,0,2,2.204327,113.000000,0.275541,36,0.549653,36,0,0,0,0.549653,0.549653,0.000000,0.000000,0.549653,0.080617,0,35,1,0,36,22,42,113.000000,72.500000,18.666700,0.277245,0.216551,0.269133,0.000666,0.003222,0.011155,0.011155,8,0,8,fixed,8,8,0,0,0.011598,3.000000,4.000000
1002,logistic,logistic,0,8,3,36,2,2,3,0.000000,18.666700,5.357133,42,0.549653,36,0,2,0,0.549653,0.549653,0.000000,0.000000,0.549653,0.080617,0,35,1,1,36,22,42,113.000000,72.500000,18.666700,0.884956,1.379310,5.357133,-0.012779,-0.005901,0.000666,0.000000,8,0,8,fixed,8,8,0,0,0.011598,3.000000,4.000000
1002,logistic,logistic,0,8,3,37,0,0,2,2.215256,113.000000,0.276907,36,0.549653,36,0,0,0,0.549653,0.549653,0.000000,0.000000,0.549653,0.080617,0,35,1,0,36,22,42,113.000000,72.500000,18.666700,0.277206,0.216551,0.270467,0.000666,0.003223,0.011214,0.011214,8,0,8,fixed,8,8,0,0,0.011598,3.000000,4.000000
1002,logistic,logistic,0,8,3,38,2,2,4,0.000000,18.666700,2.142853,42,0.549653,36,0,2,0,0.549653,0.549653,0.000000,0.000000,0.549653,0.080617,0,35,1,-1,36,22,42,113.000000,72.500000,18.666700,0.353982,0.551724,2.142853,-0.016827,-0.008278,0.000666,0.000000,8,0,8,fixed,8,8,0,0,0.011598,3.000000,4.000000
1002,logistic,logistic,0,8,3,39,0,0,2,2.215169,113.000000,0.276896,36,0.549653,36,0,0,0,0.549653,0.549653,0.000000,0.000000,0.549653,0.080617,0,35,1,0,36,22,42,113.000000,72.500000,18.666700,0.277206,0.216551,0.270457,0.000666,0.003223,0.011214,0.011214,8,0,8,fixed,8,8,0,0,0.011598,3.000000,4.000000
1002,logistic,logistic,0,8,3,40,2,2,4,0.000000,18.666700,2.142853,42,0.549653,36,0,2,0,0.549653,0.549653,0.000000,0.000000,0.549653,0.080617,0,35,1,-1,36,22,42,113.000000,72.500000,18.666700,0.353982,0.551724,2.142853,-0.016827,-0.008278,0.000666,0.000000,8,0,8,fixed,8,8,0,0,0.011598,3.000000,4.000000
1002,logistic,logistic,0,8,3,41,2,2,4,0.000000,18.666700,2.142853,42,0.549653,36,0,2,0,0.549653,0.549653,0.000000,0.000000,0.549653,0.080617,0,35,1,-1,36,22,42,113.000000,72.500000,18.666700,0.353982,0.551724,2.142853,-0.016827,-0.008278,0.000666,0.000000,8,0,8,fixed,8,8,0,0,0.011598,3.000000,4.000000
1002,logistic,logistic,0,8,3,42,1,1,1,1.759136,72.500000,0.586379,22,0.549653,36,0,1,0,0.549653,0.549653,0.000000,0.000000,0.549653,0.080617,0,35,1,-1,36,22,42,113.000000,72.500000,18.666700,0.719215,0.604542,0.572742,-0.004620,0.000666,0.005214,0.005214,8,0,8,fixed,8,8,0,0,0.011598,3.000000,4.000000
1002,logistic,logistic,0,8,3,43,1,1,1,1.899034,72.500000,0.633011,22,0.549653,36,0,1,0,0.549653,0.549653,0.000000,0.000000,0.549653,0.080617,0,35,1,-1,36,22,42,113.000000,72.500000,18.666700,0.719215,0.602322,0.618290,-0.004603,0.000666,0.005628,0.005628,8,0,8,fixed,8,8,0,0,0.011598,3.000000,4.000000
1002,logistic,logistic,0,8,3,44,1,1,1,1.949502,72.500000,0.649834,22,0.549653,36,0,1,0,0.549653,0.549653,0.000000,0.000000,0.549653,0.080617,0,35,1,-1,36,22,42,113.000000,72.500000,18.666700,0.719215,0.601521,0.634722,-0.004597,0.000666,0.005764,0.005764,8,0,8,fixed,8,8,0,0,0.011598,3.000000,4.000000
1002,logistic,logistic,0,8,3,45,2,2,3,0.000000,18.666700,5.357133,42,0.549653,36,0,2,0,0.549653,0.549653,0.000000,0.000000,0.549653,0.080617,0,35,1,1,36,22,42,113.000000,72.500000,18.666700,0.884956,1.379310,5.357133,-0.012779,-0.005901,0.000666,0.000000,8,0,8,fixed,8,8,0,0,0.011598,3.000000,4.000000
1002,logistic,logistic,0,8,3,46,0,0,2,2.261137,113.000000,0.282642,36,0.549653,36,0,0,0,0.549653,0.549653,0.000000,0.000000,0.549653,0.080617,0,35,1,0,36,22,42,113.000000,72.500000,18.666700,0.277042,0.216551,0.276069,0.000666,0.003230,0.011457,0.011457,8,0,8,fixed,8,8,0,0,0.011598,3.000000,4.000000
1002,logistic,logistic,0,8,3,47,2,2,4,0.000000,18.666700,2.142853,42,0.549653,36,0,2,0,0.549653,0.549653,0.000000,0.000000,0.549653,0.080617,0,35,1,-1,36,22,42,113.000000,72.500000,18.666700,0.353982,0.551724,2.142853,-0.016827,-0.008278,0.000666,0.000000,8,0,8,fixed,8,8,0,0,0.011598,3.000000,4.000000
1002,logistic,logistic,0,8,3,48,2,2,3,0.000000,18.666700,5.357133,42,0.549653,36,0,2,0,0.549653,0.549653,0.000000,0.000000,0.549653,0.080617,0,35,1,1,36,22,42,113.000000,72.500000,18.666700,0.884956,1.379310,5.357133,-0.012779,-0.005901,0.000666,0.000000,8,0,8,fixed,8,8,0,0,0.011598,3.000000,4.000000
1002,logistic,logistic,0,8,3,49,1,1,1,1.655082,72.500000,0.551694,22,0.549653,36,0,1,0,0.549653,0.549653,0.000000,0.000000,0.549653,0.080617,0,35,1,-1,36,22,42,113.000000,72.500000,18.666700,0.719215,0.606194,0.538864,-0.004633,0.000666,0.004863,0.004863,8,0,8,fixed,8,8,0,0,0.011598,3.000000,4.000000
1002,logistic,logistic,0,8,3,50,0,0,2,2.261077,113.000000,0.282635,36,0.549653,36,0,0,0,0.549653,0.549653,0.000000,0.000000,0.549653,0.080617,0,35,1,0,36,22,42,113.000000,72.500000,18.666700,0.277042,0.216551,0.276062,0.000666,0.003230,0.011457,0.011457,8,0,8,fixed,8,8,0,0,0.011598,3.000000,4.000000
1002,logistic,logistic,0,8,3,51,2,2,4,0.000000,18.666700,2.142853,42,0.549653,36,0,2,0,0.549653,0.549653,0.000000,0.000000,0.549653,0.080617,0,35,1,-1,36,22,42,113.000000,72.500000,18.666700,0.353982,0.551724,2.142853,-0.016827,-0.008278,0.000666,0.000000,8,0,8,fixed,8,8,0,0,0.011598,3.000000,4.000000
1002,logistic,logistic,0,8,3,52,2,2,4,0.000000,18.666700,2.142853,42,0.549653,36,0,2,0,0.549653,0.549653,0.000000,0.000000,0.549653,0.080617,0,35,1,-1,36,22,42,113.000000,72.500000,18.666700,0.353982,0.551724,2.142853,-0.016827,-0.008278,0.000666,0.000000,8,0,8,fixed,8,8,0,0,0.011598,3.000000,4.000000
1002,logistic,logistic,0,8,3,53,0,0,2,2.205461,113.000000,0.275683,36,0.549653,36,0,0,0,0.549653,0.549653,0.000000,0.000000,0.549653,0.080617,0,35,1,0,36,22,42,113.000000,72.500000,18.666700,0.277241,0.216551,0.269271,0.000666,0.003222,0.011161,0.011161,8,0,8,fixed,8,8,0,0,0.011598,3.000000,4.000000
1002,logistic,logistic,0,8,3,54,0,0,2,2.205461,113.000000,0.275683,36,0.549653,36,0,0,0,0.549653,0.549653,0.000000,0.000000,0.549653,0.080617,0,35,1,0,36,22,42,113.000000,72.500000,18.666700,0.277241,0.216551,0.269271,0.000666,0.003222,0.011161,0.011161,8,0,8,fixed,8,8,0,0,0.011598,3.000000,4.000000
1002,logistic,logistic,0,8,3,55,1,1,1,1.731117,72.500000,0.577039,22,0.549653,36,0,1,0,0.549653,0.549653,0.000000,0.000000,0.549653,0.080617,0,35,1,-1,36,22,42,113.000000,72.500000,18.666700,0.719215,0.604987,0.563619,-0.004624,0.000666,0.005124,0.005124,8,0,8,fixed,8,8,0,0,0.011598,3.000000,4.000000
1002,logistic,logistic,0,8,3,56,1,1,1,1.895609,72.500000,0.631870,22,0.549653,36,0,1,0,0.549653,0.549653,0.000000,0.000000,0.549653,0.080617,0,35,1,-1,36,22,42,113.000000,72.500000,18.666700,0.719215,0.602376,0.617175,-0.004604,0.000666,0.005619,0.005619,8,0,8,fixed,8,8,0,0,0.011598,3.000000,4.000000
1002,logistic,logistic,0,8,3,57,2,2,3,0.000000,18.666700,5.357133,42,0.549653,36,0,2,0,0.549653,0.549653,0.000000,0.000000,0.549653,0.080617,0,35,1,1,36,22,42,113.000000,72.500000,18.666700,0.884956,1.379310,5.357133,-0.012779,-0.005901,0.000666,0.000000,8,0,8,fixed,8,8,0,0,0.011598,3.000000,4.000000
1002,logistic,logistic,0,8,3,58,0,0,2,2.205408,113.000000,0.275676,36,0.549653,36,0,0,0,0.549653,0.549653,0.000000,0.000000,0.549653,0.080617,0,35,1,0,36,22,42,113.000000,72.500000,18.666700,0.277241,0.216551,0.269265,0.000666,0.003222,0.011161,0.011161,8,0,8,fixed,8,8,0,0,0.011598,3.000000,4.000000
1002,logistic,logistic,0,8,3,59,2,2,3,0.000000,18.666700,5.357133,42,0.549653,36,0,2,0,0.549653,0.549653,0.000000,0.000000,0.549653,0.080617,0,35,1,1,36,22,42,113.000000,72.500000,18.666700,0.884956,1.379310,5.357133,-0.012779,-0.005901,0.000666,0.000000,8,0,8,fixed,8,8,0,0,0.011598,3.000000,4.000000
1002,logistic,logistic,0,8,3,60,1,1,1,2.000943,72.500000,0.666981,22,0.549653,36,0,1,0,0.549653,0.549653,0.000000,0.000000,0.549653,0.080617,0,35,1,-1,36,22,42,113.000000,72.500000,18.666700,0.719215,0.600704,0.651470,-0.004590,0.000666,0.005896,0.005896,8,0,8,fixed,8,8,0,0,0.011598,3.000000,4.000000
1002,logistic,logistic,0,8,3,61,0,0,2,2.181403,113.000000,0.272675,36,0.549653,36,1,0,0,0.549653,0.549653,0.000000,0.000000,0.549653,0.080617,0,35,1,0,36,22,42,113.000000,72.500000,18.666700,0.277327,0.216551,0.266334,0.000666,0.003219,0.011029,0.011029,8,0,8,fixed,8,8,0,0,0.011598,3.000000,4.000000
1002,logistic,logistic,0,8,3,62,1,1,1,1.856270,72.500000,0.618757,22,0.549653,36,0,1,0,0.549653,0.549653,0.000000,0.000000,0.549653,0.080617,0,35,1,-1,36,22,42,113.000000,72.500000,18.666700,0.719215,0.603001,0.604367,-0.004608,0.000666,0.005508,0.005508,8,0,8,fixed,8,8,0,0,0.011598,3.000000,4.000000
1002,logistic,logistic,0,8,3,63,0,0,2,2.204344,113.000000,0.275543,36,0.549653,36,0,0,0,0.549653,0.549653,0.000000,0.000000,0.549653,0.080617,0,35,1,0,36,22,42,113.000000,72.500000,18.666700,0.277245,0.216551,0.269135,0.000666,0.003222,0.011155,0.011155,8,0,8,fixed,8,8,0,0,0.011598,3.000000,4.000000
1002,logistic,logistic,0,8,3,64,0,0,2,2.231617,113.000000,0.278952,36,0.549653,36,0,0,0,0.549653,0.549653,0.000000,0.000000,0.549653,0.080617,0,35,1,0,36,22,42,113.000000,72.500000,18.666700,0.277147,0.216551,0.272465,0.000666,0.003226,0.011302,0.011302,8,0,8,fixed,8,8,0,0,0.011598,3.000000,4.000000
1002,logistic,logistic,0,8,3,65,0,0,2,2.261138,113.000000,0.282642,36,0.549653,36,0,0,0,0.549653,0.549653,0.000000,0.000000,0.549653,0.080617,0,35,1,0,36,22,42,113.000000,72.500000,18.666700,0.277042,0.216551,0.276069,0.000666,0.003230,0.011457,0.011457,8,0,8,fixed,8,8,0,0,0.011598,3.000000,4.000000
1002,logistic,logistic,0,8,3,66,2,2,4,0.000000,18.666700,2.142853,42,0.549653,36,0,2,0,0.549653,0.549653,0.000000,0.000000,0.549653,0.080617,0,35,1,-1,36,22,42,113.000000,72.500000,18.666700,0.353982,0.551724,2.142853,-0.016827,-0.008278,0.000666,0.000000,8,0,8,fixed,8,8,0,0,0.011598,3.000000,4.000000
1002,logistic,logistic,0,8,3,67,0,0,2,2.213125,113.000000,0.276641,36,0.549653,36,0,0,0,0.549653,0.549653,0.000000,0.000000,0.549653,0.080617,0,35,1,0,36,22,42,113.000000,72.500000,18.666700,0.277213,0.216551,0.270207,0.000666,0.003223,0.011203,0.011203,8,0,8,fixed,8,8,0,0,0.011598,3.000000,4.000000
1002,logistic,logistic,0,8,3,68,0,0,2,2.261138,113.000000,0.282642,36,0.549653,36,0,0,0,0.549653,0.549653,0.000000,0.000000,0.549653,0.080617,0,35,1,0,36,22,42,113.000000,72.500000,18.666700,0.277042,0.216551,0.276069,0.000666,0.003230,0.011457,0.011457,8,0,8,fixed,8,8,0,0,0.011598,3.000000,4.000000
1002,logistic,logistic,0,8,3,69,1,1,1,1.885066,72.500000,0.628355,22,0.549653,36,0,1,0,0.549653,0.549653,0.000000,0.000000,0.549653,0.080617,0,35,1,-1,36,22,42,113.000000,72.500000,18.666700,0.719215,0.602543,0.613742,-0.004605,0.000666,0.005590,0.005590,8,0,8,fixed,8,8,0,0,0.011598,3.000000,4.000000
1002,logistic,logistic,0,8,3,70,2,2,4,0.000000,18.666700,2.142853,42,0.549653,36,0,2,0,0.549653,0.549653,0.000000,0.000000,0.549653,0.080617,0,35,1,-1,36,22,42,113.000000,72.500000,18.666700,0.353982,0.551724,2.142853,-0.016827,-0.008278,0.000666,0.000000,8,0,8,fixed,8,8,0,0,0.011598,3.000000,4.000000
1002,logistic,logistic,0,8,3,71,1,1,1,1.768062,72.500000,0.589354,22,0.549653,36,0,1,0,0.549653,0.549653,0.000000,0.000000,0.549653,0.080617,0,35,1,-1,36,22,42,113.000000,72.500000,18.666700,0.719215,0.604401,0.575648,-0.004619,0.000666,0.005242,0.005242,8,0,8,fixed,8,8,0,0,0.011598,3.000000,4.000000
1002,logistic,logistic,0,8,3,72,2,2,3,0.000000,18.666700,5.357133,42,0.549653,36,0,2,0,0.549653,0.549653,0.000000,0.000000,0.549653,0.080617,0,35,1,1,36,22,42,113.000000,72.500000,18.666700,0.884956,1.379310,5.357133,-0.012779,-0.005901,0.000666,0.000000,8,0,8,fixed,8,8,0,0,0.011598,3.000000,4.000000
1002,logistic,logistic,0,8,3,73,0,0,2,2.213113,113.000000,0.276639,36,0.549653,36,0,0,0,0.549653,0.549653,0.000000,0.000000,0.549653,0.080617,0,35,1,0,36,22,42,113.000000,72.500000,18.666700,0.277213,0.216551,0.270206,0.000666,0.003223,0.011203,0.011203,8,0,8,fixed,8,8,0,0,0.011598,3.000000,4.000000
1002,logistic,logistic,0,8,3,74,2,2,4,0.000000,18.666700,2.142853,42,0.549653,36,0,2,0,0.549653,0.549653,0.000000,0.000000,0.549653,0.080617,0,35,1,-1,36,22,42,113.000000,72.500000,18.666700,0.353982,0.551724,2.142853,-0.016827,-0.008278,0.000666,0.000000,8,0,8,fixed,8,8,0,0,0.011598,3.000000,4.000000
1002,logistic,logistic,0,8,3,75,2,2,4,0.000000,18.666700,2.142853,42,0.549653,36,0,2,0,0.549653,0.549653,0.000000,0.000000,0.549653,0.080617,0,35,1,-1,36,22,42,113.000000,72.500000,18.666700,0.353982,0.551724,2.142853,-0.016827,-0.008278,0.000666,0.000000,8,0,8,fixed,8,8,0,0,0.011598,3.000000,4.000000
1002,logistic,logistic,0,8,3,76,0,0,2,2.242501,113.000000,0.280313,36,0.549653,36,0,0,0,0.549653,0.549653,0.000000,0.000000,0.549653,0.080617,0,35,1,0,36,22,42,113.000000,72.500000,18.666700,0.277108,0.216551,0.273794,0.000666,0.003227,0.011360,0.011360,8,0,8,fixed,8,8,0,0,0.011598,3.000000,4.000000
1002,logistic,logistic,0,8,3,77,0,0,2,2.242560,113.000000,0.280320,36,0.549653,36,0,0,0,0.549653,0.549653,0.000000,0.000000,0.549653,0.080617,0,35,1,0,36,22,42,113.000000,72.500000,18.666700,0.277108,0.216551,0.273801,0.000666,0.003227,0.011360,0.011360,8,0,8,fixed,8,8,0,0,0.011598,3.000000,4.000000
1002,logistic,logistic,0,8,3,78,1,1,1,1.722261,72.500000,0.574087,22,0.549653,36,0,1,0,0.549653,0.549653,0.000000,0.000000,0.549653,0.080617,0,35,1,-1,36,22,42,113.000000,72.500000,18.666700,0.719215,0.605128,0.560736,-0.004625,0.000666,0.005094,0.005094,8,0,8,fixed,8,8,0,0,0.011598,3.000000,4.000000
1002,logistic,logistic,0,8,3,79,0,0,2,2.243665,113.000000,0.280458,36,0.549653,36,0,0,0,0.549653,0.549653,0.000000,0.000000,0.549653,0.080617,0,35,1,0,36,22,42,113.000000,72.500000,18.666700,0.277104,0.216551,0.273936,0.000666,0.003227,0.011366,0.011366,8,0,8,fixed,8,8,0,0,0.011598,3.000000,4.000000
1002,logistic,logistic,0,8,3,80,2,2,4,0.000000,18.666700,2.142853,42,0.549653,36,0,2,0,0.549653,0.549653,0.000000,0.000000,0.549653,0.080617,0,35,1,-1,36,22,42,113.000000,72.500000,18.666700,0.353982,0.551724,2.142853,-0.016827,-0.008278,0.000666,0.000000,8,0,8,fixed,8,8,0,0,0.011598,3.000000,4.000000
1002,logistic,logistic,0,8,3,81,2,2,3,0.000000,18.666700,5.357133,42,0.549653,36,0,2,0,0.549653,0.549653,0.000000,0.000000,0.549653,0.080617,0,35,1,1,36,22,42,113.000000,72.500000,18.666700,0.884956,1.379310,5.357133,-0.012779,-0.005901,0.000666,0.000000,8,0,8,fixed,8,8,0,0,0.011598,3.000000,4.000000
1002,logistic,logistic,0,8,3,82,2,2,4,0.000000,18.666700,2.142853,42,0.549653,36,0,2,0,0.549653,0.549653,0.000000,0.000000,0.549653,0.080617,0,35,1,-1,36,22,42,113.000000,72.500000,18.666700,0.353982,0.551724,2.142853,-0.016827,-0.008278,0.000666,0.000000,8,0,8,fixed,8,8,0,0,0.011598,3.000000,4.000000
1002,logistic,logistic,0,8,3,83,2,2,4,0.000000,18.666700,2.142853,42,0.549653,36,0,2,0,0.549653,0.549653,0.000000,0.000000,0.549653,0.080617,0,35,1,-1,36,22,42,113.000000,72.500000,18.666700,0.353982,0.551724,2.142853,-0.016827,-0.008278,0.000666,0.000000,8,0,8,fixed,8,8,0,0,0.011598,3.000000,4.000000
1002,logistic,logistic,0,8,3,84,2,2,4,0.000000,18.666700,2.142853,42,0.549653,36,0,2,0,0.549653,0.549653,0.000000,0.000000,0.549653,0.080617,0,35,1,-1,36,22,42,113.000000,72.500000,18.666700,0.353982,0.551724,2.142853,-0.016827,-0.008278,0.000666,0.000000,8,0,8,fixed,8,8,0,0,0.011598,3.000000,4.000000
1002,logistic,logistic,0,8,3,85,0,0,2,2.198796,113.000000,0.274849,36,0.549653,36,0,0,0,0.549653,0.549653,0.000000,0.000000,0.549653,0.080617,0,35,1,0,36,22,42,113.000000,72.500000,18.666700,0.277264,0.216551,0.268458,0.000666,0.003221,0.011125,0.011125,8,0,8,fixed,8,8,0,0,0.011598,3.000000,4.000000
1002,logistic,logistic,0,8,3,86,0,0,2,2.197714,113.000000,0.274714,36,0.549653,36,0,0,0,0.549653,0.549653,0.000000,0.000000,0.549653,0.080617,0,35,1,0,36,22,42,113.000000,72.500000,18.666700,0.277268,0.216551,0.268326,0.000666,0.003221,0.011119,0.011119,8,0,8,fixed,8,8,0,0,0.011598,3.000000,4.000000
1002,logistic,logistic,0,8,3,87,2,2,4,0.000000,18.666700,2.142853,42,0.549653,36,0,2,0,0.549653,0.549653,0.000000,0.000000,0.549653,0.080617,0,35,1,-1,36,22,42,113.000000,72.500000,18.666700,0.353982,0.551724,2.142853,-0.016827,-0.008278,0.000666,0.000000,8,0,8,fixed,8,8,0,0,0.011598,3.000000,4.000000
1002,logistic,logistic,0,8,3,88,2,2,4,0.000000,18.666700,2.142853,42,0.549653,36,0,2,0,0.549653,0.549653,0.000000,0.000000,0.549653,0.080617,0,35,1,-1,36,22,42,113.000000,72.500000,18.666700,0.353982,0.551724,2.142853,-0.016827,-0.008278,0.000666,0.000000,8,0,8,fixed,8,8,0,0,0.011598,3.000000,4.000000
1002,logistic,logistic,0,8,3,89,0,0,2,2.198831,113.000000,0.274854,36,0.549653,36,0,0,0,0.549653,0.549653,0.000000,0.000000,0.549653,0.080617,0,35,1,0,36,22,42,113.000000,72.500000,18.666700,0.277264,0.216551,0.268462,0.000666,0.003221,0.011125,0.011125,8,0,8,fixed,8,8,0,0,0.011598,3.000000,4.000000
1002,logistic,logistic,0,8,3,90,1,1,1,1.866739,72.500000,0.622246,22,0.549653,36,0,1,0,0.549653,0.549653,0.000000,0.000000,0.549653,0.080617,0,35,1,-1,36,22,42,113.000000,72.500000,18.666700,0.719215,0.602834,0.607775,-0.004607,0.000666,0.005538,0.005538,8,0,8,fixed,8,8,0,0,0.011598,3.000000,4.000000
1002,logistic,logistic,0,8,3,91,2,2,3,0.000000,18.666700,5.357133,42,0.549653,36,0,2,0,0.549653,0.549653,0.000000,0.000000,0.549653,0.080617,0,35,1,1,36,22,42,113.000000,72.500000,18.666700,0.884956,1.379310,5.357133,-0.012779,-0.005901,0.000666,0.000000,8,0,8,fixed,8,8,0,0,0.011598,3.000000,4.000000
1002,logistic,logistic,0,8,3,92,2,2,4,0.000000,18.666700,2.142853,42,0.549653,36,0,2,0,0.549653,0.549653,0.000000,0.000000,0.549653,0.080617,0,35,1,-1,36,22,42,113.000000,72.500000,18.666700,0.353982,0.551724,2.142853,-0.016827,-0.008278,0.000666,0.000000,8,0,8,fixed,8,8,0,0,0.011598,3.000000,4.000000
1002,logistic,logistic,0,8,3,93,0,0,2,2.198879,113.000000,0.274860,36,0.549653,36,0,0,0,0.549653,0.549653,0.000000,0.000000,0.549653,0.080617,0,35,1,0,36,22,42,113.000000,72.500000,18.666700,0.277264,0.216551,0.268468,0.000666,0.003221,0.011126,0.011126,8,0,8,fixed,8,8,0,0,0.011598,3.000000,4.000000
1002,logistic,logistic,0,8,3,94,1,1,1,1.872079,72.500000,0.624026,22,0.549653,36,0,1,0,0.549653,0.549653,0.000000,0.000000,0.549653,0.080617,0,35,1,-1,36,22,42,113.000000,72.500000,18.666700,0.719215,0.602750,0.609514,-0.004606,0.000666,0.005553,0.005553,8,0,8,fixed,8,8,0,0,0.011598,3.000000,4.000000
1002,logistic,logistic,0,8,3,95,0,0,2,2.198883,113.000000,0.274860,36,0.549653,36,0,0,0,0.549653,0.549653,0.000000,0.000000,0.549653,0.080617,0,35,1,0,36,22,42,113.000000,72.500000,18.666700,0.277264,0.216551,0.268468,0.000666,0.003221,0.011126,0.011126,8,0,8,fixed,8,8,0,0,0.011598,3.000000,4.000000
1002,logistic,logistic,0,8,3,96,1,1,1,2.046965,72.500000,0.682322,22,0.549653,36,0,1,0,0.549653,0.549653,0.000000,0.000000,0.549653,0.080617,0,35,1,-1,36,22,42,113.000000,72.500000,18.666700,0.719215,0.599974,0.666454,-0.004585,0.000666,0.006008,0.006008,8,0,8,fixed,8,8,0,0,0.011598,3.000000,4.000000
1002,logistic,logistic,0,8,3,97,0,0,2,2.256766,113.000000,0.282096,36,0.549653,36,0,0,0,0.549653,0.549653,0.000000,0.000000,0.549653,0.080617,0,35,1,0,36,22,42,113.000000,72.500000,18.666700,0.277057,0.216551,0.275535,0.000666,0.003229,0.011434,0.011434,8,0,8,fixed,8,8,0,0,0.011598,3.000000,4.000000
1002,logistic,logistic,0,8,3,98,2,2,4,0.000000,18.666700,2.142853,42,0.549653,36,0,2,0,0.549653,0.549653,0.000000,0.000000,0.549653,0.080617,0,35,1,-1,36,22,42,113.000000,72.500000,18.666700,0.353982,0.551724,2.142853,-0.016827,-0.008278,0.000666,0.000000,8,0,8,fixed,8,8,0,0,0.011598,3.000000,4.000000
1002,logistic,logistic,0,8,3,99,2,2,4,0.000000,18.666700,2.142853,42,0.549653,36,0,2,0,0.549653,0.549653,0.000000,0.000000,0.549653,0.080617,0,35,1,-1,36,22,42,113.000000,72.500000,18.666700,0.353982,0.551724,2.142853,-0.016827,-0.008278,0.000666,0.000000,8,0,8,fixed,8,8,0,0,0.011598,3.000000,4.000000
1002,logistic,logistic,0,8,3,100,1,1,1,1.826726,72.500000,0.608909,22,0.549653,36,0,1,0,0.549653,0.549653,0.000000,0.000000,0.549653,0.080617,0,35,1,-1,36,22,42,113.000000,72.500000,18.666700,0.719215,0.603469,0.594748,-0.004612,0.000666,0.005422,0.005422,8,0,8,fixed,8,8,0,0,0.011598,3.000000,4.000000
1002,logistic,logistic,0,8,4,1,2,2,4,0.000000,27.500000,1.454545,42,0.527872,37,0,2,0,0.527872,0.527872,0.000000,0.000000,0.527872,-0.021781,0,70,1,-1,36,22,42,113.000000,71.166700,27.500000,0.353982,0.562061,1.454545,-0.014369,-0.006343,0.001240,0.000000,8,0,8,fixed,8,8,0,0,0.060177,3.000000,4.000000
1002,logistic,logistic,0,8,4,2,0,0,2,2.229496,113.000000,0.278687,36,0.527872,37,0,0,0,0.527872,0.527872,0.000000,0.000000,0.527872,-0.021781,0,70,1,0,36,22,42,113.000000,71.166700,27.500000,0.277164,0.216555,0.272206,0.001240,0.003605,0.011054,0.011054,8,0,8,fixed,8,8,0,0,0.060177,3.000000,4.000000
1002,logistic,logistic,0,8,4,3,1,1,1,1.653585,71.166700,0.551195,22,0.527872,37,0,1,0,0.527872,0.527872,0.000000,0.000000,0.527872,-0.021781,0,70,1,-1,36,22,42,113.000000,71.166700,27.500000,0.719238,0.606231,0.538377,-0.003660,0.001240,0.005114,0.005114,8,0,8,fixed,8,8,0,0,0.060177,3.000000,4.000000
1002,logistic,logistic,0,8,4,4,0,0,2,2.213004,113.000000,0.276625,36,0.527872,37,0,0,0,0.527872,0.527872,0.000000,0.000000,0.527872,-0.021781,0,70,1,0,36,22,42,113.000000,71.166700,27.500000,0.277223,0.216555,0.270192,0.001240,0.003603,0.010972,0.010972,8,0,8,fixed,8,8,0,0,0.060177,3.000000,4.000000
1002,logistic,logistic,0,8,4,5,1,1,1,1.820921,71.166700,0.606974,22,0.527872,37,0,1,0,0.527872,0.527872,0.000000,0.000000,0.527872,-0.021781,0,70,1,-1,36,22,42,113.000000,71.166700,27.500000,0.719238,0.603574,0.592858,-0.003641,0.001240,0.005619,0.005619,8,0,8,fixed,8,8,0,0,0.060177,3.000000,4.000000
1002,logistic,logistic,0,8,4,6,2,2,3,0.000000,27.500000,3.636364,42,0.527872,37,0,2,0,0.527872,0.527872,0.000000,0.000000,0.527872,-0.021781,0,70,1,1,36,22,42,113.000000,71.166700,27.500000,0.884956,1.405152,3.636364,-0.010965,-0.004555,0.001240,0.000000,8,0,8,fixed,8,8,0,0,0.060177,3.000000,4.000000
1002,logistic,logistic,0,8,4,7,2,2,4,0.000000,27.500000,1.454545,42,0.527872,37,0,2,0,0.527872,0.527872,0.000000,0.000000,0.527872,-0.021781,0,70,1,-1,36,22,42,113.000000,71.166700,27.500000,0.353982,0.562061,1.454545,-0.014369,-0.006343,0.001240,0.000000,8,0,8,fixed,8,8,0,0,0.060177,3.000000,4.000000
1002,logistic,logistic,0,8,4,8,2,2,4,0.000000,27.500000,1.454545,42,0.527872,37,0,2,0,0.527872,0.527872,0.000000,0.000000,0.527872,-0.021781,0,70,1,-1,36,22,42,113.000000,71.166700,27.500000,0.353982,0.562061,1.454545,-0.014369,-0.006343,0.001240,0.000000,8,0,8,fixed,8,8,0,0,0.060177,3.000000,4.000000
1002,logistic,logistic,0,8,4,9,2,2,3,0.000000,27.500000,3.636364,42,0.527872,37,0,2,0,0.527872,0.527872,0.000000,0.000000,0.527872,-0.021781,0,70,1,1,36,22,42,113.000000,71.166700,27.500000,0.884956,1.405152,3.636364,-0.010965,-0.004555,0.001240,0.000000,8,0,8,fixed,8,8,0,0,0.060177,3.000000,4.000000
1002,logistic,logistic,0,8,4,10,0,0,2,2.241498,113.000000,0.280187,36,0.527872,37,0,0,0,0.527872,0.527872,0.000000,0.000000,0.527872,-0.021781,0,70,1,0,36,22,42,113.000000,71.166700,27.500000,0.277121,0.216555,0.273671,0.001240,0.003607,0.011112,0.011112,8,0,8,fixed,8,8,0,0,0.060177,3.000000,4.000000
1002,logistic,logistic,0,8,4,11,2,2,4,0.000000,27.500000,1.454545,42,0.527872,37,0,2,0,0.527872,0.527872,0.000000,0.000000,0.527872,-0.021781,0,70,1,-1,36,22,42,113.000000,71.166700,27.500000,0.353982,0.562061,1.454545,-0.014369,-0.006343,0.001240,0.000000,8,0,8,fixed,8,8,0,0,0.060177,3.000000,4.000000
1002,logistic,logistic,0,8,4,12,0,0,2,2.187859,113.000000,0.273482,36,0.527872,37,0,0,0,0.527872,0.527872,0.000000,0.000000,0.527872,-0.021781,0,70,1,0,36,22,42,113.000000,71.166700,27.500000,0.277313,0.216555,0.267122,0.001240,0.003600,0.010845,0.010845,8,0,8,fixed,8,8,0,0,0.060177,3.000000,4.000000
1002,logistic,logistic,0,8,4,13,2,2,4,0.000000,27.500000,1.454545,42,0.527872,37,0,2,0,0.527872,0.527872,0.000000,0.000000,0.527872,-0.021781,0,70,1,-1,36,22,42,113.000000,71.166700,27.500000,0.353982,0.562061,1.454545,-0.014369,-0.006343,0.001240,0.000000,8,0,8,fixed,8,8,0,0,0.060177,3.000000,4.000000
1002,logistic,logistic,0,8,4,14,2,2,3,0.000000,27.500000,3.636364,42,0.527872,37,0,2,0,0.527872,0.527872,0.000000,0.000000,0.527872,-0.021781,0,70,1,1,36,22,42,113.000000,71.166700,27.500000,0.884956,1.405152,3.636364,-0.010965,-0.004555,0.001240,0.000000,8,0,8,fixed,8,8,0,0,0.060177,3.000000,4.000000
1002,logistic,logistic,0,8,4,15,1,1,1,2.064636,71.166700,0.688212,22,0.527872,37,0,1,0,0.527872,0.527872,0.000000,0.000000,0.527872,-0.021781,0,70,1,-1,36,22,42,113.000000,71.166700,27.500000,0.719238,0.599706,0.672207,-0.003613,0.001240,0.006215,0.006215,8,0,8,fixed,8,8,0,0,0.060177,3.000000,4.000000
1002,logistic,logistic,0,8,4,16,2,2,4,0.000000,27.500000,1.454545,42,0.527872,37,0,2,0,0.527872,0.527872,0.000000,0.000000,0.527872,-0.021781,0,70,1,-1,36,22,42,113.000000,71.166700,27.500000,0.353982,0.562061,1.454545,-0.014369,-0.006343,0.001240,0.000000,8,0,8,fixed,8,8,0,0,0.060177,3.000000,4.000000
1002,logistic,logistic,0,8,4,17,2,2,3,0.000000,27.500000,3.636364,42,0.527872,37,0,2,0,0.527872,0.527872,0.000000,0.000000,0.527872,-0.021781,0,70,1,1,36,22,42,113.000000,71.166700,27.500000,0.884956,1.405152,3.636364,-0.010965,-0.004555,0.001240,0.000000,8,0,8,fixed,8,8,0,0,0.060177,3.000000,4.000000
1002,logistic,logistic,0,8,4,18,1,1,1,2.076281,71.166700,0.692094,22,0.527872,37,0,1,0,0.527872,0.527872,0.000000,0.000000,0.527872,-0.021781,0,70,1,-1,36,22,42,113.000000,71.166700,27.500000,0.719238,0.599521,0.675998,-0.003612,0.001240,0.006240,0.006240,8,0,8,fixed,8,8,0,0,0.060177,3.000000,4.000000
1002,logistic,logistic,0,8,4,19,0,0,2,2.221855,113.000000,0.277732,36,0.527872,37,0,0,0,0.527872,0.527872,0.000000,0.000000,0.527872,-0.021781,0,70,1,0,36,22,42,113.000000,71.166700,27.500000,0.277191,0.216555,0.271273,0.001240,0.003604,0.011016,0.011016,8,0,8,fixed,8,8,0,0,0.060177,3.000000,4.000000
1002,logistic,logistic,0,8,4,20,2,2,4,0.000000,27.500000,1.454545,42,0.527872,37,0,2,0,0.527872,0.527872,0.000000,0.000000,0.527872,-0.021781,0,70,1,-1,36,22,42,113.000000,71.166700,27.500000,0.353982,0.562061,1.454545,-0.014369,-0.006343,0.001240,0.000000,8,0,8,fixed,8,8,0,0,0.060177,3.000000,4.000000
1002,logistic,logistic,0,8,4,21,0,0,2,2.219623,113.000000,0.277453,36,0.527872,37,0,0,0,0.527872,0.527872,0.000000,0.000000,0.527872,-0.021781,0,70,1,0,36,22,42,113.000000,71.166700,27.500000,0.277199,0.216555,0.271000,0.001240,0.003604,0.011005,0.011005,8,0,8,fixed,8,8,0,0,0.060177,3.000000,4.000000
1002,logistic,logistic,0,8,4,22,2,2,3,0.000000,27.500000,3.636364,42,0.527872,37,0,2,0,0.527872,0.527872,0.000000,0.000000,0.527872,-0.021781,0,70,1,1,36,22,42,113.000000,71.166700,27.500000,0.884956,1.405152,3.636364,-0.010965,-0.004555,0.001240,0.000000,8,0,8,fixed,8,8,0,0,0.060177,3.000000,4.000000
1002,logistic,logistic,0,8,4,23,2,2,3,0.000000,27.500000,3.636364,42,0.527872,37,0,2,0,0.527872,0.527872,0.000000,0.000000,0.527872,-0.021781,0,70,1,1,36,22,42,113.000000,71.166700,27.500000,0.884956,1.405152,3.636364,-0.010965,-0.004555,0.001240,0.000000,8,0,8,fixed,8,8,0,0,0.060177,3.000000,4.000000
1002,logistic,logistic,0,8,4,24,1,1,1,1.754331,71.166700,0.584777,22,0.527872,37,0,1,0,0.527872,0.527872,0.000000,0.000000,0.527872,-0.021781,0,70,1,-1,36,22,42,113.000000,71.166700,27.500000,0.719238,0.604631,0.571178,-0.003649,0.001240,0.005429,0.005429,8,0,8,fixed,8,8,0,0,0.060177,3.000000,4.000000
1002,logistic,logistic,0,8,4,25,0,0,2,2.221830,113.000000,0.277729,36,0.527872,37,0,0,0,0.527872,0.527872,0.000000,0.000000,0.527872,-0.021781,0,70,1,0,36,22,42,113.000000,71.166700,27.500000,0.277191,0.216555,0.271270,0.001240,0.003604,0.011016,0.011016,8,0,8,fixed,8,8,0,0,0.060177,3.000000,4.000000
1002,logistic,logistic,0,8,4,26,2,2,4,0.000000,27.500000,1.454545,42,0.527872,37,0,2,0,0.527872,0.527872,0.000000,0.000000,0.527872,-0.021781,0,70,1,-1,36,22,42,113.000000,71.166700,27.500000,0.353982,0.562061,1.454545,-0.014369,-0.006343,0.001240,0.000000,8,0,8,fixed,8,8,0,0,0.060177,3.000000,4.000000
1002,logistic,logistic,0,8,4,27,0,0,2,2.221818,113.000000,0.277727,36,0.527872,37,0,0,0,0.527872,0.527872,0.000000,0.000000,0.527872,-0.021781,0,70,1,0,36,22,42,113.000000,71.166700,27.500000,0.277191,0.216555,0.271268,0.001240,0.003604,0.011016,0.011016,8,0,8,fixed,8,8,0,0,0.060177,3.000000,4.000000
1002,logistic,logistic,0,8,4,28,0,0,2,2.221794,113.000000,0.277724,36,0.527872,37,0,0,0,0.527872,0.527872,0.000000,0.000000,0.527872,-0.021781,0,70,1,0,36,22,42,113.000000,71.166700,27.500000,0.277191,0.216555,0.271266,0.001240,0.003604,0.011016,0.011016,8,0,8,fixed,8,8,0,0,0.060177,3.000000,4.000000
1002,logistic,logistic,0,8,4,29,0,0,2,2.221831,113.000000,0.277729,36,0.527872,37,0,0,0,0.527872,0.527872,0.000000,0.000000,0.527872,-0.021781,0,70,1,0,36,22,42,113.000000,71.166700,27.500000,0.277191,0.216555,0.271270,0.001240,0.003604,0.011016,0.011016,8,0,8,fixed,8,8,0,0,0.060177,3.000000,4.000000
1002,logistic,logistic,0,8,4,30,2,2,3,0.000000,27.500000,3.636364,42,0.527872,37,0,2,0,0.527872,0.527872,0.000000,0.000000,0.527872,-0.021781,0,70,1,1,36,22,42,113.000000,71.166700,27.500000,0.884956,1.405152,3.636364,-0.010965,-0.004555,0.001240,0.000000,8,0,8,fixed,8,8,0,0,0.060177,3.000000,4.000000
1002,logistic,logistic,0,8,4,31,1,1,1,1.384823,71.166700,0.461608,22,0.527872,37,0,1,0,0.527872,0.527872,0.000000,0.000000,0.527872,-0.021781,0,70,1,0,36,22,42,113.000000,71.166700,27.500000,0.719238,0.610497,0.450873,-0.003691,0.001240,0.004061,0.004061,8,0,8,fixed,8,8,0,0,0.060177,3.000000,4.000000
1002,logistic,logistic,0,8,4,32,1,1,1,1.769513,71.166700,0.589838,22,0.527872,37,0,1,0,0.527872,0.527872,0.000000,0.000000,0.527872,-0.021781,0,70,1,-1,36,22,42,113.000000,71.166700,27.500000,0.719238,0.604390,0.576120,-0.003647,0.001240,0.005473,0.005473,8,0,8,fixed,8,8,0,0,0.060177,3.000000,4.000000
1002,logistic,logistic,0,8,4,33,0,0,2,2.222897,113.000000,0.277862,36,0.527872,37,0,0,0,0.527872,0.527872,0.000000,0.000000,0.527872,-0.021781,0,70,1,0,36,22,42,113.000000,71.166700,27.500000,0.277187,0.216555,0.271400,0.001240,0.003604,0.011021,0.011021,8,0,8,fixed,8,8,0,0,0.060177,3.000000,4.000000
1002,logistic,logistic,0,8,4,34,0,0,2,2.221830,113.000000,0.277729,36,0.527872,37,0,0,0,0.527872,0.527872,0.000000,0.000000,0.527872,-0.021781,0,70,1,0,36,22,42,113.000000,71.166700,27.500000,0.277191,0.216555,0.271270,0.001240,0.003604,0.011016,0.011016,8,0,8,fixed,8,8,0,0,0.060177,3.000000,4.000000
1002,logistic,logistic,0,8,4,35,0,0,2,2.221807,113.000000,0.277726,36,0.527872,37,0,0,0,0.527872,0.527872,0.000000,0.000000,0.527872,-0.021781,0,70,1,0,36,22,42,113.000000,71.166700,27.500000,0.277191,0.216555,0.271267,0.001240,0.003604,0.011016,0.011016,8,0,8,fixed,8,8,0,0,0.060177,3.000000,4.000000
1002,logistic,logistic,0,8,4,36,2,2,3,0.000000,27.500000,3.636364,42,0.527872,37,0,2,0,0.527872,0.527872,0.000000,0.000000,0.527872,-0.021781,0,70,1,1,36,22,42,113.000000,71.166700,27.500000,0.884956,1.405152,3.636364,-0.010965,-0.004555,0.001240,0.000000,8,0,8,fixed,8,8,0,0,0.060177,3.000000,4.000000
1002,logistic,logistic,0,8,4,37,0,0,2,2.222897,113.000000,0.277862,36,0.527872,37,0,0,0,0.527872,0.527872,0.000000,0.000000,0.527872,-0.021781,0,70,1,0,36,22,42,113.000000,71.166700,27.500000,0.277187,0.216555,0.271400,0.001240,0.003604,0.011021,0.011021,8,0,8,fixed,8,8,0,0,0.060177,3.000000,4.000000
1002,logistic,logistic,0,8,4,38,2,2,4,0.000000,27.500000,1.454545,42,0.527872,37,0,2,0,0.527872,0.527872,0.000000,0.000000,0.527872,-0.021781,0,70,1,-1,36,22,42,113.000000,71.166700,27.500000,0.353982,0.562061,1.454545,-0.014369,-0.006343,0.001240,0.000000,8,0,8,fixed,8,8,0,0,0.060177,3.000000,4.000000
1002,logistic,logistic,0,8,4,39,0,0,2,2.222914,113.000000,0.277864,36,0.527872,37,0,0,0,0.527872,0.527872,0.000000,0.000000,0.527872,-0.021781,0,70,1,0,36,22,42,113.000000,71.166700,27.500000,0.277187,0.216555,0.271402,0.001240,0.003604,0.011021,0.011021,8,0,8,fixed,8,8,0,0,0.060177,3.000000,4.000000
1002,logistic,logistic,0,8,4,40,2,2,4,0.000000,27.500000,1.454545,42,0.527872,37,0,2,0,0.527872,0.527872,0.000000,0.000000,0.527872,-0.021781,0,70,1,-1,36,22,42,113.000000,71.166700,27.500000,0.353982,0.562061,1.454545,-0.014369,-0.006343,0.001240,0.000000,8,0,8,fixed,8,8,0,0,0.060177,3.000000,4.000000
1002,logistic,logistic,0,8,4,41,2,2,4,0.000000,27.500000,1.454545,42,0.527872,37,0,2,0,0.527872,0.527872,0.000000,0.000000,0.527872,-0.021781,0,70,1,-1,36,22,42,113.000000,71.166700,27.500000,0.353982,0.562061,1.454545,-0.014369,-0.006343,0.001240,0.000000,8,0,8,fixed,8,8,0,0,0.060177,3.000000,4.000000
1002,logistic,logistic,0,8,4,42,1,1,1,1.564912,71.166700,0.521637,22,0.527872,37,0,1,0,0.527872,0.527872,0.000000,0.000000,0.527872,-0.021781,0,70,1,-1,36,22,42,113.000000,71.166700,27.500000,0.719238,0.607638,0.509506,-0.003670,0.001240,0.004805,0.004805,8,0,8,fixed,8,8,0,0,0.060177,3.000000,4.000000
1002,logistic,logistic,0,8,4,43,1,1,1,1.647996,71.166700,0.549332,22,0.527872,37,0,1,0,0.527872,0.527872,0.000000,0.000000,0.527872,-0.021781,0,70,1,-1,36,22,42,113.000000,71.166700,27.500000,0.719238,0.606319,0.536557,-0.003661,0.001240,0.005095,0.005095,8,0,8,fixed,8,8,0,0,0.060177,3.000000,4.000000
1002,logistic,logistic,0,8,4,44,1,1,1,1.566171,71.166700,0.522057,22,0.527872,37,0,1,0,0.527872,0.527872,0.000000,0.000000,0.527872,-0.021781,0,70,1,-1,36,22,42,113.000000,71.166700,27.500000,0.719238,0.607618,0.509916,-0.003670,0.001240,0.004809,0.004809,8,0,8,fixed,8,8,0,0,0.060177,3.000000,4.000000
1002,logistic,logistic,0,8,4,45,2,2,3,0.000000,27.500000,3.636364,42,0.527872,37,0,2,0,0.527872,0.527872,0.000000,0.000000,0.527872,-0.021781,0,70,1,1,36,22,42,113.000000,71.166700,27.500000,0.884956,1.405152,3.636364,-0.010965,-0.004555,0.001240,0.000000,8,0,8,fixed,8,8,0,0,0.060177,3.000000,4.000000
1002,logistic,logistic,0,8,4,46,0,0,2,2.218613,113.000000,0.277327,36,0.527872,37,0,0,0,0.527872,0.527872,0.000000,0.000000,0.527872,-0.021781,0,70,1,0,36,22,42,113.000000,71.166700,27.500000,0.277203,0.216555,0.270877,0.001240,0.003604,0.011000,0.011000,8,0,8,fixed,8,8,0,0,0.060177,3.000000,4.000000
1002,logistic,logistic,0,8,4,47,2,2,4,0.000000,27.500000,1.454545,42,0.527872,37,0,2,0,0.527872,0.527872,0.000000,0.000000,0.527872,-0.021781,0,70,1,-1,36,22,42,113.000000,71.166700,27.500000,0.353982,0.562061,1.454545,-0.014369,-0.006343,0.001240,0.000000,8,0,8,fixed,8,8,0,0,0.060177,3.000000,4.000000
1002,logistic,logistic,0,8,4,48,2,2,3,0.000000,27.500000,3.636364,42,0.527872,37,0,2,0,0.527872,0.527872,0.000000,0.000000,0.527872,-0.021781,0,70,1,1,36,22,42,113.000000,71.166700,27.500000,0.884956,1.405152,3.636364,-0.010965,-0.004555,0.001240,0.000000,8,0,8,fixed,8,8,0,0,0.060177,3.000000,4.000000
1002,logistic,logistic,0,8,4,49,1,1,1,2.130041,71.166700,0.710014,22,0.527872,37,0,1,0,0.527872,0.527872,0.000000,0.000000,0.527872,-0.021781,0,70,1,-1,36,22,42,113.000000,71.166700,27.500000,0.719238,0.598668,0.693502,-0.003606,0.001240,0.006353,0.006353,8,0,8,fixed,8,8,0,0,0.060177,3.000000,4.000000
1002,logistic,logistic,0,8,4,50,0,0,2,2.240402,113.000000,0.280050,36,0.527872,37,0,0,0,0.527872,0.527872,0.000000,0.000000,0.527872,-0.021781,0,70,1,0,36,22,42,113.000000,71.166700,27.500000,0.277125,0.216555,0.273537,0.001240,0.003607,0.011107,0.011107,8,0,8,fixed,8,8,0,0,0.060177,3.000000,4.000000
1002,logistic,logistic,0,8,4,51,2,2,4,0.000000,27.500000,1.454545,42,0.527872,37,0,2,0,0.527872,0.527872,0.000000,0.000000,0.527872,-0.021781,0,70,1,-1,36,22,42,113.000000,71.166700,27.500000,0.353982,0.562061,1.454545,-0.014369,-0.006343,0.001240,0.000000,8,0,8,fixed,8,8,0,0,0.060177,3.000000,4.000000
1002,logistic,logistic,0,8,4,52,2,2,4,0.000000,27.500000,1.454545,42,0.527872,37,0,2,0,0.527872,0.527872,0.000000,0.000000,0.527872,-0.021781,0,70,1,-1,36,22,42,113.000000,71.166700,27.500000,0.353982,0.562061,1.454545,-0.014369,-0.006343,0.001240,0.000000,8,0,8,fixed,8,8,0,0,0.060177,3.000000,4.000000
1002,logistic,logistic,0,8,4,53,0,0,2,2.220714,113.000000,0.277589,36,0.527872,37,0,0,0,0.527872,0.527872,0.000000,0.000000,0.527872,-0.021781,0,70,1,0,36,22,42,113.000000,71.166700,27.500000,0.277195,0.216555,0.271134,0.001240,0.003604,0.011010,0.011010,8,0,8,fixed,8,8,0,0,0.060177,3.000000,4.000000
1002,logistic,logistic,0,8,4,54,0,0,2,2.219669,113.000000,0.277459,36,0.527872,37,0,0,0,0.527872,0.527872,0.000000,0.000000,0.527872,-0.021781,0,70,1,0,36,22,42,113.000000,71.166700,27.500000,0.277199,0.216555,0.271006,0.001240,0.003604,0.011005,0.011005,8,0,8,fixed,8,8,0,0,0.060177,3.000000,4.000000
1002,logistic,logistic,0,8,4,55,1,1,1,1.806870,71.166700,0.602290,22,0.527872,37,0,1,0,0.527872,0.527872,0.000000,0.000000,0.527872,-0.021781,0,70,1,-1,36,22,42,113.000000,71.166700,27.500000,0.719238,0.603797,0.588283,-0.003643,0.001240,0.005580,0.005580,8,0,8,fixed,8,8,0,0,0.060177,3.000000,4.000000
1002,logistic,logistic,0,8,4,56,1,1,1,1.862516,71.166700,0.620839,22,0.527872,37,0,1,0,0.527872,0.527872,0.000000,0.000000,0.527872,-0.021781,0,70,1,-1,36,22,42,113.000000,71.166700,27.500000,0.719238,0.602914,0.606401,-0.003636,0.001240,0.005731,0.005731,8,0,8,fixed,8,8,0,0,0.060177,3.000000,4.000000
1002,logistic,logistic,0,8,4,57,2,2,3,0.000000,27.500000,3.636364,42,0.527872,37,0,2,0,0.527872,0.527872,0.000000,0.000000,0.527872,-0.021781,0,70,1,1,36,22,42,113.000000,71.166700,27.500000,0.884956,1.405152,3.636364,-0.010965,-0.004555,0.001240,0.000000,8,0,8,fixed,8,8,0,0,0.060177,3.000000,4.000000
1002,logistic,logistic,0,8,4,58,0,0,2,2.219657,113.000000,0.277457,36,0.527872,37,0,0,0,0.527872,0.527872,0.000000,0.000000,0.527872,-0.021781,0,70,1,0,36,22,42,113.000000,71.166700,27.500000,0.277199,0.216555,0.271005,0.001240,0.003604,0.011005,0.011005,8,0,8,fixed,8,8,0,0,0.060177,3.000000,4.000000
1002,logistic,logistic,0,8,4,59,2,2,3,0.000000,27.500000,3.636364,42,0.527872,37,0,2,0,0.527872,0.527872,0.000000,0.000000,0.527872,-0.021781,0,70,1,1,36,22,42,113.000000,71.166700,27.500000,0.884956,1.405152,3.636364,-0.010965,-0.004555,0.001240,0.000000,8,0,8,fixed,8,8,0,0,0.060177,3.000000,4.000000
1002,logistic,logistic,0,8,4,60,1,1,1,1.890564,71.166700,0.630188,22,0.527872,37,0,1,0,0.527872,0.527872,0.000000,0.000000,0.527872,-0.021781,0,70,1,-1,36,22,42,113.000000,71.166700,27.500000,0.719238,0.602469,0.615533,-0.003633,0.001240,0.005804,0.005804,8,0,8,fixed,8,8,0,0,0.060177,3.000000,4.000000
1002,logistic,logistic,0,8,4,61,0,0,2,2.217455,113.000000,0.277182,36,0.527872,37,0,0,0,0.527872,0.527872,0.000000,0.000000,0.527872,-0.021781,0,70,1,0,36,22,42,113.000000,71.166700,27.500000,0.277207,0.216555,0.270736,0.001240,0.003604,0.010994,0.010994,8,0,8,fixed,8,8,0,0,0.060177,3.000000,4.000000
1002,logistic,logistic,0,8,4,62,1,1,1,1.511190,71.166700,0.503730,22,0.527872,37,0,1,0,0.527872,0.527872,0.000000,0.000000,0.527872,-0.021781,0,70,1,-1,36,22,42,113.000000,71.166700,27.500000,0.719238,0.608491,0.492015,-0.003676,0.001240,0.004600,0.004600,8,0,8,fixed,8,8,0,0,0.060177,3.000000,4.000000
1002,logistic,logistic,0,8,4,63,0,0,2,2.217455,113.000000,0.277182,36,0.527872,37,0,0,0,0.527872,0.527872,0.000000,0.000000,0.527872,-0.021781,0,70,1,0,36,22,42,113.000000,71.166700,27.500000,0.277207,0.216555,0.270736,0.001240,0.003604,0.010994,0.010994,8,0,8,fixed,8,8,0,0,0.060177,3.000000,4.000000
1002,logistic,logistic,0,8,4,64,0,0,2,2.220788,113.000000,0.277598,36,0.527872,37,0,0,0,0.527872,0.527872,0.000000,0.000000,0.527872,-0.021781,0,70,1,0,36,22,42,113.000000,71.166700,27.500000,0.277195,0.216555,0.271143,0.001240,0.003604,0.011011,0.011011,8,0,8,fixed,8,8,0,0,0.060177,3.000000,4.000000
1002,logistic,logistic,0,8,4,65,0,0,2,2.240402,113.000000,0.280050,36,0.527872,37,0,0,0,0.527872,0.527872,0.000000,0.000000,0.527872,-0.021781,0,70,1,0,36,22,42,113.000000,71.166700,27.500000,0.277125,0.216555,0.273537,0.001240,0.003607,0.011107,0.011107,8,0,8,fixed,8,8,0,0,0.060177,3.000000,4.000000
1002,logistic,logistic,0,8,4,66,2,2,4,0.000000,27.500000,1.454545,42,0.527872,37,0,2,0,0.527872,0.527872,0.000000,0.000000,0.527872,-0.021781,0,70,1,-1,36,22,42,113.000000,71.166700,27.500000,0.353982,0.562061,1.454545,-0.014369,-0.006343,0.001240,0.000000,8,0,8,fixed,8,8,0,0,0.060177,3.000000,4.000000
1002,logistic,logistic,0,8,4,67,0,0,2,2.171601,113.000000,0.271450,36,0.527872,37,1,0,0,0.527872,0.527872,0.000000,0.000000,0.527872,-0.021781,0,70,1,0,36,22,42,113.000000,71.166700,27.500000,0.277371,0.216555,0.265137,0.001240,0.003598,0.010762,0.010762,8,0,8,fixed,8,8,0,0,0.060177,3.000000,4.000000
1002,logistic,logistic,0,8,4,68,0,0,2,2.240403,113.000000,0.280050,36,0.527872,37,0,0,0,0.527872,0.527872,0.000000,0.000000,0.527872,-0.021781,0,70,1,0,36,22,42,113.000000,71.166700,27.500000,0.277125,0.216555,0.273538,0.001240,0.003607,0.011107,0.011107,8,0,8,fixed,8,8,0,0,0.060177,3.000000,4.000000
1002,logistic,logistic,0,8,4,69,1,1,1,1.831597,71.166700,0.610532,22,0.527872,37,0,1,0,0.527872,0.527872,0.000000,0.000000,0.527872,-0.021781,0,70,1,-1,36,22,42,113.000000,71.166700,27.500000,0.719238,0.603405,0.596334,-0.003640,0.001240,0.005648,0.005648,8,0,8,fixed,8,8,0,0,0.060177,3.000000,4.000000
1002,logistic,logistic,0,8,4,70,2,2,4,0.000000,27.500000,1.454545,42,0.527872,37,0,2,0,0.527872,0.527872,0.000000,0.000000,0.527872,-0.021781,0,70,1,-1,36,22,42,113.000000,71.166700,27.500000,0.353982,0.562061,1.454545,-0.014369,-0.006343,0.001240,0.000000,8,0,8,fixed,8,8,0,0,0.060177,3.000000,4.000000
1002,logistic,logistic,0,8,4,71,1,1,1,1.924164,71.166700,0.641388,22,0.527872,37,0,1,0,0.527872,0.527872,0.000000,0.000000,0.527872,-0.021781,0,70,1,-1,36,22,42,113.000000,71.166700,27.500000,0.719238,0.601936,0.626472,-0.003629,0.001240,0.005889,0.005889,8,0,8,fixed,8,8,0,0,0.060177,3.000000,4.000000
1002,logistic,logistic,0,8,4,72,2,2,3,0.000000,27.500000,3.636364,42,0.527872,37,0,2,0,0.527872,0.527872,0.000000,0.000000,0.527872,-0.021781,0,70,1,1,36,22,42,113.000000,71.166700,27.500000,0.884956,1.405152,3.636364,-0.010965,-0.004555,0.001240,0.000000,8,0,8,fixed,8,8,0,0,0.060177,3.000000,4.000000
1002,logistic,logistic,0,8,4,73,0,0,2,2.171601,113.000000,0.271450,36,0.527872,37,0,0,0,0.527872,0.527872,0.000000,0.000000,0.527872,-0.021781,0,70,1,0,36,22,42,113.000000,71.166700,27.500000,0.277371,0.216555,0.265137,0.001240,0.003598,0.010762,0.010762,8,0,8,fixed,8,8,0,0,0.060177,3.000000,4.000000
1002,logistic,logistic,0,8,4,74,2,2,4,0.000000,27.500000,1.454545,42,0.527872,37,0,2,0,0.527872,0.527872,0.000000,0.000000,0.527872,-0.021781,0,70,1,-1,36,22,42,113.000000,71.166700,27.500000,0.353982,0.562061,1.454545,-0.014369,-0.006343,0.001240,0.000000,8,0,8,fixed,8,8,0,0,0.060177,3.000000,4.000000
1002,logistic,logistic,0,8,4,75,2,2,4,0.000000,27.500000,1.454545,42,0.527872,37,0,2,0,0.527872,0.527872,0.000000,0.000000,0.527872,-0.021781,0,70,1,-1,36,22,42,113.000000,71.166700,27.500000,0.353982,0.562061,1.454545,-0.014369,-0.006343,0.001240,0.000000,8,0,8,fixed,8,8,0,0,0.060177,3.000000,4.000000
1002,logistic,logistic,0,8,4,76,0,0,2,2.253411,113.000000,0.281676,36,0.527872,37,0,0,0,0.527872,0.527872,0.000000,0.000000,0.527872,-0.021781,0,70,1,0,36,22,42,113.000000,71.166700,27.500000,0.277079,0.216555,0.275126,0.001240,0.003608,0.011170,0.011170,8,0,8,fixed,8,8,0,0,0.060177,3.000000,4.000000
1002,logistic,logistic,0,8,4,77,0,0,2,2.253435,113.000000,0.281679,36,0.527872,37,0,0,0,0.527872,0.527872,0.000000,0.000000,0.527872,-0.021781,0,70,1,0,36,22,42,113.000000,71.166700,27.500000,0.277078,0.216555,0.275129,0.001240,0.003608,0.011170,0.011170,8,0,8,fixed,8,8,0,0,0.060177,3.000000,4.000000
1002,logistic,logistic,0,8,4,78,1,1,1,2.034776,71.166700,0.678259,22,0.527872,37,0,1,0,0.527872,0.527872,0.000000,0.000000,0.527872,-0.021781,0,70,1,-1,36,22,42,113.000000,71.166700,27.500000,0.719238,0.600180,0.662485,-0.003617,0.001240,0.006149,0.006149,8,0,8,fixed,8,8,0,0,0.060177,3.000000,4.000000
1002,logistic,logistic,0,8,4,79,0,0,2,2.253436,113.000000,0.281679,36,0.527872,37,0,0,0,0.527872,0.527872,0.000000,0.000000,0.527872,-0.021781,0,70,1,0,36,22,42,113.000000,71.166700,27.500000,0.277078,0.216555,0.275129,0.001240,0.003608,0.011170,0.011170,8,0,8,fixed,8,8,0,0,0.060177,3.000000,4.000000
1002,logistic,logistic,0,8,4,80,2,2,4,0.000000,27.500000,1.454545,42,0.527872,37,0,2,0,0.527872,0.527872,0.000000,0.000000,0.527872,-0.021781,0,70,1,-1,36,22,42,113.000000,71.166700,27.500000,0.353982,0.562061,1.454545,-0.014369,-0.006343,0.001240,0.000000,8,0,8,fixed,8,8,0,0,0.060177,3.000000,4.000000
1002,logistic,logistic,0,8,4,81,2,2,3,0.000000,27.500000,3.636364,42,0.527872,37,0,2,0,0.527872,0.527872,0.000000,0.000000,0.527872,-0.021781,0,70,1,1,36,22,42,113.000000,71.166700,27.500000,0.884956,1.405152,3.636364,-0.010965,-0.004555,0.001240,0.000000,8,0,8,fixed,8,8,0,0,0.060177,3.000000,4.000000
1002,logistic,logistic,0,8,4,82,2,2,4,0.000000,27.500000,1.454545,42,0.527872,37,0,2,0,0.527872,0.527872,0.000000,0.000000,0.527872,-0.021781,0,70,1,-1,36,22,42,113.000000,71.166700,27.500000,0.353982,0.562061,1.454545,-0.014369,-0.006343,0.001240,0.000000,8,0,8,fixed,8,8,0,0,0.060177,3.000000,4.000000
1002,logistic,logistic,0,8,4,83,2,2,4,0.000000,27.500000,1.454545,42,0.527872,37,0,2,0,0.527872,0.527872,0.000000,0.000000,0.527872,-0.021781,0,70,1,-1,36,22,42,113.000000,71.166700,27.500000,0.353982,0.562061,1.454545,-0.014369,-0.006343,0.001240,0.000000,8,0,8,fixed,8,8,0,0,0.060177,3.000000,4.000000
1002,logistic,logistic,0,8,4,84,2,2,4,0.000000,27.500000,1.454545,42,0.527872,37,0,2,0,0.527872,0.527872,0.000000,0.000000,0.527872,-0.021781,0,70,1,-1,36,22,42,113.000000,71.166700,27.500000,0.353982,0.562061,1.454545,-0.014369,-0.006343,0.001240,0.000000,8,0,8,fixed,8,8,0,0,0.060177,3.000000,4.000000
1002,logistic,logistic,0,8,4,85,0,0,2,2.199995,113.000000,0.274999,36,0.527872,37,0,0,0,0.527872,0.527872,0.000000,0.000000,0.527872,-0.021781,0,70,1,0,36,22,42,113.000000,71.166700,27.500000,0.277269,0.216555,0.268604,0.001240,0.003601,0.010907,0.010907,8,0,8,fixed,8,8,0,0,0.060177,3.000000,4.000000
1002,logistic,logistic,0,8,4,86,0,0,2,2.184580,113.000000,0.273072,36,0.527872,37,0,0,0,0.527872,0.527872,0.000000,0.000000,0.527872,-0.021781,0,70,1,0,36,22,42,113.000000,71.166700,27.500000,0.277324,0.216555,0.266722,0.001240,0.003599,0.010829,0.010829,8,0,8,fixed,8,8,0,0,0.060177,3.000000,4.000000
1002,logistic,logistic,0,8,4,87,2,2,4,0.000000,27.500000,1.454545,42,0.527872,37,0,2,0,0.527872,0.527872,0.000000,0.000000,0.527872,-0.021781,0,70,1,-1,36,22,42,113.000000,71.166700,27.500000,0.353982,0.562061,1.454545,-0.014369,-0.006343,0.001240,0.000000,8,0,8,fixed,8,8,0,0,0.060177,3.000000,4.000000
1002,logistic,logistic,0,8,4,88,2,2,4,0.000000,27.500000,1.454545,42,0.527872,37,0,2,0,0.527872,0.527872,0.000000,0.000000,0.527872,-0.021781,0,70,1,-1,36,22,42,113.000000,71.166700,27.500000,0.353982,0.562061,1.454545,-0.014369,-0.006343,0.001240,0.000000,8,0,8,fixed,8,8,0,0,0.060177,3.000000,4.000000
1002,logistic,logistic,0,8,4,89,0,0,2,2.186754,113.000000,0.273344,36,0.527872,37,0,0,0,0.527872,0.527872,0.000000,0.000000,0.527872,-0.021781,0,70,1,0,36,22,42,113.000000,71.166700,27.500000,0.277317,0.216555,0.266987,0.001240,0.003600,0.010840,0.010840,8,0,8,fixed,8,8,0,0,0.060177,3.000000,4.000000
1002,logistic,logistic,0,8,4,90,1,1,1,1.999917,71.166700,0.666639,22,0.527872,37,0,1,0,0.527872,0.527872,0.000000,0.000000,0.527872,-0.021781,0,70,1,-1,36,22,42,113.000000,71.166700,27.500000,0.719238,0.600733,0.651136,-0.003621,0.001240,0.006070,0.006070,8,0,8,fixed,8,8,0,0,0.060177,3.000000,4.000000
1002,logistic,logistic,0,8,4,91,2,2,3,0.000000,27.500000,3.636364,42,0.527872,37,0,2,0,0.527872,0.527872,0.000000,0.000000,0.527872,-0.021781,0,70,1,1,36,22,42,113.000000,71.166700,27.500000,0.884956,1.405152,3.636364,-0.010965,-0.004555,0.001240,0.000000,8,0,8,fixed,8,8,0,0,0.060177,3.000000,4.000000
1002,logistic,logistic,0,8,4,92,2,2,4,0.000000,27.500000,1.454545,42,0.527872,37,0,2,0,0.527872,0.527872,0.000000,0.000000,0.527872,-0.021781,0,70,1,-1,36,22,42,113.000000,71.166700,27.500000,0.353982,0.562061,1.454545,-0.014369,-0.006343,0.001240,0.000000,8,0,8,fixed,8,8,0,0,0.060177,3.000000,4.000000
1002,logistic,logistic,0,8,4,93,0,0,2,2.186778,113.000000,0.273347,36,0.527872,37,0,0,0,0.527872,0.527872,0.000000,0.000000,0.527872,-0.021781,0,70,1,0,36,22,42,113.000000,71.166700,27.500000,0.277316,0.216555,0.266990,0.001240,0.003600,0.010840,0.010840,8,0,8,fixed,8,8,0,0,0.060177,3.000000,4.000000
1002,logistic,logistic,0,8,4,94,1,1,1,1.908281,71.166700,0.636094,22,0.527872,37,0,1,0,0.527872,0.527872,0.000000,0.000000,0.527872,-0.021781,0,70,1,-1,36,22,42,113.000000,71.166700,27.500000,0.719238,0.602188,0.621301,-0.003631,0.001240,0.005849,0.005849,8,0,8,fixed,8,8,0,0,0.060177,3.000000,4.000000
1002,logistic,logistic,0,8,4,95,0,0,2,2.185757,113.000000,0.273220,36,0.527872,37,0,0,0,0.527872,0.527872,0.000000,0.000000,0.527872,-0.021781,0,70,1,0,36,22,42,113.000000,71.166700,27.500000,0.277320,0.216555,0.266866,0.001240,0.003600,0.010835,0.010835,8,0,8,fixed,8,8,0,0,0.060177,3.000000,4.000000
1002,logistic,logistic,0,8,4,96,1,1,1,1.831269,71.166700,0.610423,22,0.527872,37,0,1,0,0.527872,0.527872,0.000000,0.000000,0.527872,-0.021781,0,70,1,-1,36,22,42,113.000000,71.166700,27.500000,0.719238,0.603410,0.596227,-0.003640,0.001240,0.005647,0.005647,8,0,8,fixed,8,8,0,0,0.060177,3.000000,4.000000
1002,logistic,logistic,0,8,4,97,0,0,2,2.219539,113.000000,0.277442,36,0.527872,37,0,0,0,0.527872,0.527872,0.000000,0.000000,0.527872,-0.021781,0,70,1,0,36,22,42,113.000000,71.166700,27.500000,0.277199,0.216555,0.270990,0.001240,0.003604,0.011005,0.011005,8,0,8,fixed,8,8,0,0,0.060177,3.000000,4.000000
1002,logistic,logistic,0,8,4,98,2,2,4,0.000000,27.500000,1.454545,42,0.527872,37,0,2,0,0.527872,0.527872,0.000000,0.000000,0.527872,-0.021781,0,70,1,-1,36,22,42,113.000000,71.166700,27.500000,0.353982,0.562061,1.454545,-0.014369,-0.006343,0.001240,0.000000,8,0,8,fixed,8,8,0,0,0.060177,3.000000,4.000000
1002,logistic,logistic,0,8,4,99,2,2,4,0.000000,27.500000,1.454545,42,0.527872,37,0,2,0,0.527872,0.527872,0.000000,0.000000,0.527872,-0.021781,0,70,1,-1,36,22,42,113.000000,71.166700,27.500000,0.353982,0.562061,1.454545,-0.014369,-0.006343,0.001240,0.000000,8,0,8,fixed,8,8,0,0,0.060177,3.000000,4.000000
1002,logistic,logistic,0,8,4,100,1,1,1,1.811757,71.166700,0.603919,22,0.527872,37,0,1,0,0.527872,0.527872,0.000000,0.000000,0.527872,-0.021781,0,70,1,-1,36,22,42,113.000000,71.166700,27.500000,0.719238,0.603720,0.589874,-0.003642,0.001240,0.005593,0.005593,8,0,8,fixed,8,8,0,0,0.060177,3.000000,4.000000
1002,logistic,logistic,0,8,5,1,2,2,4,0.000000,21.000000,1.904762,42,0.543902,36,0,2,0,0.543902,0.543902,0.000000,0.000000,0.543902,0.016030,0,27,1,-1,36,22,42,113.000000,72.666700,21.000000,0.353982,0.550458,1.904762,-0.016303,-0.007932,0.000671,0.000000,8,0,8,fixed,8,8,0,0,0.000051,3.000000,4.000000
1002,logistic,logistic,0,8,5,2,0,0,2,2.162836,113.000000,0.270355,36,0.543902,36,0,0,0,0.543902,0.543902,0.000000,0.000000,0.543902,0.016030,0,27,1,0,36,22,42,113.000000,72.666700,21.000000,0.277378,0.216637,0.264067,0.000671,0.003176,0.010716,0.010716,8,0,8,fixed,8,8,0,0,0.000051,3.000000,4.000000
1002,logistic,logistic,0,8,5,3,1,1,1,1.636463,72.666700,0.545488,22,0.543902,36,0,1,0,0.543902,0.543902,0.000000,0.000000,0.543902,0.016030,0,27,1,-1,36,22,42,113.000000,72.666700,21.000000,0.719176,0.606743,0.532802,-0.004526,0.000671,0.004710,0.004710,8,0,8,fixed,8,8,0,0,0.000051,3.000000,4.000000
1002,logistic,logistic,0,8,5,4,0,0,2,2.249238,113.000000,0.281155,36,0.543902,36,0,0,0,0.543902,0.543902,0.000000,0.000000,0.543902,0.016030,0,27,1,0,36,22,42,113.000000,72.666700,21.000000,0.277069,0.216637,0.274616,0.000671,0.003188,0.011176,0.011176,8,0,8,fixed,8,8,0,0,0.000051,3.000000,4.000000
1002,logistic,logistic,0,8,5,5,1,1,1,1.951082,72.666700,0.650361,22,0.543902,36,0,1,0,0.543902,0.543902,0.000000,0.000000,0.543902,0.016030,0,27,1,-1,36,22,42,113.000000,72.666700,21.000000,0.719176,0.601749,0.635236,-0.004488,0.000671,0.005662,0.005662,8,0,8,fixed,8,8,0,0,0.000051,3.000000,4.000000
1002,logistic,logistic,0,8,5,6,2,2,3,0.000000,21.000000,4.761905,42,0.543902,36,0,2,0,0.543902,0.543902,0.000000,0.000000,0.543902,0.016030,0,27,1,1,36,22,42,113.000000,72.666700,21.000000,0.884956,1.376146,4.761905,-0.012434,-0.005697,0.000671,0.000000,8,0,8,fixed,8,8,0,0,0.000051,3.000000,4.000000
1002,logistic,logistic,0,8,5,7,2,2,4,0.000000,21.000000,1.904762,42,0.543902,36,0,2,0,0.543902,0.543902,0.000000,0.000000,0.543902,0.016030,0,27,1,-1,36,22,42,113.000000,72.666700,21.000000,0.353982,0.550458,1.904762,-0.016303,-0.007932,0.000671,0.000000,8,0,8,fixed,8,8,0,0,0.000051,3.000000,4.000000
1002,logistic,logistic,0,8,5,8,2,2,4,0.000000,21.000000,1.904762,42,0.543902,36,0,2,0,0.543902,0.543902,0.000000,0.000000,0.543902,0.016030,0,27,1,-1,36,22,42,113.000000,72.666700,21.000000,0.353982,0.550458,1.904762,-0.016303,-0.007932,0.000671,0.000000,8,0,8,fixed,8,8,0,0,0.000051,3.000000,4.000000
1002,logistic,logistic,0,8,5,9,2,2,3,0.000000,21.000000,4.761905,42,0.543902,36,0,2,0,0.543902,0.543902,0.000000,0.000000,0.543902,0.016030,0,27,1,1,36,22,42,113.000000,72.666700,21.000000,0.884956,1.376146,4.761905,-0.012434,-0.005697,0.000671,0.000000,8,0,8,fixed,8,8,0,0,0.000051,3.000000,4.000000
1002,logistic,logistic,0,8,5,10,0,0,2,2.250286,113.000000,0.281286,36,0.543902,36,0,0,0,0.543902,0.543902,0.000000,0.000000,0.543902,0.016030,0,27,1,0,36,22,42,113.000000,72.666700,21.000000,0.277065,0.216637,0.274744,0.000671,0.003188,0.011181,0.011181,8,0,8,fixed,8,8,0,0,0.000051,3.000000,4.000000
1002,logistic,logistic,0,8,5,11,2,2,4,0.000000,21.000000,1.904762,42,0.543902,36,0,2,0,0.543902,0.543902,0.000000,0.000000,0.543902,0.016030,0,27,1,-1,36,22,42,113.000000,72.666700,21.000000,0.353982,0.550458,1.904762,-0.016303,-0.007932,0.000671,0.000000,8,0,8,fixed,8,8,0,0,0.000051,3.000000,4.000000
1002,logistic,logistic,0,8,5,12,0,0,2,2.227308,113.000000,0.278414,36,0.543902,36,0,0,0,0.543902,0.543902,0.000000,0.000000,0.543902,0.016030,0,27,1,0,36,22,42,113.000000,72.666700,21.000000,0.277147,0.216637,0.271939,0.000671,0.003185,0.011062,0.011062,8,0,8,fixed,8,8,0,0,0.000051,3.000000,4.000000
1002,logistic,logistic,0,8,5,13,2,2,4,0.000000,21.000000,1.904762,42,0.543902,36,0,2,0,0.543902,0.543902,0.000000,0.000000,0.543902,0.016030,0,27,1,-1,36,22,42,113.000000,72.666700,21.000000,0.353982,0.550458,1.904762,-0.016303,-0.007932,0.000671,0.000000,8,0,8,fixed,8,8,0,0,0.000051,3.000000,4.000000
1002,logistic,logistic,0,8,5,14,2,2,3,0.000000,21.000000,4.761905,42,0.543902,36,0,2,0,0.543902,0.543902,0.000000,0.000000,0.543902,0.016030,0,27,1,1,36,22,42,113.000000,72.666700,21.000000,0.884956,1.376146,4.761905,-0.012434,-0.005697,0.000671,0.000000,8,0,8,fixed,8,8,0,0,0.000051,3.000000,4.000000
1002,logistic,logistic,0,8,5,15,1,1,1,1.721633,72.666700,0.573878,22,0.543902,36,0,1,0,0.543902,0.543902,0.000000,0.000000,0.543902,0.016030,0,27,1,-1,36,22,42,113.000000,72.666700,21.000000,0.719176,0.605391,0.560532,-0.004516,0.000671,0.005000,0.005000,8,0,8,fixed,8,8,0,0,0.000051,3.000000,4.000000
1002,logistic,logistic,0,8,5,16,2,2,4,0.000000,21.000000,1.904762,42,0.543902,36,0,2,0,0.543902,0.543902,0.000000,0.000000,0.543902,0.016030,0,27,1,-1,36,22,42,113.000000,72.666700,21.000000,0.353982,0.550458,1.904762,-0.016303,-0.007932,0.000671,0.000000,8,0,8,fixed,8,8,0,0,0.000051,3.000000,4.000000
1002,logistic,logistic,0,8,5,17,2,2,3,0.000000,21.000000,4.761905,42,0.543902,36,0,2,0,0.543902,0.543902,0.000000,0.000000,0.543902,0.016030,0,27,1,1,36,22,42,113.000000,72.666700,21.000000,0.884956,1.376146,4.761905,-0.012434,-0.005697,0.000671,0.000000,8,0,8,fixed,8,8,0,0,0.000051,3.000000,4.000000
1002,logistic,logistic,0,8,5,18,1,1,1,2.016449,72.666700,0.672150,22,0.543902,36,0,1,0,0.543902,0.543902,0.000000,0.000000,0.543902,0.016030,0,27,1,-1,36,22,42,113.000000,72.666700,21.000000,0.719176,0.600711,0.656518,-0.004480,0.000671,0.005825,0.005825,8,0,8,fixed,8,8,0,0,0.000051,3.000000,4.000000
1002,logistic,logistic,0,8,5,19,0,0,2,2.221801,113.000000,0.277725,36,0.543902,36,0,0,0,0.543902,0.543902,0.000000,0.000000,0.543902,0.016030,0,27,1,0,36,22,42,113.000000,72.666700,21.000000,0.277167,0.216637,0.271266,0.000671,0.003184,0.011033,0.011033,8,0,8,fixed,8,8,0,0,0.000051,3.000000,4.000000
1002,logistic,logistic,0,8,5,20,2,2,4,0.000000,21.000000,1.904762,42,0.543902,36,0,2,0,0.543902,0.543902,0.000000,0.000000,0.543902,0.016030,0,27,1,-1,36,22,42,113.000000,72.666700,21.000000,0.353982,0.550458,1.904762,-0.016303,-0.007932,0.000671,0.000000,8,0,8,fixed,8,8,0,0,0.000051,3.000000,4.000000
1002,logistic,logistic,0,8,5,21,0,0,2,2.255786,113.000000,0.281973,36,0.543902,36,0,0,0,0.543902,0.543902,0.000000,0.000000,0.543902,0.016030,0,27,1,0,36,22,42,113.000000,72.666700,21.000000,0.277046,0.216637,0.275416,0.000671,0.003189,0.011209,0.011209,8,0,8,fixed,8,8,0,0,0.000051,3.000000,4.000000
1002,logistic,logistic,0,8,5,22,2,2,3,0.000000,21.000000,4.761905,42,0.543902,36,0,2,0,0.543902,0.543902,0.000000,0.000000,0.543902,0.016030,0,27,1,1,36,22,42,113.000000,72.666700,21.000000,0.884956,1.376146,4.761905,-0.012434,-0.005697,0.000671,0.000000,8,0,8,fixed,8,8,0,0,0.000051,3.000000,4.000000
1002,logistic,logistic,0,8,5,23,2,2,3,0.000000,21.000000,4.761905,42,0.543902,36,0,2,0,0.543902,0.543902,0.000000,0.000000,0.543902,0.016030,0,27,1,1,36,22,42,113.000000,72.666700,21.000000,0.884956,1.376146,4.761905,-0.012434,-0.005697,0.000671,0.000000,8,0,8,fixed,8,8,0,0,0.000051,3.000000,4.000000
1002,logistic,logistic,0,8,5,24,1,1,1,1.751925,72.666700,0.583975,22,0.543902,36,0,1,0,0.543902,0.543902,0.000000,0.000000,0.543902,0.016030,0,27,1,-1,36,22,42,113.000000,72.666700,21.000000,0.719176,0.604910,0.570394,-0.004512,0.000671,0.005097,0.005097,8,0,8,fixed,8,8,0,0,0.000051,3.000000,4.000000
1002,logistic,logistic,0,8,5,25,0,0,2,2.221824,113.000000,0.277728,36,0.543902,36,0,0,0,0.543902,0.543902,0.000000,0.000000,0.543902,0.016030,0,27,1,0,36,22,42,113.000000,72.666700,21.000000,0.277167,0.216637,0.271269,0.000671,0.003184,0.011033,0.011033,8,0,8,fixed,8,8,0,0,0.000051,3.000000,4.000000
1002,logistic,logistic,0,8,5,26,2,2,4,0.000000,21.000000,1.904762,42,0.543902,36,0,2,0,0.543902,0.543902,0.000000,0.000000,0.543902,0.016030,0,27,1,-1,36,22,42,113.000000,72.666700,21.000000,0.353982,0.550458,1.904762,-0.016303,-0.007932,0.000671,0.000000,8,0,8,fixed,8,8,0,0,0.000051,3.000000,4.000000
1002,logistic,logistic,0,8,5,27,0,0,2,2.221824,113.000000,0.277728,36,0.543902,36,0,0,0,0.543902,0.543902,0.000000,0.000000,0.543902,0.016030,0,27,1,0,36,22,42,113.000000,72.666700,21.000000,0.277167,0.216637,0.271269,0.000671,0.003184,0.011033,0.011033,8,0,8,fixed,8,8,0,0,0.000051,3.000000,4.000000
1002,logistic,logistic,0,8,5,28,0,0,2,2.199992,113.000000,0.274999,36,0.543902,36,0,0,0,0.543902,0.543902,0.000000,0.000000,0.543902,0.016030,0,27,1,0,36,22,42,113.000000,72.666700,21.000000,0.277245,0.216637,0.268604,0.000671,0.003181,0.010918,0.010918,8,0,8,fixed,8,8,0,0,0.000051,3.000000,4.000000
1002,logistic,logistic,0,8,5,29,0,0,2,2.222864,113.000000,0.277858,36,0.543902,36,0,0,0,0.543902,0.543902,0.000000,0.000000,0.543902,0.016030,0,27,1,0,36,22,42,113.000000,72.666700,21.000000,0.277163,0.216637,0.271396,0.000671,0.003184,0.011039,0.011039,8,0,8,fixed,8,8,0,0,0.000051,3.000000,4.000000
1002,logistic,logistic,0,8,5,30,2,2,3,0.000000,21.000000,4.761905,42,0.543902,36,0,2,0,0.543902,0.543902,0.000000,0.000000,0.543902,0.016030,0,27,1,1,36,22,42,113.000000,72.666700,21.000000,0.884956,1.376146,4.761905,-0.012434,-0.005697,0.000671,0.000000,8,0,8,fixed,8,8,0,0,0.000051,3.000000,4.000000
1002,logistic,logistic,0,8,5,31,1,1,1,1.726878,72.666700,0.575626,22,0.543902,36,0,1,0,0.543902,0.543902,0.000000,0.000000,0.543902,0.016030,0,27,1,-1,36,22,42,113.000000,72.666700,21.000000,0.719176,0.605308,0.562239,-0.004515,0.000671,0.005017,0.005017,8,0,8,fixed,8,8,0,0,0.000051,3.000000,4.000000
1002,logistic,logistic,0,8,5,32,1,1,1,1.644405,72.666700,0.548135,22,0.543902,36,0,1,0,0.543902,0.543902,0.000000,0.000000,0.543902,0.016030,0,27,1,-1,36,22,42,113.000000,72.666700,21.000000,0.719176,0.606617,0.535388,-0.004525,0.000671,0.004739,0.004739,8,0,8,fixed,8,8,0,0,0.000051,3.000000,4.000000
1002,logistic,logistic,0,8,5,33,0,0,2,2.170379,113.000000,0.271297,36,0.543902,36,0,0,0,0.543902,0.543902,0.000000,0.000000,0.543902,0.016030,0,27,1,0,36,22,42,113.000000,72.666700,21.000000,0.277351,0.216637,0.264988,0.000671,0.003177,0.010757,0.010757,8,0,8,fixed,8,8,0,0,0.000051,3.000000,4.000000
1002,logistic,logistic,0,8,5,34,0,0,2,2.222888,113.000000,0.277861,36,0.543902,36,0,0,0,0.543902,0.543902,0.000000,0.000000,0.543902,0.016030,0,27,1,0,36,22,42,113.000000,72.666700,21.000000,0.277163,0.216637,0.271399,0.000671,0.003184,0.011039,0.011039,8,0,8,fixed,8,8,0,0,0.000051,3.000000,4.000000
1002,logistic,logistic,0,8,5,35,0,0,2,2.222888,113.000000,0.277861,36,0.543902,36,0,0,0,0.543902,0.543902,0.000000,0.000000,0.543902,0.016030,0,27,1,0,36,22,42,113.000000,72.666700,21.000000,0.277163,0.216637,0.271399,0.000671,0.003184,0.011039,0.011039,8,0,8,fixed,8,8,0,0,0.000051,3.000000,4.000000
1002,logistic,logistic,0,8,5,36,2,2,3,0.000000,21.000000,4.761905,42,0.543902,36,0,2,0,0.543902,0.543902,0.000000,0.000000,0.543902,0.016030,0,27,1,1,36,22,42,113.000000,72.666700,21.000000,0.884956,1.376146,4.761905,-0.012434,-0.005697,0.000671,0.000000,8,0,8,fixed,8,8,0,0,0.000051,3.000000,4.000000
1002,logistic,logistic,0,8,5,37,0,0,2,2.171472,113.000000,0.271434,36,0.543902,36,0,0,0,0.543902,0.543902,0.000000,0.000000,0.543902,0.016030,0,27,1,0,36,22,42,113.000000,72.666700,21.000000,0.277347,0.216637,0.265122,0.000671,0.003177,0.010763,0.010763,8,0,8,fixed,8,8,0,0,0.000051,3.000000,4.000000
1002,logistic,logistic,0,8,5,38,2,2,4,0.000000,21.000000,1.904762,42,0.543902,36,0,2,0,0.543902,0.543902,0.000000,0.000000,0.543902,0.016030,0,27,1,-1,36,22,42,113.000000,72.666700,21.000000,0.353982,0.550458,1.904762,-0.016303,-0.007932,0.000671,0.000000,8,0,8,fixed,8,8,0,0,0.000051,3.000000,4.000000
1002,logistic,logistic,0,8,5,39,0,0,2,2.169275,113.000000,0.271159,36,0.543902,36,0,0,0,0.543902,0.543902,0.000000,0.000000,0.543902,0.016030,0,27,1,0,36,22,42,113.000000,72.666700,21.000000,0.277355,0.216637,0.264853,0.000671,0.003177,0.010751,0.010751,8,0,8,fixed,8,8,0,0,0.000051,3.000000,4.000000
1002,logistic,logistic,0,8,5,40,2,2,4,0.000000,21.000000,1.904762,42,0.543902,36,0,2,0,0.543902,0.543902,0.000000,0.000000,0.543902,0.016030,0,27,1,-1,36,22,42,113.000000,72.666700,21.000000,0.353982,0.550458,1.904762,-0.016303,-0.007932,0.000671,0.000000,8,0,8,fixed,8,8,0,0,0.000051,3.000000,4.000000
1002,logistic,logistic,0,8,5,41,2,2,4,0.000000,21.000000,1.904762,42,0.543902,36,0,2,0,0.543902,0.543902,0.000000,0.000000,0.543902,0.016030,0,27,1,-1,36,22,42,113.000000,72.666700,21.000000,0.353982,0.550458,1.904762,-0.016303,-0.007932,0.000671,0.000000,8,0,8,fixed,8,8,0,0,0.000051,3.000000,4.000000
1002,logistic,logistic,0,8,5,42,1,1,1,1.569263,72.666700,0.523088,22,0.543902,36,0,1,0,0.543902,0.543902,0.000000,0.000000,0.543902,0.016030,0,27,1,-1,36,22,42,113.000000,72.666700,21.000000,0.719176,0.607809,0.510923,-0.004534,0.000671,0.004460,0.004460,8,0,8,fixed,8,8,0,0,0.000051,3.000000,4.000000
1002,logistic,logistic,0,8,5,43,1,1,1,1.703052,72.666700,0.567684,22,0.543902,36,0,1,0,0.543902,0.543902,0.000000,0.000000,0.543902,0.016030,0,27,1,-1,36,22,42,113.000000,72.666700,21.000000,0.719176,0.605686,0.554482,-0.004518,0.000671,0.004939,0.004939,8,0,8,fixed,8,8,0,0,0.000051,3.000000,4.000000
1002,logistic,logistic,0,8,5,44,1,1,1,1.703052,72.666700,0.567684,22,0.543902,36,0,1,0,0.543902,0.543902,0.000000,0.000000,0.543902,0.016030,0,27,1,-1,36,22,42,113.000000,72.666700,21.000000,0.719176,0.605686,0.554482,-0.004518,0.000671,0.004939,0.004939,8,0,8,fixed,8,8,0,0,0.000051,3.000000,4.000000
1002,logistic,logistic,0,8,5,45,2,2,3,0.000000,21.000000,4.761905,42,0.543902,36,0,2,0,0.543902,0.543902,0.000000,0.000000,0.543902,0.016030,0,27,1,1,36,22,42,113.000000,72.666700,21.000000,0.884956,1.376146,4.761905,-0.012434,-0.005697,0.000671,0.000000,8,0,8,fixed,8,8,0,0,0.000051,3.000000,4.000000
1002,logistic,logistic,0,8,5,46,0,0,2,2.213090,113.000000,0.276636,36,0.543902,36,0,0,0,0.543902,0.543902,0.000000,0.000000,0.543902,0.016030,0,27,1,0,36,22,42,113.000000,72.666700,21.000000,0.277198,0.216637,0.270203,0.000671,0.003183,0.010987,0.010987,8,0,8,fixed,8,8,0,0,0.000051,3.000000,4.000000
1002,logistic,logistic,0,8,5,47,2,2,4,0.000000,21.000000,1.904762,42,0.543902,36,0,2,0,0.543902,0.543902,0.000000,0.000000,0.543902,0.016030,0,27,1,-1,36,22,42,113.000000,72.666700,21.000000,0.353982,0.550458,1.904762,-0.016303,-0.007932,0.000671,0.000000,8,0,8,fixed,8,8,0,0,0.000051,3.000000,4.000000
1002,logistic,logistic,0,8,5,48,2,2,3,0.000000,21.000000,4.761905,42,0.543902,36,0,2,0,0.543902,0.543902,0.000000,0.000000,0.543902,0.016030,0,27,1,1,36,22,42,113.000000,72.666700,21.000000,0.884956,1.376146,4.761905,-0.012434,-0.005697,0.000671,0.000000,8,0,8,fixed,8,8,0,0,0.000051,3.000000,4.000000
1002,logistic,logistic,0,8,5,49,1,1,1,2.072004,72.666700,0.690668,22,0.543902,36,0,1,0,0.543902,0.543902,0.000000,0.000000,0.543902,0.016030,0,27,1,-1,36,22,42,113.000000,72.666700,21.000000,0.719176,0.599829,0.674606,-0.004473,0.000671,0.005955,0.005955,8,0,8,fixed,8,8,0,0,0.000051,3.000000,4.000000
1002,logistic,logistic,0,8,5,50,0,0,2,2.232762,113.000000,0.279095,36,0.543902,36,0,0,0,0.543902,0.543902,0.000000,0.000000,0.543902,0.016030,0,27,1,0,36,22,42,113.000000,72.666700,21.000000,0.277128,0.216637,0.272605,0.000671,0.003186,0.011091,0.011091,8,0,8,fixed,8,8,0,0,0.000051,3.000000,4.000000
1002,logistic,logistic,0,8,5,51,2,2,4,0.000000,21.000000,1.904762,42,0.543902,36,0,2,0,0.543902,0.543902,0.000000,0.000000,0.543902,0.016030,0,27,1,-1,36,22,42,113.000000,72.666700,21.000000,0.353982,0.550458,1.904762,-0.016303,-0.007932,0.000671,0.000000,8,0,8,fixed,8,8,0,0,0.000051,3.000000,4.000000
1002,logistic,logistic,0,8,5,52,2,2,4,0.000000,21.000000,1.904762,42,0.543902,36,0,2,0,0.543902,0.543902,0.000000,0.000000,0.543902,0.016030,0,27,1,-1,36,22,42,113.000000,72.666700,21.000000,0.353982,0.550458,1.904762,-0.016303,-0.007932,0.000671,0.000000,8,0,8,fixed,8,8,0,0,0.000051,3.000000,4.000000
1002,logistic,logistic,0,8,5,53,0,0,2,2.222877,113.000000,0.277860,36,0.543902,36,0,0,0,0.543902,0.543902,0.000000,0.000000,0.543902,0.016030,0,27,1,0,36,22,42,113.000000,72.666700,21.000000,0.277163,0.216637,0.271398,0.000671,0.003184,0.011039,0.011039,8,0,8,fixed,8,8,0,0,0.000051,3.000000,4.000000
1002,logistic,logistic,0,8,5,54,0,0,2,2.199978,113.000000,0.274997,36,0.543902,36,0,0,0,0.543902,0.543902,0.000000,0.000000,0.543902,0.016030,0,27,1,0,36,22,42,113.000000,72.666700,21.000000,0.277245,0.216637,0.268602,0.000671,0.003181,0.010918,0.010918,8,0,8,fixed,8,8,0,0,0.000051,3.000000,4.000000
1002,logistic,logistic,0,8,5,55,1,1,1,1.933976,72.666700,0.644659,22,0.543902,36,0,1,0,0.543902,0.543902,0.000000,0.000000,0.543902,0.016030,0,27,1,-1,36,22,42,113.000000,72.666700,21.000000,0.719176,0.602020,0.629667,-0.004490,0.000671,0.005618,0.005618,8,0,8,fixed,8,8,0,0,0.000051,3.000000,4.000000
1002,logistic,logistic,0,8,5,56,1,1,1,1.868571,72.666700,0.622857,22,0.543902,36,0,1,0,0.543902,0.543902,0.000000,0.000000,0.543902,0.016030,0,27,1,-1,36,22,42,113.000000,72.666700,21.000000,0.719176,0.603059,0.608372,-0.004498,0.000671,0.005442,0.005442,8,0,8,fixed,8,8,0,0,0.000051,3.000000,4.000000
1002,logistic,logistic,0,8,5,57,2,2,3,0.000000,21.000000,4.761905,42,0.543902,36,0,2,0,0.543902,0.543902,0.000000,0.000000,0.543902,0.016030,0,27,1,1,36,22,42,113.000000,72.666700,21.000000,0.884956,1.376146,4.761905,-0.012434,-0.005697,0.000671,0.000000,8,0,8,fixed,8,8,0,0,0.000051,3.000000,4.000000
1002,logistic,logistic,0,8,5,58,0,0,2,2.198873,113.000000,0.274859,36,0.543902,36,0,0,0,0.543902,0.543902,0.000000,0.000000,0.543902,0.016030,0,27,1,0,36,22,42,113.000000,72.666700,21.000000,0.277249,0.216637,0.268467,0.000671,0.003181,0.010912,0.010912,8,0,8,fixed,8,8,0,0,0.000051,3.000000,4.000000
1002,logistic,logistic,0,8,5,59,2,2,3,0.000000,21.000000,4.761905,42,0.543902,36,0,2,0,0.543902,0.543902,0.000000,0.000000,0.543902,0.016030,0,27,1,1,36,22,42,113.000000,72.666700,21.000000,0.884956,1.376146,4.761905,-0.012434,-0.005697,0.000671,0.000000,8,0,8,fixed,8,8,0,0,0.000051,3.000000,4.000000
1002,logistic,logistic,0,8,5,60,1,1,1,1.902171,72.666700,0.634057,22,0.543902,36,0,1,0,0.543902,0.543902,0.000000,0.000000,0.543902,0.016030,0,27,1,-1,36,22,42,113.000000,72.666700,21.000000,0.719176,0.602525,0.619312,-0.004494,0.000671,0.005534,0.005534,8,0,8,fixed,8,8,0,0,0.000051,3.000000,4.000000
1002,logistic,logistic,0,8,5,61,0,0,2,2.249179,113.000000,0.281147,36,0.543902,36,0,0,0,0.543902,0.543902,0.000000,0.000000,0.543902,0.016030,0,27,1,0,36,22,42,113.000000,72.666700,21.000000,0.277069,0.216637,0.274609,0.000671,0.003188,0.011175,0.011175,8,0,8,fixed,8,8,0,0,0.000051,3.000000,4.000000
1002,logistic,logistic,0,8,5,62,1,1,1,1.841118,72.666700,0.613706,22,0.543902,36,0,1,0,0.543902,0.543902,0.000000,0.000000,0.543902,0.016030,0,27,1,-1,36,22,42,113.000000,72.666700,21.000000,0.719176,0.603494,0.599434,-0.004501,0.000671,0.005364,0.005364,8,0,8,fixed,8,8,0,0,0.000051,3.000000,4.000000
1002,logistic,logistic,0,8,5,63,0,0,2,2.257972,113.000000,0.282246,36,0.543902,36,0,0,0,0.543902,0.543902,0.000000,0.000000,0.543902,0.016030,0,27,1,0,36,22,42,113.000000,72.666700,21.000000,0.277038,0.216637,0.275683,0.000671,0.003189,0.011220,0.011220,8,0,8,fixed,8,8,0,0,0.000051,3.000000,4.000000
1002,logistic,logistic,0,8,5,64,0,0,2,2.252506,113.000000,0.281563,36,0.543902,36,0,0,0,0.543902,0.543902,0.000000,0.000000,0.543902,0.016030,0,27,1,0,36,22,42,113.000000,72.666700,21.000000,0.277057,0.216637,0.275015,0.000671,0.003188,0.011192,0.011192,8,0,8,fixed,8,8,0,0,0.000051,3.000000,4.000000
1002,logistic,logistic,0,8,5,65,0,0,2,2.232750,113.000000,0.279094,36,0.543902,36,0,0,0,0.543902,0.543902,0.000000,0.000000,0.543902,0.016030,0,27,1,0,36,22,42,113.000000,72.666700,21.000000,0.277128,0.216637,0.272603,0.000671,0.003186,0.011090,0.011090,8,0,8,fixed,8,8,0,0,0.000051,3.000000,4.000000
1002,logistic,logistic,0,8,5,66,2,2,4,0.000000,21.000000,1.904762,42,0.543902,36,0,2,0,0.543902,0.543902,0.000000,0.000000,0.543902,0.016030,0,27,1,-1,36,22,42,113.000000,72.666700,21.000000,0.353982,0.550458,1.904762,-0.016303,-0.007932,0.000671,0.000000,8,0,8,fixed,8,8,0,0,0.000051,3.000000,4.000000
1002,logistic,logistic,0,8,5,67,0,0,2,2.225087,113.000000,0.278136,36,0.543902,36,0,0,0,0.543902,0.543902,0.000000,0.000000,0.543902,0.016030,0,27,1,0,36,22,42,113.000000,72.666700,21.000000,0.277155,0.216637,0.271668,0.000671,0.003185,0.011051,0.011051,8,0,8,fixed,8,8,0,0,0.000051,3.000000,4.000000
1002,logistic,logistic,0,8,5,68,0,0,2,2.232726,113.000000,0.279091,36,0.543902,36,0,0,0,0.543902,0.543902,0.000000,0.000000,0.543902,0.016030,0,27,1,0,36,22,42,113.000000,72.666700,21.000000,0.277128,0.216637,0.272600,0.000671,0.003186,0.011090,0.011090,8,0,8,fixed,8,8,0,0,0.000051,3.000000,4.000000
1002,logistic,logistic,0,8,5,69,1,1,1,1.748871,72.666700,0.582957,22,0.543902,36,0,1,0,0.543902,0.543902,0.000000,0.000000,0.543902,0.016030,0,27,1,-1,36,22,42,113.000000,72.666700,21.000000,0.719176,0.604959,0.569400,-0.004513,0.000671,0.005088,0.005088,8,0,8,fixed,8,8,0,0,0.000051,3.000000,4.000000
1002,logistic,logistic,0,8,5,70,2,2,4,0.000000,21.000000,1.904762,42,0.543902,36,0,2,0,0.543902,0.543902,0.000000,0.000000,0.543902,0.016030,0,27,1,-1,36,22,42,113.000000,72.666700,21.000000,0.353982,0.550458,1.904762,-0.016303,-0.007932,0.000671,0.000000,8,0,8,fixed,8,8,0,0,0.000051,3.000000,4.000000
1002,logistic,logistic,0,8,5,71,1,1,1,1.822142,72.666700,0.607381,22,0.543902,36,0,1,0,0.543902,0.543902,0.000000,0.000000,0.543902,0.016030,0,27,1,-1,36,22,42,113.000000,72.666700,21.000000,0.719176,0.603796,0.593256,-0.004504,0.000671,0.005310,0.005310,8,0,8,fixed,8,8,0,0,0.000051,3.000000,4.000000
1002,logistic,logistic,0,8,5,72,2,2,3,0.000000,21.000000,4.761905,42,0.543902,36,0,2,0,0.543902,0.543902,0.000000,0.000000,0.543902,0.016030,0,27,1,1,36,22,42,113.000000,72.666700,21.000000,0.884956,1.376146,4.761905,-0.012434,-0.005697,0.000671,0.000000,8,0,8,fixed,8,8,0,0,0.000051,3.000000,4.000000
1002,logistic,logistic,0,8,5,73,0,0,2,2.225135,113.000000,0.278142,36,0.543902,36,0,0,0,0.543902,0.543902,0.000000,0.000000,0.543902,0.016030,0,27,1,0,36,22,42,113.000000,72.666700,21.000000,0.277155,0.216637,0.271673,0.000671,0.003185,0.011051,0.011051,8,0,8,fixed,8,8,0,0,0.000051,3.000000,4.000000
1002,logistic,logistic,0,8,5,74,2,2,4,0.000000,21.000000,1.904762,42,0.543902,36,0,2,0,0.543902,0.543902,0.000000,0.000000,0.543902,0.016030,0,27,1,-1,36,22,42,113.000000,72.666700,21.000000,0.353982,0.550458,1.904762,-0.016303,-0.007932,0.000671,0.000000,8,0,8,fixed,8,8,0,0,0.000051,3.000000,4.000000
1002,logistic,logistic,0,8,5,75,2,2,4,0.000000,21.000000,1.904762,42,0.543902,36,0,2,0,0.543902,0.543902,0.000000,0.000000,0.543902,0.016030,0,27,1,-1,36,22,42,113.000000,72.666700,21.000000,0.353982,0.550458,1.904762,-0.016303,-0.007932,0.000671,0.000000,8,0,8,fixed,8,8,0,0,0.000051,3.000000,4.000000
1002,logistic,logistic,0,8,5,76,0,0,2,2.221820,113.000000,0.277728,36,0.543902,36,0,0,0,0.543902,0.543902,0.000000,0.000000,0.543902,0.016030,0,27,1,0,36,22,42,113.000000,72.666700,21.000000,0.277167,0.216637,0.271269,0.000671,0.003184,0.011033,0.011033,8,0,8,fixed,8,8,0,0,0.000051,3.000000,4.000000
1002,logistic,logistic,0,8,5,77,0,0,2,2.221820,113.000000,0.277728,36,0.543902,36,0,0,0,0.543902,0.543902,0.000000,0.000000,0.543902,0.016030,0,27,1,0,36,22,42,113.000000,72.666700,21.000000,0.277167,0.216637,0.271269,0.000671,0.003184,0.011033,0.011033,8,0,8,fixed,8,8,0,0,0.000051,3.000000,4.000000
1002,logistic,logistic,0,8,5,78,1,1,1,2.046383,72.666700,0.682128,22,0.543902,36,0,1,0,0.543902,0.543902,0.000000,0.000000,0.543902,0.016030,0,27,1,-1,36,22,42,113.000000,72.666700,21.000000,0.719176,0.600236,0.666264,-0.004476,0.000671,0.005896,0.005896,8,0,8,fixed,8,8,0,0,0.000051,3.000000,4.000000
1002,logistic,logistic,0,8,5,79,0,0,2,2.221820,113.000000,0.277728,36,0.543902,36,0,0,0,0.543902,0.543902,0.000000,0.000000,0.543902,0.016030,0,27,1,0,36,22,42,113.000000,72.666700,21.000000,0.277167,0.216637,0.271269,0.000671,0.003184,0.011033,0.011033,8,0,8,fixed,8,8,0,0,0.000051,3.000000,4.000000
1002,logistic,logistic,0,8,5,80,2,2,4,0.000000,21.000000,1.904762,42,0.543902,36,0,2,0,0.543902,0.543902,0.000000,0.000000,0.543902,0.016030,0,27,1,-1,36,22,42,113.000000,72.666700,21.000000,0.353982,0.550458,1.904762,-0.016303,-0.007932,0.000671,0.000000,8,0,8,fixed,8,8,0,0,0.000051,3.000000,4.000000
1002,logistic,logistic,0,8,5,81,2,2,3,0.000000,21.000000,4.761905,42,0.543902,36,0,2,0,0.543902,0.543902,0.000000,0.000000,0.543902,0.016030,0,27,1,1,36,22,42,113.000000,72.666700,21.000000,0.884956,1.376146,4.761905,-0.012434,-0.005697,0.000671,0.000000,8,0,8,fixed,8,8,0,0,0.000051,3.000000,4.000000
1002,logistic,logistic,0,8,5,82,2,2,4,0.000000,21.000000,1.904762,42,0.543902,36,0,2,0,0.543902,0.543902,0.000000,0.000000,0.543902,0.016030,0,27,1,-1,36,22,42,113.000000,72.666700,21.000000,0.353982,0.550458,1.904762,-0.016303,-0.007932,0.000671,0.000000,8,0,8,fixed,8,8,0,0,0.000051,3.000000,4.000000
1002,logistic,logistic,0,8,5,83,2,2,4,0.000000,21.000000,1.904762,42,0.543902,36,0,2,0,0.543902,0.543902,0.000000,0.000000,0.543902,0.016030,0,27,1,-1,36,22,42,113.000000,72.666700,21.000000,0.353982,0.550458,1.904762,-0.016303,-0.007932,0.000671,0.000000,8,0,8,fixed,8,8,0,0,0.000051,3.000000,4.000000
1002,logistic,logistic,0,8,5,84,2,2,4,0.000000,21.000000,1.904762,42,0.543902,36,0,2,0,0.543902,0.543902,0.000000,0.000000,0.543902,0.016030,0,27,1,-1,36,22,42,113.000000,72.666700,21.000000,0.353982,0.550458,1.904762,-0.016303,-0.007932,0.000671,0.000000,8,0,8,fixed,8,8,0,0,0.000051,3.000000,4.000000
1002,logistic,logistic,0,8,5,85,0,0,2,2.263395,113.000000,0.282924,36,0.543902,36,0,0,0,0.543902,0.543902,0.000000,0.000000,0.543902,0.016030,0,27,1,0,36,22,42,113.000000,72.666700,21.000000,0.277019,0.216637,0.276345,0.000671,0.003190,0.011248,0.011248,8,0,8,fixed,8,8,0,0,0.000051,3.000000,4.000000
1002,logistic,logistic,0,8,5,86,0,0,2,2.202187,113.000000,0.275273,36,0.543902,36,0,0,0,0.543902,0.543902,0.000000,0.000000,0.543902,0.016030,0,27,1,0,36,22,42,113.000000,72.666700,21.000000,0.277237,0.216637,0.268872,0.000671,0.003182,0.010929,0.010929,8,0,8,fixed,8,8,0,0,0.000051,3.000000,4.000000
1002,logistic,logistic,0,8,5,87,2,2,4,0.000000,21.000000,1.904762,42,0.543902,36,0,2,0,0.543902,0.543902,0.000000,0.000000,0.543902,0.016030,0,27,1,-1,36,22,42,113.000000,72.666700,21.000000,0.353982,0.550458,1.904762,-0.016303,-0.007932,0.000671,0.000000,8,0,8,fixed,8,8,0,0,0.000051,3.000000,4.000000
1002,logistic,logistic,0,8,5,88,2,2,4,0.000000,21.000000,1.904762,42,0.543902,36,0,2,0,0.543902,0.543902,0.000000,0.000000,0.543902,0.016030,0,27,1,-1,36,22,42,113.000000,72.666700,21.000000,0.353982,0.550458,1.904762,-0.016303,-0.007932,0.000671,0.000000,8,0,8,fixed,8,8,0,0,0.000051,3.000000,4.000000
1002,logistic,logistic,0,8,5,89,0,0,2,2.202176,113.000000,0.275272,36,0.543902,36,0,0,0,0.543902,0.543902,0.000000,0.000000,0.543902,0.016030,0,27,1,0,36,22,42,113.000000,72.666700,21.000000,0.277237,0.216637,0.268870,0.000671,0.003182,0.010929,0.010929,8,0,8,fixed,8,8,0,0,0.000051,3.000000,4.000000
1002,logistic,logistic,0,8,5,90,1,1,1,1.867961,72.666700,0.622654,22,0.543902,36,0,1,0,0.543902,0.543902,0.000000,0.000000,0.543902,0.016030,0,27,1,-1,36,22,42,113.000000,72.666700,21.000000,0.719176,0.603068,0.608173,-0.004498,0.000671,0.005440,0.005440,8,0,8,fixed,8,8,0,0,0.000051,3.000000,4.000000
1002,logistic,logistic,0,8,5,91,2,2,3,0.000000,21.000000,4.761905,42,0.543902,36,0,2,0,0.543902,0.543902,0.000000,0.000000,0.543902,0.016030,0,27,1,1,36,22,42,113.000000,72.666700,21.000000,0.884956,1.376146,4.761905,-0.012434,-0.005697,0.000671,0.000000,8,0,8,fixed,8,8,0,0,0.000051,3.000000,4.000000
1002,logistic,logistic,0,8,5,92,2,2,4,0.000000,21.000000,1.904762,42,0.543902,36,0,2,0,0.543902,0.543902,0.000000,0.000000,0.543902,0.016030,0,27,1,-1,36,22,42,113.000000,72.666700,21.000000,0.353982,0.550458,1.904762,-0.016303,-0.007932,0.000671,0.000000,8,0,8,fixed,8,8,0,0,0.000051,3.000000,4.000000
1002,logistic,logistic,0,8,5,93,0,0,2,2.202211,113.000000,0.275276,36,0.543902,36,0,0,0,0.543902,0.543902,0.000000,0.000000,0.543902,0.016030,0,27,1,0,36,22,42,113.000000,72.666700,21.000000,0.277237,0.216637,0.268875,0.000671,0.003182,0.010930,0.010930,8,0,8,fixed,8,8,0,0,0.000051,3.000000,4.000000
1002,logistic,logistic,0,8,5,94,1,1,1,1.717639,72.666700,0.572546,22,0.543902,36,0,1,0,0.543902,0.543902,0.000000,0.000000,0.543902,0.016030,0,27,1,-1,36,22,42,113.000000,72.666700,21.000000,0.719176,0.605454,0.559231,-0.004516,0.000671,0.004987,0.004987,8,0,8,fixed,8,8,0,0,0.000051,3.000000,4.000000
1002,logistic,logistic,0,8,5,95,0,0,2,2.201118,113.000000,0.275140,36,0.543902,36,0,0,0,0.543902,0.543902,0.000000,0.000000,0.543902,0.016030,0,27,1,0,36,22,42,113.000000,72.666700,21.000000,0.277241,0.216637,0.268741,0.000671,0.003181,0.010924,0.010924,8,0,8,fixed,8,8,0,0,0.000051,3.000000,4.000000
1002,logistic,logistic,0,8,5,96,1,1,1,1.689575,72.666700,0.563192,22,0.543902,36,0,1,0,0.543902,0.543902,0.000000,0.000000,0.543902,0.016030,0,27,1,-1,36,22,42,113.000000,72.666700,21.000000,0.719176,0.605900,0.550094,-0.004520,0.000671,0.004894,0.004894,8,0,8,fixed,8,8,0,0,0.000051,3.000000,4.000000
1002,logistic,logistic,0,8,5,97,0,0,2,2.158441,113.000000,0.269805,36,0.543902,36,1,0,0,0.543902,0.543902,0.000000,0.000000,0.543902,0.016030,0,27,1,0,36,22,42,113.000000,72.666700,21.000000,0.277393,0.216637,0.263531,0.000671,0.003176,0.010691,0.010691,8,0,8,fixed,8,8,0,0,0.000051,3.000000,4.000000
1002,logistic,logistic,0,8,5,98,2,2,4,0.000000,21.000000,1.904762,42,0.543902,36,0,2,0,0.543902,0.543902,0.000000,0.000000,0.543902,0.016030,0,27,1,-1,36,22,42,113.000000,72.666700,21.000000,0.353982,0.550458,1.904762,-0.016303,-0.007932,0.000671,0.000000,8,0,8,fixed,8,8,0,0,0.000051,3.000000,4.000000
1002,logistic,logistic,0,8,5,99,2,2,4,0.000000,21.000000,1.904762,42,0.543902,36,0,2,0,0.543902,0.543902,0.000000,0.000000,0.543902,0.016030,0,27,1,-1,36,22,42,113.000000,72.666700,21.000000,0.353982,0.550458,1.904762,-0.016303,-0.007932,0.000671,0.000000,8,0,8,fixed,8,8,0,0,0.000051,3.000000,4.000000
1002,logistic,logistic,0,8,5,100,1,1,1,1.926645,72.666700,0.642215,22,0.543902,36,0,1,0,0.543902,0.543902,0.000000,0.000000,0.543902,0.016030,0,27,1,-1,36,22,42,113.000000,72.666700,21.000000,0.719176,0.602137,0.627280,-0.004491,0.000671,0.005599,0.005599,8,0,8,fixed,8,8,0,0,0.000051,3.000000,4.000000
