seed,method,max_switches,cycle_id,ue_id,previous_bs_id,current_bs_id,app_type,tp_mbps,rtt_ms,satisfaction,num_users_on_current_bs,harmonic_mean,num_unsatisfied_users,target_ue_flag,action_selected_bs_id,switch_flag,h_before,h_after_estimated,reward,estimated_reward,h_after_measured,measured_reward,switch_count,num_degraded_users,measurement_valid,candidate_type,num_users_ap0,num_users_ap1,num_users_ap2,monitor_rtt_ap0,monitor_rtt_ap1,monitor_rtt_ap2,estimated_satisfaction_if_ap0,estimated_satisfaction_if_ap1,estimated_satisfaction_if_ap2,estimated_h_delta_if_ap0,estimated_h_delta_if_ap1,estimated_h_delta_if_ap2,best_estimated_h_delta,effective_max_switches,applied_switches_in_cycle,remaining_switch_budget,k_schedule_type,k_max,k_min,k_decay_rate,stop_action_flag,warmup_before_cycle_sec,cycle_start_offset_sec
2,multi_greedy,8,1,1,1,1,3,0.000000,83.666700,1.195219,21,0.314149,25,0,1,0,0.314149,0.520262,0.206113,0.206113,0.314149,0.000000,8,0,1,-1,28,21,31,96.000000,83.666700,62.500000,1.041667,1.195219,1.600000,-0.000481,0.000153,-0.005895,0.000000,8,8,0,fixed,8,8,0,0,3.000000,4.000000
2,multi_greedy,8,1,2,0,0,1,3.509623,96.000000,1.169874,28,0.314149,25,0,0,0,0.314149,0.520262,0.206113,0.206113,0.314149,0.000000,8,0,1,1,28,21,31,96.000000,83.666700,62.500000,1.170024,1.116247,0.502509,0.000153,0.000548,-0.007062,0.000548,8,8,0,fixed,8,8,0,0,3.000000,4.000000
2,multi_greedy,8,1,3,2,2,4,0.000000,62.500000,0.640000,31,0.314149,25,0,2,0,0.314149,0.520262,0.206113,0.206113,0.314149,0.000000,8,0,1,-1,28,21,31,96.000000,83.666700,62.500000,0.416667,0.478087,0.640000,0.005142,0.006036,0.000153,0.006036,8,8,0,fixed,8,8,0,0,3.000000,4.000000
2,multi_greedy,8,1,4,2,2,1,1.602863,62.500000,0.534288,31,0.314149,25,0,2,0,0.314149,0.520262,0.206113,0.206113,0.314149,0.000000,8,0,1,-1,28,21,31,96.000000,83.666700,62.500000,1.129655,1.116247,0.516124,0.007487,0.007980,0.000153,0.007980,8,8,0,fixed,8,8,0,0,3.000000,4.000000
2,multi_greedy,8,1,5,2,2,4,0.000000,62.500000,0.640000,31,0.314149,25,0,2,0,0.314149,0.520262,0.206113,0.206113,0.314149,0.000000,8,0,1,-1,28,21,31,96.000000,83.666700,62.500000,0.416667,0.478087,0.640000,0.005142,0.006036,0.000153,0.006036,8,8,0,fixed,8,8,0,0,3.000000,4.000000
2,multi_greedy,8,1,6,1,1,4,0.000000,83.666700,0.478087,21,0.314149,25,0,1,0,0.314149,0.520262,0.206113,0.206113,0.314149,0.000000,8,0,1,0,28,21,31,96.000000,83.666700,62.500000,0.416667,0.478087,0.640000,-0.000708,0.000153,-0.005517,0.000000,8,8,0,fixed,8,8,0,0,3.000000,4.000000
2,multi_greedy,8,1,7,0,0,2,5.605443,96.000000,0.700680,28,0.314149,25,0,0,0,0.314149,0.520262,0.206113,0.206113,0.314149,0.000000,8,0,1,-1,28,21,31,96.000000,83.666700,62.500000,0.658094,0.747875,0.078800,0.000153,0.000796,-0.018478,0.000796,8,8,0,fixed,8,8,0,0,3.000000,4.000000
2,multi_greedy,8,1,8,0,0,2,4.969288,96.000000,0.621161,28,0.314149,25,0,0,0,0.314149,0.520262,0.206113,0.206113,0.314149,0.000000,8,0,1,-1,28,21,31,96.000000,83.666700,62.500000,0.666046,0.747875,0.078800,0.000153,0.000774,-0.018497,0.000774,8,8,0,fixed,8,8,0,0,3.000000,4.000000
2,multi_greedy,8,1,9,2,2,2,0.652444,62.500000,0.081555,31,0.314149,25,0,1,1,0.314149,0.520262,0.206113,0.206113,0.314149,0.000000,8,0,1,0,28,21,31,96.000000,83.666700,62.500000,0.639139,0.747875,0.081324,0.020044,0.020910,0.000153,0.020910,8,8,0,fixed,8,8,0,0,3.000000,4.000000
2,multi_greedy,8,1,10,0,0,2,5.298337,96.000000,0.662292,28,0.314149,25,0,0,0,0.314149,0.520262,0.206113,0.206113,0.314149,0.000000,8,0,1,-1,28,21,31,96.000000,83.666700,62.500000,0.661933,0.747875,0.078800,0.000153,0.000785,-0.018488,0.000785,8,8,0,fixed,8,8,0,0,3.000000,4.000000
2,multi_greedy,8,1,11,1,1,3,0.000000,83.666700,1.195219,21,0.314149,25,0,1,0,0.314149,0.520262,0.206113,0.206113,0.314149,0.000000,8,0,1,-1,28,21,31,96.000000,83.666700,62.500000,1.041667,1.195219,1.600000,-0.000481,0.000153,-0.005895,0.000000,8,8,0,fixed,8,8,0,0,3.000000,4.000000
2,multi_greedy,8,1,12,0,0,2,5.297232,96.000000,0.662154,28,0.314149,25,0,0,0,0.314149,0.520262,0.206113,0.206113,0.314149,0.000000,8,0,1,-1,28,21,31,96.000000,83.666700,62.500000,0.661946,0.747875,0.078800,0.000153,0.000785,-0.018488,0.000785,8,8,0,fixed,8,8,0,0,3.000000,4.000000
2,multi_greedy,8,1,13,1,1,3,0.000000,83.666700,1.195219,21,0.314149,25,0,1,0,0.314149,0.520262,0.206113,0.206113,0.314149,0.000000,8,0,1,-1,28,21,31,96.000000,83.666700,62.500000,1.041667,1.195219,1.600000,-0.000481,0.000153,-0.005895,0.000000,8,8,0,fixed,8,8,0,0,3.000000,4.000000
2,multi_greedy,8,1,14,2,2,4,0.000000,62.500000,0.640000,31,0.314149,25,0,2,0,0.314149,0.520262,0.206113,0.206113,0.314149,0.000000,8,0,1,-1,28,21,31,96.000000,83.666700,62.500000,0.416667,0.478087,0.640000,0.005142,0.006036,0.000153,0.006036,8,8,0,fixed,8,8,0,0,3.000000,4.000000
2,multi_greedy,8,1,15,0,0,2,5.295035,96.000000,0.661879,28,0.314149,25,0,0,0,0.314149,0.520262,0.206113,0.206113,0.314149,0.000000,8,0,1,-1,28,21,31,96.000000,83.666700,62.500000,0.661974,0.747875,0.078800,0.000153,0.000785,-0.018488,0.000785,8,8,0,fixed,8,8,0,0,3.000000,4.000000
2,multi_greedy,8,1,16,2,2,2,0.652426,62.500000,0.081553,31,0.314149,25,0,1,1,0.314149,0.520262,0.206113,0.206113,0.314149,0.000000,8,0,1,0,28,21,31,96.000000,83.666700,62.500000,0.639139,0.747875,0.081325,0.020044,0.020910,0.000153,0.020910,8,8,0,fixed,8,8,0,0,3.000000,4.000000
2,multi_greedy,8,1,17,2,2,2,0.652414,62.500000,0.081552,31,0.314149,25,0,1,1,0.314149,0.520262,0.206113,0.206113,0.314149,0.000000,8,0,1,0,28,21,31,96.000000,83.666700,62.500000,0.639139,0.747875,0.081325,0.020044,0.020910,0.000153,0.020910,8,8,0,fixed,8,8,0,0,3.000000,4.000000
2,multi_greedy,8,1,18,2,2,4,0.000000,62.500000,0.640000,31,0.314149,25,0,2,0,0.314149,0.520262,0.206113,0.206113,0.314149,0.000000,8,0,1,-1,28,21,31,96.000000,83.666700,62.500000,0.416667,0.478087,0.640000,0.005142,0.006036,0.000153,0.006036,8,8,0,fixed,8,8,0,0,3.000000,4.000000
2,multi_greedy,8,1,19,0,0,3,0.000000,96.000000,1.041667,28,0.314149,25,0,0,0,0.314149,0.520262,0.206113,0.206113,0.314149,0.000000,8,0,1,1,28,21,31,96.000000,83.666700,62.500000,1.041667,1.195219,1.600000,0.000153,0.000790,-0.005282,0.000790,8,8,0,fixed,8,8,0,0,3.000000,4.000000
2,multi_greedy,8,1,20,0,0,1,3.510234,96.000000,1.170078,28,0.314149,25,0,0,0,0.314149,0.520262,0.206113,0.206113,0.314149,0.000000,8,0,1,1,28,21,31,96.000000,83.666700,62.500000,1.169984,1.116247,0.502509,0.000153,0.000548,-0.007062,0.000548,8,8,0,fixed,8,8,0,0,3.000000,4.000000
2,multi_greedy,8,1,21,1,1,4,0.000000,83.666700,0.478087,21,0.314149,25,0,1,0,0.314149,0.520262,0.206113,0.206113,0.314149,0.000000,8,0,1,0,28,21,31,96.000000,83.666700,62.500000,0.416667,0.478087,0.640000,-0.000708,0.000153,-0.005517,0.000000,8,8,0,fixed,8,8,0,0,3.000000,4.000000
2,multi_greedy,8,1,22,2,2,2,0.652401,62.500000,0.081550,31,0.314149,25,0,0,1,0.314149,0.520262,0.206113,0.206113,0.314149,0.000000,8,0,1,0,28,21,31,96.000000,83.666700,62.500000,0.639139,0.747875,0.081325,0.020044,0.020910,0.000153,0.020910,8,8,0,fixed,8,8,0,0,3.000000,4.000000
2,multi_greedy,8,1,23,2,2,2,0.643692,62.500000,0.080462,31,0.314149,25,0,2,0,0.314149,0.520262,0.206113,0.206113,0.314149,0.000000,8,0,1,0,28,21,31,96.000000,83.666700,62.500000,0.639139,0.747875,0.081416,0.020025,0.020891,0.000153,0.020891,8,8,0,fixed,8,8,0,0,3.000000,4.000000
2,multi_greedy,8,1,24,2,2,4,0.000000,62.500000,0.640000,31,0.314149,25,0,2,0,0.314149,0.520262,0.206113,0.206113,0.314149,0.000000,8,0,1,-1,28,21,31,96.000000,83.666700,62.500000,0.416667,0.478087,0.640000,0.005142,0.006036,0.000153,0.006036,8,8,0,fixed,8,8,0,0,3.000000,4.000000
2,multi_greedy,8,1,25,2,2,1,1.248424,62.500000,0.416141,31,0.314149,25,0,2,0,0.314149,0.520262,0.206113,0.206113,0.314149,0.000000,8,0,1,0,28,21,31,96.000000,83.666700,62.500000,1.129655,1.116247,0.535815,0.007398,0.007891,0.000153,0.007891,8,8,0,fixed,8,8,0,0,3.000000,4.000000
2,multi_greedy,8,1,26,2,2,2,0.652395,62.500000,0.081549,31,0.314149,25,0,0,1,0.314149,0.520262,0.206113,0.206113,0.314149,0.000000,8,0,1,0,28,21,31,96.000000,83.666700,62.500000,0.639139,0.747875,0.081325,0.020044,0.020910,0.000153,0.020910,8,8,0,fixed,8,8,0,0,3.000000,4.000000
2,multi_greedy,8,1,27,2,2,1,1.550936,62.500000,0.516979,31,0.314149,25,0,2,0,0.314149,0.520262,0.206113,0.206113,0.314149,0.000000,8,0,1,-1,28,21,31,96.000000,83.666700,62.500000,1.129655,1.116247,0.519009,0.007474,0.007967,0.000153,0.007967,8,8,0,fixed,8,8,0,0,3.000000,4.000000
2,multi_greedy,8,1,28,1,1,4,0.000000,83.666700,0.478087,21,0.314149,25,0,1,0,0.314149,0.520262,0.206113,0.206113,0.314149,0.000000,8,0,1,0,28,21,31,96.000000,83.666700,62.500000,0.416667,0.478087,0.640000,-0.000708,0.000153,-0.005517,0.000000,8,8,0,fixed,8,8,0,0,3.000000,4.000000
2,multi_greedy,8,1,29,2,2,2,0.652415,62.500000,0.081552,31,0.314149,25,0,1,1,0.314149,0.520262,0.206113,0.206113,0.314149,0.000000,8,0,1,0,28,21,31,96.000000,83.666700,62.500000,0.639139,0.747875,0.081325,0.020044,0.020910,0.000153,0.020910,8,8,0,fixed,8,8,0,0,3.000000,4.000000
2,multi_greedy,8,1,30,1,1,3,0.000000,83.666700,1.195219,21,0.314149,25,0,1,0,0.314149,0.520262,0.206113,0.206113,0.314149,0.000000,8,0,1,-1,28,21,31,96.000000,83.666700,62.500000,1.041667,1.195219,1.600000,-0.000481,0.000153,-0.005895,0.000000,8,8,0,fixed,8,8,0,0,3.000000,4.000000
2,multi_greedy,8,1,31,2,2,3,0.000000,62.500000,1.600000,31,0.314149,25,0,2,0,0.314149,0.520262,0.206113,0.206113,0.314149,0.000000,8,0,1,1,28,21,31,96.000000,83.666700,62.500000,1.041667,1.195219,1.600000,0.005783,0.006443,0.000153,0.006443,8,8,0,fixed,8,8,0,0,3.000000,4.000000
2,multi_greedy,8,1,32,1,1,3,0.000000,83.666700,1.195219,21,0.314149,25,0,1,0,0.314149,0.520262,0.206113,0.206113,0.314149,0.000000,8,0,1,-1,28,21,31,96.000000,83.666700,62.500000,1.041667,1.195219,1.600000,-0.000481,0.000153,-0.005895,0.000000,8,8,0,fixed,8,8,0,0,3.000000,4.000000
2,multi_greedy,8,1,33,2,2,1,1.612027,62.500000,0.537342,31,0.314149,25,0,2,0,0.314149,0.520262,0.206113,0.206113,0.314149,0.000000,8,0,1,-1,28,21,31,96.000000,83.666700,62.500000,1.129655,1.116247,0.515615,0.007490,0.007983,0.000153,0.007983,8,8,0,fixed,8,8,0,0,3.000000,4.000000
2,multi_greedy,8,1,34,0,0,3,0.000000,96.000000,1.041667,28,0.314149,25,0,0,0,0.314149,0.520262,0.206113,0.206113,0.314149,0.000000,8,0,1,1,28,21,31,96.000000,83.666700,62.500000,1.041667,1.195219,1.600000,0.000153,0.000790,-0.005282,0.000790,8,8,0,fixed,8,8,0,0,3.000000,4.000000
2,multi_greedy,8,1,35,1,1,2,6.272101,83.666700,0.784013,21,0.314149,25,0,1,0,0.314149,0.520262,0.206113,0.206113,0.314149,0.000000,8,0,1,-1,28,21,31,96.000000,83.666700,62.500000,0.639139,0.783357,0.078800,-0.000758,0.000153,-0.019177,0.000000,8,8,0,fixed,8,8,0,0,3.000000,4.000000
2,multi_greedy,8,1,36,0,0,2,5.298290,96.000000,0.662286,28,0.314149,25,0,0,0,0.314149,0.520262,0.206113,0.206113,0.314149,0.000000,8,0,1,-1,28,21,31,96.000000,83.666700,62.500000,0.661933,0.747875,0.078800,0.000153,0.000785,-0.018488,0.000785,8,8,0,fixed,8,8,0,0,3.000000,4.000000
2,multi_greedy,8,1,37,0,0,4,0.000000,96.000000,0.416667,28,0.314149,25,0,0,0,0.314149,0.520262,0.206113,0.206113,0.314149,0.000000,8,0,1,0,28,21,31,96.000000,83.666700,62.500000,0.416667,0.478087,0.640000,0.000153,0.001020,-0.004682,0.001020,8,8,0,fixed,8,8,0,0,3.000000,4.000000
2,multi_greedy,8,1,38,1,1,2,6.266565,83.666700,0.783321,21,0.314149,25,0,1,0,0.314149,0.520262,0.206113,0.206113,0.314149,0.000000,8,0,1,-1,28,21,31,96.000000,83.666700,62.500000,0.639139,0.783530,0.078800,-0.000758,0.000153,-0.019177,0.000000,8,8,0,fixed,8,8,0,0,3.000000,4.000000
2,multi_greedy,8,1,39,0,0,4,0.000000,96.000000,0.416667,28,0.314149,25,0,0,0,0.314149,0.520262,0.206113,0.206113,0.314149,0.000000,8,0,1,0,28,21,31,96.000000,83.666700,62.500000,0.416667,0.478087,0.640000,0.000153,0.001020,-0.004682,0.001020,8,8,0,fixed,8,8,0,0,3.000000,4.000000
2,multi_greedy,8,1,40,0,0,1,3.510284,96.000000,1.170095,28,0.314149,25,0,0,0,0.314149,0.520262,0.206113,0.206113,0.314149,0.000000,8,0,1,1,28,21,31,96.000000,83.666700,62.500000,1.169980,1.116247,0.502509,0.000153,0.000548,-0.007061,0.000548,8,8,0,fixed,8,8,0,0,3.000000,4.000000
2,multi_greedy,8,1,41,1,1,2,6.267671,83.666700,0.783459,21,0.314149,25,0,1,0,0.314149,0.520262,0.206113,0.206113,0.314149,0.000000,8,0,1,-1,28,21,31,96.000000,83.666700,62.500000,0.639139,0.783495,0.078800,-0.000758,0.000153,-0.019177,0.000000,8,8,0,fixed,8,8,0,0,3.000000,4.000000
2,multi_greedy,8,1,42,2,2,4,0.000000,62.500000,0.640000,31,0.314149,25,0,2,0,0.314149,0.520262,0.206113,0.206113,0.314149,0.000000,8,0,1,-1,28,21,31,96.000000,83.666700,62.500000,0.416667,0.478087,0.640000,0.005142,0.006036,0.000153,0.006036,8,8,0,fixed,8,8,0,0,3.000000,4.000000
2,multi_greedy,8,1,43,2,2,1,1.623634,62.500000,0.541211,31,0.314149,25,0,2,0,0.314149,0.520262,0.206113,0.206113,0.314149,0.000000,8,0,1,-1,28,21,31,96.000000,83.666700,62.500000,1.129655,1.116247,0.514970,0.007493,0.007986,0.000153,0.007986,8,8,0,fixed,8,8,0,0,3.000000,4.000000
2,multi_greedy,8,1,44,0,0,4,0.000000,96.000000,0.416667,28,0.314149,25,0,0,0,0.314149,0.520262,0.206113,0.206113,0.314149,0.000000,8,0,1,0,28,21,31,96.000000,83.666700,62.500000,0.416667,0.478087,0.640000,0.000153,0.001020,-0.004682,0.001020,8,8,0,fixed,8,8,0,0,3.000000,4.000000
2,multi_greedy,8,1,45,2,2,2,0.652443,62.500000,0.081555,31,0.314149,25,0,1,1,0.314149,0.520262,0.206113,0.206113,0.314149,0.000000,8,0,1,0,28,21,31,96.000000,83.666700,62.500000,0.639139,0.747875,0.081324,0.020044,0.020910,0.000153,0.020910,8,8,0,fixed,8,8,0,0,3.000000,4.000000
2,multi_greedy,8,1,46,2,2,1,1.663954,62.500000,0.554651,31,0.314149,25,0,2,0,0.314149,0.520262,0.206113,0.206113,0.314149,0.000000,8,0,1,-1,28,21,31,96.000000,83.666700,62.500000,1.129655,1.116247,0.512730,0.007504,0.007997,0.000153,0.007997,8,8,0,fixed,8,8,0,0,3.000000,4.000000
2,multi_greedy,8,1,47,1,1,3,0.000000,83.666700,1.195219,21,0.314149,25,0,1,0,0.314149,0.520262,0.206113,0.206113,0.314149,0.000000,8,0,1,-1,28,21,31,96.000000,83.666700,62.500000,1.041667,1.195219,1.600000,-0.000481,0.000153,-0.005895,0.000000,8,8,0,fixed,8,8,0,0,3.000000,4.000000
2,multi_greedy,8,1,48,1,1,4,0.000000,83.666700,0.478087,21,0.314149,25,0,1,0,0.314149,0.520262,0.206113,0.206113,0.314149,0.000000,8,0,1,0,28,21,31,96.000000,83.666700,62.500000,0.416667,0.478087,0.640000,-0.000708,0.000153,-0.005517,0.000000,8,8,0,fixed,8,8,0,0,3.000000,4.000000
2,multi_greedy,8,1,49,0,0,2,5.298278,96.000000,0.662285,28,0.314149,25,0,0,0,0.314149,0.520262,0.206113,0.206113,0.314149,0.000000,8,0,1,-1,28,21,31,96.000000,83.666700,62.500000,0.661933,0.747875,0.078800,0.000153,0.000785,-0.018488,0.000785,8,8,0,fixed,8,8,0,0,3.000000,4.000000
2,multi_greedy,8,1,50,1,1,3,0.000000,83.666700,1.195219,21,0.314149,25,0,1,0,0.314149,0.520262,0.206113,0.206113,0.314149,0.000000,8,0,1,-1,28,21,31,96.000000,83.666700,62.500000,1.041667,1.195219,1.600000,-0.000481,0.000153,-0.005895,0.000000,8,8,0,fixed,8,8,0,0,3.000000,4.000000
2,multi_greedy,8,1,51,0,0,1,3.508954,96.000000,1.169651,28,0.314149,25,0,0,0,0.314149,0.520262,0.206113,0.206113,0.314149,0.000000,8,0,1,1,28,21,31,96.000000,83.666700,62.500000,1.170069,1.116247,0.502509,0.000153,0.000548,-0.007062,0.000548,8,8,0,fixed,8,8,0,0,3.000000,4.000000
2,multi_greedy,8,1,52,2,2,2,0.652437,62.500000,0.081555,31,0.314149,25,0,1,1,0.314149,0.520262,0.206113,0.206113,0.314149,0.000000,8,0,1,0,28,21,31,96.000000,83.666700,62.500000,0.639139,0.747875,0.081324,0.020044,0.020910,0.000153,0.020910,8,8,0,fixed,8,8,0,0,3.000000,4.000000
2,multi_greedy,8,1,53,0,0,3,0.000000,96.000000,1.041667,28,0.314149,25,0,0,0,0.314149,0.520262,0.206113,0.206113,0.314149,0.000000,8,0,1,1,28,21,31,96.000000,83.666700,62.500000,1.041667,1.195219,1.600000,0.000153,0.000790,-0.005282,0.000790,8,8,0,fixed,8,8,0,0,3.000000,4.000000
2,multi_greedy,8,1,54,2,2,3,0.000000,62.500000,1.600000,31,0.314149,25,0,2,0,0.314149,0.520262,0.206113,0.206113,0.314149,0.000000,8,0,1,1,28,21,31,96.000000,83.666700,62.500000,1.041667,1.195219,1.600000,0.005783,0.006443,0.000153,0.006443,8,8,0,fixed,8,8,0,0,3.000000,4.000000
2,multi_greedy,8,1,55,0,0,3,0.000000,96.000000,1.041667,28,0.314149,25,0,0,0,0.314149,0.520262,0.206113,0.206113,0.314149,0.000000,8,0,1,1,28,21,31,96.000000,83.666700,62.500000,1.041667,1.195219,1.600000,0.000153,0.000790,-0.005282,0.000790,8,8,0,fixed,8,8,0,0,3.000000,4.000000
2,multi_greedy,8,1,56,0,0,3,0.000000,96.000000,1.041667,28,0.314149,25,0,0,0,0.314149,0.520262,0.206113,0.206113,0.314149,0.000000,8,0,1,1,28,21,31,96.000000,83.666700,62.500000,1.041667,1.195219,1.600000,0.000153,0.000790,-0.005282,0.000790,8,8,0,fixed,8,8,0,0,3.000000,4.000000
2,multi_greedy,8,1,57,1,1,2,6.261137,83.666700,0.782642,21,0.314149,25,0,1,0,0.314149,0.520262,0.206113,0.206113,0.314149,0.000000,8,0,1,-1,28,21,31,96.000000,83.666700,62.500000,0.639139,0.783699,0.078800,-0.000759,0.000153,-0.019177,0.000000,8,8,0,fixed,8,8,0,0,3.000000,4.000000
2,multi_greedy,8,1,58,0,0,1,3.510234,96.000000,1.170078,28,0.314149,25,0,0,0,0.314149,0.520262,0.206113,0.206113,0.314149,0.000000,8,0,1,1,28,21,31,96.000000,83.666700,62.500000,1.169984,1.116247,0.502509,0.000153,0.000548,-0.007062,0.000548,8,8,0,fixed,8,8,0,0,3.000000,4.000000
2,multi_greedy,8,1,59,2,2,2,0.641513,62.500000,0.080189,31,0.314149,25,1,2,0,0.314149,0.520262,0.206113,0.206113,0.314149,0.000000,8,0,1,0,28,21,31,96.000000,83.666700,62.500000,0.639139,0.747875,0.081438,0.020021,0.020887,0.000153,0.020887,8,8,0,fixed,8,8,0,0,3.000000,4.000000
2,multi_greedy,8,1,60,0,0,2,5.297231,96.000000,0.662154,28,0.314149,25,0,0,0,0.314149,0.520262,0.206113,0.206113,0.314149,0.000000,8,0,1,-1,28,21,31,96.000000,83.666700,62.500000,0.661946,0.747875,0.078800,0.000153,0.000785,-0.018488,0.000785,8,8,0,fixed,8,8,0,0,3.000000,4.000000
2,multi_greedy,8,1,61,0,0,4,0.000000,96.000000,0.416667,28,0.314149,25,0,0,0,0.314149,0.520262,0.206113,0.206113,0.314149,0.000000,8,0,1,0,28,21,31,96.000000,83.666700,62.500000,0.416667,0.478087,0.640000,0.000153,0.001020,-0.004682,0.001020,8,8,0,fixed,8,8,0,0,3.000000,4.000000
2,multi_greedy,8,1,62,0,0,2,5.297202,96.000000,0.662150,28,0.314149,25,0,0,0,0.314149,0.520262,0.206113,0.206113,0.314149,0.000000,8,0,1,-1,28,21,31,96.000000,83.666700,62.500000,0.661947,0.747875,0.078800,0.000153,0.000785,-0.018488,0.000785,8,8,0,fixed,8,8,0,0,3.000000,4.000000
2,multi_greedy,8,1,63,0,0,4,0.000000,96.000000,0.416667,28,0.314149,25,0,0,0,0.314149,0.520262,0.206113,0.206113,0.314149,0.000000,8,0,1,0,28,21,31,96.000000,83.666700,62.500000,0.416667,0.478087,0.640000,0.000153,0.001020,-0.004682,0.001020,8,8,0,fixed,8,8,0,0,3.000000,4.000000
2,multi_greedy,8,1,64,2,2,4,0.000000,62.500000,0.640000,31,0.314149,25,0,2,0,0.314149,0.520262,0.206113,0.206113,0.314149,0.000000,8,0,1,-1,28,21,31,96.000000,83.666700,62.500000,0.416667,0.478087,0.640000,0.005142,0.006036,0.000153,0.006036,8,8,0,fixed,8,8,0,0,3.000000,4.000000
2,multi_greedy,8,1,65,0,0,1,3.510662,96.000000,1.170221,28,0.314149,25,0,0,0,0.314149,0.520262,0.206113,0.206113,0.314149,0.000000,8,0,1,1,28,21,31,96.000000,83.666700,62.500000,1.169955,1.116247,0.502509,0.000153,0.000548,-0.007061,0.000548,8,8,0,fixed,8,8,0,0,3.000000,4.000000
2,multi_greedy,8,1,66,1,1,4,0.000000,83.666700,0.478087,21,0.314149,25,0,1,0,0.314149,0.520262,0.206113,0.206113,0.314149,0.000000,8,0,1,0,28,21,31,96.000000,83.666700,62.500000,0.416667,0.478087,0.640000,-0.000708,0.000153,-0.005517,0.000000,8,8,0,fixed,8,8,0,0,3.000000,4.000000
2,multi_greedy,8,1,67,2,2,3,0.000000,62.500000,1.600000,31,0.314149,25,0,2,0,0.314149,0.520262,0.206113,0.206113,0.314149,0.000000,8,0,1,1,28,21,31,96.000000,83.666700,62.500000,1.041667,1.195219,1.600000,0.005783,0.006443,0.000153,0.006443,8,8,0,fixed,8,8,0,0,3.000000,4.000000
2,multi_greedy,8,1,68,1,1,1,3.507931,83.666700,1.169310,21,0.314149,25,0,1,0,0.314149,0.520262,0.206113,0.206113,0.314149,0.000000,8,0,1,-1,28,21,31,96.000000,83.666700,62.500000,1.129655,1.169492,0.502509,-0.000416,0.000153,-0.007534,0.000000,8,8,0,fixed,8,8,0,0,3.000000,4.000000
2,multi_greedy,8,1,69,1,1,4,0.000000,83.666700,0.478087,21,0.314149,25,0,1,0,0.314149,0.520262,0.206113,0.206113,0.314149,0.000000,8,0,1,0,28,21,31,96.000000,83.666700,62.500000,0.416667,0.478087,0.640000,-0.000708,0.000153,-0.005517,0.000000,8,8,0,fixed,8,8,0,0,3.000000,4.000000
2,multi_greedy,8,1,70,2,2,2,0.651321,62.500000,0.081415,31,0.314149,25,0,2,0,0.314149,0.520262,0.206113,0.206113,0.314149,0.000000,8,0,1,0,28,21,31,96.000000,83.666700,62.500000,0.639139,0.747875,0.081336,0.020042,0.020908,0.000153,0.020908,8,8,0,fixed,8,8,0,0,3.000000,4.000000
2,multi_greedy,8,1,71,1,1,2,6.272043,83.666700,0.784005,21,0.314149,25,0,1,0,0.314149,0.520262,0.206113,0.206113,0.314149,0.000000,8,0,1,-1,28,21,31,96.000000,83.666700,62.500000,0.639139,0.783359,0.078800,-0.000758,0.000153,-0.019177,0.000000,8,8,0,fixed,8,8,0,0,3.000000,4.000000
2,multi_greedy,8,1,72,2,2,1,1.591256,62.500000,0.530419,31,0.314149,25,0,2,0,0.314149,0.520262,0.206113,0.206113,0.314149,0.000000,8,0,1,-1,28,21,31,96.000000,83.666700,62.500000,1.129655,1.116247,0.516769,0.007484,0.007977,0.000153,0.007977,8,8,0,fixed,8,8,0,0,3.000000,4.000000
2,multi_greedy,8,1,73,1,1,1,3.508476,83.666700,1.169492,21,0.314149,25,0,1,0,0.314149,0.520262,0.206113,0.206113,0.314149,0.000000,8,0,1,-1,28,21,31,96.000000,83.666700,62.500000,1.129655,1.169310,0.502509,-0.000416,0.000153,-0.007533,0.000000,8,8,0,fixed,8,8,0,0,3.000000,4.000000
2,multi_greedy,8,1,74,2,2,2,0.651304,62.500000,0.081413,31,0.314149,25,0,2,0,0.314149,0.520262,0.206113,0.206113,0.314149,0.000000,8,0,1,0,28,21,31,96.000000,83.666700,62.500000,0.639139,0.747875,0.081336,0.020042,0.020908,0.000153,0.020908,8,8,0,fixed,8,8,0,0,3.000000,4.000000
2,multi_greedy,8,1,75,0,0,3,0.000000,96.000000,1.041667,28,0.314149,25,0,0,0,0.314149,0.520262,0.206113,0.206113,0.314149,0.000000,8,0,1,1,28,21,31,96.000000,83.666700,62.500000,1.041667,1.195219,1.600000,0.000153,0.000790,-0.005282,0.000790,8,8,0,fixed,8,8,0,0,3.000000,4.000000
2,multi_greedy,8,1,76,0,0,2,5.298260,96.000000,0.662282,28,0.314149,25,0,0,0,0.314149,0.520262,0.206113,0.206113,0.314149,0.000000,8,0,1,-1,28,21,31,96.000000,83.666700,62.500000,0.661934,0.747875,0.078800,0.000153,0.000785,-0.018488,0.000785,8,8,0,fixed,8,8,0,0,3.000000,4.000000
2,multi_greedy,8,1,77,0,0,2,5.298349,96.000000,0.662294,28,0.314149,25,0,0,0,0.314149,0.520262,0.206113,0.206113,0.314149,0.000000,8,0,1,-1,28,21,31,96.000000,83.666700,62.500000,0.661932,0.747875,0.078800,0.000153,0.000785,-0.018488,0.000785,8,8,0,fixed,8,8,0,0,3.000000,4.000000
2,multi_greedy,8,1,78,2,2,4,0.000000,62.500000,0.640000,31,0.314149,25,0,2,0,0.314149,0.520262,0.206113,0.206113,0.314149,0.000000,8,0,1,-1,28,21,31,96.000000,83.666700,62.500000,0.416667,0.478087,0.640000,0.005142,0.006036,0.000153,0.006036,8,8,0,fixed,8,8,0,0,3.000000,4.000000
2,multi_greedy,8,1,79,2,2,2,0.652384,62.500000,0.081548,31,0.314149,25,0,2,0,0.314149,0.520262,0.206113,0.206113,0.314149,0.000000,8,0,1,0,28,21,31,96.000000,83.666700,62.500000,0.639139,0.747875,0.081325,0.020044,0.020910,0.000153,0.020910,8,8,0,fixed,8,8,0,0,3.000000,4.000000
2,multi_greedy,8,1,80,1,1,3,0.000000,83.666700,1.195219,21,0.314149,25,0,1,0,0.314149,0.520262,0.206113,0.206113,0.314149,0.000000,8,0,1,-1,28,21,31,96.000000,83.666700,62.500000,1.041667,1.195219,1.600000,-0.000481,0.000153,-0.005895,0.000000,8,8,0,fixed,8,8,0,0,3.000000,4.000000
2,multi_greedy,8,2,1,1,1,3,0.000000,89.333300,1.119403,27,0.373410,27,0,1,0,0.373410,0.629684,0.256273,0.256273,0.373410,0.059261,8,54,1,1,30,27,23,96.833300,89.333300,55.333300,1.032703,1.119403,1.807230,0.000395,0.000117,-0.004984,0.000395,8,8,0,fixed,8,8,0,0,3.000000,4.000000
2,multi_greedy,8,2,2,0,0,1,3.506236,96.833300,1.168745,30,0.373410,27,0,0,0,0.373410,0.629684,0.256273,0.256273,0.373410,0.059261,8,54,1,1,30,27,23,96.833300,89.333300,55.333300,1.110958,1.126614,0.787415,0.000117,-0.000321,-0.006630,0.000000,8,8,0,fixed,8,8,0,0,3.000000,4.000000
2,multi_greedy,8,2,3,2,2,4,0.000000,55.333300,0.722892,23,0.373410,27,0,2,0,0.373410,0.629684,0.256273,0.256273,0.373410,0.059261,8,54,1,-1,30,27,23,96.833300,89.333300,55.333300,0.413081,0.447761,0.722892,0.004533,0.004450,0.000117,0.004533,8,8,0,fixed,8,8,0,0,3.000000,4.000000
2,multi_greedy,8,2,4,2,2,1,2.497733,55.333300,0.832578,23,0.373410,27,0,2,0,0.373410,0.629684,0.256273,0.256273,0.373410,0.059261,8,54,1,-1,30,27,23,96.833300,89.333300,55.333300,1.084441,1.126614,0.819829,0.006837,0.006476,0.000117,0.006837,8,8,0,fixed,8,8,0,0,3.000000,4.000000
2,multi_greedy,8,2,5,2,2,4,0.000000,55.333300,0.722892,23,0.373410,27,0,2,0,0.373410,0.629684,0.256273,0.256273,0.373410,0.059261,8,54,1,-1,30,27,23,96.833300,89.333300,55.333300,0.413081,0.447761,0.722892,0.004533,0.004450,0.000117,0.004533,8,8,0,fixed,8,8,0,0,3.000000,4.000000
2,multi_greedy,8,2,6,1,1,4,0.000000,89.333300,0.447761,27,0.373410,27,0,1,0,0.373410,0.629684,0.256273,0.256273,0.373410,0.059261,8,54,1,0,30,27,23,96.833300,89.333300,55.333300,0.413081,0.447761,0.722892,0.000199,0.000117,-0.004117,0.000199,8,8,0,fixed,8,8,0,0,3.000000,4.000000
2,multi_greedy,8,2,7,0,0,2,4.485221,96.833300,0.560653,30,0.373410,27,0,0,0,0.373410,0.629684,0.256273,0.256273,0.373410,0.059261,8,54,1,-1,30,27,23,96.833300,89.333300,55.333300,0.569325,0.353510,0.050688,0.000117,-0.002248,-0.034060,0.000000,8,8,0,fixed,8,8,0,0,3.000000,4.000000
2,multi_greedy,8,2,8,0,0,2,4.545348,96.833300,0.568168,30,0.373410,27,0,0,0,0.373410,0.629684,0.256273,0.256273,0.373410,0.059261,8,54,1,-1,30,27,23,96.833300,89.333300,55.333300,0.568699,0.353510,0.050688,0.000117,-0.002245,-0.034058,0.000000,8,8,0,fixed,8,8,0,0,3.000000,4.000000
2,multi_greedy,8,2,9,1,1,2,2.932202,89.333300,0.366525,27,0.373410,27,0,1,0,0.373410,0.629684,0.256273,0.256273,0.373410,0.059261,8,54,1,0,30,27,23,96.833300,89.333300,55.333300,0.550314,0.366611,0.050688,0.001946,0.000117,-0.032378,0.001946,8,8,0,fixed,8,8,0,0,3.000000,4.000000
2,multi_greedy,8,2,10,0,0,2,4.555076,96.833300,0.569385,30,0.373410,27,0,0,0,0.373410,0.629684,0.256273,0.256273,0.373410,0.059261,8,54,1,-1,30,27,23,96.833300,89.333300,55.333300,0.568597,0.353510,0.050688,0.000117,-0.002244,-0.034057,0.000000,8,8,0,fixed,8,8,0,0,3.000000,4.000000
2,multi_greedy,8,2,11,1,1,3,0.000000,89.333300,1.119403,27,0.373410,27,0,1,0,0.373410,0.629684,0.256273,0.256273,0.373410,0.059261,8,54,1,1,30,27,23,96.833300,89.333300,55.333300,1.032703,1.119403,1.807230,0.000395,0.000117,-0.004984,0.000395,8,8,0,fixed,8,8,0,0,3.000000,4.000000
2,multi_greedy,8,2,12,0,0,2,4.555052,96.833300,0.569382,30,0.373410,27,0,0,0,0.373410,0.629684,0.256273,0.256273,0.373410,0.059261,8,54,1,-1,30,27,23,96.833300,89.333300,55.333300,0.568597,0.353510,0.050688,0.000117,-0.002244,-0.034057,0.000000,8,8,0,fixed,8,8,0,0,3.000000,4.000000
2,multi_greedy,8,2,13,1,1,3,0.000000,89.333300,1.119403,27,0.373410,27,0,1,0,0.373410,0.629684,0.256273,0.256273,0.373410,0.059261,8,54,1,1,30,27,23,96.833300,89.333300,55.333300,1.032703,1.119403,1.807230,0.000395,0.000117,-0.004984,0.000395,8,8,0,fixed,8,8,0,0,3.000000,4.000000
2,multi_greedy,8,2,14,2,2,4,0.000000,55.333300,0.722892,23,0.373410,27,0,2,0,0.373410,0.629684,0.256273,0.256273,0.373410,0.059261,8,54,1,-1,30,27,23,96.833300,89.333300,55.333300,0.413081,0.447761,0.722892,0.004533,0.004450,0.000117,0.004533,8,8,0,fixed,8,8,0,0,3.000000,4.000000
2,multi_greedy,8,2,15,0,0,2,4.555105,96.833300,0.569388,30,0.373410,27,0,0,0,0.373410,0.629684,0.256273,0.256273,0.373410,0.059261,8,54,1,-1,30,27,23,96.833300,89.333300,55.333300,0.568597,0.353510,0.050688,0.000117,-0.002244,-0.034057,0.000000,8,8,0,fixed,8,8,0,0,3.000000,4.000000
2,multi_greedy,8,2,16,1,1,2,2.933401,89.333300,0.366675,27,0.373410,27,0,1,0,0.373410,0.629684,0.256273,0.256273,0.373410,0.059261,8,54,1,0,30,27,23,96.833300,89.333300,55.333300,0.550314,0.366596,0.050688,0.001947,0.000117,-0.032378,0.001947,8,8,0,fixed,8,8,0,0,3.000000,4.000000
2,multi_greedy,8,2,17,1,1,2,2.933389,89.333300,0.366674,27,0.373410,27,0,1,0,0.373410,0.629684,0.256273,0.256273,0.373410,0.059261,8,54,1,0,30,27,23,96.833300,89.333300,55.333300,0.550314,0.366596,0.050688,0.001947,0.000117,-0.032378,0.001947,8,8,0,fixed,8,8,0,0,3.000000,4.000000
2,multi_greedy,8,2,18,2,2,4,0.000000,55.333300,0.722892,23,0.373410,27,0,2,0,0.373410,0.629684,0.256273,0.256273,0.373410,0.059261,8,54,1,-1,30,27,23,96.833300,89.333300,55.333300,0.413081,0.447761,0.722892,0.004533,0.004450,0.000117,0.004533,8,8,0,fixed,8,8,0,0,3.000000,4.000000
2,multi_greedy,8,2,19,0,0,3,0.000000,96.833300,1.032703,30,0.373410,27,0,0,0,0.373410,0.629684,0.256273,0.256273,0.373410,0.059261,8,54,1,1,30,27,23,96.833300,89.333300,55.333300,1.032703,1.119403,1.807230,0.000117,-0.000160,-0.005254,0.000000,8,8,0,fixed,8,8,0,0,3.000000,4.000000
2,multi_greedy,8,2,20,0,0,1,3.506955,96.833300,1.168985,30,0.373410,27,0,0,0,0.373410,0.629684,0.256273,0.256273,0.373410,0.059261,8,54,1,1,30,27,23,96.833300,89.333300,55.333300,1.110910,1.126614,0.787415,0.000117,-0.000321,-0.006630,0.000000,8,8,0,fixed,8,8,0,0,3.000000,4.000000
2,multi_greedy,8,2,21,1,1,4,0.000000,89.333300,0.447761,27,0.373410,27,0,1,0,0.373410,0.629684,0.256273,0.256273,0.373410,0.059261,8,54,1,0,30,27,23,96.833300,89.333300,55.333300,0.413081,0.447761,0.722892,0.000199,0.000117,-0.004117,0.000199,8,8,0,fixed,8,8,0,0,3.000000,4.000000
2,multi_greedy,8,2,22,0,0,2,4.556235,96.833300,0.569529,30,0.373410,27,0,0,0,0.373410,0.629684,0.256273,0.256273,0.373410,0.059261,8,54,1,-1,30,27,23,96.833300,89.333300,55.333300,0.568585,0.353510,0.050688,0.000117,-0.002244,-0.034057,0.000000,8,8,0,fixed,8,8,0,0,3.000000,4.000000
2,multi_greedy,8,2,23,2,2,2,0.424056,55.333300,0.053007,23,0.373410,27,0,0,1,0.373410,0.629684,0.256273,0.256273,0.373410,0.059261,8,54,1,0,30,27,23,96.833300,89.333300,55.333300,0.550314,0.353510,0.052863,0.038203,0.035582,0.000117,0.038203,8,8,0,fixed,8,8,0,0,3.000000,4.000000
2,multi_greedy,8,2,24,2,2,4,0.000000,55.333300,0.722892,23,0.373410,27,0,2,0,0.373410,0.629684,0.256273,0.256273,0.373410,0.059261,8,54,1,-1,30,27,23,96.833300,89.333300,55.333300,0.413081,0.447761,0.722892,0.004533,0.004450,0.000117,0.004533,8,8,0,fixed,8,8,0,0,3.000000,4.000000
2,multi_greedy,8,2,25,2,2,1,2.478944,55.333300,0.826315,23,0.373410,27,0,2,0,0.373410,0.629684,0.256273,0.256273,0.373410,0.059261,8,54,1,-1,30,27,23,96.833300,89.333300,55.333300,1.084441,1.126614,0.820873,0.006834,0.006473,0.000117,0.006834,8,8,0,fixed,8,8,0,0,3.000000,4.000000
2,multi_greedy,8,2,26,0,0,2,4.556222,96.833300,0.569528,30,0.373410,27,0,0,0,0.373410,0.629684,0.256273,0.256273,0.373410,0.059261,8,54,1,-1,30,27,23,96.833300,89.333300,55.333300,0.568585,0.353510,0.050688,0.000117,-0.002244,-0.034057,0.000000,8,8,0,fixed,8,8,0,0,3.000000,4.000000
2,multi_greedy,8,2,27,2,2,1,2.541145,55.333300,0.847048,23,0.373410,27,0,2,0,0.373410,0.629684,0.256273,0.256273,0.373410,0.059261,8,54,1,-1,30,27,23,96.833300,89.333300,55.333300,1.084441,1.126614,0.817417,0.006843,0.006482,0.000117,0.006843,8,8,0,fixed,8,8,0,0,3.000000,4.000000
2,multi_greedy,8,2,28,1,1,4,0.000000,89.333300,0.447761,27,0.373410,27,0,1,0,0.373410,0.629684,0.256273,0.256273,0.373410,0.059261,8,54,1,0,30,27,23,96.833300,89.333300,55.333300,0.413081,0.447761,0.722892,0.000199,0.000117,-0.004117,0.000199,8,8,0,fixed,8,8,0,0,3.000000,4.000000
2,multi_greedy,8,2,29,1,1,2,2.934405,89.333300,0.366801,27,0.373410,27,0,1,0,0.373410,0.629684,0.256273,0.256273,0.373410,0.059261,8,54,1,0,30,27,23,96.833300,89.333300,55.333300,0.550314,0.366583,0.050688,0.001947,0.000117,-0.032378,0.001947,8,8,0,fixed,8,8,0,0,3.000000,4.000000
2,multi_greedy,8,2,30,1,1,3,0.000000,89.333300,1.119403,27,0.373410,27,0,1,0,0.373410,0.629684,0.256273,0.256273,0.373410,0.059261,8,54,1,1,30,27,23,96.833300,89.333300,55.333300,1.032703,1.119403,1.807230,0.000395,0.000117,-0.004984,0.000395,8,8,0,fixed,8,8,0,0,3.000000,4.000000
2,multi_greedy,8,2,31,2,2,3,0.000000,55.333300,1.807230,23,0.373410,27,0,2,0,0.373410,0.629684,0.256273,0.256273,0.373410,0.059261,8,54,1,-1,30,27,23,96.833300,89.333300,55.333300,1.032703,1.119403,1.807230,0.005648,0.005363,0.000117,0.005648,8,8,0,fixed,8,8,0,0,3.000000,4.000000
2,multi_greedy,8,2,32,1,1,3,0.000000,89.333300,1.119403,27,0.373410,27,0,1,0,0.373410,0.629684,0.256273,0.256273,0.373410,0.059261,8,54,1,1,30,27,23,96.833300,89.333300,55.333300,1.032703,1.119403,1.807230,0.000395,0.000117,-0.004984,0.000395,8,8,0,fixed,8,8,0,0,3.000000,4.000000
2,multi_greedy,8,2,33,2,2,1,2.497733,55.333300,0.832578,23,0.373410,27,0,2,0,0.373410,0.629684,0.256273,0.256273,0.373410,0.059261,8,54,1,-1,30,27,23,96.833300,89.333300,55.333300,1.084441,1.126614,0.819829,0.006837,0.006476,0.000117,0.006837,8,8,0,fixed,8,8,0,0,3.000000,4.000000
2,multi_greedy,8,2,34,0,0,3,0.000000,96.833300,1.032703,30,0.373410,27,0,0,0,0.373410,0.629684,0.256273,0.256273,0.373410,0.059261,8,54,1,1,30,27,23,96.833300,89.333300,55.333300,1.032703,1.119403,1.807230,0.000117,-0.000160,-0.005254,0.000000,8,8,0,fixed,8,8,0,0,3.000000,4.000000
2,multi_greedy,8,2,35,1,1,2,2.934315,89.333300,0.366789,27,0.373410,27,0,1,0,0.373410,0.629684,0.256273,0.256273,0.373410,0.059261,8,54,1,0,30,27,23,96.833300,89.333300,55.333300,0.550314,0.366584,0.050688,0.001947,0.000117,-0.032378,0.001947,8,8,0,fixed,8,8,0,0,3.000000,4.000000
2,multi_greedy,8,2,36,0,0,2,4.555158,96.833300,0.569395,30,0.373410,27,0,0,0,0.373410,0.629684,0.256273,0.256273,0.373410,0.059261,8,54,1,-1,30,27,23,96.833300,89.333300,55.333300,0.568596,0.353510,0.050688,0.000117,-0.002244,-0.034057,0.000000,8,8,0,fixed,8,8,0,0,3.000000,4.000000
2,multi_greedy,8,2,37,0,0,4,0.000000,96.833300,0.413081,30,0.373410,27,0,2,1,0.373410,0.629684,0.256273,0.256273,0.373410,0.059261,8,54,1,0,30,27,23,96.833300,89.333300,55.333300,0.413081,0.447761,0.722892,0.000117,0.000036,-0.004197,0.000036,8,8,0,fixed,8,8,0,0,3.000000,4.000000
2,multi_greedy,8,2,38,1,1,2,2.929990,89.333300,0.366249,27,0.373410,27,0,1,0,0.373410,0.629684,0.256273,0.256273,0.373410,0.059261,8,54,1,0,30,27,23,96.833300,89.333300,55.333300,0.550314,0.366638,0.050688,0.001946,0.000117,-0.032378,0.001946,8,8,0,fixed,8,8,0,0,3.000000,4.000000
2,multi_greedy,8,2,39,0,0,4,0.000000,96.833300,0.413081,30,0.373410,27,0,2,1,0.373410,0.629684,0.256273,0.256273,0.373410,0.059261,8,54,1,0,30,27,23,96.833300,89.333300,55.333300,0.413081,0.447761,0.722892,0.000117,0.000036,-0.004197,0.000036,8,8,0,fixed,8,8,0,0,3.000000,4.000000
2,multi_greedy,8,2,40,0,0,1,2.640561,96.833300,0.880187,30,0.373410,27,0,0,0,0.373410,0.629684,0.256273,0.256273,0.373410,0.059261,8,54,1,-1,30,27,23,96.833300,89.333300,55.333300,1.168670,1.126614,0.787415,0.000117,-0.000396,-0.006702,0.000000,8,8,0,fixed,8,8,0,0,3.000000,4.000000
2,multi_greedy,8,2,41,1,1,2,2.931145,89.333300,0.366393,27,0.373410,27,0,1,0,0.373410,0.629684,0.256273,0.256273,0.373410,0.059261,8,54,1,0,30,27,23,96.833300,89.333300,55.333300,0.550314,0.366624,0.050688,0.001946,0.000117,-0.032378,0.001946,8,8,0,fixed,8,8,0,0,3.000000,4.000000
2,multi_greedy,8,2,42,2,2,4,0.000000,55.333300,0.722892,23,0.373410,27,0,2,0,0.373410,0.629684,0.256273,0.256273,0.373410,0.059261,8,54,1,-1,30,27,23,96.833300,89.333300,55.333300,0.413081,0.447761,0.722892,0.004533,0.004450,0.000117,0.004533,8,8,0,fixed,8,8,0,0,3.000000,4.000000
2,multi_greedy,8,2,43,2,2,1,2.544773,55.333300,0.848258,23,0.373410,27,0,2,0,0.373410,0.629684,0.256273,0.256273,0.373410,0.059261,8,54,1,-1,30,27,23,96.833300,89.333300,55.333300,1.084441,1.126614,0.817216,0.006843,0.006483,0.000117,0.006843,8,8,0,fixed,8,8,0,0,3.000000,4.000000
2,multi_greedy,8,2,44,0,0,4,0.000000,96.833300,0.413081,30,0.373410,27,0,2,1,0.373410,0.629684,0.256273,0.256273,0.373410,0.059261,8,54,1,0,30,27,23,96.833300,89.333300,55.333300,0.413081,0.447761,0.722892,0.000117,0.000036,-0.004197,0.000036,8,8,0,fixed,8,8,0,0,3.000000,4.000000
2,multi_greedy,8,2,45,1,1,2,2.934405,89.333300,0.366801,27,0.373410,27,0,1,0,0.373410,0.629684,0.256273,0.256273,0.373410,0.059261,8,54,1,0,30,27,23,96.833300,89.333300,55.333300,0.550314,0.366583,0.050688,0.001947,0.000117,-0.032378,0.001947,8,8,0,fixed,8,8,0,0,3.000000,4.000000
2,multi_greedy,8,2,46,2,2,1,2.364592,55.333300,0.788197,23,0.373410,27,0,2,0,0.373410,0.629684,0.256273,0.256273,0.373410,0.059261,8,54,1,-1,30,27,23,96.833300,89.333300,55.333300,1.084441,1.126614,0.827226,0.006818,0.006457,0.000117,0.006818,8,8,0,fixed,8,8,0,0,3.000000,4.000000
2,multi_greedy,8,2,47,1,1,3,0.000000,89.333300,1.119403,27,0.373410,27,0,1,0,0.373410,0.629684,0.256273,0.256273,0.373410,0.059261,8,54,1,1,30,27,23,96.833300,89.333300,55.333300,1.032703,1.119403,1.807230,0.000395,0.000117,-0.004984,0.000395,8,8,0,fixed,8,8,0,0,3.000000,4.000000
2,multi_greedy,8,2,48,1,1,4,0.000000,89.333300,0.447761,27,0.373410,27,0,1,0,0.373410,0.629684,0.256273,0.256273,0.373410,0.059261,8,54,1,0,30,27,23,96.833300,89.333300,55.333300,0.413081,0.447761,0.722892,0.000199,0.000117,-0.004117,0.000199,8,8,0,fixed,8,8,0,0,3.000000,4.000000
2,multi_greedy,8,2,49,0,0,2,4.554107,96.833300,0.569263,30,0.373410,27,0,0,0,0.373410,0.629684,0.256273,0.256273,0.373410,0.059261,8,54,1,-1,30,27,23,96.833300,89.333300,55.333300,0.568607,0.353510,0.050688,0.000117,-0.002244,-0.034057,0.000000,8,8,0,fixed,8,8,0,0,3.000000,4.000000
2,multi_greedy,8,2,50,1,1,3,0.000000,89.333300,1.119403,27,0.373410,27,0,1,0,0.373410,0.629684,0.256273,0.256273,0.373410,0.059261,8,54,1,1,30,27,23,96.833300,89.333300,55.333300,1.032703,1.119403,1.807230,0.000395,0.000117,-0.004984,0.000395,8,8,0,fixed,8,8,0,0,3.000000,4.000000
2,multi_greedy,8,2,51,0,0,1,3.505284,96.833300,1.168428,30,0.373410,27,0,0,0,0.373410,0.629684,0.256273,0.256273,0.373410,0.059261,8,54,1,1,30,27,23,96.833300,89.333300,55.333300,1.111022,1.126614,0.787415,0.000117,-0.000321,-0.006630,0.000000,8,8,0,fixed,8,8,0,0,3.000000,4.000000
2,multi_greedy,8,2,52,1,1,2,2.934477,89.333300,0.366810,27,0.373410,27,0,1,0,0.373410,0.629684,0.256273,0.256273,0.373410,0.059261,8,54,1,0,30,27,23,96.833300,89.333300,55.333300,0.550314,0.366582,0.050688,0.001947,0.000117,-0.032378,0.001947,8,8,0,fixed,8,8,0,0,3.000000,4.000000
2,multi_greedy,8,2,53,0,0,3,0.000000,96.833300,1.032703,30,0.373410,27,0,0,0,0.373410,0.629684,0.256273,0.256273,0.373410,0.059261,8,54,1,1,30,27,23,96.833300,89.333300,55.333300,1.032703,1.119403,1.807230,0.000117,-0.000160,-0.005254,0.000000,8,8,0,fixed,8,8,0,0,3.000000,4.000000
2,multi_greedy,8,2,54,2,2,3,0.000000,55.333300,1.807230,23,0.373410,27,0,2,0,0.373410,0.629684,0.256273,0.256273,0.373410,0.059261,8,54,1,-1,30,27,23,96.833300,89.333300,55.333300,1.032703,1.119403,1.807230,0.005648,0.005363,0.000117,0.005648,8,8,0,fixed,8,8,0,0,3.000000,4.000000
2,multi_greedy,8,2,55,0,0,3,0.000000,96.833300,1.032703,30,0.373410,27,0,0,0,0.373410,0.629684,0.256273,0.256273,0.373410,0.059261,8,54,1,1,30,27,23,96.833300,89.333300,55.333300,1.032703,1.119403,1.807230,0.000117,-0.000160,-0.005254,0.000000,8,8,0,fixed,8,8,0,0,3.000000,4.000000
2,multi_greedy,8,2,56,0,0,3,0.000000,96.833300,1.032703,30,0.373410,27,0,0,0,0.373410,0.629684,0.256273,0.256273,0.373410,0.059261,8,54,1,1,30,27,23,96.833300,89.333300,55.333300,1.032703,1.119403,1.807230,0.000117,-0.000160,-0.005254,0.000000,8,8,0,fixed,8,8,0,0,3.000000,4.000000
2,multi_greedy,8,2,57,1,1,2,2.931156,89.333300,0.366395,27,0.373410,27,0,1,0,0.373410,0.629684,0.256273,0.256273,0.373410,0.059261,8,54,1,0,30,27,23,96.833300,89.333300,55.333300,0.550314,0.366624,0.050688,0.001946,0.000117,-0.032378,0.001946,8,8,0,fixed,8,8,0,0,3.000000,4.000000
2,multi_greedy,8,2,58,0,0,1,3.505679,96.833300,1.168560,30,0.373410,27,0,0,0,0.373410,0.629684,0.256273,0.256273,0.373410,0.059261,8,54,1,1,30,27,23,96.833300,89.333300,55.333300,1.110995,1.126614,0.787415,0.000117,-0.000321,-0.006630,0.000000,8,8,0,fixed,8,8,0,0,3.000000,4.000000
2,multi_greedy,8,2,59,2,2,2,0.422844,55.333300,0.052855,23,0.373410,27,1,0,1,0.373410,0.629684,0.256273,0.256273,0.373410,0.059261,8,54,1,0,30,27,23,96.833300,89.333300,55.333300,0.550314,0.353510,0.052901,0.038176,0.035555,0.000117,0.038176,8,8,0,fixed,8,8,0,0,3.000000,4.000000
2,multi_greedy,8,2,60,0,0,2,4.555159,96.833300,0.569395,30,0.373410,27,0,0,0,0.373410,0.629684,0.256273,0.256273,0.373410,0.059261,8,54,1,-1,30,27,23,96.833300,89.333300,55.333300,0.568596,0.353510,0.050688,0.000117,-0.002244,-0.034057,0.000000,8,8,0,fixed,8,8,0,0,3.000000,4.000000
2,multi_greedy,8,2,61,0,0,4,0.000000,96.833300,0.413081,30,0.373410,27,0,0,0,0.373410,0.629684,0.256273,0.256273,0.373410,0.059261,8,54,1,0,30,27,23,96.833300,89.333300,55.333300,0.413081,0.447761,0.722892,0.000117,0.000036,-0.004197,0.000036,8,8,0,fixed,8,8,0,0,3.000000,4.000000
2,multi_greedy,8,2,62,0,0,2,4.555200,96.833300,0.569400,30,0.373410,27,0,0,0,0.373410,0.629684,0.256273,0.256273,0.373410,0.059261,8,54,1,-1,30,27,23,96.833300,89.333300,55.333300,0.568596,0.353510,0.050688,0.000117,-0.002244,-0.034057,0.000000,8,8,0,fixed,8,8,0,0,3.000000,4.000000
2,multi_greedy,8,2,63,0,0,4,0.000000,96.833300,0.413081,30,0.373410,27,0,0,0,0.373410,0.629684,0.256273,0.256273,0.373410,0.059261,8,54,1,0,30,27,23,96.833300,89.333300,55.333300,0.413081,0.447761,0.722892,0.000117,0.000036,-0.004197,0.000036,8,8,0,fixed,8,8,0,0,3.000000,4.000000
2,multi_greedy,8,2,64,2,2,4,0.000000,55.333300,0.722892,23,0.373410,27,0,2,0,0.373410,0.629684,0.256273,0.256273,0.373410,0.059261,8,54,1,-1,30,27,23,96.833300,89.333300,55.333300,0.413081,0.447761,0.722892,0.004533,0.004450,0.000117,0.004533,8,8,0,fixed,8,8,0,0,3.000000,4.000000
2,multi_greedy,8,2,65,0,0,1,3.505895,96.833300,1.168632,30,0.373410,27,0,0,0,0.373410,0.629684,0.256273,0.256273,0.373410,0.059261,8,54,1,1,30,27,23,96.833300,89.333300,55.333300,1.110981,1.126614,0.787415,0.000117,-0.000321,-0.006630,0.000000,8,8,0,fixed,8,8,0,0,3.000000,4.000000
2,multi_greedy,8,2,66,1,1,4,0.000000,89.333300,0.447761,27,0.373410,27,0,1,0,0.373410,0.629684,0.256273,0.256273,0.373410,0.059261,8,54,1,0,30,27,23,96.833300,89.333300,55.333300,0.413081,0.447761,0.722892,0.000199,0.000117,-0.004117,0.000199,8,8,0,fixed,8,8,0,0,3.000000,4.000000
2,multi_greedy,8,2,67,2,2,3,0.000000,55.333300,1.807230,23,0.373410,27,0,2,0,0.373410,0.629684,0.256273,0.256273,0.373410,0.059261,8,54,1,-1,30,27,23,96.833300,89.333300,55.333300,1.032703,1.119403,1.807230,0.005648,0.005363,0.000117,0.005648,8,8,0,fixed,8,8,0,0,3.000000,4.000000
2,multi_greedy,8,2,68,1,1,1,3.504744,89.333300,1.168248,27,0.373410,27,0,1,0,0.373410,0.629684,0.256273,0.256273,0.373410,0.059261,8,54,1,-1,30,27,23,96.833300,89.333300,55.333300,1.084441,1.168434,0.787415,0.000355,0.000117,-0.006313,0.000355,8,8,0,fixed,8,8,0,0,3.000000,4.000000
2,multi_greedy,8,2,69,1,1,4,0.000000,89.333300,0.447761,27,0.373410,27,0,1,0,0.373410,0.629684,0.256273,0.256273,0.373410,0.059261,8,54,1,0,30,27,23,96.833300,89.333300,55.333300,0.413081,0.447761,0.722892,0.000199,0.000117,-0.004117,0.000199,8,8,0,fixed,8,8,0,0,3.000000,4.000000
2,multi_greedy,8,2,70,2,2,2,0.422962,55.333300,0.052870,23,0.373410,27,0,0,1,0.373410,0.629684,0.256273,0.256273,0.373410,0.059261,8,54,1,0,30,27,23,96.833300,89.333300,55.333300,0.550314,0.353510,0.052897,0.038179,0.035557,0.000117,0.038179,8,8,0,fixed,8,8,0,0,3.000000,4.000000
2,multi_greedy,8,2,71,1,1,2,2.932176,89.333300,0.366522,27,0.373410,27,0,1,0,0.373410,0.629684,0.256273,0.256273,0.373410,0.059261,8,54,1,0,30,27,23,96.833300,89.333300,55.333300,0.550314,0.366611,0.050688,0.001946,0.000117,-0.032378,0.001946,8,8,0,fixed,8,8,0,0,3.000000,4.000000
2,multi_greedy,8,2,72,2,2,1,2.329733,55.333300,0.776578,23,0.373410,27,0,2,0,0.373410,0.629684,0.256273,0.256273,0.373410,0.059261,8,54,1,-1,30,27,23,96.833300,89.333300,55.333300,1.084441,1.126614,0.829162,0.006813,0.006452,0.000117,0.006813,8,8,0,fixed,8,8,0,0,3.000000,4.000000
2,multi_greedy,8,2,73,1,1,1,3.505301,89.333300,1.168434,27,0.373410,27,0,1,0,0.373410,0.629684,0.256273,0.256273,0.373410,0.059261,8,54,1,-1,30,27,23,96.833300,89.333300,55.333300,1.084441,1.168248,0.787415,0.000355,0.000117,-0.006313,0.000355,8,8,0,fixed,8,8,0,0,3.000000,4.000000
2,multi_greedy,8,2,74,2,2,2,0.422890,55.333300,0.052861,23,0.373410,27,0,0,1,0.373410,0.629684,0.256273,0.256273,0.373410,0.059261,8,54,1,0,30,27,23,96.833300,89.333300,55.333300,0.550314,0.353510,0.052899,0.038177,0.035556,0.000117,0.038177,8,8,0,fixed,8,8,0,0,3.000000,4.000000
2,multi_greedy,8,2,75,0,0,3,0.000000,96.833300,1.032703,30,0.373410,27,0,0,0,0.373410,0.629684,0.256273,0.256273,0.373410,0.059261,8,54,1,1,30,27,23,96.833300,89.333300,55.333300,1.032703,1.119403,1.807230,0.000117,-0.000160,-0.005254,0.000000,8,8,0,fixed,8,8,0,0,3.000000,4.000000
2,multi_greedy,8,2,76,0,0,2,4.556263,96.833300,0.569533,30,0.373410,27,0,0,0,0.373410,0.629684,0.256273,0.256273,0.373410,0.059261,8,54,1,-1,30,27,23,96.833300,89.333300,55.333300,0.568585,0.353510,0.050688,0.000117,-0.002244,-0.034057,0.000000,8,8,0,fixed,8,8,0,0,3.000000,4.000000
2,multi_greedy,8,2,77,0,0,2,4.556263,96.833300,0.569533,30,0.373410,27,0,0,0,0.373410,0.629684,0.256273,0.256273,0.373410,0.059261,8,54,1,-1,30,27,23,96.833300,89.333300,55.333300,0.568585,0.353510,0.050688,0.000117,-0.002244,-0.034057,0.000000,8,8,0,fixed,8,8,0,0,3.000000,4.000000
2,multi_greedy,8,2,78,2,2,4,0.000000,55.333300,0.722892,23,0.373410,27,0,2,0,0.373410,0.629684,0.256273,0.256273,0.373410,0.059261,8,54,1,-1,30,27,23,96.833300,89.333300,55.333300,0.413081,0.447761,0.722892,0.004533,0.004450,0.000117,0.004533,8,8,0,fixed,8,8,0,0,3.000000,4.000000
2,multi_greedy,8,2,79,2,2,2,0.422915,55.333300,0.052864,23,0.373410,27,0,0,1,0.373410,0.629684,0.256273,0.256273,0.373410,0.059261,8,54,1,0,30,27,23,96.833300,89.333300,55.333300,0.550314,0.353510,0.052899,0.038178,0.035556,0.000117,0.038178,8,8,0,fixed,8,8,0,0,3.000000,4.000000
2,multi_greedy,8,2,80,1,1,3,0.000000,89.333300,1.119403,27,0.373410,27,0,1,0,0.373410,0.629684,0.256273,0.256273,0.373410,0.059261,8,54,1,1,30,27,23,96.833300,89.333300,55.333300,1.032703,1.119403,1.807230,0.000395,0.000117,-0.004984,0.000395,8,8,0,fixed,8,8,0,0,3.000000,4.000000
2,multi_greedy,8,3,1,1,1,3,0.000000,86.666700,1.153846,27,0.587355,37,0,1,0,0.587355,0.656632,0.069277,0.069277,0.587355,0.213945,8,32,1,1,32,27,21,99.333300,86.666700,54.333300,1.006712,1.153846,1.840492,-0.001885,0.000237,0.005170,0.005170,8,8,0,fixed,8,8,0,0,3.000000,4.000000
2,multi_greedy,8,3,2,0,0,1,3.445249,99.333300,1.148416,32,0.587355,37,0,0,0,0.587355,0.656632,0.069277,0.069277,0.587355,0.213945,8,32,1,1,32,27,21,99.333300,86.666700,54.333300,1.153127,1.127400,0.872533,0.000237,0.001622,0.004021,0.004021,8,8,0,fixed,8,8,0,0,3.000000,4.000000
2,multi_greedy,8,3,3,2,2,4,0.000000,54.333300,0.736197,21,0.587355,37,0,2,0,0.587355,0.656632,0.069277,0.069277,0.587355,0.213945,8,32,1,-1,32,27,21,99.333300,86.666700,54.333300,0.402685,0.461538,0.736197,-0.009533,-0.006665,0.000237,0.000000,8,8,0,fixed,8,8,0,0,3.000000,4.000000
2,multi_greedy,8,3,4,2,2,1,2.754963,54.333300,0.918321,21,0.587355,37,0,2,0,0.587355,0.656632,0.069277,0.069277,0.587355,0.213945,8,32,1,-1,32,27,21,99.333300,86.666700,54.333300,1.117422,1.127400,0.913375,-0.004172,-0.002573,0.000237,0.000000,8,8,0,fixed,8,8,0,0,3.000000,4.000000
2,multi_greedy,8,3,5,2,2,4,0.000000,54.333300,0.736197,21,0.587355,37,0,2,0,0.587355,0.656632,0.069277,0.069277,0.587355,0.213945,8,32,1,-1,32,27,21,99.333300,86.666700,54.333300,0.402685,0.461538,0.736197,-0.009533,-0.006665,0.000237,0.000000,8,8,0,fixed,8,8,0,0,3.000000,4.000000
2,multi_greedy,8,3,6,1,1,4,0.000000,86.666700,0.461538,27,0.587355,37,0,2,1,0.587355,0.656632,0.069277,0.069277,0.587355,0.213945,8,32,1,0,32,27,21,99.333300,86.666700,54.333300,0.402685,0.461538,0.736197,-0.002698,0.000237,0.007306,0.007306,8,8,0,fixed,8,8,0,0,3.000000,4.000000
2,multi_greedy,8,3,7,0,0,2,3.263376,99.333300,0.407922,32,0.587355,37,0,0,0,0.587355,0.656632,0.069277,0.069277,0.587355,0.213945,8,32,1,0,32,27,21,99.333300,86.666700,54.333300,0.407873,0.353461,0.327200,0.000237,-0.000138,0.002386,0.002386,8,8,0,fixed,8,8,0,0,3.000000,4.000000
2,multi_greedy,8,3,8,0,0,2,3.263355,99.333300,0.407919,32,0.587355,37,0,0,0,0.587355,0.656632,0.069277,0.069277,0.587355,0.213945,8,32,1,0,32,27,21,99.333300,86.666700,54.333300,0.407873,0.353461,0.327200,0.000237,-0.000138,0.002386,0.002386,8,8,0,fixed,8,8,0,0,3.000000,4.000000
2,multi_greedy,8,3,9,1,1,2,2.919127,86.666700,0.364891,27,0.587355,37,0,1,0,0.587355,0.656632,0.069277,0.069277,0.587355,0.213945,8,32,1,0,32,27,21,99.333300,86.666700,54.333300,0.395516,0.366719,0.327200,-0.000923,0.000237,0.001881,0.001881,8,8,0,fixed,8,8,0,0,3.000000,4.000000
2,multi_greedy,8,3,10,0,0,2,3.263277,99.333300,0.407910,32,0.587355,37,0,0,0,0.587355,0.656632,0.069277,0.069277,0.587355,0.213945,8,32,1,0,32,27,21,99.333300,86.666700,54.333300,0.407874,0.353461,0.327200,0.000237,-0.000138,0.002386,0.002386,8,8,0,fixed,8,8,0,0,3.000000,4.000000
2,multi_greedy,8,3,11,1,1,3,0.000000,86.666700,1.153846,27,0.587355,37,0,1,0,0.587355,0.656632,0.069277,0.069277,0.587355,0.213945,8,32,1,1,32,27,21,99.333300,86.666700,54.333300,1.006712,1.153846,1.840492,-0.001885,0.000237,0.005170,0.005170,8,8,0,fixed,8,8,0,0,3.000000,4.000000
2,multi_greedy,8,3,12,0,0,2,3.263312,99.333300,0.407914,32,0.587355,37,0,0,0,0.587355,0.656632,0.069277,0.069277,0.587355,0.213945,8,32,1,0,32,27,21,99.333300,86.666700,54.333300,0.407873,0.353461,0.327200,0.000237,-0.000138,0.002386,0.002386,8,8,0,fixed,8,8,0,0,3.000000,4.000000
2,multi_greedy,8,3,13,1,1,3,0.000000,86.666700,1.153846,27,0.587355,37,0,1,0,0.587355,0.656632,0.069277,0.069277,0.587355,0.213945,8,32,1,1,32,27,21,99.333300,86.666700,54.333300,1.006712,1.153846,1.840492,-0.001885,0.000237,0.005170,0.005170,8,8,0,fixed,8,8,0,0,3.000000,4.000000
2,multi_greedy,8,3,14,2,2,4,0.000000,54.333300,0.736197,21,0.587355,37,0,2,0,0.587355,0.656632,0.069277,0.069277,0.587355,0.213945,8,32,1,-1,32,27,21,99.333300,86.666700,54.333300,0.402685,0.461538,0.736197,-0.009533,-0.006665,0.000237,0.000000,8,8,0,fixed,8,8,0,0,3.000000,4.000000
2,multi_greedy,8,3,15,0,0,2,3.263455,99.333300,0.407932,32,0.587355,37,0,0,0,0.587355,0.656632,0.069277,0.069277,0.587355,0.213945,8,32,1,0,32,27,21,99.333300,86.666700,54.333300,0.407872,0.353461,0.327200,0.000237,-0.000138,0.002386,0.002386,8,8,0,fixed,8,8,0,0,3.000000,4.000000
2,multi_greedy,8,3,16,1,1,2,2.913671,86.666700,0.364209,27,0.587355,37,0,1,0,0.587355,0.656632,0.069277,0.069277,0.587355,0.213945,8,32,1,0,32,27,21,99.333300,86.666700,54.333300,0.395516,0.366787,0.327200,-0.000925,0.000237,0.001879,0.001879,8,8,0,fixed,8,8,0,0,3.000000,4.000000
2,multi_greedy,8,3,17,1,1,2,2.818551,86.666700,0.352319,27,0.587355,37,0,1,0,0.587355,0.656632,0.069277,0.069277,0.587355,0.213945,8,32,1,0,32,27,21,99.333300,86.666700,54.333300,0.395516,0.367976,0.327200,-0.000962,0.000237,0.001842,0.001842,8,8,0,fixed,8,8,0,0,3.000000,4.000000
2,multi_greedy,8,3,18,2,2,4,0.000000,54.333300,0.736197,21,0.587355,37,0,2,0,0.587355,0.656632,0.069277,0.069277,0.587355,0.213945,8,32,1,-1,32,27,21,99.333300,86.666700,54.333300,0.402685,0.461538,0.736197,-0.009533,-0.006665,0.000237,0.000000,8,8,0,fixed,8,8,0,0,3.000000,4.000000
2,multi_greedy,8,3,19,0,0,3,0.000000,99.333300,1.006712,32,0.587355,37,0,0,0,0.587355,0.656632,0.069277,0.069277,0.587355,0.213945,8,32,1,1,32,27,21,99.333300,86.666700,54.333300,1.006712,1.153846,1.840492,0.000237,0.002376,0.007345,0.007345,8,8,0,fixed,8,8,0,0,3.000000,4.000000
2,multi_greedy,8,3,20,0,0,1,3.443919,99.333300,1.147973,32,0.587355,37,0,0,0,0.587355,0.656632,0.069277,0.069277,0.587355,0.213945,8,32,1,1,32,27,21,99.333300,86.666700,54.333300,1.153215,1.127400,0.872533,0.000237,0.001622,0.004021,0.004021,8,8,0,fixed,8,8,0,0,3.000000,4.000000
2,multi_greedy,8,3,21,1,1,4,0.000000,86.666700,0.461538,27,0.587355,37,0,2,1,0.587355,0.656632,0.069277,0.069277,0.587355,0.213945,8,32,1,0,32,27,21,99.333300,86.666700,54.333300,0.402685,0.461538,0.736197,-0.002698,0.000237,0.007306,0.007306,8,8,0,fixed,8,8,0,0,3.000000,4.000000
2,multi_greedy,8,3,22,0,0,2,3.258989,99.333300,0.407374,32,0.587355,37,0,0,0,0.587355,0.656632,0.069277,0.069277,0.587355,0.213945,8,32,1,0,32,27,21,99.333300,86.666700,54.333300,0.407905,0.353461,0.327200,0.000237,-0.000139,0.002385,0.002385,8,8,0,fixed,8,8,0,0,3.000000,4.000000
2,multi_greedy,8,3,23,0,0,2,3.264461,99.333300,0.408058,32,0.587355,37,0,0,0,0.587355,0.656632,0.069277,0.069277,0.587355,0.213945,8,32,1,0,32,27,21,99.333300,86.666700,54.333300,0.407865,0.353461,0.327200,0.000237,-0.000138,0.002386,0.002386,8,8,0,fixed,8,8,0,0,3.000000,4.000000
2,multi_greedy,8,3,24,2,2,4,0.000000,54.333300,0.736197,21,0.587355,37,0,2,0,0.587355,0.656632,0.069277,0.069277,0.587355,0.213945,8,32,1,-1,32,27,21,99.333300,86.666700,54.333300,0.402685,0.461538,0.736197,-0.009533,-0.006665,0.000237,0.000000,8,8,0,fixed,8,8,0,0,3.000000,4.000000
2,multi_greedy,8,3,25,2,2,1,3.181415,54.333300,1.060472,21,0.587355,37,0,2,0,0.587355,0.656632,0.069277,0.069277,0.587355,0.213945,8,32,1,-1,32,27,21,99.333300,86.666700,54.333300,1.117422,1.127400,0.889684,-0.004053,-0.002455,0.000237,0.000000,8,8,0,fixed,8,8,0,0,3.000000,4.000000
2,multi_greedy,8,3,26,0,0,2,3.259002,99.333300,0.407375,32,0.587355,37,0,0,0,0.587355,0.656632,0.069277,0.069277,0.587355,0.213945,8,32,1,0,32,27,21,99.333300,86.666700,54.333300,0.407905,0.353461,0.327200,0.000237,-0.000139,0.002385,0.002385,8,8,0,fixed,8,8,0,0,3.000000,4.000000
2,multi_greedy,8,3,27,2,2,1,2.637041,54.333300,0.879014,21,0.587355,37,0,2,0,0.587355,0.656632,0.069277,0.069277,0.587355,0.213945,8,32,1,-1,32,27,21,99.333300,86.666700,54.333300,1.117422,1.127400,0.919927,-0.004203,-0.002605,0.000237,0.000000,8,8,0,fixed,8,8,0,0,3.000000,4.000000
2,multi_greedy,8,3,28,1,1,4,0.000000,86.666700,0.461538,27,0.587355,37,0,2,1,0.587355,0.656632,0.069277,0.069277,0.587355,0.213945,8,32,1,0,32,27,21,99.333300,86.666700,54.333300,0.402685,0.461538,0.736197,-0.002698,0.000237,0.007306,0.007306,8,8,0,fixed,8,8,0,0,3.000000,4.000000
2,multi_greedy,8,3,29,1,1,2,2.816336,86.666700,0.352042,27,0.587355,37,1,1,0,0.587355,0.656632,0.069277,0.069277,0.587355,0.213945,8,32,1,0,32,27,21,99.333300,86.666700,54.333300,0.395516,0.368004,0.327200,-0.000963,0.000237,0.001841,0.001841,8,8,0,fixed,8,8,0,0,3.000000,4.000000
2,multi_greedy,8,3,30,1,1,3,0.000000,86.666700,1.153846,27,0.587355,37,0,1,0,0.587355,0.656632,0.069277,0.069277,0.587355,0.213945,8,32,1,1,32,27,21,99.333300,86.666700,54.333300,1.006712,1.153846,1.840492,-0.001885,0.000237,0.005170,0.005170,8,8,0,fixed,8,8,0,0,3.000000,4.000000
2,multi_greedy,8,3,31,2,2,3,0.000000,54.333300,1.840492,21,0.587355,37,0,2,0,0.587355,0.656632,0.069277,0.069277,0.587355,0.213945,8,32,1,-1,32,27,21,99.333300,86.666700,54.333300,1.006712,1.153846,1.840492,-0.006702,-0.004614,0.000237,0.000000,8,8,0,fixed,8,8,0,0,3.000000,4.000000
2,multi_greedy,8,3,32,1,1,3,0.000000,86.666700,1.153846,27,0.587355,37,0,1,0,0.587355,0.656632,0.069277,0.069277,0.587355,0.213945,8,32,1,1,32,27,21,99.333300,86.666700,54.333300,1.006712,1.153846,1.840492,-0.001885,0.000237,0.005170,0.005170,8,8,0,fixed,8,8,0,0,3.000000,4.000000
2,multi_greedy,8,3,33,2,2,1,2.558288,54.333300,0.852763,21,0.587355,37,0,2,0,0.587355,0.656632,0.069277,0.069277,0.587355,0.213945,8,32,1,-1,32,27,21,99.333300,86.666700,54.333300,1.117422,1.127400,0.924302,-0.004224,-0.002626,0.000237,0.000000,8,8,0,fixed,8,8,0,0,3.000000,4.000000
2,multi_greedy,8,3,34,0,0,3,0.000000,99.333300,1.006712,32,0.587355,37,0,0,0,0.587355,0.656632,0.069277,0.069277,0.587355,0.213945,8,32,1,1,32,27,21,99.333300,86.666700,54.333300,1.006712,1.153846,1.840492,0.000237,0.002376,0.007345,0.007345,8,8,0,fixed,8,8,0,0,3.000000,4.000000
2,multi_greedy,8,3,35,1,1,2,2.996690,86.666700,0.374586,27,0.587355,37,0,1,0,0.587355,0.656632,0.069277,0.069277,0.587355,0.213945,8,32,1,0,32,27,21,99.333300,86.666700,54.333300,0.395516,0.365749,0.327200,-0.000893,0.000237,0.001911,0.001911,8,8,0,fixed,8,8,0,0,3.000000,4.000000
2,multi_greedy,8,3,36,0,0,2,3.263428,99.333300,0.407928,32,0.587355,37,0,0,0,0.587355,0.656632,0.069277,0.069277,0.587355,0.213945,8,32,1,0,32,27,21,99.333300,86.666700,54.333300,0.407873,0.353461,0.327200,0.000237,-0.000138,0.002386,0.002386,8,8,0,fixed,8,8,0,0,3.000000,4.000000
2,multi_greedy,8,3,37,2,2,4,0.000000,54.333300,0.736197,21,0.587355,37,0,2,0,0.587355,0.656632,0.069277,0.069277,0.587355,0.213945,8,32,1,-1,32,27,21,99.333300,86.666700,54.333300,0.402685,0.461538,0.736197,-0.009533,-0.006665,0.000237,0.000000,8,8,0,fixed,8,8,0,0,3.000000,4.000000
2,multi_greedy,8,3,38,1,1,2,3.020743,86.666700,0.377593,27,0.587355,37,0,1,0,0.587355,0.656632,0.069277,0.069277,0.587355,0.213945,8,32,1,0,32,27,21,99.333300,86.666700,54.333300,0.395516,0.365449,0.327200,-0.000884,0.000237,0.001921,0.001921,8,8,0,fixed,8,8,0,0,3.000000,4.000000
2,multi_greedy,8,3,39,2,2,4,0.000000,54.333300,0.736197,21,0.587355,37,0,2,0,0.587355,0.656632,0.069277,0.069277,0.587355,0.213945,8,32,1,-1,32,27,21,99.333300,86.666700,54.333300,0.402685,0.461538,0.736197,-0.009533,-0.006665,0.000237,0.000000,8,8,0,fixed,8,8,0,0,3.000000,4.000000
2,multi_greedy,8,3,40,0,0,1,3.500842,99.333300,1.166947,32,0.587355,37,0,0,0,0.587355,0.656632,0.069277,0.069277,0.587355,0.213945,8,32,1,1,32,27,21,99.333300,86.666700,54.333300,1.149421,1.127400,0.872533,0.000237,0.001634,0.004033,0.004033,8,8,0,fixed,8,8,0,0,3.000000,4.000000
2,multi_greedy,8,3,41,1,1,2,3.010887,86.666700,0.376361,27,0.587355,37,0,1,0,0.587355,0.656632,0.069277,0.069277,0.587355,0.213945,8,32,1,0,32,27,21,99.333300,86.666700,54.333300,0.395516,0.365572,0.327200,-0.000888,0.000237,0.001917,0.001917,8,8,0,fixed,8,8,0,0,3.000000,4.000000
2,multi_greedy,8,3,42,2,2,4,0.000000,54.333300,0.736197,21,0.587355,37,0,2,0,0.587355,0.656632,0.069277,0.069277,0.587355,0.213945,8,32,1,-1,32,27,21,99.333300,86.666700,54.333300,0.402685,0.461538,0.736197,-0.009533,-0.006665,0.000237,0.000000,8,8,0,fixed,8,8,0,0,3.000000,4.000000
2,multi_greedy,8,3,43,2,2,1,2.668289,54.333300,0.889430,21,0.587355,37,0,2,0,0.587355,0.656632,0.069277,0.069277,0.587355,0.213945,8,32,1,-1,32,27,21,99.333300,86.666700,54.333300,1.117422,1.127400,0.918191,-0.004195,-0.002597,0.000237,0.000000,8,8,0,fixed,8,8,0,0,3.000000,4.000000
2,multi_greedy,8,3,44,2,2,4,0.000000,54.333300,0.736197,21,0.587355,37,0,2,0,0.587355,0.656632,0.069277,0.069277,0.587355,0.213945,8,32,1,-1,32,27,21,99.333300,86.666700,54.333300,0.402685,0.461538,0.736197,-0.009533,-0.006665,0.000237,0.000000,8,8,0,fixed,8,8,0,0,3.000000,4.000000
2,multi_greedy,8,3,45,1,1,2,2.816348,86.666700,0.352044,27,0.587355,37,0,1,0,0.587355,0.656632,0.069277,0.069277,0.587355,0.213945,8,32,1,0,32,27,21,99.333300,86.666700,54.333300,0.395516,0.368003,0.327200,-0.000963,0.000237,0.001841,0.001841,8,8,0,fixed,8,8,0,0,3.000000,4.000000
2,multi_greedy,8,3,46,2,2,1,2.707350,54.333300,0.902450,21,0.587355,37,0,2,0,0.587355,0.656632,0.069277,0.069277,0.587355,0.213945,8,32,1,-1,32,27,21,99.333300,86.666700,54.333300,1.117422,1.127400,0.916021,-0.004184,-0.002586,0.000237,0.000000,8,8,0,fixed,8,8,0,0,3.000000,4.000000
2,multi_greedy,8,3,47,1,1,3,0.000000,86.666700,1.153846,27,0.587355,37,0,1,0,0.587355,0.656632,0.069277,0.069277,0.587355,0.213945,8,32,1,1,32,27,21,99.333300,86.666700,54.333300,1.006712,1.153846,1.840492,-0.001885,0.000237,0.005170,0.005170,8,8,0,fixed,8,8,0,0,3.000000,4.000000
2,multi_greedy,8,3,48,1,1,4,0.000000,86.666700,0.461538,27,0.587355,37,0,2,1,0.587355,0.656632,0.069277,0.069277,0.587355,0.213945,8,32,1,0,32,27,21,99.333300,86.666700,54.333300,0.402685,0.461538,0.736197,-0.002698,0.000237,0.007306,0.007306,8,8,0,fixed,8,8,0,0,3.000000,4.000000
2,multi_greedy,8,3,49,0,0,2,3.263326,99.333300,0.407916,32,0.587355,37,0,0,0,0.587355,0.656632,0.069277,0.069277,0.587355,0.213945,8,32,1,0,32,27,21,99.333300,86.666700,54.333300,0.407873,0.353461,0.327200,0.000237,-0.000138,0.002386,0.002386,8,8,0,fixed,8,8,0,0,3.000000,4.000000
2,multi_greedy,8,3,50,1,1,3,0.000000,86.666700,1.153846,27,0.587355,37,0,1,0,0.587355,0.656632,0.069277,0.069277,0.587355,0.213945,8,32,1,1,32,27,21,99.333300,86.666700,54.333300,1.006712,1.153846,1.840492,-0.001885,0.000237,0.005170,0.005170,8,8,0,fixed,8,8,0,0,3.000000,4.000000
2,multi_greedy,8,3,51,0,0,1,3.406766,99.333300,1.135589,32,0.587355,37,0,0,0,0.587355,0.656632,0.069277,0.069277,0.587355,0.213945,8,32,1,1,32,27,21,99.333300,86.666700,54.333300,1.155692,1.127400,0.872533,0.000237,0.001614,0.004013,0.004013,8,8,0,fixed,8,8,0,0,3.000000,4.000000
2,multi_greedy,8,3,52,1,1,2,2.915804,86.666700,0.364475,27,0.587355,37,0,1,0,0.587355,0.656632,0.069277,0.069277,0.587355,0.213945,8,32,1,0,32,27,21,99.333300,86.666700,54.333300,0.395516,0.366760,0.327200,-0.000924,0.000237,0.001880,0.001880,8,8,0,fixed,8,8,0,0,3.000000,4.000000
2,multi_greedy,8,3,53,0,0,3,0.000000,99.333300,1.006712,32,0.587355,37,0,0,0,0.587355,0.656632,0.069277,0.069277,0.587355,0.213945,8,32,1,1,32,27,21,99.333300,86.666700,54.333300,1.006712,1.153846,1.840492,0.000237,0.002376,0.007345,0.007345,8,8,0,fixed,8,8,0,0,3.000000,4.000000
2,multi_greedy,8,3,54,2,2,3,0.000000,54.333300,1.840492,21,0.587355,37,0,2,0,0.587355,0.656632,0.069277,0.069277,0.587355,0.213945,8,32,1,-1,32,27,21,99.333300,86.666700,54.333300,1.006712,1.153846,1.840492,-0.006702,-0.004614,0.000237,0.000000,8,8,0,fixed,8,8,0,0,3.000000,4.000000
2,multi_greedy,8,3,55,0,0,3,0.000000,99.333300,1.006712,32,0.587355,37,0,0,0,0.587355,0.656632,0.069277,0.069277,0.587355,0.213945,8,32,1,1,32,27,21,99.333300,86.666700,54.333300,1.006712,1.153846,1.840492,0.000237,0.002376,0.007345,0.007345,8,8,0,fixed,8,8,0,0,3.000000,4.000000
2,multi_greedy,8,3,56,0,0,3,0.000000,99.333300,1.006712,32,0.587355,37,0,0,0,0.587355,0.656632,0.069277,0.069277,0.587355,0.213945,8,32,1,1,32,27,21,99.333300,86.666700,54.333300,1.006712,1.153846,1.840492,0.000237,0.002376,0.007345,0.007345,8,8,0,fixed,8,8,0,0,3.000000,4.000000
2,multi_greedy,8,3,57,1,1,2,3.008738,86.666700,0.376092,27,0.587355,37,0,1,0,0.587355,0.656632,0.069277,0.069277,0.587355,0.213945,8,32,1,0,32,27,21,99.333300,86.666700,54.333300,0.395516,0.365599,0.327200,-0.000889,0.000237,0.001916,0.001916,8,8,0,fixed,8,8,0,0,3.000000,4.000000
2,multi_greedy,8,3,58,0,0,1,3.504960,99.333300,1.168320,32,0.587355,37,0,0,0,0.587355,0.656632,0.069277,0.069277,0.587355,0.213945,8,32,1,1,32,27,21,99.333300,86.666700,54.333300,1.149146,1.127400,0.872533,0.000237,0.001635,0.004034,0.004034,8,8,0,fixed,8,8,0,0,3.000000,4.000000
2,multi_greedy,8,3,59,0,0,2,3.264484,99.333300,0.408061,32,0.587355,37,0,0,0,0.587355,0.656632,0.069277,0.069277,0.587355,0.213945,8,32,1,0,32,27,21,99.333300,86.666700,54.333300,0.407865,0.353461,0.327200,0.000237,-0.000138,0.002386,0.002386,8,8,0,fixed,8,8,0,0,3.000000,4.000000
2,multi_greedy,8,3,60,0,0,2,3.263349,99.333300,0.407919,32,0.587355,37,0,0,0,0.587355,0.656632,0.069277,0.069277,0.587355,0.213945,8,32,1,0,32,27,21,99.333300,86.666700,54.333300,0.407873,0.353461,0.327200,0.000237,-0.000138,0.002386,0.002386,8,8,0,fixed,8,8,0,0,3.000000,4.000000
2,multi_greedy,8,3,61,0,0,4,0.000000,99.333300,0.402685,32,0.587355,37,0,2,1,0.587355,0.656632,0.069277,0.069277,0.587355,0.213945,8,32,1,0,32,27,21,99.333300,86.666700,54.333300,0.402685,0.461538,0.736197,0.000237,0.003203,0.010344,0.010344,8,8,0,fixed,8,8,0,0,3.000000,4.000000
2,multi_greedy,8,3,62,0,0,2,3.263337,99.333300,0.407917,32,0.587355,37,0,0,0,0.587355,0.656632,0.069277,0.069277,0.587355,0.213945,8,32,1,0,32,27,21,99.333300,86.666700,54.333300,0.407873,0.353461,0.327200,0.000237,-0.000138,0.002386,0.002386,8,8,0,fixed,8,8,0,0,3.000000,4.000000
2,multi_greedy,8,3,63,0,0,4,0.000000,99.333300,0.402685,32,0.587355,37,0,2,1,0.587355,0.656632,0.069277,0.069277,0.587355,0.213945,8,32,1,0,32,27,21,99.333300,86.666700,54.333300,0.402685,0.461538,0.736197,0.000237,0.003203,0.010344,0.010344,8,8,0,fixed,8,8,0,0,3.000000,4.000000
2,multi_greedy,8,3,64,2,2,4,0.000000,54.333300,0.736197,21,0.587355,37,0,2,0,0.587355,0.656632,0.069277,0.069277,0.587355,0.213945,8,32,1,-1,32,27,21,99.333300,86.666700,54.333300,0.402685,0.461538,0.736197,-0.009533,-0.006665,0.000237,0.000000,8,8,0,fixed,8,8,0,0,3.000000,4.000000
2,multi_greedy,8,3,65,0,0,1,3.440416,99.333300,1.146805,32,0.587355,37,0,0,0,0.587355,0.656632,0.069277,0.069277,0.587355,0.213945,8,32,1,1,32,27,21,99.333300,86.666700,54.333300,1.153449,1.127400,0.872533,0.000237,0.001621,0.004020,0.004020,8,8,0,fixed,8,8,0,0,3.000000,4.000000
2,multi_greedy,8,3,66,1,1,4,0.000000,86.666700,0.461538,27,0.587355,37,0,2,1,0.587355,0.656632,0.069277,0.069277,0.587355,0.213945,8,32,1,0,32,27,21,99.333300,86.666700,54.333300,0.402685,0.461538,0.736197,-0.002698,0.000237,0.007306,0.007306,8,8,0,fixed,8,8,0,0,3.000000,4.000000
2,multi_greedy,8,3,67,2,2,3,0.000000,54.333300,1.840492,21,0.587355,37,0,2,0,0.587355,0.656632,0.069277,0.069277,0.587355,0.213945,8,32,1,-1,32,27,21,99.333300,86.666700,54.333300,1.006712,1.153846,1.840492,-0.006702,-0.004614,0.000237,0.000000,8,8,0,fixed,8,8,0,0,3.000000,4.000000
2,multi_greedy,8,3,68,1,1,1,3.507134,86.666700,1.169045,27,0.587355,37,0,1,0,0.587355,0.656632,0.069277,0.069277,0.587355,0.213945,8,32,1,-1,32,27,21,99.333300,86.666700,54.333300,1.117422,1.169266,0.872533,-0.001648,0.000237,0.002349,0.002349,8,8,0,fixed,8,8,0,0,3.000000,4.000000
2,multi_greedy,8,3,69,1,1,4,0.000000,86.666700,0.461538,27,0.587355,37,0,2,1,0.587355,0.656632,0.069277,0.069277,0.587355,0.213945,8,32,1,0,32,27,21,99.333300,86.666700,54.333300,0.402685,0.461538,0.736197,-0.002698,0.000237,0.007306,0.007306,8,8,0,fixed,8,8,0,0,3.000000,4.000000
2,multi_greedy,8,3,70,0,0,2,3.263404,99.333300,0.407925,32,0.587355,37,0,0,0,0.587355,0.656632,0.069277,0.069277,0.587355,0.213945,8,32,1,0,32,27,21,99.333300,86.666700,54.333300,0.407873,0.353461,0.327200,0.000237,-0.000138,0.002386,0.002386,8,8,0,fixed,8,8,0,0,3.000000,4.000000
2,multi_greedy,8,3,71,1,1,2,3.019732,86.666700,0.377466,27,0.587355,37,0,1,0,0.587355,0.656632,0.069277,0.069277,0.587355,0.213945,8,32,1,0,32,27,21,99.333300,86.666700,54.333300,0.395516,0.365461,0.327200,-0.000884,0.000237,0.001920,0.001920,8,8,0,fixed,8,8,0,0,3.000000,4.000000
2,multi_greedy,8,3,72,2,2,1,2.688374,54.333300,0.896125,21,0.587355,37,0,2,0,0.587355,0.656632,0.069277,0.069277,0.587355,0.213945,8,32,1,-1,32,27,21,99.333300,86.666700,54.333300,1.117422,1.127400,0.917075,-0.004189,-0.002591,0.000237,0.000000,8,8,0,fixed,8,8,0,0,3.000000,4.000000
2,multi_greedy,8,3,73,1,1,1,3.507798,86.666700,1.169266,27,0.587355,37,0,1,0,0.587355,0.656632,0.069277,0.069277,0.587355,0.213945,8,32,1,-1,32,27,21,99.333300,86.666700,54.333300,1.117422,1.169045,0.872533,-0.001648,0.000237,0.002350,0.002350,8,8,0,fixed,8,8,0,0,3.000000,4.000000
2,multi_greedy,8,3,74,0,0,2,3.263391,99.333300,0.407924,32,0.587355,37,0,0,0,0.587355,0.656632,0.069277,0.069277,0.587355,0.213945,8,32,1,0,32,27,21,99.333300,86.666700,54.333300,0.407873,0.353461,0.327200,0.000237,-0.000138,0.002386,0.002386,8,8,0,fixed,8,8,0,0,3.000000,4.000000
2,multi_greedy,8,3,75,0,0,3,0.000000,99.333300,1.006712,32,0.587355,37,0,0,0,0.587355,0.656632,0.069277,0.069277,0.587355,0.213945,8,32,1,1,32,27,21,99.333300,86.666700,54.333300,1.006712,1.153846,1.840492,0.000237,0.002376,0.007345,0.007345,8,8,0,fixed,8,8,0,0,3.000000,4.000000
2,multi_greedy,8,3,76,0,0,2,3.263325,99.333300,0.407916,32,0.587355,37,0,0,0,0.587355,0.656632,0.069277,0.069277,0.587355,0.213945,8,32,1,0,32,27,21,99.333300,86.666700,54.333300,0.407873,0.353461,0.327200,0.000237,-0.000138,0.002386,0.002386,8,8,0,fixed,8,8,0,0,3.000000,4.000000
2,multi_greedy,8,3,77,0,0,2,3.263371,99.333300,0.407921,32,0.587355,37,0,0,0,0.587355,0.656632,0.069277,0.069277,0.587355,0.213945,8,32,1,0,32,27,21,99.333300,86.666700,54.333300,0.407873,0.353461,0.327200,0.000237,-0.000138,0.002386,0.002386,8,8,0,fixed,8,8,0,0,3.000000,4.000000
2,multi_greedy,8,3,78,2,2,4,0.000000,54.333300,0.736197,21,0.587355,37,0,2,0,0.587355,0.656632,0.069277,0.069277,0.587355,0.213945,8,32,1,-1,32,27,21,99.333300,86.666700,54.333300,0.402685,0.461538,0.736197,-0.009533,-0.006665,0.000237,0.000000,8,8,0,fixed,8,8,0,0,3.000000,4.000000
2,multi_greedy,8,3,79,0,0,2,3.263461,99.333300,0.407933,32,0.587355,37,0,0,0,0.587355,0.656632,0.069277,0.069277,0.587355,0.213945,8,32,1,0,32,27,21,99.333300,86.666700,54.333300,0.407872,0.353461,0.327200,0.000237,-0.000138,0.002386,0.002386,8,8,0,fixed,8,8,0,0,3.000000,4.000000
2,multi_greedy,8,3,80,1,1,3,0.000000,86.666700,1.153846,27,0.587355,37,0,1,0,0.587355,0.656632,0.069277,0.069277,0.587355,0.213945,8,32,1,1,32,27,21,99.333300,86.666700,54.333300,1.006712,1.153846,1.840492,-0.001885,0.000237,0.005170,0.005170,8,8,0,fixed,8,8,0,0,3.000000,4.000000
2,multi_greedy,8,4,1,1,1,3,0.000000,86.000000,1.162791,21,0.631120,29,0,1,0,0.631120,0.636869,0.005749,0.005749,0.631120,0.043765,3,15,1,-1,30,21,29,98.833300,86.000000,51.833300,1.011805,1.162791,1.929262,-0.001013,0.000416,0.008205,0.008205,8,3,5,fixed,8,8,0,0,3.000000,4.000000
2,multi_greedy,8,4,2,0,0,1,3.506236,98.833300,1.168745,30,0.631120,29,0,0,0,0.631120,0.636869,0.005749,0.005749,0.631120,0.043765,3,15,1,-1,30,21,29,98.833300,86.000000,51.833300,1.104199,0.976250,0.862808,0.000416,0.000465,0.005831,0.005831,8,3,5,fixed,8,8,0,0,3.000000,4.000000
2,multi_greedy,8,4,3,2,2,4,0.000000,51.833300,0.771705,29,0.631120,29,0,2,0,0.631120,0.636869,0.005749,0.005749,0.631120,0.043765,3,15,1,-1,30,21,29,98.833300,86.000000,51.833300,0.404722,0.465116,0.771705,-0.011977,-0.009670,0.000416,0.000000,8,3,5,fixed,8,8,0,0,3.000000,4.000000
2,multi_greedy,8,4,4,2,2,1,2.657255,51.833300,0.885752,29,0.631120,29,0,2,0,0.631120,0.636869,0.005749,0.005749,0.631120,0.043765,3,15,1,-1,30,21,29,98.833300,86.000000,51.833300,1.078991,0.976250,0.893694,-0.005545,-0.005245,0.000416,0.000000,8,3,5,fixed,8,8,0,0,3.000000,4.000000
2,multi_greedy,8,4,5,2,2,4,0.000000,51.833300,0.771705,29,0.631120,29,0,2,0,0.631120,0.636869,0.005749,0.005749,0.631120,0.043765,3,15,1,-1,30,21,29,98.833300,86.000000,51.833300,0.404722,0.465116,0.771705,-0.011977,-0.009670,0.000416,0.000000,8,3,5,fixed,8,8,0,0,3.000000,4.000000
2,multi_greedy,8,4,6,2,2,4,0.000000,51.833300,0.771705,29,0.631120,29,0,2,0,0.631120,0.636869,0.005749,0.005749,0.631120,0.043765,3,15,1,-1,30,21,29,98.833300,86.000000,51.833300,0.404722,0.465116,0.771705,-0.011977,-0.009670,0.000416,0.000000,8,3,5,fixed,8,8,0,0,3.000000,4.000000
2,multi_greedy,8,4,7,0,0,2,3.226270,98.833300,0.403284,30,0.631120,29,0,0,0,0.631120,0.636869,0.005749,0.005749,0.631120,0.043765,3,15,1,0,30,21,29,98.833300,86.000000,51.833300,0.413938,0.363071,0.323553,0.000416,-0.000879,0.003447,0.003447,8,3,5,fixed,8,8,0,0,3.000000,4.000000
2,multi_greedy,8,4,8,0,0,2,3.254700,98.833300,0.406838,30,0.631120,29,0,0,0,0.631120,0.636869,0.005749,0.005749,0.631120,0.043765,3,15,1,0,30,21,29,98.833300,86.000000,51.833300,0.413729,0.363071,0.323553,0.000416,-0.000873,0.003453,0.003453,8,3,5,fixed,8,8,0,0,3.000000,4.000000
2,multi_greedy,8,4,9,1,1,2,3.043622,86.000000,0.380453,21,0.631120,29,0,1,0,0.631120,0.636869,0.005749,0.005749,0.631120,0.043765,3,15,1,0,30,21,29,98.833300,86.000000,51.833300,0.400013,0.380351,0.323553,-0.000355,0.000416,0.003497,0.003497,8,3,5,fixed,8,8,0,0,3.000000,4.000000
2,multi_greedy,8,4,10,0,0,2,3.249093,98.833300,0.406137,30,0.631120,29,0,0,0,0.631120,0.636869,0.005749,0.005749,0.631120,0.043765,3,15,1,0,30,21,29,98.833300,86.000000,51.833300,0.413771,0.363071,0.323553,0.000416,-0.000874,0.003452,0.003452,8,3,5,fixed,8,8,0,0,3.000000,4.000000
2,multi_greedy,8,4,11,1,1,3,0.000000,86.000000,1.162791,21,0.631120,29,0,1,0,0.631120,0.636869,0.005749,0.005749,0.631120,0.043765,3,15,1,-1,30,21,29,98.833300,86.000000,51.833300,1.011805,1.162791,1.929262,-0.001013,0.000416,0.008205,0.008205,8,3,5,fixed,8,8,0,0,3.000000,4.000000
2,multi_greedy,8,4,12,0,0,2,3.249082,98.833300,0.406135,30,0.631120,29,0,0,0,0.631120,0.636869,0.005749,0.005749,0.631120,0.043765,3,15,1,0,30,21,29,98.833300,86.000000,51.833300,0.413771,0.363071,0.323553,0.000416,-0.000874,0.003452,0.003452,8,3,5,fixed,8,8,0,0,3.000000,4.000000
2,multi_greedy,8,4,13,1,1,3,0.000000,86.000000,1.162791,21,0.631120,29,0,1,0,0.631120,0.636869,0.005749,0.005749,0.631120,0.043765,3,15,1,-1,30,21,29,98.833300,86.000000,51.833300,1.011805,1.162791,1.929262,-0.001013,0.000416,0.008205,0.008205,8,3,5,fixed,8,8,0,0,3.000000,4.000000
2,multi_greedy,8,4,14,2,2,4,0.000000,51.833300,0.771705,29,0.631120,29,0,2,0,0.631120,0.636869,0.005749,0.005749,0.631120,0.043765,3,15,1,-1,30,21,29,98.833300,86.000000,51.833300,0.404722,0.465116,0.771705,-0.011977,-0.009670,0.000416,0.000000,8,3,5,fixed,8,8,0,0,3.000000,4.000000
2,multi_greedy,8,4,15,0,0,2,3.249170,98.833300,0.406146,30,0.631120,29,0,0,0,0.631120,0.636869,0.005749,0.005749,0.631120,0.043765,3,15,1,0,30,21,29,98.833300,86.000000,51.833300,0.413770,0.363071,0.323553,0.000416,-0.000874,0.003452,0.003452,8,3,5,fixed,8,8,0,0,3.000000,4.000000
2,multi_greedy,8,4,16,1,1,2,3.042427,86.000000,0.380303,21,0.631120,29,0,1,0,0.631120,0.636869,0.005749,0.005749,0.631120,0.043765,3,15,1,0,30,21,29,98.833300,86.000000,51.833300,0.400013,0.380366,0.323553,-0.000355,0.000416,0.003496,0.003496,8,3,5,fixed,8,8,0,0,3.000000,4.000000
2,multi_greedy,8,4,17,1,1,2,3.043633,86.000000,0.380454,21,0.631120,29,0,1,0,0.631120,0.636869,0.005749,0.005749,0.631120,0.043765,3,15,1,0,30,21,29,98.833300,86.000000,51.833300,0.400013,0.380351,0.323553,-0.000355,0.000416,0.003497,0.003497,8,3,5,fixed,8,8,0,0,3.000000,4.000000
2,multi_greedy,8,4,18,2,2,4,0.000000,51.833300,0.771705,29,0.631120,29,0,2,0,0.631120,0.636869,0.005749,0.005749,0.631120,0.043765,3,15,1,-1,30,21,29,98.833300,86.000000,51.833300,0.404722,0.465116,0.771705,-0.011977,-0.009670,0.000416,0.000000,8,3,5,fixed,8,8,0,0,3.000000,4.000000
2,multi_greedy,8,4,19,0,0,3,0.000000,98.833300,1.011805,30,0.631120,29,0,0,0,0.631120,0.636869,0.005749,0.005749,0.631120,0.043765,3,15,1,1,30,21,29,98.833300,86.000000,51.833300,1.011805,1.162791,1.929262,0.000416,0.001851,0.009676,0.009676,8,3,5,fixed,8,8,0,0,3.000000,4.000000
2,multi_greedy,8,4,20,0,0,1,3.506793,98.833300,1.168931,30,0.631120,29,0,0,0,0.631120,0.636869,0.005749,0.005749,0.631120,0.043765,3,15,1,-1,30,21,29,98.833300,86.000000,51.833300,1.104162,0.976250,0.862808,0.000416,0.000465,0.005831,0.005831,8,3,5,fixed,8,8,0,0,3.000000,4.000000
2,multi_greedy,8,4,21,2,2,4,0.000000,51.833300,0.771705,29,0.631120,29,0,2,0,0.631120,0.636869,0.005749,0.005749,0.631120,0.043765,3,15,1,-1,30,21,29,98.833300,86.000000,51.833300,0.404722,0.465116,0.771705,-0.011977,-0.009670,0.000416,0.000000,8,3,5,fixed,8,8,0,0,3.000000,4.000000
2,multi_greedy,8,4,22,0,0,2,3.408630,98.833300,0.426079,30,0.631120,29,0,2,1,0.631120,0.636869,0.005749,0.005749,0.631120,0.043765,3,15,1,0,30,21,29,98.833300,86.000000,51.833300,0.412598,0.363071,0.323553,0.000416,-0.000841,0.003485,0.003485,8,3,5,fixed,8,8,0,0,3.000000,4.000000
2,multi_greedy,8,4,23,0,0,2,3.378124,98.833300,0.422265,30,0.631120,29,0,0,0,0.631120,0.636869,0.005749,0.005749,0.631120,0.043765,3,15,1,0,30,21,29,98.833300,86.000000,51.833300,0.412822,0.363071,0.323553,0.000416,-0.000847,0.003479,0.003479,8,3,5,fixed,8,8,0,0,3.000000,4.000000
2,multi_greedy,8,4,24,2,2,4,0.000000,51.833300,0.771705,29,0.631120,29,0,2,0,0.631120,0.636869,0.005749,0.005749,0.631120,0.043765,3,15,1,-1,30,21,29,98.833300,86.000000,51.833300,0.404722,0.465116,0.771705,-0.011977,-0.009670,0.000416,0.000000,8,3,5,fixed,8,8,0,0,3.000000,4.000000
2,multi_greedy,8,4,25,2,2,1,2.581540,51.833300,0.860513,29,0.631120,29,0,2,0,0.631120,0.636869,0.005749,0.005749,0.631120,0.043765,3,15,1,-1,30,21,29,98.833300,86.000000,51.833300,1.078991,0.976250,0.897901,-0.005570,-0.005270,0.000416,0.000000,8,3,5,fixed,8,8,0,0,3.000000,4.000000
2,multi_greedy,8,4,26,0,0,2,3.407528,98.833300,0.425941,30,0.631120,29,0,2,1,0.631120,0.636869,0.005749,0.005749,0.631120,0.043765,3,15,1,0,30,21,29,98.833300,86.000000,51.833300,0.412606,0.363071,0.323553,0.000416,-0.000841,0.003485,0.003485,8,3,5,fixed,8,8,0,0,3.000000,4.000000
2,multi_greedy,8,4,27,2,2,1,2.570506,51.833300,0.856835,29,0.631120,29,0,2,0,0.631120,0.636869,0.005749,0.005749,0.631120,0.043765,3,15,1,-1,30,21,29,98.833300,86.000000,51.833300,1.078991,0.976250,0.898514,-0.005573,-0.005273,0.000416,0.000000,8,3,5,fixed,8,8,0,0,3.000000,4.000000
2,multi_greedy,8,4,28,2,2,4,0.000000,51.833300,0.771705,29,0.631120,29,0,2,0,0.631120,0.636869,0.005749,0.005749,0.631120,0.043765,3,15,1,-1,30,21,29,98.833300,86.000000,51.833300,0.404722,0.465116,0.771705,-0.011977,-0.009670,0.000416,0.000000,8,3,5,fixed,8,8,0,0,3.000000,4.000000
2,multi_greedy,8,4,29,1,1,2,3.043710,86.000000,0.380464,21,0.631120,29,0,1,0,0.631120,0.636869,0.005749,0.005749,0.631120,0.043765,3,15,1,0,30,21,29,98.833300,86.000000,51.833300,0.400013,0.380350,0.323553,-0.000355,0.000416,0.003497,0.003497,8,3,5,fixed,8,8,0,0,3.000000,4.000000
2,multi_greedy,8,4,30,1,1,3,0.000000,86.000000,1.162791,21,0.631120,29,0,1,0,0.631120,0.636869,0.005749,0.005749,0.631120,0.043765,3,15,1,-1,30,21,29,98.833300,86.000000,51.833300,1.011805,1.162791,1.929262,-0.001013,0.000416,0.008205,0.008205,8,3,5,fixed,8,8,0,0,3.000000,4.000000
2,multi_greedy,8,4,31,2,2,3,0.000000,51.833300,1.929262,29,0.631120,29,0,2,0,0.631120,0.636869,0.005749,0.005749,0.631120,0.043765,3,15,1,1,30,21,29,98.833300,86.000000,51.833300,1.011805,1.162791,1.929262,-0.008581,-0.007186,0.000416,0.000000,8,3,5,fixed,8,8,0,0,3.000000,4.000000
2,multi_greedy,8,4,32,1,1,3,0.000000,86.000000,1.162791,21,0.631120,29,0,1,0,0.631120,0.636869,0.005749,0.005749,0.631120,0.043765,3,15,1,-1,30,21,29,98.833300,86.000000,51.833300,1.011805,1.162791,1.929262,-0.001013,0.000416,0.008205,0.008205,8,3,5,fixed,8,8,0,0,3.000000,4.000000
2,multi_greedy,8,4,33,2,2,1,2.861261,51.833300,0.953754,29,0.631120,29,0,2,0,0.631120,0.636869,0.005749,0.005749,0.631120,0.043765,3,15,1,-1,30,21,29,98.833300,86.000000,51.833300,1.078991,0.976250,0.882361,-0.005477,-0.005177,0.000416,0.000000,8,3,5,fixed,8,8,0,0,3.000000,4.000000
2,multi_greedy,8,4,34,0,0,3,0.000000,98.833300,1.011805,30,0.631120,29,0,0,0,0.631120,0.636869,0.005749,0.005749,0.631120,0.043765,3,15,1,1,30,21,29,98.833300,86.000000,51.833300,1.011805,1.162791,1.929262,0.000416,0.001851,0.009676,0.009676,8,3,5,fixed,8,8,0,0,3.000000,4.000000
2,multi_greedy,8,4,35,1,1,2,3.041508,86.000000,0.380188,21,0.631120,29,0,1,0,0.631120,0.636869,0.005749,0.005749,0.631120,0.043765,3,15,1,0,30,21,29,98.833300,86.000000,51.833300,0.400013,0.380378,0.323553,-0.000356,0.000416,0.003496,0.003496,8,3,5,fixed,8,8,0,0,3.000000,4.000000
2,multi_greedy,8,4,36,0,0,2,3.247013,98.833300,0.405877,30,0.631120,29,0,0,0,0.631120,0.636869,0.005749,0.005749,0.631120,0.043765,3,15,1,0,30,21,29,98.833300,86.000000,51.833300,0.413786,0.363071,0.323553,0.000416,-0.000874,0.003452,0.003452,8,3,5,fixed,8,8,0,0,3.000000,4.000000
2,multi_greedy,8,4,37,2,2,4,0.000000,51.833300,0.771705,29,0.631120,29,0,2,0,0.631120,0.636869,0.005749,0.005749,0.631120,0.043765,3,15,1,-1,30,21,29,98.833300,86.000000,51.833300,0.404722,0.465116,0.771705,-0.011977,-0.009670,0.000416,0.000000,8,3,5,fixed,8,8,0,0,3.000000,4.000000
2,multi_greedy,8,4,38,1,1,2,3.040319,86.000000,0.380040,21,0.631120,29,1,1,0,0.631120,0.636869,0.005749,0.005749,0.631120,0.043765,3,15,1,0,30,21,29,98.833300,86.000000,51.833300,0.400013,0.380393,0.323553,-0.000356,0.000416,0.003495,0.003495,8,3,5,fixed,8,8,0,0,3.000000,4.000000
2,multi_greedy,8,4,39,2,2,4,0.000000,51.833300,0.771705,29,0.631120,29,0,2,0,0.631120,0.636869,0.005749,0.005749,0.631120,0.043765,3,15,1,-1,30,21,29,98.833300,86.000000,51.833300,0.404722,0.465116,0.771705,-0.011977,-0.009670,0.000416,0.000000,8,3,5,fixed,8,8,0,0,3.000000,4.000000
2,multi_greedy,8,4,40,0,0,1,3.506847,98.833300,1.168949,30,0.631120,29,0,0,0,0.631120,0.636869,0.005749,0.005749,0.631120,0.043765,3,15,1,-1,30,21,29,98.833300,86.000000,51.833300,1.104159,0.976250,0.862808,0.000416,0.000465,0.005831,0.005831,8,3,5,fixed,8,8,0,0,3.000000,4.000000
2,multi_greedy,8,4,41,1,1,2,3.043700,86.000000,0.380462,21,0.631120,29,0,1,0,0.631120,0.636869,0.005749,0.005749,0.631120,0.043765,3,15,1,0,30,21,29,98.833300,86.000000,51.833300,0.400013,0.380350,0.323553,-0.000355,0.000416,0.003497,0.003497,8,3,5,fixed,8,8,0,0,3.000000,4.000000
2,multi_greedy,8,4,42,2,2,4,0.000000,51.833300,0.771705,29,0.631120,29,0,2,0,0.631120,0.636869,0.005749,0.005749,0.631120,0.043765,3,15,1,-1,30,21,29,98.833300,86.000000,51.833300,0.404722,0.465116,0.771705,-0.011977,-0.009670,0.000416,0.000000,8,3,5,fixed,8,8,0,0,3.000000,4.000000
2,multi_greedy,8,4,43,2,2,1,2.637186,51.833300,0.879062,29,0.631120,29,0,2,0,0.631120,0.636869,0.005749,0.005749,0.631120,0.043765,3,15,1,-1,30,21,29,98.833300,86.000000,51.833300,1.078991,0.976250,0.894809,-0.005552,-0.005252,0.000416,0.000000,8,3,5,fixed,8,8,0,0,3.000000,4.000000
2,multi_greedy,8,4,44,2,2,4,0.000000,51.833300,0.771705,29,0.631120,29,0,2,0,0.631120,0.636869,0.005749,0.005749,0.631120,0.043765,3,15,1,-1,30,21,29,98.833300,86.000000,51.833300,0.404722,0.465116,0.771705,-0.011977,-0.009670,0.000416,0.000000,8,3,5,fixed,8,8,0,0,3.000000,4.000000
2,multi_greedy,8,4,45,1,1,2,3.043710,86.000000,0.380464,21,0.631120,29,0,1,0,0.631120,0.636869,0.005749,0.005749,0.631120,0.043765,3,15,1,0,30,21,29,98.833300,86.000000,51.833300,0.400013,0.380350,0.323553,-0.000355,0.000416,0.003497,0.003497,8,3,5,fixed,8,8,0,0,3.000000,4.000000
2,multi_greedy,8,4,46,2,2,1,2.645037,51.833300,0.881679,29,0.631120,29,0,2,0,0.631120,0.636869,0.005749,0.005749,0.631120,0.043765,3,15,1,-1,30,21,29,98.833300,86.000000,51.833300,1.078991,0.976250,0.894373,-0.005549,-0.005249,0.000416,0.000000,8,3,5,fixed,8,8,0,0,3.000000,4.000000
2,multi_greedy,8,4,47,1,1,3,0.000000,86.000000,1.162791,21,0.631120,29,0,1,0,0.631120,0.636869,0.005749,0.005749,0.631120,0.043765,3,15,1,-1,30,21,29,98.833300,86.000000,51.833300,1.011805,1.162791,1.929262,-0.001013,0.000416,0.008205,0.008205,8,3,5,fixed,8,8,0,0,3.000000,4.000000
2,multi_greedy,8,4,48,2,2,4,0.000000,51.833300,0.771705,29,0.631120,29,0,2,0,0.631120,0.636869,0.005749,0.005749,0.631120,0.043765,3,15,1,-1,30,21,29,98.833300,86.000000,51.833300,0.404722,0.465116,0.771705,-0.011977,-0.009670,0.000416,0.000000,8,3,5,fixed,8,8,0,0,3.000000,4.000000
2,multi_greedy,8,4,49,0,0,2,3.285162,98.833300,0.410645,30,0.631120,29,0,0,0,0.631120,0.636869,0.005749,0.005749,0.631120,0.043765,3,15,1,0,30,21,29,98.833300,86.000000,51.833300,0.413505,0.363071,0.323553,0.000416,-0.000867,0.003460,0.003460,8,3,5,fixed,8,8,0,0,3.000000,4.000000
2,multi_greedy,8,4,50,1,1,3,0.000000,86.000000,1.162791,21,0.631120,29,0,1,0,0.631120,0.636869,0.005749,0.005749,0.631120,0.043765,3,15,1,-1,30,21,29,98.833300,86.000000,51.833300,1.011805,1.162791,1.929262,-0.001013,0.000416,0.008205,0.008205,8,3,5,fixed,8,8,0,0,3.000000,4.000000
2,multi_greedy,8,4,51,0,0,1,3.410049,98.833300,1.136683,30,0.631120,29,0,0,0,0.631120,0.636869,0.005749,0.005749,0.631120,0.043765,3,15,1,-1,30,21,29,98.833300,86.000000,51.833300,1.110612,0.976250,0.862808,0.000416,0.000440,0.005805,0.005805,8,3,5,fixed,8,8,0,0,3.000000,4.000000
2,multi_greedy,8,4,52,1,1,2,3.041578,86.000000,0.380197,21,0.631120,29,0,1,0,0.631120,0.636869,0.005749,0.005749,0.631120,0.043765,3,15,1,0,30,21,29,98.833300,86.000000,51.833300,0.400013,0.380377,0.323553,-0.000356,0.000416,0.003496,0.003496,8,3,5,fixed,8,8,0,0,3.000000,4.000000
2,multi_greedy,8,4,53,0,0,3,0.000000,98.833300,1.011805,30,0.631120,29,0,0,0,0.631120,0.636869,0.005749,0.005749,0.631120,0.043765,3,15,1,1,30,21,29,98.833300,86.000000,51.833300,1.011805,1.162791,1.929262,0.000416,0.001851,0.009676,0.009676,8,3,5,fixed,8,8,0,0,3.000000,4.000000
2,multi_greedy,8,4,54,2,2,3,0.000000,51.833300,1.929262,29,0.631120,29,0,2,0,0.631120,0.636869,0.005749,0.005749,0.631120,0.043765,3,15,1,1,30,21,29,98.833300,86.000000,51.833300,1.011805,1.162791,1.929262,-0.008581,-0.007186,0.000416,0.000000,8,3,5,fixed,8,8,0,0,3.000000,4.000000
2,multi_greedy,8,4,55,0,0,3,0.000000,98.833300,1.011805,30,0.631120,29,0,0,0,0.631120,0.636869,0.005749,0.005749,0.631120,0.043765,3,15,1,1,30,21,29,98.833300,86.000000,51.833300,1.011805,1.162791,1.929262,0.000416,0.001851,0.009676,0.009676,8,3,5,fixed,8,8,0,0,3.000000,4.000000
2,multi_greedy,8,4,56,0,0,3,0.000000,98.833300,1.011805,30,0.631120,29,0,0,0,0.631120,0.636869,0.005749,0.005749,0.631120,0.043765,3,15,1,1,30,21,29,98.833300,86.000000,51.833300,1.011805,1.162791,1.929262,0.000416,0.001851,0.009676,0.009676,8,3,5,fixed,8,8,0,0,3.000000,4.000000
2,multi_greedy,8,4,57,1,1,2,3.043760,86.000000,0.380470,21,0.631120,29,0,2,1,0.631120,0.636869,0.005749,0.005749,0.631120,0.043765,3,15,1,0,30,21,29,98.833300,86.000000,51.833300,0.400013,0.380350,0.323553,-0.000355,0.000416,0.003497,0.003497,8,3,5,fixed,8,8,0,0,3.000000,4.000000
2,multi_greedy,8,4,58,0,0,1,3.506128,98.833300,1.168709,30,0.631120,29,0,0,0,0.631120,0.636869,0.005749,0.005749,0.631120,0.043765,3,15,1,-1,30,21,29,98.833300,86.000000,51.833300,1.104207,0.976250,0.862808,0.000416,0.000465,0.005831,0.005831,8,3,5,fixed,8,8,0,0,3.000000,4.000000
2,multi_greedy,8,4,59,0,0,2,3.368381,98.833300,0.421048,30,0.631120,29,0,0,0,0.631120,0.636869,0.005749,0.005749,0.631120,0.043765,3,15,1,0,30,21,29,98.833300,86.000000,51.833300,0.412893,0.363071,0.323553,0.000416,-0.000849,0.003477,0.003477,8,3,5,fixed,8,8,0,0,3.000000,4.000000
2,multi_greedy,8,4,60,0,0,2,3.285150,98.833300,0.410644,30,0.631120,29,0,0,0,0.631120,0.636869,0.005749,0.005749,0.631120,0.043765,3,15,1,0,30,21,29,98.833300,86.000000,51.833300,0.413505,0.363071,0.323553,0.000416,-0.000867,0.003460,0.003460,8,3,5,fixed,8,8,0,0,3.000000,4.000000
2,multi_greedy,8,4,61,2,2,4,0.000000,51.833300,0.771705,29,0.631120,29,0,2,0,0.631120,0.636869,0.005749,0.005749,0.631120,0.043765,3,15,1,-1,30,21,29,98.833300,86.000000,51.833300,0.404722,0.465116,0.771705,-0.011977,-0.009670,0.000416,0.000000,8,3,5,fixed,8,8,0,0,3.000000,4.000000
2,multi_greedy,8,4,62,0,0,2,3.285138,98.833300,0.410642,30,0.631120,29,0,0,0,0.631120,0.636869,0.005749,0.005749,0.631120,0.043765,3,15,1,0,30,21,29,98.833300,86.000000,51.833300,0.413506,0.363071,0.323553,0.000416,-0.000867,0.003460,0.003460,8,3,5,fixed,8,8,0,0,3.000000,4.000000
2,multi_greedy,8,4,63,2,2,4,0.000000,51.833300,0.771705,29,0.631120,29,0,2,0,0.631120,0.636869,0.005749,0.005749,0.631120,0.043765,3,15,1,-1,30,21,29,98.833300,86.000000,51.833300,0.404722,0.465116,0.771705,-0.011977,-0.009670,0.000416,0.000000,8,3,5,fixed,8,8,0,0,3.000000,4.000000
2,multi_greedy,8,4,64,2,2,4,0.000000,51.833300,0.771705,29,0.631120,29,0,2,0,0.631120,0.636869,0.005749,0.005749,0.631120,0.043765,3,15,1,-1,30,21,29,98.833300,86.000000,51.833300,0.404722,0.465116,0.771705,-0.011977,-0.009670,0.000416,0.000000,8,3,5,fixed,8,8,0,0,3.000000,4.000000
2,multi_greedy,8,4,65,0,0,1,2.633176,98.833300,0.877725,30,0.631120,29,0,0,0,0.631120,0.636869,0.005749,0.005749,0.631120,0.043765,3,15,1,-1,30,21,29,98.833300,86.000000,51.833300,1.162403,0.976250,0.862808,0.000416,0.000247,0.005609,0.005609,8,3,5,fixed,8,8,0,0,3.000000,4.000000
2,multi_greedy,8,4,66,2,2,4,0.000000,51.833300,0.771705,29,0.631120,29,0,2,0,0.631120,0.636869,0.005749,0.005749,0.631120,0.043765,3,15,1,-1,30,21,29,98.833300,86.000000,51.833300,0.404722,0.465116,0.771705,-0.011977,-0.009670,0.000416,0.000000,8,3,5,fixed,8,8,0,0,3.000000,4.000000
2,multi_greedy,8,4,67,2,2,3,0.000000,51.833300,1.929262,29,0.631120,29,0,2,0,0.631120,0.636869,0.005749,0.005749,0.631120,0.043765,3,15,1,1,30,21,29,98.833300,86.000000,51.833300,1.011805,1.162791,1.929262,-0.008581,-0.007186,0.000416,0.000000,8,3,5,fixed,8,8,0,0,3.000000,4.000000
2,multi_greedy,8,4,68,1,1,1,2.629851,86.000000,0.876617,21,0.631120,29,0,1,0,0.631120,0.636869,0.005749,0.005749,0.631120,0.043765,3,15,1,-1,30,21,29,98.833300,86.000000,51.833300,1.078991,1.168859,0.862808,-0.000932,0.000416,0.004720,0.004720,8,3,5,fixed,8,8,0,0,3.000000,4.000000
2,multi_greedy,8,4,69,2,2,4,0.000000,51.833300,0.771705,29,0.631120,29,0,2,0,0.631120,0.636869,0.005749,0.005749,0.631120,0.043765,3,15,1,-1,30,21,29,98.833300,86.000000,51.833300,0.404722,0.465116,0.771705,-0.011977,-0.009670,0.000416,0.000000,8,3,5,fixed,8,8,0,0,3.000000,4.000000
2,multi_greedy,8,4,70,0,0,2,3.367288,98.833300,0.420911,30,0.631120,29,0,0,0,0.631120,0.636869,0.005749,0.005749,0.631120,0.043765,3,15,1,0,30,21,29,98.833300,86.000000,51.833300,0.412901,0.363071,0.323553,0.000416,-0.000850,0.003477,0.003477,8,3,5,fixed,8,8,0,0,3.000000,4.000000
2,multi_greedy,8,4,71,1,1,2,3.043758,86.000000,0.380470,21,0.631120,29,0,1,0,0.631120,0.636869,0.005749,0.005749,0.631120,0.043765,3,15,1,0,30,21,29,98.833300,86.000000,51.833300,0.400013,0.380350,0.323553,-0.000355,0.000416,0.003497,0.003497,8,3,5,fixed,8,8,0,0,3.000000,4.000000
2,multi_greedy,8,4,72,2,2,1,2.790969,51.833300,0.930323,29,0.631120,29,0,2,0,0.631120,0.636869,0.005749,0.005749,0.631120,0.043765,3,15,1,-1,30,21,29,98.833300,86.000000,51.833300,1.078991,0.976250,0.886266,-0.005501,-0.005201,0.000416,0.000000,8,3,5,fixed,8,8,0,0,3.000000,4.000000
2,multi_greedy,8,4,73,1,1,1,3.506577,86.000000,1.168859,21,0.631120,29,0,1,0,0.631120,0.636869,0.005749,0.005749,0.631120,0.043765,3,15,1,-1,30,21,29,98.833300,86.000000,51.833300,1.078991,0.876617,0.862808,0.000420,0.000416,0.006096,0.006096,8,3,5,fixed,8,8,0,0,3.000000,4.000000
2,multi_greedy,8,4,74,0,0,2,3.367229,98.833300,0.420904,30,0.631120,29,0,0,0,0.631120,0.636869,0.005749,0.005749,0.631120,0.043765,3,15,1,0,30,21,29,98.833300,86.000000,51.833300,0.412902,0.363071,0.323553,0.000416,-0.000850,0.003477,0.003477,8,3,5,fixed,8,8,0,0,3.000000,4.000000
2,multi_greedy,8,4,75,0,0,3,0.000000,98.833300,1.011805,30,0.631120,29,0,0,0,0.631120,0.636869,0.005749,0.005749,0.631120,0.043765,3,15,1,1,30,21,29,98.833300,86.000000,51.833300,1.011805,1.162791,1.929262,0.000416,0.001851,0.009676,0.009676,8,3,5,fixed,8,8,0,0,3.000000,4.000000
2,multi_greedy,8,4,76,0,0,2,3.284056,98.833300,0.410507,30,0.631120,29,0,0,0,0.631120,0.636869,0.005749,0.005749,0.631120,0.043765,3,15,1,0,30,21,29,98.833300,86.000000,51.833300,0.413513,0.363071,0.323553,0.000416,-0.000867,0.003459,0.003459,8,3,5,fixed,8,8,0,0,3.000000,4.000000
2,multi_greedy,8,4,77,0,0,2,3.244798,98.833300,0.405600,30,0.631120,29,0,0,0,0.631120,0.636869,0.005749,0.005749,0.631120,0.043765,3,15,1,0,30,21,29,98.833300,86.000000,51.833300,0.413802,0.363071,0.323553,0.000416,-0.000875,0.003451,0.003451,8,3,5,fixed,8,8,0,0,3.000000,4.000000
2,multi_greedy,8,4,78,2,2,4,0.000000,51.833300,0.771705,29,0.631120,29,0,2,0,0.631120,0.636869,0.005749,0.005749,0.631120,0.043765,3,15,1,-1,30,21,29,98.833300,86.000000,51.833300,0.404722,0.465116,0.771705,-0.011977,-0.009670,0.000416,0.000000,8,3,5,fixed,8,8,0,0,3.000000,4.000000
2,multi_greedy,8,4,79,0,0,2,3.365079,98.833300,0.420635,30,0.631120,29,0,0,0,0.631120,0.636869,0.005749,0.005749,0.631120,0.043765,3,15,1,0,30,21,29,98.833300,86.000000,51.833300,0.412918,0.363071,0.323553,0.000416,-0.000850,0.003476,0.003476,8,3,5,fixed,8,8,0,0,3.000000,4.000000
2,multi_greedy,8,4,80,1,1,3,0.000000,86.000000,1.162791,21,0.631120,29,0,1,0,0.631120,0.636869,0.005749,0.005749,0.631120,0.043765,3,15,1,-1,30,21,29,98.833300,86.000000,51.833300,1.011805,1.162791,1.929262,-0.001013,0.000416,0.008205,0.008205,8,3,5,fixed,8,8,0,0,3.000000,4.000000
2,multi_greedy,8,5,1,1,1,3,0.000000,87.333300,1.145039,20,0.472880,29,0,1,0,0.472880,0.472880,0.000000,0.000000,0.472880,-0.158241,0,49,1,-1,28,20,32,99.000000,87.333300,54.166700,1.010101,1.145039,1.846153,-0.032126,-0.031553,-0.033225,0.000000,8,0,8,fixed,8,8,0,0,3.000000,4.000000
2,multi_greedy,8,5,2,0,0,1,3.504511,99.000000,1.168170,28,0.472880,29,0,0,0,0.472880,0.472880,0.000000,0.000000,0.472880,-0.158241,0,49,1,1,28,20,32,99.000000,87.333300,54.166700,1.161901,1.110133,0.816350,-0.031553,-0.031437,-0.034689,0.000000,8,0,8,fixed,8,8,0,0,3.000000,4.000000
2,multi_greedy,8,5,3,2,2,4,0.000000,54.166700,0.738461,32,0.472880,29,0,2,0,0.472880,0.472880,0.000000,0.000000,0.472880,-0.158241,0,49,1,-1,28,20,32,99.000000,87.333300,54.166700,0.404040,0.458015,0.738461,-0.032086,-0.031087,-0.031553,0.000000,8,0,8,fixed,8,8,0,0,3.000000,4.000000
2,multi_greedy,8,5,4,2,2,1,2.544162,54.166700,0.848054,32,0.472880,29,0,2,0,0.472880,0.472880,0.000000,0.000000,0.472880,-0.158241,0,49,1,-1,28,20,32,99.000000,87.333300,54.166700,1.122844,1.110133,0.840829,-0.028702,-0.028435,-0.031553,0.000000,8,0,8,fixed,8,8,0,0,3.000000,4.000000
2,multi_greedy,8,5,5,2,2,4,0.000000,54.166700,0.738461,32,0.472880,29,0,2,0,0.472880,0.472880,0.000000,0.000000,0.472880,-0.158241,0,49,1,-1,28,20,32,99.000000,87.333300,54.166700,0.404040,0.458015,0.738461,-0.032086,-0.031087,-0.031553,0.000000,8,0,8,fixed,8,8,0,0,3.000000,4.000000
2,multi_greedy,8,5,6,2,2,4,0.000000,54.166700,0.738461,32,0.472880,29,0,2,0,0.472880,0.472880,0.000000,0.000000,0.472880,-0.158241,0,49,1,-1,28,20,32,99.000000,87.333300,54.166700,0.404040,0.458015,0.738461,-0.032086,-0.031087,-0.031553,0.000000,8,0,8,fixed,8,8,0,0,3.000000,4.000000
2,multi_greedy,8,5,7,0,0,2,3.607657,99.000000,0.450957,28,0.472880,29,0,0,0,0.472880,0.472880,0.000000,0.000000,0.472880,-0.158241,0,49,1,0,28,20,32,99.000000,87.333300,54.166700,0.458719,0.388170,0.043846,-0.031553,-0.032417,-0.078556,0.000000,8,0,8,fixed,8,8,0,0,3.000000,4.000000
2,multi_greedy,8,5,8,0,0,2,3.675351,99.000000,0.459419,28,0.472880,29,0,0,0,0.472880,0.472880,0.000000,0.000000,0.472880,-0.158241,0,49,1,0,28,20,32,99.000000,87.333300,54.166700,0.458155,0.388170,0.043846,-0.031553,-0.032410,-0.078551,0.000000,8,0,8,fixed,8,8,0,0,3.000000,4.000000
2,multi_greedy,8,5,9,1,1,2,3.335539,87.333300,0.416942,20,0.472880,29,0,1,0,0.472880,0.472880,0.000000,0.000000,0.472880,-0.158241,0,49,1,0,28,20,32,99.000000,87.333300,54.166700,0.442433,0.406538,0.043846,-0.031656,-0.031553,-0.078330,0.000000,8,0,8,fixed,8,8,0,0,3.000000,4.000000
2,multi_greedy,8,5,10,0,0,2,3.673226,99.000000,0.459153,28,0.472880,29,0,0,0,0.472880,0.472880,0.000000,0.000000,0.472880,-0.158241,0,49,1,0,28,20,32,99.000000,87.333300,54.166700,0.458173,0.388170,0.043846,-0.031553,-0.032411,-0.078551,0.000000,8,0,8,fixed,8,8,0,0,3.000000,4.000000
2,multi_greedy,8,5,11,1,1,3,0.000000,87.333300,1.145039,20,0.472880,29,0,1,0,0.472880,0.472880,0.000000,0.000000,0.472880,-0.158241,0,49,1,-1,28,20,32,99.000000,87.333300,54.166700,1.010101,1.145039,1.846153,-0.032126,-0.031553,-0.033225,0.000000,8,0,8,fixed,8,8,0,0,3.000000,4.000000
2,multi_greedy,8,5,12,0,0,2,3.672085,99.000000,0.459011,28,0.472880,29,0,0,0,0.472880,0.472880,0.000000,0.000000,0.472880,-0.158241,0,49,1,0,28,20,32,99.000000,87.333300,54.166700,0.458182,0.388170,0.043846,-0.031553,-0.032411,-0.078551,0.000000,8,0,8,fixed,8,8,0,0,3.000000,4.000000
2,multi_greedy,8,5,13,1,1,3,0.000000,87.333300,1.145039,20,0.472880,29,0,1,0,0.472880,0.472880,0.000000,0.000000,0.472880,-0.158241,0,49,1,-1,28,20,32,99.000000,87.333300,54.166700,1.010101,1.145039,1.846153,-0.032126,-0.031553,-0.033225,0.000000,8,0,8,fixed,8,8,0,0,3.000000,4.000000
2,multi_greedy,8,5,14,2,2,4,0.000000,54.166700,0.738461,32,0.472880,29,0,2,0,0.472880,0.472880,0.000000,0.000000,0.472880,-0.158241,0,49,1,-1,28,20,32,99.000000,87.333300,54.166700,0.404040,0.458015,0.738461,-0.032086,-0.031087,-0.031553,0.000000,8,0,8,fixed,8,8,0,0,3.000000,4.000000
2,multi_greedy,8,5,15,0,0,2,3.672023,99.000000,0.459003,28,0.472880,29,0,0,0,0.472880,0.472880,0.000000,0.000000,0.472880,-0.158241,0,49,1,0,28,20,32,99.000000,87.333300,54.166700,0.458183,0.388170,0.043846,-0.031553,-0.032411,-0.078551,0.000000,8,0,8,fixed,8,8,0,0,3.000000,4.000000
2,multi_greedy,8,5,16,1,1,2,3.331165,87.333300,0.416396,20,0.472880,29,0,1,0,0.472880,0.472880,0.000000,0.000000,0.472880,-0.158241,0,49,1,0,28,20,32,99.000000,87.333300,54.166700,0.442433,0.406598,0.043846,-0.031657,-0.031553,-0.078331,0.000000,8,0,8,fixed,8,8,0,0,3.000000,4.000000
2,multi_greedy,8,5,17,1,1,2,3.234990,87.333300,0.404374,20,0.472880,29,0,1,0,0.472880,0.472880,0.000000,0.000000,0.472880,-0.158241,0,49,1,0,28,20,32,99.000000,87.333300,54.166700,0.442433,0.407934,0.043846,-0.031675,-0.031553,-0.078346,0.000000,8,0,8,fixed,8,8,0,0,3.000000,4.000000
2,multi_greedy,8,5,18,2,2,4,0.000000,54.166700,0.738461,32,0.472880,29,0,2,0,0.472880,0.472880,0.000000,0.000000,0.472880,-0.158241,0,49,1,-1,28,20,32,99.000000,87.333300,54.166700,0.404040,0.458015,0.738461,-0.032086,-0.031087,-0.031553,0.000000,8,0,8,fixed,8,8,0,0,3.000000,4.000000
2,multi_greedy,8,5,19,0,0,3,0.000000,99.000000,1.010101,28,0.472880,29,0,0,0,0.472880,0.472880,0.000000,0.000000,0.472880,-0.158241,0,49,1,1,28,20,32,99.000000,87.333300,54.166700,1.010101,1.145039,1.846153,-0.031553,-0.030979,-0.032655,0.000000,8,0,8,fixed,8,8,0,0,3.000000,4.000000
2,multi_greedy,8,5,20,0,0,1,3.505895,99.000000,1.168632,28,0.472880,29,0,0,0,0.472880,0.472880,0.000000,0.000000,0.472880,-0.158241,0,49,1,1,28,20,32,99.000000,87.333300,54.166700,1.161809,1.110133,0.816350,-0.031553,-0.031437,-0.034688,0.000000,8,0,8,fixed,8,8,0,0,3.000000,4.000000
2,multi_greedy,8,5,21,2,2,4,0.000000,54.166700,0.738461,32,0.472880,29,0,2,0,0.472880,0.472880,0.000000,0.000000,0.472880,-0.158241,0,49,1,-1,28,20,32,99.000000,87.333300,54.166700,0.404040,0.458015,0.738461,-0.032086,-0.031087,-0.031553,0.000000,8,0,8,fixed,8,8,0,0,3.000000,4.000000
2,multi_greedy,8,5,22,2,2,2,0.361726,54.166700,0.045216,32,0.472880,29,1,2,0,0.472880,0.472880,0.000000,0.000000,0.472880,-0.158241,0,49,1,0,28,20,32,99.000000,87.333300,54.166700,0.442433,0.388170,0.045216,0.023383,0.022777,-0.031553,0.023383,8,0,8,fixed,8,8,0,0,3.000000,4.000000
2,multi_greedy,8,5,23,0,0,2,3.654633,99.000000,0.456829,28,0.472880,29,0,0,0,0.472880,0.472880,0.000000,0.000000,0.472880,-0.158241,0,49,1,0,28,20,32,99.000000,87.333300,54.166700,0.458328,0.388170,0.043846,-0.031553,-0.032412,-0.078552,0.000000,8,0,8,fixed,8,8,0,0,3.000000,4.000000
2,multi_greedy,8,5,24,2,2,4,0.000000,54.166700,0.738461,32,0.472880,29,0,2,0,0.472880,0.472880,0.000000,0.000000,0.472880,-0.158241,0,49,1,-1,28,20,32,99.000000,87.333300,54.166700,0.404040,0.458015,0.738461,-0.032086,-0.031087,-0.031553,0.000000,8,0,8,fixed,8,8,0,0,3.000000,4.000000
2,multi_greedy,8,5,25,2,2,1,2.514838,54.166700,0.838279,32,0.472880,29,0,2,0,0.472880,0.472880,0.000000,0.000000,0.472880,-0.158241,0,49,1,-1,28,20,32,99.000000,87.333300,54.166700,1.122844,1.110133,0.842458,-0.028708,-0.028440,-0.031553,0.000000,8,0,8,fixed,8,8,0,0,3.000000,4.000000
2,multi_greedy,8,5,26,2,2,2,0.361726,54.166700,0.045216,32,0.472880,29,0,2,0,0.472880,0.472880,0.000000,0.000000,0.472880,-0.158241,0,49,1,0,28,20,32,99.000000,87.333300,54.166700,0.442433,0.388170,0.045216,0.023383,0.022777,-0.031553,0.023383,8,0,8,fixed,8,8,0,0,3.000000,4.000000
2,multi_greedy,8,5,27,2,2,1,2.672582,54.166700,0.890861,32,0.472880,29,0,2,0,0.472880,0.472880,0.000000,0.000000,0.472880,-0.158241,0,49,1,-1,28,20,32,99.000000,87.333300,54.166700,1.122844,1.110133,0.833695,-0.028678,-0.028410,-0.031553,0.000000,8,0,8,fixed,8,8,0,0,3.000000,4.000000
2,multi_greedy,8,5,28,2,2,4,0.000000,54.166700,0.738461,32,0.472880,29,0,2,0,0.472880,0.472880,0.000000,0.000000,0.472880,-0.158241,0,49,1,-1,28,20,32,99.000000,87.333300,54.166700,0.404040,0.458015,0.738461,-0.032086,-0.031087,-0.031553,0.000000,8,0,8,fixed,8,8,0,0,3.000000,4.000000
2,multi_greedy,8,5,29,1,1,2,3.232656,87.333300,0.404082,20,0.472880,29,0,1,0,0.472880,0.472880,0.000000,0.000000,0.472880,-0.158241,0,49,1,0,28,20,32,99.000000,87.333300,54.166700,0.442433,0.407967,0.043846,-0.031676,-0.031553,-0.078346,0.000000,8,0,8,fixed,8,8,0,0,3.000000,4.000000
2,multi_greedy,8,5,30,1,1,3,0.000000,87.333300,1.145039,20,0.472880,29,0,1,0,0.472880,0.472880,0.000000,0.000000,0.472880,-0.158241,0,49,1,-1,28,20,32,99.000000,87.333300,54.166700,1.010101,1.145039,1.846153,-0.032126,-0.031553,-0.033225,0.000000,8,0,8,fixed,8,8,0,0,3.000000,4.000000
2,multi_greedy,8,5,31,2,2,3,0.000000,54.166700,1.846153,32,0.472880,29,0,2,0,0.472880,0.472880,0.000000,0.000000,0.472880,-0.158241,0,49,1,1,28,20,32,99.000000,87.333300,54.166700,1.010101,1.145039,1.846153,-0.030446,-0.029869,-0.031553,0.000000,8,0,8,fixed,8,8,0,0,3.000000,4.000000
2,multi_greedy,8,5,32,1,1,3,0.000000,87.333300,1.145039,20,0.472880,29,0,1,0,0.472880,0.472880,0.000000,0.000000,0.472880,-0.158241,0,49,1,-1,28,20,32,99.000000,87.333300,54.166700,1.010101,1.145039,1.846153,-0.032126,-0.031553,-0.033225,0.000000,8,0,8,fixed,8,8,0,0,3.000000,4.000000
2,multi_greedy,8,5,33,2,2,1,2.549660,54.166700,0.849887,32,0.472880,29,0,2,0,0.472880,0.472880,0.000000,0.000000,0.472880,-0.158241,0,49,1,-1,28,20,32,99.000000,87.333300,54.166700,1.122844,1.110133,0.840524,-0.028701,-0.028434,-0.031553,0.000000,8,0,8,fixed,8,8,0,0,3.000000,4.000000
2,multi_greedy,8,5,34,0,0,3,0.000000,99.000000,1.010101,28,0.472880,29,0,0,0,0.472880,0.472880,0.000000,0.000000,0.472880,-0.158241,0,49,1,1,28,20,32,99.000000,87.333300,54.166700,1.010101,1.145039,1.846153,-0.031553,-0.030979,-0.032655,0.000000,8,0,8,fixed,8,8,0,0,3.000000,4.000000
2,multi_greedy,8,5,35,1,1,2,3.225118,87.333300,0.403140,20,0.472880,29,0,1,0,0.472880,0.472880,0.000000,0.000000,0.472880,-0.158241,0,49,1,0,28,20,32,99.000000,87.333300,54.166700,0.442433,0.408071,0.043846,-0.031677,-0.031553,-0.078347,0.000000,8,0,8,fixed,8,8,0,0,3.000000,4.000000
2,multi_greedy,8,5,36,0,0,2,3.672066,99.000000,0.459008,28,0.472880,29,0,0,0,0.472880,0.472880,0.000000,0.000000,0.472880,-0.158241,0,49,1,0,28,20,32,99.000000,87.333300,54.166700,0.458183,0.388170,0.043846,-0.031553,-0.032411,-0.078551,0.000000,8,0,8,fixed,8,8,0,0,3.000000,4.000000
2,multi_greedy,8,5,37,2,2,4,0.000000,54.166700,0.738461,32,0.472880,29,0,2,0,0.472880,0.472880,0.000000,0.000000,0.472880,-0.158241,0,49,1,-1,28,20,32,99.000000,87.333300,54.166700,0.404040,0.458015,0.738461,-0.032086,-0.031087,-0.031553,0.000000,8,0,8,fixed,8,8,0,0,3.000000,4.000000
2,multi_greedy,8,5,38,1,1,2,3.225093,87.333300,0.403137,20,0.472880,29,0,1,0,0.472880,0.472880,0.000000,0.000000,0.472880,-0.158241,0,49,1,0,28,20,32,99.000000,87.333300,54.166700,0.442433,0.408072,0.043846,-0.031677,-0.031553,-0.078347,0.000000,8,0,8,fixed,8,8,0,0,3.000000,4.000000
2,multi_greedy,8,5,39,2,2,4,0.000000,54.166700,0.738461,32,0.472880,29,0,2,0,0.472880,0.472880,0.000000,0.000000,0.472880,-0.158241,0,49,1,-1,28,20,32,99.000000,87.333300,54.166700,0.404040,0.458015,0.738461,-0.032086,-0.031087,-0.031553,0.000000,8,0,8,fixed,8,8,0,0,3.000000,4.000000
2,multi_greedy,8,5,40,0,0,1,3.505679,99.000000,1.168560,28,0.472880,29,0,0,0,0.472880,0.472880,0.000000,0.000000,0.472880,-0.158241,0,49,1,1,28,20,32,99.000000,87.333300,54.166700,1.161823,1.110133,0.816350,-0.031553,-0.031437,-0.034688,0.000000,8,0,8,fixed,8,8,0,0,3.000000,4.000000
2,multi_greedy,8,5,41,1,1,2,3.227209,87.333300,0.403401,20,0.472880,29,0,1,0,0.472880,0.472880,0.000000,0.000000,0.472880,-0.158241,0,49,1,0,28,20,32,99.000000,87.333300,54.166700,0.442433,0.408042,0.043846,-0.031677,-0.031553,-0.078347,0.000000,8,0,8,fixed,8,8,0,0,3.000000,4.000000
2,multi_greedy,8,5,42,2,2,4,0.000000,54.166700,0.738461,32,0.472880,29,0,2,0,0.472880,0.472880,0.000000,0.000000,0.472880,-0.158241,0,49,1,-1,28,20,32,99.000000,87.333300,54.166700,0.404040,0.458015,0.738461,-0.032086,-0.031087,-0.031553,0.000000,8,0,8,fixed,8,8,0,0,3.000000,4.000000
2,multi_greedy,8,5,43,2,2,1,2.367036,54.166700,0.789012,32,0.472880,29,0,2,0,0.472880,0.472880,0.000000,0.000000,0.472880,-0.158241,0,49,1,-1,28,20,32,99.000000,87.333300,54.166700,1.122844,1.110133,0.850669,-0.028735,-0.028467,-0.031553,0.000000,8,0,8,fixed,8,8,0,0,3.000000,4.000000
2,multi_greedy,8,5,44,2,2,4,0.000000,54.166700,0.738461,32,0.472880,29,0,2,0,0.472880,0.472880,0.000000,0.000000,0.472880,-0.158241,0,49,1,-1,28,20,32,99.000000,87.333300,54.166700,0.404040,0.458015,0.738461,-0.032086,-0.031087,-0.031553,0.000000,8,0,8,fixed,8,8,0,0,3.000000,4.000000
2,multi_greedy,8,5,45,1,1,2,3.233879,87.333300,0.404235,20,0.472880,29,0,1,0,0.472880,0.472880,0.000000,0.000000,0.472880,-0.158241,0,49,1,0,28,20,32,99.000000,87.333300,54.166700,0.442433,0.407950,0.043846,-0.031676,-0.031553,-0.078346,0.000000,8,0,8,fixed,8,8,0,0,3.000000,4.000000
2,multi_greedy,8,5,46,2,2,1,2.610140,54.166700,0.870047,32,0.472880,29,0,2,0,0.472880,0.472880,0.000000,0.000000,0.472880,-0.158241,0,49,1,-1,28,20,32,99.000000,87.333300,54.166700,1.122844,1.110133,0.837164,-0.028690,-0.028422,-0.031553,0.000000,8,0,8,fixed,8,8,0,0,3.000000,4.000000
2,multi_greedy,8,5,47,1,1,3,0.000000,87.333300,1.145039,20,0.472880,29,0,1,0,0.472880,0.472880,0.000000,0.000000,0.472880,-0.158241,0,49,1,-1,28,20,32,99.000000,87.333300,54.166700,1.010101,1.145039,1.846153,-0.032126,-0.031553,-0.033225,0.000000,8,0,8,fixed,8,8,0,0,3.000000,4.000000
2,multi_greedy,8,5,48,2,2,4,0.000000,54.166700,0.738461,32,0.472880,29,0,2,0,0.472880,0.472880,0.000000,0.000000,0.472880,-0.158241,0,49,1,-1,28,20,32,99.000000,87.333300,54.166700,0.404040,0.458015,0.738461,-0.032086,-0.031087,-0.031553,0.000000,8,0,8,fixed,8,8,0,0,3.000000,4.000000
2,multi_greedy,8,5,49,0,0,2,3.670962,99.000000,0.458870,28,0.472880,29,0,0,0,0.472880,0.472880,0.000000,0.000000,0.472880,-0.158241,0,49,1,0,28,20,32,99.000000,87.333300,54.166700,0.458192,0.388170,0.043846,-0.031553,-0.032411,-0.078551,0.000000,8,0,8,fixed,8,8,0,0,3.000000,4.000000
2,multi_greedy,8,5,50,1,1,3,0.000000,87.333300,1.145039,20,0.472880,29,0,1,0,0.472880,0.472880,0.000000,0.000000,0.472880,-0.158241,0,49,1,-1,28,20,32,99.000000,87.333300,54.166700,1.010101,1.145039,1.846153,-0.032126,-0.031553,-0.033225,0.000000,8,0,8,fixed,8,8,0,0,3.000000,4.000000
2,multi_greedy,8,5,51,0,0,1,3.505517,99.000000,1.168506,28,0.472880,29,0,0,0,0.472880,0.472880,0.000000,0.000000,0.472880,-0.158241,0,49,1,1,28,20,32,99.000000,87.333300,54.166700,1.161834,1.110133,0.816350,-0.031553,-0.031437,-0.034688,0.000000,8,0,8,fixed,8,8,0,0,3.000000,4.000000
2,multi_greedy,8,5,52,1,1,2,3.333335,87.333300,0.416667,20,0.472880,29,0,1,0,0.472880,0.472880,0.000000,0.000000,0.472880,-0.158241,0,49,1,0,28,20,32,99.000000,87.333300,54.166700,0.442433,0.406568,0.043846,-0.031656,-0.031553,-0.078331,0.000000,8,0,8,fixed,8,8,0,0,3.000000,4.000000
2,multi_greedy,8,5,53,0,0,3,0.000000,99.000000,1.010101,28,0.472880,29,0,0,0,0.472880,0.472880,0.000000,0.000000,0.472880,-0.158241,0,49,1,1,28,20,32,99.000000,87.333300,54.166700,1.010101,1.145039,1.846153,-0.031553,-0.030979,-0.032655,0.000000,8,0,8,fixed,8,8,0,0,3.000000,4.000000
2,multi_greedy,8,5,54,2,2,3,0.000000,54.166700,1.846153,32,0.472880,29,0,2,0,0.472880,0.472880,0.000000,0.000000,0.472880,-0.158241,0,49,1,1,28,20,32,99.000000,87.333300,54.166700,1.010101,1.145039,1.846153,-0.030446,-0.029869,-0.031553,0.000000,8,0,8,fixed,8,8,0,0,3.000000,4.000000
2,multi_greedy,8,5,55,0,0,3,0.000000,99.000000,1.010101,28,0.472880,29,0,0,0,0.472880,0.472880,0.000000,0.000000,0.472880,-0.158241,0,49,1,1,28,20,32,99.000000,87.333300,54.166700,1.010101,1.145039,1.846153,-0.031553,-0.030979,-0.032655,0.000000,8,0,8,fixed,8,8,0,0,3.000000,4.000000
2,multi_greedy,8,5,56,0,0,3,0.000000,99.000000,1.010101,28,0.472880,29,0,0,0,0.472880,0.472880,0.000000,0.000000,0.472880,-0.158241,0,49,1,1,28,20,32,99.000000,87.333300,54.166700,1.010101,1.145039,1.846153,-0.031553,-0.030979,-0.032655,0.000000,8,0,8,fixed,8,8,0,0,3.000000,4.000000
2,multi_greedy,8,5,57,2,2,2,0.000000,54.166700,0.100000,32,0.472880,29,0,2,0,0.472880,0.472880,0.000000,0.000000,0.472880,-0.158241,0,49,0,0,28,20,32,99.000000,87.333300,54.166700,0.442433,0.388170,0.045216,0.023383,0.022777,-0.031553,0.023383,8,0,8,fixed,8,8,0,0,3.000000,4.000000
2,multi_greedy,8,5,58,0,0,1,3.508679,99.000000,1.169560,28,0.472880,29,0,0,0,0.472880,0.472880,0.000000,0.000000,0.472880,-0.158241,0,49,1,1,28,20,32,99.000000,87.333300,54.166700,1.161623,1.110133,0.816350,-0.031553,-0.031436,-0.034688,0.000000,8,0,8,fixed,8,8,0,0,3.000000,4.000000
2,multi_greedy,8,5,59,0,0,2,3.708119,99.000000,0.463515,28,0.472880,29,0,0,0,0.472880,0.472880,0.000000,0.000000,0.472880,-0.158241,0,49,1,0,28,20,32,99.000000,87.333300,54.166700,0.457882,0.388170,0.043846,-0.031553,-0.032407,-0.078548,0.000000,8,0,8,fixed,8,8,0,0,3.000000,4.000000
2,multi_greedy,8,5,60,0,0,2,3.617565,99.000000,0.452196,28,0.472880,29,0,0,0,0.472880,0.472880,0.000000,0.000000,0.472880,-0.158241,0,49,1,0,28,20,32,99.000000,87.333300,54.166700,0.458637,0.388170,0.043846,-0.031553,-0.032416,-0.078555,0.000000,8,0,8,fixed,8,8,0,0,3.000000,4.000000
2,multi_greedy,8,5,61,2,2,4,0.000000,54.166700,0.738461,32,0.472880,29,0,2,0,0.472880,0.472880,0.000000,0.000000,0.472880,-0.158241,0,49,1,-1,28,20,32,99.000000,87.333300,54.166700,0.404040,0.458015,0.738461,-0.032086,-0.031087,-0.031553,0.000000,8,0,8,fixed,8,8,0,0,3.000000,4.000000
2,multi_greedy,8,5,62,0,0,2,3.617460,99.000000,0.452182,28,0.472880,29,0,0,0,0.472880,0.472880,0.000000,0.000000,0.472880,-0.158241,0,49,1,0,28,20,32,99.000000,87.333300,54.166700,0.458638,0.388170,0.043846,-0.031553,-0.032416,-0.078555,0.000000,8,0,8,fixed,8,8,0,0,3.000000,4.000000
2,multi_greedy,8,5,63,2,2,4,0.000000,54.166700,0.738461,32,0.472880,29,0,2,0,0.472880,0.472880,0.000000,0.000000,0.472880,-0.158241,0,49,1,-1,28,20,32,99.000000,87.333300,54.166700,0.404040,0.458015,0.738461,-0.032086,-0.031087,-0.031553,0.000000,8,0,8,fixed,8,8,0,0,3.000000,4.000000
2,multi_greedy,8,5,64,2,2,4,0.000000,54.166700,0.738461,32,0.472880,29,0,2,0,0.472880,0.472880,0.000000,0.000000,0.472880,-0.158241,0,49,1,-1,28,20,32,99.000000,87.333300,54.166700,0.404040,0.458015,0.738461,-0.032086,-0.031087,-0.031553,0.000000,8,0,8,fixed,8,8,0,0,3.000000,4.000000
2,multi_greedy,8,5,65,0,0,1,3.402743,99.000000,1.134248,28,0.472880,29,0,0,0,0.472880,0.472880,0.000000,0.000000,0.472880,-0.158241,0,49,1,1,28,20,32,99.000000,87.333300,54.166700,1.168685,1.110133,0.816350,-0.031553,-0.031449,-0.034700,0.000000,8,0,8,fixed,8,8,0,0,3.000000,4.000000
2,multi_greedy,8,5,66,2,2,4,0.000000,54.166700,0.738461,32,0.472880,29,0,2,0,0.472880,0.472880,0.000000,0.000000,0.472880,-0.158241,0,49,1,-1,28,20,32,99.000000,87.333300,54.166700,0.404040,0.458015,0.738461,-0.032086,-0.031087,-0.031553,0.000000,8,0,8,fixed,8,8,0,0,3.000000,4.000000
2,multi_greedy,8,5,67,2,2,3,0.000000,54.166700,1.846153,32,0.472880,29,0,2,0,0.472880,0.472880,0.000000,0.000000,0.472880,-0.158241,0,49,1,1,28,20,32,99.000000,87.333300,54.166700,1.010101,1.145039,1.846153,-0.030446,-0.029869,-0.031553,0.000000,8,0,8,fixed,8,8,0,0,3.000000,4.000000
2,multi_greedy,8,5,68,1,1,1,3.511626,87.333300,1.170542,20,0.472880,29,0,1,0,0.472880,0.472880,0.000000,0.000000,0.472880,-0.158241,0,49,1,-1,28,20,32,99.000000,87.333300,54.166700,1.122844,1.160738,0.816350,-0.032018,-0.031553,-0.035001,0.000000,8,0,8,fixed,8,8,0,0,3.000000,4.000000
2,multi_greedy,8,5,69,2,2,4,0.000000,54.166700,0.738461,32,0.472880,29,0,2,0,0.472880,0.472880,0.000000,0.000000,0.472880,-0.158241,0,49,1,-1,28,20,32,99.000000,87.333300,54.166700,0.404040,0.458015,0.738461,-0.032086,-0.031087,-0.031553,0.000000,8,0,8,fixed,8,8,0,0,3.000000,4.000000
2,multi_greedy,8,5,70,0,0,2,3.708108,99.000000,0.463514,28,0.472880,29,0,0,0,0.472880,0.472880,0.000000,0.000000,0.472880,-0.158241,0,49,1,0,28,20,32,99.000000,87.333300,54.166700,0.457882,0.388170,0.043846,-0.031553,-0.032407,-0.078548,0.000000,8,0,8,fixed,8,8,0,0,3.000000,4.000000
2,multi_greedy,8,5,71,1,1,2,3.227262,87.333300,0.403408,20,0.472880,29,0,1,0,0.472880,0.472880,0.000000,0.000000,0.472880,-0.158241,0,49,1,0,28,20,32,99.000000,87.333300,54.166700,0.442433,0.408041,0.043846,-0.031677,-0.031553,-0.078347,0.000000,8,0,8,fixed,8,8,0,0,3.000000,4.000000
2,multi_greedy,8,5,72,2,2,1,2.420667,54.166700,0.806889,32,0.472880,29,0,2,0,0.472880,0.472880,0.000000,0.000000,0.472880,-0.158241,0,49,1,-1,28,20,32,99.000000,87.333300,54.166700,1.122844,1.110133,0.847690,-0.028725,-0.028458,-0.031553,0.000000,8,0,8,fixed,8,8,0,0,3.000000,4.000000
2,multi_greedy,8,5,73,1,1,1,3.482215,87.333300,1.160738,20,0.472880,29,0,1,0,0.472880,0.472880,0.000000,0.000000,0.472880,-0.158241,0,49,1,-1,28,20,32,99.000000,87.333300,54.166700,1.122844,1.170542,0.816350,-0.032034,-0.031553,-0.035017,0.000000,8,0,8,fixed,8,8,0,0,3.000000,4.000000
2,multi_greedy,8,5,74,0,0,2,3.708097,99.000000,0.463512,28,0.472880,29,0,0,0,0.472880,0.472880,0.000000,0.000000,0.472880,-0.158241,0,49,1,0,28,20,32,99.000000,87.333300,54.166700,0.457882,0.388170,0.043846,-0.031553,-0.032407,-0.078548,0.000000,8,0,8,fixed,8,8,0,0,3.000000,4.000000
2,multi_greedy,8,5,75,0,0,3,0.000000,99.000000,1.010101,28,0.472880,29,0,0,0,0.472880,0.472880,0.000000,0.000000,0.472880,-0.158241,0,49,1,1,28,20,32,99.000000,87.333300,54.166700,1.010101,1.145039,1.846153,-0.031553,-0.030979,-0.032655,0.000000,8,0,8,fixed,8,8,0,0,3.000000,4.000000
2,multi_greedy,8,5,76,0,0,2,3.618548,99.000000,0.452318,28,0.472880,29,0,0,0,0.472880,0.472880,0.000000,0.000000,0.472880,-0.158241,0,49,1,0,28,20,32,99.000000,87.333300,54.166700,0.458629,0.388170,0.043846,-0.031553,-0.032416,-0.078555,0.000000,8,0,8,fixed,8,8,0,0,3.000000,4.000000
2,multi_greedy,8,5,77,0,0,2,3.674358,99.000000,0.459295,28,0.472880,29,0,0,0,0.472880,0.472880,0.000000,0.000000,0.472880,-0.158241,0,49,1,0,28,20,32,99.000000,87.333300,54.166700,0.458164,0.388170,0.043846,-0.031553,-0.032411,-0.078551,0.000000,8,0,8,fixed,8,8,0,0,3.000000,4.000000
2,multi_greedy,8,5,78,2,2,4,0.000000,54.166700,0.738461,32,0.472880,29,0,2,0,0.472880,0.472880,0.000000,0.000000,0.472880,-0.158241,0,49,1,-1,28,20,32,99.000000,87.333300,54.166700,0.404040,0.458015,0.738461,-0.032086,-0.031087,-0.031553,0.000000,8,0,8,fixed,8,8,0,0,3.000000,4.000000
2,multi_greedy,8,5,79,0,0,2,3.703724,99.000000,0.462965,28,0.472880,29,0,0,0,0.472880,0.472880,0.000000,0.000000,0.472880,-0.158241,0,49,1,0,28,20,32,99.000000,87.333300,54.166700,0.457919,0.388170,0.043846,-0.031553,-0.032408,-0.078549,0.000000,8,0,8,fixed,8,8,0,0,3.000000,4.000000
2,multi_greedy,8,5,80,1,1,3,0.000000,87.333300,1.145039,20,0.472880,29,0,1,0,0.472880,0.472880,0.000000,0.000000,0.472880,-0.158241,0,49,1,-1,28,20,32,99.000000,87.333300,54.166700,1.010101,1.145039,1.846153,-0.032126,-0.031553,-0.033225,0.000000,8,0,8,fixed,8,8,0,0,3.000000,4.000000
