seed,method,max_switches,cycle_id,ue_id,previous_bs_id,current_bs_id,app_type,tp_mbps,rtt_ms,satisfaction,num_users_on_current_bs,harmonic_mean,num_unsatisfied_users,target_ue_flag,action_selected_bs_id,switch_flag,h_before,h_after_estimated,reward,estimated_reward,h_after_measured,measured_reward,switch_count,num_degraded_users,measurement_valid,candidate_type,num_users_ap0,num_users_ap1,num_users_ap2,monitor_rtt_ap0,monitor_rtt_ap1,monitor_rtt_ap2,estimated_satisfaction_if_ap0,estimated_satisfaction_if_ap1,estimated_satisfaction_if_ap2,estimated_h_delta_if_ap0,estimated_h_delta_if_ap1,estimated_h_delta_if_ap2,best_estimated_h_delta,effective_max_switches,applied_switches_in_cycle,remaining_switch_budget,k_schedule_type,k_max,k_min,k_decay_rate,stop_action_flag,warmup_before_cycle_sec,cycle_start_offset_sec
3,multi_greedy,8,1,1,1,1,2,3.937634,90.000000,0.492204,28,0.331620,42,0,1,0,0.331620,0.504750,0.173129,0.173129,0.331620,0.000000,8,0,1,0,25,28,27,96.666700,90.000000,63.166700,0.746942,0.492252,0.090377,0.001380,0.000460,-0.017225,0.001380,8,8,0,fixed,8,8,0,0,3.000000,4.000000
3,multi_greedy,8,1,2,2,2,2,0.750788,63.166700,0.093848,27,0.331620,42,0,0,1,0.331620,0.504750,0.173129,0.173129,0.331620,0.000000,8,0,1,0,25,28,27,96.666700,90.000000,63.166700,0.746942,0.475273,0.093713,0.020063,0.018815,0.000460,0.020063,8,8,0,fixed,8,8,0,0,3.000000,4.000000
3,multi_greedy,8,1,3,1,1,2,3.938674,90.000000,0.492334,28,0.331620,42,0,1,0,0.331620,0.504750,0.173129,0.173129,0.331620,0.000000,8,0,1,0,25,28,27,96.666700,90.000000,63.166700,0.746942,0.492236,0.090377,0.001380,0.000460,-0.017225,0.001380,8,8,0,fixed,8,8,0,0,3.000000,4.000000
3,multi_greedy,8,1,4,0,0,1,3.517062,96.666700,1.172354,25,0.331620,42,0,0,0,0.331620,0.504750,0.173129,0.173129,0.331620,0.000000,8,0,1,-1,25,28,27,96.666700,90.000000,63.166700,1.164599,1.128767,0.558273,0.000460,0.000313,-0.006897,0.000313,8,8,0,fixed,8,8,0,0,3.000000,4.000000
3,multi_greedy,8,1,5,0,0,2,6.219575,96.666700,0.777447,25,0.331620,42,0,0,0,0.331620,0.504750,0.173129,0.173129,0.331620,0.000000,8,0,1,-1,25,28,27,96.666700,90.000000,63.166700,0.776715,0.475273,0.090377,0.000460,-0.000794,-0.018172,0.000000,8,8,0,fixed,8,8,0,0,3.000000,4.000000
3,multi_greedy,8,1,6,1,1,4,0.000000,90.000000,0.444444,28,0.331620,42,0,1,0,0.331620,0.504750,0.173129,0.173129,0.331620,0.000000,8,0,1,0,25,28,27,96.666700,90.000000,63.166700,0.413793,0.444444,0.633245,0.000293,0.000460,-0.004663,0.000293,8,8,0,fixed,8,8,0,0,3.000000,4.000000
3,multi_greedy,8,1,7,0,0,4,0.000000,96.666700,0.413793,25,0.331620,42,0,0,0,0.331620,0.504750,0.173129,0.173129,0.331620,0.000000,8,0,1,0,25,28,27,96.666700,90.000000,63.166700,0.413793,0.444444,0.633245,0.000460,0.000628,-0.004501,0.000628,8,8,0,fixed,8,8,0,0,3.000000,4.000000
3,multi_greedy,8,1,8,2,2,4,0.000000,63.166700,0.633245,27,0.331620,42,0,2,0,0.331620,0.504750,0.173129,0.173129,0.331620,0.000000,8,0,1,-1,25,28,27,96.666700,90.000000,63.166700,0.413793,0.444444,0.633245,0.005575,0.005747,0.000460,0.005747,8,8,0,fixed,8,8,0,0,3.000000,4.000000
3,multi_greedy,8,1,9,2,2,4,0.000000,63.166700,0.633245,27,0.331620,42,0,2,0,0.331620,0.504750,0.173129,0.173129,0.331620,0.000000,8,0,1,-1,25,28,27,96.666700,90.000000,63.166700,0.413793,0.444444,0.633245,0.005575,0.005747,0.000460,0.005747,8,8,0,fixed,8,8,0,0,3.000000,4.000000
3,multi_greedy,8,1,10,2,2,2,0.750751,63.166700,0.093844,27,0.331620,42,0,2,0,0.331620,0.504750,0.173129,0.173129,0.331620,0.000000,8,0,1,0,25,28,27,96.666700,90.000000,63.166700,0.746942,0.475273,0.093713,0.020063,0.018815,0.000460,0.020063,8,8,0,fixed,8,8,0,0,3.000000,4.000000
3,multi_greedy,8,1,11,1,1,2,3.938757,90.000000,0.492345,28,0.331620,42,0,1,0,0.331620,0.504750,0.173129,0.173129,0.331620,0.000000,8,0,1,0,25,28,27,96.666700,90.000000,63.166700,0.746942,0.492235,0.090377,0.001380,0.000460,-0.017225,0.001380,8,8,0,fixed,8,8,0,0,3.000000,4.000000
3,multi_greedy,8,1,12,2,2,4,0.000000,63.166700,0.633245,27,0.331620,42,0,2,0,0.331620,0.504750,0.173129,0.173129,0.331620,0.000000,8,0,1,-1,25,28,27,96.666700,90.000000,63.166700,0.413793,0.444444,0.633245,0.005575,0.005747,0.000460,0.005747,8,8,0,fixed,8,8,0,0,3.000000,4.000000
3,multi_greedy,8,1,13,2,2,2,0.750775,63.166700,0.093847,27,0.331620,42,0,0,1,0.331620,0.504750,0.173129,0.173129,0.331620,0.000000,8,0,1,0,25,28,27,96.666700,90.000000,63.166700,0.746942,0.475273,0.093713,0.020063,0.018815,0.000460,0.020063,8,8,0,fixed,8,8,0,0,3.000000,4.000000
3,multi_greedy,8,1,14,1,1,2,3.936570,90.000000,0.492071,28,0.331620,42,0,1,0,0.331620,0.504750,0.173129,0.173129,0.331620,0.000000,8,0,1,0,25,28,27,96.666700,90.000000,63.166700,0.746942,0.492269,0.090377,0.001380,0.000460,-0.017225,0.001380,8,8,0,fixed,8,8,0,0,3.000000,4.000000
3,multi_greedy,8,1,15,0,0,1,3.418535,96.666700,1.139512,25,0.331620,42,0,0,0,0.331620,0.504750,0.173129,0.173129,0.331620,0.000000,8,0,1,-1,25,28,27,96.666700,90.000000,63.166700,1.169291,1.128767,0.558273,0.000460,0.000309,-0.006901,0.000309,8,8,0,fixed,8,8,0,0,3.000000,4.000000
3,multi_greedy,8,1,16,1,1,4,0.000000,90.000000,0.444444,28,0.331620,42,0,1,0,0.331620,0.504750,0.173129,0.173129,0.331620,0.000000,8,0,1,0,25,28,27,96.666700,90.000000,63.166700,0.413793,0.444444,0.633245,0.000293,0.000460,-0.004663,0.000293,8,8,0,fixed,8,8,0,0,3.000000,4.000000
3,multi_greedy,8,1,17,2,2,4,0.000000,63.166700,0.633245,27,0.331620,42,0,2,0,0.331620,0.504750,0.173129,0.173129,0.331620,0.000000,8,0,1,-1,25,28,27,96.666700,90.000000,63.166700,0.413793,0.444444,0.633245,0.005575,0.005747,0.000460,0.005747,8,8,0,fixed,8,8,0,0,3.000000,4.000000
3,multi_greedy,8,1,18,1,1,4,0.000000,90.000000,0.444444,28,0.331620,42,0,1,0,0.331620,0.504750,0.173129,0.173129,0.331620,0.000000,8,0,1,0,25,28,27,96.666700,90.000000,63.166700,0.413793,0.444444,0.633245,0.000293,0.000460,-0.004663,0.000293,8,8,0,fixed,8,8,0,0,3.000000,4.000000
3,multi_greedy,8,1,19,0,0,2,6.218482,96.666700,0.777310,25,0.331620,42,0,0,0,0.331620,0.504750,0.173129,0.173129,0.331620,0.000000,8,0,1,-1,25,28,27,96.666700,90.000000,63.166700,0.776738,0.475273,0.090377,0.000460,-0.000794,-0.018172,0.000000,8,8,0,fixed,8,8,0,0,3.000000,4.000000
3,multi_greedy,8,1,20,1,1,3,0.000000,90.000000,1.111111,28,0.331620,42,0,1,0,0.331620,0.504750,0.173129,0.173129,0.331620,0.000000,8,0,1,1,25,28,27,96.666700,90.000000,63.166700,1.034482,1.111111,1.583113,0.000431,0.000460,-0.005200,0.000431,8,8,0,fixed,8,8,0,0,3.000000,4.000000
3,multi_greedy,8,1,21,1,1,4,0.000000,90.000000,0.444444,28,0.331620,42,0,1,0,0.331620,0.504750,0.173129,0.173129,0.331620,0.000000,8,0,1,0,25,28,27,96.666700,90.000000,63.166700,0.413793,0.444444,0.633245,0.000293,0.000460,-0.004663,0.000293,8,8,0,fixed,8,8,0,0,3.000000,4.000000
3,multi_greedy,8,1,22,0,0,4,0.000000,96.666700,0.413793,25,0.331620,42,0,0,0,0.331620,0.504750,0.173129,0.173129,0.331620,0.000000,8,0,1,0,25,28,27,96.666700,90.000000,63.166700,0.413793,0.444444,0.633245,0.000460,0.000628,-0.004501,0.000628,8,8,0,fixed,8,8,0,0,3.000000,4.000000
3,multi_greedy,8,1,23,0,0,2,6.218434,96.666700,0.777304,25,0.331620,42,0,0,0,0.331620,0.504750,0.173129,0.173129,0.331620,0.000000,8,0,1,-1,25,28,27,96.666700,90.000000,63.166700,0.776739,0.475273,0.090377,0.000460,-0.000794,-0.018172,0.000000,8,8,0,fixed,8,8,0,0,3.000000,4.000000
3,multi_greedy,8,1,24,0,0,3,0.000000,96.666700,1.034482,25,0.331620,42,0,0,0,0.331620,0.504750,0.173129,0.173129,0.331620,0.000000,8,0,1,-1,25,28,27,96.666700,90.000000,63.166700,1.034482,1.111111,1.583113,0.000460,0.000490,-0.005171,0.000490,8,8,0,fixed,8,8,0,0,3.000000,4.000000
3,multi_greedy,8,1,25,2,2,1,1.844783,63.166700,0.614928,27,0.331620,42,0,2,0,0.331620,0.504750,0.173129,0.173129,0.331620,0.000000,8,0,1,-1,25,28,27,96.666700,90.000000,63.166700,1.120739,1.128767,0.571754,0.007906,0.007850,0.000460,0.007906,8,8,0,fixed,8,8,0,0,3.000000,4.000000
3,multi_greedy,8,1,26,1,1,4,0.000000,90.000000,0.444444,28,0.331620,42,0,1,0,0.331620,0.504750,0.173129,0.173129,0.331620,0.000000,8,0,1,0,25,28,27,96.666700,90.000000,63.166700,0.413793,0.444444,0.633245,0.000293,0.000460,-0.004663,0.000293,8,8,0,fixed,8,8,0,0,3.000000,4.000000
3,multi_greedy,8,1,27,0,0,1,3.506489,96.666700,1.168830,25,0.331620,42,0,0,0,0.331620,0.504750,0.173129,0.173129,0.331620,0.000000,8,0,1,-1,25,28,27,96.666700,90.000000,63.166700,1.165102,1.128767,0.558273,0.000460,0.000313,-0.006897,0.000313,8,8,0,fixed,8,8,0,0,3.000000,4.000000
3,multi_greedy,8,1,28,2,2,2,0.750771,63.166700,0.093846,27,0.331620,42,0,0,1,0.331620,0.504750,0.173129,0.173129,0.331620,0.000000,8,0,1,0,25,28,27,96.666700,90.000000,63.166700,0.746942,0.475273,0.093713,0.020063,0.018815,0.000460,0.020063,8,8,0,fixed,8,8,0,0,3.000000,4.000000
3,multi_greedy,8,1,29,2,2,2,0.750747,63.166700,0.093843,27,0.331620,42,0,2,0,0.331620,0.504750,0.173129,0.173129,0.331620,0.000000,8,0,1,0,25,28,27,96.666700,90.000000,63.166700,0.746942,0.475273,0.093713,0.020063,0.018815,0.000460,0.020063,8,8,0,fixed,8,8,0,0,3.000000,4.000000
3,multi_greedy,8,1,30,0,0,3,0.000000,96.666700,1.034482,25,0.331620,42,0,0,0,0.331620,0.504750,0.173129,0.173129,0.331620,0.000000,8,0,1,-1,25,28,27,96.666700,90.000000,63.166700,1.034482,1.111111,1.583113,0.000460,0.000490,-0.005171,0.000490,8,8,0,fixed,8,8,0,0,3.000000,4.000000
3,multi_greedy,8,1,31,1,1,4,0.000000,90.000000,0.444444,28,0.331620,42,0,1,0,0.331620,0.504750,0.173129,0.173129,0.331620,0.000000,8,0,1,0,25,28,27,96.666700,90.000000,63.166700,0.413793,0.444444,0.633245,0.000293,0.000460,-0.004663,0.000293,8,8,0,fixed,8,8,0,0,3.000000,4.000000
3,multi_greedy,8,1,32,2,2,2,0.749642,63.166700,0.093705,27,0.331620,42,0,2,0,0.331620,0.504750,0.173129,0.173129,0.331620,0.000000,8,0,1,0,25,28,27,96.666700,90.000000,63.166700,0.746942,0.475273,0.093726,0.020061,0.018813,0.000460,0.020061,8,8,0,fixed,8,8,0,0,3.000000,4.000000
3,multi_greedy,8,1,33,1,1,3,0.000000,90.000000,1.111111,28,0.331620,42,0,1,0,0.331620,0.504750,0.173129,0.173129,0.331620,0.000000,8,0,1,1,25,28,27,96.666700,90.000000,63.166700,1.034482,1.111111,1.583113,0.000431,0.000460,-0.005200,0.000431,8,8,0,fixed,8,8,0,0,3.000000,4.000000
3,multi_greedy,8,1,34,1,1,2,3.937571,90.000000,0.492196,28,0.331620,42,0,1,0,0.331620,0.504750,0.173129,0.173129,0.331620,0.000000,8,0,1,0,25,28,27,96.666700,90.000000,63.166700,0.746942,0.492253,0.090377,0.001380,0.000460,-0.017225,0.001380,8,8,0,fixed,8,8,0,0,3.000000,4.000000
3,multi_greedy,8,1,35,0,0,1,3.507445,96.666700,1.169148,25,0.331620,42,0,0,0,0.331620,0.504750,0.173129,0.173129,0.331620,0.000000,8,0,1,-1,25,28,27,96.666700,90.000000,63.166700,1.165057,1.128767,0.558273,0.000460,0.000313,-0.006897,0.000313,8,8,0,fixed,8,8,0,0,3.000000,4.000000
3,multi_greedy,8,1,36,0,0,2,6.218434,96.666700,0.777304,25,0.331620,42,0,0,0,0.331620,0.504750,0.173129,0.173129,0.331620,0.000000,8,0,1,-1,25,28,27,96.666700,90.000000,63.166700,0.776739,0.475273,0.090377,0.000460,-0.000794,-0.018172,0.000000,8,8,0,fixed,8,8,0,0,3.000000,4.000000
3,multi_greedy,8,1,37,2,2,4,0.000000,63.166700,0.633245,27,0.331620,42,0,2,0,0.331620,0.504750,0.173129,0.173129,0.331620,0.000000,8,0,1,-1,25,28,27,96.666700,90.000000,63.166700,0.413793,0.444444,0.633245,0.005575,0.005747,0.000460,0.005747,8,8,0,fixed,8,8,0,0,3.000000,4.000000
3,multi_greedy,8,1,38,0,0,1,3.505986,96.666700,1.168662,25,0.331620,42,0,0,0,0.331620,0.504750,0.173129,0.173129,0.331620,0.000000,8,0,1,-1,25,28,27,96.666700,90.000000,63.166700,1.165126,1.128767,0.558273,0.000460,0.000313,-0.006897,0.000313,8,8,0,fixed,8,8,0,0,3.000000,4.000000
3,multi_greedy,8,1,39,2,2,2,0.737672,63.166700,0.092209,27,0.331620,42,1,2,0,0.331620,0.504750,0.173129,0.173129,0.331620,0.000000,8,0,1,0,25,28,27,96.666700,90.000000,63.166700,0.746942,0.475273,0.093862,0.020038,0.018790,0.000460,0.020038,8,8,0,fixed,8,8,0,0,3.000000,4.000000
3,multi_greedy,8,1,40,1,1,2,3.937567,90.000000,0.492196,28,0.331620,42,0,1,0,0.331620,0.504750,0.173129,0.173129,0.331620,0.000000,8,0,1,0,25,28,27,96.666700,90.000000,63.166700,0.746942,0.492253,0.090377,0.001380,0.000460,-0.017225,0.001380,8,8,0,fixed,8,8,0,0,3.000000,4.000000
3,multi_greedy,8,1,41,1,1,4,0.000000,90.000000,0.444444,28,0.331620,42,0,1,0,0.331620,0.504750,0.173129,0.173129,0.331620,0.000000,8,0,1,0,25,28,27,96.666700,90.000000,63.166700,0.413793,0.444444,0.633245,0.000293,0.000460,-0.004663,0.000293,8,8,0,fixed,8,8,0,0,3.000000,4.000000
3,multi_greedy,8,1,42,0,0,3,0.000000,96.666700,1.034482,25,0.331620,42,0,0,0,0.331620,0.504750,0.173129,0.173129,0.331620,0.000000,8,0,1,-1,25,28,27,96.666700,90.000000,63.166700,1.034482,1.111111,1.583113,0.000460,0.000490,-0.005171,0.000490,8,8,0,fixed,8,8,0,0,3.000000,4.000000
3,multi_greedy,8,1,43,1,1,3,0.000000,90.000000,1.111111,28,0.331620,42,0,1,0,0.331620,0.504750,0.173129,0.173129,0.331620,0.000000,8,0,1,1,25,28,27,96.666700,90.000000,63.166700,1.034482,1.111111,1.583113,0.000431,0.000460,-0.005200,0.000431,8,8,0,fixed,8,8,0,0,3.000000,4.000000
3,multi_greedy,8,1,44,1,1,4,0.000000,90.000000,0.444444,28,0.331620,42,0,1,0,0.331620,0.504750,0.173129,0.173129,0.331620,0.000000,8,0,1,0,25,28,27,96.666700,90.000000,63.166700,0.413793,0.444444,0.633245,0.000293,0.000460,-0.004663,0.000293,8,8,0,fixed,8,8,0,0,3.000000,4.000000
3,multi_greedy,8,1,45,0,0,1,3.505991,96.666700,1.168664,25,0.331620,42,0,0,0,0.331620,0.504750,0.173129,0.173129,0.331620,0.000000,8,0,1,-1,25,28,27,96.666700,90.000000,63.166700,1.165126,1.128767,0.558273,0.000460,0.000313,-0.006897,0.000313,8,8,0,fixed,8,8,0,0,3.000000,4.000000
3,multi_greedy,8,1,46,0,0,3,0.000000,96.666700,1.034482,25,0.331620,42,0,0,0,0.331620,0.504750,0.173129,0.173129,0.331620,0.000000,8,0,1,-1,25,28,27,96.666700,90.000000,63.166700,1.034482,1.111111,1.583113,0.000460,0.000490,-0.005171,0.000490,8,8,0,fixed,8,8,0,0,3.000000,4.000000
3,multi_greedy,8,1,47,0,0,4,0.000000,96.666700,0.413793,25,0.331620,42,0,0,0,0.331620,0.504750,0.173129,0.173129,0.331620,0.000000,8,0,1,0,25,28,27,96.666700,90.000000,63.166700,0.413793,0.444444,0.633245,0.000460,0.000628,-0.004501,0.000628,8,8,0,fixed,8,8,0,0,3.000000,4.000000
3,multi_greedy,8,1,48,2,2,4,0.000000,63.166700,0.633245,27,0.331620,42,0,2,0,0.331620,0.504750,0.173129,0.173129,0.331620,0.000000,8,0,1,-1,25,28,27,96.666700,90.000000,63.166700,0.413793,0.444444,0.633245,0.005575,0.005747,0.000460,0.005747,8,8,0,fixed,8,8,0,0,3.000000,4.000000
3,multi_greedy,8,1,49,2,2,4,0.000000,63.166700,0.633245,27,0.331620,42,0,2,0,0.331620,0.504750,0.173129,0.173129,0.331620,0.000000,8,0,1,-1,25,28,27,96.666700,90.000000,63.166700,0.413793,0.444444,0.633245,0.005575,0.005747,0.000460,0.005747,8,8,0,fixed,8,8,0,0,3.000000,4.000000
3,multi_greedy,8,1,50,2,2,2,0.751928,63.166700,0.093991,27,0.331620,42,0,0,1,0.331620,0.504750,0.173129,0.173129,0.331620,0.000000,8,0,1,0,25,28,27,96.666700,90.000000,63.166700,0.746942,0.475273,0.093700,0.020066,0.018817,0.000460,0.020066,8,8,0,fixed,8,8,0,0,3.000000,4.000000
3,multi_greedy,8,1,51,1,1,4,0.000000,90.000000,0.444444,28,0.331620,42,0,1,0,0.331620,0.504750,0.173129,0.173129,0.331620,0.000000,8,0,1,0,25,28,27,96.666700,90.000000,63.166700,0.413793,0.444444,0.633245,0.000293,0.000460,-0.004663,0.000293,8,8,0,fixed,8,8,0,0,3.000000,4.000000
3,multi_greedy,8,1,52,0,0,2,6.218434,96.666700,0.777304,25,0.331620,42,0,0,0,0.331620,0.504750,0.173129,0.173129,0.331620,0.000000,8,0,1,-1,25,28,27,96.666700,90.000000,63.166700,0.776739,0.475273,0.090377,0.000460,-0.000794,-0.018172,0.000000,8,8,0,fixed,8,8,0,0,3.000000,4.000000
3,multi_greedy,8,1,53,2,2,1,1.812405,63.166700,0.604135,27,0.331620,42,0,2,0,0.331620,0.504750,0.173129,0.173129,0.331620,0.000000,8,0,1,-1,25,28,27,96.666700,90.000000,63.166700,1.120739,1.128767,0.573913,0.007897,0.007841,0.000460,0.007897,8,8,0,fixed,8,8,0,0,3.000000,4.000000
3,multi_greedy,8,1,54,1,1,2,3.940870,90.000000,0.492609,28,0.331620,42,0,1,0,0.331620,0.504750,0.173129,0.173129,0.331620,0.000000,8,0,1,0,25,28,27,96.666700,90.000000,63.166700,0.746942,0.492202,0.090377,0.001380,0.000460,-0.017225,0.001380,8,8,0,fixed,8,8,0,0,3.000000,4.000000
3,multi_greedy,8,1,55,1,1,4,0.000000,90.000000,0.444444,28,0.331620,42,0,1,0,0.331620,0.504750,0.173129,0.173129,0.331620,0.000000,8,0,1,0,25,28,27,96.666700,90.000000,63.166700,0.413793,0.444444,0.633245,0.000293,0.000460,-0.004663,0.000293,8,8,0,fixed,8,8,0,0,3.000000,4.000000
3,multi_greedy,8,1,56,1,1,2,3.936498,90.000000,0.492062,28,0.331620,42,0,1,0,0.331620,0.504750,0.173129,0.173129,0.331620,0.000000,8,0,1,0,25,28,27,96.666700,90.000000,63.166700,0.746942,0.492270,0.090377,0.001380,0.000460,-0.017225,0.001380,8,8,0,fixed,8,8,0,0,3.000000,4.000000
3,multi_greedy,8,1,57,1,1,4,0.000000,90.000000,0.444444,28,0.331620,42,0,1,0,0.331620,0.504750,0.173129,0.173129,0.331620,0.000000,8,0,1,0,25,28,27,96.666700,90.000000,63.166700,0.413793,0.444444,0.633245,0.000293,0.000460,-0.004663,0.000293,8,8,0,fixed,8,8,0,0,3.000000,4.000000
3,multi_greedy,8,1,58,2,2,1,1.864403,63.166700,0.621468,27,0.331620,42,0,2,0,0.331620,0.504750,0.173129,0.173129,0.331620,0.000000,8,0,1,-1,25,28,27,96.666700,90.000000,63.166700,1.120739,1.128767,0.570446,0.007912,0.007856,0.000460,0.007912,8,8,0,fixed,8,8,0,0,3.000000,4.000000
3,multi_greedy,8,1,59,0,0,2,6.188982,96.666700,0.773623,25,0.331620,42,0,0,0,0.331620,0.504750,0.173129,0.173129,0.331620,0.000000,8,0,1,-1,25,28,27,96.666700,90.000000,63.166700,0.777352,0.475273,0.090377,0.000460,-0.000795,-0.018173,0.000000,8,8,0,fixed,8,8,0,0,3.000000,4.000000
3,multi_greedy,8,1,60,2,2,1,1.877162,63.166700,0.625721,27,0.331620,42,0,2,0,0.331620,0.504750,0.173129,0.173129,0.331620,0.000000,8,0,1,-1,25,28,27,96.666700,90.000000,63.166700,1.120739,1.128767,0.569596,0.007916,0.007860,0.000460,0.007916,8,8,0,fixed,8,8,0,0,3.000000,4.000000
3,multi_greedy,8,1,61,1,1,4,0.000000,90.000000,0.444444,28,0.331620,42,0,1,0,0.331620,0.504750,0.173129,0.173129,0.331620,0.000000,8,0,1,0,25,28,27,96.666700,90.000000,63.166700,0.413793,0.444444,0.633245,0.000293,0.000460,-0.004663,0.000293,8,8,0,fixed,8,8,0,0,3.000000,4.000000
3,multi_greedy,8,1,62,0,0,4,0.000000,96.666700,0.413793,25,0.331620,42,0,0,0,0.331620,0.504750,0.173129,0.173129,0.331620,0.000000,8,0,1,0,25,28,27,96.666700,90.000000,63.166700,0.413793,0.444444,0.633245,0.000460,0.000628,-0.004501,0.000628,8,8,0,fixed,8,8,0,0,3.000000,4.000000
3,multi_greedy,8,1,63,0,0,2,6.219551,96.666700,0.777444,25,0.331620,42,0,0,0,0.331620,0.504750,0.173129,0.173129,0.331620,0.000000,8,0,1,-1,25,28,27,96.666700,90.000000,63.166700,0.776715,0.475273,0.090377,0.000460,-0.000794,-0.018172,0.000000,8,8,0,fixed,8,8,0,0,3.000000,4.000000
3,multi_greedy,8,1,64,1,1,4,0.000000,90.000000,0.444444,28,0.331620,42,0,1,0,0.331620,0.504750,0.173129,0.173129,0.331620,0.000000,8,0,1,0,25,28,27,96.666700,90.000000,63.166700,0.413793,0.444444,0.633245,0.000293,0.000460,-0.004663,0.000293,8,8,0,fixed,8,8,0,0,3.000000,4.000000
3,multi_greedy,8,1,65,1,1,4,0.000000,90.000000,0.444444,28,0.331620,42,0,1,0,0.331620,0.504750,0.173129,0.173129,0.331620,0.000000,8,0,1,0,25,28,27,96.666700,90.000000,63.166700,0.413793,0.444444,0.633245,0.000293,0.000460,-0.004663,0.000293,8,8,0,fixed,8,8,0,0,3.000000,4.000000
3,multi_greedy,8,1,66,0,0,3,0.000000,96.666700,1.034482,25,0.331620,42,0,0,0,0.331620,0.504750,0.173129,0.173129,0.331620,0.000000,8,0,1,-1,25,28,27,96.666700,90.000000,63.166700,1.034482,1.111111,1.583113,0.000460,0.000490,-0.005171,0.000490,8,8,0,fixed,8,8,0,0,3.000000,4.000000
3,multi_greedy,8,1,67,2,2,2,0.750848,63.166700,0.093856,27,0.331620,42,0,0,1,0.331620,0.504750,0.173129,0.173129,0.331620,0.000000,8,0,1,0,25,28,27,96.666700,90.000000,63.166700,0.746942,0.475273,0.093712,0.020063,0.018815,0.000460,0.020063,8,8,0,fixed,8,8,0,0,3.000000,4.000000
3,multi_greedy,8,1,68,2,2,4,0.000000,63.166700,0.633245,27,0.331620,42,0,2,0,0.331620,0.504750,0.173129,0.173129,0.331620,0.000000,8,0,1,-1,25,28,27,96.666700,90.000000,63.166700,0.413793,0.444444,0.633245,0.005575,0.005747,0.000460,0.005747,8,8,0,fixed,8,8,0,0,3.000000,4.000000
3,multi_greedy,8,1,69,1,1,4,0.000000,90.000000,0.444444,28,0.331620,42,0,1,0,0.331620,0.504750,0.173129,0.173129,0.331620,0.000000,8,0,1,0,25,28,27,96.666700,90.000000,63.166700,0.413793,0.444444,0.633245,0.000293,0.000460,-0.004663,0.000293,8,8,0,fixed,8,8,0,0,3.000000,4.000000
3,multi_greedy,8,1,70,2,2,2,0.751899,63.166700,0.093987,27,0.331620,42,0,0,1,0.331620,0.504750,0.173129,0.173129,0.331620,0.000000,8,0,1,0,25,28,27,96.666700,90.000000,63.166700,0.746942,0.475273,0.093700,0.020065,0.018817,0.000460,0.020065,8,8,0,fixed,8,8,0,0,3.000000,4.000000
3,multi_greedy,8,1,71,0,0,1,3.506306,96.666700,1.168769,25,0.331620,42,0,0,0,0.331620,0.504750,0.173129,0.173129,0.331620,0.000000,8,0,1,-1,25,28,27,96.666700,90.000000,63.166700,1.165111,1.128767,0.558273,0.000460,0.000313,-0.006897,0.000313,8,8,0,fixed,8,8,0,0,3.000000,4.000000
3,multi_greedy,8,1,72,1,1,1,3.507242,90.000000,1.169081,28,0.331620,42,0,1,0,0.331620,0.504750,0.173129,0.173129,0.331620,0.000000,8,0,1,1,25,28,27,96.666700,90.000000,63.166700,1.120739,1.312658,0.558273,0.000306,0.000460,-0.006955,0.000306,8,8,0,fixed,8,8,0,0,3.000000,4.000000
3,multi_greedy,8,1,73,0,0,1,3.505824,96.666700,1.168608,25,0.331620,42,0,0,0,0.331620,0.504750,0.173129,0.173129,0.331620,0.000000,8,0,1,-1,25,28,27,96.666700,90.000000,63.166700,1.165134,1.128767,0.558273,0.000460,0.000313,-0.006897,0.000313,8,8,0,fixed,8,8,0,0,3.000000,4.000000
3,multi_greedy,8,1,74,2,2,2,0.750836,63.166700,0.093855,27,0.331620,42,0,0,1,0.331620,0.504750,0.173129,0.173129,0.331620,0.000000,8,0,1,0,25,28,27,96.666700,90.000000,63.166700,0.746942,0.475273,0.093712,0.020063,0.018815,0.000460,0.020063,8,8,0,fixed,8,8,0,0,3.000000,4.000000
3,multi_greedy,8,1,75,2,2,4,0.000000,63.166700,0.633245,27,0.331620,42,0,2,0,0.331620,0.504750,0.173129,0.173129,0.331620,0.000000,8,0,1,-1,25,28,27,96.666700,90.000000,63.166700,0.413793,0.444444,0.633245,0.005575,0.005747,0.000460,0.005747,8,8,0,fixed,8,8,0,0,3.000000,4.000000
3,multi_greedy,8,1,76,1,1,2,3.937629,90.000000,0.492204,28,0.331620,42,0,1,0,0.331620,0.504750,0.173129,0.173129,0.331620,0.000000,8,0,1,0,25,28,27,96.666700,90.000000,63.166700,0.746942,0.492252,0.090377,0.001380,0.000460,-0.017225,0.001380,8,8,0,fixed,8,8,0,0,3.000000,4.000000
3,multi_greedy,8,1,77,2,2,1,1.223988,63.166700,0.407996,27,0.331620,42,0,2,0,0.331620,0.504750,0.173129,0.173129,0.331620,0.000000,8,0,1,0,25,28,27,96.666700,90.000000,63.166700,1.120739,1.128767,0.613141,0.007743,0.007687,0.000460,0.007743,8,8,0,fixed,8,8,0,0,3.000000,4.000000
3,multi_greedy,8,1,78,2,2,2,0.750859,63.166700,0.093857,27,0.331620,42,0,0,1,0.331620,0.504750,0.173129,0.173129,0.331620,0.000000,8,0,1,0,25,28,27,96.666700,90.000000,63.166700,0.746942,0.475273,0.093712,0.020063,0.018815,0.000460,0.020063,8,8,0,fixed,8,8,0,0,3.000000,4.000000
3,multi_greedy,8,1,79,0,0,4,0.000000,96.666700,0.413793,25,0.331620,42,0,0,0,0.331620,0.504750,0.173129,0.173129,0.331620,0.000000,8,0,1,0,25,28,27,96.666700,90.000000,63.166700,0.413793,0.444444,0.633245,0.000460,0.000628,-0.004501,0.000628,8,8,0,fixed,8,8,0,0,3.000000,4.000000
3,multi_greedy,8,1,80,2,2,1,1.798354,63.166700,0.599451,27,0.331620,42,0,2,0,0.331620,0.504750,0.173129,0.173129,0.331620,0.000000,8,0,1,-1,25,28,27,96.666700,90.000000,63.166700,1.120739,1.128767,0.574849,0.007893,0.007837,0.000460,0.007893,8,8,0,fixed,8,8,0,0,3.000000,4.000000
3,multi_greedy,8,2,1,1,1,2,3.897244,90.000000,0.487155,28,0.419926,48,0,1,0,0.419926,0.589906,0.169980,0.169980,0.419926,0.088305,8,26,1,0,33,28,19,98.333300,90.000000,54.166700,0.415095,0.492790,0.066316,-0.002057,0.000231,-0.031941,0.000000,8,8,0,fixed,8,8,0,0,3.000000,4.000000
3,multi_greedy,8,2,2,0,0,2,3.420828,98.333300,0.427604,33,0.419926,48,0,0,0,0.419926,0.589906,0.169980,0.169980,0.419926,0.088305,8,26,1,0,33,28,19,98.333300,90.000000,54.166700,0.427679,0.475193,0.066316,0.000231,0.001899,-0.030239,0.001899,8,8,0,fixed,8,8,0,0,3.000000,4.000000
3,multi_greedy,8,2,3,1,1,2,3.946365,90.000000,0.493296,28,0.419926,48,0,1,0,0.419926,0.589906,0.169980,0.169980,0.419926,0.088305,8,26,1,0,33,28,19,98.333300,90.000000,54.166700,0.415095,0.492023,0.066316,-0.002050,0.000231,-0.031936,0.000000,8,8,0,fixed,8,8,0,0,3.000000,4.000000
3,multi_greedy,8,2,4,0,0,1,3.508355,98.333300,1.169452,33,0.419926,48,0,0,0,0.419926,0.589906,0.169980,0.169980,0.419926,0.088305,8,26,1,1,33,28,19,98.333300,90.000000,54.166700,1.167088,1.129034,0.907272,0.000231,0.001416,-0.004886,0.001416,8,8,0,fixed,8,8,0,0,3.000000,4.000000
3,multi_greedy,8,2,5,0,0,2,3.420768,98.333300,0.427596,33,0.419926,48,0,0,0,0.419926,0.589906,0.169980,0.169980,0.419926,0.088305,8,26,1,0,33,28,19,98.333300,90.000000,54.166700,0.427680,0.475193,0.066316,0.000231,0.001899,-0.030239,0.001899,8,8,0,fixed,8,8,0,0,3.000000,4.000000
3,multi_greedy,8,2,6,1,1,4,0.000000,90.000000,0.444444,28,0.419926,48,0,1,0,0.419926,0.589906,0.169980,0.169980,0.419926,0.088305,8,26,1,0,33,28,19,98.333300,90.000000,54.166700,0.406780,0.444444,0.738461,-0.001524,0.000231,-0.003640,0.000000,8,8,0,fixed,8,8,0,0,3.000000,4.000000
3,multi_greedy,8,2,7,0,0,4,0.000000,98.333300,0.406780,33,0.419926,48,0,2,1,0.419926,0.589906,0.169980,0.169980,0.419926,0.088305,8,26,1,0,33,28,19,98.333300,90.000000,54.166700,0.406780,0.444444,0.738461,0.000231,0.002000,-0.001903,0.002000,8,8,0,fixed,8,8,0,0,3.000000,4.000000
3,multi_greedy,8,2,8,2,2,4,0.000000,54.166700,0.738461,19,0.419926,48,0,2,0,0.419926,0.589906,0.169980,0.169980,0.419926,0.088305,8,26,1,-1,33,28,19,98.333300,90.000000,54.166700,0.406780,0.444444,0.738461,0.002387,0.004174,0.000231,0.004174,8,8,0,fixed,8,8,0,0,3.000000,4.000000
3,multi_greedy,8,2,9,2,2,4,0.000000,54.166700,0.738461,19,0.419926,48,0,2,0,0.419926,0.589906,0.169980,0.169980,0.419926,0.088305,8,26,1,-1,33,28,19,98.333300,90.000000,54.166700,0.406780,0.444444,0.738461,0.002387,0.004174,0.000231,0.004174,8,8,0,fixed,8,8,0,0,3.000000,4.000000
3,multi_greedy,8,2,10,2,2,2,0.558457,54.166700,0.069807,19,0.419926,48,0,1,1,0.419926,0.589906,0.169980,0.169980,0.419926,0.088305,8,26,1,0,33,28,19,98.333300,90.000000,54.166700,0.415095,0.475193,0.069806,0.031626,0.033919,0.000231,0.033919,8,8,0,fixed,8,8,0,0,3.000000,4.000000
3,multi_greedy,8,2,11,1,1,2,3.943110,90.000000,0.492889,28,0.419926,48,0,1,0,0.419926,0.589906,0.169980,0.169980,0.419926,0.088305,8,26,1,0,33,28,19,98.333300,90.000000,54.166700,0.415095,0.492073,0.066316,-0.002051,0.000231,-0.031936,0.000000,8,8,0,fixed,8,8,0,0,3.000000,4.000000
3,multi_greedy,8,2,12,2,2,4,0.000000,54.166700,0.738461,19,0.419926,48,0,2,0,0.419926,0.589906,0.169980,0.169980,0.419926,0.088305,8,26,1,-1,33,28,19,98.333300,90.000000,54.166700,0.406780,0.444444,0.738461,0.002387,0.004174,0.000231,0.004174,8,8,0,fixed,8,8,0,0,3.000000,4.000000
3,multi_greedy,8,2,13,0,0,2,3.420699,98.333300,0.427587,33,0.419926,48,0,0,0,0.419926,0.589906,0.169980,0.169980,0.419926,0.088305,8,26,1,0,33,28,19,98.333300,90.000000,54.166700,0.427680,0.475193,0.066316,0.000231,0.001899,-0.030239,0.001899,8,8,0,fixed,8,8,0,0,3.000000,4.000000
3,multi_greedy,8,2,14,1,1,2,3.941008,90.000000,0.492626,28,0.419926,48,0,1,0,0.419926,0.589906,0.169980,0.169980,0.419926,0.088305,8,26,1,0,33,28,19,98.333300,90.000000,54.166700,0.415095,0.492106,0.066316,-0.002051,0.000231,-0.031936,0.000000,8,8,0,fixed,8,8,0,0,3.000000,4.000000
3,multi_greedy,8,2,15,0,0,1,3.495451,98.333300,1.165150,33,0.419926,48,0,0,0,0.419926,0.589906,0.169980,0.169980,0.419926,0.088305,8,26,1,1,33,28,19,98.333300,90.000000,54.166700,1.167703,1.129034,0.907272,0.000231,0.001415,-0.004887,0.001415,8,8,0,fixed,8,8,0,0,3.000000,4.000000
3,multi_greedy,8,2,16,1,1,4,0.000000,90.000000,0.444444,28,0.419926,48,0,1,0,0.419926,0.589906,0.169980,0.169980,0.419926,0.088305,8,26,1,0,33,28,19,98.333300,90.000000,54.166700,0.406780,0.444444,0.738461,-0.001524,0.000231,-0.003640,0.000000,8,8,0,fixed,8,8,0,0,3.000000,4.000000
3,multi_greedy,8,2,17,2,2,4,0.000000,54.166700,0.738461,19,0.419926,48,0,2,0,0.419926,0.589906,0.169980,0.169980,0.419926,0.088305,8,26,1,-1,33,28,19,98.333300,90.000000,54.166700,0.406780,0.444444,0.738461,0.002387,0.004174,0.000231,0.004174,8,8,0,fixed,8,8,0,0,3.000000,4.000000
3,multi_greedy,8,2,18,1,1,4,0.000000,90.000000,0.444444,28,0.419926,48,0,1,0,0.419926,0.589906,0.169980,0.169980,0.419926,0.088305,8,26,1,0,33,28,19,98.333300,90.000000,54.166700,0.406780,0.444444,0.738461,-0.001524,0.000231,-0.003640,0.000000,8,8,0,fixed,8,8,0,0,3.000000,4.000000
3,multi_greedy,8,2,19,0,0,2,3.421802,98.333300,0.427725,33,0.419926,48,0,0,0,0.419926,0.589906,0.169980,0.169980,0.419926,0.088305,8,26,1,0,33,28,19,98.333300,90.000000,54.166700,0.427670,0.475193,0.066316,0.000231,0.001900,-0.030239,0.001900,8,8,0,fixed,8,8,0,0,3.000000,4.000000
3,multi_greedy,8,2,20,1,1,3,0.000000,90.000000,1.111111,28,0.419926,48,0,1,0,0.419926,0.589906,0.169980,0.169980,0.419926,0.088305,8,26,1,1,33,28,19,98.333300,90.000000,54.166700,1.016949,1.111111,1.846153,-0.001250,0.000231,-0.004801,0.000000,8,8,0,fixed,8,8,0,0,3.000000,4.000000
3,multi_greedy,8,2,21,1,1,4,0.000000,90.000000,0.444444,28,0.419926,48,0,1,0,0.419926,0.589906,0.169980,0.169980,0.419926,0.088305,8,26,1,0,33,28,19,98.333300,90.000000,54.166700,0.406780,0.444444,0.738461,-0.001524,0.000231,-0.003640,0.000000,8,8,0,fixed,8,8,0,0,3.000000,4.000000
3,multi_greedy,8,2,22,0,0,4,0.000000,98.333300,0.406780,33,0.419926,48,0,2,1,0.419926,0.589906,0.169980,0.169980,0.419926,0.088305,8,26,1,0,33,28,19,98.333300,90.000000,54.166700,0.406780,0.444444,0.738461,0.000231,0.002000,-0.001903,0.002000,8,8,0,fixed,8,8,0,0,3.000000,4.000000
3,multi_greedy,8,2,23,0,0,2,3.422878,98.333300,0.427860,33,0.419926,48,0,0,0,0.419926,0.589906,0.169980,0.169980,0.419926,0.088305,8,26,1,0,33,28,19,98.333300,90.000000,54.166700,0.427661,0.475193,0.066316,0.000231,0.001900,-0.030239,0.001900,8,8,0,fixed,8,8,0,0,3.000000,4.000000
3,multi_greedy,8,2,24,0,0,3,0.000000,98.333300,1.016949,33,0.419926,48,0,0,0,0.419926,0.589906,0.169980,0.169980,0.419926,0.088305,8,26,1,1,33,28,19,98.333300,90.000000,54.166700,1.016949,1.111111,1.846153,0.000231,0.001722,-0.003345,0.001722,8,8,0,fixed,8,8,0,0,3.000000,4.000000
3,multi_greedy,8,2,25,2,2,1,2.787266,54.166700,0.929089,19,0.419926,48,0,2,0,0.419926,0.589906,0.169980,0.169980,0.419926,0.088305,8,26,1,-1,33,28,19,98.333300,90.000000,54.166700,1.133049,1.129034,0.960209,0.005097,0.006427,0.000231,0.006427,8,8,0,fixed,8,8,0,0,3.000000,4.000000
3,multi_greedy,8,2,26,1,1,4,0.000000,90.000000,0.444444,28,0.419926,48,0,1,0,0.419926,0.589906,0.169980,0.169980,0.419926,0.088305,8,26,1,0,33,28,19,98.333300,90.000000,54.166700,0.406780,0.444444,0.738461,-0.001524,0.000231,-0.003640,0.000000,8,8,0,fixed,8,8,0,0,3.000000,4.000000
3,multi_greedy,8,2,27,0,0,1,3.507852,98.333300,1.169284,33,0.419926,48,0,0,0,0.419926,0.589906,0.169980,0.169980,0.419926,0.088305,8,26,1,1,33,28,19,98.333300,90.000000,54.166700,1.167112,1.129034,0.907272,0.000231,0.001416,-0.004886,0.001416,8,8,0,fixed,8,8,0,0,3.000000,4.000000
3,multi_greedy,8,2,28,0,0,2,3.420676,98.333300,0.427585,33,0.419926,48,0,0,0,0.419926,0.589906,0.169980,0.169980,0.419926,0.088305,8,26,1,0,33,28,19,98.333300,90.000000,54.166700,0.427680,0.475193,0.066316,0.000231,0.001899,-0.030239,0.001899,8,8,0,fixed,8,8,0,0,3.000000,4.000000
3,multi_greedy,8,2,29,2,2,2,0.558410,54.166700,0.069801,19,0.419926,48,1,1,1,0.419926,0.589906,0.169980,0.169980,0.419926,0.088305,8,26,1,0,33,28,19,98.333300,90.000000,54.166700,0.415095,0.475193,0.069808,0.031625,0.033918,0.000231,0.033918,8,8,0,fixed,8,8,0,0,3.000000,4.000000
3,multi_greedy,8,2,30,0,0,3,0.000000,98.333300,1.016949,33,0.419926,48,0,0,0,0.419926,0.589906,0.169980,0.169980,0.419926,0.088305,8,26,1,1,33,28,19,98.333300,90.000000,54.166700,1.016949,1.111111,1.846153,0.000231,0.001722,-0.003345,0.001722,8,8,0,fixed,8,8,0,0,3.000000,4.000000
3,multi_greedy,8,2,31,1,1,4,0.000000,90.000000,0.444444,28,0.419926,48,0,1,0,0.419926,0.589906,0.169980,0.169980,0.419926,0.088305,8,26,1,0,33,28,19,98.333300,90.000000,54.166700,0.406780,0.444444,0.738461,-0.001524,0.000231,-0.003640,0.000000,8,8,0,fixed,8,8,0,0,3.000000,4.000000
3,multi_greedy,8,2,32,2,2,2,0.558429,54.166700,0.069804,19,0.419926,48,0,1,1,0.419926,0.589906,0.169980,0.169980,0.419926,0.088305,8,26,1,0,33,28,19,98.333300,90.000000,54.166700,0.415095,0.475193,0.069807,0.031626,0.033918,0.000231,0.033918,8,8,0,fixed,8,8,0,0,3.000000,4.000000
3,multi_greedy,8,2,33,1,1,3,0.000000,90.000000,1.111111,28,0.419926,48,0,1,0,0.419926,0.589906,0.169980,0.169980,0.419926,0.088305,8,26,1,1,33,28,19,98.333300,90.000000,54.166700,1.016949,1.111111,1.846153,-0.001250,0.000231,-0.004801,0.000000,8,8,0,fixed,8,8,0,0,3.000000,4.000000
3,multi_greedy,8,2,34,1,1,2,3.938792,90.000000,0.492349,28,0.419926,48,0,1,0,0.419926,0.589906,0.169980,0.169980,0.419926,0.088305,8,26,1,0,33,28,19,98.333300,90.000000,54.166700,0.415095,0.492141,0.066316,-0.002051,0.000231,-0.031937,0.000000,8,8,0,fixed,8,8,0,0,3.000000,4.000000
3,multi_greedy,8,2,35,0,0,1,3.491250,98.333300,1.163750,33,0.419926,48,0,0,0,0.419926,0.589906,0.169980,0.169980,0.419926,0.088305,8,26,1,1,33,28,19,98.333300,90.000000,54.166700,1.167903,1.129034,0.907272,0.000231,0.001414,-0.004887,0.001414,8,8,0,fixed,8,8,0,0,3.000000,4.000000
3,multi_greedy,8,2,36,0,0,2,3.422888,98.333300,0.427861,33,0.419926,48,0,0,0,0.419926,0.589906,0.169980,0.169980,0.419926,0.088305,8,26,1,0,33,28,19,98.333300,90.000000,54.166700,0.427661,0.475193,0.066316,0.000231,0.001900,-0.030239,0.001900,8,8,0,fixed,8,8,0,0,3.000000,4.000000
3,multi_greedy,8,2,37,2,2,4,0.000000,54.166700,0.738461,19,0.419926,48,0,2,0,0.419926,0.589906,0.169980,0.169980,0.419926,0.088305,8,26,1,-1,33,28,19,98.333300,90.000000,54.166700,0.406780,0.444444,0.738461,0.002387,0.004174,0.000231,0.004174,8,8,0,fixed,8,8,0,0,3.000000,4.000000
3,multi_greedy,8,2,38,0,0,1,3.494284,98.333300,1.164761,33,0.419926,48,0,0,0,0.419926,0.589906,0.169980,0.169980,0.419926,0.088305,8,26,1,1,33,28,19,98.333300,90.000000,54.166700,1.167758,1.129034,0.907272,0.000231,0.001415,-0.004887,0.001415,8,8,0,fixed,8,8,0,0,3.000000,4.000000
3,multi_greedy,8,2,39,2,2,2,0.558505,54.166700,0.069813,19,0.419926,48,0,1,1,0.419926,0.589906,0.169980,0.169980,0.419926,0.088305,8,26,1,0,33,28,19,98.333300,90.000000,54.166700,0.415095,0.475193,0.069804,0.031627,0.033920,0.000231,0.033920,8,8,0,fixed,8,8,0,0,3.000000,4.000000
3,multi_greedy,8,2,40,1,1,2,3.942062,90.000000,0.492758,28,0.419926,48,0,1,0,0.419926,0.589906,0.169980,0.169980,0.419926,0.088305,8,26,1,0,33,28,19,98.333300,90.000000,54.166700,0.415095,0.492090,0.066316,-0.002051,0.000231,-0.031936,0.000000,8,8,0,fixed,8,8,0,0,3.000000,4.000000
3,multi_greedy,8,2,41,1,1,4,0.000000,90.000000,0.444444,28,0.419926,48,0,1,0,0.419926,0.589906,0.169980,0.169980,0.419926,0.088305,8,26,1,0,33,28,19,98.333300,90.000000,54.166700,0.406780,0.444444,0.738461,-0.001524,0.000231,-0.003640,0.000000,8,8,0,fixed,8,8,0,0,3.000000,4.000000
3,multi_greedy,8,2,42,0,0,3,0.000000,98.333300,1.016949,33,0.419926,48,0,0,0,0.419926,0.589906,0.169980,0.169980,0.419926,0.088305,8,26,1,1,33,28,19,98.333300,90.000000,54.166700,1.016949,1.111111,1.846153,0.000231,0.001722,-0.003345,0.001722,8,8,0,fixed,8,8,0,0,3.000000,4.000000
3,multi_greedy,8,2,43,1,1,3,0.000000,90.000000,1.111111,28,0.419926,48,0,1,0,0.419926,0.589906,0.169980,0.169980,0.419926,0.088305,8,26,1,1,33,28,19,98.333300,90.000000,54.166700,1.016949,1.111111,1.846153,-0.001250,0.000231,-0.004801,0.000000,8,8,0,fixed,8,8,0,0,3.000000,4.000000
3,multi_greedy,8,2,44,1,1,4,0.000000,90.000000,0.444444,28,0.419926,48,0,1,0,0.419926,0.589906,0.169980,0.169980,0.419926,0.088305,8,26,1,0,33,28,19,98.333300,90.000000,54.166700,0.406780,0.444444,0.738461,-0.001524,0.000231,-0.003640,0.000000,8,8,0,fixed,8,8,0,0,3.000000,4.000000
3,multi_greedy,8,2,45,0,0,1,3.505858,98.333300,1.168619,33,0.419926,48,0,0,0,0.419926,0.589906,0.169980,0.169980,0.419926,0.088305,8,26,1,1,33,28,19,98.333300,90.000000,54.166700,1.167207,1.129034,0.907272,0.000231,0.001415,-0.004886,0.001415,8,8,0,fixed,8,8,0,0,3.000000,4.000000
3,multi_greedy,8,2,46,0,0,3,0.000000,98.333300,1.016949,33,0.419926,48,0,0,0,0.419926,0.589906,0.169980,0.169980,0.419926,0.088305,8,26,1,1,33,28,19,98.333300,90.000000,54.166700,1.016949,1.111111,1.846153,0.000231,0.001722,-0.003345,0.001722,8,8,0,fixed,8,8,0,0,3.000000,4.000000
3,multi_greedy,8,2,47,0,0,4,0.000000,98.333300,0.406780,33,0.419926,48,0,2,1,0.419926,0.589906,0.169980,0.169980,0.419926,0.088305,8,26,1,0,33,28,19,98.333300,90.000000,54.166700,0.406780,0.444444,0.738461,0.000231,0.002000,-0.001903,0.002000,8,8,0,fixed,8,8,0,0,3.000000,4.000000
3,multi_greedy,8,2,48,2,2,4,0.000000,54.166700,0.738461,19,0.419926,48,0,2,0,0.419926,0.589906,0.169980,0.169980,0.419926,0.088305,8,26,1,-1,33,28,19,98.333300,90.000000,54.166700,0.406780,0.444444,0.738461,0.002387,0.004174,0.000231,0.004174,8,8,0,fixed,8,8,0,0,3.000000,4.000000
3,multi_greedy,8,2,49,2,2,4,0.000000,54.166700,0.738461,19,0.419926,48,0,2,0,0.419926,0.589906,0.169980,0.169980,0.419926,0.088305,8,26,1,-1,33,28,19,98.333300,90.000000,54.166700,0.406780,0.444444,0.738461,0.002387,0.004174,0.000231,0.004174,8,8,0,fixed,8,8,0,0,3.000000,4.000000
3,multi_greedy,8,2,50,0,0,2,3.420752,98.333300,0.427594,33,0.419926,48,0,0,0,0.419926,0.589906,0.169980,0.169980,0.419926,0.088305,8,26,1,0,33,28,19,98.333300,90.000000,54.166700,0.427680,0.475193,0.066316,0.000231,0.001899,-0.030239,0.001899,8,8,0,fixed,8,8,0,0,3.000000,4.000000
3,multi_greedy,8,2,51,1,1,4,0.000000,90.000000,0.444444,28,0.419926,48,0,1,0,0.419926,0.589906,0.169980,0.169980,0.419926,0.088305,8,26,1,0,33,28,19,98.333300,90.000000,54.166700,0.406780,0.444444,0.738461,-0.001524,0.000231,-0.003640,0.000000,8,8,0,fixed,8,8,0,0,3.000000,4.000000
3,multi_greedy,8,2,52,0,0,2,3.422952,98.333300,0.427869,33,0.419926,48,0,0,0,0.419926,0.589906,0.169980,0.169980,0.419926,0.088305,8,26,1,0,33,28,19,98.333300,90.000000,54.166700,0.427660,0.475193,0.066316,0.000231,0.001900,-0.030239,0.001900,8,8,0,fixed,8,8,0,0,3.000000,4.000000
3,multi_greedy,8,2,53,2,2,1,2.828197,54.166700,0.942732,19,0.419926,48,0,2,0,0.419926,0.589906,0.169980,0.169980,0.419926,0.088305,8,26,1,-1,33,28,19,98.333300,90.000000,54.166700,1.133049,1.129034,0.957481,0.005104,0.006433,0.000231,0.006433,8,8,0,fixed,8,8,0,0,3.000000,4.000000
3,multi_greedy,8,2,54,1,1,2,3.942062,90.000000,0.492758,28,0.419926,48,0,1,0,0.419926,0.589906,0.169980,0.169980,0.419926,0.088305,8,26,1,0,33,28,19,98.333300,90.000000,54.166700,0.415095,0.492090,0.066316,-0.002051,0.000231,-0.031936,0.000000,8,8,0,fixed,8,8,0,0,3.000000,4.000000
3,multi_greedy,8,2,55,1,1,4,0.000000,90.000000,0.444444,28,0.419926,48,0,1,0,0.419926,0.589906,0.169980,0.169980,0.419926,0.088305,8,26,1,0,33,28,19,98.333300,90.000000,54.166700,0.406780,0.444444,0.738461,-0.001524,0.000231,-0.003640,0.000000,8,8,0,fixed,8,8,0,0,3.000000,4.000000
3,multi_greedy,8,2,56,1,1,2,3.943138,90.000000,0.492892,28,0.419926,48,0,1,0,0.419926,0.589906,0.169980,0.169980,0.419926,0.088305,8,26,1,0,33,28,19,98.333300,90.000000,54.166700,0.415095,0.492073,0.066316,-0.002051,0.000231,-0.031936,0.000000,8,8,0,fixed,8,8,0,0,3.000000,4.000000
3,multi_greedy,8,2,57,1,1,4,0.000000,90.000000,0.444444,28,0.419926,48,0,1,0,0.419926,0.589906,0.169980,0.169980,0.419926,0.088305,8,26,1,0,33,28,19,98.333300,90.000000,54.166700,0.406780,0.444444,0.738461,-0.001524,0.000231,-0.003640,0.000000,8,8,0,fixed,8,8,0,0,3.000000,4.000000
3,multi_greedy,8,2,58,2,2,1,2.810464,54.166700,0.936821,19,0.419926,48,0,2,0,0.419926,0.589906,0.169980,0.169980,0.419926,0.088305,8,26,1,-1,33,28,19,98.333300,90.000000,54.166700,1.133049,1.129034,0.958663,0.005101,0.006431,0.000231,0.006431,8,8,0,fixed,8,8,0,0,3.000000,4.000000
3,multi_greedy,8,2,59,0,0,2,3.422929,98.333300,0.427866,33,0.419926,48,0,0,0,0.419926,0.589906,0.169980,0.169980,0.419926,0.088305,8,26,1,0,33,28,19,98.333300,90.000000,54.166700,0.427660,0.475193,0.066316,0.000231,0.001900,-0.030239,0.001900,8,8,0,fixed,8,8,0,0,3.000000,4.000000
3,multi_greedy,8,2,60,2,2,1,2.773826,54.166700,0.924609,19,0.419926,48,0,2,0,0.419926,0.589906,0.169980,0.169980,0.419926,0.088305,8,26,1,-1,33,28,19,98.333300,90.000000,54.166700,1.133049,1.129034,0.961105,0.005095,0.006425,0.000231,0.006425,8,8,0,fixed,8,8,0,0,3.000000,4.000000
3,multi_greedy,8,2,61,1,1,4,0.000000,90.000000,0.444444,28,0.419926,48,0,1,0,0.419926,0.589906,0.169980,0.169980,0.419926,0.088305,8,26,1,0,33,28,19,98.333300,90.000000,54.166700,0.406780,0.444444,0.738461,-0.001524,0.000231,-0.003640,0.000000,8,8,0,fixed,8,8,0,0,3.000000,4.000000
3,multi_greedy,8,2,62,0,0,4,0.000000,98.333300,0.406780,33,0.419926,48,0,0,0,0.419926,0.589906,0.169980,0.169980,0.419926,0.088305,8,26,1,0,33,28,19,98.333300,90.000000,54.166700,0.406780,0.444444,0.738461,0.000231,0.002000,-0.001903,0.002000,8,8,0,fixed,8,8,0,0,3.000000,4.000000
3,multi_greedy,8,2,63,0,0,2,3.420726,98.333300,0.427591,33,0.419926,48,0,0,0,0.419926,0.589906,0.169980,0.169980,0.419926,0.088305,8,26,1,0,33,28,19,98.333300,90.000000,54.166700,0.427680,0.475193,0.066316,0.000231,0.001899,-0.030239,0.001899,8,8,0,fixed,8,8,0,0,3.000000,4.000000
3,multi_greedy,8,2,64,1,1,4,0.000000,90.000000,0.444444,28,0.419926,48,0,1,0,0.419926,0.589906,0.169980,0.169980,0.419926,0.088305,8,26,1,0,33,28,19,98.333300,90.000000,54.166700,0.406780,0.444444,0.738461,-0.001524,0.000231,-0.003640,0.000000,8,8,0,fixed,8,8,0,0,3.000000,4.000000
3,multi_greedy,8,2,65,1,1,4,0.000000,90.000000,0.444444,28,0.419926,48,0,1,0,0.419926,0.589906,0.169980,0.169980,0.419926,0.088305,8,26,1,0,33,28,19,98.333300,90.000000,54.166700,0.406780,0.444444,0.738461,-0.001524,0.000231,-0.003640,0.000000,8,8,0,fixed,8,8,0,0,3.000000,4.000000
3,multi_greedy,8,2,66,0,0,3,0.000000,98.333300,1.016949,33,0.419926,48,0,0,0,0.419926,0.589906,0.169980,0.169980,0.419926,0.088305,8,26,1,1,33,28,19,98.333300,90.000000,54.166700,1.016949,1.111111,1.846153,0.000231,0.001722,-0.003345,0.001722,8,8,0,fixed,8,8,0,0,3.000000,4.000000
3,multi_greedy,8,2,67,0,0,2,3.420729,98.333300,0.427591,33,0.419926,48,0,0,0,0.419926,0.589906,0.169980,0.169980,0.419926,0.088305,8,26,1,0,33,28,19,98.333300,90.000000,54.166700,0.427680,0.475193,0.066316,0.000231,0.001899,-0.030239,0.001899,8,8,0,fixed,8,8,0,0,3.000000,4.000000
3,multi_greedy,8,2,68,2,2,4,0.000000,54.166700,0.738461,19,0.419926,48,0,2,0,0.419926,0.589906,0.169980,0.169980,0.419926,0.088305,8,26,1,-1,33,28,19,98.333300,90.000000,54.166700,0.406780,0.444444,0.738461,0.002387,0.004174,0.000231,0.004174,8,8,0,fixed,8,8,0,0,3.000000,4.000000
3,multi_greedy,8,2,69,1,1,4,0.000000,90.000000,0.444444,28,0.419926,48,0,1,0,0.419926,0.589906,0.169980,0.169980,0.419926,0.088305,8,26,1,0,33,28,19,98.333300,90.000000,54.166700,0.406780,0.444444,0.738461,-0.001524,0.000231,-0.003640,0.000000,8,8,0,fixed,8,8,0,0,3.000000,4.000000
3,multi_greedy,8,2,70,0,0,2,3.420757,98.333300,0.427595,33,0.419926,48,0,0,0,0.419926,0.589906,0.169980,0.169980,0.419926,0.088305,8,26,1,0,33,28,19,98.333300,90.000000,54.166700,0.427680,0.475193,0.066316,0.000231,0.001899,-0.030239,0.001899,8,8,0,fixed,8,8,0,0,3.000000,4.000000
3,multi_greedy,8,2,71,0,0,1,3.507079,98.333300,1.169026,33,0.419926,48,0,0,0,0.419926,0.589906,0.169980,0.169980,0.419926,0.088305,8,26,1,1,33,28,19,98.333300,90.000000,54.166700,1.167149,1.129034,0.907272,0.000231,0.001415,-0.004886,0.001415,8,8,0,fixed,8,8,0,0,3.000000,4.000000
3,multi_greedy,8,2,72,1,1,1,3.508069,90.000000,1.169356,28,0.419926,48,0,1,0,0.419926,0.589906,0.169980,0.169980,0.419926,0.088305,8,26,1,-1,33,28,19,98.333300,90.000000,54.166700,1.133049,1.312438,0.907272,-0.001391,0.000231,-0.006358,0.000000,8,8,0,fixed,8,8,0,0,3.000000,4.000000
3,multi_greedy,8,2,73,0,0,1,3.507079,98.333300,1.169026,33,0.419926,48,0,0,0,0.419926,0.589906,0.169980,0.169980,0.419926,0.088305,8,26,1,1,33,28,19,98.333300,90.000000,54.166700,1.167149,1.129034,0.907272,0.000231,0.001415,-0.004886,0.001415,8,8,0,fixed,8,8,0,0,3.000000,4.000000
3,multi_greedy,8,2,74,0,0,2,3.420757,98.333300,0.427595,33,0.419926,48,0,0,0,0.419926,0.589906,0.169980,0.169980,0.419926,0.088305,8,26,1,0,33,28,19,98.333300,90.000000,54.166700,0.427680,0.475193,0.066316,0.000231,0.001899,-0.030239,0.001899,8,8,0,fixed,8,8,0,0,3.000000,4.000000
3,multi_greedy,8,2,75,2,2,4,0.000000,54.166700,0.738461,19,0.419926,48,0,2,0,0.419926,0.589906,0.169980,0.169980,0.419926,0.088305,8,26,1,-1,33,28,19,98.333300,90.000000,54.166700,0.406780,0.444444,0.738461,0.002387,0.004174,0.000231,0.004174,8,8,0,fixed,8,8,0,0,3.000000,4.000000
3,multi_greedy,8,2,76,1,1,2,3.942033,90.000000,0.492754,28,0.419926,48,0,1,0,0.419926,0.589906,0.169980,0.169980,0.419926,0.088305,8,26,1,0,33,28,19,98.333300,90.000000,54.166700,0.415095,0.492090,0.066316,-0.002051,0.000231,-0.031936,0.000000,8,8,0,fixed,8,8,0,0,3.000000,4.000000
3,multi_greedy,8,2,77,2,2,1,3.146572,54.166700,1.048857,19,0.419926,48,0,2,0,0.419926,0.589906,0.169980,0.169980,0.419926,0.088305,8,26,1,-1,33,28,19,98.333300,90.000000,54.166700,1.133049,1.129034,0.936256,0.005154,0.006484,0.000231,0.006484,8,8,0,fixed,8,8,0,0,3.000000,4.000000
3,multi_greedy,8,2,78,0,0,2,3.420735,98.333300,0.427592,33,0.419926,48,0,0,0,0.419926,0.589906,0.169980,0.169980,0.419926,0.088305,8,26,1,0,33,28,19,98.333300,90.000000,54.166700,0.427680,0.475193,0.066316,0.000231,0.001899,-0.030239,0.001899,8,8,0,fixed,8,8,0,0,3.000000,4.000000
3,multi_greedy,8,2,79,0,0,4,0.000000,98.333300,0.406780,33,0.419926,48,0,2,1,0.419926,0.589906,0.169980,0.169980,0.419926,0.088305,8,26,1,0,33,28,19,98.333300,90.000000,54.166700,0.406780,0.444444,0.738461,0.000231,0.002000,-0.001903,0.002000,8,8,0,fixed,8,8,0,0,3.000000,4.000000
3,multi_greedy,8,2,80,2,2,1,2.844081,54.166700,0.948027,19,0.419926,48,0,2,0,0.419926,0.589906,0.169980,0.169980,0.419926,0.088305,8,26,1,-1,33,28,19,98.333300,90.000000,54.166700,1.133049,1.129034,0.956422,0.005106,0.006436,0.000231,0.006436,8,8,0,fixed,8,8,0,0,3.000000,4.000000
3,multi_greedy,8,3,1,1,1,2,2.744220,90.666700,0.343028,32,0.543831,44,0,1,0,0.543831,0.607216,0.063385,0.063385,0.543831,0.123905,8,39,1,0,29,32,19,96.000000,90.666700,51.666700,0.415681,0.340597,0.379918,-0.000031,-0.000863,0.003380,0.003380,8,8,0,fixed,8,8,0,0,3.000000,4.000000
3,multi_greedy,8,3,2,0,0,2,3.453444,96.000000,0.431681,29,0.543831,44,0,0,0,0.543831,0.607216,0.063385,0.063385,0.543831,0.123905,8,39,1,0,29,32,19,96.000000,90.666700,51.666700,0.429896,0.330457,0.379918,-0.000863,-0.002944,0.001943,0.001943,8,8,0,fixed,8,8,0,0,3.000000,4.000000
3,multi_greedy,8,3,3,1,1,2,2.739902,90.666700,0.342488,32,0.543831,44,0,1,0,0.543831,0.607216,0.063385,0.063385,0.543831,0.123905,8,39,1,0,29,32,19,96.000000,90.666700,51.666700,0.415681,0.340642,0.379918,-0.000033,-0.000863,0.003379,0.003379,8,8,0,fixed,8,8,0,0,3.000000,4.000000
3,multi_greedy,8,3,4,0,0,1,3.507404,96.000000,1.169135,29,0.543831,44,0,0,0,0.543831,0.607216,0.063385,0.063385,0.543831,0.123905,8,39,1,1,29,32,19,96.000000,90.666700,51.666700,1.163827,1.133491,1.013115,-0.000863,-0.000270,0.002796,0.002796,8,8,0,fixed,8,8,0,0,3.000000,4.000000
3,multi_greedy,8,3,5,0,0,2,3.421713,96.000000,0.427714,29,0.543831,44,0,0,0,0.543831,0.607216,0.063385,0.063385,0.543831,0.123905,8,39,1,0,29,32,19,96.000000,90.666700,51.666700,0.430179,0.330457,0.379918,-0.000863,-0.002950,0.001937,0.001937,8,8,0,fixed,8,8,0,0,3.000000,4.000000
3,multi_greedy,8,3,6,1,1,4,0.000000,90.666700,0.441176,32,0.543831,44,0,2,1,0.543831,0.607216,0.063385,0.063385,0.543831,0.123905,8,39,1,0,29,32,19,96.000000,90.666700,51.666700,0.416667,0.441176,0.774193,-0.002137,-0.000863,0.006251,0.006251,8,8,0,fixed,8,8,0,0,3.000000,4.000000
3,multi_greedy,8,3,7,2,2,4,0.000000,51.666700,0.774193,19,0.543831,44,0,2,0,0.543831,0.607216,0.063385,0.063385,0.543831,0.123905,8,39,1,-1,29,32,19,96.000000,90.666700,51.666700,0.416667,0.441176,0.774193,-0.009037,-0.007795,-0.000863,0.000000,8,8,0,fixed,8,8,0,0,3.000000,4.000000
3,multi_greedy,8,3,8,2,2,4,0.000000,51.666700,0.774193,19,0.543831,44,0,2,0,0.543831,0.607216,0.063385,0.063385,0.543831,0.123905,8,39,1,-1,29,32,19,96.000000,90.666700,51.666700,0.416667,0.441176,0.774193,-0.009037,-0.007795,-0.000863,0.000000,8,8,0,fixed,8,8,0,0,3.000000,4.000000
3,multi_greedy,8,3,9,2,2,4,0.000000,51.666700,0.774193,19,0.543831,44,0,2,0,0.543831,0.607216,0.063385,0.063385,0.543831,0.123905,8,39,1,-1,29,32,19,96.000000,90.666700,51.666700,0.416667,0.441176,0.774193,-0.009037,-0.007795,-0.000863,0.000000,8,8,0,fixed,8,8,0,0,3.000000,4.000000
3,multi_greedy,8,3,10,1,1,2,2.761731,90.666700,0.345216,32,0.543831,44,0,1,0,0.543831,0.607216,0.063385,0.063385,0.543831,0.123905,8,39,1,0,29,32,19,96.000000,90.666700,51.666700,0.415681,0.340415,0.379918,-0.000026,-0.000863,0.003386,0.003386,8,8,0,fixed,8,8,0,0,3.000000,4.000000
3,multi_greedy,8,3,11,1,1,2,2.737751,90.666700,0.342219,32,0.543831,44,0,1,0,0.543831,0.607216,0.063385,0.063385,0.543831,0.123905,8,39,1,0,29,32,19,96.000000,90.666700,51.666700,0.415681,0.340664,0.379918,-0.000033,-0.000863,0.003378,0.003378,8,8,0,fixed,8,8,0,0,3.000000,4.000000
3,multi_greedy,8,3,12,2,2,4,0.000000,51.666700,0.774193,19,0.543831,44,0,2,0,0.543831,0.607216,0.063385,0.063385,0.543831,0.123905,8,39,1,-1,29,32,19,96.000000,90.666700,51.666700,0.416667,0.441176,0.774193,-0.009037,-0.007795,-0.000863,0.000000,8,8,0,fixed,8,8,0,0,3.000000,4.000000
3,multi_greedy,8,3,13,0,0,2,3.448058,96.000000,0.431007,29,0.543831,44,0,0,0,0.543831,0.607216,0.063385,0.063385,0.543831,0.123905,8,39,1,0,29,32,19,96.000000,90.666700,51.666700,0.429944,0.330457,0.379918,-0.000863,-0.002945,0.001942,0.001942,8,8,0,fixed,8,8,0,0,3.000000,4.000000
3,multi_greedy,8,3,14,1,1,2,2.738810,90.666700,0.342351,32,0.543831,44,0,1,0,0.543831,0.607216,0.063385,0.063385,0.543831,0.123905,8,39,1,0,29,32,19,96.000000,90.666700,51.666700,0.415681,0.340653,0.379918,-0.000033,-0.000863,0.003378,0.003378,8,8,0,fixed,8,8,0,0,3.000000,4.000000
3,multi_greedy,8,3,15,0,0,1,3.494545,96.000000,1.164848,29,0.543831,44,0,0,0,0.543831,0.607216,0.063385,0.063385,0.543831,0.123905,8,39,1,1,29,32,19,96.000000,90.666700,51.666700,1.164439,1.133491,1.013115,-0.000863,-0.000272,0.002794,0.002794,8,8,0,fixed,8,8,0,0,3.000000,4.000000
3,multi_greedy,8,3,16,1,1,4,0.000000,90.666700,0.441176,32,0.543831,44,0,2,1,0.543831,0.607216,0.063385,0.063385,0.543831,0.123905,8,39,1,0,29,32,19,96.000000,90.666700,51.666700,0.416667,0.441176,0.774193,-0.002137,-0.000863,0.006251,0.006251,8,8,0,fixed,8,8,0,0,3.000000,4.000000
3,multi_greedy,8,3,17,2,2,4,0.000000,51.666700,0.774193,19,0.543831,44,0,2,0,0.543831,0.607216,0.063385,0.063385,0.543831,0.123905,8,39,1,-1,29,32,19,96.000000,90.666700,51.666700,0.416667,0.441176,0.774193,-0.009037,-0.007795,-0.000863,0.000000,8,8,0,fixed,8,8,0,0,3.000000,4.000000
3,multi_greedy,8,3,18,1,1,4,0.000000,90.666700,0.441176,32,0.543831,44,0,2,1,0.543831,0.607216,0.063385,0.063385,0.543831,0.123905,8,39,1,0,29,32,19,96.000000,90.666700,51.666700,0.416667,0.441176,0.774193,-0.002137,-0.000863,0.006251,0.006251,8,8,0,fixed,8,8,0,0,3.000000,4.000000
3,multi_greedy,8,3,19,0,0,2,3.421731,96.000000,0.427716,29,0.543831,44,0,0,0,0.543831,0.607216,0.063385,0.063385,0.543831,0.123905,8,39,1,0,29,32,19,96.000000,90.666700,51.666700,0.430179,0.330457,0.379918,-0.000863,-0.002950,0.001937,0.001937,8,8,0,fixed,8,8,0,0,3.000000,4.000000
3,multi_greedy,8,3,20,1,1,3,0.000000,90.666700,1.102941,32,0.543831,44,0,1,0,0.543831,0.607216,0.063385,0.063385,0.543831,0.123905,8,39,1,1,29,32,19,96.000000,90.666700,51.666700,1.041667,1.102941,1.935483,-0.001844,-0.000863,0.004047,0.004047,8,8,0,fixed,8,8,0,0,3.000000,4.000000
3,multi_greedy,8,3,21,1,1,4,0.000000,90.666700,0.441176,32,0.543831,44,0,2,1,0.543831,0.607216,0.063385,0.063385,0.543831,0.123905,8,39,1,0,29,32,19,96.000000,90.666700,51.666700,0.416667,0.441176,0.774193,-0.002137,-0.000863,0.006251,0.006251,8,8,0,fixed,8,8,0,0,3.000000,4.000000
3,multi_greedy,8,3,22,2,2,4,0.000000,51.666700,0.774193,19,0.543831,44,0,2,0,0.543831,0.607216,0.063385,0.063385,0.543831,0.123905,8,39,1,-1,29,32,19,96.000000,90.666700,51.666700,0.416667,0.441176,0.774193,-0.009037,-0.007795,-0.000863,0.000000,8,8,0,fixed,8,8,0,0,3.000000,4.000000
3,multi_greedy,8,3,23,0,0,2,3.420603,96.000000,0.427575,29,0.543831,44,0,0,0,0.543831,0.607216,0.063385,0.063385,0.543831,0.123905,8,39,1,0,29,32,19,96.000000,90.666700,51.666700,0.430189,0.330457,0.379918,-0.000863,-0.002950,0.001937,0.001937,8,8,0,fixed,8,8,0,0,3.000000,4.000000
3,multi_greedy,8,3,24,0,0,3,0.000000,96.000000,1.041667,29,0.543831,44,0,0,0,0.543831,0.607216,0.063385,0.063385,0.543831,0.123905,8,39,1,1,29,32,19,96.000000,90.666700,51.666700,1.041667,1.102941,1.935483,-0.000863,0.000121,0.005049,0.005049,8,8,0,fixed,8,8,0,0,3.000000,4.000000
3,multi_greedy,8,3,25,2,2,1,3.172048,51.666700,1.057349,19,0.543831,44,0,2,0,0.543831,0.607216,0.063385,0.063385,0.543831,0.123905,8,39,1,-1,29,32,19,96.000000,90.666700,51.666700,1.125674,1.133491,1.068254,-0.005050,-0.004253,-0.000863,0.000000,8,8,0,fixed,8,8,0,0,3.000000,4.000000
3,multi_greedy,8,3,26,1,1,4,0.000000,90.666700,0.441176,32,0.543831,44,0,2,1,0.543831,0.607216,0.063385,0.063385,0.543831,0.123905,8,39,1,0,29,32,19,96.000000,90.666700,51.666700,0.416667,0.441176,0.774193,-0.002137,-0.000863,0.006251,0.006251,8,8,0,fixed,8,8,0,0,3.000000,4.000000
3,multi_greedy,8,3,27,0,0,1,3.505571,96.000000,1.168524,29,0.543831,44,0,0,0,0.543831,0.607216,0.063385,0.063385,0.543831,0.123905,8,39,1,1,29,32,19,96.000000,90.666700,51.666700,1.163914,1.133491,1.013115,-0.000863,-0.000271,0.002796,0.002796,8,8,0,fixed,8,8,0,0,3.000000,4.000000
3,multi_greedy,8,3,28,0,0,2,3.448135,96.000000,0.431017,29,0.543831,44,0,0,0,0.543831,0.607216,0.063385,0.063385,0.543831,0.123905,8,39,1,0,29,32,19,96.000000,90.666700,51.666700,0.429943,0.330457,0.379918,-0.000863,-0.002945,0.001942,0.001942,8,8,0,fixed,8,8,0,0,3.000000,4.000000
3,multi_greedy,8,3,29,1,1,2,2.761707,90.666700,0.345213,32,0.543831,44,0,1,0,0.543831,0.607216,0.063385,0.063385,0.543831,0.123905,8,39,1,0,29,32,19,96.000000,90.666700,51.666700,0.415681,0.340415,0.379918,-0.000026,-0.000863,0.003386,0.003386,8,8,0,fixed,8,8,0,0,3.000000,4.000000
3,multi_greedy,8,3,30,0,0,3,0.000000,96.000000,1.041667,29,0.543831,44,0,0,0,0.543831,0.607216,0.063385,0.063385,0.543831,0.123905,8,39,1,1,29,32,19,96.000000,90.666700,51.666700,1.041667,1.102941,1.935483,-0.000863,0.000121,0.005049,0.005049,8,8,0,fixed,8,8,0,0,3.000000,4.000000
3,multi_greedy,8,3,31,1,1,4,0.000000,90.666700,0.441176,32,0.543831,44,0,2,1,0.543831,0.607216,0.063385,0.063385,0.543831,0.123905,8,39,1,0,29,32,19,96.000000,90.666700,51.666700,0.416667,0.441176,0.774193,-0.002137,-0.000863,0.006251,0.006251,8,8,0,fixed,8,8,0,0,3.000000,4.000000
3,multi_greedy,8,3,32,1,1,2,2.760685,90.666700,0.345086,32,0.543831,44,0,1,0,0.543831,0.607216,0.063385,0.063385,0.543831,0.123905,8,39,1,0,29,32,19,96.000000,90.666700,51.666700,0.415681,0.340425,0.379918,-0.000026,-0.000863,0.003386,0.003386,8,8,0,fixed,8,8,0,0,3.000000,4.000000
3,multi_greedy,8,3,33,1,1,3,0.000000,90.666700,1.102941,32,0.543831,44,0,1,0,0.543831,0.607216,0.063385,0.063385,0.543831,0.123905,8,39,1,1,29,32,19,96.000000,90.666700,51.666700,1.041667,1.102941,1.935483,-0.001844,-0.000863,0.004047,0.004047,8,8,0,fixed,8,8,0,0,3.000000,4.000000
3,multi_greedy,8,3,34,1,1,2,2.739868,90.666700,0.342484,32,0.543831,44,0,1,0,0.543831,0.607216,0.063385,0.063385,0.543831,0.123905,8,39,1,0,29,32,19,96.000000,90.666700,51.666700,0.415681,0.340642,0.379918,-0.000033,-0.000863,0.003379,0.003379,8,8,0,fixed,8,8,0,0,3.000000,4.000000
3,multi_greedy,8,3,35,0,0,1,3.487543,96.000000,1.162514,29,0.543831,44,0,0,0,0.543831,0.607216,0.063385,0.063385,0.543831,0.123905,8,39,1,1,29,32,19,96.000000,90.666700,51.666700,1.164772,1.133491,1.013115,-0.000863,-0.000273,0.002793,0.002793,8,8,0,fixed,8,8,0,0,3.000000,4.000000
3,multi_greedy,8,3,36,0,0,2,3.420710,96.000000,0.427589,29,0.543831,44,0,0,0,0.543831,0.607216,0.063385,0.063385,0.543831,0.123905,8,39,1,0,29,32,19,96.000000,90.666700,51.666700,0.430188,0.330457,0.379918,-0.000863,-0.002950,0.001937,0.001937,8,8,0,fixed,8,8,0,0,3.000000,4.000000
3,multi_greedy,8,3,37,2,2,4,0.000000,51.666700,0.774193,19,0.543831,44,0,2,0,0.543831,0.607216,0.063385,0.063385,0.543831,0.123905,8,39,1,-1,29,32,19,96.000000,90.666700,51.666700,0.416667,0.441176,0.774193,-0.009037,-0.007795,-0.000863,0.000000,8,8,0,fixed,8,8,0,0,3.000000,4.000000
3,multi_greedy,8,3,38,0,0,1,3.494895,96.000000,1.164965,29,0.543831,44,0,0,0,0.543831,0.607216,0.063385,0.063385,0.543831,0.123905,8,39,1,1,29,32,19,96.000000,90.666700,51.666700,1.164422,1.133491,1.013115,-0.000863,-0.000272,0.002794,0.002794,8,8,0,fixed,8,8,0,0,3.000000,4.000000
3,multi_greedy,8,3,39,1,1,2,2.760686,90.666700,0.345086,32,0.543831,44,0,1,0,0.543831,0.607216,0.063385,0.063385,0.543831,0.123905,8,39,1,0,29,32,19,96.000000,90.666700,51.666700,0.415681,0.340425,0.379918,-0.000026,-0.000863,0.003386,0.003386,8,8,0,fixed,8,8,0,0,3.000000,4.000000
3,multi_greedy,8,3,40,1,1,2,2.699387,90.666700,0.337423,32,0.543831,44,0,1,0,0.543831,0.607216,0.063385,0.063385,0.543831,0.123905,8,39,1,0,29,32,19,96.000000,90.666700,51.666700,0.415681,0.341064,0.379918,-0.000046,-0.000863,0.003366,0.003366,8,8,0,fixed,8,8,0,0,3.000000,4.000000
3,multi_greedy,8,3,41,1,1,4,0.000000,90.666700,0.441176,32,0.543831,44,0,2,1,0.543831,0.607216,0.063385,0.063385,0.543831,0.123905,8,39,1,0,29,32,19,96.000000,90.666700,51.666700,0.416667,0.441176,0.774193,-0.002137,-0.000863,0.006251,0.006251,8,8,0,fixed,8,8,0,0,3.000000,4.000000
3,multi_greedy,8,3,42,0,0,3,0.000000,96.000000,1.041667,29,0.543831,44,0,0,0,0.543831,0.607216,0.063385,0.063385,0.543831,0.123905,8,39,1,1,29,32,19,96.000000,90.666700,51.666700,1.041667,1.102941,1.935483,-0.000863,0.000121,0.005049,0.005049,8,8,0,fixed,8,8,0,0,3.000000,4.000000
3,multi_greedy,8,3,43,1,1,3,0.000000,90.666700,1.102941,32,0.543831,44,0,1,0,0.543831,0.607216,0.063385,0.063385,0.543831,0.123905,8,39,1,1,29,32,19,96.000000,90.666700,51.666700,1.041667,1.102941,1.935483,-0.001844,-0.000863,0.004047,0.004047,8,8,0,fixed,8,8,0,0,3.000000,4.000000
3,multi_greedy,8,3,44,1,1,4,0.000000,90.666700,0.441176,32,0.543831,44,0,1,0,0.543831,0.607216,0.063385,0.063385,0.543831,0.123905,8,39,1,0,29,32,19,96.000000,90.666700,51.666700,0.416667,0.441176,0.774193,-0.002137,-0.000863,0.006251,0.006251,8,8,0,fixed,8,8,0,0,3.000000,4.000000
3,multi_greedy,8,3,45,0,0,1,3.506793,96.000000,1.168931,29,0.543831,44,0,0,0,0.543831,0.607216,0.063385,0.063385,0.543831,0.123905,8,39,1,1,29,32,19,96.000000,90.666700,51.666700,1.163856,1.133491,1.013115,-0.000863,-0.000270,0.002796,0.002796,8,8,0,fixed,8,8,0,0,3.000000,4.000000
3,multi_greedy,8,3,46,0,0,3,0.000000,96.000000,1.041667,29,0.543831,44,0,0,0,0.543831,0.607216,0.063385,0.063385,0.543831,0.123905,8,39,1,1,29,32,19,96.000000,90.666700,51.666700,1.041667,1.102941,1.935483,-0.000863,0.000121,0.005049,0.005049,8,8,0,fixed,8,8,0,0,3.000000,4.000000
3,multi_greedy,8,3,47,2,2,4,0.000000,51.666700,0.774193,19,0.543831,44,0,2,0,0.543831,0.607216,0.063385,0.063385,0.543831,0.123905,8,39,1,-1,29,32,19,96.000000,90.666700,51.666700,0.416667,0.441176,0.774193,-0.009037,-0.007795,-0.000863,0.000000,8,8,0,fixed,8,8,0,0,3.000000,4.000000
3,multi_greedy,8,3,48,2,2,4,0.000000,51.666700,0.774193,19,0.543831,44,0,2,0,0.543831,0.607216,0.063385,0.063385,0.543831,0.123905,8,39,1,-1,29,32,19,96.000000,90.666700,51.666700,0.416667,0.441176,0.774193,-0.009037,-0.007795,-0.000863,0.000000,8,8,0,fixed,8,8,0,0,3.000000,4.000000
3,multi_greedy,8,3,49,2,2,4,0.000000,51.666700,0.774193,19,0.543831,44,0,2,0,0.543831,0.607216,0.063385,0.063385,0.543831,0.123905,8,39,1,-1,29,32,19,96.000000,90.666700,51.666700,0.416667,0.441176,0.774193,-0.009037,-0.007795,-0.000863,0.000000,8,8,0,fixed,8,8,0,0,3.000000,4.000000
3,multi_greedy,8,3,50,0,0,2,3.450273,96.000000,0.431284,29,0.543831,44,0,0,0,0.543831,0.607216,0.063385,0.063385,0.543831,0.123905,8,39,1,0,29,32,19,96.000000,90.666700,51.666700,0.429924,0.330457,0.379918,-0.000863,-0.002945,0.001942,0.001942,8,8,0,fixed,8,8,0,0,3.000000,4.000000
3,multi_greedy,8,3,51,1,1,4,0.000000,90.666700,0.441176,32,0.543831,44,0,1,0,0.543831,0.607216,0.063385,0.063385,0.543831,0.123905,8,39,1,0,29,32,19,96.000000,90.666700,51.666700,0.416667,0.441176,0.774193,-0.002137,-0.000863,0.006251,0.006251,8,8,0,fixed,8,8,0,0,3.000000,4.000000
3,multi_greedy,8,3,52,0,0,2,3.422942,96.000000,0.427868,29,0.543831,44,0,0,0,0.543831,0.607216,0.063385,0.063385,0.543831,0.123905,8,39,1,0,29,32,19,96.000000,90.666700,51.666700,0.430168,0.330457,0.379918,-0.000863,-0.002949,0.001937,0.001937,8,8,0,fixed,8,8,0,0,3.000000,4.000000
3,multi_greedy,8,3,53,2,2,1,3.260721,51.666700,1.086907,19,0.543831,44,0,2,0,0.543831,0.607216,0.063385,0.063385,0.543831,0.123905,8,39,1,-1,29,32,19,96.000000,90.666700,51.666700,1.125674,1.133491,1.062342,-0.005033,-0.004235,-0.000863,0.000000,8,8,0,fixed,8,8,0,0,3.000000,4.000000
3,multi_greedy,8,3,54,1,1,2,2.699410,90.666700,0.337426,32,0.543831,44,0,1,0,0.543831,0.607216,0.063385,0.063385,0.543831,0.123905,8,39,1,0,29,32,19,96.000000,90.666700,51.666700,0.415681,0.341064,0.379918,-0.000046,-0.000863,0.003366,0.003366,8,8,0,fixed,8,8,0,0,3.000000,4.000000
3,multi_greedy,8,3,55,1,1,4,0.000000,90.666700,0.441176,32,0.543831,44,0,1,0,0.543831,0.607216,0.063385,0.063385,0.543831,0.123905,8,39,1,0,29,32,19,96.000000,90.666700,51.666700,0.416667,0.441176,0.774193,-0.002137,-0.000863,0.006251,0.006251,8,8,0,fixed,8,8,0,0,3.000000,4.000000
3,multi_greedy,8,3,56,1,1,2,2.650365,90.666700,0.331296,32,0.543831,44,0,1,0,0.543831,0.607216,0.063385,0.063385,0.543831,0.123905,8,39,1,0,29,32,19,96.000000,90.666700,51.666700,0.415681,0.341575,0.379918,-0.000061,-0.000863,0.003350,0.003350,8,8,0,fixed,8,8,0,0,3.000000,4.000000
3,multi_greedy,8,3,57,1,1,4,0.000000,90.666700,0.441176,32,0.543831,44,0,1,0,0.543831,0.607216,0.063385,0.063385,0.543831,0.123905,8,39,1,0,29,32,19,96.000000,90.666700,51.666700,0.416667,0.441176,0.774193,-0.002137,-0.000863,0.006251,0.006251,8,8,0,fixed,8,8,0,0,3.000000,4.000000
3,multi_greedy,8,3,58,2,2,1,3.252168,51.666700,1.084056,19,0.543831,44,0,2,0,0.543831,0.607216,0.063385,0.063385,0.543831,0.123905,8,39,1,-1,29,32,19,96.000000,90.666700,51.666700,1.125674,1.133491,1.062913,-0.005034,-0.004237,-0.000863,0.000000,8,8,0,fixed,8,8,0,0,3.000000,4.000000
3,multi_greedy,8,3,59,0,0,2,3.422955,96.000000,0.427869,29,0.543831,44,0,0,0,0.543831,0.607216,0.063385,0.063385,0.543831,0.123905,8,39,1,0,29,32,19,96.000000,90.666700,51.666700,0.430168,0.330457,0.379918,-0.000863,-0.002949,0.001937,0.001937,8,8,0,fixed,8,8,0,0,3.000000,4.000000
3,multi_greedy,8,3,60,2,2,1,3.151979,51.666700,1.050660,19,0.543831,44,0,2,0,0.543831,0.607216,0.063385,0.063385,0.543831,0.123905,8,39,1,-1,29,32,19,96.000000,90.666700,51.666700,1.125674,1.133491,1.069592,-0.005054,-0.004257,-0.000863,0.000000,8,8,0,fixed,8,8,0,0,3.000000,4.000000
3,multi_greedy,8,3,61,1,1,4,0.000000,90.666700,0.441176,32,0.543831,44,0,1,0,0.543831,0.607216,0.063385,0.063385,0.543831,0.123905,8,39,1,0,29,32,19,96.000000,90.666700,51.666700,0.416667,0.441176,0.774193,-0.002137,-0.000863,0.006251,0.006251,8,8,0,fixed,8,8,0,0,3.000000,4.000000
3,multi_greedy,8,3,62,0,0,4,0.000000,96.000000,0.416667,29,0.543831,44,0,2,1,0.543831,0.607216,0.063385,0.063385,0.543831,0.123905,8,39,1,0,29,32,19,96.000000,90.666700,51.666700,0.416667,0.441176,0.774193,-0.000863,0.000417,0.007565,0.007565,8,8,0,fixed,8,8,0,0,3.000000,4.000000
3,multi_greedy,8,3,63,0,0,2,3.469829,96.000000,0.433729,29,0.543831,44,0,0,0,0.543831,0.607216,0.063385,0.063385,0.543831,0.123905,8,39,1,0,29,32,19,96.000000,90.666700,51.666700,0.429749,0.330457,0.379918,-0.000863,-0.002941,0.001945,0.001945,8,8,0,fixed,8,8,0,0,3.000000,4.000000
3,multi_greedy,8,3,64,1,1,4,0.000000,90.666700,0.441176,32,0.543831,44,0,1,0,0.543831,0.607216,0.063385,0.063385,0.543831,0.123905,8,39,1,0,29,32,19,96.000000,90.666700,51.666700,0.416667,0.441176,0.774193,-0.002137,-0.000863,0.006251,0.006251,8,8,0,fixed,8,8,0,0,3.000000,4.000000
3,multi_greedy,8,3,65,1,1,4,0.000000,90.666700,0.441176,32,0.543831,44,0,1,0,0.543831,0.607216,0.063385,0.063385,0.543831,0.123905,8,39,1,0,29,32,19,96.000000,90.666700,51.666700,0.416667,0.441176,0.774193,-0.002137,-0.000863,0.006251,0.006251,8,8,0,fixed,8,8,0,0,3.000000,4.000000
3,multi_greedy,8,3,66,0,0,3,0.000000,96.000000,1.041667,29,0.543831,44,0,0,0,0.543831,0.607216,0.063385,0.063385,0.543831,0.123905,8,39,1,1,29,32,19,96.000000,90.666700,51.666700,1.041667,1.102941,1.935483,-0.000863,0.000121,0.005049,0.005049,8,8,0,fixed,8,8,0,0,3.000000,4.000000
3,multi_greedy,8,3,67,0,0,2,3.450296,96.000000,0.431287,29,0.543831,44,0,0,0,0.543831,0.607216,0.063385,0.063385,0.543831,0.123905,8,39,1,0,29,32,19,96.000000,90.666700,51.666700,0.429924,0.330457,0.379918,-0.000863,-0.002945,0.001942,0.001942,8,8,0,fixed,8,8,0,0,3.000000,4.000000
3,multi_greedy,8,3,68,2,2,4,0.000000,51.666700,0.774193,19,0.543831,44,0,2,0,0.543831,0.607216,0.063385,0.063385,0.543831,0.123905,8,39,1,-1,29,32,19,96.000000,90.666700,51.666700,0.416667,0.441176,0.774193,-0.009037,-0.007795,-0.000863,0.000000,8,8,0,fixed,8,8,0,0,3.000000,4.000000
3,multi_greedy,8,3,69,1,1,4,0.000000,90.666700,0.441176,32,0.543831,44,0,1,0,0.543831,0.607216,0.063385,0.063385,0.543831,0.123905,8,39,1,0,29,32,19,96.000000,90.666700,51.666700,0.416667,0.441176,0.774193,-0.002137,-0.000863,0.006251,0.006251,8,8,0,fixed,8,8,0,0,3.000000,4.000000
3,multi_greedy,8,3,70,0,0,2,3.450338,96.000000,0.431292,29,0.543831,44,0,0,0,0.543831,0.607216,0.063385,0.063385,0.543831,0.123905,8,39,1,0,29,32,19,96.000000,90.666700,51.666700,0.429923,0.330457,0.379918,-0.000863,-0.002945,0.001942,0.001942,8,8,0,fixed,8,8,0,0,3.000000,4.000000
3,multi_greedy,8,3,71,0,0,1,3.455348,96.000000,1.151783,29,0.543831,44,0,0,0,0.543831,0.607216,0.063385,0.063385,0.543831,0.123905,8,39,1,1,29,32,19,96.000000,90.666700,51.666700,1.166306,1.133491,1.013115,-0.000863,-0.000277,0.002789,0.002789,8,8,0,fixed,8,8,0,0,3.000000,4.000000
3,multi_greedy,8,3,72,1,1,1,3.506739,90.666700,1.168913,32,0.543831,44,0,1,0,0.543831,0.607216,0.063385,0.063385,0.543831,0.123905,8,39,1,1,29,32,19,96.000000,90.666700,51.666700,1.125674,0.908757,1.013115,-0.000994,-0.000863,0.002882,0.002882,8,8,0,fixed,8,8,0,0,3.000000,4.000000
3,multi_greedy,8,3,73,0,0,1,3.495668,96.000000,1.165223,29,0.543831,44,0,0,0,0.543831,0.607216,0.063385,0.063385,0.543831,0.123905,8,39,1,1,29,32,19,96.000000,90.666700,51.666700,1.164386,1.133491,1.013115,-0.000863,-0.000272,0.002794,0.002794,8,8,0,fixed,8,8,0,0,3.000000,4.000000
3,multi_greedy,8,3,74,0,0,2,3.450361,96.000000,0.431295,29,0.543831,44,0,0,0,0.543831,0.607216,0.063385,0.063385,0.543831,0.123905,8,39,1,0,29,32,19,96.000000,90.666700,51.666700,0.429923,0.330457,0.379918,-0.000863,-0.002945,0.001942,0.001942,8,8,0,fixed,8,8,0,0,3.000000,4.000000
3,multi_greedy,8,3,75,2,2,4,0.000000,51.666700,0.774193,19,0.543831,44,0,2,0,0.543831,0.607216,0.063385,0.063385,0.543831,0.123905,8,39,1,-1,29,32,19,96.000000,90.666700,51.666700,0.416667,0.441176,0.774193,-0.009037,-0.007795,-0.000863,0.000000,8,8,0,fixed,8,8,0,0,3.000000,4.000000
3,multi_greedy,8,3,76,1,1,2,2.647005,90.666700,0.330876,32,0.543831,44,1,1,0,0.543831,0.607216,0.063385,0.063385,0.543831,0.123905,8,39,1,0,29,32,19,96.000000,90.666700,51.666700,0.415681,0.341610,0.379918,-0.000062,-0.000863,0.003349,0.003349,8,8,0,fixed,8,8,0,0,3.000000,4.000000
3,multi_greedy,8,3,77,2,2,1,3.084168,51.666700,1.028056,19,0.543831,44,0,2,0,0.543831,0.607216,0.063385,0.063385,0.543831,0.123905,8,39,1,-1,29,32,19,96.000000,90.666700,51.666700,1.125674,1.133491,1.074113,-0.005068,-0.004271,-0.000863,0.000000,8,8,0,fixed,8,8,0,0,3.000000,4.000000
3,multi_greedy,8,3,78,0,0,2,3.450361,96.000000,0.431295,29,0.543831,44,0,0,0,0.543831,0.607216,0.063385,0.063385,0.543831,0.123905,8,39,1,0,29,32,19,96.000000,90.666700,51.666700,0.429923,0.330457,0.379918,-0.000863,-0.002945,0.001942,0.001942,8,8,0,fixed,8,8,0,0,3.000000,4.000000
3,multi_greedy,8,3,79,2,2,4,0.000000,51.666700,0.774193,19,0.543831,44,0,2,0,0.543831,0.607216,0.063385,0.063385,0.543831,0.123905,8,39,1,-1,29,32,19,96.000000,90.666700,51.666700,0.416667,0.441176,0.774193,-0.009037,-0.007795,-0.000863,0.000000,8,8,0,fixed,8,8,0,0,3.000000,4.000000
3,multi_greedy,8,3,80,2,2,1,3.274772,51.666700,1.091591,19,0.543831,44,0,2,0,0.543831,0.607216,0.063385,0.063385,0.543831,0.123905,8,39,1,-1,29,32,19,96.000000,90.666700,51.666700,1.125674,1.133491,1.061406,-0.005030,-0.004232,-0.000863,0.000000,8,8,0,fixed,8,8,0,0,3.000000,4.000000
3,multi_greedy,8,4,1,1,1,2,2.848055,90.000000,0.356007,25,0.577743,36,0,1,0,0.577743,0.664168,0.086425,0.086425,0.577743,0.033912,8,28,1,0,28,25,27,96.500000,90.000000,52.833300,0.421958,0.352791,0.376514,0.002337,0.000707,0.006483,0.006483,8,8,0,fixed,8,8,0,0,3.000000,4.000000
3,multi_greedy,8,4,2,0,0,2,3.585763,96.500000,0.448220,28,0.577743,36,0,0,0,0.577743,0.664168,0.086425,0.086425,0.577743,0.033912,8,28,1,0,28,25,27,96.500000,90.000000,52.833300,0.436228,0.339460,0.376514,0.000707,-0.002506,0.004155,0.004155,8,8,0,fixed,8,8,0,0,3.000000,4.000000
3,multi_greedy,8,4,3,1,1,2,2.773797,90.000000,0.346725,25,0.577743,36,1,1,0,0.577743,0.664168,0.086425,0.086425,0.577743,0.033912,8,28,1,0,28,25,27,96.500000,90.000000,52.833300,0.421958,0.353565,0.376514,0.002312,0.000707,0.006457,0.006457,8,8,0,fixed,8,8,0,0,3.000000,4.000000
3,multi_greedy,8,4,4,0,0,1,3.504798,96.500000,1.168266,28,0.577743,36,0,0,0,0.577743,0.664168,0.086425,0.086425,0.577743,0.033912,8,28,1,1,28,25,27,96.500000,90.000000,52.833300,1.127114,0.842917,1.004038,0.000707,-0.000828,0.005448,0.005448,8,8,0,fixed,8,8,0,0,3.000000,4.000000
3,multi_greedy,8,4,5,0,0,2,3.434903,96.500000,0.429363,28,0.577743,36,0,0,0,0.577743,0.664168,0.086425,0.086425,0.577743,0.033912,8,28,1,0,28,25,27,96.500000,90.000000,52.833300,0.437575,0.339460,0.376514,0.000707,-0.002534,0.004126,0.004126,8,8,0,fixed,8,8,0,0,3.000000,4.000000
3,multi_greedy,8,4,6,2,2,4,0.000000,52.833300,0.757098,27,0.577743,36,0,2,0,0.577743,0.664168,0.086425,0.086425,0.577743,0.033912,8,28,1,-1,28,25,27,96.500000,90.000000,52.833300,0.414508,0.444444,0.757098,-0.008983,-0.008476,0.000707,0.000000,8,8,0,fixed,8,8,0,0,3.000000,4.000000
3,multi_greedy,8,4,7,2,2,4,0.000000,52.833300,0.757098,27,0.577743,36,0,2,0,0.577743,0.664168,0.086425,0.086425,0.577743,0.033912,8,28,1,-1,28,25,27,96.500000,90.000000,52.833300,0.414508,0.444444,0.757098,-0.008983,-0.008476,0.000707,0.000000,8,8,0,fixed,8,8,0,0,3.000000,4.000000
3,multi_greedy,8,4,8,2,2,4,0.000000,52.833300,0.757098,27,0.577743,36,0,2,0,0.577743,0.664168,0.086425,0.086425,0.577743,0.033912,8,28,1,-1,28,25,27,96.500000,90.000000,52.833300,0.414508,0.444444,0.757098,-0.008983,-0.008476,0.000707,0.000000,8,8,0,fixed,8,8,0,0,3.000000,4.000000
3,multi_greedy,8,4,9,2,2,4,0.000000,52.833300,0.757098,27,0.577743,36,0,2,0,0.577743,0.664168,0.086425,0.086425,0.577743,0.033912,8,28,1,-1,28,25,27,96.500000,90.000000,52.833300,0.414508,0.444444,0.757098,-0.008983,-0.008476,0.000707,0.000000,8,8,0,fixed,8,8,0,0,3.000000,4.000000
3,multi_greedy,8,4,10,1,1,2,2.847021,90.000000,0.355878,25,0.577743,36,0,1,0,0.577743,0.664168,0.086425,0.086425,0.577743,0.033912,8,28,1,0,28,25,27,96.500000,90.000000,52.833300,0.421958,0.352802,0.376514,0.002337,0.000707,0.006483,0.006483,8,8,0,fixed,8,8,0,0,3.000000,4.000000
3,multi_greedy,8,4,11,1,1,2,2.774831,90.000000,0.346854,25,0.577743,36,0,1,0,0.577743,0.664168,0.086425,0.086425,0.577743,0.033912,8,28,1,0,28,25,27,96.500000,90.000000,52.833300,0.421958,0.353554,0.376514,0.002312,0.000707,0.006458,0.006458,8,8,0,fixed,8,8,0,0,3.000000,4.000000
3,multi_greedy,8,4,12,2,2,4,0.000000,52.833300,0.757098,27,0.577743,36,0,2,0,0.577743,0.664168,0.086425,0.086425,0.577743,0.033912,8,28,1,-1,28,25,27,96.500000,90.000000,52.833300,0.414508,0.444444,0.757098,-0.008983,-0.008476,0.000707,0.000000,8,8,0,fixed,8,8,0,0,3.000000,4.000000
3,multi_greedy,8,4,13,0,0,2,3.490685,96.500000,0.436336,28,0.577743,36,0,0,0,0.577743,0.664168,0.086425,0.086425,0.577743,0.033912,8,28,1,0,28,25,27,96.500000,90.000000,52.833300,0.437077,0.339460,0.376514,0.000707,-0.002524,0.004137,0.004137,8,8,0,fixed,8,8,0,0,3.000000,4.000000
3,multi_greedy,8,4,14,1,1,2,2.774791,90.000000,0.346849,25,0.577743,36,0,1,0,0.577743,0.664168,0.086425,0.086425,0.577743,0.033912,8,28,1,0,28,25,27,96.500000,90.000000,52.833300,0.421958,0.353554,0.376514,0.002312,0.000707,0.006458,0.006458,8,8,0,fixed,8,8,0,0,3.000000,4.000000
3,multi_greedy,8,4,15,0,0,1,3.504960,96.500000,1.168320,28,0.577743,36,0,0,0,0.577743,0.664168,0.086425,0.086425,0.577743,0.033912,8,28,1,1,28,25,27,96.500000,90.000000,52.833300,1.127107,0.842917,1.004038,0.000707,-0.000828,0.005448,0.005448,8,8,0,fixed,8,8,0,0,3.000000,4.000000
3,multi_greedy,8,4,16,2,2,4,0.000000,52.833300,0.757098,27,0.577743,36,0,2,0,0.577743,0.664168,0.086425,0.086425,0.577743,0.033912,8,28,1,-1,28,25,27,96.500000,90.000000,52.833300,0.414508,0.444444,0.757098,-0.008983,-0.008476,0.000707,0.000000,8,8,0,fixed,8,8,0,0,3.000000,4.000000
3,multi_greedy,8,4,17,2,2,4,0.000000,52.833300,0.757098,27,0.577743,36,0,2,0,0.577743,0.664168,0.086425,0.086425,0.577743,0.033912,8,28,1,-1,28,25,27,96.500000,90.000000,52.833300,0.414508,0.444444,0.757098,-0.008983,-0.008476,0.000707,0.000000,8,8,0,fixed,8,8,0,0,3.000000,4.000000
3,multi_greedy,8,4,18,2,2,4,0.000000,52.833300,0.757098,27,0.577743,36,0,2,0,0.577743,0.664168,0.086425,0.086425,0.577743,0.033912,8,28,1,-1,28,25,27,96.500000,90.000000,52.833300,0.414508,0.444444,0.757098,-0.008983,-0.008476,0.000707,0.000000,8,8,0,fixed,8,8,0,0,3.000000,4.000000
3,multi_greedy,8,4,19,0,0,2,3.440419,96.500000,0.430052,28,0.577743,36,0,0,0,0.577743,0.664168,0.086425,0.086425,0.577743,0.033912,8,28,1,0,28,25,27,96.500000,90.000000,52.833300,0.437526,0.339460,0.376514,0.000707,-0.002533,0.004127,0.004127,8,8,0,fixed,8,8,0,0,3.000000,4.000000
3,multi_greedy,8,4,20,1,1,3,0.000000,90.000000,1.111111,25,0.577743,36,0,1,0,0.577743,0.664168,0.086425,0.086425,0.577743,0.033912,8,28,1,-1,28,25,27,96.500000,90.000000,52.833300,1.036269,1.111111,1.892746,0.000591,0.000707,0.007793,0.007793,8,8,0,fixed,8,8,0,0,3.000000,4.000000
3,multi_greedy,8,4,21,2,2,4,0.000000,52.833300,0.757098,27,0.577743,36,0,2,0,0.577743,0.664168,0.086425,0.086425,0.577743,0.033912,8,28,1,-1,28,25,27,96.500000,90.000000,52.833300,0.414508,0.444444,0.757098,-0.008983,-0.008476,0.000707,0.000000,8,8,0,fixed,8,8,0,0,3.000000,4.000000
3,multi_greedy,8,4,22,2,2,4,0.000000,52.833300,0.757098,27,0.577743,36,0,2,0,0.577743,0.664168,0.086425,0.086425,0.577743,0.033912,8,28,1,-1,28,25,27,96.500000,90.000000,52.833300,0.414508,0.444444,0.757098,-0.008983,-0.008476,0.000707,0.000000,8,8,0,fixed,8,8,0,0,3.000000,4.000000
3,multi_greedy,8,4,23,0,0,2,3.442606,96.500000,0.430326,28,0.577743,36,0,0,0,0.577743,0.664168,0.086425,0.086425,0.577743,0.033912,8,28,1,0,28,25,27,96.500000,90.000000,52.833300,0.437506,0.339460,0.376514,0.000707,-0.002533,0.004127,0.004127,8,8,0,fixed,8,8,0,0,3.000000,4.000000
3,multi_greedy,8,4,24,0,0,3,0.000000,96.500000,1.036269,28,0.577743,36,0,0,0,0.577743,0.664168,0.086425,0.086425,0.577743,0.033912,8,28,1,1,28,25,27,96.500000,90.000000,52.833300,1.036269,1.111111,1.892746,0.000707,0.000824,0.007912,0.007912,8,8,0,fixed,8,8,0,0,3.000000,4.000000
3,multi_greedy,8,4,25,2,2,1,3.128154,52.833300,1.042718,27,0.577743,36,0,2,0,0.577743,0.664168,0.086425,0.086425,0.577743,0.033912,8,28,1,-1,28,25,27,96.500000,90.000000,52.833300,1.093215,0.842917,1.040926,-0.004492,-0.005758,0.000707,0.000000,8,8,0,fixed,8,8,0,0,3.000000,4.000000
3,multi_greedy,8,4,26,2,2,4,0.000000,52.833300,0.757098,27,0.577743,36,0,2,0,0.577743,0.664168,0.086425,0.086425,0.577743,0.033912,8,28,1,-1,28,25,27,96.500000,90.000000,52.833300,0.414508,0.444444,0.757098,-0.008983,-0.008476,0.000707,0.000000,8,8,0,fixed,8,8,0,0,3.000000,4.000000
3,multi_greedy,8,4,27,0,0,1,3.505409,96.500000,1.168470,28,0.577743,36,0,0,0,0.577743,0.664168,0.086425,0.086425,0.577743,0.033912,8,28,1,1,28,25,27,96.500000,90.000000,52.833300,1.127085,0.842917,1.004038,0.000707,-0.000828,0.005449,0.005449,8,8,0,fixed,8,8,0,0,3.000000,4.000000
3,multi_greedy,8,4,28,0,0,2,3.490720,96.500000,0.436340,28,0.577743,36,0,0,0,0.577743,0.664168,0.086425,0.086425,0.577743,0.033912,8,28,1,0,28,25,27,96.500000,90.000000,52.833300,0.437077,0.339460,0.376514,0.000707,-0.002524,0.004137,0.004137,8,8,0,fixed,8,8,0,0,3.000000,4.000000
3,multi_greedy,8,4,29,1,1,2,2.848061,90.000000,0.356008,25,0.577743,36,0,1,0,0.577743,0.664168,0.086425,0.086425,0.577743,0.033912,8,28,1,0,28,25,27,96.500000,90.000000,52.833300,0.421958,0.352791,0.376514,0.002337,0.000707,0.006483,0.006483,8,8,0,fixed,8,8,0,0,3.000000,4.000000
3,multi_greedy,8,4,30,0,0,3,0.000000,96.500000,1.036269,28,0.577743,36,0,0,0,0.577743,0.664168,0.086425,0.086425,0.577743,0.033912,8,28,1,1,28,25,27,96.500000,90.000000,52.833300,1.036269,1.111111,1.892746,0.000707,0.000824,0.007912,0.007912,8,8,0,fixed,8,8,0,0,3.000000,4.000000
3,multi_greedy,8,4,31,2,2,4,0.000000,52.833300,0.757098,27,0.577743,36,0,2,0,0.577743,0.664168,0.086425,0.086425,0.577743,0.033912,8,28,1,-1,28,25,27,96.500000,90.000000,52.833300,0.414508,0.444444,0.757098,-0.008983,-0.008476,0.000707,0.000000,8,8,0,fixed,8,8,0,0,3.000000,4.000000
3,multi_greedy,8,4,32,1,1,2,2.848060,90.000000,0.356008,25,0.577743,36,0,1,0,0.577743,0.664168,0.086425,0.086425,0.577743,0.033912,8,28,1,0,28,25,27,96.500000,90.000000,52.833300,0.421958,0.352791,0.376514,0.002337,0.000707,0.006483,0.006483,8,8,0,fixed,8,8,0,0,3.000000,4.000000
3,multi_greedy,8,4,33,1,1,3,0.000000,90.000000,1.111111,25,0.577743,36,0,1,0,0.577743,0.664168,0.086425,0.086425,0.577743,0.033912,8,28,1,-1,28,25,27,96.500000,90.000000,52.833300,1.036269,1.111111,1.892746,0.000591,0.000707,0.007793,0.007793,8,8,0,fixed,8,8,0,0,3.000000,4.000000
3,multi_greedy,8,4,34,1,1,2,2.773815,90.000000,0.346727,25,0.577743,36,0,1,0,0.577743,0.664168,0.086425,0.086425,0.577743,0.033912,8,28,1,0,28,25,27,96.500000,90.000000,52.833300,0.421958,0.353565,0.376514,0.002312,0.000707,0.006457,0.006457,8,8,0,fixed,8,8,0,0,3.000000,4.000000
3,multi_greedy,8,4,35,0,0,1,3.505409,96.500000,1.168470,28,0.577743,36,0,0,0,0.577743,0.664168,0.086425,0.086425,0.577743,0.033912,8,28,1,1,28,25,27,96.500000,90.000000,52.833300,1.127085,0.842917,1.004038,0.000707,-0.000828,0.005449,0.005449,8,8,0,fixed,8,8,0,0,3.000000,4.000000
3,multi_greedy,8,4,36,0,0,2,3.442563,96.500000,0.430320,28,0.577743,36,0,0,0,0.577743,0.664168,0.086425,0.086425,0.577743,0.033912,8,28,1,0,28,25,27,96.500000,90.000000,52.833300,0.437507,0.339460,0.376514,0.000707,-0.002533,0.004127,0.004127,8,8,0,fixed,8,8,0,0,3.000000,4.000000
3,multi_greedy,8,4,37,2,2,4,0.000000,52.833300,0.757098,27,0.577743,36,0,2,0,0.577743,0.664168,0.086425,0.086425,0.577743,0.033912,8,28,1,-1,28,25,27,96.500000,90.000000,52.833300,0.414508,0.444444,0.757098,-0.008983,-0.008476,0.000707,0.000000,8,8,0,fixed,8,8,0,0,3.000000,4.000000
3,multi_greedy,8,4,38,0,0,1,3.506685,96.500000,1.168895,28,0.577743,36,0,0,0,0.577743,0.664168,0.086425,0.086425,0.577743,0.033912,8,28,1,1,28,25,27,96.500000,90.000000,52.833300,1.127025,0.842917,1.004038,0.000707,-0.000828,0.005449,0.005449,8,8,0,fixed,8,8,0,0,3.000000,4.000000
3,multi_greedy,8,4,39,1,1,2,2.841502,90.000000,0.355188,25,0.577743,36,0,1,0,0.577743,0.664168,0.086425,0.086425,0.577743,0.033912,8,28,1,0,28,25,27,96.500000,90.000000,52.833300,0.421958,0.352859,0.376514,0.002335,0.000707,0.006481,0.006481,8,8,0,fixed,8,8,0,0,3.000000,4.000000
3,multi_greedy,8,4,40,1,1,2,2.844852,90.000000,0.355606,25,0.577743,36,0,1,0,0.577743,0.664168,0.086425,0.086425,0.577743,0.033912,8,28,1,0,28,25,27,96.500000,90.000000,52.833300,0.421958,0.352825,0.376514,0.002336,0.000707,0.006482,0.006482,8,8,0,fixed,8,8,0,0,3.000000,4.000000
3,multi_greedy,8,4,41,2,2,4,0.000000,52.833300,0.757098,27,0.577743,36,0,2,0,0.577743,0.664168,0.086425,0.086425,0.577743,0.033912,8,28,1,-1,28,25,27,96.500000,90.000000,52.833300,0.414508,0.444444,0.757098,-0.008983,-0.008476,0.000707,0.000000,8,8,0,fixed,8,8,0,0,3.000000,4.000000
3,multi_greedy,8,4,42,0,0,3,0.000000,96.500000,1.036269,28,0.577743,36,0,0,0,0.577743,0.664168,0.086425,0.086425,0.577743,0.033912,8,28,1,1,28,25,27,96.500000,90.000000,52.833300,1.036269,1.111111,1.892746,0.000707,0.000824,0.007912,0.007912,8,8,0,fixed,8,8,0,0,3.000000,4.000000
3,multi_greedy,8,4,43,1,1,3,0.000000,90.000000,1.111111,25,0.577743,36,0,1,0,0.577743,0.664168,0.086425,0.086425,0.577743,0.033912,8,28,1,-1,28,25,27,96.500000,90.000000,52.833300,1.036269,1.111111,1.892746,0.000591,0.000707,0.007793,0.007793,8,8,0,fixed,8,8,0,0,3.000000,4.000000
3,multi_greedy,8,4,44,1,1,4,0.000000,90.000000,0.444444,25,0.577743,36,0,2,1,0.577743,0.664168,0.086425,0.086425,0.577743,0.033912,8,28,1,0,28,25,27,96.500000,90.000000,52.833300,0.414508,0.444444,0.757098,0.000184,0.000707,0.010192,0.010192,8,8,0,fixed,8,8,0,0,3.000000,4.000000
3,multi_greedy,8,4,45,0,0,1,3.505912,96.500000,1.168637,28,0.577743,36,0,0,0,0.577743,0.664168,0.086425,0.086425,0.577743,0.033912,8,28,1,1,28,25,27,96.500000,90.000000,52.833300,1.127061,0.842917,1.004038,0.000707,-0.000828,0.005449,0.005449,8,8,0,fixed,8,8,0,0,3.000000,4.000000
3,multi_greedy,8,4,46,0,0,3,0.000000,96.500000,1.036269,28,0.577743,36,0,0,0,0.577743,0.664168,0.086425,0.086425,0.577743,0.033912,8,28,1,1,28,25,27,96.500000,90.000000,52.833300,1.036269,1.111111,1.892746,0.000707,0.000824,0.007912,0.007912,8,8,0,fixed,8,8,0,0,3.000000,4.000000
3,multi_greedy,8,4,47,2,2,4,0.000000,52.833300,0.757098,27,0.577743,36,0,2,0,0.577743,0.664168,0.086425,0.086425,0.577743,0.033912,8,28,1,-1,28,25,27,96.500000,90.000000,52.833300,0.414508,0.444444,0.757098,-0.008983,-0.008476,0.000707,0.000000,8,8,0,fixed,8,8,0,0,3.000000,4.000000
3,multi_greedy,8,4,48,2,2,4,0.000000,52.833300,0.757098,27,0.577743,36,0,2,0,0.577743,0.664168,0.086425,0.086425,0.577743,0.033912,8,28,1,-1,28,25,27,96.500000,90.000000,52.833300,0.414508,0.444444,0.757098,-0.008983,-0.008476,0.000707,0.000000,8,8,0,fixed,8,8,0,0,3.000000,4.000000
3,multi_greedy,8,4,49,2,2,4,0.000000,52.833300,0.757098,27,0.577743,36,0,2,0,0.577743,0.664168,0.086425,0.086425,0.577743,0.033912,8,28,1,-1,28,25,27,96.500000,90.000000,52.833300,0.414508,0.444444,0.757098,-0.008983,-0.008476,0.000707,0.000000,8,8,0,fixed,8,8,0,0,3.000000,4.000000
3,multi_greedy,8,4,50,0,0,2,3.488527,96.500000,0.436066,28,0.577743,36,0,0,0,0.577743,0.664168,0.086425,0.086425,0.577743,0.033912,8,28,1,0,28,25,27,96.500000,90.000000,52.833300,0.437096,0.339460,0.376514,0.000707,-0.002524,0.004136,0.004136,8,8,0,fixed,8,8,0,0,3.000000,4.000000
3,multi_greedy,8,4,51,1,1,4,0.000000,90.000000,0.444444,25,0.577743,36,0,2,1,0.577743,0.664168,0.086425,0.086425,0.577743,0.033912,8,28,1,0,28,25,27,96.500000,90.000000,52.833300,0.414508,0.444444,0.757098,0.000184,0.000707,0.010192,0.010192,8,8,0,fixed,8,8,0,0,3.000000,4.000000
3,multi_greedy,8,4,52,0,0,2,3.559548,96.500000,0.444944,28,0.577743,36,0,0,0,0.577743,0.664168,0.086425,0.086425,0.577743,0.033912,8,28,1,0,28,25,27,96.500000,90.000000,52.833300,0.436462,0.339460,0.376514,0.000707,-0.002511,0.004150,0.004150,8,8,0,fixed,8,8,0,0,3.000000,4.000000
3,multi_greedy,8,4,53,2,2,1,3.083557,52.833300,1.027852,27,0.577743,36,0,2,0,0.577743,0.664168,0.086425,0.086425,0.577743,0.033912,8,28,1,-1,28,25,27,96.500000,90.000000,52.833300,1.093215,0.842917,1.043899,-0.004503,-0.005768,0.000707,0.000000,8,8,0,fixed,8,8,0,0,3.000000,4.000000
3,multi_greedy,8,4,54,1,1,2,2.846985,90.000000,0.355873,25,0.577743,36,0,1,0,0.577743,0.664168,0.086425,0.086425,0.577743,0.033912,8,28,1,0,28,25,27,96.500000,90.000000,52.833300,0.421958,0.352802,0.376514,0.002337,0.000707,0.006483,0.006483,8,8,0,fixed,8,8,0,0,3.000000,4.000000
3,multi_greedy,8,4,55,1,1,4,0.000000,90.000000,0.444444,25,0.577743,36,0,2,1,0.577743,0.664168,0.086425,0.086425,0.577743,0.033912,8,28,1,0,28,25,27,96.500000,90.000000,52.833300,0.414508,0.444444,0.757098,0.000184,0.000707,0.010192,0.010192,8,8,0,fixed,8,8,0,0,3.000000,4.000000
3,multi_greedy,8,4,56,1,1,2,2.847139,90.000000,0.355892,25,0.577743,36,0,1,0,0.577743,0.664168,0.086425,0.086425,0.577743,0.033912,8,28,1,0,28,25,27,96.500000,90.000000,52.833300,0.421958,0.352801,0.376514,0.002337,0.000707,0.006483,0.006483,8,8,0,fixed,8,8,0,0,3.000000,4.000000
3,multi_greedy,8,4,57,1,1,4,0.000000,90.000000,0.444444,25,0.577743,36,0,2,1,0.577743,0.664168,0.086425,0.086425,0.577743,0.033912,8,28,1,0,28,25,27,96.500000,90.000000,52.833300,0.414508,0.444444,0.757098,0.000184,0.000707,0.010192,0.010192,8,8,0,fixed,8,8,0,0,3.000000,4.000000
3,multi_greedy,8,4,58,2,2,1,3.001085,52.833300,1.000362,27,0.577743,36,0,2,0,0.577743,0.664168,0.086425,0.086425,0.577743,0.033912,8,28,1,-1,28,25,27,96.500000,90.000000,52.833300,1.093215,0.842917,1.049397,-0.004523,-0.005788,0.000707,0.000000,8,8,0,fixed,8,8,0,0,3.000000,4.000000
3,multi_greedy,8,4,59,0,0,2,3.559548,96.500000,0.444944,28,0.577743,36,0,0,0,0.577743,0.664168,0.086425,0.086425,0.577743,0.033912,8,28,1,0,28,25,27,96.500000,90.000000,52.833300,0.436462,0.339460,0.376514,0.000707,-0.002511,0.004150,0.004150,8,8,0,fixed,8,8,0,0,3.000000,4.000000
3,multi_greedy,8,4,60,2,2,1,3.006583,52.833300,1.002194,27,0.577743,36,0,2,0,0.577743,0.664168,0.086425,0.086425,0.577743,0.033912,8,28,1,-1,28,25,27,96.500000,90.000000,52.833300,1.093215,0.842917,1.049031,-0.004521,-0.005787,0.000707,0.000000,8,8,0,fixed,8,8,0,0,3.000000,4.000000
3,multi_greedy,8,4,61,1,1,4,0.000000,90.000000,0.444444,25,0.577743,36,0,2,1,0.577743,0.664168,0.086425,0.086425,0.577743,0.033912,8,28,1,0,28,25,27,96.500000,90.000000,52.833300,0.414508,0.444444,0.757098,0.000184,0.000707,0.010192,0.010192,8,8,0,fixed,8,8,0,0,3.000000,4.000000
3,multi_greedy,8,4,62,2,2,4,0.000000,52.833300,0.757098,27,0.577743,36,0,2,0,0.577743,0.664168,0.086425,0.086425,0.577743,0.033912,8,28,1,-1,28,25,27,96.500000,90.000000,52.833300,0.414508,0.444444,0.757098,-0.008983,-0.008476,0.000707,0.000000,8,8,0,fixed,8,8,0,0,3.000000,4.000000
3,multi_greedy,8,4,63,0,0,2,3.555134,96.500000,0.444392,28,0.577743,36,0,0,0,0.577743,0.664168,0.086425,0.086425,0.577743,0.033912,8,28,1,0,28,25,27,96.500000,90.000000,52.833300,0.436502,0.339460,0.376514,0.000707,-0.002512,0.004149,0.004149,8,8,0,fixed,8,8,0,0,3.000000,4.000000
3,multi_greedy,8,4,64,1,1,4,0.000000,90.000000,0.444444,25,0.577743,36,0,2,1,0.577743,0.664168,0.086425,0.086425,0.577743,0.033912,8,28,1,0,28,25,27,96.500000,90.000000,52.833300,0.414508,0.444444,0.757098,0.000184,0.000707,0.010192,0.010192,8,8,0,fixed,8,8,0,0,3.000000,4.000000
3,multi_greedy,8,4,65,1,1,4,0.000000,90.000000,0.444444,25,0.577743,36,0,2,1,0.577743,0.664168,0.086425,0.086425,0.577743,0.033912,8,28,1,0,28,25,27,96.500000,90.000000,52.833300,0.414508,0.444444,0.757098,0.000184,0.000707,0.010192,0.010192,8,8,0,fixed,8,8,0,0,3.000000,4.000000
3,multi_greedy,8,4,66,0,0,3,0.000000,96.500000,1.036269,28,0.577743,36,0,0,0,0.577743,0.664168,0.086425,0.086425,0.577743,0.033912,8,28,1,1,28,25,27,96.500000,90.000000,52.833300,1.036269,1.111111,1.892746,0.000707,0.000824,0.007912,0.007912,8,8,0,fixed,8,8,0,0,3.000000,4.000000
3,multi_greedy,8,4,67,0,0,2,3.488416,96.500000,0.436052,28,0.577743,36,0,0,0,0.577743,0.664168,0.086425,0.086425,0.577743,0.033912,8,28,1,0,28,25,27,96.500000,90.000000,52.833300,0.437097,0.339460,0.376514,0.000707,-0.002524,0.004136,0.004136,8,8,0,fixed,8,8,0,0,3.000000,4.000000
3,multi_greedy,8,4,68,2,2,4,0.000000,52.833300,0.757098,27,0.577743,36,0,2,0,0.577743,0.664168,0.086425,0.086425,0.577743,0.033912,8,28,1,-1,28,25,27,96.500000,90.000000,52.833300,0.414508,0.444444,0.757098,-0.008983,-0.008476,0.000707,0.000000,8,8,0,fixed,8,8,0,0,3.000000,4.000000
3,multi_greedy,8,4,69,1,1,4,0.000000,90.000000,0.444444,25,0.577743,36,0,2,1,0.577743,0.664168,0.086425,0.086425,0.577743,0.033912,8,28,1,0,28,25,27,96.500000,90.000000,52.833300,0.414508,0.444444,0.757098,0.000184,0.000707,0.010192,0.010192,8,8,0,fixed,8,8,0,0,3.000000,4.000000
3,multi_greedy,8,4,70,0,0,2,3.488487,96.500000,0.436061,28,0.577743,36,0,0,0,0.577743,0.664168,0.086425,0.086425,0.577743,0.033912,8,28,1,0,28,25,27,96.500000,90.000000,52.833300,0.437097,0.339460,0.376514,0.000707,-0.002524,0.004136,0.004136,8,8,0,fixed,8,8,0,0,3.000000,4.000000
3,multi_greedy,8,4,71,0,0,1,3.506739,96.500000,1.168913,28,0.577743,36,0,0,0,0.577743,0.664168,0.086425,0.086425,0.577743,0.033912,8,28,1,1,28,25,27,96.500000,90.000000,52.833300,1.127022,0.842917,1.004038,0.000707,-0.000828,0.005449,0.005449,8,8,0,fixed,8,8,0,0,3.000000,4.000000
3,multi_greedy,8,4,72,1,1,1,2.629901,90.000000,0.876634,25,0.577743,36,0,1,0,0.577743,0.664168,0.086425,0.086425,0.577743,0.033912,8,28,1,-1,28,25,27,96.500000,90.000000,52.833300,1.093215,0.941436,1.004038,0.001303,0.000707,0.006306,0.006306,8,8,0,fixed,8,8,0,0,3.000000,4.000000
3,multi_greedy,8,4,73,0,0,1,2.634290,96.500000,0.878097,28,0.577743,36,0,0,0,0.577743,0.664168,0.086425,0.086425,0.577743,0.033912,8,28,1,-1,28,25,27,96.500000,90.000000,52.833300,1.168567,0.842917,1.004038,0.000707,-0.000954,0.005319,0.005319,8,8,0,fixed,8,8,0,0,3.000000,4.000000
3,multi_greedy,8,4,74,0,0,2,3.488576,96.500000,0.436072,28,0.577743,36,0,0,0,0.577743,0.664168,0.086425,0.086425,0.577743,0.033912,8,28,1,0,28,25,27,96.500000,90.000000,52.833300,0.437096,0.339460,0.376514,0.000707,-0.002524,0.004136,0.004136,8,8,0,fixed,8,8,0,0,3.000000,4.000000
3,multi_greedy,8,4,75,2,2,4,0.000000,52.833300,0.757098,27,0.577743,36,0,2,0,0.577743,0.664168,0.086425,0.086425,0.577743,0.033912,8,28,1,-1,28,25,27,96.500000,90.000000,52.833300,0.414508,0.444444,0.757098,-0.008983,-0.008476,0.000707,0.000000,8,8,0,fixed,8,8,0,0,3.000000,4.000000
3,multi_greedy,8,4,76,1,1,2,2.847103,90.000000,0.355888,25,0.577743,36,0,1,0,0.577743,0.664168,0.086425,0.086425,0.577743,0.033912,8,28,1,0,28,25,27,96.500000,90.000000,52.833300,0.421958,0.352801,0.376514,0.002337,0.000707,0.006483,0.006483,8,8,0,fixed,8,8,0,0,3.000000,4.000000
3,multi_greedy,8,4,77,2,2,1,3.515470,52.833300,1.171823,27,0.577743,36,0,2,0,0.577743,0.664168,0.086425,0.086425,0.577743,0.033912,8,28,1,-1,28,25,27,96.500000,90.000000,52.833300,1.093215,0.842917,1.015105,-0.004395,-0.005661,0.000707,0.000000,8,8,0,fixed,8,8,0,0,3.000000,4.000000
3,multi_greedy,8,4,78,0,0,2,3.487429,96.500000,0.435929,28,0.577743,36,0,0,0,0.577743,0.664168,0.086425,0.086425,0.577743,0.033912,8,28,1,0,28,25,27,96.500000,90.000000,52.833300,0.437106,0.339460,0.376514,0.000707,-0.002524,0.004136,0.004136,8,8,0,fixed,8,8,0,0,3.000000,4.000000
3,multi_greedy,8,4,79,2,2,4,0.000000,52.833300,0.757098,27,0.577743,36,0,2,0,0.577743,0.664168,0.086425,0.086425,0.577743,0.033912,8,28,1,-1,28,25,27,96.500000,90.000000,52.833300,0.414508,0.444444,0.757098,-0.008983,-0.008476,0.000707,0.000000,8,8,0,fixed,8,8,0,0,3.000000,4.000000
3,multi_greedy,8,4,80,2,2,1,3.007194,52.833300,1.002398,27,0.577743,36,0,2,0,0.577743,0.664168,0.086425,0.086425,0.577743,0.033912,8,28,1,-1,28,25,27,96.500000,90.000000,52.833300,1.093215,0.842917,1.048990,-0.004521,-0.005787,0.000707,0.000000,8,8,0,fixed,8,8,0,0,3.000000,4.000000
3,multi_greedy,8,5,1,1,1,2,2.733350,88.666700,0.341669,17,0.606651,28,1,1,0,0.606651,0.606651,0.000000,0.000000,0.606651,0.028907,0,49,1,0,28,17,35,97.333300,88.666700,53.833300,0.425354,0.349492,0.370594,0.004517,-0.000690,0.009015,0.009015,8,0,8,fixed,8,8,0,0,3.000000,4.000000
3,multi_greedy,8,5,2,0,0,2,3.550780,97.333300,0.443848,28,0.606651,28,0,0,0,0.606651,0.606651,0.000000,0.000000,0.606651,0.028907,0,49,1,0,28,17,35,97.333300,88.666700,53.833300,0.440310,0.329507,0.370594,-0.000690,-0.008069,0.002983,0.002983,8,0,8,fixed,8,8,0,0,3.000000,4.000000
3,multi_greedy,8,5,3,1,1,2,2.799804,88.666700,0.349975,17,0.606651,28,0,1,0,0.606651,0.606651,0.000000,0.000000,0.606651,0.028907,0,49,1,0,28,17,35,97.333300,88.666700,53.833300,0.425354,0.348800,0.370594,0.004542,-0.000690,0.009040,0.009040,8,0,8,fixed,8,8,0,0,3.000000,4.000000
3,multi_greedy,8,5,4,0,0,1,3.387121,97.333300,1.129040,28,0.606651,28,0,0,0,0.606651,0.606651,0.000000,0.000000,0.606651,0.028907,0,49,1,1,28,17,35,97.333300,88.666700,53.833300,1.112540,1.105355,0.988252,-0.000690,-0.004433,0.004675,0.004675,8,0,8,fixed,8,8,0,0,3.000000,4.000000
3,multi_greedy,8,5,5,0,0,2,3.494022,97.333300,0.436753,28,0.606651,28,0,0,0,0.606651,0.606651,0.000000,0.000000,0.606651,0.028907,0,49,1,0,28,17,35,97.333300,88.666700,53.833300,0.440817,0.329507,0.370594,-0.000690,-0.008080,0.002972,0.002972,8,0,8,fixed,8,8,0,0,3.000000,4.000000
3,multi_greedy,8,5,6,2,2,4,0.000000,53.833300,0.743035,35,0.606651,28,0,2,0,0.606651,0.606651,0.000000,0.000000,0.606651,0.028907,0,49,1,-1,28,17,35,97.333300,88.666700,53.833300,0.410959,0.451128,0.743035,-0.011470,-0.013966,-0.000690,0.000000,8,0,8,fixed,8,8,0,0,3.000000,4.000000
3,multi_greedy,8,5,7,2,2,4,0.000000,53.833300,0.743035,35,0.606651,28,0,2,0,0.606651,0.606651,0.000000,0.000000,0.606651,0.028907,0,49,1,-1,28,17,35,97.333300,88.666700,53.833300,0.410959,0.451128,0.743035,-0.011470,-0.013966,-0.000690,0.000000,8,0,8,fixed,8,8,0,0,3.000000,4.000000
3,multi_greedy,8,5,8,2,2,4,0.000000,53.833300,0.743035,35,0.606651,28,0,2,0,0.606651,0.606651,0.000000,0.000000,0.606651,0.028907,0,49,1,-1,28,17,35,97.333300,88.666700,53.833300,0.410959,0.451128,0.743035,-0.011470,-0.013966,-0.000690,0.000000,8,0,8,fixed,8,8,0,0,3.000000,4.000000
3,multi_greedy,8,5,9,2,2,4,0.000000,53.833300,0.743035,35,0.606651,28,0,2,0,0.606651,0.606651,0.000000,0.000000,0.606651,0.028907,0,49,1,-1,28,17,35,97.333300,88.666700,53.833300,0.410959,0.451128,0.743035,-0.011470,-0.013966,-0.000690,0.000000,8,0,8,fixed,8,8,0,0,3.000000,4.000000
3,multi_greedy,8,5,10,1,1,2,2.799956,88.666700,0.349995,17,0.606651,28,0,1,0,0.606651,0.606651,0.000000,0.000000,0.606651,0.028907,0,49,1,0,28,17,35,97.333300,88.666700,53.833300,0.425354,0.348798,0.370594,0.004542,-0.000690,0.009040,0.009040,8,0,8,fixed,8,8,0,0,3.000000,4.000000
3,multi_greedy,8,5,11,1,1,2,2.799814,88.666700,0.349977,17,0.606651,28,0,1,0,0.606651,0.606651,0.000000,0.000000,0.606651,0.028907,0,49,1,0,28,17,35,97.333300,88.666700,53.833300,0.425354,0.348799,0.370594,0.004542,-0.000690,0.009040,0.009040,8,0,8,fixed,8,8,0,0,3.000000,4.000000
3,multi_greedy,8,5,12,2,2,4,0.000000,53.833300,0.743035,35,0.606651,28,0,2,0,0.606651,0.606651,0.000000,0.000000,0.606651,0.028907,0,49,1,-1,28,17,35,97.333300,88.666700,53.833300,0.410959,0.451128,0.743035,-0.011470,-0.013966,-0.000690,0.000000,8,0,8,fixed,8,8,0,0,3.000000,4.000000
3,multi_greedy,8,5,13,0,0,2,3.551981,97.333300,0.443998,28,0.606651,28,0,0,0,0.606651,0.606651,0.000000,0.000000,0.606651,0.028907,0,49,1,0,28,17,35,97.333300,88.666700,53.833300,0.440299,0.329507,0.370594,-0.000690,-0.008068,0.002983,0.002983,8,0,8,fixed,8,8,0,0,3.000000,4.000000
3,multi_greedy,8,5,14,1,1,2,2.795569,88.666700,0.349446,17,0.606651,28,0,1,0,0.606651,0.606651,0.000000,0.000000,0.606651,0.028907,0,49,1,0,28,17,35,97.333300,88.666700,53.833300,0.425354,0.348844,0.370594,0.004540,-0.000690,0.009039,0.009039,8,0,8,fixed,8,8,0,0,3.000000,4.000000
3,multi_greedy,8,5,15,0,0,1,3.507242,97.333300,1.169081,28,0.606651,28,0,0,0,0.606651,0.606651,0.000000,0.000000,0.606651,0.028907,0,49,1,1,28,17,35,97.333300,88.666700,53.833300,1.106820,1.105355,0.988252,-0.000690,-0.004413,0.004696,0.004696,8,0,8,fixed,8,8,0,0,3.000000,4.000000
3,multi_greedy,8,5,16,2,2,4,0.000000,53.833300,0.743035,35,0.606651,28,0,2,0,0.606651,0.606651,0.000000,0.000000,0.606651,0.028907,0,49,1,-1,28,17,35,97.333300,88.666700,53.833300,0.410959,0.451128,0.743035,-0.011470,-0.013966,-0.000690,0.000000,8,0,8,fixed,8,8,0,0,3.000000,4.000000
3,multi_greedy,8,5,17,2,2,4,0.000000,53.833300,0.743035,35,0.606651,28,0,2,0,0.606651,0.606651,0.000000,0.000000,0.606651,0.028907,0,49,1,-1,28,17,35,97.333300,88.666700,53.833300,0.410959,0.451128,0.743035,-0.011470,-0.013966,-0.000690,0.000000,8,0,8,fixed,8,8,0,0,3.000000,4.000000
3,multi_greedy,8,5,18,2,2,4,0.000000,53.833300,0.743035,35,0.606651,28,0,2,0,0.606651,0.606651,0.000000,0.000000,0.606651,0.028907,0,49,1,-1,28,17,35,97.333300,88.666700,53.833300,0.410959,0.451128,0.743035,-0.011470,-0.013966,-0.000690,0.000000,8,0,8,fixed,8,8,0,0,3.000000,4.000000
3,multi_greedy,8,5,19,0,0,2,3.494022,97.333300,0.436753,28,0.606651,28,0,0,0,0.606651,0.606651,0.000000,0.000000,0.606651,0.028907,0,49,1,0,28,17,35,97.333300,88.666700,53.833300,0.440817,0.329507,0.370594,-0.000690,-0.008080,0.002972,0.002972,8,0,8,fixed,8,8,0,0,3.000000,4.000000
3,multi_greedy,8,5,20,1,1,3,0.000000,88.666700,1.127819,17,0.606651,28,0,1,0,0.606651,0.606651,0.000000,0.000000,0.606651,0.028907,0,49,1,-1,28,17,35,97.333300,88.666700,53.833300,1.027398,1.127819,1.857586,0.002522,-0.000690,0.010695,0.010695,8,0,8,fixed,8,8,0,0,3.000000,4.000000
3,multi_greedy,8,5,21,2,2,4,0.000000,53.833300,0.743035,35,0.606651,28,0,2,0,0.606651,0.606651,0.000000,0.000000,0.606651,0.028907,0,49,1,-1,28,17,35,97.333300,88.666700,53.833300,0.410959,0.451128,0.743035,-0.011470,-0.013966,-0.000690,0.000000,8,0,8,fixed,8,8,0,0,3.000000,4.000000
3,multi_greedy,8,5,22,2,2,4,0.000000,53.833300,0.743035,35,0.606651,28,0,2,0,0.606651,0.606651,0.000000,0.000000,0.606651,0.028907,0,49,1,-1,28,17,35,97.333300,88.666700,53.833300,0.410959,0.451128,0.743035,-0.011470,-0.013966,-0.000690,0.000000,8,0,8,fixed,8,8,0,0,3.000000,4.000000
3,multi_greedy,8,5,23,0,0,2,3.494016,97.333300,0.436752,28,0.606651,28,0,0,0,0.606651,0.606651,0.000000,0.000000,0.606651,0.028907,0,49,1,0,28,17,35,97.333300,88.666700,53.833300,0.440817,0.329507,0.370594,-0.000690,-0.008080,0.002972,0.002972,8,0,8,fixed,8,8,0,0,3.000000,4.000000
3,multi_greedy,8,5,24,0,0,3,0.000000,97.333300,1.027398,28,0.606651,28,0,0,0,0.606651,0.606651,0.000000,0.000000,0.606651,0.028907,0,49,1,1,28,17,35,97.333300,88.666700,53.833300,1.027398,1.127819,1.857586,-0.000690,-0.003867,0.007397,0.007397,8,0,8,fixed,8,8,0,0,3.000000,4.000000
3,multi_greedy,8,5,25,2,2,1,3.035429,53.833300,1.011810,35,0.606651,28,0,2,0,0.606651,0.606651,0.000000,0.000000,0.606651,0.028907,0,49,1,1,28,17,35,97.333300,88.666700,53.833300,1.076168,1.105355,1.017423,-0.006500,-0.009894,-0.000690,0.000000,8,0,8,fixed,8,8,0,0,3.000000,4.000000
3,multi_greedy,8,5,26,2,2,4,0.000000,53.833300,0.743035,35,0.606651,28,0,2,0,0.606651,0.606651,0.000000,0.000000,0.606651,0.028907,0,49,1,-1,28,17,35,97.333300,88.666700,53.833300,0.410959,0.451128,0.743035,-0.011470,-0.013966,-0.000690,0.000000,8,0,8,fixed,8,8,0,0,3.000000,4.000000
3,multi_greedy,8,5,27,0,0,1,2.634506,97.333300,0.878169,28,0.606651,28,0,0,0,0.606651,0.606651,0.000000,0.000000,0.606651,0.028907,0,49,1,-1,28,17,35,97.333300,88.666700,53.833300,1.148379,1.105355,0.988252,-0.000690,-0.004555,0.004549,0.004549,8,0,8,fixed,8,8,0,0,3.000000,4.000000
3,multi_greedy,8,5,28,0,0,2,3.550804,97.333300,0.443851,28,0.606651,28,0,0,0,0.606651,0.606651,0.000000,0.000000,0.606651,0.028907,0,49,1,0,28,17,35,97.333300,88.666700,53.833300,0.440310,0.329507,0.370594,-0.000690,-0.008069,0.002983,0.002983,8,0,8,fixed,8,8,0,0,3.000000,4.000000
3,multi_greedy,8,5,29,1,1,2,2.802243,88.666700,0.350280,17,0.606651,28,0,1,0,0.606651,0.606651,0.000000,0.000000,0.606651,0.028907,0,49,1,0,28,17,35,97.333300,88.666700,53.833300,0.425354,0.348774,0.370594,0.004543,-0.000690,0.009041,0.009041,8,0,8,fixed,8,8,0,0,3.000000,4.000000
3,multi_greedy,8,5,30,0,0,3,0.000000,97.333300,1.027398,28,0.606651,28,0,0,0,0.606651,0.606651,0.000000,0.000000,0.606651,0.028907,0,49,1,1,28,17,35,97.333300,88.666700,53.833300,1.027398,1.127819,1.857586,-0.000690,-0.003867,0.007397,0.007397,8,0,8,fixed,8,8,0,0,3.000000,4.000000
3,multi_greedy,8,5,31,2,2,4,0.000000,53.833300,0.743035,35,0.606651,28,0,2,0,0.606651,0.606651,0.000000,0.000000,0.606651,0.028907,0,49,1,-1,28,17,35,97.333300,88.666700,53.833300,0.410959,0.451128,0.743035,-0.011470,-0.013966,-0.000690,0.000000,8,0,8,fixed,8,8,0,0,3.000000,4.000000
3,multi_greedy,8,5,32,1,1,2,2.802266,88.666700,0.350283,17,0.606651,28,0,1,0,0.606651,0.606651,0.000000,0.000000,0.606651,0.028907,0,49,1,0,28,17,35,97.333300,88.666700,53.833300,0.425354,0.348774,0.370594,0.004543,-0.000690,0.009041,0.009041,8,0,8,fixed,8,8,0,0,3.000000,4.000000
3,multi_greedy,8,5,33,1,1,3,0.000000,88.666700,1.127819,17,0.606651,28,0,1,0,0.606651,0.606651,0.000000,0.000000,0.606651,0.028907,0,49,1,-1,28,17,35,97.333300,88.666700,53.833300,1.027398,1.127819,1.857586,0.002522,-0.000690,0.010695,0.010695,8,0,8,fixed,8,8,0,0,3.000000,4.000000
3,multi_greedy,8,5,34,1,1,2,2.799826,88.666700,0.349978,17,0.606651,28,0,1,0,0.606651,0.606651,0.000000,0.000000,0.606651,0.028907,0,49,1,0,28,17,35,97.333300,88.666700,53.833300,0.425354,0.348799,0.370594,0.004542,-0.000690,0.009040,0.009040,8,0,8,fixed,8,8,0,0,3.000000,4.000000
3,multi_greedy,8,5,35,0,0,1,3.504960,97.333300,1.168320,28,0.606651,28,0,0,0,0.606651,0.606651,0.000000,0.000000,0.606651,0.028907,0,49,1,1,28,17,35,97.333300,88.666700,53.833300,1.106929,1.105355,0.988252,-0.000690,-0.004413,0.004696,0.004696,8,0,8,fixed,8,8,0,0,3.000000,4.000000
3,multi_greedy,8,5,36,0,0,2,3.494062,97.333300,0.436758,28,0.606651,28,0,0,0,0.606651,0.606651,0.000000,0.000000,0.606651,0.028907,0,49,1,0,28,17,35,97.333300,88.666700,53.833300,0.440816,0.329507,0.370594,-0.000690,-0.008080,0.002972,0.002972,8,0,8,fixed,8,8,0,0,3.000000,4.000000
3,multi_greedy,8,5,37,2,2,4,0.000000,53.833300,0.743035,35,0.606651,28,0,2,0,0.606651,0.606651,0.000000,0.000000,0.606651,0.028907,0,49,1,-1,28,17,35,97.333300,88.666700,53.833300,0.410959,0.451128,0.743035,-0.011470,-0.013966,-0.000690,0.000000,8,0,8,fixed,8,8,0,0,3.000000,4.000000
3,multi_greedy,8,5,38,0,0,1,3.505966,97.333300,1.168655,28,0.606651,28,0,0,0,0.606651,0.606651,0.000000,0.000000,0.606651,0.028907,0,49,1,1,28,17,35,97.333300,88.666700,53.833300,1.106881,1.105355,0.988252,-0.000690,-0.004413,0.004696,0.004696,8,0,8,fixed,8,8,0,0,3.000000,4.000000
3,multi_greedy,8,5,39,1,1,2,2.799985,88.666700,0.349998,17,0.606651,28,0,1,0,0.606651,0.606651,0.000000,0.000000,0.606651,0.028907,0,49,1,0,28,17,35,97.333300,88.666700,53.833300,0.425354,0.348798,0.370594,0.004542,-0.000690,0.009040,0.009040,8,0,8,fixed,8,8,0,0,3.000000,4.000000
3,multi_greedy,8,5,40,1,1,2,2.801102,88.666700,0.350138,17,0.606651,28,0,1,0,0.606651,0.606651,0.000000,0.000000,0.606651,0.028907,0,49,1,0,28,17,35,97.333300,88.666700,53.833300,0.425354,0.348786,0.370594,0.004542,-0.000690,0.009041,0.009041,8,0,8,fixed,8,8,0,0,3.000000,4.000000
3,multi_greedy,8,5,41,2,2,4,0.000000,53.833300,0.743035,35,0.606651,28,0,2,0,0.606651,0.606651,0.000000,0.000000,0.606651,0.028907,0,49,1,-1,28,17,35,97.333300,88.666700,53.833300,0.410959,0.451128,0.743035,-0.011470,-0.013966,-0.000690,0.000000,8,0,8,fixed,8,8,0,0,3.000000,4.000000
3,multi_greedy,8,5,42,0,0,3,0.000000,97.333300,1.027398,28,0.606651,28,0,0,0,0.606651,0.606651,0.000000,0.000000,0.606651,0.028907,0,49,1,1,28,17,35,97.333300,88.666700,53.833300,1.027398,1.127819,1.857586,-0.000690,-0.003867,0.007397,0.007397,8,0,8,fixed,8,8,0,0,3.000000,4.000000
3,multi_greedy,8,5,43,1,1,3,0.000000,88.666700,1.127819,17,0.606651,28,0,1,0,0.606651,0.606651,0.000000,0.000000,0.606651,0.028907,0,49,1,-1,28,17,35,97.333300,88.666700,53.833300,1.027398,1.127819,1.857586,0.002522,-0.000690,0.010695,0.010695,8,0,8,fixed,8,8,0,0,3.000000,4.000000
3,multi_greedy,8,5,44,2,2,4,0.000000,53.833300,0.743035,35,0.606651,28,0,2,0,0.606651,0.606651,0.000000,0.000000,0.606651,0.028907,0,49,1,-1,28,17,35,97.333300,88.666700,53.833300,0.410959,0.451128,0.743035,-0.011470,-0.013966,-0.000690,0.000000,8,0,8,fixed,8,8,0,0,3.000000,4.000000
3,multi_greedy,8,5,45,0,0,1,3.505625,97.333300,1.168542,28,0.606651,28,0,0,0,0.606651,0.606651,0.000000,0.000000,0.606651,0.028907,0,49,1,1,28,17,35,97.333300,88.666700,53.833300,1.106897,1.105355,0.988252,-0.000690,-0.004413,0.004696,0.004696,8,0,8,fixed,8,8,0,0,3.000000,4.000000
3,multi_greedy,8,5,46,0,0,3,0.000000,97.333300,1.027398,28,0.606651,28,0,0,0,0.606651,0.606651,0.000000,0.000000,0.606651,0.028907,0,49,1,1,28,17,35,97.333300,88.666700,53.833300,1.027398,1.127819,1.857586,-0.000690,-0.003867,0.007397,0.007397,8,0,8,fixed,8,8,0,0,3.000000,4.000000
3,multi_greedy,8,5,47,2,2,4,0.000000,53.833300,0.743035,35,0.606651,28,0,2,0,0.606651,0.606651,0.000000,0.000000,0.606651,0.028907,0,49,1,-1,28,17,35,97.333300,88.666700,53.833300,0.410959,0.451128,0.743035,-0.011470,-0.013966,-0.000690,0.000000,8,0,8,fixed,8,8,0,0,3.000000,4.000000
3,multi_greedy,8,5,48,2,2,4,0.000000,53.833300,0.743035,35,0.606651,28,0,2,0,0.606651,0.606651,0.000000,0.000000,0.606651,0.028907,0,49,1,-1,28,17,35,97.333300,88.666700,53.833300,0.410959,0.451128,0.743035,-0.011470,-0.013966,-0.000690,0.000000,8,0,8,fixed,8,8,0,0,3.000000,4.000000
3,multi_greedy,8,5,49,2,2,4,0.000000,53.833300,0.743035,35,0.606651,28,0,2,0,0.606651,0.606651,0.000000,0.000000,0.606651,0.028907,0,49,1,-1,28,17,35,97.333300,88.666700,53.833300,0.410959,0.451128,0.743035,-0.011470,-0.013966,-0.000690,0.000000,8,0,8,fixed,8,8,0,0,3.000000,4.000000
3,multi_greedy,8,5,50,0,0,2,3.550764,97.333300,0.443845,28,0.606651,28,0,0,0,0.606651,0.606651,0.000000,0.000000,0.606651,0.028907,0,49,1,0,28,17,35,97.333300,88.666700,53.833300,0.440310,0.329507,0.370594,-0.000690,-0.008069,0.002983,0.002983,8,0,8,fixed,8,8,0,0,3.000000,4.000000
3,multi_greedy,8,5,51,2,2,4,0.000000,53.833300,0.743035,35,0.606651,28,0,2,0,0.606651,0.606651,0.000000,0.000000,0.606651,0.028907,0,49,1,-1,28,17,35,97.333300,88.666700,53.833300,0.410959,0.451128,0.743035,-0.011470,-0.013966,-0.000690,0.000000,8,0,8,fixed,8,8,0,0,3.000000,4.000000
3,multi_greedy,8,5,52,0,0,2,3.490719,97.333300,0.436340,28,0.606651,28,0,0,0,0.606651,0.606651,0.000000,0.000000,0.606651,0.028907,0,49,1,0,28,17,35,97.333300,88.666700,53.833300,0.440846,0.329507,0.370594,-0.000690,-0.008081,0.002971,0.002971,8,0,8,fixed,8,8,0,0,3.000000,4.000000
3,multi_greedy,8,5,53,2,2,1,2.937795,53.833300,0.979265,35,0.606651,28,0,2,0,0.606651,0.606651,0.000000,0.000000,0.606651,0.028907,0,49,1,-1,28,17,35,97.333300,88.666700,53.833300,1.076168,1.105355,1.023932,-0.006527,-0.009921,-0.000690,0.000000,8,0,8,fixed,8,8,0,0,3.000000,4.000000
3,multi_greedy,8,5,54,1,1,2,2.801056,88.666700,0.350132,17,0.606651,28,0,1,0,0.606651,0.606651,0.000000,0.000000,0.606651,0.028907,0,49,1,0,28,17,35,97.333300,88.666700,53.833300,0.425354,0.348787,0.370594,0.004542,-0.000690,0.009041,0.009041,8,0,8,fixed,8,8,0,0,3.000000,4.000000
3,multi_greedy,8,5,55,2,2,4,0.000000,53.833300,0.743035,35,0.606651,28,0,2,0,0.606651,0.606651,0.000000,0.000000,0.606651,0.028907,0,49,1,-1,28,17,35,97.333300,88.666700,53.833300,0.410959,0.451128,0.743035,-0.011470,-0.013966,-0.000690,0.000000,8,0,8,fixed,8,8,0,0,3.000000,4.000000
3,multi_greedy,8,5,56,1,1,2,2.774807,88.666700,0.346851,17,0.606651,28,0,1,0,0.606651,0.606651,0.000000,0.000000,0.606651,0.028907,0,49,1,0,28,17,35,97.333300,88.666700,53.833300,0.425354,0.349060,0.370594,0.004532,-0.000690,0.009031,0.009031,8,0,8,fixed,8,8,0,0,3.000000,4.000000
3,multi_greedy,8,5,57,2,2,4,0.000000,53.833300,0.743035,35,0.606651,28,0,2,0,0.606651,0.606651,0.000000,0.000000,0.606651,0.028907,0,49,1,-1,28,17,35,97.333300,88.666700,53.833300,0.410959,0.451128,0.743035,-0.011470,-0.013966,-0.000690,0.000000,8,0,8,fixed,8,8,0,0,3.000000,4.000000
3,multi_greedy,8,5,58,2,2,1,3.063127,53.833300,1.021042,35,0.606651,28,0,2,0,0.606651,0.606651,0.000000,0.000000,0.606651,0.028907,0,49,1,1,28,17,35,97.333300,88.666700,53.833300,1.076168,1.105355,1.015576,-0.006492,-0.009886,-0.000690,0.000000,8,0,8,fixed,8,8,0,0,3.000000,4.000000
3,multi_greedy,8,5,59,0,0,2,3.493945,97.333300,0.436743,28,0.606651,28,0,0,0,0.606651,0.606651,0.000000,0.000000,0.606651,0.028907,0,49,1,0,28,17,35,97.333300,88.666700,53.833300,0.440817,0.329507,0.370594,-0.000690,-0.008080,0.002971,0.002971,8,0,8,fixed,8,8,0,0,3.000000,4.000000
3,multi_greedy,8,5,60,2,2,1,2.993924,53.833300,0.997975,35,0.606651,28,0,2,0,0.606651,0.606651,0.000000,0.000000,0.606651,0.028907,0,49,1,-1,28,17,35,97.333300,88.666700,53.833300,1.076168,1.105355,1.020190,-0.006512,-0.009906,-0.000690,0.000000,8,0,8,fixed,8,8,0,0,3.000000,4.000000
3,multi_greedy,8,5,61,2,2,4,0.000000,53.833300,0.743035,35,0.606651,28,0,2,0,0.606651,0.606651,0.000000,0.000000,0.606651,0.028907,0,49,1,-1,28,17,35,97.333300,88.666700,53.833300,0.410959,0.451128,0.743035,-0.011470,-0.013966,-0.000690,0.000000,8,0,8,fixed,8,8,0,0,3.000000,4.000000
3,multi_greedy,8,5,62,2,2,4,0.000000,53.833300,0.743035,35,0.606651,28,0,2,0,0.606651,0.606651,0.000000,0.000000,0.606651,0.028907,0,49,1,-1,28,17,35,97.333300,88.666700,53.833300,0.410959,0.451128,0.743035,-0.011470,-0.013966,-0.000690,0.000000,8,0,8,fixed,8,8,0,0,3.000000,4.000000
3,multi_greedy,8,5,63,0,0,2,3.493945,97.333300,0.436743,28,0.606651,28,0,0,0,0.606651,0.606651,0.000000,0.000000,0.606651,0.028907,0,49,1,0,28,17,35,97.333300,88.666700,53.833300,0.440817,0.329507,0.370594,-0.000690,-0.008080,0.002971,0.002971,8,0,8,fixed,8,8,0,0,3.000000,4.000000
3,multi_greedy,8,5,64,2,2,4,0.000000,53.833300,0.743035,35,0.606651,28,0,2,0,0.606651,0.606651,0.000000,0.000000,0.606651,0.028907,0,49,1,-1,28,17,35,97.333300,88.666700,53.833300,0.410959,0.451128,0.743035,-0.011470,-0.013966,-0.000690,0.000000,8,0,8,fixed,8,8,0,0,3.000000,4.000000
3,multi_greedy,8,5,65,2,2,4,0.000000,53.833300,0.743035,35,0.606651,28,0,2,0,0.606651,0.606651,0.000000,0.000000,0.606651,0.028907,0,49,1,-1,28,17,35,97.333300,88.666700,53.833300,0.410959,0.451128,0.743035,-0.011470,-0.013966,-0.000690,0.000000,8,0,8,fixed,8,8,0,0,3.000000,4.000000
3,multi_greedy,8,5,66,0,0,3,0.000000,97.333300,1.027398,28,0.606651,28,0,0,0,0.606651,0.606651,0.000000,0.000000,0.606651,0.028907,0,49,1,1,28,17,35,97.333300,88.666700,53.833300,1.027398,1.127819,1.857586,-0.000690,-0.003867,0.007397,0.007397,8,0,8,fixed,8,8,0,0,3.000000,4.000000
3,multi_greedy,8,5,67,0,0,2,3.550799,97.333300,0.443850,28,0.606651,28,0,0,0,0.606651,0.606651,0.000000,0.000000,0.606651,0.028907,0,49,1,0,28,17,35,97.333300,88.666700,53.833300,0.440310,0.329507,0.370594,-0.000690,-0.008069,0.002983,0.002983,8,0,8,fixed,8,8,0,0,3.000000,4.000000
3,multi_greedy,8,5,68,2,2,4,0.000000,53.833300,0.743035,35,0.606651,28,0,2,0,0.606651,0.606651,0.000000,0.000000,0.606651,0.028907,0,49,1,-1,28,17,35,97.333300,88.666700,53.833300,0.410959,0.451128,0.743035,-0.011470,-0.013966,-0.000690,0.000000,8,0,8,fixed,8,8,0,0,3.000000,4.000000
3,multi_greedy,8,5,69,2,2,4,0.000000,53.833300,0.743035,35,0.606651,28,0,2,0,0.606651,0.606651,0.000000,0.000000,0.606651,0.028907,0,49,1,-1,28,17,35,97.333300,88.666700,53.833300,0.410959,0.451128,0.743035,-0.011470,-0.013966,-0.000690,0.000000,8,0,8,fixed,8,8,0,0,3.000000,4.000000
3,multi_greedy,8,5,70,0,0,2,3.551851,97.333300,0.443981,28,0.606651,28,0,0,0,0.606651,0.606651,0.000000,0.000000,0.606651,0.028907,0,49,1,0,28,17,35,97.333300,88.666700,53.833300,0.440300,0.329507,0.370594,-0.000690,-0.008068,0.002983,0.002983,8,0,8,fixed,8,8,0,0,3.000000,4.000000
3,multi_greedy,8,5,71,0,0,1,3.199028,97.333300,1.066343,28,0.606651,28,0,0,0,0.606651,0.606651,0.000000,0.000000,0.606651,0.028907,0,49,1,1,28,17,35,97.333300,88.666700,53.833300,1.121497,1.105355,0.988252,-0.000690,-0.004464,0.004643,0.004643,8,0,8,fixed,8,8,0,0,3.000000,4.000000
3,multi_greedy,8,5,72,1,1,1,3.511127,88.666700,1.170376,17,0.606651,28,0,1,0,0.606651,0.606651,0.000000,0.000000,0.606651,0.028907,0,49,1,-1,28,17,35,97.333300,88.666700,53.833300,1.076168,0.930373,0.988252,0.003307,-0.000690,0.009039,0.009039,8,0,8,fixed,8,8,0,0,3.000000,4.000000
3,multi_greedy,8,5,73,0,0,1,3.506020,97.333300,1.168673,28,0.606651,28,0,0,0,0.606651,0.606651,0.000000,0.000000,0.606651,0.028907,0,49,1,1,28,17,35,97.333300,88.666700,53.833300,1.106878,1.105355,0.988252,-0.000690,-0.004413,0.004696,0.004696,8,0,8,fixed,8,8,0,0,3.000000,4.000000
3,multi_greedy,8,5,74,0,0,2,3.551892,97.333300,0.443986,28,0.606651,28,0,0,0,0.606651,0.606651,0.000000,0.000000,0.606651,0.028907,0,49,1,0,28,17,35,97.333300,88.666700,53.833300,0.440300,0.329507,0.370594,-0.000690,-0.008068,0.002983,0.002983,8,0,8,fixed,8,8,0,0,3.000000,4.000000
3,multi_greedy,8,5,75,2,2,4,0.000000,53.833300,0.743035,35,0.606651,28,0,2,0,0.606651,0.606651,0.000000,0.000000,0.606651,0.028907,0,49,1,-1,28,17,35,97.333300,88.666700,53.833300,0.410959,0.451128,0.743035,-0.011470,-0.013966,-0.000690,0.000000,8,0,8,fixed,8,8,0,0,3.000000,4.000000
3,multi_greedy,8,5,76,1,1,2,2.774783,88.666700,0.346848,17,0.606651,28,0,1,0,0.606651,0.606651,0.000000,0.000000,0.606651,0.028907,0,49,1,0,28,17,35,97.333300,88.666700,53.833300,0.425354,0.349060,0.370594,0.004532,-0.000690,0.009031,0.009031,8,0,8,fixed,8,8,0,0,3.000000,4.000000
3,multi_greedy,8,5,77,2,2,1,3.057101,53.833300,1.019034,35,0.606651,28,0,2,0,0.606651,0.606651,0.000000,0.000000,0.606651,0.028907,0,49,1,1,28,17,35,97.333300,88.666700,53.833300,1.076168,1.105355,1.015978,-0.006494,-0.009888,-0.000690,0.000000,8,0,8,fixed,8,8,0,0,3.000000,4.000000
3,multi_greedy,8,5,78,0,0,2,3.551878,97.333300,0.443985,28,0.606651,28,0,0,0,0.606651,0.606651,0.000000,0.000000,0.606651,0.028907,0,49,1,0,28,17,35,97.333300,88.666700,53.833300,0.440300,0.329507,0.370594,-0.000690,-0.008068,0.002983,0.002983,8,0,8,fixed,8,8,0,0,3.000000,4.000000
3,multi_greedy,8,5,79,2,2,4,0.000000,53.833300,0.743035,35,0.606651,28,0,2,0,0.606651,0.606651,0.000000,0.000000,0.606651,0.028907,0,49,1,-1,28,17,35,97.333300,88.666700,53.833300,0.410959,0.451128,0.743035,-0.011470,-0.013966,-0.000690,0.000000,8,0,8,fixed,8,8,0,0,3.000000,4.000000
3,multi_greedy,8,5,80,2,2,1,3.209396,53.833300,1.069799,35,0.606651,28,0,2,0,0.606651,0.606651,0.000000,0.000000,0.606651,0.028907,0,49,1,1,28,17,35,97.333300,88.666700,53.833300,1.076168,1.105355,1.005825,-0.006450,-0.009845,-0.000690,0.000000,8,0,8,fixed,8,8,0,0,3.000000,4.000000
